k	lambda_k	c_k_sq	E_k	S_cumulative
0	2.373475974104227e-6	2.768119663455373e-14	1.166272460162605e-8	1.166272460162605e-8
1	2.379047862561334e-6	1.590783307055932e-14	6.686638516567129e-9	1.834936311819318e-8
2	2.423499153892016e-6	1.266458132723202e-15	5.225742004858287e-10	1.887193731867901e-8
3	2.438235616569518e-6	1.784152899033161e-14	7.317393310591450e-9	2.618933062927046e-8
4	2.442675357193048e-6	1.004020106723726e-13	4.110329699635057e-8	6.729262762562104e-8
5	2.454792880534921e-6	1.017250372395763e-12	4.143935647125126e-7	4.816861923381336e-7
6	2.479293545513114e-6	2.046536316574788e-14	8.254513953293244e-9	4.899407062914269e-7
7	2.487244831495570e-6	1.960375702284880e-13	7.881715854671673e-8	5.687578648381437e-7
8	2.488993027990300e-6	8.010248970978910e-13	3.218268946878756e-7	8.905847595260193e-7
9	2.495415386995902e-6	1.428274692651157e-18	5.723594957754030e-13	8.905853318855151e-7
10	2.507599854210665e-6	2.745830675424243e-14	1.095003523314755e-8	9.015353671186626e-7
11	2.514448298000682e-6	4.205226495875971e-15	1.672425119744828e-9	9.032077922384074e-7
12	2.523845818928760e-6	1.786478708229078e-13	7.078398746985837e-8	9.739917797082657e-7
13	2.529394363321873e-6	1.798183933167042e-13	7.109148178876596e-8	1.045083261497032e-6
14	2.537207867518951e-6	1.261011291786890e-14	4.970074813066024e-9	1.050053336310098e-6
15	2.542476213876884e-6	1.134840848338299e-13	4.463525920692259e-8	1.094688595517020e-6
16	2.548051383848814e-6	2.005790307708613e-14	7.871859729448944e-9	1.102560455246469e-6
17	2.554264506829608e-6	3.081944978077673e-14	1.206588029484476e-8	1.114626335541314e-6
18	2.566962748359919e-6	2.285799470920961e-13	8.904685011036494e-8	1.203673185651679e-6
19	2.574537623593896e-6	3.593925345385069e-14	1.395949825106137e-8	1.217632683902740e-6
20	2.581571800305952e-6	3.151115856020252e-13	1.220619103310162e-7	1.339694594233757e-6
21	2.584109326231815e-6	3.216845771134225e-13	1.244856685620603e-7	1.464180262795817e-6
22	2.591888528178686e-6	5.799889488071347e-18	2.237707920312034e-12	1.464182500503737e-6
23	2.601806805898412e-6	3.176285868460014e-14	1.220800046052318e-8	1.476390500964260e-6
24	2.611727453150396e-6	1.396375780119083e-13	5.346560103102278e-8	1.529856101995283e-6
25	2.614970404446095e-6	4.594251793351164e-15	1.756903934950775e-9	1.531613005930234e-6
26	2.627506407473763e-6	2.254542298849625e-14	8.580539679890916e-9	1.540193545610125e-6
27	2.641291413284513e-6	3.145066287486693e-13	1.190730516015165e-7	1.659266597211641e-6
28	2.646412551264349e-6	2.919615465927228e-13	1.103235194577789e-7	1.769590116669420e-6
29	2.654708965653372e-6	3.768481182506566e-14	1.419545882905878e-8	1.783785575498479e-6
30	2.662014253848578e-6	2.116587639009109e-15	7.951075528423924e-10	1.784580683051321e-6
31	2.663065876834013e-6	2.519024004446012e-13	9.459112620378567e-8	1.879171809255107e-6
32	2.673804511000001e-6	7.582792285025452e-14	2.835956126870881e-8	1.907531370523816e-6
33	2.677083789585635e-6	2.071124156319813e-15	7.736493584462614e-10	1.908305019882262e-6
34	2.686199391904038e-6	6.071130142976395e-14	2.260118947712605e-8	1.930906209359388e-6
35	2.698357369863822e-6	2.570063934836038e-14	9.524549874450991e-9	1.940430759233839e-6
36	2.700288674924368e-6	3.490090940364077e-13	1.292488085727290e-7	2.069679567806568e-6
37	2.710368156187518e-6	4.542074531552747e-15	1.675814601490065e-9	2.071355382408058e-6
38	2.726308623340819e-6	5.963974053101959e-14	2.187563800386511e-8	2.093231020411923e-6
39	2.745065244105057e-6	2.397381029277790e-14	8.733420943003419e-9	2.101964441354927e-6
40	2.749157186192920e-6	3.030850613959432e-13	1.102465377091299e-7	2.212210979064057e-6
41	2.757947918897475e-6	8.014666820219612e-14	2.906025442069833e-8	2.241271233484755e-6
42	2.760510519289904e-6	9.050704396110745e-16	3.278634271764663e-10	2.241599096911931e-6
43	2.761857625635208e-6	2.845475532618750e-13	1.030275965787451e-7	2.344626693490677e-6
44	2.773339694478855e-6	9.492974624852992e-14	3.422939729940598e-8	2.378856090790083e-6
45	2.782479814287768e-6	1.966927068747227e-13	7.068971565030750e-8	2.449545806440390e-6
46	2.793447058438057e-6	4.039210601107427e-14	1.445959245551599e-8	2.464005398895906e-6
47	2.799759683741982e-6	2.005742978477461e-15	7.163982645098711e-10	2.464721797160416e-6
48	2.807584845490092e-6	3.911019722412406e-14	1.393019245240191e-8	2.478651989612818e-6
49	2.824169479549395e-6	2.010814094133715e-15	7.120019208105551e-10	2.479363991533628e-6
50	2.836687827731936e-6	3.043401797186093e-14	1.072871596032981e-8	2.490092707493958e-6
51	2.838974717890052e-6	2.788465642912674e-14	9.822086915184240e-9	2.499914794409142e-6
52	2.854731394903291e-6	8.686170761062821e-14	3.042727864544706e-8	2.530342073054589e-6
53	2.869692001029275e-6	4.117938625232344e-13	1.434975817528627e-7	2.673839654807452e-6
54	2.883799804831567e-6	4.609827012347121e-14	1.598525322258410e-8	2.689824908030036e-6
55	2.886842395738749e-6	6.882021365895063e-13	2.383926942479982e-7	2.928217602278035e-6
56	2.901748528397968e-6	2.306489951699111e-13	7.948621078383057e-8	3.007703813061865e-6
57	2.910282957542319e-6	1.628617167579456e-13	5.596078427215179e-8	3.063664597334017e-6
58	2.914219259729210e-6	1.320975378312224e-14	4.532862014078410e-9	3.068197459348095e-6
59	2.925102030513067e-6	6.474444138798041e-15	2.213407967058986e-9	3.070410867315154e-6
60	2.928427168308650e-6	6.264391515370830e-14	2.139165891903984e-8	3.091802526234194e-6
61	2.941265446647531e-6	2.180525603571170e-14	7.413562778077525e-9	3.099216089012272e-6
62	2.945780659697904e-6	9.724557997050790e-14	3.301181968533959e-8	3.132227908697612e-6
63	2.955855164678642e-6	4.472512302474128e-13	1.513102656692712e-7	3.283538174366883e-6
64	2.962612225743355e-6	4.264038250594388e-14	1.439283283023815e-8	3.297931007197121e-6
65	2.970912644663146e-6	4.488708138295467e-14	1.510885264956828e-8	3.313039859846689e-6
66	2.978460814506324e-6	8.723572165518960e-14	2.928885994749903e-8	3.342328719794188e-6
67	2.986564645437592e-6	3.748583372072545e-13	1.255148914254726e-7	3.467843611219661e-6
68	2.993686299118616e-6	4.131023889779228e-16	1.379912080632984e-10	3.467981602427724e-6
69	3.001725550988340e-6	6.612792135644258e-13	2.202996917378722e-7	3.688281294165596e-6
70	3.009564454653101e-6	1.376312514081147e-13	4.573128553379956e-8	3.734012579699395e-6
71	3.023217058121406e-6	5.120793313293410e-13	1.693822578678957e-7	3.903394837567291e-6
72	3.025875688472006e-6	6.310038434429003e-13	2.085359441059993e-7	4.111930781673290e-6
73	3.035259264250945e-6	2.921035109542739e-14	9.623675789236428e-9	4.121554457462526e-6
74	3.042207397076816e-6	2.828420763564442e-14	9.297264763349808e-9	4.130851722225876e-6
75	3.044829696400035e-6	7.764772437515565e-14	2.550149995809623e-8	4.156353222183973e-6
76	3.057748922466112e-6	3.559913439676313e-14	1.164226864253197e-8	4.167995490826504e-6
77	3.065265896826434e-6	2.436943969089698e-13	7.950187850302785e-8	4.247497369329532e-6
78	3.067162569255817e-6	6.783936262860614e-14	2.211795465574750e-8	4.269615323985279e-6
79	3.073555404232920e-6	8.695940987858944e-13	2.829277447181475e-7	4.552543068703427e-6
80	3.078516592886053e-6	1.239340007721390e-15	4.025770108192047e-10	4.552945645714246e-6
81	3.089791079516525e-6	1.011628409740573e-13	3.274099716472959e-8	4.585686642878976e-6
82	3.093699681641608e-6	3.332071961600993e-13	1.077050879041012e-7	4.693391730783077e-6
83	3.100411167079291e-6	7.002761222231652e-14	2.258655657219984e-8	4.715978287355277e-6
84	3.104517207970035e-6	1.595041926880213e-13	5.137809907399967e-8	4.767356386429277e-6
85	3.108103816489991e-6	2.472937224074398e-14	7.956417707009245e-9	4.775312804136286e-6
86	3.112770578160265e-6	2.475052281523346e-14	7.951283974761069e-9	4.783264088111047e-6
87	3.121854617746248e-6	2.082392699486335e-13	6.670370515170470e-8	4.849967793262752e-6
88	3.124068666798463e-6	5.315542448720428e-13	1.701480670131294e-7	5.020115860275881e-6
89	3.135817186933743e-6	5.924319934732964e-15	1.889242765623677e-9	5.022005103041505e-6
90	3.143701791119324e-6	4.792071841899864e-14	1.524340462392788e-8	5.037248507665432e-6
91	3.149069160573356e-6	6.480854251198736e-14	2.058022202986090e-8	5.057828729695293e-6
92	3.154245125937921e-6	1.196199202997094e-13	3.792346996625388e-8	5.095752199661547e-6
93	3.161870225171580e-6	1.079246580047315e-13	3.413317129385819e-8	5.129885370955406e-6
94	3.164732669128506e-6	4.609470824931343e-16	1.456511910119942e-10	5.130031022146417e-6
95	3.170388566129339e-6	2.118922435948782e-13	6.683478670678307e-8	5.196865808853201e-6
96	3.181441268824605e-6	1.769907771694285e-13	5.563226293183101e-8	5.252498071785032e-6
97	3.182373726047986e-6	1.476928221612278e-13	4.640964100235937e-8	5.298907712787392e-6
98	3.189241766868055e-6	9.196184492296942e-14	2.883501836653767e-8	5.327742731153930e-6
99	3.196556130406679e-6	6.033675710333583e-13	1.887555063694737e-7	5.516498237523404e-6
100	3.199860694302450e-6	9.842038389416097e-15	3.075770894320636e-9	5.519574008417724e-6
101	3.207403305142155e-6	4.774367975207869e-13	1.488546191728846e-7	5.668428627590609e-6
102	3.211276871774173e-6	2.074102314710713e-14	6.458808746580635e-9	5.674887436337189e-6
103	3.217996231419093e-6	8.806322217592551e-15	2.736585621701950e-9	5.677624021958891e-6
104	3.225554157328214e-6	1.749986431854919e-14	5.425382264560904e-9	5.683049404223451e-6
105	3.233534318514239e-6	5.024455688765951e-16	1.553858779230342e-10	5.683204790101374e-6
106	3.235238296027674e-6	6.611691114740205e-14	2.043648878309287e-8	5.703641278884467e-6
107	3.239232312452856e-6	2.442110489853045e-13	7.539164389243192e-8	5.779032922776899e-6
108	3.244074379449439e-6	3.071260059753552e-14	9.467292362990715e-9	5.788500215139890e-6
109	3.251884122806906e-6	8.623200756147014e-15	2.651755238038367e-9	5.791151970377929e-6
110	3.259446734151257e-6	2.785284384619624e-13	8.545267377547426e-8	5.876604644153403e-6
111	3.266132036387078e-6	1.253266800153647e-13	3.837159019266050e-8	5.914976234346063e-6
112	3.273805178685257e-6	1.164595375824508e-13	3.557314233011886e-8	5.950549376676182e-6
113	3.275547914919987e-6	2.611947655909523e-15	7.974078608382456e-10	5.951346784537020e-6
114	3.287431769944962e-6	1.264248269954571e-13	3.845701929125475e-8	5.989803803828275e-6
115	3.290938375048638e-6	2.176645530616208e-13	6.614057398094057e-8	6.055944377809215e-6
116	3.293258096053804e-6	4.705286119301052e-13	1.428763243591273e-7	6.198820702168342e-6
117	3.297358305476267e-6	1.731516353062570e-13	5.251222926507139e-8	6.251332931433414e-6
118	3.305799624296997e-6	2.330783019070367e-13	7.050587706343590e-8	6.321838808496850e-6
119	3.308286491663978e-6	1.286734246193117e-12	3.889428105562663e-7	6.710781619053116e-6
120	3.314557483945917e-6	1.063818765913913e-13	3.209534820459525e-8	6.742876967257712e-6
121	3.321506727940159e-6	1.707942636638304e-16	5.142071886446212e-11	6.742928387976576e-6
122	3.325094995858699e-6	3.301795081187147e-14	9.929927070653407e-9	6.752858315047230e-6
123	3.329982438428015e-6	1.545766937526107e-14	4.641967235886737e-9	6.757500282283117e-6
124	3.338264541647523e-6	1.855624654635781e-14	5.558650704536377e-9	6.763058932987653e-6
125	3.343563430992904e-6	1.199811244723046e-13	3.588420765706098e-8	6.798943140644715e-6
126	3.346999418520443e-6	7.300689446431405e-16	2.181264031906737e-10	6.799161267047905e-6
127	3.349878874675593e-6	2.895693084637471e-14	8.644172499872533e-9	6.807805439547777e-6
128	3.354078380012535e-6	5.145088119840020e-15	1.533979691858242e-9	6.809339419239636e-6
129	3.365535318689322e-6	1.809258229168206e-14	5.375840862881824e-9	6.814715260102518e-6
130	3.368097770407478e-6	3.242694897981477e-13	9.627674488763936e-8	6.910992004990158e-6
131	3.374988247442035e-6	3.173744072533246e-13	9.403718886839634e-8	7.005029193858554e-6
132	3.378300266696253e-6	4.871630004913383e-13	1.442035822848129e-7	7.149232776143367e-6
133	3.388092916408750e-6	8.900627117240825e-17	2.627031588813436e-11	7.149259046459255e-6
134	3.388648759311420e-6	3.251078626330732e-13	9.594026578875519e-8	7.245199312248010e-6
135	3.395287684134865e-6	1.473198653763070e-12	4.338950895521679e-7	7.679094401800178e-6
136	3.403348725300099e-6	3.225989958944649e-15	9.478869840645524e-10	7.680042288784243e-6
137	3.411331321989256e-6	1.201627313254403e-14	3.522458535495448e-9	7.683564747319738e-6
138	3.420818590090682e-6	4.614637036909483e-14	1.348986190111635e-8	7.697054609220855e-6
139	3.423506424413530e-6	3.328859737871082e-14	9.723538750015163e-9	7.706778147970869e-6
140	3.429402540350728e-6	3.550132419790418e-14	1.035204347701726e-8	7.717130191447886e-6
141	3.433993531349827e-6	2.941999095628445e-13	8.567281996224409e-8	7.802803011410129e-6
142	3.435943857884180e-6	1.341078474659002e-13	3.903086110041462e-8	7.841833872510543e-6
143	3.448090675000940e-6	3.302389001933339e-13	9.577442454968032e-8	7.937608297060223e-6
144	3.449412701290567e-6	9.536549633719200e-16	2.764687922135610e-10	7.937884765852437e-6
145	3.456780628541972e-6	6.007590532369383e-13	1.737914891898509e-7	8.111676255042288e-6
146	3.468316274255440e-6	5.688046537758002e-14	1.640002262763387e-8	8.128076277669921e-6
147	3.472888173940875e-6	4.597616013417225e-15	1.323859503428831e-9	8.129400137173351e-6
148	3.474678592124574e-6	4.298796667768138e-13	1.237178217723919e-7	8.253117958945743e-6
149	3.477997844755921e-6	2.427657083057637e-14	6.980041941998399e-9	8.260098000887742e-6
150	3.481032490462417e-6	4.048416313103833e-13	1.162992969527281e-7	8.376397297840469e-6
151	3.490155407011229e-6	2.961091866801451e-13	8.484126124736555e-8	8.461238559087834e-6
152	3.495092330620364e-6	3.861833475378460e-14	1.104930316588518e-8	8.472287862253719e-6
153	3.499966894993436e-6	2.950229544855580e-14	8.429307000234108e-9	8.480717169253954e-6
154	3.505114583231460e-6	1.674295521981335e-13	4.776721223298087e-8	8.528484381486935e-6
155	3.508795793515699e-6	3.858549389439757e-15	1.099679096905670e-9	8.529584060583840e-6
156	3.514833355566961e-6	1.561136932228014e-13	4.441567420985724e-8	8.573999734793697e-6
157	3.523770740734796e-6	5.568576242283638e-13	1.580289028996946e-7	8.732028637693391e-6
158	3.527658465581165e-6	1.121782435539837e-12	3.179963271628759e-7	9.050024964856267e-6
159	3.532291947438766e-6	4.887527081156319e-14	1.383670193144772e-8	9.063861666787715e-6
160	3.536855992266055e-6	3.320818090399641e-13	9.389180949581158e-8	9.157753476283527e-6
161	3.549922373466905e-6	4.760078853522376e-13	1.340896603570972e-7	9.291843136640623e-6
162	3.558508779047143e-6	2.877964042730361e-14	8.087556393498597e-9	9.299930693034122e-6
163	3.564323784782729e-6	1.490215157747885e-14	4.180919713607679e-9	9.304111612747730e-6
164	3.573188986850540e-6	2.465288753392751e-14	6.899407678869210e-9	9.311011020426599e-6
165	3.576510181545830e-6	1.536288966036347e-13	4.295497253057828e-8	9.353965992957178e-6
166	3.583577026201762e-6	2.122932135520841e-13	5.924058894224299e-8	9.413206581899420e-6
167	3.588035830264662e-6	4.184116242472085e-13	1.166130005497591e-7	9.529819582449179e-6
168	3.592612717171116e-6	3.311481810082301e-15	9.217475054449559e-10	9.530741329954624e-6
169	3.601953326120724e-6	1.402608919792586e-13	3.894023028064011e-8	9.569681560235264e-6
170	3.603948251832119e-6	4.971152608546558e-14	1.379362926762170e-8	9.583475189502885e-6
171	3.610378670457913e-6	3.865030460152025e-14	1.070533263388079e-8	9.594180522136766e-6
172	3.617127837677478e-6	1.423400789784535e-14	3.935168602441453e-9	9.598115690739207e-6
173	3.620158001036538e-6	2.558014108966796e-14	7.066028908777947e-9	9.605181719647985e-6
174	3.626837881007510e-6	6.942352210363125e-15	1.914161161357063e-9	9.607095880809341e-6
175	3.633240116269119e-6	1.779871658227949e-14	4.898855019952971e-9	9.611994735829294e-6
176	3.641346873275649e-6	2.711922726460551e-14	7.447581405561027e-9	9.619442317234855e-6
177	3.645859236186933e-6	1.434725078883504e-13	3.935217971783324e-8	9.658794496952689e-6
178	3.653439836957207e-6	8.606130674866927e-14	2.355624030758531e-8	9.682350737260273e-6
179	3.658846219908551e-6	2.101279558299971e-13	5.743011408532196e-8	9.739780851345595e-6
180	3.666928466568187e-6	5.874352268797025e-15	1.601981691858507e-9	9.741382833037453e-6
181	3.676588213949031e-6	4.505781148169692e-17	1.225533262353040e-11	9.741395088370076e-6
182	3.687499681590293e-6	3.575705455967068e-13	9.696829192470571e-8	9.838363380294782e-6
183	3.689948940394044e-6	6.940956865444328e-16	1.881044149273002e-10	9.838551484709710e-6
184	3.699980143389430e-6	2.374232927447797e-13	6.416880187018625e-8	9.902720286579897e-6
185	3.704139465189665e-6	9.700509352163870e-13	2.618829405136118e-7	1.016460322709351e-5
186	3.710357104554860e-6	6.362625128005201e-14	1.714828235857513e-8	1.018175150945208e-5
187	3.713332324549307e-6	3.511239094843360e-14	9.455763147376054e-9	1.019120727259946e-5
188	3.718884780148278e-6	8.631030336834968e-16	2.320865218225673e-10	1.019143935912128e-5
189	3.723570907808432e-6	2.026670613765057e-14	5.442814609801232e-9	1.019688217373108e-5
190	3.730360409093620e-6	7.126181735165456e-15	1.910319903083288e-9	1.019879249363417e-5
191	3.733126090142514e-6	2.508249571299886e-13	6.718898614014221e-8	1.026598147977431e-5
192	3.746787786010996e-6	8.203719438355706e-14	2.189534050736768e-8	1.028787682028168e-5
193	3.751755870249320e-6	1.373040866808941e-13	3.659728709154245e-8	1.032447410737322e-5
194	3.758825362175706e-6	3.472646308900913e-13	9.238647647335379e-8	1.041686058384657e-5
195	3.762114111924434e-6	1.054139241691491e-13	2.801986357485228e-8	1.044488044742142e-5
196	3.770225489579553e-6	5.478498648604364e-13	1.453095753489087e-7	1.059019002277033e-5
197	3.775917239691108e-6	6.461328257515499e-13	1.711194352883665e-7	1.076130945805870e-5
198	3.782014271173046e-6	1.901574053951059e-13	5.027939921975120e-8	1.081158885727845e-5
199	3.794785334029214e-6	4.167510924827245e-14	1.098220467823480e-8	1.082257106195669e-5
200	3.800992498273656e-6	3.766934589635265e-13	9.910397327398413e-8	1.092167503523067e-5
201	3.811500651994987e-6	4.032962236218828e-15	1.058103514716159e-9	1.092273313874539e-5
202	3.816322995359022e-6	6.357465695590803e-14	1.665861538271794e-8	1.093939175412810e-5
203	3.821253317598636e-6	7.802539959685115e-14	2.041879799947001e-8	1.095981055212757e-5
204	3.824534571610514e-6	1.967832249911749e-13	5.145285558454487e-8	1.101126340771212e-5
205	3.836135823715346e-6	5.038526882367691e-13	1.313438082984198e-7	1.114260721601054e-5
206	3.837793570811669e-6	1.841708066846635e-13	4.798872145843753e-8	1.119059593746898e-5
207	3.851067469003907e-6	3.039411772961454e-14	7.892387753330142e-9	1.119848832522230e-5
208	3.858677570367873e-6	1.131037400344682e-12	2.931152913708862e-7	1.149160361659319e-5
209	3.863697317024555e-6	7.253951580119884e-13	1.877463730959695e-7	1.167934998968916e-5
210	3.870155160191993e-6	3.377228170495826e-13	8.726337913357167e-8	1.176661336882273e-5
211	3.883647915498352e-6	9.517179517926238e-17	2.450577324465055e-11	1.176663787459598e-5
212	3.885442778488130e-6	1.766220647621418e-12	4.545738409532504e-7	1.222121171554923e-5
213	3.898846207510797e-6	2.433108431944355e-16	6.240585810379436e-11	1.222127412140733e-5
214	3.902871089590788e-6	1.617494134679362e-14	4.144369869128714e-9	1.222541849127646e-5
215	3.905969007950830e-6	4.746046355077144e-14	1.215075272081342e-8	1.223756924399727e-5
216	3.910669433422970e-6	3.490996935381776e-13	8.926852537178374e-8	1.232683776936906e-5
217	3.913280905065560e-6	5.742511028189022e-14	1.467441557991814e-8	1.234151218494898e-5
218	3.921250338330506e-6	8.050664083161608e-14	2.053085977313354e-8	1.236204304472211e-5
219	3.928342827233994e-6	8.633738980351120e-15	2.197806902314141e-9	1.236424085162442e-5
220	3.933161386780225e-6	2.081775034285292e-14	5.292879771682798e-9	1.236953373139611e-5
221	3.935808688259373e-6	1.634459580835523e-13	4.152792247527583e-8	1.241106165387138e-5
222	3.938139605011117e-6	1.625547039063606e-13	4.127702931087474e-8	1.245233868318226e-5
223	3.945550596449296e-6	5.371957904773035e-13	1.361523005080051e-7	1.258849098369026e-5
224	3.953104966874987e-6	1.678678588305767e-13	4.246481189779279e-8	1.263095579558806e-5
225	3.955058943694887e-6	3.250924125093278e-13	8.219660367580278e-8	1.271315239926386e-5
226	3.961751425089218e-6	8.107349573380944e-14	2.046405416058724e-8	1.273361645342444e-5
227	3.973386692970611e-6	3.270043090891993e-13	8.229863699591798e-8	1.281591509042036e-5
228	3.982817521070763e-6	9.234470768171434e-16	2.318577418954607e-10	1.281614694816226e-5
229	3.987750166888682e-6	9.184366444519633e-15	2.303144896282569e-9	1.281845009305854e-5
230	3.995190377383873e-6	6.784412102050818e-14	1.698144884523220e-8	1.283543154190377e-5
231	3.999572027578543e-6	3.701552969022800e-13	9.254872630119446e-8	1.292798026820497e-5
232	4.000684428462207e-6	3.069200288892048e-16	7.671688041817872e-11	1.292805698508539e-5
233	4.009529011022825e-6	4.457428737147033e-14	1.111708812903676e-8	1.293917407321442e-5
234	4.014313767540758e-6	2.432209643617164e-13	6.058842891862886e-8	1.299976250213305e-5
235	4.017686511358660e-6	1.099963979892434e-13	2.737804397587156e-8	1.302714054610892e-5
236	4.025616003799147e-6	1.139856452080753e-12	2.831508149324279e-7	1.331029136104135e-5
237	4.027164331824071e-6	5.607589174913941e-16	1.392441110634795e-10	1.331043060515241e-5
238	4.034726276299818e-6	1.402876753934751e-13	3.477006016926895e-8	1.334520066532168e-5
239	4.045949081447964e-6	4.942438698179824e-14	1.221577088264053e-8	1.335741643620432e-5
240	4.049078393478413e-6	1.872892296222847e-13	4.625477983432954e-8	1.340367121603865e-5
241	4.059544067725306e-6	5.009442076491717e-14	1.233991303683192e-8	1.341601112907549e-5
242	4.064954546974283e-6	1.080227365902787e-13	2.657415608021610e-8	1.344258528515570e-5
243	4.071254903167450e-6	7.545724631011692e-14	1.853414932369155e-8	1.346111943447939e-5
244	4.075617597534007e-6	4.619101753704137e-13	1.133350134835754e-7	1.357445444796297e-5
245	4.080658243551318e-6	9.969507604276793e-14	2.443112608126802e-8	1.359888557404424e-5
246	4.085305850880326e-6	4.491759417291877e-14	1.099491587961270e-8	1.360988048992385e-5
247	4.095843048082253e-6	2.303931978891141e-13	5.625049475394042e-8	1.366613098467779e-5
248	4.101651680070216e-6	3.387636982199443e-15	8.259202015275587e-10	1.366695690487932e-5
249	4.110237523800798e-6	3.082891085313180e-13	7.500518078240852e-8	1.374196208566173e-5
250	4.119817867589669e-6	2.381356309608447e-13	5.780246569496233e-8	1.379976455135669e-5
251	4.123872512047480e-6	8.617419201465657e-13	2.089642484410158e-7	1.400872879979770e-5
252	4.133830946578644e-6	2.424004987711799e-13	5.863822248749724e-8	1.406736702228520e-5
253	4.141089390377978e-6	7.316273627133598e-13	1.766750953054361e-7	1.424404211759064e-5
254	4.148341786018483e-6	3.383223119677728e-14	8.155603598238937e-9	1.425219772118888e-5
255	4.151457683288979e-6	2.829855166614033e-13	6.816533811738362e-8	1.432036305930626e-5
256	4.156354891334418e-6	2.330185465986283e-13	5.606319784781818e-8	1.437642625715408e-5
257	4.166026533382273e-6	3.927723186591011e-13	9.427984087759061e-8	1.447070609803167e-5
258	4.179061561402353e-6	1.714174325022470e-13	4.101816400252431e-8	1.451172426203419e-5
259	4.186749338749534e-6	9.121478423718398e-13	2.178654054900438e-7	1.472958966752423e-5
260	4.189730250098454e-6	1.173290951612360e-12	2.800397356332877e-7	1.500962940315752e-5
261	4.195691429245954e-6	3.696971495423773e-13	8.811352211590521e-8	1.509774292527343e-5
262	4.202979552688389e-6	4.332941292036526e-13	1.030921335143068e-7	1.520083505878773e-5
263	4.214598155247276e-6	6.267365081013188e-16	1.487061126624888e-10	1.520098376490040e-5
264	4.217208670870062e-6	4.351748987482489e-13	1.031902693727667e-7	1.530417403427316e-5
265	4.224492638201192e-6	8.768578384393059e-13	2.075652423938596e-7	1.551173927666702e-5
266	4.233137486069218e-6	3.982829100477314e-13	9.408692993280656e-8	1.560582620659983e-5
267	4.245759325991168e-6	9.162587618122009e-15	2.158056289726930e-9	1.560798426288955e-5
268	4.255273031731267e-6	8.126991954734686e-13	1.909863807594081e-7	1.579897064364896e-5
269	4.258381042148752e-6	8.592824825356849e-16	2.017861891715769e-10	1.579917242983813e-5
270	4.263692224243428e-6	1.476400018171753e-14	3.462726530252154e-9	1.580263515636839e-5
271	4.264039616890346e-6	1.416639033955597e-14	3.322293320972273e-9	1.580595744968936e-5
272	4.272472306129900e-6	9.918109300432216e-14	2.321398148374719e-8	1.582917143117310e-5
273	4.288370705812969e-6	2.809618529103399e-13	6.551715609135438e-8	1.589468858726446e-5
274	4.295244002376815e-6	2.416174106282095e-14	5.625231313855702e-9	1.590031381857832e-5
275	4.299798459686606e-6	9.873651297702834e-14	2.296305603686942e-8	1.592327687461518e-5
276	4.304041328116267e-6	6.485862882011751e-14	1.506923932082779e-8	1.593834611393601e-5
277	4.314898587399423e-6	1.132704625862139e-14	2.625101385163299e-9	1.594097121532118e-5
278	4.318953806139337e-6	3.645870127476520e-14	8.441558514226207e-9	1.594941277383540e-5
279	4.329473426851073e-6	2.646568970558249e-13	6.112911917057683e-8	1.601054189300598e-5
280	4.338019746595339e-6	2.758868824953821e-13	6.359742431138305e-8	1.607413931731736e-5
281	4.340391437536920e-6	1.411255296211346e-13	3.251447056148933e-8	1.610665378787885e-5
282	4.348202500317195e-6	6.765483410160293e-13	1.555926479888359e-7	1.626224643586769e-5
283	4.357091264701845e-6	5.922223064965922e-15	1.359214830532401e-9	1.626360565069822e-5
284	4.362135801186697e-6	1.205229966494976e-13	2.762935455074781e-8	1.629123500524896e-5
285	4.365562528385505e-6	6.816144104715290e-14	1.561343826917094e-8	1.630684844351814e-5
286	4.369878772535946e-6	1.147935995043704e-13	2.626928697103258e-8	1.633311773048917e-5
287	4.377485545099175e-6	7.466078899726883e-14	1.705563347453094e-8	1.635017336396370e-5
288	4.389250591816185e-6	5.905835182284105e-16	1.345522443693603e-10	1.635030791620807e-5
289	4.394339178665596e-6	1.651040217951849e-13	3.757197955878342e-8	1.638787989576685e-5
290	4.405902214722101e-6	3.828859349144776e-13	8.690295795378378e-8	1.647478285372064e-5
291	4.408873247050767e-6	3.266746545911113e-13	7.409481658599149e-8	1.654887767030663e-5
292	4.411208458944677e-6	1.778710507052493e-16	4.032252212986611e-11	1.654891799282876e-5
293	4.421549403514559e-6	2.859549978275662e-15	6.467303013741496e-10	1.654956472313014e-5
294	4.434591671974000e-6	6.050152272462856e-15	1.364308761660961e-9	1.655092903189180e-5
295	4.436563757709834e-6	1.618250335231002e-12	3.647530890137251e-7	1.691568212090552e-5
296	4.447311554809441e-6	4.724143529417116e-13	1.062247038732490e-7	1.702190682477877e-5
297	4.455542615206211e-6	2.581083079248697e-13	5.792971366584582e-8	1.707983653844462e-5
298	4.464146092551191e-6	3.451191250988295e-13	7.730910188505932e-8	1.715714564032968e-5
299	4.473574018795991e-6	3.165330080141365e-14	7.075617988753601e-9	1.716422125831843e-5
300	4.479275746527222e-6	4.685477492846019e-14	1.046034617645200e-8	1.717468160449488e-5
301	4.484820970165121e-6	1.892102603434078e-13	4.218903309677522e-8	1.721687063759166e-5
302	4.491207974970317e-6	5.027420711548767e-13	1.119391651325609e-7	1.732880980272422e-5
303	4.502021744378695e-6	6.030186635586170e-14	1.339439695757927e-8	1.734220419968180e-5
304	4.505132685983794e-6	2.833176242147813e-15	6.288774248452856e-10	1.734283307710665e-5
305	4.519245734861655e-6	8.289081983625120e-14	1.834173769238257e-8	1.736117481479903e-5
306	4.520309645704495e-6	6.323280557616849e-14	1.398860045710731e-8	1.737516341525614e-5
307	4.531801335728496e-6	1.065207170168137e-13	2.350516033812198e-8	1.739866857559426e-5
308	4.538934359936975e-6	1.994238154597497e-13	4.393626337053237e-8	1.744260483896479e-5
309	4.552752193287620e-6	3.341953608360519e-16	7.340512873263232e-11	1.744267824409352e-5
310	4.558294876064608e-6	1.488324019504975e-13	3.265089380943946e-8	1.747532913790297e-5
311	4.563494478508768e-6	2.875235199810840e-13	6.300512060114057e-8	1.753833425850411e-5
312	4.568701660980893e-6	6.231876551602823e-13	1.364036659435724e-7	1.767473792444768e-5
313	4.580330196522275e-6	7.406806657085755e-13	1.617090109073261e-7	1.783644693535500e-5
314	4.583945164864465e-6	5.689967006876245e-13	1.241281647627319e-7	1.796057510011774e-5
315	4.590635590677006e-6	1.540659853755715e-13	3.356092687654403e-8	1.799413602699428e-5
316	4.600730495726582e-6	8.249306424017973e-13	1.793042742164618e-7	1.817344030121074e-5
317	4.604358754147631e-6	1.175732766373199e-12	2.553521194051380e-7	1.842879242061588e-5
318	4.620541649572658e-6	1.141824506826373e-13	2.471191893556414e-8	1.845350433955144e-5
319	4.629239006795305e-6	5.900328432819459e-13	1.274578483452314e-7	1.858096218789667e-5
320	4.633963972890144e-6	9.173189193754576e-14	1.979555570008754e-8	1.860075774359676e-5
321	4.639916053095418e-6	1.587094521030208e-13	3.420524213948684e-8	1.863496298573625e-5
322	4.641774918597607e-6	1.357153476349735e-13	2.923781312429004e-8	1.866420079886054e-5
323	4.651091113956630e-6	1.406912724259260e-13	3.024908972515086e-8	1.869444988858569e-5
324	4.667912696046674e-6	4.390887936131276e-13	9.406533973632337e-8	1.878851522832202e-5
325	4.672882509982466e-6	9.060756072424738e-14	1.939007893536518e-8	1.880790530725738e-5
326	4.681291742739374e-6	2.083759535442576e-12	4.451249035428013e-7	1.925303021080018e-5
327	4.696042456083656e-6	4.363470850418496e-13	9.291804516728084e-8	1.934594825596746e-5
328	4.707378471278156e-6	2.280799308089090e-13	4.845158132079834e-8	1.939439983728826e-5
329	4.717789782053925e-6	6.446072591109287e-14	1.366333153636816e-8	1.940806316882463e-5
330	4.730656920974084e-6	1.039309538407988e-12	2.196966628038597e-7	1.962775983162849e-5
331	4.734449752645725e-6	2.081430755298194e-12	4.396351981843383e-7	2.006739502981283e-5
332	4.743475910486804e-6	8.174223122467022e-14	1.723255957597587e-8	2.008462758938880e-5
333	4.748794649692669e-6	2.950378723432497e-13	6.212900201156178e-8	2.014675659140036e-5
334	4.759493259617596e-6	2.419026454249155e-12	5.082529425503406e-7	2.065500953395070e-5
335	4.763967395399771e-6	1.856361365977904e-13	3.896671013681709e-8	2.069397624408752e-5
336	4.770104712465019e-6	7.111833368241400e-13	1.490917662594929e-7	2.084306801034702e-5
337	4.792370166619403e-6	2.413971389961954e-14	5.037113799714680e-9	2.084810512414673e-5
338	4.793875202154343e-6	5.965263372202566e-14	1.244350993851865e-8	2.086054863408525e-5
339	4.803619731241819e-6	6.095944173621347e-14	1.269031379393856e-8	2.087323894787919e-5
340	4.815901329495280e-6	2.678453050829413e-13	5.561685897559953e-8	2.092885580685479e-5
341	4.820299378445895e-6	4.277071448378708e-13	8.873041096791112e-8	2.101758621782270e-5
342	4.825160279746778e-6	7.598961709468947e-13	1.574862029219004e-7	2.117507242074460e-5
343	4.833268151882517e-6	3.706928982716224e-15	7.669611671085136e-10	2.117583938191171e-5
344	4.842610603323646e-6	4.249821855508869e-13	8.775890121316122e-8	2.126359828312487e-5
345	4.859020146843811e-6	1.201999179665456e-13	2.473748087762545e-8	2.128833576400249e-5
346	4.872743013584263e-6	1.661807632246123e-14	3.410415093948778e-9	2.129174617909644e-5
347	4.877259635336419e-6	7.918971044059511e-14	1.623651729894688e-8	2.130798269639539e-5
348	4.891154716438232e-6	8.639008332395001e-13	1.766251291001070e-7	2.148460782549549e-5
349	4.900397216123043e-6	2.021968864685703e-12	4.126132587850475e-7	2.189722108428054e-5
350	4.911650466758358e-6	6.535031381118228e-14	1.330516376388502e-8	2.191052624804442e-5
351	4.921420301485069e-6	3.120326095960218e-13	6.340295899983671e-8	2.197392920704426e-5
352	4.931487422750167e-6	2.942438077387858e-14	5.966634050030557e-9	2.197989584109429e-5
353	4.952617248603750e-6	2.901019818808845e-13	5.857548995183718e-8	2.203847133104613e-5
354	4.959494966143068e-6	4.373642886050473e-13	8.818726333846441e-8	2.212665859438459e-5
355	4.964246842454087e-6	6.532849585057490e-14	1.315980005101431e-8	2.213981839443561e-5
356	4.971235629695568e-6	3.098571388324484e-14	6.233000443220264e-9	2.214605139487883e-5
357	4.982268637163761e-6	9.200074833053649e-18	1.846563383681965e-12	2.214605324144221e-5
358	4.992128501332627e-6	4.835600532247011e-13	9.686450440841352e-8	2.224291774585062e-5
359	5.005676563581534e-6	2.549953644963113e-12	5.094123866322348e-7	2.275233013248286e-5
360	5.012248708080456e-6	7.848601633982073e-13	1.565884314824405e-7	2.290891856396530e-5
361	5.023378750947657e-6	1.489192545771430e-12	2.964523719200935e-7	2.320537093588539e-5
362	5.034744586795274e-6	2.164394369765497e-13	4.298915928013702e-8	2.324836009516553e-5
363	5.042857745909097e-6	3.133223104476503e-13	6.213189549156446e-8	2.331049199065709e-5
364	5.054396437125373e-6	3.680416550294591e-13	7.281614325424350e-8	2.338330813391134e-5
365	5.079398968324453e-6	9.462776799629078e-14	1.862971752886459e-8	2.340193785144020e-5
366	5.091656830107051e-6	3.315097057841293e-12	6.510841497092006e-7	2.405302200114940e-5
367	5.092155034497722e-6	2.128482389855611e-13	4.179924561282646e-8	2.409482124676223e-5
368	5.099421388462093e-6	1.746965525725279e-12	3.425811268858753e-7	2.443740237364810e-5
369	5.106300364295999e-6	1.862984396911876e-14	3.648403470226970e-9	2.444105077711833e-5
370	5.118941128329626e-6	4.802349257133046e-13	9.381528594957904e-8	2.453486606306791e-5
371	5.128594914309489e-6	2.190031016584379e-13	4.270235909008702e-8	2.457756842215800e-5
372	5.135475546682760e-6	1.529007037934480e-13	2.977342651202254e-8	2.460734184867002e-5
373	5.146643782947475e-6	7.284880754981262e-13	1.415462398839117e-7	2.474888808855393e-5
374	5.168156508136474e-6	3.805726364689938e-15	7.363798597620645e-10	2.474962446841370e-5
375	5.180064303920337e-6	1.401809348424512e-14	2.706162059346647e-9	2.475233063047304e-5
376	5.186282911814734e-6	6.685681702255877e-13	1.289108561167267e-7	2.488124148658977e-5
377	5.194383413148784e-6	7.658540700154524e-14	1.474388794783247e-8	2.489598537453760e-5
378	5.220555437755851e-6	1.648559298305879e-14	3.157823564870602e-9	2.489914319810247e-5
379	5.231682949202625e-6	7.666763628079127e-13	1.465448824502570e-7	2.504568808055273e-5
380	5.239553478463655e-6	3.296344615854473e-14	6.291270104224661e-9	2.505197935065696e-5
381	5.243013737730015e-6	1.129697195545945e-12	2.154671439093067e-7	2.526744649456626e-5
382	5.254187473237414e-6	5.751311325533581e-13	1.094614791502645e-7	2.537690797371653e-5
383	5.265857562977921e-6	1.678268708111917e-14	3.187075776434088e-9	2.538009504949296e-5
384	5.272865963937590e-6	1.340688679295798e-13	2.542618546469972e-8	2.540552123495766e-5
385	5.278222742828768e-6	7.511593508538024e-13	1.423129313506827e-7	2.554783416630834e-5
386	5.301766380198123e-6	9.162489825289469e-13	1.728195693327980e-7	2.572065373564114e-5
387	5.306378070701123e-6	7.093314409082058e-14	1.336752548456245e-8	2.573402126112570e-5
388	5.310802865658837e-6	3.566545826194786e-13	6.715643409129506e-8	2.580117769521700e-5
389	5.332669165671172e-6	8.187427159951189e-13	1.535333789813439e-7	2.595471107419834e-5
390	5.339436143477901e-6	2.636035848783546e-13	4.936918015216742e-8	2.600408025435051e-5
391	5.345481414628968e-6	4.601404932440168e-14	8.608027183197219e-9	2.601268828153370e-5
392	5.366671532669920e-6	6.173085634893753e-13	1.150263361063695e-7	2.612771461764007e-5
393	5.376622146404924e-6	9.259302822313202e-13	1.722141257128219e-7	2.629992874335289e-5
394	5.387011828526980e-6	7.953378042167999e-15	1.476398845098278e-9	2.630140514219799e-5
395	5.399029935153996e-6	5.673533033819574e-15	1.050843040687410e-9	2.630245598523868e-5
396	5.408793284990421e-6	2.214578635842207e-12	4.094404276805578e-7	2.671189641291924e-5
397	5.419381409226402e-6	1.373406809866599e-12	2.534250140668080e-7	2.696532142698604e-5
398	5.435142608978992e-6	5.638361156702483e-13	1.037389736083055e-7	2.706906040059435e-5
399	5.440143000057394e-6	1.597404471633723e-13	2.936328092141825e-8	2.709842368151577e-5
400	5.450371902749342e-6	1.487991845214989e-13	2.730073968832106e-8	2.712572442120409e-5
401	5.466772264895570e-6	5.213014397079399e-13	9.535817744877254e-8	2.722108259865286e-5
402	5.480066513318515e-6	4.107278474981175e-13	7.494942743849961e-8	2.729603202609136e-5
403	5.496331194101059e-6	1.293232547959273e-13	2.352901421492278e-8	2.731956104030628e-5
404	5.512865089514516e-6	8.566878739336380e-13	1.553979391882926e-7	2.747495897949458e-5
405	5.524520816838792e-6	5.045298173812463e-13	9.132553466780949e-8	2.756628451416239e-5
406	5.531822237948545e-6	1.399858881381742e-12	2.530556516763407e-7	2.781934016583873e-5
407	5.542576771210521e-6	1.961378559871174e-12	3.538748565575215e-7	2.817321502239625e-5
408	5.558662783310207e-6	6.661022230767881e-13	1.198313783445812e-7	2.829304640074083e-5
409	5.561566586252981e-6	1.774507271329497e-12	3.190660839547808e-7	2.861211248469561e-5
410	5.585645049337979e-6	7.928555753237820e-13	1.419452128304774e-7	2.875405769752609e-5
411	5.594440540770335e-6	3.150912309198169e-12	5.632220570109588e-7	2.931727975453705e-5
412	5.597634277275972e-6	1.842213684115702e-12	3.291057601948578e-7	2.964638551473191e-5
413	5.615577349292607e-6	1.160233292617851e-12	2.066097963665313e-7	2.985299531109844e-5
414	5.626891911788101e-6	7.509476688981448e-14	1.334569209202226e-8	2.986634100319046e-5
415	5.631197061462656e-6	4.937780702899646e-14	8.768616422059822e-9	2.987510961961252e-5
416	5.634993571774516e-6	3.839119456452804e-14	6.812997047029155e-9	2.988192261665955e-5
417	5.655752621306813e-6	2.073837490538742e-13	3.666775457480251e-8	2.991859037123435e-5
418	5.663246367737572e-6	3.665114143863383e-13	6.471754724892131e-8	2.998330791848327e-5
419	5.684685923961235e-6	5.490982284484984e-13	9.659253576948236e-8	3.007990045425275e-5
420	5.687349077364583e-6	3.667132944702708e-13	6.447877376294252e-8	3.014437922801570e-5
421	5.703111410962551e-6	5.392577246936530e-13	9.455500442391655e-8	3.023893423243961e-5
422	5.716673337978175e-6	2.963120243615770e-12	5.183294668825247e-7	3.075726369932213e-5
423	5.734145504519472e-6	3.520125216786658e-13	6.138883664553345e-8	3.081865253596767e-5
424	5.748915095848173e-6	3.824639942267096e-13	6.652802969779855e-8	3.088518056566547e-5
425	5.756718293006031e-6	1.165825428155297e-12	2.025156293598186e-7	3.108769619502528e-5
426	5.781104595046123e-6	2.623640561973469e-13	4.538303223611779e-8	3.113307922726140e-5
427	5.794225336718475e-6	1.055981391282988e-13	1.822472081972976e-8	3.115130394808113e-5
428	5.810695793031335e-6	4.785732364332087e-13	8.236074533572265e-8	3.123366469341685e-5
429	5.820181213308552e-6	7.006394479228460e-14	1.203810366455169e-8	3.124570279708141e-5
430	5.831703578865534e-6	5.750405050161087e-14	9.860592144979594e-9	3.125556338922638e-5
431	5.839751608041839e-6	6.825329577661046e-14	1.168770529257097e-8	3.126725109451895e-5
432	5.859250213465905e-6	4.532595965617350e-13	7.735795196457734e-8	3.134460904648353e-5
433	5.871436319270460e-6	1.289280778074439e-12	2.195852442174890e-7	3.156419429070102e-5
434	5.894136554846771e-6	4.120791455977031e-14	6.991340322084137e-9	3.157118563102311e-5
435	5.900743821353813e-6	1.429416914009006e-12	2.422435132391587e-7	3.181342914426226e-5
436	5.921468669552898e-6	2.567755507853206e-14	4.336349056537498e-9	3.181776549331880e-5
437	5.942789144183103e-6	4.993577879143432e-13	8.402751230087351e-8	3.190179300561968e-5
438	5.950643511212403e-6	5.032193560548042e-16	8.456553566124761e-11	3.190187757115534e-5
439	5.962464208757414e-6	9.855383267965087e-15	1.652904390350875e-9	3.190353047554569e-5
440	5.977940350387667e-6	6.490422357466391e-14	1.085728859279349e-8	3.191438776413848e-5
441	5.997344110529496e-6	1.098927395126531e-12	1.832356748043107e-7	3.209762343894279e-5
442	6.012462377428824e-6	8.747240645398930e-13	1.454851622562603e-7	3.224310860119905e-5
443	6.026039275005782e-6	4.139081605912569e-14	6.868660187928492e-9	3.224997726138698e-5
444	6.033429879809870e-6	1.319519430129675e-15	2.187013782235680e-10	3.225019596276520e-5
445	6.041533815805953e-6	4.046370654049644e-13	6.697588356558506e-8	3.231717184633079e-5
446	6.064795430544740e-6	2.532784851588811e-14	4.176208217729310e-9	3.232134805454852e-5
447	6.080876638162658e-6	9.529350187035704e-13	1.567101382591936e-7	3.247805819280771e-5
448	6.093327741384479e-6	2.229318390780239e-13	3.658622160825557e-8	3.251464441441597e-5
449	6.106386639422697e-6	7.535180017474156e-13	1.233983444288837e-7	3.263804275884485e-5
450	6.118509158521336e-6	1.433525719644573e-12	2.342933029115567e-7	3.287233606175641e-5
451	6.139976252793811e-6	3.622988103910715e-12	5.900654912569383e-7	3.346240155301335e-5
452	6.146245864941786e-6	3.416099299515113e-13	5.558025784488314e-8	3.351798181085824e-5
453	6.173766269120431e-6	1.433161750029864e-12	2.321373514248775e-7	3.375011916228312e-5
454	6.182487719557352e-6	4.439691072718408e-13	7.181075440997847e-8	3.382192991669309e-5
455	6.198226094913552e-6	1.460477030227441e-13	2.356282277966517e-8	3.384549273947276e-5
456	6.212948069696796e-6	7.688091141820580e-13	1.237430452592818e-7	3.396923578473204e-5
457	6.223899717336882e-6	7.321097812006351e-13	1.176287881312288e-7	3.408686457286326e-5
458	6.240108773880131e-6	8.275517330741539e-13	1.326181582824522e-7	3.421948273114572e-5
459	6.263181703481966e-6	2.920378905371904e-12	4.662772123868517e-7	3.468575994353257e-5
460	6.274100177683028e-6	1.073996266433960e-12	1.711793302654243e-7	3.485693927379799e-5
461	6.291953101103801e-6	2.965940684551067e-12	4.713863305864040e-7	3.532832560438440e-5
462	6.305145010651766e-6	1.322533814521214e-13	2.097547022767844e-8	3.534930107461208e-5
463	6.342450363303984e-6	4.687631152498042e-13	7.390883466143684e-8	3.542320990927352e-5
464	6.352481263600773e-6	3.872258300432424e-13	6.095662686358739e-8	3.548416653613711e-5
465	6.361878292610594e-6	1.853953334647209e-13	2.914160330292078e-8	3.551330813944003e-5
466	6.399812661512386e-6	8.888091946821698e-15	1.388805019289626e-9	3.551469694445932e-5
467	6.411214146437912e-6	1.035354296430071e-14	1.614911423611263e-9	3.551631185588293e-5
468	6.418704112769343e-6	1.014514333207186e-12	1.580559432843953e-7	3.567436779916733e-5
469	6.432766719973023e-6	3.419087507775812e-14	5.315111920909439e-9	3.567968291108824e-5
470	6.447189322979791e-6	4.107691926039359e-12	6.371290992492286e-7	3.631681201033747e-5
471	6.479461246858271e-6	9.548685827083805e-13	1.473685151171129e-7	3.646418052545458e-5
472	6.482355926482888e-6	6.691246107654804e-13	1.032224423271564e-7	3.656740296778173e-5
473	6.497873422045441e-6	5.783756710708111e-14	8.900999350165033e-9	3.657630396713190e-5
474	6.504690874237230e-6	1.077042984980425e-12	1.655794265714009e-7	3.674188339370330e-5
475	6.512111501790673e-6	2.702090381358474e-13	4.149330644316309e-8	3.678337670014646e-5
476	6.514924783045101e-6	1.534815498146506e-12	2.355845307901049e-7	3.701896123093657e-5
477	6.537338027034649e-6	4.050254805885857e-14	6.195571942488434e-9	3.702515680287906e-5
478	6.565316346402945e-6	3.562557959654073e-14	5.426330997143731e-9	3.703058313387620e-5
479	6.570272049254556e-6	9.547903649352694e-14	1.453197611571651e-8	3.704511510999191e-5
480	6.581637074505559e-6	8.119768894080056e-13	1.233700491558940e-7	3.716848515914781e-5
481	6.608555314311086e-6	2.411972673732567e-12	3.649772997298435e-7	3.753346245887765e-5
482	6.633666317193504e-6	2.287309819333538e-13	3.448032671473332e-8	3.756794278559239e-5
483	6.638146288551032e-6	8.503226673655207e-13	1.280964037855104e-7	3.769603918937790e-5
484	6.661666087157658e-6	1.739001749123238e-12	2.610460696124774e-7	3.795708525899037e-5
485	6.680498659704876e-6	5.924649222401921e-13	8.868573326925350e-8	3.804577099225963e-5
486	6.688317427219591e-6	2.977160494111815e-12	4.451284686333218e-7	3.849089946089295e-5
487	6.718477908354117e-6	2.879702291655884e-14	4.286242108610802e-9	3.849518570300156e-5
488	6.745376641528140e-6	4.402848168249041e-13	6.527208786449014e-8	3.856045779086605e-5
489	6.748837839673782e-6	1.708146155553297e-12	2.531022668098161e-7	3.881356005767586e-5
490	6.759372618309244e-6	1.708423605601174e-14	2.527488425439860e-9	3.881608754610130e-5
491	6.771280788814000e-6	2.856512942016330e-13	4.218571096232228e-8	3.885827325706363e-5
492	6.799623583560886e-6	2.233393032390829e-13	3.284583337510614e-8	3.889111909043873e-5
493	6.808338221659492e-6	1.924145544017781e-13	2.826160336595002e-8	3.891938069380468e-5
494	6.819577981843855e-6	4.944681892337331e-15	7.250715374912986e-10	3.892010576534218e-5
495	6.835552121481185e-6	9.369699859735068e-12	1.370730512066487e-6	4.029083627740867e-5
496	6.854210227062949e-6	1.234798159347377e-12	1.801517780227893e-7	4.047098805543146e-5
497	6.861603262222924e-6	1.335659820231454e-12	1.946571040597800e-7	4.066564515949124e-5
498	6.881258566296352e-6	2.242044777964745e-12	3.258189990049254e-7	4.099146415849617e-5
499	6.887817055672546e-6	8.167205150046481e-13	1.185746526661924e-7	4.111003881116236e-5
500	6.905918529227580e-6	3.058182713411444e-12	4.428350407651708e-7	4.155287385192753e-5
501	6.930102140271574e-6	1.030530095322469e-12	1.487034497419522e-7	4.170157730166948e-5
502	6.947058392844665e-6	2.554082487559870e-13	3.676494917892910e-8	4.173834225084841e-5
503	6.959201105574395e-6	7.405846275230230e-13	1.064180523436529e-7	4.184476030319206e-5
504	6.980968327155911e-6	5.960198926792659e-13	8.537782507345769e-8	4.193013812826552e-5
505	7.005869658913378e-6	5.155021771548527e-14	7.358146843325772e-9	4.193749627510885e-5
506	7.025444063133659e-6	6.025967833721233e-14	8.577347964867839e-9	4.194607362307372e-5
507	7.054746705767951e-6	3.277805352995176e-12	4.646241019986227e-7	4.241069772507234e-5
508	7.080720784927546e-6	2.298823288570933e-13	3.246595026687605e-8	4.244316367533922e-5
509	7.103400310945846e-6	1.382589981428841e-12	1.946377679571805e-7	4.263780144329640e-5
510	7.129332350997165e-6	1.226756945539915e-13	1.720717852869254e-8	4.265500862182509e-5
511	7.159313758705586e-6	1.538522508889250e-13	2.148980420111406e-8	4.267649842602620e-5
512	7.163073803709336e-6	3.409962971201852e-12	4.760474434084474e-7	4.315254586943465e-5
513	7.180997486262620e-6	5.559831785939636e-14	7.742422687900528e-9	4.316028829212255e-5
514	7.192225158061293e-6	4.435016017645628e-14	6.166403192584578e-9	4.316645469531513e-5
515	7.210221226664141e-6	1.117301017022848e-12	1.549607122859079e-7	4.332141540760104e-5
516	7.247811493108500e-6	3.041287729929715e-14	4.196146288878359e-9	4.332561155388992e-5
517	7.260289173922451e-6	7.911244011119673e-12	1.089659629472518e-6	4.441527118336244e-5
518	7.290484075976855e-6	4.465242235412603e-12	6.124754116295500e-7	4.502774659499199e-5
519	7.335807215959366e-6	3.548935865017839e-14	4.837825968622751e-9	4.503258442096061e-5
520	7.362759540042548e-6	7.929176674773895e-12	1.076930005883103e-6	4.610951442684372e-5
521	7.380143208794653e-6	2.072809846762154e-12	2.808630927773950e-7	4.639037751962111e-5
522	7.392571502531097e-6	2.843009782571195e-14	3.845765687349517e-9	4.639422328530846e-5
523	7.413214636409081e-6	3.270512256449083e-15	4.411732853904391e-10	4.639466445859385e-5
524	7.440802172926787e-6	3.180052478796157e-12	4.273803287455640e-7	4.682204478733941e-5
525	7.455449480803897e-6	2.809833900633279e-12	3.768832325761134e-7	4.719892801991552e-5
526	7.491765569016532e-6	2.546503203829993e-12	3.399069525562157e-7	4.753883497247174e-5
527	7.508049774786313e-6	1.359802563455662e-13	1.811126196874959e-8	4.755694623444048e-5
528	7.532152966142354e-6	2.257919879016865e-15	2.997708476137434e-10	4.755724600528810e-5
529	7.574293134680644e-6	1.437934806001621e-13	1.898440924365213e-8	4.757623041453175e-5
530	7.614067104907568e-6	3.596659021175193e-14	4.723702814304071e-9	4.758095411734606e-5
531	7.642142136915447e-6	3.191188402600568e-12	4.175777348062528e-7	4.799853185215231e-5
532	7.661559160452054e-6	1.885969760735460e-12	2.461600467004920e-7	4.824469189885280e-5
533	7.697645571937405e-6	1.256750494225133e-12	1.632642711956955e-7	4.840795617004850e-5
534	7.709298125405519e-6	8.458174344354124e-12	1.097139351308873e-6	4.950509552135737e-5
535	7.714588843298411e-6	3.966782165342410e-16	5.141922979846574e-11	4.950514694058717e-5
536	7.735523023073276e-6	1.290414829341084e-14	1.668167524667789e-9	4.950681510811184e-5
537	7.758815864174435e-6	3.773608805149931e-14	4.863640111082152e-9	4.951167874822292e-5
538	7.790041131778532e-6	4.816271210429875e-12	6.182600488182891e-7	5.012993879704120e-5
539	7.812442443035465e-6	3.406620881881864e-15	4.360506853933695e-10	5.013037484772660e-5
540	7.846939107916462e-6	1.044578196406788e-11	1.331191923425218e-6	5.146156677115181e-5
541	7.874914792759633e-6	8.019618468895401e-14	1.018375268805297e-8	5.147175052383987e-5
542	7.877237115493607e-6	1.722857292206374e-11	2.187133974699980e-6	5.365888449853985e-5
543	7.889500549619919e-6	1.116922557845663e-12	1.415707560726986e-7	5.380045525461255e-5
544	7.946734464139524e-6	1.860690075184514e-12	2.341452433802933e-7	5.403460049799284e-5
545	7.958002387594939e-6	2.153522432040257e-12	2.706109306271637e-7	5.430521142862000e-5
546	7.970626920822562e-6	4.099687019579146e-12	5.143493805824826e-7	5.481956080920249e-5
547	7.987302361352329e-6	2.830978046105279e-12	3.544348164160355e-7	5.517399562561852e-5
548	8.002446598161993e-6	7.455495771814762e-13	9.316520492029456e-8	5.526716083053882e-5
549	8.042784310738890e-6	4.011565480657688e-12	4.987781998954471e-7	5.576593903043427e-5
550	8.052607734060842e-6	7.887244694674468e-13	9.794646597912719e-8	5.586388549641339e-5
551	8.075495058751266e-6	3.650665860701882e-13	4.520671282865466e-8	5.590909220924205e-5
552	8.083513896992658e-6	1.046276475022109e-11	1.294333736979607e-6	5.720342594622165e-5
553	8.099082178097438e-6	1.617717704335873e-13	1.997408680097986e-8	5.722340003302263e-5
554	8.126647743266913e-6	4.708525931235307e-13	5.793933833463389e-8	5.728133937135727e-5
555	8.151238281001042e-6	2.851233138424025e-12	3.497914108424111e-7	5.763113078219968e-5
556	8.157235120762806e-6	5.203580268363011e-12	6.379098053846962e-7	5.826904058758437e-5
557	8.168933230156319e-6	5.853310318411207e-13	7.165330103082749e-8	5.834069388861520e-5
558	8.202895611021989e-6	2.672121713785529e-12	3.257534705421677e-7	5.866644735915737e-5
559	8.217100453786343e-6	6.444769500803353e-13	7.843118794822181e-8	5.874487854710559e-5
560	8.242136041800433e-6	1.064799826299237e-13	1.291897902314458e-8	5.875779752612874e-5
561	8.251225794517275e-6	1.928761955747187e-12	2.337545964417552e-7	5.899155212257049e-5
562	8.273419762237285e-6	4.599367176818781e-12	5.559209261703201e-7	5.954747304874082e-5
563	8.288480004077211e-6	3.946127668013993e-13	4.760978690993815e-8	5.959508283565075e-5
564	8.301213770153520e-6	5.277258076665622e-12	6.357212599005298e-7	6.023080409555128e-5
565	8.318495999545347e-6	8.548203831814569e-12	1.027614106237687e-6	6.125841820178897e-5
566	8.368984254670425e-6	1.118758397057937e-12	1.336791136192662e-7	6.139209731540824e-5
567	8.386695968839199e-6	1.887202955445511e-12	2.250234135656545e-7	6.161712072897390e-5
568	8.399285321867480e-6	1.377585763619046e-12	1.640122594755189e-7	6.178113298844942e-5
569	8.408074202996662e-6	4.006938124135495e-14	4.765583684677057e-9	6.178589857213409e-5
570	8.423984596934524e-6	1.734943788906572e-12	2.059528681400861e-7	6.199185144027417e-5
571	8.434825234531191e-6	3.721912331186426e-14	4.412554175929278e-9	6.199626399445010e-5
572	8.474581751297885e-6	3.068522228428811e-12	3.620853888109423e-7	6.235834938326104e-5
573	8.488116127941697e-6	3.155684129836971e-12	3.717767384742650e-7	6.273012612173531e-5
574	8.492557281785972e-6	8.787502469024273e-14	1.034729843726915e-8	6.274047342017257e-5
575	8.505893650242211e-6	4.158095585049233e-13	4.888487625201884e-8	6.278935829642459e-5
576	8.523212107650682e-6	2.129316752754119e-12	2.498256204187131e-7	6.303918391684331e-5
577	8.553117978426388e-6	2.192410752832453e-13	2.563288333403551e-8	6.306481680017734e-5
578	8.580590770774269e-6	2.374529064938647e-12	2.767325850134188e-7	6.334154938519076e-5
579	8.597023111310901e-6	1.500040700075224e-14	1.744837347362316e-9	6.334329422253812e-5
580	8.606438782939453e-6	6.019132062407502e-13	6.993754576328631e-8	6.341323176830141e-5
581	8.616988264821981e-6	3.082923307249288e-12	3.577727173930390e-7	6.377100448569445e-5
582	8.630111559870437e-6	1.298606711516588e-12	1.504739194282309e-7	6.392147840512267e-5
583	8.660130242149094e-6	1.126100276216811e-12	1.300327182997837e-7	6.405151112342246e-5
584	8.667179130290811e-6	6.082536545165673e-12	7.017896427117671e-7	6.475330076613423e-5
585	8.688457352989042e-6	3.770170624141533e-15	4.339286562584671e-10	6.475373469479049e-5
586	8.689580783301390e-6	2.648493880508915e-12	3.047896033832240e-7	6.505852429817371e-5
587	8.715869694906671e-6	1.855476810619182e-13	2.128848727171168e-8	6.507981278544542e-5
588	8.727566728140080e-6	7.048550072090751e-13	8.076191556764937e-8	6.516057470101308e-5
589	8.741040029275015e-6	4.788212974224350e-13	5.477852701953003e-8	6.521535322803260e-5
590	8.750340917105658e-6	2.469706506591776e-12	2.822411755139568e-7	6.549759440354657e-5
591	8.764905735279127e-6	2.149775957682048e-12	2.452708588786193e-7	6.574286526242518e-5
592	8.774398192891741e-6	8.190661912941542e-13	9.334727844442833e-8	6.583621254086961e-5
593	8.786706383866250e-6	2.182075078879881e-13	2.483382263559538e-8	6.586104636350521e-5
594	8.808844859842511e-6	2.197286337627251e-12	2.494409167817419e-7	6.611048728028695e-5
595	8.812068553077587e-6	5.168704699448917e-13	5.865483987461450e-8	6.616914212016157e-5
596	8.835580106699896e-6	1.606317910701241e-14	1.818010692340612e-9	6.617096013085390e-5
597	8.845088890070730e-6	1.129255831387305e-11	1.276703767957582e-6	6.744766389881149e-5
598	8.868629322473577e-6	3.711520146453147e-12	4.184998618724494e-7	6.786616376068393e-5
599	8.897720753362522e-6	1.691212376155824e-12	1.900725391406222e-7	6.805623629982456e-5
600	8.900037097886498e-6	8.937236789898121e-13	1.004179723253115e-7	6.815665427214986e-5
601	8.923348200465191e-6	9.505277912721865e-13	1.065214278226455e-7	6.826317569997251e-5
602	8.933238883412486e-6	3.424113838287761e-14	3.833003777214288e-9	6.826700870374972e-5
603	8.946693592784305e-6	7.544070393397651e-12	8.432244063306361e-7	6.911023311008036e-5
604	8.966478635265555e-6	1.627659408465274e-13	1.815271607366149e-8	6.912838582615402e-5
605	8.983620403476770e-6	6.534786658533175e-14	7.274112623908434e-9	6.913565993877792e-5
606	8.993709597821090e-6	2.232014714690862e-12	2.481750928706451e-7	6.938383503164857e-5
607	9.006313734875966e-6	1.520816382490572e-12	1.688611375596852e-7	6.955269616920826e-5
608	9.016375686538897e-6	3.830000669651614e-12	4.247827289816304e-7	6.997747889818989e-5
609	9.026456482967401e-6	3.326654351412841e-13	3.685448833315840e-8	7.001433338652304e-5
610	9.041179686100946e-6	2.174224542821580e-13	2.404801827093457e-8	7.003838140479397e-5
611	9.044931535342323e-6	1.048200819439246e-12	1.158881983068073e-7	7.015426960310078e-5
612	9.063655944427082e-6	3.790372759891634e-13	4.181946869047030e-8	7.019608907179125e-5
613	9.069629128536052e-6	7.691424407215473e-13	8.480417774764029e-8	7.028089324953888e-5
614	9.079144882772784e-6	7.805314258140895e-13	8.596970704753355e-8	7.036686295658642e-5
615	9.095927201553403e-6	1.726772211494112e-12	1.898401529861864e-7	7.055670310957261e-5
616	9.102836628098434e-6	3.208387514866734e-15	3.524601886145198e-10	7.055705556976122e-5
617	9.109460764966739e-6	5.505299454645786e-15	6.043496532547925e-10	7.055765991941448e-5
618	9.131740510427025e-6	3.859427101970791e-12	4.226387179491058e-7	7.098029863736358e-5
619	9.147117644759876e-6	8.782686525879131e-12	9.601589120164519e-7	7.194045754938004e-5
620	9.158185204116252e-6	2.859024480021091e-14	3.121824265724687e-9	7.194357937364576e-5
621	9.165709149650831e-6	3.630082380735439e-12	3.960503569845141e-7	7.233962973063029e-5
622	9.181729644246483e-6	4.565589317372881e-12	4.972471957104293e-7	7.283687692634071e-5
623	9.204283523156530e-6	2.176445883098997e-12	2.364601087768974e-7	7.307333703511761e-5
624	9.210268521634180e-6	6.203171397351955e-13	6.735060310979213e-8	7.314068763822740e-5
625	9.220476383888649e-6	3.286480012719414e-12	3.564327780788016e-7	7.349712041630620e-5
626	9.236071104804730e-6	3.984517499499938e-12	4.314082746100924e-7	7.392852869091630e-5
627	9.253513478046231e-6	3.273312701856977e-16	3.537372814793909e-11	7.392856406464444e-5
628	9.263348233615652e-6	3.218818529495113e-12	3.474789512731888e-7	7.427604301591763e-5
629	9.277088177251180e-6	3.597293930966739e-15	3.877611015693314e-10	7.427643077701920e-5
630	9.284194183261426e-6	2.729814606250049e-14	2.940281679126941e-9	7.427937105869833e-5
631	9.291047617027662e-6	6.122230380331480e-13	6.589386506976130e-8	7.434526492376810e-5
632	9.302296784766593e-6	4.743041551951571e-13	5.098785452339855e-8	7.439625277829150e-5
633	9.318231984971002e-6	1.616914369039163e-12	1.735215834556404e-7	7.456977436174714e-5
634	9.329268462793025e-6	6.543457227493596e-13	7.013901736872727e-8	7.463991337911587e-5
635	9.334500812122354e-6	9.399899490903144e-12	1.007006124922702e-6	7.564691950403857e-5
636	9.358316176574789e-6	1.614040212629927e-12	1.724712204819603e-7	7.581939072452053e-5
637	9.376643071452637e-6	3.259224208384073e-12	3.475896633313090e-7	7.616698038785184e-5
638	9.381176318891971e-6	2.047834242048265e-14	2.182918402167010e-9	7.616916330625400e-5
639	9.387863969998473e-6	7.741103757814611e-13	8.245862725060204e-8	7.625162193350460e-5
640	9.402850664061814e-6	3.502069134286977e-12	3.724475969476010e-7	7.662406953045220e-5
641	9.414572377574557e-6	2.078357818308976e-13	2.207596622507900e-8	7.664614549667729e-5
642	9.422859326952880e-6	2.238096011988552e-12	2.375177145632182e-7	7.688366321124050e-5
643	9.433987057664596e-6	2.184486228031106e-13	2.315549316188993e-8	7.690681870440239e-5
644	9.441340945530907e-6	1.760870197139820e-14	1.865063667649174e-9	7.690868376807004e-5
645	9.446990340142377e-6	2.233073156983537e-12	2.363793204587824e-7	7.714506308852882e-5
646	9.453585107000716e-6	3.930447230884162e-13	4.157626113688367e-8	7.718663934966570e-5
647	9.462136792941913e-6	2.526570760788720e-13	2.670190482421860e-8	7.721334125448992e-5
648	9.471784352534592e-6	9.979710902571936e-14	1.053625223203211e-8	7.722387750672195e-5
649	9.495238816793098e-6	9.734303881419275e-13	1.025177361964122e-7	7.732639524291836e-5
650	9.512770280532773e-6	2.960329979015373e-12	3.111953607324549e-7	7.763759060365081e-5
651	9.526769314168534e-6	2.780897346879223e-12	2.919035042386697e-7	7.792949410788948e-5
652	9.536031983523758e-6	3.975087578043871e-13	4.168492287894985e-8	7.797117903076843e-5
653	9.545572763886378e-6	1.181861572681724e-13	1.238125361270141e-8	7.798356028438113e-5
654	9.547405124813271e-6	7.090143097226624e-13	7.426251431186957e-8	7.805782279869300e-5
655	9.558002851277059e-6	1.660296891205195e-12	1.737075116046193e-7	7.823153031029762e-5
656	9.563276994163805e-6	5.129098697960150e-12	5.363327550891073e-7	7.876786306538672e-5
657	9.581936755446552e-6	7.291051940645828e-13	7.609163081254380e-8	7.884395469619927e-5
658	9.586640835437060e-6	9.840344909362054e-15	1.026464334930248e-9	7.884498116053420e-5
659	9.595502352729841e-6	6.877915673708660e-15	7.167853668184397e-10	7.884569794590102e-5
660	9.604141475393963e-6	3.885799617365353e-13	4.045962491619749e-8	7.888615757081722e-5
661	9.628338498017829e-6	7.926795481718177e-14	8.232776073826293e-9	7.889439034689105e-5
662	9.630806948396400e-6	1.372190699252358e-13	1.424793069370825e-8	7.890863827758475e-5
663	9.636710437213440e-6	8.921196413058383e-15	9.257512167853458e-10	7.890956402880154e-5
664	9.644656523672904e-6	3.622918555967700e-14	3.756399771288081e-9	7.891332042857283e-5
665	9.662098171957866e-6	2.776304402538359e-12	2.873397012872398e-7	7.920066012986006e-5
666	9.669378108275125e-6	3.256392859481222e-13	3.367737638364123e-8	7.923433750624370e-5
667	9.674923698274603e-6	3.346342037401825e-14	3.458778737447410e-9	7.923779628498115e-5
668	9.679349650012592e-6	6.489307065128623e-15	6.704280039227823e-10	7.923846671298507e-5
669	9.693325745332032e-6	3.929019564478996e-14	4.053324594369559e-9	7.924252003757944e-5
670	9.705386377604227e-6	1.817247874029854e-12	1.872411672577266e-7	7.942976120483717e-5
671	9.710509975554738e-6	1.460366595537555e-12	1.503903089759328e-7	7.958015151381311e-5
672	9.723597103088870e-6	6.005455148342987e-13	6.176166170475379e-8	7.964191317551786e-5
673	9.738839389963373e-6	2.483610058929422e-12	2.550211539055644e-7	7.989693432942342e-5
674	9.752143523574596e-6	3.645296432173859e-14	3.737943789856874e-9	7.990067227321328e-5
675	9.760710158975936e-6	3.413724937086016e-12	3.497414513376119e-7	8.025041372455090e-5
676	9.771962063792889e-6	1.729873086599629e-12	1.770241303953851e-7	8.042743785494629e-5
677	9.776598141168292e-6	2.675098509590582e-12	2.736226314065222e-7	8.070106048635281e-5
678	9.792324887983118e-6	2.165194232753696e-12	2.211113558344827e-7	8.092217184218730e-5
679	9.797765550376717e-6	1.084820369029022e-12	1.107212010178496e-7	8.103289304320515e-5
680	9.819332927529267e-6	2.635737996841150e-14	2.684233253209750e-9	8.103557727645835e-5
681	9.823690727880146e-6	2.330082003652528e-13	2.371900814262844e-8	8.105929628460098e-5
682	9.839445651732197e-6	4.858435897398947e-12	4.937713027098876e-7	8.155306758731087e-5
683	9.852428469063093e-6	2.029991116018666e-12	2.060396705637495e-7	8.175910725787462e-5
684	9.855969430542123e-6	7.436828835567148e-12	7.545507205533296e-7	8.251365797842796e-5
685	9.862394590114150e-6	8.167474761692021e-14	8.281431742630659e-9	8.252193941017059e-5
686	9.872244800479639e-6	5.648629132940804e-14	5.721727172594390e-9	8.252766113734319e-5
687	9.873981415129811e-6	1.987791942935425e-12	2.013161519515876e-7	8.272897728929478e-5
688	9.893633570918887e-6	1.015579092678628e-13	1.026497580892623e-8	8.273924226510370e-5
689	9.903940289412877e-6	1.922608491243408e-12	1.941256141556750e-7	8.293336787925938e-5
690	9.914964935231133e-6	2.015686242977424e-12	2.032973647556763e-7	8.313666524401505e-5
691	9.921809115231121e-6	1.470446112617599e-13	1.482034269698148e-8	8.315148558671204e-5
692	9.932027354767102e-6	6.835482752064830e-13	6.882263316344960e-8	8.322030821987549e-5
693	9.938574410103960e-6	1.747610223880952e-12	1.758411369445763e-7	8.339614935682007e-5
694	9.957261853928390e-6	1.190749017542563e-12	1.195859901055813e-7	8.351573534692565e-5
695	9.961666150114200e-6	2.477569764823373e-14	2.487103791161452e-9	8.351822245071681e-5
696	9.964342202872870e-6	3.622040136305569e-13	3.635001751807841e-8	8.355457246823488e-5
697	9.977360859619500e-6	2.062806868083628e-14	2.067487482017660e-9	8.355663995571690e-5
698	9.988708703482511e-6	4.489998459759148e-13	4.495073981077988e-8	8.360159069552768e-5
699	9.995280583498701e-6	4.443876954508470e-12	4.445975195378614e-7	8.404618821506554e-5
700	1.001086242002624e-5	6.528848186588845e-13	6.521763972630575e-8	8.411140585479184e-5
701	1.001355636990661e-5	1.221301601478827e-14	1.219648201261604e-9	8.411262550299311e-5
702	1.001926984138717e-5	7.967840403702284e-13	7.952516031446792e-8	8.419215066330758e-5
703	1.003126658693719e-5	3.968688495197540e-12	3.956318437759000e-7	8.458778250708347e-5
704	1.003917939521499e-5	4.041922710127188e-12	4.026148503784785e-7	8.499039735746195e-5
705	1.005319711829817e-5	1.377088266261876e-12	1.369801317986087e-7	8.512737748926057e-5
706	1.006424336252554e-5	6.489211298799990e-12	6.447788537151961e-7	8.577215634297576e-5
707	1.006745691662251e-5	3.186757988576671e-13	3.165405141505968e-8	8.580381039439083e-5
708	1.008484854815838e-5	2.231551956013349e-14	2.212776865569149e-9	8.580602317125640e-5
709	1.008601412379479e-5	1.317353956425506e-11	1.306119484125669e-6	8.711214265538207e-5
710	1.009045582142580e-5	5.191477303612746e-13	5.144938341228652e-8	8.716359203879435e-5
711	1.010806665375257e-5	4.127875163363680e-12	4.083743513732396e-7	8.757196639016759e-5
712	1.011477320332522e-5	1.371622324234076e-12	1.356058407501571e-7	8.770757223091774e-5
713	1.012241687496988e-5	1.199798596949608e-13	1.185288663536867e-8	8.771942511755310e-5
714	1.012895492878871e-5	3.055620014722391e-13	3.016717949882123e-8	8.774959229705193e-5
715	1.014633729465429e-5	2.585289361741087e-14	2.548002581289284e-9	8.775214029963322e-5
716	1.015249760707026e-5	6.706134008657441e-13	6.605403190626956e-8	8.781819433153949e-5
717	1.016140448867892e-5	1.336181955454543e-13	1.314957943996047e-8	8.783134391097944e-5
718	1.017522893603243e-5	2.444435959895058e-12	2.402340011475166e-7	8.807157791212696e-5
719	1.018970840302166e-5	1.650423294891671e-12	1.619696295138587e-7	8.823354754164082e-5
720	1.019967941136782e-5	2.916437368001199e-12	2.859342191432751e-7	8.851948176078410e-5
721	1.020362562393042e-5	1.100665341016213e-13	1.078700240074311e-8	8.853026876318484e-5
722	1.020926886923700e-5	1.593524354791523e-12	1.560860405580264e-7	8.868635480374286e-5
723	1.021579889289200e-5	4.003620759180968e-12	3.919048134323229e-7	8.907825961717519e-5
724	1.022695085913458e-5	1.433428779442118e-13	1.401618917687278e-8	8.909227580635206e-5
725	1.023687502819146e-5	4.586206922182037e-12	4.480084898518369e-7	8.954028429620390e-5
726	1.024230032062218e-5	4.481102069653677e-12	4.375093415910955e-7	8.997779363779499e-5
727	1.024756792345186e-5	7.921380781724456e-14	7.730010516540362e-9	8.998552364831153e-5
728	1.026012970054377e-5	1.337215604546384e-13	1.303312573597889e-8	8.999855677404751e-5
729	1.026621938293643e-5	6.785704050423177e-13	6.609739961043258e-8	9.006465417365794e-5
730	1.027638551348180e-5	1.770263372774780e-12	1.722651773283842e-7	9.023691935098633e-5
731	1.028045092363564e-5	5.019304473225090e-14	4.882377738592454e-9	9.024180172872492e-5
732	1.029841596063168e-5	1.705183702230334e-12	1.655772799184684e-7	9.040737900864339e-5
733	1.030733463050188e-5	2.774438721255496e-12	2.691713057462272e-7	9.067655031438962e-5
734	1.031248360097093e-5	1.467631790213415e-14	1.423160362723132e-9	9.067797347475235e-5
735	1.031382326794210e-5	1.646534005125168e-12	1.596434185800915e-7	9.083761689333244e-5
736	1.031981839570769e-5	2.023493292224514e-12	1.960783818701833e-7	9.103369527520261e-5
737	1.032659222005819e-5	3.699806815747402e-13	3.582795502044674e-8	9.106952323022306e-5
738	1.033988821126086e-5	1.220284473342984e-12	1.180171824308516e-7	9.118754041265391e-5
739	1.034464323384643e-5	3.386558806754680e-13	3.273731853481680e-8	9.122027773118873e-5
740	1.034764541177522e-5	2.743125685269437e-14	2.650966066297426e-9	9.122292869725502e-5
741	1.036215100417795e-5	1.906704914246166e-14	1.840066713443372e-9	9.122476876396847e-5
742	1.037186475769480e-5	1.030245245563968e-12	9.933076352539571e-8	9.132409952749387e-5
743	1.037854959330166e-5	1.924443457679899e-12	1.854250866539135e-7	9.150952461414779e-5
744	1.038849592987783e-5	9.064331172748225e-15	8.725354694204343e-10	9.151039714961721e-5
745	1.039560383475736e-5	2.568142821772380e-12	2.470412361411733e-7	9.175743838575838e-5
746	1.040424558655113e-5	3.228533940035104e-13	3.103092783784741e-8	9.178846931359623e-5
747	1.041104690097883e-5	6.548417540409703e-14	6.289874210242997e-9	9.179475918780647e-5
748	1.041699117433673e-5	1.089265869775951e-12	1.045662659731788e-7	9.189932545377966e-5
749	1.043607167890883e-5	2.491064912430048e-13	2.386975663902788e-8	9.192319521041869e-5
750	1.043822865221170e-5	1.522850806080522e-12	1.458916887931798e-7	9.206908689921187e-5
751	1.045008001322078e-5	8.691123344608696e-13	8.316800764791498e-8	9.215225490685979e-5
752	1.045587062157820e-5	4.146908551811282e-12	3.966105455870066e-7	9.254886545244679e-5
753	1.046529060400780e-5	4.821514476316334e-13	4.607148199467946e-8	9.259493693444146e-5
754	1.047094827393785e-5	4.096008095112219e-12	3.911783334186807e-7	9.298611526786015e-5
755	1.048146077256210e-5	6.121237595616542e-14	5.840061541460370e-9	9.299195532940161e-5
756	1.049157444757815e-5	3.771937670842883e-13	3.595206505648529e-8	9.302790739445809e-5
757	1.049851293280556e-5	1.884792695762369e-13	1.795294922076823e-8	9.304586034367885e-5
758	1.049951199503494e-5	1.569166720382321e-12	1.494513955624182e-7	9.319531173924128e-5
759	1.051550466601368e-5	1.814288040356823e-16	1.725345666214802e-11	9.319532899269794e-5
760	1.052236289226058e-5	1.120572769090444e-12	1.064944043998567e-7	9.330182339709780e-5
761	1.052582972665512e-5	5.853051521791581e-14	5.560655714361011e-9	9.330738405281216e-5
762	1.054050255473713e-5	4.548579329022893e-13	4.315334402133095e-8	9.335053739683349e-5
763	1.054408303733596e-5	3.379556660288305e-13	3.205168859465067e-8	9.338258908542814e-5
764	1.054661992411975e-5	6.255027153967010e-15	5.930835849751237e-10	9.338318216901311e-5
765	1.055946799315127e-5	5.831789319020392e-12	5.522806000077667e-7	9.393546276902087e-5
766	1.056484973821869e-5	4.532993211749535e-12	4.290636709532445e-7	9.436452643997411e-5
767	1.057270251199388e-5	4.989633042538083e-13	4.719354428896250e-8	9.441171998426307e-5
768	1.058051806907299e-5	3.347633487254169e-13	3.163959898182445e-8	9.444335958324490e-5
769	1.058807622542996e-5	7.464127199882444e-14	7.049559373170588e-9	9.445040914261807e-5
770	1.059612874484220e-5	7.589488576023387e-14	7.162510723284359e-9	9.445757165334136e-5
771	1.060234755569394e-5	1.859661361554536e-12	1.754009054868054e-7	9.463297255882816e-5
772	1.060591127478333e-5	7.550539510147371e-16	7.119180346246694e-11	9.463304375063162e-5
773	1.062300718579079e-5	1.721225898758974e-12	1.620281214778114e-7	9.479507187210942e-5
774	1.063462310681565e-5	1.189721775947080e-13	1.118724908252363e-8	9.480625912119195e-5
775	1.063966381178652e-5	1.489087037460346e-14	1.399562113805465e-9	9.480765868330576e-5
776	1.064173617504787e-5	1.066491548317120e-12	1.002178150984205e-7	9.490787649840419e-5
777	1.064382519860726e-5	1.069836338283766e-14	1.005123927085681e-9	9.490888162233127e-5
778	1.065032393338121e-5	4.769117423745660e-13	4.477908328025459e-8	9.495366070561153e-5
779	1.065783766331681e-5	1.976172728445446e-12	1.854196686863819e-7	9.513908037429791e-5
780	1.067274572002907e-5	3.858705930318423e-13	3.615476309041037e-8	9.517523513738833e-5
781	1.067780670307223e-5	3.224626560425950e-13	3.019933447098417e-8	9.520543447185931e-5
782	1.068553971967667e-5	1.140808341001381e-12	1.067618829679387e-7	9.531219635482725e-5
783	1.069923377177054e-5	4.730637255568823e-14	4.421472935800693e-9	9.531661782776305e-5
784	1.070978270130979e-5	2.516812522297957e-12	2.350012686989581e-7	9.555161909646201e-5
785	1.071220450865203e-5	9.191080917935903e-14	8.580008821258457e-9	9.556019910528327e-5
786	1.072607543339360e-5	2.698393894770412e-13	2.515732722118917e-8	9.558535643250446e-5
787	1.072952097490941e-5	8.946344771811749e-13	8.338065411058376e-8	9.566873708661504e-5
788	1.074212995624478e-5	3.914179819436287e-13	3.643765096288782e-8	9.570517473757793e-5
789	1.074345777500346e-5	3.502554722334029e-14	3.260174513352057e-9	9.570843491209128e-5
790	1.074619212506081e-5	9.680803347057301e-14	9.008589493278320e-9	9.571744350158456e-5
791	1.075294113629289e-5	2.043871249263872e-13	1.900755545257734e-8	9.573645105703713e-5
792	1.076852290095995e-5	5.347634953055321e-14	4.965987445296337e-9	9.574141704448243e-5
793	1.077281612873101e-5	5.080849793823935e-14	4.716361750827020e-9	9.574613340623326e-5
794	1.078284001256116e-5	1.752561239244431e-13	1.625324346093269e-8	9.576238664969419e-5
795	1.078397459733829e-5	1.004697049733440e-14	9.316574706893502e-10	9.576331830716488e-5
796	1.079242107994443e-5	1.453986511216377e-12	1.347229227293885e-7	9.589804122989428e-5
797	1.079956926103535e-5	1.479722128471693e-12	1.370167728643126e-7	9.603505800275859e-5
798	1.080527174014632e-5	2.947603172073009e-13	2.727930627715147e-8	9.606233730903574e-5
799	1.081985200817101e-5	2.309819940433311e-14	2.134798090296398e-9	9.606447210712604e-5
800	1.082856274315098e-5	2.691612714033421e-12	2.485660172894001e-7	9.631303812441543e-5
801	1.083165679150191e-5	2.641805849016711e-12	2.438967463490320e-7	9.655693487076446e-5
802	1.084064140871599e-5	1.520543884288448e-12	1.402632765867447e-7	9.669719814735120e-5
803	1.084699431318658e-5	5.731465018198373e-14	5.283919999138092e-9	9.670248206735034e-5
804	1.085131144745658e-5	1.659974880249495e-13	1.529745863702560e-8	9.671777952598736e-5
805	1.085391484468639e-5	2.321227672472990e-13	2.138608700813019e-8	9.673916561299548e-5
806	1.086548764657529e-5	1.408235328593768e-12	1.296062702751893e-7	9.686877188327067e-5
807	1.087438825944944e-5	2.141862365232460e-12	1.969639407873137e-7	9.706573582405798e-5
808	1.088801724321541e-5	5.790019002511872e-13	5.317790074331277e-8	9.711891372480129e-5
809	1.089363920783602e-5	5.378273397800073e-13	4.937076853005532e-8	9.716828449333135e-5
810	1.090015480820107e-5	4.487295190680626e-14	4.116726110444294e-9	9.717240121944180e-5
811	1.091091983748716e-5	2.409915389034676e-13	2.208718810997783e-8	9.719448840755178e-5
812	1.091749222832985e-5	2.770642259093220e-12	2.537800990509220e-7	9.744826850660270e-5
813	1.092057199931738e-5	1.350769990147595e-13	1.236904065310891e-8	9.746063754725581e-5
814	1.092522922513361e-5	1.561203418615790e-12	1.428989164844455e-7	9.760353646374026e-5
815	1.092915979757993e-5	2.946189467425597e-13	2.695714512361673e-8	9.763049360886388e-5
816	1.094180575860434e-5	1.570462115685715e-12	1.435286049060729e-7	9.777402221376996e-5
817	1.094562132204776e-5	6.174656910119218e-13	5.641211885963577e-8	9.783043433262960e-5
818	1.096103658471938e-5	2.459001400395062e-12	2.243402237907973e-7	9.805477455642039e-5
819	1.096238701099090e-5	3.179520420442061e-14	2.900390596732510e-9	9.805767494701713e-5
820	1.096649469417745e-5	2.317343146496144e-13	2.113111993503735e-8	9.807880606695216e-5
821	1.097982236342321e-5	1.696191787449082e-13	1.544826256114635e-8	9.809425432951331e-5
822	1.098770851379008e-5	8.459567465061601e-13	7.699118933164686e-8	9.817124551884497e-5
823	1.099422729186395e-5	1.580008273071049e-12	1.437125348718506e-7	9.831495805371681e-5
824	1.100592777641204e-5	5.204178272561423e-13	4.728523008950727e-8	9.836224328380631e-5
825	1.101332659967875e-5	4.258481601199250e-13	3.866662413628473e-8	9.840090990794259e-5
826	1.101933609183051e-5	1.411917007064016e-12	1.281308597267289e-7	9.852904076766932e-5
827	1.102334324397411e-5	6.049423898097576e-12	5.487830474120892e-7	9.907782381508141e-5
828	1.103358695171512e-5	3.192632695108841e-12	2.893558286240326e-7	9.936717964370544e-5
829	1.103932034716307e-5	3.523397047328679e-12	3.191679321303631e-7	9.968634757583581e-5
830	1.104247150445458e-5	1.961663907861526e-12	1.776471786293659e-7	9.986399475446518e-5
831	1.105308744760679e-5	9.828575985003154e-17	8.892154370072618e-12	9.986400364661955e-5
832	1.105722094929061e-5	2.753915891666001e-13	2.490604017316558e-8	9.988890968679272e-5
833	1.106596201968910e-5	3.215590862186303e-14	2.905839416821571e-9	9.989181552620955e-5
834	1.107493659596556e-5	9.073436677027609e-12	8.192766250538111e-7	1.007110921512634e-4
835	1.107671211008582e-5	7.719801323986994e-13	6.969397820638297e-8	1.007807861294697e-4
836	1.108344195390699e-5	3.650708797257935e-14	3.293840318233485e-9	1.007840799697880e-4
837	1.108548637822491e-5	6.251644207801152e-13	5.639485715377523e-8	1.008404748269417e-4
838	1.109176597690593e-5	3.782366745604187e-14	3.410067209747680e-9	1.008438848941515e-4
839	1.110432139583686e-5	1.855110201796263e-17	1.670620054721907e-12	1.008438865647715e-4
840	1.111133930047399e-5	2.235843889585349e-13	2.012218175616302e-8	1.008640087465277e-4
841	1.112460098467475e-5	1.282385261780692e-12	1.152747198346535e-7	1.009792834663623e-4
842	1.112643042883796e-5	3.736282020253289e-12	3.358023980961076e-7	1.013150858644584e-4
843	1.113563226284402e-5	1.869029003400625e-12	1.678421987440233e-7	1.014829280632025e-4
844	1.115496542582877e-5	3.483060428984665e-14	3.122430501595110e-9	1.014860504937041e-4
845	1.115677863694612e-5	1.992804467749497e-13	1.786182672075473e-8	1.015039123204248e-4
846	1.116305164095029e-5	4.134073313799713e-13	3.703354106716096e-8	1.015409458614920e-4
847	1.116646815947995e-5	1.438294307472540e-13	1.288047650278282e-8	1.015538263379948e-4
848	1.118022658856580e-5	1.012896709944132e-13	9.059715399507540e-9	1.015628860533943e-4
849	1.118582149741083e-5	1.832691042355438e-15	1.638405407041092e-10	1.015630498939350e-4
850	1.119115205504370e-5	1.885635746547882e-12	1.684934435054925e-7	1.017315433374405e-4
851	1.120308152582467e-5	1.523274607920591e-12	1.359692513536771e-7	1.018675125887941e-4
852	1.121470361975924e-5	5.201142444825901e-14	4.637788586460709e-9	1.018721503773806e-4
853	1.121572962409890e-5	2.995004866135976e-12	2.670361150379998e-7	1.021391864924186e-4
854	1.123197516469826e-5	1.068797657218513e-12	9.515669697861425e-8	1.022343431893972e-4
855	1.123536178614516e-5	4.616503043097102e-15	4.108904662767447e-10	1.022347540798635e-4
856	1.124102790868256e-5	1.990198925470110e-12	1.770477701539094e-7	1.024118018500174e-4
857	1.124989877890639e-5	3.424774008489875e-13	3.044270953718571e-8	1.024422445595546e-4
858	1.125556094219120e-5	3.331329761032459e-13	2.959719003026361e-8	1.024718417495849e-4
859	1.125829535735318e-5	6.234596275708258e-12	5.537779990499385e-7	1.030256197486348e-4
860	1.126295474351852e-5	2.782473683342373e-12	2.470465119238448e-7	1.032726662605586e-4
861	1.126972270508337e-5	3.485219805661233e-13	3.092551517784172e-8	1.033035917757365e-4
862	1.127163322420063e-5	5.391430643728660e-12	4.783184953315418e-7	1.037819102710680e-4
863	1.127815888579152e-5	6.217652410973977e-13	5.513003029960071e-8	1.038370403013676e-4
864	1.128324954690515e-5	1.486015890650944e-12	1.317010569050597e-7	1.039687413582727e-4
865	1.129950948759724e-5	2.580778214834589e-13	2.283973669536140e-8	1.039915810949680e-4
866	1.130339685908787e-5	1.217553487356130e-11	1.077157161280437e-6	1.050687382562485e-4
867	1.131007387029999e-5	9.050069852105750e-16	8.001777845033387e-11	1.050688182740269e-4
868	1.131418720245450e-5	1.273824760649670e-12	1.125865020488018e-7	1.051814047760757e-4
869	1.132251624973330e-5	1.613589867841580e-13	1.425115965613728e-8	1.051956559357319e-4
870	1.132955559211808e-5	8.186679102380046e-13	7.225949010811583e-8	1.052679154258400e-4
871	1.133537295523342e-5	2.166410913742813e-12	1.911195090182370e-7	1.054590349348582e-4
872	1.134192323680488e-5	8.366785961293746e-14	7.376867032694486e-9	1.054664118018909e-4
873	1.134324888189197e-5	4.979887591027742e-16	4.390177490487305e-11	1.054664557036658e-4
874	1.134674484376313e-5	2.650712162501432e-13	2.336099206424323e-8	1.054898166957301e-4
875	1.135259833397253e-5	3.391175098384200e-12	2.987135630647782e-7	1.057885302587949e-4
876	1.136163913667327e-5	2.146359802634631e-14	1.889128651962356e-9	1.057904193874468e-4
877	1.136372043162873e-5	6.332178983817896e-12	5.572276282152711e-7	1.063476470156621e-4
878	1.137354793719362e-5	1.102275799065494e-12	9.691573862021074e-8	1.064445627542823e-4
879	1.137930340110897e-5	1.242608275088645e-12	1.091989756567653e-7	1.065537617299390e-4
880	1.139158067876852e-5	1.893164115295797e-12	1.661897649396674e-7	1.067199514948787e-4
881	1.139314770945923e-5	4.194748747288463e-12	3.681817224054551e-7	1.070881332172842e-4
882	1.140310191695678e-5	1.737837537845015e-12	1.524004214380295e-7	1.072405336387222e-4
883	1.140671364022569e-5	1.399210061684045e-13	1.226654850657196e-8	1.072528001872288e-4
884	1.141185697646936e-5	1.395686355943761e-12	1.223014237579030e-7	1.073751016109867e-4
885	1.141576313805687e-5	8.272392703841820e-13	7.246464913295233e-8	1.074475662601196e-4
886	1.142639505563022e-5	1.825569673125692e-13	1.597677713957706e-8	1.074635430372592e-4
887	1.143809890523998e-5	4.346925092588550e-12	3.800391243860596e-7	1.078435821616453e-4
888	1.144088323225761e-5	1.562117119088875e-12	1.365381577083560e-7	1.079801203193536e-4
889	1.145949096295274e-5	1.408040551503567e-13	1.228711254326746e-8	1.079924074318969e-4
890	1.146016355507598e-5	2.546853335974772e-12	2.222353392894388e-7	1.082146427711863e-4
891	1.146261356658811e-5	2.809426425981201e-14	2.450947517039466e-9	1.082170937187034e-4
892	1.147346228530216e-5	2.257604146696627e-14	1.967674700590321e-9	1.082190613934039e-4
893	1.147590362095094e-5	1.646446321138430e-12	1.434698630731442e-7	1.083625312564771e-4
894	1.148342337061807e-5	1.404868163660122e-14	1.223387937829299e-9	1.083637546444149e-4
895	1.149067471870042e-5	9.694662605724151e-13	8.436982895309568e-8	1.084481244733680e-4
896	1.149461288837012e-5	5.748324254960206e-13	5.000885467640387e-8	1.084981333280444e-4
897	1.150353555939608e-5	6.230232705824142e-13	5.415928584438802e-8	1.085522926138888e-4
898	1.150773226105057e-5	2.613792696481819e-13	2.271336034927179e-8	1.085750059742381e-4
899	1.151954645861604e-5	2.305199983481764e-14	2.001120436263002e-9	1.085770070946743e-4
900	1.152454484912339e-5	9.531711964142988e-13	8.270792546629740e-8	1.086597150201406e-4
901	1.153190927357931e-5	6.813576901247365e-13	5.908455173904215e-8	1.087187995718797e-4
902	1.154178084712748e-5	1.173387854988346e-13	1.016643679627983e-8	1.087289660086760e-4
903	1.154502578020711e-5	1.260806773406505e-14	1.092077919451720e-9	1.087300580865954e-4
904	1.155840740152768e-5	1.930033652924974e-15	1.669809330885742e-10	1.087302250675285e-4
905	1.156337146951668e-5	3.993833483040055e-12	3.453865936564077e-7	1.090756116611849e-4
906	1.156511142601847e-5	1.352862823924513e-12	1.169779325152826e-7	1.091925895937002e-4
907	1.157566960255456e-5	2.079991759003604e-13	1.796865175336885e-8	1.092105582454536e-4
908	1.159054632679875e-5	1.726647670684065e-12	1.489703437612640e-7	1.093595285892148e-4
909	1.159545017269431e-5	5.498735798249532e-12	4.742149477903236e-7	1.098337435370051e-4
910	1.159994194604622e-5	1.315659385213898e-12	1.134194801433756e-7	1.099471630171485e-4
911	1.161035345023450e-5	7.849484346581802e-13	6.760762607466753e-8	1.100147706432232e-4
912	1.161359860390359e-5	1.879962081602152e-12	1.618759305983121e-7	1.101766465738215e-4
913	1.161837943283387e-5	1.313223431374372e-12	1.130298282102206e-7	1.102896764020317e-4
914	1.162528283321758e-5	3.803560935309920e-13	3.271800772400813e-8	1.103223944097557e-4
915	1.163147346288659e-5	6.990664538311949e-13	6.010128089633343e-8	1.103824956906521e-4
916	1.164966468128457e-5	1.932723933491689e-12	1.659038252488632e-7	1.105483995159009e-4
917	1.165522292688722e-5	1.966098836801539e-13	1.686882223647548e-8	1.105652683381374e-4
918	1.165896183818501e-5	1.209735389062842e-12	1.037601294054125e-7	1.106690284675428e-4
919	1.166109838635055e-5	6.365981569589649e-13	5.459161185914616e-8	1.107236200794020e-4
920	1.167285363398385e-5	4.502919109220782e-13	3.857599221591517e-8	1.107621960716179e-4
921	1.167607091755607e-5	3.119858276797786e-14	2.672010386736163e-9	1.107648680820046e-4
922	1.168526530732242e-5	5.129557781992208e-13	4.389765783732643e-8	1.108087657398420e-4
923	1.168978672056759e-5	1.150397827388106e-13	9.841050610136787e-9	1.108186067904521e-4
924	1.169445765155260e-5	5.931315701945380e-13	5.071903185829156e-8	1.108693258223104e-4
925	1.170238338119044e-5	6.848240445362734e-12	5.852004862847083e-7	1.114545263085951e-4
926	1.170539677552358e-5	1.320192701617524e-14	1.127849595306411e-9	1.114556541581904e-4
927	1.171470394399378e-5	5.867858579084572e-13	5.008968734624375e-8	1.115057438455367e-4
928	1.173339905488949e-5	2.094475201414972e-16	1.785054093546891e-11	1.115057616960776e-4
929	1.174110377166628e-5	3.428080700961986e-13	2.919726090177873e-8	1.115349589569794e-4
930	1.174687108435928e-5	3.232975046649482e-13	2.752201010321908e-8	1.115624809670826e-4
931	1.175193553136302e-5	2.627919602629796e-14	2.236158967700704e-9	1.115647171260503e-4
932	1.175658440644494e-5	1.890040927055346e-12	1.607644585972801e-7	1.117254815846476e-4
933	1.177260678196678e-5	5.298596498118042e-13	4.500784402511774e-8	1.117704894286727e-4
934	1.177634036331861e-5	3.851455212651207e-13	3.270502629703082e-8	1.118031944549697e-4
935	1.177872209143108e-5	7.625033475246159e-13	6.473565991333904e-8	1.118679301148831e-4
936	1.178620259242835e-5	2.709314023869217e-13	2.298716658416957e-8	1.118909172814672e-4
937	1.178880097874703e-5	1.070314659823288e-15	9.079079897547364e-11	1.118910080722662e-4
938	1.179618537067535e-5	1.642108784333661e-12	1.392067632656782e-7	1.120302148355319e-4
939	1.181266981867221e-5	8.455268107702364e-13	7.157796025363526e-8	1.121017927957855e-4
940	1.182107369450047e-5	6.446565739953522e-15	5.453451950775557e-10	1.121023381409806e-4
941	1.183063553478679e-5	3.891331414963929e-14	3.289198964435902e-9	1.121056273399451e-4
942	1.183218414898324e-5	2.779826923893245e-12	2.349377671012770e-7	1.123405651070463e-4
943	1.184034137033944e-5	5.878474153462198e-15	4.964784350042498e-10	1.123410615854813e-4
944	1.184868326637218e-5	5.087360629808409e-12	4.293608425036457e-7	1.127704224279850e-4
945	1.185543789157883e-5	4.579731751214380e-13	3.862979835158567e-8	1.128090522263366e-4
946	1.187295857883824e-5	6.225732559732728e-13	5.243623582439815e-8	1.128614884621610e-4
947	1.187802467970306e-5	4.627733145569438e-12	3.896046076985526e-7	1.132510930698595e-4
948	1.188735757036274e-5	4.188436933216486e-13	3.523438163969252e-8	1.132863274514992e-4
949	1.189760881664563e-5	7.995380863526042e-13	6.720157795354573e-8	1.133535290294528e-4
950	1.190105836584528e-5	1.514466559157911e-12	1.272547795836597e-7	1.134807838090364e-4
951	1.191605094896052e-5	2.252291912961206e-12	1.890132832268295e-7	1.136697970922632e-4
952	1.192103766380738e-5	4.284717790625562e-12	3.594249017125491e-7	1.140292219939758e-4
953	1.192580750450838e-5	5.222920186307892e-12	4.379510724396180e-7	1.144671730664154e-4
954	1.193208361350222e-5	2.511812885854513e-13	2.105091589378549e-8	1.144882239823092e-4
955	1.193454673434642e-5	1.019167420232118e-13	8.539640783332455e-9	1.144967636230925e-4
956	1.193763552910356e-5	2.124929477431053e-12	1.780025426518128e-7	1.146747661657443e-4
957	1.194835348547033e-5	7.146980830810089e-13	5.981561258211099e-8	1.147345817783264e-4
958	1.195474823137138e-5	1.652588369567381e-12	1.382369864746039e-7	1.148728187648010e-4
959	1.196860687948993e-5	2.671054569193237e-12	2.231717188213863e-7	1.150959904836224e-4
960	1.197657161337393e-5	6.976967638181258e-13	5.825513229838041e-8	1.151542456159208e-4
961	1.198636491673362e-5	3.872152590889644e-12	3.230464463403668e-7	1.154772920622612e-4
962	1.199077243148536e-5	6.269946310007970e-12	5.228976152982731e-7	1.160001896775594e-4
963	1.200321977340071e-5	1.019413926185400e-12	8.492837300575255e-8	1.160851180505652e-4
964	1.201065714655794e-5	3.611469334447342e-12	3.006887375419197e-7	1.163858067881071e-4
965	1.201559079282482e-5	9.666224709276640e-14	8.044735274314502e-9	1.163938515233814e-4
966	1.202758984781020e-5	5.078128584282546e-13	4.222066638901138e-8	1.164360721897704e-4
967	1.202915396643866e-5	3.896762831075248e-13	3.239432167837585e-8	1.164684665114488e-4
968	1.204655911559273e-5	1.168471341463956e-16	9.699627339656842e-12	1.164684762110761e-4
969	1.205336105912241e-5	2.399045095479534e-13	1.990353631416237e-8	1.164883797473903e-4
970	1.205911710642826e-5	3.719790149506940e-16	3.084628929860928e-11	1.164884105936796e-4
971	1.207064789204136e-5	1.541913271586057e-13	1.277407215732554e-8	1.165011846658369e-4
972	1.207472164910688e-5	5.777766803328643e-14	4.785010347427761e-9	1.165059696761844e-4
973	1.208825833553127e-5	1.257875495264834e-12	1.040576285144018e-7	1.166100273046988e-4
974	1.209448200923772e-5	9.092650440419479e-13	7.518015598745402e-8	1.166852074606862e-4
975	1.210642872850441e-5	2.188984456154330e-12	1.808117410380814e-7	1.168660192017243e-4
976	1.210989688159061e-5	9.545758476196436e-13	7.882609215861975e-8	1.169448452938829e-4
977	1.211383625349874e-5	2.771053889055627e-16	2.287511429961161e-11	1.169448681689972e-4
978	1.212391642630620e-5	4.129009007626160e-13	3.405672608124491e-8	1.169789248950785e-4
979	1.213202723600758e-5	1.429275038333351e-12	1.178100749799914e-7	1.170967349700585e-4
980	1.215072827099425e-5	1.821981982879171e-12	1.499483769403794e-7	1.172466833469988e-4
981	1.215413691213593e-5	1.150409092671142e-12	9.465164832251121e-8	1.173413349953213e-4
982	1.215697609355838e-5	2.759161270104113e-14	2.269611496205961e-9	1.173436046068176e-4
983	1.216746703354364e-5	4.102889684921051e-14	3.372016273896679e-9	1.173469766230915e-4
984	1.218188523104576e-5	6.114152115576920e-12	5.019052469805651e-7	1.178488818700720e-4
985	1.218848072624721e-5	1.184284069996323e-13	9.716420746730428e-9	1.178585982908188e-4
986	1.220614604488665e-5	5.032981635029172e-13	4.123317561924117e-8	1.178998314664380e-4
987	1.221241814203042e-5	1.713171602150401e-13	1.402811124075687e-8	1.179138595776788e-4
988	1.221978007593221e-5	7.392794734916336e-12	6.049859071913257e-7	1.185188454848701e-4
989	1.223202915447303e-5	3.317769095276894e-13	2.712361991112200e-8	1.185459691047812e-4
990	1.223425165638157e-5	1.856362887412839e-12	1.517348947489184e-7	1.186977039995301e-4
991	1.225034968705315e-5	1.199921691688369e-12	9.794999508924333e-8	1.187956539946194e-4
992	1.225350560670367e-5	2.791314584587104e-12	2.277972258861193e-7	1.190234512205055e-4
993	1.226521280844264e-5	1.799718641997733e-12	1.467335846597716e-7	1.191701848051653e-4
994	1.227071671597471e-5	6.463251504062836e-13	5.267215969258430e-8	1.192228569648578e-4
995	1.228440304113878e-5	3.232920742345760e-14	2.631727998112039e-9	1.192254886928560e-4
996	1.229128975024925e-5	2.176996465948190e-13	1.771170080750920e-8	1.192432003936635e-4
997	1.230675574494418e-5	1.459433460452804e-13	1.185879927008679e-8	1.192550591929336e-4
998	1.231547251305127e-5	3.088030052874237e-14	2.507439361016566e-9	1.192575666322946e-4
999	1.231731182366058e-5	4.772645056009920e-14	3.874745662314114e-9	1.192614413779569e-4
1000	1.232667623909449e-5	3.277535679624641e-12	2.658896539547149e-7	1.195273310319116e-4
1001	1.233010900373331e-5	2.378307475409160e-13	1.928861678910589e-8	1.195466196487007e-4
1002	1.234761304909353e-5	4.329057251781602e-14	3.505987136598365e-9	1.195501256358373e-4
1003	1.235893289954265e-5	1.831294471925765e-15	1.481757759194189e-10	1.195502738116132e-4
1004	1.236728638377664e-5	7.073934046106647e-13	5.719875667621157e-8	1.196074725682894e-4
1005	1.238500916398828e-5	4.990128769028447e-13	4.029168410741411e-8	1.196477642523968e-4
1006	1.239272688868083e-5	4.418104952089589e-12	3.565078930388568e-7	1.200042721454357e-4
1007	1.240652538137311e-5	8.255764805142116e-13	6.654373042703111e-8	1.200708158758627e-4
1008	1.241078740483022e-5	8.927161679538996e-13	7.193066312669724e-8	1.201427465389894e-4
1009	1.242216372320792e-5	1.039946303719263e-13	8.371700187595860e-9	1.201511182391770e-4
1010	1.243856844868216e-5	8.778734406949724e-13	7.057672627817402e-8	1.202216949654552e-4
1011	1.244629817128806e-5	1.044714345354826e-12	8.393775651019204e-8	1.203056327219654e-4
1012	1.245346269015110e-5	2.444637020635295e-13	1.963017902296887e-8	1.203252629009884e-4
1013	1.246349674321245e-5	5.378435205703840e-15	4.315350111222123e-10	1.203256944359995e-4
1014	1.246934575338072e-5	1.650510063686733e-13	1.323654100488185e-8	1.203389309770044e-4
1015	1.248339635870285e-5	4.061175541529538e-15	3.253261712465193e-10	1.203392563031756e-4
1016	1.248702181479296e-5	3.984957354495747e-14	3.191279244643347e-9	1.203424475824203e-4
1017	1.250102248146059e-5	4.511143729926900e-12	3.608619804193673e-7	1.207033095628396e-4
1018	1.251514133428091e-5	3.813547400162482e-13	3.047146890556151e-8	1.207337810317452e-4
1019	1.252473511007730e-5	6.849597608325739e-13	5.468856265722227e-8	1.207884695944024e-4
1020	1.253245191635478e-5	1.472082955027251e-12	1.174616878526532e-7	1.209059312822551e-4
1021	1.254155690214861e-5	1.362050891362526e-12	1.086030149198765e-7	1.210145342971749e-4
1022	1.254977286182786e-5	4.071479682898039e-13	3.244265635501735e-8	1.210469769535299e-4
1023	1.255800286088063e-5	1.049411143077351e-11	8.356513011685688e-7	1.218826282546985e-4
1024	1.257557714755341e-5	3.792316002845407e-13	3.015619846587484e-8	1.219127844531644e-4
1025	1.258695553268149e-5	1.819264871155972e-12	1.445357351451929e-7	1.220573201883096e-4
1026	1.260500450330685e-5	1.142511357680418e-12	9.063950412557856e-8	1.221479596924352e-4
1027	1.261256318974246e-5	1.090629651762788e-13	8.647168980289230e-9	1.221566068614154e-4
1028	1.262371706383389e-5	5.181307574526572e-12	4.104423085788790e-7	1.225670491699943e-4
1029	1.263870814388745e-5	9.025290037543817e-13	7.140990942107312e-8	1.226384590794154e-4
1030	1.264629914370356e-5	1.936745654317669e-12	1.531472276837569e-7	1.227916063070992e-4
1031	1.265860408503398e-5	5.363353777549893e-14	4.236923551381847e-9	1.227958432306505e-4
1032	1.266943569472191e-5	5.442808642416028e-14	4.296015050365269e-9	1.228001392457009e-4
1033	1.268032032484658e-5	8.265404828804500e-16	6.518293400371575e-11	1.228002044286349e-4
1034	1.268528627049143e-5	1.146504453284669e-15	9.038065273715365e-11	1.228002948092877e-4
1035	1.269437869308121e-5	5.937369312420527e-12	4.677164165314019e-7	1.232680112258191e-4
1036	1.270747785517936e-5	1.161231145951910e-11	9.138171706343840e-7	1.241818283964535e-4
1037	1.272011199272622e-5	3.742808512109987e-15	2.942433615561127e-10	1.241821226398150e-4
1038	1.272589897142351e-5	5.330343250592608e-13	4.188578946416358e-8	1.242240084292792e-4
1039	1.274655604793210e-5	3.926616310883920e-12	3.080531161608113e-7	1.245320615454400e-4
1040	1.275677007960476e-5	2.634711661058380e-12	2.065343848495551e-7	1.247385959302895e-4
1041	1.276615087902476e-5	7.988054942349897e-13	6.257214894330096e-8	1.248011680792328e-4
1042	1.277770351619525e-5	2.962939342095812e-12	2.318835570367084e-7	1.250330516362695e-4
1043	1.278644634372723e-5	7.546558049748289e-12	5.901997980424387e-7	1.256232514343120e-4
1044	1.278995419690826e-5	1.668259629789575e-12	1.304351527852107e-7	1.257536865870972e-4
1045	1.280363484490302e-5	1.229469758002109e-13	9.602505639182195e-9	1.257632890927364e-4
1046	1.282213692039696e-5	4.402043075548589e-12	3.433158687103075e-7	1.261066049614467e-4
1047	1.282818431526048e-5	3.186742796273497e-13	2.484172910177577e-8	1.261314466905485e-4
1048	1.284676924006912e-5	2.195649767167264e-12	1.709106566901681e-7	1.263023573472386e-4
1049	1.286193277696170e-5	1.252011468167248e-12	9.734240489966262e-8	1.263996997521383e-4
1050	1.287202734583742e-5	3.987459683371907e-18	3.097771296035491e-13	1.263997000619154e-4
1051	1.288319302414027e-5	5.744018295513771e-13	4.458536237678614e-8	1.264442854242922e-4
1052	1.289586831577795e-5	2.289453395741117e-13	1.775338689632862e-8	1.264620388111885e-4
1053	1.290586917770634e-5	3.012637764199694e-15	2.334316056297656e-10	1.264622722427942e-4
1054	1.291938435258186e-5	4.788587242068066e-12	3.706513492735507e-7	1.268329235920677e-4
1055	1.293817402436577e-5	2.126951882482110e-12	1.643935132172852e-7	1.269973171052850e-4
1056	1.295173162471572e-5	3.004536804670689e-12	2.319795446453776e-7	1.272292966499304e-4
1057	1.296329835006755e-5	1.640220099105324e-13	1.265279911649011e-8	1.272419494490469e-4
1058	1.297249058625571e-5	3.654723565929483e-13	2.817287506688688e-8	1.272701223241138e-4
1059	1.298127971112189e-5	4.783757544744258e-14	3.685120150862866e-9	1.272738074442646e-4
1060	1.298924037355361e-5	1.212226429918979e-12	9.332542897482293e-8	1.273671328732395e-4
1061	1.300286286887398e-5	6.904651845646455e-12	5.310101256373844e-7	1.278981429988768e-4
1062	1.302220013165547e-5	5.643809082696549e-12	4.333990436053195e-7	1.283315420424822e-4
1063	1.303431308074399e-5	9.011898088258339e-12	6.913980071241276e-7	1.290229400496063e-4
1064	1.304571697527641e-5	1.379952089806088e-12	1.057781716728413e-7	1.291287182212791e-4
1065	1.307952576839198e-5	7.027318697885671e-15	5.372762608005185e-10	1.291292554975399e-4
1066	1.310364925816930e-5	7.192741411855997e-12	5.489113200562640e-7	1.296781668175962e-4
1067	1.311022244638558e-5	9.107933329730161e-13	6.947199688622499e-8	1.297476388144824e-4
1068	1.312115798004330e-5	4.012403169075403e-12	3.057964224787241e-7	1.300534352369611e-4
1069	1.313714245914447e-5	5.609890069556504e-13	4.270251378488772e-8	1.300961377507460e-4
1070	1.314897056795392e-5	9.273383348474467e-13	7.052554647186707e-8	1.301666632972179e-4
1071	1.315442437954681e-5	6.055276186121812e-12	4.603223988680852e-7	1.306269856960860e-4
1072	1.317214917067447e-5	1.436629020963497e-12	1.090656507414831e-7	1.307360513468275e-4
1073	1.318517202305430e-5	1.440206114096405e-12	1.092292244331891e-7	1.308452805712607e-4
1074	1.318976554336661e-5	4.753393843659860e-12	3.603850142772579e-7	1.312056655855379e-4
1075	1.319628345194962e-5	1.502150087922004e-12	1.138312990465566e-7	1.313194968845844e-4
1076	1.321287838183131e-5	2.170156274370993e-12	1.642455346713188e-7	1.314837424192558e-4
1077	1.322727148414376e-5	1.189506607390955e-14	8.992834303105370e-10	1.314846417026861e-4
1078	1.324544727917454e-5	4.371566158424377e-13	3.300429246581709e-8	1.315176459951519e-4
1079	1.325196368108124e-5	4.261267774093249e-12	3.215574594561195e-7	1.318392034546080e-4
1080	1.326702348484697e-5	2.093403259633281e-13	1.577899716559842e-8	1.318549824517736e-4
1081	1.328882812560169e-5	1.615738704660861e-12	1.215862444294879e-7	1.319765686962031e-4
1082	1.330095909710128e-5	2.010447208251586e-12	1.511505443761367e-7	1.321277192405793e-4
1083	1.330631479813459e-5	1.084069856053346e-13	8.147032987715887e-9	1.321358662735670e-4
1084	1.333487740841300e-5	4.014326137709186e-13	3.010395982475654e-8	1.321659702333917e-4
1085	1.334345142029663e-5	3.378679617750698e-13	2.532088221651118e-8	1.321912911156082e-4
1086	1.335822176425957e-5	5.704316961619683e-12	4.270266703373497e-7	1.326183177859456e-4
1087	1.338186163575173e-5	7.869979978058980e-12	5.881080071126353e-7	1.332064257930582e-4
1088	1.340043601610867e-5	9.054324427551029e-13	6.756738673776601e-8	1.332739931797960e-4
1089	1.341462794837783e-5	7.976459454421810e-13	5.946090704205006e-8	1.333334540868381e-4
1090	1.342412990466985e-5	5.084530480000312e-14	3.787605242282077e-9	1.333372416920803e-4
1091	1.343998843124502e-5	7.140963661203818e-12	5.313221583288454e-7	1.338685638504092e-4
1092	1.346719717827753e-5	3.564230260407947e-12	2.646601377573218e-7	1.341332239881665e-4
1093	1.347563647917960e-5	8.578322377660286e-14	6.365801267282728e-9	1.341395897894338e-4
1094	1.349453509614953e-5	2.811689734386064e-12	2.083576584411818e-7	1.343479474478749e-4
1095	1.349985902986372e-5	6.538727352140673e-13	4.843552319824989e-8	1.343963829710732e-4
1096	1.350381952740495e-5	1.045939542928608e-12	7.745508896989892e-8	1.344738380600431e-4
1097	1.352797365099469e-5	7.490789073583703e-13	5.537258769744070e-8	1.345292106477405e-4
1098	1.354378312657302e-5	2.111535052295387e-12	1.559043756505918e-7	1.346851150233911e-4
1099	1.355647904824884e-5	1.255554808199827e-12	9.261658604208247e-8	1.347777316094332e-4
1100	1.357445594033868e-5	1.388331023948858e-12	1.022752609792050e-7	1.348800068704124e-4
1101	1.359190428863956e-5	1.623719745522375e-13	1.194622704104471e-8	1.348919530974534e-4
1102	1.362017726688007e-5	7.314187140027354e-12	5.370111560745339e-7	1.354289642535280e-4
1103	1.363409604296000e-5	9.837203847834036e-14	7.215149296908101e-9	1.354361794028249e-4
1104	1.364346201891488e-5	2.584301423846021e-13	1.894168371827638e-8	1.354551210865431e-4
1105	1.366284885440739e-5	1.229694541681555e-13	9.000279186173371e-9	1.354641213657293e-4
1106	1.367223183023333e-5	1.285453566149476e-11	9.401929268833486e-7	1.364043142926127e-4
1107	1.369899732208130e-5	2.781777624291301e-14	2.030643235331813e-9	1.364063449358480e-4
1108	1.372275253812516e-5	5.005599996062113e-13	3.647664695661699e-8	1.364428215828046e-4
1109	1.374170305677269e-5	3.275629421334090e-12	2.383714309500870e-7	1.366811930137547e-4
1110	1.376179498807908e-5	7.196767207012784e-12	5.229526535780298e-7	1.372041456673327e-4
1111	1.377877991500167e-5	2.205923787425583e-11	1.600957269826104e-6	1.388051029371588e-4
1112	1.380653589360878e-5	1.762818089580735e-12	1.276799700637989e-7	1.389327829072226e-4
1113	1.381780014858489e-5	2.507012490967170e-12	1.814335468749647e-7	1.391142164540976e-4
1114	1.382416168214994e-5	9.809741066713844e-12	7.096083865526832e-7	1.398238248406503e-4
1115	1.385230980417576e-5	8.604906706267371e-13	6.211893054596161e-8	1.398859437711963e-4
1116	1.386505866259326e-5	6.215046575055987e-13	4.482524543385922e-8	1.399307690166301e-4
1117	1.389211280778500e-5	3.401344951714351e-12	2.448400037327851e-7	1.401756090203629e-4
1118	1.390746285537498e-5	1.127474830604619e-12	8.106977112427599e-8	1.402566787914872e-4
1119	1.392075827177419e-5	3.017241805700423e-12	2.167440700280099e-7	1.404734228615152e-4
1120	1.393527881883657e-5	6.781869602423566e-12	4.866691001012761e-7	1.409600919616165e-4
1121	1.395077010957049e-5	1.894754513578551e-13	1.358171985271777e-8	1.409736736814692e-4
1122	1.397437023746609e-5	3.465405096900122e-15	2.479829171556635e-10	1.409739216643864e-4
1123	1.398801465250353e-5	1.680048820275411e-12	1.201063097238550e-7	1.410940279741102e-4
1124	1.401351858810200e-5	3.887393915370248e-13	2.774031297657671e-8	1.411217682870868e-4
1125	1.403441176829009e-5	2.054711555872736e-13	1.464052494537201e-8	1.411364088120322e-4
1126	1.404254875514855e-5	3.079279874725689e-12	2.192821209608907e-7	1.413556909329931e-4
1127	1.405801255100071e-5	1.149900918291616e-12	8.179683394931673e-8	1.414374877669424e-4
1128	1.406071767630659e-5	1.013636737997862e-11	7.208997160265293e-7	1.421583874829689e-4
1129	1.411753310479500e-5	1.004635644122606e-14	7.116226586225482e-10	1.421590991056276e-4
1130	1.413236564073733e-5	3.098544896539282e-13	2.192516791107890e-8	1.421810242735387e-4
1131	1.413458273763893e-5	3.106541805932824e-13	2.197830571722803e-8	1.422030025792559e-4
1132	1.414062489682320e-5	6.518313971983010e-13	4.609636433710507e-8	1.422490989435930e-4
1133	1.419206034061435e-5	3.238012667607393e-11	2.281566305310131e-6	1.445306652489031e-4
1134	1.420707982453921e-5	2.792976898091542e-12	1.965904980182744e-7	1.447272557469214e-4
1135	1.422830823183054e-5	1.241393015627110e-12	8.724811097709813e-8	1.448145038578985e-4
1136	1.425789580215806e-5	2.959509332249909e-12	2.075698527549880e-7	1.450220737106535e-4
1137	1.427818681668998e-5	5.942044594896873e-15	4.161624071167869e-10	1.450224898730606e-4
1138	1.428611090143643e-5	6.809567615710067e-12	4.766564996373775e-7	1.454991463726979e-4
1139	1.429298329924033e-5	9.835284751522069e-14	6.881197959592392e-9	1.455060275706575e-4
1140	1.430673272710299e-5	2.637072310877725e-11	1.843238677327072e-6	1.473492662479846e-4
1141	1.431773615474370e-5	4.140192726645437e-14	2.891653178895690e-9	1.473521579011635e-4
1142	1.434118880339255e-5	2.571943357178008e-12	1.793396204762042e-7	1.475314975216397e-4
1143	1.436114281466076e-5	2.854913408900156e-14	1.987943052822844e-9	1.475334854646925e-4
1144	1.439064933240634e-5	1.330891542705697e-12	9.248307786283547e-8	1.476259685425553e-4
1145	1.440528586038678e-5	6.716863536698656e-12	4.662776984641046e-7	1.480922462410194e-4
1146	1.443455517147452e-5	7.924568799321305e-14	5.489998621489765e-9	1.480977362396409e-4
1147	1.445559656734772e-5	6.125241514865526e-13	4.237280340751354e-8	1.481401090430484e-4
1148	1.447084045947679e-5	5.789482436266954e-12	4.000792111888350e-7	1.485401882542373e-4
1149	1.448126202933325e-5	3.243370144214092e-12	2.239701303411485e-7	1.487641583845784e-4
1150	1.448704810952285e-5	2.538377218776740e-12	1.752170076047567e-7	1.489393753921832e-4
1151	1.450825611401558e-5	5.995100352904459e-12	4.132199146328097e-7	1.493525953068160e-4
1152	1.455161344576156e-5	1.613935596476319e-11	1.109111097880633e-6	1.504617064046966e-4
1153	1.458116482356640e-5	5.647964650805999e-14	3.873466022191612e-9	1.504655798707188e-4
1154	1.459764711397114e-5	1.174842076251682e-11	8.048160549978374e-7	1.512703959257166e-4
1155	1.460515514118653e-5	2.616147021616383e-12	1.791249046193868e-7	1.514495208303360e-4
1156	1.461149739059254e-5	2.008658186100692e-12	1.374710703773555e-7	1.515869919007134e-4
1157	1.463871197572201e-5	6.955616602735183e-14	4.751522274822352e-9	1.515917434229882e-4
1158	1.468572914301615e-5	4.917555980005496e-12	3.348526948928551e-7	1.519265961178810e-4
1159	1.469232245819905e-5	1.233413239774579e-15	8.394950786601291e-11	1.519266800673889e-4
1160	1.470422611665755e-5	3.659343270710471e-12	2.488633704132867e-7	1.521755434378022e-4
1161	1.474995732353616e-5	6.633907472799473e-12	4.497577401267395e-7	1.526253011779289e-4
1162	1.475669347454463e-5	1.213656000566508e-11	8.224444064383873e-7	1.534477455843673e-4
1163	1.477510242621816e-5	5.639679665279720e-12	3.817015613558257e-7	1.538294471457231e-4
1164	1.478529933774118e-5	9.565283067883641e-13	6.469455132008830e-8	1.538941416970432e-4
1165	1.480249826910511e-5	1.054198073724072e-13	7.121757790874604e-9	1.539012634548341e-4
1166	1.483923761760219e-5	1.074479580526983e-12	7.240800425302470e-8	1.539736714590871e-4
1167	1.484860023238643e-5	6.134708836358029e-14	4.131506499163170e-9	1.539778029655863e-4
1168	1.487882844488371e-5	1.218652722691185e-13	8.190515316481360e-9	1.539859934809028e-4
1169	1.488573226584167e-5	2.665991907231349e-12	1.790971286880530e-7	1.541650906095908e-4
1170	1.492019978692722e-5	5.132743469199328e-14	3.440130522713600e-9	1.541685307401135e-4
1171	1.494632527099241e-5	1.471308503588574e-12	9.843948107057904e-8	1.542669702211841e-4
1172	1.495607409702807e-5	1.268650086997184e-12	8.482507366350097e-8	1.543517952948476e-4
1173	1.497969900140302e-5	4.192020151320227e-12	2.798467546595960e-7	1.546316420495072e-4
1174	1.500670682306750e-5	1.973008208345592e-12	1.314750952096158e-7	1.547631171447168e-4
1175	1.501045125301921e-5	4.642787319792476e-13	3.093036472743365e-8	1.547940475094442e-4
1176	1.506302650322305e-5	1.049693436665840e-11	6.968675494537805e-7	1.554909150588980e-4
1177	1.509335423683500e-5	1.659303840651052e-13	1.099360562678346e-8	1.555019086645248e-4
1178	1.511658458613580e-5	3.445568601750450e-12	2.279330084198092e-7	1.557298416729446e-4
1179	1.512619201114061e-5	1.109485898487831e-13	7.334865891366988e-9	1.557371765388360e-4
1180	1.514363260546926e-5	4.311581612709290e-12	2.847125075625595e-7	1.560218890463985e-4
1181	1.515790669040985e-5	4.733520981431304e-12	3.122806518149450e-7	1.563341696982135e-4
1182	1.516618115084866e-5	2.593008804249786e-11	1.709730866629328e-6	1.580439005648428e-4
1183	1.519853550845850e-5	8.948655048879314e-13	5.887840340866450e-8	1.581027789682515e-4
1184	1.522712722407537e-5	1.846236775970632e-12	1.212465587764694e-7	1.582240255270279e-4
1185	1.524100718325012e-5	1.616114205911902e-13	1.060372314296927e-8	1.582346292501709e-4
1186	1.525523667433652e-5	7.047891751307970e-12	4.619981912941705e-7	1.586966274414651e-4
1187	1.526877919931801e-5	5.030321886286510e-13	3.294514787738361e-8	1.587295725893425e-4
1188	1.527974156573341e-5	1.669755359139120e-12	1.092790314519284e-7	1.588388516207944e-4
1189	1.530964300165756e-5	1.198875293827420e-12	7.830850750063990e-8	1.589171601282950e-4
1190	1.532945517761355e-5	2.766109058091159e-13	1.804440553197651e-8	1.589352045338270e-4
1191	1.535418536023765e-5	1.936744782009705e-12	1.261379055006881e-7	1.590613424393277e-4
1192	1.537686832301421e-5	6.674002719831231e-13	4.340287358670038e-8	1.591047453129144e-4
1193	1.538705180437884e-5	5.676676530531703e-12	3.689255487471770e-7	1.594736708616616e-4
1194	1.542061502607819e-5	3.643655861796052e-14	2.362847302545439e-9	1.594760337089641e-4
1195	1.542175201423333e-5	4.398436183263209e-12	2.852098892008977e-7	1.597612435981650e-4
1196	1.544373808604565e-5	8.259240891443354e-13	5.347954520742667e-8	1.598147231433725e-4
1197	1.545976910307704e-5	3.236254140271445e-12	2.093339246332804e-7	1.600240570680058e-4
1198	1.550751454372825e-5	5.407246828625648e-12	3.486855880984820e-7	1.603727426561042e-4
1199	1.552172955822292e-5	1.315649789237581e-12	8.476180339971141e-8	1.604575044595040e-4
1200	1.553527778919871e-5	7.177237153199349e-12	4.619960615180955e-7	1.609195005210220e-4
1201	1.556568040551480e-5	5.865007935376969e-12	3.767909774955319e-7	1.612962914985176e-4
1202	1.558316904896722e-5	2.160843067615631e-13	1.386651881158179e-8	1.613101580173292e-4
1203	1.559305430503597e-5	3.949109823764492e-12	2.532608266803174e-7	1.615634188440095e-4
1204	1.562588312482501e-5	2.501837726935268e-13	1.601085651895457e-8	1.615794297005284e-4
1205	1.564384114328054e-5	5.345187250268318e-13	3.416799749698445e-8	1.616135976980254e-4
1206	1.564830479600077e-5	2.482264401164783e-13	1.586283264241615e-8	1.616294605306678e-4
1207	1.567656601707451e-5	8.333270625661427e-12	5.315750028791412e-7	1.621610355335470e-4
1208	1.569502608344794e-5	7.789990783286015e-13	4.963350007746328e-8	1.622106690336244e-4
1209	1.575169415431397e-5	1.222522116911187e-12	7.761210349404676e-8	1.622882811371185e-4
1210	1.576786365285706e-5	2.838033307953307e-12	1.799884480507332e-7	1.624682695851692e-4
1211	1.577257885138363e-5	1.683856031933236e-12	1.067584475436318e-7	1.625750280327129e-4
1212	1.579083320777451e-5	5.542550508872643e-12	3.509979768606388e-7	1.629260260095735e-4
1213	1.580571161632295e-5	6.620894931232278e-13	4.188925555490152e-8	1.629679152651284e-4
1214	1.583535338824663e-5	1.420286848298165e-13	8.969088428126494e-9	1.629768843535565e-4
1215	1.585168538794135e-5	1.067154746727113e-12	6.732121667888488e-8	1.630442055702354e-4
1216	1.586582581444234e-5	2.396244587389901e-12	1.510318224475053e-7	1.631952373926829e-4
1217	1.588765050392568e-5	9.652313430876792e-13	6.075356094025233e-8	1.632559909536231e-4
1218	1.590093519687597e-5	8.944516104031153e-12	5.625150969603640e-7	1.638185060505835e-4
1219	1.592838050596987e-5	3.506123852305374e-12	2.201180371721593e-7	1.640386240877557e-4
1220	1.595084791962873e-5	6.873116466612482e-12	4.308934861170978e-7	1.644695175738727e-4
1221	1.596717850756982e-5	1.769945301856150e-11	1.108489706567158e-6	1.655780072804399e-4
1222	1.598990695362752e-5	6.167507821821724e-13	3.857125522811466e-8	1.656165785356680e-4
1223	1.602010149939664e-5	1.261528559424167e-11	7.874660216551558e-7	1.664040445573232e-4
1224	1.603630346497077e-5	2.804967442591889e-14	1.749135920705777e-9	1.664057936932439e-4
1225	1.605393916368776e-5	4.074932142908483e-12	2.538275560508869e-7	1.666596212492948e-4
1226	1.606397123202762e-5	4.523225767895711e-14	2.815758135122595e-9	1.666624370074299e-4
1227	1.608003470134724e-5	1.214845559605930e-12	7.554993395033818e-8	1.667379869413803e-4
1228	1.610848546329754e-5	3.934604294527797e-12	2.442566250869839e-7	1.669822435664672e-4
1229	1.615091601362315e-5	1.036453595320953e-12	6.417305337026786e-8	1.670464166198375e-4
1230	1.616044567021494e-5	6.087663756883722e-14	3.767014772435267e-9	1.670501836346100e-4
1231	1.616912161268497e-5	2.822228287524737e-14	1.745443169473502e-9	1.670519290777794e-4
1232	1.619575123726657e-5	2.186789608644395e-14	1.350224251168153e-9	1.670532793020306e-4
1233	1.622082353204594e-5	4.508150191431812e-13	2.779236320847389e-8	1.670810716652391e-4
1234	1.623158741566557e-5	2.100765128576978e-11	1.294245026552036e-6	1.683753166917911e-4
1235	1.627323415996140e-5	8.219769373616558e-13	5.051097583196121e-8	1.684258276676231e-4
1236	1.627620346099565e-5	1.285859616716423e-12	7.900242951606383e-8	1.685048300971391e-4
1237	1.629577564975451e-5	3.916781314226524e-12	2.403556233474243e-7	1.687451857204866e-4
1238	1.631453913899367e-5	4.378416970693403e-12	2.683751550314082e-7	1.690135608755180e-4
1239	1.632679222417194e-5	3.747646174860310e-12	2.295396501286941e-7	1.692431005256467e-4
1240	1.637467813216153e-5	7.747545681990173e-13	4.731418608328677e-8	1.692904147117300e-4
1241	1.638230591282202e-5	1.251295052843969e-11	7.638088676299293e-7	1.700542235793599e-4
1242	1.642099804441124e-5	9.038376753715343e-12	5.504157986786609e-7	1.706046393780386e-4
1243	1.644976886997369e-5	7.276990783060211e-12	4.423764759602879e-7	1.710470158539988e-4
1244	1.645738170243622e-5	2.817837123139813e-13	1.712202569089518e-8	1.710641378796897e-4
1245	1.647907025186710e-5	6.191498495548090e-13	3.757189210869821e-8	1.711017097717984e-4
1246	1.649788736230073e-5	2.993820896641619e-12	1.814669254854285e-7	1.712831766972839e-4
1247	1.651582105197286e-5	2.627095926206758e-14	1.590654147886244e-9	1.712847673514318e-4
1248	1.654102220152209e-5	4.505276669740804e-12	2.723699064575484e-7	1.715571372578893e-4
1249	1.656901955861463e-5	7.277961308015664e-14	4.392511748971700e-9	1.715615297696383e-4
1250	1.658252234561734e-5	9.201666918343323e-13	5.549015238188580e-8	1.716170199220202e-4
1251	1.658797702764930e-5	1.617238049250527e-12	9.749459180916818e-8	1.717145145138293e-4
1252	1.661378007997936e-5	1.517538868861082e-12	9.134217869476978e-8	1.718058566925241e-4
1253	1.665750044245887e-5	1.334528051178063e-12	8.011574460334028e-8	1.718859724371274e-4
1254	1.666558286930966e-5	7.399459513834712e-13	4.439964429603667e-8	1.719303720814235e-4
1255	1.669410976129895e-5	9.574239049285263e-13	5.735100095891727e-8	1.719877230823824e-4
1256	1.672359997225635e-5	1.309245561707937e-14	7.828730440096105e-10	1.719885059554264e-4
1257	1.673814554155856e-5	3.371037129754352e-12	2.013984835646531e-7	1.721899044389910e-4
1258	1.675548583151653e-5	1.084665945660133e-12	6.473497435806432e-8	1.722546394133491e-4
1259	1.678114359933968e-5	1.284075462991311e-11	7.651894850848178e-7	1.730198288984339e-4
1260	1.679458806387597e-5	2.055726653040721e-12	1.224041128738638e-7	1.731422330113078e-4
1261	1.682372636199180e-5	6.592697434059855e-12	3.918690361580116e-7	1.735341020474658e-4
1262	1.685609471888457e-5	2.760655513132350e-13	1.637778832625730e-8	1.735504798357920e-4
1263	1.687386295985004e-5	1.230935496142208e-11	7.294924102863211e-7	1.742799722460784e-4
1264	1.690331813908481e-5	6.443385631194008e-13	3.811905791618065e-8	1.743180913039946e-4
1265	1.691277539657348e-5	7.123718361148427e-13	4.212033917621639e-8	1.743602116431708e-4
1266	1.694942405865177e-5	2.291811192623633e-13	1.352146942983462e-8	1.743737331126006e-4
1267	1.696947298880553e-5	1.525018717202992e-12	8.986836056776899e-8	1.744636014731684e-4
1268	1.699931617373158e-5	2.290404082993437e-12	1.347350716691013e-7	1.745983365448375e-4
1269	1.702678616239669e-5	3.909283804874462e-12	2.295961062521613e-7	1.748279326510896e-4
1270	1.705648093428943e-5	1.313741497584672e-12	7.702300976654553e-8	1.749049556608562e-4
1271	1.708036535428616e-5	2.276665636068918e-13	1.332913897826904e-8	1.749182847998345e-4
1272	1.708592938401529e-5	2.281442568082946e-13	1.335275662684961e-8	1.749316375564613e-4
1273	1.711843881500381e-5	3.159547063837327e-11	1.845698137535812e-6	1.767773356939971e-4
1274	1.714313730077307e-5	1.321433059380756e-12	7.708233540900156e-8	1.768544180294061e-4
1275	1.715276983792284e-5	8.791966565843281e-14	5.125683285509512e-9	1.768595437126916e-4
1276	1.719246248859613e-5	7.682777096569755e-13	4.468689172168205e-8	1.769042306044133e-4
1277	1.723411518022509e-5	8.739165191102874e-13	5.070852260016482e-8	1.769549391270135e-4
1278	1.723920414550080e-5	2.368707875322930e-13	1.374023913941022e-8	1.769686793661529e-4
1279	1.726155472496941e-5	1.586443142161916e-12	9.190615604671306e-8	1.770605855221996e-4
1280	1.729106190980791e-5	4.602288053020700e-13	2.661657263750916e-8	1.770872020948371e-4
1281	1.730454145219180e-5	2.351704010195191e-11	1.359009723945805e-6	1.784462118187829e-4
1282	1.732149744766238e-5	3.015506405756192e-13	1.740903992202562e-8	1.784636208587049e-4
1283	1.733462462507684e-5	8.751806607882348e-13	5.048743077609939e-8	1.785141082894810e-4
1284	1.734836491104413e-5	2.152846378871190e-14	1.240950596733567e-9	1.785153492400778e-4
1285	1.736984728048586e-5	9.322685732077168e-12	5.367166205629645e-7	1.790520658606407e-4
1286	1.740898729276118e-5	1.515723539001222e-12	8.706557788295209e-8	1.791391314385237e-4
1287	1.742490380447688e-5	4.583954423122539e-12	2.630691379739388e-7	1.794022005764976e-4
1288	1.745889950619836e-5	3.288641677422914e-12	1.883647750108970e-7	1.795905653515085e-4
1289	1.748678608869415e-5	1.832782271014298e-12	1.048095551531484e-7	1.796953749066617e-4
1290	1.749787118574426e-5	1.082050926775616e-11	6.183900403022606e-7	1.803137649469639e-4
1291	1.752923158372200e-5	1.013996485318863e-11	5.784603166863748e-7	1.808922252636503e-4
1292	1.755327881598264e-5	2.402819557391773e-12	1.368872210474976e-7	1.810291124846978e-4
1293	1.755946731771579e-5	5.679117050864466e-12	3.234219437360034e-7	1.813525344284338e-4
1294	1.757333280029874e-5	8.809728601828151e-13	5.013123408030143e-8	1.814026656625141e-4
1295	1.762310445853293e-5	1.062716075985091e-11	6.030243300694583e-7	1.820056899925836e-4
1296	1.763437828965862e-5	8.611790086987669e-13	4.883523504788320e-8	1.820545252276314e-4
1297	1.766218574866069e-5	1.997310802336518e-12	1.130840107084693e-7	1.821676092383399e-4
1298	1.767033228162089e-5	3.297243190494039e-12	1.865976902949097e-7	1.823542069286348e-4
1299	1.768755166069624e-5	3.359344841125028e-13	1.899270687977623e-8	1.823731996355146e-4
1300	1.772026517120726e-5	7.081733958684442e-14	3.996404055053975e-9	1.823771960395696e-4
1301	1.774366673980528e-5	3.583103145735243e-17	2.019370177696746e-12	1.823771980589398e-4
1302	1.777306871245417e-5	4.678390489867755e-13	2.632291904993005e-8	1.824035209779898e-4
1303	1.779312623453624e-5	6.114804167244588e-13	3.436610344154040e-8	1.824378870814313e-4
1304	1.783560137929991e-5	1.662866780578999e-11	9.323300881286404e-7	1.833702171695599e-4
1305	1.784692731151309e-5	6.736194889051865e-12	3.774428377206608e-7	1.837476600072806e-4
1306	1.787640527826267e-5	5.268095475706688e-12	2.946954599486833e-7	1.840423554672293e-4
1307	1.791015260783897e-5	4.402862132190697e-12	2.458305201857207e-7	1.842881859874150e-4
1308	1.793038378187195e-5	1.365858444537315e-11	7.617563913596931e-7	1.850499423787747e-4
1309	1.794640133682628e-5	1.054663730092298e-11	5.876742140654756e-7	1.856376165928402e-4
1310	1.796501694371276e-5	1.909173847183364e-12	1.062717532171056e-7	1.857438883460573e-4
1311	1.798120332556554e-5	1.753342397924662e-12	9.750973648308467e-8	1.858413980825404e-4
1312	1.802404277226088e-5	5.281516399444498e-13	2.930261798741837e-8	1.858707007005278e-4
1313	1.803926048345994e-5	1.598960136303927e-12	8.863778743979004e-8	1.859593384879676e-4
1314	1.805598260870649e-5	2.920085154344601e-12	1.617239680401859e-7	1.861210624560077e-4
1315	1.810970998355866e-5	1.623764319416239e-13	8.966263517695275e-9	1.861300287195254e-4
1316	1.813700944053011e-5	1.707114396007904e-13	9.412325673675164e-9	1.861394410451991e-4
1317	1.815887252077281e-5	6.215188866231137e-12	3.422673329041372e-7	1.864817083781033e-4
1318	1.818928368921527e-5	3.138810121464986e-12	1.725637015231138e-7	1.866542720796264e-4
1319	1.819939996004197e-5	7.259958169097491e-13	3.989119523191549e-8	1.866941632748583e-4
1320	1.824266372480805e-5	1.978806954404746e-12	1.084713824831284e-7	1.868026346573414e-4
1321	1.826104325605861e-5	2.516322003759881e-13	1.377972752419291e-8	1.868164143848656e-4
1322	1.829302528011274e-5	4.631236652724180e-12	2.531695322019277e-7	1.870695839170675e-4
1323	1.831023031352552e-5	3.150875105991511e-13	1.720827675042406e-8	1.870867921938179e-4
1324	1.835758695576334e-5	3.154950885095053e-12	1.718608710773155e-7	1.872586530648952e-4
1325	1.837865871007558e-5	2.750982559151397e-14	1.496835325443662e-9	1.872601499002207e-4
1326	1.839114351975914e-5	2.353591697028477e-12	1.279741901040475e-7	1.873881240903247e-4
1327	1.840095835529536e-5	2.032343496937756e-12	1.104476983044144e-7	1.874985717886291e-4
1328	1.844916744781992e-5	4.696683703033904e-12	2.545742899411374e-7	1.877531460785703e-4
1329	1.848830220681319e-5	4.888200130783829e-13	2.643942140334801e-8	1.877795854999736e-4
1330	1.850876822079710e-5	1.048093228544589e-12	5.662684928794531e-8	1.878362123492616e-4
1331	1.854772116783452e-5	3.524721711911344e-11	1.900352975989266e-6	1.897365653252508e-4
1332	1.856210352232547e-5	2.377264740465637e-12	1.280708696407384e-7	1.898646361948916e-4
1333	1.857579419110465e-5	8.893391228781273e-13	4.787623687734457e-8	1.899125124317689e-4
1334	1.860859328027625e-5	2.838767079235449e-12	1.525514065721634e-7	1.900650638383411e-4
1335	1.865080122042441e-5	7.036927446943176e-12	3.772989355136693e-7	1.904423627738547e-4
1336	1.868513871382253e-5	2.536152063174314e-11	1.357309732626266e-6	1.917996725064810e-4
1337	1.871799913040420e-5	7.739059566863399e-13	4.134554934502917e-8	1.918410180558260e-4
1338	1.878125002859018e-5	1.839707419506109e-13	9.795447143856626e-9	1.918508135029699e-4
1339	1.880330245108549e-5	7.244331717804506e-15	3.852691162443277e-10	1.918511987720861e-4
1340	1.882913295013912e-5	2.413383898990938e-11	1.281728641133795e-6	1.931329274132199e-4
1341	1.886120094325539e-5	3.224119293372473e-12	1.709392367470319e-7	1.933038666499669e-4
1342	1.888450571587001e-5	8.638561026589291e-12	4.574417332686492e-7	1.937613083832356e-4
1343	1.891240336041505e-5	1.093178882730987e-11	5.780221909919100e-7	1.943393305742275e-4
1344	1.894921789419119e-5	2.298172234841414e-11	1.212805851763365e-6	1.955521364259909e-4
1345	1.899158173432593e-5	1.502795230721211e-12	7.912954548725215e-8	1.956312659714781e-4
1346	1.900399022681740e-5	4.353213755001065e-12	2.290684063212181e-7	1.958603343777993e-4
1347	1.905486519384576e-5	4.200393450664431e-13	2.204367970034788e-8	1.958823780574997e-4
1348	1.908116061405271e-5	8.871661628431467e-14	4.649435014921342e-9	1.958870274925146e-4
1349	1.910656466709364e-5	1.240150040952186e-12	6.490701298533481e-8	1.959519345054999e-4
1350	1.912448777745903e-5	1.321128171012976e-12	6.908044735033983e-8	1.960210149528503e-4
1351	1.919889708266915e-5	3.244870877592405e-12	1.690134002812876e-7	1.961900283531316e-4
1352	1.921074332657386e-5	2.166606853424685e-11	1.127810005366975e-6	1.973178383584985e-4
1353	1.922286948644076e-5	1.769201936182478e-11	9.203630797318895e-7	1.982382014382304e-4
1354	1.925885329778588e-5	1.237473934634616e-12	6.425480871059359e-8	1.983024562469410e-4
1355	1.928646068551875e-5	3.805296300202656e-11	1.973040239083299e-6	2.002754964860243e-4
1356	1.931066101544560e-5	4.214465818993677e-12	2.182455492136051e-7	2.004937420352379e-4
1357	1.937865319371925e-5	2.561504849278156e-11	1.321817787682147e-6	2.018155598229201e-4
1358	1.942086730515878e-5	1.595218424865235e-12	8.213940190207141e-8	2.018976992248221e-4
1359	1.943798506675508e-5	1.294244520912418e-12	6.658326552199969e-8	2.019642824903441e-4
1360	1.945530479722406e-5	6.431519198201269e-12	3.305792052725351e-7	2.022948616956167e-4
1361	1.947711324617580e-5	5.085300799327947e-12	2.610910936879422e-7	2.025559527893046e-4
1362	1.953225433734979e-5	9.886628236377674e-12	5.061693374262670e-7	2.030621221267309e-4
1363	1.959935418431613e-5	8.666274325481170e-14	4.421714227918862e-9	2.030665438409588e-4
1364	1.961949543658227e-5	1.262899551385837e-11	6.436962436001540e-7	2.037102400845590e-4
1365	1.963950284121900e-5	2.441825198266184e-11	1.243323325446574e-6	2.049535634100055e-4
1366	1.967475561053324e-5	1.129504837799645e-12	5.740883699693551e-8	2.050109722470025e-4
1367	1.970478372642761e-5	8.505145206654601e-12	4.316284474235408e-7	2.054426006944260e-4
1368	1.973348800790740e-5	1.225192870063974e-11	6.208698987087470e-7	2.060634705931348e-4
1369	1.974589114448680e-5	1.687729311535288e-14	8.547243065332676e-10	2.060643253174413e-4
1370	1.980619304774252e-5	1.189716483848478e-11	6.006790305338767e-7	2.066650043479752e-4
1371	1.984855002756535e-5	1.762453137855544e-11	8.879505734211702e-7	2.075529549213963e-4
1372	1.988033112265729e-5	1.041173737040089e-12	5.237205208586693e-8	2.076053269734822e-4
1373	1.991542472404505e-5	7.547700420616891e-14	3.789876703711026e-9	2.076091168501859e-4
1374	1.994861029759576e-5	1.078842099031910e-12	5.408106544454044e-8	2.076631979156305e-4
1375	2.000495081363496e-5	4.610258345650356e-12	2.304558700793256e-7	2.078936537857098e-4
1376	2.003895541771540e-5	1.177924757211328e-12	5.878174449003396e-8	2.079524355301998e-4
1377	2.005491315269950e-5	2.901731550629513e-13	1.446893102221649e-8	2.079669044612221e-4
1378	2.009466596025590e-5	9.353652649438770e-12	4.654793798483055e-7	2.084323838410704e-4
1379	2.013870272814106e-5	6.519903799642451e-13	3.237499399865407e-8	2.084647588350690e-4
1380	2.016719229146423e-5	3.037174749315966e-12	1.505997813389944e-7	2.086153586164080e-4
1381	2.022080364634587e-5	2.516665777787698e-12	1.244592362303309e-7	2.087398178526383e-4
1382	2.027316004760644e-5	4.546888289256667e-12	2.242811815513437e-7	2.089640990341897e-4
1383	2.029900022677650e-5	6.079794630031439e-11	2.995120233562811e-6	2.119592192677525e-4
1384	2.033593618647867e-5	9.996644579419986e-14	4.915753318535065e-9	2.119641350210710e-4
1385	2.040445316801312e-5	4.068786737880838e-11	1.994068012692072e-6	2.139582030337631e-4
1386	2.044703470499970e-5	4.646878092344770e-12	2.272641563624147e-7	2.141854671901255e-4
1387	2.047461436040598e-5	4.391042177077900e-12	2.144627537195202e-7	2.143999299438451e-4
1388	2.050370118981531e-5	4.368920395865221e-11	2.130795974550863e-6	2.165307259183959e-4
1389	2.054961721894072e-5	2.787640867668221e-12	1.356541505356525e-7	2.166663800689316e-4
1390	2.060617947517657e-5	1.131023685653439e-13	5.488759752946622e-9	2.166718688286845e-4
1391	2.068094044515186e-5	3.750423233265567e-12	1.813468417073248e-7	2.168532156703918e-4
1392	2.069206221073920e-5	1.221406296573297e-11	5.902777036594191e-7	2.174434933740513e-4
1393	2.076467245459512e-5	8.582653562334636e-13	4.133295904908597e-8	2.174848263331004e-4
1394	2.077710847020596e-5	1.449770070661800e-11	6.977727785080139e-7	2.181825991116084e-4
1395	2.078812647702359e-5	5.744947202118879e-12	2.763571411049753e-7	2.184589562527133e-4
1396	2.083453987646967e-5	1.552569451503223e-12	7.451901797249096e-8	2.185334752706858e-4
1397	2.086868550360243e-5	3.380845128338710e-14	1.620056580830209e-9	2.185350953272666e-4
1398	2.092628896952535e-5	1.334615436556439e-12	6.377697634301140e-8	2.185988723036097e-4
1399	2.095118062747688e-5	1.648857222685277e-12	7.869996693755997e-8	2.186775722705472e-4
1400	2.100351444052267e-5	1.553662234477044e-12	7.397153647198777e-8	2.187515438070192e-4
1401	2.102530096806050e-5	4.744170285390325e-16	2.256410166302583e-11	2.187515663711209e-4
1402	2.111523046736044e-5	3.389367529891264e-13	1.605176668628121e-8	2.187676181378071e-4
1403	2.112101706942439e-5	2.029539578119628e-12	9.609099653906672e-8	2.188637091343462e-4
1404	2.115662057770610e-5	2.071980237319714e-12	9.793531200834005e-8	2.189616444463545e-4
1405	2.120826962295475e-5	1.983192055617603e-12	9.351031889330077e-8	2.190551547652478e-4
1406	2.126029195296423e-5	4.434796714741959e-13	2.085952876166235e-8	2.190760142940095e-4
1407	2.128794844042682e-5	6.932322778575483e-14	3.256454137877689e-9	2.190792707481474e-4
1408	2.131960507359561e-5	3.352207279813244e-13	1.572358994569258e-8	2.190949943380930e-4
1409	2.134440939408299e-5	1.253495687084957e-12	5.872711977837374e-8	2.191537214578714e-4
1410	2.137720607227893e-5	1.656227995570383e-11	7.747635448573004e-7	2.199284850027287e-4
1411	2.142739779546610e-5	1.656532155140153e-13	7.730906808901755e-9	2.199362159095376e-4
1412	2.147229290722254e-5	2.161633329730156e-11	1.006708197894906e-6	2.209429241074325e-4
1413	2.147946402606585e-5	1.367352242574090e-12	6.365858295694784e-8	2.210065826903894e-4
1414	2.152928267063560e-5	2.208446507300535e-11	1.025787315391004e-6	2.220323700057805e-4
1415	2.158347417097199e-5	2.059475550965873e-11	9.541909400923508e-7	2.229865609458728e-4
1416	2.160845995557151e-5	7.286298185169242e-13	3.371965517279055e-8	2.230202806010456e-4
1417	2.167522039677651e-5	4.673336339415064e-12	2.156073273474106e-7	2.232358879283930e-4
1418	2.169034257593163e-5	4.276570810407401e-11	1.971647425777791e-6	2.252075353541708e-4
1419	2.174717310156182e-5	4.182635453131654e-11	1.923300758953020e-6	2.271308361131238e-4
1420	2.178274263685975e-5	6.206861232247769e-12	2.849439731131379e-7	2.274157800862369e-4
1421	2.181455359284488e-5	1.260920281824191e-11	5.780179165517142e-7	2.279937980027886e-4
1422	2.184892043851375e-5	1.000068396763398e-11	4.577198217082376e-7	2.284515178244969e-4
1423	2.189050079835396e-5	3.171969956054942e-13	1.449016623819523e-8	2.284660079907351e-4
1424	2.194658763352211e-5	5.147904185954228e-12	2.345651302114553e-7	2.287005731209465e-4
1425	2.200844221224216e-5	1.078585192163012e-13	4.900779354401788e-9	2.287054739003009e-4
1426	2.202226218546663e-5	2.954098195521919e-11	1.341414506213374e-6	2.300468884065143e-4
1427	2.206265033596855e-5	3.616164193422113e-13	1.639043423321953e-8	2.300632788407475e-4
1428	2.212923393981847e-5	1.037463445141506e-11	4.688203161315653e-7	2.305320991568791e-4
1429	2.216651526351408e-5	6.851262942714749e-12	3.090816423451041e-7	2.308411807992242e-4
1430	2.223284174999123e-5	1.041992276834216e-11	4.686725559203998e-7	2.313098533551446e-4
1431	2.224198378963751e-5	1.438596360164861e-11	6.467931879507528e-7	2.319566465430954e-4
1432	2.228771185948219e-5	1.585837462886153e-11	7.115299555577600e-7	2.326681764986531e-4
1433	2.234819303726843e-5	1.012076073553455e-11	4.528670715639920e-7	2.331210435702171e-4
1434	2.240514507296150e-5	5.129363036472974e-12	2.289368365957640e-7	2.333499804068129e-4
1435	2.244746912562536e-5	2.051228820236171e-17	9.137906856031931e-13	2.333499813206036e-4
1436	2.248217474011578e-5	2.889368068087952e-12	1.285181750203349e-7	2.334784994956239e-4
1437	2.251794560289261e-5	8.302732707117213e-13	3.687162609563575e-8	2.335153711217195e-4
1438	2.255397786918371e-5	4.777608447925876e-15	2.118299696681750e-10	2.335155829516892e-4
1439	2.258642716364330e-5	9.060601720355300e-12	4.011524998933821e-7	2.339167354515826e-4
1440	2.260279793742795e-5	3.279955787780030e-12	1.451128217338418e-7	2.340618482733164e-4
1441	2.269965782372887e-5	1.577364935054375e-11	6.948848953156872e-7	2.347567331686321e-4
1442	2.272202232091110e-5	9.102203941658234e-12	4.005895167738423e-7	2.351573226854060e-4
1443	2.279241360314227e-5	6.248781005111627e-13	2.741605656125046e-8	2.351847387419672e-4
1444	2.282478273376282e-5	2.481414789860614e-12	1.087158120541521e-7	2.352934545540213e-4
1445	2.284549426739228e-5	3.321410824426467e-12	1.453858159316416e-7	2.354388403699530e-4
1446	2.287221070114391e-5	1.438558781619339e-12	6.289548484910522e-8	2.355017358548021e-4
1447	2.297308962912797e-5	1.370710247696710e-11	5.966590780017519e-7	2.360983949328039e-4
1448	2.301627727981259e-5	1.769588179395286e-12	7.688420494253342e-8	2.361752791377464e-4
1449	2.306188119716891e-5	1.277757448194400e-11	5.540560361360540e-7	2.367293351738825e-4
1450	2.308498015569335e-5	2.890484201026691e-12	1.252105993391475e-7	2.368545457732216e-4
1451	2.312582353231396e-5	5.583170372127111e-12	2.414257967646292e-7	2.370959715699862e-4
1452	2.318886948486283e-5	4.990324766149938e-12	2.152034522169143e-7	2.373111750222031e-4
1453	2.325194420301315e-5	8.057453980865600e-12	3.465281832140927e-7	2.376577032054172e-4
1454	2.335581378060653e-5	1.043018982934044e-11	4.465778810927637e-7	2.381042810865100e-4
1455	2.336319008884735e-5	8.363134684328390e-12	3.579620185652907e-7	2.384622431050753e-4
1456	2.339029971979454e-5	2.477780557487210e-11	1.059319712517551e-6	2.395215628175929e-4
1457	2.346189646277260e-5	6.377092907318830e-11	2.718063698489794e-6	2.422396265160826e-4
1458	2.350027882392663e-5	7.342086433295340e-14	3.124255030463745e-9	2.422427507711131e-4
1459	2.356680415146861e-5	1.408649497791283e-12	5.977261442568147e-8	2.423025233855388e-4
1460	2.358143157647417e-5	8.447916415728773e-12	3.582444258454932e-7	2.426607678113843e-4
1461	2.362441082154378e-5	1.210633216227739e-12	5.124501200782234e-8	2.427120128233921e-4
1462	2.366072811680022e-5	7.602196773078531e-12	3.213002040998315e-7	2.430333130274919e-4
1463	2.379358298763075e-5	1.068832979181122e-11	4.492106042779525e-7	2.434825236317699e-4
1464	2.385253467235093e-5	1.025302784180051e-13	4.298506629438207e-9	2.434868221383993e-4
1465	2.387215303323968e-5	5.104943801004837e-14	2.138451355391654e-9	2.434889605897547e-4
1466	2.388173797322415e-5	1.271344410036602e-10	5.323500372803748e-6	2.488124609625585e-4
1467	2.399682470858760e-5	2.022426133848544e-11	8.427890599729185e-7	2.496552500225314e-4
1468	2.403733248391126e-5	7.513499425243222e-12	3.125762573809794e-7	2.499678262799124e-4
1469	2.408182743853072e-5	6.938393374793259e-11	2.881173944337749e-6	2.528490002242502e-4
1470	2.411681341864946e-5	8.900281558817087e-15	3.690488210160686e-10	2.528493692730712e-4
1471	2.412574944198361e-5	1.970329019641091e-11	8.166913216019422e-7	2.536660605946732e-4
1472	2.419398552688240e-5	2.125579839929317e-12	8.785571263434645e-8	2.537539163073075e-4
1473	2.426953471680275e-5	5.481168252387574e-13	2.258456256515188e-8	2.537765008698726e-4
1474	2.433794317797061e-5	7.345972645867148e-12	3.018321060308960e-7	2.540783329759036e-4
1475	2.438896607646237e-5	1.007233981131373e-13	4.129875690398569e-9	2.540824628515940e-4
1476	2.442994775655752e-5	2.585762562978033e-12	1.058439661330819e-7	2.541883068177270e-4
1477	2.446692482122873e-5	1.778136001835403e-12	7.267509157066617e-8	2.542609819092977e-4
1478	2.450896978220741e-5	7.165545325298189e-11	2.923641992696121e-6	2.571846239019938e-4
1479	2.453818548414000e-5	4.832891993448057e-11	1.969539270363632e-6	2.591541631723575e-4
1480	2.460399733855177e-5	2.661109824386394e-12	1.081576212096531e-7	2.592623207935671e-4
1481	2.467316270647749e-5	2.714691696031268e-11	1.100260930601562e-6	2.603625817241687e-4
1482	2.470704670503273e-5	2.926197670840748e-11	1.184357525921823e-6	2.615469392500906e-4
1483	2.482247007856792e-5	3.546535735700471e-12	1.428760201734558e-7	2.616898152702640e-4
1484	2.486701903447739e-5	3.147081650177603e-11	1.265564499634744e-6	2.629553797698987e-4
1485	2.493324209941169e-5	2.232194400259506e-12	8.952684096835428e-8	2.630449066108671e-4
1486	2.497223957610490e-5	3.191564272568632e-12	1.278044871723293e-7	2.631727110980394e-4
1487	2.500337889736601e-5	9.946706158635125e-13	3.978144793735443e-8	2.632124925459768e-4
1488	2.502835101490541e-5	2.392957987530275e-11	9.560989400001501e-7	2.641685914859770e-4
1489	2.505761763655805e-5	5.807215780404270e-12	2.317545053417919e-7	2.644003459913187e-4
1490	2.515051757279324e-5	8.252882719558984e-11	3.281396772719541e-6	2.676817427640383e-4
1491	2.522474984546244e-5	9.192200220687099e-12	3.644119476705391e-7	2.680461547117088e-4
1492	2.524291627440410e-5	1.180848551614817e-11	4.677940293341535e-7	2.685139487410430e-4
1493	2.542339712928431e-5	9.221854662565789e-13	3.627310156730967e-8	2.685502218426103e-4
1494	2.544547934469414e-5	1.604665370709908e-17	6.306288629789602e-13	2.685502224732392e-4
1495	2.548147669489136e-5	1.677158024132196e-11	6.581871389221489e-7	2.692084096121613e-4
1496	2.551923646514435e-5	4.265209012847516e-11	1.671370151953091e-6	2.708797797641144e-4
1497	2.560108374019871e-5	2.949110434101454e-11	1.151947497234570e-6	2.720317272613490e-4
1498	2.570319238206575e-5	3.088408151811649e-12	1.201565979005226e-7	2.721518838592495e-4
1499	2.576222746458343e-5	1.923511505617786e-11	7.466402151219762e-7	2.728985240743715e-4
1500	2.582284329890456e-5	1.392224894422045e-11	5.391446938304833e-7	2.734376687682020e-4
1501	2.592032966021905e-5	1.703152783220915e-13	6.570721921931458e-9	2.734442394901239e-4
1502	2.600512411636246e-5	1.730234854143090e-12	6.653438170112109e-8	2.735107738718250e-4
1503	2.600701524243521e-5	2.937429529496451e-11	1.129475836467192e-6	2.746402497082922e-4
1504	2.611448565004787e-5	7.071723694837651e-12	2.707969741240026e-7	2.749110466824161e-4
1505	2.618275280025629e-5	8.344376875111304e-12	3.186974623626903e-7	2.752297441447788e-4
1506	2.623583930527042e-5	2.467902158504130e-11	9.406606473642953e-7	2.761704047921431e-4
1507	2.629783842842301e-5	7.508100938592347e-12	2.855025883221452e-7	2.764559073804652e-4
1508	2.635321953931093e-5	3.935529916353879e-11	1.493377274257999e-6	2.779492846547232e-4
1509	2.646065944625661e-5	3.237897741459887e-11	1.223664794914229e-6	2.791729494496375e-4
1510	2.653935445015047e-5	6.274599351483700e-13	2.364262236773482e-8	2.791965920720052e-4
1511	2.658461837316662e-5	8.342134243685172e-12	3.137955236591008e-7	2.795103875956643e-4
1512	2.661845607400745e-5	7.231009392420464e-13	2.716539746826805e-8	2.795375529931326e-4
1513	2.674172333036423e-5	8.936049264739204e-15	3.341613086914504e-10	2.795378871544413e-4
1514	2.677598944829686e-5	1.198375949061242e-12	4.475561776625466e-8	2.795826427722075e-4
1515	2.693050477305452e-5	4.751345767594806e-12	1.764298815649677e-7	2.797590726537725e-4
1516	2.702007877692974e-5	4.834339453152035e-12	1.789165565749455e-7	2.799379892103474e-4
1517	2.705063101664525e-5	7.838285768787751e-12	2.897635091752413e-7	2.802277527195227e-4
1518	2.709267873630393e-5	8.477212364575025e-11	3.128967957389773e-6	2.833567206769125e-4
1519	2.718469764287200e-5	2.776415524236843e-13	1.021315580077763e-8	2.833669338327133e-4
1520	2.729425727141601e-5	1.646324605217318e-11	6.031761878867596e-7	2.839701100206000e-4
1521	2.733647845252487e-5	4.535927326253666e-11	1.659294679865656e-6	2.856294047004657e-4
1522	2.741932369091009e-5	1.210277222887119e-10	4.413957238807985e-6	2.900433619392737e-4
1523	2.756058519926791e-5	6.591957561186172e-12	2.391806093203446e-7	2.902825425485940e-4
1524	2.759997526721008e-5	1.808690314699560e-11	6.553231650349917e-7	2.909378657136290e-4
1525	2.766833208942283e-5	2.499099982207739e-11	9.032347790718853e-7	2.918411004927010e-4
1526	2.773757583758075e-5	3.470242733640584e-11	1.251098060609487e-6	2.930921985533105e-4
1527	2.789064959239883e-5	1.299523451466326e-11	4.659351684015604e-7	2.935581337217120e-4
1528	2.792070023757006e-5	2.695858417527759e-12	9.655411198821636e-8	2.936546878337002e-4
1529	2.795215242449171e-5	2.050025808624834e-11	7.334053483582890e-7	2.943880931820585e-4
1530	2.798384143574211e-5	1.182334368622099e-12	4.225060992205214e-8	2.944303437919805e-4
1531	2.814311491679212e-5	7.817551998097605e-12	2.777784911588842e-7	2.947081222831394e-4
1532	2.823669025148953e-5	1.210612192491411e-12	4.287372853224358e-8	2.947509960116717e-4
1533	2.831171923192043e-5	8.901366460294724e-13	3.144057196731013e-8	2.947824365836390e-4
1534	2.841898744684026e-5	2.559367912239682e-11	9.005837794281592e-7	2.956830203630671e-4
1535	2.846734618349453e-5	1.333896089345560e-12	4.685705793394108e-8	2.957298774210010e-4
1536	2.852997638658308e-5	1.376547226552259e-14	4.824915407920258e-10	2.957303599125418e-4
1537	2.857323877185074e-5	3.933538876461266e-12	1.376651386239224e-7	2.958680250511658e-4
1538	2.868822701467749e-5	6.893851758113221e-13	2.403024681374065e-8	2.958920552979795e-4
1539	2.874320738834660e-5	3.401978210533426e-11	1.183576406268667e-6	2.970756317042482e-4
1540	2.886781625316976e-5	3.627583166116496e-11	1.256618489705877e-6	2.983322501939540e-4
1541	2.896667984568333e-5	5.390016172426420e-12	1.860764230191764e-7	2.985183266169732e-4
1542	2.898177435435216e-5	5.520218190583242e-11	1.904720574761593e-6	3.004230471917348e-4
1543	2.912221172639848e-5	5.183557297678961e-11	1.779932563631562e-6	3.022029797553664e-4
1544	2.916603422038550e-5	4.337812900892165e-12	1.487282387490400e-7	3.023517079941154e-4
1545	2.932573379781767e-5	8.495009630373752e-11	2.896776492940110e-6	3.052484844870555e-4
1546	2.935567636687181e-5	2.606103685631275e-11	8.877682302603289e-7	3.061362527173158e-4
1547	2.941889601665582e-5	1.582494743701893e-11	5.379177868557497e-7	3.066741705041715e-4
1548	2.948378358151956e-5	7.171812431950048e-11	2.432460003690076e-6	3.091066305078616e-4
1549	2.957856968051708e-5	4.920772256093369e-12	1.663627521291065e-7	3.092729932599907e-4
1550	2.975703768354281e-5	1.517744332127677e-11	5.100455052913646e-7	3.097830387652821e-4
1551	2.982213636827319e-5	5.615699079484267e-11	1.883063979768608e-6	3.116661027450507e-4
1552	2.990273339255866e-5	5.679090210324292e-12	1.899187654777253e-7	3.118560215105284e-4
1553	3.007251378069329e-5	1.483299179227215e-10	4.932408344857093e-6	3.167884298553855e-4
1554	3.015706361451733e-5	2.958521189172401e-13	9.810375529228237e-9	3.167982402309147e-4
1555	3.021314849545797e-5	1.922757537509410e-12	6.363976060947316e-8	3.168618799915242e-4
1556	3.038712595511174e-5	2.555492883329841e-11	8.409788036897100e-7	3.177028587952139e-4
1557	3.042214084062410e-5	7.241715039670027e-13	2.380409412213301e-8	3.177266628893360e-4
1558	3.059517086564370e-5	7.071710828804367e-12	2.311381381022264e-7	3.179578010274383e-4
1559	3.069001388085863e-5	2.840770201521539e-11	9.256334039305626e-7	3.188834344313689e-4
1560	3.078715040799138e-5	1.647180796066192e-12	5.350221680921257e-8	3.189369366481781e-4
1561	3.084017055915503e-5	1.787861794598137e-11	5.797185171751273e-7	3.195166551653532e-4
1562	3.094817043115034e-5	1.877093619411503e-14	6.065281382585857e-10	3.195172616934915e-4
1563	3.100104843778498e-5	1.118060801758109e-10	3.606525772836069e-6	3.231237874663276e-4
1564	3.112053108018869e-5	5.092882293480352e-11	1.636502372134156e-6	3.247602898384617e-4
1565	3.139791887789378e-5	4.931891296650891e-11	1.570770125189180e-6	3.263310599636509e-4
1566	3.144761561416301e-5	2.362524990355018e-11	7.512572715659281e-7	3.270823172352169e-4
1567	3.155498763893745e-5	4.586695263712568e-12	1.453556349378122e-7	3.272276728701546e-4
1568	3.164748766276289e-5	4.466966975495540e-11	1.411476014493078e-6	3.286391488846477e-4
1569	3.170496456385120e-5	3.329915328645046e-11	1.050281990361121e-6	3.296894308750088e-4
1570	3.189269218245887e-5	3.348271773929078e-11	1.049855482495342e-6	3.307392863575041e-4
1571	3.201190399830403e-5	3.645199472348714e-11	1.138701238308673e-6	3.318779875958128e-4
1572	3.207503627515846e-5	1.723703320412196e-12	5.373971538567437e-8	3.319317273111985e-4
1573	3.213292519021019e-5	4.877384600800852e-12	1.517877557654423e-7	3.320835150669640e-4
1574	3.225533660941865e-5	7.694080489024536e-11	2.385366670387759e-6	3.344688817373517e-4
1575	3.241360817483261e-5	3.359767517715423e-12	1.036529935079581e-7	3.345725347308597e-4
1576	3.247765314231109e-5	2.377394281124008e-11	7.320092590147153e-7	3.353045439898744e-4
1577	3.256631457809911e-5	4.246859369078174e-11	1.304065082001693e-6	3.366086090718761e-4
1578	3.268355654017224e-5	2.429321219770737e-11	7.432854551140398e-7	3.373518945269901e-4
1579	3.281727552252183e-5	2.469579741212017e-12	7.525243037061971e-8	3.374271469573607e-4
1580	3.295210400953019e-5	2.191595651144690e-13	6.650851947149873e-9	3.374337978093078e-4
1581	3.300026904193279e-5	5.336712530611237e-12	1.617172430876240e-7	3.375955150523954e-4
1582	3.307230103482052e-5	1.256400751533744e-11	3.798951727643412e-7	3.379754102251597e-4
1583	3.314477095417704e-5	1.605032507037929e-16	4.842490869093354e-12	3.379754150676506e-4
1584	3.339091069986834e-5	6.256809660124921e-13	1.873806233188360e-8	3.379941531299825e-4
1585	3.360906518047020e-5	2.393769794842360e-11	7.122393264997295e-7	3.387063924564822e-4
1586	3.362428591404199e-5	9.150079555198542e-12	2.721271041588823e-7	3.389785195606411e-4
1587	3.377345526851183e-5	2.556239141383862e-12	7.568781817142448e-8	3.390542073788126e-4
1588	3.391281369797650e-5	3.730175964783114e-11	1.099931134586360e-6	3.401541385133989e-4
1589	3.403502745632307e-5	6.998402843689708e-11	2.056235404149655e-6	3.422103739175486e-4
1590	3.415084947395777e-5	2.516265548780643e-11	7.368090655254295e-7	3.429471829830740e-4
1591	3.434804804193113e-5	7.856526168730584e-11	2.287328281112090e-6	3.452345112641861e-4
1592	3.455059225715932e-5	2.946567105290037e-14	8.528268005824042e-10	3.452353640909867e-4
1593	3.458912023138398e-5	4.048638350336639e-11	1.170494746108969e-6	3.464058588370957e-4
1594	3.472878706111334e-5	9.240394037731280e-11	2.660730425589200e-6	3.490665892626849e-4
1595	3.484154780627671e-5	1.147618375431598e-10	3.293821450793454e-6	3.523604107134784e-4
1596	3.509287244076839e-5	9.407755535455927e-12	2.680816610647885e-7	3.526284923745432e-4
1597	3.516557126530620e-5	2.266914857716657e-11	6.446404184973839e-7	3.532731327930405e-4
1598	3.525905755431958e-5	1.919491321622398e-14	5.443966613870089e-10	3.532736771897019e-4
1599	3.539418941753044e-5	5.505687210174306e-11	1.555534199477213e-6	3.548292113891791e-4
1600	3.556492747719706e-5	7.947990259630010e-12	2.234783204528105e-7	3.550526897096319e-4
1601	3.568018662183241e-5	1.329648419618563e-10	3.726573612720294e-6	3.587792633223522e-4
1602	3.578334073975821e-5	1.308420950024158e-10	3.656508651721261e-6	3.624357719740735e-4
1603	3.581219414063660e-5	7.121170222403069e-12	1.988476381658664e-7	3.626346196122393e-4
1604	3.594973642903028e-5	7.354629401264377e-14	2.045808991057118e-9	3.626366654212304e-4
1605	3.607011969255387e-5	1.591005023878279e-11	4.410867048513615e-7	3.630777521260817e-4
1606	3.627374852544345e-5	7.975292873755410e-13	2.198640393661358e-8	3.630997385300184e-4
1607	3.639194621028735e-5	2.153502205097744e-12	5.917524148485874e-8	3.631589137715032e-4
1608	3.656947150299090e-5	1.913162480209493e-10	5.231583617644082e-6	3.683904973891473e-4
1609	3.675912083666193e-5	9.723619928853663e-12	2.645226465578511e-7	3.686550200357052e-4
1610	3.688945864865806e-5	1.023661990370275e-11	2.774944463457213e-7	3.689325144820509e-4
1611	3.694649633960910e-5	1.341441399120736e-10	3.630767547727175e-6	3.725632820297780e-4
1612	3.740975439546894e-5	9.206102034640404e-11	2.460882778678559e-6	3.750241648084566e-4
1613	3.744996668856809e-5	6.836378887981331e-11	1.825469951637685e-6	3.768496347600943e-4
1614	3.763933633812718e-5	1.283280205472233e-12	3.409412413502945e-8	3.768837288842293e-4
1615	3.770278600238777e-5	4.432559042103991e-11	1.175658223724706e-6	3.780593871079540e-4
1616	3.781114592978903e-5	7.843173271843598e-11	2.074301923143899e-6	3.801336890310979e-4
1617	3.806879587274472e-5	1.325826224511500e-11	3.482711218246654e-7	3.804819601529226e-4
1618	3.833561994973261e-5	4.531196336488802e-11	1.181980712045432e-6	3.816639408649680e-4
1619	3.857878010572016e-5	2.356056324354052e-10	6.107130183737236e-6	3.877710710487052e-4
1620	3.861955538479812e-5	2.074733960523592e-12	5.372236784839508e-8	3.878247934165536e-4
1621	3.878509302450051e-5	4.874412833345733e-13	1.256774820745324e-8	3.878373611647611e-4
1622	3.909239882283009e-5	6.324195707564057e-11	1.617755854846827e-6	3.894551170196080e-4
1623	3.919028617902648e-5	9.609911653574705e-11	2.452115712979318e-6	3.919072327325873e-4
1624	3.931292403137099e-5	1.469324812506305e-10	3.737510878951184e-6	3.956447436115385e-4
1625	3.958712717582223e-5	1.595607479672638e-15	4.030622056978038e-11	3.956447839177590e-4
1626	3.990150015690461e-5	8.429251122818426e-11	2.112514840212046e-6	3.977572987579710e-4
1627	4.000253556420248e-5	2.688962113180819e-11	6.721979182707412e-7	3.984294966762418e-4
1628	4.012975265198125e-5	8.362069690890423e-11	2.083758094252190e-6	4.005132547704940e-4
1629	4.016001459037564e-5	1.211211400833055e-11	3.015963547790449e-7	4.008148511252731e-4
1630	4.067018239958716e-5	6.136086825727132e-12	1.508743375045551e-7	4.009657254627776e-4
1631	4.080657191007357e-5	5.799374593868286e-12	1.421186422287201e-7	4.011078441050063e-4
1632	4.113514051400524e-5	8.090860260134834e-11	1.966897440736868e-6	4.030747415457432e-4
1633	4.124080071899216e-5	1.554782871679413e-10	3.770011359074816e-6	4.068447529048180e-4
1634	4.155981924701570e-5	2.306809084202609e-11	5.550575353785386e-7	4.073998104401965e-4
1635	4.177900953745230e-5	1.026632691548982e-10	2.457293035223032e-6	4.098571034754195e-4
1636	4.204965714111326e-5	1.035934218840466e-13	2.463597302027942e-9	4.098595670727216e-4
1637	4.211629994401097e-5	3.123709714679901e-11	7.416866436112700e-7	4.106012537163328e-4
1638	4.230905084894537e-5	2.884327365453455e-12	6.817282136040525e-8	4.106694265376932e-4
1639	4.262245732488087e-5	2.205017951401746e-10	5.173371245572382e-6	4.158427977832656e-4
1640	4.311811195958155e-5	1.055293954825121e-13	2.447449359133215e-9	4.158452452326248e-4
1641	4.322566148216510e-5	2.526877049834550e-11	5.845779944575605e-7	4.164298232270823e-4
1642	4.337418273511389e-5	2.194138299956337e-11	5.058627417503031e-7	4.169356859688326e-4
1643	4.353454950111290e-5	2.271525977250098e-11	5.217754641499229e-7	4.174574614329826e-4
1644	4.379126000912592e-5	2.554093556026345e-11	5.832427647649514e-7	4.180407041977475e-4
1645	4.387181514874827e-5	1.126701817502731e-10	2.568167771683541e-6	4.206088719694311e-4
1646	4.455589514423431e-5	1.138422979924838e-14	2.555044570958763e-10	4.206091274738882e-4
1647	4.466210331521227e-5	9.730169931245917e-12	2.178618830952312e-7	4.208269893569834e-4
1648	4.471813349850771e-5	1.535452719607704e-10	3.433624347623865e-6	4.242606137046072e-4
1649	4.520015952607266e-5	1.330980700606397e-11	2.944637175093711e-7	4.245550774221166e-4
1650	4.534456477477291e-5	2.074008758198056e-10	4.573886128358903e-6	4.291289635504755e-4
1651	4.579881828975406e-5	6.710297847059048e-11	1.465168337882694e-6	4.305941318883582e-4
1652	4.600531463189001e-5	8.065803886815780e-11	1.753233066951947e-6	4.323473649553101e-4
1653	4.619868591583464e-5	5.838412078049650e-11	1.263761503668339e-6	4.336111264589784e-4
1654	4.671003100167973e-5	1.324872106128322e-11	2.836375994014388e-7	4.338947640583799e-4
1655	4.674715286912002e-5	5.196078820623680e-11	1.111528403702224e-6	4.350062924620821e-4
1656	4.684242030687099e-5	1.754333860858205e-10	3.745181929894587e-6	4.387514743919767e-4
1657	4.714645254184234e-5	1.325661598020665e-11	2.811795005879063e-7	4.390326538925646e-4
1658	4.758412836357841e-5	3.919671570895704e-12	8.237350784165836e-8	4.391150274004063e-4
1659	4.815760782942979e-5	2.104911349684491e-13	4.370880208875637e-9	4.391193982806152e-4
1660	4.817932866042709e-5	1.491315792916028e-10	3.095343655423213e-6	4.422147419360384e-4
1661	4.834523132632666e-5	1.554620482846937e-10	3.215664586137496e-6	4.454304065221759e-4
1662	4.877867961128662e-5	4.610708680078648e-11	9.452303171838628e-7	4.463756368393598e-4
1663	4.910837272338694e-5	4.627487680245727e-12	9.423011644696531e-8	4.464698669558067e-4
1664	4.931864742983658e-5	1.014770230554892e-10	2.057579198615615e-6	4.485274461544224e-4
1665	4.974912639662280e-5	8.542406661724943e-12	1.717096817664891e-7	4.486991558361889e-4
1666	4.975909286850767e-5	1.012171836013990e-10	2.034144470215191e-6	4.507333003064041e-4
1667	5.001135677783815e-5	9.377926428677536e-11	1.875159370367899e-6	4.526084596767720e-4
1668	5.024654683071292e-5	1.920378906840757e-10	3.821912206844303e-6	4.564303718836163e-4
1669	5.064042020893367e-5	2.602126720658883e-11	5.138438247397939e-7	4.569442157083561e-4
1670	5.104482039041606e-5	5.447415155553886e-10	1.067182745259824e-5	4.676160431609543e-4
1671	5.124445777931116e-5	1.498808909840024e-11	2.924821482734345e-7	4.679085253092278e-4
1672	5.167092601943993e-5	1.092104963369759e-11	2.113577300625271e-7	4.681198830392903e-4
1673	5.202177353934566e-5	3.472086099581835e-11	6.674293979915525e-7	4.687873124372819e-4
1674	5.255268427721118e-5	3.272752946518488e-11	6.227565711496258e-7	4.694100690084315e-4
1675	5.296634463741745e-5	3.457670539194941e-11	6.528052035428382e-7	4.700628742119743e-4
1676	5.322920564191908e-5	1.416842015455629e-10	2.661775614287651e-6	4.727246498262620e-4
1677	5.399090533810354e-5	1.712760298916053e-12	3.172312611152474e-8	4.727563729523735e-4
1678	5.460392739903933e-5	1.537953108588414e-10	2.816561338801194e-6	4.755729342911747e-4
1679	5.478312608336139e-5	1.691469494150586e-12	3.087573884660655e-8	4.756038100300213e-4
1680	5.493958438977233e-5	6.880855657914457e-12	1.252440427852128e-7	4.757290540728065e-4
1681	5.541064565893783e-5	1.454629528028385e-10	2.625180614176349e-6	4.783542346869829e-4
1682	5.610917950775658e-5	6.828242232341520e-11	1.216956350501896e-6	4.795711910374847e-4
1683	5.626925795493761e-5	2.983907997261666e-12	5.302909804944085e-8	4.796242201355342e-4
1684	5.698472782199868e-5	1.677304522131766e-10	2.943428153892579e-6	4.825676482894268e-4
1685	5.711940475053468e-5	6.778122538035106e-12	1.186658468805500e-7	4.826863141363074e-4
1686	5.770798624822484e-5	6.285619610698310e-13	1.089211393317621e-8	4.826972062502405e-4
1687	5.791293367354287e-5	1.789962220421354e-10	3.090781466039055e-6	4.857879877162796e-4
1688	5.834399234684176e-5	1.142842337238124e-9	1.958800368758083e-5	5.053759914038604e-4
1689	5.906336691675964e-5	7.389876931085324e-11	1.251177729420704e-6	5.066271691332811e-4
1690	5.952561817848503e-5	5.573974025906200e-11	9.363991834898507e-7	5.075635683167710e-4
1691	6.017998555093013e-5	6.601844045762466e-11	1.097016555475133e-6	5.086605848722461e-4
1692	6.047349942770673e-5	4.747032148747977e-10	7.849772534534460e-6	5.165103574067806e-4
1693	6.107641725789865e-5	1.497673079164018e-10	2.452129883192080e-6	5.189624872899727e-4
1694	6.164053487585415e-5	1.094515172677560e-9	1.775641913039765e-5	5.367189064203703e-4
1695	6.227547236292090e-5	6.892392790698254e-11	1.106758813571363e-6	5.378256652339417e-4
1696	6.304648141086227e-5	8.880716159211266e-11	1.408598221578343e-6	5.392342634555201e-4
1697	6.378671935259195e-5	9.016880320886052e-10	1.413598381042880e-5	5.533702472659489e-4
1698	6.389292860424115e-5	2.469687653947062e-11	3.865353659470738e-7	5.537567826318960e-4
1699	6.436905045110963e-5	3.804478096134823e-12	5.910415128811706e-8	5.538158867831841e-4
1700	6.494975414870454e-5	1.102654761225219e-10	1.697704287995695e-6	5.555135910711798e-4
1701	6.581093507581408e-5	4.332326309574644e-11	6.582988533112030e-7	5.561718899244910e-4
1702	6.630934962770455e-5	1.758956040622465e-13	2.652651625295930e-9	5.561745425761163e-4
1703	6.653025781137619e-5	2.245959851635049e-11	3.375847209254324e-7	5.565121272970417e-4
1704	6.698555716103931e-5	7.005279049128654e-10	1.045789472540675e-5	5.669700220224485e-4
1705	6.809699251560297e-5	1.641292746715800e-10	2.410227949993140e-6	5.693802499724417e-4
1706	6.861428511995860e-5	7.288899081898743e-12	1.062300520825297e-7	5.694864800245243e-4
1707	6.920944975325613e-5	5.576994923306569e-11	8.058140822083600e-7	5.702922941067326e-4
1708	6.984205295291813e-5	4.049915471976529e-12	5.798677588567814e-8	5.703502808826182e-4
1709	7.002741106460077e-5	8.951857745208368e-11	1.278336241354149e-6	5.716286171239724e-4
1710	7.058402762518902e-5	1.441649137584252e-10	2.042458026396013e-6	5.736710751503684e-4
1711	7.113709005758400e-5	8.715557143614905e-10	1.225177630482192e-5	5.859228514551903e-4
1712	7.143981928665273e-5	1.974062290851043e-10	2.763252077850457e-6	5.886861035330408e-4
1713	7.171612048810084e-5	4.052918951652434e-11	5.651336023293251e-7	5.892512371353701e-4
1714	7.265090527600672e-5	5.668513888597505e-10	7.802399525597594e-6	5.970536366609677e-4
1715	7.327400162263363e-5	9.983755820848404e-11	1.362523623626489e-6	5.984161602845942e-4
1716	7.368954924437266e-5	9.472036761710540e-13	1.285397571139829e-8	5.984290142603056e-4
1717	7.442867492315842e-5	1.206670302350885e-12	1.621243833235879e-8	5.984452266986380e-4
1718	7.549422499548980e-5	3.584985315177265e-11	4.748688148519228e-7	5.989200955134900e-4
1719	7.630476393525064e-5	2.194644015129965e-12	2.876155959269146e-8	5.989488570730827e-4
1720	7.678533002090683e-5	2.023995649721502e-12	2.635914502380098e-8	5.989752162181065e-4
1721	7.791701922627444e-5	1.202210161139513e-10	1.542936540793793e-6	6.005181527589003e-4
1722	7.841784887608832e-5	3.426856185379447e-12	4.369995140767481e-8	6.005618527103080e-4
1723	7.872930737143826e-5	8.767474742695610e-10	1.113622745508404e-5	6.116980801653920e-4
1724	7.936384887666170e-5	7.600633699706859e-12	9.576946944091512e-8	6.117938496348330e-4
1725	8.044353743646636e-5	2.428218851276066e-13	3.018538130790000e-9	6.117968681729638e-4
1726	8.190084691367164e-5	5.386162066515689e-12	6.576442453877216e-8	6.118626325975026e-4
1727	8.254797637990840e-5	1.381696941128250e-11	1.673810796729047e-7	6.120300136771756e-4
1728	8.297247019822258e-5	2.434484560247186e-12	2.934087118813219e-8	6.120593545483637e-4
1729	8.364284450494648e-5	1.765938843706364e-11	2.111285016857515e-7	6.122704830500494e-4
1730	8.550992070318849e-5	3.525939213320831e-10	4.123427064749174e-6	6.163939101147986e-4
1731	8.588224518763640e-5	7.356454326315060e-11	8.565745236681463e-7	6.172504846384668e-4
1732	8.695814482223425e-5	8.222711365012643e-11	9.455941570306115e-7	6.181960787954974e-4
1733	8.765529022698294e-5	2.601213816186117e-10	2.967549145579561e-6	6.211636279410769e-4
1734	8.794732588134833e-5	2.914398585636811e-10	3.313800114364694e-6	6.244774280554416e-4
1735	8.898372016202673e-5	2.929210372038934e-10	3.291849752634816e-6	6.277692778080764e-4
1736	8.921888756391752e-5	2.833327332409665e-10	3.175703497064828e-6	6.309449813051412e-4
1737	9.029049233628653e-5	1.345198225655255e-9	1.489855898276720e-5	6.458435402879085e-4
1738	9.212590318211816e-5	6.724698725392196e-11	7.299465723661394e-7	6.465734868602746e-4
1739	9.329953007776142e-5	3.624315809251339e-11	3.884602426433034e-7	6.469619471029179e-4
1740	9.354680037722966e-5	3.905559880420779e-10	4.174979651545021e-6	6.511369267544630e-4
1741	9.373228741383571e-5	6.684436591214394e-10	7.131413065491573e-6	6.582683398199546e-4
1742	9.614562832560718e-5	2.724690258529303e-10	2.833920071021696e-6	6.611022598909763e-4
1743	9.630534011847401e-5	3.680457686922303e-11	3.821654834918432e-7	6.614844253744681e-4
1744	9.736557690976253e-5	2.930137723368900e-10	3.009418540275813e-6	6.644938439147439e-4
1745	9.878482480226819e-5	2.563566139691511e-10	2.595101165409618e-6	6.670889450801535e-4
1746	9.935285561575665e-5	3.869258370158446e-10	3.894461156831419e-6	6.709834062369849e-4
1747	1.008087823945282e-4	4.491553323470421e-10	4.455517879277768e-6	6.754389241162627e-4
1748	1.019668655626258e-4	2.033835657194879e-10	1.994604468787700e-6	6.774335285850504e-4
1749	1.027877198989082e-4	1.162530278630376e-10	1.131001134934918e-6	6.785645297199853e-4
1750	1.048858722111421e-4	2.649781537192437e-12	2.526347430146028e-8	6.785897931942868e-4
1751	1.062711005319772e-4	1.365747238891814e-13	1.285153943127612e-9	6.785910783482299e-4
1752	1.073589479190857e-4	4.505168771291866e-10	4.196360767886179e-6	6.827874391161161e-4
1753	1.082542956793343e-4	1.239859020804797e-11	1.145320851264367e-7	6.829019712012426e-4
1754	1.088026679536293e-4	1.008265879743562e-12	9.266922389929592e-9	6.829112381236325e-4
1755	1.112030741592149e-4	3.645466343537863e-12	3.278206444471554e-8	6.829440201880772e-4
1756	1.114631554115580e-4	6.920221401545724e-10	6.208528168787280e-6	6.891525483568645e-4
1757	1.123005880214310e-4	2.359460345144728e-10	2.101022253502768e-6	6.912535706103673e-4
1758	1.136496679108841e-4	2.119177878686936e-10	1.864658223505451e-6	6.931182288338727e-4
1759	1.163720874895299e-4	8.979351268787498e-11	7.716069602683185e-7	6.938898357941410e-4
1760	1.174819766081075e-4	5.001212321405805e-11	4.257003896085852e-7	6.943155361837496e-4
1761	1.178770574255192e-4	5.165196671352663e-9	4.381850704592199e-5	7.381340432296716e-4
1762	1.197586334274470e-4	1.587349146136813e-11	1.325456963483532e-7	7.382665889260199e-4
1763	1.209093223706614e-4	1.863912600151819e-10	1.541578898637593e-6	7.398081678246575e-4
1764	1.242385325217569e-4	6.707790903317115e-11	5.399122773880504e-7	7.403480801020456e-4
1765	1.248173816945846e-4	1.289170277501832e-9	1.032845153454909e-5	7.506765316365947e-4
1766	1.255898472231439e-4	2.778063831979984e-9	2.212013067460789e-5	7.727966623112026e-4
1767	1.262165589820154e-4	7.576591484641451e-10	6.002850613064993e-6	7.787995129242676e-4
1768	1.285122317943202e-4	2.935935516790255e-10	2.284557256377843e-6	7.810840701806454e-4
1769	1.294694906956883e-4	2.157417817697144e-9	1.666352285858642e-5	7.977475930392318e-4
1770	1.319369534281130e-4	8.262162388796521e-10	6.262204919941728e-6	8.040097979591735e-4
1771	1.336682974124335e-4	1.744568202168846e-10	1.305147320599126e-6	8.053149452797727e-4
1772	1.348576660223142e-4	1.665069514227235e-10	1.234686587228734e-6	8.065496318670014e-4
1773	1.358690059174351e-4	1.279938453928071e-12	9.420385799435846e-9	8.065590522528008e-4
1774	1.387396037364758e-4	6.289219132145485e-11	4.533110202686846e-7	8.070123632730695e-4
1775	1.389810662153529e-4	9.793217951133053e-10	7.046440366170696e-6	8.140588036392402e-4
1776	1.398784143610471e-4	9.838049749045606e-13	7.033286582483074e-9	8.140658369258227e-4
1777	1.408092135652576e-4	9.741942615629682e-10	6.918540604670593e-6	8.209843775304933e-4
1778	1.425689138319903e-4	3.071046503168706e-11	2.154078628099648e-7	8.211997853933032e-4
1779	1.445905199996725e-4	9.370305936753615e-10	6.480581117472184e-6	8.276803665107754e-4
1780	1.470065520245856e-4	4.391797841334401e-10	2.987484422190862e-6	8.306678509329662e-4
1781	1.501779288593972e-4	3.513995009251119e-13	2.339887782405806e-9	8.306701908207487e-4
1782	1.512335589588623e-4	5.146547726789812e-10	3.403046097850377e-6	8.340732369185991e-4
1783	1.517995495768299e-4	2.494486637184608e-10	1.643276705456942e-6	8.357165136240560e-4
1784	1.544442788168551e-4	1.567256542306101e-10	1.014771511325844e-6	8.367312851353818e-4
1785	1.552981027898471e-4	4.001069601869125e-9	2.576380219714250e-5	8.624950873325244e-4
1786	1.574058341036852e-4	1.910696505649271e-10	1.213866383370943e-6	8.637089537158954e-4
1787	1.576423612678114e-4	5.174195642132542e-13	3.282236830582825e-9	8.637122359527260e-4
1788	1.606298245436152e-4	1.471107753732580e-13	9.158372412547428e-10	8.637131517899672e-4
1789	1.625358790502601e-4	1.618158880780762e-9	9.955702643847560e-6	8.736688544338148e-4
1790	1.640769717073508e-4	1.811131955098810e-9	1.103830681571306e-5	8.847071612495278e-4
1791	1.650562165731647e-4	1.807142874547985e-9	1.094865078133504e-5	8.956558120308629e-4
1792	1.655916927625842e-4	3.254401164085278e-9	1.965316683338246e-5	9.153089788642454e-4
1793	1.670229107246566e-4	1.337785972118752e-9	8.009595607659724e-6	9.233185744719052e-4
1794	1.684736091158325e-4	1.195673369178888e-10	7.097095951430671e-7	9.240282840670482e-4
1795	1.698310000329089e-4	4.569129834286260e-11	2.690398003545219e-7	9.242973238674028e-4
1796	1.731889691856968e-4	4.950544330831414e-10	2.858463996932356e-6	9.271557878643351e-4
1797	1.760452150451742e-4	1.168940949090982e-9	6.640004096623842e-6	9.337957919609589e-4
1798	1.776515840580349e-4	1.276504411124324e-10	7.185437821411815e-7	9.345143357431001e-4
1799	1.794732071540411e-4	1.579221529377001e-9	8.799204931026623e-6	9.433135406741268e-4
1800	1.824899745349547e-4	9.020732780653971e-10	4.943138823730896e-6	9.482566794978577e-4
1801	1.829094717876899e-4	1.623364126500021e-9	8.875232707381731e-6	9.571319122052395e-4
1802	1.863892408078914e-4	1.906322405776825e-9	1.022764188272886e-5	9.673595540879683e-4
1803	1.886569153926160e-4	1.125303979301372e-9	5.964817016961658e-6	9.733243711049300e-4
1804	1.917324150643015e-4	2.774654472346717e-11	1.447149388597738e-7	9.734690860437897e-4
1805	1.935762841388851e-4	1.829985219606771e-9	9.453561048283228e-6	9.829226470920731e-4
1806	1.948273138428033e-4	4.983077908609710e-9	2.557689581775127e-5	1.008499542909824e-3
1807	1.988064984516569e-4	4.019354464581289e-9	2.021741993287338e-5	1.028716962842698e-3
1808	2.015041456831932e-4	5.131548108629866e-11	2.546621604846650e-7	1.028971625003182e-3
1809	2.035806713960282e-4	3.259737432157677e-10	1.601201828152176e-6	1.030572826831335e-3
1810	2.061050446349457e-4	8.197185279065925e-9	3.977188085611791e-5	1.070344707687452e-3
1811	2.088477686551202e-4	1.586840216438560e-9	7.598071201129189e-6	1.077942778888582e-3
1812	2.096800268088112e-4	7.458390532976518e-9	3.557034328203884e-5	1.113513122170620e-3
1813	2.148205974005201e-4	1.690466409444657e-10	7.869200765198896e-7	1.114300042247140e-3
1814	2.179003043853025e-4	5.122013114306267e-11	2.350622285157189e-7	1.114535104475656e-3
1815	2.189486818166688e-4	3.329424315563383e-10	1.520641406898806e-6	1.116055745882555e-3
1816	2.251012925611413e-4	3.358250669454081e-9	1.491884222984603e-5	1.130974588112401e-3
1817	2.274957385015849e-4	3.646574883313959e-9	1.602920084276020e-5	1.147003788955161e-3
1818	2.280986523758194e-4	1.432709027020943e-9	6.281093781564240e-6	1.153284882736725e-3
1819	2.327436978553436e-4	7.357904393027856e-9	3.161376424293554e-5	1.184898646979661e-3
1820	2.360859102551173e-4	1.928641400773810e-10	8.169235507064765e-7	1.185715570530367e-3
1821	2.414545341331707e-4	1.368742837167211e-10	5.668739425751686e-7	1.186282444472943e-3
1822	2.436200309002874e-4	6.750225224144178e-12	2.770800577932368e-8	1.186310152478722e-3
1823	2.498424259592852e-4	1.661731577053937e-9	6.651118482674100e-6	1.192961270961396e-3
1824	2.532329065531679e-4	2.110595700619204e-9	8.334602833996502e-6	1.201295873795393e-3
1825	2.553525856400912e-4	2.892772049037306e-9	1.132854026829612e-5	1.212624414063689e-3
1826	2.594241130716793e-4	3.057428184389951e-9	1.178544333519675e-5	1.224409857398885e-3
1827	2.652374184487006e-4	5.994688725921117e-9	2.260121803696618e-5	1.247011075435852e-3
1828	2.679842854110531e-4	1.454389594547164e-8	5.427145074258065e-5	1.301282526178432e-3
1829	2.711189817239613e-4	3.324183066089088e-9	1.226097503373479e-5	1.313543501212167e-3
1830	2.769988733447454e-4	8.118927627923141e-12	2.931032725832982e-8	1.313572811539426e-3
1831	2.810020833850284e-4	1.664468183382256e-9	5.923330401439071e-6	1.319496141940865e-3
1832	2.837257970965942e-4	3.595878384373522e-9	1.267378018203015e-5	1.332169922122895e-3
1833	2.865117932239802e-4	5.938885269265071e-11	2.072824019715780e-7	1.332377204524866e-3
1834	2.954209988859377e-4	1.226240808216992e-9	4.150824798647590e-6	1.336528029323514e-3
1835	2.967339113349499e-4	3.651161713068175e-9	1.230449764451352e-5	1.348832526968027e-3
1836	3.049962021210546e-4	8.688094172112807e-9	2.848590937097786e-5	1.377318436339005e-3
1837	3.072691013691151e-4	2.023781196704600e-10	6.586347887526380e-7	1.377977071127758e-3
1838	3.128084964225641e-4	1.785630497782184e-10	5.708382343202171e-7	1.378547909362078e-3
1839	3.147778657120249e-4	1.747761895534037e-9	5.552365925032925e-6	1.384100275287111e-3
1840	3.214186057127812e-4	2.450943548508743e-10	7.625394127615935e-7	1.384862814699872e-3
1841	3.263390794785541e-4	1.418833191905368e-10	4.347726892447182e-7	1.385297587389117e-3
1842	3.286602389958925e-4	9.899771358100955e-10	3.012159727123147e-6	1.388309747116240e-3
1843	3.302194472629978e-4	1.702014524020902e-9	5.154192274646263e-6	1.393463939390887e-3
1844	3.348168951602541e-4	1.519803139325174e-8	4.539206836016287e-5	1.438856007751049e-3
1845	3.429143887706367e-4	7.569506773730373e-11	2.207404244793399e-7	1.439076748175529e-3
1846	3.496064222721301e-4	5.060910519819143e-9	1.447602274273950e-5	1.453552770918268e-3
1847	3.549061253371447e-4	7.663003891682937e-10	2.159163605419160e-6	1.455711934523688e-3
1848	3.584858703566250e-4	1.391919803662177e-10	3.882774521287220e-7	1.456100211975816e-3
1849	3.625473362911736e-4	2.500770876883767e-8	6.897777549454442e-5	1.525077987470361e-3
1850	3.769946298653280e-4	6.160167945837064e-10	1.634020078227011e-6	1.526712007548588e-3
1851	3.791543680182971e-4	1.522908559956148e-11	4.016592418322492e-8	1.526752173472771e-3
1852	3.826458925975440e-4	1.111190102675892e-8	2.903964537898777e-5	1.555791818851759e-3
1853	3.907055434200575e-4	1.242281133289626e-8	3.179584099102524e-5	1.587587659842784e-3
1854	3.951813925668503e-4	8.633365854502652e-12	2.184658998852584e-8	1.587609506432772e-3
1855	3.969555937315251e-4	1.655978578101601e-9	4.171697298770395e-6	1.591781203731543e-3
1856	3.999701130285105e-4	1.168577588307494e-9	2.921662269861139e-6	1.594702866001404e-3
1857	4.091949268423526e-4	2.106441939391280e-8	5.147771395032013e-5	1.646180579951724e-3
1858	4.174140442431360e-4	8.486730704168377e-9	2.033168462157687e-5	1.666512264573301e-3
1859	4.240517389692916e-4	5.808952364479069e-10	1.369868775588192e-6	1.667882133348889e-3
1860	4.288251405232699e-4	1.704154477589915e-9	3.974007856699905e-6	1.671856141205589e-3
1861	4.361690696881644e-4	4.533725623655398e-10	1.039442257310164e-6	1.672895583462899e-3
1862	4.395791571099492e-4	3.373332478182293e-8	7.674004610137924e-5	1.749635629564278e-3
1863	4.478852784988999e-4	3.026720984755992e-9	6.757804129888200e-6	1.756393433694166e-3
1864	4.587636959592998e-4	4.294960778608200e-10	9.362032820899666e-7	1.757329636976256e-3
1865	4.648528157708142e-4	9.099220448428257e-9	1.957441181321022e-5	1.776904048789467e-3
1866	4.758068862152895e-4	8.306695153701961e-10	1.745812302082448e-6	1.778649861091549e-3
1867	4.850559753287399e-4	3.531691705824279e-9	7.280998246502838e-6	1.785930859338052e-3
1868	4.904578152048129e-4	2.015861040775135e-8	4.110161930916161e-5	1.827032478647213e-3
1869	5.123905411031342e-4	7.692186781987641e-9	1.501235125345406e-5	1.842044829900667e-3
1870	5.234403862238877e-4	1.324469845096777e-8	2.530316498219665e-5	1.867347994882864e-3
1871	5.286969749949879e-4	6.018483560232691e-9	1.138361640955057e-5	1.878731611292415e-3
1872	5.356574074015240e-4	1.838105161373943e-8	3.431493966060504e-5	1.913046550953020e-3
1873	5.543119491355252e-4	2.266485028921455e-8	4.088825854207441e-5	1.953934809495094e-3
1874	5.592267360832571e-4	1.116759958443626e-8	1.996971686771005e-5	1.973904526362804e-3
1875	5.702881910813823e-4	3.776480493244532e-9	6.622056273133690e-6	1.980526582635938e-3
1876	5.783044514277983e-4	2.382321499919353e-11	4.119493623190253e-8	1.980567777572170e-3
1877	5.812441483849473e-4	3.201015829030361e-9	5.507179449332515e-6	1.986074957021502e-3
1878	5.935757622609156e-4	8.319284920510542e-9	1.401554013732399e-5	2.000090497158826e-3
1879	6.068169724721907e-4	3.532772416512240e-8	5.821808843150214e-5	2.058308585590328e-3
1880	6.205336419790113e-4	2.710435200474310e-7	4.367910161695934e-4	2.495099601759922e-3
1881	6.257418070750105e-4	1.431096096707628e-7	2.287039287653152e-4	2.723803530525237e-3
1882	6.401880200139218e-4	9.650452954933246e-8	1.507440416445685e-4	2.874547572169806e-3
1883	6.517566997342961e-4	2.242278342556836e-8	3.440361017341216e-5	2.908951182343218e-3
1884	6.586299124402561e-4	8.448687504831180e-9	1.282767051002645e-5	2.921778852853244e-3
1885	6.743651872377947e-4	7.608035123869392e-9	1.128177324074507e-5	2.933060626093990e-3
1886	6.811359754116982e-4	9.176711372143533e-8	1.347265700743066e-4	3.067787196168296e-3
1887	7.022212530756037e-4	5.037295546110356e-8	7.173373810672777e-5	3.139520934275024e-3
1888	7.033887476718259e-4	6.327968231239952e-8	8.996402419266932e-5	3.229484958467693e-3
1889	7.090733057861049e-4	3.591098193793973e-9	5.064494974624307e-6	3.234549453442317e-3
1890	7.328562433234579e-4	5.906179911367328e-9	8.059124780848105e-6	3.242608578223165e-3
1891	7.398785439955508e-4	1.109569312244611e-8	1.499664128996939e-5	3.257605219513134e-3
1892	7.673159410467683e-4	5.093607323979223e-10	6.638213871890308e-7	3.258269040900323e-3
1893	7.805558279952741e-4	6.343950974218028e-8	8.127478838395706e-5	3.339543829284281e-3
1894	8.035967717452416e-4	1.671390543354842e-8	2.079887080338733e-5	3.360342700087668e-3
1895	8.131797112613095e-4	6.031646933573705e-8	7.417360332586406e-5	3.434516303413532e-3
1896	8.254762665581381e-4	7.443415838849278e-9	9.017116712373753e-6	3.443533420125905e-3
1897	8.316025051308725e-4	9.809190226479619e-8	1.179552750978775e-4	3.561488695223783e-3
1898	8.474306691676094e-4	5.211331790141658e-8	6.149567132448132e-5	3.622984366548264e-3
1899	8.579209319516224e-4	6.494507088501510e-8	7.570053190948057e-5	3.698684898457745e-3
1900	8.726378477005567e-4	1.087623441767714e-8	1.246362903733381e-5	3.711148527495078e-3
1901	9.144857938098446e-4	8.986213519831900e-10	9.826520631222038e-7	3.712131179558201e-3
1902	9.586189710839496e-4	6.602173075118891e-8	6.887171310258490e-5	3.781002892660786e-3
1903	9.732074174224893e-4	5.640617255423685e-9	5.795904505498622e-6	3.786798797166284e-3
1904	9.840288425015558e-4	2.896989798609547e-10	2.944009030512707e-7	3.787093198069336e-3
1905	1.009783278067515e-3	4.832477701736072e-8	4.785658276085030e-5	3.834949780830186e-3
1906	1.033420228000738e-3	1.471185790230305e-7	1.423608470560395e-4	3.977310627886225e-3
1907	1.088798359275193e-3	5.099586565974376e-9	4.683683183880936e-6	3.981994311070106e-3
1908	1.103651567923588e-3	7.089660151684884e-9	6.423821029877558e-6	3.988418132099984e-3
1909	1.118745634498945e-3	3.244960110424004e-10	2.900534321975103e-7	3.988708185532182e-3
1910	1.138656033769516e-3	5.641499398509410e-8	4.954524659947789e-5	4.038253432131660e-3
1911	1.155229752272654e-3	1.595434052829083e-9	1.381053465503659e-6	4.039634485597163e-3
1912	1.205432688624874e-3	1.824857900595284e-8	1.513861302929352e-5	4.054773098626457e-3
1913	1.232898911574302e-3	6.714207478715019e-8	5.445870229653762e-5	4.109231800922994e-3
1914	1.297388320714914e-3	1.400538301464007e-10	1.079505865053767e-7	4.109339751509500e-3
1915	1.381296347809634e-3	1.861144595175479e-8	1.347389789400917e-5	4.122813649403509e-3
1916	1.446963993875433e-3	8.708640268309257e-8	6.018560451518028e-5	4.182999253918689e-3
1917	1.522597813227494e-3	2.699876837092898e-8	1.773204199847031e-5	4.200731295917159e-3
1918	1.568529198300996e-3	5.650499908153162e-8	3.602419332884391e-5	4.236755489246003e-3
1919	1.652209808589461e-3	1.990445445802262e-8	1.204717122156273e-5	4.248802660467565e-3
1920	1.741717570290889e-3	2.394575542761903e-9	1.374835727449185e-6	4.250177496195015e-3
1921	1.762596942931357e-3	1.628565621390236e-9	9.239580426604990e-7	4.251101454237675e-3
1922	1.788395015047285e-3	1.172879562157468e-8	6.558280202578498e-6	4.257659734440254e-3
1923	1.830301312242315e-3	5.861820655275431e-8	3.202653364267150e-5	4.289686268082926e-3
1924	1.848549491558407e-3	7.182373908552783e-9	3.885410664605864e-6	4.293571678747532e-3
1925	1.859108335589734e-3	3.181591465287817e-8	1.711353450673747e-5	4.310685213254269e-3
1926	1.954757014015695e-3	8.561924351028227e-8	4.380045340489304e-5	4.354485666659162e-3
1927	2.000269807924348e-3	5.250056435019530e-8	2.624674138569056e-5	4.380732408044852e-3
1928	2.102704169850405e-3	1.806711803256955e-7	8.592325202767310e-5	4.466655660072525e-3
1929	2.140099476004221e-3	1.109999015783741e-7	5.186670190940000e-5	4.518522361981925e-3
1930	2.214786410051565e-3	5.572393802490777e-8	2.515996024357508e-5	4.543682322225500e-3
1931	2.248850510576049e-3	7.490859777017293e-8	3.330972753319423e-5	4.576992049758694e-3
1932	2.325109127427299e-3	5.732902265968553e-9	2.465648686482053e-6	4.579457698445176e-3
1933	2.351874849287190e-3	1.200426422968134e-7	5.104125431384927e-5	4.630498952759026e-3
1934	2.442287737572089e-3	3.856231692420233e-9	1.578942412515965e-6	4.632077895171541e-3
1935	2.512455920445174e-3	1.376924741929222e-8	5.480393628896977e-6	4.637558288800438e-3
1936	2.571439776331631e-3	4.602943351326101e-7	1.790025725546089e-4	4.816560861355047e-3
1937	2.691134229467510e-3	1.758729117535607e-7	6.535270884216000e-5	4.881913570197207e-3
1938	2.718868676793646e-3	1.427026914493319e-9	5.248605519911346e-7	4.882438430749198e-3
1939	2.821100489605574e-3	2.481238987630720e-6	8.795287501359543e-4	5.761967180885152e-3
1940	2.907262183625033e-3	4.410987925713947e-8	1.517230867776065e-5	5.777139489562912e-3
1941	3.039511660968490e-3	1.192880346217908e-6	3.924578943177394e-4	6.169597383880652e-3
1942	3.171903681770431e-3	2.528182207141909e-7	7.970551633304255e-5	6.249302900213694e-3
1943	3.519277755930662e-3	4.136676118906895e-8	1.175433258126841e-5	6.261057232794963e-3
1944	3.645244756782713e-3	1.022581609796493e-7	2.805248146626569e-5	6.289109714261228e-3
1945	3.795127230477075e-3	5.604178301541133e-8	1.476677318361379e-5	6.303876487444842e-3
1946	3.935999630408225e-3	4.465853402668375e-8	1.134617332828661e-5	6.315222660773129e-3
1947	3.960280725206171e-3	7.002208016498961e-8	1.768109005993364e-5	6.332903750833062e-3
1948	4.186377198645861e-3	4.273730742421494e-7	1.020866142640919e-4	6.434990365097155e-3
1949	4.450078596539935e-3	3.475205252978131e-9	7.809312077499492e-7	6.435771296304905e-3
1950	4.765097130572252e-3	1.184396637496255e-8	2.485566621291553e-6	6.438256862926196e-3
1951	4.944209771187887e-3	5.890693960238094e-8	1.191432854359415e-5	6.450171191469791e-3
1952	5.227610625156893e-3	9.031683012348571e-8	1.727688548356164e-5	6.467448076953352e-3
1953	5.585181147486634e-3	6.818411438422183e-8	1.220803991557286e-5	6.479656116868925e-3
1954	5.691772381261209e-3	2.720350526626458e-6	4.779443632676805e-4	6.957600480136606e-3
1955	5.930914284332795e-3	4.092167777913933e-6	6.899725036869735e-4	7.647572983823580e-3
1956	6.208834748192224e-3	6.153054492662753e-8	9.910159864464565e-6	7.657483143688045e-3
1957	6.471370919212706e-3	1.261834844231534e-6	1.949872538576489e-4	7.852470397545693e-3
1958	6.646601743949842e-3	5.334872790190886e-7	8.026466750542148e-5	7.932735065051114e-3
1959	7.121387082207385e-3	7.581906509301596e-7	1.064667096701541e-4	8.039201774721267e-3
1960	7.858152529443992e-3	7.823697940737049e-8	9.956154339613741e-6	8.049157929060882e-3
1961	8.230453219716528e-3	7.522161882366890e-7	9.139426082086360e-5	8.140552189881745e-3
1962	8.853993973382037e-3	5.472523720507171e-7	6.180853225063563e-5	8.202360722132380e-3
1963	9.482529251369229e-3	8.282338373043558e-6	8.734313550203529e-4	9.075792077152733e-3
1964	1.011410432688770e-2	4.661907496610522e-6	4.609313238164982e-4	9.536723400969230e-3
1965	1.059624415842989e-2	3.810913367516681e-7	3.596475610166921e-5	9.572688157070899e-3
1966	1.096815722237883e-2	2.891415321506840e-6	2.636190622438704e-4	9.836307219314770e-3
1967	1.235587117303438e-2	6.253939260674370e-7	5.061512193752108e-5	9.886922341252291e-3
1968	1.341988942279868e-2	1.390137744025818e-5	1.035878687393766e-3	1.092280102864606e-2
1969	1.458865522577709e-2	2.805980058962039e-7	1.923398706416803e-5	1.094203501571023e-2
1970	1.516626169562648e-2	3.709383759058461e-8	2.445812840040959e-6	1.094448082855027e-2
1971	1.636442563720979e-2	6.101951310475155e-6	3.728790393107597e-4	1.131735986786103e-2
1972	1.720852783072587e-2	1.284554776811634e-7	7.464640726082667e-6	1.132482450858711e-2
1973	1.818694456361985e-2	1.724409723242512e-6	9.481580136841262e-5	1.141964030995552e-2
1974	2.070806893968693e-2	2.149501976762887e-5	1.038002134831305e-3	1.245764244478683e-2
1975	2.197889553819317e-2	3.306051239607564e-6	1.504193526859697e-4	1.260806179747279e-2
1976	2.205554062828983e-2	6.509737238961071e-7	2.951520141207181e-5	1.263757699888487e-2
1977	2.242968722568026e-2	2.767620824985510e-5	1.233909682796110e-3	1.387148668168098e-2
1978	2.303730542412598e-2	1.068984000184059e-6	4.640230185360820e-5	1.391788898353459e-2
1979	2.326865748910434e-2	6.983722271588605e-6	3.001343018976822e-4	1.421802328543227e-2
1980	2.399020358457482e-2	7.078752754724368e-6	2.950684736696379e-4	1.451309175910191e-2
1981	2.454658036781966e-2	1.843616708150710e-6	7.510686541770500e-5	1.458819862451961e-2
1982	2.481026414174273e-2	6.452406164053026e-6	2.600700309835474e-4	1.484826865550316e-2
1983	2.558398119239420e-2	2.580265104375749e-6	1.008547139310292e-4	1.494912336943419e-2
1984	2.595374063876371e-2	2.158234883922903e-6	8.315698742475023e-5	1.503228035685894e-2
1985	2.609718747463778e-2	4.815387418649880e-8	1.845174857761838e-6	1.503412553171670e-2
1986	2.695340947061371e-2	1.079867502300816e-5	4.006422651198006e-4	1.543476779683650e-2
1987	2.765908834689096e-2	1.098654761567504e-6	3.972129333362497e-5	1.547448909017013e-2
1988	3.019965799952314e-2	4.401907598270025e-7	1.457601804079878e-5	1.548906510821092e-2
1989	3.469707888004733e-2	1.240118644434248e-5	3.574129824362196e-4	1.584647809064714e-2
1990	3.647143290316622e-2	1.935406909529839e-5	5.306637977916737e-4	1.637714188843882e-2
1991	4.278165119323005e-2	1.179239832638919e-6	2.756414957694589e-5	1.640470603801576e-2
1992	5.607545849920427e-2	5.355802885151670e-5	9.551063920819606e-4	1.735981243009772e-2
1993	6.891990391816046e-2	5.247312024648578e-5	7.613638044068582e-4	1.812117623450458e-2
1994	9.915107792206444e-2	3.361719069695294e-4	3.390501787925796e-3	2.151167802243038e-2
1995	1.903187612960697e-1	5.295473480417012e-3	2.782423258934047e-2	4.933591061177085e-2
1996	4.799630515062270e-1	5.537601438770431e-2	1.153755777948375e-1	1.647114884066084e-1
1997	1.565028265332743e0	5.462890971761469e-1	3.490602114205264e-1	5.137716998271348e-1
1998	5.051977181430400e0	2.248528131367440e0	4.450788375751926e-1	9.588505374023273e-1
