k	lambda_k
0	1.710694413174943e-7
1	1.734662168235807e-7
2	1.759795363152207e-7
3	1.763010943371949e-7
4	1.772073644752002e-7
5	1.781835595589284e-7
6	1.786840490046185e-7
7	1.795194207175134e-7
8	1.798498616929480e-7
9	1.804826147905914e-7
10	1.806379058119057e-7
11	1.811199561313603e-7
12	1.815175314085813e-7
13	1.819364591597069e-7
14	1.826384473533887e-7
15	1.827597553901368e-7
16	1.828637057884966e-7
17	1.831370945140606e-7
18	1.838501650992217e-7
19	1.842400453581516e-7
20	1.843624531619771e-7
21	1.846727233353977e-7
22	1.849385434479665e-7
23	1.854417848312988e-7
24	1.856783684267409e-7
25	1.860373415649583e-7
26	1.861578120839797e-7
27	1.863731905763032e-7
28	1.866857387767300e-7
29	1.868547266479209e-7
30	1.871800956980523e-7
31	1.874154301871695e-7
32	1.875412609763237e-7
33	1.877143378890295e-7
34	1.877731919925624e-7
35	1.881113181664658e-7
36	1.882776228841411e-7
37	1.883731579756848e-7
38	1.888320148179992e-7
39	1.889156399811761e-7
40	1.890941409354682e-7
41	1.893033357124071e-7
42	1.894384592754193e-7
43	1.895614707228509e-7
44	1.897989807897601e-7
45	1.900812766769558e-7
46	1.903394088136381e-7
47	1.904103533560956e-7
48	1.905315624696649e-7
49	1.907515620671364e-7
50	1.909706485645187e-7
51	1.911402878297413e-7
52	1.914081499752047e-7
53	1.914712857523137e-7
54	1.916672934507148e-7
55	1.917706284843302e-7
56	1.918930357228115e-7
57	1.921144027219186e-7
58	1.922657086103212e-7
59	1.924520622879914e-7
60	1.925991611186475e-7
61	1.927418899407410e-7
62	1.929190388138338e-7
63	1.930600006938524e-7
64	1.931312911430388e-7
65	1.931463646453525e-7
66	1.932838212010963e-7
67	1.935420358454540e-7
68	1.937711892638228e-7
69	1.938474202600304e-7
70	1.939784843288165e-7
71	1.942175991183046e-7
72	1.943403261143484e-7
73	1.944383432888814e-7
74	1.945392402216094e-7
75	1.947091139447010e-7
76	1.948590820208043e-7
77	1.950959925178304e-7
78	1.951486529966658e-7
79	1.952316810344596e-7
80	1.952856236549992e-7
81	1.953680668636200e-7
82	1.955219453314905e-7
83	1.956040510104094e-7
84	1.957866250594045e-7
85	1.959089922176704e-7
86	1.960337408994618e-7
87	1.961290913838936e-7
88	1.962597294390802e-7
89	1.962862375829809e-7
90	1.964140340338289e-7
91	1.964780073008373e-7
92	1.965453874695104e-7
93	1.966915971099455e-7
94	1.968093159626747e-7
95	1.969533772144239e-7
96	1.969776313094527e-7
97	1.971835066522920e-7
98	1.973323710316282e-7
99	1.973885123075232e-7
100	1.975140920951456e-7
101	1.976257199803105e-7
102	1.976328625371321e-7
103	1.977566562424033e-7
104	1.979698058168686e-7
105	1.980310329758521e-7
106	1.981072708347929e-7
107	1.981947988298318e-7
108	1.983041812640152e-7
109	1.983236637666321e-7
110	1.983709266535796e-7
111	1.986309789753984e-7
112	1.987372685603284e-7
113	1.987934325525135e-7
114	1.989359759830034e-7
115	1.989957346293476e-7
116	1.990634165284108e-7
117	1.991267387558816e-7
118	1.991758259910293e-7
119	1.992619823701676e-7
120	1.993829072222984e-7
121	1.994417134320428e-7
122	1.995125424171255e-7
123	1.995756665288253e-7
124	1.998792342856755e-7
125	1.999122945518477e-7
126	1.999665477796039e-7
127	2.000112786241868e-7
128	2.001173949222327e-7
129	2.002216977626041e-7
130	2.004587901606930e-7
131	2.005163523552718e-7
132	2.005389599503879e-7
133	2.006696144934071e-7
134	2.008047395731698e-7
135	2.008580443442075e-7
136	2.008960920902593e-7
137	2.009657309915815e-7
138	2.010434677501745e-7
139	2.012733742883346e-7
140	2.014434312061419e-7
141	2.014936749255276e-7
142	2.015766165215032e-7
143	2.016850435885119e-7
144	2.017221544422767e-7
145	2.017638219221765e-7
146	2.017802216188680e-7
147	2.019973606930882e-7
148	2.021131235870864e-7
149	2.022455775413709e-7
150	2.022763424126448e-7
151	2.023119773551673e-7
152	2.023479927794426e-7
153	2.025530481873160e-7
154	2.026495164287825e-7
155	2.028416294215720e-7
156	2.029280194010229e-7
157	2.029732384582668e-7
158	2.030795800522977e-7
159	2.031064444424896e-7
160	2.032423127339110e-7
161	2.033096783561962e-7
162	2.033950232456513e-7
163	2.035587768442883e-7
164	2.037209912273941e-7
165	2.037534208190132e-7
166	2.038584072654139e-7
167	2.040242118919062e-7
168	2.041579074636379e-7
169	2.041972146766294e-7
170	2.043518769625641e-7
171	2.043787462808360e-7
172	2.044928541059672e-7
173	2.045224763844302e-7
174	2.046828104520661e-7
175	2.047412944737665e-7
176	2.048093609427975e-7
177	2.049354416470482e-7
178	2.050527478389507e-7
179	2.050675646743154e-7
180	2.051619590151623e-7
181	2.052436614937801e-7
182	2.053131923697775e-7
183	2.054252004766591e-7
184	2.055481140650407e-7
185	2.056125230012857e-7
186	2.056246591121305e-7
187	2.057475478380666e-7
188	2.058286897835465e-7
189	2.059129109213307e-7
190	2.059481811599541e-7
191	2.060827115886088e-7
192	2.061329045962192e-7
193	2.062187287938429e-7
194	2.062824533727275e-7
195	2.063478544707615e-7
196	2.063983068805654e-7
197	2.065057856503674e-7
198	2.065528075225830e-7
199	2.066539603278652e-7
200	2.067576669886200e-7
201	2.068343863631268e-7
202	2.069057193731916e-7
203	2.069901507121762e-7
204	2.070893680485323e-7
205	2.072381900964303e-7
206	2.073431547642013e-7
207	2.073476169583348e-7
208	2.074760316109386e-7
209	2.075371773689471e-7
210	2.075617407082779e-7
211	2.076237907040647e-7
212	2.077834612745320e-7
213	2.078440034270687e-7
214	2.079319824629013e-7
215	2.079843733939033e-7
216	2.080239016172038e-7
217	2.080579472325937e-7
218	2.081053327987824e-7
219	2.082414819592870e-7
220	2.083382363266279e-7
221	2.083639128228900e-7
222	2.084944642899699e-7
223	2.085476474505826e-7
224	2.086248633440503e-7
225	2.086738103498039e-7
226	2.087119445332063e-7
227	2.088376003275448e-7
228	2.088683495617628e-7
229	2.089562766744537e-7
230	2.090650230298956e-7
231	2.090910174109699e-7
232	2.091560964424857e-7
233	2.092556113067807e-7
234	2.093187639249023e-7
235	2.093686427896121e-7
236	2.094615473536828e-7
237	2.094729106202827e-7
238	2.095555802133222e-7
239	2.096052198785253e-7
240	2.096735588417878e-7
241	2.097687291933011e-7
242	2.098013774082070e-7
243	2.098368451177972e-7
244	2.099196213463843e-7
245	2.099740862070024e-7
246	2.100950843268454e-7
247	2.101183647050515e-7
248	2.101659679682900e-7
249	2.102343066882120e-7
250	2.103472728171400e-7
251	2.104639283104188e-7
252	2.105296023988302e-7
253	2.105956581231773e-7
254	2.106456268107864e-7
255	2.106654906880508e-7
256	2.107907592839264e-7
257	2.108426060609290e-7
258	2.109013200650559e-7
259	2.109275726681049e-7
260	2.110196194864989e-7
261	2.110650404533088e-7
262	2.111080947953466e-7
263	2.112489732511611e-7
264	2.113563907766025e-7
265	2.113825583068972e-7
266	2.114711854786523e-7
267	2.115210561889141e-7
268	2.116367785596775e-7
269	2.117579139757277e-7
270	2.117650092591170e-7
271	2.118470230953972e-7
272	2.118787903031493e-7
273	2.120574524803390e-7
274	2.120844202220110e-7
275	2.121533094333554e-7
276	2.121571804657816e-7
277	2.122139895439119e-7
278	2.123669140683253e-7
279	2.124375093263819e-7
280	2.124989715637479e-7
281	2.125426640939488e-7
282	2.126102939955083e-7
283	2.127471245109571e-7
284	2.128340218940849e-7
285	2.129250336872677e-7
286	2.129978933347625e-7
287	2.130161784657281e-7
288	2.130870270134199e-7
289	2.131922137090728e-7
290	2.132598530934166e-7
291	2.133052383441451e-7
292	2.134146432741689e-7
293	2.134932679664379e-7
294	2.135287245307145e-7
295	2.136334686922754e-7
296	2.136834436238334e-7
297	2.138081252689383e-7
298	2.138539475093384e-7
299	2.139356727275185e-7
300	2.140670177754877e-7
301	2.141293141303570e-7
302	2.142635372530149e-7
303	2.143028044883674e-7
304	2.143612685277439e-7
305	2.143822872107034e-7
306	2.145108312614985e-7
307	2.146651477608278e-7
308	2.147176095583784e-7
309	2.148336929803527e-7
310	2.148970708496561e-7
311	2.149937048569952e-7
312	2.150988185675040e-7
313	2.151324857380074e-7
314	2.152663438325698e-7
315	2.152949200510505e-7
316	2.153385920327935e-7
317	2.154286459952705e-7
318	2.155249072644284e-7
319	2.156171304002237e-7
320	2.156766933227399e-7
321	2.157325585589675e-7
322	2.158505892820364e-7
323	2.159865096321528e-7
324	2.160498929464905e-7
325	2.160717732889096e-7
326	2.161633057406944e-7
327	2.161753727438488e-7
328	2.163346539599557e-7
329	2.163720542563910e-7
330	2.164760859372176e-7
331	2.166559568899747e-7
332	2.167136641614536e-7
333	2.167517746066370e-7
334	2.168170917219545e-7
335	2.169761635183054e-7
336	2.170413695230836e-7
337	2.171024228146228e-7
338	2.171553146235253e-7
339	2.172419817001689e-7
340	2.172851137413777e-7
341	2.173524116569196e-7
342	2.174214964419109e-7
343	2.174875997012320e-7
344	2.175456758857355e-7
345	2.176298951916476e-7
346	2.176739148740160e-7
347	2.177313487480863e-7
348	2.178056587612284e-7
349	2.178731407227330e-7
350	2.179050888099047e-7
351	2.179562670846058e-7
352	2.179991659287008e-7
353	2.180558173158735e-7
354	2.181436539352263e-7
355	2.181692534144753e-7
356	2.182699659894752e-7
357	2.183826290836107e-7
358	2.184069636373274e-7
359	2.184130534372893e-7
360	2.185431124463946e-7
361	2.186338528084237e-7
362	2.186853841510827e-7
363	2.187039531743477e-7
364	2.187707889732392e-7
365	2.188246437624287e-7
366	2.189026130450904e-7
367	2.189754279673013e-7
368	2.190028171698127e-7
369	2.191036449343440e-7
370	2.191242038762179e-7
371	2.191762392822592e-7
372	2.192064447358842e-7
373	2.192572888327040e-7
374	2.193634346778142e-7
375	2.194089681975303e-7
376	2.194732585486221e-7
377	2.195522977199193e-7
378	2.196220503053136e-7
379	2.196470189315371e-7
380	2.196803161855358e-7
381	2.197694134534737e-7
382	2.198157360614952e-7
383	2.198612388296106e-7
384	2.198874141348279e-7
385	2.200060414793710e-7
386	2.200568559215120e-7
387	2.200992851532265e-7
388	2.201269651060991e-7
389	2.202266823035380e-7
390	2.203163589256792e-7
391	2.203675887297584e-7
392	2.204038572572500e-7
393	2.204288446026851e-7
394	2.205564570211141e-7
395	2.205792838411784e-7
396	2.206993785119149e-7
397	2.207244607522306e-7
398	2.207635082501785e-7
399	2.208223317447674e-7
400	2.208495085766367e-7
401	2.208724207785560e-7
402	2.209275028994551e-7
403	2.210320719032268e-7
404	2.211303237977903e-7
405	2.211445989327178e-7
406	2.211893365167540e-7
407	2.212525435023866e-7
408	2.213499983475657e-7
409	2.213856048097706e-7
410	2.214481959529197e-7
411	2.214815177108217e-7
412	2.215789782236456e-7
413	2.216049995718717e-7
414	2.216896955393601e-7
415	2.217125144028272e-7
416	2.217883855585985e-7
417	2.218681465241708e-7
418	2.219058182508037e-7
419	2.219317023927404e-7
420	2.219802528609662e-7
421	2.220365612434615e-7
422	2.220469715949086e-7
423	2.221934082736981e-7
424	2.222557111050646e-7
425	2.222745258711423e-7
426	2.223130089508904e-7
427	2.223904908186724e-7
428	2.224651858819517e-7
429	2.224919579036549e-7
430	2.225436289123475e-7
431	2.226162157307213e-7
432	2.226865028259370e-7
433	2.227960684017921e-7
434	2.229000799831870e-7
435	2.229102505834107e-7
436	2.229514383244969e-7
437	2.230423340498602e-7
438	2.230855097952789e-7
439	2.231049261824477e-7
440	2.231997212947509e-7
441	2.233514302330526e-7
442	2.234080495152733e-7
443	2.234239071349830e-7
444	2.234848656217549e-7
445	2.235345820608688e-7
446	2.235716692351615e-7
447	2.236072575804409e-7
448	2.236862790319688e-7
449	2.237057998066619e-7
450	2.237545073179912e-7
451	2.238424658217787e-7
452	2.238659029672184e-7
453	2.239726551273400e-7
454	2.240224463505622e-7
455	2.240671494005858e-7
456	2.241292277071114e-7
457	2.241505530695229e-7
458	2.241999364019542e-7
459	2.242186419546688e-7
460	2.243260175177555e-7
461	2.243961958068871e-7
462	2.244617920043219e-7
463	2.244940327867169e-7
464	2.245564421020443e-7
465	2.246259464321467e-7
466	2.247070983963421e-7
467	2.247365899761257e-7
468	2.247902093035550e-7
469	2.248289421578322e-7
470	2.249310433371379e-7
471	2.249822629194852e-7
472	2.250180405700935e-7
473	2.250425823379851e-7
474	2.250832489282345e-7
475	2.251837265642622e-7
476	2.253267794259893e-7
477	2.253411688332889e-7
478	2.253837924098303e-7
479	2.254837850054979e-7
480	2.255390242309833e-7
481	2.255961856770020e-7
482	2.256421724392266e-7
483	2.256774500862049e-7
484	2.256912424227664e-7
485	2.257814732975396e-7
486	2.258703043425765e-7
487	2.259072654603980e-7
488	2.260546933100480e-7
489	2.260911404699629e-7
490	2.260947128109730e-7
491	2.261313569033747e-7
492	2.262214403430858e-7
493	2.262473940762039e-7
494	2.263090619544402e-7
495	2.263446211391842e-7
496	2.264381587093995e-7
497	2.265103420225084e-7
498	2.265498973398986e-7
499	2.266196087712814e-7
500	2.266366031799137e-7
501	2.267921310535648e-7
502	2.268323215224381e-7
503	2.268509466910025e-7
504	2.269477513602625e-7
505	2.270008278990866e-7
506	2.270573780560792e-7
507	2.271088003589191e-7
508	2.271796957484720e-7
509	2.271898983092211e-7
510	2.272696067369380e-7
511	2.273813892862500e-7
512	2.274317232334009e-7
513	2.275047887759017e-7
514	2.275624846869151e-7
515	2.276360458529134e-7
516	2.276809643238621e-7
517	2.277002877710604e-7
518	2.278856883277286e-7
519	2.279073664598972e-7
520	2.279398497982457e-7
521	2.279796401183204e-7
522	2.279944305503667e-7
523	2.280532934860562e-7
524	2.281367968323487e-7
525	2.281961510240035e-7
526	2.282354297854247e-7
527	2.282784884431297e-7
528	2.283265220826895e-7
529	2.283991232621303e-7
530	2.284090284158699e-7
531	2.284289623046765e-7
532	2.284821875210280e-7
533	2.285811739268632e-7
534	2.285903576029329e-7
535	2.286566438388166e-7
536	2.287114183301343e-7
537	2.287786146811786e-7
538	2.288296805501177e-7
539	2.289179817067190e-7
540	2.289442548255039e-7
541	2.290000682583316e-7
542	2.290190405753775e-7
543	2.290629648752166e-7
544	2.291491940298771e-7
545	2.291930855351437e-7
546	2.292393689275115e-7
547	2.292855287729149e-7
548	2.293034933523862e-7
549	2.293625698131711e-7
550	2.294046056356237e-7
551	2.294144511394539e-7
552	2.294787637261124e-7
553	2.295563539831132e-7
554	2.295826232768930e-7
555	2.296516150327665e-7
556	2.296811139439382e-7
557	2.297811587716215e-7
558	2.297926376823506e-7
559	2.298153915173458e-7
560	2.298695610789904e-7
561	2.298993490101133e-7
562	2.299556158653002e-7
563	2.300060417818495e-7
564	2.300488955568017e-7
565	2.300688435744385e-7
566	2.301222096047309e-7
567	2.301955460043612e-7
568	2.302011904663264e-7
569	2.302541664688284e-7
570	2.302947529018265e-7
571	2.303434673911569e-7
572	2.303877856492456e-7
573	2.304118170346483e-7
574	2.304399930890416e-7
575	2.305532890078857e-7
576	2.305742694312400e-7
577	2.306091626835712e-7
578	2.306832099043053e-7
579	2.307137256638620e-7
580	2.307290670000268e-7
581	2.307758512171628e-7
582	2.308063211569161e-7
583	2.308559451572323e-7
584	2.309011796801921e-7
585	2.309337260461387e-7
586	2.309703416406600e-7
587	2.310195565735753e-7
588	2.310499887328279e-7
589	2.311121226352757e-7
590	2.311245993545867e-7
591	2.311568808346130e-7
592	2.311715154759438e-7
593	2.312390036753217e-7
594	2.312718848863836e-7
595	2.313006686010572e-7
596	2.313200106158233e-7
597	2.313725864874934e-7
598	2.314448476202861e-7
599	2.314855537186961e-7
600	2.315248550108703e-7
601	2.315719062610048e-7
602	2.315991403377897e-7
603	2.316626317645702e-7
604	2.316824673534487e-7
605	2.317377774200939e-7
606	2.317526262847623e-7
607	2.317831413083275e-7
608	2.317933523346991e-7
609	2.318299639031856e-7
610	2.318709587269273e-7
611	2.319270725705298e-7
612	2.319585030509231e-7
613	2.319762540411378e-7
614	2.321013135546355e-7
615	2.321318667630635e-7
616	2.321906088138505e-7
617	2.322017550463128e-7
618	2.322502943491317e-7
619	2.323054740762317e-7
620	2.323567344245495e-7
621	2.323732218587366e-7
622	2.324338539748914e-7
623	2.324902039433630e-7
624	2.325065963569836e-7
625	2.325758320502839e-7
626	2.326114785366540e-7
627	2.326174231141132e-7
628	2.326270581998151e-7
629	2.327162696330813e-7
630	2.328053152883462e-7
631	2.328162898322961e-7
632	2.328845093806497e-7
633	2.329187748902601e-7
634	2.329341613573066e-7
635	2.329932710562518e-7
636	2.330114809700317e-7
637	2.330374581149897e-7
638	2.330815368298653e-7
639	2.331433644045008e-7
640	2.332626411342917e-7
641	2.332821976090737e-7
642	2.333094221673310e-7
643	2.333729783957385e-7
644	2.334008805898752e-7
645	2.334177512690352e-7
646	2.334623350528409e-7
647	2.334699491166286e-7
648	2.335583451902095e-7
649	2.336061004080489e-7
650	2.336282950909053e-7
651	2.336879263650016e-7
652	2.337081136633362e-7
653	2.337509873212459e-7
654	2.337881873634068e-7
655	2.338214853751502e-7
656	2.338421546317795e-7
657	2.338835862464439e-7
658	2.339799482556394e-7
659	2.340222871077450e-7
660	2.340704784607873e-7
661	2.340887143816242e-7
662	2.341556809672895e-7
663	2.341879340163632e-7
664	2.342086449695080e-7
665	2.342528816551235e-7
666	2.343241577450112e-7
667	2.343470590983276e-7
668	2.343684904241715e-7
669	2.343983086741728e-7
670	2.344840731224595e-7
671	2.345609994778505e-7
672	2.346213160242522e-7
673	2.346463856550825e-7
674	2.346617678961317e-7
675	2.347098265978461e-7
676	2.347332782268348e-7
677	2.347749580370505e-7
678	2.348334926802679e-7
679	2.348946304222149e-7
680	2.349135740021702e-7
681	2.350093012824278e-7
682	2.350281636114710e-7
683	2.350391004927743e-7
684	2.351124923660291e-7
685	2.351700909540403e-7
686	2.352096770977614e-7
687	2.352930131912678e-7
688	2.353234794393246e-7
689	2.353276548682554e-7
690	2.353840602503594e-7
691	2.353992687698045e-7
692	2.354620092364693e-7
693	2.355164094833944e-7
694	2.355408882310716e-7
695	2.355907437488743e-7
696	2.356373046481294e-7
697	2.356501223282090e-7
698	2.357325942960746e-7
699	2.357864861591962e-7
700	2.357973519049529e-7
701	2.358167309792349e-7
702	2.358927200163074e-7
703	2.359431989324194e-7
704	2.359650492069869e-7
705	2.360015811119309e-7
706	2.360971301733769e-7
707	2.361969911139644e-7
708	2.362756937094374e-7
709	2.363024009338123e-7
710	2.363188567878381e-7
711	2.363472577122567e-7
712	2.363847441581324e-7
713	2.364197924018564e-7
714	2.364605554588061e-7
715	2.365313918157995e-7
716	2.365440660443025e-7
717	2.365937414877814e-7
718	2.366401254035748e-7
719	2.366694193503847e-7
720	2.367066655974914e-7
721	2.367173027831859e-7
722	2.368112993033622e-7
723	2.368726940629859e-7
724	2.369145565748938e-7
725	2.369644673200594e-7
726	2.369821467341178e-7
727	2.370819647218019e-7
728	2.371615915443268e-7
729	2.371814666771499e-7
730	2.372388899819642e-7
731	2.372699623084179e-7
732	2.373445697054100e-7
733	2.373779508462691e-7
734	2.374270964861683e-7
735	2.374787512586028e-7
736	2.374932324162455e-7
737	2.375758227807772e-7
738	2.376000256092915e-7
739	2.376519348807543e-7
740	2.377013346368793e-7
741	2.377795763740776e-7
742	2.378144706379939e-7
743	2.378780990579484e-7
744	2.379151062402343e-7
745	2.379614108298418e-7
746	2.380583749438411e-7
747	2.381014056702560e-7
748	2.381451885959731e-7
749	2.381922202678548e-7
750	2.382333597907939e-7
751	2.382600647612535e-7
752	2.383495387204412e-7
753	2.383734763237806e-7
754	2.384103245665156e-7
755	2.384904893748567e-7
756	2.385565686093766e-7
757	2.386009058818961e-7
758	2.386184509802551e-7
759	2.386414350799748e-7
760	2.387619371336982e-7
761	2.388424211546105e-7
762	2.388567512401902e-7
763	2.389296368030003e-7
764	2.389528064194272e-7
765	2.389967709143940e-7
766	2.390267846589683e-7
767	2.390670143337630e-7
768	2.391796675551484e-7
769	2.392124659129942e-7
770	2.393322998943083e-7
771	2.393495976529787e-7
772	2.393885485174079e-7
773	2.394084527224214e-7
774	2.394823874446934e-7
775	2.395430047757748e-7
776	2.396280763503704e-7
777	2.397242789000390e-7
778	2.397799910610454e-7
779	2.398121042139800e-7
780	2.398433027603495e-7
781	2.399939765412629e-7
782	2.399982618343900e-7
783	2.400368550942603e-7
784	2.400598905257294e-7
785	2.401153281703506e-7
786	2.401695134608705e-7
787	2.402275328619833e-7
788	2.402710099894647e-7
789	2.403755091491101e-7
790	2.403941888665954e-7
791	2.404723412657475e-7
792	2.405601941765985e-7
793	2.406711663348185e-7
794	2.406973309278409e-7
795	2.407670786382822e-7
796	2.408357730116037e-7
797	2.409410825690650e-7
798	2.409729825068912e-7
799	2.410650355881959e-7
800	2.411511174287266e-7
801	2.411818959991742e-7
802	2.412517190465877e-7
803	2.412734415022608e-7
804	2.413703331323474e-7
805	2.414120168409573e-7
806	2.414406091115783e-7
807	2.416055552242742e-7
808	2.416479712214957e-7
809	2.417100803835196e-7
810	2.417324137325459e-7
811	2.417814729706204e-7
812	2.418810814332444e-7
813	2.419613126360732e-7
814	2.420203158016874e-7
815	2.421211067464449e-7
816	2.421483131308403e-7
817	2.422198710982716e-7
818	2.423062887297398e-7
819	2.423340946814849e-7
820	2.424468539682340e-7
821	2.425564898759274e-7
822	2.425796623386576e-7
823	2.426037731882507e-7
824	2.427421105700219e-7
825	2.428234008351187e-7
826	2.429184700751923e-7
827	2.430495478821901e-7
828	2.430546725117541e-7
829	2.431741594594054e-7
830	2.431899501566183e-7
831	2.432861254357311e-7
832	2.433245548879859e-7
833	2.433579617285518e-7
834	2.434333172557500e-7
835	2.435605735239461e-7
836	2.435868248820490e-7
837	2.436806852504680e-7
838	2.437223042478216e-7
839	2.438547712269722e-7
840	2.438930099584716e-7
841	2.440368125907038e-7
842	2.440706025864401e-7
843	2.441918551528184e-7
844	2.442251438167441e-7
845	2.443031515530135e-7
846	2.443854117670017e-7
847	2.445142241364377e-7
848	2.446307095336965e-7
849	2.446694936778942e-7
850	2.447301426401871e-7
851	2.448039631173622e-7
852	2.448559722859334e-7
853	2.449973924139182e-7
854	2.450975457072519e-7
855	2.451497875188421e-7
856	2.451923890490359e-7
857	2.452677927391551e-7
858	2.453473910963545e-7
859	2.453813369956562e-7
860	2.455159480961783e-7
861	2.455841372532986e-7
862	2.456533884193127e-7
863	2.457193487636982e-7
864	2.458316624367709e-7
865	2.459153238925746e-7
866	2.459982050762925e-7
867	2.460125385470229e-7
868	2.461180852655225e-7
869	2.461435590280900e-7
870	2.462296971550317e-7
871	2.463267752790651e-7
872	2.463885498047779e-7
873	2.464491542981657e-7
874	2.465695992810273e-7
875	2.466849158767807e-7
876	2.467369628768052e-7
877	2.468571448299879e-7
878	2.469093477102585e-7
879	2.470520627841277e-7
880	2.471006112768019e-7
881	2.471627505808621e-7
882	2.472362866096052e-7
883	2.472668929950342e-7
884	2.473396289201737e-7
885	2.474059642352298e-7
886	2.474539120090472e-7
887	2.475311892484247e-7
888	2.476089731613774e-7
889	2.476778184371425e-7
890	2.477897146176148e-7
891	2.479434030650369e-7
892	2.480032830053918e-7
893	2.480591084336749e-7
894	2.480866099643245e-7
895	2.481665475872132e-7
896	2.481930994937685e-7
897	2.483046461870956e-7
898	2.483925175733686e-7
899	2.484859169383610e-7
900	2.485312618925481e-7
901	2.485582115172504e-7
902	2.486021059304374e-7
903	2.487243155675442e-7
904	2.487464281067396e-7
905	2.488436023087166e-7
906	2.489012173653863e-7
907	2.489188398579862e-7
908	2.489677062715807e-7
909	2.490900505983110e-7
910	2.491331717162675e-7
911	2.491951432638965e-7
912	2.493098011469851e-7
913	2.493346666545838e-7
914	2.494012893049857e-7
915	2.495410758087628e-7
916	2.495789835402824e-7
917	2.496052340768407e-7
918	2.497196076030270e-7
919	2.497476370951278e-7
920	2.498180152187028e-7
921	2.498827132531542e-7
922	2.499334493329978e-7
923	2.500018907131167e-7
924	2.500397035940852e-7
925	2.501415638258554e-7
926	2.501810438007043e-7
927	2.502480893127943e-7
928	2.503285942113272e-7
929	2.503410964887255e-7
930	2.504310132236514e-7
931	2.504828149880016e-7
932	2.505435776081590e-7
933	2.506174139614213e-7
934	2.506779866259020e-7
935	2.507327341237260e-7
936	2.508333509349156e-7
937	2.509003182601407e-7
938	2.509399245654855e-7
939	2.510006085754424e-7
940	2.510416887509301e-7
941	2.511734286311781e-7
942	2.512197913817345e-7
943	2.512811080891995e-7
944	2.513625734139820e-7
945	2.514033301751171e-7
946	2.514070967467720e-7
947	2.514974236755669e-7
948	2.515422618801969e-7
949	2.516286610715710e-7
950	2.516829875664973e-7
951	2.517353061134093e-7
952	2.518117473388074e-7
953	2.518534606301124e-7
954	2.519005730421100e-7
955	2.519612869880933e-7
956	2.520343656609355e-7
957	2.520980851715482e-7
958	2.521802539382500e-7
959	2.522915300868767e-7
960	2.523101018391697e-7
961	2.523416369914889e-7
962	2.523941118757122e-7
963	2.524332029247145e-7
964	2.524526143929739e-7
965	2.525999620063840e-7
966	2.526248391816344e-7
967	2.526925001689644e-7
968	2.527047984839512e-7
969	2.527828072386604e-7
970	2.528276861714443e-7
971	2.528620665969154e-7
972	2.528984843319723e-7
973	2.529768811194762e-7
974	2.530083976035017e-7
975	2.530260067952735e-7
976	2.531310170699893e-7
977	2.531549155711139e-7
978	2.532172505162398e-7
979	2.532879888606544e-7
980	2.533127553940544e-7
981	2.533967449868982e-7
982	2.535092335441672e-7
983	2.535301461169853e-7
984	2.535945596306556e-7
985	2.536178854059085e-7
986	2.536497735701361e-7
987	2.537043526162309e-7
988	2.537174338322290e-7
989	2.537340918357040e-7
990	2.538404370290082e-7
991	2.538776431745497e-7
992	2.539318855308677e-7
993	2.539808132488927e-7
994	2.540349039729690e-7
995	2.540659580926494e-7
996	2.541227715537519e-7
997	2.541658277357706e-7
998	2.542023770745823e-7
999	2.542175401490841e-7
1000	2.543227332769943e-7
1001	2.543708624548215e-7
1002	2.544243411187746e-7
1003	2.544389157653419e-7
1004	2.545495523836426e-7
1005	2.545956392687356e-7
1006	2.546342272677611e-7
1007	2.546925344591831e-7
1008	2.547474087232817e-7
1009	2.547979608715268e-7
1010	2.548282470181212e-7
1011	2.549593523439077e-7
1012	2.549762041067413e-7
1013	2.550162195920966e-7
1014	2.550485226877752e-7
1015	2.550957978616958e-7
1016	2.551494458263799e-7
1017	2.551678408623304e-7
1018	2.551887996136508e-7
1019	2.552339750779275e-7
1020	2.552655091214978e-7
1021	2.553674953746258e-7
1022	2.554032462747246e-7
1023	2.554670683381640e-7
1024	2.554819613939387e-7
1025	2.555575831934975e-7
1026	2.556416725791946e-7
1027	2.556453809384551e-7
1028	2.556868666421171e-7
1029	2.557007300359054e-7
1030	2.557956172835594e-7
1031	2.558107453463819e-7
1032	2.558947982515825e-7
1033	2.559507437152968e-7
1034	2.560062827648515e-7
1035	2.560764744096111e-7
1036	2.561030429404734e-7
1037	2.561649317909343e-7
1038	2.562191361294366e-7
1039	2.562537128042733e-7
1040	2.563075120886040e-7
1041	2.563529083148621e-7
1042	2.563800132620460e-7
1043	2.564627634696347e-7
1044	2.564963796147274e-7
1045	2.565429092710731e-7
1046	2.565706325198593e-7
1047	2.565859169208412e-7
1048	2.566758005743936e-7
1049	2.566884850750226e-7
1050	2.567797699159684e-7
1051	2.567858015902476e-7
1052	2.568826358089316e-7
1053	2.569151676066374e-7
1054	2.569554829126172e-7
1055	2.569735022988525e-7
1056	2.570712045129773e-7
1057	2.571335106066601e-7
1058	2.571607702713413e-7
1059	2.571715146985997e-7
1060	2.572229440718023e-7
1061	2.574060163559545e-7
1062	2.574386798177045e-7
1063	2.574469027873124e-7
1064	2.574916559691680e-7
1065	2.575091936025706e-7
1066	2.576222231997721e-7
1067	2.576933894805478e-7
1068	2.577436667839720e-7
1069	2.577662931723347e-7
1070	2.578231941403042e-7
1071	2.578813383935704e-7
1072	2.579877573088050e-7
1073	2.580026992821663e-7
1074	2.580811248750702e-7
1075	2.581274093624220e-7
1076	2.581805558287516e-7
1077	2.582154127859107e-7
1078	2.582682861384819e-7
1079	2.583058795792496e-7
1080	2.584618537824669e-7
1081	2.585084173729319e-7
1082	2.585475966083404e-7
1083	2.585931415393933e-7
1084	2.586679770709852e-7
1085	2.587802512641667e-7
1086	2.587975705603208e-7
1087	2.588398006844391e-7
1088	2.588742507627532e-7
1089	2.589177519278692e-7
1090	2.590131106033385e-7
1091	2.590503639999014e-7
1092	2.591091179514133e-7
1093	2.591236947910182e-7
1094	2.592042213341367e-7
1095	2.592593480529632e-7
1096	2.593411278906419e-7
1097	2.593565447606146e-7
1098	2.593967174322832e-7
1099	2.594299330378877e-7
1100	2.594961488095918e-7
1101	2.595669641017764e-7
1102	2.596221108605309e-7
1103	2.596582580745999e-7
1104	2.597779990695686e-7
1105	2.598231613552595e-7
1106	2.598392275103096e-7
1107	2.598620086961158e-7
1108	2.599751857926360e-7
1109	2.600222619277850e-7
1110	2.600756779903043e-7
1111	2.601522825297767e-7
1112	2.601876232250021e-7
1113	2.602558558165678e-7
1114	2.602856401569436e-7
1115	2.603369361120321e-7
1116	2.604141100276180e-7
1117	2.604505831155829e-7
1118	2.605600781665765e-7
1119	2.605974091694511e-7
1120	2.606169532624510e-7
1121	2.606838165816449e-7
1122	2.607028815985059e-7
1123	2.608307717592588e-7
1124	2.608900999457240e-7
1125	2.609694767535171e-7
1126	2.610099192067687e-7
1127	2.610302699674061e-7
1128	2.610674693463759e-7
1129	2.611334933571140e-7
1130	2.611695793342914e-7
1131	2.612315207605209e-7
1132	2.612619893673571e-7
1133	2.613112758199091e-7
1134	2.613586723984449e-7
1135	2.613869002421438e-7
1136	2.614916834169527e-7
1137	2.615248217780956e-7
1138	2.615594028115662e-7
1139	2.616247912006225e-7
1140	2.616681888978772e-7
1141	2.617235960825058e-7
1142	2.617359010612870e-7
1143	2.617913796628892e-7
1144	2.618364895575234e-7
1145	2.618594122491506e-7
1146	2.619432259104472e-7
1147	2.619603040546519e-7
1148	2.620153879093812e-7
1149	2.620396362356207e-7
1150	2.620790404472824e-7
1151	2.621629958465268e-7
1152	2.622036119265362e-7
1153	2.622295394043507e-7
1154	2.623145823075116e-7
1155	2.623675699067359e-7
1156	2.623990236738338e-7
1157	2.624406525556301e-7
1158	2.624825369392062e-7
1159	2.626025041145820e-7
1160	2.626372995454813e-7
1161	2.626696570951386e-7
1162	2.626839513014826e-7
1163	2.627000286827945e-7
1164	2.627684023351429e-7
1165	2.627823534446777e-7
1166	2.628366659742657e-7
1167	2.628564739523544e-7
1168	2.628898994598686e-7
1169	2.629319665087149e-7
1170	2.629888512308272e-7
1171	2.630571194576813e-7
1172	2.630863066735717e-7
1173	2.631175371278571e-7
1174	2.631556596202302e-7
1175	2.631779315259418e-7
1176	2.632177565609750e-7
1177	2.632603388975128e-7
1178	2.632903246288681e-7
1179	2.633230132196632e-7
1180	2.633674623101762e-7
1181	2.634099398040572e-7
1182	2.634470312355876e-7
1183	2.634731597577273e-7
1184	2.635377838655156e-7
1185	2.635675480199848e-7
1186	2.635998571500809e-7
1187	2.636329251612965e-7
1188	2.636739290945172e-7
1189	2.636959057094209e-7
1190	2.637445226240722e-7
1191	2.638034935756401e-7
1192	2.638325390930414e-7
1193	2.638570416154356e-7
1194	2.638851977639759e-7
1195	2.639555118488053e-7
1196	2.639899788345766e-7
1197	2.640454984008879e-7
1198	2.640639096966025e-7
1199	2.640885154745627e-7
1200	2.641510534063805e-7
1201	2.641714950928276e-7
1202	2.642012402971756e-7
1203	2.642367312837990e-7
1204	2.642631595341391e-7
1205	2.642810499894512e-7
1206	2.643294658063657e-7
1207	2.643501580735222e-7
1208	2.644114760709184e-7
1209	2.644549010907227e-7
1210	2.644625006429762e-7
1211	2.645130258613772e-7
1212	2.645579263336715e-7
1213	2.645978037953758e-7
1214	2.646409654193938e-7
1215	2.646899321757598e-7
1216	2.647049652237387e-7
1217	2.647177087464989e-7
1218	2.647440445332242e-7
1219	2.647809309179890e-7
1220	2.648254425053428e-7
1221	2.648579133819151e-7
1222	2.649022331963538e-7
1223	2.649319981365770e-7
1224	2.649604651417861e-7
1225	2.650311988631837e-7
1226	2.650702112591151e-7
1227	2.651046141429275e-7
1228	2.651341687543503e-7
1229	2.651684592821690e-7
1230	2.652338745190369e-7
1231	2.652456594494870e-7
1232	2.653249763941855e-7
1233	2.653419387292159e-7
1234	2.653743839681441e-7
1235	2.653906334437796e-7
1236	2.654344172681716e-7
1237	2.654700116153308e-7
1238	2.655127410768359e-7
1239	2.655352632761474e-7
1240	2.655948852204558e-7
1241	2.656255530784535e-7
1242	2.656807859343917e-7
1243	2.657088949561256e-7
1244	2.657295315180015e-7
1245	2.657867569252067e-7
1246	2.658348005887900e-7
1247	2.658555555760046e-7
1248	2.658879055964005e-7
1249	2.659645566345644e-7
1250	2.659805458110641e-7
1251	2.660617481549674e-7
1252	2.660702338560672e-7
1253	2.661080576782582e-7
1254	2.661167529943415e-7
1255	2.661638200761272e-7
1256	2.661798386594641e-7
1257	2.662060035297511e-7
1258	2.662324018060307e-7
1259	2.662766554920384e-7
1260	2.663151590387159e-7
1261	2.663606620125980e-7
1262	2.664379055086945e-7
1263	2.664458007935916e-7
1264	2.665042743809488e-7
1265	2.665239037416288e-7
1266	2.665667565497959e-7
1267	2.666021366669701e-7
1268	2.666365176918625e-7
1269	2.666647132758030e-7
1270	2.666898429579808e-7
1271	2.667381056901962e-7
1272	2.667836130354640e-7
1273	2.668047183167492e-7
1274	2.668588281528229e-7
1275	2.668931440889964e-7
1276	2.669248407171125e-7
1277	2.669575412741848e-7
1278	2.669697757062789e-7
1279	2.669848761566510e-7
1280	2.670510137949047e-7
1281	2.670694802280096e-7
1282	2.671131907365705e-7
1283	2.671489561696319e-7
1284	2.671794645724948e-7
1285	2.672411053460865e-7
1286	2.672679902501945e-7
1287	2.673002108040960e-7
1288	2.673512230361810e-7
1289	2.673612623563641e-7
1290	2.674011684112961e-7
1291	2.674442600772818e-7
1292	2.674592787174593e-7
1293	2.674892759907111e-7
1294	2.675411540797056e-7
1295	2.675701676924940e-7
1296	2.676005875604638e-7
1297	2.676177440474927e-7
1298	2.676405424260008e-7
1299	2.676726628771581e-7
1300	2.677074736506369e-7
1301	2.677770693360284e-7
1302	2.677922522611677e-7
1303	2.678137549283648e-7
1304	2.678364139906879e-7
1305	2.678641367934920e-7
1306	2.678962253894164e-7
1307	2.679102722640086e-7
1308	2.679299485186512e-7
1309	2.679874946384562e-7
1310	2.679950062336718e-7
1311	2.680225096489266e-7
1312	2.680447269576540e-7
1313	2.680867472592270e-7
1314	2.681116286296486e-7
1315	2.681929218521403e-7
1316	2.682237029146753e-7
1317	2.682534566794786e-7
1318	2.682926711999747e-7
1319	2.683404657035809e-7
1320	2.683749239306122e-7
1321	2.683945445432696e-7
1322	2.684219147208748e-7
1323	2.684636481640923e-7
1324	2.684873276665821e-7
1325	2.685259216577413e-7
1326	2.685329701879097e-7
1327	2.685638947648158e-7
1328	2.685800870461552e-7
1329	2.686327406600546e-7
1330	2.686619337409457e-7
1331	2.687181377031066e-7
1332	2.687261910839682e-7
1333	2.687671845378468e-7
1334	2.688000331688052e-7
1335	2.688267914712045e-7
1336	2.688463467185654e-7
1337	2.688717990799104e-7
1338	2.688868123498646e-7
1339	2.689227042439450e-7
1340	2.689376528128750e-7
1341	2.689887913574857e-7
1342	2.690211471731066e-7
1343	2.690431713113300e-7
1344	2.690701715083008e-7
1345	2.691130452778416e-7
1346	2.691440904367567e-7
1347	2.691512260690861e-7
1348	2.692094441064218e-7
1349	2.692247031791851e-7
1350	2.692481896349005e-7
1351	2.693007322821778e-7
1352	2.693437397530278e-7
1353	2.693703764750380e-7
1354	2.693864674477888e-7
1355	2.694228193354107e-7
1356	2.694737567244915e-7
1357	2.694944813574846e-7
1358	2.695290812496800e-7
1359	2.695419123287889e-7
1360	2.695648641863634e-7
1361	2.695936312921305e-7
1362	2.696019025819045e-7
1363	2.696161745042594e-7
1364	2.696446631749627e-7
1365	2.696683358883677e-7
1366	2.696962217733526e-7
1367	2.697311799755908e-7
1368	2.697558226603036e-7
1369	2.697622790875253e-7
1370	2.698273025108864e-7
1371	2.698492362779394e-7
1372	2.698657984107721e-7
1373	2.698758673655411e-7
1374	2.699091283680606e-7
1375	2.699377338604176e-7
1376	2.699698690206685e-7
1377	2.700039437746586e-7
1378	2.700155412775269e-7
1379	2.700699658817071e-7
1380	2.700961848238081e-7
1381	2.701018164662127e-7
1382	2.701220850499462e-7
1383	2.701471154587103e-7
1384	2.701653002792458e-7
1385	2.702190728901481e-7
1386	2.702280055377365e-7
1387	2.702452028844789e-7
1388	2.702582675453561e-7
1389	2.702890756748589e-7
1390	2.703038232046103e-7
1391	2.703521702521862e-7
1392	2.703633761096446e-7
1393	2.703856124895544e-7
1394	2.703906055869255e-7
1395	2.704105094304155e-7
1396	2.704357884872563e-7
1397	2.704633644201277e-7
1398	2.704771883090625e-7
1399	2.705445631822208e-7
1400	2.705454654846669e-7
1401	2.705622205976405e-7
1402	2.705735038765508e-7
1403	2.705895736111529e-7
1404	2.706236733500531e-7
1405	2.706447434360021e-7
1406	2.706814993415568e-7
1407	2.706952115552954e-7
1408	2.707188019219396e-7
1409	2.707328593561717e-7
1410	2.707772162263439e-7
1411	2.707839181271730e-7
1412	2.708204519626806e-7
1413	2.708357425108958e-7
1414	2.708392947774752e-7
1415	2.708675056408871e-7
1416	2.708792499601391e-7
1417	2.709052733653260e-7
1418	2.709200374343058e-7
1419	2.709464642586017e-7
1420	2.709618396686744e-7
1421	2.709913360806700e-7
1422	2.710232872477778e-7
1423	2.710258859280061e-7
1424	2.710573805082139e-7
1425	2.710715343530707e-7
1426	2.711236514263590e-7
1427	2.711380738246269e-7
1428	2.711697219278340e-7
1429	2.711953579913637e-7
1430	2.712152121085044e-7
1431	2.712566087953475e-7
1432	2.713114734530059e-7
1433	2.713315309509335e-7
1434	2.713641424511816e-7
1435	2.713772465331768e-7
1436	2.713965431422304e-7
1437	2.714066301427984e-7
1438	2.714223089466291e-7
1439	2.714523071597665e-7
1440	2.714582118506511e-7
1441	2.714735302010809e-7
1442	2.715131575146204e-7
1443	2.715498309740499e-7
1444	2.715600265642230e-7
1445	2.715841595011291e-7
1446	2.716088299256990e-7
1447	2.716129676994253e-7
1448	2.716239005273052e-7
1449	2.716640494296103e-7
1450	2.716816525659638e-7
1451	2.717011062441419e-7
1452	2.717213767432672e-7
1453	2.717344469219408e-7
1454	2.717713360396834e-7
1455	2.717829934415266e-7
1456	2.718429706108461e-7
1457	2.718485827365370e-7
1458	2.718714177051508e-7
1459	2.719002962666454e-7
1460	2.719141975700833e-7
1461	2.719388301866423e-7
1462	2.719583290680661e-7
1463	2.719722078204012e-7
1464	2.719960538530661e-7
1465	2.720133540867901e-7
1466	2.720541465536034e-7
1467	2.720825845742396e-7
1468	2.720871576604812e-7
1469	2.721190557408432e-7
1470	2.721557199690926e-7
1471	2.721725576370860e-7
1472	2.721967919306494e-7
1473	2.722069518076358e-7
1474	2.722311614797736e-7
1475	2.722528370732054e-7
1476	2.722831441636664e-7
1477	2.722938958368291e-7
1478	2.723123397490408e-7
1479	2.723508432942260e-7
1480	2.723776743134335e-7
1481	2.723942820347509e-7
1482	2.724090192233218e-7
1483	2.724407298241066e-7
1484	2.724600474890083e-7
1485	2.724622763934124e-7
1486	2.724890738109927e-7
1487	2.725108308343455e-7
1488	2.725271169860094e-7
1489	2.725579398260699e-7
1490	2.725860219329661e-7
1491	2.726006211623818e-7
1492	2.726093237177732e-7
1493	2.726287285538698e-7
1494	2.726741048348433e-7
1495	2.726879258911528e-7
1496	2.726925490683679e-7
1497	2.727337824871027e-7
1498	2.727576882063698e-7
1499	2.727665833852690e-7
1500	2.727936908831879e-7
1501	2.728097820624779e-7
1502	2.728274931496023e-7
1503	2.728367392289114e-7
1504	2.728553363581100e-7
1505	2.728905497634509e-7
1506	2.729183311025991e-7
1507	2.729518802272624e-7
1508	2.729745759054818e-7
1509	2.729994800426835e-7
1510	2.730065808340010e-7
1511	2.730290977905187e-7
1512	2.730529790951765e-7
1513	2.730744391900959e-7
1514	2.730895696968190e-7
1515	2.731144870224756e-7
1516	2.731589048494599e-7
1517	2.731628227899515e-7
1518	2.732031520410806e-7
1519	2.732214235595382e-7
1520	2.732445343588866e-7
1521	2.732772865028811e-7
1522	2.732923355866638e-7
1523	2.733084041623596e-7
1524	2.733316039748834e-7
1525	2.733705751644994e-7
1526	2.733795065780089e-7
1527	2.733957962479650e-7
1528	2.734196331989841e-7
1529	2.734405159813721e-7
1530	2.734624835102211e-7
1531	2.734994104162870e-7
1532	2.735155098503825e-7
1533	2.735331684677374e-7
1534	2.735435399396753e-7
1535	2.735663354289803e-7
1536	2.735794248905278e-7
1537	2.735984924178195e-7
1538	2.736408413700377e-7
1539	2.736607739089538e-7
1540	2.736714558389715e-7
1541	2.737261876470176e-7
1542	2.737726100725646e-7
1543	2.737896593066607e-7
1544	2.738369754184809e-7
1545	2.738488112750264e-7
1546	2.738646294158843e-7
1547	2.738717139349906e-7
1548	2.739121670292707e-7
1549	2.739261083656148e-7
1550	2.739570346932432e-7
1551	2.739847108461148e-7
1552	2.739910331517831e-7
1553	2.740072774828123e-7
1554	2.740276541446461e-7
1555	2.740587650813085e-7
1556	2.741119261970307e-7
1557	2.741244736324531e-7
1558	2.741584079884176e-7
1559	2.741860041187369e-7
1560	2.742041174296221e-7
1561	2.742291342262643e-7
1562	2.742368148776048e-7
1563	2.742623982330474e-7
1564	2.743132751370633e-7
1565	2.743403634917962e-7
1566	2.743602580575290e-7
1567	2.743834280712407e-7
1568	2.743900578687904e-7
1569	2.744089803155804e-7
1570	2.744285495176126e-7
1571	2.744438327685559e-7
1572	2.744670430739637e-7
1573	2.744868109134495e-7
1574	2.745536748594193e-7
1575	2.745683902374472e-7
1576	2.746006796035777e-7
1577	2.746265640402603e-7
1578	2.746581422838022e-7
1579	2.746766379705644e-7
1580	2.747035175161837e-7
1581	2.747338812776765e-7
1582	2.747440785689218e-7
1583	2.748029619134891e-7
1584	2.748047119638603e-7
1585	2.748256084007003e-7
1586	2.748679939100417e-7
1587	2.748758016518747e-7
1588	2.749060315326801e-7
1589	2.749482113127713e-7
1590	2.749959488793197e-7
1591	2.750039664462554e-7
1592	2.750379599886944e-7
1593	2.750637729495901e-7
1594	2.750692994161012e-7
1595	2.750839791349213e-7
1596	2.750948392708256e-7
1597	2.751027132006398e-7
1598	2.751583448097333e-7
1599	2.751763945447789e-7
1600	2.751896923633767e-7
1601	2.752098551800435e-7
1602	2.752699573767310e-7
1603	2.752806069538145e-7
1604	2.753276065819485e-7
1605	2.753681491138812e-7
1606	2.753802642539940e-7
1607	2.753977611284418e-7
1608	2.754339700453989e-7
1609	2.754552449484175e-7
1610	2.754826217935054e-7
1611	2.755242224191356e-7
1612	2.755588815838927e-7
1613	2.755778455546244e-7
1614	2.755837157476088e-7
1615	2.756433677410634e-7
1616	2.756505300560504e-7
1617	2.756604155060550e-7
1618	2.757210731579227e-7
1619	2.757406245315811e-7
1620	2.757707204291753e-7
1621	2.757950746796104e-7
1622	2.758050769530444e-7
1623	2.758378688481902e-7
1624	2.758472595539421e-7
1625	2.758713951941092e-7
1626	2.759170606671602e-7
1627	2.759425741650825e-7
1628	2.759708234405952e-7
1629	2.759810200697886e-7
1630	2.759896705130510e-7
1631	2.760350711804741e-7
1632	2.760601543216063e-7
1633	2.760981338379374e-7
1634	2.761161412051583e-7
1635	2.761319833291452e-7
1636	2.762000929333610e-7
1637	2.762285087092254e-7
1638	2.762518387734937e-7
1639	2.762826975922573e-7
1640	2.763109617144366e-7
1641	2.763363154170203e-7
1642	2.763617128699284e-7
1643	2.763958330523022e-7
1644	2.764418206480222e-7
1645	2.764776136119490e-7
1646	2.764899858942523e-7
1647	2.765010936971614e-7
1648	2.765396337040662e-7
1649	2.765591610496997e-7
1650	2.766022562526304e-7
1651	2.766266306166335e-7
1652	2.766585227116829e-7
1653	2.766913530337821e-7
1654	2.767281564509540e-7
1655	2.767766515775278e-7
1656	2.767981987668219e-7
1657	2.768321625737589e-7
1658	2.768606914192086e-7
1659	2.768946568466853e-7
1660	2.769494478013164e-7
1661	2.769782895222079e-7
1662	2.770158492137935e-7
1663	2.770399448572350e-7
1664	2.770721101344705e-7
1665	2.770953273957462e-7
1666	2.771261677500508e-7
1667	2.771678201342381e-7
1668	2.771864825370901e-7
1669	2.772298734448105e-7
1670	2.772769474419351e-7
1671	2.772839955828208e-7
1672	2.773091472142937e-7
1673	2.773255792528131e-7
1674	2.773483725430356e-7
1675	2.773906304936314e-7
1676	2.774575652107889e-7
1677	2.775072431186331e-7
1678	2.775533070889405e-7
1679	2.775652862971707e-7
1680	2.776099284357930e-7
1681	2.776366386448055e-7
1682	2.776729683480403e-7
1683	2.776918734049033e-7
1684	2.777083362670523e-7
1685	2.777199755212445e-7
1686	2.777632004432930e-7
1687	2.778298527452537e-7
1688	2.778670498504013e-7
1689	2.779177807750296e-7
1690	2.779540111284213e-7
1691	2.779799726317773e-7
1692	2.780174205059856e-7
1693	2.780450334688192e-7
1694	2.780799093436894e-7
1695	2.781241214353154e-7
1696	2.781998195448605e-7
1697	2.782135407905212e-7
1698	2.782503611843349e-7
1699	2.783382686173201e-7
1700	2.783764957688251e-7
1701	2.784150963793641e-7
1702	2.784250115747214e-7
1703	2.784681769692286e-7
1704	2.784847218698530e-7
1705	2.785680916432387e-7
1706	2.785729818814852e-7
1707	2.786626847929967e-7
1708	2.786676041981415e-7
1709	2.787086634755462e-7
1710	2.787722449499437e-7
1711	2.787848596843254e-7
1712	2.788042252812367e-7
1713	2.788098328081422e-7
1714	2.788832021037936e-7
1715	2.788940376229435e-7
1716	2.789350973888241e-7
1717	2.789643857550323e-7
1718	2.790338303570376e-7
1719	2.790674806692297e-7
1720	2.791427786984725e-7
1721	2.791699677314456e-7
1722	2.791905320892604e-7
1723	2.792429851784687e-7
1724	2.792927799641508e-7
1725	2.793092896237491e-7
1726	2.793859047506983e-7
1727	2.794076267994852e-7
1728	2.794314556451332e-7
1729	2.794687356659169e-7
1730	2.794722610753683e-7
1731	2.795280347523713e-7
1732	2.795615650689270e-7
1733	2.796165814856908e-7
1734	2.796563679451536e-7
1735	2.797248601057525e-7
1736	2.797546364439826e-7
1737	2.798101522196689e-7
1738	2.798404875592075e-7
1739	2.798773335992010e-7
1740	2.798863024266180e-7
1741	2.799905577478011e-7
1742	2.800081985706948e-7
1743	2.800527698627636e-7
1744	2.801359273641568e-7
1745	2.801702897029933e-7
1746	2.802125679878648e-7
1747	2.802420944104969e-7
1748	2.803194618390730e-7
1749	2.803476749228995e-7
1750	2.803814659407162e-7
1751	2.803909076447854e-7
1752	2.804601265626882e-7
1753	2.805153129968528e-7
1754	2.805339633886619e-7
1755	2.805828228523491e-7
1756	2.805916034392937e-7
1757	2.806641772141275e-7
1758	2.807483888367869e-7
1759	2.807828870514444e-7
1760	2.808077054987187e-7
1761	2.808820583928922e-7
1762	2.808922299541019e-7
1763	2.809313211893636e-7
1764	2.809621532214486e-7
1765	2.810546439256570e-7
1766	2.810814404315049e-7
1767	2.811332484781297e-7
1768	2.811711675434732e-7
1769	2.812400182689151e-7
1770	2.812877009006695e-7
1771	2.813304426949713e-7
1772	2.813665550298201e-7
1773	2.813969572534778e-7
1774	2.814858397044632e-7
1775	2.815409376000413e-7
1776	2.815748098190166e-7
1777	2.816547479478794e-7
1778	2.816758622795076e-7
1779	2.817172476654941e-7
1780	2.818217599183296e-7
1781	2.818541016951095e-7
1782	2.818953640874038e-7
1783	2.819682444587498e-7
1784	2.820221041494761e-7
1785	2.820517995109984e-7
1786	2.821378474642937e-7
1787	2.821806505276276e-7
1788	2.822248716964449e-7
1789	2.822606567064975e-7
1790	2.822873046473138e-7
1791	2.824043345928663e-7
1792	2.825023274245104e-7
1793	2.825243201233041e-7
1794	2.826325224888847e-7
1795	2.826790741615905e-7
1796	2.827632802958772e-7
1797	2.828135395774195e-7
1798	2.828663122343724e-7
1799	2.829485168215493e-7
1800	2.829901676654400e-7
1801	2.830100276803105e-7
1802	2.830796908600505e-7
1803	2.830891344549299e-7
1804	2.831432249525380e-7
1805	2.832415518829851e-7
1806	2.833218987106111e-7
1807	2.833553038708945e-7
1808	2.834280733866200e-7
1809	2.834298001061013e-7
1810	2.835137132970173e-7
1811	2.836230956527149e-7
1812	2.836735447615055e-7
1813	2.836985889924738e-7
1814	2.837654859185930e-7
1815	2.838438266207801e-7
1816	2.838588064178867e-7
1817	2.839666357931570e-7
1818	2.840271601970452e-7
1819	2.840417596211921e-7
1820	2.840973145994748e-7
1821	2.841526681273739e-7
1822	2.842253552241091e-7
1823	2.842836738886984e-7
1824	2.843135456851484e-7
1825	2.843858249518572e-7
1826	2.844097422812251e-7
1827	2.844831816154625e-7
1828	2.845741284188123e-7
1829	2.846520230510874e-7
1830	2.847167099974618e-7
1831	2.847715173313994e-7
1832	2.847834545194301e-7
1833	2.849287688680509e-7
1834	2.849882850050808e-7
1835	2.850760494079825e-7
1836	2.851437693913826e-7
1837	2.851535717799184e-7
1838	2.852711751877322e-7
1839	2.853237446418416e-7
1840	2.853926762707594e-7
1841	2.854314417532778e-7
1842	2.854744772916855e-7
1843	2.855338242598740e-7
1844	2.855587157213327e-7
1845	2.856330637191556e-7
1846	2.856942143564331e-7
1847	2.857238634330945e-7
1848	2.858186015622908e-7
1849	2.859141184538831e-7
1850	2.859909443494843e-7
1851	2.860647305297985e-7
1852	2.860942860593559e-7
1853	2.861858944546254e-7
1854	2.862131682529084e-7
1855	2.862533454614883e-7
1856	2.863363581309838e-7
1857	2.863980560947586e-7
1858	2.864886773416460e-7
1859	2.865055169263963e-7
1860	2.866212112566050e-7
1861	2.867057345402165e-7
1862	2.867987524044249e-7
1863	2.868698394710277e-7
1864	2.868835629751840e-7
1865	2.869792238166962e-7
1866	2.869868012741004e-7
1867	2.870660727803945e-7
1868	2.872056178814673e-7
1869	2.872167966014500e-7
1870	2.872826286773930e-7
1871	2.873561764437406e-7
1872	2.873815317568493e-7
1873	2.874226028477558e-7
1874	2.874670646611579e-7
1875	2.875360790606398e-7
1876	2.875962070523386e-7
1877	2.877243127183125e-7
1878	2.878033196556410e-7
1879	2.878209447818248e-7
1880	2.878672519804214e-7
1881	2.879223036113166e-7
1882	2.879718032712316e-7
1883	2.880599219360467e-7
1884	2.881262471387824e-7
1885	2.881659208975974e-7
1886	2.882531655500397e-7
1887	2.883006746526558e-7
1888	2.883240112883987e-7
1889	2.883894743941148e-7
1890	2.884077768789417e-7
1891	2.885803479105082e-7
1892	2.886315474100945e-7
1893	2.886832646253484e-7
1894	2.888319992020541e-7
1895	2.889135227248968e-7
1896	2.889647826253771e-7
1897	2.891216239242721e-7
1898	2.891636085275180e-7
1899	2.891720616555755e-7
1900	2.892009178040644e-7
1901	2.892192830753264e-7
1902	2.893797784937185e-7
1903	2.894438218063127e-7
1904	2.894967610912381e-7
1905	2.895407636351004e-7
1906	2.896330615676468e-7
1907	2.896918279192543e-7
1908	2.898069993230233e-7
1909	2.898340779655778e-7
1910	2.898684293872966e-7
1911	2.899068363379445e-7
1912	2.899954389858408e-7
1913	2.900523926464926e-7
1914	2.900892268480648e-7
1915	2.901835493040323e-7
1916	2.902311365644452e-7
1917	2.902957290636047e-7
1918	2.903842342379012e-7
1919	2.904330973644909e-7
1920	2.905674201080450e-7
1921	2.906781652059634e-7
1922	2.907577101713377e-7
1923	2.907626964503556e-7
1924	2.907870339404578e-7
1925	2.908637873446707e-7
1926	2.909116071270812e-7
1927	2.910847275770874e-7
1928	2.911104350902424e-7
1929	2.911886725609596e-7
1930	2.912653264127843e-7
1931	2.913555525500641e-7
1932	2.914390137074780e-7
1933	2.914520691740155e-7
1934	2.915150155382008e-7
1935	2.915939656950627e-7
1936	2.916090243596892e-7
1937	2.917374493096405e-7
1938	2.917822123512080e-7
1939	2.918427777297034e-7
1940	2.919033382449694e-7
1941	2.919709016917980e-7
1942	2.920262230361930e-7
1943	2.921017028560235e-7
1944	2.921692398231760e-7
1945	2.922525942380453e-7
1946	2.923222410759367e-7
1947	2.923978481415079e-7
1948	2.924647611392963e-7
1949	2.925248694453181e-7
1950	2.925695438293163e-7
1951	2.926237371610802e-7
1952	2.927271684381000e-7
1953	2.928970516842421e-7
1954	2.929303310123929e-7
1955	2.930044255858964e-7
1956	2.930589364691974e-7
1957	2.931288770630633e-7
1958	2.931671626948714e-7
1959	2.932138348567516e-7
1960	2.932920150932688e-7
1961	2.933356162046899e-7
1962	2.933923265662635e-7
1963	2.934796670853231e-7
1964	2.934838842811617e-7
1965	2.935688120143488e-7
1966	2.936144360050079e-7
1967	2.937431176851284e-7
1968	2.937475107596869e-7
1969	2.938179893863504e-7
1970	2.938956886007251e-7
1971	2.939259253039421e-7
1972	2.940300674666898e-7
1973	2.941695697097815e-7
1974	2.942005017681800e-7
1975	2.942311352315370e-7
1976	2.943592306180524e-7
1977	2.944335029313064e-7
1978	2.944735751516739e-7
1979	2.945565511973744e-7
1980	2.946155320272214e-7
1981	2.946812811808202e-7
1982	2.947289215612160e-7
1983	2.948826497531561e-7
1984	2.948887648173533e-7
1985	2.949148292686203e-7
1986	2.950015037301225e-7
1987	2.951249365668439e-7
1988	2.952005836141904e-7
1989	2.952742180375936e-7
1990	2.953035163425099e-7
1991	2.953161870467058e-7
1992	2.954084428789920e-7
1993	2.955138265309937e-7
1994	2.955877419947137e-7
1995	2.956474734612445e-7
1996	2.957489982792151e-7
1997	2.958567726333364e-7
1998	2.958895382905413e-7
1999	2.959758483851069e-7
2000	2.960079032966505e-7
2001	2.960857202700930e-7
2002	2.961640613333159e-7
2003	2.962276000744810e-7
2004	2.962546466418346e-7
2005	2.963332783239682e-7
2006	2.964142278210917e-7
2007	2.965496739849069e-7
2008	2.965894428755590e-7
2009	2.966340362697114e-7
2010	2.967096977819881e-7
2011	2.968002923084948e-7
2012	2.968408229837249e-7
2013	2.969077451353722e-7
2014	2.970119669120445e-7
2015	2.970707685569156e-7
2016	2.971456730174632e-7
2017	2.972485560605844e-7
2018	2.972901307758177e-7
2019	2.974077265185207e-7
2020	2.974850333207421e-7
2021	2.975531667873758e-7
2022	2.976310464452729e-7
2023	2.976905683048693e-7
2024	2.977557828436794e-7
2025	2.977783563728432e-7
2026	2.978416307190745e-7
2027	2.980300553707527e-7
2028	2.980647748405145e-7
2029	2.981086294768841e-7
2030	2.981753613119234e-7
2031	2.983155914582999e-7
2032	2.983968169828200e-7
2033	2.984241047668941e-7
2034	2.985089806273865e-7
2035	2.985755479664632e-7
2036	2.986103529792776e-7
2037	2.987153624850308e-7
2038	2.987843482568404e-7
2039	2.988871806976185e-7
2040	2.988996816914568e-7
2041	2.990379688929367e-7
2042	2.991028286752267e-7
2043	2.992904988632088e-7
2044	2.994809992120607e-7
2045	2.995871259340765e-7
2046	2.996149326238026e-7
2047	2.997483864323738e-7
2048	2.998358457515801e-7
2049	2.998713210807971e-7
2050	2.999038751569942e-7
2051	2.999888526299558e-7
2052	3.000727348891732e-7
2053	3.002096679827689e-7
2054	3.002837588875832e-7
2055	3.003199303173930e-7
2056	3.003502421743888e-7
2057	3.004031070928961e-7
2058	3.005604437032259e-7
2059	3.006602356848191e-7
2060	3.007596778685141e-7
2061	3.008036325055245e-7
2062	3.008352024400195e-7
2063	3.009427698322537e-7
2064	3.010651347059291e-7
2065	3.011066381034758e-7
2066	3.012584741084103e-7
2067	3.012736195026110e-7
2068	3.013675348514930e-7
2069	3.014826125864930e-7
2070	3.015771193893028e-7
2071	3.017870611723216e-7
2072	3.019202484857344e-7
2073	3.020055318152842e-7
2074	3.020428274265013e-7
2075	3.020806611680692e-7
2076	3.023212124842898e-7
2077	3.023810768779627e-7
2078	3.024152013634664e-7
2079	3.024968762557071e-7
2080	3.026088840623693e-7
2081	3.026871830235466e-7
2082	3.027895890305045e-7
2083	3.028614400279298e-7
2084	3.029105167695018e-7
2085	3.030133122456048e-7
2086	3.031201270128301e-7
2087	3.031878680611080e-7
2088	3.032861340983572e-7
2089	3.034070235818574e-7
2090	3.034510435283877e-7
2091	3.035642055932972e-7
2092	3.036080126534919e-7
2093	3.036923866878677e-7
2094	3.038473477621934e-7
2095	3.038683522316284e-7
2096	3.040654451471144e-7
2097	3.041579750983752e-7
2098	3.042003700603453e-7
2099	3.043116091027851e-7
2100	3.043702947763685e-7
2101	3.045769737368156e-7
2102	3.046238768613334e-7
2103	3.046655824809607e-7
2104	3.048056839491176e-7
2105	3.048553359270509e-7
2106	3.048918333862189e-7
2107	3.050359729605815e-7
2108	3.050953882486409e-7
2109	3.052243655806718e-7
2110	3.053656258780123e-7
2111	3.054755563064642e-7
2112	3.055965044468222e-7
2113	3.056351687285238e-7
2114	3.057084223849134e-7
2115	3.058177089467720e-7
2116	3.059136195267775e-7
2117	3.059642083857271e-7
2118	3.061030955004768e-7
2119	3.061178533118156e-7
2120	3.061959633343439e-7
2121	3.062921349414031e-7
2122	3.064609057869062e-7
2123	3.066055137821903e-7
2124	3.066229420303617e-7
2125	3.067318483654258e-7
2126	3.068223306047578e-7
2127	3.069132798862855e-7
2128	3.069879284069211e-7
2129	3.069973816089866e-7
2130	3.071371763713774e-7
2131	3.072159804281434e-7
2132	3.072747960546166e-7
2133	3.073175014202718e-7
2134	3.074123325692112e-7
2135	3.074197377546613e-7
2136	3.076075538710571e-7
2137	3.077337907344511e-7
2138	3.077865521960150e-7
2139	3.078675070993137e-7
2140	3.079913497861378e-7
2141	3.080403406297569e-7
2142	3.080913416785997e-7
2143	3.081719315840492e-7
2144	3.082486454686941e-7
2145	3.083283120496079e-7
2146	3.084656219576332e-7
2147	3.085681146856302e-7
2148	3.086428771023857e-7
2149	3.086791901137023e-7
2150	3.088717717765079e-7
2151	3.088841088902482e-7
2152	3.089266262313385e-7
2153	3.089701849693076e-7
2154	3.090356800487018e-7
2155	3.091706705420095e-7
2156	3.092748553241870e-7
2157	3.093201030520420e-7
2158	3.094812047290667e-7
2159	3.095117172357417e-7
2160	3.095700911394325e-7
2161	3.097061018798610e-7
2162	3.098167050362471e-7
2163	3.098391830100679e-7
2164	3.098917551055435e-7
2165	3.099330526690124e-7
2166	3.100572016258321e-7
2167	3.101222885021271e-7
2168	3.102468734487134e-7
2169	3.102861122466237e-7
2170	3.104423253143354e-7
2171	3.104743675793151e-7
2172	3.104877561689624e-7
2173	3.105881673917820e-7
2174	3.106668022389549e-7
2175	3.107174278027632e-7
2176	3.108217439717747e-7
2177	3.108879521123502e-7
2178	3.109128477695532e-7
2179	3.110775833253349e-7
2180	3.110931551186030e-7
2181	3.111831476036696e-7
2182	3.113091833240511e-7
2183	3.113350054100941e-7
2184	3.114377732365895e-7
2185	3.114979962774793e-7
2186	3.115572410020121e-7
2187	3.116018072810415e-7
2188	3.116826816885483e-7
2189	3.117104010056877e-7
2190	3.118665570590283e-7
2191	3.118779590833469e-7
2192	3.119544585778853e-7
2193	3.120338067885916e-7
2194	3.121813715308491e-7
2195	3.122053843061980e-7
2196	3.122484282235342e-7
2197	3.123443247678782e-7
2198	3.123690046939516e-7
2199	3.124614184678168e-7
2200	3.124927770745424e-7
2201	3.125063018329968e-7
2202	3.126197532297899e-7
2203	3.126538339418828e-7
2204	3.127471831365745e-7
2205	3.128220742771358e-7
2206	3.129528204096930e-7
2207	3.129745360250034e-7
2208	3.130339288918504e-7
2209	3.131221463231757e-7
2210	3.131881910442411e-7
2211	3.132587437913549e-7
2212	3.133406777891693e-7
2213	3.133620604159205e-7
2214	3.133860937899576e-7
2215	3.134777270264882e-7
2216	3.135291885980021e-7
2217	3.135599320675714e-7
2218	3.136476791656924e-7
2219	3.137034651889134e-7
2220	3.137476230512554e-7
2221	3.138379439163516e-7
2222	3.138650376479866e-7
2223	3.139181003093549e-7
2224	3.139852600299412e-7
2225	3.140915551491398e-7
2226	3.141403067635982e-7
2227	3.141923480459472e-7
2228	3.143145460850361e-7
2229	3.144031385536786e-7
2230	3.144178320197536e-7
2231	3.144369644998212e-7
2232	3.144460883164375e-7
2233	3.145584381020862e-7
2234	3.146239733952008e-7
2235	3.146669292517556e-7
2236	3.147952936537440e-7
2237	3.148078639502498e-7
2238	3.148443348502710e-7
2239	3.148811877102935e-7
2240	3.149698364344019e-7
2241	3.150488775373149e-7
2242	3.151816950643991e-7
2243	3.152082745745649e-7
2244	3.152350847795905e-7
2245	3.153098646712773e-7
2246	3.154256636380977e-7
2247	3.154616122668674e-7
2248	3.154693741503053e-7
2249	3.155520953990178e-7
2250	3.155830925868142e-7
2251	3.156817145037862e-7
2252	3.157256295428335e-7
2253	3.157738267529396e-7
2254	3.158506661047665e-7
2255	3.159143289448423e-7
2256	3.160021632810340e-7
2257	3.161530252022537e-7
2258	3.161951417510455e-7
2259	3.162227674392811e-7
2260	3.162833268012983e-7
2261	3.164098309057592e-7
2262	3.164271739022760e-7
2263	3.164768752654684e-7
2264	3.165213131068002e-7
2265	3.165922457785869e-7
2266	3.166805902438956e-7
2267	3.167314252095645e-7
2268	3.167915016667597e-7
2269	3.167993560715579e-7
2270	3.168657291855822e-7
2271	3.169288778752067e-7
2272	3.170721328085148e-7
2273	3.171378709593963e-7
2274	3.171571975773033e-7
2275	3.172328342943825e-7
2276	3.173020617381587e-7
2277	3.173409802014439e-7
2278	3.174116584159907e-7
2279	3.174609051805658e-7
2280	3.175034578218315e-7
2281	3.175567391996134e-7
2282	3.176847505378326e-7
2283	3.177394926305532e-7
2284	3.177748822961103e-7
2285	3.178254662318883e-7
2286	3.179170023204036e-7
2287	3.180025446514134e-7
2288	3.180866656320634e-7
2289	3.181304973290091e-7
2290	3.181982865001092e-7
2291	3.182371604848544e-7
2292	3.183176851854942e-7
2293	3.183737803441332e-7
2294	3.184010441602032e-7
2295	3.185330605747620e-7
2296	3.186125404952959e-7
2297	3.186294857440000e-7
2298	3.186560697975264e-7
2299	3.187386952867421e-7
2300	3.188385898042637e-7
2301	3.188601578562289e-7
2302	3.189910080407299e-7
2303	3.190599359168136e-7
2304	3.191135773485530e-7
2305	3.191498313411541e-7
2306	3.191810736783312e-7
2307	3.193030285692024e-7
2308	3.193540552050606e-7
2309	3.194622840245631e-7
2310	3.195102295008933e-7
2311	3.195497602284510e-7
2312	3.196005054291903e-7
2313	3.196507262149529e-7
2314	3.197214391189897e-7
2315	3.198314439697227e-7
2316	3.198691757897438e-7
2317	3.199390737567845e-7
2318	3.200063266805666e-7
2319	3.200328149384120e-7
2320	3.201172829066788e-7
2321	3.202385661760535e-7
2322	3.203031846361623e-7
2323	3.203458752353233e-7
2324	3.204051792798040e-7
2325	3.204905104332449e-7
2326	3.205732434710651e-7
2327	3.205815299122445e-7
2328	3.206629683838377e-7
2329	3.207614485689301e-7
2330	3.207911161064770e-7
2331	3.208747525824952e-7
2332	3.209410377574805e-7
2333	3.209596417601190e-7
2334	3.210502280353988e-7
2335	3.210987014292495e-7
2336	3.211784220006434e-7
2337	3.212293919855976e-7
2338	3.212334902244633e-7
2339	3.213234859612269e-7
2340	3.214174895983578e-7
2341	3.214259151268259e-7
2342	3.214737696676287e-7
2343	3.215655065933900e-7
2344	3.216498000893255e-7
2345	3.217353771441781e-7
2346	3.218110292189449e-7
2347	3.218572640882783e-7
2348	3.219331157024032e-7
2349	3.219780221414285e-7
2350	3.221109290844263e-7
2351	3.221243366451632e-7
2352	3.221761903172461e-7
2353	3.222697338826773e-7
2354	3.223558106546920e-7
2355	3.223892072825628e-7
2356	3.224754766580995e-7
2357	3.224972170017650e-7
2358	3.225195835570535e-7
2359	3.226086358817552e-7
2360	3.226703675110476e-7
2361	3.227004101122469e-7
2362	3.227610667079936e-7
2363	3.227911056452313e-7
2364	3.227997765841425e-7
2365	3.229291116618288e-7
2366	3.230260898153204e-7
2367	3.231101138107653e-7
2368	3.231924268613999e-7
2369	3.232131458181789e-7
2370	3.232322703258263e-7
2371	3.233182511070530e-7
2372	3.233607954469053e-7
2373	3.233939899228881e-7
2374	3.235085720014983e-7
2375	3.235336855395972e-7
2376	3.236362233686940e-7
2377	3.236495461815876e-7
2378	3.236732512647362e-7
2379	3.237942440781475e-7
2380	3.238865288839359e-7
2381	3.239651827758585e-7
2382	3.239838040561433e-7
2383	3.240576574529562e-7
2384	3.241247067434089e-7
2385	3.242009905877432e-7
2386	3.242911530128018e-7
2387	3.243021687582081e-7
2388	3.243298322629546e-7
2389	3.243997407332993e-7
2390	3.244233524632707e-7
2391	3.244985113745123e-7
2392	3.245357007661836e-7
2393	3.246218164363385e-7
2394	3.246353309039201e-7
2395	3.246402879488552e-7
2396	3.247436128606891e-7
2397	3.247521772282968e-7
2398	3.248287742913626e-7
2399	3.248993451191017e-7
2400	3.249582683117402e-7
2401	3.249903660505703e-7
2402	3.250572206967726e-7
2403	3.251032096144307e-7
2404	3.251343187744745e-7
2405	3.251871799076401e-7
2406	3.253351689201332e-7
2407	3.253619830186832e-7
2408	3.253909992602975e-7
2409	3.254640121854339e-7
2410	3.255378402125423e-7
2411	3.255574638708314e-7
2412	3.256047064679194e-7
2413	3.256352320468821e-7
2414	3.256771926448938e-7
2415	3.256871220197756e-7
2416	3.257264336188687e-7
2417	3.257549418624934e-7
2418	3.258816768998807e-7
2419	3.258944584410205e-7
2420	3.259284261073666e-7
2421	3.259678261141961e-7
2422	3.260378010975715e-7
2423	3.261107828792719e-7
2424	3.261475044450512e-7
2425	3.262588829535797e-7
2426	3.263092354258471e-7
2427	3.263387613492588e-7
2428	3.264065937153542e-7
2429	3.264399818921123e-7
2430	3.264501082946193e-7
2431	3.264784562880619e-7
2432	3.265409975945649e-7
2433	3.265531499534415e-7
2434	3.266598065631265e-7
2435	3.267059933440340e-7
2436	3.267212429051324e-7
2437	3.267664754824514e-7
2438	3.268447066446868e-7
2439	3.268600304904814e-7
2440	3.268781369919268e-7
2441	3.269294783201410e-7
2442	3.269636711347147e-7
2443	3.270784524192618e-7
2444	3.270991820621726e-7
2445	3.271397669312835e-7
2446	3.271926312607903e-7
2447	3.272041383316019e-7
2448	3.272273862558702e-7
2449	3.272545582230528e-7
2450	3.273334000142010e-7
2451	3.273494931457618e-7
2452	3.274090059223803e-7
2453	3.274575302943221e-7
2454	3.274779569873888e-7
2455	3.275041168902320e-7
2456	3.275747367813743e-7
2457	3.276518002633755e-7
2458	3.276986228958608e-7
2459	3.277369177175193e-7
2460	3.277750954454876e-7
2461	3.278316389617731e-7
2462	3.278444363727099e-7
2463	3.278758488988899e-7
2464	3.279067568038826e-7
2465	3.279912525451329e-7
2466	3.280367436778919e-7
2467	3.280788861388210e-7
2468	3.281532301435656e-7
2469	3.282006931766431e-7
2470	3.282137829959799e-7
2471	3.282771367730850e-7
2472	3.282839528680835e-7
2473	3.283312115182141e-7
2474	3.283700258895958e-7
2475	3.283769474927984e-7
2476	3.284176920420441e-7
2477	3.284517512235020e-7
2478	3.284771245493100e-7
2479	3.285299963803699e-7
2480	3.286127349695258e-7
2481	3.286657447250853e-7
2482	3.287027607255291e-7
2483	3.287335897743178e-7
2484	3.287745986090360e-7
2485	3.288144046039955e-7
2486	3.288588866020468e-7
2487	3.288814084903629e-7
2488	3.289427942760903e-7
2489	3.289551903438228e-7
2490	3.290298543782430e-7
2491	3.290763693649966e-7
2492	3.291226866366211e-7
2493	3.291289640825850e-7
2494	3.291715058034746e-7
2495	3.291896743335285e-7
2496	3.292499145043707e-7
2497	3.292995998588913e-7
2498	3.293469093229977e-7
2499	3.293853808783717e-7
2500	3.294392457895657e-7
2501	3.294905325909174e-7
2502	3.295342626836665e-7
2503	3.295468486774472e-7
2504	3.295996303991592e-7
2505	3.296403768733986e-7
2506	3.296584793674796e-7
2507	3.296765759312356e-7
2508	3.297251859252248e-7
2509	3.297297714651444e-7
2510	3.297409384982411e-7
2511	3.297850650420257e-7
2512	3.298614591383631e-7
2513	3.298964672711260e-7
2514	3.299331785715005e-7
2515	3.299648299792548e-7
2516	3.300206254403480e-7
2517	3.300400205488791e-7
2518	3.300926075022849e-7
2519	3.301301361125196e-7
2520	3.301773268975220e-7
2521	3.302176943341926e-7
2522	3.302590949117464e-7
2523	3.302777379806879e-7
2524	3.303314326847080e-7
2525	3.303458891715252e-7
2526	3.303867956512132e-7
2527	3.304511014595985e-7
2528	3.305050934820606e-7
2529	3.305442025824824e-7
2530	3.305760402691744e-7
2531	3.306155054975420e-7
2532	3.306539870894057e-7
2533	3.307040968904016e-7
2534	3.307315947665967e-7
2535	3.307710541432572e-7
2536	3.307973794170331e-7
2537	3.308476063758037e-7
2538	3.308635953382304e-7
2539	3.308913817233084e-7
2540	3.309294950878036e-7
2541	3.309837195836379e-7
2542	3.310132581222779e-7
2543	3.310388484083483e-7
2544	3.310605216432386e-7
2545	3.310851577177316e-7
2546	3.311618147821677e-7
2547	3.311823250861401e-7
2548	3.312074535489482e-7
2549	3.312462759308604e-7
2550	3.313212299716444e-7
2551	3.313308029601381e-7
2552	3.313420749533315e-7
2553	3.313950141830134e-7
2554	3.314149996253447e-7
2555	3.314313284016853e-7
2556	3.314542025177747e-7
2557	3.315446194469868e-7
2558	3.315541167811689e-7
2559	3.315675019739552e-7
2560	3.316229793450930e-7
2561	3.316751998355835e-7
2562	3.316874965210258e-7
2563	3.317130925177393e-7
2564	3.318067010406488e-7
2565	3.318297721591020e-7
2566	3.318517193519878e-7
2567	3.318618298497057e-7
2568	3.318932631223413e-7
2569	3.319395876357971e-7
2570	3.319984921868409e-7
2571	3.320036100749358e-7
2572	3.320679923105310e-7
2573	3.321094162140206e-7
2574	3.321352044023548e-7
2575	3.321498644122547e-7
2576	3.321854904182793e-7
2577	3.322008536720576e-7
2578	3.322519451911242e-7
2579	3.322816877630453e-7
2580	3.323137544116146e-7
2581	3.323547212493927e-7
2582	3.323818173641591e-7
2583	3.324172205664182e-7
2584	3.324494450646107e-7
2585	3.324705966841743e-7
2586	3.324926316933255e-7
2587	3.325195565633139e-7
2588	3.325761705607128e-7
2589	3.326061380375397e-7
2590	3.326319515218452e-7
2591	3.326528323302388e-7
2592	3.327129789190419e-7
2593	3.327215369857897e-7
2594	3.327465534023372e-7
2595	3.327767875095493e-7
2596	3.328298636683865e-7
2597	3.328485301511452e-7
2598	3.329054149024569e-7
2599	3.329268279330530e-7
2600	3.329527203409640e-7
2601	3.330023544383037e-7
2602	3.330186513111848e-7
2603	3.330463169220190e-7
2604	3.330815287269970e-7
2605	3.331285239693097e-7
2606	3.331390995874010e-7
2607	3.331501724706254e-7
2608	3.332093057799939e-7
2609	3.332461628400933e-7
2610	3.332568924499336e-7
2611	3.333109794362182e-7
2612	3.333189629758058e-7
2613	3.333455681139860e-7
2614	3.333843637727098e-7
2615	3.333954241960487e-7
2616	3.334714882043216e-7
2617	3.334856166798270e-7
2618	3.335364935910504e-7
2619	3.335479076796248e-7
2620	3.335708805120326e-7
2621	3.335805849781232e-7
2622	3.336178551012107e-7
2623	3.336752411519475e-7
2624	3.336994281218328e-7
2625	3.337269691758601e-7
2626	3.337651067444940e-7
2627	3.337751930411286e-7
2628	3.338265824562546e-7
2629	3.338425850005612e-7
2630	3.338556107740206e-7
2631	3.338899349959184e-7
2632	3.339148758459521e-7
2633	3.339332419348466e-7
2634	3.339899863685491e-7
2635	3.340160845436692e-7
2636	3.340421094034188e-7
2637	3.340733486850636e-7
2638	3.341029550895783e-7
2639	3.341329949255805e-7
2640	3.341623000758017e-7
2641	3.341781767500301e-7
2642	3.342298032023880e-7
2643	3.342445234922576e-7
2644	3.342764854544520e-7
2645	3.343129271033425e-7
2646	3.343449578062227e-7
2647	3.343775898669452e-7
2648	3.344037926669440e-7
2649	3.344437716025743e-7
2650	3.344602159278418e-7
2651	3.344872250865604e-7
2652	3.345024743436422e-7
2653	3.345433198379038e-7
2654	3.345613046508130e-7
2655	3.346213755802215e-7
2656	3.346324085515210e-7
2657	3.346478667753286e-7
2658	3.346837738860716e-7
2659	3.347167396260046e-7
2660	3.347404529089040e-7
2661	3.347540878636466e-7
2662	3.348039610883496e-7
2663	3.348091559639666e-7
2664	3.348355176837465e-7
2665	3.348507460491300e-7
2666	3.349014812885306e-7
2667	3.349283502136710e-7
2668	3.349749552400056e-7
2669	3.350166172333648e-7
2670	3.350430791077525e-7
2671	3.350616707440009e-7
2672	3.350667346976635e-7
2673	3.351116164529704e-7
2674	3.351388219128765e-7
2675	3.351420327421344e-7
2676	3.351941388858922e-7
2677	3.352111133438639e-7
2678	3.352365732164800e-7
2679	3.352719857520238e-7
2680	3.353175249181145e-7
2681	3.353438829133255e-7
2682	3.353620088864330e-7
2683	3.353935334168955e-7
2684	3.354236631153953e-7
2685	3.354656735160136e-7
2686	3.354852499665964e-7
2687	3.355071635170575e-7
2688	3.355399710585793e-7
2689	3.355567932898894e-7
2690	3.355823618439108e-7
2691	3.355956767419638e-7
2692	3.356295550745282e-7
2693	3.356311103456210e-7
2694	3.356445495144802e-7
2695	3.356875236126040e-7
2696	3.357155998144641e-7
2697	3.357349260699090e-7
2698	3.357609712733021e-7
2699	3.357902561352461e-7
2700	3.358255013142411e-7
2701	3.358389959815931e-7
2702	3.358587094796650e-7
2703	3.358870453421666e-7
2704	3.359093893025590e-7
2705	3.359372502113220e-7
2706	3.359797473954373e-7
2707	3.360103670689141e-7
2708	3.360194651778427e-7
2709	3.360487985280760e-7
2710	3.360797075147685e-7
2711	3.360998480224348e-7
2712	3.361161308347431e-7
2713	3.361323976271698e-7
2714	3.361398136365427e-7
2715	3.361963576684126e-7
2716	3.362122107478000e-7
2717	3.362269445703485e-7
2718	3.362435542706828e-7
2719	3.362789785403020e-7
2720	3.362887544130513e-7
2721	3.363121121543874e-7
2722	3.363643685488541e-7
2723	3.363837425315736e-7
2724	3.363922907944194e-7
2725	3.364201862351009e-7
2726	3.364551271748932e-7
2727	3.364919146442655e-7
2728	3.365032258688263e-7
2729	3.365348556974935e-7
2730	3.365605408070152e-7
2731	3.365638202207450e-7
2732	3.365993073467879e-7
2733	3.366050807022015e-7
2734	3.366735395588990e-7
2735	3.366952855900782e-7
2736	3.367225314957967e-7
2737	3.367517185986528e-7
2738	3.367582516169569e-7
2739	3.367884742757581e-7
2740	3.368158623267400e-7
2741	3.368351380326418e-7
2742	3.368589776912034e-7
2743	3.368624623533467e-7
2744	3.368922733779470e-7
2745	3.369428899578952e-7
2746	3.369483101055398e-7
2747	3.369686103314139e-7
2748	3.370006242135668e-7
2749	3.370144680642816e-7
2750	3.370449339232348e-7
2751	3.370630656622460e-7
2752	3.370779136106714e-7
2753	3.370837032643578e-7
2754	3.371361986450381e-7
2755	3.371575095012870e-7
2756	3.371806349089246e-7
2757	3.372174550975562e-7
2758	3.372286536462510e-7
2759	3.372449540011101e-7
2760	3.372918233355747e-7
2761	3.373209144490168e-7
2762	3.373407636450483e-7
2763	3.373619281475262e-7
2764	3.373738193563936e-7
2765	3.373983520197555e-7
2766	3.374101119736354e-7
2767	3.374218735201016e-7
2768	3.374589530373810e-7
2769	3.374895538541495e-7
2770	3.374965296739618e-7
2771	3.375321016432760e-7
2772	3.375492479524496e-7
2773	3.375692347943135e-7
2774	3.375837436085553e-7
2775	3.376068232517362e-7
2776	3.376345318582551e-7
2777	3.376534375472360e-7
2778	3.376649184313344e-7
2779	3.376842480769313e-7
2780	3.377081882587213e-7
2781	3.377239331358535e-7
2782	3.377477903786210e-7
2783	3.377645930592665e-7
2784	3.377876082496776e-7
2785	3.378184901234808e-7
2786	3.378254179739082e-7
2787	3.378479529635935e-7
2788	3.378665127196612e-7
2789	3.378723786676559e-7
2790	3.378971860733535e-7
2791	3.379263136817070e-7
2792	3.379534837155182e-7
2793	3.379820753098179e-7
2794	3.380031378262277e-7
2795	3.380059061118733e-7
2796	3.380479061226995e-7
2797	3.380572231984919e-7
2798	3.380711298484130e-7
2799	3.380846875651156e-7
2800	3.381182410026137e-7
2801	3.381393973840234e-7
2802	3.381583004538828e-7
2803	3.381830112706632e-7
2804	3.382132202842502e-7
2805	3.382164236378904e-7
2806	3.382436308852367e-7
2807	3.382679590155845e-7
2808	3.382705999595115e-7
2809	3.382922015663739e-7
2810	3.383090313277569e-7
2811	3.383296985388189e-7
2812	3.383491506619319e-7
2813	3.383691089083787e-7
2814	3.383748966588378e-7
2815	3.384000564017255e-7
2816	3.384223829505037e-7
2817	3.384262127685144e-7
2818	3.384573764116883e-7
2819	3.384738908868603e-7
2820	3.385048157446537e-7
2821	3.385193237483889e-7
2822	3.385371207255089e-7
2823	3.385674979902454e-7
2824	3.385722247618482e-7
2825	3.385872651671436e-7
2826	3.385982988746545e-7
2827	3.386134522682818e-7
2828	3.386477839983942e-7
2829	3.386582780780742e-7
2830	3.386775871041270e-7
2831	3.387037954935587e-7
2832	3.387099647630699e-7
2833	3.387245326191405e-7
2834	3.387531086308575e-7
2835	3.387679417185784e-7
2836	3.387851450253511e-7
2837	3.387938916002996e-7
2838	3.388107826300139e-7
2839	3.388509426595000e-7
2840	3.388643151062325e-7
2841	3.388690779534055e-7
2842	3.388956518797364e-7
2843	3.389074763683673e-7
2844	3.389226714733672e-7
2845	3.389310006111790e-7
2846	3.389737098422256e-7
2847	3.389901881976470e-7
2848	3.389965187038905e-7
2849	3.390143103216740e-7
2850	3.390181466885090e-7
2851	3.390489392208991e-7
2852	3.390582725482440e-7
2853	3.390697693916391e-7
2854	3.390865131060672e-7
2855	3.391002453057097e-7
2856	3.391142505862207e-7
2857	3.391298090830815e-7
2858	3.391358831666689e-7
2859	3.391829266122791e-7
2860	3.392052524587103e-7
2861	3.392072426602329e-7
2862	3.392251460809592e-7
2863	3.392354656635649e-7
2864	3.392492844951394e-7
2865	3.392620293186299e-7
2866	3.392743147289895e-7
2867	3.392930030019430e-7
2868	3.393166963655054e-7
2869	3.393244662748077e-7
2870	3.393477112595957e-7
2871	3.393752413777367e-7
2872	3.393912168634063e-7
2873	3.394098140076260e-7
2874	3.394181917344543e-7
2875	3.394373829528845e-7
2876	3.394479320897988e-7
2877	3.394636987839595e-7
2878	3.394882788436690e-7
2879	3.395074687630575e-7
2880	3.395219881837339e-7
2881	3.395417616067476e-7
2882	3.395541348607757e-7
2883	3.395770878614962e-7
2884	3.395920909165201e-7
2885	3.396108665364715e-7
2886	3.396165404275548e-7
2887	3.396227942618319e-7
2888	3.396523431837227e-7
2889	3.396675461256241e-7
2890	3.396812961440954e-7
2891	3.396960744148611e-7
2892	3.397068110904482e-7
2893	3.397135346394717e-7
2894	3.397294482687763e-7
2895	3.397502607882774e-7
2896	3.397600883752821e-7
2897	3.397739743581008e-7
2898	3.398081977841348e-7
2899	3.398283682624980e-7
2900	3.398301685899723e-7
2901	3.398555226233010e-7
2902	3.398643345179356e-7
2903	3.398742620908714e-7
2904	3.398884458988103e-7
2905	3.399065792120754e-7
2906	3.399388709857466e-7
2907	3.399517611680642e-7
2908	3.399682976551680e-7
2909	3.399928406251532e-7
2910	3.400145557585362e-7
2911	3.400276817145012e-7
2912	3.400395527062778e-7
2913	3.400595364532829e-7
2914	3.400700845261575e-7
2915	3.400798509473894e-7
2916	3.400817912857838e-7
2917	3.401043997102223e-7
2918	3.401268523627846e-7
2919	3.401352323867584e-7
2920	3.401897571774834e-7
2921	3.401921989474152e-7
2922	3.402100859595824e-7
2923	3.402199797130363e-7
2924	3.402478350059573e-7
2925	3.402563302654539e-7
2926	3.402602927476793e-7
2927	3.402737507459541e-7
2928	3.402863838324716e-7
2929	3.403172422793247e-7
2930	3.403303655896310e-7
2931	3.403408390603152e-7
2932	3.403479741421358e-7
2933	3.403851585074038e-7
2934	3.403964910967664e-7
2935	3.404222259115630e-7
2936	3.404462004790047e-7
2937	3.404535312755167e-7
2938	3.404590653292758e-7
2939	3.404826738498669e-7
2940	3.404885908383177e-7
2941	3.405179306768263e-7
2942	3.405260032733716e-7
2943	3.405650045666161e-7
2944	3.405749650244903e-7
2945	3.405930552576918e-7
2946	3.406232588130661e-7
2947	3.406320120220627e-7
2948	3.406663717217317e-7
2949	3.406776209594081e-7
2950	3.407044541177079e-7
2951	3.407282517033249e-7
2952	3.407468132984955e-7
2953	3.407611347181746e-7
2954	3.407792618011707e-7
2955	3.407967908251599e-7
2956	3.408051779024020e-7
2957	3.408337884295105e-7
2958	3.408562897043423e-7
2959	3.408761244931579e-7
2960	3.408953922604898e-7
2961	3.409384617967573e-7
2962	3.409552913175190e-7
2963	3.409672551118695e-7
2964	3.409772697536445e-7
2965	3.409891456925143e-7
2966	3.410222382131573e-7
2967	3.410307263532696e-7
2968	3.410633743329596e-7
2969	3.410758248218351e-7
2970	3.411055683325202e-7
2971	3.411107392294568e-7
2972	3.411262663735828e-7
2973	3.411339106908782e-7
2974	3.411715676087268e-7
2975	3.411758287308047e-7
2976	3.412015228895028e-7
2977	3.412201564168001e-7
2978	3.412307568374731e-7
2979	3.412512847064850e-7
2980	3.412868307446344e-7
2981	3.412957152956390e-7
2982	3.413141597299396e-7
2983	3.413373527957545e-7
2984	3.413671815066647e-7
2985	3.413814731970120e-7
2986	3.414321650009112e-7
2987	3.414467305592910e-7
2988	3.414575849407198e-7
2989	3.414699146143843e-7
2990	3.414869758473064e-7
2991	3.415101592288705e-7
2992	3.415389215490635e-7
2993	3.415575158351633e-7
2994	3.415785454714000e-7
2995	3.415922558841120e-7
2996	3.416006172062163e-7
2997	3.416232104464846e-7
2998	3.416688409432634e-7
2999	3.416751105961265e-7
3000	3.417174347508677e-7
3001	3.417374665854078e-7
3002	3.417640190849791e-7
3003	3.417843766102207e-7
3004	3.418273191898272e-7
3005	3.418306957872692e-7
3006	3.418503184800681e-7
3007	3.418706460607877e-7
3008	3.419010100113173e-7
3009	3.419220102164189e-7
3010	3.419761828565691e-7
3011	3.419946438708142e-7
3012	3.419968215847759e-7
3013	3.420470165607590e-7
3014	3.420555981605662e-7
3015	3.420662422056614e-7
3016	3.420988441718646e-7
3017	3.421319449342651e-7
3018	3.421367994884011e-7
3019	3.421607728476382e-7
3020	3.421674868143072e-7
3021	3.421878871840020e-7
3022	3.422313342452859e-7
3023	3.422649215193261e-7
3024	3.423005953952466e-7
3025	3.423154976680533e-7
3026	3.423430264947857e-7
3027	3.423823341415437e-7
3028	3.423889087293281e-7
3029	3.424149255487240e-7
3030	3.424282097806052e-7
3031	3.424572080126833e-7
3032	3.424765733472146e-7
3033	3.424931714902831e-7
3034	3.425088478115301e-7
3035	3.425408329162720e-7
3036	3.425727613693025e-7
3037	3.425921541985477e-7
3038	3.426206972051277e-7
3039	3.426480915154575e-7
3040	3.426805142620398e-7
3041	3.427145073278879e-7
3042	3.427343821105064e-7
3043	3.427420721599829e-7
3044	3.427897664870758e-7
3045	3.428106737465910e-7
3046	3.428270691761019e-7
3047	3.428498191616191e-7
3048	3.428679611760956e-7
3049	3.428760232856104e-7
3050	3.429042563803430e-7
3051	3.429278804659070e-7
3052	3.429533639072128e-7
3053	3.429765444940709e-7
3054	3.430161869140983e-7
3055	3.430506254314110e-7
3056	3.430669180779992e-7
3057	3.431184598884802e-7
3058	3.431239206032458e-7
3059	3.431568297150339e-7
3060	3.431648658668991e-7
3061	3.431913950852446e-7
3062	3.432375107519530e-7
3063	3.432682087680405e-7
3064	3.432877817872248e-7
3065	3.433087955987089e-7
3066	3.433197913287263e-7
3067	3.433304072380738e-7
3068	3.433649641509321e-7
3069	3.433836379809575e-7
3070	3.434255878871926e-7
3071	3.434641022117693e-7
3072	3.434866479175305e-7
3073	3.435193907817128e-7
3074	3.435703128336800e-7
3075	3.435977260370243e-7
3076	3.436321725539897e-7
3077	3.436429947785180e-7
3078	3.436679707498231e-7
3079	3.437099965938875e-7
3080	3.437296789020013e-7
3081	3.437457313184978e-7
3082	3.437808141569320e-7
3083	3.437925381024920e-7
3084	3.438076484728664e-7
3085	3.438349540030408e-7
3086	3.438901047663310e-7
3087	3.438922423332367e-7
3088	3.439104388433526e-7
3089	3.439591516386987e-7
3090	3.439736690532431e-7
3091	3.440018362783853e-7
3092	3.440378517970316e-7
3093	3.440746809220096e-7
3094	3.441217618723120e-7
3095	3.441473215963653e-7
3096	3.441617768798574e-7
3097	3.441818450170631e-7
3098	3.442204323731588e-7
3099	3.442355055408355e-7
3100	3.442838836225145e-7
3101	3.442956980069948e-7
3102	3.443501930070233e-7
3103	3.443542436340061e-7
3104	3.443849436808249e-7
3105	3.444163325382879e-7
3106	3.444610772858153e-7
3107	3.444831394172482e-7
3108	3.445277852494330e-7
3109	3.445451073302898e-7
3110	3.445957215110161e-7
3111	3.446127502735171e-7
3112	3.446600886367045e-7
3113	3.446628488330106e-7
3114	3.446833207432228e-7
3115	3.447114429491367e-7
3116	3.447423620617595e-7
3117	3.447964684200987e-7
3118	3.448388370696093e-7
3119	3.448700290635589e-7
3120	3.448768330353188e-7
3121	3.448969840839924e-7
3122	3.449493533549331e-7
3123	3.449970840258716e-7
3124	3.450114317635131e-7
3125	3.450352297692453e-7
3126	3.450513716181272e-7
3127	3.450638745494550e-7
3128	3.450838537708616e-7
3129	3.451234661358383e-7
3130	3.451293345604829e-7
3131	3.452017119241392e-7
3132	3.452249956986346e-7
3133	3.452464066083344e-7
3134	3.452650280844687e-7
3135	3.452902922229045e-7
3136	3.453407133769438e-7
3137	3.453471925540071e-7
3138	3.454051057744705e-7
3139	3.454142053920939e-7
3140	3.454278759938151e-7
3141	3.454843751096541e-7
3142	3.454919757829037e-7
3143	3.455096264329756e-7
3144	3.455667282908839e-7
3145	3.455881631179687e-7
3146	3.456060634277722e-7
3147	3.456441597915120e-7
3148	3.456589807427751e-7
3149	3.457178325240944e-7
3150	3.457420043618273e-7
3151	3.457556600074128e-7
3152	3.457979473821911e-7
3153	3.458218296657742e-7
3154	3.458623112308729e-7
3155	3.458852742440780e-7
3156	3.459126772239786e-7
3157	3.459443537032235e-7
3158	3.459639976977779e-7
3159	3.459977344103769e-7
3160	3.460086489801155e-7
3161	3.460651263352713e-7
3162	3.460961284898441e-7
3163	3.461035807062694e-7
3164	3.461396952984219e-7
3165	3.461986920807596e-7
3166	3.462177553918344e-7
3167	3.462474808660301e-7
3168	3.462990580030436e-7
3169	3.463061177730571e-7
3170	3.463485911824101e-7
3171	3.463635180318495e-7
3172	3.463787454602054e-7
3173	3.464039507686920e-7
3174	3.464272753458725e-7
3175	3.464709366530226e-7
3176	3.465116677849338e-7
3177	3.465530380211603e-7
3178	3.465616770369412e-7
3179	3.466046091439661e-7
3180	3.466135542261054e-7
3181	3.466402712424930e-7
3182	3.466888260890389e-7
3183	3.467003111490563e-7
3184	3.467470371063645e-7
3185	3.467862969624899e-7
3186	3.467961413961810e-7
3187	3.468488034016665e-7
3188	3.468818743455716e-7
3189	3.469128266353667e-7
3190	3.469281572398977e-7
3191	3.469507647636783e-7
3192	3.469681053172612e-7
3193	3.470010052468895e-7
3194	3.470036397426972e-7
3195	3.470488798249572e-7
3196	3.470751076184628e-7
3197	3.471169666073207e-7
3198	3.471619970960350e-7
3199	3.471856369073353e-7
3200	3.472012669057497e-7
3201	3.472173289205782e-7
3202	3.472704800827725e-7
3203	3.472855813218063e-7
3204	3.473103160010386e-7
3205	3.473594599011103e-7
3206	3.473675838046680e-7
3207	3.473878567946841e-7
3208	3.474263046474250e-7
3209	3.474375339739714e-7
3210	3.474623447945087e-7
3211	3.475199188539897e-7
3212	3.475499930072385e-7
3213	3.475788992251956e-7
3214	3.475985456003999e-7
3215	3.476365675839454e-7
3216	3.476400688654133e-7
3217	3.476788363605306e-7
3218	3.477230187022680e-7
3219	3.477518362807026e-7
3220	3.477692816040368e-7
3221	3.478101309076012e-7
3222	3.478360505718394e-7
3223	3.478545095223330e-7
3224	3.478782561885855e-7
3225	3.479819335459560e-7
3226	3.480210145881555e-7
3227	3.480335977181712e-7
3228	3.480577638268896e-7
3229	3.481159349602274e-7
3230	3.481309509562510e-7
3231	3.481545730050721e-7
3232	3.482126013565727e-7
3233	3.482170670775528e-7
3234	3.482495115571603e-7
3235	3.482719048291589e-7
3236	3.483156980907923e-7
3237	3.483558119816663e-7
3238	3.483696831326676e-7
3239	3.484554685929993e-7
3240	3.484681470723010e-7
3241	3.484915219125579e-7
3242	3.485353157236959e-7
3243	3.485553564251279e-7
3244	3.486250920413383e-7
3245	3.486409333818201e-7
3246	3.486457629580170e-7
3247	3.487052125419037e-7
3248	3.487145410545165e-7
3249	3.487408601617725e-7
3250	3.487957289016532e-7
3251	3.488252585742535e-7
3252	3.488761697479516e-7
3253	3.489096626826184e-7
3254	3.489373697278337e-7
3255	3.489647576235207e-7
3256	3.490108662110220e-7
3257	3.490162700592958e-7
3258	3.490704924250646e-7
3259	3.490926794579774e-7
3260	3.491562956392210e-7
3261	3.491916054764456e-7
3262	3.491948274570166e-7
3263	3.492195350606318e-7
3264	3.492598636619110e-7
3265	3.493200542655781e-7
3266	3.493702960576488e-7
3267	3.493876630086178e-7
3268	3.494419013088135e-7
3269	3.494576762162824e-7
3270	3.494864355397731e-7
3271	3.495333747970126e-7
3272	3.495655214679453e-7
3273	3.495789741037482e-7
3274	3.495897541923057e-7
3275	3.496595488555521e-7
3276	3.496646933081648e-7
3277	3.497129416024468e-7
3278	3.497233496352423e-7
3279	3.498038247380546e-7
3280	3.498343513445949e-7
3281	3.498920926003747e-7
3282	3.499195511238772e-7
3283	3.499407746234493e-7
3284	3.499893857798303e-7
3285	3.499971882118199e-7
3286	3.500101730783406e-7
3287	3.500642376491191e-7
3288	3.501041356041906e-7
3289	3.501428056410383e-7
3290	3.501711533839074e-7
3291	3.502233170206099e-7
3292	3.502673379211453e-7
3293	3.502746845477261e-7
3294	3.503193353890341e-7
3295	3.503657346450612e-7
3296	3.503751136010513e-7
3297	3.504218214731357e-7
3298	3.504651290093171e-7
3299	3.504701354604129e-7
3300	3.505217239536910e-7
3301	3.505565715678001e-7
3302	3.506386625421968e-7
3303	3.506532177338251e-7
3304	3.506780086788131e-7
3305	3.507026405803600e-7
3306	3.507473692834543e-7
3307	3.507925036977276e-7
3308	3.508127170787063e-7
3309	3.508323969135047e-7
3310	3.509200477632240e-7
3311	3.509383614558201e-7
3312	3.509553564837274e-7
3313	3.510038989372909e-7
3314	3.510151306469155e-7
3315	3.510289740170332e-7
3316	3.511123241312592e-7
3317	3.511607852820422e-7
3318	3.511691111347039e-7
3319	3.511810080899925e-7
3320	3.512336218744693e-7
3321	3.513105625146216e-7
3322	3.513263253524890e-7
3323	3.513644216947314e-7
3324	3.513660404670241e-7
3325	3.514035730505863e-7
3326	3.514501747214665e-7
3327	3.515090110640548e-7
3328	3.515491767946267e-7
3329	3.515670312210731e-7
3330	3.515968270405707e-7
3331	3.515999739464692e-7
3332	3.516929450923014e-7
3333	3.517170706216304e-7
3334	3.517644190999883e-7
3335	3.517925092801306e-7
3336	3.518150325886766e-7
3337	3.518806399097998e-7
3338	3.518852147830056e-7
3339	3.519215054872523e-7
3340	3.519283089323031e-7
3341	3.520625579361735e-7
3342	3.521081781386149e-7
3343	3.521321605266613e-7
3344	3.521701322199980e-7
3345	3.522079220724651e-7
3346	3.522394358816589e-7
3347	3.522857745329969e-7
3348	3.523341798381546e-7
3349	3.523747556863318e-7
3350	3.524328418867680e-7
3351	3.524473054996452e-7
3352	3.524995036794700e-7
3353	3.525347755188795e-7
3354	3.525633560452637e-7
3355	3.525934734622023e-7
3356	3.526763691700177e-7
3357	3.526958564336342e-7
3358	3.527080234784909e-7
3359	3.527407072902916e-7
3360	3.527626759444635e-7
3361	3.527867516707853e-7
3362	3.528110883862276e-7
3363	3.528721128885945e-7
3364	3.529248864506068e-7
3365	3.529762355260400e-7
3366	3.530078313345139e-7
3367	3.530744484926886e-7
3368	3.531646178004499e-7
3369	3.531827263668678e-7
3370	3.531980810933888e-7
3371	3.532193294233087e-7
3372	3.532423526529029e-7
3373	3.532737981842167e-7
3374	3.533181391176086e-7
3375	3.533673981586875e-7
3376	3.534340013223782e-7
3377	3.534778787598287e-7
3378	3.534921648433515e-7
3379	3.535302427545556e-7
3380	3.535956516173863e-7
3381	3.536516483506193e-7
3382	3.536833787453793e-7
3383	3.537437398090206e-7
3384	3.537827680239098e-7
3385	3.538317730784232e-7
3386	3.538413406603433e-7
3387	3.538891603568757e-7
3388	3.539064610434352e-7
3389	3.539931969435381e-7
3390	3.540178437841283e-7
3391	3.540519881647545e-7
3392	3.540845639995496e-7
3393	3.541263302834048e-7
3394	3.541406946843675e-7
3395	3.541747361127888e-7
3396	3.542041899286171e-7
3397	3.542520284218053e-7
3398	3.542912874082025e-7
3399	3.543115548147879e-7
3400	3.543636781142671e-7
3401	3.543975773776255e-7
3402	3.544577804909749e-7
3403	3.544926214774013e-7
3404	3.545129557213500e-7
3405	3.545353560803185e-7
3406	3.545720023661193e-7
3407	3.546503918761433e-7
3408	3.546659513567034e-7
3409	3.547027965055582e-7
3410	3.547397205933615e-7
3411	3.548138564018940e-7
3412	3.548476685304532e-7
3413	3.548538261431950e-7
3414	3.548981657969231e-7
3415	3.549275973677698e-7
3416	3.550359733848150e-7
3417	3.550639418321017e-7
3418	3.550864650332181e-7
3419	3.551733440905780e-7
3420	3.551883373967413e-7
3421	3.552049074629635e-7
3422	3.552525949369437e-7
3423	3.552848945296129e-7
3424	3.553423300349611e-7
3425	3.553524375633973e-7
3426	3.554158322226926e-7
3427	3.554563224932933e-7
3428	3.554891551018740e-7
3429	3.555008546438811e-7
3430	3.555544620410836e-7
3431	3.556036627404401e-7
3432	3.556245888121101e-7
3433	3.556817830611443e-7
3434	3.557149195858472e-7
3435	3.557532697095548e-7
3436	3.557768595043566e-7
3437	3.558115737135194e-7
3438	3.558535094065967e-7
3439	3.558875818128621e-7
3440	3.559370711350479e-7
3441	3.559682919820468e-7
3442	3.559787649824816e-7
3443	3.560375722464558e-7
3444	3.560483768319663e-7
3445	3.560996192195670e-7
3446	3.561305883017970e-7
3447	3.561523728885510e-7
3448	3.562147871583720e-7
3449	3.562408075342050e-7
3450	3.563280008370755e-7
3451	3.563566306193150e-7
3452	3.563754864041175e-7
3453	3.563995551586987e-7
3454	3.564959015096972e-7
3455	3.565053628516250e-7
3456	3.565156546560472e-7
3457	3.565985610308667e-7
3458	3.566342758603658e-7
3459	3.567141672213388e-7
3460	3.567264332504257e-7
3461	3.567538985578048e-7
3462	3.567976172770764e-7
3463	3.568341034000662e-7
3464	3.568597928773764e-7
3465	3.568980043080257e-7
3466	3.569420666087659e-7
3467	3.570189899660376e-7
3468	3.570380107929255e-7
3469	3.570774963286552e-7
3470	3.571313070769280e-7
3471	3.571520698433421e-7
3472	3.571798308840696e-7
3473	3.572077048791863e-7
3474	3.572841621902625e-7
3475	3.572901514623980e-7
3476	3.573099830586516e-7
3477	3.573410776020445e-7
3478	3.573915793443231e-7
3479	3.574138481361261e-7
3480	3.574419831439944e-7
3481	3.574708783415055e-7
3482	3.575313683085384e-7
3483	3.575551849922987e-7
3484	3.575613331992435e-7
3485	3.575878222417006e-7
3486	3.576214308063819e-7
3487	3.576684503042924e-7
3488	3.577712716379577e-7
3489	3.577825419443195e-7
3490	3.578144831893940e-7
3491	3.578723270056125e-7
3492	3.579021730093892e-7
3493	3.579613272599481e-7
3494	3.579921959454713e-7
3495	3.580120767430817e-7
3496	3.580375560230579e-7
3497	3.581277296991647e-7
3498	3.581460531465432e-7
3499	3.581828126295335e-7
3500	3.582031745229730e-7
3501	3.582293357678429e-7
3502	3.582622951450179e-7
3503	3.583691163136927e-7
3504	3.583839015804904e-7
3505	3.584236664235171e-7
3506	3.584383246173900e-7
3507	3.584843159994386e-7
3508	3.584962245119199e-7
3509	3.585404934959555e-7
3510	3.586077292440314e-7
3511	3.586571017233178e-7
3512	3.587072144913964e-7
3513	3.587315857136439e-7
3514	3.587326310159660e-7
3515	3.587425570833234e-7
3516	3.588124922066034e-7
3517	3.588255616994703e-7
3518	3.588802830447904e-7
3519	3.588980873508376e-7
3520	3.589189900636228e-7
3521	3.589408354840279e-7
3522	3.589769362966983e-7
3523	3.590521457001018e-7
3524	3.590771752125095e-7
3525	3.591444112754752e-7
3526	3.591599518426178e-7
3527	3.591888533336889e-7
3528	3.592291493221307e-7
3529	3.592534185029210e-7
3530	3.592984772638328e-7
3531	3.593535640395641e-7
3532	3.594368900517598e-7
3533	3.594709760342917e-7
3534	3.595131321806304e-7
3535	3.595345618634807e-7
3536	3.595490239221119e-7
3537	3.595781043589391e-7
3538	3.596281142672190e-7
3539	3.596587349044061e-7
3540	3.596732024219385e-7
3541	3.597260555779582e-7
3542	3.597380251976935e-7
3543	3.598048437180967e-7
3544	3.598214752148050e-7
3545	3.598290545148058e-7
3546	3.598730862375273e-7
3547	3.599042297274798e-7
3548	3.599596219422273e-7
3549	3.599850458542271e-7
3550	3.600315310626584e-7
3551	3.600394631705004e-7
3552	3.600761770014503e-7
3553	3.601073838448730e-7
3554	3.601566885976454e-7
3555	3.601835427104552e-7
3556	3.602434983431418e-7
3557	3.602706871988621e-7
3558	3.602910260680895e-7
3559	3.603318315000897e-7
3560	3.603806652605000e-7
3561	3.604444677243067e-7
3562	3.604660889407524e-7
3563	3.604952393790311e-7
3564	3.605388891973347e-7
3565	3.605527104478773e-7
3566	3.605945979560471e-7
3567	3.606306874384716e-7
3568	3.606540078656672e-7
3569	3.606770201974837e-7
3570	3.607599261117312e-7
3571	3.608099176763199e-7
3572	3.608227815945061e-7
3573	3.608448517909299e-7
3574	3.608693765875815e-7
3575	3.609158713266296e-7
3576	3.609460675048716e-7
3577	3.610140872357915e-7
3578	3.610404024381010e-7
3579	3.610668008907513e-7
3580	3.610952902108134e-7
3581	3.611031885850261e-7
3582	3.611440529558324e-7
3583	3.611714567333472e-7
3584	3.612230963492027e-7
3585	3.612821727712181e-7
3586	3.612956216884578e-7
3587	3.613211215506312e-7
3588	3.614044832580589e-7
3589	3.614291711754644e-7
3590	3.614404466407865e-7
3591	3.614646071992291e-7
3592	3.615265651452231e-7
3593	3.615510432408126e-7
3594	3.616114829553317e-7
3595	3.616276125060663e-7
3596	3.616538793255421e-7
3597	3.616663542981968e-7
3598	3.616995040584534e-7
3599	3.617744905599060e-7
3600	3.617946321001534e-7
3601	3.618187432525289e-7
3602	3.618475516692059e-7
3603	3.618717527665730e-7
3604	3.618814436748566e-7
3605	3.619434746758403e-7
3606	3.619595394629071e-7
3607	3.620112948098279e-7
3608	3.620761603913596e-7
3609	3.621107645940474e-7
3610	3.621298418878612e-7
3611	3.621639227849850e-7
3612	3.621837748814241e-7
3613	3.622053749674891e-7
3614	3.622433503484465e-7
3615	3.622735298235331e-7
3616	3.623326261585648e-7
3617	3.623736007598891e-7
3618	3.623951666846251e-7
3619	3.624445225388012e-7
3620	3.624741631524706e-7
3621	3.624848180594868e-7
3622	3.625362501516279e-7
3623	3.625989111695276e-7
3624	3.626291216158431e-7
3625	3.626583654350707e-7
3626	3.627060393863623e-7
3627	3.627353357835020e-7
3628	3.627943385228149e-7
3629	3.628166055348524e-7
3630	3.628294275178027e-7
3631	3.628411642617960e-7
3632	3.628870327239602e-7
3633	3.628930936719332e-7
3634	3.629183942950953e-7
3635	3.630050077468465e-7
3636	3.630508989447767e-7
3637	3.630770446298451e-7
3638	3.630929434600802e-7
3639	3.631454963336479e-7
3640	3.632054318510512e-7
3641	3.632225981358658e-7
3642	3.632351928576358e-7
3643	3.632632529902522e-7
3644	3.633119949401590e-7
3645	3.633445477463161e-7
3646	3.633811581958988e-7
3647	3.633995838363886e-7
3648	3.634165181161547e-7
3649	3.634461414981690e-7
3650	3.634599439484851e-7
3651	3.634809192009225e-7
3652	3.635262800522382e-7
3653	3.635911623719209e-7
3654	3.636303092914693e-7
3655	3.636569811775600e-7
3656	3.636872051724051e-7
3657	3.637305661408703e-7
3658	3.637759638881462e-7
3659	3.637963625627460e-7
3660	3.638286897727497e-7
3661	3.638382685664592e-7
3662	3.638927840656455e-7
3663	3.639100437545503e-7
3664	3.639553777142183e-7
3665	3.639813966687279e-7
3666	3.640154591902755e-7
3667	3.640289072315005e-7
3668	3.640388040281819e-7
3669	3.640530556809797e-7
3670	3.641621532721496e-7
3671	3.641703644749364e-7
3672	3.642014018780700e-7
3673	3.642545676081994e-7
3674	3.642679846235659e-7
3675	3.642906569973220e-7
3676	3.643458658403829e-7
3677	3.643596103687692e-7
3678	3.644126950962806e-7
3679	3.644519550314052e-7
3680	3.644592946176156e-7
3681	3.644889367941208e-7
3682	3.645009168557690e-7
3683	3.645591445455222e-7
3684	3.645732417826890e-7
3685	3.646034651656008e-7
3686	3.646281201153392e-7
3687	3.646803399312173e-7
3688	3.646982213468084e-7
3689	3.647902192785197e-7
3690	3.648022305138378e-7
3691	3.648153496586916e-7
3692	3.648407637811551e-7
3693	3.648814602330576e-7
3694	3.649264400484606e-7
3695	3.649413145232402e-7
3696	3.649648661018207e-7
3697	3.650127296640154e-7
3698	3.650327914432043e-7
3699	3.650651896323914e-7
3700	3.651129653187266e-7
3701	3.651193064644200e-7
3702	3.651836248887942e-7
3703	3.652060645987620e-7
3704	3.652195242084328e-7
3705	3.652557979570139e-7
3706	3.652977747158473e-7
3707	3.653109908933808e-7
3708	3.653396396514288e-7
3709	3.653505730492259e-7
3710	3.653897144448184e-7
3711	3.654185004575002e-7
3712	3.654351113283246e-7
3713	3.654685760748404e-7
3714	3.655090996740307e-7
3715	3.655326892885208e-7
3716	3.655642175614902e-7
3717	3.655968422204383e-7
3718	3.656097007281322e-7
3719	3.656300694306658e-7
3720	3.656910776141850e-7
3721	3.657156969516053e-7
3722	3.657649434568421e-7
3723	3.657697385038521e-7
3724	3.658017968741292e-7
3725	3.658133045967489e-7
3726	3.658481449736793e-7
3727	3.659142008563721e-7
3728	3.659301368105201e-7
3729	3.659566248558291e-7
3730	3.659783714077874e-7
3731	3.660083508071334e-7
3732	3.660392043143206e-7
3733	3.660797383447355e-7
3734	3.660955481496817e-7
3735	3.661132876941114e-7
3736	3.661592188497641e-7
3737	3.661916210529674e-7
3738	3.662204938342296e-7
3739	3.662654234300981e-7
3740	3.662852313420847e-7
3741	3.662986370847645e-7
3742	3.663121957809561e-7
3743	3.663363582272212e-7
3744	3.664032602436083e-7
3745	3.664323686768139e-7
3746	3.664454408033556e-7
3747	3.664797064630579e-7
3748	3.665027379746953e-7
3749	3.665131018450134e-7
3750	3.665717872165663e-7
3751	3.665838859666681e-7
3752	3.666152698944143e-7
3753	3.666321931943662e-7
3754	3.666758929996301e-7
3755	3.666899727471765e-7
3756	3.667299153481154e-7
3757	3.667611827368051e-7
3758	3.667675279813604e-7
3759	3.667809092418386e-7
3760	3.668204539126440e-7
3761	3.669043465075348e-7
3762	3.669345909834748e-7
3763	3.669453776458840e-7
3764	3.669634999789695e-7
3765	3.669789623632581e-7
3766	3.669949756405779e-7
3767	3.670316913578891e-7
3768	3.670609571227986e-7
3769	3.670921314679696e-7
3770	3.671295431388172e-7
3771	3.671504002728712e-7
3772	3.671630814904246e-7
3773	3.672137963369040e-7
3774	3.672197166841804e-7
3775	3.672433477595081e-7
3776	3.672646854269632e-7
3777	3.672958565523464e-7
3778	3.673259380584425e-7
3779	3.673434899417797e-7
3780	3.673584529578901e-7
3781	3.673804473144587e-7
3782	3.674137429982184e-7
3783	3.674346660746328e-7
3784	3.674817775056410e-7
3785	3.674876244168709e-7
3786	3.675242374012044e-7
3787	3.675452949974423e-7
3788	3.675533928951527e-7
3789	3.676012812335577e-7
3790	3.676277248853648e-7
3791	3.676552967182603e-7
3792	3.676678092043734e-7
3793	3.676833802094170e-7
3794	3.677220953204663e-7
3795	3.677372047802210e-7
3796	3.677627524170063e-7
3797	3.678141948514639e-7
3798	3.678457385899231e-7
3799	3.678587242104309e-7
3800	3.678699459008787e-7
3801	3.678853240791184e-7
3802	3.679318609590287e-7
3803	3.679629120912943e-7
3804	3.679911033535284e-7
3805	3.680313162250374e-7
3806	3.680487012816904e-7
3807	3.680799267177474e-7
3808	3.680937113506119e-7
3809	3.681231934490255e-7
3810	3.681467136824511e-7
3811	3.681814057750166e-7
3812	3.681936332819227e-7
3813	3.682238839671935e-7
3814	3.682356994274606e-7
3815	3.682600340354475e-7
3816	3.682885492290486e-7
3817	3.682978239163587e-7
3818	3.683319013951366e-7
3819	3.683555324023956e-7
3820	3.683747655853537e-7
3821	3.684011512193463e-7
3822	3.684390401287255e-7
3823	3.684472781453908e-7
3824	3.684735283873218e-7
3825	3.684927726062115e-7
3826	3.685206441745886e-7
3827	3.685542284435305e-7
3828	3.685834733430027e-7
3829	3.686047518519209e-7
3830	3.686260475740997e-7
3831	3.686452798347369e-7
3832	3.686758986281504e-7
3833	3.687164970164298e-7
3834	3.687499773284755e-7
3835	3.687752952738999e-7
3836	3.687814865819252e-7
3837	3.688369285884880e-7
3838	3.688557517111158e-7
3839	3.688721038745807e-7
3840	3.688760563379692e-7
3841	3.689197172200795e-7
3842	3.689391317956229e-7
3843	3.689562902076984e-7
3844	3.689742188234961e-7
3845	3.689850168006470e-7
3846	3.690457582431708e-7
3847	3.690722362890000e-7
3848	3.690863436036054e-7
3849	3.691127203350052e-7
3850	3.691227350002688e-7
3851	3.691450445893209e-7
3852	3.691762190518904e-7
3853	3.691905446121990e-7
3854	3.692278984638403e-7
3855	3.692492412906561e-7
3856	3.692542988071131e-7
3857	3.692880215777105e-7
3858	3.692906264518602e-7
3859	3.693245465573621e-7
3860	3.693420734839778e-7
3861	3.693711111823004e-7
3862	3.694130547032461e-7
3863	3.694210835184143e-7
3864	3.694411469711306e-7
3865	3.694939951656673e-7
3866	3.694974220111236e-7
3867	3.695215387469408e-7
3868	3.695572234705705e-7
3869	3.695889180159427e-7
3870	3.696303218933411e-7
3871	3.696579098572835e-7
3872	3.696685089715254e-7
3873	3.696899630412759e-7
3874	3.696989985659182e-7
3875	3.697080888992364e-7
3876	3.697630979545326e-7
3877	3.697891064669593e-7
3878	3.698026345195981e-7
3879	3.698241718861716e-7
3880	3.698597348134127e-7
3881	3.698852629598975e-7
3882	3.699005030309306e-7
3883	3.699224059394150e-7
3884	3.699472907650416e-7
3885	3.699543874544288e-7
3886	3.699682983189039e-7
3887	3.699960384439204e-7
3888	3.700220930531509e-7
3889	3.700361280096212e-7
3890	3.700601515556028e-7
3891	3.700924093808506e-7
3892	3.701175656475722e-7
3893	3.701275825302147e-7
3894	3.701601793555336e-7
3895	3.701730692607912e-7
3896	3.702057007813012e-7
3897	3.702248826426812e-7
3898	3.702544972937138e-7
3899	3.702739793189572e-7
3900	3.702866700342784e-7
3901	3.703105497539529e-7
3902	3.703498461299695e-7
3903	3.703745927476843e-7
3904	3.703951877151601e-7
3905	3.704216337190424e-7
3906	3.704309143160220e-7
3907	3.704461121235432e-7
3908	3.704825850026110e-7
3909	3.704992286097970e-7
3910	3.705126722000004e-7
3911	3.705393274686907e-7
3912	3.705498366133650e-7
3913	3.705999037799847e-7
3914	3.706277995746355e-7
3915	3.706555706039827e-7
3916	3.706827424483689e-7
3917	3.707005836144282e-7
3918	3.707104791408127e-7
3919	3.707539903229533e-7
3920	3.707630588449367e-7
3921	3.707832968653832e-7
3922	3.708317116566255e-7
3923	3.708403236875467e-7
3924	3.708691226371691e-7
3925	3.708873525000295e-7
3926	3.709477395881785e-7
3927	3.709542481250785e-7
3928	3.709683613007787e-7
3929	3.710041860553704e-7
3930	3.710147246325479e-7
3931	3.710419362878040e-7
3932	3.710723128308019e-7
3933	3.710773009882448e-7
3934	3.710999582859046e-7
3935	3.711426518098472e-7
3936	3.711733520522754e-7
3937	3.711962464674625e-7
3938	3.712045286996290e-7
3939	3.712292851388689e-7
3940	3.712454370308646e-7
3941	3.712673470211116e-7
3942	3.712713328019995e-7
3943	3.713048204720692e-7
3944	3.713205486227478e-7
3945	3.713398760283953e-7
3946	3.713712614694995e-7
3947	3.713941542148323e-7
3948	3.714308108468235e-7
3949	3.714658281804042e-7
3950	3.715015167201754e-7
3951	3.715160302205079e-7
3952	3.715420797309608e-7
3953	3.715645188832419e-7
3954	3.715839067042990e-7
3955	3.715994431065425e-7
3956	3.716424628791423e-7
3957	3.716460669145462e-7
3958	3.716740349855777e-7
3959	3.716836334352107e-7
3960	3.717119890399378e-7
3961	3.717345802088883e-7
3962	3.717618793407269e-7
3963	3.717837806059480e-7
3964	3.718236847933798e-7
3965	3.718301410030014e-7
3966	3.718747549918876e-7
3967	3.718817921106423e-7
3968	3.718988387066129e-7
3969	3.719167779715792e-7
3970	3.719323831651921e-7
3971	3.719809028180439e-7
3972	3.719951215192296e-7
3973	3.720385264534277e-7
3974	3.720558721309324e-7
3975	3.720773663046316e-7
3976	3.720910681283224e-7
3977	3.721186571638683e-7
3978	3.721312336276604e-7
3979	3.721480179160729e-7
3980	3.721639705159205e-7
3981	3.722015793827116e-7
3982	3.722198222824546e-7
3983	3.722376618173231e-7
3984	3.722435364350661e-7
3985	3.722726547453956e-7
3986	3.723049890823220e-7
3987	3.723200838129283e-7
3988	3.723483221222874e-7
3989	3.723993751086454e-7
3990	3.724149977785458e-7
3991	3.724572742738012e-7
3992	3.724698080197626e-7
3993	3.724897446089346e-7
3994	3.724986235009243e-7
3995	3.725262816712785e-7
3996	3.725428031906754e-7
3997	3.725940129905058e-7
3998	3.726157068942708e-7
3999	3.726359882777668e-7
4000	3.726511620837405e-7
4001	3.726832077380851e-7
4002	3.727286924088190e-7
4003	3.727356505206782e-7
4004	3.727435305413130e-7
4005	3.727816842109437e-7
4006	3.727891658457827e-7
4007	3.728346188934036e-7
4008	3.728519256365873e-7
4009	3.728619988101081e-7
4010	3.728887068616153e-7
4011	3.729518241293729e-7
4012	3.729563609901480e-7
4013	3.729765410061573e-7
4014	3.729865951550264e-7
4015	3.730155890798921e-7
4016	3.730259584223037e-7
4017	3.730718727416379e-7
4018	3.730986909573216e-7
4019	3.731220208794951e-7
4020	3.731344285860176e-7
4021	3.731480762775926e-7
4022	3.731576769105283e-7
4023	3.732258705492784e-7
4024	3.732343124557495e-7
4025	3.732657086571863e-7
4026	3.732768142825544e-7
4027	3.733058550698423e-7
4028	3.733332592462728e-7
4029	3.733491955857970e-7
4030	3.733756559664930e-7
4031	3.734050130458934e-7
4032	3.734631184153374e-7
4033	3.734668062329898e-7
4034	3.734857644626808e-7
4035	3.734981175333337e-7
4036	3.735152040704626e-7
4037	3.735622828578888e-7
4038	3.735767539172443e-7
4039	3.736015983768162e-7
4040	3.736323081690464e-7
4041	3.736526217039769e-7
4042	3.736734462556380e-7
4043	3.737017321161289e-7
4044	3.737333237301491e-7
4045	3.737676779815402e-7
4046	3.737866332531945e-7
4047	3.738148528892023e-7
4048	3.738183097302031e-7
4049	3.738508859606974e-7
4050	3.738656188006150e-7
4051	3.739015481935528e-7
4052	3.739295942736541e-7
4053	3.739641416589904e-7
4054	3.739757014605150e-7
4055	3.740056342622119e-7
4056	3.740340619095732e-7
4057	3.740692189311348e-7
4058	3.740956587233008e-7
4059	3.741028048343026e-7
4060	3.741210899674683e-7
4061	3.741713756069592e-7
4062	3.741833473625663e-7
4063	3.742094205266074e-7
4064	3.742399113314823e-7
4065	3.742439978861869e-7
4066	3.742565584201179e-7
4067	3.742722156120349e-7
4068	3.743035891489279e-7
4069	3.743637736195711e-7
4070	3.743884520428297e-7
4071	3.744169608020798e-7
4072	3.744422819796760e-7
4073	3.744670333044649e-7
4074	3.744732562136991e-7
4075	3.744997496554720e-7
4076	3.745385453968842e-7
4077	3.745626954215999e-7
4078	3.745756839450948e-7
4079	3.745841157128630e-7
4080	3.746131403911096e-7
4081	3.746598066793259e-7
4082	3.746734215929047e-7
4083	3.746903679922208e-7
4084	3.747069486197360e-7
4085	3.747444978347223e-7
4086	3.747538466511249e-7
4087	3.747760250752848e-7
4088	3.748299382684770e-7
4089	3.748487667124135e-7
4090	3.748876185024274e-7
4091	3.749077058698028e-7
4092	3.749388450109153e-7
4093	3.749788935343825e-7
4094	3.749892137566160e-7
4095	3.750064378147068e-7
4096	3.750406773329779e-7
4097	3.750658240776215e-7
4098	3.751045679364394e-7
4099	3.751234126833090e-7
4100	3.751592927052759e-7
4101	3.751731646309775e-7
4102	3.752557158473172e-7
4103	3.752616419824051e-7
4104	3.752817817113550e-7
4105	3.753160411311368e-7
4106	3.753247658475291e-7
4107	3.753499798939202e-7
4108	3.753989986896611e-7
4109	3.754033086708290e-7
4110	3.754189256428954e-7
4111	3.754572820195794e-7
4112	3.754963983083586e-7
4113	3.755040516581780e-7
4114	3.755483767431172e-7
4115	3.755828511841012e-7
4116	3.756075000590382e-7
4117	3.756181897393449e-7
4118	3.756473545637698e-7
4119	3.756679268503632e-7
4120	3.756757506186401e-7
4121	3.757127861209821e-7
4122	3.757330500372991e-7
4123	3.757644128017029e-7
4124	3.757837527014579e-7
4125	3.758113934424379e-7
4126	3.758459655063924e-7
4127	3.758674240017494e-7
4128	3.759179872915363e-7
4129	3.759363886086489e-7
4130	3.759887750790766e-7
4131	3.760097996949651e-7
4132	3.760340300396661e-7
4133	3.760704926648486e-7
4134	3.760878416446413e-7
4135	3.761248689956186e-7
4136	3.761447431303609e-7
4137	3.761696674947383e-7
4138	3.762096303138904e-7
4139	3.762304246459244e-7
4140	3.762404037794484e-7
4141	3.762951552316527e-7
4142	3.763022980365283e-7
4143	3.763382168981434e-7
4144	3.763607872977171e-7
4145	3.763957581526393e-7
4146	3.764002036155107e-7
4147	3.764249488557452e-7
4148	3.764502203873756e-7
4149	3.764899097417201e-7
4150	3.765253667619861e-7
4151	3.765424175609459e-7
4152	3.765594007702550e-7
4153	3.766000842211915e-7
4154	3.766121755114129e-7
4155	3.766615003827450e-7
4156	3.766725230651187e-7
4157	3.767103489821885e-7
4158	3.767460242351730e-7
4159	3.767731317888163e-7
4160	3.768221999336285e-7
4161	3.768678495578819e-7
4162	3.768975224635204e-7
4163	3.769288013216524e-7
4164	3.769424224528152e-7
4165	3.769773497222155e-7
4166	3.770030735620473e-7
4167	3.770194728207705e-7
4168	3.770337329193565e-7
4169	3.770430831853829e-7
4170	3.770963959037755e-7
4171	3.771324006978568e-7
4172	3.771643860048590e-7
4173	3.771936907634348e-7
4174	3.771993033480652e-7
4175	3.772814963724423e-7
4176	3.773009345209114e-7
4177	3.773121054890497e-7
4178	3.773529923695226e-7
4179	3.773671597975576e-7
4180	3.773755757317463e-7
4181	3.774274017550556e-7
4182	3.774377857434856e-7
4183	3.774691424362189e-7
4184	3.775227852990349e-7
4185	3.775347354070305e-7
4186	3.775528349422574e-7
4187	3.775880342841475e-7
4188	3.776169867941142e-7
4189	3.776564335542127e-7
4190	3.776845234477608e-7
4191	3.776968417387590e-7
4192	3.777409382618411e-7
4193	3.777872277139060e-7
4194	3.778096195530213e-7
4195	3.778302036476191e-7
4196	3.778527751879166e-7
4197	3.779144553302488e-7
4198	3.779306290627385e-7
4199	3.779588332796049e-7
4200	3.779925064546251e-7
4201	3.780165175166110e-7
4202	3.780357523575157e-7
4203	3.780692130753786e-7
4204	3.780819853573566e-7
4205	3.781335871955171e-7
4206	3.781441756702827e-7
4207	3.781949779262831e-7
4208	3.782438950676467e-7
4209	3.782701066600989e-7
4210	3.783055735482666e-7
4211	3.783245908991150e-7
4212	3.783569011898495e-7
4213	3.784127208011314e-7
4214	3.784162990809315e-7
4215	3.784739137076718e-7
4216	3.785130518017393e-7
4217	3.785327630457366e-7
4218	3.785516912120196e-7
4219	3.785887996861273e-7
4220	3.786107613203952e-7
4221	3.786194409340831e-7
4222	3.786537166424392e-7
4223	3.786983044950984e-7
4224	3.787058107929330e-7
4225	3.787391860071795e-7
4226	3.787969966715706e-7
4227	3.788142846734503e-7
4228	3.788177307813985e-7
4229	3.788838919536976e-7
4230	3.789238850012479e-7
4231	3.789436658704018e-7
4232	3.789877544708731e-7
4233	3.790096697476065e-7
4234	3.790366884765631e-7
4235	3.790650109567669e-7
4236	3.791080217754638e-7
4237	3.791198046113653e-7
4238	3.791626676170917e-7
4239	3.792153364324527e-7
4240	3.792528093104780e-7
4241	3.792542868601663e-7
4242	3.792879649759581e-7
4243	3.793170019704227e-7
4244	3.793325453029403e-7
4245	3.794048257279965e-7
4246	3.794376703783023e-7
4247	3.794825399085031e-7
4248	3.795050864444886e-7
4249	3.795445060198202e-7
4250	3.795692380708364e-7
4251	3.796012482447450e-7
4252	3.796272363338968e-7
4253	3.796659868303567e-7
4254	3.796997271072209e-7
4255	3.797257717923107e-7
4256	3.797456563308762e-7
4257	3.797631651214045e-7
4258	3.797842634902913e-7
4259	3.798158597040524e-7
4260	3.798465193460808e-7
4261	3.798798683322876e-7
4262	3.799409182888856e-7
4263	3.799781302689308e-7
4264	3.799929186433421e-7
4265	3.800032432935498e-7
4266	3.800340602675683e-7
4267	3.800731922404707e-7
4268	3.800822558735959e-7
4269	3.801174935881679e-7
4270	3.801382905309376e-7
4271	3.801561084755394e-7
4272	3.802387146263350e-7
4273	3.802879562623191e-7
4274	3.803001199305488e-7
4275	3.803129253369923e-7
4276	3.803515438727755e-7
4277	3.803769731929349e-7
4278	3.803889543352438e-7
4279	3.804407860342037e-7
4280	3.804609703188502e-7
4281	3.805026311397736e-7
4282	3.805599580491366e-7
4283	3.806204325314729e-7
4284	3.806411552646608e-7
4285	3.806603948401212e-7
4286	3.806714689458378e-7
4287	3.806925963295578e-7
4288	3.807345868005456e-7
4289	3.807778499011258e-7
4290	3.807899468624414e-7
4291	3.808212766643158e-7
4292	3.808607340726787e-7
4293	3.808826248330270e-7
4294	3.809134975767455e-7
4295	3.809603790483700e-7
4296	3.809824715992064e-7
4297	3.810097280832023e-7
4298	3.810365711348717e-7
4299	3.810585345404157e-7
4300	3.810813388851485e-7
4301	3.811054442983553e-7
4302	3.811511250466741e-7
4303	3.812026680300067e-7
4304	3.812297022451447e-7
4305	3.812923372945956e-7
4306	3.813406468084029e-7
4307	3.813657895965791e-7
4308	3.813973010638306e-7
4309	3.813984766024149e-7
4310	3.814483868370274e-7
4311	3.814680301208479e-7
4312	3.814688468644225e-7
4313	3.815555941120221e-7
4314	3.815996779119038e-7
4315	3.816181736117759e-7
4316	3.816375909025581e-7
4317	3.816635098570281e-7
4318	3.816893819508913e-7
4319	3.817093688150308e-7
4320	3.817400720402846e-7
4321	3.817982740547795e-7
4322	3.818044623314584e-7
4323	3.818297094559339e-7
4324	3.818560866725467e-7
4325	3.818847685684403e-7
4326	3.819347830105558e-7
4327	3.819695120708075e-7
4328	3.819904628400513e-7
4329	3.820284644511362e-7
4330	3.820557327898562e-7
4331	3.821165735540556e-7
4332	3.821234633003129e-7
4333	3.821741136402544e-7
4334	3.822086251493787e-7
4335	3.822628657768576e-7
4336	3.823048570630595e-7
4337	3.823244344049042e-7
4338	3.823574686623261e-7
4339	3.823779714251879e-7
4340	3.824125041157697e-7
4341	3.824269927409002e-7
4342	3.824460698354467e-7
4343	3.824837271428879e-7
4344	3.825119064456343e-7
4345	3.825661148720437e-7
4346	3.826053953253517e-7
4347	3.826302245067296e-7
4348	3.826496910131188e-7
4349	3.826853310256869e-7
4350	3.827179205314033e-7
4351	3.827618417237651e-7
4352	3.827725608038878e-7
4353	3.828318251614456e-7
4354	3.828564817161411e-7
4355	3.828666807053279e-7
4356	3.828860743240676e-7
4357	3.829324622322839e-7
4358	3.829771044686860e-7
4359	3.829808814341723e-7
4360	3.830190975354951e-7
4361	3.830423823225886e-7
4362	3.831093297197008e-7
4363	3.831199514050063e-7
4364	3.831644617228656e-7
4365	3.831823604807292e-7
4366	3.832030532408789e-7
4367	3.832320908652963e-7
4368	3.832572420653602e-7
4369	3.832739305680657e-7
4370	3.833049827547995e-7
4371	3.833449086473208e-7
4372	3.833527524263363e-7
4373	3.834361836519959e-7
4374	3.834560795562472e-7
4375	3.834927886273108e-7
4376	3.835025697462059e-7
4377	3.835662378872817e-7
4378	3.835783776769982e-7
4379	3.836163464323773e-7
4380	3.836387367576548e-7
4381	3.836843981735884e-7
4382	3.837121029812224e-7
4383	3.837785467154875e-7
4384	3.837885629830507e-7
4385	3.838152824283532e-7
4386	3.838555708837691e-7
4387	3.838635802566890e-7
4388	3.839097568239251e-7
4389	3.839317267839689e-7
4390	3.839493395315733e-7
4391	3.839934781106039e-7
4392	3.840266056515032e-7
4393	3.840655560340604e-7
4394	3.840891778664993e-7
4395	3.840991339171186e-7
4396	3.841390457943067e-7
4397	3.841577931589847e-7
4398	3.841755489974598e-7
4399	3.842002571573012e-7
4400	3.842374597305761e-7
4401	3.842740819801535e-7
4402	3.843269016096069e-7
4403	3.843411693156921e-7
4404	3.844016738507974e-7
4405	3.844243176348962e-7
4406	3.844504027965299e-7
4407	3.844802930221441e-7
4408	3.844953102386385e-7
4409	3.845283204349751e-7
4410	3.845729233365342e-7
4411	3.846132372388851e-7
4412	3.846571171742510e-7
4413	3.846905813713141e-7
4414	3.847004308005899e-7
4415	3.847364367487759e-7
4416	3.847801989162703e-7
4417	3.848620722697898e-7
4418	3.848777754854115e-7
4419	3.848859611621446e-7
4420	3.849024876449196e-7
4421	3.849110349924775e-7
4422	3.849627596720622e-7
4423	3.849787815711767e-7
4424	3.850205969987082e-7
4425	3.850397317384103e-7
4426	3.850638282009808e-7
4427	3.850993576610527e-7
4428	3.851310394990343e-7
4429	3.851998647961166e-7
4430	3.852165565047742e-7
4431	3.852281343497937e-7
4432	3.852496070307203e-7
4433	3.852692187003961e-7
4434	3.853289122314385e-7
4435	3.853721118384573e-7
4436	3.854003011883207e-7
4437	3.854382571224846e-7
4438	3.854504859670187e-7
4439	3.854729058624390e-7
4440	3.855119500654507e-7
4441	3.855483666496392e-7
4442	3.855689681053758e-7
4443	3.855809858347835e-7
4444	3.856001675490050e-7
4445	3.856480274991682e-7
4446	3.856914725977396e-7
4447	3.857041434891110e-7
4448	3.857455308852315e-7
4449	3.857985348664548e-7
4450	3.858062833772200e-7
4451	3.858179943771547e-7
4452	3.858394568622631e-7
4453	3.859072009682159e-7
4454	3.859198659832047e-7
4455	3.859608698981078e-7
4456	3.859857269269666e-7
4457	3.860162552283830e-7
4458	3.860716768812232e-7
4459	3.860890670038481e-7
4460	3.861457312860320e-7
4461	3.861785934096229e-7
4462	3.861928299187646e-7
4463	3.861950066226246e-7
4464	3.862711971079671e-7
4465	3.862796601627880e-7
4466	3.863358854404304e-7
4467	3.863621166764635e-7
4468	3.863982509979411e-7
4469	3.864126408527461e-7
4470	3.864330146277639e-7
4471	3.864710940048493e-7
4472	3.864774160755681e-7
4473	3.865348470238628e-7
4474	3.865720064513633e-7
4475	3.865962317082947e-7
4476	3.866176145993182e-7
4477	3.866693225720726e-7
4478	3.866792943338802e-7
4479	3.867266383372623e-7
4480	3.867522609575660e-7
4481	3.867803403511588e-7
4482	3.868020743386156e-7
4483	3.868347112307937e-7
4484	3.868500429657312e-7
4485	3.868891886489706e-7
4486	3.869030866086836e-7
4487	3.869402347347152e-7
4488	3.869505999212061e-7
4489	3.870070083048758e-7
4490	3.870125123441506e-7
4491	3.870431485321306e-7
4492	3.871044002902819e-7
4493	3.871219652326392e-7
4494	3.871391489580099e-7
4495	3.871833496619665e-7
4496	3.872208259644039e-7
4497	3.872398773611906e-7
4498	3.872515678836576e-7
4499	3.872678174241389e-7
4500	3.873090819567406e-7
4501	3.873361134582115e-7
4502	3.873429253480036e-7
4503	3.873495825318895e-7
4504	3.874052794347814e-7
4505	3.874090886548907e-7
4506	3.874483652072992e-7
4507	3.874730007910502e-7
4508	3.875205178164430e-7
4509	3.875449050912536e-7
4510	3.875606360709684e-7
4511	3.875965074051195e-7
4512	3.876167675660073e-7
4513	3.876827482315720e-7
4514	3.877159272290681e-7
4515	3.877268649350847e-7
4516	3.877415200206362e-7
4517	3.877731428889224e-7
4518	3.878258765764103e-7
4519	3.878564208144134e-7
4520	3.878774746590626e-7
4521	3.879046507156019e-7
4522	3.879423651988352e-7
4523	3.879561482420197e-7
4524	3.879850986869120e-7
4525	3.880153654601014e-7
4526	3.880478429210558e-7
4527	3.880560308674503e-7
4528	3.880935188159480e-7
4529	3.881167754623430e-7
4530	3.881478042679927e-7
4531	3.882015955683463e-7
4532	3.882168554090314e-7
4533	3.882521713145842e-7
4534	3.882761796148280e-7
4535	3.882866273963523e-7
4536	3.883594410922239e-7
4537	3.883743595429163e-7
4538	3.883897016391193e-7
4539	3.884041596355910e-7
4540	3.884277560099611e-7
4541	3.884809513265594e-7
4542	3.885115448562024e-7
4543	3.885235074738774e-7
4544	3.885556756305294e-7
4545	3.885788549853165e-7
4546	3.886111461081934e-7
4547	3.886310815859558e-7
4548	3.886676830567775e-7
4549	3.886927025634698e-7
4550	3.887690860805542e-7
4551	3.887712506216197e-7
4552	3.887959734798209e-7
4553	3.888242809873178e-7
4554	3.888567545382545e-7
4555	3.888730138648646e-7
4556	3.889122833259260e-7
4557	3.889398323454529e-7
4558	3.889491362919680e-7
4559	3.889837826233032e-7
4560	3.890046783582313e-7
4561	3.890272205753669e-7
4562	3.890616034226179e-7
4563	3.891004769470218e-7
4564	3.891333781171224e-7
4565	3.891834574398718e-7
4566	3.891951055078705e-7
4567	3.892040399899051e-7
4568	3.892444520392294e-7
4569	3.892886446163930e-7
4570	3.893038600497822e-7
4571	3.893254480736044e-7
4572	3.893662063950415e-7
4573	3.893938796175753e-7
4574	3.894120238297095e-7
4575	3.894457798895811e-7
4576	3.894671081891699e-7
4577	3.894831655260236e-7
4578	3.895336047195479e-7
4579	3.895562767400489e-7
4580	3.895900592856529e-7
4581	3.896103431293710e-7
4582	3.896467762344808e-7
4583	3.896695131354377e-7
4584	3.897259468574788e-7
4585	3.897415951756028e-7
4586	3.897808288879410e-7
4587	3.898116686294320e-7
4588	3.898224842027341e-7
4589	3.898503075211650e-7
4590	3.898871732452197e-7
4591	3.899231418256862e-7
4592	3.899344239914981e-7
4593	3.899514013167160e-7
4594	3.899783367425376e-7
4595	3.899993046028788e-7
4596	3.900354028432268e-7
4597	3.900624061538834e-7
4598	3.900705011849599e-7
4599	3.900828555564160e-7
4600	3.901156547965482e-7
4601	3.901314826687917e-7
4602	3.901842219914262e-7
4603	3.902064255147257e-7
4604	3.902413852261177e-7
4605	3.902505225881702e-7
4606	3.902763329539906e-7
4607	3.903161281081910e-7
4608	3.903461124558818e-7
4609	3.903526465257868e-7
4610	3.903794246947585e-7
4611	3.904072995122551e-7
4612	3.904320024797181e-7
4613	3.904464366369767e-7
4614	3.904635214451125e-7
4615	3.904807852968154e-7
4616	3.905287686343330e-7
4617	3.905659164963215e-7
4618	3.905991352941934e-7
4619	3.906167783055553e-7
4620	3.906756813816655e-7
4621	3.906968067904166e-7
4622	3.907179643278408e-7
4623	3.907418578875217e-7
4624	3.907619143393478e-7
4625	3.907867649000606e-7
4626	3.908136024676056e-7
4627	3.908497635726913e-7
4628	3.908833524506296e-7
4629	3.909175583035036e-7
4630	3.909202580871111e-7
4631	3.909385526393432e-7
4632	3.909801495705160e-7
4633	3.909970596745270e-7
4634	3.910031229440689e-7
4635	3.910214745933418e-7
4636	3.910433967882904e-7
4637	3.910844855454354e-7
4638	3.911031609572577e-7
4639	3.911463003860108e-7
4640	3.911789886200905e-7
4641	3.911904157346016e-7
4642	3.912038926661275e-7
4643	3.912448060478267e-7
4644	3.912620091343595e-7
4645	3.912777333353924e-7
4646	3.913054409855824e-7
4647	3.913325432497344e-7
4648	3.913636780071467e-7
4649	3.913936999112857e-7
4650	3.914027912364896e-7
4651	3.914349064688923e-7
4652	3.914735811172605e-7
4653	3.915142075640434e-7
4654	3.915473968271474e-7
4655	3.915594356866928e-7
4656	3.915666708783822e-7
4657	3.916103920340147e-7
4658	3.916451104402674e-7
4659	3.916720722822269e-7
4660	3.917015518801093e-7
4661	3.917226083369136e-7
4662	3.917552497238299e-7
4663	3.917821646556003e-7
4664	3.918130289486109e-7
4665	3.918318817638456e-7
4666	3.918685980714070e-7
4667	3.918974717037709e-7
4668	3.919082026970680e-7
4669	3.919367908941767e-7
4670	3.919452959190070e-7
4671	3.919733065997874e-7
4672	3.920160049165015e-7
4673	3.920571739682166e-7
4674	3.920639010160837e-7
4675	3.920799714037424e-7
4676	3.921316486114276e-7
4677	3.921485203980607e-7
4678	3.921652429978113e-7
4679	3.922225320718910e-7
4680	3.922489925710319e-7
4681	3.922773343496133e-7
4682	3.922983262237106e-7
4683	3.923075715275391e-7
4684	3.923415335493853e-7
4685	3.923614065994890e-7
4686	3.923851058512842e-7
4687	3.924051484805237e-7
4688	3.924198917128568e-7
4689	3.924607364378929e-7
4690	3.924731731495462e-7
4691	3.924869243673326e-7
4692	3.925066878749054e-7
4693	3.925142675107491e-7
4694	3.925260604763291e-7
4695	3.925682974580363e-7
4696	3.925977898671388e-7
4697	3.926122274465537e-7
4698	3.926476492421785e-7
4699	3.926681372361951e-7
4700	3.926760522516247e-7
4701	3.927212486178185e-7
4702	3.927448658011412e-7
4703	3.927607522314921e-7
4704	3.927981990948244e-7
4705	3.928209898617462e-7
4706	3.928517375396785e-7
4707	3.928659864969113e-7
4708	3.928924043900098e-7
4709	3.929054018685031e-7
4710	3.929245399783730e-7
4711	3.929391059059570e-7
4712	3.929853182326078e-7
4713	3.930038354125077e-7
4714	3.930251127769262e-7
4715	3.930617697283034e-7
4716	3.930861295174269e-7
4717	3.931125430109685e-7
4718	3.931306963438122e-7
4719	3.931589669491040e-7
4720	3.931765117798393e-7
4721	3.931915599660701e-7
4722	3.932189850672447e-7
4723	3.932660142607002e-7
4724	3.932885959997367e-7
4725	3.933160883388286e-7
4726	3.933397994525110e-7
4727	3.933446144245180e-7
4728	3.933597330851442e-7
4729	3.933719398440109e-7
4730	3.934199551265884e-7
4731	3.934376338286674e-7
4732	3.934742576102099e-7
4733	3.934867630542006e-7
4734	3.934941192979381e-7
4735	3.935264558250386e-7
4736	3.935348910771648e-7
4737	3.935709702659960e-7
4738	3.935836313028270e-7
4739	3.936266259147372e-7
4740	3.936451347227825e-7
4741	3.936620157055898e-7
4742	3.936783620560672e-7
4743	3.937009464138181e-7
4744	3.937402741466963e-7
4745	3.937481131040378e-7
4746	3.937563837942452e-7
4747	3.937721274272821e-7
4748	3.938170343578303e-7
4749	3.938196156761459e-7
4750	3.938479507056405e-7
4751	3.938625759088143e-7
4752	3.938755050988430e-7
4753	3.939062206135576e-7
4754	3.939105409435982e-7
4755	3.939423895156687e-7
4756	3.939531487423954e-7
4757	3.939749400377053e-7
4758	3.939950620613929e-7
4759	3.940134946527305e-7
4760	3.940381566719849e-7
4761	3.940628920627223e-7
4762	3.940768182671003e-7
4763	3.940922827756454e-7
4764	3.941334168198336e-7
4765	3.941678843111988e-7
4766	3.941791859012060e-7
4767	3.941872536181383e-7
4768	3.942047078239052e-7
4769	3.942240928444767e-7
4770	3.942286486118383e-7
4771	3.942549115351674e-7
4772	3.942647925571413e-7
4773	3.942968760430507e-7
4774	3.943273102599639e-7
4775	3.943408913034731e-7
4776	3.943496262150337e-7
4777	3.943675213374556e-7
4778	3.943715111782552e-7
4779	3.944141198009128e-7
4780	3.944395554989813e-7
4781	3.944612266568127e-7
4782	3.944680725291606e-7
4783	3.944870012413846e-7
4784	3.944959373039129e-7
4785	3.945086759600387e-7
4786	3.945296046883400e-7
4787	3.945369902575362e-7
4788	3.945540224739441e-7
4789	3.945831106728643e-7
4790	3.945939620080679e-7
4791	3.946094431567392e-7
4792	3.946301761882309e-7
4793	3.946462970699734e-7
4794	3.946496067951026e-7
4795	3.946640632204674e-7
4796	3.947004855290362e-7
4797	3.947179477658241e-7
4798	3.947372639880812e-7
4799	3.947576952123327e-7
4800	3.947709076978146e-7
4801	3.947771766237269e-7
4802	3.947939953382787e-7
4803	3.948034237087697e-7
4804	3.948183803714527e-7
4805	3.948476919508172e-7
4806	3.948605483641883e-7
4807	3.948882703830769e-7
4808	3.948901128816622e-7
4809	3.949033653632602e-7
4810	3.949120274888590e-7
4811	3.949386413324719e-7
4812	3.949587140642545e-7
4813	3.949693221713315e-7
4814	3.949809842147393e-7
4815	3.949907458756722e-7
4816	3.950027567848832e-7
4817	3.950204659736306e-7
4818	3.950395151422783e-7
4819	3.950451618866307e-7
4820	3.950820833694461e-7
4821	3.950928712577329e-7
4822	3.951037659656931e-7
4823	3.951325164905353e-7
4824	3.951423158906060e-7
4825	3.951528972614044e-7
4826	3.951649920569324e-7
4827	3.951809358863343e-7
4828	3.951881618098717e-7
4829	3.952101324042303e-7
4830	3.952176578858483e-7
4831	3.952366973163516e-7
4832	3.952542283266791e-7
4833	3.952595473118767e-7
4834	3.952862629974145e-7
4835	3.953003339858225e-7
4836	3.953280667713175e-7
4837	3.953287083145321e-7
4838	3.953401008277043e-7
4839	3.953468676074147e-7
4840	3.953608945327915e-7
4841	3.953763861901431e-7
4842	3.953921364381009e-7
4843	3.954005861683012e-7
4844	3.954144138604977e-7
4845	3.954284155970849e-7
4846	3.954321894574857e-7
4847	3.954462782689247e-7
4848	3.954573254540150e-7
4849	3.954784067164611e-7
4850	3.954887851013376e-7
4851	3.955006211044184e-7
4852	3.955104555105894e-7
4853	3.955338418981377e-7
4854	3.955380701285242e-7
4855	3.955607015902371e-7
4856	3.955649301548963e-7
4857	3.955850007714781e-7
4858	3.955932832993158e-7
4859	3.956051782981235e-7
4860	3.956128727368669e-7
4861	3.956263573120987e-7
4862	3.956533104162950e-7
4863	3.956703561618684e-7
4864	3.956780205559198e-7
4865	3.956857504487396e-7
4866	3.956977999530609e-7
4867	3.957168496571185e-7
4868	3.957213159109752e-7
4869	3.957343751128918e-7
4870	3.957524920115820e-7
4871	3.957619830652683e-7
4872	3.957655597609852e-7
4873	3.957862200856167e-7
4874	3.957919922363589e-7
4875	3.958016099017916e-7
4876	3.958139389578248e-7
4877	3.958422038091458e-7
4878	3.958544320263461e-7
4879	3.958620990740457e-7
4880	3.958839786721413e-7
4881	3.958914080040972e-7
4882	3.959131142841862e-7
4883	3.959261730804049e-7
4884	3.959335748237861e-7
4885	3.959443983197752e-7
4886	3.959492102426496e-7
4887	3.959720504124174e-7
4888	3.959907975549393e-7
4889	3.959933288435189e-7
4890	3.960081773244704e-7
4891	3.960233299644027e-7
4892	3.960411240488951e-7
4893	3.960596731864538e-7
4894	3.960667149512656e-7
4895	3.960778192425784e-7
4896	3.960997276485443e-7
4897	3.961066003529703e-7
4898	3.961138590998110e-7
4899	3.961355789096369e-7
4900	3.961431286523080e-7
4901	3.961667436813178e-7
4902	3.961717433837648e-7
4903	3.961789398465243e-7
4904	3.962162145808859e-7
4905	3.962274752546054e-7
4906	3.962403019032168e-7
4907	3.962437220378330e-7
4908	3.962556351379890e-7
4909	3.963003213356966e-7
4910	3.963011200065771e-7
4911	3.963169942969405e-7
4912	3.963328311732741e-7
4913	3.963432910918286e-7
4914	3.963563834753751e-7
4915	3.963675260540712e-7
4916	3.963861519471672e-7
4917	3.963914743712943e-7
4918	3.964262132838834e-7
4919	3.964360316914146e-7
4920	3.964439194911942e-7
4921	3.964575361503450e-7
4922	3.964645369479065e-7
4923	3.964886625865800e-7
4924	3.965004898844569e-7
4925	3.965173699557796e-7
4926	3.965365857418007e-7
4927	3.965527012530011e-7
4928	3.965653951250756e-7
4929	3.965762838693352e-7
4930	3.965856604431080e-7
4931	3.966082062670245e-7
4932	3.966161528027660e-7
4933	3.966176252088013e-7
4934	3.966474800125830e-7
4935	3.966510623708489e-7
4936	3.966734974882837e-7
4937	3.966964110841782e-7
4938	3.967184041876524e-7
4939	3.967273378410063e-7
4940	3.967309540390675e-7
4941	3.967490435610774e-7
4942	3.967691456312911e-7
4943	3.967819922801690e-7
4944	3.967886873948062e-7
4945	3.968063251251990e-7
4946	3.968190814133927e-7
4947	3.968245036031424e-7
4948	3.968329758013562e-7
4949	3.968578158597883e-7
4950	3.968789547887151e-7
4951	3.968920311505199e-7
4952	3.969037136749767e-7
4953	3.969207026655480e-7
4954	3.969314811011583e-7
4955	3.969498701338764e-7
4956	3.969508187534837e-7
4957	3.969907660309832e-7
4958	3.969995040198481e-7
4959	3.970266556646594e-7
4960	3.970387459488845e-7
4961	3.970498551787994e-7
4962	3.970648994726443e-7
4963	3.970708868905514e-7
4964	3.970823652202713e-7
4965	3.971003835953596e-7
4966	3.971136690084793e-7
4967	3.971254217429080e-7
4968	3.971381828556369e-7
4969	3.971502893573451e-7
4970	3.971767814224980e-7
4971	3.971901875325631e-7
4972	3.971941758468264e-7
4973	3.971975735857460e-7
4974	3.972190004070322e-7
4975	3.972291323340917e-7
4976	3.972490730312825e-7
4977	3.972680425133091e-7
4978	3.972916016223690e-7
4979	3.973001144560159e-7
4980	3.973280013932511e-7
4981	3.973336008002146e-7
4982	3.973458087210669e-7
4983	3.973639472948004e-7
4984	3.973821472302588e-7
4985	3.974038827115561e-7
4986	3.974071674988519e-7
4987	3.974135808820581e-7
4988	3.974315081911379e-7
4989	3.974444582450962e-7
4990	3.974617000640336e-7
4991	3.974837412169290e-7
4992	3.974961397647092e-7
4993	3.975172549821761e-7
4994	3.975542965845892e-7
4995	3.975593051898490e-7
4996	3.975689463201163e-7
4997	3.975902303358994e-7
4998	3.976114089074257e-7
4999	3.976189043695578e-7
5000	3.976244829931376e-7
5001	3.976280366728315e-7
5002	3.976416407487683e-7
5003	3.976776110993631e-7
5004	3.976871526781690e-7
5005	3.976967706165532e-7
5006	3.977111305884324e-7
5007	3.977223929751721e-7
5008	3.977366350511412e-7
5009	3.977445398958202e-7
5010	3.977579430366208e-7
5011	3.977686952405175e-7
5012	3.978015953410670e-7
5013	3.978169420261811e-7
5014	3.978292933244365e-7
5015	3.978485330618236e-7
5016	3.978626476485409e-7
5017	3.978858969072527e-7
5018	3.978924703720796e-7
5019	3.978985582558345e-7
5020	3.979145871545205e-7
5021	3.979332146953833e-7
5022	3.979518157915855e-7
5023	3.979771738378059e-7
5024	3.979837058275094e-7
5025	3.979920163968153e-7
5026	3.980163837312194e-7
5027	3.980396924557635e-7
5028	3.980470097287414e-7
5029	3.980696755334569e-7
5030	3.980906449670892e-7
5031	3.981000669648636e-7
5032	3.981162602353954e-7
5033	3.981321956535456e-7
5034	3.981385655345199e-7
5035	3.981489091251782e-7
5036	3.981764536011585e-7
5037	3.981889487654891e-7
5038	3.981988043418303e-7
5039	3.982128654992283e-7
5040	3.982230584955413e-7
5041	3.982462175612163e-7
5042	3.982602963525205e-7
5043	3.982786090108323e-7
5044	3.982995288169069e-7
5045	3.983118048519664e-7
5046	3.983243246566253e-7
5047	3.983393505538809e-7
5048	3.983628353072572e-7
5049	3.983863900328763e-7
5050	3.984177032911592e-7
5051	3.984213654685363e-7
5052	3.984419243576190e-7
5053	3.984647938992706e-7
5054	3.984735435284828e-7
5055	3.984829184188356e-7
5056	3.984951325662107e-7
5057	3.985144369685327e-7
5058	3.985439841762371e-7
5059	3.985548722918533e-7
5060	3.985832673615564e-7
5061	3.985934764551739e-7
5062	3.986162632048386e-7
5063	3.986459902449063e-7
5064	3.986780120817012e-7
5065	3.986831693435083e-7
5066	3.986887319329820e-7
5067	3.986999513423468e-7
5068	3.987106305076566e-7
5069	3.987261796173262e-7
5070	3.987343811996325e-7
5071	3.987525355532214e-7
5072	3.987650818130806e-7
5073	3.987848759527922e-7
5074	3.988030553791531e-7
5075	3.988148027748924e-7
5076	3.988174268377353e-7
5077	3.988508149013556e-7
5078	3.988594757403006e-7
5079	3.988772364857368e-7
5080	3.988890359648682e-7
5081	3.989315242358194e-7
5082	3.989423726196453e-7
5083	3.989613480439052e-7
5084	3.989858214691897e-7
5085	3.989903722896543e-7
5086	3.990119141831129e-7
5087	3.990483601643195e-7
5088	3.990572812783932e-7
5089	3.990782240579959e-7
5090	3.990807597257956e-7
5091	3.990923514690883e-7
5092	3.991172716248065e-7
5093	3.991309192233484e-7
5094	3.991687311604768e-7
5095	3.991841380190484e-7
5096	3.992144740506223e-7
5097	3.992210060391918e-7
5098	3.992374704377275e-7
5099	3.992517635370217e-7
5100	3.992663474477521e-7
5101	3.992801832888057e-7
5102	3.993012010746041e-7
5103	3.993302235732689e-7
5104	3.993385565771126e-7
5105	3.993574389381419e-7
5106	3.993659581568263e-7
5107	3.993961546178081e-7
5108	3.994207189901400e-7
5109	3.994298652839681e-7
5110	3.994410903275410e-7
5111	3.994645000699520e-7
5112	3.994941007964322e-7
5113	3.995026196337765e-7
5114	3.995197583890076e-7
5115	3.995249816371286e-7
5116	3.995383125764549e-7
5117	3.995701908760396e-7
5118	3.995946544647541e-7
5119	3.996040822708313e-7
5120	3.996225674145821e-7
5121	3.996414049087241e-7
5122	3.996600842588954e-7
5123	3.996731921943958e-7
5124	3.996953283263156e-7
5125	3.997008967851970e-7
5126	3.997250368698609e-7
5127	3.997523518409312e-7
5128	3.997637894939885e-7
5129	3.997854691136311e-7
5130	3.997906725935390e-7
5131	3.998115690022096e-7
5132	3.998270504506889e-7
5133	3.998472668659939e-7
5134	3.998623190120929e-7
5135	3.998735780353123e-7
5136	3.998979764763495e-7
5137	3.999186115406087e-7
5138	3.999384175429160e-7
5139	3.999581670956793e-7
5140	3.999835798308311e-7
5141	4.000002780904894e-7
5142	4.000420896643132e-7
5143	4.000743098724231e-7
5144	4.000958610719561e-7
5145	4.001018337861918e-7
5146	4.001065788173518e-7
5147	4.001175778622578e-7
5148	4.001508829944555e-7
5149	4.001764064503233e-7
5150	4.001786870798752e-7
5151	4.001912296794499e-7
5152	4.002130712068779e-7
5153	4.002362703113479e-7
5154	4.002732872036708e-7
5155	4.002897051215235e-7
5156	4.003042196883124e-7
5157	4.003240717488513e-7
5158	4.003507478185434e-7
5159	4.003632480023373e-7
5160	4.003795965691996e-7
5161	4.003869409115498e-7
5162	4.004190334593266e-7
5163	4.004456370037602e-7
5164	4.004658602700713e-7
5165	4.004727266878255e-7
5166	4.004981662994349e-7
5167	4.005115006824801e-7
5168	4.005357809700358e-7
5169	4.005596386736902e-7
5170	4.005659472100215e-7
5171	4.005756592209451e-7
5172	4.006064615840750e-7
5173	4.006255711687224e-7
5174	4.006534795948072e-7
5175	4.006783517389660e-7
5176	4.006808292314208e-7
5177	4.007190645211621e-7
5178	4.007466046105338e-7
5179	4.007685317889045e-7
5180	4.007796020480759e-7
5181	4.007954846088345e-7
5182	4.008278009175521e-7
5183	4.008394184781088e-7
5184	4.008474072186161e-7
5185	4.008651745296462e-7
5186	4.008858563920640e-7
5187	4.008962832768340e-7
5188	4.009255160597347e-7
5189	4.009550915802494e-7
5190	4.009771492296930e-7
5191	4.009925403055699e-7
5192	4.010205901505105e-7
5193	4.010480380392865e-7
5194	4.010669952904226e-7
5195	4.010930070493109e-7
5196	4.011076279492180e-7
5197	4.011262297937266e-7
5198	4.011376464977610e-7
5199	4.011481930676697e-7
5200	4.011733097272280e-7
5201	4.011795780046405e-7
5202	4.012014179860369e-7
5203	4.012241030758367e-7
5204	4.012585847354577e-7
5205	4.012836942875834e-7
5206	4.013007874320270e-7
5207	4.013105623005951e-7
5208	4.013358288212445e-7
5209	4.013726196415856e-7
5210	4.013994498825059e-7
5211	4.014334972810532e-7
5212	4.014491131274668e-7
5213	4.014604604983664e-7
5214	4.015054023753071e-7
5215	4.015083864838215e-7
5216	4.015279461879737e-7
5217	4.015532306362245e-7
5218	4.015800042928041e-7
5219	4.015974847359649e-7
5220	4.016240463756139e-7
5221	4.016403291709747e-7
5222	4.016584328375317e-7
5223	4.016913070176183e-7
5224	4.017174780329285e-7
5225	4.017305827418747e-7
5226	4.017603078053598e-7
5227	4.017715953260129e-7
5228	4.017858941554130e-7
5229	4.018091543842710e-7
5230	4.018379819653631e-7
5231	4.018591914290553e-7
5232	4.018709800273373e-7
5233	4.018852697180055e-7
5234	4.018896663580089e-7
5235	4.019374329231860e-7
5236	4.019576279851038e-7
5237	4.019674777524568e-7
5238	4.019879344474235e-7
5239	4.020311350341949e-7
5240	4.020595108810459e-7
5241	4.020824285927628e-7
5242	4.020843403533028e-7
5243	4.020992797025603e-7
5244	4.021338793768950e-7
5245	4.021496450880044e-7
5246	4.021710519492072e-7
5247	4.021768089935084e-7
5248	4.021989300172714e-7
5249	4.022123772147181e-7
5250	4.022461081136681e-7
5251	4.022855181797970e-7
5252	4.023035198329548e-7
5253	4.023205893011954e-7
5254	4.023590832203933e-7
5255	4.023730884654738e-7
5256	4.023795318122223e-7
5257	4.023961883136548e-7
5258	4.024459895966076e-7
5259	4.024486314520023e-7
5260	4.025201207090475e-7
5261	4.025241992937995e-7
5262	4.025351786991221e-7
5263	4.025700768967087e-7
5264	4.025977471876659e-7
5265	4.026163678081820e-7
5266	4.026209382500540e-7
5267	4.026542039744752e-7
5268	4.026749409625608e-7
5269	4.026866994398384e-7
5270	4.027084369071454e-7
5271	4.027153766996433e-7
5272	4.027550268593431e-7
5273	4.027938088394651e-7
5274	4.028165796906396e-7
5275	4.028459116054859e-7
5276	4.028590077520883e-7
5277	4.028955704535830e-7
5278	4.029153711737103e-7
5279	4.029358251944428e-7
5280	4.029595912589733e-7
5281	4.029970599459018e-7
5282	4.030111108875982e-7
5283	4.030262347231339e-7
5284	4.030490737754169e-7
5285	4.030848137414738e-7
5286	4.031074392379298e-7
5287	4.031233894577151e-7
5288	4.031290315528293e-7
5289	4.031502497243595e-7
5290	4.032061499682831e-7
5291	4.032245852115701e-7
5292	4.032462431666538e-7
5293	4.032669912583903e-7
5294	4.032833636549499e-7
5295	4.032956267778517e-7
5296	4.033197707096943e-7
5297	4.033397544602802e-7
5298	4.033620647914377e-7
5299	4.033800267061079e-7
5300	4.034308430414656e-7
5301	4.034678986378811e-7
5302	4.034760894519676e-7
5303	4.035068350810237e-7
5304	4.035176174271783e-7
5305	4.035503251983430e-7
5306	4.035690711792189e-7
5307	4.036012369093848e-7
5308	4.036263963022058e-7
5309	4.036402621472134e-7
5310	4.036659404659555e-7
5311	4.036717236416183e-7
5312	4.036791706973782e-7
5313	4.037145631300114e-7
5314	4.037424143309931e-7
5315	4.037534453994657e-7
5316	4.037663394638947e-7
5317	4.037770759457596e-7
5318	4.038004095194735e-7
5319	4.038585506685318e-7
5320	4.038840542863529e-7
5321	4.039037372460370e-7
5322	4.039368003307660e-7
5323	4.039794915512263e-7
5324	4.039841175191814e-7
5325	4.040164698975829e-7
5326	4.040385136397258e-7
5327	4.041000623464844e-7
5328	4.041234698993886e-7
5329	4.041610212450807e-7
5330	4.041683799969720e-7
5331	4.041932048110893e-7
5332	4.042155748668513e-7
5333	4.042538270977149e-7
5334	4.042907613206571e-7
5335	4.043009521286432e-7
5336	4.043295305259308e-7
5337	4.043458710038594e-7
5338	4.043519402198823e-7
5339	4.043847747638093e-7
5340	4.044191642303814e-7
5341	4.044236276296064e-7
5342	4.044468406925131e-7
5343	4.044583219757524e-7
5344	4.044854989751256e-7
5345	4.045148100539232e-7
5346	4.045233793351591e-7
5347	4.045860487621607e-7
5348	4.045897307362756e-7
5349	4.046136695365124e-7
5350	4.046475829614854e-7
5351	4.046614415415012e-7
5352	4.047011000635152e-7
5353	4.047169684517377e-7
5354	4.047225011018165e-7
5355	4.047505690289672e-7
5356	4.047703990510226e-7
5357	4.047879194557662e-7
5358	4.048125418340432e-7
5359	4.048578909624294e-7
5360	4.048723324395722e-7
5361	4.048844929936088e-7
5362	4.049117488039799e-7
5363	4.049329921835514e-7
5364	4.049474429009841e-7
5365	4.049680669257943e-7
5366	4.050125628328384e-7
5367	4.050435079279332e-7
5368	4.050527414878670e-7
5369	4.050773488245938e-7
5370	4.051040976958693e-7
5371	4.051599401957936e-7
5372	4.051818837860092e-7
5373	4.051901613869389e-7
5374	4.052233294681303e-7
5375	4.052253488056059e-7
5376	4.052696752976869e-7
5377	4.053285120639241e-7
5378	4.053295425921783e-7
5379	4.053812319118147e-7
5380	4.053895076196720e-7
5381	4.053989315800372e-7
5382	4.054385432836490e-7
5383	4.054582607017471e-7
5384	4.054733557823134e-7
5385	4.054882177879330e-7
5386	4.055119287633241e-7
5387	4.055407668941422e-7
5388	4.055608594077214e-7
5389	4.055991378421630e-7
5390	4.056274721471908e-7
5391	4.056366057815241e-7
5392	4.056701035717082e-7
5393	4.057074383413194e-7
5394	4.057247713022972e-7
5395	4.057368851837722e-7
5396	4.057399857257148e-7
5397	4.057715999863145e-7
5398	4.057906626126567e-7
5399	4.058420813527346e-7
5400	4.058475774571894e-7
5401	4.058900400768889e-7
5402	4.059046253861364e-7
5403	4.059206138938439e-7
5404	4.059348848984205e-7
5405	4.059903244490905e-7
5406	4.060409456699110e-7
5407	4.060419513881235e-7
5408	4.060716107434138e-7
5409	4.060898201260568e-7
5410	4.061134555131205e-7
5411	4.061311909817560e-7
5412	4.061454699926767e-7
5413	4.061618547438096e-7
5414	4.062055534448571e-7
5415	4.062185108272906e-7
5416	4.062822762456216e-7
5417	4.062862293044997e-7
5418	4.063228505435775e-7
5419	4.063281438390641e-7
5420	4.063491544655360e-7
5421	4.063829304337493e-7
5422	4.064322122841938e-7
5423	4.064473844644110e-7
5424	4.064622908232278e-7
5425	4.064914189159950e-7
5426	4.065014156911171e-7
5427	4.065195153769151e-7
5428	4.065530859885506e-7
5429	4.065770192620436e-7
5430	4.066278856685892e-7
5431	4.066415559367603e-7
5432	4.066553637073131e-7
5433	4.066748191884358e-7
5434	4.066948913265273e-7
5435	4.067497612251111e-7
5436	4.067630278447528e-7
5437	4.067752242193937e-7
5438	4.067895405198528e-7
5439	4.068302451083195e-7
5440	4.068365377182250e-7
5441	4.068500707825617e-7
5442	4.068966632351470e-7
5443	4.069274280774712e-7
5444	4.069463453270046e-7
5445	4.069676677631793e-7
5446	4.069964225817115e-7
5447	4.070132974103562e-7
5448	4.070304718758323e-7
5449	4.070764748215284e-7
5450	4.071086490871987e-7
5451	4.071506101530792e-7
5452	4.071745895828830e-7
5453	4.071894868911770e-7
5454	4.072141200100680e-7
5455	4.072225212825976e-7
5456	4.072478263145627e-7
5457	4.072738778765465e-7
5458	4.073091892778484e-7
5459	4.073370042373997e-7
5460	4.073603038544741e-7
5461	4.073956093587026e-7
5462	4.074051209599556e-7
5463	4.074249944563738e-7
5464	4.074543820964253e-7
5465	4.074727660872157e-7
5466	4.074998512557099e-7
5467	4.075444008944070e-7
5468	4.075759273380362e-7
5469	4.075946493107196e-7
5470	4.076097645015558e-7
5471	4.076232174228874e-7
5472	4.076898093067234e-7
5473	4.077047590014159e-7
5474	4.077313411878820e-7
5475	4.077478079075372e-7
5476	4.077604997396067e-7
5477	4.077884767396482e-7
5478	4.078242683788185e-7
5479	4.078325615731015e-7
5480	4.078436974305987e-7
5481	4.078711114762213e-7
5482	4.078788659763912e-7
5483	4.079011058735388e-7
5484	4.079147916683572e-7
5485	4.079395727800643e-7
5486	4.079634866446485e-7
5487	4.079934740893643e-7
5488	4.080259165312944e-7
5489	4.080500793668760e-7
5490	4.080922301057915e-7
5491	4.081067103583013e-7
5492	4.081337727168194e-7
5493	4.081484709097754e-7
5494	4.081908734321380e-7
5495	4.081980360154242e-7
5496	4.082219044645217e-7
5497	4.082586854028943e-7
5498	4.082992820584580e-7
5499	4.083114702472677e-7
5500	4.083252517902661e-7
5501	4.083667326841238e-7
5502	4.083744376932599e-7
5503	4.084038222251864e-7
5504	4.084385934445831e-7
5505	4.084548418314338e-7
5506	4.084890398631609e-7
5507	4.085335251155022e-7
5508	4.085658781022089e-7
5509	4.085887414639122e-7
5510	4.086194710486505e-7
5511	4.086415851815959e-7
5512	4.086563081574603e-7
5513	4.086623717153846e-7
5514	4.086859067666169e-7
5515	4.087029188809940e-7
5516	4.087759233831339e-7
5517	4.087878179273831e-7
5518	4.088043036366617e-7
5519	4.088363821476072e-7
5520	4.088531670103874e-7
5521	4.088751785901506e-7
5522	4.089248328437737e-7
5523	4.089310880610231e-7
5524	4.089574376665355e-7
5525	4.090034073644488e-7
5526	4.090229028180990e-7
5527	4.090465740422436e-7
5528	4.090574569664147e-7
5529	4.090878204809471e-7
5530	4.091111773966912e-7
5531	4.091214935180416e-7
5532	4.091482829708749e-7
5533	4.091695063978831e-7
5534	4.091814525125415e-7
5535	4.092165911433440e-7
5536	4.092548440744610e-7
5537	4.092677310351383e-7
5538	4.092746548870018e-7
5539	4.093089751556130e-7
5540	4.093446505383351e-7
5541	4.093737175646412e-7
5542	4.094091614172601e-7
5543	4.094266492090941e-7
5544	4.094416043328334e-7
5545	4.094538557581907e-7
5546	4.094659768191850e-7
5547	4.095102971422632e-7
5548	4.095455888727383e-7
5549	4.095782754540088e-7
5550	4.095869490895766e-7
5551	4.096281830131371e-7
5552	4.096397126107694e-7
5553	4.096758544022499e-7
5554	4.096876662086812e-7
5555	4.097370472823315e-7
5556	4.097532358137830e-7
5557	4.097818840143716e-7
5558	4.097909956814544e-7
5559	4.098150937515970e-7
5560	4.098547020812282e-7
5561	4.098628516729359e-7
5562	4.098996110641768e-7
5563	4.099166815228102e-7
5564	4.099391318578494e-7
5565	4.099624807687250e-7
5566	4.100021228148285e-7
5567	4.100159087963721e-7
5568	4.100493333018931e-7
5569	4.100655006330758e-7
5570	4.100757586828452e-7
5571	4.101220629910795e-7
5572	4.101433202488720e-7
5573	4.101611865786927e-7
5574	4.101725987010756e-7
5575	4.102172353440354e-7
5576	4.102464402301736e-7
5577	4.102563424333709e-7
5578	4.102657835698933e-7
5579	4.103090486885300e-7
5580	4.103462179829711e-7
5581	4.103639208057730e-7
5582	4.103962080767432e-7
5583	4.104181999943242e-7
5584	4.104346866076262e-7
5585	4.104566393552706e-7
5586	4.104961217492246e-7
5587	4.105032548025458e-7
5588	4.105480439099914e-7
5589	4.105546642047825e-7
5590	4.106055019604783e-7
5591	4.106158819906531e-7
5592	4.106309194013410e-7
5593	4.106625677401833e-7
5594	4.106666830477438e-7
5595	4.106909309481986e-7
5596	4.107099263814782e-7
5597	4.107460510257544e-7
5598	4.107925912429445e-7
5599	4.108354565139083e-7
5600	4.108488937079523e-7
5601	4.108769895051478e-7
5602	4.108923827582022e-7
5603	4.109193747182103e-7
5604	4.109289748960520e-7
5605	4.109416427591857e-7
5606	4.109887204321893e-7
5607	4.110083716870718e-7
5608	4.110270659374459e-7
5609	4.110709914531470e-7
5610	4.110925496002352e-7
5611	4.111039205108415e-7
5612	4.111417988139789e-7
5613	4.111508681584668e-7
5614	4.111769399928852e-7
5615	4.112078239962282e-7
5616	4.112374019198582e-7
5617	4.112809813198289e-7
5618	4.113062121533626e-7
5619	4.113222311188703e-7
5620	4.113745690978044e-7
5621	4.113908788487124e-7
5622	4.114222015733498e-7
5623	4.114376458668459e-7
5624	4.114720462221723e-7
5625	4.114945291535683e-7
5626	4.115145900863662e-7
5627	4.115447567604787e-7
5628	4.115764751967076e-7
5629	4.115925130152955e-7
5630	4.116225954461994e-7
5631	4.116303459052000e-7
5632	4.116373638526528e-7
5633	4.116828153701978e-7
5634	4.117323314384884e-7
5635	4.117554780354639e-7
5636	4.117788044250881e-7
5637	4.118174317490759e-7
5638	4.118253562404209e-7
5639	4.118384447281564e-7
5640	4.118513788768462e-7
5641	4.118808314682861e-7
5642	4.119217637173648e-7
5643	4.119427115709573e-7
5644	4.119569410899824e-7
5645	4.119778414497242e-7
5646	4.120116009752748e-7
5647	4.120168212712421e-7
5648	4.120716186638511e-7
5649	4.120868762722959e-7
5650	4.121147257581092e-7
5651	4.121267197463723e-7
5652	4.121691138814454e-7
5653	4.121842115301163e-7
5654	4.121866220316988e-7
5655	4.122366181569336e-7
5656	4.122418765566386e-7
5657	4.122785299871177e-7
5658	4.123109729219071e-7
5659	4.123373599435699e-7
5660	4.123593204889795e-7
5661	4.123650749617884e-7
5662	4.123957731730137e-7
5663	4.124060307034995e-7
5664	4.124302159022114e-7
5665	4.124716934536429e-7
5666	4.124894123951485e-7
5667	4.125313945288064e-7
5668	4.125343620980201e-7
5669	4.125528747584639e-7
5670	4.125636475144095e-7
5671	4.125896264594120e-7
5672	4.126057938080158e-7
5673	4.126382312537157e-7
5674	4.126457724736265e-7
5675	4.127047144087873e-7
5676	4.127318293814338e-7
5677	4.127376755461335e-7
5678	4.127479779149487e-7
5679	4.127653878765864e-7
5680	4.128020098839114e-7
5681	4.128411564096107e-7
5682	4.128984509122321e-7
5683	4.129188671326044e-7
5684	4.129273509228917e-7
5685	4.129640067525383e-7
5686	4.129913909682242e-7
5687	4.130166573860523e-7
5688	4.130328253920756e-7
5689	4.130551263458470e-7
5690	4.130843345128952e-7
5691	4.130982727202349e-7
5692	4.131302531935270e-7
5693	4.131748115708424e-7
5694	4.131786310060379e-7
5695	4.132166882301047e-7
5696	4.132343721277591e-7
5697	4.132515732479397e-7
5698	4.132995076839401e-7
5699	4.133119341668367e-7
5700	4.133396030600003e-7
5701	4.133471437436423e-7
5702	4.133951947785590e-7
5703	4.134065499880724e-7
5704	4.134159884294564e-7
5705	4.134444932068008e-7
5706	4.134720143303306e-7
5707	4.134923633766407e-7
5708	4.135116612369764e-7
5709	4.135327992318474e-7
5710	4.135549096226809e-7
5711	4.135962910616459e-7
5712	4.136042851343882e-7
5713	4.136403858994345e-7
5714	4.136443809610990e-7
5715	4.136886610409565e-7
5716	4.136899371370585e-7
5717	4.137395672391472e-7
5718	4.137484745419802e-7
5719	4.137691283052230e-7
5720	4.137913320158037e-7
5721	4.138397163040843e-7
5722	4.138619836340709e-7
5723	4.138721207945556e-7
5724	4.138927216754412e-7
5725	4.139338593195971e-7
5726	4.139502990676325e-7
5727	4.139633531807946e-7
5728	4.139802688298133e-7
5729	4.140045664002579e-7
5730	4.140259884465824e-7
5731	4.140664757516461e-7
5732	4.140743316680748e-7
5733	4.141150726890152e-7
5734	4.141464297030942e-7
5735	4.141568475008124e-7
5736	4.141707649341806e-7
5737	4.142269882005995e-7
5738	4.142452421761166e-7
5739	4.142586294489176e-7
5740	4.142798638909360e-7
5741	4.143365468046495e-7
5742	4.143476046841816e-7
5743	4.143628108543706e-7
5744	4.143794973265218e-7
5745	4.144127005093166e-7
5746	4.144301095169495e-7
5747	4.144514622372749e-7
5748	4.144848722982077e-7
5749	4.145119283358040e-7
5750	4.145223133497337e-7
5751	4.145521746124245e-7
5752	4.146050255679729e-7
5753	4.146333638887134e-7
5754	4.146366109173576e-7
5755	4.146631964788852e-7
5756	4.146729389090877e-7
5757	4.147144332443638e-7
5758	4.147337800628715e-7
5759	4.147472866320306e-7
5760	4.147870970584456e-7
5761	4.148133853686292e-7
5762	4.148468733722301e-7
5763	4.148715636531329e-7
5764	4.148836618292593e-7
5765	4.148936319683390e-7
5766	4.149208119680469e-7
5767	4.149502086919654e-7
5768	4.149717477255017e-7
5769	4.149946298049103e-7
5770	4.150143762267785e-7
5771	4.150343945992198e-7
5772	4.150815468469079e-7
5773	4.151068619943751e-7
5774	4.151152217514103e-7
5775	4.151490367549306e-7
5776	4.151527823887712e-7
5777	4.151855256639835e-7
5778	4.152246030129456e-7
5779	4.152548255767431e-7
5780	4.152667113723377e-7
5781	4.152925112602069e-7
5782	4.153048043460991e-7
5783	4.153429052561985e-7
5784	4.153613057498441e-7
5785	4.153854522359274e-7
5786	4.154245484950247e-7
5787	4.154342807934894e-7
5788	4.154798321589610e-7
5789	4.155070461208707e-7
5790	4.155288607577182e-7
5791	4.155422217396418e-7
5792	4.155585299017969e-7
5793	4.155975155717367e-7
5794	4.156180834125347e-7
5795	4.156480952347144e-7
5796	4.156587239894498e-7
5797	4.156943924094630e-7
5798	4.157396194779426e-7
5799	4.157564757002912e-7
5800	4.157615098879109e-7
5801	4.157923475824461e-7
5802	4.157953933637846e-7
5803	4.158049362385062e-7
5804	4.158392416849958e-7
5805	4.158642326783096e-7
5806	4.159044066204320e-7
5807	4.159073148453353e-7
5808	4.159540108827888e-7
5809	4.159657138742402e-7
5810	4.160159070266525e-7
5811	4.160356951781767e-7
5812	4.160651177148406e-7
5813	4.160901797273304e-7
5814	4.161156112905876e-7
5815	4.161285418488433e-7
5816	4.161440039046976e-7
5817	4.161814485003421e-7
5818	4.162066427521189e-7
5819	4.162093430221902e-7
5820	4.162223930345024e-7
5821	4.162432504879315e-7
5822	4.162654443022950e-7
5823	4.162795145957904e-7
5824	4.163155375584018e-7
5825	4.163332857496762e-7
5826	4.164025436375132e-7
5827	4.164070511179824e-7
5828	4.164252739251593e-7
5829	4.164611021333536e-7
5830	4.164788055887775e-7
5831	4.164920776045733e-7
5832	4.164998365465701e-7
5833	4.165199494812445e-7
5834	4.165259348901915e-7
5835	4.165543855164512e-7
5836	4.165773095957625e-7
5837	4.165902368369930e-7
5838	4.166263617172593e-7
5839	4.166467869859416e-7
5840	4.166702660800493e-7
5841	4.166730217374169e-7
5842	4.167141889737298e-7
5843	4.167483620093830e-7
5844	4.167661963955948e-7
5845	4.167971987900644e-7
5846	4.168174518813093e-7
5847	4.168392302019695e-7
5848	4.168482948536066e-7
5849	4.168537245117274e-7
5850	4.168763922887630e-7
5851	4.168864113316366e-7
5852	4.168966243675358e-7
5853	4.169249028027873e-7
5854	4.169522299392518e-7
5855	4.169685969801310e-7
5856	4.169943370942194e-7
5857	4.170314123059944e-7
5858	4.170336124887353e-7
5859	4.170449590221373e-7
5860	4.170749384728904e-7
5861	4.170908700771784e-7
5862	4.171060435421231e-7
5863	4.171272925305622e-7
5864	4.171447474428078e-7
5865	4.171607436475024e-7
5866	4.172009821644750e-7
5867	4.172205507123528e-7
5868	4.172445028790364e-7
5869	4.172624787858845e-7
5870	4.172667412535505e-7
5871	4.172894145399117e-7
5872	4.173296501151464e-7
5873	4.173377388314292e-7
5874	4.173751161977900e-7
5875	4.174074743905650e-7
5876	4.174150887193080e-7
5877	4.174355927038384e-7
5878	4.174606004386967e-7
5879	4.174909002444736e-7
5880	4.174954385774089e-7
5881	4.175174091551406e-7
5882	4.175320686271966e-7
5883	4.175573321863327e-7
5884	4.175706391294749e-7
5885	4.175893436997795e-7
5886	4.176238501438058e-7
5887	4.176420425673019e-7
5888	4.176488435538765e-7
5889	4.176646040321622e-7
5890	4.176917932041319e-7
5891	4.177155671819988e-7
5892	4.177258188031830e-7
5893	4.177468393057713e-7
5894	4.177739270352443e-7
5895	4.177900195847145e-7
5896	4.178208915310424e-7
5897	4.178440154491629e-7
5898	4.178591128253634e-7
5899	4.178828463136341e-7
5900	4.178907541558867e-7
5901	4.179064707045469e-7
5902	4.179293939963102e-7
5903	4.179325933337419e-7
5904	4.179452554970492e-7
5905	4.179799767611081e-7
5906	4.179929829455865e-7
5907	4.180017575504958e-7
5908	4.180246293071413e-7
5909	4.180367520461742e-7
5910	4.180411651885047e-7
5911	4.180732242758384e-7
5912	4.180993360977551e-7
5913	4.181009237136025e-7
5914	4.181256904873856e-7
5915	4.181541313290221e-7
5916	4.181682267187504e-7
5917	4.181744453864175e-7
5918	4.181918947147093e-7
5919	4.182089211090276e-7
5920	4.182488794676652e-7
5921	4.182703332271532e-7
5922	4.182728007579765e-7
5923	4.183100040008347e-7
5924	4.183159293620720e-7
5925	4.183204082205036e-7
5926	4.183478612269745e-7
5927	4.183578133246411e-7
5928	4.183756909876005e-7
5929	4.183899935020983e-7
5930	4.184015412846976e-7
5931	4.184266141636374e-7
5932	4.184389100101433e-7
5933	4.184752482665209e-7
5934	4.184824927061994e-7
5935	4.185055839795601e-7
5936	4.185244004058217e-7
5937	4.185392194140742e-7
5938	4.185474941058102e-7
5939	4.185593110652316e-7
5940	4.185673654504104e-7
5941	4.185956663473981e-7
5942	4.186153171885751e-7
5943	4.186186034289848e-7
5944	4.186458098172108e-7
5945	4.186733796834883e-7
5946	4.186846752321634e-7
5947	4.187020828799215e-7
5948	4.187310357519753e-7
5949	4.187416507185427e-7
5950	4.187447454454827e-7
5951	4.187585386484912e-7
5952	4.187767127772098e-7
5953	4.187997856948997e-7
5954	4.188024589643856e-7
5955	4.188164751346022e-7
5956	4.188381000266876e-7
5957	4.188479864072402e-7
5958	4.188636179172353e-7
5959	4.188738753993873e-7
5960	4.188953743514472e-7
5961	4.189106334209599e-7
5962	4.189255827106041e-7
5963	4.189385363902198e-7
5964	4.189555255463946e-7
5965	4.189610330935650e-7
5966	4.189700642185630e-7
5967	4.189815611182592e-7
5968	4.190011471900819e-7
5969	4.190150648272215e-7
5970	4.190212696898933e-7
5971	4.190464515085623e-7
5972	4.190722633324745e-7
5973	4.190804086144638e-7
5974	4.190890697404672e-7
5975	4.191050898446763e-7
5976	4.191157232911026e-7
5977	4.191280486714351e-7
5978	4.191304405543897e-7
5979	4.191508081524174e-7
5980	4.191616935941860e-7
5981	4.191718208944074e-7
5982	4.191774587279650e-7
5983	4.191956165646485e-7
5984	4.192149572998813e-7
5985	4.192324026763400e-7
5986	4.192395615831798e-7
5987	4.192460486084777e-7
5988	4.192545533240228e-7
5989	4.192590834790540e-7
5990	4.192722411531571e-7
5991	4.192833388393721e-7
5992	4.192908453008016e-7
5993	4.193094302925913e-7
5994	4.193184666732517e-7
5995	4.193262751370719e-7
5996	4.193427714034365e-7
5997	4.193464575922467e-7
5998	4.193578075643436e-7
5999	4.193641242998892e-7
6000	4.193698921850200e-7
6001	4.193872958955420e-7
6002	4.193914851804286e-7
6003	4.193939456263467e-7
6004	4.194064066427214e-7
6005	4.194147183609810e-7
6006	4.194244801427525e-7
6007	4.194353605772127e-7
6008	4.194386218930638e-7
6009	4.194551946470017e-7
6010	4.194640132097132e-7
6011	4.194660147106100e-7
6012	4.194771960480633e-7
6013	4.194879293514382e-7
6014	4.194943468833354e-7
6015	4.195287903411550e-7
6016	4.195359942617475e-7
6017	4.195433725767352e-7
6018	4.195441741764554e-7
6019	4.195513979551795e-7
6020	4.195611271836141e-7
6021	4.195717068730260e-7
6022	4.195819327405025e-7
6023	4.195967451721793e-7
6024	4.196057032904253e-7
6025	4.196096090409520e-7
6026	4.196157131504947e-7
6027	4.196223516009197e-7
6028	4.196281213970593e-7
6029	4.196388994496866e-7
6030	4.196516698193377e-7
6031	4.196616455341856e-7
6032	4.196680697169146e-7
6033	4.196771574875107e-7
6034	4.196913411839240e-7
6035	4.196985061533747e-7
6036	4.197029604633728e-7
6037	4.197061898625089e-7
6038	4.197123991597794e-7
6039	4.197258932194943e-7
6040	4.197290242772517e-7
6041	4.197431410294301e-7
6042	4.197603577282445e-7
6043	4.197818604173121e-7
6044	4.197870921815377e-7
6045	4.197933146491512e-7
6046	4.198118086192588e-7
6047	4.198172069686904e-7
6048	4.198185349708961e-7
6049	4.198218405585456e-7
6050	4.198385208000529e-7
6051	4.198513011068065e-7
6052	4.198545890221297e-7
6053	4.198690540762242e-7
6054	4.198708527471846e-7
6055	4.198825420768429e-7
6056	4.198929031104086e-7
6057	4.198959956763229e-7
6058	4.199079416054156e-7
6059	4.199081988503436e-7
6060	4.199210773730252e-7
6061	4.199257577233273e-7
6062	4.199298392470821e-7
6063	4.199423585900632e-7
6064	4.199433067155712e-7
6065	4.199463448444306e-7
6066	4.199580350265015e-7
6067	4.199646604547896e-7
6068	4.199699617008872e-7
6069	4.199809975596166e-7
6070	4.199920918637703e-7
6071	4.200069065835930e-7
6072	4.200156149603861e-7
6073	4.200211046172229e-7
6074	4.200224339212771e-7
6075	4.200286932514749e-7
6076	4.200378361779251e-7
6077	4.200413314986932e-7
6078	4.200477876880295e-7
6079	4.200525831076059e-7
6080	4.200669634840381e-7
6081	4.200749845503096e-7
6082	4.200770911137165e-7
6083	4.200876870119177e-7
6084	4.200897912106327e-7
6085	4.201083028113562e-7
6086	4.201141890656216e-7
6087	4.201235813960409e-7
6088	4.201294193806973e-7
6089	4.201320487267933e-7
6090	4.201355894071767e-7
6091	4.201409910899264e-7
6092	4.201485547822456e-7
6093	4.201624417192136e-7
6094	4.201636603963535e-7
6095	4.201715388608591e-7
6096	4.201807221970771e-7
6097	4.201830667312520e-7
6098	4.201965341706684e-7
6099	4.202047404742361e-7
6100	4.202132917645292e-7
6101	4.202177781152635e-7
6102	4.202195099387091e-7
6103	4.202297155137116e-7
6104	4.202366328253996e-7
6105	4.202380304044681e-7
6106	4.202547858335809e-7
6107	4.202587370103316e-7
6108	4.202617901638311e-7
6109	4.202756529868304e-7
6110	4.202884809260609e-7
6111	4.202934784909756e-7
6112	4.202989347092411e-7
6113	4.203083139702448e-7
6114	4.203124182894085e-7
6115	4.203176524487509e-7
6116	4.203277790735289e-7
6117	4.203408122165263e-7
6118	4.203512007946878e-7
6119	4.203570961985902e-7
6120	4.203767511963112e-7
6121	4.203842151076549e-7
6122	4.203871759508691e-7
6123	4.203970121863372e-7
6124	4.204026266287981e-7
6125	4.204119171778785e-7
6126	4.204164143779838e-7
6127	4.204370403235698e-7
6128	4.204457143318307e-7
6129	4.204532789585822e-7
6130	4.204550421570015e-7
6131	4.204642137839542e-7
6132	4.204739846363732e-7
6133	4.204815776527011e-7
6134	4.204898752856980e-7
6135	4.205026309789999e-7
6136	4.205084170588355e-7
6137	4.205143115775485e-7
6138	4.205195410274936e-7
6139	4.205305471364655e-7
6140	4.205329045948808e-7
6141	4.205417316322600e-7
6142	4.205527158483620e-7
6143	4.205635098165780e-7
6144	4.205639828170785e-7
6145	4.205730492434033e-7
6146	4.205737665519593e-7
6147	4.205874257596639e-7
6148	4.205967726088583e-7
6149	4.206050123748371e-7
6150	4.206164321956475e-7
6151	4.206319255383762e-7
6152	4.206427221852177e-7
6153	4.206526029038887e-7
6154	4.206572572246100e-7
6155	4.206714505205522e-7
6156	4.206844501031403e-7
6157	4.206959376808812e-7
6158	4.207026256184040e-7
6159	4.207141037546027e-7
6160	4.207194900055715e-7
6161	4.207309534243494e-7
6162	4.207404266982139e-7
6163	4.207454662179267e-7
6164	4.207592727001386e-7
6165	4.207647813143067e-7
6166	4.207749462604728e-7
6167	4.207860203457922e-7
6168	4.207970670626368e-7
6169	4.207988470909874e-7
6170	4.208010673991156e-7
6171	4.208140892341249e-7
6172	4.208192338023101e-7
6173	4.208448212431748e-7
6174	4.208471901386328e-7
6175	4.208541968097797e-7
6176	4.208565218432707e-7
6177	4.208642250474627e-7
6178	4.208695168162260e-7
6179	4.208721248553920e-7
6180	4.208751791119410e-7
6181	4.208778479246920e-7
6182	4.209002607161421e-7
6183	4.209083359022028e-7
6184	4.209133609622016e-7
6185	4.209181496627363e-7
6186	4.209289945488803e-7
6187	4.209395091105997e-7
6188	4.209414339368942e-7
6189	4.209514652992181e-7
6190	4.209550758698170e-7
6191	4.209591544137707e-7
6192	4.209761843035919e-7
6193	4.209839076068769e-7
6194	4.209923708729386e-7
6195	4.209982565398149e-7
6196	4.210057188462296e-7
6197	4.210180598575122e-7
6198	4.210223168365916e-7
6199	4.210317036398884e-7
6200	4.210342143595618e-7
6201	4.210502718238917e-7
6202	4.210576859714423e-7
6203	4.210605742973332e-7
6204	4.210729816717755e-7
6205	4.210836343580279e-7
6206	4.210910770307728e-7
6207	4.211022579556261e-7
6208	4.211291680221004e-7
6209	4.211300397047729e-7
6210	4.211354956337495e-7
6211	4.211417997036900e-7
6212	4.211529963149443e-7
6213	4.211616181682592e-7
6214	4.211813002618711e-7
6215	4.211890930964629e-7
6216	4.211962697594352e-7
6217	4.212114719950991e-7
6218	4.212162517023464e-7
6219	4.212225550845372e-7
6220	4.212304253177879e-7
6221	4.212392467155563e-7
6222	4.212555078502872e-7
6223	4.212633678577354e-7
6224	4.212702443596400e-7
6225	4.212788434819051e-7
6226	4.212807305686901e-7
6227	4.212970533174040e-7
6228	4.213018217890342e-7
6229	4.213088372856504e-7
6230	4.213119429391827e-7
6231	4.213279748719122e-7
6232	4.213336514232834e-7
6233	4.213499286821442e-7
6234	4.213763160834274e-7
6235	4.213855231270932e-7
6236	4.213969985622596e-7
6237	4.214048012383724e-7
6238	4.214121502249939e-7
6239	4.214165941745567e-7
6240	4.214229019340676e-7
6241	4.214380229484592e-7
6242	4.214448945020832e-7
6243	4.214518713960558e-7
6244	4.214618096291131e-7
6245	4.214644634465990e-7
6246	4.214749642734593e-7
6247	4.214838274547448e-7
6248	4.214909544034682e-7
6249	4.214968254937577e-7
6250	4.215076173827080e-7
6251	4.215252443371614e-7
6252	4.215449223282740e-7
6253	4.215548894153824e-7
6254	4.215609637036454e-7
6255	4.215644891798517e-7
6256	4.215721572695812e-7
6257	4.215876981663117e-7
6258	4.215934896487538e-7
6259	4.216069949194829e-7
6260	4.216172812727785e-7
6261	4.216238366184587e-7
6262	4.216284650642956e-7
6263	4.216407976866206e-7
6264	4.216458784196892e-7
6265	4.216586452014513e-7
6266	4.216730227897299e-7
6267	4.216851191803380e-7
6268	4.217004497035480e-7
6269	4.217052099095518e-7
6270	4.217175591787047e-7
6271	4.217192348464371e-7
6272	4.217264302819232e-7
6273	4.217407570006045e-7
6274	4.217490211873484e-7
6275	4.217529344558729e-7
6276	4.217646595330321e-7
6277	4.217847487492439e-7
6278	4.217880748192943e-7
6279	4.218072529684523e-7
6280	4.218093793168718e-7
6281	4.218302931449314e-7
6282	4.218492993143976e-7
6283	4.218584397192261e-7
6284	4.218600303594382e-7
6285	4.218669297858320e-7
6286	4.218826383790462e-7
6287	4.218927502058411e-7
6288	4.219086455337721e-7
6289	4.219190982520059e-7
6290	4.219236663480170e-7
6291	4.219465728261013e-7
6292	4.219634739373493e-7
6293	4.219746531117379e-7
6294	4.219811590680660e-7
6295	4.219865231705370e-7
6296	4.219996376320246e-7
6297	4.220106885210504e-7
6298	4.220151384837718e-7
6299	4.220328872185474e-7
6300	4.220404907849995e-7
6301	4.220449759923080e-7
6302	4.220655640930328e-7
6303	4.220792380703755e-7
6304	4.220818462841845e-7
6305	4.221044070885676e-7
6306	4.221170215269033e-7
6307	4.221220335441160e-7
6308	4.221315475209363e-7
6309	4.221471088713072e-7
6310	4.221535977036582e-7
6311	4.221676370332150e-7
6312	4.221860951019647e-7
6313	4.221916093393959e-7
6314	4.221959229492213e-7
6315	4.222123337847741e-7
6316	4.222251626270219e-7
6317	4.222395997397521e-7
6318	4.222475570181815e-7
6319	4.222675540205671e-7
6320	4.222795544588739e-7
6321	4.222866539522076e-7
6322	4.222962348380293e-7
6323	4.223041665899027e-7
6324	4.223195759217242e-7
6325	4.223244484206694e-7
6326	4.223457491463342e-7
6327	4.223612939884841e-7
6328	4.223629652323298e-7
6329	4.223724502752912e-7
6330	4.223843193964632e-7
6331	4.224020644028861e-7
6332	4.224097887469251e-7
6333	4.224102967379952e-7
6334	4.224316617786932e-7
6335	4.224415214855333e-7
6336	4.224434966317858e-7
6337	4.224629499197527e-7
6338	4.224755390422068e-7
6339	4.224813476291724e-7
6340	4.224932335288649e-7
6341	4.225072648155372e-7
6342	4.225178457357194e-7
6343	4.225314185331894e-7
6344	4.225371796398936e-7
6345	4.225462596540401e-7
6346	4.225475009663719e-7
6347	4.225578930339216e-7
6348	4.225657538255519e-7
6349	4.225815935533378e-7
6350	4.226030169164127e-7
6351	4.226157500621434e-7
6352	4.226174770408307e-7
6353	4.226187684208154e-7
6354	4.226362599365934e-7
6355	4.226422332296646e-7
6356	4.226573942809197e-7
6357	4.226678235410162e-7
6358	4.226732467157378e-7
6359	4.226778553862616e-7
6360	4.226873306553288e-7
6361	4.226957805077622e-7
6362	4.227098977962133e-7
6363	4.227202962144616e-7
6364	4.227314222282134e-7
6365	4.227425622342662e-7
6366	4.227479908782640e-7
6367	4.227676438789299e-7
6368	4.227788475188269e-7
6369	4.227847800373809e-7
6370	4.227959328735721e-7
6371	4.228014877999276e-7
6372	4.228050562060490e-7
6373	4.228176146145694e-7
6374	4.228255130862462e-7
6375	4.228415464351533e-7
6376	4.228565069777480e-7
6377	4.228650288484531e-7
6378	4.228697134818292e-7
6379	4.228896921878826e-7
6380	4.229039640763367e-7
6381	4.229118698492202e-7
6382	4.229143914423122e-7
6383	4.229344572688111e-7
6384	4.229421740886472e-7
6385	4.229588078527906e-7
6386	4.229752876263351e-7
6387	4.229798177388738e-7
6388	4.229933472211375e-7
6389	4.230017141470620e-7
6390	4.230096976136207e-7
6391	4.230202629629443e-7
6392	4.230264024969588e-7
6393	4.230379911722551e-7
6394	4.230407808632520e-7
6395	4.230597431221648e-7
6396	4.230748593474198e-7
6397	4.230897699898809e-7
6398	4.230957854159438e-7
6399	4.231063997734437e-7
6400	4.231257443889781e-7
6401	4.231285742372948e-7
6402	4.231514261309932e-7
6403	4.231637735926659e-7
6404	4.231656080125070e-7
6405	4.231942834818795e-7
6406	4.232019867605557e-7
6407	4.232151628959863e-7
6408	4.232268703279275e-7
6409	4.232346139394691e-7
6410	4.232511166649093e-7
6411	4.232602184638423e-7
6412	4.232762455289217e-7
6413	4.233021383068689e-7
6414	4.233067622428433e-7
6415	4.233260822379642e-7
6416	4.233400898636567e-7
6417	4.233507639190049e-7
6418	4.233586048631902e-7
6419	4.233716996415996e-7
6420	4.233831481998754e-7
6421	4.234047236051593e-7
6422	4.234089931061868e-7
6423	4.234303180761908e-7
6424	4.234435340281240e-7
6425	4.234527589633180e-7
6426	4.234665216202165e-7
6427	4.234739168168786e-7
6428	4.234947484159348e-7
6429	4.235048660753704e-7
6430	4.235222741878839e-7
6431	4.235438559026420e-7
6432	4.235588531324090e-7
6433	4.235717103548193e-7
6434	4.235824398117654e-7
6435	4.235932121638829e-7
6436	4.236194816971101e-7
6437	4.236324512014263e-7
6438	4.236460293876823e-7
6439	4.236526668881311e-7
6440	4.236753957352600e-7
6441	4.236909808614678e-7
6442	4.237045715890019e-7
6443	4.237182104224510e-7
6444	4.237350630333668e-7
6445	4.237510329733998e-7
6446	4.237716782803818e-7
6447	4.237860436227090e-7
6448	4.237984562883911e-7
6449	4.238133746590647e-7
6450	4.238285555515202e-7
6451	4.238500864118043e-7
6452	4.238525808109219e-7
6453	4.238657317541961e-7
6454	4.238832778579107e-7
6455	4.238930901295587e-7
6456	4.239181252309620e-7
6457	4.239261711275722e-7
6458	4.239270533762089e-7
6459	4.239437536632608e-7
6460	4.239835831849710e-7
6461	4.239981610458923e-7
6462	4.239990200960522e-7
6463	4.240208037471686e-7
6464	4.240395327881613e-7
6465	4.240621930219258e-7
6466	4.240705830507035e-7
6467	4.240800544706047e-7
6468	4.241023288498576e-7
6469	4.241281590378705e-7
6470	4.241456149231084e-7
6471	4.241584811673090e-7
6472	4.241736195078428e-7
6473	4.241880665175823e-7
6474	4.242003655638845e-7
6475	4.242053863614869e-7
6476	4.242418165176890e-7
6477	4.242457660632689e-7
6478	4.242781180305887e-7
6479	4.242904594577098e-7
6480	4.242953458897867e-7
6481	4.243197257188583e-7
6482	4.243476421676204e-7
6483	4.243612198781729e-7
6484	4.243652729267336e-7
6485	4.243761448245515e-7
6486	4.243917276611877e-7
6487	4.243967974254301e-7
6488	4.244162773716244e-7
6489	4.244225491167876e-7
6490	4.244323667939566e-7
6491	4.244671064153858e-7
6492	4.244856552784282e-7
6493	4.245067117049817e-7
6494	4.245213368799866e-7
6495	4.245368382839713e-7
6496	4.245667415777306e-7
6497	4.245733884035241e-7
6498	4.245855245019091e-7
6499	4.246071862632913e-7
6500	4.246125033226888e-7
6501	4.246399095620665e-7
6502	4.246408232024584e-7
6503	4.246523700407324e-7
6504	4.246656842742719e-7
6505	4.246903088941477e-7
6506	4.247184611599234e-7
6507	4.247287322001086e-7
6508	4.247331179591169e-7
6509	4.247389634202292e-7
6510	4.247777190195254e-7
6511	4.247896662288910e-7
6512	4.247936158978538e-7
6513	4.247975131313228e-7
6514	4.248220439719937e-7
6515	4.248326477525349e-7
6516	4.248499731842069e-7
6517	4.248645061895088e-7
6518	4.248788077807996e-7
6519	4.249150538720705e-7
6520	4.249303903794741e-7
6521	4.249471910990933e-7
6522	4.249586666481457e-7
6523	4.249661372719169e-7
6524	4.249836492676862e-7
6525	4.250073223313229e-7
6526	4.250276189126947e-7
6527	4.250426013979356e-7
6528	4.250500159219712e-7
6529	4.250694426316334e-7
6530	4.250810867816741e-7
6531	4.251168607176973e-7
6532	4.251297830920256e-7
6533	4.251465351334073e-7
6534	4.251479749229560e-7
6535	4.251592962161283e-7
6536	4.251846561582985e-7
6537	4.251981994601446e-7
6538	4.252120383527149e-7
6539	4.252325680278747e-7
6540	4.252428191215901e-7
6541	4.252731196097279e-7
6542	4.252867426304278e-7
6543	4.252997442242632e-7
6544	4.253091652928696e-7
6545	4.253224686519226e-7
6546	4.253441214099079e-7
6547	4.253705889277825e-7
6548	4.253806435824336e-7
6549	4.253972837041464e-7
6550	4.254073246023262e-7
6551	4.254254035312450e-7
6552	4.254339096837530e-7
6553	4.254446787377591e-7
6554	4.254718263386102e-7
6555	4.255004448388424e-7
6556	4.255100644365892e-7
6557	4.255318743471931e-7
6558	4.255487908935542e-7
6559	4.255625338377201e-7
6560	4.255753869715265e-7
6561	4.255852216634130e-7
6562	4.255921975679252e-7
6563	4.256088457102771e-7
6564	4.256396037757380e-7
6565	4.256473090323960e-7
6566	4.256548861292270e-7
6567	4.256990852354113e-7
6568	4.257072525084673e-7
6569	4.257208683642434e-7
6570	4.257483143195906e-7
6571	4.257503824488272e-7
6572	4.257742316193369e-7
6573	4.257939070199445e-7
6574	4.258019782759501e-7
6575	4.258145898263581e-7
6576	4.258213498210180e-7
6577	4.258479968689625e-7
6578	4.258741255745896e-7
6579	4.258865510904812e-7
6580	4.258886859945049e-7
6581	4.259096143580850e-7
6582	4.259165836709201e-7
6583	4.259280580886232e-7
6584	4.259472687829947e-7
6585	4.259738130528356e-7
6586	4.259948213194786e-7
6587	4.260163629159189e-7
6588	4.260316315717795e-7
6589	4.260502813171181e-7
6590	4.260742205819503e-7
6591	4.260978092172926e-7
6592	4.261131794617097e-7
6593	4.261271213682950e-7
6594	4.261388929022478e-7
6595	4.261570738109255e-7
6596	4.261812425760033e-7
6597	4.262085978290011e-7
6598	4.262276496699244e-7
6599	4.262441478575746e-7
6600	4.262710030596447e-7
6601	4.262719887632578e-7
6602	4.262962307319249e-7
6603	4.263231275399973e-7
6604	4.263341604508484e-7
6605	4.263676603635436e-7
6606	4.263935310144596e-7
6607	4.263995704000645e-7
6608	4.264130089727031e-7
6609	4.264241952186894e-7
6610	4.264313277305918e-7
6611	4.264578032858618e-7
6612	4.264698717281204e-7
6613	4.264764761085793e-7
6614	4.265260277620017e-7
6615	4.265440548168427e-7
6616	4.265652242993541e-7
6617	4.265849221426329e-7
6618	4.265902708626904e-7
6619	4.266288761352404e-7
6620	4.266459935074856e-7
6621	4.266539140354424e-7
6622	4.266716937371099e-7
6623	4.266838783201869e-7
6624	4.267248921765632e-7
6625	4.267377947517029e-7
6626	4.267456716224409e-7
6627	4.267604032870415e-7
6628	4.267865185212574e-7
6629	4.268050464884692e-7
6630	4.268180354558776e-7
6631	4.268389117839901e-7
6632	4.268542041873980e-7
6633	4.268551682222181e-7
6634	4.268741676684763e-7
6635	4.269012125274478e-7
6636	4.269259741924979e-7
6637	4.269537215729385e-7
6638	4.269778990823174e-7
6639	4.269941078092192e-7
6640	4.270157632707034e-7
6641	4.270405665728581e-7
6642	4.270660471684151e-7
6643	4.270774091470735e-7
6644	4.270953274351779e-7
6645	4.271134357552217e-7
6646	4.271211020041986e-7
6647	4.271402141076335e-7
6648	4.271461499159160e-7
6649	4.271814525820481e-7
6650	4.271990468467438e-7
6651	4.272224590409642e-7
6652	4.272269421668221e-7
6653	4.272558217637383e-7
6654	4.272720786637095e-7
6655	4.273041887832530e-7
6656	4.273171812354028e-7
6657	4.273263783595021e-7
6658	4.273399831980721e-7
6659	4.273649539123389e-7
6660	4.273921273810089e-7
6661	4.274136426650554e-7
6662	4.274240870208265e-7
6663	4.274418979792908e-7
6664	4.274666260962188e-7
6665	4.274812742407053e-7
6666	4.274855884412879e-7
6667	4.275268600116979e-7
6668	4.275608707921536e-7
6669	4.275764353454858e-7
6670	4.276093063111660e-7
6671	4.276367330801345e-7
6672	4.276471655694614e-7
6673	4.276763400208798e-7
6674	4.276965117559066e-7
6675	4.277141726929218e-7
6676	4.277296383788234e-7
6677	4.277510931005677e-7
6678	4.277570583731371e-7
6679	4.277667968009388e-7
6680	4.278137452640502e-7
6681	4.278169350800279e-7
6682	4.278348091507429e-7
6683	4.278689485822519e-7
6684	4.279090066185561e-7
6685	4.279193622123452e-7
6686	4.279271696591203e-7
6687	4.279804937720183e-7
6688	4.279955364440952e-7
6689	4.280135734075731e-7
6690	4.280532944684572e-7
6691	4.280627274542268e-7
6692	4.280968347323111e-7
6693	4.281089921656553e-7
6694	4.281190021619414e-7
6695	4.281350435442778e-7
6696	4.281653917185723e-7
6697	4.281724645916954e-7
6698	4.282010226722410e-7
6699	4.282164517394286e-7
6700	4.282193860188884e-7
6701	4.282332012868540e-7
6702	4.282712227108196e-7
6703	4.283084045467915e-7
6704	4.283134314760586e-7
6705	4.283422226649638e-7
6706	4.283752973250648e-7
6707	4.283810797446102e-7
6708	4.284016116865340e-7
6709	4.284342659560804e-7
6710	4.284552728600108e-7
6711	4.284764816533261e-7
6712	4.284920356012935e-7
6713	4.285049791162062e-7
6714	4.285476052487913e-7
6715	4.285687683765117e-7
6716	4.285797378183390e-7
6717	4.286202175583451e-7
6718	4.286467648815195e-7
6719	4.286602135534053e-7
6720	4.286821401408047e-7
6721	4.286915828081447e-7
6722	4.287029201325869e-7
6723	4.287411099176994e-7
6724	4.287593470226600e-7
6725	4.287948183276808e-7
6726	4.288155533393251e-7
6727	4.288240035532505e-7
6728	4.288484120861662e-7
6729	4.288719722297390e-7
6730	4.288881912641288e-7
6731	4.289051123436288e-7
6732	4.289091790156278e-7
6733	4.289406143073823e-7
6734	4.290009251774320e-7
6735	4.290105086598831e-7
6736	4.290367085545799e-7
6737	4.290649489105468e-7
6738	4.290990473614013e-7
6739	4.291105667793759e-7
6740	4.291180698107763e-7
6741	4.291493631888362e-7
6742	4.291552592634292e-7
6743	4.291813920070480e-7
6744	4.292141958431933e-7
6745	4.292226102074302e-7
6746	4.292538702877704e-7
6747	4.292870546592094e-7
6748	4.293253060284077e-7
6749	4.293392115950356e-7
6750	4.293504012215976e-7
6751	4.293791558979704e-7
6752	4.294033513117797e-7
6753	4.294480104201914e-7
6754	4.294662884814771e-7
6755	4.295167873051175e-7
6756	4.295231326896225e-7
6757	4.295455400102108e-7
6758	4.295718954034775e-7
6759	4.295982153505925e-7
6760	4.296419553818018e-7
6761	4.296539109490061e-7
6762	4.296816652144221e-7
6763	4.296921617036340e-7
6764	4.297174155735487e-7
6765	4.297450008845900e-7
6766	4.297554028311384e-7
6767	4.297669008544401e-7
6768	4.297928949514911e-7
6769	4.298246788838576e-7
6770	4.298399220079763e-7
6771	4.298641329717081e-7
6772	4.298959236822128e-7
6773	4.299496998047868e-7
6774	4.299725879398026e-7
6775	4.299890591149323e-7
6776	4.299948515842081e-7
6777	4.300229307423840e-7
6778	4.300498890682447e-7
6779	4.300576688121831e-7
6780	4.301132191577556e-7
6781	4.301311278832589e-7
6782	4.301480981038485e-7
6783	4.301583676643646e-7
6784	4.302074994462608e-7
6785	4.302530399337924e-7
6786	4.302618080949983e-7
6787	4.302960675548931e-7
6788	4.303411976907077e-7
6789	4.303616870150693e-7
6790	4.303816995921454e-7
6791	4.303884030356356e-7
6792	4.304295888234029e-7
6793	4.304612454995878e-7
6794	4.304883318059929e-7
6795	4.305258285884102e-7
6796	4.305754051950650e-7
6797	4.305800924373674e-7
6798	4.305941859300470e-7
6799	4.306259398529473e-7
6800	4.306385542918538e-7
6801	4.306836253470790e-7
6802	4.306989052932049e-7
6803	4.307410584862601e-7
6804	4.307791786891140e-7
6805	4.308005025010007e-7
6806	4.308197042474195e-7
6807	4.308323272582453e-7
6808	4.308651939073193e-7
6809	4.308855258164005e-7
6810	4.309711431519992e-7
6811	4.309847593082053e-7
6812	4.309938827849190e-7
6813	4.310043879219096e-7
6814	4.310410301040094e-7
6815	4.310514568192469e-7
6816	4.310895869980666e-7
6817	4.311302449500939e-7
6818	4.311471128671597e-7
6819	4.311913706190235e-7
6820	4.312432040129533e-7
6821	4.312567349856189e-7
6822	4.312687851116894e-7
6823	4.313218635913594e-7
6824	4.313361188694699e-7
6825	4.314015262056300e-7
6826	4.314084945472399e-7
6827	4.314437375373714e-7
6828	4.314654867865207e-7
6829	4.314918940135898e-7
6830	4.315371017302332e-7
6831	4.315691533553116e-7
6832	4.315873587276700e-7
6833	4.316362599447835e-7
6834	4.316469424047394e-7
6835	4.316846847390618e-7
6836	4.317156226325558e-7
6837	4.317229134638966e-7
6838	4.317786105212848e-7
6839	4.318283721900063e-7
6840	4.318358276336218e-7
6841	4.318846700242323e-7
6842	4.319108297469113e-7
6843	4.319431507360554e-7
6844	4.319454354830830e-7
6845	4.320280097525951e-7
6846	4.320473910434403e-7
6847	4.320753397668656e-7
6848	4.320995434639440e-7
6849	4.321159055645893e-7
6850	4.321435660334017e-7
6851	4.321507103475170e-7
6852	4.322152280275076e-7
6853	4.322435793546244e-7
6854	4.322565589400233e-7
6855	4.322874437324937e-7
6856	4.323292186720225e-7
6857	4.323693281897361e-7
6858	4.324246378069930e-7
6859	4.324420431213591e-7
6860	4.324799127119852e-7
6861	4.324968615842395e-7
6862	4.325116824444502e-7
6863	4.325811099675935e-7
6864	4.325958591103489e-7
6865	4.326675304543127e-7
6866	4.326886769990391e-7
6867	4.327181219585455e-7
6868	4.327331989948561e-7
6869	4.327718378389450e-7
6870	4.327992371285933e-7
6871	4.328363075595620e-7
6872	4.328497743608848e-7
6873	4.328957944677371e-7
6874	4.328981604644028e-7
6875	4.329887261122689e-7
6876	4.330129451892456e-7
6877	4.330328634460435e-7
6878	4.330646928455496e-7
6879	4.330864277240569e-7
6880	4.331385643645014e-7
6881	4.331589010094836e-7
6882	4.331923692975167e-7
6883	4.332224687133669e-7
6884	4.332757437218317e-7
6885	4.332957600913755e-7
6886	4.333291443167334e-7
6887	4.333617805221775e-7
6888	4.334024194969835e-7
6889	4.334231752221556e-7
6890	4.334596209648092e-7
6891	4.334831517586326e-7
6892	4.335337155097197e-7
6893	4.335574432829197e-7
6894	4.335793796203268e-7
6895	4.336487348913230e-7
6896	4.336629759128544e-7
6897	4.337193666500224e-7
6898	4.337376138290291e-7
6899	4.337473799814392e-7
6900	4.338282596573691e-7
6901	4.338447775854160e-7
6902	4.338783540645679e-7
6903	4.339126270644111e-7
6904	4.339791651384962e-7
6905	4.340109631778958e-7
6906	4.340363530044368e-7
6907	4.341114834419680e-7
6908	4.341192285334018e-7
6909	4.341475092299896e-7
6910	4.341834911482981e-7
6911	4.342139573123095e-7
6912	4.342675688140632e-7
6913	4.342798392031855e-7
6914	4.343034772520845e-7
6915	4.343426928398452e-7
6916	4.343799894010987e-7
6917	4.344022324905123e-7
6918	4.344659289848000e-7
6919	4.345101499288807e-7
6920	4.346100462513212e-7
6921	4.346324850767361e-7
6922	4.346491376423986e-7
6923	4.346728473687022e-7
6924	4.347169847920003e-7
6925	4.347697305025402e-7
6926	4.348263208661063e-7
6927	4.348509853591408e-7
6928	4.348551222828588e-7
6929	4.349265864187613e-7
6930	4.349470731215533e-7
6931	4.349962762344505e-7
6932	4.350335606496633e-7
6933	4.350686652745502e-7
6934	4.350762229727853e-7
6935	4.350967557308279e-7
6936	4.351717202109413e-7
6937	4.352248228149342e-7
6938	4.352806485974025e-7
6939	4.352813590337606e-7
6940	4.353100825991402e-7
6941	4.353560669509836e-7
6942	4.353791476609172e-7
6943	4.354192201091762e-7
6944	4.354348000027614e-7
6945	4.354814329603524e-7
6946	4.355346106758760e-7
6947	4.355792383696976e-7
6948	4.356083612814597e-7
6949	4.356430624194445e-7
6950	4.356964620243125e-7
6951	4.357159094659003e-7
6952	4.357817177294968e-7
6953	4.357893294963161e-7
6954	4.358501886361753e-7
6955	4.359026777546975e-7
6956	4.359218131531313e-7
6957	4.359584215108967e-7
6958	4.360043782849527e-7
6959	4.360407807386466e-7
6960	4.360760177486709e-7
6961	4.361332246930694e-7
6962	4.361495206876477e-7
6963	4.361748660044128e-7
6964	4.362030141412724e-7
6965	4.362573278636415e-7
6966	4.363358121846941e-7
6967	4.363854901024525e-7
6968	4.364212781423268e-7
6969	4.364788142411650e-7
6970	4.364851230946679e-7
6971	4.365141491331650e-7
6972	4.365397103069857e-7
6973	4.365947734840646e-7
6974	4.366665590827074e-7
6975	4.367204262731777e-7
6976	4.367682109411369e-7
6977	4.367941723900637e-7
6978	4.368043132417174e-7
6979	4.368836919197026e-7
6980	4.369223312974931e-7
6981	4.369718354776857e-7
6982	4.369957492922951e-7
6983	4.370235825483322e-7
6984	4.370587605743575e-7
6985	4.370880891576383e-7
6986	4.371671542900277e-7
6987	4.371747042945484e-7
6988	4.371967146546060e-7
6989	4.372166160284613e-7
6990	4.372731976875805e-7
6991	4.372955385901087e-7
6992	4.373565472003164e-7
6993	4.373943487477674e-7
6994	4.374528104613890e-7
6995	4.374879456828203e-7
6996	4.375321097234923e-7
6997	4.375396856322009e-7
6998	4.375973918847091e-7
6999	4.376828268375486e-7
7000	4.377475885256711e-7
7001	4.377623095835982e-7
7002	4.377902649535657e-7
7003	4.378225061193668e-7
7004	4.378419723322170e-7
7005	4.378835462192201e-7
7006	4.379264104059491e-7
7007	4.379878584349377e-7
7008	4.380392709950630e-7
7009	4.380595595778715e-7
7010	4.381278552281948e-7
7011	4.381636345523267e-7
7012	4.382072968832707e-7
7013	4.382277197370196e-7
7014	4.382571237362263e-7
7015	4.382787766444911e-7
7016	4.383136697915774e-7
7017	4.383955289128128e-7
7018	4.384415594065998e-7
7019	4.385065453525606e-7
7020	4.385361800085337e-7
7021	4.385624626297860e-7
7022	4.386273591450140e-7
7023	4.386543870608201e-7
7024	4.386858525842533e-7
7025	4.387236387945125e-7
7026	4.388103088048889e-7
7027	4.388247197545739e-7
7028	4.388864576613330e-7
7029	4.389206469138979e-7
7030	4.389547059613752e-7
7031	4.389986184495412e-7
7032	4.390236966156385e-7
7033	4.390555726336195e-7
7034	4.391636013858442e-7
7035	4.391980654731444e-7
7036	4.392139243714945e-7
7037	4.392445107889621e-7
7038	4.392697473035408e-7
7039	4.393208738323565e-7
7040	4.393420910680148e-7
7041	4.395014774554360e-7
7042	4.395291670854844e-7
7043	4.395448824670639e-7
7044	4.395687337338108e-7
7045	4.395891632922635e-7
7046	4.396556549067362e-7
7047	4.396953434016491e-7
7048	4.397388790883998e-7
7049	4.397805244238193e-7
7050	4.398077495156466e-7
7051	4.398704768845072e-7
7052	4.399550765897383e-7
7053	4.400034026129819e-7
7054	4.400138843901112e-7
7055	4.400397532489246e-7
7056	4.401160444369288e-7
7057	4.401242119604121e-7
7058	4.401751179516185e-7
7059	4.402077949104687e-7
7060	4.402392560997140e-7
7061	4.402961670003098e-7
7062	4.403329995047044e-7
7063	4.403520452447021e-7
7064	4.404603224625577e-7
7065	4.404768454859283e-7
7066	4.405461413897920e-7
7067	4.405707579187323e-7
7068	4.406357716829272e-7
7069	4.406627943912101e-7
7070	4.406959522153993e-7
7071	4.407043566592953e-7
7072	4.407469002085994e-7
7073	4.407818450825406e-7
7074	4.408171480306294e-7
7075	4.409018827693715e-7
7076	4.409316746841088e-7
7077	4.409537725274956e-7
7078	4.410126315805542e-7
7079	4.410440121878016e-7
7080	4.410967908696348e-7
7081	4.411278816684000e-7
7082	4.412221922010234e-7
7083	4.412388886596796e-7
7084	4.412784056538907e-7
7085	4.413469628364432e-7
7086	4.413790140007763e-7
7087	4.414408425452389e-7
7088	4.414901239200543e-7
7089	4.415261865457444e-7
7090	4.416146931297107e-7
7091	4.416343530797825e-7
7092	4.416904607391846e-7
7093	4.417019398225608e-7
7094	4.417462890486503e-7
7095	4.418024210448721e-7
7096	4.418290311674624e-7
7097	4.418681388906200e-7
7098	4.419210289109630e-7
7099	4.419764013294601e-7
7100	4.420170401329128e-7
7101	4.420595270784371e-7
7102	4.421291065951660e-7
7103	4.421842769895230e-7
7104	4.422217563862891e-7
7105	4.422537609172640e-7
7106	4.422888287634294e-7
7107	4.423629873538637e-7
7108	4.424046515078950e-7
7109	4.424427112468944e-7
7110	4.424922170015305e-7
7111	4.425178469199182e-7
7112	4.425369944450111e-7
7113	4.425796937093289e-7
7114	4.426574246472899e-7
7115	4.426832578100437e-7
7116	4.427199090789230e-7
7117	4.427319581640649e-7
7118	4.428137339663768e-7
7119	4.428412643163576e-7
7120	4.428819503247256e-7
7121	4.429269800242540e-7
7122	4.429870057645042e-7
7123	4.430240458227740e-7
7124	4.430543665382534e-7
7125	4.430915507711251e-7
7126	4.431163102716868e-7
7127	4.431842014295959e-7
7128	4.432005123726539e-7
7129	4.432569853975187e-7
7130	4.432955434146898e-7
7131	4.433171673012805e-7
7132	4.433691750442088e-7
7133	4.434131165575586e-7
7134	4.434524420892217e-7
7135	4.435043435420062e-7
7136	4.435461997769624e-7
7137	4.435876125764195e-7
7138	4.436321156182356e-7
7139	4.436896081257594e-7
7140	4.437020812592063e-7
7141	4.437762176487408e-7
7142	4.437899721099712e-7
7143	4.438500799635801e-7
7144	4.438654507596902e-7
7145	4.439405161513725e-7
7146	4.439899509199673e-7
7147	4.440292385621302e-7
7148	4.440890679835825e-7
7149	4.441105295019926e-7
7150	4.441383916191828e-7
7151	4.441732486848262e-7
7152	4.442416556421749e-7
7153	4.442881614798212e-7
7154	4.443412302680803e-7
7155	4.443766810579400e-7
7156	4.443936523810651e-7
7157	4.444307055400530e-7
7158	4.444875607998824e-7
7159	4.445641950885975e-7
7160	4.445843774648497e-7
7161	4.446295989946121e-7
7162	4.446432811727789e-7
7163	4.446763381576561e-7
7164	4.447478073230396e-7
7165	4.447901616094250e-7
7166	4.448282654560622e-7
7167	4.448618964025742e-7
7168	4.448801337784263e-7
7169	4.448992855364262e-7
7170	4.449647726442929e-7
7171	4.449672950156072e-7
7172	4.450037698585589e-7
7173	4.450450527365425e-7
7174	4.450969590772138e-7
7175	4.451272114230410e-7
7176	4.452257083884512e-7
7177	4.452752622700129e-7
7178	4.453159861332111e-7
7179	4.453807115763619e-7
7180	4.454199944653093e-7
7181	4.454665706201582e-7
7182	4.454870458368128e-7
7183	4.454966802539174e-7
7184	4.455780313927417e-7
7185	4.455874310156970e-7
7186	4.456160630388007e-7
7187	4.456734254654271e-7
7188	4.456897586106849e-7
7189	4.457725738265469e-7
7190	4.458106029026501e-7
7191	4.458131753932693e-7
7192	4.458509998927596e-7
7193	4.458945778021464e-7
7194	4.459385464474868e-7
7195	4.459791602330987e-7
7196	4.460153381172897e-7
7197	4.460495900416516e-7
7198	4.460658097905619e-7
7199	4.461189415775807e-7
7200	4.461871804299109e-7
7201	4.462370939213505e-7
7202	4.463093682128054e-7
7203	4.463202569223952e-7
7204	4.463374403217282e-7
7205	4.463602303762843e-7
7206	4.464463282043226e-7
7207	4.464920381004746e-7
7208	4.465404236330098e-7
7209	4.465666575738949e-7
7210	4.465835528172866e-7
7211	4.466501538389424e-7
7212	4.466915013509992e-7
7213	4.467556036217263e-7
7214	4.467923869242477e-7
7215	4.468362246803961e-7
7216	4.468710194471374e-7
7217	4.469417234718993e-7
7218	4.469487799637586e-7
7219	4.469868521133803e-7
7220	4.470254957240020e-7
7221	4.470858594448861e-7
7222	4.471264490775843e-7
7223	4.471467931971732e-7
7224	4.471525269845998e-7
7225	4.472114112161764e-7
7226	4.472564735166294e-7
7227	4.472874650616942e-7
7228	4.473100171302158e-7
7229	4.473921672996612e-7
7230	4.474672236245542e-7
7231	4.475054864816794e-7
7232	4.475514104884466e-7
7233	4.475626845987221e-7
7234	4.476020587312116e-7
7235	4.476645986595747e-7
7236	4.477113524584292e-7
7237	4.477278882956938e-7
7238	4.477932992832992e-7
7239	4.478218674272191e-7
7240	4.478311811570625e-7
7241	4.478789723723358e-7
7242	4.479773342068859e-7
7243	4.479908172537773e-7
7244	4.480287580860445e-7
7245	4.480452592723451e-7
7246	4.480813542905100e-7
7247	4.481112919345699e-7
7248	4.482135152647599e-7
7249	4.482498815992483e-7
7250	4.482998394197430e-7
7251	4.483079637308666e-7
7252	4.483196559216652e-7
7253	4.483983285848295e-7
7254	4.484238318374035e-7
7255	4.484817802501156e-7
7256	4.484947607186311e-7
7257	4.485372486270145e-7
7258	4.485907841820722e-7
7259	4.486088489009899e-7
7260	4.486446323058551e-7
7261	4.486677768287219e-7
7262	4.486946130225038e-7
7263	4.487189905940727e-7
7264	4.487583052914776e-7
7265	4.488224081080238e-7
7266	4.488676933213671e-7
7267	4.489258788957331e-7
7268	4.489607812172075e-7
7269	4.489946272588775e-7
7270	4.490719386117838e-7
7271	4.491130477247662e-7
7272	4.491448200659937e-7
7273	4.491639291279309e-7
7274	4.491673502493168e-7
7275	4.492139458113618e-7
7276	4.492958727366876e-7
7277	4.493110066383870e-7
7278	4.493287458049532e-7
7279	4.493504608307860e-7
7280	4.494109183999934e-7
7281	4.494319067534487e-7
7282	4.494590016727989e-7
7283	4.494845384379677e-7
7284	4.495553017128896e-7
7285	4.495672062454393e-7
7286	4.496363156128456e-7
7287	4.496661073779712e-7
7288	4.496743692012770e-7
7289	4.497030011702334e-7
7290	4.497943488645905e-7
7291	4.498210642603056e-7
7292	4.499012814953693e-7
7293	4.499376614931036e-7
7294	4.499730127659393e-7
7295	4.499876649245695e-7
7296	4.500193998767221e-7
7297	4.500870288959096e-7
7298	4.500979909977945e-7
7299	4.501615900773393e-7
7300	4.502158267621326e-7
7301	4.502401052539561e-7
7302	4.502906615977509e-7
7303	4.503152402425262e-7
7304	4.503464924610441e-7
7305	4.504064948946584e-7
7306	4.504573461565191e-7
7307	4.505218312801514e-7
7308	4.505302335516826e-7
7309	4.505385514029223e-7
7310	4.506219656742423e-7
7311	4.506442828991738e-7
7312	4.506616238903743e-7
7313	4.506954831776598e-7
7314	4.507356481518634e-7
7315	4.507683755233486e-7
7316	4.508235497514343e-7
7317	4.508571213524886e-7
7318	4.508848630732594e-7
7319	4.509314764138786e-7
7320	4.509929121052777e-7
7321	4.510182783738162e-7
7322	4.510407113410976e-7
7323	4.510916178564664e-7
7324	4.511140869102492e-7
7325	4.511559186405934e-7
7326	4.511909006021869e-7
7327	4.512065030454438e-7
7328	4.512496712294023e-7
7329	4.512953382849859e-7
7330	4.513693233132008e-7
7331	4.513767511738440e-7
7332	4.514032022674911e-7
7333	4.514663142400850e-7
7334	4.514808408437737e-7
7335	4.515584880523532e-7
7336	4.515864125862606e-7
7337	4.516214052330478e-7
7338	4.516382180429721e-7
7339	4.516730660310621e-7
7340	4.516993584977435e-7
7341	4.517445461519925e-7
7342	4.517905986415613e-7
7343	4.518229911013779e-7
7344	4.518773459842072e-7
7345	4.519003907576441e-7
7346	4.519198849062384e-7
7347	4.519954916652935e-7
7348	4.520100071889659e-7
7349	4.520524355163714e-7
7350	4.520576588643529e-7
7351	4.521022108737562e-7
7352	4.521556599917055e-7
7353	4.521670850962134e-7
7354	4.522048762891564e-7
7355	4.522797203142773e-7
7356	4.522906880564395e-7
7357	4.523436513082168e-7
7358	4.523533430351843e-7
7359	4.524304791625042e-7
7360	4.524581761780353e-7
7361	4.525282813465903e-7
7362	4.525552102076403e-7
7363	4.525914732575332e-7
7364	4.526302927169543e-7
7365	4.526465287231612e-7
7366	4.526777573841185e-7
7367	4.527232863594807e-7
7368	4.527600607759233e-7
7369	4.527967887390248e-7
7370	4.528099682712899e-7
7371	4.528682579740860e-7
7372	4.529298101610094e-7
7373	4.529559845278909e-7
7374	4.529899360461220e-7
7375	4.530384778294950e-7
7376	4.530574329979229e-7
7377	4.531220838207853e-7
7378	4.531430144208496e-7
7379	4.532016027829650e-7
7380	4.532175716658231e-7
7381	4.532724405754073e-7
7382	4.533092829967804e-7
7383	4.533493495401044e-7
7384	4.533953432329972e-7
7385	4.534273547481707e-7
7386	4.534766427803909e-7
7387	4.535497547672227e-7
7388	4.535831305025205e-7
7389	4.536024698600078e-7
7390	4.536612223723411e-7
7391	4.536753309175182e-7
7392	4.537453293888560e-7
7393	4.537707675135108e-7
7394	4.538071435587077e-7
7395	4.538603809351518e-7
7396	4.538780812508691e-7
7397	4.539383447061889e-7
7398	4.539822995362919e-7
7399	4.540153911525065e-7
7400	4.541046417418144e-7
7401	4.541306504567590e-7
7402	4.541543687669602e-7
7403	4.542117723889393e-7
7404	4.542439180955619e-7
7405	4.542757075181867e-7
7406	4.543458049236126e-7
7407	4.543667403809022e-7
7408	4.544372778462484e-7
7409	4.544917550529166e-7
7410	4.545117277059174e-7
7411	4.545271537747125e-7
7412	4.545859456079168e-7
7413	4.546156551602897e-7
7414	4.546712389410496e-7
7415	4.547107881780873e-7
7416	4.547401380908578e-7
7417	4.547779783383949e-7
7418	4.548241197685141e-7
7419	4.549040782340538e-7
7420	4.549649260212692e-7
7421	4.549863083625016e-7
7422	4.550486893037876e-7
7423	4.551175250655336e-7
7424	4.551381273299020e-7
7425	4.551512445722260e-7
7426	4.552134165661695e-7
7427	4.552344504253734e-7
7428	4.552803694305142e-7
7429	4.553122888090447e-7
7430	4.553203607965068e-7
7431	4.554120264679811e-7
7432	4.554296992665725e-7
7433	4.554508773301328e-7
7434	4.555666786921223e-7
7435	4.555917435908706e-7
7436	4.556558485941386e-7
7437	4.557126484086573e-7
7438	4.557365970859622e-7
7439	4.557829760315134e-7
7440	4.557939915505706e-7
7441	4.559033465765239e-7
7442	4.559281942089472e-7
7443	4.559754801888285e-7
7444	4.560015605160817e-7
7445	4.560342289158683e-7
7446	4.560796142893173e-7
7447	4.561564486358402e-7
7448	4.561961292778102e-7
7449	4.562503636935213e-7
7450	4.562751311479820e-7
7451	4.563259654001720e-7
7452	4.563343785153399e-7
7453	4.564250207023346e-7
7454	4.564843030267598e-7
7455	4.565237140271638e-7
7456	4.565642667375525e-7
7457	4.566175870542168e-7
7458	4.566381816560029e-7
7459	4.566794230386293e-7
7460	4.567356091169720e-7
7461	4.567818151642368e-7
7462	4.568259366132076e-7
7463	4.568773825588530e-7
7464	4.568972546300808e-7
7465	4.569954243823456e-7
7466	4.570243450417732e-7
7467	4.570369680307996e-7
7468	4.570550610150163e-7
7469	4.570969789477074e-7
7470	4.571581115442249e-7
7471	4.572260269104195e-7
7472	4.572672378128984e-7
7473	4.573206356796847e-7
7474	4.573862791548203e-7
7475	4.574279885627187e-7
7476	4.575135308673750e-7
7477	4.575787956112752e-7
7478	4.576134767517213e-7
7479	4.577074251285062e-7
7480	4.577306544927731e-7
7481	4.577796123680960e-7
7482	4.578028097250683e-7
7483	4.578571743160725e-7
7484	4.579174436705822e-7
7485	4.579433933946068e-7
7486	4.579846001089448e-7
7487	4.580326180960240e-7
7488	4.580997498063616e-7
7489	4.581084173828375e-7
7490	4.581760755522233e-7
7491	4.582257011764449e-7
7492	4.582682660472604e-7
7493	4.583788719732768e-7
7494	4.584073629620531e-7
7495	4.584510603561584e-7
7496	4.585286584251164e-7
7497	4.585788713916683e-7
7498	4.586070543977233e-7
7499	4.586248195425100e-7
7500	4.587410810598728e-7
7501	4.587679721238169e-7
7502	4.588138787651156e-7
7503	4.588334898950594e-7
7504	4.589158304894163e-7
7505	4.589556805018984e-7
7506	4.590048648574623e-7
7507	4.590369508515206e-7
7508	4.591317307099178e-7
7509	4.591502464158564e-7
7510	4.592446974750566e-7
7511	4.592719212906328e-7
7512	4.593013806935854e-7
7513	4.593427535172991e-7
7514	4.594874451229950e-7
7515	4.595038863060037e-7
7516	4.595876411909064e-7
7517	4.596212187799648e-7
7518	4.597167896125724e-7
7519	4.597465950811673e-7
7520	4.597615989724982e-7
7521	4.598236312084340e-7
7522	4.598358047810504e-7
7523	4.599146259504655e-7
7524	4.599538145269818e-7
7525	4.600162575794113e-7
7526	4.600774883979431e-7
7527	4.601355901333563e-7
7528	4.601668347502146e-7
7529	4.602885487887250e-7
7530	4.603547776216060e-7
7531	4.604044898602807e-7
7532	4.604422536088671e-7
7533	4.605001172397359e-7
7534	4.605208800010958e-7
7535	4.606063174976258e-7
7536	4.606457083318344e-7
7537	4.606817939891532e-7
7538	4.607251746716257e-7
7539	4.607970381098834e-7
7540	4.608385061931278e-7
7541	4.609006257039179e-7
7542	4.609678518416870e-7
7543	4.610350982820420e-7
7544	4.610483043874134e-7
7545	4.611162253701518e-7
7546	4.611812854686020e-7
7547	4.612419873361271e-7
7548	4.612553341085568e-7
7549	4.613040384861709e-7
7550	4.613797848790792e-7
7551	4.614349632178993e-7
7552	4.615277988215283e-7
7553	4.615434125890741e-7
7554	4.616093223894794e-7
7555	4.616900506820652e-7
7556	4.617434505006523e-7
7557	4.617675764819217e-7
7558	4.618446123165743e-7
7559	4.618540287728344e-7
7560	4.619706082547080e-7
7561	4.620975205062835e-7
7562	4.621238446121066e-7
7563	4.621599955375662e-7
7564	4.621829959597803e-7
7565	4.622558731237283e-7
7566	4.623215725377058e-7
7567	4.624058674483091e-7
7568	4.624639795260902e-7
7569	4.625125263269838e-7
7570	4.625835573287403e-7
7571	4.626076954920210e-7
7572	4.627071918402556e-7
7573	4.627607322633907e-7
7574	4.628456578594182e-7
7575	4.629127707022848e-7
7576	4.629434850286993e-7
7577	4.629827886808844e-7
7578	4.630555066460912e-7
7579	4.631357134496899e-7
7580	4.631560600875828e-7
7581	4.633087512194607e-7
7582	4.633200410603349e-7
7583	4.633565195731068e-7
7584	4.634052393195423e-7
7585	4.635691856654987e-7
7586	4.635996360429534e-7
7587	4.636560410347974e-7
7588	4.636831319513565e-7
7589	4.637863070012304e-7
7590	4.638398417152423e-7
7591	4.639115735085604e-7
7592	4.639405358439278e-7
7593	4.639906118453742e-7
7594	4.640738118808010e-7
7595	4.641002700131997e-7
7596	4.642015611979824e-7
7597	4.642594033004195e-7
7598	4.643071811082481e-7
7599	4.643421539908094e-7
7600	4.643808812332778e-7
7601	4.644435284162042e-7
7602	4.644872759304636e-7
7603	4.645552677105559e-7
7604	4.645802931364675e-7
7605	4.646229131122859e-7
7606	4.647080623338151e-7
7607	4.648218369557703e-7
7608	4.648281968221211e-7
7609	4.649043878488888e-7
7610	4.650471319735434e-7
7611	4.651065363419114e-7
7612	4.651585285655195e-7
7613	4.652403226607789e-7
7614	4.653442667599837e-7
7615	4.653970088780273e-7
7616	4.654986916798604e-7
7617	4.655491139129621e-7
7618	4.655994839872803e-7
7619	4.656977276419960e-7
7620	4.657265259172750e-7
7621	4.658380353405249e-7
7622	4.658458048661819e-7
7623	4.658750242940863e-7
7624	4.659753749111495e-7
7625	4.660574715429661e-7
7626	4.661182781987016e-7
7627	4.661711201734529e-7
7628	4.662020155288930e-7
7629	4.662950631792726e-7
7630	4.663109959521946e-7
7631	4.664195647638963e-7
7632	4.664592481989111e-7
7633	4.665304805088280e-7
7634	4.666134795135334e-7
7635	4.666921483241080e-7
7636	4.667063313111798e-7
7637	4.668112694565335e-7
7638	4.668657566858095e-7
7639	4.669113698255711e-7
7640	4.670172853853858e-7
7641	4.670474486665671e-7
7642	4.671180078134731e-7
7643	4.671509630208400e-7
7644	4.673003729650956e-7
7645	4.673220425799084e-7
7646	4.673706196255329e-7
7647	4.674209275699106e-7
7648	4.674945768571448e-7
7649	4.676011135402456e-7
7650	4.676196419880966e-7
7651	4.677027601708031e-7
7652	4.677814543384727e-7
7653	4.678677300141045e-7
7654	4.678857313240342e-7
7655	4.679232541843351e-7
7656	4.680082449342362e-7
7657	4.682112768427504e-7
7658	4.682916930680076e-7
7659	4.683013369030903e-7
7660	4.683732116117999e-7
7661	4.683859951630376e-7
7662	4.685190094045220e-7
7663	4.685372320430713e-7
7664	4.686438640243735e-7
7665	4.686609948074077e-7
7666	4.687807728475673e-7
7667	4.687934543077140e-7
7668	4.688739130704373e-7
7669	4.688897063658985e-7
7670	4.689449579117464e-7
7671	4.690388644539127e-7
7672	4.691670938646430e-7
7673	4.691786274853670e-7
7674	4.692322442895799e-7
7675	4.693253145101778e-7
7676	4.694635569605940e-7
7677	4.695178262966948e-7
7678	4.695778882508609e-7
7679	4.696569719028115e-7
7680	4.696874528079720e-7
7681	4.697231633407058e-7
7682	4.697666600910035e-7
7683	4.698310586841609e-7
7684	4.699057072301918e-7
7685	4.699491639778185e-7
7686	4.699601182351188e-7
7687	4.700506777081852e-7
7688	4.701316060569117e-7
7689	4.702240807635637e-7
7690	4.702396489661848e-7
7691	4.702658388757415e-7
7692	4.704344209798460e-7
7693	4.704968107381084e-7
7694	4.705888866253224e-7
7695	4.707000076751989e-7
7696	4.707148951852070e-7
7697	4.707673554482606e-7
7698	4.708292328646934e-7
7699	4.709368866093731e-7
7700	4.709843720339754e-7
7701	4.710421134771659e-7
7702	4.711225579494597e-7
7703	4.711698693661596e-7
7704	4.712380631728213e-7
7705	4.713039393646429e-7
7706	4.713693741375120e-7
7707	4.713990589746595e-7
7708	4.715031417993497e-7
7709	4.716618563088456e-7
7710	4.717156429333475e-7
7711	4.717444434299479e-7
7712	4.718150777107744e-7
7713	4.718571117281869e-7
7714	4.719359550770538e-7
7715	4.719946551626823e-7
7716	4.721043121718168e-7
7717	4.721368717817738e-7
7718	4.722575369218416e-7
7719	4.722771059445201e-7
7720	4.723236867246508e-7
7721	4.723945968397403e-7
7722	4.724348441143971e-7
7723	4.725012746156838e-7
7724	4.725989921550155e-7
7725	4.726795157020637e-7
7726	4.727003201873750e-7
7727	4.727490882190894e-7
7728	4.727996950485128e-7
7729	4.729135113488016e-7
7730	4.729704197018004e-7
7731	4.731196688395398e-7
7732	4.731853427451893e-7
7733	4.732218389780243e-7
7734	4.732999097734716e-7
7735	4.733239653063279e-7
7736	4.734112889964345e-7
7737	4.734322010298400e-7
7738	4.734912358224595e-7
7739	4.736272357940444e-7
7740	4.736586432119754e-7
7741	4.737560972491819e-7
7742	4.738139768860701e-7
7743	4.739193568398809e-7
7744	4.739979230918970e-7
7745	4.740171549694101e-7
7746	4.740909003731308e-7
7747	4.741169212608729e-7
7748	4.741521236866096e-7
7749	4.742109424306688e-7
7750	4.742882704011566e-7
7751	4.743734048046012e-7
7752	4.744136530097645e-7
7753	4.744571888327981e-7
7754	4.745340248231862e-7
7755	4.746971157508407e-7
7756	4.747763074403873e-7
7757	4.748658374482447e-7
7758	4.749175462693723e-7
7759	4.749403993612204e-7
7760	4.749681806528433e-7
7761	4.750354781577461e-7
7762	4.750821475666408e-7
7763	4.751843949990380e-7
7764	4.752444271190318e-7
7765	4.753315742680682e-7
7766	4.753717040808592e-7
7767	4.754589075126111e-7
7768	4.755281516828790e-7
7769	4.755610151588502e-7
7770	4.755760067819358e-7
7771	4.756484984835279e-7
7772	4.756827528177921e-7
7773	4.758250521379102e-7
7774	4.758772752060234e-7
7775	4.760162133615230e-7
7776	4.761306918588166e-7
7777	4.761475311170911e-7
7778	4.762081317671036e-7
7779	4.762463181775158e-7
7780	4.762773861042771e-7
7781	4.763977926738042e-7
7782	4.764121412066841e-7
7783	4.764711120137678e-7
7784	4.766368328995158e-7
7785	4.766750537697677e-7
7786	4.766930442422260e-7
7787	4.767337740775366e-7
7788	4.767869413760619e-7
7789	4.768377335096731e-7
7790	4.769835201965350e-7
7791	4.770479537722896e-7
7792	4.770968907464242e-7
7793	4.771804978207903e-7
7794	4.772490090074396e-7
7795	4.773067119977454e-7
7796	4.773282791115619e-7
7797	4.773786890625819e-7
7798	4.774712814524146e-7
7799	4.775035526395039e-7
7800	4.775167113839112e-7
7801	4.776693197659742e-7
7802	4.776961350037050e-7
7803	4.777861670781369e-7
7804	4.779109297856159e-7
7805	4.779676838632864e-7
7806	4.779928353216476e-7
7807	4.780876381550008e-7
7808	4.781021778246338e-7
7809	4.781521132079132e-7
7810	4.782285538967084e-7
7811	4.782915719563414e-7
7812	4.783468967479605e-7
7813	4.784846170603654e-7
7814	4.785058662342448e-7
7815	4.786548311981368e-7
7816	4.787314351658325e-7
7817	4.787374536957643e-7
7818	4.787735172070956e-7
7819	4.788603073054800e-7
7820	4.789402603788895e-7
7821	4.789695048197498e-7
7822	4.790119934949523e-7
7823	4.790616672664156e-7
7824	4.791100272200362e-7
7825	4.792115884464575e-7
7826	4.792586279393117e-7
7827	4.793186977820574e-7
7828	4.794048662551717e-7
7829	4.794852902897729e-7
7830	4.795346491878888e-7
7831	4.795722295950693e-7
7832	4.797158075958937e-7
7833	4.798336152625318e-7
7834	4.798641000047493e-7
7835	4.799031980380630e-7
7836	4.799540956868583e-7
7837	4.799655235488981e-7
7838	4.800872797265804e-7
7839	4.802201715514500e-7
7840	4.802514941154332e-7
7841	4.803315163014230e-7
7842	4.803483159310450e-7
7843	4.804956221730354e-7
7844	4.805287862905429e-7
7845	4.806476080479584e-7
7846	4.806653283305510e-7
7847	4.807505554943665e-7
7848	4.808085399888161e-7
7849	4.808452147118347e-7
7850	4.808880602376328e-7
7851	4.810191423605950e-7
7852	4.810750003719312e-7
7853	4.811050873512771e-7
7854	4.811468042706499e-7
7855	4.812442636499865e-7
7856	4.813299346495886e-7
7857	4.813481824290212e-7
7858	4.814080846041300e-7
7859	4.814829020807018e-7
7860	4.815664741493748e-7
7861	4.815853991709524e-7
7862	4.817309869897656e-7
7863	4.818028186239017e-7
7864	4.818097536776878e-7
7865	4.819266997560685e-7
7866	4.819850827602529e-7
7867	4.820233699711719e-7
7868	4.820975711705631e-7
7869	4.821342527526147e-7
7870	4.822246628598971e-7
7871	4.822823234743238e-7
7872	4.823417305386830e-7
7873	4.824047916717595e-7
7874	4.824777808941200e-7
7875	4.825087866920927e-7
7876	4.825383569415172e-7
7877	4.826140048224946e-7
7878	4.826933553686012e-7
7879	4.827124119360732e-7
7880	4.828271817425279e-7
7881	4.828968255170948e-7
7882	4.829374130376405e-7
7883	4.830429468065620e-7
7884	4.831018562423983e-7
7885	4.831107520848185e-7
7886	4.832272880197854e-7
7887	4.832850046202405e-7
7888	4.833274266445027e-7
7889	4.834734428999787e-7
7890	4.834833799859247e-7
7891	4.835109254342790e-7
7892	4.835553297836919e-7
7893	4.836308536907031e-7
7894	4.836829998472798e-7
7895	4.837550777396818e-7
7896	4.838662918815763e-7
7897	4.838845072141460e-7
7898	4.839479709489610e-7
7899	4.840638009070844e-7
7900	4.841252831215976e-7
7901	4.841800004803362e-7
7902	4.842846759371800e-7
7903	4.843454020913612e-7
7904	4.843989304833996e-7
7905	4.844487007123065e-7
7906	4.845057269139287e-7
7907	4.845294498915162e-7
7908	4.846125122464972e-7
7909	4.846859719145186e-7
7910	4.847231895201539e-7
7911	4.848181368055068e-7
7912	4.848432545280486e-7
7913	4.849230404886129e-7
7914	4.849703295901704e-7
7915	4.849927626890829e-7
7916	4.851066457503391e-7
7917	4.851734061746429e-7
7918	4.852399722508022e-7
7919	4.853277495825483e-7
7920	4.854165967933102e-7
7921	4.854548318000190e-7
7922	4.854788519665704e-7
7923	4.855207461249370e-7
7924	4.855551960030388e-7
7925	4.856694791243237e-7
7926	4.857827472415583e-7
7927	4.858203128862786e-7
7928	4.858342315236829e-7
7929	4.858683300090548e-7
7930	4.859180923372356e-7
7931	4.860000965167959e-7
7932	4.860385602762162e-7
7933	4.860921627203822e-7
7934	4.861267515149584e-7
7935	4.861591124205425e-7
7936	4.862707799453737e-7
7937	4.862993276652210e-7
7938	4.864262528426528e-7
7939	4.864454883300785e-7
7940	4.865547708519797e-7
7941	4.866419719434913e-7
7942	4.866561278147456e-7
7943	4.867145895139957e-7
7944	4.868007241147506e-7
7945	4.868850197758228e-7
7946	4.869309694365460e-7
7947	4.869914562810211e-7
7948	4.870558372543755e-7
7949	4.870598910768973e-7
7950	4.871673211881889e-7
7951	4.872874012004899e-7
7952	4.873344760596988e-7
7953	4.874546284057392e-7
7954	4.875153692420994e-7
7955	4.875470192085580e-7
7956	4.876178042164884e-7
7957	4.876391886247709e-7
7958	4.877362055235118e-7
7959	4.877600508731228e-7
7960	4.877951689870984e-7
7961	4.878544649502183e-7
7962	4.879546868401103e-7
7963	4.879649979836420e-7
7964	4.880556110169294e-7
7965	4.881717107324847e-7
7966	4.882038873485801e-7
7967	4.882616261711940e-7
7968	4.883860517774621e-7
7969	4.884225640173082e-7
7970	4.884664758720475e-7
7971	4.884880551428158e-7
7972	4.886245316776582e-7
7973	4.886506113677007e-7
7974	4.887469204199759e-7
7975	4.888142531983815e-7
7976	4.888686436328944e-7
7977	4.889853938230358e-7
7978	4.890588601508603e-7
7979	4.890955031645357e-7
7980	4.891252491185522e-7
7981	4.892164822878767e-7
7982	4.892872175003266e-7
7983	4.893231324448603e-7
7984	4.894293829724037e-7
7985	4.894953311599770e-7
7986	4.895414825295916e-7
7987	4.896313515787805e-7
7988	4.896939878874137e-7
7989	4.897167726262026e-7
7990	4.897550657359499e-7
7991	4.897875804492341e-7
7992	4.898389213344074e-7
7993	4.899314094301535e-7
7994	4.900566242688442e-7
7995	4.900628654550457e-7
7996	4.901171586513719e-7
7997	4.902803052249225e-7
7998	4.903100499392094e-7
7999	4.904074303395149e-7
8000	4.904209291928861e-7
8001	4.904979507847950e-7
8002	4.906101336862199e-7
8003	4.906565909731100e-7
8004	4.907136683167470e-7
8005	4.907866523815751e-7
8006	4.908515044378376e-7
8007	4.908835869887499e-7
8008	4.909620443013197e-7
8009	4.910120069473803e-7
8010	4.910612785047760e-7
8011	4.911755824386302e-7
8012	4.912562703402148e-7
8013	4.912948947970905e-7
8014	4.913835774577178e-7
8015	4.914580850662329e-7
8016	4.915202319580229e-7
8017	4.915307711095961e-7
8018	4.915770610134347e-7
8019	4.916814006772152e-7
8020	4.916965305579796e-7
8021	4.917673671902056e-7
8022	4.918756832983101e-7
8023	4.919006984716421e-7
8024	4.919929151977185e-7
8025	4.920420932916541e-7
8026	4.921307505528574e-7
8027	4.921518289086056e-7
8028	4.923039944615195e-7
8029	4.923488284275205e-7
8030	4.924382252324299e-7
8031	4.924617192290707e-7
8032	4.925102575374638e-7
8033	4.926135616639086e-7
8034	4.926937900872704e-7
8035	4.927248016105627e-7
8036	4.928306526976919e-7
8037	4.929682430578615e-7
8038	4.930097177042007e-7
8039	4.930391910001005e-7
8040	4.930498457310908e-7
8041	4.930959352590446e-7
8042	4.931625641069102e-7
8043	4.932369151991482e-7
8044	4.933007874755268e-7
8045	4.933228156204963e-7
8046	4.934522988549427e-7
8047	4.934897883090410e-7
8048	4.935230557748544e-7
8049	4.936188864611313e-7
8050	4.936893818424706e-7
8051	4.938554119519863e-7
8052	4.938713000878480e-7
8053	4.939390806319062e-7
8054	4.939692344190755e-7
8055	4.940552899647575e-7
8056	4.941202539638255e-7
8057	4.941766389653108e-7
8058	4.942343744288741e-7
8059	4.943075776082687e-7
8060	4.943118216189967e-7
8061	4.943854269829808e-7
8062	4.945211769059889e-7
8063	4.945882655218456e-7
8064	4.946149967600510e-7
8065	4.946519492708259e-7
8066	4.947833176670056e-7
8067	4.948119087625651e-7
8068	4.948310440880442e-7
8069	4.949675062675630e-7
8070	4.950208612195082e-7
8071	4.950558046534548e-7
8072	4.951024152895674e-7
8073	4.951467627180337e-7
8074	4.952588694833748e-7
8075	4.954077573981207e-7
8076	4.954640319013218e-7
8077	4.955403212832121e-7
8078	4.956012490089604e-7
8079	4.956216495256065e-7
8080	4.957545643694368e-7
8081	4.957632196991306e-7
8082	4.958102969838986e-7
8083	4.959461116207092e-7
8084	4.959885397794116e-7
8085	4.960381071190307e-7
8086	4.960687255359884e-7
8087	4.961288056345414e-7
8088	4.961857612296445e-7
8089	4.962104922611361e-7
8090	4.962875363321265e-7
8091	4.964366526825788e-7
8092	4.964747202504009e-7
8093	4.964965442288463e-7
8094	4.965998003124283e-7
8095	4.966166022643615e-7
8096	4.966546184745101e-7
8097	4.968176365216989e-7
8098	4.969029988482735e-7
8099	4.969423681019378e-7
8100	4.969784776806868e-7
8101	4.970614714616485e-7
8102	4.970840410113444e-7
8103	4.971763688152111e-7
8104	4.972679710914104e-7
8105	4.972808498634255e-7
8106	4.973404313537655e-7
8107	4.973797817788634e-7
8108	4.974856739410371e-7
8109	4.975246658342921e-7
8110	4.975706039815527e-7
8111	4.976385600626398e-7
8112	4.977527365509901e-7
8113	4.978442149968503e-7
8114	4.978588190891276e-7
8115	4.979425648276652e-7
8116	4.979630169633030e-7
8117	4.980600790549728e-7
8118	4.981137295661934e-7
8119	4.982277642946159e-7
8120	4.982439922110308e-7
8121	4.983413035351240e-7
8122	4.983728802189476e-7
8123	4.984108603986751e-7
8124	4.984828899027404e-7
8125	4.985448953545404e-7
8126	4.986473042626762e-7
8127	4.987137841430690e-7
8128	4.988089460355316e-7
8129	4.988342167965339e-7
8130	4.988781830078535e-7
8131	4.990548022297806e-7
8132	4.990991726094514e-7
8133	4.991567648652023e-7
8134	4.992259195889876e-7
8135	4.992849494176456e-7
8136	4.993389025802380e-7
8137	4.993725988642476e-7
8138	4.994321510119411e-7
8139	4.994571401400649e-7
8140	4.995134437055856e-7
8141	4.995862847371151e-7
8142	4.996094595583899e-7
8143	4.998257560427660e-7
8144	4.998606062122326e-7
8145	4.999024530057867e-7
8146	5.000149688979008e-7
8147	5.000528866656129e-7
8148	5.000872383633234e-7
8149	5.001625881331930e-7
8150	5.002181026510872e-7
8151	5.003319381406312e-7
8152	5.004077920051491e-7
8153	5.004417876850983e-7
8154	5.004689621756186e-7
8155	5.006130861507928e-7
8156	5.006533752778578e-7
8157	5.007228782417776e-7
8158	5.007865973420274e-7
8159	5.008272943801625e-7
8160	5.008517019210735e-7
8161	5.008615651470834e-7
8162	5.010739366983483e-7
8163	5.011577343522493e-7
8164	5.012070238925766e-7
8165	5.012676745019197e-7
8166	5.013269087787271e-7
8167	5.014513197368126e-7
8168	5.015005400179904e-7
8169	5.015965377010908e-7
8170	5.016439464130485e-7
8171	5.016732820256716e-7
8172	5.017479244717653e-7
8173	5.017650087344992e-7
8174	5.018987879371560e-7
8175	5.019275260067052e-7
8176	5.019458378153599e-7
8177	5.020205366334903e-7
8178	5.020766949999795e-7
8179	5.021366404418794e-7
8180	5.022295802497608e-7
8181	5.022978337056123e-7
8182	5.023333931349593e-7
8183	5.024743679441733e-7
8184	5.025635294197833e-7
8185	5.026758514624043e-7
8186	5.027309024397718e-7
8187	5.027941916146798e-7
8188	5.028865447410101e-7
8189	5.029313886364152e-7
8190	5.029616405483843e-7
8191	5.029981379655544e-7
8192	5.030729254787293e-7
8193	5.031183969860638e-7
8194	5.031913594046882e-7
8195	5.032928807736159e-7
8196	5.033111743662484e-7
8197	5.034564438844560e-7
8198	5.035190611405200e-7
8199	5.035634929952087e-7
8200	5.036427268564449e-7
8201	5.037243180055423e-7
8202	5.037967647103285e-7
8203	5.038118970255670e-7
8204	5.038991185699417e-7
8205	5.039722425358632e-7
8206	5.040276898311135e-7
8207	5.040840976430423e-7
8208	5.041328492828781e-7
8209	5.042389652332703e-7
8210	5.042562484979366e-7
8211	5.043299162118771e-7
8212	5.043765900288803e-7
8213	5.044845480289814e-7
8214	5.045072164120084e-7
8215	5.045753265017785e-7
8216	5.047281168800206e-7
8217	5.047473050438943e-7
8218	5.048350579608109e-7
8219	5.049409901515186e-7
8220	5.049787733149884e-7
8221	5.050249631559552e-7
8222	5.050544779277736e-7
8223	5.051254005732895e-7
8224	5.052548289805214e-7
8225	5.053849343031674e-7
8226	5.054470679735707e-7
8227	5.054656632507517e-7
8228	5.054780827303845e-7
8229	5.056134421623289e-7
8230	5.057287135977239e-7
8231	5.057547475498802e-7
8232	5.058379366754090e-7
8233	5.058615399104102e-7
8234	5.059050412970790e-7
8235	5.059427856893423e-7
8236	5.060614273585302e-7
8237	5.061034438495171e-7
8238	5.061720709267115e-7
8239	5.062302942619710e-7
8240	5.062800391432607e-7
8241	5.063356808643053e-7
8242	5.064213931408535e-7
8243	5.064696336794731e-7
8244	5.065122129182510e-7
8245	5.065789646462461e-7
8246	5.066048944188356e-7
8247	5.067700055997118e-7
8248	5.068080976959438e-7
8249	5.068416704154543e-7
8250	5.069024594658166e-7
8251	5.069928748928871e-7
8252	5.070867840585756e-7
8253	5.071183216683610e-7
8254	5.071413394069756e-7
8255	5.072303328141322e-7
8256	5.072515442629519e-7
8257	5.073186189543245e-7
8258	5.074089528120488e-7
8259	5.075058478778652e-7
8260	5.075222552703744e-7
8261	5.076310977196983e-7
8262	5.076407443298262e-7
8263	5.077431840886084e-7
8264	5.077576751317463e-7
8265	5.078873677535581e-7
8266	5.079666292148377e-7
8267	5.079797256353293e-7
8268	5.080401996399464e-7
8269	5.080419038549448e-7
8270	5.081856315891139e-7
8271	5.082214133390317e-7
8272	5.082436214981585e-7
8273	5.083062718111444e-7
8274	5.083543433193704e-7
8275	5.084312634061932e-7
8276	5.085017824961543e-7
8277	5.085349570011233e-7
8278	5.086527277833332e-7
8279	5.087136342352112e-7
8280	5.088035989124391e-7
8281	5.088979564250980e-7
8282	5.089388177051387e-7
8283	5.089634808371712e-7
8284	5.090117472864163e-7
8285	5.090880720788535e-7
8286	5.091605225972368e-7
8287	5.092219546451852e-7
8288	5.092808417448010e-7
8289	5.093805042738192e-7
8290	5.094004444472952e-7
8291	5.094251521232143e-7
8292	5.095273766336084e-7
8293	5.095883750358504e-7
8294	5.096651180806824e-7
8295	5.097368995517894e-7
8296	5.098037516415122e-7
8297	5.098561473308063e-7
8298	5.098958334592930e-7
8299	5.099319193333990e-7
8300	5.099972182249441e-7
8301	5.101019005544249e-7
8302	5.101890411334559e-7
8303	5.102558151288125e-7
8304	5.103566187822007e-7
8305	5.104334751267419e-7
8306	5.104638787220889e-7
8307	5.104692607171847e-7
8308	5.105920383494262e-7
8309	5.106669151357486e-7
8310	5.107555370152938e-7
8311	5.107898292070387e-7
8312	5.108422396883917e-7
8313	5.109033754932830e-7
8314	5.110337099786603e-7
8315	5.111444903220422e-7
8316	5.111892111953323e-7
8317	5.112297058968050e-7
8318	5.112593639305914e-7
8319	5.113063283522371e-7
8320	5.114579266039938e-7
8321	5.114949335683368e-7
8322	5.115755111309051e-7
8323	5.116156764604247e-7
8324	5.116983504692284e-7
8325	5.117539275300523e-7
8326	5.118336552117075e-7
8327	5.118735328030875e-7
8328	5.119608536305279e-7
8329	5.119898972646766e-7
8330	5.120104137044201e-7
8331	5.121247446323375e-7
8332	5.121814932659359e-7
8333	5.122518549782445e-7
8334	5.122973461264565e-7
8335	5.123386329707345e-7
8336	5.124223680206574e-7
8337	5.125256065121819e-7
8338	5.125347074410509e-7
8339	5.126280479732218e-7
8340	5.126409282955485e-7
8341	5.127564377400443e-7
8342	5.128135260625657e-7
8343	5.128767872366050e-7
8344	5.129136232919813e-7
8345	5.129654714346468e-7
8346	5.130262621314164e-7
8347	5.130630068226259e-7
8348	5.130900858514231e-7
8349	5.132004241435064e-7
8350	5.132746966212257e-7
8351	5.133218533562536e-7
8352	5.133533738253973e-7
8353	5.134387455600571e-7
8354	5.134969292148179e-7
8355	5.135362466566335e-7
8356	5.136370582785731e-7
8357	5.136918952646564e-7
8358	5.137809542229611e-7
8359	5.138109361236528e-7
8360	5.139069159221767e-7
8361	5.139475517257488e-7
8362	5.139935409591886e-7
8363	5.140120449918727e-7
8364	5.140964421865246e-7
8365	5.141221955597458e-7
8366	5.142200987208946e-7
8367	5.142424498223829e-7
8368	5.142830454950750e-7
8369	5.143526843177989e-7
8370	5.143849346566619e-7
8371	5.144240239489984e-7
8372	5.145076342405572e-7
8373	5.146205424500132e-7
8374	5.146953948630112e-7
8375	5.147584292256399e-7
8376	5.147982852698184e-7
8377	5.148378734430180e-7
8378	5.148899581292068e-7
8379	5.149171687144557e-7
8380	5.150597658082505e-7
8381	5.151034747058772e-7
8382	5.151398832538953e-7
8383	5.151991734304890e-7
8384	5.152091296983591e-7
8385	5.153113723724533e-7
8386	5.153542862353917e-7
8387	5.153730674303492e-7
8388	5.154650425375506e-7
8389	5.155692387617051e-7
8390	5.156025650064314e-7
8391	5.156533640784994e-7
8392	5.157079264265695e-7
8393	5.157414780846727e-7
8394	5.158620218043946e-7
8395	5.159633369051791e-7
8396	5.160065562238745e-7
8397	5.160353991454246e-7
8398	5.160530057465576e-7
8399	5.161076486717338e-7
8400	5.161581080039042e-7
8401	5.162047808395885e-7
8402	5.162804815826757e-7
8403	5.162969779956572e-7
8404	5.164300487502838e-7
8405	5.164511109936250e-7
8406	5.165356023029078e-7
8407	5.166421284916509e-7
8408	5.166859535218728e-7
8409	5.167522586200607e-7
8410	5.167743306891891e-7
8411	5.167920996122804e-7
8412	5.169078271934582e-7
8413	5.169552673402668e-7
8414	5.169717454608632e-7
8415	5.170197691212251e-7
8416	5.170868324866087e-7
8417	5.171019209530616e-7
8418	5.171544576264883e-7
8419	5.173204720588676e-7
8420	5.173679266869646e-7
8421	5.174034582614006e-7
8422	5.174522466046347e-7
8423	5.175104722158159e-7
8424	5.176148434915815e-7
8425	5.176443354302864e-7
8426	5.176743726856695e-7
8427	5.176913361042609e-7
8428	5.178236580092883e-7
8429	5.178792452798806e-7
8430	5.179508752540763e-7
8431	5.180454386785070e-7
8432	5.180745766790124e-7
8433	5.181357368450735e-7
8434	5.181857792721321e-7
8435	5.182355313227927e-7
8436	5.183332922626219e-7
8437	5.183913466041085e-7
8438	5.184512569915035e-7
8439	5.184961901039062e-7
8440	5.185878329147785e-7
8441	5.186430504006372e-7
8442	5.187084661935565e-7
8443	5.187214858350321e-7
8444	5.187882014472014e-7
8445	5.187973842158549e-7
8446	5.188540615885538e-7
8447	5.188978228388367e-7
8448	5.189887001114944e-7
8449	5.190493013921022e-7
8450	5.191108650125264e-7
8451	5.191578245818562e-7
8452	5.192527247924019e-7
8453	5.193013998313372e-7
8454	5.193777694098485e-7
8455	5.194358843950560e-7
8456	5.194649719379156e-7
8457	5.195381456785543e-7
8458	5.195592012102713e-7
8459	5.195890316739787e-7
8460	5.196577716003217e-7
8461	5.197128355647453e-7
8462	5.197747585761788e-7
8463	5.198491474604721e-7
8464	5.199497665695832e-7
8465	5.199976421025526e-7
8466	5.200690659113501e-7
8467	5.201428983035128e-7
8468	5.201755753393700e-7
8469	5.202462029018701e-7
8470	5.202865581097824e-7
8471	5.203204110356174e-7
8472	5.203736360990740e-7
8473	5.204326364418165e-7
8474	5.204603814911677e-7
8475	5.204836611625970e-7
8476	5.205187660004810e-7
8477	5.205885086699076e-7
8478	5.207249321275923e-7
8479	5.207468365306289e-7
8480	5.208400569321863e-7
8481	5.208928831704865e-7
8482	5.209245834712136e-7
8483	5.210166614462717e-7
8484	5.210825458112990e-7
8485	5.210889592798686e-7
8486	5.211605948460185e-7
8487	5.211965343115047e-7
8488	5.212794850029556e-7
8489	5.213333724011902e-7
8490	5.213676659435349e-7
8491	5.214099244851301e-7
8492	5.214931654457305e-7
8493	5.214977235313101e-7
8494	5.215895251214851e-7
8495	5.216631116883677e-7
8496	5.217091879056425e-7
8497	5.217650057695846e-7
8498	5.217980651326409e-7
8499	5.218441894449841e-7
8500	5.218844961967360e-7
8501	5.219254743752176e-7
8502	5.219502876459439e-7
8503	5.219927551780209e-7
8504	5.220595417775250e-7
8505	5.221651764149577e-7
8506	5.222189399187416e-7
8507	5.222742710993940e-7
8508	5.223341738644314e-7
8509	5.223703964862163e-7
8510	5.224207313685317e-7
8511	5.225008047726482e-7
8512	5.225861398317235e-7
8513	5.226556155511905e-7
8514	5.227351912451224e-7
8515	5.227507614756415e-7
8516	5.228448583759331e-7
8517	5.228619272338879e-7
8518	5.229075923992124e-7
8519	5.229518913961852e-7
8520	5.230679331317787e-7
8521	5.230824510116167e-7
8522	5.231554639183657e-7
8523	5.231891463931425e-7
8524	5.232275045881300e-7
8525	5.232579576960975e-7
8526	5.233408857300374e-7
8527	5.233794732350813e-7
8528	5.234020517444328e-7
8529	5.234601165096250e-7
8530	5.234905149627793e-7
8531	5.235577667809209e-7
8532	5.236294400316822e-7
8533	5.237093450693666e-7
8534	5.237681740574699e-7
8535	5.238023577506808e-7
8536	5.238696425434810e-7
8537	5.239206198007099e-7
8538	5.239547726859230e-7
8539	5.239853748425109e-7
8540	5.240651396494219e-7
8541	5.240768142222295e-7
8542	5.241144279336159e-7
8543	5.241784265411078e-7
8544	5.243050200435082e-7
8545	5.243994331761432e-7
8546	5.244822925521943e-7
8547	5.245117668935735e-7
8548	5.245471972446248e-7
8549	5.246008853373135e-7
8550	5.246401952183034e-7
8551	5.246980159406376e-7
8552	5.247168772219132e-7
8553	5.247246813069858e-7
8554	5.248048390929004e-7
8555	5.248280178467483e-7
8556	5.248709667360605e-7
8557	5.249582849105948e-7
8558	5.249783043070252e-7
8559	5.250543036937150e-7
8560	5.250793805754072e-7
8561	5.251721706384590e-7
8562	5.252312609549227e-7
8563	5.252805597785419e-7
8564	5.253004120230636e-7
8565	5.253510494949819e-7
8566	5.254014276547474e-7
8567	5.254926864468015e-7
8568	5.255708228115141e-7
8569	5.256074826753478e-7
8570	5.256491596108237e-7
8571	5.257118807043551e-7
8572	5.257597987487525e-7
8573	5.258171999935450e-7
8574	5.258443841671002e-7
8575	5.259108470092652e-7
8576	5.259625718177643e-7
8577	5.259724993951676e-7
8578	5.260071591715613e-7
8579	5.260708254144672e-7
8580	5.261493823077148e-7
8581	5.261791610256629e-7
8582	5.262463800123770e-7
8583	5.263175041887842e-7
8584	5.263708489269268e-7
8585	5.264239637465053e-7
8586	5.264669486910902e-7
8587	5.265226185136257e-7
8588	5.265727773036115e-7
8589	5.266255697070963e-7
8590	5.266588027451588e-7
8591	5.266821337445830e-7
8592	5.267556262594514e-7
8593	5.267742066455148e-7
8594	5.267994835843853e-7
8595	5.268587975995096e-7
8596	5.269091488953993e-7
8597	5.269545398458611e-7
8598	5.270700465906363e-7
8599	5.271026072798297e-7
8600	5.271510053349631e-7
8601	5.271967721446180e-7
8602	5.272240462470911e-7
8603	5.272619179385384e-7
8604	5.273138935686808e-7
8605	5.273845180057219e-7
8606	5.274858734754625e-7
8607	5.275234054686250e-7
8608	5.275777348733294e-7
8609	5.276047728181139e-7
8610	5.276588838188937e-7
8611	5.277213064807668e-7
8612	5.277845424356503e-7
8613	5.278166785080955e-7
8614	5.278462152039749e-7
8615	5.279051077577809e-7
8616	5.279824685624736e-7
8617	5.280318581386326e-7
8618	5.280693161526981e-7
8619	5.280957547056260e-7
8620	5.281252368823213e-7
8621	5.281889753359831e-7
8622	5.282302228572487e-7
8623	5.282755912213922e-7
8624	5.283071799490331e-7
8625	5.283360006466577e-7
8626	5.284282694565177e-7
8627	5.284403352007464e-7
8628	5.284928510493558e-7
8629	5.285233224129884e-7
8630	5.286277354722289e-7
8631	5.286489803935066e-7
8632	5.287066512159929e-7
8633	5.288134111397626e-7
8634	5.288412556708258e-7
8635	5.288620704483921e-7
8636	5.289350810323398e-7
8637	5.290133094263575e-7
8638	5.290462102411223e-7
8639	5.290637759297759e-7
8640	5.291376769930477e-7
8641	5.291689603848653e-7
8642	5.291896352272977e-7
8643	5.292368394732953e-7
8644	5.293370758481881e-7
8645	5.293728639468594e-7
8646	5.294272551410275e-7
8647	5.294890841785647e-7
8648	5.295921664377973e-7
8649	5.296194952081991e-7
8650	5.296436898001773e-7
8651	5.296677407648865e-7
8652	5.296968455110119e-7
8653	5.297458103340999e-7
8654	5.297976664156260e-7
8655	5.298391333921187e-7
8656	5.298984002252942e-7
8657	5.299091511503733e-7
8658	5.300163973730369e-7
8659	5.300656041447667e-7
8660	5.300969956368223e-7
8661	5.301664768351787e-7
8662	5.302033202542175e-7
8663	5.302546342574142e-7
8664	5.302902411235433e-7
8665	5.303656728306126e-7
8666	5.304243953816934e-7
8667	5.304621448623308e-7
8668	5.305287619645495e-7
8669	5.305370486765455e-7
8670	5.306190287205917e-7
8671	5.306524839394971e-7
8672	5.307078152194571e-7
8673	5.307338532349132e-7
8674	5.307750706839111e-7
8675	5.308302666557671e-7
8676	5.308569473147234e-7
8677	5.308982418852159e-7
8678	5.309370232140638e-7
8679	5.310697384048777e-7
8680	5.311117457446798e-7
8681	5.311186832231237e-7
8682	5.311897505683735e-7
8683	5.312166031035020e-7
8684	5.313038535831662e-7
8685	5.313208893768927e-7
8686	5.313961320097220e-7
8687	5.314233253412629e-7
8688	5.314708650117374e-7
8689	5.315009935531607e-7
8690	5.315812398638486e-7
8691	5.316559365055283e-7
8692	5.316846695078923e-7
8693	5.317418719026374e-7
8694	5.317786192465953e-7
8695	5.318034086908178e-7
8696	5.318568148639372e-7
8697	5.319016486992551e-7
8698	5.319292648351806e-7
8699	5.319819565460667e-7
8700	5.320335711924689e-7
8701	5.320656170768717e-7
8702	5.321626278322453e-7
8703	5.321707731864968e-7
8704	5.322236344959272e-7
8705	5.323099526253432e-7
8706	5.323548778107180e-7
8707	5.323845165243704e-7
8708	5.323920764260748e-7
8709	5.324258005478674e-7
8710	5.324624820469044e-7
8711	5.325453157071703e-7
8712	5.325961492859962e-7
8713	5.326131854958688e-7
8714	5.326581471162626e-7
8715	5.327258188137064e-7
8716	5.327559284319069e-7
8717	5.328329868624958e-7
8718	5.328696650230127e-7
8719	5.329196495167857e-7
8720	5.329782388914834e-7
8721	5.330419368966251e-7
8722	5.330829225241841e-7
8723	5.331360515208148e-7
8724	5.331615848603227e-7
8725	5.331830555927309e-7
8726	5.332477789591695e-7
8727	5.332657143920301e-7
8728	5.333142705086707e-7
8729	5.333573037678764e-7
8730	5.333758339090324e-7
8731	5.334489365547516e-7
8732	5.334834519842546e-7
8733	5.335498500357644e-7
8734	5.335619759842874e-7
8735	5.335830308110442e-7
8736	5.336531966887029e-7
8737	5.337119196020026e-7
8738	5.337582593170012e-7
8739	5.338011690398223e-7
8740	5.338636128315236e-7
8741	5.339419440047527e-7
8742	5.339833851764626e-7
8743	5.340000299748699e-7
8744	5.340270639635087e-7
8745	5.340490481244279e-7
8746	5.341287130460383e-7
8747	5.341624900433278e-7
8748	5.342058203798127e-7
8749	5.342715789284895e-7
8750	5.342975235488116e-7
8751	5.343549016503515e-7
8752	5.343958761742669e-7
8753	5.344639554402394e-7
8754	5.344742885519693e-7
8755	5.345017824682721e-7
8756	5.345613678720993e-7
8757	5.345825499695605e-7
8758	5.346581392111429e-7
8759	5.347038897418622e-7
8760	5.347260855329596e-7
8761	5.347569083372004e-7
8762	5.348310850048204e-7
8763	5.348680822416132e-7
8764	5.349083413505636e-7
8765	5.349545341537741e-7
8766	5.349797195465883e-7
8767	5.350182455967043e-7
8768	5.350638104905120e-7
8769	5.351040588176558e-7
8770	5.351509507981123e-7
8771	5.352067534892792e-7
8772	5.352694341760673e-7
8773	5.353008739179552e-7
8774	5.353242051173998e-7
8775	5.353459231589123e-7
8776	5.353798207213288e-7
8777	5.354209141348554e-7
8778	5.354263770453877e-7
8779	5.354412041898972e-7
8780	5.355073219662768e-7
8781	5.355371996998385e-7
8782	5.355912467855729e-7
8783	5.356099178392347e-7
8784	5.356612238645126e-7
8785	5.357139595974063e-7
8786	5.357146368388916e-7
8787	5.357926240979970e-7
8788	5.358211566176300e-7
8789	5.358356807215487e-7
8790	5.359542321836640e-7
8791	5.359736998765813e-7
8792	5.359945650180514e-7
8793	5.360346749198069e-7
8794	5.360723987036437e-7
8795	5.360766874193352e-7
8796	5.361638049088962e-7
8797	5.361975486510059e-7
8798	5.362363362302813e-7
8799	5.362838988193087e-7
8800	5.362884251952740e-7
8801	5.363303890511959e-7
8802	5.363499312035669e-7
8803	5.364191246571953e-7
8804	5.364343555530962e-7
8805	5.364809820277978e-7
8806	5.365316693036118e-7
8807	5.365703597717323e-7
8808	5.366013162374208e-7
8809	5.366381402542131e-7
8810	5.367074561621388e-7
8811	5.367327546042270e-7
8812	5.367611438198984e-7
8813	5.367965395871915e-7
8814	5.368255902950108e-7
8815	5.368378893958102e-7
8816	5.368529258859434e-7
8817	5.368908881201637e-7
8818	5.369549547378618e-7
8819	5.369958202700781e-7
8820	5.370205588922919e-7
8821	5.371094087327537e-7
8822	5.371302518621076e-7
8823	5.371402818784227e-7
8824	5.371740185749369e-7
8825	5.372260420206586e-7
8826	5.372331900686719e-7
8827	5.372597576151517e-7
8828	5.373149077581390e-7
8829	5.373507068610873e-7
8830	5.374211002818662e-7
8831	5.374653560102290e-7
8832	5.374830886016514e-7
8833	5.375276688127684e-7
8834	5.375358596292717e-7
8835	5.375517599942017e-7
8836	5.376126262819887e-7
8837	5.376486009577723e-7
8838	5.376772025674468e-7
8839	5.377374383278579e-7
8840	5.377630350366933e-7
8841	5.377752730079071e-7
8842	5.378326242835239e-7
8843	5.378588122888596e-7
8844	5.378853190474754e-7
8845	5.379225431531490e-7
8846	5.379538967085846e-7
8847	5.379719098452438e-7
8848	5.379956913729429e-7
8849	5.380407860182189e-7
8850	5.381299921875287e-7
8851	5.381573561409421e-7
8852	5.381710587395961e-7
8853	5.381804315147345e-7
8854	5.382402694410745e-7
8855	5.382884504433126e-7
8856	5.383196014428322e-7
8857	5.383431348746293e-7
8858	5.383692298677240e-7
8859	5.383890952897521e-7
8860	5.384468828940246e-7
8861	5.384892188222854e-7
8862	5.385189332083375e-7
8863	5.385826956309069e-7
8864	5.386154437781737e-7
8865	5.386648570987669e-7
8866	5.386776393646696e-7
8867	5.386879930979466e-7
8868	5.387321377163435e-7
8869	5.387597834366573e-7
8870	5.387839819602735e-7
8871	5.388414277425155e-7
8872	5.388819560033788e-7
8873	5.389278299295597e-7
8874	5.389645887054748e-7
8875	5.389907510085260e-7
8876	5.390375414560604e-7
8877	5.390475372046145e-7
8878	5.390902102024701e-7
8879	5.391235049808399e-7
8880	5.391361031328324e-7
8881	5.391814648589492e-7
8882	5.391982147852723e-7
8883	5.392219064527728e-7
8884	5.392627241557533e-7
8885	5.393086784171477e-7
8886	5.393508225570723e-7
8887	5.393956505885251e-7
8888	5.394409493712364e-7
8889	5.394716727690285e-7
8890	5.395152711593875e-7
8891	5.395474198442412e-7
8892	5.395621881454295e-7
8893	5.395998360033052e-7
8894	5.396224800449128e-7
8895	5.396542817177417e-7
8896	5.397174381951742e-7
8897	5.397421469539610e-7
8898	5.397642470871164e-7
8899	5.397725670153231e-7
8900	5.398399555400228e-7
8901	5.398631663597637e-7
8902	5.398959755640892e-7
8903	5.399097909151990e-7
8904	5.399800531883397e-7
8905	5.399883796831455e-7
8906	5.400487445015145e-7
8907	5.400901385596617e-7
8908	5.401382787636020e-7
8909	5.401753795529404e-7
8910	5.402100700100282e-7
8911	5.402624809576428e-7
8912	5.402694928195835e-7
8913	5.402979668852372e-7
8914	5.403411992147773e-7
8915	5.403704616317869e-7
8916	5.404084583724744e-7
8917	5.404316596286917e-7
8918	5.404839706561705e-7
8919	5.405079742557830e-7
8920	5.405276664742777e-7
8921	5.405717685954782e-7
8922	5.405925847674932e-7
8923	5.406520944504711e-7
8924	5.406744036037930e-7
8925	5.407046734109286e-7
8926	5.407321065652861e-7
8927	5.407720393648578e-7
8928	5.408275669017467e-7
8929	5.408530396997735e-7
8930	5.409263334733574e-7
8931	5.409368636886001e-7
8932	5.409869223960645e-7
8933	5.410510788806666e-7
8934	5.410737603850923e-7
8935	5.411074312399492e-7
8936	5.411667196031206e-7
8937	5.412008026293070e-7
8938	5.412029327838828e-7
8939	5.412293360041487e-7
8940	5.412676446945287e-7
8941	5.412799120214072e-7
8942	5.413429433937926e-7
8943	5.413616696777925e-7
8944	5.414048476630487e-7
8945	5.414108001629875e-7
8946	5.414786510259726e-7
8947	5.415130259127966e-7
8948	5.415787382905339e-7
8949	5.415905729995323e-7
8950	5.416246756980032e-7
8951	5.416747567067682e-7
8952	5.416895553036700e-7
8953	5.417183678410049e-7
8954	5.417529406652942e-7
8955	5.417715196105392e-7
8956	5.418018309175874e-7
8957	5.418696603549815e-7
8958	5.418879349836856e-7
8959	5.419476020781002e-7
8960	5.419589103754540e-7
8961	5.420097592271416e-7
8962	5.420430329353489e-7
8963	5.420729211033065e-7
8964	5.421196843436513e-7
8965	5.421739637428139e-7
8966	5.422071831823309e-7
8967	5.422236545037245e-7
8968	5.422980516740458e-7
8969	5.423161088772292e-7
8970	5.423264838372050e-7
8971	5.423791803202816e-7
8972	5.424338563648321e-7
8973	5.424475804733960e-7
8974	5.424895571127267e-7
8975	5.425288589513295e-7
8976	5.425557064068798e-7
8977	5.425973762772932e-7
8978	5.426066824085042e-7
8979	5.426300236992764e-7
8980	5.426799343316483e-7
8981	5.427414050849453e-7
8982	5.427492512173560e-7
8983	5.427681665524942e-7
8984	5.428173830414942e-7
8985	5.428486943173370e-7
8986	5.428535510624412e-7
8987	5.429276127578241e-7
8988	5.429707900405334e-7
8989	5.429911145791636e-7
8990	5.430514152869426e-7
8991	5.431028623013410e-7
8992	5.431159309813002e-7
8993	5.431308663301337e-7
8994	5.431637819933603e-7
8995	5.432113027943124e-7
8996	5.432512111374090e-7
8997	5.432821224109054e-7
8998	5.432987156640766e-7
8999	5.433161659590356e-7
9000	5.433564461357177e-7
9001	5.434382431009206e-7
9002	5.434798447130035e-7
9003	5.435011960681414e-7
9004	5.435399368454035e-7
9005	5.435611760792153e-7
9006	5.436083881694641e-7
9007	5.436227351379458e-7
9008	5.436859227616186e-7
9009	5.437093041986839e-7
9010	5.437254450223366e-7
9011	5.437557349384598e-7
9012	5.437840366123282e-7
9013	5.438440481107349e-7
9014	5.438558991718751e-7
9015	5.438690034635848e-7
9016	5.439081972467549e-7
9017	5.439214028384129e-7
9018	5.439839442658082e-7
9019	5.440362755605949e-7
9020	5.440563416534345e-7
9021	5.440630749837055e-7
9022	5.441176719946652e-7
9023	5.441378866276865e-7
9024	5.441840568829607e-7
9025	5.442542570538322e-7
9026	5.443002924003688e-7
9027	5.443282418129870e-7
9028	5.443312707938278e-7
9029	5.443500028013372e-7
9030	5.443854999094396e-7
9031	5.444055099656945e-7
9032	5.445085833965918e-7
9033	5.445264474790042e-7
9034	5.445339377311413e-7
9035	5.445734136473008e-7
9036	5.446116003040690e-7
9037	5.446270258297121e-7
9038	5.446731698621922e-7
9039	5.447042689012854e-7
9040	5.447257925660365e-7
9041	5.447755786486925e-7
9042	5.448047920304825e-7
9043	5.448379149934192e-7
9044	5.448648218939554e-7
9045	5.448782867483545e-7
9046	5.449528908383964e-7
9047	5.449931704617849e-7
9048	5.450144611009507e-7
9049	5.450617819426924e-7
9050	5.450717180534790e-7
9051	5.451151171319254e-7
9052	5.451257716199198e-7
9053	5.451791194037702e-7
9054	5.452132601240429e-7
9055	5.452531840892998e-7
9056	5.452650934978643e-7
9057	5.452741395514711e-7
9058	5.453208248064490e-7
9059	5.453604655395779e-7
9060	5.453770353300751e-7
9061	5.453874748230728e-7
9062	5.454111037309938e-7
9063	5.454700572414212e-7
9064	5.454800685012625e-7
9065	5.455259114529489e-7
9066	5.455415998599462e-7
9067	5.455871716798062e-7
9068	5.456104637209270e-7
9069	5.456371451976837e-7
9070	5.456628170344601e-7
9071	5.456717951810847e-7
9072	5.456964940540658e-7
9073	5.457296301242572e-7
9074	5.457593159308986e-7
9075	5.457836584243838e-7
9076	5.457998850733901e-7
9077	5.458302786939048e-7
9078	5.458766072523011e-7
9079	5.459042857627760e-7
9080	5.459194086039097e-7
9081	5.459469140556727e-7
9082	5.459578215198045e-7
9083	5.459679560130066e-7
9084	5.460246670876522e-7
9085	5.460649171921640e-7
9086	5.460885826335173e-7
9087	5.460996130861602e-7
9088	5.461576171285836e-7
9089	5.461889809253980e-7
9090	5.462043602179676e-7
9091	5.462566924961576e-7
9092	5.463179361804159e-7
9093	5.463514751440441e-7
9094	5.463793963102927e-7
9095	5.463969023500017e-7
9096	5.464249451929582e-7
9097	5.464373261240030e-7
9098	5.464523458754067e-7
9099	5.464828129038044e-7
9100	5.465034895231230e-7
9101	5.465500662303613e-7
9102	5.465869717827087e-7
9103	5.466053390596550e-7
9104	5.466304016346387e-7
9105	5.466868522277742e-7
9106	5.467026945263426e-7
9107	5.467198987442625e-7
9108	5.467768467239022e-7
9109	5.468079588479391e-7
9110	5.468288152487066e-7
9111	5.468649060875087e-7
9112	5.468716311439005e-7
9113	5.469334409740022e-7
9114	5.469528186833423e-7
9115	5.469669954695720e-7
9116	5.469811010972920e-7
9117	5.470034100586425e-7
9118	5.470677059739173e-7
9119	5.471041085724215e-7
9120	5.471346587441406e-7
9121	5.471486365984132e-7
9122	5.471783314124884e-7
9123	5.471919571261311e-7
9124	5.472282900039977e-7
9125	5.472425629074672e-7
9126	5.472775024352759e-7
9127	5.473282923695008e-7
9128	5.473294427615026e-7
9129	5.473564274342624e-7
9130	5.473706629058803e-7
9131	5.473911168600839e-7
9132	5.474152975002000e-7
9133	5.474440709268199e-7
9134	5.474989028768937e-7
9135	5.475256927450562e-7
9136	5.475516503555113e-7
9137	5.475842675374394e-7
9138	5.476123934142142e-7
9139	5.476246588964911e-7
9140	5.476433068986723e-7
9141	5.476554659927478e-7
9142	5.476806613696295e-7
9143	5.477004893916464e-7
9144	5.477423640489552e-7
9145	5.477671023732338e-7
9146	5.478203539969301e-7
9147	5.478586832952544e-7
9148	5.478901241534086e-7
9149	5.478999711705583e-7
9150	5.479516304161361e-7
9151	5.479899090968379e-7
9152	5.479980941410778e-7
9153	5.480412147591967e-7
9154	5.480620471849401e-7
9155	5.480719440642763e-7
9156	5.481199368809025e-7
9157	5.481504462447702e-7
9158	5.481979080582377e-7
9159	5.482165539884485e-7
9160	5.482406784860573e-7
9161	5.482461762760936e-7
9162	5.483081329129597e-7
9163	5.483198772217772e-7
9164	5.483628237886460e-7
9165	5.483838953771300e-7
9166	5.484233360977832e-7
9167	5.484492258823822e-7
9168	5.484592822115262e-7
9169	5.484726840897636e-7
9170	5.485132470909236e-7
9171	5.485468713222972e-7
9172	5.485586542622719e-7
9173	5.485979243572183e-7
9174	5.486387936034140e-7
9175	5.486770210622045e-7
9176	5.486871834462789e-7
9177	5.487055438827854e-7
9178	5.487635693049292e-7
9179	5.487883401029560e-7
9180	5.488344314753499e-7
9181	5.488569589090759e-7
9182	5.488830003321085e-7
9183	5.489358128534601e-7
9184	5.489449472415302e-7
9185	5.489843698632368e-7
9186	5.489959304311623e-7
9187	5.490084718179701e-7
9188	5.490564880512718e-7
9189	5.490634097704864e-7
9190	5.491044283424732e-7
9191	5.491425139712495e-7
9192	5.491739332465375e-7
9193	5.491828673786617e-7
9194	5.492538251249176e-7
9195	5.492746670455837e-7
9196	5.493061357436119e-7
9197	5.493166073706513e-7
9198	5.493485487516388e-7
9199	5.493677933725678e-7
9200	5.493986068571370e-7
9201	5.494166293156833e-7
9202	5.494531906813566e-7
9203	5.495121840906464e-7
9204	5.495321729363692e-7
9205	5.495622069601312e-7
9206	5.495764860674145e-7
9207	5.496118332877044e-7
9208	5.496493043366613e-7
9209	5.496752951053984e-7
9210	5.496947505941516e-7
9211	5.497196068618059e-7
9212	5.497599837354899e-7
9213	5.497722426404360e-7
9214	5.498105312807794e-7
9215	5.498317638555882e-7
9216	5.498562074704737e-7
9217	5.499191185426958e-7
9218	5.499379461923432e-7
9219	5.499751605980557e-7
9220	5.499993181565080e-7
9221	5.500556020107626e-7
9222	5.500793501082916e-7
9223	5.501054398827399e-7
9224	5.501312915467012e-7
9225	5.501579885907801e-7
9226	5.502021083031202e-7
9227	5.502316536825969e-7
9228	5.502762747304668e-7
9229	5.502880878316795e-7
9230	5.503209827047735e-7
9231	5.503426416335286e-7
9232	5.503917858436945e-7
9233	5.504503679409525e-7
9234	5.504849837968324e-7
9235	5.505178166650658e-7
9236	5.505253856236353e-7
9237	5.505599602386144e-7
9238	5.505816708520980e-7
9239	5.506303323836830e-7
9240	5.506514696012631e-7
9241	5.507215668753612e-7
9242	5.507438169026483e-7
9243	5.507519918372340e-7
9244	5.507700815852866e-7
9245	5.508111043432462e-7
9246	5.508339102246769e-7
9247	5.508526690625329e-7
9248	5.508824437712867e-7
9249	5.508964404092779e-7
9250	5.509632330142838e-7
9251	5.510010470750954e-7
9252	5.510269516132957e-7
9253	5.510445754308494e-7
9254	5.510677430762771e-7
9255	5.511055425636785e-7
9256	5.511494554151573e-7
9257	5.511993757487503e-7
9258	5.512302437420698e-7
9259	5.512812671273568e-7
9260	5.512944471909313e-7
9261	5.513111993238366e-7
9262	5.513443411607073e-7
9263	5.514042688115596e-7
9264	5.514101587115533e-7
9265	5.514531887999293e-7
9266	5.514953189012299e-7
9267	5.515051498630697e-7
9268	5.515645509405206e-7
9269	5.515783204997766e-7
9270	5.516097187646832e-7
9271	5.516614238555834e-7
9272	5.516692485739170e-7
9273	5.516860112644225e-7
9274	5.517256618791092e-7
9275	5.517997240473280e-7
9276	5.518143416507486e-7
9277	5.518445556481954e-7
9278	5.518686028740163e-7
9279	5.518801871363905e-7
9280	5.519245766299656e-7
9281	5.519617239216239e-7
9282	5.519919614273107e-7
9283	5.520365209346436e-7
9284	5.520935074917488e-7
9285	5.521324460140487e-7
9286	5.521888870018905e-7
9287	5.522113377047948e-7
9288	5.522230736848178e-7
9289	5.522559685654214e-7
9290	5.522911121457128e-7
9291	5.523087913480014e-7
9292	5.523473493304628e-7
9293	5.523880463478103e-7
9294	5.524351961403611e-7
9295	5.524678621082467e-7
9296	5.525025097539166e-7
9297	5.525591984345530e-7
9298	5.525669069447865e-7
9299	5.526002720154050e-7
9300	5.526148546892853e-7
9301	5.526610433678020e-7
9302	5.526833487922739e-7
9303	5.527127000280020e-7
9304	5.527431683401873e-7
9305	5.528028031670680e-7
9306	5.528512043237742e-7
9307	5.528779225929958e-7
9308	5.528997510525307e-7
9309	5.529277018595289e-7
9310	5.529544671198271e-7
9311	5.529947488555388e-7
9312	5.530449965282466e-7
9313	5.531172210946693e-7
9314	5.531239279654690e-7
9315	5.531379178241524e-7
9316	5.532082906051801e-7
9317	5.532694940336968e-7
9318	5.532875578561968e-7
9319	5.533250309346886e-7
9320	5.533380125488061e-7
9321	5.533627301011353e-7
9322	5.533963542551005e-7
9323	5.534560531375810e-7
9324	5.534831475692191e-7
9325	5.534993653405390e-7
9326	5.535272683681704e-7
9327	5.535642425982492e-7
9328	5.535844123586923e-7
9329	5.536055658380432e-7
9330	5.536512778066681e-7
9331	5.537112136786422e-7
9332	5.537368598055336e-7
9333	5.537674232201808e-7
9334	5.538416257520532e-7
9335	5.538673728652192e-7
9336	5.539037179950893e-7
9337	5.539398815796356e-7
9338	5.539895205838438e-7
9339	5.540418867883142e-7
9340	5.540676066184977e-7
9341	5.540742994090614e-7
9342	5.540975839750206e-7
9343	5.541174137338209e-7
9344	5.542086365978182e-7
9345	5.542273021178014e-7
9346	5.542585879269409e-7
9347	5.542996639287461e-7
9348	5.543416800725081e-7
9349	5.543804428856291e-7
9350	5.543978302309243e-7
9351	5.544598701269693e-7
9352	5.544802153457781e-7
9353	5.545248990962648e-7
9354	5.545624508319815e-7
9355	5.546150543368370e-7
9356	5.546296081953301e-7
9357	5.546479546759284e-7
9358	5.546681053194427e-7
9359	5.547106175054605e-7
9360	5.547548527314652e-7
9361	5.547758488122677e-7
9362	5.548210553877221e-7
9363	5.548810328366462e-7
9364	5.549944515013924e-7
9365	5.550046965509365e-7
9366	5.550127127560183e-7
9367	5.550621030169409e-7
9368	5.550843773450463e-7
9369	5.551184790971690e-7
9370	5.551498366219305e-7
9371	5.551921259375530e-7
9372	5.552220363541844e-7
9373	5.552610017731862e-7
9374	5.552780881304912e-7
9375	5.553260747448093e-7
9376	5.553613951159028e-7
9377	5.553909253316934e-7
9378	5.554115522971971e-7
9379	5.554607944925528e-7
9380	5.555113435313621e-7
9381	5.555218269185091e-7
9382	5.556081696397026e-7
9383	5.556490133907926e-7
9384	5.556838542338945e-7
9385	5.557265002269337e-7
9386	5.557723004561325e-7
9387	5.557890687777666e-7
9388	5.558111389168928e-7
9389	5.558448662935885e-7
9390	5.558862958920271e-7
9391	5.559256214387391e-7
9392	5.559677325175090e-7
9393	5.560024859335100e-7
9394	5.560365148020222e-7
9395	5.561265657579405e-7
9396	5.561488082543463e-7
9397	5.561770243678239e-7
9398	5.562361490249492e-7
9399	5.562611011153900e-7
9400	5.562923310140303e-7
9401	5.563150986678630e-7
9402	5.563639512850872e-7
9403	5.564134507428056e-7
9404	5.564374714501858e-7
9405	5.565358444894366e-7
9406	5.565721363495571e-7
9407	5.565986372400866e-7
9408	5.566738736025073e-7
9409	5.567033294837701e-7
9410	5.567263551743234e-7
9411	5.567648689436260e-7
9412	5.567745045544087e-7
9413	5.568041110810012e-7
9414	5.568205448774791e-7
9415	5.568579021382215e-7
9416	5.569198191584593e-7
9417	5.569934712166689e-7
9418	5.570041149786398e-7
9419	5.570257896964021e-7
9420	5.571485286114183e-7
9421	5.571824086453522e-7
9422	5.572336936424603e-7
9423	5.572526049680716e-7
9424	5.572886593044500e-7
9425	5.573151911635336e-7
9426	5.573441585706496e-7
9427	5.573836990234267e-7
9428	5.574028917747569e-7
9429	5.574504610691766e-7
9430	5.574877985366319e-7
9431	5.575058142577950e-7
9432	5.575199477906723e-7
9433	5.575641404137664e-7
9434	5.575972457945978e-7
9435	5.576735085975156e-7
9436	5.577507573193062e-7
9437	5.578028856376561e-7
9438	5.578158516622416e-7
9439	5.578877066539636e-7
9440	5.579254821934773e-7
9441	5.579435875167606e-7
9442	5.579648870262347e-7
9443	5.580101965691999e-7
9444	5.580584832482661e-7
9445	5.580899328966499e-7
9446	5.581219194372429e-7
9447	5.581507565346631e-7
9448	5.581939516018319e-7
9449	5.582555956343997e-7
9450	5.582961141633000e-7
9451	5.583147086643591e-7
9452	5.583405487241857e-7
9453	5.584115312532636e-7
9454	5.584393506600879e-7
9455	5.584495689720508e-7
9456	5.585434234777069e-7
9457	5.586042969508223e-7
9458	5.586106792654416e-7
9459	5.586913099043102e-7
9460	5.587230041366187e-7
9461	5.587539489442963e-7
9462	5.587654247453341e-7
9463	5.588065916307800e-7
9464	5.588835510043520e-7
9465	5.589252784367640e-7
9466	5.589541057164088e-7
9467	5.590100470341449e-7
9468	5.590322746300967e-7
9469	5.590627858135944e-7
9470	5.591021163779121e-7
9471	5.591627002834978e-7
9472	5.591761608013463e-7
9473	5.592293006234129e-7
9474	5.592826020614477e-7
9475	5.593066867389399e-7
9476	5.593776781624120e-7
9477	5.594020287756611e-7
9478	5.594154907717722e-7
9479	5.594378078944489e-7
9480	5.594775340676951e-7
9481	5.595043872696970e-7
9482	5.595882668878129e-7
9483	5.596252497781113e-7
9484	5.596666546897318e-7
9485	5.596780710320602e-7
9486	5.597604959100996e-7
9487	5.597753814826444e-7
9488	5.598469284936447e-7
9489	5.598857381361402e-7
9490	5.599260993651965e-7
9491	5.599684674489860e-7
9492	5.600004226078924e-7
9493	5.600557376253809e-7
9494	5.601194967478054e-7
9495	5.601293744324164e-7
9496	5.601528945099433e-7
9497	5.602031566754240e-7
9498	5.602792553352916e-7
9499	5.603569611594913e-7
9500	5.603831964152284e-7
9501	5.604414798854417e-7
9502	5.604629845880340e-7
9503	5.605241640258786e-7
9504	5.605620798515003e-7
9505	5.606168255628086e-7
9506	5.606903649429737e-7
9507	5.607572668125734e-7
9508	5.607753121202379e-7
9509	5.608159136117847e-7
9510	5.608249946049103e-7
9511	5.608819030967219e-7
9512	5.609434590910986e-7
9513	5.609730320086443e-7
9514	5.609936556904661e-7
9515	5.610435492692876e-7
9516	5.610780531784692e-7
9517	5.611536795383994e-7
9518	5.611906486084586e-7
9519	5.612292689967871e-7
9520	5.612592326048961e-7
9521	5.613311231252640e-7
9522	5.613635883874606e-7
9523	5.613927177630376e-7
9524	5.614359441810945e-7
9525	5.614586280702595e-7
9526	5.615288260017952e-7
9527	5.615883953838064e-7
9528	5.616115057944542e-7
9529	5.616385320148415e-7
9530	5.616777431394541e-7
9531	5.616945286766903e-7
9532	5.617368590797374e-7
9533	5.617953946536497e-7
9534	5.618884872214518e-7
9535	5.619468934633586e-7
9536	5.619672426030406e-7
9537	5.620138636586802e-7
9538	5.620347810598072e-7
9539	5.620884296988865e-7
9540	5.621299464874733e-7
9541	5.621940934109496e-7
9542	5.622188902954024e-7
9543	5.622830919588286e-7
9544	5.623016513354901e-7
9545	5.623561059054401e-7
9546	5.623786994841707e-7
9547	5.623960414875417e-7
9548	5.624821114952870e-7
9549	5.625143024237220e-7
9550	5.625707020252237e-7
9551	5.626363845427051e-7
9552	5.626805037626363e-7
9553	5.627257117222409e-7
9554	5.627879918712149e-7
9555	5.628145960016990e-7
9556	5.628750411570018e-7
9557	5.629043055242603e-7
9558	5.629782148655484e-7
9559	5.630353929575235e-7
9560	5.630796604428346e-7
9561	5.630912221059504e-7
9562	5.631413655400454e-7
9563	5.632419887445316e-7
9564	5.632904621257697e-7
9565	5.633074875518134e-7
9566	5.633538340726892e-7
9567	5.633760414775341e-7
9568	5.634178126241227e-7
9569	5.635002301339580e-7
9570	5.635475551043925e-7
9571	5.635739592057079e-7
9572	5.636279909443164e-7
9573	5.636586410679192e-7
9574	5.637116676227115e-7
9575	5.637810119274649e-7
9576	5.638080083771301e-7
9577	5.638815904464470e-7
9578	5.638985321537928e-7
9579	5.639209675628614e-7
9580	5.639659681984170e-7
9581	5.640651624581875e-7
9582	5.640926157769129e-7
9583	5.641194378726450e-7
9584	5.641576666965002e-7
9585	5.641836873159210e-7
9586	5.642341009514160e-7
9587	5.643093589887519e-7
9588	5.643449878629833e-7
9589	5.644762880473029e-7
9590	5.644956696744414e-7
9591	5.645439381509238e-7
9592	5.645730670252842e-7
9593	5.646270429958002e-7
9594	5.646939813314174e-7
9595	5.647671324155405e-7
9596	5.647851881873528e-7
9597	5.648701079531781e-7
9598	5.649005847457985e-7
9599	5.649355593801746e-7
9600	5.650461551641070e-7
9601	5.650774768000357e-7
9602	5.651020955125865e-7
9603	5.652024064468605e-7
9604	5.652104898515353e-7
9605	5.652510673569300e-7
9606	5.653208989226627e-7
9607	5.653823676921381e-7
9608	5.654153662062189e-7
9609	5.654470021379816e-7
9610	5.654942213855517e-7
9611	5.655357133306539e-7
9612	5.655918066124772e-7
9613	5.656207172888526e-7
9614	5.656509586184802e-7
9615	5.657216648086144e-7
9616	5.657978211077749e-7
9617	5.658383390154055e-7
9618	5.658421602201940e-7
9619	5.659005655632977e-7
9620	5.659810416460542e-7
9621	5.660065033776189e-7
9622	5.660216395012088e-7
9623	5.660551023020738e-7
9624	5.660937201104735e-7
9625	5.661504058453363e-7
9626	5.662139572565655e-7
9627	5.662635490282991e-7
9628	5.662934511132060e-7
9629	5.663902854106569e-7
9630	5.664321993875209e-7
9631	5.664674846149579e-7
9632	5.665174548488400e-7
9633	5.665927778863745e-7
9634	5.666107462122038e-7
9635	5.666630989266324e-7
9636	5.667251288590180e-7
9637	5.667557410800712e-7
9638	5.668147376144192e-7
9639	5.668461472619777e-7
9640	5.669936642113395e-7
9641	5.670302150947296e-7
9642	5.670667773693254e-7
9643	5.671264684680432e-7
9644	5.672115521528811e-7
9645	5.672246328806584e-7
9646	5.672417193660192e-7
9647	5.673361486975293e-7
9648	5.673868454552221e-7
9649	5.674326806339276e-7
9650	5.674891444563597e-7
9651	5.675433385899924e-7
9652	5.676218721484183e-7
9653	5.676602910246357e-7
9654	5.676942107077737e-7
9655	5.677469542718637e-7
9656	5.677833627250548e-7
9657	5.678445380563897e-7
9658	5.679585484554288e-7
9659	5.679902056409689e-7
9660	5.680110424688309e-7
9661	5.680456703917915e-7
9662	5.681074354112435e-7
9663	5.681466435922366e-7
9664	5.681665893272049e-7
9665	5.682230310111078e-7
9666	5.682724679594812e-7
9667	5.683681913768612e-7
9668	5.683988571062855e-7
9669	5.684771235400299e-7
9670	5.685318385279258e-7
9671	5.685664469020780e-7
9672	5.686384448030716e-7
9673	5.686805601883530e-7
9674	5.687387564505029e-7
9675	5.688093761212412e-7
9676	5.688827171804238e-7
9677	5.688993772649062e-7
9678	5.689758065459094e-7
9679	5.690231311199030e-7
9680	5.690573525101888e-7
9681	5.691241395359459e-7
9682	5.692187888974755e-7
9683	5.692406070410256e-7
9684	5.692802468045743e-7
9685	5.693345034965543e-7
9686	5.693737401210648e-7
9687	5.694054795200693e-7
9688	5.694596966679183e-7
9689	5.695553945761711e-7
9690	5.696441165630133e-7
9691	5.696993037427721e-7
9692	5.697164262061771e-7
9693	5.697862670477645e-7
9694	5.698409057445671e-7
9695	5.698900091374501e-7
9696	5.699374719212743e-7
9697	5.699933474104858e-7
9698	5.700683382378902e-7
9699	5.701194213234371e-7
9700	5.702023493960382e-7
9701	5.702374401031371e-7
9702	5.703106459090634e-7
9703	5.703232965559195e-7
9704	5.703589827166647e-7
9705	5.703907232096745e-7
9706	5.704463633777790e-7
9707	5.705520961815694e-7
9708	5.705704319844194e-7
9709	5.706057408159771e-7
9710	5.706995068044638e-7
9711	5.707382682406389e-7
9712	5.707534247265599e-7
9713	5.708590929406570e-7
9714	5.709219061962856e-7
9715	5.709354087066372e-7
9716	5.709513815265564e-7
9717	5.710232880644114e-7
9718	5.710945894098565e-7
9719	5.711138308314220e-7
9720	5.711854370459589e-7
9721	5.712357835675521e-7
9722	5.713147182993194e-7
9723	5.714298784785096e-7
9724	5.715275499246125e-7
9725	5.715500882083948e-7
9726	5.715866891623162e-7
9727	5.716228200688177e-7
9728	5.716638873716576e-7
9729	5.717698223563935e-7
9730	5.718722980885585e-7
9731	5.719255119719355e-7
9732	5.719866372356790e-7
9733	5.720105930148606e-7
9734	5.720574998711634e-7
9735	5.721255911896660e-7
9736	5.721772813357718e-7
9737	5.722572077925750e-7
9738	5.722964332431331e-7
9739	5.723455231177884e-7
9740	5.724094800425774e-7
9741	5.724565408893415e-7
9742	5.725196081044272e-7
9743	5.725402362126453e-7
9744	5.726537022210291e-7
9745	5.727342124713357e-7
9746	5.727417399764121e-7
9747	5.728208510041565e-7
9748	5.729502319034394e-7
9749	5.729916738526110e-7
9750	5.730537566410188e-7
9751	5.730772918210232e-7
9752	5.731026832341635e-7
9753	5.732322221971432e-7
9754	5.732492465783691e-7
9755	5.732812512937170e-7
9756	5.733415756388471e-7
9757	5.733825734531686e-7
9758	5.734856275375312e-7
9759	5.734929255673355e-7
9760	5.736082064938538e-7
9761	5.736300405223677e-7
9762	5.736646405661125e-7
9763	5.737561272333260e-7
9764	5.738215736663100e-7
9765	5.738990753323242e-7
9766	5.739565078917683e-7
9767	5.739813385061012e-7
9768	5.740225238361441e-7
9769	5.741603238333157e-7
9770	5.741662429482481e-7
9771	5.742152389741309e-7
9772	5.743110560043200e-7
9773	5.743208931557747e-7
9774	5.743531707482203e-7
9775	5.744410626256369e-7
9776	5.744984063657647e-7
9777	5.745529249847702e-7
9778	5.745870791472874e-7
9779	5.746858632044038e-7
9780	5.746952573321682e-7
9781	5.747773891874056e-7
9782	5.748323993032652e-7
9783	5.748622727260411e-7
9784	5.749810726326065e-7
9785	5.749922824261144e-7
9786	5.750586471511308e-7
9787	5.751219810918206e-7
9788	5.752159222053471e-7
9789	5.752454156798041e-7
9790	5.752532396876838e-7
9791	5.753272092895767e-7
9792	5.754125067248762e-7
9793	5.755110887949411e-7
9794	5.755354564039311e-7
9795	5.756481621309215e-7
9796	5.756763064546973e-7
9797	5.757158759070703e-7
9798	5.757982411284460e-7
9799	5.758578082391700e-7
9800	5.758962770977482e-7
9801	5.759614058902286e-7
9802	5.760304010207128e-7
9803	5.760734987572804e-7
9804	5.760914210115060e-7
9805	5.761540935122968e-7
9806	5.762915572730270e-7
9807	5.763284106774558e-7
9808	5.763578354808184e-7
9809	5.764354238559558e-7
9810	5.764893019473764e-7
9811	5.765322485107536e-7
9812	5.765582309984329e-7
9813	5.766714999470732e-7
9814	5.766769278076533e-7
9815	5.768844313048958e-7
9816	5.769206112546941e-7
9817	5.769491892812003e-7
9818	5.769876091336481e-7
9819	5.770659238174370e-7
9820	5.771086194852676e-7
9821	5.771699326237270e-7
9822	5.772495278523352e-7
9823	5.773219042033991e-7
9824	5.773977892886322e-7
9825	5.774333626407255e-7
9826	5.775230460812865e-7
9827	5.775820230450769e-7
9828	5.776681796982634e-7
9829	5.776824985458411e-7
9830	5.776927831518337e-7
9831	5.777171887734565e-7
9832	5.778332830813472e-7
9833	5.778847785196485e-7
9834	5.779560497242515e-7
9835	5.780379833941475e-7
9836	5.781026811588230e-7
9837	5.782089347050451e-7
9838	5.782552769316435e-7
9839	5.783573623826476e-7
9840	5.784183533373389e-7
9841	5.784769375249541e-7
9842	5.784998268067726e-7
9843	5.785257184562850e-7
9844	5.785839363823473e-7
9845	5.786796249153002e-7
9846	5.787144776398315e-7
9847	5.787480091457025e-7
9848	5.788705742141216e-7
9849	5.789462331247679e-7
9850	5.790271062919655e-7
9851	5.790808921777808e-7
9852	5.791277469436429e-7
9853	5.791609972180476e-7
9854	5.792821455584747e-7
9855	5.792910569371450e-7
9856	5.793409145329237e-7
9857	5.794163772403583e-7
9858	5.794683856460600e-7
9859	5.795400584864751e-7
9860	5.796198100280138e-7
9861	5.796492000904407e-7
9862	5.797970850289250e-7
9863	5.798228056767721e-7
9864	5.799185445316649e-7
9865	5.799316330932872e-7
9866	5.800376169820697e-7
9867	5.800832755637406e-7
9868	5.801600340840211e-7
9869	5.802136999010169e-7
9870	5.802417865618846e-7
9871	5.803495324026745e-7
9872	5.803818601094283e-7
9873	5.803893621702747e-7
9874	5.804756256986690e-7
9875	5.804944191052171e-7
9876	5.806323480602172e-7
9877	5.807177272966621e-7
9878	5.807278158116779e-7
9879	5.807640041107367e-7
9880	5.808449779090250e-7
9881	5.808808145168590e-7
9882	5.809201626606685e-7
9883	5.810036080416368e-7
9884	5.810870202397728e-7
9885	5.811767435541952e-7
9886	5.812519693386011e-7
9887	5.813118893689150e-7
9888	5.814172516810656e-7
9889	5.814704433771217e-7
9890	5.814911611742303e-7
9891	5.815249829835544e-7
9892	5.816327947073455e-7
9893	5.816709320153683e-7
9894	5.817605379796952e-7
9895	5.818164632645177e-7
9896	5.818822981220280e-7
9897	5.819294639483727e-7
9898	5.820295945732713e-7
9899	5.820595619436398e-7
9900	5.821734216603909e-7
9901	5.822115132099075e-7
9902	5.823172744151661e-7
9903	5.823799137483410e-7
9904	5.824249044227338e-7
9905	5.824496458886022e-7
9906	5.824865410594791e-7
9907	5.825741118250290e-7
9908	5.826499552466148e-7
9909	5.827595738424104e-7
9910	5.828359324363660e-7
9911	5.828772087389987e-7
9912	5.829849294981567e-7
9913	5.830778772982175e-7
9914	5.831366490532890e-7
9915	5.831698440803604e-7
9916	5.831955248555705e-7
9917	5.832454953531360e-7
9918	5.834265051155352e-7
9919	5.834590862282890e-7
9920	5.834867448528741e-7
9921	5.836361816130176e-7
9922	5.837258296280852e-7
9923	5.838081073194819e-7
9924	5.839102848059769e-7
9925	5.839295049925283e-7
9926	5.840050372677385e-7
9927	5.840178215919138e-7
9928	5.840704761553177e-7
9929	5.841162965949890e-7
9930	5.841720874688206e-7
9931	5.842515364959995e-7
9932	5.843369896252373e-7
9933	5.844064634875033e-7
9934	5.844942811079144e-7
9935	5.845531290533043e-7
9936	5.845818210103688e-7
9937	5.846680458256987e-7
9938	5.847096919077699e-7
9939	5.848552825035028e-7
9940	5.848999267266279e-7
9941	5.849313407418530e-7
9942	5.849643831751327e-7
9943	5.850253652246984e-7
9944	5.851385759101097e-7
9945	5.851707003051353e-7
9946	5.852141849226477e-7
9947	5.852931670926513e-7
9948	5.853046854654193e-7
9949	5.854401093462786e-7
9950	5.854783867746018e-7
9951	5.854939886612030e-7
9952	5.856310229912899e-7
9953	5.857854789751579e-7
9954	5.858348570492557e-7
9955	5.858746661457861e-7
9956	5.859238205952324e-7
9957	5.860222019659589e-7
9958	5.860881552146954e-7
9959	5.861626087551362e-7
9960	5.862593340324548e-7
9961	5.862767480050868e-7
9962	5.864104111270282e-7
9963	5.864374656173687e-7
9964	5.864665728911245e-7
9965	5.865922275010531e-7
9966	5.866224085779655e-7
9967	5.866716559269138e-7
9968	5.867623063470739e-7
9969	5.868052437498813e-7
9970	5.868929983244408e-7
9971	5.869175394947219e-7
9972	5.869484836741265e-7
9973	5.870584713770928e-7
9974	5.871088755510162e-7
9975	5.872109602004602e-7
9976	5.872506534988013e-7
9977	5.872906139704261e-7
9978	5.873618709133691e-7
9979	5.874360646007833e-7
9980	5.875226182306343e-7
9981	5.876268295881740e-7
9982	5.876771350917026e-7
9983	5.877805331188569e-7
9984	5.878334387110951e-7
9985	5.879120826576204e-7
9986	5.880066193975017e-7
9987	5.880517607948059e-7
9988	5.881108465385135e-7
9989	5.881910798882304e-7
9990	5.882517384617724e-7
9991	5.882808028333262e-7
9992	5.884128117788397e-7
9993	5.884492662705687e-7
9994	5.885673273056846e-7
9995	5.886355060262483e-7
9996	5.886945826789967e-7
9997	5.887938183907917e-7
9998	5.888870277774381e-7
9999	5.889908689730385e-7
10000	5.890207183455466e-7
10001	5.890831287277803e-7
10002	5.891128663249502e-7
10003	5.891694400862625e-7
10004	5.892173528092475e-7
10005	5.893620126477829e-7
10006	5.894110131739284e-7
10007	5.895359979071554e-7
10008	5.896311797724829e-7
10009	5.896719172634973e-7
10010	5.897055236229197e-7
10011	5.897280384384474e-7
10012	5.898170501454268e-7
10013	5.898319132086038e-7
10014	5.898922011305741e-7
10015	5.899299418935788e-7
10016	5.899587661627883e-7
10017	5.901400119618982e-7
10018	5.902415590865323e-7
10019	5.902713721995041e-7
10020	5.903645443571313e-7
10021	5.903669888192577e-7
10022	5.905069563527139e-7
10023	5.905696335022636e-7
10024	5.906081114694541e-7
10025	5.906567695561415e-7
10026	5.907446582304181e-7
10027	5.908373537950178e-7
10028	5.909048530939111e-7
10029	5.909790137467630e-7
10030	5.911104437449795e-7
10031	5.912207375732056e-7
10032	5.912683010411922e-7
10033	5.913264378440975e-7
10034	5.914108460875884e-7
10035	5.914925401111352e-7
10036	5.915503813719773e-7
10037	5.916105211813808e-7
10038	5.916753686830711e-7
10039	5.917715272985265e-7
10040	5.918810179531874e-7
10041	5.919251068918801e-7
10042	5.919727737996893e-7
10043	5.921117730178956e-7
10044	5.922211217954470e-7
10045	5.922433359580953e-7
10046	5.923128910474885e-7
10047	5.923792522126919e-7
10048	5.924183399462283e-7
10049	5.924828577725313e-7
10050	5.925343999508370e-7
10051	5.925890505925762e-7
10052	5.927000495394462e-7
10053	5.927365506443766e-7
10054	5.928006966666527e-7
10055	5.928719479464194e-7
10056	5.929492909095709e-7
10057	5.930596461233759e-7
10058	5.932738328450332e-7
10059	5.933041141934745e-7
10060	5.933538073306503e-7
10061	5.934200736349915e-7
10062	5.934492127043938e-7
10063	5.936146056392118e-7
10064	5.936580063839292e-7
10065	5.937597662875902e-7
10066	5.938313894723553e-7
10067	5.939136622969767e-7
10068	5.940056404906792e-7
10069	5.940651274900476e-7
10070	5.940986867855324e-7
10071	5.941530433706583e-7
10072	5.942093017199986e-7
10073	5.943657898125260e-7
10074	5.944228350202619e-7
10075	5.944787581272222e-7
10076	5.945883560829992e-7
10077	5.946281820210790e-7
10078	5.946966532840840e-7
10079	5.947400904045983e-7
10080	5.949038669691268e-7
10081	5.949295898426545e-7
10082	5.949830594155004e-7
10083	5.950946707259447e-7
10084	5.951142745555676e-7
10085	5.951881707571070e-7
10086	5.952373683993729e-7
10087	5.953858924093876e-7
10088	5.954321692800315e-7
10089	5.954627073142390e-7
10090	5.955253007236588e-7
10091	5.956124881925794e-7
10092	5.956961375797155e-7
10093	5.958271340427407e-7
10094	5.958894805940796e-7
10095	5.959774761746197e-7
10096	5.960826132741480e-7
10097	5.961199455596079e-7
10098	5.962161627504692e-7
10099	5.962533746575407e-7
10100	5.963912329282967e-7
10101	5.964424148608361e-7
10102	5.965048605545977e-7
10103	5.965801484504580e-7
10104	5.966218004395030e-7
10105	5.966820541685258e-7
10106	5.967187360943350e-7
10107	5.967881351957571e-7
10108	5.968894842763405e-7
10109	5.969891322824209e-7
10110	5.971265176633002e-7
10111	5.971621280021857e-7
10112	5.972572564363060e-7
10113	5.973298609269743e-7
10114	5.973855725956797e-7
10115	5.974174318162175e-7
10116	5.975627308475603e-7
10117	5.976251954029191e-7
10118	5.976744549528726e-7
10119	5.978626054088501e-7
10120	5.979376172858107e-7
10121	5.980224939820133e-7
10122	5.981600620405013e-7
10123	5.982070505444714e-7
10124	5.982504502872480e-7
10125	5.984160310662409e-7
10126	5.984560479958677e-7
10127	5.984974727493349e-7
10128	5.986155238781259e-7
10129	5.986844504007595e-7
10130	5.987375228399703e-7
10131	5.988632403601175e-7
10132	5.989219604792393e-7
10133	5.989804202456021e-7
10134	5.990812456395444e-7
10135	5.991131184062574e-7
10136	5.992068002825243e-7
10137	5.992882798086157e-7
10138	5.994252201236725e-7
10139	5.995104036998723e-7
10140	5.996289170856972e-7
10141	5.997191165499936e-7
10142	5.998350020650194e-7
10143	5.998923521006439e-7
10144	5.999905460449743e-7
10145	6.000095026555748e-7
10146	6.000406736747503e-7
10147	6.001413347943739e-7
10148	6.002065931638045e-7
10149	6.002606626689048e-7
10150	6.003036611536162e-7
10151	6.003477810923828e-7
10152	6.004911323491367e-7
10153	6.005434757758238e-7
10154	6.006773922009974e-7
10155	6.007193822281746e-7
10156	6.007643461786392e-7
10157	6.008306331446924e-7
10158	6.008444481942055e-7
10159	6.010447378170798e-7
10160	6.011413466000129e-7
10161	6.011620098502797e-7
10162	6.012122003259704e-7
10163	6.013433286993761e-7
10164	6.015321345180327e-7
10165	6.016527163652476e-7
10166	6.016681815576013e-7
10167	6.017068236816295e-7
10168	6.018582423804678e-7
10169	6.019744699897137e-7
10170	6.020723748487724e-7
10171	6.021145882193544e-7
10172	6.022172525674034e-7
10173	6.023343818185218e-7
10174	6.023777380937790e-7
10175	6.024454500446026e-7
10176	6.025558681242094e-7
10177	6.026161696718429e-7
10178	6.026519134054050e-7
10179	6.027680877260057e-7
10180	6.028409138806336e-7
10181	6.029699863629581e-7
10182	6.031207519860040e-7
10183	6.031631732662312e-7
10184	6.032182468514571e-7
10185	6.033149736676210e-7
10186	6.033646990603765e-7
10187	6.033816271812445e-7
10188	6.034462457235871e-7
10189	6.035705897131181e-7
10190	6.036232867772335e-7
10191	6.037340037912245e-7
10192	6.037621104650001e-7
10193	6.038583184643707e-7
10194	6.039780965674549e-7
10195	6.041512143463281e-7
10196	6.042342143921544e-7
10197	6.042613921740407e-7
10198	6.043208654246824e-7
10199	6.044784270726603e-7
10200	6.045788928489689e-7
10201	6.046303113682487e-7
10202	6.047404461096990e-7
10203	6.048179307569924e-7
10204	6.048470876774659e-7
10205	6.049060717099732e-7
10206	6.050371900255025e-7
10207	6.051572881932335e-7
10208	6.053166981860629e-7
10209	6.053332944415586e-7
10210	6.053859156162768e-7
10211	6.055110042005065e-7
10212	6.056020615966377e-7
10213	6.057020975918777e-7
10214	6.057431767196445e-7
10215	6.058630249334994e-7
10216	6.059177317902483e-7
10217	6.060012805048171e-7
10218	6.060172032075752e-7
10219	6.061147047519142e-7
10220	6.061623059870105e-7
10221	6.062401571655097e-7
10222	6.063117405328415e-7
10223	6.064634210171703e-7
10224	6.064885277983813e-7
10225	6.065229823970652e-7
10226	6.065835799180713e-7
10227	6.066734311230516e-7
10228	6.068477052560184e-7
10229	6.068747356569686e-7
10230	6.070075634786655e-7
10231	6.071005922083098e-7
10232	6.071153547457298e-7
10233	6.072076806506401e-7
10234	6.072886983054286e-7
10235	6.073536936204813e-7
10236	6.074154328325694e-7
10237	6.074744416141249e-7
10238	6.075179516330922e-7
10239	6.075785642221673e-7
10240	6.077293955415827e-7
10241	6.077879981326660e-7
10242	6.078798445107782e-7
10243	6.080021252669599e-7
10244	6.081570936368815e-7
10245	6.081921218767818e-7
10246	6.083179508614162e-7
10247	6.083559303445671e-7
10248	6.084159856548505e-7
10249	6.085262626273380e-7
10250	6.085379488087007e-7
10251	6.086663233916009e-7
10252	6.087597905333986e-7
10253	6.088805739515367e-7
10254	6.089304668566904e-7
10255	6.090395343318469e-7
10256	6.091695492200107e-7
10257	6.091862892851838e-7
10258	6.092898091622284e-7
10259	6.094157548778808e-7
10260	6.095134702630853e-7
10261	6.095982692190679e-7
10262	6.096035701566179e-7
10263	6.096807461343664e-7
10264	6.098785768787559e-7
10265	6.099118602109712e-7
10266	6.099984735335452e-7
10267	6.100560150724402e-7
10268	6.101189269908310e-7
10269	6.102475853628193e-7
10270	6.102888767088894e-7
10271	6.103066988948529e-7
10272	6.104488906479030e-7
10273	6.104898853799895e-7
10274	6.105744666003906e-7
10275	6.106111552126641e-7
10276	6.106977378543187e-7
10277	6.108529697850795e-7
10278	6.108992756567056e-7
10279	6.109692572900366e-7
10280	6.110476187772323e-7
10281	6.111713476106101e-7
10282	6.113182782043406e-7
10283	6.113581514870184e-7
10284	6.114744675398470e-7
10285	6.115513728890375e-7
10286	6.116445488370363e-7
10287	6.116996391586946e-7
10288	6.117786750082335e-7
10289	6.118940238455868e-7
10290	6.119318244168260e-7
10291	6.120061800655209e-7
10292	6.120570215225880e-7
10293	6.121093218679873e-7
10294	6.121282369671664e-7
10295	6.122605715441631e-7
10296	6.124258044551788e-7
10297	6.124836426647929e-7
10298	6.125192898798804e-7
10299	6.125842478846789e-7
10300	6.126618608844755e-7
10301	6.127106135574824e-7
10302	6.128144946630531e-7
10303	6.128769495737899e-7
10304	6.130192816190654e-7
10305	6.130497909810822e-7
10306	6.131053685154532e-7
10307	6.131970955406746e-7
10308	6.132825857380325e-7
10309	6.132990329902273e-7
10310	6.133674331433609e-7
10311	6.134906472946736e-7
10312	6.136082107541526e-7
10313	6.136414798293914e-7
10314	6.137278150416141e-7
10315	6.138501834247571e-7
10316	6.138835960192567e-7
10317	6.139409183581083e-7
10318	6.140056866299642e-7
10319	6.141205387213872e-7
10320	6.142080559330715e-7
10321	6.142923281959940e-7
10322	6.144497446561891e-7
10323	6.144901679393502e-7
10324	6.145665008186198e-7
10325	6.146191618025131e-7
10326	6.147206208834734e-7
10327	6.147553856318025e-7
10328	6.148896259693532e-7
10329	6.149222908474568e-7
10330	6.149966507580305e-7
10331	6.150025040811027e-7
10332	6.150619025607045e-7
10333	6.151474827805358e-7
10334	6.152005269462110e-7
10335	6.152205759175084e-7
10336	6.153560561811233e-7
10337	6.154116177728120e-7
10338	6.156049149369410e-7
10339	6.157274032560398e-7
10340	6.157589592189695e-7
10341	6.157927250017766e-7
10342	6.158182176145557e-7
10343	6.158689318743087e-7
10344	6.161660935490912e-7
10345	6.162051151366796e-7
10346	6.162803911568166e-7
10347	6.163445940746877e-7
10348	6.163936974319406e-7
10349	6.164782959987987e-7
10350	6.165629373166394e-7
10351	6.166557655554421e-7
10352	6.167248573955709e-7
10353	6.167668086891606e-7
10354	6.168603435589066e-7
10355	6.169783410236258e-7
10356	6.170343399858201e-7
10357	6.171048067273135e-7
10358	6.171648832916071e-7
10359	6.172461110612945e-7
10360	6.172898972875296e-7
10361	6.173304031929687e-7
10362	6.173913176427569e-7
10363	6.175167994050798e-7
10364	6.175589020296105e-7
10365	6.176505408608697e-7
10366	6.177234964684370e-7
10367	6.177989705444872e-7
10368	6.178968695533514e-7
10369	6.179397437304753e-7
10370	6.180248204364707e-7
10371	6.180486124355033e-7
10372	6.182285071615201e-7
10373	6.182497894302002e-7
10374	6.182954098607981e-7
10375	6.184391221781664e-7
10376	6.185353599695477e-7
10377	6.185805944464319e-7
10378	6.186953064947539e-7
10379	6.187417171607909e-7
10380	6.187934474321110e-7
10381	6.189260579275906e-7
10382	6.189508097295079e-7
10383	6.190678287231481e-7
10384	6.191913475143630e-7
10385	6.192575975560448e-7
10386	6.192827446072658e-7
10387	6.192939001015944e-7
10388	6.194270568358293e-7
10389	6.195318565673378e-7
10390	6.195721348858525e-7
10391	6.196223023708805e-7
10392	6.197661374389773e-7
10393	6.198226281200452e-7
10394	6.199507167443025e-7
10395	6.200295333704378e-7
10396	6.200525004255911e-7
10397	6.201360033879725e-7
10398	6.202701227930747e-7
10399	6.203182895863455e-7
10400	6.203338330277948e-7
10401	6.204187416366899e-7
10402	6.204980524223052e-7
10403	6.205249198139394e-7
10404	6.205864828706524e-7
10405	6.207235004475816e-7
10406	6.207813692181564e-7
10407	6.207996592994916e-7
10408	6.208996829862221e-7
10409	6.209610680521086e-7
10410	6.209978193278819e-7
10411	6.210563268482720e-7
10412	6.211656298785225e-7
10413	6.212243954338227e-7
10414	6.212902861022715e-7
10415	6.213761498981739e-7
10416	6.215060102775994e-7
10417	6.215607490611536e-7
10418	6.216642816944460e-7
10419	6.216806800568086e-7
10420	6.217529903530484e-7
10421	6.218634609262116e-7
10422	6.219720748562335e-7
10423	6.220037096314822e-7
10424	6.220712345761836e-7
10425	6.221066801365380e-7
10426	6.221949916602066e-7
10427	6.222666530584972e-7
10428	6.223875072200626e-7
10429	6.223969796016202e-7
10430	6.224466642883917e-7
10431	6.225105402787591e-7
10432	6.225694875829321e-7
10433	6.226338709115356e-7
10434	6.227574450873660e-7
10435	6.227642042651266e-7
10436	6.228322169834322e-7
10437	6.229155554358985e-7
10438	6.229815423475520e-7
10439	6.230586433255470e-7
10440	6.230712831215788e-7
10441	6.231544659485002e-7
10442	6.232947477370874e-7
10443	6.234287398033516e-7
10444	6.234487254945431e-7
10445	6.235248220726153e-7
10446	6.236170287702176e-7
10447	6.236562792001940e-7
10448	6.236972247472907e-7
10449	6.237333866241508e-7
10450	6.238469290353492e-7
10451	6.238928888158138e-7
10452	6.239383403245729e-7
10453	6.239570247275298e-7
10454	6.240276966687877e-7
10455	6.241020806759106e-7
10456	6.241969206187004e-7
10457	6.242678128364068e-7
10458	6.243558449961706e-7
10459	6.243677314720502e-7
10460	6.244474398476931e-7
10461	6.246021713603300e-7
10462	6.246227973680753e-7
10463	6.246835908086707e-7
10464	6.247135148075507e-7
10465	6.248063097673737e-7
10466	6.249272810613770e-7
10467	6.250105782681487e-7
10468	6.250877370707439e-7
10469	6.251784529033498e-7
10470	6.252302816421492e-7
10471	6.252662040336855e-7
10472	6.253525374050365e-7
10473	6.253888254992444e-7
10474	6.254343469702364e-7
10475	6.255157204217165e-7
10476	6.255391498774224e-7
10477	6.256389501950293e-7
10478	6.257317630503858e-7
10479	6.257960051117691e-7
10480	6.258672426618487e-7
10481	6.259374031281798e-7
10482	6.260470880911411e-7
10483	6.261452231896376e-7
10484	6.262033905091337e-7
10485	6.262464728865802e-7
10486	6.262971916076810e-7
10487	6.263121089698162e-7
10488	6.264004618464819e-7
10489	6.265571668537180e-7
10490	6.266331358446292e-7
10491	6.267052747070890e-7
10492	6.268185444337703e-7
10493	6.268860674139383e-7
10494	6.268905040788363e-7
10495	6.269920491494275e-7
10496	6.270875088338018e-7
10497	6.271190588710521e-7
10498	6.271943975327244e-7
10499	6.272713945764205e-7
10500	6.273270531214762e-7
10501	6.274500368402620e-7
10502	6.274793257178663e-7
10503	6.275509942949877e-7
10504	6.275873075648774e-7
10505	6.276308275681406e-7
10506	6.276816492725939e-7
10507	6.277690316386541e-7
10508	6.278164724779002e-7
10509	6.278506348745288e-7
10510	6.279447963193118e-7
10511	6.279777874247338e-7
10512	6.280459266274611e-7
10513	6.280948859491878e-7
10514	6.281550959285020e-7
10515	6.282121553244692e-7
10516	6.282492508285180e-7
10517	6.283692258101930e-7
10518	6.284004520545071e-7
10519	6.285231550862962e-7
10520	6.285930686458772e-7
10521	6.286623318872834e-7
10522	6.287151831482070e-7
10523	6.287193833968970e-7
10524	6.288132037714229e-7
10525	6.288758736840025e-7
10526	6.289468838509190e-7
10527	6.290134072694959e-7
10528	6.290695861936845e-7
10529	6.291812096628139e-7
10530	6.292256624285952e-7
10531	6.292752689580788e-7
10532	6.292948810135428e-7
10533	6.294278075741392e-7
10534	6.294795558917760e-7
10535	6.295206908334272e-7
10536	6.295641731379818e-7
10537	6.295747917584748e-7
10538	6.296724384745291e-7
10539	6.297101515242198e-7
10540	6.298434747677079e-7
10541	6.298609448585752e-7
10542	6.299421222870906e-7
10543	6.300381723797962e-7
10544	6.300966955201949e-7
10545	6.301681103989226e-7
10546	6.302126708736689e-7
10547	6.302854795890424e-7
10548	6.303723038527795e-7
10549	6.304339688434011e-7
10550	6.305182402581125e-7
10551	6.305312680259850e-7
10552	6.305746169762370e-7
10553	6.305838134793129e-7
10554	6.307226718166396e-7
10555	6.307999604201834e-7
10556	6.308277517442439e-7
10557	6.308615964436608e-7
10558	6.309445805868978e-7
10559	6.310001755014042e-7
10560	6.310186614961247e-7
10561	6.310900677560882e-7
10562	6.311661020050016e-7
10563	6.312326769787039e-7
10564	6.312886564443526e-7
10565	6.313555535168044e-7
10566	6.314187718933054e-7
10567	6.314858063095947e-7
10568	6.315405449899146e-7
10569	6.315618560578471e-7
10570	6.316838281692899e-7
10571	6.317473984292404e-7
10572	6.317990897957787e-7
10573	6.318842273106101e-7
10574	6.319558581822190e-7
10575	6.319903322733675e-7
10576	6.320394678092451e-7
10577	6.321381586854502e-7
10578	6.321717112250222e-7
10579	6.322125963704078e-7
10580	6.322872956774987e-7
10581	6.323378946233525e-7
10582	6.324332019981301e-7
10583	6.324859894121238e-7
10584	6.325701987491807e-7
10585	6.325765390776108e-7
10586	6.326605050324702e-7
10587	6.326840379019150e-7
10588	6.327267909292154e-7
10589	6.328354864108976e-7
10590	6.328813919432652e-7
10591	6.329534328297371e-7
10592	6.330148681624064e-7
10593	6.330697111009301e-7
10594	6.331152364526222e-7
10595	6.332352894023156e-7
10596	6.332820075383344e-7
10597	6.333153232311433e-7
10598	6.333434922708028e-7
10599	6.334522430766221e-7
10600	6.336218664409598e-7
10601	6.336497242086369e-7
10602	6.336739254645177e-7
10603	6.337890377354543e-7
10604	6.338091704504137e-7
10605	6.338394463498248e-7
10606	6.339130023821739e-7
10607	6.339456726132275e-7
10608	6.339702833351148e-7
10609	6.340107654963541e-7
10610	6.341013002313614e-7
10611	6.341693133851019e-7
10612	6.342356398778713e-7
10613	6.342931050345768e-7
10614	6.343280635856525e-7
10615	6.343968506915298e-7
10616	6.344884606641619e-7
10617	6.345112784011318e-7
10618	6.345549380819402e-7
10619	6.346092862948389e-7
10620	6.346644656942651e-7
10621	6.346801008151621e-7
10622	6.348027988298808e-7
10623	6.348522828504269e-7
10624	6.348781312894014e-7
10625	6.349325055750942e-7
10626	6.349866354097206e-7
10627	6.350769109367321e-7
10628	6.351394761886422e-7
10629	6.352100762613146e-7
10630	6.352917302512203e-7
10631	6.353163002252721e-7
10632	6.353395476538456e-7
10633	6.354404556202319e-7
10634	6.354976525539210e-7
10635	6.355577856977517e-7
10636	6.356173512162593e-7
10637	6.356455012485623e-7
10638	6.356700261802365e-7
10639	6.357660125961803e-7
10640	6.358722150257420e-7
10641	6.359039264964301e-7
10642	6.359459959863290e-7
10643	6.359845199517740e-7
10644	6.360428266845015e-7
10645	6.361312971227292e-7
10646	6.361792378548966e-7
10647	6.362344353603603e-7
10648	6.362961932872008e-7
10649	6.363912577893156e-7
10650	6.364463093187255e-7
10651	6.364821855913172e-7
10652	6.365569405536383e-7
10653	6.365760010997125e-7
10654	6.366136301923580e-7
10655	6.366695550549875e-7
10656	6.366999698281177e-7
10657	6.367571281715674e-7
10658	6.368250586901506e-7
10659	6.368399556324979e-7
10660	6.369327453438489e-7
10661	6.369843331621342e-7
10662	6.370465710123745e-7
10663	6.370890585753942e-7
10664	6.371329978510688e-7
10665	6.371691066748493e-7
10666	6.373351004894682e-7
10667	6.373642381259405e-7
10668	6.374672792740777e-7
10669	6.375458952324707e-7
10670	6.375541588397011e-7
10671	6.375642708772054e-7
10672	6.375951442131978e-7
10673	6.376492087085160e-7
10674	6.377164862464600e-7
10675	6.378385780127631e-7
10676	6.378459422183924e-7
10677	6.379331570425382e-7
10678	6.379555399626935e-7
10679	6.380003278239625e-7
10680	6.380721462942528e-7
10681	6.381623882271613e-7
10682	6.382039139025035e-7
10683	6.382482485611835e-7
10684	6.382881078890001e-7
10685	6.383187267347337e-7
10686	6.383873597997716e-7
10687	6.384409912265810e-7
10688	6.384957574059385e-7
10689	6.386100182146184e-7
10690	6.386523183708013e-7
10691	6.387244076724400e-7
10692	6.388341549155467e-7
10693	6.388560366348107e-7
10694	6.389142400788595e-7
10695	6.389811289211383e-7
10696	6.390469314024292e-7
10697	6.390936414431189e-7
10698	6.391194232743970e-7
10699	6.391810421129815e-7
10700	6.392216812229008e-7
10701	6.393091902102153e-7
10702	6.393367712957163e-7
10703	6.394383270227257e-7
10704	6.395086614111350e-7
10705	6.395190158408508e-7
10706	6.396270230155132e-7
10707	6.396416707568669e-7
10708	6.396847188341552e-7
10709	6.397774203137211e-7
10710	6.398468978098786e-7
10711	6.398997216422607e-7
10712	6.399599332509188e-7
10713	6.399945693540717e-7
10714	6.400540107518078e-7
10715	6.400731450894717e-7
10716	6.401778369915295e-7
10717	6.402146741442566e-7
10718	6.402776136643556e-7
10719	6.403110143875010e-7
10720	6.403458717416171e-7
10721	6.403694847940522e-7
10722	6.404855065694844e-7
10723	6.405081893849821e-7
10724	6.406079279939331e-7
10725	6.406516073499292e-7
10726	6.406903962845939e-7
10727	6.407604596201550e-7
10728	6.408205416316018e-7
10729	6.409174124577004e-7
10730	6.410107859708890e-7
10731	6.410475091425789e-7
10732	6.410709516219434e-7
10733	6.411438440262939e-7
10734	6.411951048450024e-7
10735	6.412227817474923e-7
10736	6.412670006726917e-7
10737	6.413815862279970e-7
10738	6.413931554876997e-7
10739	6.414669718441143e-7
10740	6.415014252389417e-7
10741	6.415638247310993e-7
10742	6.415906696611843e-7
10743	6.416650455897130e-7
10744	6.417551581550136e-7
10745	6.417670641420135e-7
10746	6.418400548948547e-7
10747	6.418895760960032e-7
10748	6.419558623116803e-7
10749	6.419733170235056e-7
10750	6.420804849514110e-7
10751	6.421168341786237e-7
10752	6.421991517990131e-7
10753	6.422511069855641e-7
10754	6.423396014566404e-7
10755	6.423896700139127e-7
10756	6.424176147596904e-7
10757	6.425682933694484e-7
10758	6.426433050890048e-7
10759	6.426807297625226e-7
10760	6.427262935648851e-7
10761	6.427504208579911e-7
10762	6.428109628191465e-7
10763	6.428848037145214e-7
10764	6.429296964413426e-7
10765	6.430156652197152e-7
10766	6.431024023525410e-7
10767	6.431315432603392e-7
10768	6.431955232607920e-7
10769	6.432761909211394e-7
10770	6.433492605510605e-7
10771	6.433726141041489e-7
10772	6.433896312187239e-7
10773	6.434737500378901e-7
10774	6.435409002710936e-7
10775	6.436088426092892e-7
10776	6.437079693061917e-7
10777	6.437427400658291e-7
10778	6.437756671631759e-7
10779	6.438127116615813e-7
10780	6.439598194590869e-7
10781	6.439834306694047e-7
10782	6.440748170402168e-7
10783	6.441133185748593e-7
10784	6.441543321242747e-7
10785	6.441969268626172e-7
10786	6.442559378649895e-7
10787	6.443597433805000e-7
10788	6.444018587940499e-7
10789	6.444730398109924e-7
10790	6.445148681518928e-7
10791	6.445502908647008e-7
10792	6.446262403991304e-7
10793	6.446689736320429e-7
10794	6.447405290792827e-7
10795	6.447861623267724e-7
10796	6.448640239499032e-7
10797	6.449376842450845e-7
10798	6.449932058197832e-7
10799	6.450475413646506e-7
10800	6.451569617396830e-7
10801	6.452095798350886e-7
10802	6.452223905821055e-7
10803	6.452282699124491e-7
10804	6.453381267620050e-7
10805	6.454091784043257e-7
10806	6.454884565072194e-7
10807	6.455713748967925e-7
10808	6.456135884245810e-7
10809	6.456465686153614e-7
10810	6.457660668621990e-7
10811	6.458617266359749e-7
10812	6.459123600899635e-7
10813	6.459695000892374e-7
10814	6.460008714134064e-7
10815	6.460389034212432e-7
10816	6.460605016348025e-7
10817	6.461573792569995e-7
10818	6.463240154258900e-7
10819	6.463464962726525e-7
10820	6.463804468795808e-7
10821	6.464458775695791e-7
10822	6.464851933503889e-7
10823	6.466700481996698e-7
10824	6.467145444440804e-7
10825	6.467737935002940e-7
10826	6.468538720139509e-7
10827	6.469013043892091e-7
10828	6.469773008406417e-7
10829	6.470524505527873e-7
10830	6.471030380274005e-7
10831	6.471276687380253e-7
10832	6.471585365079220e-7
10833	6.472378785942306e-7
10834	6.473028366721892e-7
10835	6.473917543155337e-7
10836	6.473987278522565e-7
10837	6.474736299267742e-7
10838	6.475152966320948e-7
10839	6.475773835209255e-7
10840	6.476020153636118e-7
10841	6.477029043337594e-7
10842	6.477414389032301e-7
10843	6.478660228874947e-7
10844	6.479354358844920e-7
10845	6.479846962351836e-7
10846	6.480288165964164e-7
10847	6.480996986672441e-7
10848	6.481908165090850e-7
10849	6.482816023981714e-7
10850	6.483239418357268e-7
10851	6.484122226261085e-7
10852	6.484509509720506e-7
10853	6.485156626163124e-7
10854	6.485563791019961e-7
10855	6.486761784964204e-7
10856	6.487287152563157e-7
10857	6.487613109740516e-7
10858	6.488587470496389e-7
10859	6.489623866877842e-7
10860	6.489890721920851e-7
10861	6.490833764655628e-7
10862	6.491145503593683e-7
10863	6.491812871049395e-7
10864	6.492477984787862e-7
10865	6.492729202342067e-7
10866	6.493809139716729e-7
10867	6.494084312186329e-7
10868	6.495131446380347e-7
10869	6.495627381935262e-7
10870	6.496233024343576e-7
10871	6.496876399739695e-7
10872	6.497516031108368e-7
10873	6.498336896760076e-7
10874	6.499038945983057e-7
10875	6.499752589427263e-7
10876	6.500129807644064e-7
10877	6.500822590608134e-7
10878	6.502391244172768e-7
10879	6.502588807171107e-7
10880	6.503471802223660e-7
10881	6.504259401576948e-7
10882	6.505446495988397e-7
10883	6.505584355947355e-7
10884	6.506283743771711e-7
10885	6.507119387471408e-7
10886	6.507475028254430e-7
10887	6.507610070166267e-7
10888	6.508236094515380e-7
10889	6.508623882959751e-7
10890	6.509705062384039e-7
10891	6.510100214926948e-7
10892	6.510795415659273e-7
10893	6.511400198135356e-7
10894	6.512458528432131e-7
10895	6.512837835087832e-7
10896	6.513029771469901e-7
10897	6.513652695917971e-7
10898	6.514905132484440e-7
10899	6.515422394070019e-7
10900	6.516179038950897e-7
10901	6.516649338060629e-7
10902	6.517181945589709e-7
10903	6.518486429079056e-7
10904	6.520080247945373e-7
10905	6.521290570742808e-7
10906	6.521527345683100e-7
10907	6.522149934981127e-7
10908	6.522653594692618e-7
10909	6.523000260799590e-7
10910	6.523953884402762e-7
10911	6.524272075203681e-7
10912	6.524843818192704e-7
10913	6.525372312529844e-7
10914	6.527007717007326e-7
10915	6.528156603005583e-7
10916	6.528502281795745e-7
10917	6.529502365752361e-7
10918	6.529677303853056e-7
10919	6.530504437064579e-7
10920	6.531361301247266e-7
10921	6.531603490621406e-7
10922	6.532875465745226e-7
10923	6.533326137006312e-7
10924	6.533680631668540e-7
10925	6.535048681053026e-7
10926	6.535736346345285e-7
10927	6.536607421237203e-7
10928	6.537446946484904e-7
10929	6.537987252248277e-7
10930	6.538596022079050e-7
10931	6.539401383448037e-7
10932	6.540158321453954e-7
10933	6.540609913571070e-7
10934	6.542136103390983e-7
10935	6.542715310212517e-7
10936	6.542959286784397e-7
10937	6.543507598562099e-7
10938	6.544183610507837e-7
10939	6.544389603970918e-7
10940	6.545009662458987e-7
10941	6.545648945421915e-7
10942	6.546975441716086e-7
10943	6.548737109536383e-7
10944	6.549140567772753e-7
10945	6.549360438904947e-7
10946	6.550834481824741e-7
10947	6.551290183693712e-7
10948	6.551905910846520e-7
10949	6.552878571894494e-7
10950	6.552884628374451e-7
10951	6.553341748860605e-7
10952	6.553838108422619e-7
10953	6.554478391949449e-7
10954	6.554951203982632e-7
10955	6.555812007866897e-7
10956	6.557682819857395e-7
10957	6.558901896286732e-7
10958	6.559048768055664e-7
10959	6.560087275510823e-7
10960	6.560640490197407e-7
10961	6.561132268052129e-7
10962	6.561553911953682e-7
10963	6.561990657813645e-7
10964	6.563158927822118e-7
10965	6.564604430391417e-7
10966	6.565012585212020e-7
10967	6.565331400110620e-7
10968	6.566636264728139e-7
10969	6.567579637437003e-7
10970	6.568240890520362e-7
10971	6.568445546348530e-7
10972	6.569146178789743e-7
10973	6.569652652142889e-7
10974	6.570654398390506e-7
10975	6.571326715601198e-7
10976	6.571803752220124e-7
10977	6.572834573272228e-7
10978	6.573261898876528e-7
10979	6.574403862241789e-7
10980	6.575082904190770e-7
10981	6.576321172263782e-7
10982	6.576680114437905e-7
10983	6.576822660982945e-7
10984	6.577819211566076e-7
10985	6.578769690320718e-7
10986	6.579891355797487e-7
10987	6.580601666611206e-7
10988	6.580827649549902e-7
10989	6.582991410164556e-7
10990	6.583200610849330e-7
10991	6.584160572644646e-7
10992	6.584527156168542e-7
10993	6.585511068463968e-7
10994	6.585740921135307e-7
10995	6.586444318556893e-7
10996	6.587240988059694e-7
10997	6.587538283477913e-7
10998	6.588738352596627e-7
10999	6.589987728595110e-7
11000	6.590473185398241e-7
11001	6.590875413586004e-7
11002	6.591620320555505e-7
11003	6.593261219727342e-7
11004	6.593891739988973e-7
11005	6.594506817868585e-7
11006	6.595101211799179e-7
11007	6.595997728971368e-7
11008	6.596591183297133e-7
11009	6.597118528104938e-7
11010	6.597944658759539e-7
11011	6.598740954630205e-7
11012	6.599720780486552e-7
11013	6.600263802814070e-7
11014	6.601625598240660e-7
11015	6.602105802959459e-7
11016	6.602924303684076e-7
11017	6.603540324494892e-7
11018	6.604283632844877e-7
11019	6.604912632460663e-7
11020	6.605731828692735e-7
11021	6.606226920373868e-7
11022	6.606675164422215e-7
11023	6.607918090770258e-7
11024	6.609039085132262e-7
11025	6.609543111057268e-7
11026	6.610225422950095e-7
11027	6.611579442554068e-7
11028	6.612246690739538e-7
11029	6.612767340025813e-7
11030	6.613776283470748e-7
11031	6.614218733741543e-7
11032	6.614414264878623e-7
11033	6.615823623129476e-7
11034	6.616320580604932e-7
11035	6.617336824261042e-7
11036	6.618465561738185e-7
11037	6.618834605348983e-7
11038	6.619944212469792e-7
11039	6.620081113647293e-7
11040	6.620512784224137e-7
11041	6.622831526912914e-7
11042	6.623679362666272e-7
11043	6.624185419018683e-7
11044	6.624957238973476e-7
11045	6.625697294916891e-7
11046	6.626532680251681e-7
11047	6.626789557538164e-7
11048	6.627398149779517e-7
11049	6.627939858738146e-7
11050	6.629029424823922e-7
11051	6.630004122568927e-7
11052	6.630638081052158e-7
11053	6.631393240605255e-7
11054	6.632523180172552e-7
11055	6.632915531425629e-7
11056	6.633627043452343e-7
11057	6.634762547936640e-7
11058	6.635573281286027e-7
11059	6.636167357027292e-7
11060	6.636729256235562e-7
11061	6.637836297071195e-7
11062	6.638295387198441e-7
11063	6.638725658561668e-7
11064	6.639822020135655e-7
11065	6.640510549492644e-7
11066	6.641955095693643e-7
11067	6.643356053471669e-7
11068	6.643825101529749e-7
11069	6.644593718237464e-7
11070	6.645377639868273e-7
11071	6.645827683318291e-7
11072	6.646577760672687e-7
11073	6.646901298307072e-7
11074	6.647237928791374e-7
11075	6.648760431000479e-7
11076	6.649080113568355e-7
11077	6.649333090745214e-7
11078	6.650981031185353e-7
11079	6.651056803507215e-7
11080	6.652721843485885e-7
11081	6.653578209924780e-7
11082	6.654256338161510e-7
11083	6.654406430989541e-7
11084	6.655625143684925e-7
11085	6.656916629106740e-7
11086	6.657309110167328e-7
11087	6.659057022919617e-7
11088	6.659959807970315e-7
11089	6.660205660004983e-7
11090	6.660816931924437e-7
11091	6.661505878216321e-7
11092	6.662269816891350e-7
11093	6.663118084408506e-7
11094	6.663833792290586e-7
11095	6.664231706941271e-7
11096	6.665503564502185e-7
11097	6.666162257935597e-7
11098	6.667917692203626e-7
11099	6.668536173921375e-7
11100	6.668670996262362e-7
11101	6.669070555929372e-7
11102	6.669766694209353e-7
11103	6.670137659090155e-7
11104	6.672395193956191e-7
11105	6.673364339805202e-7
11106	6.673988597137032e-7
11107	6.675577832729703e-7
11108	6.676687717093657e-7
11109	6.677119088877307e-7
11110	6.677742478697776e-7
11111	6.678143426280196e-7
11112	6.678859048469336e-7
11113	6.679358556789946e-7
11114	6.680385454418129e-7
11115	6.680833873892435e-7
11116	6.681083162060507e-7
11117	6.681947677046230e-7
11118	6.683225395458614e-7
11119	6.683669428745312e-7
11120	6.684077399609073e-7
11121	6.685761747295183e-7
11122	6.685923763668650e-7
11123	6.686227961349455e-7
11124	6.687479794053240e-7
11125	6.688402276976244e-7
11126	6.689351496516131e-7
11127	6.689651215442785e-7
11128	6.690739758933553e-7
11129	6.691652726983972e-7
11130	6.692153073989434e-7
11131	6.692738455459742e-7
11132	6.694141350383159e-7
11133	6.695229291065458e-7
11134	6.695730726140415e-7
11135	6.697701518347924e-7
11136	6.697791850945515e-7
11137	6.698070597428046e-7
11138	6.699597625253024e-7
11139	6.699867550147113e-7
11140	6.701013856801201e-7
11141	6.701213131538631e-7
11142	6.701555182718209e-7
11143	6.703489452178847e-7
11144	6.704643883721390e-7
11145	6.705818716901376e-7
11146	6.706299628586087e-7
11147	6.706490369957367e-7
11148	6.707670431687342e-7
11149	6.707941004929893e-7
11150	6.708180616954588e-7
11151	6.708947358127610e-7
11152	6.709708422816180e-7
11153	6.711655705567928e-7
11154	6.712355332646987e-7
11155	6.712711311354617e-7
11156	6.713448920163268e-7
11157	6.714575328807174e-7
11158	6.714985247586015e-7
11159	6.715633747665130e-7
11160	6.716374131103700e-7
11161	6.717492031958504e-7
11162	6.717604466998903e-7
11163	6.719873870024103e-7
11164	6.720087701409028e-7
11165	6.721198250538475e-7
11166	6.722006020909070e-7
11167	6.722762095118591e-7
11168	6.723682618253676e-7
11169	6.724871454979596e-7
11170	6.725781003747546e-7
11171	6.726589361355051e-7
11172	6.727014572572976e-7
11173	6.727722534466520e-7
11174	6.729584614478431e-7
11175	6.729843089809829e-7
11176	6.730720661637439e-7
11177	6.731623046771320e-7
11178	6.732987752240713e-7
11179	6.733910489746257e-7
11180	6.735049160671121e-7
11181	6.735171205770969e-7
11182	6.735888311416432e-7
11183	6.736210363050057e-7
11184	6.737803408213930e-7
11185	6.738600439934276e-7
11186	6.739938960260003e-7
11187	6.740091429026560e-7
11188	6.741485604796863e-7
11189	6.741999755134371e-7
11190	6.742432304400002e-7
11191	6.742798259369995e-7
11192	6.744096026353206e-7
11193	6.745536029942643e-7
11194	6.746223836139659e-7
11195	6.746816019968253e-7
11196	6.747986504082415e-7
11197	6.748949350248995e-7
11198	6.749529947112419e-7
11199	6.750046752554280e-7
11200	6.750963325069973e-7
11201	6.751633855463174e-7
11202	6.753619485655447e-7
11203	6.753978859274332e-7
11204	6.754743295605376e-7
11205	6.755476794040620e-7
11206	6.756290272289147e-7
11207	6.757349256095368e-7
11208	6.757920623553504e-7
11209	6.758739349525388e-7
11210	6.759747549466969e-7
11211	6.759949026757041e-7
11212	6.761328682605175e-7
11213	6.762074760302942e-7
11214	6.762128890237548e-7
11215	6.763479979245696e-7
11216	6.764401658908800e-7
11217	6.765991015562183e-7
11218	6.766684580370314e-7
11219	6.766930304675479e-7
11220	6.767835175599299e-7
11221	6.769014461742303e-7
11222	6.769118851596290e-7
11223	6.769487244120140e-7
11224	6.770620715514380e-7
11225	6.771889352576406e-7
11226	6.773067496730867e-7
11227	6.773393264799386e-7
11228	6.774630517746820e-7
11229	6.774940328016159e-7
11230	6.776294090828744e-7
11231	6.777104186541742e-7
11232	6.777404074019707e-7
11233	6.778209466450848e-7
11234	6.778215671191579e-7
11235	6.779571466169026e-7
11236	6.780227037058765e-7
11237	6.781082398311826e-7
11238	6.781710608446398e-7
11239	6.782646068557274e-7
11240	6.783634762735292e-7
11241	6.784281090295717e-7
11242	6.785313112497393e-7
11243	6.785639282569343e-7
11244	6.786811965183044e-7
11245	6.788325941374468e-7
11246	6.788698095856044e-7
11247	6.789669484066822e-7
11248	6.790269448042574e-7
11249	6.791293116659466e-7
11250	6.791604046053624e-7
11251	6.792733083511646e-7
11252	6.793514126016356e-7
11253	6.794457687890691e-7
11254	6.794932465092634e-7
11255	6.795628109764874e-7
11256	6.795972309360261e-7
11257	6.796675374832055e-7
11258	6.797418626257958e-7
11259	6.798281984902236e-7
11260	6.798559877993446e-7
11261	6.799780619817951e-7
11262	6.800188465025636e-7
11263	6.802169005256203e-7
11264	6.802307242873462e-7
11265	6.803541296720962e-7
11266	6.804138689581323e-7
11267	6.804900716996821e-7
11268	6.805690201498364e-7
11269	6.806460037688789e-7
11270	6.807155371976734e-7
11271	6.807666190884932e-7
11272	6.807930793950066e-7
11273	6.808667084136884e-7
11274	6.810401080003072e-7
11275	6.811203235725210e-7
11276	6.811363040729888e-7
11277	6.812382053870620e-7
11278	6.813073574974996e-7
11279	6.814356101137126e-7
11280	6.815211216222626e-7
11281	6.815401591568164e-7
11282	6.816421674156135e-7
11283	6.817309332007588e-7
11284	6.818705249315390e-7
11285	6.819472656713163e-7
11286	6.819877711437411e-7
11287	6.820615231106770e-7
11288	6.820952753854505e-7
11289	6.821301764615168e-7
11290	6.821701818766705e-7
11291	6.823101251269857e-7
11292	6.824647053901966e-7
11293	6.824789119215308e-7
11294	6.825518551413688e-7
11295	6.825922146966170e-7
11296	6.827250636496324e-7
11297	6.827893856325968e-7
11298	6.828518573279851e-7
11299	6.829350268605946e-7
11300	6.830779685904421e-7
11301	6.831140819461519e-7
11302	6.832490862600631e-7
11303	6.832942092394027e-7
11304	6.833961192144824e-7
11305	6.834072944789080e-7
11306	6.834544100750910e-7
11307	6.835158735757829e-7
11308	6.836785555105770e-7
11309	6.837127702197461e-7
11310	6.837985964587427e-7
11311	6.838484833513973e-7
11312	6.838972162232708e-7
11313	6.840311299431450e-7
11314	6.840705400348916e-7
11315	6.841387402623242e-7
11316	6.843025620255306e-7
11317	6.843645392222761e-7
11318	6.844666243073665e-7
11319	6.844922612563089e-7
11320	6.845849460916476e-7
11321	6.846033220262058e-7
11322	6.846982893240813e-7
11323	6.847816690891242e-7
11324	6.849647328301743e-7
11325	6.849683878144317e-7
11326	6.850115536878765e-7
11327	6.851161278710578e-7
11328	6.852114556955026e-7
11329	6.852321973468424e-7
11330	6.852933632469639e-7
11331	6.853741618539245e-7
11332	6.853946383554982e-7
11333	6.855371767210291e-7
11334	6.855827735784107e-7
11335	6.857177373161719e-7
11336	6.858185183990591e-7
11337	6.858564790880234e-7
11338	6.858704912902011e-7
11339	6.859834628809895e-7
11340	6.860747632734547e-7
11341	6.860938304865230e-7
11342	6.861974170809150e-7
11343	6.862558169247071e-7
11344	6.862781542047947e-7
11345	6.863284894866043e-7
11346	6.864341167999502e-7
11347	6.865262698933972e-7
11348	6.865731007586456e-7
11349	6.866940908700410e-7
11350	6.868868241201811e-7
11351	6.869156080049996e-7
11352	6.870086377867696e-7
11353	6.870604229798445e-7
11354	6.871034404299745e-7
11355	6.871549731401121e-7
11356	6.872518598496592e-7
11357	6.872917547275376e-7
11358	6.873389100228729e-7
11359	6.874696556205145e-7
11360	6.875035769900900e-7
11361	6.875692749495119e-7
11362	6.876017876329721e-7
11363	6.876825539344704e-7
11364	6.877096763826643e-7
11365	6.878555755986636e-7
11366	6.878790922566319e-7
11367	6.879671305873801e-7
11368	6.880217140737816e-7
11369	6.880646933420652e-7
11370	6.881896444315972e-7
11371	6.883037834944589e-7
11372	6.883924485833528e-7
11373	6.884485937036155e-7
11374	6.885466566462360e-7
11375	6.885988747880641e-7
11376	6.886547304015171e-7
11377	6.886861128733510e-7
11378	6.887672970807112e-7
11379	6.888842544793425e-7
11380	6.889453421434554e-7
11381	6.890235482458106e-7
11382	6.890756370496501e-7
11383	6.891114305937354e-7
11384	6.892009241282043e-7
11385	6.892826519453450e-7
11386	6.893222952370641e-7
11387	6.894251401551480e-7
11388	6.895129087724636e-7
11389	6.895464879396556e-7
11390	6.896674433361006e-7
11391	6.897450811261271e-7
11392	6.897791022139069e-7
11393	6.898927563795542e-7
11394	6.899377344762885e-7
11395	6.900040404842434e-7
11396	6.900470246826416e-7
11397	6.901112284775289e-7
11398	6.901530153428301e-7
11399	6.902507783637176e-7
11400	6.903574547699437e-7
11401	6.903776804511657e-7
11402	6.904580806470427e-7
11403	6.905451428488209e-7
11404	6.905963723036580e-7
11405	6.906448226204808e-7
11406	6.906686330155419e-7
11407	6.907332454023780e-7
11408	6.908305410026827e-7
11409	6.908936386156560e-7
11410	6.909562220217445e-7
11411	6.910216904351122e-7
11412	6.910579579015195e-7
11413	6.911625332307429e-7
11414	6.912052871960346e-7
11415	6.913359041358290e-7
11416	6.913562101574568e-7
11417	6.914194336434843e-7
11418	6.915201379323704e-7
11419	6.915895998603126e-7
11420	6.916088363836361e-7
11421	6.916929612200444e-7
11422	6.917247581242180e-7
11423	6.918490733002877e-7
11424	6.918639121367622e-7
11425	6.919186414284753e-7
11426	6.920744206352679e-7
11427	6.920992697184833e-7
11428	6.922451656394925e-7
11429	6.922729322527585e-7
11430	6.923282551912623e-7
11431	6.924190429981791e-7
11432	6.924818765735516e-7
11433	6.925629505932133e-7
11434	6.926140520601645e-7
11435	6.926325392806584e-7
11436	6.927078412482028e-7
11437	6.928098924874082e-7
11438	6.929338085650453e-7
11439	6.929631346497622e-7
11440	6.929834729750291e-7
11441	6.931007089175569e-7
11442	6.931605607011416e-7
11443	6.931887881907975e-7
11444	6.932317522881033e-7
11445	6.933357932770766e-7
11446	6.933763364472657e-7
11447	6.934201455381063e-7
11448	6.934523968146823e-7
11449	6.934879028379893e-7
11450	6.935587695078299e-7
11451	6.937165300324287e-7
11452	6.937395392967202e-7
11453	6.938193367021466e-7
11454	6.938556320748857e-7
11455	6.939955276217731e-7
11456	6.941552045396624e-7
11457	6.941809367936812e-7
11458	6.942604702861950e-7
11459	6.943388102304653e-7
11460	6.943785690936253e-7
11461	6.944253641160548e-7
11462	6.945069727751846e-7
11463	6.945519740523884e-7
11464	6.945956771264724e-7
11465	6.946721357922745e-7
11466	6.947441942151266e-7
11467	6.948015122180826e-7
11468	6.948841856224204e-7
11469	6.949234942989474e-7
11470	6.950267447942100e-7
11471	6.950657805609152e-7
11472	6.951113703417359e-7
11473	6.951947989140143e-7
11474	6.952208678160143e-7
11475	6.953419189209898e-7
11476	6.954260331396931e-7
11477	6.954914719142093e-7
11478	6.955189253064046e-7
11479	6.955950220209973e-7
11480	6.956552184821600e-7
11481	6.957164998961553e-7
11482	6.957667716606365e-7
11483	6.958339758985021e-7
11484	6.958826554919473e-7
11485	6.959209422754716e-7
11486	6.959516810225645e-7
11487	6.959790138554973e-7
11488	6.960682443723491e-7
11489	6.961748640691041e-7
11490	6.962353311913552e-7
11491	6.962505290544738e-7
11492	6.962832213608929e-7
11493	6.963380395402605e-7
11494	6.964422960006925e-7
11495	6.964551820455318e-7
11496	6.965938766532921e-7
11497	6.967157544022931e-7
11498	6.967847506068354e-7
11499	6.968195740242200e-7
11500	6.968894964971759e-7
11501	6.969587679925953e-7
11502	6.970112601851974e-7
11503	6.970664365274373e-7
11504	6.971172564830813e-7
11505	6.972308204099092e-7
11506	6.973509084349785e-7
11507	6.973849197488488e-7
11508	6.975007191180811e-7
11509	6.975092373886784e-7
11510	6.975441210288459e-7
11511	6.976302828038153e-7
11512	6.977064734990683e-7
11513	6.977271828687232e-7
11514	6.977780312922351e-7
11515	6.978779340224080e-7
11516	6.979425012054545e-7
11517	6.979865775318557e-7
11518	6.980387140370794e-7
11519	6.981211227279280e-7
11520	6.981599741757107e-7
11521	6.982238854394541e-7
11522	6.982492905304125e-7
11523	6.982867045619757e-7
11524	6.983201835385514e-7
11525	6.984293549668991e-7
11526	6.985059250737134e-7
11527	6.985426810831951e-7
11528	6.985712421739883e-7
11529	6.986375322095908e-7
11530	6.987354159128670e-7
11531	6.987727587265950e-7
11532	6.988607722008656e-7
11533	6.988901743400430e-7
11534	6.989780845766724e-7
11535	6.990749524193186e-7
11536	6.991981418451912e-7
11537	6.992095704792823e-7
11538	6.992437109348479e-7
11539	6.993714318838570e-7
11540	6.994298346166446e-7
11541	6.994795879276095e-7
11542	6.995232106061792e-7
11543	6.996263047175783e-7
11544	6.996413036044488e-7
11545	6.997651985151680e-7
11546	6.997781298810037e-7
11547	6.998141618056832e-7
11548	6.998583242595751e-7
11549	6.999370069870225e-7
11550	6.999899953849871e-7
11551	7.000395821086652e-7
11552	7.000602724885208e-7
11553	7.002276893850576e-7
11554	7.002784763520154e-7
11555	7.002974758982519e-7
11556	7.003456691728334e-7
11557	7.004253325770431e-7
11558	7.004899652738375e-7
11559	7.005995092300411e-7
11560	7.006482947766703e-7
11561	7.006796038385426e-7
11562	7.007678632461068e-7
11563	7.007932611142860e-7
11564	7.008743584525161e-7
11565	7.009237853092122e-7
11566	7.010034754251496e-7
11567	7.010282914944246e-7
11568	7.010743712444230e-7
11569	7.011581538343141e-7
11570	7.011956108902413e-7
11571	7.012564095161539e-7
11572	7.013109927787536e-7
11573	7.013569315479333e-7
11574	7.013758010163336e-7
11575	7.014332027823367e-7
11576	7.015293771195893e-7
11577	7.015350008507167e-7
11578	7.015882641202599e-7
11579	7.016306922746317e-7
11580	7.016970093958657e-7
11581	7.017588414036530e-7
11582	7.018351472190305e-7
11583	7.019020947771131e-7
11584	7.019900100262483e-7
11585	7.020208329278854e-7
11586	7.020637353279017e-7
11587	7.021063796090792e-7
11588	7.022050795854154e-7
11589	7.022370838446647e-7
11590	7.022929492649230e-7
11591	7.023471537839753e-7
11592	7.023967551236777e-7
11593	7.024305295791615e-7
11594	7.025056782208877e-7
11595	7.025119845817192e-7
11596	7.025953722404162e-7
11597	7.026774659141235e-7
11598	7.027330018851920e-7
11599	7.028035568758402e-7
11600	7.028336547790870e-7
11601	7.029374069370717e-7
11602	7.029615372187791e-7
11603	7.030034591158139e-7
11604	7.030336099635012e-7
11605	7.031171122372205e-7
11606	7.032102019708597e-7
11607	7.032525270883750e-7
11608	7.033185363317184e-7
11609	7.033610393126686e-7
11610	7.033962117557828e-7
11611	7.034727364439382e-7
11612	7.035002553473290e-7
11613	7.035410572516248e-7
11614	7.035904454773882e-7
11615	7.036022217898089e-7
11616	7.036207353322916e-7
11617	7.036775913489188e-7
11618	7.037459794109804e-7
11619	7.038123795036394e-7
11620	7.038502667195139e-7
11621	7.039502334044963e-7
11622	7.039918242730671e-7
11623	7.040595148015753e-7
11624	7.040916775385937e-7
11625	7.041014115037751e-7
11626	7.041826186173440e-7
11627	7.042223009051504e-7
11628	7.042632207204630e-7
11629	7.043893164134373e-7
11630	7.044443006326410e-7
11631	7.044686898009455e-7
11632	7.044742016863150e-7
11633	7.045473844424350e-7
11634	7.046235689507581e-7
11635	7.046388699791074e-7
11636	7.046577809192329e-7
11637	7.046918186136290e-7
11638	7.047452000047811e-7
11639	7.048538470815074e-7
11640	7.049171894858423e-7
11641	7.049400343205397e-7
11642	7.049875973886935e-7
11643	7.050938471649097e-7
11644	7.051092342312811e-7
11645	7.051289158588358e-7
11646	7.051660186949998e-7
11647	7.051967230206558e-7
11648	7.052175207465974e-7
11649	7.052714312793983e-7
11650	7.053785874984862e-7
11651	7.054169440083991e-7
11652	7.054437432557332e-7
11653	7.055019916293855e-7
11654	7.055261279736195e-7
11655	7.055903597346945e-7
11656	7.056462707567616e-7
11657	7.056898580355081e-7
11658	7.057510652203105e-7
11659	7.057806927432150e-7
11660	7.058279922192429e-7
11661	7.058755682842865e-7
11662	7.059299362393252e-7
11663	7.059320297218039e-7
11664	7.059786441558185e-7
11665	7.060016349566602e-7
11666	7.061139349451229e-7
11667	7.061418490420198e-7
11668	7.061683512102153e-7
11669	7.062056996540768e-7
11670	7.062629720277696e-7
11671	7.062956806437962e-7
11672	7.063321657540160e-7
11673	7.063462472578817e-7
11674	7.064115604362315e-7
11675	7.064421417106065e-7
11676	7.064783221730726e-7
11677	7.065777270257560e-7
11678	7.065928767654152e-7
11679	7.066235912127939e-7
11680	7.066675800490507e-7
11681	7.067032556210663e-7
11682	7.067421560203480e-7
11683	7.067915902244321e-7
11684	7.068372284084716e-7
11685	7.069035840696011e-7
11686	7.069701958634761e-7
11687	7.070200333133266e-7
11688	7.070552247021127e-7
11689	7.071134157946603e-7
11690	7.071322848256638e-7
11691	7.071663104596858e-7
11692	7.071963542844740e-7
11693	7.072103235884888e-7
11694	7.072439949350682e-7
11695	7.073111643775876e-7
11696	7.073797310598347e-7
11697	7.073969646068075e-7
11698	7.074086272268006e-7
11699	7.074806862058896e-7
11700	7.075388054180340e-7
11701	7.075601973323259e-7
11702	7.076316341073634e-7
11703	7.076556012821399e-7
11704	7.076618754547654e-7
11705	7.076953729684001e-7
11706	7.077022970407016e-7
11707	7.077714011946090e-7
11708	7.078025599713918e-7
11709	7.078466661331685e-7
11710	7.078888939992661e-7
11711	7.079005370770264e-7
11712	7.079486676047507e-7
11713	7.079676150450493e-7
11714	7.079942519863244e-7
11715	7.080610738431887e-7
11716	7.080779999254027e-7
11717	7.081226343666086e-7
11718	7.081697698097023e-7
11719	7.082289559216020e-7
11720	7.082645824470695e-7
11721	7.083168047019485e-7
11722	7.083379236788103e-7
11723	7.083604233810945e-7
11724	7.083902483937135e-7
11725	7.084091879726309e-7
11726	7.084581951883312e-7
11727	7.085095605590672e-7
11728	7.085326403083117e-7
11729	7.085468036504421e-7
11730	7.085902264289952e-7
11731	7.086429406392386e-7
11732	7.086865967256212e-7
11733	7.087521438476923e-7
11734	7.088015240671462e-7
11735	7.088171254922230e-7
11736	7.088380158088915e-7
11737	7.088674861215326e-7
11738	7.089160346467079e-7
11739	7.089427534768883e-7
11740	7.089735882495162e-7
11741	7.089995302708317e-7
11742	7.090305819607405e-7
11743	7.090520815613489e-7
11744	7.091067966059640e-7
11745	7.091304096839431e-7
11746	7.091673864623767e-7
11747	7.092028953923938e-7
11748	7.092284562746409e-7
11749	7.092363952497947e-7
11750	7.093054647000690e-7
11751	7.093064800596944e-7
11752	7.093225141656718e-7
11753	7.093964190268077e-7
11754	7.094238614417597e-7
11755	7.094539899211307e-7
11756	7.094748766924788e-7
11757	7.095039292118101e-7
11758	7.095517573937177e-7
11759	7.095738104785392e-7
11760	7.095828359478981e-7
11761	7.096197564309619e-7
11762	7.096347328599235e-7
11763	7.096771214936956e-7
11764	7.096990553243428e-7
11765	7.097207276097280e-7
11766	7.097649069634774e-7
11767	7.098066874804779e-7
11768	7.098268600043338e-7
11769	7.098465236494481e-7
11770	7.098731485004496e-7
11771	7.099018580738167e-7
11772	7.099252327569005e-7
11773	7.099509965840897e-7
11774	7.099755420068299e-7
11775	7.100281437319891e-7
11776	7.100518286110524e-7
11777	7.101065744099973e-7
11778	7.101170436889721e-7
11779	7.101327596819072e-7
11780	7.101674232532063e-7
11781	7.102157718908242e-7
11782	7.102241580483653e-7
11783	7.102525176789466e-7
11784	7.102919535699678e-7
11785	7.103164535070143e-7
11786	7.103669166227871e-7
11787	7.103823355796076e-7
11788	7.103936231584164e-7
11789	7.104288107665047e-7
11790	7.104546896281509e-7
11791	7.104950670693123e-7
11792	7.104972258331239e-7
11793	7.105356081310300e-7
11794	7.105507387985529e-7
11795	7.105846911842925e-7
11796	7.106030852410015e-7
11797	7.106460771563931e-7
11798	7.106676285970729e-7
11799	7.107158372152501e-7
11800	7.107330417095019e-7
11801	7.107677317056570e-7
11802	7.107788151721347e-7
11803	7.108036717224122e-7
11804	7.108300750052789e-7
11805	7.108674197303219e-7
11806	7.108942273081014e-7
11807	7.109184728373273e-7
11808	7.109505840947390e-7
11809	7.109656384698704e-7
11810	7.109819982116704e-7
11811	7.109940145086593e-7
11812	7.110292489948338e-7
11813	7.110561554338803e-7
11814	7.110760863079342e-7
11815	7.111010095571300e-7
11816	7.111170860844699e-7
11817	7.111344534756943e-7
11818	7.111563319912685e-7
11819	7.111891511422449e-7
11820	7.112158661687374e-7
11821	7.112210959438896e-7
11822	7.112312600749087e-7
11823	7.112421025745421e-7
11824	7.112652357234487e-7
11825	7.112774538177412e-7
11826	7.113027133913294e-7
11827	7.113248352808961e-7
11828	7.113559317829718e-7
11829	7.113644650948330e-7
11830	7.113793837281364e-7
11831	7.113881937179137e-7
11832	7.114005748349118e-7
11833	7.114180464613180e-7
11834	7.114225488802005e-7
11835	7.114462369671064e-7
11836	7.114704103109296e-7
11837	7.114772860547590e-7
11838	7.115038124721102e-7
11839	7.115265588952335e-7
11840	7.115425731928673e-7
11841	7.115495897306442e-7
11842	7.115622702285173e-7
11843	7.115775087775957e-7
11844	7.115923657654855e-7
11845	7.116026667372860e-7
11846	7.116234259474085e-7
11847	7.116305075845607e-7
11848	7.116524679743996e-7
11849	7.116681320177027e-7
11850	7.116864177892106e-7
11851	7.116925547835957e-7
11852	7.116993237797645e-7
11853	7.117142556035995e-7
11854	7.117383043371260e-7
11855	7.117525661044501e-7
11856	7.117690339017300e-7
11857	7.117813195108623e-7
11858	7.117889722763760e-7
11859	7.118026378386207e-7
11860	7.118180491729657e-7
11861	7.118276746860091e-7
11862	7.118358651681158e-7
11863	7.118505338281312e-7
11864	7.118729719036243e-7
11865	7.118924255590486e-7
11866	7.119029776560678e-7
11867	7.119196056856426e-7
11868	7.119339865623287e-7
11869	7.119525009804528e-7
11870	7.119653084547455e-7
11871	7.119682609735273e-7
11872	7.119854980352657e-7
11873	7.120058823895809e-7
11874	7.120091813948031e-7
11875	7.120374722217493e-7
11876	7.120487890429339e-7
11877	7.120540641548764e-7
11878	7.120670513229764e-7
11879	7.120902099679552e-7
11880	7.121019730135360e-7
11881	7.121130448150753e-7
11882	7.121307309810934e-7
11883	7.121496344294140e-7
11884	7.121616834457806e-7
11885	7.121743750988362e-7
11886	7.121887300919551e-7
11887	7.121995177320020e-7
11888	7.122063728727355e-7
11889	7.122172559353226e-7
11890	7.122294160293849e-7
11891	7.122615559473727e-7
11892	7.122636686707125e-7
11893	7.122714544559206e-7
11894	7.122920442094962e-7
11895	7.123121433778049e-7
11896	7.123248216423212e-7
11897	7.123369216969204e-7
11898	7.123439728633397e-7
11899	7.123734099300512e-7
11900	7.123795649182820e-7
11901	7.123971596156956e-7
11902	7.124156329980087e-7
11903	7.124292097376182e-7
11904	7.124483882001827e-7
11905	7.124575175898529e-7
11906	7.124778293578848e-7
11907	7.124928746776321e-7
11908	7.125016253827331e-7
11909	7.125172100594824e-7
11910	7.125353611360205e-7
11911	7.125426213609316e-7
11912	7.125693677115237e-7
11913	7.125878093519377e-7
11914	7.126034841815098e-7
11915	7.126171366202269e-7
11916	7.126252018780038e-7
11917	7.126349487383203e-7
11918	7.126587886061579e-7
11919	7.126719292094026e-7
11920	7.126934768864819e-7
11921	7.127170532110097e-7
11922	7.127296860819219e-7
11923	7.127348088893654e-7
11924	7.127672149067577e-7
11925	7.127726165188506e-7
11926	7.127981711839927e-7
11927	7.128033861865539e-7
11928	7.128161871790221e-7
11929	7.128270648921535e-7
11930	7.128434970603188e-7
11931	7.128732801349196e-7
11932	7.128886464737392e-7
11933	7.129057825298697e-7
11934	7.129188744579344e-7
11935	7.129327501941195e-7
11936	7.129438482779141e-7
11937	7.129541513003580e-7
11938	7.129718555868857e-7
11939	7.129852365963864e-7
11940	7.130162023588531e-7
11941	7.130183580440822e-7
11942	7.130368376626406e-7
11943	7.130442226826304e-7
11944	7.130514971106540e-7
11945	7.130869383739933e-7
11946	7.131057354394283e-7
11947	7.131101632371899e-7
11948	7.131223382998464e-7
11949	7.131310382328636e-7
11950	7.131571509571927e-7
11951	7.131704985418574e-7
11952	7.131876891248285e-7
11953	7.132062222103034e-7
11954	7.132154499769074e-7
11955	7.132340613233007e-7
11956	7.132563594743665e-7
11957	7.132682745676634e-7
11958	7.132850211233679e-7
11959	7.133143128784132e-7
11960	7.133290119690161e-7
11961	7.133460234301164e-7
11962	7.133574306359726e-7
11963	7.133784692199030e-7
11964	7.134006541478714e-7
11965	7.134081573595750e-7
11966	7.134293028121167e-7
11967	7.134311068973807e-7
11968	7.134712042528922e-7
11969	7.134930642702172e-7
11970	7.134977803211772e-7
11971	7.135182561582302e-7
11972	7.135240989786517e-7
11973	7.135400494567014e-7
11974	7.135541593994244e-7
11975	7.135595274667121e-7
11976	7.135872990799632e-7
11977	7.136153930836878e-7
11978	7.136350782245897e-7
11979	7.136476564767293e-7
11980	7.136542222627803e-7
11981	7.136739994278659e-7
11982	7.136879185934721e-7
11983	7.137003092952190e-7
11984	7.137133364817585e-7
11985	7.137342875363026e-7
11986	7.137611176484251e-7
11987	7.137779188491337e-7
11988	7.137892362801660e-7
11989	7.138058439490698e-7
11990	7.138276807189309e-7
11991	7.138370633287364e-7
11992	7.138548227939109e-7
11993	7.138689520473159e-7
11994	7.138763372622874e-7
11995	7.139012646898140e-7
11996	7.139194586814393e-7
11997	7.139443282461256e-7
11998	7.139608420170097e-7
11999	7.139703416819899e-7
12000	7.139743464222082e-7
12001	7.140020229768490e-7
12002	7.140218038472434e-7
12003	7.140408610893662e-7
12004	7.140687500417834e-7
12005	7.140897655016280e-7
12006	7.141068426088106e-7
12007	7.141200679573931e-7
12008	7.141391433023528e-7
12009	7.141679227158646e-7
12010	7.141910538194753e-7
12011	7.141996665217452e-7
12012	7.142150719664961e-7
12013	7.142225508667320e-7
12014	7.142561737150776e-7
12015	7.142803507519606e-7
12016	7.142966912548539e-7
12017	7.143206128840377e-7
12018	7.143285416505807e-7
12019	7.143389527830015e-7
12020	7.143609764701393e-7
12021	7.143793952580637e-7
12022	7.143954510345621e-7
12023	7.144140982596067e-7
12024	7.144413749282330e-7
12025	7.144619151468168e-7
12026	7.144656754289230e-7
12027	7.144777986250667e-7
12028	7.144940966121655e-7
12029	7.145156698121642e-7
12030	7.145237011291284e-7
12031	7.145456632339653e-7
12032	7.145812457927002e-7
12033	7.146103461475187e-7
12034	7.146314825969978e-7
12035	7.146365911662869e-7
12036	7.146582462701579e-7
12037	7.147007214030916e-7
12038	7.147088209622626e-7
12039	7.147271015125021e-7
12040	7.147362411274370e-7
12041	7.147625870975556e-7
12042	7.147763089356288e-7
12043	7.147942623812405e-7
12044	7.148140840797098e-7
12045	7.148311795928292e-7
12046	7.148506463084963e-7
12047	7.148587771927491e-7
12048	7.148686566420878e-7
12049	7.149119246315607e-7
12050	7.149183611265321e-7
12051	7.149299620513098e-7
12052	7.149700872728739e-7
12053	7.149867469962974e-7
12054	7.149922008396145e-7
12055	7.150288408700372e-7
12056	7.150391526322757e-7
12057	7.150595880999447e-7
12058	7.150827195668013e-7
12059	7.151006353559404e-7
12060	7.151280698322588e-7
12061	7.151521313093092e-7
12062	7.151586911027291e-7
12063	7.151732957358006e-7
12064	7.152020319709099e-7
12065	7.152327897981720e-7
12066	7.152438711485109e-7
12067	7.152591565361806e-7
12068	7.152701940395679e-7
12069	7.153041464420482e-7
12070	7.153125401979065e-7
12071	7.153326228917844e-7
12072	7.153571525388392e-7
12073	7.153798832599191e-7
12074	7.154273658597467e-7
12075	7.154337738402813e-7
12076	7.154419410056270e-7
12077	7.154707501912095e-7
12078	7.154872589051757e-7
12079	7.155087345125902e-7
12080	7.155169842758723e-7
12081	7.155235248620694e-7
12082	7.155743296406789e-7
12083	7.155831424658252e-7
12084	7.156049829578692e-7
12085	7.156308971360387e-7
12086	7.156531864707439e-7
12087	7.156679736543413e-7
12088	7.156755061515408e-7
12089	7.156891277106227e-7
12090	7.157081203443493e-7
12091	7.157233776953503e-7
12092	7.157597178621521e-7
12093	7.157908819347584e-7
12094	7.158379260902242e-7
12095	7.158460288995494e-7
12096	7.158617947099740e-7
12097	7.158771393392884e-7
12098	7.158915276016565e-7
12099	7.159075843487224e-7
12100	7.159111508195042e-7
12101	7.159445910609860e-7
12102	7.159534175439583e-7
12103	7.159976258924131e-7
12104	7.160222438603035e-7
12105	7.160308028133078e-7
12106	7.160436691145513e-7
12107	7.160820386532761e-7
12108	7.161006056431971e-7
12109	7.161035523736708e-7
12110	7.161224598049931e-7
12111	7.161614216001748e-7
12112	7.161874986854359e-7
12113	7.161997490264018e-7
12114	7.162241364994761e-7
12115	7.162265603411956e-7
12116	7.162450930776756e-7
12117	7.162527181289581e-7
12118	7.163016580256739e-7
12119	7.163189460641509e-7
12120	7.163535146223032e-7
12121	7.163801688228774e-7
12122	7.163952646797521e-7
12123	7.164150622248520e-7
12124	7.164383029934253e-7
12125	7.164449114794764e-7
12126	7.164776201904960e-7
12127	7.164963992534225e-7
12128	7.165293890463395e-7
12129	7.165438938733142e-7
12130	7.165561138074931e-7
12131	7.165879285915358e-7
12132	7.166018909746328e-7
12133	7.166343851815526e-7
12134	7.166906107716411e-7
12135	7.166909665183769e-7
12136	7.167138540876713e-7
12137	7.167253282817816e-7
12138	7.167512696304430e-7
12139	7.167609715006914e-7
12140	7.167856486409012e-7
12141	7.167903959028120e-7
12142	7.168289756211641e-7
12143	7.168382857676799e-7
12144	7.168534267403947e-7
12145	7.168778085740622e-7
12146	7.168912813097299e-7
12147	7.169222639185292e-7
12148	7.169492390378907e-7
12149	7.169603869559764e-7
12150	7.169950377972102e-7
12151	7.170087016904998e-7
12152	7.170283305623270e-7
12153	7.170467828991953e-7
12154	7.170691312352202e-7
12155	7.170933568382876e-7
12156	7.171103399566165e-7
12157	7.171198547476372e-7
12158	7.171391820459134e-7
12159	7.171987792378963e-7
12160	7.172032650672676e-7
12161	7.172240947612402e-7
12162	7.172363965538423e-7
12163	7.172508159224411e-7
12164	7.172698483475904e-7
12165	7.172896136217868e-7
12166	7.173508371916081e-7
12167	7.173844271665913e-7
12168	7.174233261618004e-7
12169	7.174402140264597e-7
12170	7.174547349194079e-7
12171	7.174799919194706e-7
12172	7.175022364623818e-7
12173	7.175310676320246e-7
12174	7.175542749204110e-7
12175	7.175586597185483e-7
12176	7.175823559349434e-7
12177	7.175979708883929e-7
12178	7.176112823218635e-7
12179	7.176340981788746e-7
12180	7.176502243961689e-7
12181	7.176693137827620e-7
12182	7.177052125229872e-7
12183	7.177264076024594e-7
12184	7.177353295909345e-7
12185	7.177731200840242e-7
12186	7.177784671865387e-7
12187	7.178150849992992e-7
12188	7.178303249690229e-7
12189	7.178555406697971e-7
12190	7.178916176082673e-7
12191	7.179298356880412e-7
12192	7.179489532734149e-7
12193	7.179663098257195e-7
12194	7.179725145425894e-7
12195	7.180017882623110e-7
12196	7.180246999834469e-7
12197	7.180560569166648e-7
12198	7.180667182178951e-7
12199	7.180769692775834e-7
12200	7.181197107733815e-7
12201	7.181277224746940e-7
12202	7.181516408931543e-7
12203	7.181878243381142e-7
12204	7.182249174125203e-7
12205	7.182342104193251e-7
12206	7.182699741185268e-7
12207	7.182908558031033e-7
12208	7.183056273083988e-7
12209	7.183467435511000e-7
12210	7.183593709042545e-7
12211	7.183925537365270e-7
12212	7.183993030574134e-7
12213	7.184361938319716e-7
12214	7.184408534099807e-7
12215	7.184929992918203e-7
12216	7.185159522165864e-7
12217	7.185492638062291e-7
12218	7.185661357764972e-7
12219	7.185767341092843e-7
12220	7.186198105083505e-7
12221	7.186487195473212e-7
12222	7.186514926909532e-7
12223	7.186820843679030e-7
12224	7.187220592828540e-7
12225	7.187495385017245e-7
12226	7.187878338698072e-7
12227	7.188026131514499e-7
12228	7.188200247262535e-7
12229	7.188459478658293e-7
12230	7.188648475661090e-7
12231	7.188785072098280e-7
12232	7.188899368667883e-7
12233	7.189337555484074e-7
12234	7.189501133050142e-7
12235	7.189833420083919e-7
12236	7.190160493737260e-7
12237	7.190398315060104e-7
12238	7.190562948682873e-7
12239	7.190794216246469e-7
12240	7.191016270275177e-7
12241	7.191590868684356e-7
12242	7.191665993987219e-7
12243	7.192055604699277e-7
12244	7.192264364653493e-7
12245	7.192394413279867e-7
12246	7.192854952081304e-7
12247	7.193099581030291e-7
12248	7.193239417630459e-7
12249	7.193568811935254e-7
12250	7.193788816349565e-7
12251	7.194198679218262e-7
12252	7.194477687808367e-7
12253	7.194677757908933e-7
12254	7.195071146247534e-7
12255	7.195606891105771e-7
12256	7.195664883853767e-7
12257	7.195730991919589e-7
12258	7.196271081588674e-7
12259	7.196479348734833e-7
12260	7.196676667747039e-7
12261	7.197095429029691e-7
12262	7.197446442405475e-7
12263	7.197641762049743e-7
12264	7.197711405027077e-7
12265	7.198155883417180e-7
12266	7.198730340395429e-7
12267	7.198918630162189e-7
12268	7.199281533690940e-7
12269	7.199456700697154e-7
12270	7.199772260723058e-7
12271	7.200414994342185e-7
12272	7.200506029857384e-7
12273	7.200907988341688e-7
12274	7.201093545239225e-7
12275	7.201314883586823e-7
12276	7.201709698349659e-7
12277	7.202021470237719e-7
12278	7.202150100731247e-7
12279	7.202574035540501e-7
12280	7.202681237527395e-7
12281	7.203172899963661e-7
12282	7.203267613870215e-7
12283	7.203537036539803e-7
12284	7.203858610021145e-7
12285	7.203910809233156e-7
12286	7.204220526589975e-7
12287	7.204714619325518e-7
12288	7.205109767992259e-7
12289	7.205194422543504e-7
12290	7.205415360758448e-7
12291	7.205994592298850e-7
12292	7.206225647003991e-7
12293	7.206390989690748e-7
12294	7.206796619447813e-7
12295	7.207096541720196e-7
12296	7.207417440074247e-7
12297	7.207616684808386e-7
12298	7.208210159756227e-7
12299	7.208493787088980e-7
12300	7.208810753180931e-7
12301	7.209001657561850e-7
12302	7.209435973006333e-7
12303	7.209570562081565e-7
12304	7.209953183507331e-7
12305	7.210417304189561e-7
12306	7.210992664395625e-7
12307	7.211359378744087e-7
12308	7.211653919640494e-7
12309	7.211972569740151e-7
12310	7.212367409583158e-7
12311	7.212745613639095e-7
12312	7.213157090959705e-7
12313	7.213524317811033e-7
12314	7.213765031297141e-7
12315	7.214131704226535e-7
12316	7.214432408712261e-7
12317	7.214651662342790e-7
12318	7.215142851218831e-7
12319	7.215450774034603e-7
12320	7.215800499419783e-7
12321	7.216077608753578e-7
12322	7.216297266661519e-7
12323	7.216512538854144e-7
12324	7.216777701093491e-7
12325	7.217127734860911e-7
12326	7.217448813216600e-7
12327	7.217598372372073e-7
12328	7.217819916566226e-7
12329	7.218248891305318e-7
12330	7.218647553452406e-7
12331	7.218987868736720e-7
12332	7.219456327522629e-7
12333	7.219750940294892e-7
12334	7.220299186597098e-7
12335	7.220476126040529e-7
12336	7.220522925007877e-7
12337	7.220854764724016e-7
12338	7.221133496262213e-7
12339	7.221621900793568e-7
12340	7.221988447504072e-7
12341	7.222540700531007e-7
12342	7.222854161283540e-7
12343	7.223094559809219e-7
12344	7.223178176060051e-7
12345	7.224124782749422e-7
12346	7.224365049549053e-7
12347	7.224818456344003e-7
12348	7.225325861018203e-7
12349	7.225520790195287e-7
12350	7.225724210161183e-7
12351	7.226290472683466e-7
12352	7.226473942156361e-7
12353	7.226827342484422e-7
12354	7.227315278369039e-7
12355	7.227505444134262e-7
12356	7.228106965511310e-7
12357	7.228159453797622e-7
12358	7.228649311524832e-7
12359	7.228759373568810e-7
12360	7.229463238436054e-7
12361	7.229918324797269e-7
12362	7.230297899090978e-7
12363	7.230622654337195e-7
12364	7.231216886253875e-7
12365	7.231365225502918e-7
12366	7.231923848768202e-7
12367	7.232185998371562e-7
12368	7.232453961179466e-7
12369	7.232927726148519e-7
12370	7.233286479848982e-7
12371	7.234158649984831e-7
12372	7.234384126727686e-7
12373	7.234559409907805e-7
12374	7.235261419008217e-7
12375	7.235659541569262e-7
12376	7.236326318667313e-7
12377	7.236563582800040e-7
12378	7.236683232299551e-7
12379	7.236925045506578e-7
12380	7.237798697333177e-7
12381	7.237807429632835e-7
12382	7.238106264693567e-7
12383	7.238514199802585e-7
12384	7.238797231685401e-7
12385	7.239770563087458e-7
12386	7.240349259611463e-7
12387	7.240606053136486e-7
12388	7.241031546829028e-7
12389	7.241629283613219e-7
12390	7.241798487772445e-7
12391	7.241951726845922e-7
12392	7.242515918102725e-7
12393	7.243039633431805e-7
12394	7.243441645323391e-7
12395	7.243726612103694e-7
12396	7.244559579413538e-7
12397	7.244691712199861e-7
12398	7.245084227221099e-7
12399	7.245459406692114e-7
12400	7.246139254322859e-7
12401	7.246510168271070e-7
12402	7.246939652989412e-7
12403	7.247391872267909e-7
12404	7.247939742383012e-7
12405	7.248116908900789e-7
12406	7.248446759984667e-7
12407	7.248814939656775e-7
12408	7.249194678090733e-7
12409	7.249858105307984e-7
12410	7.250355516989000e-7
12411	7.250710051295550e-7
12412	7.250913552852026e-7
12413	7.251395117639434e-7
12414	7.251723919601164e-7
12415	7.251952314914990e-7
12416	7.252567771751503e-7
12417	7.253687105591311e-7
12418	7.253926297465118e-7
12419	7.254002880896621e-7
12420	7.254437073172274e-7
12421	7.254537342798786e-7
12422	7.255002364527237e-7
12423	7.255517923365324e-7
12424	7.255962953535100e-7
12425	7.256501478034065e-7
12426	7.257082826899604e-7
12427	7.257666922405488e-7
12428	7.257846439649517e-7
12429	7.258252102987993e-7
12430	7.258678682512541e-7
12431	7.259540725278257e-7
12432	7.259751267721845e-7
12433	7.260315493515943e-7
12434	7.260839957081763e-7
12435	7.260991729958870e-7
12436	7.261334045581997e-7
12437	7.262280006826494e-7
12438	7.262727123121709e-7
12439	7.263176870160568e-7
12440	7.263408507583675e-7
12441	7.264218745169927e-7
12442	7.264571593828692e-7
12443	7.265143343199855e-7
12444	7.266002512187482e-7
12445	7.266219933733468e-7
12446	7.266394730612007e-7
12447	7.267392959136546e-7
12448	7.268021442978221e-7
12449	7.268150112739794e-7
12450	7.268457208401164e-7
12451	7.269345734665998e-7
12452	7.269701076442214e-7
12453	7.269923237471827e-7
12454	7.270965699920181e-7
12455	7.271141816056761e-7
12456	7.271654864132569e-7
12457	7.272045693520698e-7
12458	7.272540633415346e-7
12459	7.273466712852014e-7
12460	7.273585465521556e-7
12461	7.274199622141486e-7
12462	7.275031806520227e-7
12463	7.275197346511434e-7
12464	7.275431691797724e-7
12465	7.275945667965920e-7
12466	7.276460745765506e-7
12467	7.277441760572085e-7
12468	7.277684023123979e-7
12469	7.278080843740956e-7
12470	7.278409325156456e-7
12471	7.279056089877498e-7
12472	7.279441434214188e-7
12473	7.279788902628464e-7
12474	7.280530208255708e-7
12475	7.280918687151369e-7
12476	7.281136835653936e-7
12477	7.281562566258959e-7
12478	7.282421995715194e-7
12479	7.282628474441019e-7
12480	7.283606756078452e-7
12481	7.283910571949070e-7
12482	7.284254437815661e-7
12483	7.285302400556546e-7
12484	7.285653402135912e-7
12485	7.286268851525303e-7
12486	7.286806498197004e-7
12487	7.287047476528312e-7
12488	7.287634149711110e-7
12489	7.288040689832409e-7
12490	7.288409380274427e-7
12491	7.289251941857603e-7
12492	7.289428063050355e-7
12493	7.290138190439018e-7
12494	7.290666953697039e-7
12495	7.290907415486013e-7
12496	7.291314634559309e-7
12497	7.292059908581750e-7
12498	7.292539887033178e-7
12499	7.293002989321461e-7
12500	7.293461889538188e-7
12501	7.294481462519110e-7
12502	7.294588887966028e-7
12503	7.294918093393040e-7
12504	7.295442840483775e-7
12505	7.295826463939040e-7
12506	7.296984372484030e-7
12507	7.297336375318122e-7
12508	7.297975238527479e-7
12509	7.298644067766466e-7
12510	7.298736628957826e-7
12511	7.299260355677555e-7
12512	7.300594749639482e-7
12513	7.301198098358219e-7
12514	7.301965424612164e-7
12515	7.302427227724202e-7
12516	7.302748874585159e-7
12517	7.303305951531201e-7
12518	7.303545325579665e-7
12519	7.303793194870415e-7
12520	7.304748000304627e-7
12521	7.305297826401865e-7
12522	7.305907334836401e-7
12523	7.306341375397744e-7
12524	7.307159259879629e-7
12525	7.307600817782926e-7
12526	7.308196309574199e-7
12527	7.308557192493914e-7
12528	7.308869934181804e-7
12529	7.309170354364590e-7
12530	7.309302645510873e-7
12531	7.310305967146274e-7
12532	7.311193645660842e-7
12533	7.312108847930049e-7
12534	7.312366870029917e-7
12535	7.312938304821966e-7
12536	7.313429247542975e-7
12537	7.314460485228492e-7
12538	7.314559729550887e-7
12539	7.315188397124936e-7
12540	7.315404338825445e-7
12541	7.316151867028990e-7
12542	7.316640616460047e-7
12543	7.316856931717168e-7
12544	7.317443357308031e-7
12545	7.318012181351918e-7
12546	7.318847183193201e-7
12547	7.319427388617415e-7
12548	7.319926511769588e-7
12549	7.320416998844000e-7
12550	7.321178137947136e-7
12551	7.321566805239567e-7
12552	7.321893920359489e-7
12553	7.322830689378345e-7
12554	7.322993498345962e-7
12555	7.323574672309803e-7
12556	7.324344480392524e-7
12557	7.324748014103706e-7
12558	7.326107367822205e-7
12559	7.326896631101384e-7
12560	7.327616740915800e-7
12561	7.328008050786563e-7
12562	7.328724441403362e-7
12563	7.329375880389111e-7
12564	7.330096355285373e-7
12565	7.330597703800108e-7
12566	7.331543620035383e-7
12567	7.331989247664034e-7
12568	7.332568090117099e-7
12569	7.333548364562328e-7
12570	7.333739323985509e-7
12571	7.334117864119946e-7
12572	7.334509688365730e-7
12573	7.335596801119750e-7
12574	7.335730058629521e-7
12575	7.336093948561934e-7
12576	7.336598066435742e-7
12577	7.337191596703588e-7
12578	7.337791187240142e-7
12579	7.338216958461841e-7
12580	7.339310478228441e-7
12581	7.339978236324951e-7
12582	7.340932656054470e-7
12583	7.341265028537990e-7
12584	7.341521025859734e-7
12585	7.342253148810712e-7
12586	7.342812833190598e-7
12587	7.342941565875887e-7
12588	7.343685498952128e-7
12589	7.344076744476412e-7
12590	7.344524528643374e-7
12591	7.345542678844069e-7
12592	7.346076446673097e-7
12593	7.347044376318303e-7
12594	7.348076427175837e-7
12595	7.348473394669933e-7
12596	7.348615439186508e-7
12597	7.349464760230092e-7
12598	7.350012578419082e-7
12599	7.350437595483010e-7
12600	7.351042428253989e-7
12601	7.351198256919262e-7
12602	7.352604077950446e-7
12603	7.353185216124597e-7
12604	7.353455118489421e-7
12605	7.353889311284341e-7
12606	7.354849947515038e-7
12607	7.355603137340480e-7
12608	7.356127239715230e-7
12609	7.356820585797989e-7
12610	7.357280024757065e-7
12611	7.358601445843784e-7
12612	7.358851650588213e-7
12613	7.358934680345377e-7
12614	7.359891117649153e-7
12615	7.360549784956755e-7
12616	7.361127829470635e-7
12617	7.362085827777491e-7
12618	7.363196234817292e-7
12619	7.363526209543271e-7
12620	7.364280733174375e-7
12621	7.364515544559156e-7
12622	7.365251066638991e-7
12623	7.365854031050420e-7
12624	7.366319807557402e-7
12625	7.366968916701083e-7
12626	7.367272152040831e-7
12627	7.368403931499717e-7
12628	7.368810092037877e-7
12629	7.369227680441115e-7
12630	7.369794076016694e-7
12631	7.370711558159964e-7
12632	7.371118083005186e-7
12633	7.371671340181911e-7
12634	7.372425164164176e-7
12635	7.373009980778393e-7
12636	7.373615891307499e-7
12637	7.374389375058403e-7
12638	7.375151995303890e-7
12639	7.375660172961766e-7
12640	7.376457985887550e-7
12641	7.376678180700206e-7
12642	7.377380630532404e-7
12643	7.378195530420845e-7
12644	7.379279671832653e-7
12645	7.379356662586329e-7
12646	7.380050974213389e-7
12647	7.380871893609770e-7
12648	7.381247105215709e-7
12649	7.381589648101956e-7
12650	7.382270848109766e-7
12651	7.382781270871782e-7
12652	7.383809225493430e-7
12653	7.384820286583910e-7
12654	7.384970405172755e-7
12655	7.385510799676505e-7
12656	7.386233045208111e-7
12657	7.387138081847606e-7
12658	7.388251242343657e-7
12659	7.388939205775316e-7
12660	7.389581208375766e-7
12661	7.389810572488220e-7
12662	7.391031551924422e-7
12663	7.391401724758815e-7
12664	7.392170424953296e-7
12665	7.392699212024353e-7
12666	7.393326152770791e-7
12667	7.393714274393476e-7
12668	7.394099256887086e-7
12669	7.394716715620143e-7
12670	7.395016471065037e-7
12671	7.395769986618560e-7
12672	7.396616126238192e-7
12673	7.397521722724209e-7
12674	7.398219057020180e-7
12675	7.398661514177853e-7
12676	7.399438475412563e-7
12677	7.399694107404973e-7
12678	7.400629449008695e-7
12679	7.400825375263837e-7
12680	7.401438126716570e-7
12681	7.401620810235961e-7
12682	7.402730663640294e-7
12683	7.403264758596523e-7
12684	7.404582480113205e-7
12685	7.404879510545072e-7
12686	7.405758602174825e-7
12687	7.406313953459019e-7
12688	7.408157297160935e-7
12689	7.408396408866434e-7
12690	7.408982975475000e-7
12691	7.409379257016809e-7
12692	7.410146162314256e-7
12693	7.411837516108145e-7
12694	7.412151987562580e-7
12695	7.412835027781427e-7
12696	7.413445628578884e-7
12697	7.413550169400516e-7
12698	7.414397404630174e-7
12699	7.415408751330946e-7
12700	7.415861456147490e-7
12701	7.416635371383533e-7
12702	7.417579152677653e-7
12703	7.418208454653463e-7
12704	7.418346740220631e-7
12705	7.419057373369297e-7
12706	7.419867379560530e-7
12707	7.420300734981797e-7
12708	7.420713692527820e-7
12709	7.421575670314765e-7
12710	7.422553947324424e-7
12711	7.423118637109585e-7
12712	7.423721020597009e-7
12713	7.424027039504678e-7
12714	7.424707213556536e-7
12715	7.425233920287134e-7
12716	7.425907194914008e-7
12717	7.426693606711015e-7
12718	7.427955315135014e-7
12719	7.428536132492828e-7
12720	7.429288661293731e-7
12721	7.429714396304139e-7
12722	7.431005885009045e-7
12723	7.431470021124784e-7
12724	7.432146682993892e-7
12725	7.432404287980268e-7
12726	7.433255692960035e-7
12727	7.434617443258004e-7
12728	7.434965655854694e-7
12729	7.435530603631941e-7
12730	7.435671138526840e-7
12731	7.436254517331309e-7
12732	7.436771047170453e-7
12733	7.437344208319177e-7
12734	7.438326377038401e-7
12735	7.438724408774959e-7
12736	7.439618439871964e-7
12737	7.440147169982863e-7
12738	7.440613704217300e-7
12739	7.441525855411163e-7
12740	7.442545778009085e-7
12741	7.443159074039042e-7
12742	7.443744145203860e-7
12743	7.444170323274074e-7
12744	7.444402505979539e-7
12745	7.445392327015763e-7
12746	7.446405992026381e-7
12747	7.447280371442056e-7
12748	7.447365048140725e-7
12749	7.448011045702018e-7
12750	7.449206197155458e-7
12751	7.449821381262515e-7
12752	7.450112393458037e-7
12753	7.451069785478262e-7
12754	7.451674730826174e-7
12755	7.452694031466228e-7
12756	7.452926530264702e-7
12757	7.453652783408997e-7
12758	7.454084536860423e-7
12759	7.454538734925258e-7
12760	7.455433934799964e-7
12761	7.456907759003055e-7
12762	7.457261868453015e-7
12763	7.457929097771722e-7
12764	7.458167433015306e-7
12765	7.459268605322528e-7
12766	7.459977775491873e-7
12767	7.460361306483604e-7
12768	7.460884694500508e-7
12769	7.461980676226283e-7
12770	7.462566073301953e-7
12771	7.463320329477788e-7
12772	7.464285807034022e-7
12773	7.465064057032555e-7
12774	7.465516047615966e-7
12775	7.465853171418980e-7
12776	7.467100821421747e-7
12777	7.467396377316524e-7
12778	7.468132874095681e-7
12779	7.468660438316435e-7
12780	7.469647771018940e-7
12781	7.470267944463274e-7
12782	7.470642809658494e-7
12783	7.471027903356338e-7
12784	7.471799949077986e-7
12785	7.472993085751334e-7
12786	7.473570573091319e-7
12787	7.474236569469531e-7
12788	7.475475156641620e-7
12789	7.475710852019069e-7
12790	7.476131735812863e-7
12791	7.476697819429596e-7
12792	7.477638877948129e-7
12793	7.479942961081841e-7
12794	7.480037701358985e-7
12795	7.480695488986034e-7
12796	7.481329535826077e-7
12797	7.481943646655450e-7
12798	7.482721263322646e-7
12799	7.483006570364261e-7
12800	7.483344762384871e-7
12801	7.484111740990183e-7
12802	7.484790500382010e-7
12803	7.485472479723107e-7
12804	7.485935444098045e-7
12805	7.488186896691620e-7
12806	7.488472798459692e-7
12807	7.489443436530502e-7
12808	7.490058481063642e-7
12809	7.490694355959543e-7
12810	7.491415641074727e-7
12811	7.492353863324581e-7
12812	7.492808510882699e-7
12813	7.493426617874154e-7
12814	7.494311958924474e-7
12815	7.495286659026348e-7
12816	7.495893882947107e-7
12817	7.496043793021072e-7
12818	7.496775011565429e-7
12819	7.497160277091855e-7
12820	7.497880667953380e-7
12821	7.498765613350819e-7
12822	7.500146398899699e-7
12823	7.500794987797826e-7
12824	7.501684102546536e-7
12825	7.501846017740482e-7
12826	7.502280763329984e-7
12827	7.504066779910575e-7
12828	7.504228517062879e-7
12829	7.504445292500904e-7
12830	7.505282697851714e-7
12831	7.505777569938928e-7
12832	7.506625569755574e-7
12833	7.507425834060762e-7
12834	7.508525286074143e-7
12835	7.509005217300292e-7
12836	7.509512290633821e-7
12837	7.509573898085529e-7
12838	7.510120585508898e-7
12839	7.511255597383275e-7
12840	7.512634361035240e-7
12841	7.512722137177249e-7
12842	7.513347971645995e-7
12843	7.514379579786237e-7
12844	7.514958460968135e-7
12845	7.515143346701510e-7
12846	7.515863290638480e-7
12847	7.516541035801783e-7
12848	7.517428293523838e-7
12849	7.517628015402710e-7
12850	7.518215972348053e-7
12851	7.518472855433792e-7
12852	7.519527267488451e-7
12853	7.520105287797186e-7
12854	7.520899288635288e-7
12855	7.521427612912410e-7
12856	7.521863903758742e-7
12857	7.523457674794327e-7
12858	7.524157117246996e-7
12859	7.525171343159166e-7
12860	7.525884549373424e-7
12861	7.526130793843709e-7
12862	7.527198282117521e-7
12863	7.527863684317989e-7
12864	7.528650167366635e-7
12865	7.529050397113713e-7
12866	7.530282143109186e-7
12867	7.530465719951799e-7
12868	7.531318388951414e-7
12869	7.531870481058217e-7
12870	7.532314036764337e-7
12871	7.533067867906639e-7
12872	7.534242697044349e-7
12873	7.534823455111422e-7
12874	7.535456000445502e-7
12875	7.535864195878062e-7
12876	7.536487879390799e-7
12877	7.537208911747216e-7
12878	7.537733175270752e-7
12879	7.538349766991200e-7
12880	7.538856211529447e-7
12881	7.539395353102222e-7
12882	7.540401124844810e-7
12883	7.541929380203262e-7
12884	7.542083802887200e-7
12885	7.542336177910596e-7
12886	7.543026406351656e-7
12887	7.544006290704090e-7
12888	7.544989534106353e-7
12889	7.545714711716133e-7
12890	7.546359943546995e-7
12891	7.546720477746746e-7
12892	7.547401346768133e-7
12893	7.547851402561672e-7
12894	7.548788384005357e-7
12895	7.550471210318678e-7
12896	7.550838053116756e-7
12897	7.551242739556318e-7
12898	7.551421374562188e-7
12899	7.552834290499512e-7
12900	7.553196516445519e-7
12901	7.553706585533397e-7
12902	7.554910574115592e-7
12903	7.555649852197998e-7
12904	7.556073118777975e-7
12905	7.556853826264830e-7
12906	7.557339633352556e-7
12907	7.558803928355800e-7
12908	7.558914128843413e-7
12909	7.558988385274666e-7
12910	7.560718733878847e-7
12911	7.560975250252776e-7
12912	7.561660890894506e-7
12913	7.562898287023086e-7
12914	7.564156540254725e-7
12915	7.564428546599335e-7
12916	7.564697797282497e-7
12917	7.565634139243156e-7
12918	7.565989179084712e-7
12919	7.566980722913764e-7
12920	7.567232496704530e-7
12921	7.568346540548219e-7
12922	7.569367432094230e-7
12923	7.570072126054970e-7
12924	7.570321509963963e-7
12925	7.570690839163589e-7
12926	7.571399992882628e-7
12927	7.571810457124606e-7
12928	7.572870284063268e-7
12929	7.574808282404461e-7
12930	7.575561304127690e-7
12931	7.576011460274234e-7
12932	7.576912160454538e-7
12933	7.577444176716369e-7
12934	7.578031703675677e-7
12935	7.578482475497561e-7
12936	7.579641894146265e-7
12937	7.581493838191788e-7
12938	7.582208040933184e-7
12939	7.582856885394911e-7
12940	7.583028904541256e-7
12941	7.584367458440326e-7
12942	7.584615465882551e-7
12943	7.584685774609418e-7
12944	7.585404993555410e-7
12945	7.586267654153049e-7
12946	7.587235573019070e-7
12947	7.588953901627008e-7
12948	7.589198247728913e-7
12949	7.589322451701741e-7
12950	7.590345012015473e-7
12951	7.591248042589121e-7
12952	7.592066644061913e-7
12953	7.592627168740344e-7
12954	7.592860623485794e-7
12955	7.593273120760334e-7
12956	7.593683812031758e-7
12957	7.595531834878072e-7
12958	7.595850586808448e-7
12959	7.596358850131065e-7
12960	7.597124675161914e-7
12961	7.599129358613623e-7
12962	7.599261357966823e-7
12963	7.599407301161733e-7
12964	7.600548666739263e-7
12965	7.601128790936972e-7
12966	7.602160928920968e-7
12967	7.603057343056388e-7
12968	7.603447978226616e-7
12969	7.604088203111548e-7
12970	7.605127152615391e-7
12971	7.605857801797831e-7
12972	7.606639660233819e-7
12973	7.607229840505439e-7
12974	7.607996125010343e-7
12975	7.608814688098766e-7
12976	7.609405319241331e-7
12977	7.610684015702345e-7
12978	7.611274713688849e-7
12979	7.612440809130171e-7
12980	7.613467586300120e-7
12981	7.614039497085221e-7
12982	7.614791875591809e-7
12983	7.615534704271532e-7
12984	7.616686035104753e-7
12985	7.616954919121755e-7
12986	7.618381009383126e-7
12987	7.619046307673462e-7
12988	7.619247828507037e-7
12989	7.619775450423663e-7
12990	7.620642567771704e-7
12991	7.621928562495805e-7
12992	7.622430549514877e-7
12993	7.623044145079013e-7
12994	7.623505496129205e-7
12995	7.624214331397743e-7
12996	7.624693041923893e-7
12997	7.625626811235740e-7
12998	7.627458534967756e-7
12999	7.628002248741278e-7
13000	7.628040208701197e-7
13001	7.629566386054119e-7
13002	7.630621653018071e-7
13003	7.631024187211282e-7
13004	7.632049392541865e-7
13005	7.632415075627856e-7
13006	7.633658649153570e-7
13007	7.633910936933138e-7
13008	7.634738708727905e-7
13009	7.635924533168208e-7
13010	7.636455111014245e-7
13011	7.637117434096236e-7
13012	7.637845777602182e-7
13013	7.638857595477510e-7
13014	7.638878390606042e-7
13015	7.640221550986635e-7
13016	7.640555031347179e-7
13017	7.641832639602592e-7
13018	7.642506191021882e-7
13019	7.643026135292254e-7
13020	7.644038140090266e-7
13021	7.644280308167150e-7
13022	7.644944435769603e-7
13023	7.646055326622571e-7
13024	7.646701977603219e-7
13025	7.646990270296255e-7
13026	7.648226044296323e-7
13027	7.648446861112175e-7
13028	7.649645822601529e-7
13029	7.650374488256290e-7
13030	7.651386067069332e-7
13031	7.651740741730280e-7
13032	7.652783402602247e-7
13033	7.653811567634607e-7
13034	7.654148442531704e-7
13035	7.655719395826791e-7
13036	7.656521109422648e-7
13037	7.656782145037843e-7
13038	7.657178247667842e-7
13039	7.658121829953825e-7
13040	7.658634351771574e-7
13041	7.659631560494395e-7
13042	7.659821645665692e-7
13043	7.660262774873593e-7
13044	7.661869918539417e-7
13045	7.662564098339105e-7
13046	7.662969422230047e-7
13047	7.663282268939865e-7
13048	7.664377694510541e-7
13049	7.665212833828491e-7
13050	7.665906150240160e-7
13051	7.666353067976967e-7
13052	7.667729007804289e-7
13053	7.668766533732401e-7
13054	7.669407020379506e-7
13055	7.670009155367192e-7
13056	7.670743434330770e-7
13057	7.671398596623975e-7
13058	7.672080032373340e-7
13059	7.673016596202708e-7
13060	7.673192579416933e-7
13061	7.674201778895564e-7
13062	7.674347324932999e-7
13063	7.675389005093960e-7
13064	7.676518150353858e-7
13065	7.676877235317623e-7
13066	7.677428649971263e-7
13067	7.677512596519143e-7
13068	7.678863885582063e-7
13069	7.679301625403404e-7
13070	7.679518391234102e-7
13071	7.680772879561036e-7
13072	7.680980320836040e-7
13073	7.682044670671226e-7
13074	7.682983025792160e-7
13075	7.683221568107136e-7
13076	7.684587674358188e-7
13077	7.684634370511864e-7
13078	7.685753122466335e-7
13079	7.686246620182233e-7
13080	7.687090674521498e-7
13081	7.687267855598155e-7
13082	7.687899893255749e-7
13083	7.688496387426137e-7
13084	7.688803912824966e-7
13085	7.689203407056126e-7
13086	7.690551536720740e-7
13087	7.691715525855688e-7
13088	7.691922436429526e-7
13089	7.692827205164936e-7
13090	7.693632408239790e-7
13091	7.694295245363809e-7
13092	7.694650611104447e-7
13093	7.695672132302014e-7
13094	7.696371325182980e-7
13095	7.697428387488619e-7
13096	7.697685247139692e-7
13097	7.698226458017482e-7
13098	7.699590000422391e-7
13099	7.699958740549479e-7
13100	7.700502254665477e-7
13101	7.701143476459019e-7
13102	7.701807190696034e-7
13103	7.702385209979132e-7
13104	7.702530663086450e-7
13105	7.703369067982266e-7
13106	7.704362132032669e-7
13107	7.705611583131307e-7
13108	7.705981845668810e-7
13109	7.706356095743773e-7
13110	7.706956305645696e-7
13111	7.707374723696054e-7
13112	7.708270736116367e-7
13113	7.708830592153779e-7
13114	7.709130383010936e-7
13115	7.709467987986819e-7
13116	7.710603949588318e-7
13117	7.711422769886122e-7
13118	7.711469998886470e-7
13119	7.712643862236644e-7
13120	7.714059435122923e-7
13121	7.714426557306179e-7
13122	7.714770032842539e-7
13123	7.715474684474880e-7
13124	7.716152348071861e-7
13125	7.716859335373006e-7
13126	7.716949522414642e-7
13127	7.717336178393954e-7
13128	7.717784846998688e-7
13129	7.718659878059214e-7
13130	7.719504757776344e-7
13131	7.720426282302389e-7
13132	7.721371315203990e-7
13133	7.722110824180623e-7
13134	7.722326612995212e-7
13135	7.722493822813378e-7
13136	7.723872684626235e-7
13137	7.724649200164779e-7
13138	7.725300902788210e-7
13139	7.725846502499199e-7
13140	7.726137074362106e-7
13141	7.727253441999025e-7
13142	7.727767062838256e-7
13143	7.728171516806172e-7
13144	7.728588518025543e-7
13145	7.729422514533560e-7
13146	7.730132451157120e-7
13147	7.730829809474118e-7
13148	7.731329972525905e-7
13149	7.732053082293753e-7
13150	7.732636980115959e-7
13151	7.733254727266515e-7
13152	7.733594597217437e-7
13153	7.733955258161069e-7
13154	7.734150941111003e-7
13155	7.735251417027924e-7
13156	7.735822038484769e-7
13157	7.736243464463524e-7
13158	7.736661400590546e-7
13159	7.737400025769924e-7
13160	7.737548681725940e-7
13161	7.738459880025223e-7
13162	7.739108712683240e-7
13163	7.739811284871768e-7
13164	7.740484819197412e-7
13165	7.741031166019992e-7
13166	7.741523117119174e-7
13167	7.741898913296962e-7
13168	7.742059687526972e-7
13169	7.743138431321836e-7
13170	7.743676795341581e-7
13171	7.744648001596865e-7
13172	7.744879792880496e-7
13173	7.745356154383585e-7
13174	7.745684553829723e-7
13175	7.746811486419034e-7
13176	7.747462142252469e-7
13177	7.747912295171076e-7
13178	7.748275507487714e-7
13179	7.749238868014459e-7
13180	7.749405593734109e-7
13181	7.750206691984541e-7
13182	7.750738472301997e-7
13183	7.751495338325068e-7
13184	7.751849235432118e-7
13185	7.753141075295712e-7
13186	7.753546326138446e-7
13187	7.753700408594279e-7
13188	7.754340657678054e-7
13189	7.754899963191897e-7
13190	7.755766128542241e-7
13191	7.756148332661798e-7
13192	7.756829329905423e-7
13193	7.757174979470165e-7
13194	7.758539699544474e-7
13195	7.759099335156873e-7
13196	7.759734237304443e-7
13197	7.760473893927480e-7
13198	7.760530708336395e-7
13199	7.761276913996598e-7
13200	7.761529649598806e-7
13201	7.762358654874578e-7
13202	7.762616385030416e-7
13203	7.762814061548803e-7
13204	7.763451753495214e-7
13205	7.763988961768981e-7
13206	7.764577131312170e-7
13207	7.765613641608825e-7
13208	7.766301184237050e-7
13209	7.766686982439898e-7
13210	7.767137405584474e-7
13211	7.767544251603233e-7
13212	7.767895626134736e-7
13213	7.768309365197528e-7
13214	7.769148794972764e-7
13215	7.769741509388165e-7
13216	7.770085249372436e-7
13217	7.770353825937390e-7
13218	7.770928179175473e-7
13219	7.771567033131919e-7
13220	7.772536385935959e-7
13221	7.773626718208127e-7
13222	7.773790902652445e-7
13223	7.774264922905166e-7
13224	7.774903177805712e-7
13225	7.775441409171710e-7
13226	7.776251747573448e-7
13227	7.776609219801793e-7
13228	7.776869947430983e-7
13229	7.778409033894073e-7
13230	7.778984985580350e-7
13231	7.779065621938518e-7
13232	7.779134171252612e-7
13233	7.779815950522557e-7
13234	7.780428083519071e-7
13235	7.780666858068887e-7
13236	7.781260954755656e-7
13237	7.782219825297506e-7
13238	7.782735655332781e-7
13239	7.782970828323342e-7
13240	7.783455856401236e-7
13241	7.783952392793633e-7
13242	7.784540440688946e-7
13243	7.785128759429549e-7
13244	7.785731794443856e-7
13245	7.786158381705311e-7
13246	7.786817720461064e-7
13247	7.787524350334298e-7
13248	7.787893702697916e-7
13249	7.788479738242686e-7
13250	7.789002119945683e-7
13251	7.789024309210134e-7
13252	7.789862077928667e-7
13253	7.790289070482325e-7
13254	7.790822765661504e-7
13255	7.791784607531007e-7
13256	7.792143165383462e-7
13257	7.792380524690692e-7
13258	7.792966939612643e-7
13259	7.793803039796645e-7
13260	7.794279507352690e-7
13261	7.794398552100710e-7
13262	7.794919281976643e-7
13263	7.795180457871640e-7
13264	7.796098001330905e-7
13265	7.796737366554407e-7
13266	7.797127620809831e-7
13267	7.797638096942002e-7
13268	7.797955097786125e-7
13269	7.798314544418984e-7
13270	7.799342963887982e-7
13271	7.799812633371468e-7
13272	7.800440653335542e-7
13273	7.800710193239388e-7
13274	7.801042178734013e-7
13275	7.801870648308380e-7
13276	7.802349688387261e-7
13277	7.802585009475062e-7
13278	7.803188859029833e-7
13279	7.803643381990862e-7
13280	7.804474588022850e-7
13281	7.805024170469544e-7
13282	7.805519819195423e-7
13283	7.806020642839757e-7
13284	7.806313376839029e-7
13285	7.806947756711101e-7
13286	7.806995498318676e-7
13287	7.807727053047003e-7
13288	7.808511275997420e-7
13289	7.808989288850057e-7
13290	7.809496117772385e-7
13291	7.809842635849454e-7
13292	7.810685521284942e-7
13293	7.811206645249803e-7
13294	7.811447417169165e-7
13295	7.811901697314998e-7
13296	7.812366167756254e-7
13297	7.812853220858185e-7
13298	7.813354347998626e-7
13299	7.813644642193455e-7
13300	7.814072995780031e-7
13301	7.814789847756981e-7
13302	7.815348648738322e-7
13303	7.816538379116991e-7
13304	7.816758763959008e-7
13305	7.817213584829230e-7
13306	7.817992849982350e-7
13307	7.818138306620254e-7
13308	7.818649078545070e-7
13309	7.818960782605889e-7
13310	7.819219232903784e-7
13311	7.819756726461206e-7
13312	7.820049800784656e-7
13313	7.820420508247642e-7
13314	7.821121444105800e-7
13315	7.821658956150886e-7
13316	7.822059031640441e-7
13317	7.822970616278606e-7
13318	7.823350912011302e-7
13319	7.823482545288930e-7
13320	7.823970474135116e-7
13321	7.824882338683921e-7
13322	7.825335359772219e-7
13323	7.826386127781005e-7
13324	7.826597613984435e-7
13325	7.826871454389093e-7
13326	7.827820713418373e-7
13327	7.828005433316789e-7
13328	7.828230424661244e-7
13329	7.828901268616377e-7
13330	7.829529352467413e-7
13331	7.829907223675990e-7
13332	7.831028445016721e-7
13333	7.831518570084490e-7
13334	7.831893705073580e-7
13335	7.832386146103789e-7
13336	7.832613411027159e-7
13337	7.833035962095910e-7
13338	7.833664639095853e-7
13339	7.834030194485605e-7
13340	7.834609814268041e-7
13341	7.835249148841172e-7
13342	7.835509673325924e-7
13343	7.836094243721008e-7
13344	7.836562094940369e-7
13345	7.836736631126348e-7
13346	7.837615360203111e-7
13347	7.838664755420032e-7
13348	7.838918964404232e-7
13349	7.839011067521431e-7
13350	7.840087339768436e-7
13351	7.840312214682597e-7
13352	7.840784806353612e-7
13353	7.841003696402633e-7
13354	7.841573460836279e-7
13355	7.841865358020273e-7
13356	7.842020744715818e-7
13357	7.842655475109824e-7
13358	7.843250683083947e-7
13359	7.843402060492866e-7
13360	7.844007148650705e-7
13361	7.845522735043928e-7
13362	7.845820516925316e-7
13363	7.846042977984321e-7
13364	7.846472143910571e-7
13365	7.846498021621980e-7
13366	7.847421522997914e-7
13367	7.847627319169934e-7
13368	7.847829071749481e-7
13369	7.848181785272508e-7
13370	7.848520255391125e-7
13371	7.848658566020517e-7
13372	7.849543499335215e-7
13373	7.849832331608905e-7
13374	7.850167716935495e-7
13375	7.850670901344895e-7
13376	7.850866673292811e-7
13377	7.851681755219142e-7
13378	7.851960860989752e-7
13379	7.852477906465191e-7
13380	7.853214493848155e-7
13381	7.853651349186073e-7
13382	7.854222458218017e-7
13383	7.854642472486351e-7
13384	7.855403783421669e-7
13385	7.855641670029772e-7
13386	7.855746133760579e-7
13387	7.856855900759852e-7
13388	7.857405842499860e-7
13389	7.857665114476975e-7
13390	7.858696510727836e-7
13391	7.858800908140952e-7
13392	7.859012523633247e-7
13393	7.859394602302802e-7
13394	7.860098263174996e-7
13395	7.860493330876101e-7
13396	7.860649882109773e-7
13397	7.861457015018512e-7
13398	7.861821159220685e-7
13399	7.862133374866118e-7
13400	7.862997637278557e-7
13401	7.863463307645111e-7
13402	7.863577245100964e-7
13403	7.863735918106576e-7
13404	7.864169469342288e-7
13405	7.864518223073926e-7
13406	7.865223116955187e-7
13407	7.865636647641029e-7
13408	7.865672688489419e-7
13409	7.866433107096820e-7
13410	7.866851449276456e-7
13411	7.867163567361572e-7
13412	7.867758290692146e-7
13413	7.868220454294621e-7
13414	7.868555156915327e-7
13415	7.868973719490028e-7
13416	7.869468488645155e-7
13417	7.870075793656928e-7
13418	7.870427362581976e-7
13419	7.870652426106150e-7
13420	7.870980544881708e-7
13421	7.871716256320839e-7
13422	7.871958995595428e-7
13423	7.872262576343599e-7
13424	7.872743449088702e-7
13425	7.873143546357110e-7
13426	7.873319880893298e-7
13427	7.873517753539808e-7
13428	7.873664594537865e-7
13429	7.874337455696321e-7
13430	7.874693286900550e-7
13431	7.874945986439030e-7
13432	7.875131408853568e-7
13433	7.875584658808347e-7
13434	7.875935354884187e-7
13435	7.876328133479029e-7
13436	7.876697788547083e-7
13437	7.877121675197286e-7
13438	7.877237024158499e-7
13439	7.877792576548332e-7
13440	7.877991630113824e-7
13441	7.878371223983693e-7
13442	7.878436267151589e-7
13443	7.878773165847554e-7
13444	7.879474766771644e-7
13445	7.879752936652315e-7
13446	7.879824757742986e-7
13447	7.880242191823420e-7
13448	7.880601329480396e-7
13449	7.880803994626678e-7
13450	7.881071865282464e-7
13451	7.881175112409739e-7
13452	7.881793026856269e-7
13453	7.882413909829767e-7
13454	7.882558922538295e-7
13455	7.882731535431456e-7
13456	7.883206346781448e-7
13457	7.883495108821233e-7
13458	7.883574122635936e-7
13459	7.883909148765481e-7
13460	7.884090800601108e-7
13461	7.884752913928910e-7
13462	7.885080106754647e-7
13463	7.885442430867444e-7
13464	7.885651673087965e-7
13465	7.885763683008969e-7
13466	7.886013938597084e-7
13467	7.886464276522343e-7
13468	7.886647688199327e-7
13469	7.886846202095217e-7
13470	7.887308707504831e-7
13471	7.887548479191365e-7
13472	7.887738749541792e-7
13473	7.887951958435769e-7
13474	7.888037607482494e-7
13475	7.888642904514855e-7
13476	7.889146486915893e-7
13477	7.889354687439340e-7
13478	7.889462649765661e-7
13479	7.889657862864936e-7
13480	7.889731843136034e-7
13481	7.890394842028181e-7
13482	7.890533064551678e-7
13483	7.890796745237583e-7
13484	7.891450193872392e-7
13485	7.891738073773514e-7
13486	7.891908170215345e-7
13487	7.892053807552698e-7
13488	7.892435873992148e-7
13489	7.892741274161732e-7
13490	7.892957203669480e-7
13491	7.893472770155803e-7
13492	7.893760525862346e-7
13493	7.894169794510399e-7
13494	7.894306425659355e-7
13495	7.894365622154727e-7
13496	7.894852931007507e-7
13497	7.895135980313803e-7
13498	7.895280944148700e-7
13499	7.895419822511544e-7
13500	7.895763752212185e-7
13501	7.895971386181820e-7
13502	7.896320291741145e-7
13503	7.896739214797074e-7
13504	7.896845147047016e-7
13505	7.897066959494614e-7
13506	7.897360447296119e-7
13507	7.897747651558136e-7
13508	7.897987475207795e-7
13509	7.898119484668653e-7
13510	7.898415475535960e-7
13511	7.898704525912632e-7
13512	7.898973216483801e-7
13513	7.899170140445940e-7
13514	7.899577842125327e-7
13515	7.899668389331181e-7
13516	7.900074344615749e-7
13517	7.900347757140811e-7
13518	7.900832149645220e-7
13519	7.901170410120526e-7
13520	7.901340318031760e-7
13521	7.901808768602610e-7
13522	7.902035292581186e-7
13523	7.902402028224698e-7
13524	7.902542824436917e-7
13525	7.902765663296291e-7
13526	7.902949390828659e-7
13527	7.903302641967947e-7
13528	7.903754302625405e-7
13529	7.904168218971686e-7
13530	7.904298432110181e-7
13531	7.904481976106278e-7
13532	7.904811961427129e-7
13533	7.904958936132753e-7
13534	7.905079747558127e-7
13535	7.905290811579271e-7
13536	7.905418886239163e-7
13537	7.905687622377403e-7
13538	7.906427947762718e-7
13539	7.906810218266783e-7
13540	7.907026058592854e-7
13541	7.907137434266388e-7
13542	7.907260887442942e-7
13543	7.907520365646871e-7
13544	7.907678861607037e-7
13545	7.908027172685807e-7
13546	7.908143923374205e-7
13547	7.908772707360051e-7
13548	7.909082005100675e-7
13549	7.909417693529382e-7
13550	7.909767958720152e-7
13551	7.910221674511744e-7
13552	7.910275354061027e-7
13553	7.910461814551875e-7
13554	7.910748699003590e-7
13555	7.911143664771546e-7
13556	7.911385356753894e-7
13557	7.911572637393826e-7
13558	7.912094824972798e-7
13559	7.912191889234064e-7
13560	7.912605506855695e-7
13561	7.912990685959782e-7
13562	7.913235830722671e-7
13563	7.913398201112862e-7
13564	7.914056576534550e-7
13565	7.914104426061250e-7
13566	7.914676533120862e-7
13567	7.914876405724180e-7
13568	7.915414855997116e-7
13569	7.915783401981885e-7
13570	7.915993272304351e-7
13571	7.916080434180789e-7
13572	7.916528334194690e-7
13573	7.916605553066601e-7
13574	7.916820127575981e-7
13575	7.917025076030503e-7
13576	7.917558285588106e-7
13577	7.918094371094152e-7
13578	7.918186606208211e-7
13579	7.918418400908601e-7
13580	7.918609748998893e-7
13581	7.919284986239920e-7
13582	7.919836701517832e-7
13583	7.920027243878595e-7
13584	7.920121267711851e-7
13585	7.920531099746707e-7
13586	7.920782784186371e-7
13587	7.921357265417443e-7
13588	7.921581097869671e-7
13589	7.921857630517797e-7
13590	7.922039463567697e-7
13591	7.922482237859359e-7
13592	7.922699953515204e-7
13593	7.922846612177331e-7
13594	7.923445378497017e-7
13595	7.923584849530296e-7
13596	7.923767738933163e-7
13597	7.923980621238250e-7
13598	7.924635239787423e-7
13599	7.925154320207297e-7
13600	7.925449870423642e-7
13601	7.925704379634548e-7
13602	7.925831537864508e-7
13603	7.925952988929375e-7
13604	7.926350379129918e-7
13605	7.926507146747889e-7
13606	7.926979725161816e-7
13607	7.927086238932015e-7
13608	7.927991532861697e-7
13609	7.928134943420485e-7
13610	7.928362365531472e-7
13611	7.928501323491297e-7
13612	7.929030449094676e-7
13613	7.929163895980147e-7
13614	7.929432405250196e-7
13615	7.929862373732602e-7
13616	7.930424629789142e-7
13617	7.930472774687134e-7
13618	7.931076765816780e-7
13619	7.931244617102909e-7
13620	7.931796462928737e-7
13621	7.932070459240225e-7
13622	7.932823939276516e-7
13623	7.932893762907204e-7
13624	7.933093367048833e-7
13625	7.933478315068055e-7
13626	7.934234595846954e-7
13627	7.934816662810056e-7
13628	7.934957610523941e-7
13629	7.935124803389284e-7
13630	7.935434579242765e-7
13631	7.935705178753705e-7
13632	7.936165291084575e-7
13633	7.936249636128464e-7
13634	7.936999321266386e-7
13635	7.937347175600145e-7
13636	7.937970823104666e-7
13637	7.938002548748388e-7
13638	7.938597022571077e-7
13639	7.939157014306496e-7
13640	7.939379299046472e-7
13641	7.939803727697324e-7
13642	7.940020872985941e-7
13643	7.940304430870493e-7
13644	7.940614231373738e-7
13645	7.941466494978840e-7
13646	7.941585525339156e-7
13647	7.941940058259306e-7
13648	7.942127363441167e-7
13649	7.942618660146216e-7
13650	7.943184921648430e-7
13651	7.943254291906803e-7
13652	7.943754579104016e-7
13653	7.944154450972959e-7
13654	7.944245739958556e-7
13655	7.944668386747755e-7
13656	7.945258005487848e-7
13657	7.945446972830386e-7
13658	7.945530196831558e-7
13659	7.946063465662295e-7
13660	7.946518108112749e-7
13661	7.947419768718446e-7
13662	7.947589542764080e-7
13663	7.947915748547596e-7
13664	7.948465283632692e-7
13665	7.948851354077722e-7
13666	7.949283578682476e-7
13667	7.949850491899312e-7
13668	7.949962271276595e-7
13669	7.950512152712876e-7
13670	7.950658277393410e-7
13671	7.951481331390005e-7
13672	7.951683232255668e-7
13673	7.951961378393664e-7
13674	7.952393894179437e-7
13675	7.952990742452423e-7
13676	7.953366607688776e-7
13677	7.953678083680504e-7
13678	7.954005299133423e-7
13679	7.954866057102967e-7
13680	7.955133696901285e-7
13681	7.955481559971336e-7
13682	7.955860864871618e-7
13683	7.956543810066943e-7
13684	7.956612078890680e-7
13685	7.957105686755865e-7
13686	7.957504248879552e-7
13687	7.957793731002134e-7
13688	7.958745684353738e-7
13689	7.959075935776392e-7
13690	7.959390950205818e-7
13691	7.959976142105442e-7
13692	7.960266079306291e-7
13693	7.960863284879710e-7
13694	7.961136568137741e-7
13695	7.961421960196057e-7
13696	7.961718313671825e-7
13697	7.962519894800579e-7
13698	7.963097627383390e-7
13699	7.963258287956042e-7
13700	7.963676136259562e-7
13701	7.963896499687889e-7
13702	7.964191998565159e-7
13703	7.964635406076426e-7
13704	7.965143014598935e-7
13705	7.965511241544145e-7
13706	7.966212471944266e-7
13707	7.966846875488015e-7
13708	7.967125001813050e-7
13709	7.967602389277908e-7
13710	7.967900846945363e-7
13711	7.968502055831298e-7
13712	7.968973477034192e-7
13713	7.969340734356954e-7
13714	7.969851141842810e-7
13715	7.970253767999782e-7
13716	7.970640887478807e-7
13717	7.971641356625167e-7
13718	7.971998207951542e-7
13719	7.972158875807200e-7
13720	7.972587906175246e-7
13721	7.973056126046887e-7
13722	7.973547459661262e-7
13723	7.974420288708984e-7
13724	7.974885769909807e-7
13725	7.975282883883917e-7
13726	7.975376412472220e-7
13727	7.976489278359747e-7
13728	7.977008332424824e-7
13729	7.977640865412517e-7
13730	7.977853085051131e-7
13731	7.978557542349644e-7
13732	7.978585156960639e-7
13733	7.979351801316792e-7
13734	7.980131879180156e-7
13735	7.980340525191876e-7
13736	7.980868980672714e-7
13737	7.981060556079136e-7
13738	7.981604956050447e-7
13739	7.982712172856850e-7
13740	7.982922494118182e-7
13741	7.983210612978464e-7
13742	7.983737429273439e-7
13743	7.984526888542200e-7
13744	7.985215058044501e-7
13745	7.985634168848516e-7
13746	7.985723823524331e-7
13747	7.986166124309822e-7
13748	7.986649412868104e-7
13749	7.987490313893322e-7
13750	7.987940202378063e-7
13751	7.988528569620556e-7
13752	7.989390831946909e-7
13753	7.989731842990353e-7
13754	7.990096405241431e-7
13755	7.990695430149810e-7
13756	7.991166955702906e-7
13757	7.991934189567689e-7
13758	7.992023605972278e-7
13759	7.993132462210653e-7
13760	7.993473687005236e-7
13761	7.993877142339211e-7
13762	7.994229741534803e-7
13763	7.994483958282472e-7
13764	7.994941144096168e-7
13765	7.995542910780023e-7
13766	7.996247611510633e-7
13767	7.996634065966524e-7
13768	7.997517633176633e-7
13769	7.998028692560669e-7
13770	7.998858551632119e-7
13771	7.999269677347358e-7
13772	7.999519272264258e-7
13773	8.000230005717429e-7
13774	8.000373414761323e-7
13775	8.000798401415065e-7
13776	8.001293330292563e-7
13777	8.001565713938385e-7
13778	8.002229092225409e-7
13779	8.003501671861142e-7
13780	8.004145622018933e-7
13781	8.004277961079011e-7
13782	8.004789829840509e-7
13783	8.005035045251639e-7
13784	8.005146674774259e-7
13785	8.006636207988522e-7
13786	8.007107307943461e-7
13787	8.007618602777992e-7
13788	8.007968905855116e-7
13789	8.009128263054251e-7
13790	8.009388657349420e-7
13791	8.009885339549859e-7
13792	8.010515611225522e-7
13793	8.011003784369520e-7
13794	8.011597174615595e-7
13795	8.011916045527148e-7
13796	8.012162622801157e-7
13797	8.012982434229249e-7
13798	8.013270281636600e-7
13799	8.013929536040030e-7
13800	8.014633199631242e-7
13801	8.014809780110979e-7
13802	8.015676044046583e-7
13803	8.016577141313692e-7
13804	8.016640886881443e-7
13805	8.017262863899487e-7
13806	8.018137409642995e-7
13807	8.018627023662634e-7
13808	8.018962236760474e-7
13809	8.019724542296798e-7
13810	8.019967903199004e-7
13811	8.020491431740571e-7
13812	8.020872860394514e-7
13813	8.021901549061645e-7
13814	8.022333557664662e-7
13815	8.023083364621501e-7
13816	8.023953337725261e-7
13817	8.024533836518036e-7
13818	8.024647857621036e-7
13819	8.025337148158000e-7
13820	8.025525095041470e-7
13821	8.026368632019731e-7
13822	8.026655579520441e-7
13823	8.027402072422111e-7
13824	8.027989327054309e-7
13825	8.028590197917964e-7
13826	8.028693317906057e-7
13827	8.028748655933719e-7
13828	8.029445192905054e-7
13829	8.030289508729139e-7
13830	8.031234353720560e-7
13831	8.031968586567119e-7
13832	8.032359454839350e-7
13833	8.032855197383319e-7
13834	8.033678884877942e-7
13835	8.033855627355215e-7
13836	8.034097898542338e-7
13837	8.034793329062313e-7
13838	8.034962711976658e-7
13839	8.036145458678430e-7
13840	8.036694485581838e-7
13841	8.036790197029439e-7
13842	8.037538788241574e-7
13843	8.038308925616718e-7
13844	8.038477410810332e-7
13845	8.039148613349654e-7
13846	8.039798965078429e-7
13847	8.039920286583535e-7
13848	8.040738448131822e-7
13849	8.041536902232850e-7
13850	8.042363712867872e-7
13851	8.043028135948798e-7
13852	8.043355044701160e-7
13853	8.044069660986732e-7
13854	8.044647812333520e-7
13855	8.045429409234945e-7
13856	8.045922359928129e-7
13857	8.046406814463836e-7
13858	8.047025292695021e-7
13859	8.047504321858131e-7
13860	8.047763684136909e-7
13861	8.048923837412880e-7
13862	8.049084625830345e-7
13863	8.049766679772678e-7
13864	8.050446315030937e-7
13865	8.050910369570093e-7
13866	8.051341458756792e-7
13867	8.051740551651590e-7
13868	8.052305539408247e-7
13869	8.052712380385095e-7
13870	8.053112020781214e-7
13871	8.053600807963545e-7
13872	8.055052568567890e-7
13873	8.055206574806316e-7
13874	8.055704450498314e-7
13875	8.056633981093811e-7
13876	8.057455881628282e-7
13877	8.057759441194189e-7
13878	8.057865326563684e-7
13879	8.058425418955259e-7
13880	8.059233867502951e-7
13881	8.059994108661189e-7
13882	8.060384480060324e-7
13883	8.060948109111241e-7
13884	8.060979577600269e-7
13885	8.061890697653657e-7
13886	8.062214832949401e-7
13887	8.063118469242048e-7
13888	8.063937635206231e-7
13889	8.065324820400334e-7
13890	8.065467707732822e-7
13891	8.065897526559787e-7
13892	8.066347148612280e-7
13893	8.066700149606517e-7
13894	8.066970651760968e-7
13895	8.067230783037808e-7
13896	8.067886672846326e-7
13897	8.068190240307093e-7
13898	8.068821346676557e-7
13899	8.069006104417648e-7
13900	8.069309052864562e-7
13901	8.070018632035932e-7
13902	8.070911511391271e-7
13903	8.071761719188696e-7
13904	8.071926294486119e-7
13905	8.072839910177708e-7
13906	8.073008051188366e-7
13907	8.073470792827098e-7
13908	8.073726279238998e-7
13909	8.074223146289651e-7
13910	8.074688582209086e-7
13911	8.075662848743251e-7
13912	8.075965911278178e-7
13913	8.076087212664185e-7
13914	8.076477020689341e-7
13915	8.077376519557556e-7
13916	8.078078537137790e-7
13917	8.078831551822398e-7
13918	8.079018651222737e-7
13919	8.079272427540008e-7
13920	8.079861267414039e-7
13921	8.080417386644717e-7
13922	8.080530681461884e-7
13923	8.080989955750664e-7
13924	8.081903786335911e-7
13925	8.082483864255915e-7
13926	8.083190991299175e-7
13927	8.083658447327932e-7
13928	8.083960978995212e-7
13929	8.084120950823038e-7
13930	8.084986799260999e-7
13931	8.085795846349852e-7
13932	8.086589235779620e-7
13933	8.086851525817340e-7
13934	8.087320956557242e-7
13935	8.087533300763200e-7
13936	8.088046442370463e-7
13937	8.088254126720423e-7
13938	8.088683650704309e-7
13939	8.088735618856912e-7
13940	8.089232061019875e-7
13941	8.089644973635200e-7
13942	8.089905418596856e-7
13943	8.090865405931720e-7
13944	8.090906714246159e-7
13945	8.091614692699563e-7
13946	8.091849660251899e-7
13947	8.092598014572057e-7
13948	8.093124605310343e-7
13949	8.093324431254918e-7
13950	8.093616541805235e-7
13951	8.094472789164939e-7
13952	8.094914843055652e-7
13953	8.095328722006668e-7
13954	8.095822169697247e-7
13955	8.096402595185461e-7
13956	8.096462264133681e-7
13957	8.097648645208544e-7
13958	8.098261219933954e-7
13959	8.098518570920536e-7
13960	8.099030391826039e-7
13961	8.099559244296760e-7
13962	8.099796154343800e-7
13963	8.100607083985047e-7
13964	8.101069293790052e-7
13965	8.101231463209988e-7
13966	8.101892542434229e-7
13967	8.102089995764923e-7
13968	8.102850452274394e-7
13969	8.103062409233987e-7
13970	8.103402256147221e-7
13971	8.103804521103560e-7
13972	8.104496566004805e-7
13973	8.104668296080550e-7
13974	8.105014226951018e-7
13975	8.105653538224767e-7
13976	8.106205132066057e-7
13977	8.107003200001352e-7
13978	8.107053243922057e-7
13979	8.108274383301006e-7
13980	8.108531499489275e-7
13981	8.108859585040072e-7
13982	8.109218540457406e-7
13983	8.109748852417478e-7
13984	8.110140032081212e-7
13985	8.110430526088953e-7
13986	8.110547772150000e-7
13987	8.110897162115572e-7
13988	8.111365157902940e-7
13989	8.112007922420118e-7
13990	8.112129163264096e-7
13991	8.112638729570908e-7
13992	8.113374507169953e-7
13993	8.113756063739662e-7
13994	8.113898480318162e-7
13995	8.114697519703001e-7
13996	8.115089647953544e-7
13997	8.115516883152398e-7
13998	8.116228679062663e-7
13999	8.116388955716011e-7
14000	8.116696986861895e-7
14001	8.117300750347980e-7
14002	8.117825689851299e-7
14003	8.118186600273483e-7
14004	8.118476021533677e-7
14005	8.118860756751740e-7
14006	8.119006692145666e-7
14007	8.119401312271244e-7
14008	8.119528732967230e-7
14009	8.120003089199555e-7
14010	8.120407885914058e-7
14011	8.120905818883328e-7
14012	8.121271513683815e-7
14013	8.121534181656763e-7
14014	8.122076359877128e-7
14015	8.123069812301931e-7
14016	8.123164358801693e-7
14017	8.123708566754705e-7
14018	8.123936728895947e-7
14019	8.124241759230917e-7
14020	8.124915216266566e-7
14021	8.125030564539263e-7
14022	8.125233501578711e-7
14023	8.125835052978532e-7
14024	8.126302513160404e-7
14025	8.126646610770254e-7
14026	8.126895988366358e-7
14027	8.127672911540249e-7
14028	8.127864438829282e-7
14029	8.128448229840035e-7
14030	8.128549057071294e-7
14031	8.129210440313816e-7
14032	8.129272438500387e-7
14033	8.129433559168655e-7
14034	8.130046676528024e-7
14035	8.130764448044949e-7
14036	8.131261381153495e-7
14037	8.131552277178838e-7
14038	8.131742536104882e-7
14039	8.132120177733371e-7
14040	8.132505268313750e-7
14041	8.132869400494459e-7
14042	8.133481722385365e-7
14043	8.133593904333256e-7
14044	8.133700410235446e-7
14045	8.134468482348381e-7
14046	8.134639942614936e-7
14047	8.135445762272283e-7
14048	8.135652012622064e-7
14049	8.135952007161351e-7
14050	8.136200584760827e-7
14051	8.136440590833425e-7
14052	8.136601165708284e-7
14053	8.137107179604177e-7
14054	8.137580546726619e-7
14055	8.138051763326760e-7
14056	8.138324464562575e-7
14057	8.138826093132182e-7
14058	8.139194216336004e-7
14059	8.140040327445870e-7
14060	8.140350516910594e-7
14061	8.140573009597316e-7
14062	8.140830011130172e-7
14063	8.141569109336471e-7
14064	8.141914641399923e-7
14065	8.142315095391612e-7
14066	8.142669578804792e-7
14067	8.143130503120324e-7
14068	8.143435746874140e-7
14069	8.143614946598784e-7
14070	8.144276120259681e-7
14071	8.144416760810112e-7
14072	8.144803191168333e-7
14073	8.145164475208182e-7
14074	8.145438441694285e-7
14075	8.146032137259923e-7
14076	8.146286426202962e-7
14077	8.146522397494864e-7
14078	8.146923302814923e-7
14079	8.147306970058984e-7
14080	8.147527888911308e-7
14081	8.148239933948132e-7
14082	8.148596932502705e-7
14083	8.148821415439100e-7
14084	8.149386850703887e-7
14085	8.149663492214358e-7
14086	8.149892896502571e-7
14087	8.150152678965873e-7
14088	8.150511453749847e-7
14089	8.150860048334413e-7
14090	8.150951836307461e-7
14091	8.151607478380615e-7
14092	8.151785917523423e-7
14093	8.152226026420992e-7
14094	8.152862277416058e-7
14095	8.153254149606578e-7
14096	8.153350177683323e-7
14097	8.153599114950645e-7
14098	8.154286461184175e-7
14099	8.154376960225832e-7
14100	8.154700461286278e-7
14101	8.155055416993262e-7
14102	8.155465094309445e-7
14103	8.155581831567429e-7
14104	8.156090319711375e-7
14105	8.156431478818792e-7
14106	8.156809043814896e-7
14107	8.157237661680932e-7
14108	8.157464844814810e-7
14109	8.157637909592889e-7
14110	8.157848092192970e-7
14111	8.158361893282871e-7
14112	8.158658097998208e-7
14113	8.158893493839874e-7
14114	8.159232133628285e-7
14115	8.159674970705254e-7
14116	8.159905693033518e-7
14117	8.160072201593644e-7
14118	8.160257490070475e-7
14119	8.160489473198000e-7
14120	8.160986485762500e-7
14121	8.161240318643780e-7
14122	8.161620171050572e-7
14123	8.162238516963820e-7
14124	8.162542557223044e-7
14125	8.162694203236717e-7
14126	8.163038546014816e-7
14127	8.163408292257631e-7
14128	8.163876632244987e-7
14129	8.163930351236870e-7
14130	8.164106739728347e-7
14131	8.164620445817467e-7
14132	8.164942661067399e-7
14133	8.165118234661520e-7
14134	8.165423705424654e-7
14135	8.165657369089613e-7
14136	8.165754416002113e-7
14137	8.166264970298550e-7
14138	8.166345732746686e-7
14139	8.166607739218941e-7
14140	8.166868663709061e-7
14141	8.167145401912456e-7
14142	8.167626270077839e-7
14143	8.167854894062867e-7
14144	8.168000626648619e-7
14145	8.168456861112757e-7
14146	8.168492692026486e-7
14147	8.168859702968927e-7
14148	8.169239820154224e-7
14149	8.169566404206622e-7
14150	8.169671479153672e-7
14151	8.169834667325732e-7
14152	8.170176942076676e-7
14153	8.170303108186401e-7
14154	8.170588630088221e-7
14155	8.171040933734491e-7
14156	8.171148699285244e-7
14157	8.171382052296794e-7
14158	8.171455084901372e-7
14159	8.171736580338427e-7
14160	8.172054117609589e-7
14161	8.172179875557148e-7
14162	8.172261781837510e-7
14163	8.172518836309605e-7
14164	8.172849014713734e-7
14165	8.173084115244458e-7
14166	8.173284536149983e-7
14167	8.173762022976089e-7
14168	8.173859540919067e-7
14169	8.174076036250664e-7
14170	8.174265646268081e-7
14171	8.174349875430916e-7
14172	8.174445426392465e-7
14173	8.174693328926960e-7
14174	8.175072034626109e-7
14175	8.175372060038371e-7
14176	8.175449840616090e-7
14177	8.175796669541615e-7
14178	8.175894622660094e-7
14179	8.176120425472351e-7
14180	8.176221158223653e-7
14181	8.176398252995246e-7
14182	8.176702410834846e-7
14183	8.176877897592465e-7
14184	8.177177115932936e-7
14185	8.177562635184285e-7
14186	8.177731684510639e-7
14187	8.177895466081998e-7
14188	8.178047988863605e-7
14189	8.178247984048993e-7
14190	8.178323165571742e-7
14191	8.178612109409482e-7
14192	8.178896978214275e-7
14193	8.179127301737853e-7
14194	8.179357795373688e-7
14195	8.179561783915862e-7
14196	8.179645358324047e-7
14197	8.179868620048885e-7
14198	8.180167298925655e-7
14199	8.180238194398289e-7
14200	8.180729639736964e-7
14201	8.180823082199533e-7
14202	8.181053649212050e-7
14203	8.181355638314055e-7
14204	8.181406350700961e-7
14205	8.181606983308503e-7
14206	8.181927155711266e-7
14207	8.182143569513431e-7
14208	8.182260218630958e-7
14209	8.182291697018856e-7
14210	8.182358736368884e-7
14211	8.182706582188704e-7
14212	8.182823387703441e-7
14213	8.183140605593399e-7
14214	8.183469382717670e-7
14215	8.183568338867775e-7
14216	8.183683615890230e-7
14217	8.183792261093877e-7
14218	8.184238394558491e-7
14219	8.184428952318561e-7
14220	8.184510893278761e-7
14221	8.184742085138577e-7
14222	8.184941311381009e-7
14223	8.184948477295808e-7
14224	8.185160474329808e-7
14225	8.185394644980545e-7
14226	8.185519006065322e-7
14227	8.185822947542842e-7
14228	8.185945237119793e-7
14229	8.186036274531766e-7
14230	8.186351411025616e-7
14231	8.186498494266380e-7
14232	8.186679819770968e-7
14233	8.186862460945638e-7
14234	8.187300407217325e-7
14235	8.187348688341164e-7
14236	8.187480367335663e-7
14237	8.187708620511217e-7
14238	8.187768748251257e-7
14239	8.187950191899541e-7
14240	8.188245918563739e-7
14241	8.188361059510932e-7
14242	8.188673351228041e-7
14243	8.188780583187067e-7
14244	8.189093857352045e-7
14245	8.189296801554471e-7
14246	8.189399650490649e-7
14247	8.189774620618153e-7
14248	8.189858947808128e-7
14249	8.189909012462747e-7
14250	8.189986575074751e-7
14251	8.190250670310286e-7
14252	8.190506383823042e-7
14253	8.190737466009502e-7
14254	8.190912530595067e-7
14255	8.191010201198461e-7
14256	8.191297781912466e-7
14257	8.191363690907914e-7
14258	8.191640521758858e-7
14259	8.191729870981463e-7
14260	8.192025245022583e-7
14261	8.192177869228661e-7
14262	8.192639128331582e-7
14263	8.192899457021280e-7
14264	8.193003961589837e-7
14265	8.193187416476377e-7
14266	8.193327781967733e-7
14267	8.193417124143473e-7
14268	8.193559510320847e-7
14269	8.194028059134697e-7
14270	8.194142765532317e-7
14271	8.194354667422909e-7
14272	8.194410024120104e-7
14273	8.194620182318719e-7
14274	8.194721426233781e-7
14275	8.194843446324577e-7
14276	8.195089389879519e-7
14277	8.195269724539255e-7
14278	8.195421539489668e-7
14279	8.195600025306364e-7
14280	8.195743478512322e-7
14281	8.195932086632753e-7
14282	8.196066537175623e-7
14283	8.196126072239987e-7
14284	8.196299856016952e-7
14285	8.196666070892977e-7
14286	8.196842539509606e-7
14287	8.197075702857198e-7
14288	8.197155663687022e-7
14289	8.197254656860352e-7
14290	8.197534279068282e-7
14291	8.197692761782422e-7
14292	8.197821323773999e-7
14293	8.198126491468104e-7
14294	8.198329943192760e-7
14295	8.198441657956391e-7
14296	8.198640116866479e-7
14297	8.198747123822916e-7
14298	8.199096375459394e-7
14299	8.199345213148138e-7
14300	8.199508657141792e-7
14301	8.199605333957247e-7
14302	8.199749918353068e-7
14303	8.199904744604403e-7
14304	8.200168990721880e-7
14305	8.200215227177401e-7
14306	8.200364057046283e-7
14307	8.200988109867522e-7
14308	8.201084515751752e-7
14309	8.201098536209990e-7
14310	8.201327748737037e-7
14311	8.201428033571590e-7
14312	8.201705879970365e-7
14313	8.201867141241679e-7
14314	8.201976627454115e-7
14315	8.202135696013175e-7
14316	8.202400704516345e-7
14317	8.202556632181682e-7
14318	8.202787896055577e-7
14319	8.202821659441508e-7
14320	8.203375129915025e-7
14321	8.203462347205492e-7
14322	8.203611661609906e-7
14323	8.203822059796932e-7
14324	8.203944132873811e-7
14325	8.204071078392996e-7
14326	8.204192371896770e-7
14327	8.204466951129374e-7
14328	8.204616049605221e-7
14329	8.204829570798328e-7
14330	8.204944801750438e-7
14331	8.205174889913328e-7
14332	8.205381547422349e-7
14333	8.205559926056515e-7
14334	8.205777022618974e-7
14335	8.206019065900408e-7
14336	8.206115674178502e-7
14337	8.206372883779170e-7
14338	8.206536997674411e-7
14339	8.206756407447001e-7
14340	8.206830924495457e-7
14341	8.207042988810001e-7
14342	8.207175429692094e-7
14343	8.207227260053046e-7
14344	8.207664155979999e-7
14345	8.207730022896573e-7
14346	8.207989177684455e-7
14347	8.208395622214400e-7
14348	8.208473211648496e-7
14349	8.208739327505549e-7
14350	8.208837067687703e-7
14351	8.209133673988951e-7
14352	8.209307434423526e-7
14353	8.209381803980701e-7
14354	8.209504366459645e-7
14355	8.209633367008493e-7
14356	8.209907394923460e-7
14357	8.210155759094575e-7
14358	8.210307114002287e-7
14359	8.210488887841721e-7
14360	8.210624275922820e-7
14361	8.210834755916949e-7
14362	8.211033081893361e-7
14363	8.211132530295787e-7
14364	8.211427907380510e-7
14365	8.211602318003169e-7
14366	8.211802180875215e-7
14367	8.211970855882037e-7
14368	8.212081138552446e-7
14369	8.212138236058554e-7
14370	8.212538783640151e-7
14371	8.212603812687854e-7
14372	8.212980254341466e-7
14373	8.213087353701211e-7
14374	8.213376909830069e-7
14375	8.213573980100861e-7
14376	8.213700346709762e-7
14377	8.213734931398958e-7
14378	8.213863382978048e-7
14379	8.213985675671075e-7
14380	8.214453990581735e-7
14381	8.214575386532318e-7
14382	8.214783501118662e-7
14383	8.214878336586815e-7
14384	8.215138287066548e-7
14385	8.215247033184903e-7
14386	8.215412955694495e-7
14387	8.215754277350613e-7
14388	8.215852744621928e-7
14389	8.216183771109768e-7
14390	8.216475917475795e-7
14391	8.216513476935633e-7
14392	8.216736658733539e-7
14393	8.216788358950717e-7
14394	8.216818129548585e-7
14395	8.217102522422347e-7
14396	8.217313634526579e-7
14397	8.217443154370030e-7
14398	8.217785271967297e-7
14399	8.217958732760136e-7
14400	8.218170416185939e-7
14401	8.218378316918026e-7
14402	8.218584071245133e-7
14403	8.218767734023567e-7
14404	8.218964814796434e-7
14405	8.219062700633922e-7
14406	8.219177892607123e-7
14407	8.219509646138144e-7
14408	8.219857312720334e-7
14409	8.220160065009774e-7
14410	8.220363744925214e-7
14411	8.220509829281450e-7
14412	8.220566107534153e-7
14413	8.220593771264733e-7
14414	8.220779193114542e-7
14415	8.220973730240174e-7
14416	8.221220623477867e-7
14417	8.221498085602491e-7
14418	8.221618688672120e-7
14419	8.221838019564296e-7
14420	8.221928020978664e-7
14421	8.222338835202597e-7
14422	8.222457178667625e-7
14423	8.222743288611156e-7
14424	8.222900371110516e-7
14425	8.223134038767429e-7
14426	8.223223980877201e-7
14427	8.223463056337561e-7
14428	8.223850382129149e-7
14429	8.224196067401475e-7
14430	8.224274639118657e-7
14431	8.224575644923262e-7
14432	8.224942368460219e-7
14433	8.224984305240765e-7
14434	8.225311293190387e-7
14435	8.225361481630337e-7
14436	8.225788049136140e-7
14437	8.225964579577582e-7
14438	8.226156768532951e-7
14439	8.226657667091912e-7
14440	8.226789165739387e-7
14441	8.226998625594513e-7
14442	8.227049082416515e-7
14443	8.227388788790050e-7
14444	8.227494962609278e-7
14445	8.227812941338217e-7
14446	8.227940987551991e-7
14447	8.228169394107904e-7
14448	8.228263009347501e-7
14449	8.228541152988008e-7
14450	8.228971054770150e-7
14451	8.229126619686951e-7
14452	8.229274634915268e-7
14453	8.229538171420363e-7
14454	8.229802829188597e-7
14455	8.230221627941077e-7
14456	8.230409643562046e-7
14457	8.230577772730252e-7
14458	8.230827151345051e-7
14459	8.231129517231181e-7
14460	8.231848430639338e-7
14461	8.231920759860905e-7
14462	8.232124751161768e-7
14463	8.232304150190209e-7
14464	8.233011918460923e-7
14465	8.233214788328383e-7
14466	8.233277790703732e-7
14467	8.233369551190126e-7
14468	8.233544010879899e-7
14469	8.233998847420990e-7
14470	8.234352038904068e-7
14471	8.234361842003698e-7
14472	8.234601688872786e-7
14473	8.234772951548298e-7
14474	8.235279032508012e-7
14475	8.235395582740412e-7
14476	8.235876976135325e-7
14477	8.236109679258437e-7
14478	8.236596986290683e-7
14479	8.236702405218217e-7
14480	8.236744426604432e-7
14481	8.237042957066197e-7
14482	8.237598470553742e-7
14483	8.237708938729567e-7
14484	8.237886465850984e-7
14485	8.238108794248677e-7
14486	8.238302542244845e-7
14487	8.238833959277061e-7
14488	8.239344436219793e-7
14489	8.239583632520032e-7
14490	8.239728927038308e-7
14491	8.239997343351176e-7
14492	8.240438549342663e-7
14493	8.240806605971623e-7
14494	8.241000580247245e-7
14495	8.241095579904482e-7
14496	8.241529935192015e-7
14497	8.241688206235710e-7
14498	8.241995362342766e-7
14499	8.242277359800701e-7
14500	8.242750112035707e-7
14501	8.243116077118856e-7
14502	8.243200427120295e-7
14503	8.243371760437325e-7
14504	8.243659906163315e-7
14505	8.244202606071030e-7
14506	8.244586989771011e-7
14507	8.244846963321024e-7
14508	8.245035217154154e-7
14509	8.245258963771957e-7
14510	8.245555708108331e-7
14511	8.246103648733842e-7
14512	8.246393168822946e-7
14513	8.246732936474154e-7
14514	8.247155638055797e-7
14515	8.247298733674215e-7
14516	8.247614911369729e-7
14517	8.248140097805994e-7
14518	8.248361773114584e-7
14519	8.248442048898251e-7
14520	8.248754786006541e-7
14521	8.249089942413189e-7
14522	8.249291855329161e-7
14523	8.249721056851549e-7
14524	8.249858009016839e-7
14525	8.250211788814296e-7
14526	8.250328136510927e-7
14527	8.250946387041498e-7
14528	8.251100307657536e-7
14529	8.251219123620019e-7
14530	8.251818570772223e-7
14531	8.252065334563822e-7
14532	8.252406515244972e-7
14533	8.252708423213941e-7
14534	8.253154289843683e-7
14535	8.253357496052971e-7
14536	8.253564270568103e-7
14537	8.254156599332202e-7
14538	8.254198815835815e-7
14539	8.254494658822375e-7
14540	8.254740996482219e-7
14541	8.254898821651431e-7
14542	8.255251764064834e-7
14543	8.255611309229149e-7
14544	8.255755857424717e-7
14545	8.255993086688889e-7
14546	8.256337637439700e-7
14547	8.256454679693966e-7
14548	8.256597414854845e-7
14549	8.257145602332551e-7
14550	8.257257916860610e-7
14551	8.257793006695932e-7
14552	8.258155364139465e-7
14553	8.258370290114932e-7
14554	8.258433569881855e-7
14555	8.258785386359614e-7
14556	8.259114662141826e-7
14557	8.259163061489333e-7
14558	8.259646508959454e-7
14559	8.259854983232979e-7
14560	8.259981087014028e-7
14561	8.260435491019679e-7
14562	8.260772601784466e-7
14563	8.261028370577846e-7
14564	8.261435136092926e-7
14565	8.261645539476832e-7
14566	8.262182832856440e-7
14567	8.262215888001348e-7
14568	8.262352519658112e-7
14569	8.262824001286659e-7
14570	8.263207745036948e-7
14571	8.263748483006779e-7
14572	8.263881603563912e-7
14573	8.264075292530683e-7
14574	8.264546339318475e-7
14575	8.264618487983047e-7
14576	8.264858044862550e-7
14577	8.265139410091104e-7
14578	8.265473724694836e-7
14579	8.265681021600150e-7
14580	8.265772730327908e-7
14581	8.266070319225095e-7
14582	8.266420514335997e-7
14583	8.266796114919319e-7
14584	8.267157505009352e-7
14585	8.267517312214079e-7
14586	8.267837625584336e-7
14587	8.267973655357003e-7
14588	8.268349340262293e-7
14589	8.268586703062727e-7
14590	8.268877925004272e-7
14591	8.269005841582845e-7
14592	8.269390019937392e-7
14593	8.269788858679507e-7
14594	8.269979170643423e-7
14595	8.270088602094173e-7
14596	8.270563130945900e-7
14597	8.270879095417803e-7
14598	8.271093813461883e-7
14599	8.271353515121262e-7
14600	8.271538622614256e-7
14601	8.271711537210033e-7
14602	8.272093587541519e-7
14603	8.272106039941981e-7
14604	8.272377385488383e-7
14605	8.272905472611959e-7
14606	8.273120326479362e-7
14607	8.273400510822466e-7
14608	8.273644199747951e-7
14609	8.273898952376445e-7
14610	8.274329797920425e-7
14611	8.274550468642392e-7
14612	8.274631113912536e-7
14613	8.275082896361025e-7
14614	8.275184340427823e-7
14615	8.275332703023061e-7
14616	8.275683363393849e-7
14617	8.275792454588853e-7
14618	8.275892206964972e-7
14619	8.276434752326999e-7
14620	8.276646178348935e-7
14621	8.277307133659675e-7
14622	8.277369963960852e-7
14623	8.277599503270148e-7
14624	8.277712119494941e-7
14625	8.278270268281385e-7
14626	8.278481375218438e-7
14627	8.278543442833851e-7
14628	8.278669169158136e-7
14629	8.278792497965335e-7
14630	8.279125460661130e-7
14631	8.279314540099953e-7
14632	8.279679581172344e-7
14633	8.280059525237297e-7
14634	8.280258876105994e-7
14635	8.280775563482523e-7
14636	8.280881586547735e-7
14637	8.280949427282804e-7
14638	8.281449068225394e-7
14639	8.281696070922345e-7
14640	8.282040798154812e-7
14641	8.282152309414669e-7
14642	8.282306971197288e-7
14643	8.282413153157834e-7
14644	8.282915869780240e-7
14645	8.282957264653177e-7
14646	8.283114547299145e-7
14647	8.283370675889040e-7
14648	8.283625225063636e-7
14649	8.283788040568123e-7
14650	8.284193287882412e-7
14651	8.284386908565891e-7
14652	8.284581258794814e-7
14653	8.284911272620438e-7
14654	8.285102866079719e-7
14655	8.285246317885696e-7
14656	8.285537584328953e-7
14657	8.285607552484957e-7
14658	8.285687814625780e-7
14659	8.286053730334206e-7
14660	8.286194691156466e-7
14661	8.286450621673708e-7
14662	8.286722351271492e-7
14663	8.286944025318224e-7
14664	8.287177908528544e-7
14665	8.287398517512157e-7
14666	8.287484847151573e-7
14667	8.287692866834923e-7
14668	8.287841308136727e-7
14669	8.288106656767477e-7
14670	8.288306665725337e-7
14671	8.288662693544026e-7
14672	8.288776063931005e-7
14673	8.289141570932327e-7
14674	8.289399346907428e-7
14675	8.289528750903740e-7
14676	8.289677061451562e-7
14677	8.289853678344333e-7
14678	8.290099700548794e-7
14679	8.290125902326238e-7
14680	8.290247316893642e-7
14681	8.290723541011220e-7
14682	8.290990650111268e-7
14683	8.291163757957805e-7
14684	8.291304511584134e-7
14685	8.291644033380051e-7
14686	8.291780113354930e-7
14687	8.291825193972941e-7
14688	8.291846615792196e-7
14689	8.292228494315115e-7
14690	8.292404801678945e-7
14691	8.292631762716384e-7
14692	8.292704151312584e-7
14693	8.292903123035036e-7
14694	8.293170767504161e-7
14695	8.293422780296088e-7
14696	8.293631807051186e-7
14697	8.293710068710957e-7
14698	8.293980178030258e-7
14699	8.294251733080528e-7
14700	8.294345771695117e-7
14701	8.294481113118495e-7
14702	8.294680448642311e-7
14703	8.294786584131669e-7
14704	8.295002083830881e-7
14705	8.295067281717113e-7
14706	8.295517114785333e-7
14707	8.295573837593409e-7
14708	8.295740984841234e-7
14709	8.295876839845360e-7
14710	8.295979657521753e-7
14711	8.296113240689793e-7
14712	8.296321186440384e-7
14713	8.296397421329389e-7
14714	8.296723614558057e-7
14715	8.296870718581575e-7
14716	8.297070738555069e-7
14717	8.297184950238272e-7
14718	8.297262292287456e-7
14719	8.297457184905195e-7
14720	8.297677123136000e-7
14721	8.297842229613636e-7
14722	8.298033640664721e-7
14723	8.298052347775034e-7
14724	8.298178933127760e-7
14725	8.298332161692786e-7
14726	8.298460378165055e-7
14727	8.298739651593834e-7
14728	8.298948234705845e-7
14729	8.299178368881123e-7
14730	8.299215024341661e-7
14731	8.299368853405471e-7
14732	8.299519545315928e-7
14733	8.299770881133476e-7
14734	8.299814537966610e-7
14735	8.300051207652639e-7
14736	8.300140980250251e-7
14737	8.300357322708417e-7
14738	8.300380980577310e-7
14739	8.300541483023637e-7
14740	8.300702833998031e-7
14741	8.300870750830819e-7
14742	8.300912740604029e-7
14743	8.301137448906512e-7
14744	8.301262084486401e-7
14745	8.301400208020168e-7
14746	8.301524033953144e-7
14747	8.301727199034211e-7
14748	8.301771874500931e-7
14749	8.301925189122487e-7
14750	8.302076610523690e-7
14751	8.302249009574398e-7
14752	8.302276572582384e-7
14753	8.302620053978865e-7
14754	8.302711450325198e-7
14755	8.302837537422910e-7
14756	8.302890272819829e-7
14757	8.303190138857137e-7
14758	8.303265923734477e-7
14759	8.303407058184560e-7
14760	8.303693713466331e-7
14761	8.303781462110829e-7
14762	8.303981410315310e-7
14763	8.304033151260024e-7
14764	8.304250626417646e-7
14765	8.304304749782235e-7
14766	8.304413508766101e-7
14767	8.304492131561341e-7
14768	8.304705644755881e-7
14769	8.305068805151627e-7
14770	8.305139363777308e-7
14771	8.305349153701028e-7
14772	8.305561890487731e-7
14773	8.305595492397857e-7
14774	8.305753879403376e-7
14775	8.305869531023365e-7
14776	8.306036680565527e-7
14777	8.306145724030894e-7
14778	8.306295014898302e-7
14779	8.306414428181011e-7
14780	8.306500347579368e-7
14781	8.306627874506121e-7
14782	8.306794103129979e-7
14783	8.306966298984837e-7
14784	8.307056915101242e-7
14785	8.307182152453967e-7
14786	8.307314520713386e-7
14787	8.307457120596570e-7
14788	8.307497879430176e-7
14789	8.307716553147643e-7
14790	8.307834575632811e-7
14791	8.307981555293434e-7
14792	8.308268004528962e-7
14793	8.308341973839857e-7
14794	8.308431378406786e-7
14795	8.308534390725346e-7
14796	8.308701619697387e-7
14797	8.308743672064003e-7
14798	8.308814296767282e-7
14799	8.309242624317044e-7
14800	8.309411288349107e-7
14801	8.309415011994072e-7
14802	8.309517527557639e-7
14803	8.309706935996275e-7
14804	8.310001490173477e-7
14805	8.310084415399169e-7
14806	8.310270444343528e-7
14807	8.310354325573916e-7
14808	8.310435396650256e-7
14809	8.310535684046359e-7
14810	8.310818602793108e-7
14811	8.310861718654775e-7
14812	8.310999331529063e-7
14813	8.311085000325342e-7
14814	8.311184586892289e-7
14815	8.311405580910880e-7
14816	8.311539859302665e-7
14817	8.311596300192287e-7
14818	8.311726875617200e-7
14819	8.311829979971768e-7
14820	8.311979536885738e-7
14821	8.312023606428885e-7
14822	8.312051091546281e-7
14823	8.312220049437427e-7
14824	8.312305108162384e-7
14825	8.312413017106113e-7
14826	8.312500605918449e-7
14827	8.312887019227999e-7
14828	8.312902394876560e-7
14829	8.312906204980870e-7
14830	8.313120513431266e-7
14831	8.313278609632034e-7
14832	8.313380929712122e-7
14833	8.313457952200322e-7
14834	8.313532629526246e-7
14835	8.313786476485587e-7
14836	8.313846463638940e-7
14837	8.313941948994018e-7
14838	8.314112942162341e-7
14839	8.314370455187201e-7
14840	8.314464802149651e-7
14841	8.314543015464880e-7
14842	8.314674658389465e-7
14843	8.314755800603810e-7
14844	8.314875193531727e-7
14845	8.315003244147456e-7
14846	8.315222862305075e-7
14847	8.315370752548394e-7
14848	8.315529606922963e-7
14849	8.315669836581066e-7
14850	8.315763264533945e-7
14851	8.315845340033202e-7
14852	8.315906026845532e-7
14853	8.316129532172461e-7
14854	8.316238104324798e-7
14855	8.316370806536811e-7
14856	8.316466116946842e-7
14857	8.316696009751023e-7
14858	8.316727752152458e-7
14859	8.316831524617447e-7
14860	8.316978464859004e-7
14861	8.317009047432202e-7
14862	8.317207785401861e-7
14863	8.317409237009163e-7
14864	8.317468969368040e-7
14865	8.317644948482901e-7
14866	8.317691365811334e-7
14867	8.317971592364782e-7
14868	8.317993658249698e-7
14869	8.318154053118893e-7
14870	8.318279143118055e-7
14871	8.318308701703689e-7
14872	8.318436206623350e-7
14873	8.318545375536995e-7
14874	8.318658392025830e-7
14875	8.318731191197087e-7
14876	8.318817866752553e-7
14877	8.318887006848398e-7
14878	8.318969065481654e-7
14879	8.319273336022574e-7
14880	8.319424146808375e-7
14881	8.319590655659166e-7
14882	8.319812060344463e-7
14883	8.319854085195019e-7
14884	8.319890106373404e-7
14885	8.320003591280128e-7
14886	8.320082304054226e-7
14887	8.320222454200396e-7
14888	8.320383098632766e-7
14889	8.320504750655030e-7
14890	8.320680006703472e-7
14891	8.320710298934070e-7
14892	8.320883395521926e-7
14893	8.320916151825817e-7
14894	8.321116845575308e-7
14895	8.321275960339140e-7
14896	8.321430776989317e-7
14897	8.321485404438012e-7
14898	8.321688688800158e-7
14899	8.321761827723658e-7
14900	8.321820415246043e-7
14901	8.321990091658141e-7
14902	8.322097550528078e-7
14903	8.322196070109128e-7
14904	8.322389725905394e-7
14905	8.322517987497167e-7
14906	8.322548267822916e-7
14907	8.322688112570918e-7
14908	8.322736163810091e-7
14909	8.322990350066445e-7
14910	8.323060956519606e-7
14911	8.323129581025088e-7
14912	8.323293226589927e-7
14913	8.323388368133987e-7
14914	8.323517261350330e-7
14915	8.323552238159776e-7
14916	8.323853723547034e-7
14917	8.323928526914114e-7
14918	8.323971027067399e-7
14919	8.324094672263350e-7
14920	8.324267771714789e-7
14921	8.324455960002114e-7
14922	8.324518545744645e-7
14923	8.324673637470703e-7
14924	8.324701930729454e-7
14925	8.324833238463595e-7
14926	8.324960861856824e-7
14927	8.325057753649448e-7
14928	8.325126112745907e-7
14929	8.325291386843714e-7
14930	8.325455098004167e-7
14931	8.325508333593992e-7
14932	8.325624773905165e-7
14933	8.325652285580279e-7
14934	8.325823076507562e-7
14935	8.325840244574224e-7
14936	8.326021957996708e-7
14937	8.326113455370402e-7
14938	8.326168707541360e-7
14939	8.326335164257791e-7
14940	8.326422558699524e-7
14941	8.326475076067792e-7
14942	8.326632886445029e-7
14943	8.326795764348703e-7
14944	8.326921687686061e-7
14945	8.327015671373191e-7
14946	8.327173671972812e-7
14947	8.327300547973540e-7
14948	8.327385087677160e-7
14949	8.327491923250654e-7
14950	8.327569979359705e-7
14951	8.327673589623399e-7
14952	8.327906661031333e-7
14953	8.327916749547830e-7
14954	8.328161408082222e-7
14955	8.328260709475735e-7
14956	8.328372759379252e-7
14957	8.328471524715051e-7
14958	8.328532715754391e-7
14959	8.328650685226995e-7
14960	8.328758985266553e-7
14961	8.328853567323209e-7
14962	8.328924057713017e-7
14963	8.329028153989660e-7
14964	8.329158761264598e-7
14965	8.329384679406719e-7
14966	8.329426943387298e-7
14967	8.329569031601813e-7
14968	8.329666751687308e-7
14969	8.329738144205707e-7
14970	8.329827775197443e-7
14971	8.329888870884762e-7
14972	8.329998518024865e-7
14973	8.330158989753372e-7
14974	8.330284053201895e-7
14975	8.330418358437076e-7
14976	8.330468555217055e-7
14977	8.330632890204196e-7
14978	8.330646977333479e-7
14979	8.330754307754446e-7
14980	8.330886857597994e-7
14981	8.331019208692141e-7
14982	8.331103757496390e-7
14983	8.331170503940132e-7
14984	8.331202028574205e-7
14985	8.331313147369091e-7
14986	8.331428912487149e-7
14987	8.331483779474430e-7
14988	8.331547088352387e-7
14989	8.331811201564969e-7
14990	8.331899327742404e-7
14991	8.332003146363130e-7
14992	8.332090730330864e-7
14993	8.332253462239312e-7
14994	8.332329864612544e-7
14995	8.332426752558643e-7
14996	8.332514127194303e-7
14997	8.332549793802122e-7
14998	8.332617791556742e-7
14999	8.332829538159931e-7
15000	8.332941083421116e-7
15001	8.332952327004833e-7
15002	8.333124056272924e-7
15003	8.333176212347220e-7
15004	8.333262185721704e-7
15005	8.333362016381237e-7
15006	8.333498007762602e-7
15007	8.333524081785266e-7
15008	8.333546884376708e-7
15009	8.333705403411405e-7
15010	8.333833489367462e-7
15011	8.333848282554026e-7
15012	8.333937061532501e-7
15013	8.334004961392507e-7
15014	8.334155025579558e-7
15015	8.334316040516453e-7
15016	8.334360477184534e-7
15017	8.334473030326898e-7
15018	8.334571209017433e-7
15019	8.334605340967153e-7
15020	8.334622551738300e-7
15021	8.334666647908993e-7
15022	8.334920556308821e-7
15023	8.335006095083751e-7
15024	8.335076538208664e-7
15025	8.335146399750371e-7
15026	8.335318301724559e-7
15027	8.335374430532661e-7
15028	8.335493368873832e-7
15029	8.335527750213407e-7
15030	8.335654749016994e-7
15031	8.335701664503148e-7
15032	8.335802398768277e-7
15033	8.335841042775085e-7
15034	8.335947294499414e-7
15035	8.336014443837162e-7
15036	8.336160396061883e-7
15037	8.336266908558742e-7
15038	8.336355955654615e-7
15039	8.336464376668633e-7
15040	8.336558996100490e-7
15041	8.336724951177742e-7
15042	8.336808917480325e-7
15043	8.336841512939824e-7
15044	8.336925141015134e-7
15045	8.337006549481170e-7
15046	8.337055020947411e-7
15047	8.337099949210480e-7
15048	8.337312460551266e-7
15049	8.337380747315805e-7
15050	8.337454249039963e-7
15051	8.337580604953652e-7
15052	8.337601115651690e-7
15053	8.337754164206467e-7
15054	8.337785870284761e-7
15055	8.337936077843065e-7
15056	8.338014276231795e-7
15057	8.338066915169355e-7
15058	8.338135979595709e-7
15059	8.338300876686480e-7
15060	8.338388312468798e-7
15061	8.338444903804166e-7
15062	8.338526421424569e-7
15063	8.338623892520133e-7
15064	8.338652970415984e-7
15065	8.338664029808532e-7
15066	8.338788499577437e-7
15067	8.338904559084339e-7
15068	8.338974489523909e-7
15069	8.339059319958452e-7
15070	8.339108204530637e-7
15071	8.339170256106154e-7
15072	8.339287512672353e-7
15073	8.339361318329943e-7
15074	8.339382230027107e-7
15075	8.339606726957450e-7
15076	8.339651475858985e-7
15077	8.339714407686623e-7
15078	8.339853382059792e-7
15079	8.339904542265600e-7
15080	8.339973006181040e-7
15081	8.340041767575661e-7
15082	8.340087351965771e-7
15083	8.340121444353316e-7
15084	8.340201400021986e-7
15085	8.340347648942118e-7
15086	8.340373864023564e-7
15087	8.340377786440996e-7
15088	8.340495195652280e-7
15089	8.340559969068961e-7
15090	8.340623828961100e-7
15091	8.340775298572941e-7
15092	8.340921664340458e-7
15093	8.340968104605057e-7
15094	8.341017939704931e-7
15095	8.341061621643715e-7
15096	8.341111502455283e-7
15097	8.341163295621392e-7
15098	8.341358532199545e-7
15099	8.341457141345411e-7
15100	8.341570462085478e-7
15101	8.341595940143734e-7
15102	8.341668207172528e-7
15103	8.341715237042106e-7
15104	8.341815042006999e-7
15105	8.341847327040292e-7
15106	8.341940934120159e-7
15107	8.341984416867052e-7
15108	8.342094469467290e-7
15109	8.342148210527188e-7
15110	8.342265461531906e-7
15111	8.342297772260159e-7
15112	8.342393406383925e-7
15113	8.342444643568660e-7
15114	8.342603976076023e-7
15115	8.342637768066298e-7
15116	8.342748073531587e-7
15117	8.342800856126792e-7
15118	8.342846703025120e-7
15119	8.342992327877946e-7
15120	8.343057377957040e-7
15121	8.343067801139741e-7
15122	8.343149910320958e-7
15123	8.343223985476029e-7
15124	8.343290798051671e-7
15125	8.343365801499619e-7
15126	8.343396369703491e-7
15127	8.343459465614328e-7
15128	8.343568292804530e-7
15129	8.343649026067172e-7
15130	8.343700967658216e-7
15131	8.343762218007117e-7
15132	8.343827500352528e-7
15133	8.343960165969160e-7
15134	8.343990826771402e-7
15135	8.344103988773409e-7
15136	8.344172924303417e-7
15137	8.344185300876245e-7
15138	8.344276995970517e-7
15139	8.344311625921674e-7
15140	8.344379918572329e-7
15141	8.344453630398878e-7
15142	8.344483111517384e-7
15143	8.344566409692366e-7
15144	8.344610483715000e-7
15145	8.344648493144832e-7
15146	8.344751026464638e-7
15147	8.344879614683956e-7
15148	8.344917113071272e-7
15149	8.345027927964270e-7
15150	8.345084254490972e-7
15151	8.345156283143780e-7
15152	8.345186304627710e-7
15153	8.345246325952461e-7
15154	8.345280978549310e-7
15155	8.345375842465409e-7
15156	8.345457794588453e-7
15157	8.345544397019512e-7
15158	8.345617191888331e-7
15159	8.345642998730406e-7
15160	8.345722168487225e-7
15161	8.345776913276707e-7
15162	8.345805846782913e-7
15163	8.345935938446814e-7
15164	8.345984350966240e-7
15165	8.346050286432696e-7
15166	8.346095719942862e-7
15167	8.346113998763523e-7
15168	8.346223668275125e-7
15169	8.346277069973508e-7
15170	8.346314530725624e-7
15171	8.346350856700221e-7
15172	8.346448827430015e-7
15173	8.346466476499535e-7
15174	8.346596539770042e-7
15175	8.346663025790576e-7
15176	8.346694638374682e-7
15177	8.346738194796712e-7
15178	8.346830754332536e-7
15179	8.346881820110140e-7
15180	8.346934446546851e-7
15181	8.346963971624693e-7
15182	8.346995510702205e-7
15183	8.347080700573080e-7
15184	8.347093061736431e-7
15185	8.347180074702224e-7
15186	8.347235254872833e-7
15187	8.347281236432405e-7
15188	8.347351801887753e-7
15189	8.347370726242349e-7
15190	8.347410180300964e-7
15191	8.347454464133200e-7
15192	8.347493456565506e-7
15193	8.347531233261764e-7
15194	8.347552808749088e-7
15195	8.347633030601272e-7
15196	8.347658520941247e-7
15197	8.347715333593341e-7
15198	8.347811548018259e-7
15199	8.347821899446165e-7
15200	8.347845668144890e-7
15201	8.347909560329749e-7
15202	8.347918426238720e-7
15203	8.347948163035258e-7
15204	8.348060016468116e-7
15205	8.348083813437096e-7
15206	8.348096436017124e-7
15207	8.348142840038402e-7
15208	8.348217222572144e-7
15209	8.348258963401719e-7
15210	8.348351399090693e-7
15211	8.348389801765989e-7
15212	8.348426307835522e-7
15213	8.348455938988971e-7
15214	8.348493828753697e-7
15215	8.348557963915630e-7
15216	8.348591129795324e-7
15217	8.348643442544963e-7
15218	8.348677614271763e-7
15219	8.348730617610144e-7
15220	8.348768705618211e-7
15221	8.348785727512330e-7
15222	8.348847712236496e-7
15223	8.348891495113993e-7
15224	8.348939791319198e-7
15225	8.348958524782640e-7
15226	8.348984565870513e-7
15227	8.349005293045950e-7
15228	8.349024023524755e-7
15229	8.349070536916652e-7
15230	8.349096684726475e-7
15231	8.349164013150600e-7
15232	8.349195117868064e-7
15233	8.349238150285853e-7
15234	8.349261070642732e-7
15235	8.349289313014564e-7
15236	8.349303828023092e-7
15237	8.349374045084618e-7
15238	8.349392318790441e-7
15239	8.349397549105662e-7
15240	8.349437967211068e-7
15241	8.349455611811945e-7
15242	8.349456937996317e-7
15243	8.349521785349429e-7
15244	8.349544780659630e-7
15245	8.349610064148725e-7
15246	8.349634641569341e-7
15247	8.349652753994694e-7
15248	8.349683630610489e-7
15249	8.349729012310620e-7
15250	8.349747331818054e-7
15251	8.349751461465008e-7
15252	8.349774171222019e-7
15253	8.349797383536631e-7
15254	8.349874579458506e-7
15255	8.349885336957042e-7
15256	8.349913939278796e-7
15257	8.349940053703720e-7
15258	8.349951330437352e-7
15259	8.349995513896535e-7
15260	8.350018482311776e-7
15261	8.350064311964702e-7
15262	8.350118163441686e-7
15263	8.350138771690522e-7
15264	8.350169461422105e-7
15265	8.350178418648572e-7
15266	8.350208360573582e-7
15267	8.350257352043938e-7
15268	8.350293964943539e-7
15269	8.350323584035220e-7
15270	8.350332178264451e-7
15271	8.350375824238252e-7
15272	8.350381050510837e-7
15273	8.350400975583365e-7
15274	8.350434819912599e-7
15275	8.350443653047544e-7
15276	8.350491381316669e-7
15277	8.350507410920741e-7
15278	8.350550429720810e-7
15279	8.350600728791970e-7
15280	8.350637302749903e-7
15281	8.350665318686052e-7
15282	8.350678966748075e-7
15283	8.350729413421874e-7
15284	8.350766143402723e-7
15285	8.350793663763180e-7
15286	8.350815453888225e-7
15287	8.350855836938960e-7
15288	8.350889548974522e-7
15289	8.350910200273578e-7
15290	8.350932660175424e-7
15291	8.350956406828062e-7
15292	8.351041337063665e-7
15293	8.351051949605501e-7
15294	8.351088718850388e-7
15295	8.351128530860709e-7
15296	8.351148770616324e-7
15297	8.351181526887940e-7
15298	8.351218343109782e-7
15299	8.351268689448100e-7
15300	8.351280317917795e-7
15301	8.351313972475412e-7
15302	8.351346337652321e-7
15303	8.351354188022524e-7
15304	8.351382357440295e-7
15305	8.351426391602745e-7
15306	8.351449028653385e-7
15307	8.351470211255086e-7
15308	8.351513132950697e-7
15309	8.351551013426291e-7
15310	8.351584018709826e-7
15311	8.351593277643492e-7
15312	8.351614829985040e-7
15313	8.351638543507728e-7
15314	8.351670543754724e-7
15315	8.351703334427737e-7
15316	8.351715992315971e-7
15317	8.351750943524809e-7
15318	8.351794866208695e-7
15319	8.351817011507115e-7
15320	8.351858011446377e-7
15321	8.351878879162232e-7
15322	8.351890861968475e-7
15323	8.351935568009741e-7
15324	8.351968341351146e-7
15325	8.351989719397901e-7
15326	8.352041222847085e-7
15327	8.352058661891959e-7
15328	8.352101884425394e-7
15329	8.352110296182986e-7
15330	8.352135536496867e-7
15331	8.352163749862363e-7
15332	8.352220525133265e-7
15333	8.352234917244134e-7
15334	8.352300594398056e-7
15335	8.352314209466269e-7
15336	8.352352408959798e-7
15337	8.352386765142040e-7
15338	8.352399967644848e-7
15339	8.352426382053578e-7
15340	8.352491838035367e-7
15341	8.352508143248414e-7
15342	8.352513263561801e-7
15343	8.352565211151792e-7
15344	8.352600768009310e-7
15345	8.352623859705875e-7
15346	8.352645372551952e-7
15347	8.352685193738238e-7
15348	8.352720930018773e-7
15349	8.352740261140064e-7
15350	8.352788403469860e-7
15351	8.352801581299005e-7
15352	8.352826923341978e-7
15353	8.352886312800159e-7
15354	8.352909081602825e-7
15355	8.352915672061866e-7
15356	8.352959789343252e-7
15357	8.353013978833763e-7
15358	8.353029354746007e-7
15359	8.353093070281170e-7
15360	8.353112749851979e-7
15361	8.353133047027504e-7
15362	8.353149787260420e-7
15363	8.353153344594978e-7
15364	8.353215173116631e-7
15365	8.353240537129760e-7
15366	8.353276775353201e-7
15367	8.353292726997765e-7
15368	8.353312690891252e-7
15369	8.353345485986751e-7
15370	8.353397832779027e-7
15371	8.353429176598813e-7
15372	8.353476776051863e-7
15373	8.353500986685083e-7
15374	8.353543330716966e-7
15375	8.353563260042193e-7
15376	8.353591111561324e-7
15377	8.353625504642981e-7
15378	8.353658142309521e-7
15379	8.353662673505992e-7
15380	8.353699455392446e-7
15381	8.353752585729105e-7
15382	8.353770202809958e-7
15383	8.353805403408463e-7
15384	8.353810376039058e-7
15385	8.353867462369015e-7
15386	8.353892565958584e-7
15387	8.353929978162503e-7
15388	8.353968011761658e-7
15389	8.353997072833636e-7
15390	8.354002997439512e-7
15391	8.354055674429136e-7
15392	8.354071942417773e-7
15393	8.354080532020747e-7
15394	8.354097596505916e-7
15395	8.354129558543894e-7
15396	8.354164883113077e-7
15397	8.354203658063703e-7
15398	8.354224889693291e-7
15399	8.354266232815246e-7
15400	8.354313829491016e-7
15401	8.354333829058996e-7
15402	8.354367457221977e-7
15403	8.354371566468141e-7
15404	8.354456883963727e-7
15405	8.354498754188166e-7
15406	8.354509897768245e-7
15407	8.354532601467905e-7
15408	8.354559621307988e-7
15409	8.354615350215956e-7
15410	8.354633372792388e-7
15411	8.354702259380441e-7
15412	8.354723979473501e-7
15413	8.354794749340389e-7
15414	8.354823435949302e-7
15415	8.354849954753329e-7
15416	8.354877056620188e-7
15417	8.354892943032805e-7
15418	8.354905018542987e-7
15419	8.354969901979192e-7
15420	8.355005842784011e-7
15421	8.355111701747149e-7
15422	8.355132537210793e-7
15423	8.355158276510863e-7
15424	8.355212583645470e-7
15425	8.355226847921148e-7
15426	8.355274438757845e-7
15427	8.355290095332608e-7
15428	8.355314898873495e-7
15429	8.355380535090810e-7
15430	8.355403154414588e-7
15431	8.355472048233617e-7
15432	8.355511328275575e-7
15433	8.355525605915253e-7
15434	8.355571385702863e-7
15435	8.355610163121138e-7
15436	8.355636193933233e-7
15437	8.355674394944966e-7
15438	8.355724784180780e-7
15439	8.355739933428396e-7
15440	8.355836182659909e-7
15441	8.355839648514523e-7
15442	8.355870924339426e-7
15443	8.355888016274047e-7
15444	8.355933734912835e-7
15445	8.355985003053186e-7
15446	8.355991613296940e-7
15447	8.356028020402537e-7
15448	8.356103027755023e-7
15449	8.356158702165513e-7
15450	8.356221846392692e-7
15451	8.356243746134089e-7
15452	8.356265097797249e-7
15453	8.356344528767292e-7
15454	8.356390322411225e-7
15455	8.356405913680010e-7
15456	8.356478024039990e-7
15457	8.356500707622676e-7
15458	8.356530803156656e-7
15459	8.356555169175564e-7
15460	8.356601578657428e-7
15461	8.356638087585993e-7
15462	8.356670142530728e-7
15463	8.356753403468390e-7
15464	8.356770983933926e-7
15465	8.356818662984969e-7
15466	8.356851138273159e-7
15467	8.356904582738789e-7
15468	8.356953823686808e-7
15469	8.356974254200719e-7
15470	8.357027255093003e-7
15471	8.357077529555360e-7
15472	8.357087554185566e-7
15473	8.357138325012727e-7
15474	8.357159619875056e-7
15475	8.357227700901264e-7
15476	8.357255607214887e-7
15477	8.357354589145903e-7
15478	8.357404977903507e-7
15479	8.357458265682885e-7
15480	8.357476288901150e-7
15481	8.357520077813180e-7
15482	8.357544736175504e-7
15483	8.357572643028227e-7
15484	8.357632866286599e-7
15485	8.357688375312792e-7
15486	8.357739661633697e-7
15487	8.357765738611956e-7
15488	8.357793131853491e-7
15489	8.357831278997339e-7
15490	8.357892212422836e-7
15491	8.357921012672122e-7
15492	8.357923893225860e-7
15493	8.357987353216726e-7
15494	8.358026337986973e-7
15495	8.358067220758904e-7
15496	8.358116275704654e-7
15497	8.358135962964089e-7
15498	8.358151613533899e-7
15499	8.358205237852538e-7
15500	8.358240936847312e-7
15501	8.358269407137558e-7
15502	8.358354160508308e-7
15503	8.358396806374208e-7
15504	8.358436529470476e-7
15505	8.358442714138333e-7
15506	8.358463058090606e-7
15507	8.358571431979156e-7
15508	8.358626593501394e-7
15509	8.358634275338852e-7
15510	8.358676207060971e-7
15511	8.358717534148145e-7
15512	8.358779957253449e-7
15513	8.358822770414867e-7
15514	8.358862558806060e-7
15515	8.358897663938553e-7
15516	8.358910051948242e-7
15517	8.358953726193120e-7
15518	8.358969417016775e-7
15519	8.359075510308612e-7
15520	8.359094092082726e-7
15521	8.359124235753986e-7
15522	8.359161228398285e-7
15523	8.359214796724615e-7
15524	8.359241603381400e-7
15525	8.359285989603953e-7
15526	8.359322580077729e-7
15527	8.359356684350565e-7
15528	8.359409708401813e-7
15529	8.359416165456201e-7
15530	8.359477720101086e-7
15531	8.359514340990709e-7
15532	8.359560814834398e-7
15533	8.359609084969792e-7
15534	8.359638623627669e-7
15535	8.359657319408508e-7
15536	8.359700047504941e-7
15537	8.359739278981698e-7
15538	8.359775580551007e-7
15539	8.359785519287965e-7
15540	8.359796966154854e-7
15541	8.359834274852607e-7
15542	8.359881753560229e-7
15543	8.359915538278649e-7
15544	8.359960790764135e-7
15545	8.359997251299228e-7
15546	8.360027367858065e-7
15547	8.360118707288844e-7
15548	8.360133747593211e-7
15549	8.360138255194666e-7
15550	8.360179113727871e-7
15551	8.360256076028266e-7
15552	8.360294616577881e-7
15553	8.360320111306994e-7
15554	8.360393911341269e-7
15555	8.360407604361105e-7
15556	8.360448932961073e-7
15557	8.360484591682085e-7
15558	8.360508241720779e-7
15559	8.360518457888418e-7
15560	8.360583983875669e-7
15561	8.360609967815223e-7
15562	8.360644795551503e-7
15563	8.360696621249844e-7
15564	8.360708210925338e-7
15565	8.360736467148213e-7
15566	8.360817893454692e-7
15567	8.360825040097011e-7
15568	8.360852665356879e-7
15569	8.360867100852914e-7
15570	8.360915134123242e-7
15571	8.360933002013313e-7
15572	8.360972717655245e-7
15573	8.361006894940169e-7
15574	8.361021938826593e-7
15575	8.361086483109797e-7
15576	8.361111947654674e-7
15577	8.361157764103097e-7
15578	8.361168881802134e-7
15579	8.361213853604208e-7
15580	8.361229284395622e-7
15581	8.361293709555602e-7
15582	8.361299343193283e-7
15583	8.361375462796123e-7
15584	8.361418764256463e-7
15585	8.361443620838503e-7
15586	8.361531913443581e-7
15587	8.361543400848537e-7
15588	8.361569836311627e-7
15589	8.361606663369317e-7
15590	8.361628600890468e-7
15591	8.361678041148534e-7
15592	8.361721742832763e-7
15593	8.361754477825526e-7
15594	8.361810498550768e-7
15595	8.361827797065460e-7
15596	8.361893518896264e-7
15597	8.361913395745969e-7
15598	8.361920902193247e-7
15599	8.361970219873241e-7
15600	8.361998559584704e-7
15601	8.362024191297478e-7
15602	8.362097587423350e-7
15603	8.362109760037529e-7
15604	8.362119526826919e-7
15605	8.362141352347506e-7
15606	8.362201153752594e-7
15607	8.362240299457575e-7
15608	8.362279996429866e-7
15609	8.362304592324333e-7
15610	8.362368319650037e-7
15611	8.362404243982761e-7
15612	8.362411414777976e-7
15613	8.362463580621908e-7
15614	8.362489644678690e-7
15615	8.362533165026298e-7
15616	8.362572689741646e-7
15617	8.362592433518911e-7
15618	8.362669698412033e-7
15619	8.362683094746014e-7
15620	8.362707896000013e-7
15621	8.362719611873522e-7
15622	8.362749443334266e-7
15623	8.362794462536993e-7
15624	8.362822270518673e-7
15625	8.362868248764941e-7
15626	8.362876873435998e-7
15627	8.362936210901692e-7
15628	8.363003623155906e-7
15629	8.363019731061117e-7
15630	8.363046909689960e-7
15631	8.363113217528957e-7
15632	8.363148415231060e-7
15633	8.363164035928268e-7
15634	8.363248666408771e-7
15635	8.363262564649209e-7
15636	8.363269185886976e-7
15637	8.363330569788746e-7
15638	8.363344604989467e-7
15639	8.363379509817472e-7
15640	8.363453971858674e-7
15641	8.363470593285415e-7
15642	8.363480271147375e-7
15643	8.363531928083624e-7
15644	8.363556139195647e-7
15645	8.363580290917405e-7
15646	8.363614949350321e-7
15647	8.363657260260443e-7
15648	8.363725646709766e-7
15649	8.363749197912134e-7
15650	8.363763402688854e-7
15651	8.363810686774630e-7
15652	8.363844457440299e-7
15653	8.363879970584914e-7
15654	8.363887865269248e-7
15655	8.363980495563160e-7
15656	8.363998856169198e-7
15657	8.364059393523945e-7
15658	8.364082984559129e-7
15659	8.364131843263176e-7
15660	8.364154774864679e-7
15661	8.364211705906135e-7
15662	8.364235921317173e-7
15663	8.364268185604097e-7
15664	8.364296324487425e-7
15665	8.364342141762138e-7
15666	8.364378609801785e-7
15667	8.364409095122631e-7
15668	8.364419102267040e-7
15669	8.364480641261502e-7
15670	8.364528804544650e-7
15671	8.364569132553012e-7
15672	8.364628591377107e-7
15673	8.364659356437143e-7
15674	8.364702454286108e-7
15675	8.364721457703979e-7
15676	8.364783519793366e-7
15677	8.364810145790359e-7
15678	8.364825403088820e-7
15679	8.364884969378800e-7
15680	8.364917137020848e-7
15681	8.364945719424515e-7
15682	8.364978422197882e-7
15683	8.365008091536609e-7
15684	8.365011646060500e-7
15685	8.365050679519611e-7
15686	8.365080539730005e-7
15687	8.365121534437811e-7
15688	8.365198558983714e-7
15689	8.365230695346815e-7
15690	8.365270622435858e-7
15691	8.365307719831609e-7
15692	8.365320024388166e-7
15693	8.365361615397464e-7
15694	8.365392642159176e-7
15695	8.365425063038267e-7
15696	8.365481942290244e-7
15697	8.365518781631842e-7
15698	8.365550413524756e-7
15699	8.365575184076346e-7
15700	8.365604505443706e-7
15701	8.365619457918379e-7
15702	8.365661741243824e-7
15703	8.365704611669808e-7
15704	8.365736763566588e-7
15705	8.365757833404251e-7
15706	8.365841896011662e-7
15707	8.365858531425680e-7
15708	8.365870950013346e-7
15709	8.365902636466496e-7
15710	8.365947430782404e-7
15711	8.365980729042128e-7
15712	8.366046518282726e-7
15713	8.366085402898945e-7
15714	8.366087408729877e-7
15715	8.366113201058026e-7
15716	8.366153570706094e-7
15717	8.366177798620517e-7
15718	8.366208922764197e-7
15719	8.366275952928349e-7
15720	8.366317801983439e-7
15721	8.366346734567222e-7
15722	8.366393708986180e-7
15723	8.366469204005409e-7
15724	8.366486377928587e-7
15725	8.366521033171841e-7
15726	8.366531881233561e-7
15727	8.366560384116984e-7
15728	8.366622188666939e-7
15729	8.366637465673977e-7
15730	8.366655990151489e-7
15731	8.366710869007878e-7
15732	8.366714164835326e-7
15733	8.366752435271459e-7
15734	8.366798971442893e-7
15735	8.366820922577431e-7
15736	8.366922637229318e-7
15737	8.366945223816311e-7
15738	8.366980274645626e-7
15739	8.366992311764659e-7
15740	8.367053422912726e-7
15741	8.367056725164555e-7
15742	8.367110038463560e-7
15743	8.367174573434862e-7
15744	8.367206015737935e-7
15745	8.367231465199427e-7
15746	8.367281402021000e-7
15747	8.367304090352165e-7
15748	8.367335224441335e-7
15749	8.367409923802968e-7
15750	8.367428526344744e-7
15751	8.367480021606971e-7
15752	8.367546274532141e-7
15753	8.367579302570121e-7
15754	8.367591617915962e-7
15755	8.367608167009605e-7
15756	8.367651158336895e-7
15757	8.367722209156732e-7
15758	8.367741113441338e-7
15759	8.367776228633775e-7
15760	8.367828517070703e-7
15761	8.367850222012879e-7
15762	8.367890192309856e-7
15763	8.367895058963040e-7
15764	8.367957805945926e-7
15765	8.368009044400180e-7
15766	8.368033525575109e-7
15767	8.368066587463619e-7
15768	8.368091801652585e-7
15769	8.368126647624330e-7
15770	8.368164147194878e-7
15771	8.368192380271233e-7
15772	8.368261582603413e-7
15773	8.368278211574931e-7
15774	8.368308563279384e-7
15775	8.368317849784258e-7
15776	8.368399176371501e-7
15777	8.368454642971808e-7
15778	8.368512851319645e-7
15779	8.368546453392575e-7
15780	8.368569053937809e-7
15781	8.368600089238802e-7
15782	8.368638479228487e-7
15783	8.368659578758889e-7
15784	8.368686296252563e-7
15785	8.368721510666503e-7
15786	8.368779007699142e-7
15787	8.368815548231005e-7
15788	8.368853009331965e-7
15789	8.368916625209891e-7
15790	8.368942460120967e-7
15791	8.368948780334612e-7
15792	8.368985167357780e-7
15793	8.369008962513553e-7
15794	8.369033505543444e-7
15795	8.369050021986032e-7
15796	8.369075414760565e-7
15797	8.369168343797012e-7
15798	8.369184954810060e-7
15799	8.369257015245084e-7
15800	8.369266182670232e-7
15801	8.369305381136405e-7
15802	8.369337992728150e-7
15803	8.369388834082090e-7
15804	8.369400449385702e-7
15805	8.369486983729026e-7
15806	8.369543035600270e-7
15807	8.369566975437688e-7
15808	8.369589243706543e-7
15809	8.369605999356741e-7
15810	8.369668042248035e-7
15811	8.369708967616688e-7
15812	8.369772211422175e-7
15813	8.369788106520372e-7
15814	8.369803782629162e-7
15815	8.369826468414085e-7
15816	8.369894394425856e-7
15817	8.369949746394605e-7
15818	8.370013496194352e-7
15819	8.370028740376291e-7
15820	8.370043183130305e-7
15821	8.370103426945586e-7
15822	8.370144535017856e-7
15823	8.370185883217390e-7
15824	8.370233018032087e-7
15825	8.370262276310610e-7
15826	8.370290991281442e-7
15827	8.370315216887140e-7
15828	8.370355851388145e-7
15829	8.370425699078996e-7
15830	8.370438797398999e-7
15831	8.370512729599409e-7
15832	8.370556885972261e-7
15833	8.370613817141313e-7
15834	8.370646253421285e-7
15835	8.370667468375019e-7
15836	8.370728785126360e-7
15837	8.370756227920613e-7
15838	8.370804281072655e-7
15839	8.370815829475129e-7
15840	8.370852718300987e-7
15841	8.370892601064061e-7
15842	8.370926302471501e-7
15843	8.370991739173190e-7
15844	8.371023303957343e-7
15845	8.371044179526070e-7
15846	8.371119813832965e-7
15847	8.371124131603403e-7
15848	8.371174618841457e-7
15849	8.371229255079811e-7
15850	8.371274009111464e-7
15851	8.371276280868832e-7
15852	8.371311171696459e-7
15853	8.371370014329217e-7
15854	8.371421340878466e-7
15855	8.371484296044271e-7
15856	8.371497637472276e-7
15857	8.371521683120009e-7
15858	8.371535840781621e-7
15859	8.371574813852376e-7
15860	8.371669066097845e-7
15861	8.371709939275785e-7
15862	8.371734953691022e-7
15863	8.371789025970963e-7
15864	8.371798369162100e-7
15865	8.371852618172420e-7
15866	8.371874386249899e-7
15867	8.371916442021674e-7
15868	8.371938011060016e-7
15869	8.372001624053829e-7
15870	8.372014777184146e-7
15871	8.372060949680776e-7
15872	8.372130693773465e-7
15873	8.372184620979754e-7
15874	8.372238977973317e-7
15875	8.372256249525279e-7
15876	8.372275706088264e-7
15877	8.372328219110119e-7
15878	8.372383538998524e-7
15879	8.372407740070396e-7
15880	8.372433239973695e-7
15881	8.372469501996250e-7
15882	8.372474323193847e-7
15883	8.372556487202520e-7
15884	8.372592385805070e-7
15885	8.372609474056926e-7
15886	8.372661550931338e-7
15887	8.372697452272838e-7
15888	8.372726137039446e-7
15889	8.372780190836216e-7
15890	8.372846187423316e-7
15891	8.372877701386510e-7
15892	8.372888635767485e-7
15893	8.372924250857738e-7
15894	8.372932009354311e-7
15895	8.372975015321801e-7
15896	8.373008728394767e-7
15897	8.373067876115708e-7
15898	8.373092996575627e-7
15899	8.373139459239198e-7
15900	8.373189715972854e-7
15901	8.373198710077882e-7
15902	8.373232874997898e-7
15903	8.373299719147559e-7
15904	8.373335751811956e-7
15905	8.373355629467078e-7
15906	8.373423269231323e-7
15907	8.373435904498413e-7
15908	8.373489358044581e-7
15909	8.373521992861656e-7
15910	8.373569465882641e-7
15911	8.373578403116852e-7
15912	8.373615623919313e-7
15913	8.373622556673258e-7
15914	8.373692216090002e-7
15915	8.373767488415881e-7
15916	8.373811155760161e-7
15917	8.373836543095321e-7
15918	8.373891696910674e-7
15919	8.373923768688552e-7
15920	8.373963920413481e-7
15921	8.373975356663531e-7
15922	8.374080496079889e-7
15923	8.374115907004330e-7
15924	8.374146871262215e-7
15925	8.374164735289525e-7
15926	8.374179735473138e-7
15927	8.374254898493209e-7
15928	8.374258159599934e-7
15929	8.374314183513073e-7
15930	8.374370269918322e-7
15931	8.374373960866361e-7
15932	8.374423023218483e-7
15933	8.374436930871496e-7
15934	8.374485389201070e-7
15935	8.374513009067202e-7
15936	8.374552831449304e-7
15937	8.374594383852184e-7
15938	8.374622552792953e-7
15939	8.374677931372524e-7
15940	8.374749750805307e-7
15941	8.374778380267389e-7
15942	8.374782893667136e-7
15943	8.374827002360312e-7
15944	8.374883844402419e-7
15945	8.374928730291156e-7
15946	8.374969223462065e-7
15947	8.374978381109404e-7
15948	8.375043584075328e-7
15949	8.375111607491578e-7
15950	8.375179465442292e-7
15951	8.375204617925199e-7
15952	8.375220057435989e-7
15953	8.375277261376309e-7
15954	8.375295780507044e-7
15955	8.375327072094147e-7
15956	8.375390443982721e-7
15957	8.375433228804775e-7
15958	8.375446574487963e-7
15959	8.375474869527421e-7
15960	8.375556379300151e-7
15961	8.375571611021726e-7
15962	8.375609383640168e-7
15963	8.375682129986664e-7
15964	8.375691306124882e-7
15965	8.375717635825075e-7
15966	8.375728654938809e-7
15967	8.375803826753590e-7
15968	8.375828831658484e-7
15969	8.375922216136455e-7
15970	8.375970057488430e-7
15971	8.375995416862353e-7
15972	8.376041843948118e-7
15973	8.376062676589079e-7
15974	8.376109754474609e-7
15975	8.376137381354785e-7
15976	8.376169158484907e-7
15977	8.376230027640351e-7
15978	8.376253150915030e-7
15979	8.376275429995148e-7
15980	8.376332934581317e-7
15981	8.376385396577508e-7
15982	8.376422253771520e-7
15983	8.376476913950222e-7
15984	8.376506196357740e-7
15985	8.376580586488428e-7
15986	8.376634693963597e-7
15987	8.376636200826628e-7
15988	8.376694970544014e-7
15989	8.376742476673271e-7
15990	8.376757081439201e-7
15991	8.376792419569184e-7
15992	8.376875426249093e-7
15993	8.376903916048092e-7
15994	8.376962387392013e-7
15995	8.377005756357328e-7
15996	8.377025435777843e-7
15997	8.377109223720484e-7
15998	8.377139680560807e-7
15999	8.377174019168644e-7
16000	8.377236810156444e-7
16001	8.377279351141789e-7
16002	8.377307634021122e-7
16003	8.377344593347305e-7
16004	8.377377070074811e-7
16005	8.377386973746739e-7
16006	8.377466383090379e-7
16007	8.377503890234019e-7
16008	8.377550319922960e-7
16009	8.377598406298931e-7
16010	8.377624759485513e-7
16011	8.377650057884688e-7
16012	8.377731299337013e-7
16013	8.377750262096181e-7
16014	8.377782726272824e-7
16015	8.377832289686793e-7
16016	8.377851433227830e-7
16017	8.377881362498616e-7
16018	8.377961723269217e-7
16019	8.378045599740258e-7
16020	8.378087834427023e-7
16021	8.378142549299591e-7
16022	8.378160305889513e-7
16023	8.378224630770116e-7
16024	8.378241035359611e-7
16025	8.378298492999209e-7
16026	8.378317193190430e-7
16027	8.378366949118938e-7
16028	8.378385487692459e-7
16029	8.378427909362520e-7
16030	8.378437151925225e-7
16031	8.378547972936226e-7
16032	8.378588941727233e-7
16033	8.378666148240912e-7
16034	8.378670215208538e-7
16035	8.378718033200174e-7
16036	8.378747734193250e-7
16037	8.378801206607725e-7
16038	8.378820696172874e-7
16039	8.378868308661037e-7
16040	8.378908857808442e-7
16041	8.378965462003848e-7
16042	8.379009049809242e-7
16043	8.379046171604177e-7
16044	8.379084316352732e-7
16045	8.379130470943481e-7
16046	8.379159589846211e-7
16047	8.379175559951407e-7
16048	8.379249675359832e-7
16049	8.379285125069507e-7
16050	8.379334535662865e-7
16051	8.379391664663535e-7
16052	8.379429319724081e-7
16053	8.379459196369805e-7
16054	8.379510469795537e-7
16055	8.379528924702826e-7
16056	8.379601011439525e-7
16057	8.379626258368192e-7
16058	8.379651054895651e-7
16059	8.379706599764016e-7
16060	8.379725977436479e-7
16061	8.379761985022428e-7
16062	8.379826196454892e-7
16063	8.379880532156918e-7
16064	8.379909680270681e-7
16065	8.379990377696915e-7
16066	8.380014113238861e-7
16067	8.380045714489087e-7
16068	8.380101343960004e-7
16069	8.380150305884936e-7
16070	8.380183772042787e-7
16071	8.380213489999186e-7
16072	8.380242823129749e-7
16073	8.380279200036173e-7
16074	8.380388720352896e-7
16075	8.380401814416106e-7
16076	8.380491910339946e-7
16077	8.380521545001313e-7
16078	8.380543467830527e-7
16079	8.380581757008489e-7
16080	8.380619103016170e-7
16081	8.380662054547432e-7
16082	8.380666810838993e-7
16083	8.380735946616203e-7
16084	8.380791246811271e-7
16085	8.380798523679625e-7
16086	8.380883833362924e-7
16087	8.380971736843852e-7
16088	8.380988718081528e-7
16089	8.381028044184112e-7
16090	8.381063148169954e-7
16091	8.381095852013842e-7
16092	8.381126889045637e-7
16093	8.381196267200098e-7
16094	8.381232879710245e-7
16095	8.381258684791934e-7
16096	8.381339383935317e-7
16097	8.381379394043509e-7
16098	8.381419390936245e-7
16099	8.381460510088446e-7
16100	8.381522899635573e-7
16101	8.381604475393588e-7
16102	8.381626292052038e-7
16103	8.381669363816202e-7
16104	8.381715310460457e-7
16105	8.381733965765598e-7
16106	8.381781182884325e-7
16107	8.381794160061117e-7
16108	8.381818004632005e-7
16109	8.381880286958370e-7
16110	8.381912862277704e-7
16111	8.381989511901118e-7
16112	8.382021045332414e-7
16113	8.382077716153202e-7
16114	8.382116512264403e-7
16115	8.382166706771808e-7
16116	8.382195451193863e-7
16117	8.382253503649183e-7
16118	8.382311477563269e-7
16119	8.382334292144862e-7
16120	8.382414778291245e-7
16121	8.382437412547192e-7
16122	8.382514528186615e-7
16123	8.382560056895124e-7
16124	8.382594577173531e-7
16125	8.382603419025854e-7
16126	8.382646757839439e-7
16127	8.382690329631240e-7
16128	8.382728191579570e-7
16129	8.382750100470724e-7
16130	8.382858571649651e-7
16131	8.382888714632537e-7
16132	8.382925831990412e-7
16133	8.382950869770598e-7
16134	8.383024205910793e-7
16135	8.383072933035172e-7
16136	8.383107781162298e-7
16137	8.383151709871879e-7
16138	8.383194313144114e-7
16139	8.383268801322086e-7
16140	8.383374834212402e-7
16141	8.383409180040835e-7
16142	8.383444692059695e-7
16143	8.383474354671751e-7
16144	8.383505295910201e-7
16145	8.383566253668910e-7
16146	8.383599951669571e-7
16147	8.383608489852657e-7
16148	8.383663214705619e-7
16149	8.383690900517495e-7
16150	8.383730688580288e-7
16151	8.383767465455919e-7
16152	8.383851784283672e-7
16153	8.383916187564624e-7
16154	8.383932248536279e-7
16155	8.383958584298040e-7
16156	8.383988438482665e-7
16157	8.384131419348015e-7
16158	8.384185756738000e-7
16159	8.384227633876664e-7
16160	8.384274600936787e-7
16161	8.384321171211761e-7
16162	8.384369293191525e-7
16163	8.384414978122050e-7
16164	8.384450285195537e-7
16165	8.384512016354581e-7
16166	8.384545756563441e-7
16167	8.384572987018652e-7
16168	8.384644846178532e-7
16169	8.384711813876518e-7
16170	8.384722038594303e-7
16171	8.384771788798924e-7
16172	8.384822821231281e-7
16173	8.384846134629527e-7
16174	8.384886290784973e-7
16175	8.384927351758031e-7
16176	8.384999535065699e-7
16177	8.385002052507563e-7
16178	8.385054785166698e-7
16179	8.385100331597888e-7
16180	8.385140095875006e-7
16181	8.385176271049485e-7
16182	8.385203676013987e-7
16183	8.385293654475246e-7
16184	8.385363551752485e-7
16185	8.385372389666078e-7
16186	8.385446988310102e-7
16187	8.385464711727505e-7
16188	8.385558778343414e-7
16189	8.385581974363978e-7
16190	8.385610642655745e-7
16191	8.385634009335167e-7
16192	8.385708633034635e-7
16193	8.385769457773196e-7
16194	8.385841141541522e-7
16195	8.385877328172886e-7
16196	8.385886235434162e-7
16197	8.385967855366571e-7
16198	8.385990359048436e-7
16199	8.386069633610991e-7
16200	8.386104468706648e-7
16201	8.386154993300086e-7
16202	8.386178015800156e-7
16203	8.386210205986202e-7
16204	8.386344518594478e-7
16205	8.386394832898764e-7
16206	8.386427573620320e-7
16207	8.386458047428082e-7
16208	8.386463739655034e-7
16209	8.386526114501556e-7
16210	8.386537499525465e-7
16211	8.386626593319801e-7
16212	8.386667915870806e-7
16213	8.386676417637213e-7
16214	8.386738947408208e-7
16215	8.386798986015310e-7
16216	8.386866578358436e-7
16217	8.386933290041624e-7
16218	8.386969140822962e-7
16219	8.387033053925273e-7
16220	8.387049572539357e-7
16221	8.387080656021870e-7
16222	8.387099033708621e-7
16223	8.387157678312061e-7
16224	8.387190915886991e-7
16225	8.387194950133406e-7
16226	8.387289466674399e-7
16227	8.387334054251680e-7
16228	8.387342278745814e-7
16229	8.387365883717078e-7
16230	8.387443906030229e-7
16231	8.387477385800362e-7
16232	8.387540494941599e-7
16233	8.387616689017035e-7
16234	8.387663556287084e-7
16235	8.387722705097843e-7
16236	8.387752971795074e-7
16237	8.387801368888340e-7
16238	8.387823924162185e-7
16239	8.387864235985763e-7
16240	8.387948524844301e-7
16241	8.387984938844866e-7
16242	8.388035894305548e-7
16243	8.388075206694537e-7
16244	8.388087007698433e-7
16245	8.388110508789389e-7
16246	8.388206048472571e-7
16247	8.388290632485466e-7
16248	8.388344987438944e-7
16249	8.388411512942353e-7
16250	8.388438211218633e-7
16251	8.388459235700391e-7
16252	8.388495460930640e-7
16253	8.388522886115633e-7
16254	8.388571718817448e-7
16255	8.388661443378278e-7
16256	8.388718538607014e-7
16257	8.388769547186007e-7
16258	8.388789604899910e-7
16259	8.388830714756536e-7
16260	8.388852597715538e-7
16261	8.388928363604081e-7
16262	8.388980951771766e-7
16263	8.389003841064820e-7
16264	8.389058189716522e-7
16265	8.389083716586924e-7
16266	8.389156344212215e-7
16267	8.389232457923501e-7
16268	8.389245628477677e-7
16269	8.389271286504314e-7
16270	8.389302867202897e-7
16271	8.389374152413086e-7
16272	8.389425105638227e-7
16273	8.389447892734595e-7
16274	8.389479147703445e-7
16275	8.389572395850151e-7
16276	8.389654387846444e-7
16277	8.389662571473143e-7
16278	8.389702178568118e-7
16279	8.389767290649968e-7
16280	8.389790018736349e-7
16281	8.389816693937780e-7
16282	8.389869099092328e-7
16283	8.389928373517025e-7
16284	8.389984046561638e-7
16285	8.390003180765303e-7
16286	8.390035040408011e-7
16287	8.390078342724968e-7
16288	8.390141359381532e-7
16289	8.390229477780216e-7
16290	8.390329627813529e-7
16291	8.390372114147850e-7
16292	8.390390928287292e-7
16293	8.390432288558167e-7
16294	8.390505806459460e-7
16295	8.390554169005156e-7
16296	8.390590941341715e-7
16297	8.390627388174004e-7
16298	8.390691148720122e-7
16299	8.390727651490947e-7
16300	8.390745757985928e-7
16301	8.390779249251193e-7
16302	8.390840788205764e-7
16303	8.390876832965605e-7
16304	8.390968396199055e-7
16305	8.390989442909786e-7
16306	8.391007594439858e-7
16307	8.391078876345516e-7
16308	8.391143575447809e-7
16309	8.391184416485544e-7
16310	8.391204393758346e-7
16311	8.391242802190260e-7
16312	8.391267784018911e-7
16313	8.391308237851190e-7
16314	8.391394754998131e-7
16315	8.391437983767175e-7
16316	8.391497472731256e-7
16317	8.391604021823384e-7
16318	8.391634083919882e-7
16319	8.391670696824088e-7
16320	8.391703655997630e-7
16321	8.391735779889659e-7
16322	8.391778059858963e-7
16323	8.391908008127387e-7
16324	8.391931001111371e-7
16325	8.391980896792729e-7
16326	8.392027345826367e-7
16327	8.392072972034259e-7
16328	8.392112043590164e-7
16329	8.392161159223832e-7
16330	8.392237490495704e-7
16331	8.392261749700845e-7
16332	8.392332458356576e-7
16333	8.392383964759538e-7
16334	8.392398982947317e-7
16335	8.392417599147829e-7
16336	8.392502320100523e-7
16337	8.392535610889571e-7
16338	8.392576215664663e-7
16339	8.392612190934276e-7
16340	8.392699096573732e-7
16341	8.392720696022263e-7
16342	8.392767846068563e-7
16343	8.392829145713925e-7
16344	8.392918936802493e-7
16345	8.392974434522872e-7
16346	8.393001537909923e-7
16347	8.393021894442320e-7
16348	8.393045396679388e-7
16349	8.393109407382428e-7
16350	8.393170479561492e-7
16351	8.393206690642888e-7
16352	8.393275505145204e-7
16353	8.393334550211989e-7
16354	8.393357893684372e-7
16355	8.393411179223223e-7
16356	8.393462876000616e-7
16357	8.393495643969390e-7
16358	8.393534983794964e-7
16359	8.393566824654058e-7
16360	8.393649743155823e-7
16361	8.393721909933920e-7
16362	8.393773816086449e-7
16363	8.393834762676329e-7
16364	8.393892370196235e-7
16365	8.393956612799465e-7
16366	8.393966280158658e-7
16367	8.394019066070737e-7
16368	8.394073650041640e-7
16369	8.394096542894781e-7
16370	8.394110735764452e-7
16371	8.394227809999614e-7
16372	8.394298441393950e-7
16373	8.394327199796843e-7
16374	8.394351812742291e-7
16375	8.394429818925152e-7
16376	8.394485031747160e-7
16377	8.394499622113188e-7
16378	8.394549366693787e-7
16379	8.394662060159767e-7
16380	8.394746603842254e-7
16381	8.394782944048549e-7
16382	8.394807796595393e-7
16383	8.394841225178981e-7
16384	8.394850606581159e-7
16385	8.394965540453919e-7
16386	8.394976452421372e-7
16387	8.395012268888226e-7
16388	8.395116441003215e-7
16389	8.395136825929788e-7
16390	8.395192189357029e-7
16391	8.395215177250206e-7
16392	8.395308624382539e-7
16393	8.395373276776800e-7
16394	8.395385239687104e-7
16395	8.395499204513589e-7
16396	8.395519756148099e-7
16397	8.395556602842283e-7
16398	8.395586702090130e-7
16399	8.395613623708787e-7
16400	8.395710151787401e-7
16401	8.395753923812660e-7
16402	8.395797846686353e-7
16403	8.395832714777765e-7
16404	8.395955001294324e-7
16405	8.396017356132912e-7
16406	8.396040499477649e-7
16407	8.396097695500337e-7
16408	8.396135207692198e-7
16409	8.396166314426461e-7
16410	8.396203679835248e-7
16411	8.396245814388534e-7
16412	8.396312266866303e-7
16413	8.396386165304656e-7
16414	8.396462763311854e-7
16415	8.396497689960237e-7
16416	8.396539004385347e-7
16417	8.396583409527761e-7
16418	8.396593467433069e-7
16419	8.396723861357696e-7
16420	8.396797402456108e-7
16421	8.396847676074093e-7
16422	8.396872187553773e-7
16423	8.396931980883381e-7
16424	8.396976403628792e-7
16425	8.397016351164253e-7
16426	8.397071390286996e-7
16427	8.397089925549650e-7
16428	8.397183270893173e-7
16429	8.397219252288579e-7
16430	8.397233075980577e-7
16431	8.397375575433982e-7
16432	8.397386256429122e-7
16433	8.397454682990492e-7
16434	8.397518676673006e-7
16435	8.397557166301357e-7
16436	8.397647324052876e-7
16437	8.397693160078125e-7
16438	8.397775109622299e-7
16439	8.397809907355995e-7
16440	8.397820574189473e-7
16441	8.397880087492718e-7
16442	8.397943402398875e-7
16443	8.398016217115426e-7
16444	8.398076209073841e-7
16445	8.398125237296705e-7
16446	8.398171577278000e-7
16447	8.398236941874002e-7
16448	8.398290783418369e-7
16449	8.398333966321409e-7
16450	8.398387892440300e-7
16451	8.398415523128667e-7
16452	8.398485031953192e-7
16453	8.398511321221659e-7
16454	8.398571204519042e-7
16455	8.398612125065818e-7
16456	8.398695598866935e-7
16457	8.398721968472998e-7
16458	8.398739030234678e-7
16459	8.398797442659590e-7
16460	8.398845018938915e-7
16461	8.398887979319936e-7
16462	8.399033027834520e-7
16463	8.399062329784898e-7
16464	8.399092753101067e-7
16465	8.399179893843593e-7
16466	8.399230576372796e-7
16467	8.399271731618879e-7
16468	8.399335039626828e-7
16469	8.399368611816210e-7
16470	8.399425210238524e-7
16471	8.399463332603798e-7
16472	8.399550343275498e-7
16473	8.399615463182493e-7
16474	8.399708099905231e-7
16475	8.399736050445753e-7
16476	8.399824968117547e-7
16477	8.399863861012968e-7
16478	8.399906602210315e-7
16479	8.399971712922558e-7
16480	8.400058469103016e-7
16481	8.400100461725514e-7
16482	8.400158928506274e-7
16483	8.400215370284239e-7
16484	8.400237859489541e-7
16485	8.400318425823088e-7
16486	8.400398290217615e-7
16487	8.400420459629713e-7
16488	8.400440065425389e-7
16489	8.400473715155416e-7
16490	8.400549833796698e-7
16491	8.400637062508639e-7
16492	8.400696724587212e-7
16493	8.400734800980766e-7
16494	8.400783694710995e-7
16495	8.400854748329081e-7
16496	8.400974598594930e-7
16497	8.400986520899117e-7
16498	8.401024518869755e-7
16499	8.401129535516849e-7
16500	8.401151457695293e-7
16501	8.401231883463872e-7
16502	8.401269057196436e-7
16503	8.401298188144149e-7
16504	8.401410226295773e-7
16505	8.401413521943803e-7
16506	8.401495788278830e-7
16507	8.401557752767080e-7
16508	8.401633763758102e-7
16509	8.401661159563125e-7
16510	8.401710701768201e-7
16511	8.401813483543650e-7
16512	8.401843444862003e-7
16513	8.401900251535456e-7
16514	8.401910992115184e-7
16515	8.402011094161112e-7
16516	8.402058706676314e-7
16517	8.402167495122920e-7
16518	8.402225382781558e-7
16519	8.402309910870260e-7
16520	8.402343393272604e-7
16521	8.402424141607030e-7
16522	8.402470537996167e-7
16523	8.402515006683933e-7
16524	8.402583310855775e-7
16525	8.402624843439376e-7
16526	8.402664436795963e-7
16527	8.402736028823248e-7
16528	8.402793812008319e-7
16529	8.402822107772182e-7
16530	8.402932095158485e-7
16531	8.402975382170771e-7
16532	8.403036586237869e-7
16533	8.403126228939336e-7
16534	8.403137428072470e-7
16535	8.403161308234844e-7
16536	8.403164989831750e-7
16537	8.403283318716319e-7
16538	8.403380321417798e-7
16539	8.403499478754748e-7
16540	8.403567402154880e-7
16541	8.403664709656946e-7
16542	8.403692558991887e-7
16543	8.403718949348756e-7
16544	8.403762572892753e-7
16545	8.403828062852206e-7
16546	8.403907830680431e-7
16547	8.403935323141131e-7
16548	8.403996600197427e-7
16549	8.404045002628805e-7
16550	8.404090577185343e-7
16551	8.404226547181700e-7
16552	8.404265402032644e-7
16553	8.404291489566289e-7
16554	8.404370263794052e-7
16555	8.404375923424787e-7
16556	8.404419279872341e-7
16557	8.404530324452380e-7
16558	8.404598480303406e-7
16559	8.404681136969165e-7
16560	8.404725703469191e-7
16561	8.404811994447067e-7
16562	8.404861456864512e-7
16563	8.404894096134362e-7
16564	8.404911395970029e-7
16565	8.405010111939564e-7
16566	8.405041987268920e-7
16567	8.405126775567051e-7
16568	8.405212043707306e-7
16569	8.405268817925359e-7
16570	8.405360396437908e-7
16571	8.405460647751994e-7
16572	8.405485300665143e-7
16573	8.405519290796763e-7
16574	8.405571599281493e-7
16575	8.405659690668120e-7
16576	8.405695597591617e-7
16577	8.405810461946982e-7
16578	8.405862385858331e-7
16579	8.405902422489721e-7
16580	8.405973062141059e-7
16581	8.405986162023725e-7
16582	8.406085450739697e-7
16583	8.406198861264697e-7
16584	8.406228827517145e-7
16585	8.406272748436251e-7
16586	8.406373224771899e-7
16587	8.406415668396858e-7
16588	8.406466217120285e-7
16589	8.406524780365255e-7
16590	8.406647930093433e-7
16591	8.406672622545451e-7
16592	8.406755722868813e-7
16593	8.406802980898243e-7
16594	8.406863176966686e-7
16595	8.406902523611302e-7
16596	8.407101043923490e-7
16597	8.407137819305890e-7
16598	8.407157208071632e-7
16599	8.407243473676047e-7
16600	8.407271885490521e-7
16601	8.407310972701556e-7
16602	8.407315182828072e-7
16603	8.407362672406467e-7
16604	8.407493549453252e-7
16605	8.407526820379937e-7
16606	8.407619866619194e-7
16607	8.407660811010961e-7
16608	8.407722410536021e-7
16609	8.407832115583804e-7
16610	8.407857769944367e-7
16611	8.407895148910632e-7
16612	8.407998354586642e-7
16613	8.408096935844813e-7
16614	8.408166067752390e-7
16615	8.408204765507579e-7
16616	8.408238672275948e-7
16617	8.408342759340037e-7
16618	8.408445042678047e-7
16619	8.408551162141362e-7
16620	8.408576836938083e-7
16621	8.408588587360200e-7
16622	8.408682405673054e-7
16623	8.408751675494049e-7
16624	8.408815359486200e-7
16625	8.408864765843976e-7
16626	8.408954249110398e-7
16627	8.409002082069292e-7
16628	8.409094606138844e-7
16629	8.409137712986746e-7
16630	8.409153436608387e-7
16631	8.409290128695556e-7
16632	8.409387577344348e-7
16633	8.409414923803001e-7
16634	8.409445805563834e-7
16635	8.409526648010338e-7
16636	8.409582429913038e-7
16637	8.409675713036004e-7
16638	8.409711280330157e-7
16639	8.409738198204067e-7
16640	8.409823524065940e-7
16641	8.409911917682596e-7
16642	8.409986100298160e-7
16643	8.410054825501739e-7
16644	8.410072746198160e-7
16645	8.410165784630747e-7
16646	8.410284598635538e-7
16647	8.410302572177373e-7
16648	8.410329219725493e-7
16649	8.410386832485175e-7
16650	8.410433885320871e-7
16651	8.410551883184188e-7
16652	8.410626107083132e-7
16653	8.410671829014756e-7
16654	8.410753653726983e-7
16655	8.410802524973743e-7
16656	8.410863988300839e-7
16657	8.410940230959918e-7
16658	8.411047139131028e-7
16659	8.411113424518897e-7
16660	8.411146342941021e-7
16661	8.411313163757473e-7
16662	8.411348406717608e-7
16663	8.411413181689995e-7
16664	8.411432046653936e-7
16665	8.411525633023333e-7
16666	8.411592818816512e-7
16667	8.411619201114133e-7
16668	8.411737961637859e-7
16669	8.411806047605066e-7
16670	8.411883643571583e-7
16671	8.411956021482957e-7
16672	8.412015597745540e-7
16673	8.412031484570789e-7
16674	8.412117389830123e-7
16675	8.412161827171097e-7
16676	8.412229863915513e-7
16677	8.412303168619623e-7
16678	8.412325655218726e-7
16679	8.412382669735986e-7
16680	8.412524111672529e-7
16681	8.412637339836739e-7
16682	8.412652346123154e-7
16683	8.412721849028557e-7
16684	8.412789323775354e-7
16685	8.412917501530598e-7
16686	8.412940319195917e-7
16687	8.413063437440465e-7
16688	8.413166726801177e-7
16689	8.413221633297161e-7
16690	8.413288200479012e-7
16691	8.413391285295641e-7
16692	8.413431854809665e-7
16693	8.413525365780244e-7
16694	8.413591538902873e-7
16695	8.413739681641147e-7
16696	8.413785781959793e-7
16697	8.413816193678251e-7
16698	8.413867757804457e-7
16699	8.413949998274924e-7
16700	8.414024633749636e-7
16701	8.414084893431134e-7
16702	8.414138599080348e-7
16703	8.414204494392617e-7
16704	8.414255379269235e-7
16705	8.414327192580018e-7
16706	8.414412323106073e-7
16707	8.414514240920250e-7
16708	8.414546604038236e-7
16709	8.414584406628464e-7
16710	8.414669557562814e-7
16711	8.414736064556207e-7
16712	8.414883173469520e-7
16713	8.414910186037532e-7
16714	8.414964592306583e-7
16715	8.415111938494541e-7
16716	8.415118051336224e-7
16717	8.415164817761565e-7
16718	8.415280331261972e-7
16719	8.415334487560948e-7
16720	8.415443806431861e-7
16721	8.415471633349815e-7
16722	8.415577064358803e-7
16723	8.415635721832311e-7
16724	8.415713223355832e-7
16725	8.415811614897998e-7
16726	8.415820487101852e-7
16727	8.415853838803403e-7
16728	8.415958411283892e-7
16729	8.416015551193454e-7
16730	8.416177762989094e-7
16731	8.416237849755857e-7
16732	8.416292814119572e-7
16733	8.416340231901654e-7
16734	8.416391013644644e-7
16735	8.416520981688122e-7
16736	8.416598104364291e-7
16737	8.416718182889739e-7
16738	8.416792010571683e-7
16739	8.416835818443307e-7
16740	8.416964393120515e-7
16741	8.417036098787504e-7
16742	8.417109300203428e-7
16743	8.417155941556010e-7
16744	8.417216348978203e-7
16745	8.417255858368604e-7
16746	8.417300721875123e-7
16747	8.417484341331171e-7
16748	8.417530763499835e-7
16749	8.417608890960646e-7
16750	8.417629866096360e-7
16751	8.417755141491913e-7
16752	8.417809974017110e-7
16753	8.417870017030541e-7
16754	8.417979114636041e-7
16755	8.418135077699118e-7
16756	8.418211388605719e-7
16757	8.418261059437520e-7
16758	8.418304088013230e-7
16759	8.418463719242722e-7
16760	8.418518508790291e-7
16761	8.418582692176792e-7
16762	8.418643899681735e-7
16763	8.418767133492455e-7
16764	8.418806332245970e-7
16765	8.418864660318935e-7
16766	8.418971875378020e-7
16767	8.419041920235033e-7
16768	8.419110762021944e-7
16769	8.419173172607930e-7
16770	8.419197817575985e-7
16771	8.419387656118621e-7
16772	8.419461299400410e-7
16773	8.419486886220607e-7
16774	8.419558287046075e-7
16775	8.419636122737556e-7
16776	8.419682109362302e-7
16777	8.419754730490054e-7
16778	8.419901802650389e-7
16779	8.420027080168599e-7
16780	8.420076966188785e-7
16781	8.420155522656603e-7
16782	8.420243373082662e-7
16783	8.420374557716849e-7
16784	8.420434484855775e-7
16785	8.420490697312069e-7
16786	8.420598520447269e-7
16787	8.420708992926635e-7
16788	8.420813775029843e-7
16789	8.420856974297114e-7
16790	8.420919450357493e-7
16791	8.420969142936339e-7
16792	8.421086251800600e-7
16793	8.421144417285067e-7
16794	8.421226768936648e-7
16795	8.421350767041395e-7
16796	8.421440391712939e-7
16797	8.421543104040568e-7
16798	8.421559325346148e-7
16799	8.421678793499052e-7
16800	8.421698209878045e-7
16801	8.421805177363747e-7
16802	8.421907342554908e-7
16803	8.421970565427848e-7
16804	8.422011359062060e-7
16805	8.422138277610793e-7
16806	8.422224410801739e-7
16807	8.422271849231207e-7
16808	8.422332438952263e-7
16809	8.422368175769905e-7
16810	8.422488690197407e-7
16811	8.422591066868964e-7
16812	8.422632313141349e-7
16813	8.422738844376736e-7
16814	8.422874948604002e-7
16815	8.422909095911873e-7
16816	8.422925535067667e-7
16817	8.422986426931675e-7
16818	8.423084013192064e-7
16819	8.423202504944716e-7
16820	8.423284779835670e-7
16821	8.423310590612549e-7
16822	8.423431989411896e-7
16823	8.423485501934560e-7
16824	8.423629560086117e-7
16825	8.423748212948385e-7
16826	8.423773147416477e-7
16827	8.423857792813008e-7
16828	8.423919048271076e-7
16829	8.424032858147959e-7
16830	8.424136280859483e-7
16831	8.424183199937145e-7
16832	8.424328435158349e-7
16833	8.424379676444185e-7
16834	8.424446404147262e-7
16835	8.424532136138811e-7
16836	8.424568436374166e-7
16837	8.424751224346005e-7
16838	8.424854409752677e-7
16839	8.424926448670654e-7
16840	8.425015648649205e-7
16841	8.425068966818919e-7
16842	8.425147634118922e-7
16843	8.425168205862865e-7
16844	8.425350421537051e-7
16845	8.425428354565776e-7
16846	8.425465292698584e-7
16847	8.425661522513091e-7
16848	8.425754851839763e-7
16849	8.425924720759579e-7
16850	8.425985372575718e-7
16851	8.426076193468340e-7
16852	8.426117748471906e-7
16853	8.426247559426114e-7
16854	8.426303691720219e-7
16855	8.426379414018984e-7
16856	8.426426330836445e-7
16857	8.426468586382783e-7
16858	8.426555535176122e-7
16859	8.426693261888572e-7
16860	8.426821954849011e-7
16861	8.426904474638867e-7
16862	8.426921993490349e-7
16863	8.426989287302086e-7
16864	8.427059350407736e-7
16865	8.427214818972745e-7
16866	8.427347443087445e-7
16867	8.427410466985345e-7
16868	8.427528514284936e-7
16869	8.427622004908506e-7
16870	8.427729571464674e-7
16871	8.427764885517506e-7
16872	8.427802622073661e-7
16873	8.427946470873494e-7
16874	8.428058491044042e-7
16875	8.428147513754436e-7
16876	8.428211138824956e-7
16877	8.428305161036914e-7
16878	8.428540748120216e-7
16879	8.428612670436030e-7
16880	8.428681611329042e-7
16881	8.428752468019046e-7
16882	8.428818528878365e-7
16883	8.428944791326684e-7
16884	8.429000300113563e-7
16885	8.429155859304179e-7
16886	8.429225191725896e-7
16887	8.429358083670308e-7
16888	8.429410702665305e-7
16889	8.429472332235884e-7
16890	8.429567929410798e-7
16891	8.429702753022747e-7
16892	8.429831718916849e-7
16893	8.429865399349594e-7
16894	8.429948423005703e-7
16895	8.430125477940100e-7
16896	8.430156659505601e-7
16897	8.430311819898456e-7
16898	8.430356620575069e-7
16899	8.430493375525131e-7
16900	8.430560414202973e-7
16901	8.430635813938498e-7
16902	8.430692563868237e-7
16903	8.430847588505210e-7
16904	8.430872642558524e-7
16905	8.431014904653119e-7
16906	8.431113049805055e-7
16907	8.431289467755084e-7
16908	8.431361849527496e-7
16909	8.431381908486002e-7
16910	8.431464795969211e-7
16911	8.431484383380652e-7
16912	8.431619746559959e-7
16913	8.431676085395282e-7
16914	8.431757688029742e-7
16915	8.431793496667041e-7
16916	8.431944926384381e-7
16917	8.432042732678154e-7
16918	8.432117544023887e-7
16919	8.432268173582867e-7
16920	8.432312289600158e-7
16921	8.432432463106879e-7
16922	8.432477604254871e-7
16923	8.432601086344007e-7
16924	8.432729734897713e-7
16925	8.432838037879481e-7
16926	8.432873694141173e-7
16927	8.433012936378672e-7
16928	8.433090251532307e-7
16929	8.433196218062242e-7
16930	8.433327303929893e-7
16931	8.433382211684490e-7
16932	8.433479422319595e-7
16933	8.433590727077884e-7
16934	8.433699956823113e-7
16935	8.433770969982286e-7
16936	8.433882228219068e-7
16937	8.434007962886038e-7
16938	8.434140745452181e-7
16939	8.434189377231040e-7
16940	8.434286079157084e-7
16941	8.434344928434718e-7
16942	8.434510788107485e-7
16943	8.434576587335273e-7
16944	8.434694718356119e-7
16945	8.434773377945429e-7
16946	8.434889725446291e-7
16947	8.435001563863742e-7
16948	8.435015539245578e-7
16949	8.435209403054841e-7
16950	8.435346045448289e-7
16951	8.435455176122764e-7
16952	8.435547712113127e-7
16953	8.435609813397523e-7
16954	8.435791798779659e-7
16955	8.435833576747661e-7
16956	8.435873453796349e-7
16957	8.435940418362211e-7
16958	8.436014287214840e-7
16959	8.436348637576454e-7
16960	8.436468854117970e-7
16961	8.436485901857514e-7
16962	8.436568893075355e-7
16963	8.436594585276758e-7
16964	8.436694828740950e-7
16965	8.436799335358858e-7
16966	8.436924256023117e-7
16967	8.437017019093203e-7
16968	8.437145893735348e-7
16969	8.437160551761738e-7
16970	8.437264057118941e-7
16971	8.437380729755542e-7
16972	8.437516945431109e-7
16973	8.437651335596330e-7
16974	8.437735154282630e-7
16975	8.437772280120829e-7
16976	8.437837635141620e-7
16977	8.437891892434008e-7
16978	8.438108653433546e-7
16979	8.438176304705302e-7
16980	8.438258695918863e-7
16981	8.438361443256789e-7
16982	8.438473964855613e-7
16983	8.438573121786828e-7
16984	8.438684733340738e-7
16985	8.438816650672778e-7
16986	8.438834173915755e-7
16987	8.438996979581323e-7
16988	8.439143823045088e-7
16989	8.439187430220669e-7
16990	8.439332776388767e-7
16991	8.439403489372351e-7
16992	8.439490676371176e-7
16993	8.439698056900414e-7
16994	8.439792821181893e-7
16995	8.439859731786950e-7
16996	8.439990223576582e-7
16997	8.440082144617301e-7
16998	8.440169044678468e-7
16999	8.440298065232607e-7
17000	8.440338757421497e-7
17001	8.440566742370586e-7
17002	8.440641307603907e-7
17003	8.440683420365409e-7
17004	8.440848730160277e-7
17005	8.440875280808382e-7
17006	8.440971289914517e-7
17007	8.441076119743054e-7
17008	8.441195772951361e-7
17009	8.441315708913424e-7
17010	8.441346663484086e-7
17011	8.441550376319056e-7
17012	8.441687301466616e-7
17013	8.441775463093019e-7
17014	8.441851171594697e-7
17015	8.441956788426470e-7
17016	8.442070921101075e-7
17017	8.442120421602961e-7
17018	8.442228331742682e-7
17019	8.442304644493522e-7
17020	8.442353177087205e-7
17021	8.442544225913579e-7
17022	8.442687537894545e-7
17023	8.442726873247852e-7
17024	8.442799300646975e-7
17025	8.442865883671121e-7
17026	8.443055835030718e-7
17027	8.443123901218961e-7
17028	8.443328283259855e-7
17029	8.443531591367318e-7
17030	8.443554254272058e-7
17031	8.443607163798088e-7
17032	8.443688729401589e-7
17033	8.443939846474784e-7
17034	8.444016721358972e-7
17035	8.444037284406447e-7
17036	8.444169419197237e-7
17037	8.444243204089575e-7
17038	8.444447272833684e-7
17039	8.444489886385855e-7
17040	8.444602810978263e-7
17041	8.444702841934871e-7
17042	8.444805436212007e-7
17043	8.444889100580869e-7
17044	8.445005909370929e-7
17045	8.445071366130904e-7
17046	8.445140921963702e-7
17047	8.445177700092469e-7
17048	8.445405544840249e-7
17049	8.445519826296520e-7
17050	8.445616965672306e-7
17051	8.445696629878507e-7
17052	8.445772653376926e-7
17053	8.445909326483027e-7
17054	8.446041241400969e-7
17055	8.446196250281125e-7
17056	8.446347301088122e-7
17057	8.446417229275256e-7
17058	8.446483292412687e-7
17059	8.446594381099232e-7
17060	8.446719968255097e-7
17061	8.446766828065002e-7
17062	8.446847026565291e-7
17063	8.446959324014125e-7
17064	8.447190387713175e-7
17065	8.447196439232499e-7
17066	8.447311657920775e-7
17067	8.447437767117888e-7
17068	8.447624193481398e-7
17069	8.447651706951009e-7
17070	8.447796944657402e-7
17071	8.447918698931344e-7
17072	8.448085086254519e-7
17073	8.448179010160609e-7
17074	8.448241347720743e-7
17075	8.448368914550918e-7
17076	8.448446389497136e-7
17077	8.448580255099596e-7
17078	8.448629372442741e-7
17079	8.448653081801665e-7
17080	8.448789838391936e-7
17081	8.448904613416664e-7
17082	8.448956493982969e-7
17083	8.449090124095130e-7
17084	8.449468676922573e-7
17085	8.449556338102773e-7
17086	8.449635864476938e-7
17087	8.449808962842306e-7
17088	8.449831515469261e-7
17089	8.449839291877092e-7
17090	8.449963758541709e-7
17091	8.450078107667839e-7
17092	8.450170276406600e-7
17093	8.450243514316027e-7
17094	8.450385679894203e-7
17095	8.450496967745319e-7
17096	8.450604419585082e-7
17097	8.450748385668097e-7
17098	8.450945480692191e-7
17099	8.450990148294945e-7
17100	8.451194226169925e-7
17101	8.451239644062560e-7
17102	8.451278067430013e-7
17103	8.451401840140397e-7
17104	8.451528632138819e-7
17105	8.451652499146324e-7
17106	8.451767644418490e-7
17107	8.451864848831692e-7
17108	8.451899490240866e-7
17109	8.452161392575624e-7
17110	8.452256557087476e-7
17111	8.452378814697136e-7
17112	8.452484696952348e-7
17113	8.452560486423782e-7
17114	8.452701389275969e-7
17115	8.452772582978562e-7
17116	8.452879975532083e-7
17117	8.452974248659103e-7
17118	8.453189934124261e-7
17119	8.453215343514410e-7
17120	8.453418460210003e-7
17121	8.453520969285272e-7
17122	8.453671223468972e-7
17123	8.453788380116169e-7
17124	8.453848294585322e-7
17125	8.453936502985967e-7
17126	8.454199343270571e-7
17127	8.454212281825151e-7
17128	8.454379484960848e-7
17129	8.454434197349928e-7
17130	8.454584871207951e-7
17131	8.454651682239922e-7
17132	8.454777211263725e-7
17133	8.454923895279266e-7
17134	8.455069407198999e-7
17135	8.455157017857118e-7
17136	8.455329752672552e-7
17137	8.455361840415127e-7
17138	8.455502451109426e-7
17139	8.455649845730545e-7
17140	8.455740754525926e-7
17141	8.455936130789249e-7
17142	8.456020025407135e-7
17143	8.456137946473518e-7
17144	8.456150954806494e-7
17145	8.456251667594743e-7
17146	8.456406204545002e-7
17147	8.456546444263752e-7
17148	8.456712365720077e-7
17149	8.456733734265916e-7
17150	8.456900782921950e-7
17151	8.457038367659641e-7
17152	8.457099659052944e-7
17153	8.457133239024721e-7
17154	8.457305513208473e-7
17155	8.457519809268912e-7
17156	8.457645614865671e-7
17157	8.457728486482391e-7
17158	8.457752969634329e-7
17159	8.458011166432429e-7
17160	8.458221866095339e-7
17161	8.458264157456969e-7
17162	8.458383612296996e-7
17163	8.458462394681918e-7
17164	8.458597782428412e-7
17165	8.458672768182303e-7
17166	8.458903927939583e-7
17167	8.458950793151049e-7
17168	8.458976700528165e-7
17169	8.459225517684640e-7
17170	8.459327163600521e-7
17171	8.459492435754903e-7
17172	8.459559990453963e-7
17173	8.459678737210796e-7
17174	8.459771226676146e-7
17175	8.459886037622652e-7
17176	8.459999701196388e-7
17177	8.460028458619653e-7
17178	8.460276531372500e-7
17179	8.460313339551040e-7
17180	8.460403227711673e-7
17181	8.460600899267268e-7
17182	8.460647004587205e-7
17183	8.460812685953119e-7
17184	8.460988350146889e-7
17185	8.461029684516050e-7
17186	8.461114913138468e-7
17187	8.461376793682373e-7
17188	8.461540154094210e-7
17189	8.461641371255056e-7
17190	8.461821716067948e-7
17191	8.461941947856908e-7
17192	8.462035197286356e-7
17193	8.462283675793549e-7
17194	8.462407832118549e-7
17195	8.462429515950934e-7
17196	8.462552711565709e-7
17197	8.462689245136409e-7
17198	8.462758210652479e-7
17199	8.462856471893260e-7
17200	8.463003682204017e-7
17201	8.463150409955785e-7
17202	8.463253868827855e-7
17203	8.463405311369739e-7
17204	8.463424382670664e-7
17205	8.463656270367631e-7
17206	8.463679049761863e-7
17207	8.463838965298658e-7
17208	8.463977349344139e-7
17209	8.464002927017258e-7
17210	8.464054026736284e-7
17211	8.464280880199749e-7
17212	8.464488156649916e-7
17213	8.464569047716479e-7
17214	8.464707270656152e-7
17215	8.464887903780959e-7
17216	8.465002092648866e-7
17217	8.465070257215538e-7
17218	8.465200453205620e-7
17219	8.465298181776420e-7
17220	8.465379874626959e-7
17221	8.465619444931622e-7
17222	8.465724516136105e-7
17223	8.465825415031230e-7
17224	8.465990171539975e-7
17225	8.466125492821121e-7
17226	8.466335293226390e-7
17227	8.466408259893792e-7
17228	8.466556224072992e-7
17229	8.466733032665932e-7
17230	8.466860458905776e-7
17231	8.466914028993545e-7
17232	8.467117138726423e-7
17233	8.467274454139991e-7
17234	8.467428509690631e-7
17235	8.467467438416806e-7
17236	8.467575274171371e-7
17237	8.467678512716531e-7
17238	8.467752742318090e-7
17239	8.467987389559559e-7
17240	8.468069766278508e-7
17241	8.468223959012310e-7
17242	8.468351745603827e-7
17243	8.468451172277216e-7
17244	8.468662056522877e-7
17245	8.468694003687973e-7
17246	8.468863966349954e-7
17247	8.468924654501272e-7
17248	8.469153962121747e-7
17249	8.469319676773460e-7
17250	8.469386987955061e-7
17251	8.469448446708651e-7
17252	8.469495695860721e-7
17253	8.469852307824193e-7
17254	8.469930975353197e-7
17255	8.470016309493011e-7
17256	8.470102899181980e-7
17257	8.470390808231573e-7
17258	8.470411765726379e-7
17259	8.470524829974982e-7
17260	8.470622099637565e-7
17261	8.470804525921993e-7
17262	8.470875096584214e-7
17263	8.470964853384794e-7
17264	8.471131157307983e-7
17265	8.471282655478340e-7
17266	8.471377580124356e-7
17267	8.471534181728025e-7
17268	8.471611741193312e-7
17269	8.471761840566587e-7
17270	8.472063263726892e-7
17271	8.472104045196716e-7
17272	8.472187398305917e-7
17273	8.472372003425931e-7
17274	8.472491157903988e-7
17275	8.472539580186288e-7
17276	8.472791163770274e-7
17277	8.472853377329470e-7
17278	8.472934494655607e-7
17279	8.473246477766764e-7
17280	8.473309718750268e-7
17281	8.473535811258278e-7
17282	8.473745581125910e-7
17283	8.473767462374160e-7
17284	8.473832119342018e-7
17285	8.473954868320164e-7
17286	8.474075508850211e-7
17287	8.474265983255836e-7
17288	8.474323827412242e-7
17289	8.474367588048135e-7
17290	8.474596103769958e-7
17291	8.474804232451176e-7
17292	8.474912289345965e-7
17293	8.475082655318544e-7
17294	8.475239264713871e-7
17295	8.475276499337761e-7
17296	8.475455056707535e-7
17297	8.475523791072062e-7
17298	8.475686853325344e-7
17299	8.475809548157363e-7
17300	8.476086522370422e-7
17301	8.476171426594315e-7
17302	8.476429442540496e-7
17303	8.476504024384205e-7
17304	8.476605726588822e-7
17305	8.476670189446703e-7
17306	8.476931310242659e-7
17307	8.476936971247385e-7
17308	8.477131104721529e-7
17309	8.477405625368095e-7
17310	8.477456412264179e-7
17311	8.477651201156097e-7
17312	8.477842950253525e-7
17313	8.477969465518571e-7
17314	8.478038352240770e-7
17315	8.478220845689086e-7
17316	8.478372185152018e-7
17317	8.478431746554457e-7
17318	8.478633532607760e-7
17319	8.478728077930567e-7
17320	8.478769964214158e-7
17321	8.478849212198948e-7
17322	8.479047009727158e-7
17323	8.479264062222282e-7
17324	8.479369535472530e-7
17325	8.479414883974793e-7
17326	8.479561466070775e-7
17327	8.479742843496897e-7
17328	8.480043967005721e-7
17329	8.480166004105942e-7
17330	8.480259290882783e-7
17331	8.480330023421207e-7
17332	8.480683332717422e-7
17333	8.480689259840392e-7
17334	8.480777735565979e-7
17335	8.480889419193092e-7
17336	8.481066874572809e-7
17337	8.481243009438278e-7
17338	8.481291386145360e-7
17339	8.481535977894475e-7
17340	8.481675076255381e-7
17341	8.481713959646285e-7
17342	8.481949795618747e-7
17343	8.481965045389464e-7
17344	8.482205558306172e-7
17345	8.482249472436917e-7
17346	8.482456800218078e-7
17347	8.482729798516366e-7
17348	8.482800250802097e-7
17349	8.482989468663753e-7
17350	8.483015230876228e-7
17351	8.483235040847218e-7
17352	8.483391497732275e-7
17353	8.483446538489149e-7
17354	8.483590888170007e-7
17355	8.483775076691330e-7
17356	8.483952895509491e-7
17357	8.484073068520293e-7
17358	8.484118616379031e-7
17359	8.484350195013657e-7
17360	8.484565988163542e-7
17361	8.484720032291016e-7
17362	8.484801817017295e-7
17363	8.484924213573336e-7
17364	8.485001671382327e-7
17365	8.485099050609669e-7
17366	8.485364284255475e-7
17367	8.485584336622545e-7
17368	8.485767915989363e-7
17369	8.485980497616350e-7
17370	8.486053736836166e-7
17371	8.486159310707310e-7
17372	8.486238257208158e-7
17373	8.486428852322085e-7
17374	8.486665796737189e-7
17375	8.486906119096601e-7
17376	8.486990411089296e-7
17377	8.487221600804201e-7
17378	8.487301349964214e-7
17379	8.487409160954114e-7
17380	8.487498842018879e-7
17381	8.487831127871889e-7
17382	8.487856871650811e-7
17383	8.488044964068222e-7
17384	8.488221444523019e-7
17385	8.488338302335445e-7
17386	8.488531896602547e-7
17387	8.488622359316868e-7
17388	8.488809626494701e-7
17389	8.488942503387511e-7
17390	8.489132041203502e-7
17391	8.489258669329369e-7
17392	8.489372351231649e-7
17393	8.489599984483102e-7
17394	8.489685104332415e-7
17395	8.489804530569256e-7
17396	8.489912312975743e-7
17397	8.490376383300088e-7
17398	8.490431173270594e-7
17399	8.490673046073486e-7
17400	8.490865762924048e-7
17401	8.490978708768039e-7
17402	8.490997092140770e-7
17403	8.491180102376859e-7
17404	8.491273958951453e-7
17405	8.491337077633680e-7
17406	8.491445223550503e-7
17407	8.491629201920696e-7
17408	8.491789763677284e-7
17409	8.492116573626956e-7
17410	8.492157754154531e-7
17411	8.492282126078033e-7
17412	8.492397178900437e-7
17413	8.492581126199657e-7
17414	8.492702738564555e-7
17415	8.492888173518295e-7
17416	8.493018630665862e-7
17417	8.493092145040092e-7
17418	8.493371588874431e-7
17419	8.493441760825307e-7
17420	8.493506966286805e-7
17421	8.493675118678533e-7
17422	8.493876003989648e-7
17423	8.494253678264837e-7
17424	8.494350880780071e-7
17425	8.494428604502375e-7
17426	8.494581003286919e-7
17427	8.494729533332156e-7
17428	8.494821026115082e-7
17429	8.494953540750554e-7
17430	8.495175945848197e-7
17431	8.495377765028420e-7
17432	8.495461055149377e-7
17433	8.495656862756938e-7
17434	8.495938487857568e-7
17435	8.495988076607696e-7
17436	8.496166838699665e-7
17437	8.496261106744853e-7
17438	8.496482373150262e-7
17439	8.496549695035923e-7
17440	8.496798010726910e-7
17441	8.496924699951086e-7
17442	8.496972808660046e-7
17443	8.497311500743116e-7
17444	8.497438479368827e-7
17445	8.497732368360109e-7
17446	8.497755276174378e-7
17447	8.497938971945790e-7
17448	8.498033056522405e-7
17449	8.498232065736016e-7
17450	8.498320747721373e-7
17451	8.498627374881362e-7
17452	8.498682136142376e-7
17453	8.498871588372845e-7
17454	8.499112579994886e-7
17455	8.499210453803796e-7
17456	8.499542876023435e-7
17457	8.499727630734980e-7
17458	8.499758592465180e-7
17459	8.499937969530238e-7
17460	8.500188473470483e-7
17461	8.500357967912282e-7
17462	8.500413753486797e-7
17463	8.500552127811285e-7
17464	8.500698887613803e-7
17465	8.500841845289976e-7
17466	8.500951056560071e-7
17467	8.501421116525053e-7
17468	8.501596441428934e-7
17469	8.501692702887262e-7
17470	8.501798367286546e-7
17471	8.502076371000662e-7
17472	8.502227576469526e-7
17473	8.502330987968910e-7
17474	8.502466070986508e-7
17475	8.502659729351238e-7
17476	8.502826797643865e-7
17477	8.502869303688670e-7
17478	8.503135345754192e-7
17479	8.503265767420752e-7
17480	8.503590465549264e-7
17481	8.503681093045992e-7
17482	8.503887451902750e-7
17483	8.503894906217381e-7
17484	8.504201213750897e-7
17485	8.504359618605077e-7
17486	8.504567633455177e-7
17487	8.504828669774039e-7
17488	8.504839992281292e-7
17489	8.504914877970943e-7
17490	8.505321354622273e-7
17491	8.505330571653830e-7
17492	8.505488783223094e-7
17493	8.505700189736962e-7
17494	8.505830351220188e-7
17495	8.505951511504140e-7
17496	8.505994770908401e-7
17497	8.506160066057877e-7
17498	8.506546630512234e-7
17499	8.506600862006269e-7
17500	8.506805298457857e-7
17501	8.506905005288097e-7
17502	8.507181395308018e-7
17503	8.507309251501685e-7
17504	8.507613676515332e-7
17505	8.507645218476683e-7
17506	8.507774288087283e-7
17507	8.508070661808363e-7
17508	8.508302846425617e-7
17509	8.508401954787179e-7
17510	8.508599508774120e-7
17511	8.508806984552912e-7
17512	8.509009335572668e-7
17513	8.509100521125007e-7
17514	8.509278954880547e-7
17515	8.509566746601904e-7
17516	8.509746192425685e-7
17517	8.509882366009394e-7
17518	8.509993671445721e-7
17519	8.510168515119742e-7
17520	8.510382008526543e-7
17521	8.510421200102662e-7
17522	8.510668132252276e-7
17523	8.510913976204015e-7
17524	8.511111278301837e-7
17525	8.511183347580352e-7
17526	8.511563652402487e-7
17527	8.511635046116588e-7
17528	8.511737695475722e-7
17529	8.511778791816223e-7
17530	8.512245850942366e-7
17531	8.512268834723041e-7
17532	8.512483736356096e-7
17533	8.512581072908287e-7
17534	8.512739500650701e-7
17535	8.513006285486518e-7
17536	8.513194284616286e-7
17537	8.513336439886021e-7
17538	8.513576206354299e-7
17539	8.513721832822220e-7
17540	8.513931424553069e-7
17541	8.514146482789021e-7
17542	8.514292493770074e-7
17543	8.514382375073750e-7
17544	8.514548767070674e-7
17545	8.514847035726090e-7
17546	8.515053568583571e-7
17547	8.515249288837871e-7
17548	8.515342464327765e-7
17549	8.515507681332412e-7
17550	8.515865936890638e-7
17551	8.515907161267728e-7
17552	8.516282845977999e-7
17553	8.516405311968587e-7
17554	8.516629738426451e-7
17555	8.516735034419381e-7
17556	8.516987885714289e-7
17557	8.516998670625894e-7
17558	8.517277535563638e-7
17559	8.517302533330099e-7
17560	8.517656437247390e-7
17561	8.517709601645264e-7
17562	8.518067415600558e-7
17563	8.518362813673560e-7
17564	8.518437227631144e-7
17565	8.518810334385450e-7
17566	8.518889530840172e-7
17567	8.519026310296909e-7
17568	8.519193734178217e-7
17569	8.519243415003839e-7
17570	8.519568378083253e-7
17571	8.519725225961420e-7
17572	8.519777701195244e-7
17573	8.519977801244445e-7
17574	8.520252767139012e-7
17575	8.520509292421388e-7
17576	8.520667150136146e-7
17577	8.520934643571348e-7
17578	8.521223668585409e-7
17579	8.521303496501168e-7
17580	8.521537165438189e-7
17581	8.521620382630348e-7
17582	8.521792801174088e-7
17583	8.522002361732286e-7
17584	8.522208359167723e-7
17585	8.522428719525418e-7
17586	8.522875226495788e-7
17587	8.522919838342010e-7
17588	8.523033370118209e-7
17589	8.523372024702403e-7
17590	8.523561925697709e-7
17591	8.523588513185245e-7
17592	8.523656133333436e-7
17593	8.523699290191915e-7
17594	8.524086284986151e-7
17595	8.524255053233383e-7
17596	8.524386061740669e-7
17597	8.524638974885353e-7
17598	8.524815649139257e-7
17599	8.525000857159834e-7
17600	8.525210131182563e-7
17601	8.525336458045614e-7
17602	8.525431948252146e-7
17603	8.525629999734828e-7
17604	8.525676589518623e-7
17605	8.525995432073581e-7
17606	8.526083517045315e-7
17607	8.526301174741222e-7
17608	8.526681539958626e-7
17609	8.526701260324927e-7
17610	8.527006008013213e-7
17611	8.527148642700784e-7
17612	8.527393690964187e-7
17613	8.527632141258367e-7
17614	8.527932333285271e-7
17615	8.528500844380032e-7
17616	8.528540364915265e-7
17617	8.528694318346389e-7
17618	8.529000154473742e-7
17619	8.529436114338405e-7
17620	8.529632631199704e-7
17621	8.529697972473175e-7
17622	8.529974213626928e-7
17623	8.530147525199809e-7
17624	8.530340309274710e-7
17625	8.530438782718473e-7
17626	8.530742003214478e-7
17627	8.530929595036313e-7
17628	8.531168269380374e-7
17629	8.531309945710643e-7
17630	8.531378502293967e-7
17631	8.531445801135766e-7
17632	8.532023740313966e-7
17633	8.532075874811188e-7
17634	8.532280512285001e-7
17635	8.532489963182334e-7
17636	8.532555219238848e-7
17637	8.532705195412199e-7
17638	8.532951470420666e-7
17639	8.533127499397551e-7
17640	8.533609062314517e-7
17641	8.533700167856931e-7
17642	8.533895447191680e-7
17643	8.534128267370353e-7
17644	8.534442331282752e-7
17645	8.534494629138308e-7
17646	8.534724742600092e-7
17647	8.534893805755251e-7
17648	8.535142640002185e-7
17649	8.535248689085295e-7
17650	8.535503512744530e-7
17651	8.535711387472231e-7
17652	8.535821043207654e-7
17653	8.536141819279129e-7
17654	8.536315792379426e-7
17655	8.536520095619309e-7
17656	8.536691595218606e-7
17657	8.536950003621441e-7
17658	8.536973338508674e-7
17659	8.537313069337375e-7
17660	8.537482819405836e-7
17661	8.537614984123053e-7
17662	8.537788867233820e-7
17663	8.538035396945338e-7
17664	8.538088489398651e-7
17665	8.538521077713586e-7
17666	8.538580341799813e-7
17667	8.538749244214988e-7
17668	8.538934547575212e-7
17669	8.539255976054840e-7
17670	8.539552181368694e-7
17671	8.539776808464754e-7
17672	8.539963407959953e-7
17673	8.540062864543597e-7
17674	8.540377660900004e-7
17675	8.540512769434873e-7
17676	8.540601194754644e-7
17677	8.541050041959797e-7
17678	8.541206669130348e-7
17679	8.541363876145918e-7
17680	8.541752627947661e-7
17681	8.542038307562846e-7
17682	8.542063329337397e-7
17683	8.542238777848619e-7
17684	8.542426974062797e-7
17685	8.542851791395587e-7
17686	8.542998030303001e-7
17687	8.543336620370108e-7
17688	8.543474582380491e-7
17689	8.543725769852689e-7
17690	8.543796237086401e-7
17691	8.544047589023584e-7
17692	8.544151907310563e-7
17693	8.544288029601323e-7
17694	8.544589947710683e-7
17695	8.544736204638829e-7
17696	8.544983840434343e-7
17697	8.545306334662892e-7
17698	8.545486016648689e-7
17699	8.545890075669605e-7
17700	8.546193909290867e-7
17701	8.546270300297162e-7
17702	8.546511377749279e-7
17703	8.546848351624433e-7
17704	8.546910874888780e-7
17705	8.547115237513449e-7
17706	8.547305325354633e-7
17707	8.547540475494743e-7
17708	8.547892611138902e-7
17709	8.548162414120844e-7
17710	8.548373895830068e-7
17711	8.548594699796688e-7
17712	8.548852535162225e-7
17713	8.548936413491863e-7
17714	8.549182719745402e-7
17715	8.549346850254695e-7
17716	8.549745081807524e-7
17717	8.549852610047831e-7
17718	8.550220248388835e-7
17719	8.550302489280899e-7
17720	8.550546258806851e-7
17721	8.550841292508545e-7
17722	8.550907592059906e-7
17723	8.551046751629611e-7
17724	8.551646725827476e-7
17725	8.551743300893197e-7
17726	8.551884731158281e-7
17727	8.552130481029212e-7
17728	8.552296806828461e-7
17729	8.552496916815006e-7
17730	8.552959891377397e-7
17731	8.553186278980626e-7
17732	8.553441517198142e-7
17733	8.553670537913724e-7
17734	8.553887808273729e-7
17735	8.554060874762363e-7
17736	8.554116498187979e-7
17737	8.554198492073693e-7
17738	8.554574308438045e-7
17739	8.554722261925163e-7
17740	8.554907516310766e-7
17741	8.555124318210576e-7
17742	8.555255479793216e-7
17743	8.555488053247224e-7
17744	8.555759701782816e-7
17745	8.556095332126810e-7
17746	8.556307146252216e-7
17747	8.556510190968999e-7
17748	8.556907552281098e-7
17749	8.556998042521017e-7
17750	8.557374904067009e-7
17751	8.557962375384419e-7
17752	8.558001007800616e-7
17753	8.558068769398199e-7
17754	8.558357213286630e-7
17755	8.558500285352455e-7
17756	8.558712385440008e-7
17757	8.558944216986037e-7
17758	8.559231041619562e-7
17759	8.559324024572277e-7
17760	8.559773777586166e-7
17761	8.559934856360661e-7
17762	8.560224128732671e-7
17763	8.560418879033790e-7
17764	8.560507319661163e-7
17765	8.560992769451609e-7
17766	8.561217851639921e-7
17767	8.561456454156046e-7
17768	8.561941569438099e-7
17769	8.562012245567360e-7
17770	8.562198365064573e-7
17771	8.562331144964053e-7
17772	8.562654954581907e-7
17773	8.562894681927083e-7
17774	8.562952726899248e-7
17775	8.563232466657483e-7
17776	8.563409530477193e-7
17777	8.563572387394766e-7
17778	8.563838179487963e-7
17779	8.564367554715492e-7
17780	8.564614127918046e-7
17781	8.564834471183812e-7
17782	8.565013831120010e-7
17783	8.565085032012620e-7
17784	8.565407245423914e-7
17785	8.565435850796324e-7
17786	8.565813956565188e-7
17787	8.566114206965470e-7
17788	8.566312562701209e-7
17789	8.566358896097530e-7
17790	8.566584395475821e-7
17791	8.566897898025433e-7
17792	8.567120166420584e-7
17793	8.567466628236754e-7
17794	8.567651845985365e-7
17795	8.568194401952913e-7
17796	8.568252699482546e-7
17797	8.568723897031432e-7
17798	8.568797947649697e-7
17799	8.569321704420480e-7
17800	8.569385668520067e-7
17801	8.569552659997154e-7
17802	8.570063609432562e-7
17803	8.570275338597156e-7
17804	8.570576019589550e-7
17805	8.571034523940005e-7
17806	8.571075170295951e-7
17807	8.571270707941183e-7
17808	8.571397406397702e-7
17809	8.571779105126893e-7
17810	8.572207182308000e-7
17811	8.572346516284928e-7
17812	8.572544488504301e-7
17813	8.572765830847935e-7
17814	8.573178984349978e-7
17815	8.573356707306550e-7
17816	8.573704256673758e-7
17817	8.573759168267862e-7
17818	8.574248069390717e-7
17819	8.574465074559307e-7
17820	8.574634656501656e-7
17821	8.574747017373478e-7
17822	8.575062870267746e-7
17823	8.575162154711722e-7
17824	8.575572295506508e-7
17825	8.575768815819295e-7
17826	8.575869820912641e-7
17827	8.576197955741751e-7
17828	8.576627539863366e-7
17829	8.576815529641209e-7
17830	8.577163036615597e-7
17831	8.577285456192920e-7
17832	8.577457857052159e-7
17833	8.577796019251211e-7
17834	8.577854255591675e-7
17835	8.578164704128361e-7
17836	8.578469101331626e-7
17837	8.578624187346691e-7
17838	8.578854695110321e-7
17839	8.579138744598193e-7
17840	8.579273042676901e-7
17841	8.579648523416724e-7
17842	8.579752279889767e-7
17843	8.580121666202962e-7
17844	8.580675656303437e-7
17845	8.580781426802925e-7
17846	8.581108118184710e-7
17847	8.581541572923910e-7
17848	8.581646960315506e-7
17849	8.581898392365444e-7
17850	8.582289151931253e-7
17851	8.582529731703653e-7
17852	8.582575694793312e-7
17853	8.582809123537679e-7
17854	8.583157912409485e-7
17855	8.583196970782436e-7
17856	8.583487848275045e-7
17857	8.583810071891711e-7
17858	8.583971316692533e-7
17859	8.584080721373885e-7
17860	8.584316965603235e-7
17861	8.584780201824797e-7
17862	8.585040459901685e-7
17863	8.585268243993459e-7
17864	8.585646183323701e-7
17865	8.586029873844709e-7
17866	8.586187525094006e-7
17867	8.586544386341950e-7
17868	8.586802233349451e-7
17869	8.586955115754036e-7
17870	8.587105842405307e-7
17871	8.587481431946305e-7
17872	8.587681000381135e-7
17873	8.587886104332747e-7
17874	8.588049503703463e-7
17875	8.588311387009675e-7
17876	8.588705736430866e-7
17877	8.589115694708424e-7
17878	8.589177223366110e-7
17879	8.589428861796547e-7
17880	8.589513211006559e-7
17881	8.590051902980075e-7
17882	8.590271523810789e-7
17883	8.590632419775780e-7
17884	8.590999488692414e-7
17885	8.591389163374654e-7
17886	8.591655869731272e-7
17887	8.591719137441496e-7
17888	8.592145176553099e-7
17889	8.592296471118066e-7
17890	8.592580301394705e-7
17891	8.593179164331798e-7
17892	8.593397857357558e-7
17893	8.593743323209125e-7
17894	8.594010553972201e-7
17895	8.594185848967646e-7
17896	8.594531874214768e-7
17897	8.594596261055676e-7
17898	8.594805257566545e-7
17899	8.594948454120068e-7
17900	8.595476838585564e-7
17901	8.595487707289934e-7
17902	8.596215268309401e-7
17903	8.596444965645068e-7
17904	8.596767913927839e-7
17905	8.597006396316351e-7
17906	8.597171784915303e-7
17907	8.597330873943521e-7
17908	8.597667074667740e-7
17909	8.597932760197916e-7
17910	8.598284653264869e-7
17911	8.598450626131694e-7
17912	8.598791881411342e-7
17913	8.598897006482373e-7
17914	8.599184774259744e-7
17915	8.599453065797030e-7
17916	8.599635991362834e-7
17917	8.600027264622606e-7
17918	8.600033904045642e-7
17919	8.600495061116254e-7
17920	8.600904743770309e-7
17921	8.601246995372614e-7
17922	8.601593557994144e-7
17923	8.601971450670137e-7
17924	8.602124677378860e-7
17925	8.602211222789392e-7
17926	8.602569148394177e-7
17927	8.603208106510241e-7
17928	8.603315730828791e-7
17929	8.603743017074990e-7
17930	8.603809287277559e-7
17931	8.604213163145993e-7
17932	8.604361141869417e-7
17933	8.604618522495573e-7
17934	8.604719664595250e-7
17935	8.605352138401396e-7
17936	8.605439019990839e-7
17937	8.605724718509067e-7
17938	8.605896525381151e-7
17939	8.606311972055868e-7
17940	8.606477028119545e-7
17941	8.606647136928814e-7
17942	8.606886302203253e-7
17943	8.607139812708141e-7
17944	8.607519859247481e-7
17945	8.607899131850463e-7
17946	8.608049506768644e-7
17947	8.608151841948895e-7
17948	8.608380188496756e-7
17949	8.609068433823415e-7
17950	8.609284728710120e-7
17951	8.609654931677663e-7
17952	8.609875444547534e-7
17953	8.610332625375612e-7
17954	8.610635366384280e-7
17955	8.610898016030894e-7
17956	8.611116684511280e-7
17957	8.611149658865667e-7
17958	8.611538853600919e-7
17959	8.612073103686408e-7
17960	8.612331245816789e-7
17961	8.612538174107216e-7
17962	8.612711089805830e-7
17963	8.612900792990830e-7
17964	8.613226695626164e-7
17965	8.613633895131729e-7
17966	8.613988690891901e-7
17967	8.614220514028780e-7
17968	8.614502742189963e-7
17969	8.615023875328786e-7
17970	8.615365285171847e-7
17971	8.615740004178556e-7
17972	8.615850311393144e-7
17973	8.615925027507837e-7
17974	8.616125429105332e-7
17975	8.616659483346636e-7
17976	8.617197891019453e-7
17977	8.617533175999695e-7
17978	8.617914748739578e-7
17979	8.618073976489278e-7
17980	8.618326923136277e-7
17981	8.618411186424399e-7
17982	8.618887359575468e-7
17983	8.618989194773548e-7
17984	8.619277237766800e-7
17985	8.619535186593318e-7
17986	8.619646825600771e-7
17987	8.620109137457424e-7
17988	8.620538540148047e-7
17989	8.620831413686011e-7
17990	8.620974790560632e-7
17991	8.621274381950199e-7
17992	8.621603739357271e-7
17993	8.622088755871459e-7
17994	8.622353533347009e-7
17995	8.622672847528439e-7
17996	8.623288922317466e-7
17997	8.623393733252509e-7
17998	8.623750561110164e-7
17999	8.623853738022359e-7
18000	8.624245743958516e-7
18001	8.624384858850521e-7
18002	8.624669630261591e-7
18003	8.625000623187091e-7
18004	8.625033962107425e-7
18005	8.625642291582970e-7
18006	8.625930102324450e-7
18007	8.626067717778700e-7
18008	8.626423080657617e-7
18009	8.626674866754112e-7
18010	8.627104693014499e-7
18011	8.627374124747249e-7
18012	8.627542367619857e-7
18013	8.627782001909274e-7
18014	8.628245537048389e-7
18015	8.628507338022837e-7
18016	8.628622710620464e-7
18017	8.629242199190363e-7
18018	8.629419982299145e-7
18019	8.629758155115266e-7
18020	8.629787642922409e-7
18021	8.630309554792870e-7
18022	8.630655570549654e-7
18023	8.630918808043472e-7
18024	8.631476855998169e-7
18025	8.631678259053597e-7
18026	8.631922245933863e-7
18027	8.632443996346837e-7
18028	8.632672767520765e-7
18029	8.633285365380324e-7
18030	8.633594800930341e-7
18031	8.633647698616857e-7
18032	8.633831557933627e-7
18033	8.634203077722223e-7
18034	8.634605655017640e-7
18035	8.634718207225387e-7
18036	8.635237793124726e-7
18037	8.635604613130910e-7
18038	8.635957492703723e-7
18039	8.636266043455187e-7
18040	8.636491291745596e-7
18041	8.636674496991584e-7
18042	8.636830827113722e-7
18043	8.637061056810305e-7
18044	8.637196696328263e-7
18045	8.637807435950722e-7
18046	8.638005224635021e-7
18047	8.638328495977905e-7
18048	8.638579682424870e-7
18049	8.638836406894206e-7
18050	8.639131190292749e-7
18051	8.639225372442447e-7
18052	8.639444734187174e-7
18053	8.639991637295090e-7
18054	8.640315776780911e-7
18055	8.640914526023157e-7
18056	8.641291677779865e-7
18057	8.641515026861553e-7
18058	8.641810994477300e-7
18059	8.641860614243618e-7
18060	8.642748293071031e-7
18061	8.642816378953139e-7
18062	8.643104170769314e-7
18063	8.643568025874691e-7
18064	8.643669488097522e-7
18065	8.644020839610495e-7
18066	8.644268336766475e-7
18067	8.644759703020620e-7
18068	8.645062099325309e-7
18069	8.645236415582286e-7
18070	8.645911051258610e-7
18071	8.646269583560041e-7
18072	8.646758529010597e-7
18073	8.646799262164913e-7
18074	8.647101119192785e-7
18075	8.647485316609852e-7
18076	8.647817928403296e-7
18077	8.648278181867457e-7
18078	8.648459724591019e-7
18079	8.648662878107888e-7
18080	8.648950667323670e-7
18081	8.649397317811165e-7
18082	8.649765354491270e-7
18083	8.650190675258857e-7
18084	8.650432128831455e-7
18085	8.650809670131305e-7
18086	8.651054826630856e-7
18087	8.651295660352162e-7
18088	8.651622347264994e-7
18089	8.652182293644060e-7
18090	8.652334231786850e-7
18091	8.652858380851565e-7
18092	8.653192742813648e-7
18093	8.653470475908896e-7
18094	8.653747944674732e-7
18095	8.653922544865306e-7
18096	8.654431685448186e-7
18097	8.654720983006711e-7
18098	8.655128878362956e-7
18099	8.655322250287539e-7
18100	8.655509704579187e-7
18101	8.656143104598400e-7
18102	8.656557147375753e-7
18103	8.656663136513603e-7
18104	8.657141602612097e-7
18105	8.657219296218105e-7
18106	8.657816770677723e-7
18107	8.658134389150875e-7
18108	8.658384223982979e-7
18109	8.658643960189929e-7
18110	8.659194450414568e-7
18111	8.659666732206523e-7
18112	8.659890111628506e-7
18113	8.660242628407722e-7
18114	8.660606543704792e-7
18115	8.660756744179485e-7
18116	8.661024693284668e-7
18117	8.661290282592666e-7
18118	8.661477685490927e-7
18119	8.661802635258014e-7
18120	8.662023277242775e-7
18121	8.662334612376424e-7
18122	8.662823002089861e-7
18123	8.663575424627576e-7
18124	8.663841760772807e-7
18125	8.664071046201139e-7
18126	8.664396524404375e-7
18127	8.664543262496190e-7
18128	8.665184174926539e-7
18129	8.665391317918510e-7
18130	8.665770234152236e-7
18131	8.666212224610163e-7
18132	8.666445553085719e-7
18133	8.666706095086731e-7
18134	8.667081532225094e-7
18135	8.667417080967921e-7
18136	8.667618796716355e-7
18137	8.668017436499443e-7
18138	8.668172036396968e-7
18139	8.668525750503057e-7
18140	8.668982403495467e-7
18141	8.669253319022522e-7
18142	8.669606820611974e-7
18143	8.670110283200877e-7
18144	8.670349751647557e-7
18145	8.670621884145195e-7
18146	8.671216809184072e-7
18147	8.671276314489812e-7
18148	8.672036196493388e-7
18149	8.672294200033332e-7
18150	8.672551979144172e-7
18151	8.673231661977141e-7
18152	8.673431748657819e-7
18153	8.673765704057722e-7
18154	8.674230719064832e-7
18155	8.674336850348122e-7
18156	8.674774441668611e-7
18157	8.675112069118717e-7
18158	8.675162717238938e-7
18159	8.675741332619564e-7
18160	8.675809055788703e-7
18161	8.676240785730542e-7
18162	8.676554620842890e-7
18163	8.676938461232213e-7
18164	8.677062440140956e-7
18165	8.677588268312305e-7
18166	8.677917756115173e-7
18167	8.678138138281045e-7
18168	8.678449750187948e-7
18169	8.678677013635684e-7
18170	8.678739931867161e-7
18171	8.679602546102522e-7
18172	8.680192962103421e-7
18173	8.680255778001310e-7
18174	8.680616348909494e-7
18175	8.681066676876556e-7
18176	8.681168308201654e-7
18177	8.681663018718183e-7
18178	8.682005976741411e-7
18179	8.682507428691461e-7
18180	8.682562376475979e-7
18181	8.683016718018296e-7
18182	8.683553019099283e-7
18183	8.683617428630023e-7
18184	8.683845062751853e-7
18185	8.684035047945456e-7
18186	8.684585734520912e-7
18187	8.684745912228464e-7
18188	8.684947160725344e-7
18189	8.685673661169997e-7
18190	8.685736921737055e-7
18191	8.686179787906480e-7
18192	8.686666813912796e-7
18193	8.686766498210868e-7
18194	8.687587241997017e-7
18195	8.687601209238362e-7
18196	8.688068895917218e-7
18197	8.688724063888101e-7
18198	8.688814582767173e-7
18199	8.689164063258344e-7
18200	8.689300719504872e-7
18201	8.690150524451852e-7
18202	8.690466129009173e-7
18203	8.690608679102280e-7
18204	8.691073625253214e-7
18205	8.691439201555323e-7
18206	8.692051016311847e-7
18207	8.692164546164694e-7
18208	8.692386090070893e-7
18209	8.692708768271573e-7
18210	8.693343733805858e-7
18211	8.693550414376441e-7
18212	8.694014065502250e-7
18213	8.694165410167531e-7
18214	8.694532023350482e-7
18215	8.694810945455375e-7
18216	8.695144852056358e-7
18217	8.695637900535575e-7
18218	8.695955188382384e-7
18219	8.696309485080580e-7
18220	8.696685437063882e-7
18221	8.697125472074355e-7
18222	8.697448434189499e-7
18223	8.697514716845386e-7
18224	8.697594986005658e-7
18225	8.698072124679281e-7
18226	8.698649296388483e-7
18227	8.698998527151305e-7
18228	8.699307173766865e-7
18229	8.699838999955036e-7
18230	8.700040526693266e-7
18231	8.700408420038113e-7
18232	8.700589899120974e-7
18233	8.701162572271017e-7
18234	8.701567325757728e-7
18235	8.701836917415344e-7
18236	8.702721589975029e-7
18237	8.703083411877655e-7
18238	8.703206972650161e-7
18239	8.703519141552785e-7
18240	8.704066698490197e-7
18241	8.704925178843725e-7
18242	8.705109197852697e-7
18243	8.705555824394268e-7
18244	8.705741002416380e-7
18245	8.706325932112952e-7
18246	8.706725977894365e-7
18247	8.706982358259382e-7
18248	8.707310553263736e-7
18249	8.707506665308217e-7
18250	8.707745962484489e-7
18251	8.708146821296316e-7
18252	8.708528879859500e-7
18253	8.708845832049794e-7
18254	8.709224361595008e-7
18255	8.709422131117697e-7
18256	8.709532730219403e-7
18257	8.710528502390288e-7
18258	8.710610512527038e-7
18259	8.711116172825947e-7
18260	8.711636060462769e-7
18261	8.712070956155312e-7
18262	8.712664771210878e-7
18263	8.712835707386482e-7
18264	8.713095907906422e-7
18265	8.714098670494769e-7
18266	8.714474366295324e-7
18267	8.714564424150073e-7
18268	8.714602116795679e-7
18269	8.714820053971478e-7
18270	8.715435089755303e-7
18271	8.715565660178734e-7
18272	8.715973650467269e-7
18273	8.716561615616000e-7
18274	8.716903568122597e-7
18275	8.717220045510807e-7
18276	8.717624644052753e-7
18277	8.717880433619347e-7
18278	8.718144212557210e-7
18279	8.718412314535172e-7
18280	8.718877241493922e-7
18281	8.719086100536291e-7
18282	8.719513639654985e-7
18283	8.719908720607168e-7
18284	8.720452075085176e-7
18285	8.720689574435533e-7
18286	8.721395649391678e-7
18287	8.721830333496239e-7
18288	8.722297327840798e-7
18289	8.722635711059991e-7
18290	8.722755843523906e-7
18291	8.723178389959793e-7
18292	8.723272513073778e-7
18293	8.723658263712860e-7
18294	8.724532260929483e-7
18295	8.724999722293635e-7
18296	8.725318350639358e-7
18297	8.725652182829892e-7
18298	8.725791719673559e-7
18299	8.726519804691818e-7
18300	8.726738510091676e-7
18301	8.726930524955320e-7
18302	8.727310935394680e-7
18303	8.727618370174312e-7
18304	8.728105441690713e-7
18305	8.728277852479284e-7
18306	8.728545472668460e-7
18307	8.728870373708803e-7
18308	8.729613795367012e-7
18309	8.729691168115220e-7
18310	8.730111779017891e-7
18311	8.731142411900604e-7
18312	8.731320180953925e-7
18313	8.731470802969933e-7
18314	8.731927981704650e-7
18315	8.732355971996187e-7
18316	8.732694917191954e-7
18317	8.733023368641349e-7
18318	8.733726844835101e-7
18319	8.733792723193151e-7
18320	8.734600739053015e-7
18321	8.734866922178667e-7
18322	8.735426838956869e-7
18323	8.735704400233843e-7
18324	8.736133631345347e-7
18325	8.736412123054466e-7
18326	8.736857877950355e-7
18327	8.737362209960004e-7
18328	8.737463043811521e-7
18329	8.738061445579065e-7
18330	8.738364948069224e-7
18331	8.738817069975892e-7
18332	8.739272488658036e-7
18333	8.739844154586916e-7
18334	8.740312509321865e-7
18335	8.740686306295360e-7
18336	8.741034862800461e-7
18337	8.741820565094604e-7
18338	8.742060268684193e-7
18339	8.742147892162240e-7
18340	8.742651894818129e-7
18341	8.743084537294511e-7
18342	8.743195509768144e-7
18343	8.743799700605545e-7
18344	8.744470097033588e-7
18345	8.744519342305856e-7
18346	8.744571786762904e-7
18347	8.745362370989375e-7
18348	8.745665332791365e-7
18349	8.745960823905900e-7
18350	8.746527123224763e-7
18351	8.746651818093351e-7
18352	8.747299948101311e-7
18353	8.747680208751353e-7
18354	8.747770389364785e-7
18355	8.748167656093934e-7
18356	8.748729171789143e-7
18357	8.749186936850527e-7
18358	8.749569515727577e-7
18359	8.750458762582991e-7
18360	8.750959071994130e-7
18361	8.751289135124747e-7
18362	8.751603518524463e-7
18363	8.751818601144369e-7
18364	8.752120661939990e-7
18365	8.752646346402681e-7
18366	8.753591989370193e-7
18367	8.753850560525804e-7
18368	8.754318790458502e-7
18369	8.754974721141527e-7
18370	8.755276299581593e-7
18371	8.755376924352406e-7
18372	8.755957945011112e-7
18373	8.756152749584056e-7
18374	8.756600419372477e-7
18375	8.757129771678555e-7
18376	8.757440308483632e-7
18377	8.758067402666600e-7
18378	8.758362164444001e-7
18379	8.758813534722991e-7
18380	8.759308058088903e-7
18381	8.759688824014948e-7
18382	8.759934998380094e-7
18383	8.760089629660807e-7
18384	8.760900847153396e-7
18385	8.761169799363098e-7
18386	8.761857237588724e-7
18387	8.762117468100920e-7
18388	8.762531923598612e-7
18389	8.762731124476606e-7
18390	8.763290953762043e-7
18391	8.763857261065364e-7
18392	8.764037243926430e-7
18393	8.764393765095706e-7
18394	8.765024878507701e-7
18395	8.765134090776907e-7
18396	8.765540923015338e-7
18397	8.765655531535317e-7
18398	8.766657058733912e-7
18399	8.766806631525659e-7
18400	8.767095208096624e-7
18401	8.767313385428887e-7
18402	8.767746244539060e-7
18403	8.768410070196645e-7
18404	8.768816378918866e-7
18405	8.769264268581961e-7
18406	8.770133670786878e-7
18407	8.770576560761976e-7
18408	8.771041947726614e-7
18409	8.771231717857590e-7
18410	8.771275901770742e-7
18411	8.771955921384819e-7
18412	8.772307503685953e-7
18413	8.772637927470950e-7
18414	8.773085098395791e-7
18415	8.773292351216309e-7
18416	8.773772008112542e-7
18417	8.774139541942129e-7
18418	8.774397012151043e-7
18419	8.774787648904681e-7
18420	8.775381622668465e-7
18421	8.775888289398951e-7
18422	8.776250423246519e-7
18423	8.777011299754557e-7
18424	8.777226498956030e-7
18425	8.777374967855297e-7
18426	8.777512298019290e-7
18427	8.778228714707090e-7
18428	8.778702006312507e-7
18429	8.779088439281948e-7
18430	8.779473116453490e-7
18431	8.780098536071256e-7
18432	8.780492296857104e-7
18433	8.780654606940719e-7
18434	8.781269640285773e-7
18435	8.781522647161820e-7
18436	8.781806231317191e-7
18437	8.782112392105385e-7
18438	8.782996062094689e-7
18439	8.783492803583077e-7
18440	8.783787384308163e-7
18441	8.784314198351585e-7
18442	8.784853188901706e-7
18443	8.784992859799486e-7
18444	8.785370363956254e-7
18445	8.785896205865727e-7
18446	8.786361566355144e-7
18447	8.786907078218195e-7
18448	8.787279757974012e-7
18449	8.787945935639639e-7
18450	8.788215188109351e-7
18451	8.788593739851657e-7
18452	8.788777171339729e-7
18453	8.789620871504239e-7
18454	8.789712375771758e-7
18455	8.790041541204932e-7
18456	8.790609834667293e-7
18457	8.790786619494094e-7
18458	8.791843368327176e-7
18459	8.791949334727072e-7
18460	8.792232338804899e-7
18461	8.792422939825584e-7
18462	8.793052323308831e-7
18463	8.793686681824817e-7
18464	8.794458541189522e-7
18465	8.794726109353390e-7
18466	8.795215978918288e-7
18467	8.795815459466965e-7
18468	8.795955002542935e-7
18469	8.796224525748288e-7
18470	8.797061247681786e-7
18471	8.797229546564894e-7
18472	8.797500844382505e-7
18473	8.798000862203706e-7
18474	8.798102631825029e-7
18475	8.798453100506599e-7
18476	8.799182219784273e-7
18477	8.799226927553283e-7
18478	8.799714531124436e-7
18479	8.800789261465776e-7
18480	8.800984013886873e-7
18481	8.801555692788759e-7
18482	8.801707287378803e-7
18483	8.802104920652652e-7
18484	8.802501017056959e-7
18485	8.803224920915052e-7
18486	8.803489525550542e-7
18487	8.803926952594477e-7
18488	8.804322832757885e-7
18489	8.804899953566021e-7
18490	8.805378210751395e-7
18491	8.805627767353995e-7
18492	8.806420183740894e-7
18493	8.806587175499344e-7
18494	8.807225017771751e-7
18495	8.807568747099577e-7
18496	8.807851428874604e-7
18497	8.807991545756883e-7
18498	8.808534413473332e-7
18499	8.808989056103364e-7
18500	8.809312185058475e-7
18501	8.809794809789257e-7
18502	8.810110776527595e-7
18503	8.810786671576145e-7
18504	8.811441605068166e-7
18505	8.811554407469010e-7
18506	8.811738089474546e-7
18507	8.812081449687048e-7
18508	8.813246770616775e-7
18509	8.813341369990102e-7
18510	8.813879302698677e-7
18511	8.814339658249931e-7
18512	8.814633027018995e-7
18513	8.815169082744459e-7
18514	8.815704773093785e-7
18515	8.815946968614529e-7
18516	8.816046694922284e-7
18517	8.816722626794978e-7
18518	8.817240896074826e-7
18519	8.817563186588721e-7
18520	8.817883476325347e-7
18521	8.818339639066400e-7
18522	8.818781018477479e-7
18523	8.819360452965851e-7
18524	8.819577222830720e-7
18525	8.820555935315603e-7
18526	8.820817831119191e-7
18527	8.821028275972652e-7
18528	8.821309169923402e-7
18529	8.822046995868389e-7
18530	8.822226549288348e-7
18531	8.822568674686784e-7
18532	8.822895678798094e-7
18533	8.823297492125311e-7
18534	8.824322529830112e-7
18535	8.824346964475723e-7
18536	8.824931177358650e-7
18537	8.825323249742332e-7
18538	8.825852316933142e-7
18539	8.826148110596031e-7
18540	8.826342202495755e-7
18541	8.826622612897346e-7
18542	8.827347046340926e-7
18543	8.827808157298342e-7
18544	8.828634039503868e-7
18545	8.828790190017800e-7
18546	8.829395725439008e-7
18547	8.829520611487539e-7
18548	8.830031934691972e-7
18549	8.830324689653288e-7
18550	8.831147996853251e-7
18551	8.831728782802763e-7
18552	8.832054639188462e-7
18553	8.832751655478602e-7
18554	8.832845306417222e-7
18555	8.833981889999489e-7
18556	8.833984000898050e-7
18557	8.834526297159514e-7
18558	8.834725929984523e-7
18559	8.835065864123266e-7
18560	8.835628208642924e-7
18561	8.836806163417589e-7
18562	8.836885514427823e-7
18563	8.838008933658715e-7
18564	8.838402774428962e-7
18565	8.839103409686644e-7
18566	8.839353839885913e-7
18567	8.839383361946805e-7
18568	8.840188204695318e-7
18569	8.840775614970296e-7
18570	8.841237362208642e-7
18571	8.841365649272464e-7
18572	8.841947193293139e-7
18573	8.842479975257748e-7
18574	8.842831765414667e-7
18575	8.843256397790020e-7
18576	8.843394817078880e-7
18577	8.843947971422282e-7
18578	8.844270666434518e-7
18579	8.845038935299386e-7
18580	8.845830165847030e-7
18581	8.845982839102130e-7
18582	8.846197218974563e-7
18583	8.846451329112680e-7
18584	8.846951809029212e-7
18585	8.847761603441251e-7
18586	8.848119162084382e-7
18587	8.848599633567867e-7
18588	8.848723370254162e-7
18589	8.849439846621911e-7
18590	8.850005766513794e-7
18591	8.850313150381071e-7
18592	8.851042539409622e-7
18593	8.851361159212935e-7
18594	8.851919526636871e-7
18595	8.852229902583470e-7
18596	8.852503355824279e-7
18597	8.853280660868903e-7
18598	8.853506370325843e-7
18599	8.853887621911442e-7
18600	8.854745909468952e-7
18601	8.855066188143295e-7
18602	8.855260504991224e-7
18603	8.855874043684272e-7
18604	8.856521248971543e-7
18605	8.856671307194024e-7
18606	8.857161286936736e-7
18607	8.857747266332396e-7
18608	8.858000515025673e-7
18609	8.859128862554126e-7
18610	8.859492666535006e-7
18611	8.859898388825138e-7
18612	8.860381421395962e-7
18613	8.860814400445565e-7
18614	8.861344642630105e-7
18615	8.861596662552488e-7
18616	8.862478920976800e-7
18617	8.863074483793378e-7
18618	8.863798690722356e-7
18619	8.863999063184106e-7
18620	8.864690748501109e-7
18621	8.865162418021081e-7
18622	8.865829051368629e-7
18623	8.866721947888553e-7
18624	8.867446431404449e-7
18625	8.867693842295040e-7
18626	8.868196220918164e-7
18627	8.868696969226817e-7
18628	8.869337384207605e-7
18629	8.869759520090196e-7
18630	8.869901460286034e-7
18631	8.870697252957629e-7
18632	8.871216008409690e-7
18633	8.871737594673648e-7
18634	8.871931461283332e-7
18635	8.872508507125098e-7
18636	8.873597008359111e-7
18637	8.873803681683662e-7
18638	8.874352002100073e-7
18639	8.874786136652313e-7
18640	8.875174017792006e-7
18641	8.875876365876181e-7
18642	8.876397163699738e-7
18643	8.876639855059752e-7
18644	8.877483855737560e-7
18645	8.878115610597621e-7
18646	8.878307140094324e-7
18647	8.879183583305153e-7
18648	8.879939645501885e-7
18649	8.880225134050265e-7
18650	8.880559125916394e-7
18651	8.880916827758789e-7
18652	8.881372450921369e-7
18653	8.881646836775252e-7
18654	8.882185242725672e-7
18655	8.882630629428988e-7
18656	8.883087028850804e-7
18657	8.884014501759109e-7
18658	8.884093642482123e-7
18659	8.884512793019384e-7
18660	8.885148231734317e-7
18661	8.886046735954139e-7
18662	8.886308878763891e-7
18663	8.886947274833482e-7
18664	8.887450198444034e-7
18665	8.887996996107696e-7
18666	8.888046251881723e-7
18667	8.888753848295712e-7
18668	8.889123356411832e-7
18669	8.889649727612030e-7
18670	8.890546983373554e-7
18671	8.891027233885338e-7
18672	8.891534498731052e-7
18673	8.891986391755670e-7
18674	8.892855771302156e-7
18675	8.893179800291681e-7
18676	8.893346015447591e-7
18677	8.894615287657935e-7
18678	8.895559749661725e-7
18679	8.895715788780793e-7
18680	8.896047129104158e-7
18681	8.896463481288343e-7
18682	8.897018210859102e-7
18683	8.897480219764871e-7
18684	8.898141542267791e-7
18685	8.898512563188950e-7
18686	8.899011080192363e-7
18687	8.899231800704733e-7
18688	8.899960253473855e-7
18689	8.900894768362925e-7
18690	8.901255240291551e-7
18691	8.902119145705875e-7
18692	8.902583704535660e-7
18693	8.903294978300890e-7
18694	8.903739003502659e-7
18695	8.904689171591602e-7
18696	8.904823180826258e-7
18697	8.904990196974903e-7
18698	8.905762438301760e-7
18699	8.906523428498638e-7
18700	8.906952202989468e-7
18701	8.907580435319695e-7
18702	8.908024763230044e-7
18703	8.909041429960792e-7
18704	8.909355760973861e-7
18705	8.909474601365323e-7
18706	8.910667352133616e-7
18707	8.911039994947053e-7
18708	8.911436729780809e-7
18709	8.912198772017491e-7
18710	8.912823219659709e-7
18711	8.913283602202632e-7
18712	8.913338997865618e-7
18713	8.914412830121751e-7
18714	8.915170934230820e-7
18715	8.915632203494776e-7
18716	8.916157876140717e-7
18717	8.917152835036464e-7
18718	8.917424522776703e-7
18719	8.917756985384372e-7
18720	8.918263062213332e-7
18721	8.918623728022704e-7
18722	8.919191990355080e-7
18723	8.920021372334657e-7
18724	8.920195117290127e-7
18725	8.921339115424969e-7
18726	8.921846780281111e-7
18727	8.922123345689129e-7
18728	8.922841650082597e-7
18729	8.923071885703300e-7
18730	8.923983739325021e-7
18731	8.924250290700987e-7
18732	8.925043517040140e-7
18733	8.925354538058674e-7
18734	8.926367442234683e-7
18735	8.927271656406886e-7
18736	8.927637016305152e-7
18737	8.927900844798846e-7
18738	8.928720568171824e-7
18739	8.928958811628791e-7
18740	8.929807470929124e-7
18741	8.930261282310862e-7
18742	8.930561427135352e-7
18743	8.931269553129849e-7
18744	8.932285341796584e-7
18745	8.932742544326793e-7
18746	8.933186075935811e-7
18747	8.933669681785554e-7
18748	8.934890832218195e-7
18749	8.935392917312600e-7
18750	8.935916557344979e-7
18751	8.936299094046957e-7
18752	8.937146438861516e-7
18753	8.937752954424246e-7
18754	8.937922662465712e-7
18755	8.938666498221954e-7
18756	8.939502666676654e-7
18757	8.939873308772120e-7
18758	8.940427074067100e-7
18759	8.941203231994237e-7
18760	8.941809455926329e-7
18761	8.942875370204396e-7
18762	8.943346893569471e-7
18763	8.944211442150525e-7
18764	8.944639033131949e-7
18765	8.945049461456354e-7
18766	8.945600398112332e-7
18767	8.945757037047851e-7
18768	8.947016949275165e-7
18769	8.947588241925653e-7
18770	8.947919405110994e-7
18771	8.948392326632924e-7
18772	8.948859218171367e-7
18773	8.949151819219470e-7
18774	8.949956060748032e-7
18775	8.950145426978763e-7
18776	8.950711705724428e-7
18777	8.950788793533391e-7
18778	8.951968366014606e-7
18779	8.952827998977273e-7
18780	8.953413916750948e-7
18781	8.953898366803140e-7
18782	8.954726509452300e-7
18783	8.955056391633476e-7
18784	8.955290183438162e-7
18785	8.956571293891246e-7
18786	8.957188200539811e-7
18787	8.957505108850749e-7
18788	8.958190858563850e-7
18789	8.958271398232318e-7
18790	8.959162438153651e-7
18791	8.959283631291654e-7
18792	8.960400086344860e-7
18793	8.961407979655550e-7
18794	8.961595829550149e-7
18795	8.962855629168707e-7
18796	8.963298061533753e-7
18797	8.963477731048453e-7
18798	8.964008835381852e-7
18799	8.964402130869325e-7
18800	8.964924865524758e-7
18801	8.965396209212595e-7
18802	8.966199473089382e-7
18803	8.966814362043658e-7
18804	8.967292981101392e-7
18805	8.968560998041932e-7
18806	8.968796780582234e-7
18807	8.969075066777811e-7
18808	8.970159790357189e-7
18809	8.970542089750042e-7
18810	8.970845908456611e-7
18811	8.972915576976099e-7
18812	8.973420539617690e-7
18813	8.973994616562385e-7
18814	8.974253350409686e-7
18815	8.975046077533512e-7
18816	8.975654195793045e-7
18817	8.976327626312269e-7
18818	8.976885773095852e-7
18819	8.977406139175526e-7
18820	8.978101033346077e-7
18821	8.978910196908889e-7
18822	8.979397266517029e-7
18823	8.980039775732973e-7
18824	8.980805655986098e-7
18825	8.981418352012664e-7
18826	8.982420714587275e-7
18827	8.982623541366029e-7
18828	8.983445454043250e-7
18829	8.984217249955417e-7
18830	8.984464653791037e-7
18831	8.985289454459909e-7
18832	8.985709009960660e-7
18833	8.985947038788195e-7
18834	8.986835874819452e-7
18835	8.987233134698278e-7
18836	8.988383995886170e-7
18837	8.988835216249365e-7
18838	8.989598768712744e-7
18839	8.990518489756045e-7
18840	8.991254361647228e-7
18841	8.991642824352976e-7
18842	8.992986235301673e-7
18843	8.993257423168510e-7
18844	8.994067234482393e-7
18845	8.994543707473835e-7
18846	8.995306322834045e-7
18847	8.995644565256973e-7
18848	8.996385674820770e-7
18849	8.998087134844714e-7
18850	8.998332291888262e-7
18851	8.999611425137756e-7
18852	8.999709608098034e-7
18853	9.000668081412238e-7
18854	9.001395953737975e-7
18855	9.001862936570145e-7
18856	9.002274073809405e-7
18857	9.002940749033874e-7
18858	9.003253625148378e-7
18859	9.003508565204486e-7
18860	9.004233674053300e-7
18861	9.004962809714028e-7
18862	9.006025199898466e-7
18863	9.006610534425151e-7
18864	9.007242910200031e-7
18865	9.008562433259064e-7
18866	9.009384463276832e-7
18867	9.009524964758181e-7
18868	9.010356302149079e-7
18869	9.011139590620451e-7
18870	9.011539451111269e-7
18871	9.011875812905393e-7
18872	9.013088061275099e-7
18873	9.013481933571176e-7
18874	9.014340585884688e-7
18875	9.015069621862606e-7
18876	9.015796429130536e-7
18877	9.016196076767551e-7
18878	9.017569468525530e-7
18879	9.017979599255663e-7
18880	9.018574163067932e-7
18881	9.019076058673180e-7
18882	9.019441171356985e-7
18883	9.019939983054907e-7
18884	9.021359317261778e-7
18885	9.022023191878984e-7
18886	9.022640189077736e-7
18887	9.022883060575855e-7
18888	9.023379696604016e-7
18889	9.024482879120299e-7
18890	9.025640166009837e-7
18891	9.025961095112751e-7
18892	9.026725628124693e-7
18893	9.027365369343203e-7
18894	9.027673068954752e-7
18895	9.027915741264653e-7
18896	9.028588611442765e-7
18897	9.029661181233114e-7
18898	9.030212840674169e-7
18899	9.030976194331888e-7
18900	9.032353583800507e-7
18901	9.032532032489252e-7
18902	9.032741351977687e-7
18903	9.033098697391415e-7
18904	9.034176024881793e-7
18905	9.035134110059260e-7
18906	9.035571146363876e-7
18907	9.036501509013135e-7
18908	9.036821205961684e-7
18909	9.037300046726029e-7
18910	9.038557331135148e-7
18911	9.038851124358316e-7
18912	9.039260693086686e-7
18913	9.039922212024490e-7
18914	9.040539671167970e-7
18915	9.042161864874190e-7
18916	9.042680192436358e-7
18917	9.042958292128599e-7
18918	9.044198441825673e-7
18919	9.045347096489962e-7
18920	9.045919885562854e-7
18921	9.046113984868864e-7
18922	9.046622585629188e-7
18923	9.047114600087978e-7
18924	9.047861578954638e-7
18925	9.048914676300625e-7
18926	9.048995830761987e-7
18927	9.049896379380959e-7
18928	9.050595183482062e-7
18929	9.050933979552155e-7
18930	9.051918244890346e-7
18931	9.052743808523288e-7
18932	9.053528361712935e-7
18933	9.054051747662985e-7
18934	9.054395426161710e-7
18935	9.055636443820180e-7
18936	9.056045611243349e-7
18937	9.057225173581842e-7
18938	9.057889401083755e-7
18939	9.058387839316425e-7
18940	9.058891314450670e-7
18941	9.059880799018728e-7
18942	9.060647809681501e-7
18943	9.061011771321484e-7
18944	9.061472907647949e-7
18945	9.062182782840703e-7
18946	9.062874741146534e-7
18947	9.063450134537542e-7
18948	9.064681733949694e-7
18949	9.064901607853500e-7
18950	9.065361314422175e-7
18951	9.066277355207909e-7
18952	9.067359827153967e-7
18953	9.068060822932352e-7
18954	9.068974761795463e-7
18955	9.069247910769531e-7
18956	9.069892078669634e-7
18957	9.070776604822900e-7
18958	9.071351296854344e-7
18959	9.072811255117850e-7
18960	9.073120653404274e-7
18961	9.074164253672058e-7
18962	9.075049617078664e-7
18963	9.075275710375813e-7
18964	9.076094389353126e-7
18965	9.076574016995419e-7
18966	9.076777329808305e-7
18967	9.078182529929031e-7
18968	9.079316959163972e-7
18969	9.079758421321021e-7
18970	9.079900203890296e-7
18971	9.080408153256794e-7
18972	9.082027567118239e-7
18973	9.082419042833759e-7
18974	9.083740967811586e-7
18975	9.084356223368040e-7
18976	9.085033796915532e-7
18977	9.085551475779070e-7
18978	9.086555554079231e-7
18979	9.087376136458267e-7
18980	9.088584367511431e-7
18981	9.088856856825697e-7
18982	9.089157409850273e-7
18983	9.089615346093295e-7
18984	9.090974695310792e-7
18985	9.091421231007332e-7
18986	9.092562592572295e-7
18987	9.092714540557815e-7
18988	9.093100883941888e-7
18989	9.094650006344324e-7
18990	9.094967254314773e-7
18991	9.095311085107918e-7
18992	9.096289300639560e-7
18993	9.097033468090953e-7
18994	9.098091981419374e-7
18995	9.098546125577100e-7
18996	9.099278477795051e-7
18997	9.099765746876090e-7
18998	9.100823572293644e-7
18999	9.101334145256002e-7
19000	9.102004158775768e-7
19001	9.103089655736537e-7
19002	9.104395214954187e-7
19003	9.104823968675000e-7
19004	9.105411556137999e-7
19005	9.106165037278610e-7
19006	9.106653350147036e-7
19007	9.106886534809588e-7
19008	9.107866634376871e-7
19009	9.108551253558961e-7
19010	9.110406364906408e-7
19011	9.110534366063126e-7
19012	9.111052585896441e-7
19013	9.111938605482708e-7
19014	9.112924336503663e-7
19015	9.113349932535102e-7
19016	9.113979962421216e-7
19017	9.114887585653439e-7
19018	9.116348050971423e-7
19019	9.116662059531399e-7
19020	9.117187485080535e-7
19021	9.118493351309187e-7
19022	9.118524260434666e-7
19023	9.119855559428392e-7
19024	9.120209847430596e-7
19025	9.121258757503000e-7
19026	9.121513674683500e-7
19027	9.122057215651503e-7
19028	9.123089615460185e-7
19029	9.123212102627176e-7
19030	9.124968816367909e-7
19031	9.125474901886651e-7
19032	9.126392858981638e-7
19033	9.126817453035533e-7
19034	9.127863365145187e-7
19035	9.128717711366990e-7
19036	9.129387118881334e-7
19037	9.129635580604826e-7
19038	9.130206660614423e-7
19039	9.131443734283886e-7
19040	9.131950410001713e-7
19041	9.132811236194505e-7
19042	9.133612364902976e-7
19043	9.134945520326776e-7
19044	9.135382393041592e-7
19045	9.136149349947756e-7
19046	9.136659716499948e-7
19047	9.137798415122718e-7
19048	9.138947916187146e-7
19049	9.139074492678709e-7
19050	9.140948836798090e-7
19051	9.141379665600856e-7
19052	9.142047410677562e-7
19053	9.142861836893787e-7
19054	9.143320511423929e-7
19055	9.143814311405940e-7
19056	9.144584947231195e-7
19057	9.145735885563443e-7
19058	9.146057857459085e-7
19059	9.146610624496663e-7
19060	9.148073456218228e-7
19061	9.148508138745238e-7
19062	9.148651255292061e-7
19063	9.149840305015624e-7
19064	9.150658005669460e-7
19065	9.151045650461207e-7
19066	9.152216312058902e-7
19067	9.152395569138032e-7
19068	9.152983902480547e-7
19069	9.154364489616176e-7
19070	9.154696165045967e-7
19071	9.155821087719410e-7
19072	9.156489116603128e-7
19073	9.156938834078716e-7
19074	9.158333857503191e-7
19075	9.158863524274727e-7
19076	9.159371329796035e-7
19077	9.160159290555915e-7
19078	9.160977487939961e-7
19079	9.161861075765285e-7
19080	9.162551965710453e-7
19081	9.163334197233497e-7
19082	9.163868475658979e-7
19083	9.164422171710074e-7
19084	9.165107540424833e-7
19085	9.165818478804646e-7
19086	9.165937428932255e-7
19087	9.167025936024642e-7
19088	9.168354484437839e-7
19089	9.168830534164011e-7
19090	9.169142199646304e-7
19091	9.170572040837498e-7
19092	9.172327899405110e-7
19093	9.173003023593209e-7
19094	9.174228114564694e-7
19095	9.174751499992759e-7
19096	9.175347369728311e-7
19097	9.176218586488247e-7
19098	9.176862459426907e-7
19099	9.177598969458574e-7
19100	9.178058421229714e-7
19101	9.179218752993903e-7
19102	9.179681803493750e-7
19103	9.180079841143919e-7
19104	9.181002696183684e-7
19105	9.182057681093970e-7
19106	9.182481900985115e-7
19107	9.183179951831147e-7
19108	9.183794313542858e-7
19109	9.184284343048462e-7
19110	9.185443413506664e-7
19111	9.185934764401568e-7
19112	9.187141330954963e-7
19113	9.187667338014104e-7
19114	9.188576205726439e-7
19115	9.188974302366712e-7
19116	9.189318600513534e-7
19117	9.190310104033702e-7
19118	9.191548635319365e-7
19119	9.193029008868281e-7
19120	9.193057135438295e-7
19121	9.193923749184100e-7
19122	9.195250650368124e-7
19123	9.195703564368255e-7
19124	9.196183612297815e-7
19125	9.197188033881113e-7
19126	9.198804991298447e-7
19127	9.199062045163672e-7
19128	9.199460074725623e-7
19129	9.200355130598405e-7
19130	9.201930535691160e-7
19131	9.202424026684257e-7
19132	9.203031558015647e-7
19133	9.203801733118892e-7
19134	9.204701499563689e-7
19135	9.206363360802252e-7
19136	9.207374033992738e-7
19137	9.207930708742598e-7
19138	9.208497514602674e-7
19139	9.208801272353853e-7
19140	9.209364827585555e-7
19141	9.209990525545694e-7
19142	9.210704315412898e-7
19143	9.211960952222544e-7
19144	9.212057613514301e-7
19145	9.213185176327628e-7
19146	9.214567116398438e-7
19147	9.214875055383216e-7
19148	9.215938214973312e-7
19149	9.216327634026800e-7
19150	9.217222666437871e-7
19151	9.218594147382493e-7
19152	9.219797530205379e-7
19153	9.220095724316870e-7
19154	9.220535591558020e-7
19155	9.221369184034574e-7
19156	9.222242845417464e-7
19157	9.223064810424999e-7
19158	9.223444567903432e-7
19159	9.224008431611163e-7
19160	9.225526559133485e-7
19161	9.226388546246802e-7
19162	9.227515535907839e-7
19163	9.227904294598001e-7
19164	9.228422757684851e-7
19165	9.229271350904251e-7
19166	9.230027421582732e-7
19167	9.230903577384304e-7
19168	9.231405439409807e-7
19169	9.231818840155146e-7
19170	9.233512161817842e-7
19171	9.234828914365779e-7
19172	9.235229220090861e-7
19173	9.235374563867946e-7
19174	9.236514796114612e-7
19175	9.236840710687815e-7
19176	9.237889853778701e-7
19177	9.238917651118045e-7
19178	9.240367562250710e-7
19179	9.241455737129754e-7
19180	9.241858277064880e-7
19181	9.243453255689249e-7
19182	9.244093688190306e-7
19183	9.244690543883688e-7
19184	9.245139214254823e-7
19185	9.245560225234558e-7
19186	9.247018463468407e-7
19187	9.247799671494138e-7
19188	9.248758672852823e-7
19189	9.249252754607029e-7
19190	9.249646805186552e-7
19191	9.249926298209834e-7
19192	9.251380932282735e-7
19193	9.252648819192959e-7
19194	9.253742845243211e-7
19195	9.254541937748031e-7
19196	9.255111266395624e-7
19197	9.256674175013151e-7
19198	9.257199320109432e-7
19199	9.257840592234635e-7
19200	9.258816822078852e-7
19201	9.259755314740365e-7
19202	9.260666187317538e-7
19203	9.261633996405652e-7
19204	9.262401600439576e-7
19205	9.263168066753790e-7
19206	9.263251562118115e-7
19207	9.264668688128925e-7
19208	9.264885425787804e-7
19209	9.265423529396048e-7
19210	9.267023572298661e-7
19211	9.268367524420634e-7
19212	9.269461745322321e-7
19213	9.269836170297183e-7
19214	9.270646498383059e-7
19215	9.271754932195731e-7
19216	9.272706645064893e-7
19217	9.272941926592600e-7
19218	9.275006617282271e-7
19219	9.275749249514141e-7
19220	9.275936916375237e-7
19221	9.276566752736494e-7
19222	9.278285925885131e-7
19223	9.278591337466630e-7
19224	9.279208039475582e-7
19225	9.280462252955058e-7
19226	9.281068438995803e-7
19227	9.282845301910604e-7
19228	9.283087404186205e-7
19229	9.283809871399054e-7
19230	9.284573192086249e-7
19231	9.285477437373751e-7
19232	9.286320145714009e-7
19233	9.287606127134740e-7
19234	9.287960459185341e-7
19235	9.288460314765104e-7
19236	9.289327774602396e-7
19237	9.290768394386324e-7
19238	9.291138121156197e-7
19239	9.292492310237032e-7
19240	9.293190071882844e-7
19241	9.294853691971699e-7
19242	9.295112780442693e-7
19243	9.295668963396686e-7
19244	9.296072065135204e-7
19245	9.297429574414287e-7
19246	9.298390583468209e-7
19247	9.298491047009611e-7
19248	9.299557750929347e-7
19249	9.299856514100045e-7
19250	9.301230205439863e-7
19251	9.301965399301532e-7
19252	9.302108394675977e-7
19253	9.303312224523687e-7
19254	9.303465803329602e-7
19255	9.305132252943499e-7
19256	9.307032379057698e-7
19257	9.308009626337075e-7
19258	9.308407299819234e-7
19259	9.309437976824025e-7
19260	9.310035802473735e-7
19261	9.310381598891220e-7
19262	9.312278103490215e-7
19263	9.312550989930792e-7
19264	9.314273247626858e-7
19265	9.314532621187801e-7
19266	9.315247296729846e-7
19267	9.316437471752597e-7
19268	9.318384227646492e-7
19269	9.318750689243670e-7
19270	9.319235475975506e-7
19271	9.319671182427524e-7
19272	9.320410650470224e-7
19273	9.320635307726740e-7
19274	9.321730875509574e-7
19275	9.322630276840503e-7
19276	9.322794793659800e-7
19277	9.324383712345505e-7
19278	9.324650800510788e-7
19279	9.324929153787250e-7
19280	9.327759202851523e-7
19281	9.328350070289420e-7
19282	9.329082251123813e-7
19283	9.330298222897747e-7
19284	9.331352081636329e-7
19285	9.331969741571062e-7
19286	9.332582552786565e-7
19287	9.333234501509660e-7
19288	9.334080939849016e-7
19289	9.334643106453358e-7
19290	9.335253603987302e-7
19291	9.336325214154296e-7
19292	9.336863005020258e-7
19293	9.337561975591388e-7
19294	9.338831564846311e-7
19295	9.339370389179582e-7
19296	9.340079679171275e-7
19297	9.340739043369377e-7
19298	9.343348658324909e-7
19299	9.344247912189230e-7
19300	9.344938574626686e-7
19301	9.345419121243495e-7
19302	9.346053526298174e-7
19303	9.347087384259961e-7
19304	9.348700160244590e-7
19305	9.349542939438227e-7
19306	9.350015895183595e-7
19307	9.350366187591374e-7
19308	9.351334973538582e-7
19309	9.352548315561147e-7
19310	9.353509407779107e-7
19311	9.353896436882073e-7
19312	9.354468014392171e-7
19313	9.355613037644277e-7
19314	9.356003156922049e-7
19315	9.356833093375044e-7
19316	9.357552749634840e-7
19317	9.359140236346969e-7
19318	9.359822744875525e-7
19319	9.360801092304053e-7
19320	9.361352956139332e-7
19321	9.362831171668350e-7
19322	9.363892437560691e-7
19323	9.365249629734855e-7
19324	9.366147868838280e-7
19325	9.367168386747946e-7
19326	9.368108894275141e-7
19327	9.368294779439494e-7
19328	9.368941520768307e-7
19329	9.370116485308152e-7
19330	9.371326461709193e-7
19331	9.372063416560238e-7
19332	9.373042883827805e-7
19333	9.374175410966226e-7
19334	9.375007832749729e-7
19335	9.375821509452552e-7
19336	9.376454359555373e-7
19337	9.376722845595128e-7
19338	9.377661995999255e-7
19339	9.378170034970605e-7
19340	9.379133924508993e-7
19341	9.379781840092772e-7
19342	9.381856356138023e-7
19343	9.382826959025172e-7
19344	9.383251197997237e-7
19345	9.383931707412562e-7
19346	9.384298370898002e-7
19347	9.386114899728227e-7
19348	9.386921266856060e-7
19349	9.387835783768046e-7
19350	9.387956843261110e-7
19351	9.388142792914898e-7
19352	9.388928675849010e-7
19353	9.389964691361303e-7
19354	9.391801641288207e-7
19355	9.392531790898316e-7
19356	9.393315008838558e-7
19357	9.394097288221464e-7
19358	9.395274948236845e-7
19359	9.396691460448631e-7
19360	9.397476888789164e-7
19361	9.398645063130813e-7
19362	9.399064062361664e-7
19363	9.400211208230914e-7
19364	9.401083988244409e-7
19365	9.402212774998363e-7
19366	9.402961285633579e-7
19367	9.403867384548811e-7
19368	9.404187169978072e-7
19369	9.404804655667287e-7
19370	9.405614958742389e-7
19371	9.406891041645638e-7
19372	9.407957602551752e-7
19373	9.409318528570676e-7
19374	9.409859690527631e-7
19375	9.410943554384475e-7
19376	9.411637845967625e-7
19377	9.412001691482520e-7
19378	9.413050536919621e-7
19379	9.413624023455999e-7
19380	9.415616740468546e-7
19381	9.415945182524448e-7
19382	9.416400187200234e-7
19383	9.417011084392795e-7
19384	9.417528057004406e-7
19385	9.419434832777620e-7
19386	9.420484716230097e-7
19387	9.420831220626885e-7
19388	9.422704811360826e-7
19389	9.423506450372105e-7
19390	9.423839397441044e-7
19391	9.424482922817625e-7
19392	9.425443352388247e-7
19393	9.425740573238695e-7
19394	9.426947667604980e-7
19395	9.428956891213124e-7
19396	9.429899535068061e-7
19397	9.430677034000642e-7
19398	9.431056603291548e-7
19399	9.431652487962717e-7
19400	9.433148649773539e-7
19401	9.434566361827322e-7
19402	9.435106744478671e-7
19403	9.436312156613257e-7
19404	9.437041921493349e-7
19405	9.438462000492666e-7
19406	9.438932853456409e-7
19407	9.440613510310308e-7
19408	9.441951566516733e-7
19409	9.442158539877621e-7
19410	9.442643178100252e-7
19411	9.443243316055634e-7
19412	9.444303833660178e-7
19413	9.444772984974998e-7
19414	9.445094764751404e-7
19415	9.446303240805058e-7
19416	9.447327644225356e-7
19417	9.449114667867442e-7
19418	9.449720515353323e-7
19419	9.450917685033730e-7
19420	9.452202053605521e-7
19421	9.452844221202660e-7
19422	9.453905067813190e-7
19423	9.454893535683269e-7
19424	9.455518414707468e-7
19425	9.456449548227494e-7
19426	9.456745394387525e-7
19427	9.457785762339294e-7
19428	9.459014993599695e-7
19429	9.459529519769734e-7
19430	9.460359836502186e-7
19431	9.461393255632886e-7
19432	9.462235650858583e-7
19433	9.462503583952258e-7
19434	9.463446713117532e-7
19435	9.464192645072711e-7
19436	9.465314696977327e-7
19437	9.467341382273405e-7
19438	9.467909769811959e-7
19439	9.468702561790126e-7
19440	9.469423651328747e-7
19441	9.470026859372242e-7
19442	9.470660355120316e-7
19443	9.471733581126692e-7
19444	9.473313837385172e-7
19445	9.475454756485736e-7
19446	9.476044844646951e-7
19447	9.477297830445121e-7
19448	9.477855982884703e-7
19449	9.478055540052020e-7
19450	9.479809139993203e-7
19451	9.480572429202585e-7
19452	9.482034815130878e-7
19453	9.482383640058181e-7
19454	9.482921062823411e-7
19455	9.483591910886877e-7
19456	9.485110896075751e-7
19457	9.485607139809655e-7
19458	9.486126508663980e-7
19459	9.486830496597220e-7
19460	9.487743552358861e-7
19461	9.489065349334807e-7
19462	9.489804657391163e-7
19463	9.490502058720748e-7
19464	9.491234347396451e-7
19465	9.492612828744797e-7
19466	9.493118391968439e-7
19467	9.494300313387557e-7
19468	9.495182583283741e-7
19469	9.496538225686995e-7
19470	9.497213783537848e-7
19471	9.498805146057391e-7
19472	9.499680288727204e-7
19473	9.500309980142438e-7
19474	9.501181579823208e-7
19475	9.501709635375069e-7
19476	9.502799306788818e-7
19477	9.503495640495217e-7
19478	9.504391566024654e-7
19479	9.505337433340888e-7
19480	9.506250619358053e-7
19481	9.507423499456600e-7
19482	9.507967088382832e-7
19483	9.509211095352936e-7
19484	9.509676830962502e-7
19485	9.510070303856968e-7
19486	9.511285938038244e-7
19487	9.511613270082206e-7
19488	9.512838965595977e-7
19489	9.514791671099520e-7
19490	9.514919226853007e-7
19491	9.516046592536457e-7
19492	9.516409282116795e-7
19493	9.517700780955922e-7
19494	9.519356703912122e-7
19495	9.520613588392681e-7
19496	9.521337054349612e-7
19497	9.521710588765465e-7
19498	9.523060742182033e-7
19499	9.523691287082301e-7
19500	9.524801771018307e-7
19501	9.525701813301462e-7
19502	9.526799699009655e-7
19503	9.527088176778734e-7
19504	9.528790293871753e-7
19505	9.529083471996413e-7
19506	9.529862333198593e-7
19507	9.531553962053753e-7
19508	9.532821185004458e-7
19509	9.534231005774296e-7
19510	9.534841449273886e-7
19511	9.536093357447355e-7
19512	9.536301721766588e-7
19513	9.536990085803945e-7
19514	9.538212139631885e-7
19515	9.538775034114474e-7
19516	9.540261399161959e-7
19517	9.540813792752796e-7
19518	9.541831305108647e-7
19519	9.542232670829812e-7
19520	9.543604167392062e-7
19521	9.545004883200213e-7
19522	9.546456804939672e-7
19523	9.547694396729788e-7
19524	9.548145271489391e-7
19525	9.548867961599894e-7
19526	9.549506826945035e-7
19527	9.550787350424285e-7
19528	9.551091075724815e-7
19529	9.551931051755561e-7
19530	9.553298367075074e-7
19531	9.554334966990238e-7
19532	9.555323904252537e-7
19533	9.556107919723113e-7
19534	9.556498338812307e-7
19535	9.558056395945001e-7
19536	9.558528759802273e-7
19537	9.560081967238476e-7
19538	9.560682048247826e-7
19539	9.562135351608523e-7
19540	9.562957682174937e-7
19541	9.563277734618285e-7
19542	9.564889016154439e-7
19543	9.565989371028467e-7
19544	9.566410943364399e-7
19545	9.567271350742157e-7
19546	9.568734503997254e-7
19547	9.569818687122772e-7
19548	9.570018576535515e-7
19549	9.571285710255057e-7
19550	9.572041562719894e-7
19551	9.574079160242375e-7
19552	9.574341629081048e-7
19553	9.574814546481615e-7
19554	9.576648385364496e-7
19555	9.577248767802734e-7
19556	9.578456172149877e-7
19557	9.578820123653843e-7
19558	9.580244022666540e-7
19559	9.580774638652718e-7
19560	9.581893203272880e-7
19561	9.583998748403469e-7
19562	9.584039090349821e-7
19563	9.585307907895420e-7
19564	9.585930246741867e-7
19565	9.586794698812677e-7
19566	9.587767081159324e-7
19567	9.589009569226839e-7
19568	9.590341869725132e-7
19569	9.592168435884322e-7
19570	9.592258182191170e-7
19571	9.593073379228802e-7
19572	9.593323108985416e-7
19573	9.593701804495182e-7
19574	9.595173558274424e-7
19575	9.595844863314947e-7
19576	9.597153454782225e-7
19577	9.598947080372413e-7
19578	9.600408882103998e-7
19579	9.601187659833382e-7
19580	9.602009528739432e-7
19581	9.602151130382859e-7
19582	9.603045791571243e-7
19583	9.603926917250725e-7
19584	9.604566305277303e-7
19585	9.605582124440109e-7
19586	9.607069980366309e-7
19587	9.607910346061169e-7
19588	9.608110593462370e-7
19589	9.608885648730358e-7
19590	9.609808848490543e-7
19591	9.610544635917072e-7
19592	9.613186540154119e-7
19593	9.613430304128231e-7
19594	9.614273595095340e-7
19595	9.615608895530483e-7
19596	9.615875095565633e-7
19597	9.617907390099315e-7
19598	9.618019259294168e-7
19599	9.618817674805509e-7
19600	9.620303810779559e-7
19601	9.620550322586767e-7
19602	9.621530108577533e-7
19603	9.623739030511155e-7
19604	9.624133022218513e-7
19605	9.624811571037192e-7
19606	9.626547349497961e-7
19607	9.627463079683338e-7
19608	9.627599363257903e-7
19609	9.629234647931338e-7
19610	9.629997570423523e-7
19611	9.631001613280061e-7
19612	9.631777804173522e-7
19613	9.632550241587215e-7
19614	9.633378046727914e-7
19615	9.634098216210622e-7
19616	9.635287090860838e-7
19617	9.636427661629506e-7
19618	9.638383053366572e-7
19619	9.638993975414728e-7
19620	9.639150835730654e-7
19621	9.640572323330280e-7
19622	9.641838460587602e-7
19623	9.642880804531990e-7
19624	9.643655433547244e-7
19625	9.644668252610040e-7
19626	9.646594974222446e-7
19627	9.647119828382125e-7
19628	9.648670181623653e-7
19629	9.648954136185999e-7
19630	9.649724845145427e-7
19631	9.651577691516389e-7
19632	9.652407848130932e-7
19633	9.653873417409722e-7
19634	9.654858009971980e-7
19635	9.655573201863850e-7
19636	9.656398309898054e-7
19637	9.657134265262687e-7
19638	9.657877895059389e-7
19639	9.659213737054773e-7
19640	9.659754610495364e-7
19641	9.661246404983476e-7
19642	9.661515519516073e-7
19643	9.662562606989660e-7
19644	9.663532836969669e-7
19645	9.664709582151306e-7
19646	9.665653374693167e-7
19647	9.666674216028771e-7
19648	9.667557561695972e-7
19649	9.668864500688678e-7
19650	9.669228557600814e-7
19651	9.670837708329650e-7
19652	9.671286274149650e-7
19653	9.671491382621251e-7
19654	9.672924270384792e-7
19655	9.673516497126570e-7
19656	9.674217084541230e-7
19657	9.676496043897643e-7
19658	9.677991049867197e-7
19659	9.679085780784972e-7
19660	9.679312982338761e-7
19661	9.680364452854891e-7
19662	9.680970356096990e-7
19663	9.682539383352278e-7
19664	9.683434983289784e-7
19665	9.684147145056951e-7
19666	9.684766622735740e-7
19667	9.685474989568292e-7
19668	9.686661568649062e-7
19669	9.687571974202154e-7
19670	9.689436847727204e-7
19671	9.689759842016344e-7
19672	9.690482851207152e-7
19673	9.691903371986845e-7
19674	9.692874645288287e-7
19675	9.693984159542303e-7
19676	9.694352585903106e-7
19677	9.695991004277244e-7
19678	9.696774931526885e-7
19679	9.697074502720254e-7
19680	9.697970971967285e-7
19681	9.699554221997874e-7
19682	9.699878808616116e-7
19683	9.700851702093421e-7
19684	9.702601993256058e-7
19685	9.703402707367374e-7
19686	9.704119513511063e-7
19687	9.704564257053214e-7
19688	9.707500621860381e-7
19689	9.708001301008722e-7
19690	9.708328487317567e-7
19691	9.708682338074843e-7
19692	9.709870145403600e-7
19693	9.710712896721920e-7
19694	9.711562940208433e-7
19695	9.713360323291328e-7
19696	9.713874377128468e-7
19697	9.714806754630770e-7
19698	9.716486225879634e-7
19699	9.717083679024712e-7
19700	9.718866510952666e-7
19701	9.719473743907103e-7
19702	9.719805862485202e-7
19703	9.721342584578666e-7
19704	9.722180046275738e-7
19705	9.722763024350054e-7
19706	9.723747610830692e-7
19707	9.725046040679244e-7
19708	9.725926724464443e-7
19709	9.726607918476481e-7
19710	9.727822531340619e-7
19711	9.728799192707834e-7
19712	9.729221624560556e-7
19713	9.731442181644810e-7
19714	9.732182269913757e-7
19715	9.733090688892661e-7
19716	9.734500238371836e-7
19717	9.734996459094544e-7
19718	9.735654464521078e-7
19719	9.736187259662879e-7
19720	9.738094873977979e-7
19721	9.738463950898684e-7
19722	9.738923042686794e-7
19723	9.740101511617477e-7
19724	9.740744791141125e-7
19725	9.741233968210564e-7
19726	9.743035516029119e-7
19727	9.744270156282003e-7
19728	9.744901930599569e-7
19729	9.745946647101665e-7
19730	9.747327430995971e-7
19731	9.748223109691474e-7
19732	9.748760083883286e-7
19733	9.749477922412156e-7
19734	9.750155848393378e-7
19735	9.751140938819828e-7
19736	9.752240078398179e-7
19737	9.753187169721350e-7
19738	9.753903793287771e-7
19739	9.755247186921317e-7
19740	9.755920024505623e-7
19741	9.756730086310861e-7
19742	9.757590845761171e-7
19743	9.758539260148678e-7
19744	9.759345252922516e-7
19745	9.760121371842000e-7
19746	9.761316069998808e-7
19747	9.761693240694880e-7
19748	9.763754725889891e-7
19749	9.764664011115109e-7
19750	9.765737115537981e-7
19751	9.766401919641277e-7
19752	9.767092509349429e-7
19753	9.767817788404169e-7
19754	9.768544944236402e-7
19755	9.769902379808044e-7
19756	9.770416293515147e-7
19757	9.770678260159241e-7
19758	9.772445036100555e-7
19759	9.773953272062555e-7
19760	9.775253506544539e-7
19761	9.775562516545930e-7
19762	9.775779210255806e-7
19763	9.776655331784307e-7
19764	9.778686331819423e-7
19765	9.779688669443159e-7
19766	9.780492262315884e-7
19767	9.780859768046912e-7
19768	9.781878791546305e-7
19769	9.783005870146295e-7
19770	9.783400627762283e-7
19771	9.785451487159831e-7
19772	9.786719140669493e-7
19773	9.786733981334696e-7
19774	9.787550722405666e-7
19775	9.788333250125949e-7
19776	9.790340712286918e-7
19777	9.790783591540696e-7
19778	9.791394118048363e-7
19779	9.793151143604759e-7
19780	9.794315700921244e-7
19781	9.794851975183366e-7
19782	9.795094547628452e-7
19783	9.795561577153623e-7
19784	9.796940887237364e-7
19785	9.797376897018760e-7
19786	9.799269186790925e-7
19787	9.799904660537668e-7
19788	9.800703602905414e-7
19789	9.801743492137873e-7
19790	9.802836218575399e-7
19791	9.803556706265038e-7
19792	9.804503319755786e-7
19793	9.805156920628049e-7
19794	9.806027237073966e-7
19795	9.806667006070104e-7
19796	9.807219997830522e-7
19797	9.807507660505608e-7
19798	9.808555397258553e-7
19799	9.809378330861444e-7
19800	9.809970330323274e-7
19801	9.810777466741010e-7
19802	9.812259285328907e-7
19803	9.813136352110523e-7
19804	9.813937632682356e-7
19805	9.814815104228760e-7
19806	9.816286623659966e-7
19807	9.816828628372598e-7
19808	9.817880323547595e-7
19809	9.818310150966935e-7
19810	9.819367701031579e-7
19811	9.820065457882033e-7
19812	9.820950597886392e-7
19813	9.821659092315907e-7
19814	9.821990776866661e-7
19815	9.823476045268562e-7
19816	9.824104806568955e-7
19817	9.825261817409536e-7
19818	9.825933962340234e-7
19819	9.826049224574520e-7
19820	9.828233630255854e-7
19821	9.828457960933954e-7
19822	9.829714687868034e-7
19823	9.830711704019379e-7
19824	9.831141706392078e-7
19825	9.832544906239186e-7
19826	9.832763645179691e-7
19827	9.834134990935782e-7
19828	9.835231024973000e-7
19829	9.835346022175527e-7
19830	9.836516345165108e-7
19831	9.836846188389386e-7
19832	9.837426356355070e-7
19833	9.839546048828392e-7
19834	9.840689083021008e-7
19835	9.841459516554711e-7
19836	9.842455113621634e-7
19837	9.843157642522751e-7
19838	9.843783428484509e-7
19839	9.845239129859277e-7
19840	9.846055586572350e-7
19841	9.846709782633218e-7
19842	9.846810365510507e-7
19843	9.847374586326244e-7
19844	9.848325849751633e-7
19845	9.849542112013875e-7
19846	9.850406089146044e-7
19847	9.850933767496256e-7
19848	9.851861126752813e-7
19849	9.853265418687277e-7
19850	9.854562345625620e-7
19851	9.855925312770296e-7
19852	9.856311022885376e-7
19853	9.856661590568862e-7
19854	9.857468499491143e-7
19855	9.858633640584671e-7
19856	9.859109428477161e-7
19857	9.859686895116956e-7
19858	9.861191666452204e-7
19859	9.862986015109725e-7
19860	9.863400104519747e-7
19861	9.864036227462127e-7
19862	9.864256672475020e-7
19863	9.864987496851474e-7
19864	9.865683217148848e-7
19865	9.866597125617431e-7
19866	9.867674555421913e-7
19867	9.868089578065689e-7
19868	9.868981725574300e-7
19869	9.869457341062128e-7
19870	9.871578195259046e-7
19871	9.871829291766386e-7
19872	9.872111888693385e-7
19873	9.873197063917762e-7
19874	9.873886129463696e-7
19875	9.874395620598681e-7
19876	9.876155697101428e-7
19877	9.876980671064045e-7
19878	9.877825356564676e-7
19879	9.878879933718759e-7
19880	9.879862693442244e-7
19881	9.880410346131052e-7
19882	9.881232256137908e-7
19883	9.881926610269747e-7
19884	9.882389099059830e-7
19885	9.883085275685811e-7
19886	9.883818881469806e-7
19887	9.885226947957909e-7
19888	9.885893413640267e-7
19889	9.886810886241436e-7
19890	9.887692941659136e-7
19891	9.888501822288921e-7
19892	9.889146024529710e-7
19893	9.889449410871773e-7
19894	9.890471752696564e-7
19895	9.891898558590946e-7
19896	9.892408731029576e-7
19897	9.893284275522569e-7
19898	9.894731958377637e-7
19899	9.895562301504700e-7
19900	9.896464494672150e-7
19901	9.897471429680250e-7
19902	9.898047096103849e-7
19903	9.898537511137259e-7
19904	9.899957804581000e-7
19905	9.900840556316502e-7
19906	9.901089121669466e-7
19907	9.901829040317202e-7
19908	9.903014698354339e-7
19909	9.903757628742014e-7
19910	9.904580892764754e-7
19911	9.905923471894378e-7
19912	9.906034528596132e-7
19913	9.906387448363405e-7
19914	9.907585559380924e-7
19915	9.907764698415473e-7
19916	9.909625604340322e-7
19917	9.909722817253764e-7
19918	9.911851443106475e-7
19919	9.912415770075419e-7
19920	9.913702741937087e-7
19921	9.914048048900995e-7
19922	9.914353816589976e-7
19923	9.915679326214142e-7
19924	9.916348834604439e-7
19925	9.917133298943530e-7
19926	9.917813455206476e-7
19927	9.918912837921876e-7
19928	9.919330678474857e-7
19929	9.920531902252638e-7
19930	9.921271434879288e-7
19931	9.922030476791958e-7
19932	9.922982717977994e-7
19933	9.923816774400753e-7
19934	9.924121478360363e-7
19935	9.924962535577611e-7
19936	9.925173788877320e-7
19937	9.925776488556878e-7
19938	9.926792618428944e-7
19939	9.927298617824910e-7
19940	9.927978769284347e-7
19941	9.928689964330029e-7
19942	9.929881588997513e-7
19943	9.931116348419835e-7
19944	9.931467210937448e-7
19945	9.932072916114572e-7
19946	9.932925012264332e-7
19947	9.933847928981639e-7
19948	9.935370695138779e-7
19949	9.935632524494867e-7
19950	9.936347571585128e-7
19951	9.937076556985132e-7
19952	9.938225285541134e-7
19953	9.938995584069447e-7
19954	9.939846329527811e-7
19955	9.940458007509360e-7
19956	9.941132651511845e-7
19957	9.942133301933003e-7
19958	9.942958910905764e-7
19959	9.944212603335207e-7
19960	9.944841545115091e-7
19961	9.945557505038958e-7
19962	9.946128572245134e-7
19963	9.947584438582315e-7
19964	9.948155829223377e-7
19965	9.949251213853815e-7
19966	9.950072691994674e-7
19967	9.951193130350564e-7
19968	9.951513597144751e-7
19969	9.951544909180762e-7
19970	9.952400827169794e-7
19971	9.953781678939526e-7
19972	9.954020111711695e-7
19973	9.954563383912865e-7
19974	9.955208977888294e-7
19975	9.955880976347821e-7
19976	9.956625016169101e-7
19977	9.957313110426621e-7
19978	9.958825523657133e-7
19979	9.959724261246587e-7
19980	9.960481648284699e-7
19981	9.961138364797509e-7
19982	9.961408357745514e-7
19983	9.962185285509970e-7
19984	9.964029387813428e-7
19985	9.964499658916572e-7
19986	9.965190439997115e-7
19987	9.965434288167103e-7
19988	9.966452676885856e-7
19989	9.967096172609300e-7
19990	9.967593492515465e-7
19991	9.968609180196978e-7
19992	9.969815099683114e-7
19993	9.970496129410275e-7
19994	9.971337611702984e-7
19995	9.972122152357514e-7
19996	9.972427394097091e-7
19997	9.972538338689324e-7
19998	9.973990127498329e-7
19999	9.975251230286756e-7
20000	9.975825071439286e-7
20001	9.976454693068081e-7
20002	9.977985426921314e-7
20003	9.978379400138238e-7
20004	9.979089616010099e-7
20005	9.979997239239640e-7
20006	9.981186511677191e-7
20007	9.981610813904388e-7
20008	9.981978284400148e-7
20009	9.983459281347060e-7
20010	9.983944202149208e-7
20011	9.985439265948420e-7
20012	9.986027403918059e-7
20013	9.987017649402169e-7
20014	9.988487927900802e-7
20015	9.988531633742205e-7
20016	9.989283736479368e-7
20017	9.990336350715042e-7
20018	9.990759227788610e-7
20019	9.991555351542966e-7
20020	9.992534074208269e-7
20021	9.993711088578637e-7
20022	9.994196477645901e-7
20023	9.994565104820220e-7
20024	9.995440989666088e-7
20025	9.997290249658915e-7
20026	9.997590009037580e-7
20027	9.998499791997736e-7
20028	9.998765607084787e-7
20029	1.000011351812987e-6
20030	1.000115240536055e-6
20031	1.000200807600718e-6
20032	1.000246522222922e-6
20033	1.000323583641611e-6
20034	1.000380005506759e-6
20035	1.000395307476332e-6
20036	1.000492378218835e-6
20037	1.000535272611055e-6
20038	1.000624334507281e-6
20039	1.000708018946859e-6
20040	1.000797140139310e-6
20041	1.000914172178553e-6
20042	1.001010707797072e-6
20043	1.001107512033935e-6
20044	1.001246773894415e-6
20045	1.001322846803092e-6
20046	1.001392943514935e-6
20047	1.001537666760493e-6
20048	1.001618224689452e-6
20049	1.001634912019826e-6
20050	1.001696794467519e-6
20051	1.001837091077247e-6
20052	1.001877755436882e-6
20053	1.002020910031422e-6
20054	1.002099592963188e-6
20055	1.002148268937086e-6
20056	1.002163469755756e-6
20057	1.002322364322590e-6
20058	1.002374420154263e-6
20059	1.002481943777226e-6
20060	1.002541997057281e-6
20061	1.002640549015851e-6
20062	1.002823903352027e-6
20063	1.002882126466656e-6
20064	1.002952216786076e-6
20065	1.002993812885768e-6
20066	1.003049610221187e-6
20067	1.003137747450843e-6
20068	1.003148640208202e-6
20069	1.003206067046853e-6
20070	1.003382773904226e-6
20071	1.003498685560325e-6
20072	1.003544676289717e-6
20073	1.003588276362280e-6
20074	1.003699037458047e-6
20075	1.003819630403218e-6
20076	1.003914249520287e-6
20077	1.003971338197424e-6
20078	1.004066760949751e-6
20079	1.004133360796026e-6
20080	1.004163290668355e-6
20081	1.004237551657560e-6
20082	1.004317002917204e-6
20083	1.004495316118716e-6
20084	1.004547748599410e-6
20085	1.004633058568834e-6
20086	1.004752572876485e-6
20087	1.004841805911480e-6
20088	1.004947720214288e-6
20089	1.005004346408829e-6
20090	1.005118097044110e-6
20091	1.005277468793798e-6
20092	1.005309185037041e-6
20093	1.005391133730469e-6
20094	1.005415429137037e-6
20095	1.005541406872317e-6
20096	1.005611154940521e-6
20097	1.005723047577384e-6
20098	1.005820266603886e-6
20099	1.005857180656615e-6
20100	1.006104372722142e-6
20101	1.006151734539973e-6
20102	1.006196189617897e-6
20103	1.006340086909914e-6
20104	1.006398278960938e-6
20105	1.006465065290590e-6
20106	1.006531999864668e-6
20107	1.006583884026029e-6
20108	1.006701431442970e-6
20109	1.006762803888475e-6
20110	1.006868168712614e-6
20111	1.006876183364008e-6
20112	1.007018294699366e-6
20113	1.007054001013685e-6
20114	1.007176313534842e-6
20115	1.007282287583477e-6
20116	1.007375971206879e-6
20117	1.007562309407258e-6
20118	1.007596662248084e-6
20119	1.007678408035908e-6
20120	1.007775107533818e-6
20121	1.007812923507058e-6
20122	1.007940940756917e-6
20123	1.007968066243017e-6
20124	1.008043272398011e-6
20125	1.008273457130992e-6
20126	1.008376974542795e-6
20127	1.008520548695164e-6
20128	1.008583344760662e-6
20129	1.008661515833737e-6
20130	1.008825414667640e-6
20131	1.008872066561105e-6
20132	1.009003222048845e-6
20133	1.009030688758382e-6
20134	1.009123055077637e-6
20135	1.009171438149109e-6
20136	1.009233509163228e-6
20137	1.009335817905457e-6
20138	1.009392299257876e-6
20139	1.009498950091364e-6
20140	1.009657636379950e-6
20141	1.009663328638902e-6
20142	1.009902084744950e-6
20143	1.009965039491916e-6
20144	1.009992343319881e-6
20145	1.010108624855219e-6
20146	1.010254208691375e-6
20147	1.010336581211732e-6
20148	1.010436176657325e-6
20149	1.010497538100190e-6
20150	1.010608686807244e-6
20151	1.010662431563856e-6
20152	1.010697417873438e-6
20153	1.010847704368947e-6
20154	1.010908341899097e-6
20155	1.010970118364996e-6
20156	1.011078337420331e-6
20157	1.011152512280290e-6
20158	1.011299559909210e-6
20159	1.011453645662930e-6
20160	1.011566282031666e-6
20161	1.011618487500150e-6
20162	1.011701177663265e-6
20163	1.011766116070582e-6
20164	1.011857978741023e-6
20165	1.012054379550433e-6
20166	1.012086749975936e-6
20167	1.012170899524894e-6
20168	1.012220185542853e-6
20169	1.012261266529253e-6
20170	1.012379354547609e-6
20171	1.012584824799084e-6
20172	1.012588225938201e-6
20173	1.012723822562917e-6
20174	1.012821999749341e-6
20175	1.012879386823919e-6
20176	1.013142791232112e-6
20177	1.013251739152225e-6
20178	1.013335504626815e-6
20179	1.013449415453103e-6
20180	1.013524125104967e-6
20181	1.013601640232047e-6
20182	1.013687427028942e-6
20183	1.013769639809024e-6
20184	1.013940186089415e-6
20185	1.014040276965084e-6
20186	1.014147297327757e-6
20187	1.014200943180231e-6
20188	1.014321376605960e-6
20189	1.014423041394227e-6
20190	1.014571947743852e-6
20191	1.014691495053916e-6
20192	1.014793671338972e-6
20193	1.014865226827899e-6
20194	1.014959803251504e-6
20195	1.014982910907626e-6
20196	1.015128090156619e-6
20197	1.015277131614877e-6
20198	1.015291634079270e-6
20199	1.015532790450839e-6
20200	1.015580323612082e-6
20201	1.015647976702497e-6
20202	1.015698560462543e-6
20203	1.015845438054561e-6
20204	1.015913352743743e-6
20205	1.016091487077840e-6
20206	1.016111931254876e-6
20207	1.016278906746129e-6
20208	1.016301527333390e-6
20209	1.016418038142919e-6
20210	1.016468978436372e-6
20211	1.016641271020974e-6
20212	1.016881331891835e-6
20213	1.016942035438187e-6
20214	1.017020007473940e-6
20215	1.017118133917709e-6
20216	1.017257034648292e-6
20217	1.017388267220339e-6
20218	1.017399436838869e-6
20219	1.017612519746833e-6
20220	1.017667624496405e-6
20221	1.017844060350852e-6
20222	1.017859743585046e-6
20223	1.017954303114682e-6
20224	1.018215796978932e-6
20225	1.018293869948338e-6
20226	1.018383760560098e-6
20227	1.018502258421882e-6
20228	1.018616076878504e-6
20229	1.018680186141582e-6
20230	1.018706700476732e-6
20231	1.018846591051199e-6
20232	1.018861686752641e-6
20233	1.019146843123370e-6
20234	1.019245443131536e-6
20235	1.019344431719984e-6
20236	1.019387971297666e-6
20237	1.019493635685411e-6
20238	1.019557221207537e-6
20239	1.019697362393066e-6
20240	1.019720283924336e-6
20241	1.019812882697611e-6
20242	1.019969969646010e-6
20243	1.020221706112879e-6
20244	1.020286965734086e-6
20245	1.020390283914459e-6
20246	1.020460225217317e-6
20247	1.020569956995825e-6
20248	1.020764357760298e-6
20249	1.020792234477406e-6
20250	1.020869341358480e-6
20251	1.020939422558526e-6
20252	1.020994161024150e-6
20253	1.021121062976235e-6
20254	1.021245531269089e-6
20255	1.021381023822469e-6
20256	1.021494827503705e-6
20257	1.021574254474937e-6
20258	1.021794985918284e-6
20259	1.021977529761128e-6
20260	1.022010113905296e-6
20261	1.022108431227244e-6
20262	1.022284349887617e-6
20263	1.022365656144027e-6
20264	1.022390000842195e-6
20265	1.022517730801584e-6
20266	1.022688356331118e-6
20267	1.022909005926164e-6
20268	1.022955401082320e-6
20269	1.023199859229978e-6
20270	1.023290403790605e-6
20271	1.023343525851323e-6
20272	1.023475515644105e-6
20273	1.023612033975182e-6
20274	1.023709682710215e-6
20275	1.023733794681802e-6
20276	1.023929633338279e-6
20277	1.023986829496215e-6
20278	1.024239436238707e-6
20279	1.024340278333832e-6
20280	1.024454033063610e-6
20281	1.024569149319104e-6
20282	1.024694044570429e-6
20283	1.024841413786061e-6
20284	1.024931614313857e-6
20285	1.025074614096635e-6
20286	1.025234094492663e-6
20287	1.025361175694175e-6
20288	1.025430016753352e-6
20289	1.025443271642658e-6
20290	1.025591003460525e-6
20291	1.025820055678431e-6
20292	1.025934030338782e-6
20293	1.026026281737759e-6
20294	1.026157228198588e-6
20295	1.026290055057460e-6
20296	1.026374120520599e-6
20297	1.026509972056063e-6
20298	1.026757122806388e-6
20299	1.026913732221770e-6
20300	1.027022881051559e-6
20301	1.027139299015127e-6
20302	1.027236710060204e-6
20303	1.027316175133617e-6
20304	1.027394373938564e-6
20305	1.027629425758909e-6
20306	1.027662846829398e-6
20307	1.027713625048165e-6
20308	1.027787376759099e-6
20309	1.027918747402921e-6
20310	1.028116236768466e-6
20311	1.028200307759953e-6
20312	1.028360388137012e-6
20313	1.028415893897553e-6
20314	1.028579588631192e-6
20315	1.028673134049650e-6
20316	1.028993527985771e-6
20317	1.028999650141298e-6
20318	1.029196420332751e-6
20319	1.029245012714420e-6
20320	1.029453412397268e-6
20321	1.029467852826437e-6
20322	1.029635524569417e-6
20323	1.029874226784355e-6
20324	1.029940215656878e-6
20325	1.030110367923473e-6
20326	1.030228847870407e-6
20327	1.030346108612079e-6
20328	1.030462894152699e-6
20329	1.030551877767866e-6
20330	1.030621011301697e-6
20331	1.030870810552409e-6
20332	1.030946045766686e-6
20333	1.031098446871586e-6
20334	1.031303395718226e-6
20335	1.031377078318102e-6
20336	1.031500034552733e-6
20337	1.031618895615558e-6
20338	1.031821952785639e-6
20339	1.031860399579638e-6
20340	1.032010619428203e-6
20341	1.032175984507233e-6
20342	1.032401844455631e-6
20343	1.032453827101338e-6
20344	1.032523031779119e-6
20345	1.032708989751353e-6
20346	1.032865137887575e-6
20347	1.032984947548355e-6
20348	1.033003297049030e-6
20349	1.033161218165715e-6
20350	1.033332897524106e-6
20351	1.033455786748266e-6
20352	1.033649090881810e-6
20353	1.033786334199184e-6
20354	1.033881265379520e-6
20355	1.034000332804020e-6
20356	1.034298784475616e-6
20357	1.034370321525122e-6
20358	1.034504572277185e-6
20359	1.034612363245075e-6
20360	1.034698476879897e-6
20361	1.034813936973647e-6
20362	1.034941905231611e-6
20363	1.035148196144304e-6
20364	1.035253798984189e-6
20365	1.035313407842607e-6
20366	1.035497756046216e-6
20367	1.035583520736982e-6
20368	1.035705107775127e-6
20369	1.035723375558175e-6
20370	1.035875180141710e-6
20371	1.036058394748487e-6
20372	1.036145702092160e-6
20373	1.036388253926889e-6
20374	1.036590572933441e-6
20375	1.036611357240813e-6
20376	1.036727144002519e-6
20377	1.036836373122297e-6
20378	1.037113451892209e-6
20379	1.037248421954097e-6
20380	1.037347681380507e-6
20381	1.037429607946609e-6
20382	1.037586005508114e-6
20383	1.037757230784771e-6
20384	1.037936244438095e-6
20385	1.038017750187511e-6
20386	1.038126051721975e-6
20387	1.038132710168554e-6
20388	1.038333355591473e-6
20389	1.038527942630649e-6
20390	1.038642021166364e-6
20391	1.038659779511290e-6
20392	1.039015361733980e-6
20393	1.039098914350798e-6
20394	1.039208603015113e-6
20395	1.039450820547002e-6
20396	1.039610441148871e-6
20397	1.039707760532120e-6
20398	1.039845117958515e-6
20399	1.039932013286582e-6
20400	1.040143129284594e-6
20401	1.040180374708623e-6
20402	1.040444446494773e-6
20403	1.040579251055436e-6
20404	1.040751708494730e-6
20405	1.040913179153576e-6
20406	1.040982056529790e-6
20407	1.041102269975957e-6
20408	1.041207077489272e-6
20409	1.041281437111779e-6
20410	1.041649927937489e-6
20411	1.041716261912249e-6
20412	1.042052926268364e-6
20413	1.042104916336707e-6
20414	1.042317538129492e-6
20415	1.042364757767575e-6
20416	1.042487271980349e-6
20417	1.042774439044749e-6
20418	1.042866247000142e-6
20419	1.042948352750314e-6
20420	1.043104480863202e-6
20421	1.043214756854490e-6
20422	1.043323742139850e-6
20423	1.043594973489145e-6
20424	1.043695602338615e-6
20425	1.043784998770014e-6
20426	1.043917050888068e-6
20427	1.044035743032586e-6
20428	1.044249216870208e-6
20429	1.044309972280023e-6
20430	1.044403829963575e-6
20431	1.044646670037950e-6
20432	1.044809819553335e-6
20433	1.044940438115649e-6
20434	1.045036115109908e-6
20435	1.045255203992316e-6
20436	1.045394185593933e-6
20437	1.045471724509957e-6
20438	1.045616150576428e-6
20439	1.045741545316790e-6
20440	1.045815738393407e-6
20441	1.045863687758037e-6
20442	1.046289224414785e-6
20443	1.046387118054590e-6
20444	1.046487724951523e-6
20445	1.046591725356074e-6
20446	1.046661789646819e-6
20447	1.046791033977415e-6
20448	1.047071753241864e-6
20449	1.047116861155760e-6
20450	1.047441863551997e-6
20451	1.047636759360279e-6
20452	1.047828140333516e-6
20453	1.047907821985669e-6
20454	1.047976028013347e-6
20455	1.048227948959505e-6
20456	1.048301877652720e-6
20457	1.048400408782221e-6
20458	1.048577931515355e-6
20459	1.048710056244646e-6
20460	1.048888201129097e-6
20461	1.048933133162751e-6
20462	1.049019792734074e-6
20463	1.049328831331875e-6
20464	1.049390879811993e-6
20465	1.049499633918405e-6
20466	1.049917029538266e-6
20467	1.050010874110053e-6
20468	1.050176520401704e-6
20469	1.050355331751490e-6
20470	1.050459843400727e-6
20471	1.050565554691603e-6
20472	1.050761268640333e-6
20473	1.050953177911499e-6
20474	1.051049294878459e-6
20475	1.051173465219671e-6
20476	1.051416338011436e-6
20477	1.051545890694053e-6
20478	1.051576093704614e-6
20479	1.051673087387420e-6
20480	1.051815236069381e-6
20481	1.052125446291608e-6
20482	1.052293846868763e-6
20483	1.052353159564481e-6
20484	1.052695621442914e-6
20485	1.052814941405190e-6
20486	1.052885162808391e-6
20487	1.052947154111907e-6
20488	1.053035925463733e-6
20489	1.053220488374466e-6
20490	1.053280202192840e-6
20491	1.053417653845466e-6
20492	1.053591433873514e-6
20493	1.053833979510482e-6
20494	1.053992647411905e-6
20495	1.054104043322798e-6
20496	1.054264553937434e-6
20497	1.054384566672838e-6
20498	1.054668483167110e-6
20499	1.054759089066314e-6
20500	1.054961419649472e-6
20501	1.055115329251210e-6
20502	1.055209952951618e-6
20503	1.055405505419796e-6
20504	1.055444914115216e-6
20505	1.055743405897717e-6
20506	1.055868882949533e-6
20507	1.056028365618026e-6
20508	1.056093426028140e-6
20509	1.056471736412792e-6
20510	1.056563353185891e-6
20511	1.056635601342998e-6
20512	1.056788030120133e-6
20513	1.056876535590874e-6
20514	1.057043402135409e-6
20515	1.057167190349800e-6
20516	1.057295011527170e-6
20517	1.057458084059042e-6
20518	1.057525166115809e-6
20519	1.057655602404699e-6
20520	1.058039540838926e-6
20521	1.058265304591176e-6
20522	1.058382755097508e-6
20523	1.058602156930285e-6
20524	1.058651942032068e-6
20525	1.058951112367162e-6
20526	1.059072737120096e-6
20527	1.059296880412571e-6
20528	1.059411575367156e-6
20529	1.059594524813150e-6
20530	1.059690570093376e-6
20531	1.059984643390877e-6
20532	1.060015517574679e-6
20533	1.060152648739148e-6
20534	1.060472837296169e-6
20535	1.060696976478350e-6
20536	1.060776802835201e-6
20537	1.060862251035330e-6
20538	1.061057200174368e-6
20539	1.061111948522678e-6
20540	1.061332893166999e-6
20541	1.061433223475189e-6
20542	1.061670495302843e-6
20543	1.061860727036125e-6
20544	1.062014932680198e-6
20545	1.062249842801934e-6
20546	1.062289753213492e-6
20547	1.062475482593691e-6
20548	1.062597855576660e-6
20549	1.062731370592030e-6
20550	1.063029327105035e-6
20551	1.063178269549896e-6
20552	1.063352501484890e-6
20553	1.063391382673556e-6
20554	1.063583719958460e-6
20555	1.063750974227030e-6
20556	1.063921918737961e-6
20557	1.064001192198748e-6
20558	1.064156567605679e-6
20559	1.064229568464226e-6
20560	1.064565028862868e-6
20561	1.064812280214980e-6
20562	1.064819112078548e-6
20563	1.064996765149085e-6
20564	1.065227384051323e-6
20565	1.065250990073662e-6
20566	1.065460941822398e-6
20567	1.065776836383288e-6
20568	1.065865190332606e-6
20569	1.065901929313876e-6
20570	1.066053255026190e-6
20571	1.066325746456959e-6
20572	1.066427109351370e-6
20573	1.066643296633354e-6
20574	1.066704450288050e-6
20575	1.066904176929697e-6
20576	1.066939837180872e-6
20577	1.067091536812953e-6
20578	1.067388301481051e-6
20579	1.067600053964594e-6
20580	1.067694254328515e-6
20581	1.067883842227844e-6
20582	1.067984699084898e-6
20583	1.068095216025658e-6
20584	1.068425319537172e-6
20585	1.068570765604897e-6
20586	1.068660091294637e-6
20587	1.068892953896185e-6
20588	1.068991875292611e-6
20589	1.069136018918468e-6
20590	1.069225395813184e-6
20591	1.069276979959493e-6
20592	1.069601548628772e-6
20593	1.069904450537812e-6
20594	1.070014751533174e-6
20595	1.070101005644597e-6
20596	1.070350916162656e-6
20597	1.070407596117297e-6
20598	1.070718758186595e-6
20599	1.070828273226474e-6
20600	1.070891443728202e-6
20601	1.071066680683976e-6
20602	1.071142342044794e-6
20603	1.071336367036156e-6
20604	1.071453565426261e-6
20605	1.071816019549098e-6
20606	1.072077437222565e-6
20607	1.072233669174897e-6
20608	1.072369106602558e-6
20609	1.072567233076938e-6
20610	1.072641781460330e-6
20611	1.072722805055233e-6
20612	1.072840543765689e-6
20613	1.072989025383567e-6
20614	1.073203907917107e-6
20615	1.073465323399423e-6
20616	1.073645629207926e-6
20617	1.073809310724551e-6
20618	1.073959699958144e-6
20619	1.074195368837899e-6
20620	1.074366040865201e-6
20621	1.074635493098867e-6
20622	1.074739937853636e-6
20623	1.074880662282084e-6
20624	1.075380298997711e-6
20625	1.075442533813512e-6
20626	1.075535087839388e-6
20627	1.075645591565400e-6
20628	1.075671540072035e-6
20629	1.075973044236390e-6
20630	1.076142779162411e-6
20631	1.076311947211633e-6
20632	1.076358344987511e-6
20633	1.076633055715135e-6
20634	1.076861788969227e-6
20635	1.077139521239086e-6
20636	1.077233648274277e-6
20637	1.077455025627042e-6
20638	1.077536805990819e-6
20639	1.077870474149908e-6
20640	1.077928626545866e-6
20641	1.078172123629257e-6
20642	1.078313402883860e-6
20643	1.078447807057607e-6
20644	1.078565757070377e-6
20645	1.078685491151583e-6
20646	1.078847625597653e-6
20647	1.079204070880184e-6
20648	1.079356745949778e-6
20649	1.079634269107223e-6
20650	1.079672356053104e-6
20651	1.079778138494212e-6
20652	1.080017412950351e-6
20653	1.080154978130149e-6
20654	1.080285116514778e-6
20655	1.080438966124462e-6
20656	1.080656061879591e-6
20657	1.080916159240130e-6
20658	1.081353506577941e-6
20659	1.081477974651651e-6
20660	1.081513372128706e-6
20661	1.081672141654031e-6
20662	1.082073554081291e-6
20663	1.082189406377795e-6
20664	1.082477388112375e-6
20665	1.082799286144156e-6
20666	1.082896162188362e-6
20667	1.082991718692275e-6
20668	1.083131573496239e-6
20669	1.083152132556150e-6
20670	1.083437142627145e-6
20671	1.083545919752039e-6
20672	1.083735312143057e-6
20673	1.083850515623781e-6
20674	1.084165884921607e-6
20675	1.084512255162812e-6
20676	1.084603987300398e-6
20677	1.084746689538632e-6
20678	1.084912929204936e-6
20679	1.085118601182160e-6
20680	1.085293006502117e-6
20681	1.085403913039751e-6
20682	1.085585552058671e-6
20683	1.085959290378086e-6
20684	1.086044508363687e-6
20685	1.086387751438786e-6
20686	1.086545116769950e-6
20687	1.086638646974469e-6
20688	1.086851847152009e-6
20689	1.086897435576098e-6
20690	1.087210031917224e-6
20691	1.087441011044043e-6
20692	1.087602128528611e-6
20693	1.087883215124538e-6
20694	1.088083427358530e-6
20695	1.088291537312513e-6
20696	1.088458747562858e-6
20697	1.088547000616908e-6
20698	1.088630341942325e-6
20699	1.088831138476846e-6
20700	1.089010210167074e-6
20701	1.089221376809147e-6
20702	1.089469944338866e-6
20703	1.089625193959111e-6
20704	1.089761440207952e-6
20705	1.090101500680702e-6
20706	1.090192570124399e-6
20707	1.090403699283200e-6
20708	1.090509606121836e-6
20709	1.090792560528815e-6
20710	1.090970135532064e-6
20711	1.091047886762454e-6
20712	1.091199221453828e-6
20713	1.091484283737433e-6
20714	1.091642606534335e-6
20715	1.091698046668975e-6
20716	1.091838963124530e-6
20717	1.091970080554498e-6
20718	1.092299097779103e-6
20719	1.092316469870785e-6
20720	1.092657322068330e-6
20721	1.092936223693732e-6
20722	1.092943561869738e-6
20723	1.093361226864346e-6
20724	1.093519155670828e-6
20725	1.093597647166203e-6
20726	1.093726773014274e-6
20727	1.093984487816210e-6
20728	1.094046937652505e-6
20729	1.094253293499429e-6
20730	1.094612676136527e-6
20731	1.094908164206018e-6
20732	1.094995520113286e-6
20733	1.095242741902549e-6
20734	1.095696605514174e-6
20735	1.095710060639945e-6
20736	1.095923383262919e-6
20737	1.095967953843982e-6
20738	1.096168352062654e-6
20739	1.096311471737041e-6
20740	1.096586883512426e-6
20741	1.096880379988488e-6
20742	1.097093865887528e-6
20743	1.097204669248350e-6
20744	1.097363289348022e-6
20745	1.097397007073398e-6
20746	1.097707607710689e-6
20747	1.097808703928320e-6
20748	1.097971507111059e-6
20749	1.098147283963588e-6
20750	1.098295846390094e-6
20751	1.098512349990700e-6
20752	1.098804454608334e-6
20753	1.099041879739320e-6
20754	1.099308138962031e-6
20755	1.099330569725120e-6
20756	1.099411884963017e-6
20757	1.099691938165760e-6
20758	1.099888952192005e-6
20759	1.099894174216331e-6
20760	1.100170436703364e-6
20761	1.100323522140570e-6
20762	1.100483909089796e-6
20763	1.100679274497612e-6
20764	1.100997863183724e-6
20765	1.101353402989800e-6
20766	1.101448992766698e-6
20767	1.101521505530567e-6
20768	1.101726408314799e-6
20769	1.101786519647386e-6
20770	1.101956716025751e-6
20771	1.102426358967078e-6
20772	1.102520890700604e-6
20773	1.102719022740356e-6
20774	1.103143997749107e-6
20775	1.103264934828097e-6
20776	1.103356936637984e-6
20777	1.103572386433670e-6
20778	1.103756677415285e-6
20779	1.104066595480829e-6
20780	1.104191010465364e-6
20781	1.104562973417259e-6
20782	1.104688999274207e-6
20783	1.104907494210334e-6
20784	1.104998159580114e-6
20785	1.105104754485826e-6
20786	1.105323446374931e-6
20787	1.105565904989838e-6
20788	1.105676920103617e-6
20789	1.105828846110753e-6
20790	1.106148990432083e-6
20791	1.106390749225078e-6
20792	1.106397187217488e-6
20793	1.106579760914386e-6
20794	1.106678582576380e-6
20795	1.107086830600750e-6
20796	1.107135869779481e-6
20797	1.107169733367854e-6
20798	1.107532777316199e-6
20799	1.107868848271075e-6
20800	1.107911801886138e-6
20801	1.107997628821116e-6
20802	1.108241839618847e-6
20803	1.108553618014518e-6
20804	1.108562055001889e-6
20805	1.108676436621168e-6
20806	1.108910970977709e-6
20807	1.109131141824627e-6
20808	1.109225183320016e-6
20809	1.109604972936291e-6
20810	1.110135830685732e-6
20811	1.110233422225238e-6
20812	1.110474897732256e-6
20813	1.110771176738221e-6
20814	1.110797383151689e-6
20815	1.111057674011436e-6
20816	1.111163178875406e-6
20817	1.111276175445272e-6
20818	1.111419296202664e-6
20819	1.111660558341007e-6
20820	1.111821650805652e-6
20821	1.112016393039553e-6
20822	1.112312130683457e-6
20823	1.112541291174285e-6
20824	1.112699032620237e-6
20825	1.112852894142364e-6
20826	1.113109057702764e-6
20827	1.113340549937626e-6
20828	1.113605198827350e-6
20829	1.113801516487469e-6
20830	1.113961014714654e-6
20831	1.114064067076587e-6
20832	1.114295822174874e-6
20833	1.114496371508597e-6
20834	1.114727716386843e-6
20835	1.114801750435089e-6
20836	1.114986115354705e-6
20837	1.115186048808499e-6
20838	1.115273135104294e-6
20839	1.115496397249933e-6
20840	1.115565070825818e-6
20841	1.115725879365105e-6
20842	1.115895564804370e-6
20843	1.116110743342382e-6
20844	1.116294158797680e-6
20845	1.116666655703852e-6
20846	1.116870611864859e-6
20847	1.117164073247645e-6
20848	1.117209831695337e-6
20849	1.117488615848428e-6
20850	1.117671343237164e-6
20851	1.117868925857532e-6
20852	1.117910929079379e-6
20853	1.118264360327183e-6
20854	1.118436468002971e-6
20855	1.118622573499337e-6
20856	1.118906747657847e-6
20857	1.118989006885819e-6
20858	1.119115089280759e-6
20859	1.119290403939745e-6
20860	1.119415654685217e-6
20861	1.119529369443577e-6
20862	1.119658190635871e-6
20863	1.120001196180327e-6
20864	1.120101977090093e-6
20865	1.120422771577382e-6
20866	1.120561456909095e-6
20867	1.120735646909940e-6
20868	1.120867516051417e-6
20869	1.120894575765345e-6
20870	1.121378934317820e-6
20871	1.121424539197414e-6
20872	1.121632288501966e-6
20873	1.121956427068098e-6
20874	1.122230686820895e-6
20875	1.122415891565375e-6
20876	1.122494512779825e-6
20877	1.122691731327372e-6
20878	1.122768377684629e-6
20879	1.122951608706628e-6
20880	1.123188291668361e-6
20881	1.123369587241043e-6
20882	1.123676537304461e-6
20883	1.123822296894718e-6
20884	1.123901879992651e-6
20885	1.124087893846643e-6
20886	1.124144073104021e-6
20887	1.124236851215954e-6
20888	1.124306303406307e-6
20889	1.124629614104332e-6
20890	1.124842548340514e-6
20891	1.124953621516469e-6
20892	1.125218240255076e-6
20893	1.125329874181347e-6
20894	1.125540391840018e-6
20895	1.125727983868850e-6
20896	1.125879549019921e-6
20897	1.126064093474095e-6
20898	1.126326565690462e-6
20899	1.126624803897301e-6
20900	1.126740364410734e-6
20901	1.126939458571603e-6
20902	1.126985149036513e-6
20903	1.127090195140045e-6
20904	1.127273281868515e-6
20905	1.127495798444507e-6
20906	1.127765514300970e-6
20907	1.128002919567379e-6
20908	1.128028766728485e-6
20909	1.128219249451762e-6
20910	1.128417109565591e-6
20911	1.128680611171673e-6
20912	1.128739144144962e-6
20913	1.129065338146783e-6
20914	1.129085599760849e-6
20915	1.129165137000510e-6
20916	1.129500586779086e-6
20917	1.129607078967703e-6
20918	1.129855846956365e-6
20919	1.129927739380483e-6
20920	1.130240232084137e-6
20921	1.130487994538410e-6
20922	1.130586507532469e-6
20923	1.130671496693281e-6
20924	1.130763613591753e-6
20925	1.130902715884346e-6
20926	1.131029135678995e-6
20927	1.131163195028065e-6
20928	1.131419324129695e-6
20929	1.131744821234215e-6
20930	1.131781947606424e-6
20931	1.131967158650935e-6
20932	1.131976966862999e-6
20933	1.132328739156381e-6
20934	1.132583799782072e-6
20935	1.132650433965981e-6
20936	1.132999466147081e-6
20937	1.133018834408553e-6
20938	1.133073615417648e-6
20939	1.133259799734859e-6
20940	1.133422509446196e-6
20941	1.133619446263880e-6
20942	1.133910903981204e-6
20943	1.133958494890508e-6
20944	1.134014278873068e-6
20945	1.134220058145188e-6
20946	1.134399223067105e-6
20947	1.134512622768155e-6
20948	1.134793257951311e-6
20949	1.134974976670487e-6
20950	1.135074333507366e-6
20951	1.135255389095082e-6
20952	1.135396227213920e-6
20953	1.135439925201721e-6
20954	1.135617066429205e-6
20955	1.135750766872909e-6
20956	1.135978678978902e-6
20957	1.136159045009386e-6
20958	1.136204812547257e-6
20959	1.136322330050025e-6
20960	1.136548202600731e-6
20961	1.136711812351996e-6
20962	1.137005189061550e-6
20963	1.137156618812822e-6
20964	1.137356020336756e-6
20965	1.137392410620178e-6
20966	1.137557873639648e-6
20967	1.137711211030325e-6
20968	1.137830509495058e-6
20969	1.137916079804207e-6
20970	1.137946547381034e-6
20971	1.138160360214803e-6
20972	1.138471671233114e-6
20973	1.138510127700150e-6
20974	1.138700680038451e-6
20975	1.138736529532441e-6
20976	1.138937193582643e-6
20977	1.139128527737402e-6
20978	1.139275723739396e-6
20979	1.139402551564657e-6
20980	1.139481843524271e-6
20981	1.139668655222271e-6
20982	1.139885065278266e-6
20983	1.139912892316456e-6
20984	1.140126865475664e-6
20985	1.140195936346468e-6
20986	1.140340642093537e-6
20987	1.140449747882634e-6
20988	1.140536148085645e-6
20989	1.140818529077088e-6
20990	1.140951525889666e-6
20991	1.141117826394506e-6
20992	1.141224533908668e-6
20993	1.141344449807656e-6
20994	1.141525995874362e-6
20995	1.141568716455706e-6
20996	1.141827902517675e-6
20997	1.142020286831422e-6
20998	1.142124532702150e-6
20999	1.142313258553909e-6
21000	1.142398590093033e-6
21001	1.142578412265382e-6
21002	1.142765067373797e-6
21003	1.143090000642787e-6
21004	1.143131818417116e-6
21005	1.143391928069383e-6
21006	1.143408349399766e-6
21007	1.143639178656716e-6
21008	1.143703675836518e-6
21009	1.143857755619019e-6
21010	1.143963321211850e-6
21011	1.144031834616052e-6
21012	1.144140762945905e-6
21013	1.144246383802049e-6
21014	1.144332810320296e-6
21015	1.144572170008099e-6
21016	1.144733058686452e-6
21017	1.144776630866362e-6
21018	1.145025918165017e-6
21019	1.145070100200782e-6
21020	1.145160082306583e-6
21021	1.145412964011857e-6
21022	1.145512165217648e-6
21023	1.145607010978125e-6
21024	1.145842431021463e-6
21025	1.145968109319211e-6
21026	1.146044273936741e-6
21027	1.146315119085558e-6
21028	1.146461630391428e-6
21029	1.146573390218591e-6
21030	1.146632656836877e-6
21031	1.146744093052936e-6
21032	1.146932679415980e-6
21033	1.146968049696738e-6
21034	1.147029088113866e-6
21035	1.147255169753382e-6
21036	1.147380633369115e-6
21037	1.147492391342961e-6
21038	1.147698597804695e-6
21039	1.147752003136279e-6
21040	1.147906193748643e-6
21041	1.148044036304625e-6
21042	1.148187367133957e-6
21043	1.148381733293345e-6
21044	1.148539087331272e-6
21045	1.148580890024479e-6
21046	1.148637594569247e-6
21047	1.148905934739396e-6
21048	1.148916184141330e-6
21049	1.148962201544344e-6
21050	1.149128780265565e-6
21051	1.149268618535459e-6
21052	1.149347696054454e-6
21053	1.149546925008013e-6
21054	1.149711925675062e-6
21055	1.149801508859976e-6
21056	1.149914005249067e-6
21057	1.150110816401847e-6
21058	1.150263493539729e-6
21059	1.150283251762298e-6
21060	1.150379382202904e-6
21061	1.150464938340807e-6
21062	1.150617677309184e-6
21063	1.150633456743947e-6
21064	1.150822045075773e-6
21065	1.150982187664130e-6
21066	1.151036460866116e-6
21067	1.151232223644994e-6
21068	1.151284985140157e-6
21069	1.151437986545006e-6
21070	1.151477061293581e-6
21071	1.151575631050515e-6
21072	1.151705326670992e-6
21073	1.151811284033114e-6
21074	1.151969391808004e-6
21075	1.152141417342788e-6
21076	1.152240516795485e-6
21077	1.152351208765802e-6
21078	1.152412051732998e-6
21079	1.152572534232715e-6
21080	1.152730152567651e-6
21081	1.152777379562528e-6
21082	1.152918117473885e-6
21083	1.153017513210544e-6
21084	1.153170914354276e-6
21085	1.153208886908401e-6
21086	1.153301889998711e-6
21087	1.153458144787285e-6
21088	1.153594714371742e-6
21089	1.153664674475957e-6
21090	1.153909054841634e-6
21091	1.154061520659650e-6
21092	1.154147780831845e-6
21093	1.154284836322355e-6
21094	1.154387150189965e-6
21095	1.154424177158518e-6
21096	1.154622382424055e-6
21097	1.154662314167286e-6
21098	1.154781045550593e-6
21099	1.154873113320726e-6
21100	1.155096265121846e-6
21101	1.155201262740910e-6
21102	1.155277057623551e-6
21103	1.155546545665219e-6
21104	1.155575549096232e-6
21105	1.155715977378159e-6
21106	1.155843169621328e-6
21107	1.155972341836022e-6
21108	1.155997240396573e-6
21109	1.156174050361065e-6
21110	1.156320040443356e-6
21111	1.156406640940249e-6
21112	1.156547001838293e-6
21113	1.156713311039495e-6
21114	1.156835598418001e-6
21115	1.156936803017658e-6
21116	1.157097155993608e-6
21117	1.157148733061249e-6
21118	1.157270417745769e-6
21119	1.157465776792255e-6
21120	1.157492187501344e-6
21121	1.157568382817868e-6
21122	1.157820317368939e-6
21123	1.157852578385439e-6
21124	1.157963503848945e-6
21125	1.158133237129395e-6
21126	1.158206841514717e-6
21127	1.158543971856786e-6
21128	1.158667353528272e-6
21129	1.158731058451073e-6
21130	1.158779331103260e-6
21131	1.158960818773363e-6
21132	1.159040042648957e-6
21133	1.159103101028976e-6
21134	1.159218325980327e-6
21135	1.159382338811650e-6
21136	1.159549313433751e-6
21137	1.159693416207145e-6
21138	1.159735404399674e-6
21139	1.159763402176193e-6
21140	1.159947317078554e-6
21141	1.160055631520290e-6
21142	1.160345372574915e-6
21143	1.160529037580515e-6
21144	1.160658962328047e-6
21145	1.160894891293702e-6
21146	1.160947431611415e-6
21147	1.161099787411277e-6
21148	1.161151618352606e-6
21149	1.161427113798329e-6
21150	1.161514202788692e-6
21151	1.161689027844342e-6
21152	1.161749563996969e-6
21153	1.161862696232427e-6
21154	1.161980605115500e-6
21155	1.162003108497023e-6
21156	1.162277200036331e-6
21157	1.162406463770805e-6
21158	1.162611325357372e-6
21159	1.162730390689494e-6
21160	1.162843372939961e-6
21161	1.162991788490993e-6
21162	1.163211263204245e-6
21163	1.163299243948804e-6
21164	1.163462476488426e-6
21165	1.163580826617349e-6
21166	1.163696886366829e-6
21167	1.163773260726242e-6
21168	1.163874966666157e-6
21169	1.164201077243969e-6
21170	1.164243107064449e-6
21171	1.164299225143566e-6
21172	1.164717275851034e-6
21173	1.164762012503818e-6
21174	1.164854832511429e-6
21175	1.165050228182814e-6
21176	1.165249099983999e-6
21177	1.165422880011242e-6
21178	1.165577090028001e-6
21179	1.165605280302845e-6
21180	1.165717758182941e-6
21181	1.165919190729491e-6
21182	1.165965056415429e-6
21183	1.166127704334098e-6
21184	1.166328149192708e-6
21185	1.166437840180516e-6
21186	1.166492399501828e-6
21187	1.166664829470922e-6
21188	1.166997932005936e-6
21189	1.167086748117194e-6
21190	1.167231628086034e-6
21191	1.167368807885535e-6
21192	1.167472053255272e-6
21193	1.167603146119763e-6
21194	1.167747192642848e-6
21195	1.167850620849627e-6
21196	1.167985062656247e-6
21197	1.168042412892660e-6
21198	1.168275214719625e-6
21199	1.168515662782815e-6
21200	1.168647071019502e-6
21201	1.168732579164410e-6
21202	1.169001988706575e-6
21203	1.169197272832909e-6
21204	1.169289059087422e-6
21205	1.169385125694576e-6
21206	1.169510882953815e-6
21207	1.169780467254294e-6
21208	1.169910744266018e-6
21209	1.170105492944450e-6
21210	1.170174973444104e-6
21211	1.170323861833699e-6
21212	1.170406736205643e-6
21213	1.170749210893414e-6
21214	1.170789056946388e-6
21215	1.170854115589562e-6
21216	1.170873357171703e-6
21217	1.171173114754232e-6
21218	1.171349321189361e-6
21219	1.171495428786508e-6
21220	1.171535680273507e-6
21221	1.171856715319963e-6
21222	1.172000222258800e-6
21223	1.172163125423191e-6
21224	1.172348421951771e-6
21225	1.172463863814801e-6
21226	1.172493662749891e-6
21227	1.172605919316549e-6
21228	1.172848420999628e-6
21229	1.172917890902944e-6
21230	1.173131117779343e-6
21231	1.173329692211384e-6
21232	1.173455614542061e-6
21233	1.173614378687621e-6
21234	1.173837432012110e-6
21235	1.174082935390002e-6
21236	1.174262895428517e-6
21237	1.174298616686256e-6
21238	1.174512132675045e-6
21239	1.174628122783847e-6
21240	1.174700601081444e-6
21241	1.174942974287648e-6
21242	1.175062260795042e-6
21243	1.175163291480170e-6
21244	1.175284162077675e-6
21245	1.175534496872487e-6
21246	1.175610039492372e-6
21247	1.175689951755415e-6
21248	1.175850564818575e-6
21249	1.176048819199449e-6
21250	1.176196013376782e-6
21251	1.176318705566786e-6
21252	1.176612564577007e-6
21253	1.176783042771862e-6
21254	1.176981186471407e-6
21255	1.177189926374871e-6
21256	1.177307985615737e-6
21257	1.177428573194950e-6
21258	1.177616246794309e-6
21259	1.177771958599321e-6
21260	1.177872687485082e-6
21261	1.177942289069111e-6
21262	1.178099846009474e-6
21263	1.178207992791874e-6
21264	1.178299263086390e-6
21265	1.178416809877596e-6
21266	1.178704525058333e-6
21267	1.178908160588448e-6
21268	1.179016467881051e-6
21269	1.179193062508267e-6
21270	1.179257424419236e-6
21271	1.179380322304574e-6
21272	1.179745867045286e-6
21273	1.179979127608599e-6
21274	1.180042876320065e-6
21275	1.180182944511601e-6
21276	1.180217796749702e-6
21277	1.180440282709563e-6
21278	1.180631505124455e-6
21279	1.180675284977401e-6
21280	1.180851717049931e-6
21281	1.180944854875113e-6
21282	1.181151125316567e-6
21283	1.181282254992400e-6
21284	1.181543605448944e-6
21285	1.181600485821551e-6
21286	1.181761872100817e-6
21287	1.181825764409944e-6
21288	1.182008677379207e-6
21289	1.182312546863817e-6
21290	1.182449008734528e-6
21291	1.182544324262232e-6
21292	1.182735958811437e-6
21293	1.182810113973556e-6
21294	1.182913614190270e-6
21295	1.183065451034914e-6
21296	1.183192326873554e-6
21297	1.183368069501418e-6
21298	1.183479151677761e-6
21299	1.183586880972958e-6
21300	1.183615143896805e-6
21301	1.183713780225963e-6
21302	1.184113028946103e-6
21303	1.184217059288017e-6
21304	1.184277168769112e-6
21305	1.184428679469502e-6
21306	1.184600293059525e-6
21307	1.184872098491111e-6
21308	1.184982354209807e-6
21309	1.185003520820209e-6
21310	1.185195177984940e-6
21311	1.185386966828796e-6
21312	1.185500815741237e-6
21313	1.185583884956915e-6
21314	1.185615999154417e-6
21315	1.185836554081583e-6
21316	1.185944622899301e-6
21317	1.186170957721730e-6
21318	1.186233477816189e-6
21319	1.186444155671095e-6
21320	1.186617853692452e-6
21321	1.186770714633420e-6
21322	1.186829569919587e-6
21323	1.186913186100457e-6
21324	1.187048902997298e-6
21325	1.187139455106129e-6
21326	1.187304209275137e-6
21327	1.187549255602519e-6
21328	1.187630846560292e-6
21329	1.187701021579035e-6
21330	1.187940921666118e-6
21331	1.187983846551719e-6
21332	1.188071670057125e-6
21333	1.188258833372822e-6
21334	1.188394298304934e-6
21335	1.188460998788196e-6
21336	1.188659978956286e-6
21337	1.188745511387504e-6
21338	1.188832323945131e-6
21339	1.188935594726658e-6
21340	1.189244950564115e-6
21341	1.189573262973335e-6
21342	1.189608937879380e-6
21343	1.189723852138548e-6
21344	1.189881195994388e-6
21345	1.189997551935125e-6
21346	1.190170859043422e-6
21347	1.190224299186489e-6
21348	1.190444102426182e-6
21349	1.190524420791141e-6
21350	1.190563594344617e-6
21351	1.190716082193581e-6
21352	1.190898611316810e-6
21353	1.191006571240718e-6
21354	1.191126456220123e-6
21355	1.191220623126493e-6
21356	1.191364415565077e-6
21357	1.191711806538438e-6
21358	1.191863264960903e-6
21359	1.191960967000317e-6
21360	1.192035279386090e-6
21361	1.192059620669068e-6
21362	1.192254036497755e-6
21363	1.192445531926219e-6
21364	1.192581371325722e-6
21365	1.192637315544757e-6
21366	1.192728995089497e-6
21367	1.192827733045912e-6
21368	1.192941492738604e-6
21369	1.193079280595528e-6
21370	1.193151438304788e-6
21371	1.193434344331565e-6
21372	1.193695956401988e-6
21373	1.193719343473459e-6
21374	1.193774302977704e-6
21375	1.193860239418876e-6
21376	1.194087466888366e-6
21377	1.194195856397634e-6
21378	1.194388955576018e-6
21379	1.194452732805211e-6
21380	1.194596057751746e-6
21381	1.194603756030907e-6
21382	1.194829933443905e-6
21383	1.195020606809477e-6
21384	1.195159419573613e-6
21385	1.195297774221873e-6
21386	1.195436643707872e-6
21387	1.195565684887061e-6
21388	1.195622219818448e-6
21389	1.195721726636831e-6
21390	1.195752643127199e-6
21391	1.195877298078810e-6
21392	1.196163681902637e-6
21393	1.196205275640127e-6
21394	1.196390399358405e-6
21395	1.196420202940587e-6
21396	1.196535576993554e-6
21397	1.196634819443615e-6
21398	1.196832007178086e-6
21399	1.196900591168157e-6
21400	1.197244711957140e-6
21401	1.197291137761607e-6
21402	1.197348674206897e-6
21403	1.197477163534714e-6
21404	1.197680600971975e-6
21405	1.197723256960354e-6
21406	1.197968860808421e-6
21407	1.198020172693097e-6
21408	1.198223723294525e-6
21409	1.198346307394952e-6
21410	1.198408564524074e-6
21411	1.198524807320491e-6
21412	1.198651010095119e-6
21413	1.198785107917395e-6
21414	1.198804206282281e-6
21415	1.198888693077198e-6
21416	1.199082035771156e-6
21417	1.199128928383084e-6
21418	1.199215858237568e-6
21419	1.199381700751518e-6
21420	1.199488603358279e-6
21421	1.199640015563389e-6
21422	1.199715032458651e-6
21423	1.199818443221719e-6
21424	1.200004191288319e-6
21425	1.200159647201005e-6
21426	1.200281127241535e-6
21427	1.200434245917654e-6
21428	1.200483206877361e-6
21429	1.200559367428725e-6
21430	1.200606027002819e-6
21431	1.200772793162033e-6
21432	1.200801990502112e-6
21433	1.200993306553989e-6
21434	1.201091010598558e-6
21435	1.201260985633102e-6
21436	1.201355482400914e-6
21437	1.201416192107185e-6
21438	1.201511383151181e-6
21439	1.201807161214723e-6
21440	1.201831642898996e-6
21441	1.202006991652167e-6
21442	1.202113523834414e-6
21443	1.202153569554384e-6
21444	1.202234498914936e-6
21445	1.202346243047508e-6
21446	1.202470998125425e-6
21447	1.202547431310269e-6
21448	1.202757204995098e-6
21449	1.202825648358464e-6
21450	1.202950682054184e-6
21451	1.203063551891942e-6
21452	1.203194149596923e-6
21453	1.203372341258728e-6
21454	1.203458028504054e-6
21455	1.203605964560108e-6
21456	1.203778692284025e-6
21457	1.203851672294277e-6
21458	1.203876919497588e-6
21459	1.204037391621302e-6
21460	1.204066992656601e-6
21461	1.204128393305154e-6
21462	1.204203303769475e-6
21463	1.204334360304476e-6
21464	1.204431007373772e-6
21465	1.204622190357754e-6
21466	1.204770740189447e-6
21467	1.204825273139993e-6
21468	1.204933721556257e-6
21469	1.205030353179032e-6
21470	1.205133552772856e-6
21471	1.205192934673714e-6
21472	1.205280247017982e-6
21473	1.205350341400413e-6
21474	1.205436893032769e-6
21475	1.205592091073805e-6
21476	1.205631566419489e-6
21477	1.205750378681018e-6
21478	1.205843994805930e-6
21479	1.205873493881822e-6
21480	1.205949589599961e-6
21481	1.206115978771518e-6
21482	1.206194995281354e-6
21483	1.206221167545775e-6
21484	1.206344674529471e-6
21485	1.206435173980278e-6
21486	1.206537012009510e-6
21487	1.206587735431679e-6
21488	1.206702435111315e-6
21489	1.206838705956150e-6
21490	1.206886173147058e-6
21491	1.207031781664396e-6
21492	1.207045825463255e-6
21493	1.207241935697850e-6
21494	1.207328100234977e-6
21495	1.207444498594639e-6
21496	1.207485763538511e-6
21497	1.207559686032968e-6
21498	1.207604463715239e-6
21499	1.207722430182831e-6
21500	1.207786721168404e-6
21501	1.207841248638520e-6
21502	1.207887844429488e-6
21503	1.207997773731800e-6
21504	1.208073816386315e-6
21505	1.208285103786084e-6
21506	1.208380269935263e-6
21507	1.208472305316108e-6
21508	1.208609371173004e-6
21509	1.208631304129175e-6
21510	1.208817589717610e-6
21511	1.208924758190935e-6
21512	1.208947726520788e-6
21513	1.209017289749948e-6
21514	1.209159540142408e-6
21515	1.209207630559745e-6
21516	1.209319421793683e-6
21517	1.209387180557226e-6
21518	1.209491195392520e-6
21519	1.209640040685765e-6
21520	1.209736949996385e-6
21521	1.209793709537363e-6
21522	1.209898924240562e-6
21523	1.209995100915795e-6
21524	1.210040559634503e-6
21525	1.210152500255576e-6
21526	1.210227607238576e-6
21527	1.210282893217353e-6
21528	1.210333743368337e-6
21529	1.210422749094926e-6
21530	1.210451914793716e-6
21531	1.210597224217738e-6
21532	1.210750764649869e-6
21533	1.210809108247414e-6
21534	1.210953377041824e-6
21535	1.211046286184953e-6
21536	1.211116809613691e-6
21537	1.211157133825672e-6
21538	1.211203527344044e-6
21539	1.211377986603128e-6
21540	1.211454001509998e-6
21541	1.211590039564562e-6
21542	1.211763953104939e-6
21543	1.211813080615786e-6
21544	1.211865246456849e-6
21545	1.211918352009239e-6
21546	1.211944395146120e-6
21547	1.212037360348656e-6
21548	1.212106264084485e-6
21549	1.212217880294410e-6
21550	1.212355215988199e-6
21551	1.212464983363080e-6
21552	1.212472529661299e-6
21553	1.212578221038873e-6
21554	1.212691278978822e-6
21555	1.212738129324009e-6
21556	1.212840851153542e-6
21557	1.212945932647214e-6
21558	1.213086170959387e-6
21559	1.213252457225531e-6
21560	1.213286284185305e-6
21561	1.213384534471508e-6
21562	1.213391852347988e-6
21563	1.213413670400365e-6
21564	1.213496376685629e-6
21565	1.213595917911248e-6
21566	1.213728509420570e-6
21567	1.213830524214937e-6
21568	1.213861674608914e-6
21569	1.213990833907798e-6
21570	1.214076481690181e-6
21571	1.214156465689908e-6
21572	1.214343412396413e-6
21573	1.214397351189237e-6
21574	1.214501352547149e-6
21575	1.214550583606713e-6
21576	1.214695307065593e-6
21577	1.214729609832056e-6
21578	1.214749801886361e-6
21579	1.214825120456921e-6
21580	1.214989998826020e-6
21581	1.215090351210442e-6
21582	1.215164726077898e-6
21583	1.215250170804000e-6
21584	1.215373907582700e-6
21585	1.215419678392328e-6
21586	1.215579450661471e-6
21587	1.215641584079507e-6
21588	1.215702135552803e-6
21589	1.215816016135288e-6
21590	1.215903904095299e-6
21591	1.215979767649437e-6
21592	1.216099642305013e-6
21593	1.216171248752923e-6
21594	1.216275976061793e-6
21595	1.216368461256917e-6
21596	1.216522496826218e-6
21597	1.216539195427243e-6
21598	1.216671853275417e-6
21599	1.216764075429174e-6
21600	1.216806753130657e-6
21601	1.216891198956686e-6
21602	1.216920366332047e-6
21603	1.217030180990231e-6
21604	1.217132256157602e-6
21605	1.217358957163465e-6
21606	1.217379859276816e-6
21607	1.217476783618928e-6
21608	1.217584607899064e-6
21609	1.217655208380889e-6
21610	1.217726908605771e-6
21611	1.217789659190888e-6
21612	1.217891313765561e-6
21613	1.217908905561248e-6
21614	1.218119658907342e-6
21615	1.218169894148752e-6
21616	1.218373076030644e-6
21617	1.218518698926873e-6
21618	1.218558077846262e-6
21619	1.218628060556846e-6
21620	1.218771068771394e-6
21621	1.218822257106785e-6
21622	1.218954138090702e-6
21623	1.219108655611932e-6
21624	1.219141847477862e-6
21625	1.219210528975272e-6
21626	1.219275463001315e-6
21627	1.219593861804584e-6
21628	1.219636688308046e-6
21629	1.219693308137483e-6
21630	1.219801135142224e-6
21631	1.219841534615853e-6
21632	1.220030723855108e-6
21633	1.220098067032740e-6
21634	1.220142723303674e-6
21635	1.220241524219066e-6
21636	1.220345910960222e-6
21637	1.220415172762577e-6
21638	1.220480040552468e-6
21639	1.220614353425809e-6
21640	1.220681423532061e-6
21641	1.220700099784559e-6
21642	1.220779663089591e-6
21643	1.220908485634627e-6
21644	1.221029507444214e-6
21645	1.221076829760479e-6
21646	1.221168728004959e-6
21647	1.221251615745240e-6
21648	1.221374434922644e-6
21649	1.221457631108432e-6
21650	1.221550512921896e-6
21651	1.221730194167755e-6
21652	1.221875933816122e-6
21653	1.221900182567451e-6
21654	1.222040446005350e-6
21655	1.222166977476081e-6
21656	1.222272696149096e-6
21657	1.222372904395238e-6
21658	1.222477735578316e-6
21659	1.222593461763645e-6
21660	1.222661004637139e-6
21661	1.222772574034141e-6
21662	1.222837306083270e-6
21663	1.223034422079511e-6
21664	1.223079017742332e-6
21665	1.223157429814296e-6
21666	1.223251979593373e-6
21667	1.223460120141189e-6
21668	1.223479390358564e-6
21669	1.223613748547211e-6
21670	1.223696023677208e-6
21671	1.223843113479710e-6
21672	1.223912779509147e-6
21673	1.223998765994046e-6
21674	1.224060452020916e-6
21675	1.224240087937683e-6
21676	1.224281116475460e-6
21677	1.224465787793215e-6
21678	1.224578901804884e-6
21679	1.224612894126982e-6
21680	1.224696710396120e-6
21681	1.224756895925937e-6
21682	1.224944266655519e-6
21683	1.225064447956519e-6
21684	1.225177215892819e-6
21685	1.225316785802063e-6
21686	1.225413426888847e-6
21687	1.225556743081138e-6
21688	1.225663408213830e-6
21689	1.225716120124349e-6
21690	1.225870176700440e-6
21691	1.225932842279755e-6
21692	1.226084764885407e-6
21693	1.226170421036678e-6
21694	1.226211678787868e-6
21695	1.226279368462524e-6
21696	1.226434852781442e-6
21697	1.226570840061794e-6
21698	1.226622542058608e-6
21699	1.226858228089399e-6
21700	1.226955099532983e-6
21701	1.227020845192289e-6
21702	1.227113303540837e-6
21703	1.227167919346772e-6
21704	1.227193500560674e-6
21705	1.227354385658060e-6
21706	1.227480084415045e-6
21707	1.227608737920497e-6
21708	1.227657705768292e-6
21709	1.227702828023442e-6
21710	1.227915778425491e-6
21711	1.227979033020375e-6
21712	1.228036566473950e-6
21713	1.228186543298514e-6
21714	1.228283652559602e-6
21715	1.228292876980358e-6
21716	1.228390670951230e-6
21717	1.228567322618806e-6
21718	1.228718895785512e-6
21719	1.228822821675859e-6
21720	1.229019740536815e-6
21721	1.229097298437233e-6
21722	1.229133955664141e-6
21723	1.229285022301175e-6
21724	1.229388969227298e-6
21725	1.229488806595440e-6
21726	1.229533169923840e-6
21727	1.229692446104093e-6
21728	1.229779543587601e-6
21729	1.229848831963735e-6
21730	1.229980035317137e-6
21731	1.230036665532764e-6
21732	1.230182913291921e-6
21733	1.230286258280767e-6
21734	1.230393186040674e-6
21735	1.230445141733687e-6
21736	1.230539504552164e-6
21737	1.230567507891185e-6
21738	1.230768617689307e-6
21739	1.230833716978564e-6
21740	1.230912843019710e-6
21741	1.230982441816193e-6
21742	1.231091560344097e-6
21743	1.231148067280961e-6
21744	1.231256811768373e-6
21745	1.231369528441052e-6
21746	1.231526900114317e-6
21747	1.231644446910815e-6
21748	1.231789854724480e-6
21749	1.231938028549179e-6
21750	1.232053511395179e-6
21751	1.232171995322519e-6
21752	1.232244448193126e-6
21753	1.232261263115373e-6
21754	1.232294834762560e-6
21755	1.232486848228673e-6
21756	1.232530001814885e-6
21757	1.232604342330551e-6
21758	1.232628827512604e-6
21759	1.232758117596358e-6
21760	1.232946086780173e-6
21761	1.232991393798544e-6
21762	1.233064991247238e-6
21763	1.233177569093171e-6
21764	1.233226106838134e-6
21765	1.233312859173077e-6
21766	1.233389273427255e-6
21767	1.233542978745996e-6
21768	1.233699546501227e-6
21769	1.233831338762292e-6
21770	1.233850359637547e-6
21771	1.233913318547967e-6
21772	1.233990344338136e-6
21773	1.234103895175357e-6
21774	1.234162082251056e-6
21775	1.234287354137908e-6
21776	1.234337459486527e-6
21777	1.234414556667241e-6
21778	1.234521614923940e-6
21779	1.234677937574548e-6
21780	1.234749619527089e-6
21781	1.234972371069061e-6
21782	1.235054789349048e-6
21783	1.235110126338068e-6
21784	1.235139367015693e-6
21785	1.235164662327130e-6
21786	1.235290179346725e-6
21787	1.235354555059561e-6
21788	1.235431922514654e-6
21789	1.235596342848430e-6
21790	1.235686244285837e-6
21791	1.235781070524352e-6
21792	1.235877946885886e-6
21793	1.235948755506372e-6
21794	1.236044055971767e-6
21795	1.236248574797019e-6
21796	1.236275823385490e-6
21797	1.236372521294324e-6
21798	1.236401186069990e-6
21799	1.236579289276547e-6
21800	1.236618326046954e-6
21801	1.236777653095994e-6
21802	1.236831112054877e-6
21803	1.236956345977750e-6
21804	1.237050977083344e-6
21805	1.237137874848735e-6
21806	1.237217779055019e-6
21807	1.237356748576238e-6
21808	1.237416605716864e-6
21809	1.237455432265584e-6
21810	1.237554377076948e-6
21811	1.237677983333275e-6
21812	1.237738299782042e-6
21813	1.237812957086033e-6
21814	1.237898316914609e-6
21815	1.237984392797350e-6
21816	1.238045976145660e-6
21817	1.238238290128503e-6
21818	1.238309616955985e-6
21819	1.238358739750088e-6
21820	1.238432659272640e-6
21821	1.238633627938440e-6
21822	1.238641606854295e-6
21823	1.238706098628292e-6
21824	1.238803707471498e-6
21825	1.238862573628694e-6
21826	1.238952990067746e-6
21827	1.239074470944311e-6
21828	1.239107966662088e-6
21829	1.239226810021428e-6
21830	1.239282409255467e-6
21831	1.239302531989235e-6
21832	1.239429076333512e-6
21833	1.239540092720019e-6
21834	1.239552613811655e-6
21835	1.239619497977332e-6
21836	1.239761225840493e-6
21837	1.239770936246166e-6
21838	1.239791943348252e-6
21839	1.239917510916616e-6
21840	1.239991773385058e-6
21841	1.240033823308409e-6
21842	1.240256431784785e-6
21843	1.240334876592744e-6
21844	1.240391586302901e-6
21845	1.240538926564002e-6
21846	1.240572104054188e-6
21847	1.240629076100107e-6
21848	1.240650700814010e-6
21849	1.240778435739431e-6
21850	1.240846176077476e-6
21851	1.240905881426102e-6
21852	1.240978766870023e-6
21853	1.241052920414898e-6
21854	1.241141585118610e-6
21855	1.241275652798372e-6
21856	1.241380985354157e-6
21857	1.241480358323088e-6
21858	1.241588707774737e-6
21859	1.241643358317954e-6
21860	1.241677713058094e-6
21861	1.241733285758062e-6
21862	1.241848124401592e-6
21863	1.241933952934968e-6
21864	1.242024138632246e-6
21865	1.242057644265600e-6
21866	1.242145429273407e-6
21867	1.242200540519161e-6
21868	1.242369994133911e-6
21869	1.242419336969484e-6
21870	1.242469588248419e-6
21871	1.242650829706470e-6
21872	1.242669515420371e-6
21873	1.242702366494344e-6
21874	1.242849779933279e-6
21875	1.242988136238128e-6
21876	1.242999827745274e-6
21877	1.243105975643233e-6
21878	1.243142005136630e-6
21879	1.243152185974623e-6
21880	1.243216791292070e-6
21881	1.243299326690088e-6
21882	1.243372746842643e-6
21883	1.243427164822432e-6
21884	1.243496026636099e-6
21885	1.243555812449438e-6
21886	1.243614213366490e-6
21887	1.243680528043522e-6
21888	1.243758313092565e-6
21889	1.243896111309720e-6
21890	1.243919725707199e-6
21891	1.243969662770209e-6
21892	1.244143493280194e-6
21893	1.244225718754411e-6
21894	1.244292412051830e-6
21895	1.244375508633996e-6
21896	1.244439007856497e-6
21897	1.244466358870514e-6
21898	1.244555372600787e-6
21899	1.244638527694368e-6
21900	1.244711462201506e-6
21901	1.244771878999572e-6
21902	1.244858869563364e-6
21903	1.244967373122427e-6
21904	1.245084445587598e-6
21905	1.245142451580515e-6
21906	1.245205041542287e-6
21907	1.245278459540778e-6
21908	1.245354663704997e-6
21909	1.245356657344182e-6
21910	1.245471588017550e-6
21911	1.245605895292725e-6
21912	1.245732284304495e-6
21913	1.245766879432245e-6
21914	1.245925032176140e-6
21915	1.245970271093082e-6
21916	1.246080707029791e-6
21917	1.246148922761133e-6
21918	1.246191774914481e-6
21919	1.246252126257836e-6
21920	1.246329776014618e-6
21921	1.246418693523912e-6
21922	1.246440185423488e-6
21923	1.246504594813086e-6
21924	1.246560792977528e-6
21925	1.246666385633753e-6
21926	1.246769359189060e-6
21927	1.246815753276764e-6
21928	1.246855667763606e-6
21929	1.246930880203095e-6
21930	1.246988058651951e-6
21931	1.247124848829154e-6
21932	1.247218517305207e-6
21933	1.247328504367947e-6
21934	1.247390152426971e-6
21935	1.247404408905089e-6
21936	1.247559559857545e-6
21937	1.247660367055504e-6
21938	1.247677537213212e-6
21939	1.247745954278901e-6
21940	1.247820996602326e-6
21941	1.247840151365355e-6
21942	1.247950434997183e-6
21943	1.248008886541945e-6
21944	1.248085461302640e-6
21945	1.248170430682682e-6
21946	1.248242512899950e-6
21947	1.248333572668907e-6
21948	1.248405547142980e-6
21949	1.248446361049957e-6
21950	1.248517066183593e-6
21951	1.248567065595892e-6
21952	1.248620122088531e-6
21953	1.248711040057786e-6
21954	1.248753557892116e-6
21955	1.248855129347289e-6
21956	1.248883051440833e-6
21957	1.248947073143454e-6
21958	1.249073356834736e-6
21959	1.249147659121289e-6
21960	1.249183778085586e-6
21961	1.249225381944212e-6
21962	1.249299674830826e-6
21963	1.249358202173631e-6
21964	1.249387761883867e-6
21965	1.249401233864577e-6
21966	1.249612577085030e-6
21967	1.249667479446267e-6
21968	1.249707214420076e-6
21969	1.249763454692689e-6
21970	1.249862517391406e-6
21971	1.249971568536614e-6
21972	1.249989564877055e-6
21973	1.250090842446721e-6
21974	1.250127158620549e-6
21975	1.250175656054244e-6
21976	1.250267210606818e-6
21977	1.250354824800664e-6
21978	1.250420398712475e-6
21979	1.250519761355474e-6
21980	1.250593957845636e-6
21981	1.250616946309104e-6
21982	1.250666688006326e-6
21983	1.250747544177280e-6
21984	1.250797914665489e-6
21985	1.250872176082245e-6
21986	1.250956498044608e-6
21987	1.251012614969307e-6
21988	1.251115852341660e-6
21989	1.251155344496422e-6
21990	1.251222077613247e-6
21991	1.251229022170667e-6
21992	1.251333391866511e-6
21993	1.251369219537221e-6
21994	1.251441085812675e-6
21995	1.251499749371017e-6
21996	1.251559400577477e-6
21997	1.251632041009825e-6
21998	1.251695810682851e-6
21999	1.251746334361885e-6
22000	1.251823020307129e-6
22001	1.251843264248497e-6
22002	1.251958323823140e-6
22003	1.252043998987002e-6
22004	1.252124574732050e-6
22005	1.252129010225897e-6
22006	1.252302525634651e-6
22007	1.252354078767294e-6
22008	1.252387762460194e-6
22009	1.252446713437420e-6
22010	1.252494313761037e-6
22011	1.252517806922757e-6
22012	1.252542131586891e-6
22013	1.252591748644404e-6
22014	1.252685044493995e-6
22015	1.252782589280428e-6
22016	1.252815058078837e-6
22017	1.252860090880966e-6
22018	1.252937982778614e-6
22019	1.253027644241394e-6
22020	1.253085267558470e-6
22021	1.253173314095965e-6
22022	1.253201305301386e-6
22023	1.253279999564756e-6
22024	1.253321139081092e-6
22025	1.253340206179674e-6
22026	1.253425052588362e-6
22027	1.253472364621719e-6
22028	1.253521108812904e-6
22029	1.253572441434840e-6
22030	1.253614777558604e-6
22031	1.253737038423129e-6
22032	1.253761268258593e-6
22033	1.253785526776317e-6
22034	1.253878036303797e-6
22035	1.253909872039835e-6
22036	1.253928722479265e-6
22037	1.254005031936500e-6
22038	1.254080387807644e-6
22039	1.254139315488854e-6
22040	1.254193205899257e-6
22041	1.254265054121780e-6
22042	1.254327963934899e-6
22043	1.254353968240988e-6
22044	1.254375103997799e-6
22045	1.254461437093076e-6
22046	1.254480272588550e-6
22047	1.254504858407306e-6
22048	1.254628297159377e-6
22049	1.254718731914557e-6
22050	1.254759776383945e-6
22051	1.254826836107668e-6
22052	1.254838436970277e-6
22053	1.254898142663824e-6
22054	1.254957858191250e-6
22055	1.254986318265859e-6
22056	1.255032737910276e-6
22057	1.255096110785675e-6
22058	1.255171663286619e-6
22059	1.255178315805868e-6
22060	1.255267418045699e-6
22061	1.255310128789690e-6
22062	1.255341543905994e-6
22063	1.255417725329776e-6
22064	1.255457675301354e-6
22065	1.255506312534954e-6
22066	1.255576759798532e-6
22067	1.255615879801412e-6
22068	1.255691866706633e-6
22069	1.255707358971577e-6
22070	1.255722305328574e-6
22071	1.255756210508667e-6
22072	1.255814237292179e-6
22073	1.255876248508974e-6
22074	1.255906238320926e-6
22075	1.255981855555422e-6
22076	1.256030548094045e-6
22077	1.256101112048953e-6
22078	1.256138218549513e-6
22079	1.256164153252633e-6
22080	1.256193476290673e-6
22081	1.256246284327527e-6
22082	1.256293872039650e-6
22083	1.256390058641890e-6
22084	1.256430925649775e-6
22085	1.256470770184595e-6
22086	1.256544778103794e-6
22087	1.256577672785820e-6
22088	1.256614871689086e-6
22089	1.256630565035025e-6
22090	1.256659888338324e-6
22091	1.256727219271712e-6
22092	1.256752030329447e-6
22093	1.256773919691103e-6
22094	1.256787194958397e-6
22095	1.256864154122527e-6
22096	1.256878571893363e-6
22097	1.256928729903146e-6
22098	1.256989028459677e-6
22099	1.257063173831833e-6
22100	1.257075494307743e-6
22101	1.257136247593536e-6
22102	1.257153910433651e-6
22103	1.257184119624425e-6
22104	1.257235170738466e-6
22105	1.257245918820786e-6
22106	1.257298864598569e-6
22107	1.257313587061673e-6
22108	1.257342242814572e-6
22109	1.257399911643798e-6
22110	1.257444950311996e-6
22111	1.257490322443121e-6
22112	1.257518147886621e-6
22113	1.257560747313123e-6
22114	1.257580042111433e-6
22115	1.257619594251820e-6
22116	1.257650570812847e-6
22117	1.257668849959042e-6
22118	1.257703387656484e-6
22119	1.257752149408198e-6
22120	1.257785384601977e-6
22121	1.257811888667779e-6
22122	1.257839762802737e-6
22123	1.257865433350624e-6
22124	1.257891554454785e-6
22125	1.257912886698905e-6
22126	1.257981005229238e-6
22127	1.258002301980541e-6
22128	1.258034705027915e-6
22129	1.258049986925299e-6
22130	1.258093196711575e-6
22131	1.258115610171914e-6
22132	1.258131174770288e-6
22133	1.258180563837624e-6
22134	1.258212981382912e-6
22135	1.258221661645454e-6
22136	1.258257919595578e-6
22137	1.258287333486768e-6
22138	1.258305341803936e-6
22139	1.258343607216202e-6
22140	1.258375632861237e-6
22141	1.258421325113193e-6
22142	1.258429603927379e-6
22143	1.258451985920121e-6
22144	1.258501223980426e-6
22145	1.258546051834417e-6
22146	1.258571040270667e-6
22147	1.258581538245130e-6
22148	1.258592802676930e-6
22149	1.258634053376150e-6
22150	1.258667144511820e-6
22151	1.258692379258099e-6
22152	1.258724403753712e-6
22153	1.258763073045845e-6
22154	1.258778627706179e-6
22155	1.258816312641501e-6
22156	1.258835303763933e-6
22157	1.258852143468110e-6
22158	1.258909476522617e-6
22159	1.258946422413754e-6
22160	1.258952943528802e-6
22161	1.258989446167828e-6
22162	1.259004554639288e-6
22163	1.259032338061059e-6
22164	1.259043367958130e-6
22165	1.259070643674455e-6
22166	1.259078762991971e-6
22167	1.259138664655691e-6
22168	1.259145712021215e-6
22169	1.259160600721279e-6
22170	1.259188247689240e-6
22171	1.259229918643540e-6
22172	1.259278549620517e-6
22173	1.259288651120626e-6
22174	1.259309698384303e-6
22175	1.259322910517733e-6
22176	1.259335840108625e-6
22177	1.259352475628779e-6
22178	1.259352780696594e-6
22179	1.259397667395165e-6
22180	1.259437296640769e-6
22181	1.259468924563258e-6
22182	1.259514592551892e-6
22183	1.259543657559773e-6
22184	1.259564144114419e-6
22185	1.259570138061663e-6
22186	1.259587954155305e-6
22187	1.259626394939682e-6
22188	1.259653946716093e-6
22189	1.259686490855322e-6
22190	1.259701281287473e-6
22191	1.259728929719780e-6
22192	1.259738601101830e-6
22193	1.259781804356400e-6
22194	1.259788029792329e-6
22195	1.259801476082542e-6
22196	1.259827251190218e-6
22197	1.259864703590874e-6
22198	1.259890885085220e-6
22199	1.259898169071459e-6
22200	1.259923247376504e-6
22201	1.259940997058514e-6
22202	1.259945006997700e-6
22203	1.259963191086846e-6
22204	1.260003046515357e-6
22205	1.260023429138734e-6
22206	1.260044949730954e-6
22207	1.260093354705534e-6
22208	1.260116602623248e-6
22209	1.260127340055778e-6
22210	1.260147147420272e-6
22211	1.260160492219391e-6
22212	1.260179307076567e-6
22213	1.260217463014086e-6
22214	1.260234977939653e-6
22215	1.260264053681996e-6
22216	1.260281994305841e-6
22217	1.260299997831495e-6
22218	1.260322937346971e-6
22219	1.260336073408552e-6
22220	1.260376560394985e-6
22221	1.260396169018858e-6
22222	1.260423510754929e-6
22223	1.260430017800545e-6
22224	1.260453204529311e-6
22225	1.260460441702150e-6
22226	1.260474197344222e-6
22227	1.260493087198836e-6
22228	1.260538096999823e-6
22229	1.260549002243953e-6
22230	1.260581119500973e-6
22231	1.260592970922395e-6
22232	1.260605103438552e-6
22233	1.260667441730892e-6
22234	1.260699066255018e-6
22235	1.260713873142507e-6
22236	1.260737339846502e-6
22237	1.260748566153723e-6
22238	1.260779742419662e-6
22239	1.260811544648480e-6
22240	1.260813693927163e-6
22241	1.260824494326648e-6
22242	1.260877468544245e-6
22243	1.260923554769398e-6
22244	1.260933872657487e-6
22245	1.260939368709838e-6
22246	1.260974894969706e-6
22247	1.260996785979896e-6
22248	1.261017345949097e-6
22249	1.261029155752589e-6
22250	1.261042529471491e-6
22251	1.261084242580306e-6
22252	1.261095543534901e-6
22253	1.261129346194284e-6
22254	1.261137778121713e-6
22255	1.261197237299402e-6
22256	1.261218575608001e-6
22257	1.261239844009587e-6
22258	1.261290142923272e-6
22259	1.261308494790347e-6
22260	1.261317951521094e-6
22261	1.261356058906907e-6
22262	1.261374703449100e-6
22263	1.261411825395772e-6
22264	1.261426050466293e-6
22265	1.261440982407328e-6
22266	1.261443561549323e-6
22267	1.261470160228514e-6
22268	1.261494075351832e-6
22269	1.261514446365166e-6
22270	1.261531126947017e-6
22271	1.261562729617860e-6
22272	1.261611831830106e-6
22273	1.261623904493205e-6
22274	1.261653914620977e-6
22275	1.261665508377628e-6
22276	1.261695880711794e-6
22277	1.261715339833303e-6
22278	1.261738118679895e-6
22279	1.261778190323511e-6
22280	1.261790787336232e-6
22281	1.261834641040602e-6
22282	1.261869154092627e-6
22283	1.261877040389404e-6
22284	1.261906195514635e-6
22285	1.261920073414556e-6
22286	1.261952676064299e-6
22287	1.261970941874039e-6
22288	1.261986027122947e-6
22289	1.262032513987784e-6
22290	1.262070466271305e-6
22291	1.262092246750201e-6
22292	1.262114287625107e-6
22293	1.262138043649236e-6
22294	1.262148472516298e-6
22295	1.262206481114827e-6
22296	1.262212555788743e-6
22297	1.262247684732083e-6
22298	1.262277176043039e-6
22299	1.262299445478597e-6
22300	1.262333927534773e-6
22301	1.262351826004181e-6
22302	1.262363463231083e-6
22303	1.262395737698870e-6
22304	1.262420001524172e-6
22305	1.262445686371656e-6
22306	1.262482023883125e-6
22307	1.262505559696807e-6
22308	1.262530903236399e-6
22309	1.262591723760606e-6
22310	1.262614913843328e-6
22311	1.262645415549447e-6
22312	1.262671856590027e-6
22313	1.262694906692573e-6
22314	1.262711734391470e-6
22315	1.262753181017407e-6
22316	1.262785456852006e-6
22317	1.262803465541681e-6
22318	1.262843614769773e-6
22319	1.262894072251326e-6
22320	1.262906913284310e-6
22321	1.262908389302167e-6
22322	1.262943082842677e-6
22323	1.262991213387091e-6
22324	1.263064351739886e-6
22325	1.263075800785615e-6
22326	1.263087196882797e-6
22327	1.263104292646671e-6
22328	1.263118765829823e-6
22329	1.263159524114839e-6
22330	1.263162899326148e-6
22331	1.263210768931520e-6
22332	1.263235873900614e-6
22333	1.263258363719982e-6
22334	1.263274946801590e-6
22335	1.263298497059546e-6
22336	1.263307290915022e-6
22337	1.263330587785428e-6
22338	1.263384337115429e-6
22339	1.263403748614645e-6
22340	1.263455215684416e-6
22341	1.263472969782764e-6
22342	1.263503625411303e-6
22343	1.263517700556495e-6
22344	1.263553099560414e-6
22345	1.263572787186608e-6
22346	1.263590073911319e-6
22347	1.263619732269214e-6
22348	1.263642561896201e-6
22349	1.263661407746911e-6
22350	1.263724667315901e-6
22351	1.263764410681436e-6
22352	1.263792032008049e-6
22353	1.263819895193722e-6
22354	1.263869069971618e-6
22355	1.263914904190648e-6
22356	1.263939570920790e-6
22357	1.263947997357198e-6
22358	1.263994487490468e-6
22359	1.264015524833310e-6
22360	1.264049310655695e-6
22361	1.264065931387157e-6
22362	1.264101185307132e-6
22363	1.264121308053611e-6
22364	1.264143014922957e-6
22365	1.264171060597392e-6
22366	1.264200636385994e-6
22367	1.264208270223222e-6
22368	1.264271126100144e-6
22369	1.264279782917641e-6
22370	1.264311876266285e-6
22371	1.264340709313990e-6
22372	1.264369124788598e-6
22373	1.264384070207924e-6
22374	1.264419899715948e-6
22375	1.264431788498947e-6
22376	1.264438400364948e-6
22377	1.264469534529858e-6
22378	1.264488783191812e-6
22379	1.264515266981259e-6
22380	1.264551777042576e-6
22381	1.264565731112628e-6
22382	1.264613328448668e-6
22383	1.264650818944737e-6
22384	1.264666811368740e-6
22385	1.264707380625381e-6
22386	1.264725738220757e-6
22387	1.264750185754827e-6
22388	1.264803050588990e-6
22389	1.264827009449534e-6
22390	1.264872847394221e-6
22391	1.264877641691737e-6
22392	1.264916044492809e-6
22393	1.264929124319220e-6
22394	1.264970718692967e-6
22395	1.264988210010736e-6
22396	1.265027676727942e-6
22397	1.265075222044142e-6
22398	1.265107702552399e-6
22399	1.265113422948019e-6
22400	1.265134401280472e-6
22401	1.265140455162070e-6
22402	1.265216340243429e-6
22403	1.265239078136050e-6
22404	1.265270826025887e-6
22405	1.265292665629407e-6
22406	1.265303803653205e-6
22407	1.265345705570747e-6
22408	1.265377402082978e-6
22409	1.265406821471045e-6
22410	1.265424534129423e-6
22411	1.265479930769711e-6
22412	1.265489582759337e-6
22413	1.265531177831458e-6
22414	1.265551078654153e-6
22415	1.265553299161351e-6
22416	1.265578493343280e-6
22417	1.265613537564228e-6
22418	1.265672641230429e-6
22419	1.265697197959611e-6
22420	1.265708034480789e-6
22421	1.265720670677651e-6
22422	1.265778587338710e-6
22423	1.265786803767273e-6
22424	1.265803373689269e-6
22425	1.265846312516189e-6
22426	1.265853376861835e-6
22427	1.265872994329001e-6
22428	1.265953045960331e-6
22429	1.265970320461873e-6
22430	1.265998100679937e-6
22431	1.266001962010118e-6
22432	1.266022825199054e-6
22433	1.266055115211028e-6
22434	1.266092270972122e-6
22435	1.266123500226389e-6
22436	1.266134904470570e-6
22437	1.266166395531304e-6
22438	1.266180619590950e-6
22439	1.266244611733201e-6
22440	1.266260687758337e-6
22441	1.266288830701149e-6
22442	1.266314538820662e-6
22443	1.266344881931747e-6
22444	1.266365316868364e-6
22445	1.266415313318797e-6
22446	1.266423450788904e-6
22447	1.266442524067227e-6
22448	1.266472609058667e-6
22449	1.266518700056460e-6
22450	1.266535470930293e-6
22451	1.266585056469852e-6
22452	1.266611143486536e-6
22453	1.266657744973124e-6
22454	1.266681239255646e-6
22455	1.266697863115450e-6
22456	1.266722271701509e-6
22457	1.266757618258383e-6
22458	1.266811047277029e-6
22459	1.266833142486695e-6
22460	1.266855170842920e-6
22461	1.266875988157435e-6
22462	1.266888370804719e-6
22463	1.266938565121042e-6
22464	1.266952632665633e-6
22465	1.267002361866138e-6
22466	1.267015504091704e-6
22467	1.267038180177529e-6
22468	1.267064833126433e-6
22469	1.267120234675201e-6
22470	1.267131157781714e-6
22471	1.267153916445883e-6
22472	1.267194548799421e-6
22473	1.267202111414917e-6
22474	1.267256549129430e-6
22475	1.267296047446941e-6
22476	1.267319251315769e-6
22477	1.267350195297848e-6
22478	1.267355541014221e-6
22479	1.267396134871949e-6
22480	1.267408901498000e-6
22481	1.267442238486285e-6
22482	1.267473341571194e-6
22483	1.267481159428876e-6
22484	1.267507446258752e-6
22485	1.267581014327578e-6
22486	1.267618608449401e-6
22487	1.267643884157469e-6
22488	1.267701908543390e-6
22489	1.267725738237918e-6
22490	1.267743902255488e-6
22491	1.267783854683423e-6
22492	1.267810144205584e-6
22493	1.267826029074723e-6
22494	1.267834247598892e-6
22495	1.267847343280294e-6
22496	1.267883474217372e-6
22497	1.267892773965121e-6
22498	1.267968766784488e-6
22499	1.267981050083167e-6
22500	1.268013961569645e-6
22501	1.268050182507016e-6
22502	1.268097979252823e-6
22503	1.268142948334589e-6
22504	1.268162708615409e-6
22505	1.268182903978410e-6
22506	1.268194524374938e-6
22507	1.268207936388339e-6
22508	1.268251102084293e-6
22509	1.268298212198783e-6
22510	1.268321379197127e-6
22511	1.268370644211065e-6
22512	1.268398509282533e-6
22513	1.268444184936043e-6
22514	1.268477419199433e-6
22515	1.268508606572959e-6
22516	1.268554513963661e-6
22517	1.268566227942872e-6
22518	1.268617274033765e-6
22519	1.268631458046460e-6
22520	1.268679938685986e-6
22521	1.268699571856346e-6
22522	1.268728317223304e-6
22523	1.268754570368426e-6
22524	1.268764855916983e-6
22525	1.268783042054306e-6
22526	1.268826398290595e-6
22527	1.268849833256945e-6
22528	1.268890114532094e-6
22529	1.268909692594653e-6
22530	1.268953708987937e-6
22531	1.269002852673786e-6
22532	1.269033570119305e-6
22533	1.269050410641548e-6
22534	1.269062397507308e-6
22535	1.269101520191114e-6
22536	1.269110889529498e-6
22537	1.269186822748016e-6
22538	1.269217747982936e-6
22539	1.269245958793736e-6
22540	1.269260354287815e-6
22541	1.269302999549020e-6
22542	1.269325739571663e-6
22543	1.269371487693674e-6
22544	1.269413457949616e-6
22545	1.269454596384927e-6
22546	1.269458127155847e-6
22547	1.269509517035460e-6
22548	1.269567299153098e-6
22549	1.269573038978305e-6
22550	1.269620568420772e-6
22551	1.269640424051858e-6
22552	1.269648053864955e-6
22553	1.269678530719777e-6
22554	1.269739786561545e-6
22555	1.269751318465200e-6
22556	1.269760697314356e-6
22557	1.269802168368303e-6
22558	1.269817856379301e-6
22559	1.269891984192661e-6
22560	1.269906309251952e-6
22561	1.269937762804811e-6
22562	1.269993018728423e-6
22563	1.270019102495374e-6
22564	1.270029971956858e-6
22565	1.270065000299469e-6
22566	1.270125502463336e-6
22567	1.270161476978568e-6
22568	1.270169724489861e-6
22569	1.270190095943118e-6
22570	1.270202942628965e-6
22571	1.270248025206928e-6
22572	1.270295327290698e-6
22573	1.270315314171915e-6
22574	1.270348478776992e-6
22575	1.270403941017092e-6
22576	1.270447056187045e-6
22577	1.270456897323129e-6
22578	1.270470335869425e-6
22579	1.270516187414168e-6
22580	1.270543268926389e-6
22581	1.270634004950042e-6
22582	1.270661212050629e-6
22583	1.270666562165328e-6
22584	1.270715396346055e-6
22585	1.270743588971180e-6
22586	1.270783519827342e-6
22587	1.270810268983612e-6
22588	1.270829549518665e-6
22589	1.270864384272516e-6
22590	1.270873251897909e-6
22591	1.270912773002860e-6
22592	1.270959990576115e-6
22593	1.271013188169264e-6
22594	1.271065373209339e-6
22595	1.271090356444551e-6
22596	1.271103486496996e-6
22597	1.271164206321892e-6
22598	1.271181769860033e-6
22599	1.271247733404360e-6
22600	1.271252156808453e-6
22601	1.271281054324841e-6
22602	1.271329961305469e-6
22603	1.271363145381388e-6
22604	1.271371637554571e-6
22605	1.271409689443023e-6
22606	1.271446868857536e-6
22607	1.271474423625939e-6
22608	1.271502293871356e-6
22609	1.271542542412556e-6
22610	1.271559578805263e-6
22611	1.271586050566195e-6
22612	1.271603344443763e-6
22613	1.271658516747670e-6
22614	1.271687104729977e-6
22615	1.271760373813399e-6
22616	1.271784568343851e-6
22617	1.271796978455942e-6
22618	1.271845148002648e-6
22619	1.271928547552349e-6
22620	1.271950716108550e-6
22621	1.271955919959513e-6
22622	1.271980656947047e-6
22623	1.272014575515522e-6
22624	1.272068903595345e-6
22625	1.272108515713169e-6
22626	1.272112784597095e-6
22627	1.272117497590663e-6
22628	1.272212737038928e-6
22629	1.272262414405454e-6
22630	1.272264718056509e-6
22631	1.272297796519886e-6
22632	1.272371677926332e-6
22633	1.272390950223656e-6
22634	1.272450248211938e-6
22635	1.272479377934257e-6
22636	1.272534101106896e-6
22637	1.272542988363599e-6
22638	1.272572452399106e-6
22639	1.272603334935507e-6
22640	1.272628158134464e-6
22641	1.272691546231641e-6
22642	1.272716997156160e-6
22643	1.272757264881751e-6
22644	1.272831575309849e-6
22645	1.272867018624135e-6
22646	1.272891917401175e-6
22647	1.272915835057548e-6
22648	1.272995651931910e-6
22649	1.273047317706292e-6
22650	1.273094987590607e-6
22651	1.273134175625146e-6
22652	1.273163486801140e-6
22653	1.273191459483497e-6
22654	1.273254028945123e-6
22655	1.273277152154802e-6
22656	1.273298135971676e-6
22657	1.273340860222538e-6
22658	1.273387427144811e-6
22659	1.273405693715882e-6
22660	1.273442136352572e-6
22661	1.273457420222797e-6
22662	1.273503924876030e-6
22663	1.273521149489662e-6
22664	1.273569915971570e-6
22665	1.273665593759958e-6
22666	1.273711304462605e-6
22667	1.273720520749046e-6
22668	1.273746799742023e-6
22669	1.273839568282421e-6
22670	1.273854252594418e-6
22671	1.273892900279682e-6
22672	1.273940215367395e-6
22673	1.273979300720472e-6
22674	1.274011982553558e-6
22675	1.274074407183207e-6
22676	1.274088115218066e-6
22677	1.274162724284985e-6
22678	1.274176549166604e-6
22679	1.274215053793403e-6
22680	1.274283098942757e-6
22681	1.274374386611961e-6
22682	1.274397157065239e-6
22683	1.274407465187940e-6
22684	1.274460921894409e-6
22685	1.274483584936322e-6
22686	1.274499718939912e-6
22687	1.274538516156376e-6
22688	1.274605572237100e-6
22689	1.274636309685698e-6
22690	1.274680287578859e-6
22691	1.274728297798646e-6
22692	1.274772016948266e-6
22693	1.274809025212912e-6
22694	1.274835682378793e-6
22695	1.274890160783483e-6
22696	1.275002178963719e-6
22697	1.275046723089527e-6
22698	1.275069851066879e-6
22699	1.275109073439321e-6
22700	1.275121755805682e-6
22701	1.275230844777575e-6
22702	1.275274602674795e-6
22703	1.275328436186258e-6
22704	1.275346404359671e-6
22705	1.275381431162025e-6
22706	1.275441062250259e-6
22707	1.275475580248504e-6
22708	1.275496264363581e-6
22709	1.275547539897514e-6
22710	1.275629501496346e-6
22711	1.275682465227590e-6
22712	1.275741955966149e-6
22713	1.275780118449807e-6
22714	1.275853609784092e-6
22715	1.275866975176254e-6
22716	1.275893245636242e-6
22717	1.275970811432625e-6
22718	1.276001849338234e-6
22719	1.276032414196425e-6
22720	1.276088717156368e-6
22721	1.276121543779840e-6
22722	1.276167338999824e-6
22723	1.276196762883491e-6
22724	1.276284827385018e-6
22725	1.276383276700470e-6
22726	1.276403388718977e-6
22727	1.276431953300270e-6
22728	1.276456614726101e-6
22729	1.276513918687908e-6
22730	1.276519778837541e-6
22731	1.276577340115661e-6
22732	1.276618676955585e-6
22733	1.276638492874360e-6
22734	1.276690601251610e-6
22735	1.276739339075440e-6
22736	1.276817133687808e-6
22737	1.276849866120247e-6
22738	1.276879696998947e-6
22739	1.276918113430789e-6
22740	1.276945747788241e-6
22741	1.277017662952111e-6
22742	1.277076820465647e-6
22743	1.277134541505741e-6
22744	1.277198214823657e-6
22745	1.277237142870456e-6
22746	1.277268933949738e-6
22747	1.277347303748483e-6
22748	1.277380293325941e-6
22749	1.277457202610517e-6
22750	1.277483696473736e-6
22751	1.277543349924370e-6
22752	1.277609616437319e-6
22753	1.277622075936565e-6
22754	1.277685563811985e-6
22755	1.277701932572764e-6
22756	1.277821532668657e-6
22757	1.277868029413504e-6
22758	1.277920122678311e-6
22759	1.277956783734643e-6
22760	1.278026522621545e-6
22761	1.278045693375910e-6
22762	1.278097935040383e-6
22763	1.278133205640982e-6
22764	1.278224655972898e-6
22765	1.278292829021038e-6
22766	1.278315288194448e-6
22767	1.278370906773900e-6
22768	1.278408318189985e-6
22769	1.278470250093395e-6
22770	1.278505905189211e-6
22771	1.278563669832036e-6
22772	1.278639174702825e-6
22773	1.278668249160134e-6
22774	1.278722535937703e-6
22775	1.278805438899925e-6
22776	1.278835344757862e-6
22777	1.278856109080775e-6
22778	1.278921109354487e-6
22779	1.278996335658075e-6
22780	1.279075213426019e-6
22781	1.279158609154384e-6
22782	1.279172193368035e-6
22783	1.279196210392495e-6
22784	1.279244304199622e-6
22785	1.279252374330710e-6
22786	1.279330548959120e-6
22787	1.279359526728906e-6
22788	1.279451765571879e-6
22789	1.279520528152942e-6
22790	1.279588744395941e-6
22791	1.279615134687237e-6
22792	1.279639459214821e-6
22793	1.279700439091694e-6
22794	1.279747933331753e-6
22795	1.279830003425961e-6
22796	1.279868516525717e-6
22797	1.279955963928603e-6
22798	1.280012462006793e-6
22799	1.280033988192875e-6
22800	1.280153835013949e-6
22801	1.280205217114880e-6
22802	1.280243917555861e-6
22803	1.280299621317426e-6
22804	1.280365421687981e-6
22805	1.280389555685179e-6
22806	1.280395155580582e-6
22807	1.280500498572038e-6
22808	1.280550188246693e-6
22809	1.280607697249954e-6
22810	1.280710400582397e-6
22811	1.280766139410163e-6
22812	1.280777947288628e-6
22813	1.280821403396159e-6
22814	1.280838889264964e-6
22815	1.280949142626916e-6
22816	1.281056768961599e-6
22817	1.281098685797792e-6
22818	1.281118304677635e-6
22819	1.281230632850983e-6
22820	1.281284632632634e-6
22821	1.281314298260514e-6
22822	1.281335268128367e-6
22823	1.281375431042904e-6
22824	1.281460265908059e-6
22825	1.281520467804783e-6
22826	1.281569119328999e-6
22827	1.281626903063568e-6
22828	1.281676947062679e-6
22829	1.281707410746048e-6
22830	1.281726180263885e-6
22831	1.281871957687673e-6
22832	1.281910117343724e-6
22833	1.281921202533479e-6
22834	1.282007834446254e-6
22835	1.282067248962421e-6
22836	1.282120971052912e-6
22837	1.282187257571438e-6
22838	1.282229393909939e-6
22839	1.282372600637509e-6
22840	1.282396878500638e-6
22841	1.282410539402395e-6
22842	1.282462263595079e-6
22843	1.282508587975286e-6
22844	1.282539222583629e-6
22845	1.282577113419768e-6
22846	1.282698526938752e-6
22847	1.282751764230185e-6
22848	1.282811123318116e-6
22849	1.282892652720814e-6
22850	1.282925481458562e-6
22851	1.282936845180618e-6
22852	1.283007336026277e-6
22853	1.283050889928115e-6
22854	1.283219247661312e-6
22855	1.283266553004693e-6
22856	1.283278572672876e-6
22857	1.283306446084970e-6
22858	1.283384606692952e-6
22859	1.283412648600958e-6
22860	1.283546349707461e-6
22861	1.283602922332205e-6
22862	1.283686703053172e-6
22863	1.283782455414997e-6
22864	1.283877810163326e-6
22865	1.283886073591359e-6
22866	1.283994153548291e-6
22867	1.284008841491571e-6
22868	1.284110966118226e-6
22869	1.284129472082476e-6
22870	1.284175689082031e-6
22871	1.284212330422937e-6
22872	1.284235043308529e-6
22873	1.284396260439967e-6
22874	1.284403411862892e-6
22875	1.284455642155883e-6
22876	1.284568153687685e-6
22877	1.284646686635754e-6
22878	1.284687572182175e-6
22879	1.284751798320268e-6
22880	1.284791525279827e-6
22881	1.284857903558000e-6
22882	1.284969261414876e-6
22883	1.285031923947991e-6
22884	1.285065559368831e-6
22885	1.285082691007806e-6
22886	1.285223266103040e-6
22887	1.285263635187993e-6
22888	1.285321220277420e-6
22889	1.285344854196422e-6
22890	1.285377251097535e-6
22891	1.285415916941644e-6
22892	1.285493022291236e-6
22893	1.285603938321277e-6
22894	1.285657302724926e-6
22895	1.285697952381376e-6
22896	1.285784532634521e-6
22897	1.285862188620841e-6
22898	1.285939728426004e-6
22899	1.286009947749541e-6
22900	1.286077211718719e-6
22901	1.286104453659266e-6
22902	1.286220778589328e-6
22903	1.286253897669325e-6
22904	1.286339128083709e-6
22905	1.286380733033786e-6
22906	1.286456078918698e-6
22907	1.286480132569263e-6
22908	1.286541748040971e-6
22909	1.286696573121704e-6
22910	1.286777209405393e-6
22911	1.286849724264151e-6
22912	1.286889619870531e-6
22913	1.286900035799669e-6
22914	1.286998056789859e-6
22915	1.287083088299264e-6
22916	1.287215410383248e-6
22917	1.287295135324717e-6
22918	1.287329346150424e-6
22919	1.287375621883105e-6
22920	1.287399391300658e-6
22921	1.287457642757071e-6
22922	1.287554461719430e-6
22923	1.287618359315492e-6
22924	1.287655142508784e-6
22925	1.287667149633111e-6
22926	1.287769010951284e-6
22927	1.287843444400618e-6
22928	1.287906565024180e-6
22929	1.288014805052847e-6
22930	1.288087518307189e-6
22931	1.288135639007716e-6
22932	1.288193184425108e-6
22933	1.288254285864013e-6
22934	1.288314479795078e-6
22935	1.288391840312531e-6
22936	1.288484979231545e-6
22937	1.288497749884589e-6
22938	1.288574898594705e-6
22939	1.288615336056019e-6
22940	1.288647190969743e-6
22941	1.288751834334102e-6
22942	1.288798669328432e-6
22943	1.288925924871568e-6
22944	1.288937385166581e-6
22945	1.288975561947951e-6
22946	1.289085064476677e-6
22947	1.289137036537589e-6
22948	1.289210768607766e-6
22949	1.289362313085506e-6
22950	1.289436001480645e-6
22951	1.289478531095305e-6
22952	1.289568853901560e-6
22953	1.289583330945259e-6
22954	1.289652782824793e-6
22955	1.289709618556554e-6
22956	1.289771532886070e-6
22957	1.289818379412063e-6
22958	1.289939066042593e-6
22959	1.289984442629731e-6
22960	1.290055867169805e-6
22961	1.290151970314057e-6
22962	1.290213330496686e-6
22963	1.290287992877370e-6
22964	1.290363276023047e-6
22965	1.290507856924474e-6
22966	1.290572854982523e-6
22967	1.290682100491194e-6
22968	1.290712841582820e-6
22969	1.290790699668068e-6
22970	1.290839386031717e-6
22971	1.290949635055841e-6
22972	1.290976381536309e-6
22973	1.291169419161056e-6
22974	1.291192832536230e-6
22975	1.291225033491949e-6
22976	1.291341601370865e-6
22977	1.291407256917810e-6
22978	1.291478744389918e-6
22979	1.291523620110296e-6
22980	1.291643679651007e-6
22981	1.291667837523289e-6
22982	1.291725628116590e-6
22983	1.291833637030703e-6
22984	1.291933679247198e-6
22985	1.292014257191575e-6
22986	1.292077737363877e-6
22987	1.292124926316972e-6
22988	1.292129232869026e-6
22989	1.292273428993087e-6
22990	1.292327137623822e-6
22991	1.292385664496469e-6
22992	1.292449803894988e-6
22993	1.292520476081044e-6
22994	1.292607680532688e-6
22995	1.292642576487872e-6
22996	1.292728272678744e-6
22997	1.292822645956927e-6
22998	1.292876655231798e-6
22999	1.292908089219946e-6
23000	1.293002984256221e-6
23001	1.293019631362287e-6
23002	1.293105117868963e-6
23003	1.293211209605233e-6
23004	1.293250581471231e-6
23005	1.293406954985151e-6
23006	1.293478306840571e-6
23007	1.293502393470957e-6
23008	1.293629327798060e-6
23009	1.293720171005385e-6
23010	1.293789356745475e-6
23011	1.293812804051757e-6
23012	1.293842103424280e-6
23013	1.293954813524866e-6
23014	1.293979773669096e-6
23015	1.294161749279749e-6
23016	1.294200192375426e-6
23017	1.294283050108731e-6
23018	1.294370711472539e-6
23019	1.294461876156497e-6
23020	1.294562994169277e-6
23021	1.294597951036726e-6
23022	1.294697344454659e-6
23023	1.294723402541718e-6
23024	1.294831945001158e-6
23025	1.294904542713179e-6
23026	1.295010120432272e-6
23027	1.295045460744698e-6
23028	1.295111057025162e-6
23029	1.295139014037640e-6
23030	1.295327234890652e-6
23031	1.295415199656974e-6
23032	1.295479199070215e-6
23033	1.295520375530691e-6
23034	1.295572993002337e-6
23035	1.295649066467309e-6
23036	1.295802073791073e-6
23037	1.295834027740358e-6
23038	1.295901002498579e-6
23039	1.296025634070151e-6
23040	1.296085540545575e-6
23041	1.296160193191222e-6
23042	1.296324638093416e-6
23043	1.296335701201177e-6
23044	1.296408665868675e-6
23045	1.296484537386561e-6
23046	1.296552904904007e-6
23047	1.296569836837009e-6
23048	1.296698440482681e-6
23049	1.296819643239982e-6
23050	1.296894123948627e-6
23051	1.297049540852201e-6
23052	1.297106394465389e-6
23053	1.297177657597629e-6
23054	1.297237123667858e-6
23055	1.297329093589454e-6
23056	1.297387621697007e-6
23057	1.297404172988427e-6
23058	1.297512052899075e-6
23059	1.297562462084369e-6
23060	1.297614840268645e-6
23061	1.297781892283557e-6
23062	1.297853656078416e-6
23063	1.297913979939387e-6
23064	1.297964692679416e-6
23065	1.298147586056732e-6
23066	1.298187644471275e-6
23067	1.298319916260097e-6
23068	1.298375613737693e-6
23069	1.298440241986913e-6
23070	1.298563995702925e-6
23071	1.298676303534516e-6
23072	1.298766537003202e-6
23073	1.298831170834357e-6
23074	1.298913090669826e-6
23075	1.298973582668486e-6
23076	1.299038843896105e-6
23077	1.299091268416596e-6
23078	1.299252975018912e-6
23079	1.299372119941379e-6
23080	1.299438125541996e-6
23081	1.299475182031929e-6
23082	1.299551708396675e-6
23083	1.299603890499060e-6
23084	1.299707185006074e-6
23085	1.299811093679619e-6
23086	1.299946821007885e-6
23087	1.300099749706401e-6
23088	1.300144920839694e-6
23089	1.300255710782401e-6
23090	1.300290115174819e-6
23091	1.300310955014189e-6
23092	1.300457771227079e-6
23093	1.300602171525192e-6
23094	1.300669719258577e-6
23095	1.300778046657505e-6
23096	1.300859607847974e-6
23097	1.300917159909397e-6
23098	1.301003417610010e-6
23099	1.301123395041822e-6
23100	1.301191674466804e-6
23101	1.301360542406329e-6
23102	1.301383101502667e-6
23103	1.301450847602923e-6
23104	1.301543029831897e-6
23105	1.301636729578419e-6
23106	1.301728842780540e-6
23107	1.301807230171883e-6
23108	1.301900551383245e-6
23109	1.301961059853069e-6
23110	1.302053081107829e-6
23111	1.302122097177840e-6
23112	1.302193409878770e-6
23113	1.302247467026872e-6
23114	1.302374697980405e-6
23115	1.302503932228864e-6
23116	1.302589680267731e-6
23117	1.302693191009392e-6
23118	1.302768563695489e-6
23119	1.302997445027539e-6
23120	1.303081109040858e-6
23121	1.303141037538763e-6
23122	1.303181722117221e-6
23123	1.303250771857319e-6
23124	1.303308173091040e-6
23125	1.303424010457237e-6
23126	1.303642215610386e-6
23127	1.303686935273562e-6
23128	1.303768944665733e-6
23129	1.303895406103020e-6
23130	1.303950559570351e-6
23131	1.304091185572124e-6
23132	1.304112603457539e-6
23133	1.304269680553586e-6
23134	1.304371599026025e-6
23135	1.304437105029296e-6
23136	1.304586731041641e-6
23137	1.304617145922370e-6
23138	1.304751928679182e-6
23139	1.304825732339356e-6
23140	1.304967639374007e-6
23141	1.304997916659610e-6
23142	1.305057950799738e-6
23143	1.305203162628461e-6
23144	1.305291363183651e-6
23145	1.305323634440841e-6
23146	1.305487995150282e-6
23147	1.305553504238445e-6
23148	1.305763873385332e-6
23149	1.305794970418575e-6
23150	1.305869246746173e-6
23151	1.306017361725078e-6
23152	1.306032790535193e-6
23153	1.306203128276027e-6
23154	1.306256662102854e-6
23155	1.306382680493771e-6
23156	1.306543831744082e-6
23157	1.306577012219615e-6
23158	1.306648135474344e-6
23159	1.306788266719005e-6
23160	1.306883274471834e-6
23161	1.307003862512758e-6
23162	1.307048352234950e-6
23163	1.307151664407245e-6
23164	1.307182322078730e-6
23165	1.307307181902199e-6
23166	1.307362789885254e-6
23167	1.307473723108206e-6
23168	1.307605155011515e-6
23169	1.307642445254279e-6
23170	1.307833354085714e-6
23171	1.308005342925107e-6
23172	1.308108039647135e-6
23173	1.308177271764640e-6
23174	1.308246858030487e-6
23175	1.308313735304930e-6
23176	1.308350485768651e-6
23177	1.308486762562729e-6
23178	1.308513371481682e-6
23179	1.308668450536431e-6
23180	1.308828218524397e-6
23181	1.308926662273053e-6
23182	1.309030207861502e-6
23183	1.309125350563201e-6
23184	1.309285807952256e-6
23185	1.309306543478081e-6
23186	1.309334482538656e-6
23187	1.309688052210184e-6
23188	1.309709623411927e-6
23189	1.309842758317069e-6
23190	1.309917896406156e-6
23191	1.310017380963114e-6
23192	1.310044448041253e-6
23193	1.310100004671631e-6
23194	1.310200923675922e-6
23195	1.310301855314771e-6
23196	1.310331690752554e-6
23197	1.310489414087905e-6
23198	1.310558598657976e-6
23199	1.310567753367752e-6
23200	1.310731286138450e-6
23201	1.310891088764587e-6
23202	1.310923609979040e-6
23203	1.311110208660109e-6
23204	1.311135353566952e-6
23205	1.311232757512973e-6
23206	1.311452574742927e-6
23207	1.311510950861139e-6
23208	1.311634665356378e-6
23209	1.311687208619070e-6
23210	1.311814649657049e-6
23211	1.311992178788885e-6
23212	1.312047046745974e-6
23213	1.312064810668430e-6
23214	1.312225126748317e-6
23215	1.312358234379312e-6
23216	1.312409425835307e-6
23217	1.312578153970428e-6
23218	1.312734659413903e-6
23219	1.312744308653908e-6
23220	1.312876322576577e-6
23221	1.312974568422658e-6
23222	1.313124615835118e-6
23223	1.313167170209399e-6
23224	1.313229419694911e-6
23225	1.313298609113011e-6
23226	1.313458725406460e-6
23227	1.313560625373291e-6
23228	1.313739514282297e-6
23229	1.313802014668339e-6
23230	1.313960053118489e-6
23231	1.314023832922262e-6
23232	1.314101862245172e-6
23233	1.314238103832301e-6
23234	1.314353549388295e-6
23235	1.314377828891881e-6
23236	1.314535750429586e-6
23237	1.314654327998226e-6
23238	1.314781079842704e-6
23239	1.314943149517198e-6
23240	1.315039448635102e-6
23241	1.315164543670791e-6
23242	1.315217548374706e-6
23243	1.315324970910012e-6
23244	1.315420973740377e-6
23245	1.315551514816493e-6
23246	1.315671877179647e-6
23247	1.315719354146959e-6
23248	1.315770161703353e-6
23249	1.315916339579934e-6
23250	1.316085298009216e-6
23251	1.316351267747524e-6
23252	1.316366025315870e-6
23253	1.316604505655182e-6
23254	1.316661196155803e-6
23255	1.316845177554472e-6
23256	1.316883803182964e-6
23257	1.316908507818160e-6
23258	1.317029742106934e-6
23259	1.317162407551611e-6
23260	1.317225596091117e-6
23261	1.317326476463730e-6
23262	1.317606964861288e-6
23263	1.317705821816048e-6
23264	1.317758865482712e-6
23265	1.317843630842223e-6
23266	1.317914291211867e-6
23267	1.318157745344880e-6
23268	1.318259132219908e-6
23269	1.318408420892873e-6
23270	1.318472303417585e-6
23271	1.318669506477142e-6
23272	1.318765341243089e-6
23273	1.318806246791534e-6
23274	1.319020901482483e-6
23275	1.319094282985674e-6
23276	1.319171326488205e-6
23277	1.319336253900509e-6
23278	1.319523392776536e-6
23279	1.319566018093105e-6
23280	1.319709606917051e-6
23281	1.319786141020940e-6
23282	1.319940461888226e-6
23283	1.319992217689794e-6
23284	1.320118275006007e-6
23285	1.320328329532967e-6
23286	1.320443896632766e-6
23287	1.320548965117483e-6
23288	1.320662916054557e-6
23289	1.320746295452324e-6
23290	1.320855119300287e-6
23291	1.321044024052866e-6
23292	1.321214994906719e-6
23293	1.321430280231541e-6
23294	1.321607328675607e-6
23295	1.321662956540776e-6
23296	1.321830151935694e-6
23297	1.321986951261958e-6
23298	1.322129813871362e-6
23299	1.322226012066217e-6
23300	1.322316291846338e-6
23301	1.322390945555430e-6
23302	1.322462131010560e-6
23303	1.322706611832989e-6
23304	1.322940197597422e-6
23305	1.323031183770007e-6
23306	1.323185000247201e-6
23307	1.323292856922624e-6
23308	1.323405885350227e-6
23309	1.323512827358422e-6
23310	1.323554879450915e-6
23311	1.323749767290687e-6
23312	1.323802493279508e-6
23313	1.323946474811944e-6
23314	1.324068487041861e-6
23315	1.324128312533411e-6
23316	1.324253853034906e-6
23317	1.324371827318985e-6
23318	1.324514610378066e-6
23319	1.324686557229370e-6
23320	1.324797550312592e-6
23321	1.324818622259639e-6
23322	1.324915768787228e-6
23323	1.325115783597850e-6
23324	1.325243370124625e-6
23325	1.325328202032097e-6
23326	1.325497235985871e-6
23327	1.325602838558577e-6
23328	1.325696650127535e-6
23329	1.325769874350347e-6
23330	1.325899942331850e-6
23331	1.326122725652738e-6
23332	1.326239723605177e-6
23333	1.326401404967996e-6
23334	1.326468806816953e-6
23335	1.326630845407178e-6
23336	1.326761167232846e-6
23337	1.326902152391643e-6
23338	1.326956354279521e-6
23339	1.327263622860570e-6
23340	1.327403692438204e-6
23341	1.327504410273394e-6
23342	1.327646380891224e-6
23343	1.327830984184481e-6
23344	1.327918178605481e-6
23345	1.327996918348392e-6
23346	1.328189275718916e-6
23347	1.328260415000285e-6
23348	1.328341894463290e-6
23349	1.328379513044750e-6
23350	1.328684211977208e-6
23351	1.328754692532521e-6
23352	1.328921123935074e-6
23353	1.329129188106097e-6
23354	1.329192210509006e-6
23355	1.329427921187344e-6
23356	1.329543319113068e-6
23357	1.329710292002614e-6
23358	1.329883257276030e-6
23359	1.329936836462997e-6
23360	1.330073731155960e-6
23361	1.330299170465932e-6
23362	1.330345783950373e-6
23363	1.330509734879418e-6
23364	1.330591013761804e-6
23365	1.330733640688969e-6
23366	1.330904223915649e-6
23367	1.330984427699156e-6
23368	1.331198614654570e-6
23369	1.331239455817526e-6
23370	1.331422093812585e-6
23371	1.331602356346273e-6
23372	1.331743976593811e-6
23373	1.331887304188463e-6
23374	1.332107417304461e-6
23375	1.332199893875311e-6
23376	1.332300181915105e-6
23377	1.332348833848255e-6
23378	1.332592591485404e-6
23379	1.332641447439421e-6
23380	1.332745352819837e-6
23381	1.332841368480776e-6
23382	1.333021110335073e-6
23383	1.333128962977397e-6
23384	1.333223758486908e-6
23385	1.333331887022149e-6
23386	1.333584324759992e-6
23387	1.333694046921989e-6
23388	1.333803271626994e-6
23389	1.333999539259920e-6
23390	1.334094478050879e-6
23391	1.334132097641284e-6
23392	1.334343197821768e-6
23393	1.334447991805212e-6
23394	1.334853907674861e-6
23395	1.334914734472665e-6
23396	1.335008904048348e-6
23397	1.335143896203331e-6
23398	1.335259651662912e-6
23399	1.335400237476704e-6
23400	1.335548562741627e-6
23401	1.335649956696624e-6
23402	1.335739142425249e-6
23403	1.335922689833194e-6
23404	1.336178710244545e-6
23405	1.336339398427697e-6
23406	1.336468085287618e-6
23407	1.336529464185112e-6
23408	1.336625832503291e-6
23409	1.336863066449401e-6
23410	1.337015344675355e-6
23411	1.337114787806480e-6
23412	1.337177984805759e-6
23413	1.337427120728844e-6
23414	1.337607131580017e-6
23415	1.337755022180007e-6
23416	1.337922530693771e-6
23417	1.338044679373627e-6
23418	1.338089428269221e-6
23419	1.338251290429312e-6
23420	1.338337971383405e-6
23421	1.338578615540908e-6
23422	1.338688633418268e-6
23423	1.338965157718107e-6
23424	1.339006995152451e-6
23425	1.339164333720086e-6
23426	1.339211155919291e-6
23427	1.339325363283652e-6
23428	1.339494096288766e-6
23429	1.339722954406595e-6
23430	1.340059558350113e-6
23431	1.340099945828957e-6
23432	1.340193902244363e-6
23433	1.340302376116296e-6
23434	1.340367367173268e-6
23435	1.340599578123033e-6
23436	1.340743713719446e-6
23437	1.340835666961038e-6
23438	1.341056431991319e-6
23439	1.341190957393739e-6
23440	1.341507441039768e-6
23441	1.341533159054127e-6
23442	1.341634326577730e-6
23443	1.341823115489910e-6
23444	1.342017430686200e-6
23445	1.342147221464502e-6
23446	1.342387361547143e-6
23447	1.342454037825357e-6
23448	1.342596305270456e-6
23449	1.342735669171703e-6
23450	1.343063919124328e-6
23451	1.343117708787657e-6
23452	1.343168342559355e-6
23453	1.343450301418920e-6
23454	1.343580803186834e-6
23455	1.343742284849203e-6
23456	1.343886409880008e-6
23457	1.344069053014563e-6
23458	1.344110399589874e-6
23459	1.344206459817260e-6
23460	1.344526210600126e-6
23461	1.344679879474411e-6
23462	1.344870072215798e-6
23463	1.344942674922810e-6
23464	1.345062470614352e-6
23465	1.345199038280171e-6
23466	1.345262854533051e-6
23467	1.345360661899539e-6
23468	1.345596933254382e-6
23469	1.345725341155775e-6
23470	1.345909805064294e-6
23471	1.345947704793382e-6
23472	1.346197261323127e-6
23473	1.346405904541822e-6
23474	1.346625807205654e-6
23475	1.346746217192370e-6
23476	1.346958153864332e-6
23477	1.347189078306676e-6
23478	1.347290104249933e-6
23479	1.347356311961610e-6
23480	1.347644123148640e-6
23481	1.347752075129630e-6
23482	1.347900715797109e-6
23483	1.347975824274644e-6
23484	1.348056542422189e-6
23485	1.348306121960626e-6
23486	1.348483791357067e-6
23487	1.348593459525933e-6
23488	1.348794372692208e-6
23489	1.348956114558030e-6
23490	1.349076275148714e-6
23491	1.349171567729905e-6
23492	1.349263428945066e-6
23493	1.349344182160457e-6
23494	1.349612762686867e-6
23495	1.349800555645103e-6
23496	1.349991353590570e-6
23497	1.350039257491490e-6
23498	1.350185620223977e-6
23499	1.350318699951089e-6
23500	1.350581349117475e-6
23501	1.350682067003428e-6
23502	1.350780153723981e-6
23503	1.350836387623673e-6
23504	1.351049962984480e-6
23505	1.351149821244144e-6
23506	1.351199532099140e-6
23507	1.351399594586465e-6
23508	1.351488893798411e-6
23509	1.351736616918632e-6
23510	1.351940920585843e-6
23511	1.352281301947386e-6
23512	1.352410772485150e-6
23513	1.352501579261638e-6
23514	1.352562654659352e-6
23515	1.352645234065316e-6
23516	1.352812028739238e-6
23517	1.352881225155779e-6
23518	1.353210212705539e-6
23519	1.353265018494471e-6
23520	1.353778525274516e-6
23521	1.353870688802334e-6
23522	1.354023000129269e-6
23523	1.354226240934422e-6
23524	1.354412658161778e-6
23525	1.354436483854260e-6
23526	1.354524567722139e-6
23527	1.354764050311094e-6
23528	1.354898953465807e-6
23529	1.354962096399258e-6
23530	1.355107061368090e-6
23531	1.355347976498008e-6
23532	1.355433929432630e-6
23533	1.355537414329727e-6
23534	1.355646052391489e-6
23535	1.355857415857828e-6
23536	1.356062896704831e-6
23537	1.356175463391727e-6
23538	1.356251532965765e-6
23539	1.356697598987526e-6
23540	1.356766432568175e-6
23541	1.357018449941294e-6
23542	1.357244880232688e-6
23543	1.357336398646634e-6
23544	1.357474703339078e-6
23545	1.357512323110059e-6
23546	1.357697766278048e-6
23547	1.357949045219803e-6
23548	1.358183359796187e-6
23549	1.358290727242265e-6
23550	1.358517205055552e-6
23551	1.358624810674970e-6
23552	1.358805086370188e-6
23553	1.358893420315153e-6
23554	1.359030786030521e-6
23555	1.359176152818826e-6
23556	1.359350950125227e-6
23557	1.359471884974890e-6
23558	1.359658561725316e-6
23559	1.359883829205993e-6
23560	1.360087140647637e-6
23561	1.360180234723093e-6
23562	1.360393639504843e-6
23563	1.360509630657072e-6
23564	1.360973608075567e-6
23565	1.361082452088846e-6
23566	1.361125235818911e-6
23567	1.361339106700695e-6
23568	1.361435443328239e-6
23569	1.361576205035367e-6
23570	1.361956358283303e-6
23571	1.362002432062031e-6
23572	1.362029814939105e-6
23573	1.362074503815795e-6
23574	1.362282286295733e-6
23575	1.362451227737568e-6
23576	1.362632228463238e-6
23577	1.362760482260069e-6
23578	1.362985862869889e-6
23579	1.363325210788534e-6
23580	1.363410362182464e-6
23581	1.363491137903712e-6
23582	1.363800212714886e-6
23583	1.363881430458043e-6
23584	1.364077565554782e-6
23585	1.364148485990676e-6
23586	1.364512139178656e-6
23587	1.364576544326120e-6
23588	1.364596852291900e-6
23589	1.364799929110695e-6
23590	1.364923983513631e-6
23591	1.365158027112818e-6
23592	1.365260686102180e-6
23593	1.365480376857163e-6
23594	1.365662955598904e-6
23595	1.365797427138277e-6
23596	1.365989910194529e-6
23597	1.366180669957102e-6
23598	1.366302752665390e-6
23599	1.366602746191178e-6
23600	1.366795126518709e-6
23601	1.366884807380292e-6
23602	1.366986902148282e-6
23603	1.367282075568572e-6
23604	1.367374407173758e-6
23605	1.367427726108879e-6
23606	1.367696332834264e-6
23607	1.367750730189147e-6
23608	1.368031243098900e-6
23609	1.368211914645517e-6
23610	1.368298326378058e-6
23611	1.368525334801662e-6
23612	1.368751723386067e-6
23613	1.368863173346462e-6
23614	1.369001800035969e-6
23615	1.369258986929904e-6
23616	1.369386831645751e-6
23617	1.369484879905916e-6
23618	1.369744940496859e-6
23619	1.369919007230080e-6
23620	1.370065080356112e-6
23621	1.370101690444616e-6
23622	1.370334744575903e-6
23623	1.370400511582941e-6
23624	1.370546705951768e-6
23625	1.370734146580845e-6
23626	1.370778313463197e-6
23627	1.370932461195974e-6
23628	1.371037332765781e-6
23629	1.371180621594973e-6
23630	1.371360819779143e-6
23631	1.371546383852661e-6
23632	1.371698045884302e-6
23633	1.371774965686276e-6
23634	1.372037489420351e-6
23635	1.372336322796874e-6
23636	1.372513590420110e-6
23637	1.372620801453684e-6
23638	1.372683658975430e-6
23639	1.372925954659267e-6
23640	1.373062889450747e-6
23641	1.373115760403974e-6
23642	1.373343103025141e-6
23643	1.373643806735001e-6
23644	1.373786964697556e-6
23645	1.374034195355927e-6
23646	1.374150071252633e-6
23647	1.374291161047049e-6
23648	1.374404041388623e-6
23649	1.374473691873705e-6
23650	1.374663066012421e-6
23651	1.374834285757648e-6
23652	1.375112242880971e-6
23653	1.375200820265406e-6
23654	1.375500561775452e-6
23655	1.375582826386899e-6
23656	1.375804112670736e-6
23657	1.375813693155653e-6
23658	1.376041020861230e-6
23659	1.376208161618989e-6
23660	1.376288236216315e-6
23661	1.376573532119369e-6
23662	1.376612665650562e-6
23663	1.376934738985697e-6
23664	1.377011373926118e-6
23665	1.377291374972103e-6
23666	1.377400114848526e-6
23667	1.377710976497957e-6
23668	1.377865808967422e-6
23669	1.378130298947466e-6
23670	1.378159946273655e-6
23671	1.378224506646580e-6
23672	1.378552388901763e-6
23673	1.378650636924180e-6
23674	1.378915627838752e-6
23675	1.378966184813284e-6
23676	1.379139343752176e-6
23677	1.379398909520680e-6
23678	1.379638906373192e-6
23679	1.379692029234606e-6
23680	1.379982626802933e-6
23681	1.380118638541382e-6
23682	1.380215529436843e-6
23683	1.380523005082207e-6
23684	1.380622381793186e-6
23685	1.380667300452778e-6
23686	1.380832675388215e-6
23687	1.381158185612826e-6
23688	1.381282485603128e-6
23689	1.381333666419343e-6
23690	1.381468810778934e-6
23691	1.381702115000032e-6
23692	1.381898803866763e-6
23693	1.382021721323536e-6
23694	1.382124305161139e-6
23695	1.382310935318177e-6
23696	1.382441326976841e-6
23697	1.382564912689647e-6
23698	1.382845198070973e-6
23699	1.383152717812067e-6
23700	1.383168388643697e-6
23701	1.383281685085326e-6
23702	1.383352482451284e-6
23703	1.383481072220804e-6
23704	1.383754027016653e-6
23705	1.383841884682695e-6
23706	1.384050957641320e-6
23707	1.384258493658291e-6
23708	1.384485393508667e-6
23709	1.384548316418473e-6
23710	1.384588927712331e-6
23711	1.384736252655131e-6
23712	1.384947178516468e-6
23713	1.385079079589372e-6
23714	1.385136774845956e-6
23715	1.385385430900001e-6
23716	1.385412890668912e-6
23717	1.385598899609218e-6
23718	1.385845886226646e-6
23719	1.386005192097583e-6
23720	1.386100385295235e-6
23721	1.386415578217986e-6
23722	1.386574156932829e-6
23723	1.386767451057374e-6
23724	1.386914869453914e-6
23725	1.386939994657625e-6
23726	1.387124396246265e-6
23727	1.387472359344527e-6
23728	1.387549744277434e-6
23729	1.387652035007452e-6
23730	1.387787986168224e-6
23731	1.387869986489473e-6
23732	1.388067219925221e-6
23733	1.388101996647188e-6
23734	1.388241194721718e-6
23735	1.388353932663362e-6
23736	1.388562532080578e-6
23737	1.388720742119890e-6
23738	1.388851784750981e-6
23739	1.389102193614223e-6
23740	1.389339542568383e-6
23741	1.389403313885889e-6
23742	1.389438580878353e-6
23743	1.389589300087239e-6
23744	1.389731187468307e-6
23745	1.389747427641931e-6
23746	1.389955469712891e-6
23747	1.390041111893385e-6
23748	1.390237293971336e-6
23749	1.390416683302887e-6
23750	1.390620140757365e-6
23751	1.390834131666167e-6
23752	1.390917654063553e-6
23753	1.391062476274326e-6
23754	1.391093260697131e-6
23755	1.391475629904268e-6
23756	1.391548795331906e-6
23757	1.391627449108225e-6
23758	1.391698767446546e-6
23759	1.391864864203889e-6
23760	1.392178422193875e-6
23761	1.392307115871546e-6
23762	1.392389848237598e-6
23763	1.392404787794918e-6
23764	1.392566506692738e-6
23765	1.392831107848405e-6
23766	1.393052352785373e-6
23767	1.393069259001856e-6
23768	1.393200254012817e-6
23769	1.393387069390386e-6
23770	1.393650488592723e-6
23771	1.393681345463407e-6
23772	1.393769410806593e-6
23773	1.393953728759777e-6
23774	1.394180556854606e-6
23775	1.394217448785352e-6
23776	1.394276997784679e-6
23777	1.394586521774368e-6
23778	1.394662738064015e-6
23779	1.394798026474384e-6
23780	1.395057168919815e-6
23781	1.395308157785791e-6
23782	1.395342447636863e-6
23783	1.395529827870885e-6
23784	1.395603531829527e-6
23785	1.395946783075369e-6
23786	1.396017987204163e-6
23787	1.396118844960317e-6
23788	1.396336035485305e-6
23789	1.396469361016428e-6
23790	1.396592506981876e-6
23791	1.396787536089176e-6
23792	1.396873423190844e-6
23793	1.396933075087600e-6
23794	1.397055590311870e-6
23795	1.397260224699920e-6
23796	1.397359136654634e-6
23797	1.397445640468000e-6
23798	1.397548306509517e-6
23799	1.397813928280492e-6
23800	1.397830396049476e-6
23801	1.398071512077130e-6
23802	1.398258555742974e-6
23803	1.398450584781405e-6
23804	1.398611065152039e-6
23805	1.398752696663826e-6
23806	1.398836172563804e-6
23807	1.398962388562784e-6
23808	1.399027923472518e-6
23809	1.399319925658031e-6
23810	1.399543265002202e-6
23811	1.399658490848610e-6
23812	1.399824626049100e-6
23813	1.399977689641069e-6
23814	1.400162615441365e-6
23815	1.400268935078866e-6
23816	1.400433893944143e-6
23817	1.400506194595596e-6
23818	1.400714398248186e-6
23819	1.400852655308496e-6
23820	1.400961948143014e-6
23821	1.401029729264591e-6
23822	1.401286641096161e-6
23823	1.401408060309346e-6
23824	1.401489623718848e-6
23825	1.401777676236104e-6
23826	1.401826365844320e-6
23827	1.402115497172317e-6
23828	1.402204933702238e-6
23829	1.402423206326599e-6
23830	1.402631639566841e-6
23831	1.402649797163559e-6
23832	1.402822421079542e-6
23833	1.402957001636368e-6
23834	1.403314437921402e-6
23835	1.403372014098530e-6
23836	1.403499108091596e-6
23837	1.403620668431734e-6
23838	1.403709187591287e-6
23839	1.403862334487252e-6
23840	1.404008565918780e-6
23841	1.404139565668438e-6
23842	1.404268707058565e-6
23843	1.404380098422441e-6
23844	1.404592202953300e-6
23845	1.404631177455282e-6
23846	1.404950956985054e-6
23847	1.405139299752252e-6
23848	1.405299428188847e-6
23849	1.405371728239220e-6
23850	1.405582260118245e-6
23851	1.405678510587331e-6
23852	1.405853925560175e-6
23853	1.405968117486667e-6
23854	1.406095327163139e-6
23855	1.406144973454650e-6
23856	1.406307975496636e-6
23857	1.406532102774540e-6
23858	1.406649785598124e-6
23859	1.406655170527693e-6
23860	1.406986978421414e-6
23861	1.407245062724626e-6
23862	1.407401875914706e-6
23863	1.407565494505633e-6
23864	1.407608361915096e-6
23865	1.407689667061825e-6
23866	1.407862485026851e-6
23867	1.407888754614424e-6
23868	1.408091050660895e-6
23869	1.408322218086388e-6
23870	1.408419600886304e-6
23871	1.408534331461266e-6
23872	1.408661197056892e-6
23873	1.408852725574256e-6
23874	1.409015900727656e-6
23875	1.409150097342434e-6
23876	1.409293700035530e-6
23877	1.409461485716826e-6
23878	1.409743459420412e-6
23879	1.409850127506469e-6
23880	1.409992067995990e-6
23881	1.410241971563260e-6
23882	1.410408034426304e-6
23883	1.410462259150589e-6
23884	1.410611459860355e-6
23885	1.410803733412252e-6
23886	1.410964823922396e-6
23887	1.411259356095306e-6
23888	1.411278648586374e-6
23889	1.411388847197454e-6
23890	1.411589554422734e-6
23891	1.411738590667834e-6
23892	1.411937121902395e-6
23893	1.412067466311059e-6
23894	1.412167158477372e-6
23895	1.412404235446332e-6
23896	1.412554377316561e-6
23897	1.412590085124710e-6
23898	1.412727876287010e-6
23899	1.412969699922560e-6
23900	1.413117083528836e-6
23901	1.413264250358552e-6
23902	1.413310539520113e-6
23903	1.413517098044993e-6
23904	1.413560520093242e-6
23905	1.413729615817764e-6
23906	1.413891042439506e-6
23907	1.414015412649900e-6
23908	1.414089453826350e-6
23909	1.414328534368740e-6
23910	1.414439972953556e-6
23911	1.414544815319456e-6
23912	1.414612937848378e-6
23913	1.414736671807246e-6
23914	1.414797025238138e-6
23915	1.414939427906241e-6
23916	1.415004397551512e-6
23917	1.415184082102221e-6
23918	1.415351343840325e-6
23919	1.415425423723449e-6
23920	1.415661512999896e-6
23921	1.415839850282080e-6
23922	1.415906669288325e-6
23923	1.416135635474140e-6
23924	1.416169821150609e-6
23925	1.416230232003824e-6
23926	1.416487756469644e-6
23927	1.416639374222484e-6
23928	1.416796875438735e-6
23929	1.416887735834294e-6
23930	1.417098480070493e-6
23931	1.417166920556675e-6
23932	1.417244187387748e-6
23933	1.417409782121044e-6
23934	1.417620315837261e-6
23935	1.417682009460226e-6
23936	1.417794469392544e-6
23937	1.418052355185678e-6
23938	1.418074218630453e-6
23939	1.418219023446999e-6
23940	1.418419647320103e-6
23941	1.418509900597345e-6
23942	1.418617898504586e-6
23943	1.418674633737029e-6
23944	1.418863312095485e-6
23945	1.419052203328241e-6
23946	1.419288040877117e-6
23947	1.419291152647872e-6
23948	1.419449625158645e-6
23949	1.419540226613159e-6
23950	1.419667790657819e-6
23951	1.419700325316564e-6
23952	1.420038463942236e-6
23953	1.420077118510637e-6
23954	1.420358295181589e-6
23955	1.420392069971770e-6
23956	1.420465668681241e-6
23957	1.420572913560008e-6
23958	1.420641758557333e-6
23959	1.420859845868482e-6
23960	1.420987897636219e-6
23961	1.421028294689379e-6
23962	1.421249727948567e-6
23963	1.421324464172694e-6
23964	1.421394378547263e-6
23965	1.421507598837854e-6
23966	1.421737169096045e-6
23967	1.421801594770866e-6
23968	1.421903059727750e-6
23969	1.421960227037429e-6
23970	1.421990278450662e-6
23971	1.422072199130000e-6
23972	1.422172330884256e-6
23973	1.422364188582343e-6
23974	1.422389149487400e-6
23975	1.422572998653703e-6
23976	1.422830660231826e-6
23977	1.422907553592677e-6
23978	1.423064474881952e-6
23979	1.423090118437106e-6
23980	1.423198760669668e-6
23981	1.423287241582992e-6
23982	1.423458158411052e-6
23983	1.423627069272313e-6
23984	1.423643102223170e-6
23985	1.423764122802048e-6
23986	1.423952762246502e-6
23987	1.424054826409580e-6
23988	1.424207220809453e-6
23989	1.424276306129509e-6
23990	1.424373609734416e-6
23991	1.424396092824014e-6
23992	1.424486768619493e-6
23993	1.424549501554847e-6
23994	1.424686520247095e-6
23995	1.424835364521324e-6
23996	1.425053655635417e-6
23997	1.425180632964052e-6
23998	1.425281817562249e-6
23999	1.425310882393941e-6
24000	1.425380808987174e-6
24001	1.425613036985815e-6
24002	1.425713609968644e-6
24003	1.425781659387138e-6
24004	1.425892858151309e-6
24005	1.425963789002812e-6
24006	1.426040478582267e-6
24007	1.426068487097860e-6
24008	1.426153067785106e-6
24009	1.426299722499519e-6
24010	1.426362885005840e-6
24011	1.426474614043282e-6
24012	1.426582852570386e-6
24013	1.426592960977992e-6
24014	1.426685729855518e-6
24015	1.426740933243134e-6
24016	1.426889190634214e-6
24017	1.426937314889828e-6
24018	1.427039793556399e-6
24019	1.427097192782094e-6
24020	1.427150332422507e-6
24021	1.427250073204212e-6
24022	1.427301887449312e-6
24023	1.427402588429912e-6
24024	1.427448973172788e-6
24025	1.427609190714273e-6
24026	1.427630273354293e-6
24027	1.427756342591480e-6
24028	1.427808649448369e-6
24029	1.427883658453896e-6
24030	1.427979524855424e-6
24031	1.428059759504756e-6
24032	1.428209359211854e-6
24033	1.428279786986396e-6
24034	1.428323637785014e-6
24035	1.428423304466090e-6
24036	1.428429698290540e-6
24037	1.428606939830600e-6
24038	1.428644718673804e-6
24039	1.428752660147924e-6
24040	1.428790574441511e-6
24041	1.428905287388988e-6
24042	1.428994237227334e-6
24043	1.429034405762122e-6
24044	1.429072912588613e-6
24045	1.429202601516904e-6
24046	1.429245750164718e-6
24047	1.429253729816777e-6
24048	1.429369845126212e-6
24049	1.429504846766458e-6
24050	1.429513787493847e-6
24051	1.429571792739860e-6
24052	1.429671771447810e-6
24053	1.429729629990724e-6
24054	1.429816861280384e-6
24055	1.429894243459004e-6
24056	1.429986822504095e-6
24057	1.430039702831051e-6
24058	1.430070881459561e-6
24059	1.430116568282667e-6
24060	1.430164429177248e-6
24061	1.430297528732121e-6
24062	1.430429187160347e-6
24063	1.430521654365911e-6
24064	1.430584468232920e-6
24065	1.430592207765862e-6
24066	1.430707686012649e-6
24067	1.430765870560334e-6
24068	1.430844547246991e-6
24069	1.430871509498491e-6
24070	1.430969734934562e-6
24071	1.431015457771607e-6
24072	1.431080482919007e-6
24073	1.431134118603605e-6
24074	1.431274093147580e-6
24075	1.431318029093157e-6
24076	1.431327071068670e-6
24077	1.431462609060164e-6
24078	1.431569301848465e-6
24079	1.431604602551075e-6
24080	1.431665857760704e-6
24081	1.431774420712410e-6
24082	1.431802598411275e-6
24083	1.431868890786571e-6
24084	1.431935914934973e-6
24085	1.432021391989865e-6
24086	1.432094408362236e-6
24087	1.432242181644392e-6
24088	1.432288756486631e-6
24089	1.432409646153066e-6
24090	1.432427988988807e-6
24091	1.432471805346848e-6
24092	1.432542672879278e-6
24093	1.432650381531950e-6
24094	1.432696629182976e-6
24095	1.432768084386225e-6
24096	1.432816211096842e-6
24097	1.432899287227230e-6
24098	1.432964869392547e-6
24099	1.433014383293181e-6
24100	1.433071169144593e-6
24101	1.433160218310402e-6
24102	1.433190384582631e-6
24103	1.433289933394680e-6
24104	1.433307618299668e-6
24105	1.433374699904734e-6
24106	1.433430299532187e-6
24107	1.433554895875431e-6
24108	1.433594821977927e-6
24109	1.433690201373470e-6
24110	1.433708622184875e-6
24111	1.433744411660155e-6
24112	1.433828181800242e-6
24113	1.433879414610504e-6
24114	1.433945684374920e-6
24115	1.434021711196777e-6
24116	1.434071534710837e-6
24117	1.434141521652105e-6
24118	1.434309929586250e-6
24119	1.434372519191296e-6
24120	1.434467623736247e-6
24121	1.434499571671483e-6
24122	1.434563058130738e-6
24123	1.434641163666570e-6
24124	1.434682789531028e-6
24125	1.434739685651380e-6
24126	1.434789140704080e-6
24127	1.434889733281083e-6
24128	1.435020240839842e-6
24129	1.435057604112289e-6
24130	1.435119442285910e-6
24131	1.435225307959286e-6
24132	1.435361962988195e-6
24133	1.435380348497048e-6
24134	1.435433442358960e-6
24135	1.435560446720682e-6
24136	1.435613789075745e-6
24137	1.435666088164562e-6
24138	1.435707578434121e-6
24139	1.435748763252625e-6
24140	1.435873006855462e-6
24141	1.435976138003009e-6
24142	1.436055217694936e-6
24143	1.436203527968544e-6
24144	1.436245902611606e-6
24145	1.436304956697948e-6
24146	1.436454459171558e-6
24147	1.436534566785648e-6
24148	1.436633643570413e-6
24149	1.436683109173208e-6
24150	1.436771527598075e-6
24151	1.436825072467967e-6
24152	1.436949892664386e-6
24153	1.436995698664797e-6
24154	1.437038791216805e-6
24155	1.437244940913964e-6
24156	1.437302154262633e-6
24157	1.437371233186344e-6
24158	1.437458399154612e-6
24159	1.437523632534042e-6
24160	1.437582755365532e-6
24161	1.437681375722220e-6
24162	1.437720903923793e-6
24163	1.437784544628151e-6
24164	1.437862343268131e-6
24165	1.437951699494495e-6
24166	1.438004956932792e-6
24167	1.438119538585496e-6
24168	1.438294465782915e-6
24169	1.438354600389396e-6
24170	1.438417861297044e-6
24171	1.438446427968793e-6
24172	1.438555514363363e-6
24173	1.438648760132048e-6
24174	1.438762080343954e-6
24175	1.438850300062430e-6
24176	1.438891374525168e-6
24177	1.439012725161389e-6
24178	1.439068329894278e-6
24179	1.439286805164079e-6
24180	1.439429104805812e-6
24181	1.439444124966886e-6
24182	1.439521869877052e-6
24183	1.439681858941442e-6
24184	1.439754462623498e-6
24185	1.439807281461598e-6
24186	1.439863225474951e-6
24187	1.439929303075279e-6
24188	1.440075387920647e-6
24189	1.440177329208450e-6
24190	1.440200299988781e-6
24191	1.440278483057853e-6
24192	1.440357534792575e-6
24193	1.440423379531866e-6
24194	1.440591355152298e-6
24195	1.440614890503356e-6
24196	1.440742071213528e-6
24197	1.440806253107719e-6
24198	1.440914707880591e-6
24199	1.440966665663461e-6
24200	1.441066452512930e-6
24201	1.441078987971482e-6
24202	1.441166070887251e-6
24203	1.441385715292958e-6
24204	1.441436875474244e-6
24205	1.441586975680742e-6
24206	1.441684029064053e-6
24207	1.441805103833310e-6
24208	1.441829958227700e-6
24209	1.441897456039799e-6
24210	1.442004489719217e-6
24211	1.442104874407693e-6
24212	1.442256109809042e-6
24213	1.442339322270989e-6
24214	1.442374605209303e-6
24215	1.442465609213146e-6
24216	1.442488330441615e-6
24217	1.442571952752917e-6
24218	1.442695572396869e-6
24219	1.442774378708410e-6
24220	1.442838116134805e-6
24221	1.442993042324321e-6
24222	1.443124343220219e-6
24223	1.443202452641157e-6
24224	1.443239129281864e-6
24225	1.443361737905695e-6
24226	1.443428901339744e-6
24227	1.443584101905175e-6
24228	1.443724112714649e-6
24229	1.443791557277978e-6
24230	1.443878547023348e-6
24231	1.443953509392940e-6
24232	1.444088948615917e-6
24233	1.444210893490428e-6
24234	1.444391477021373e-6
24235	1.444425800445622e-6
24236	1.444574439214765e-6
24237	1.444641575415768e-6
24238	1.444801921440088e-6
24239	1.444866562731503e-6
24240	1.444872994680352e-6
24241	1.445031712656790e-6
24242	1.445105652782476e-6
24243	1.445245548535486e-6
24244	1.445330919513680e-6
24245	1.445477767562060e-6
24246	1.445542268879022e-6
24247	1.445679048835392e-6
24248	1.445783874291232e-6
24249	1.445872269304567e-6
24250	1.446047154263008e-6
24251	1.446152850259585e-6
24252	1.446203440257909e-6
24253	1.446310027784234e-6
24254	1.446381791787214e-6
24255	1.446492120690400e-6
24256	1.446550333617640e-6
24257	1.446774296498257e-6
24258	1.446808351684778e-6
24259	1.446950370822229e-6
24260	1.446964285439550e-6
24261	1.447009890964879e-6
24262	1.447126835687554e-6
24263	1.447254573559042e-6
24264	1.447427902433799e-6
24265	1.447648623293025e-6
24266	1.447657937234762e-6
24267	1.447728005501281e-6
24268	1.447956121979274e-6
24269	1.448082404239294e-6
24270	1.448151233206877e-6
24271	1.448197783946333e-6
24272	1.448424111634377e-6
24273	1.448476153917839e-6
24274	1.448657957865097e-6
24275	1.448703343056252e-6
24276	1.448775020610291e-6
24277	1.448998310483971e-6
24278	1.449101986228664e-6
24279	1.449344830390831e-6
24280	1.449394826289826e-6
24281	1.449558233000582e-6
24282	1.449643466496148e-6
24283	1.449787410722413e-6
24284	1.449907276461205e-6
24285	1.449988257881754e-6
24286	1.450021530600342e-6
24287	1.450194017679523e-6
24288	1.450220107665768e-6
24289	1.450244922085666e-6
24290	1.450481179486548e-6
24291	1.450619355230080e-6
24292	1.450629218371531e-6
24293	1.450939489173596e-6
24294	1.451048683171931e-6
24295	1.451222184650491e-6
24296	1.451268817017232e-6
24297	1.451383253757471e-6
24298	1.451440027813727e-6
24299	1.451666914873514e-6
24300	1.451740441885371e-6
24301	1.451911304759276e-6
24302	1.451973143702180e-6
24303	1.452077935094871e-6
24304	1.452225465604846e-6
24305	1.452487996313407e-6
24306	1.452696965439000e-6
24307	1.452749426993280e-6
24308	1.452877023056482e-6
24309	1.452961310044831e-6
24310	1.453016913249129e-6
24311	1.453193194051362e-6
24312	1.453278842761362e-6
24313	1.453370523486301e-6
24314	1.453380577774737e-6
24315	1.453661226573124e-6
24316	1.453796877947302e-6
24317	1.453823082676129e-6
24318	1.453969405424975e-6
24319	1.454149922218389e-6
24320	1.454319894218323e-6
24321	1.454403569654007e-6
24322	1.454675236015844e-6
24323	1.454844507894686e-6
24324	1.454892662605221e-6
24325	1.455069072081922e-6
24326	1.455171913875874e-6
24327	1.455330058622859e-6
24328	1.455418143428356e-6
24329	1.455503762970844e-6
24330	1.455665158300050e-6
24331	1.455748956789702e-6
24332	1.455822242650892e-6
24333	1.456022213901458e-6
24334	1.456173246812073e-6
24335	1.456278167801041e-6
24336	1.456464420073379e-6
24337	1.456735806969492e-6
24338	1.456890624830540e-6
24339	1.456943811287903e-6
24340	1.457040221376741e-6
24341	1.457214655591833e-6
24342	1.457376238818180e-6
24343	1.457422488602130e-6
24344	1.457636123738661e-6
24345	1.457741346603031e-6
24346	1.457953550028021e-6
24347	1.458025658706236e-6
24348	1.458179980494981e-6
24349	1.458228171030263e-6
24350	1.458451457721613e-6
24351	1.458599613467546e-6
24352	1.458704863691353e-6
24353	1.458990715951136e-6
24354	1.459102068585467e-6
24355	1.459150722338236e-6
24356	1.459257470465247e-6
24357	1.459461343558520e-6
24358	1.459594005219620e-6
24359	1.459840631268106e-6
24360	1.459883207866149e-6
24361	1.460104201981060e-6
24362	1.460192774632358e-6
24363	1.460285910939233e-6
24364	1.460429457696041e-6
24365	1.460625359094554e-6
24366	1.460762816567049e-6
24367	1.460911758648148e-6
24368	1.461013584735137e-6
24369	1.461187017049259e-6
24370	1.461281173594392e-6
24371	1.461532817504402e-6
24372	1.461609996021230e-6
24373	1.461810415258663e-6
24374	1.461818275802003e-6
24375	1.462048310872679e-6
24376	1.462108253384965e-6
24377	1.462227242718964e-6
24378	1.462328695629277e-6
24379	1.462521093369916e-6
24380	1.462688532635873e-6
24381	1.462759626375662e-6
24382	1.462885357241889e-6
24383	1.462984056553515e-6
24384	1.463170243431074e-6
24385	1.463263711104082e-6
24386	1.463339765468429e-6
24387	1.463459358805042e-6
24388	1.463587006762628e-6
24389	1.463696062446816e-6
24390	1.463868883524095e-6
24391	1.464132457070552e-6
24392	1.464404660421454e-6
24393	1.464593222666815e-6
24394	1.464704747243014e-6
24395	1.464791503758548e-6
24396	1.464960331244993e-6
24397	1.465112795863669e-6
24398	1.465187470464607e-6
24399	1.465310269734830e-6
24400	1.465472209225076e-6
24401	1.465633566556582e-6
24402	1.465800821906932e-6
24403	1.465966842709749e-6
24404	1.466007029488115e-6
24405	1.466159698268238e-6
24406	1.466358967016452e-6
24407	1.466623790311868e-6
24408	1.466678700276385e-6
24409	1.466813401211970e-6
24410	1.466933880969876e-6
24411	1.466984882404265e-6
24412	1.467103385791149e-6
24413	1.467314719498891e-6
24414	1.467484635706986e-6
24415	1.467588471758927e-6
24416	1.467719498690881e-6
24417	1.467881153704661e-6
24418	1.467943688124930e-6
24419	1.468095105776505e-6
24420	1.468528312886708e-6
24421	1.468584462070597e-6
24422	1.468638309157554e-6
24423	1.468953734976748e-6
24424	1.469022356668713e-6
24425	1.469129441076708e-6
24426	1.469338225263415e-6
24427	1.469648024892557e-6
24428	1.469678504083430e-6
24429	1.469898955444807e-6
24430	1.469917595826906e-6
24431	1.470064984250688e-6
24432	1.470096512314379e-6
24433	1.470406114641457e-6
24434	1.470465183137186e-6
24435	1.470733264371284e-6
24436	1.470849973479748e-6
24437	1.471038789740260e-6
24438	1.471156481652853e-6
24439	1.471428918719496e-6
24440	1.471473978446368e-6
24441	1.471533161233839e-6
24442	1.471877730216643e-6
24443	1.471980043410347e-6
24444	1.472222267658370e-6
24445	1.472379342891849e-6
24446	1.472634743408368e-6
24447	1.472803574228555e-6
24448	1.472875859112551e-6
24449	1.472924441280757e-6
24450	1.473244649675112e-6
24451	1.473489065904305e-6
24452	1.473581544590510e-6
24453	1.473631152549996e-6
24454	1.473795848726580e-6
24455	1.474000204613792e-6
24456	1.474033862786483e-6
24457	1.474213046726420e-6
24458	1.474270223964691e-6
24459	1.474626151166047e-6
24460	1.474748664867737e-6
24461	1.475092924096025e-6
24462	1.475206824354616e-6
24463	1.475342152418384e-6
24464	1.475389188686727e-6
24465	1.475684607330894e-6
24466	1.475808287146894e-6
24467	1.476022495334284e-6
24468	1.476072227944415e-6
24469	1.476473675895042e-6
24470	1.476608006136024e-6
24471	1.476622395899667e-6
24472	1.476744012928776e-6
24473	1.476866474050109e-6
24474	1.477107830696924e-6
24475	1.477173377592891e-6
24476	1.477349988106977e-6
24477	1.477447271254058e-6
24478	1.477757749112693e-6
24479	1.477986573074322e-6
24480	1.478201883744748e-6
24481	1.478338995754421e-6
24482	1.478500670247168e-6
24483	1.478720911318972e-6
24484	1.478922097930833e-6
24485	1.479008733478953e-6
24486	1.479138226396005e-6
24487	1.479371942874762e-6
24488	1.479385792174817e-6
24489	1.479537506965630e-6
24490	1.479789281931652e-6
24491	1.479883108743692e-6
24492	1.480172672971528e-6
24493	1.480341429684043e-6
24494	1.480553128318190e-6
24495	1.480675927673087e-6
24496	1.480770957877606e-6
24497	1.481022148801454e-6
24498	1.481362589178074e-6
24499	1.481475326139336e-6
24500	1.481501331942355e-6
24501	1.481660535684005e-6
24502	1.481799045291415e-6
24503	1.481922823871067e-6
24504	1.482044945277120e-6
24505	1.482289566771454e-6
24506	1.482386057289023e-6
24507	1.482771043061999e-6
24508	1.482846947754177e-6
24509	1.482873507393479e-6
24510	1.482949406144721e-6
24511	1.483018162192257e-6
24512	1.483300533065233e-6
24513	1.483636748900844e-6
24514	1.483682548159190e-6
24515	1.483837617499283e-6
24516	1.484131003452910e-6
24517	1.484221465824356e-6
24518	1.484634533099931e-6
24519	1.484789371907894e-6
24520	1.484905931417295e-6
24521	1.485207349132018e-6
24522	1.485377355393330e-6
24523	1.485729243845263e-6
24524	1.485834104053637e-6
24525	1.486037350291857e-6
24526	1.486328653254905e-6
24527	1.486455826228501e-6
24528	1.486488603900393e-6
24529	1.486764876134417e-6
24530	1.487043432561891e-6
24531	1.487187163119565e-6
24532	1.487323144491327e-6
24533	1.487425379883579e-6
24534	1.487591601827036e-6
24535	1.487738616412716e-6
24536	1.487849193023866e-6
24537	1.488088365032165e-6
24538	1.488246805674804e-6
24539	1.488400799267884e-6
24540	1.488651651176554e-6
24541	1.488714152567737e-6
24542	1.488942374191151e-6
24543	1.489121165247522e-6
24544	1.489233696491399e-6
24545	1.489604513072263e-6
24546	1.489724505353825e-6
24547	1.489873376680666e-6
24548	1.490034604557404e-6
24549	1.490221943441950e-6
24550	1.490357257690578e-6
24551	1.490538601996177e-6
24552	1.490700808839740e-6
24553	1.490919384451479e-6
24554	1.491046741505334e-6
24555	1.491234505046386e-6
24556	1.491352441717786e-6
24557	1.491563566798448e-6
24558	1.491633609767783e-6
24559	1.491886642770204e-6
24560	1.492159089107909e-6
24561	1.492378493808451e-6
24562	1.492927785746931e-6
24563	1.493063802599515e-6
24564	1.493262718877319e-6
24565	1.493472023685295e-6
24566	1.493574953580518e-6
24567	1.493635984770256e-6
24568	1.493923836506961e-6
24569	1.494077089433929e-6
24570	1.494161112174064e-6
24571	1.494283692826887e-6
24572	1.494498489530091e-6
24573	1.494880645324534e-6
24574	1.494946694412028e-6
24575	1.495179084731255e-6
24576	1.495441733752112e-6
24577	1.495541632245907e-6
24578	1.495903233372145e-6
24579	1.495997010373147e-6
24580	1.496070186324896e-6
24581	1.496291866753737e-6
24582	1.496612915456882e-6
24583	1.496879924375955e-6
24584	1.496927478963519e-6
24585	1.497252472059787e-6
24586	1.497393132868240e-6
24587	1.497644551959091e-6
24588	1.497743302503644e-6
24589	1.497939374922678e-6
24590	1.498158505355205e-6
24591	1.498271280774915e-6
24592	1.498504632148428e-6
24593	1.498564763914204e-6
24594	1.498767689416102e-6
24595	1.498849829584615e-6
24596	1.499011959919491e-6
24597	1.499396821728288e-6
24598	1.499581520520664e-6
24599	1.499885374739661e-6
24600	1.499986412976964e-6
24601	1.500286269789670e-6
24602	1.500541736219871e-6
24603	1.500619599376300e-6
24604	1.500735354407021e-6
24605	1.500972266536185e-6
24606	1.501086611290359e-6
24607	1.501473745673187e-6
24608	1.501576840420295e-6
24609	1.501826578685452e-6
24610	1.502076794063763e-6
24611	1.502118931424665e-6
24612	1.502460591397635e-6
24613	1.502651234053861e-6
24614	1.502697416870609e-6
24615	1.503071040893923e-6
24616	1.503290849946292e-6
24617	1.503615588124050e-6
24618	1.503759084218324e-6
24619	1.503870813940091e-6
24620	1.503968661390286e-6
24621	1.504436340271083e-6
24622	1.504508372203414e-6
24623	1.504847612286451e-6
24624	1.505047729931568e-6
24625	1.505126194062252e-6
24626	1.505377997033527e-6
24627	1.505491058233885e-6
24628	1.505799236823218e-6
24629	1.505834494794892e-6
24630	1.506008786229336e-6
24631	1.506458223220388e-6
24632	1.506664456087200e-6
24633	1.506922056601340e-6
24634	1.507070064139806e-6
24635	1.507346863683587e-6
24636	1.507526379630450e-6
24637	1.507753577307050e-6
24638	1.507906540242577e-6
24639	1.508068979716696e-6
24640	1.508374483434612e-6
24641	1.508609169274794e-6
24642	1.508626305367063e-6
24643	1.508722481206881e-6
24644	1.508892742665656e-6
24645	1.509166745657224e-6
24646	1.509432785418512e-6
24647	1.509511540213865e-6
24648	1.509654170722256e-6
24649	1.509947307200362e-6
24650	1.510407916354123e-6
24651	1.510575006861219e-6
24652	1.510718897816456e-6
24653	1.510818718228165e-6
24654	1.511044091230963e-6
24655	1.511049970543289e-6
24656	1.511377882598142e-6
24657	1.511560734223010e-6
24658	1.511883150474538e-6
24659	1.512055234407751e-6
24660	1.512231781703598e-6
24661	1.512379055937021e-6
24662	1.512540332096552e-6
24663	1.513047833235358e-6
24664	1.513166326211620e-6
24665	1.513190946021377e-6
24666	1.513374681154941e-6
24667	1.513520535467199e-6
24668	1.514117350721654e-6
24669	1.514276706664654e-6
24670	1.514550775140949e-6
24671	1.514571436673531e-6
24672	1.514933135465608e-6
24673	1.515192551530645e-6
24674	1.515253708215761e-6
24675	1.515766994217213e-6
24676	1.515899369430151e-6
24677	1.516240477974567e-6
24678	1.516465157191469e-6
24679	1.516693530340429e-6
24680	1.516724715714699e-6
24681	1.516925354380679e-6
24682	1.517120144859340e-6
24683	1.517465856338325e-6
24684	1.517725504876806e-6
24685	1.517863410486125e-6
24686	1.518099134859167e-6
24687	1.518392015568931e-6
24688	1.518679042516021e-6
24689	1.518891439340269e-6
24690	1.519236660114525e-6
24691	1.519373698760129e-6
24692	1.519488129154869e-6
24693	1.519648562220701e-6
24694	1.519837207400450e-6
24695	1.520197652028790e-6
24696	1.520467320113856e-6
24697	1.520538289470672e-6
24698	1.520585964001125e-6
24699	1.520797077382849e-6
24700	1.521059497033765e-6
24701	1.521204570089349e-6
24702	1.521421163972767e-6
24703	1.521537402198721e-6
24704	1.521867668358668e-6
24705	1.522040577916949e-6
24706	1.522314296132754e-6
24707	1.522604600836404e-6
24708	1.522665482973912e-6
24709	1.523025232871177e-6
24710	1.523186875923585e-6
24711	1.523402839446859e-6
24712	1.523606651992506e-6
24713	1.524023232432928e-6
24714	1.524097455477798e-6
24715	1.524223834838145e-6
24716	1.524478559645036e-6
24717	1.524748640727440e-6
24718	1.524997236283352e-6
24719	1.525110909018884e-6
24720	1.525671054192250e-6
24721	1.525846543261000e-6
24722	1.526298342436187e-6
24723	1.526543112312627e-6
24724	1.526635210888951e-6
24725	1.526834605272687e-6
24726	1.526967617235743e-6
24727	1.527229477315592e-6
24728	1.527281963565767e-6
24729	1.527556341549581e-6
24730	1.527964736970254e-6
24731	1.528238280171404e-6
24732	1.528254367889014e-6
24733	1.528407159301618e-6
24734	1.528928122192576e-6
24735	1.529159058175820e-6
24736	1.529345187224285e-6
24737	1.529567113027922e-6
24738	1.529873226161478e-6
24739	1.530091429280853e-6
24740	1.530282739711151e-6
24741	1.530568065582896e-6
24742	1.530688279457030e-6
24743	1.530799480534793e-6
24744	1.531331310814409e-6
24745	1.531380025136470e-6
24746	1.531991629033250e-6
24747	1.532052440802502e-6
24748	1.532249202644972e-6
24749	1.532505478639054e-6
24750	1.532595754621779e-6
24751	1.533143647490712e-6
24752	1.533213581891342e-6
24753	1.533568339213647e-6
24754	1.533757262357813e-6
24755	1.533901079024025e-6
24756	1.534186636170227e-6
24757	1.534438795183456e-6
24758	1.534486380728357e-6
24759	1.534639352578544e-6
24760	1.535179297955549e-6
24761	1.535378923417899e-6
24762	1.535461745070169e-6
24763	1.535805873482407e-6
24764	1.536012418383038e-6
24765	1.536171477922317e-6
24766	1.536327010627450e-6
24767	1.536542037436095e-6
24768	1.536662036645348e-6
24769	1.536857125729544e-6
24770	1.537199799888685e-6
24771	1.537520031022391e-6
24772	1.537637169751365e-6
24773	1.537966722944930e-6
24774	1.538129367679321e-6
24775	1.538415215202298e-6
24776	1.538674970112262e-6
24777	1.538776336727436e-6
24778	1.539238111700295e-6
24779	1.539350013781468e-6
24780	1.539573034587113e-6
24781	1.539940603465339e-6
24782	1.540199621663547e-6
24783	1.540412240612353e-6
24784	1.540698981608520e-6
24785	1.540917124386350e-6
24786	1.541425145259528e-6
24787	1.541586851689588e-6
24788	1.541704056870496e-6
24789	1.541896717678552e-6
24790	1.542260495908586e-6
24791	1.542412328417371e-6
24792	1.542881297965559e-6
24793	1.542966205212051e-6
24794	1.543233759729314e-6
24795	1.543438153392655e-6
24796	1.543787728923655e-6
24797	1.544161539131927e-6
24798	1.544319146622216e-6
24799	1.544431699396758e-6
24800	1.544699934827533e-6
24801	1.544984238890722e-6
24802	1.545035439406180e-6
24803	1.545222541196055e-6
24804	1.545518766266677e-6
24805	1.545716171062033e-6
24806	1.546283233722508e-6
24807	1.546527247864012e-6
24808	1.546648210568002e-6
24809	1.546887009624445e-6
24810	1.547091725067501e-6
24811	1.547178770492500e-6
24812	1.547385372585717e-6
24813	1.547794237601960e-6
24814	1.548020066203373e-6
24815	1.548309423078138e-6
24816	1.548698492204938e-6
24817	1.548717141829252e-6
24818	1.549208368367218e-6
24819	1.549289337705124e-6
24820	1.549452577240365e-6
24821	1.549727030027325e-6
24822	1.549803936639613e-6
24823	1.550422454373839e-6
24824	1.550556336911856e-6
24825	1.550723095999216e-6
24826	1.551085321705652e-6
24827	1.551260476369944e-6
24828	1.551453477138326e-6
24829	1.551836844814533e-6
24830	1.552069546460914e-6
24831	1.552535711003221e-6
24832	1.552561262029132e-6
24833	1.552841675493167e-6
24834	1.553323008759763e-6
24835	1.553398037698553e-6
24836	1.553529402439124e-6
24837	1.553755024602655e-6
24838	1.554206941851825e-6
24839	1.554316035565089e-6
24840	1.554438489129573e-6
24841	1.554803556489040e-6
24842	1.555083007547680e-6
24843	1.555216728594786e-6
24844	1.555413410790103e-6
24845	1.555822418793875e-6
24846	1.556126030415188e-6
24847	1.556623557968394e-6
24848	1.556821543453195e-6
24849	1.556898839707607e-6
24850	1.557113408445468e-6
24851	1.557382334392130e-6
24852	1.557668098963183e-6
24853	1.557733554077525e-6
24854	1.558271914229083e-6
24855	1.558469031364492e-6
24856	1.558746825602921e-6
24857	1.558912815458383e-6
24858	1.559133236481475e-6
24859	1.559390394429817e-6
24860	1.559637069396847e-6
24861	1.559950708553695e-6
24862	1.560176162123048e-6
24863	1.560417577306660e-6
24864	1.560467898631978e-6
24865	1.560790687124820e-6
24866	1.561211137367306e-6
24867	1.561414794048963e-6
24868	1.561614309536013e-6
24869	1.561678970483793e-6
24870	1.562080279213605e-6
24871	1.562207406925363e-6
24872	1.562262750426743e-6
24873	1.562791959178589e-6
24874	1.563054227780485e-6
24875	1.563098649172845e-6
24876	1.563360147791463e-6
24877	1.563779231090250e-6
24878	1.564151979914053e-6
24879	1.564421393264420e-6
24880	1.564783443053199e-6
24881	1.564923278378974e-6
24882	1.565226341329250e-6
24883	1.565566243884887e-6
24884	1.565949468118556e-6
24885	1.566220970502346e-6
24886	1.566367437496535e-6
24887	1.566470840395115e-6
24888	1.566802448769021e-6
24889	1.566832701748426e-6
24890	1.567055746265130e-6
24891	1.567269960907377e-6
24892	1.567546842628311e-6
24893	1.567799430106024e-6
24894	1.568176066097972e-6
24895	1.568495989574539e-6
24896	1.568593151486967e-6
24897	1.568965807701648e-6
24898	1.569150514372856e-6
24899	1.569785093843071e-6
24900	1.570042588372307e-6
24901	1.570119327709941e-6
24902	1.570333149311922e-6
24903	1.570581510867025e-6
24904	1.570872720617286e-6
24905	1.571204462296052e-6
24906	1.571552107966446e-6
24907	1.571601447365672e-6
24908	1.571884824482334e-6
24909	1.572015598960740e-6
24910	1.572352091788643e-6
24911	1.572560141427170e-6
24912	1.572733652727530e-6
24913	1.572815903420781e-6
24914	1.573220616174495e-6
24915	1.573367453449446e-6
24916	1.573806239330092e-6
24917	1.573999901405999e-6
24918	1.574278892040867e-6
24919	1.574611675618469e-6
24920	1.574755302646387e-6
24921	1.575148040541773e-6
24922	1.575343241511458e-6
24923	1.575421223047507e-6
24924	1.576114281725759e-6
24925	1.576280537036040e-6
24926	1.576444810725680e-6
24927	1.576651203512146e-6
24928	1.577050990122385e-6
24929	1.577428112115183e-6
24930	1.577766094670962e-6
24931	1.577784225194594e-6
24932	1.577882183331086e-6
24933	1.578094053262830e-6
24934	1.578332525571347e-6
24935	1.578439879664695e-6
24936	1.578649134474696e-6
24937	1.579130986324075e-6
24938	1.579306877350413e-6
24939	1.579359257959179e-6
24940	1.579641848998765e-6
24941	1.579901185952371e-6
24942	1.580093988121097e-6
24943	1.580272428921923e-6
24944	1.580563130096573e-6
24945	1.580930287820045e-6
24946	1.581145718040693e-6
24947	1.581416882082435e-6
24948	1.581675065464721e-6
24949	1.582216369922202e-6
24950	1.582353290355626e-6
24951	1.582483764130922e-6
24952	1.582640621321033e-6
24953	1.582897272799240e-6
24954	1.583265722049098e-6
24955	1.583495199605999e-6
24956	1.583787680426075e-6
24957	1.583945338978598e-6
24958	1.583990495297969e-6
24959	1.584275856199447e-6
24960	1.584706764369644e-6
24961	1.584978787434477e-6
24962	1.585186728978783e-6
24963	1.585391689939364e-6
24964	1.585530427605936e-6
24965	1.585739667261048e-6
24966	1.585983532166388e-6
24967	1.586362253827102e-6
24968	1.586530496886104e-6
24969	1.586742578293968e-6
24970	1.587622849310123e-6
24971	1.587663311735725e-6
24972	1.587818051733727e-6
24973	1.587945976523768e-6
24974	1.588117749816036e-6
24975	1.588315585549971e-6
24976	1.588770551281363e-6
24977	1.588970485149857e-6
24978	1.589246114865069e-6
24979	1.589301557595636e-6
24980	1.589698423580724e-6
24981	1.589882141240431e-6
24982	1.590151940522521e-6
24983	1.590408362805138e-6
24984	1.590474346975246e-6
24985	1.590588617010519e-6
24986	1.591013725258884e-6
24987	1.591219585095593e-6
24988	1.591441108544507e-6
24989	1.591515430956411e-6
24990	1.591875840878638e-6
24991	1.592249740511959e-6
24992	1.592389320929484e-6
24993	1.592461503829407e-6
24994	1.592685038154857e-6
24995	1.592902773836111e-6
24996	1.593134937710952e-6
24997	1.593515439271882e-6
24998	1.593546502665665e-6
24999	1.593638198443032e-6
25000	1.594000434339145e-6
25001	1.594395617378533e-6
25002	1.594544607277987e-6
25003	1.594652796681349e-6
25004	1.594735288002316e-6
25005	1.595455732087417e-6
25006	1.595607313127865e-6
25007	1.595702878835454e-6
25008	1.595898675532668e-6
25009	1.596169025497933e-6
25010	1.596508072493111e-6
25011	1.596744749053421e-6
25012	1.596911347340736e-6
25013	1.597136126742432e-6
25014	1.597391868143999e-6
25015	1.597770938584784e-6
25016	1.597966582086362e-6
25017	1.598125068113628e-6
25018	1.598192538792292e-6
25019	1.598513655006434e-6
25020	1.598879832002128e-6
25021	1.599027388002407e-6
25022	1.599285793921969e-6
25023	1.599489460684728e-6
25024	1.599886834229481e-6
25025	1.600076302578677e-6
25026	1.600417491449036e-6
25027	1.600678340817213e-6
25028	1.600769187772595e-6
25029	1.600852416660758e-6
25030	1.601086564343814e-6
25031	1.601491815417510e-6
25032	1.601954750999734e-6
25033	1.602207582271656e-6
25034	1.602248854246913e-6
25035	1.602431936616831e-6
25036	1.602664333588696e-6
25037	1.602995421003669e-6
25038	1.603212922494954e-6
25039	1.603237868853577e-6
25040	1.603663617692717e-6
25041	1.604096645129069e-6
25042	1.604215283278784e-6
25043	1.604661364330988e-6
25044	1.605109366976558e-6
25045	1.605266897616148e-6
25046	1.605347300710121e-6
25047	1.605615741009721e-6
25048	1.605871839826258e-6
25049	1.606256436179805e-6
25050	1.606518373868634e-6
25051	1.606680602925085e-6
25052	1.606914966667148e-6
25053	1.607026090843400e-6
25054	1.607482987198606e-6
25055	1.607486800738584e-6
25056	1.607581381342925e-6
25057	1.608080297262230e-6
25058	1.608107687075937e-6
25059	1.608646136917773e-6
25060	1.608864506336343e-6
25061	1.609051181699402e-6
25062	1.609142301525349e-6
25063	1.609645062544295e-6
25064	1.609860307286697e-6
25065	1.610023081073686e-6
25066	1.610255168129717e-6
25067	1.610633436376408e-6
25068	1.610837125502189e-6
25069	1.610918298458649e-6
25070	1.611019629255195e-6
25071	1.611375927152780e-6
25072	1.611595078321060e-6
25073	1.611707955053096e-6
25074	1.611830320249145e-6
25075	1.612386826528433e-6
25076	1.612713786548806e-6
25077	1.612994558047279e-6
25078	1.613068984856852e-6
25079	1.613431646956560e-6
25080	1.613574014273697e-6
25081	1.613763098061611e-6
25082	1.614165267999006e-6
25083	1.614306491080827e-6
25084	1.614412740113970e-6
25085	1.614939726203432e-6
25086	1.615052941459416e-6
25087	1.615224379011868e-6
25088	1.615415525689311e-6
25089	1.615586503289052e-6
25090	1.615735591212909e-6
25091	1.616052602068233e-6
25092	1.616361926723427e-6
25093	1.616633845068756e-6
25094	1.617052764531154e-6
25095	1.617068444687390e-6
25096	1.617317606480702e-6
25097	1.617563060625750e-6
25098	1.617621814307644e-6
25099	1.617814231593731e-6
25100	1.618505907772001e-6
25101	1.618873368469947e-6
25102	1.618978423188760e-6
25103	1.619212148238600e-6
25104	1.619521618348756e-6
25105	1.619842119971870e-6
25106	1.619976364446996e-6
25107	1.620117398131045e-6
25108	1.620254532276017e-6
25109	1.620576921271555e-6
25110	1.620714348165356e-6
25111	1.621110755926608e-6
25112	1.621214561381645e-6
25113	1.621581323563166e-6
25114	1.621742446471263e-6
25115	1.622035779171326e-6
25116	1.622295896512910e-6
25117	1.622533365927954e-6
25118	1.622836336176724e-6
25119	1.623068860537371e-6
25120	1.623454317250484e-6
25121	1.623822195612429e-6
25122	1.624094469255200e-6
25123	1.624305584740839e-6
25124	1.624361259895749e-6
25125	1.624526721307072e-6
25126	1.624953782744047e-6
25127	1.625033510184942e-6
25128	1.625276504362867e-6
25129	1.625374344525864e-6
25130	1.625551771008661e-6
25131	1.625630003875560e-6
25132	1.626226313708013e-6
25133	1.626482047673401e-6
25134	1.626687473483041e-6
25135	1.626790652091944e-6
25136	1.626945942556107e-6
25137	1.627547405983217e-6
25138	1.627732412283667e-6
25139	1.628130869819909e-6
25140	1.628219300193850e-6
25141	1.628486606093206e-6
25142	1.628667135503129e-6
25143	1.628793195316898e-6
25144	1.629059388221279e-6
25145	1.629368729549747e-6
25146	1.629515039747205e-6
25147	1.630058509049030e-6
25148	1.630252916601467e-6
25149	1.630450224307713e-6
25150	1.630605477332781e-6
25151	1.630908672730645e-6
25152	1.631061934628092e-6
25153	1.631442697354934e-6
25154	1.631770559134955e-6
25155	1.631930808477144e-6
25156	1.631989332202859e-6
25157	1.632437076853731e-6
25158	1.632758397888821e-6
25159	1.632853233657347e-6
25160	1.633003270451855e-6
25161	1.633444468415540e-6
25162	1.633680022190945e-6
25163	1.633784131133089e-6
25164	1.633907321755295e-6
25165	1.634375143844096e-6
25166	1.634660081672521e-6
25167	1.634746152263351e-6
25168	1.634854483553496e-6
25169	1.635050286568211e-6
25170	1.635305217780936e-6
25171	1.635381402198638e-6
25172	1.635978577895442e-6
25173	1.636154183953760e-6
25174	1.636345824725018e-6
25175	1.636369715518241e-6
25176	1.636592861060395e-6
25177	1.636964132982925e-6
25178	1.637098172898502e-6
25179	1.637384924304745e-6
25180	1.637630651096109e-6
25181	1.637808756619477e-6
25182	1.638181319322299e-6
25183	1.638378938974538e-6
25184	1.638729095396363e-6
25185	1.638788482757021e-6
25186	1.639030251105540e-6
25187	1.639232782905694e-6
25188	1.639430241596561e-6
25189	1.639601697391398e-6
25190	1.639932078485858e-6
25191	1.640079386211263e-6
25192	1.640229788894804e-6
25193	1.640941042057034e-6
25194	1.641152078004261e-6
25195	1.641336809236638e-6
25196	1.641374969744370e-6
25197	1.641633425243424e-6
25198	1.641921139246237e-6
25199	1.642218746037794e-6
25200	1.642439603590936e-6
25201	1.642510835136795e-6
25202	1.642793906976464e-6
25203	1.643056360578616e-6
25204	1.643280935491213e-6
25205	1.643905685119597e-6
25206	1.644112355142453e-6
25207	1.644286788911535e-6
25208	1.644409208742869e-6
25209	1.644774015942524e-6
25210	1.644802451623061e-6
25211	1.645146863173287e-6
25212	1.645432092099286e-6
25213	1.645837861471360e-6
25214	1.646099632772710e-6
25215	1.646268976694786e-6
25216	1.646308764904145e-6
25217	1.646609078133504e-6
25218	1.646630339882470e-6
25219	1.646953628349938e-6
25220	1.647309073962708e-6
25221	1.647469131471845e-6
25222	1.647888935488736e-6
25223	1.648025289364277e-6
25224	1.648155283408613e-6
25225	1.648405939399964e-6
25226	1.648549633284557e-6
25227	1.648766955949283e-6
25228	1.649035827245785e-6
25229	1.649399637153949e-6
25230	1.649493154829158e-6
25231	1.649635108101950e-6
25232	1.649908841892155e-6
25233	1.650194450758281e-6
25234	1.650251939042036e-6
25235	1.650406655308454e-6
25236	1.650907007112147e-6
25237	1.651191224766198e-6
25238	1.651483781742458e-6
25239	1.651555125175989e-6
25240	1.651630541364387e-6
25241	1.651788596073322e-6
25242	1.652042425954609e-6
25243	1.652191520389697e-6
25244	1.652268283054441e-6
25245	1.652500490114947e-6
25246	1.652807292537209e-6
25247	1.652991703968914e-6
25248	1.653252503558485e-6
25249	1.653290681275369e-6
25250	1.653683815301353e-6
25251	1.653763865314886e-6
25252	1.654038362187069e-6
25253	1.654237188819259e-6
25254	1.654483127365493e-6
25255	1.654592224187400e-6
25256	1.654815780557862e-6
25257	1.655309977179309e-6
25258	1.655509480276440e-6
25259	1.655720151383447e-6
25260	1.655883360718214e-6
25261	1.656105434068167e-6
25262	1.656245518442972e-6
25263	1.656363459845682e-6
25264	1.656791086896258e-6
25265	1.656940835316406e-6
25266	1.657022928269218e-6
25267	1.657361179828444e-6
25268	1.657618929192095e-6
25269	1.657694926207094e-6
25270	1.657885296125579e-6
25271	1.658013154532615e-6
25272	1.658380441289312e-6
25273	1.658525481140351e-6
25274	1.658786545072411e-6
25275	1.659211013335526e-6
25276	1.659424654229367e-6
25277	1.659562521734122e-6
25278	1.659836327092655e-6
25279	1.659951060523298e-6
25280	1.660081527991406e-6
25281	1.660171180795505e-6
25282	1.660336977613524e-6
25283	1.660764614983656e-6
25284	1.660851311789223e-6
25285	1.660931376396830e-6
25286	1.661107887218644e-6
25287	1.661329645661870e-6
25288	1.661589040750882e-6
25289	1.661703971601004e-6
25290	1.662139447583594e-6
25291	1.662209218863210e-6
25292	1.662421101336830e-6
25293	1.662684760144006e-6
25294	1.662868851736748e-6
25295	1.663008582359738e-6
25296	1.663213395755945e-6
25297	1.663495796144458e-6
25298	1.663623945193473e-6
25299	1.663877170146558e-6
25300	1.663980191145657e-6
25301	1.664280589738656e-6
25302	1.664364769200472e-6
25303	1.664472535249935e-6
25304	1.664618608449327e-6
25305	1.664997938214163e-6
25306	1.665148070209103e-6
25307	1.665317626720727e-6
25308	1.665630090578726e-6
25309	1.665849982675616e-6
25310	1.665955465854741e-6
25311	1.666313431227574e-6
25312	1.666546802542669e-6
25313	1.666645383748132e-6
25314	1.666839942170859e-6
25315	1.666898302168672e-6
25316	1.667080966816177e-6
25317	1.667247607972242e-6
25318	1.667377681479323e-6
25319	1.667621298603140e-6
25320	1.667764565753582e-6
25321	1.668160675753299e-6
25322	1.668223421774296e-6
25323	1.668276098340499e-6
25324	1.668410410940617e-6
25325	1.668590445180696e-6
25326	1.668654478275412e-6
25327	1.668768650560516e-6
25328	1.668922228536246e-6
25329	1.669231224111333e-6
25330	1.669594189218495e-6
25331	1.669807060130265e-6
25332	1.669926616865644e-6
25333	1.669999240585540e-6
25334	1.670103754296887e-6
25335	1.670301175750446e-6
25336	1.670428985494259e-6
25337	1.670547130710857e-6
25338	1.670794232339343e-6
25339	1.671031904015686e-6
25340	1.671124417244531e-6
25341	1.671370335396688e-6
25342	1.671501429273040e-6
25343	1.671694374371119e-6
25344	1.671797255514501e-6
25345	1.671851733716373e-6
25346	1.672149557472796e-6
25347	1.672232680600998e-6
25348	1.672349084594575e-6
25349	1.672459553961401e-6
25350	1.672649499889101e-6
25351	1.672808711770509e-6
25352	1.672996117414732e-6
25353	1.673213011078889e-6
25354	1.673259022565671e-6
25355	1.673433368089841e-6
25356	1.673694351866823e-6
25357	1.673749314465229e-6
25358	1.674028989457315e-6
25359	1.674124768353561e-6
25360	1.674230351447529e-6
25361	1.674412472219760e-6
25362	1.674508349099925e-6
25363	1.674671949889429e-6
25364	1.674745572023694e-6
25365	1.674867930004821e-6
25366	1.674951961254275e-6
25367	1.675154921632536e-6
25368	1.675360389252510e-6
25369	1.675461113191153e-6
25370	1.675685971228429e-6
25371	1.675800640317822e-6
25372	1.675896691316449e-6
25373	1.675943110903677e-6
25374	1.676107582353367e-6
25375	1.676429597097682e-6
25376	1.676496637284291e-6
25377	1.676783331659796e-6
25378	1.676886515898167e-6
25379	1.676997091334232e-6
25380	1.677136498793141e-6
25381	1.677316003011752e-6
25382	1.677369564909077e-6
25383	1.677541688337545e-6
25384	1.677849235537513e-6
25385	1.677921723655010e-6
25386	1.677942890321518e-6
25387	1.678123923811993e-6
25388	1.678369280980089e-6
25389	1.678442528959624e-6
25390	1.678619252831102e-6
25391	1.678697245228570e-6
25392	1.678751424136459e-6
25393	1.679047661856963e-6
25394	1.679281630158915e-6
25395	1.679352835675624e-6
25396	1.679471108519135e-6
25397	1.679715321067010e-6
25398	1.679753408615882e-6
25399	1.679840560115697e-6
25400	1.679930440023536e-6
25401	1.680063780622870e-6
25402	1.680148733059478e-6
25403	1.680274272314259e-6
25404	1.680351903302719e-6
25405	1.680518505806828e-6
25406	1.680772169014148e-6
25407	1.680839207692432e-6
25408	1.680933083074265e-6
25409	1.681074419882633e-6
25410	1.681165004923120e-6
25411	1.681261322681369e-6
25412	1.681472296346655e-6
25413	1.681584546471654e-6
25414	1.681795828596566e-6
25415	1.681869566873415e-6
25416	1.681947351442506e-6
25417	1.682223205966918e-6
25418	1.682333780562277e-6
25419	1.682529562703008e-6
25420	1.682693591706556e-6
25421	1.682803689888513e-6
25422	1.682873181225344e-6
25423	1.683063794494180e-6
25424	1.683187813813592e-6
25425	1.683343759034063e-6
25426	1.683642727771885e-6
25427	1.683677735394750e-6
25428	1.683826343059723e-6
25429	1.683954174387670e-6
25430	1.684128759098330e-6
25431	1.684147871522639e-6
25432	1.684482228242379e-6
25433	1.684586295315990e-6
25434	1.684653085268034e-6
25435	1.684864208646946e-6
25436	1.684954096974174e-6
25437	1.685124242400874e-6
25438	1.685276399674054e-6
25439	1.685338836332489e-6
25440	1.685527386552934e-6
25441	1.685570021915091e-6
25442	1.685757868041900e-6
25443	1.685759308550054e-6
25444	1.686051933847578e-6
25445	1.686315585280291e-6
25446	1.686373296939751e-6
25447	1.686501855088113e-6
25448	1.686562111231585e-6
25449	1.686792541868916e-6
25450	1.686954936226262e-6
25451	1.687042319961529e-6
25452	1.687364768905874e-6
25453	1.687437581588838e-6
25454	1.687474518260153e-6
25455	1.687592999730193e-6
25456	1.687703817295431e-6
25457	1.687743290120954e-6
25458	1.687963138127627e-6
25459	1.688036110910447e-6
25460	1.688303480608393e-6
25461	1.688484584500299e-6
25462	1.688587241607796e-6
25463	1.688702424409845e-6
25464	1.688821876696307e-6
25465	1.688934076843228e-6
25466	1.689003160253421e-6
25467	1.689200345233680e-6
25468	1.689309199076081e-6
25469	1.689586404486890e-6
25470	1.689723174149832e-6
25471	1.689857458601588e-6
25472	1.689934596764688e-6
25473	1.690065960473915e-6
25474	1.690150545607243e-6
25475	1.690334249000173e-6
25476	1.690536604295698e-6
25477	1.690604784008014e-6
25478	1.690747626537774e-6
25479	1.690805132029759e-6
25480	1.691002695732246e-6
25481	1.691329867162618e-6
25482	1.691375155331756e-6
25483	1.691431988544439e-6
25484	1.691650866264880e-6
25485	1.691782782943821e-6
25486	1.691915789526268e-6
25487	1.692164658515463e-6
25488	1.692233398812648e-6
25489	1.692444063225508e-6
25490	1.692681458272562e-6
25491	1.692866294416956e-6
25492	1.692947451861856e-6
25493	1.693269593316122e-6
25494	1.693342781748766e-6
25495	1.693444586111594e-6
25496	1.693576097334014e-6
25497	1.693663203203059e-6
25498	1.693908003201499e-6
25499	1.694041997985698e-6
25500	1.694127171797450e-6
25501	1.694290467466654e-6
25502	1.694532026963773e-6
25503	1.694584142035486e-6
25504	1.694705932784932e-6
25505	1.694885590517839e-6
25506	1.695169351535292e-6
25507	1.695319645062442e-6
25508	1.695351466583549e-6
25509	1.695573190239995e-6
25510	1.695770341540579e-6
25511	1.696053467161378e-6
25512	1.696174347976191e-6
25513	1.696260686518972e-6
25514	1.696354720699565e-6
25515	1.696659716317188e-6
25516	1.696740996104069e-6
25517	1.696939956387766e-6
25518	1.697357463815769e-6
25519	1.697473976432835e-6
25520	1.697757413106872e-6
25521	1.697828083112289e-6
25522	1.697910352836892e-6
25523	1.698229452860710e-6
25524	1.698267448570940e-6
25525	1.698568197689704e-6
25526	1.698706451185508e-6
25527	1.698955778094702e-6
25528	1.699145344584927e-6
25529	1.699320885133466e-6
25530	1.699581959449949e-6
25531	1.699709852200634e-6
25532	1.699813188489255e-6
25533	1.700000168646046e-6
25534	1.700085667240569e-6
25535	1.700163125432046e-6
25536	1.700450485035349e-6
25537	1.700636829510483e-6
25538	1.700764302572956e-6
25539	1.700893129858135e-6
25540	1.701027874209639e-6
25541	1.701352250645129e-6
25542	1.701500975125268e-6
25543	1.701767828825754e-6
25544	1.702071398883363e-6
25545	1.702236536257669e-6
25546	1.702274197304878e-6
25547	1.702402138388794e-6
25548	1.702592088571914e-6
25549	1.702838070585262e-6
25550	1.703116108988494e-6
25551	1.703204340824660e-6
25552	1.703298713755358e-6
25553	1.703462639538562e-6
25554	1.703954459719749e-6
25555	1.704009974848976e-6
25556	1.704072090139935e-6
25557	1.704323822126226e-6
25558	1.704474693405902e-6
25559	1.704733838529995e-6
25560	1.704807347470195e-6
25561	1.704952595758207e-6
25562	1.705043024427558e-6
25563	1.705259841125527e-6
25564	1.705576193041786e-6
25565	1.705655995677663e-6
25566	1.705741475884627e-6
25567	1.705890231855858e-6
25568	1.706056361347539e-6
25569	1.706380747323394e-6
25570	1.706439776819057e-6
25571	1.707024373375438e-6
25572	1.707121405909844e-6
25573	1.707161564058099e-6
25574	1.707507087119079e-6
25575	1.707710172812958e-6
25576	1.707842261326933e-6
25577	1.707902319968936e-6
25578	1.708120614027315e-6
25579	1.708621973836431e-6
25580	1.708838524783756e-6
25581	1.708941302757952e-6
25582	1.709066421407014e-6
25583	1.709101412367317e-6
25584	1.709224668076573e-6
25585	1.709470093976262e-6
25586	1.709546889669603e-6
25587	1.709780511442162e-6
25588	1.710095348926885e-6
25589	1.710521620264648e-6
25590	1.710726075188917e-6
25591	1.710777745961887e-6
25592	1.710839176913909e-6
25593	1.710903180487010e-6
25594	1.711069569941452e-6
25595	1.711381011300276e-6
25596	1.711472483954051e-6
25597	1.711628798000963e-6
25598	1.711888589447098e-6
25599	1.712135656034471e-6
25600	1.712404070135658e-6
25601	1.712555884699629e-6
25602	1.712889389911788e-6
25603	1.713031195546051e-6
25604	1.713306767185617e-6
25605	1.713389018193466e-6
25606	1.713541614671964e-6
25607	1.713876738932930e-6
25608	1.714162897579958e-6
25609	1.714267966993978e-6
25610	1.714389773194547e-6
25611	1.714517235199642e-6
25612	1.714889275568193e-6
25613	1.714977286169730e-6
25614	1.715186095227256e-6
25615	1.715309786299029e-6
25616	1.715851725672817e-6
25617	1.715894231129087e-6
25618	1.716118259802484e-6
25619	1.716486982342972e-6
25620	1.716589626092230e-6
25621	1.716636533802042e-6
25622	1.716737228170309e-6
25623	1.717024897821644e-6
25624	1.717157748615978e-6
25625	1.717577611748017e-6
25626	1.717607344461316e-6
25627	1.717735733887424e-6
25628	1.718097335361970e-6
25629	1.718264145753363e-6
25630	1.718314736026370e-6
25631	1.718664856320013e-6
25632	1.718716845791021e-6
25633	1.718904763017011e-6
25634	1.719132817945693e-6
25635	1.719417933994589e-6
25636	1.719635013209841e-6
25637	1.719776804308008e-6
25638	1.720187682050562e-6
25639	1.720386603489717e-6
25640	1.720464632458238e-6
25641	1.720570956404537e-6
25642	1.720611785382227e-6
25643	1.721194373520288e-6
25644	1.721239221343738e-6
25645	1.721350668208343e-6
25646	1.721618307341859e-6
25647	1.721876351773669e-6
25648	1.722350397420001e-6
25649	1.722468095158046e-6
25650	1.722626817865258e-6
25651	1.722711821607244e-6
25652	1.723023821221244e-6
25653	1.723245120679975e-6
25654	1.723435787078388e-6
25655	1.723556811554777e-6
25656	1.723726611761849e-6
25657	1.723990680463356e-6
25658	1.724019530367093e-6
25659	1.724124974686174e-6
25660	1.724520219046134e-6
25661	1.724700047326915e-6
25662	1.724861449944126e-6
25663	1.725157119223847e-6
25664	1.725614907277913e-6
25665	1.725683342872193e-6
25666	1.725859781052024e-6
25667	1.726109658511546e-6
25668	1.726266766974430e-6
25669	1.726500785830419e-6
25670	1.726729728261551e-6
25671	1.726976105571713e-6
25672	1.727173899313700e-6
25673	1.727223245552684e-6
25674	1.727357835437923e-6
25675	1.727470917401725e-6
25676	1.727901119799428e-6
25677	1.728004102041327e-6
25678	1.728275146025714e-6
25679	1.728448515848354e-6
25680	1.728510291146478e-6
25681	1.728787686594301e-6
25682	1.729040575902838e-6
25683	1.729141013815945e-6
25684	1.729269202305384e-6
25685	1.729383112995121e-6
25686	1.729583685431623e-6
25687	1.729913177442432e-6
25688	1.729975295082260e-6
25689	1.730269058073789e-6
25690	1.730570366417614e-6
25691	1.730685147961340e-6
25692	1.730960115491905e-6
25693	1.731133745493642e-6
25694	1.731173827061527e-6
25695	1.731326735993395e-6
25696	1.731617908013280e-6
25697	1.731745039122344e-6
25698	1.732032504616625e-6
25699	1.732251977099674e-6
25700	1.732399071111707e-6
25701	1.732517127721438e-6
25702	1.732890437459234e-6
25703	1.732953397010825e-6
25704	1.733239920721324e-6
25705	1.733339462536818e-6
25706	1.733519284383833e-6
25707	1.733826258485658e-6
25708	1.734085633179422e-6
25709	1.734223249488620e-6
25710	1.734562633695433e-6
25711	1.734843629642779e-6
25712	1.735036395820346e-6
25713	1.735352253322030e-6
25714	1.735387728490905e-6
25715	1.735544525667193e-6
25716	1.735809003897437e-6
25717	1.735959810538785e-6
25718	1.736066383730895e-6
25719	1.736167081918253e-6
25720	1.736739865787767e-6
25721	1.737031572969298e-6
25722	1.737136411587848e-6
25723	1.737177070061407e-6
25724	1.737476997913610e-6
25725	1.737667546740940e-6
25726	1.737809672390076e-6
25727	1.738004232488017e-6
25728	1.738207783082877e-6
25729	1.738344046514227e-6
25730	1.738565329963516e-6
25731	1.738663806541674e-6
25732	1.739073818277058e-6
25733	1.739197683831548e-6
25734	1.739293972187661e-6
25735	1.739563338694593e-6
25736	1.739781376833551e-6
25737	1.739865171204692e-6
25738	1.739969891864164e-6
25739	1.740058451107050e-6
25740	1.740268591245558e-6
25741	1.740665482375343e-6
25742	1.740784641621086e-6
25743	1.740839843700363e-6
25744	1.741296248655203e-6
25745	1.741433656335188e-6
25746	1.741628358763699e-6
25747	1.741682794850844e-6
25748	1.741877441890700e-6
25749	1.742241257312882e-6
25750	1.742455506874244e-6
25751	1.742556712736641e-6
25752	1.742757754923700e-6
25753	1.742945609263245e-6
25754	1.743055263455926e-6
25755	1.743150674123722e-6
25756	1.743456723064770e-6
25757	1.743599315029224e-6
25758	1.743859552256962e-6
25759	1.744083660122482e-6
25760	1.744142081722118e-6
25761	1.744530537346809e-6
25762	1.744657879116540e-6
25763	1.744745324322753e-6
25764	1.745027119853939e-6
25765	1.745094124239111e-6
25766	1.745334031148222e-6
25767	1.745555337508571e-6
25768	1.745744612966127e-6
25769	1.745922765393384e-6
25770	1.746228725070678e-6
25771	1.746390281157266e-6
25772	1.746555576457996e-6
25773	1.746757057800853e-6
25774	1.747032218062758e-6
25775	1.747085746726063e-6
25776	1.747325684493462e-6
25777	1.747662351766797e-6
25778	1.747826574249175e-6
25779	1.748080830715504e-6
25780	1.748235464924277e-6
25781	1.748309873871311e-6
25782	1.748419393559244e-6
25783	1.748482035954419e-6
25784	1.748948708559637e-6
25785	1.749034038637852e-6
25786	1.749360336771172e-6
25787	1.749572648823104e-6
25788	1.749752742337062e-6
25789	1.749855830263055e-6
25790	1.750204218338909e-6
25791	1.750408344055902e-6
25792	1.750627474340005e-6
25793	1.750764862496796e-6
25794	1.751052339294245e-6
25795	1.751216160294878e-6
25796	1.751477469692857e-6
25797	1.751567687023446e-6
25798	1.751694616996499e-6
25799	1.751722543859633e-6
25800	1.752215959401380e-6
25801	1.752497972121347e-6
25802	1.752728838184991e-6
25803	1.752908735798165e-6
25804	1.753011293949376e-6
25805	1.753153650181366e-6
25806	1.753335509516707e-6
25807	1.753609053805652e-6
25808	1.753673039481697e-6
25809	1.753749623281329e-6
25810	1.754158349359382e-6
25811	1.754537487459961e-6
25812	1.754661100363738e-6
25813	1.754853707377739e-6
25814	1.755214125844210e-6
25815	1.755272809525606e-6
25816	1.755656937482013e-6
25817	1.755858303639419e-6
25818	1.756289706753825e-6
25819	1.756328687572793e-6
25820	1.756551341977721e-6
25821	1.757022402552586e-6
25822	1.757092381742598e-6
25823	1.757301116115658e-6
25824	1.757353826068025e-6
25825	1.757464656957190e-6
25826	1.757706425596202e-6
25827	1.757931326039979e-6
25828	1.758067511626056e-6
25829	1.758320886211040e-6
25830	1.758412422686180e-6
25831	1.758622283464208e-6
25832	1.758792105687636e-6
25833	1.758876409216312e-6
25834	1.759243053652822e-6
25835	1.759384190211261e-6
25836	1.759770634004382e-6
25837	1.760030520137498e-6
25838	1.760241568605159e-6
25839	1.760450732817938e-6
25840	1.760534634610778e-6
25841	1.760687914136126e-6
25842	1.760778109892707e-6
25843	1.761111239925962e-6
25844	1.761270339893092e-6
25845	1.761634486764632e-6
25846	1.761992075654661e-6
25847	1.762034551336043e-6
25848	1.762299434484918e-6
25849	1.762378524749064e-6
25850	1.762893159102957e-6
25851	1.763088531589012e-6
25852	1.763211724114594e-6
25853	1.763428053027948e-6
25854	1.763558891270024e-6
25855	1.763850971205034e-6
25856	1.764135827330134e-6
25857	1.764379267141524e-6
25858	1.764602742747651e-6
25859	1.764794635826879e-6
25860	1.764995621453175e-6
25861	1.765123685926011e-6
25862	1.765347654575039e-6
25863	1.765705693555852e-6
25864	1.766029523953660e-6
25865	1.766332031728330e-6
25866	1.766440750962197e-6
25867	1.766588175593853e-6
25868	1.766734662138119e-6
25869	1.766993637510184e-6
25870	1.767209692062634e-6
25871	1.767236232914674e-6
25872	1.767601454573334e-6
25873	1.767875571529994e-6
25874	1.768168008221436e-6
25875	1.768387529182105e-6
25876	1.768525998021284e-6
25877	1.768706816285676e-6
25878	1.768797871120600e-6
25879	1.769100859812258e-6
25880	1.769250444829060e-6
25881	1.769880758170818e-6
25882	1.769950846884900e-6
25883	1.770068178317610e-6
25884	1.770302705973760e-6
25885	1.770683306348941e-6
25886	1.770795105559429e-6
25887	1.771175973980956e-6
25888	1.771323338038404e-6
25889	1.771443880851959e-6
25890	1.771686355045728e-6
25891	1.772097125074451e-6
25892	1.772186214182284e-6
25893	1.772710548953167e-6
25894	1.772881795964991e-6
25895	1.773006017565225e-6
25896	1.773523557340782e-6
25897	1.773565244312279e-6
25898	1.773896530560908e-6
25899	1.774318531348853e-6
25900	1.774400375446662e-6
25901	1.774612966318683e-6
25902	1.774826335614257e-6
25903	1.775069370047706e-6
25904	1.775275847512963e-6
25905	1.775519434168169e-6
25906	1.775816802999347e-6
25907	1.776220584607635e-6
25908	1.776419113130051e-6
25909	1.776525353514820e-6
25910	1.776856711784138e-6
25911	1.777021259330012e-6
25912	1.777160301641232e-6
25913	1.777320289001005e-6
25914	1.777482484311259e-6
25915	1.777964031805517e-6
25916	1.778119585664444e-6
25917	1.778447737444414e-6
25918	1.778922550190448e-6
25919	1.779037079799447e-6
25920	1.779256628073063e-6
25921	1.779578562649952e-6
25922	1.779865823991808e-6
25923	1.780027957651251e-6
25924	1.780115261645552e-6
25925	1.780282299976356e-6
25926	1.780796147153888e-6
25927	1.781272730160695e-6
25928	1.781434581259631e-6
25929	1.781588273230585e-6
25930	1.781755051389020e-6
25931	1.781920429573413e-6
25932	1.782250161107211e-6
25933	1.782468591560291e-6
25934	1.782611903474067e-6
25935	1.782795186731745e-6
25936	1.783297610189947e-6
25937	1.783493308187070e-6
25938	1.783917438091411e-6
25939	1.783963155551645e-6
25940	1.784329242141022e-6
25941	1.784776040887859e-6
25942	1.784950319537724e-6
25943	1.785355422918288e-6
25944	1.785447662374055e-6
25945	1.785574236252698e-6
25946	1.785625767169129e-6
25947	1.786126372625857e-6
25948	1.786429739558168e-6
25949	1.786532481652301e-6
25950	1.786678939599807e-6
25951	1.786872066245872e-6
25952	1.787642550768478e-6
25953	1.787780554460584e-6
25954	1.788242611167526e-6
25955	1.788365480700914e-6
25956	1.788943424042194e-6
25957	1.789244233123330e-6
25958	1.789345497762881e-6
25959	1.789859938055913e-6
25960	1.790171894971760e-6
25961	1.790364569648721e-6
25962	1.790716895232659e-6
25963	1.790805235435362e-6
25964	1.790967427093505e-6
25965	1.791497057394730e-6
25966	1.791748788369679e-6
25967	1.791970780049424e-6
25968	1.792257974680344e-6
25969	1.792592871809960e-6
25970	1.793178114721552e-6
25971	1.793461068029847e-6
25972	1.793745139365013e-6
25973	1.793901492718225e-6
25974	1.794087974268482e-6
25975	1.794496058256330e-6
25976	1.794687844208333e-6
25977	1.794853411045011e-6
25978	1.795118922434565e-6
25979	1.795635832291118e-6
25980	1.795849118506000e-6
25981	1.796064982708540e-6
25982	1.796523719353546e-6
25983	1.796587234106713e-6
25984	1.796713071560716e-6
25985	1.797268202064640e-6
25986	1.797701144861085e-6
25987	1.797831720437413e-6
25988	1.798247851697679e-6
25989	1.798459350160774e-6
25990	1.798648398568051e-6
25991	1.798856439284166e-6
25992	1.798966282907687e-6
25993	1.799573998738773e-6
25994	1.799754121576904e-6
25995	1.800187192294264e-6
25996	1.800295162766099e-6
25997	1.800668682394853e-6
25998	1.800877017194120e-6
25999	1.801126555367605e-6
26000	1.801159991538510e-6
26001	1.801481967165197e-6
26002	1.801785364729241e-6
26003	1.802282191983225e-6
26004	1.802408799202748e-6
26005	1.803102967518560e-6
26006	1.803240556834467e-6
26007	1.803622149631139e-6
26008	1.803824889808496e-6
26009	1.804589374185200e-6
26010	1.804905801054380e-6
26011	1.805066487387169e-6
26012	1.805538288388946e-6
26013	1.805581918945721e-6
26014	1.805883218988128e-6
26015	1.805984475789761e-6
26016	1.806517995638707e-6
26017	1.806619758302007e-6
26018	1.807117183921760e-6
26019	1.807291082609167e-6
26020	1.807604922600911e-6
26021	1.808188996893960e-6
26022	1.808252369312834e-6
26023	1.808727744024718e-6
26024	1.809333972832205e-6
26025	1.809590154505794e-6
26026	1.809711450446110e-6
26027	1.809995811936561e-6
26028	1.810618231509739e-6
26029	1.810645025886046e-6
26030	1.810917771691971e-6
26031	1.811038825145459e-6
26032	1.811314865536314e-6
26033	1.811976159614373e-6
26034	1.812064722546196e-6
26035	1.812298403244216e-6
26036	1.812847398961454e-6
26037	1.813205555774506e-6
26038	1.813250126813362e-6
26039	1.813805386044378e-6
26040	1.813984901585019e-6
26041	1.814391128766003e-6
26042	1.814747361712909e-6
26043	1.815363164979443e-6
26044	1.815539202801808e-6
26045	1.815873996032949e-6
26046	1.816322256008262e-6
26047	1.816678854456862e-6
26048	1.817226783803977e-6
26049	1.817355429733378e-6
26050	1.817674239238767e-6
26051	1.817937091907485e-6
26052	1.818292756569120e-6
26053	1.818547267876704e-6
26054	1.818716516765631e-6
26055	1.819053315102859e-6
26056	1.819461272112763e-6
26057	1.819655708931993e-6
26058	1.820067659190027e-6
26059	1.820236573607459e-6
26060	1.820558563243248e-6
26061	1.821126430291366e-6
26062	1.821543238314965e-6
26063	1.822020789042686e-6
26064	1.822740342692837e-6
26065	1.823027989531151e-6
26066	1.823085191463803e-6
26067	1.823416412100247e-6
26068	1.823700104632347e-6
26069	1.823859985294699e-6
26070	1.824238536547835e-6
26071	1.824532195543597e-6
26072	1.824613746154776e-6
26073	1.825090594974602e-6
26074	1.825811117361223e-6
26075	1.826060682992965e-6
26076	1.826355073427666e-6
26077	1.826606169523015e-6
26078	1.826927711257872e-6
26079	1.827375474362406e-6
26080	1.827803435558699e-6
26081	1.827840555589961e-6
26082	1.828107658283491e-6
26083	1.828698798129603e-6
26084	1.828828924702265e-6
26085	1.829153527705214e-6
26086	1.829665449106466e-6
26087	1.829998122585645e-6
26088	1.830203379236727e-6
26089	1.830835061006343e-6
26090	1.831122016947510e-6
26091	1.831480765887952e-6
26092	1.831668791547157e-6
26093	1.831850992750826e-6
26094	1.832095273584266e-6
26095	1.832836354473122e-6
26096	1.833120850809904e-6
26097	1.833654757831680e-6
26098	1.833959678389051e-6
26099	1.834070055643898e-6
26100	1.834528522728705e-6
26101	1.834590019719058e-6
26102	1.835433947979277e-6
26103	1.835525415162803e-6
26104	1.835768949555655e-6
26105	1.835999241406952e-6
26106	1.836755348559692e-6
26107	1.837098973319610e-6
26108	1.837471773280843e-6
26109	1.837494899494630e-6
26110	1.838199367956488e-6
26111	1.838396008118415e-6
26112	1.839216230388696e-6
26113	1.839318696831793e-6
26114	1.839790383662928e-6
26115	1.840102280418737e-6
26116	1.840297076202371e-6
26117	1.840452509807944e-6
26118	1.840677651522932e-6
26119	1.841152079008589e-6
26120	1.841558481972539e-6
26121	1.841765019418361e-6
26122	1.842100435346047e-6
26123	1.842219657662725e-6
26124	1.842889162151294e-6
26125	1.843287996198650e-6
26126	1.843474794351147e-6
26127	1.843662805651384e-6
26128	1.843872331694720e-6
26129	1.844455516466288e-6
26130	1.845065478107503e-6
26131	1.845207250960963e-6
26132	1.845869325761456e-6
26133	1.845970259608213e-6
26134	1.846212801462073e-6
26135	1.846461556088613e-6
26136	1.846931264309328e-6
26137	1.847530896486077e-6
26138	1.847834065494054e-6
26139	1.848014268295489e-6
26140	1.848333390804837e-6
26141	1.848610430885236e-6
26142	1.848863938011790e-6
26143	1.849247423443080e-6
26144	1.849664397364700e-6
26145	1.849865957171991e-6
26146	1.850058543155159e-6
26147	1.850664136075526e-6
26148	1.851358149890189e-6
26149	1.851606439360471e-6
26150	1.851789093302593e-6
26151	1.852409446036586e-6
26152	1.852571485644605e-6
26153	1.853121797148475e-6
26154	1.853445780846703e-6
26155	1.853725806979719e-6
26156	1.854064466314115e-6
26157	1.854571582047313e-6
26158	1.854763775996859e-6
26159	1.855159724297397e-6
26160	1.855366827833152e-6
26161	1.855628923534557e-6
26162	1.856144731613131e-6
26163	1.856240001596707e-6
26164	1.856669901560073e-6
26165	1.857331545233560e-6
26166	1.857397981047870e-6
26167	1.858017782386437e-6
26168	1.858259884201833e-6
26169	1.858644064570089e-6
26170	1.858709142384098e-6
26171	1.859255773674699e-6
26172	1.859495092248973e-6
26173	1.859832588969631e-6
26174	1.860172590308737e-6
26175	1.860382416904571e-6
26176	1.860756334845024e-6
26177	1.861207174267225e-6
26178	1.861911556384526e-6
26179	1.862019649539594e-6
26180	1.862616183227884e-6
26181	1.863336789634727e-6
26182	1.863553495907672e-6
26183	1.863605528148420e-6
26184	1.864207228501773e-6
26185	1.864414310702121e-6
26186	1.865010201276224e-6
26187	1.865179058744081e-6
26188	1.865235360495363e-6
26189	1.865594889710077e-6
26190	1.866043459719049e-6
26191	1.866534773694324e-6
26192	1.866874371772225e-6
26193	1.867430822520031e-6
26194	1.867722851241778e-6
26195	1.868070679448855e-6
26196	1.868438794425633e-6
26197	1.868690923289138e-6
26198	1.869006217907989e-6
26199	1.869659444251712e-6
26200	1.869877124366048e-6
26201	1.870451355187100e-6
26202	1.870753684012502e-6
26203	1.870987495729763e-6
26204	1.871170011593473e-6
26205	1.871436216471118e-6
26206	1.872067531383527e-6
26207	1.872325187248998e-6
26208	1.872861955872635e-6
26209	1.872923846123917e-6
26210	1.873459769298991e-6
26211	1.873520806570355e-6
26212	1.874538642363267e-6
26213	1.874969893448846e-6
26214	1.875140721789994e-6
26215	1.875644496328052e-6
26216	1.875966780847095e-6
26217	1.876354560421385e-6
26218	1.876500755670633e-6
26219	1.876781869020395e-6
26220	1.877118141956426e-6
26221	1.877602421486180e-6
26222	1.877937044644655e-6
26223	1.878099269453341e-6
26224	1.878304262882850e-6
26225	1.879043619330107e-6
26226	1.879381733955291e-6
26227	1.879770483433338e-6
26228	1.880100209075783e-6
26229	1.880462076276713e-6
26230	1.880813862496243e-6
26231	1.881061670372936e-6
26232	1.881193162062188e-6
26233	1.882172555074252e-6
26234	1.882332535161641e-6
26235	1.882716763600936e-6
26236	1.883107848688949e-6
26237	1.883332450208586e-6
26238	1.883671916226058e-6
26239	1.884051661243347e-6
26240	1.884292948975943e-6
26241	1.884961167384352e-6
26242	1.885246253739612e-6
26243	1.885901393560090e-6
26244	1.886000240515191e-6
26245	1.886128498047966e-6
26246	1.886746959366944e-6
26247	1.886899924941194e-6
26248	1.887505429979489e-6
26249	1.888210261455799e-6
26250	1.888340599579614e-6
26251	1.888735050236414e-6
26252	1.889045170642070e-6
26253	1.889234267713235e-6
26254	1.889672931347392e-6
26255	1.890423781913224e-6
26256	1.890492315846826e-6
26257	1.891088315423871e-6
26258	1.891377606277805e-6
26259	1.891995066534208e-6
26260	1.892304728668701e-6
26261	1.892588467504320e-6
26262	1.892980559224293e-6
26263	1.893240074897262e-6
26264	1.893493267979379e-6
26265	1.893702552343130e-6
26266	1.894027577577024e-6
26267	1.894512604605099e-6
26268	1.894941170122683e-6
26269	1.895231107566045e-6
26270	1.895559190008591e-6
26271	1.895805506810242e-6
26272	1.895948270312779e-6
26273	1.896433877528043e-6
26274	1.896933430655569e-6
26275	1.897182697379125e-6
26276	1.897885697545015e-6
26277	1.898019364395118e-6
26278	1.898414930142691e-6
26279	1.898943419672170e-6
26280	1.899045088847789e-6
26281	1.899547466345594e-6
26282	1.899681169431198e-6
26283	1.900005054809188e-6
26284	1.900687744663587e-6
26285	1.900840704456507e-6
26286	1.901124528627372e-6
26287	1.901950651760899e-6
26288	1.902332646035818e-6
26289	1.902547395045371e-6
26290	1.902713271502602e-6
26291	1.903326390797000e-6
26292	1.903516079418231e-6
26293	1.903586448885615e-6
26294	1.904266083083237e-6
26295	1.904601220419475e-6
26296	1.904887661589021e-6
26297	1.905376243115753e-6
26298	1.905753286724604e-6
26299	1.906175883431474e-6
26300	1.906208781887464e-6
26301	1.906455856580407e-6
26302	1.907394931667748e-6
26303	1.907714521180776e-6
26304	1.907862855055527e-6
26305	1.908485064196466e-6
26306	1.908853161271017e-6
26307	1.909127395610331e-6
26308	1.909591604711371e-6
26309	1.909907846940458e-6
26310	1.910304518910442e-6
26311	1.910578081155131e-6
26312	1.911315739821470e-6
26313	1.911554134110624e-6
26314	1.912084163549875e-6
26315	1.912265859965882e-6
26316	1.912676869828240e-6
26317	1.912809689525151e-6
26318	1.913125908390964e-6
26319	1.913817664847027e-6
26320	1.914077238594326e-6
26321	1.914438009142523e-6
26322	1.914544327089045e-6
26323	1.915433957038563e-6
26324	1.915742708701882e-6
26325	1.915962536776135e-6
26326	1.916189063248837e-6
26327	1.916846317551773e-6
26328	1.917042815015779e-6
26329	1.917655351176549e-6
26330	1.917964320432071e-6
26331	1.918300020206795e-6
26332	1.918653579298637e-6
26333	1.919087377668798e-6
26334	1.919222019220025e-6
26335	1.919566423098192e-6
26336	1.919630700783625e-6
26337	1.920030796393121e-6
26338	1.920231231910998e-6
26339	1.920868380765986e-6
26340	1.921287398006512e-6
26341	1.921493670362062e-6
26342	1.921663790492647e-6
26343	1.922188266934356e-6
26344	1.922582865899520e-6
26345	1.922818526597608e-6
26346	1.923165386073277e-6
26347	1.923409248811631e-6
26348	1.923736428608878e-6
26349	1.924310262048182e-6
26350	1.924395505030515e-6
26351	1.924740606259192e-6
26352	1.924952051777552e-6
26353	1.925520495658578e-6
26354	1.925663681080929e-6
26355	1.926045666627558e-6
26356	1.926737535009007e-6
26357	1.927324691473021e-6
26358	1.927646448053911e-6
26359	1.927854368542544e-6
26360	1.927982731072379e-6
26361	1.928118172874653e-6
26362	1.928524228717323e-6
26363	1.929342637519878e-6
26364	1.929632519263510e-6
26365	1.929669791402030e-6
26366	1.930126592833344e-6
26367	1.930441402852374e-6
26368	1.930792300956224e-6
26369	1.931176818644093e-6
26370	1.931454752957519e-6
26371	1.931924992422374e-6
26372	1.932185150510217e-6
26373	1.932538274915049e-6
26374	1.933018989912455e-6
26375	1.933174300005051e-6
26376	1.933463442671717e-6
26377	1.933734321738022e-6
26378	1.934153865981957e-6
26379	1.934466943969350e-6
26380	1.934769572663347e-6
26381	1.935130271240772e-6
26382	1.935346807726141e-6
26383	1.935826464344260e-6
26384	1.935994571479430e-6
26385	1.936402901484456e-6
26386	1.936540820411153e-6
26387	1.936919614790056e-6
26388	1.937424326083091e-6
26389	1.937801003313566e-6
26390	1.938717985638218e-6
26391	1.938910004673245e-6
26392	1.939128557870842e-6
26393	1.939814772956857e-6
26394	1.940199454542805e-6
26395	1.940333657034949e-6
26396	1.940568893331208e-6
26397	1.940767042599895e-6
26398	1.941237119202971e-6
26399	1.942013561216843e-6
26400	1.942375954987635e-6
26401	1.942667842504126e-6
26402	1.943005833080974e-6
26403	1.943265046797784e-6
26404	1.943476133511687e-6
26405	1.943741654535096e-6
26406	1.944215286724690e-6
26407	1.944431645071512e-6
26408	1.944746302325808e-6
26409	1.944960610422614e-6
26410	1.945518287595608e-6
26411	1.945755632540042e-6
26412	1.945890486263496e-6
26413	1.946899411025029e-6
26414	1.947185977651621e-6
26415	1.947310032702237e-6
26416	1.947568162531204e-6
26417	1.947743707517792e-6
26418	1.948264460461604e-6
26419	1.948728868714061e-6
26420	1.949021077894192e-6
26421	1.949193597959223e-6
26422	1.949533196242813e-6
26423	1.949751320624910e-6
26424	1.950265451728816e-6
26425	1.950751489826265e-6
26426	1.950836870359765e-6
26427	1.951291957176287e-6
26428	1.951687056020058e-6
26429	1.951977472220188e-6
26430	1.952120278145638e-6
26431	1.952364545401386e-6
26432	1.952790549350819e-6
26433	1.953204302152870e-6
26434	1.953521548512870e-6
26435	1.954033524662145e-6
26436	1.954166817832425e-6
26437	1.954370023998924e-6
26438	1.954890375998637e-6
26439	1.955092116358230e-6
26440	1.955350735866795e-6
26441	1.955856119016573e-6
26442	1.956060884192488e-6
26443	1.956406749708318e-6
26444	1.957114325890336e-6
26445	1.957670870056104e-6
26446	1.957741730985984e-6
26447	1.958059190042166e-6
26448	1.958482832931383e-6
26449	1.958745600841853e-6
26450	1.958892431856931e-6
26451	1.959348424538153e-6
26452	1.959452686428130e-6
26453	1.960214145596140e-6
26454	1.960701295104881e-6
26455	1.960845015926235e-6
26456	1.960967479393265e-6
26457	1.961454619451303e-6
26458	1.961837561855726e-6
26459	1.962442589360479e-6
26460	1.962525781860931e-6
26461	1.962828822493909e-6
26462	1.963100790194632e-6
26463	1.963655443852971e-6
26464	1.963812301298203e-6
26465	1.964446397238918e-6
26466	1.964577918315255e-6
26467	1.964774242948243e-6
26468	1.965045630728653e-6
26469	1.965220676214870e-6
26470	1.965630602410001e-6
26471	1.965899753937686e-6
26472	1.966477869126122e-6
26473	1.966651459383854e-6
26474	1.966681160088156e-6
26475	1.966972420100242e-6
26476	1.967339097426913e-6
26477	1.967508091251792e-6
26478	1.967679485359430e-6
26479	1.967992389058671e-6
26480	1.968388324380782e-6
26481	1.968492643553629e-6
26482	1.968551222894549e-6
26483	1.969177361156461e-6
26484	1.969625912522014e-6
26485	1.969774293417348e-6
26486	1.970062243478978e-6
26487	1.970497675370834e-6
26488	1.970680928047275e-6
26489	1.970991527853104e-6
26490	1.971446207498123e-6
26491	1.971934817914975e-6
26492	1.972082304914794e-6
26493	1.972299315922883e-6
26494	1.973037092759247e-6
26495	1.973195565121045e-6
26496	1.973305335548375e-6
26497	1.973551413331404e-6
26498	1.973845469850270e-6
26499	1.974324054589641e-6
26500	1.974760864655512e-6
26501	1.975029092924347e-6
26502	1.975269717744145e-6
26503	1.975332995179328e-6
26504	1.975386256724942e-6
26505	1.976126774431731e-6
26506	1.976407436005605e-6
26507	1.976672669515505e-6
26508	1.976990993203567e-6
26509	1.977242843917026e-6
26510	1.977442904030747e-6
26511	1.977735081316341e-6
26512	1.978040611307848e-6
26513	1.978572964780530e-6
26514	1.978831340243241e-6
26515	1.978889153290574e-6
26516	1.979116166360684e-6
26517	1.980055921640922e-6
26518	1.980431930648004e-6
26519	1.980913940607658e-6
26520	1.981159691339216e-6
26521	1.981211585451194e-6
26522	1.981583474276549e-6
26523	1.981725700338987e-6
26524	1.982184994423597e-6
26525	1.982596892937859e-6
26526	1.982745055053370e-6
26527	1.983159178593496e-6
26528	1.983299566593674e-6
26529	1.983873685580432e-6
26530	1.983979543361199e-6
26531	1.984535930825575e-6
26532	1.984873654066297e-6
26533	1.985274932261358e-6
26534	1.985527035068840e-6
26535	1.985882840803381e-6
26536	1.986016495456314e-6
26537	1.986684375790088e-6
26538	1.986734525831947e-6
26539	1.987001793283387e-6
26540	1.987287888571013e-6
26541	1.987871169800123e-6
26542	1.988111447292797e-6
26543	1.988539217118113e-6
26544	1.988569325729763e-6
26545	1.988847083433722e-6
26546	1.989252513629874e-6
26547	1.989467127183220e-6
26548	1.989557041264602e-6
26549	1.990010504292646e-6
26550	1.990519756148385e-6
26551	1.990859440918511e-6
26552	1.991402187542983e-6
26553	1.991639789255741e-6
26554	1.991744821961365e-6
26555	1.992391300608098e-6
26556	1.992773694803777e-6
26557	1.993272287394695e-6
26558	1.993545507436425e-6
26559	1.993725291960813e-6
26560	1.993911903777711e-6
26561	1.994404091011285e-6
26562	1.994494517691840e-6
26563	1.994602287085517e-6
26564	1.994942865191092e-6
26565	1.995222990800595e-6
26566	1.995429540527311e-6
26567	1.995781844159830e-6
26568	1.996296747095099e-6
26569	1.996447486596403e-6
26570	1.996684310750510e-6
26571	1.997034821401919e-6
26572	1.997461697495152e-6
26573	1.997953868462290e-6
26574	1.998147606688686e-6
26575	1.999127218771698e-6
26576	1.999140333440034e-6
26577	1.999417264559683e-6
26578	1.999583556482279e-6
26579	1.999691510488770e-6
26580	1.999948982670719e-6
26581	2.000597567246750e-6
26582	2.000973971023382e-6
26583	2.001247813286178e-6
26584	2.001706090161373e-6
26585	2.001998260191895e-6
26586	2.002319505925439e-6
26587	2.002820549890176e-6
26588	2.003316452197492e-6
26589	2.003434498471606e-6
26590	2.003638350652968e-6
26591	2.003909316524814e-6
26592	2.004435813483106e-6
26593	2.004635243475523e-6
26594	2.005242328470133e-6
26595	2.005368979962246e-6
26596	2.005503068702726e-6
26597	2.006253879141477e-6
26598	2.006335185213277e-6
26599	2.006667728097613e-6
26600	2.007017275403903e-6
26601	2.007779084946156e-6
26602	2.007956575161327e-6
26603	2.008276601762810e-6
26604	2.008503529255112e-6
26605	2.008807674514140e-6
26606	2.009016471702367e-6
26607	2.009398828997793e-6
26608	2.010079759995492e-6
26609	2.010209269145111e-6
26610	2.010562031610444e-6
26611	2.010863588226387e-6
26612	2.011090236377617e-6
26613	2.011433825508652e-6
26614	2.012012292440709e-6
26615	2.012226105910100e-6
26616	2.012545445493377e-6
26617	2.012863942085218e-6
26618	2.013476782367914e-6
26619	2.013687064950664e-6
26620	2.013813926886305e-6
26621	2.014572280746396e-6
26622	2.014813967469069e-6
26623	2.015231395431594e-6
26624	2.015633544369624e-6
26625	2.015743985803104e-6
26626	2.016327204166117e-6
26627	2.016825429251311e-6
26628	2.017166420220439e-6
26629	2.017467465827109e-6
26630	2.017710385949470e-6
26631	2.018038573480272e-6
26632	2.018364721860227e-6
26633	2.018918951601407e-6
26634	2.018968705676304e-6
26635	2.019713642851890e-6
26636	2.020012838634720e-6
26637	2.020296775640799e-6
26638	2.020662637437381e-6
26639	2.020999095593927e-6
26640	2.021327084510054e-6
26641	2.021942055832171e-6
26642	2.022165920607614e-6
26643	2.022505329786468e-6
26644	2.022739655079505e-6
26645	2.023168153343988e-6
26646	2.023647852273308e-6
26647	2.023758141524709e-6
26648	2.024134669429989e-6
26649	2.024625651208067e-6
26650	2.024894103644992e-6
26651	2.025383973480185e-6
26652	2.026042450603679e-6
26653	2.026463099190620e-6
26654	2.027116352927915e-6
26655	2.027378346835586e-6
26656	2.027578496036415e-6
26657	2.028134966742434e-6
26658	2.028527206672152e-6
26659	2.028761832770229e-6
26660	2.029065148242174e-6
26661	2.029359587996704e-6
26662	2.029538737716466e-6
26663	2.030251174369933e-6
26664	2.030559604431164e-6
26665	2.030707042558480e-6
26666	2.031428185957774e-6
26667	2.031971282444716e-6
26668	2.032285248886618e-6
26669	2.032394916869625e-6
26670	2.032726145179446e-6
26671	2.033097877180240e-6
26672	2.033726542928048e-6
26673	2.034054133944890e-6
26674	2.034274863606923e-6
26675	2.034792494441732e-6
26676	2.035120830899523e-6
26677	2.035599221810651e-6
26678	2.035754009682739e-6
26679	2.036013163689241e-6
26680	2.036308015887093e-6
26681	2.036633698895959e-6
26682	2.037388519499698e-6
26683	2.037578294219248e-6
26684	2.037757460339831e-6
26685	2.038137579072282e-6
26686	2.038337600912590e-6
26687	2.039228139797681e-6
26688	2.039518009801299e-6
26689	2.039862189267780e-6
26690	2.040265962221183e-6
26691	2.040481511415953e-6
26692	2.040792198570571e-6
26693	2.041253339221525e-6
26694	2.042009151074424e-6
26695	2.042174135333180e-6
26696	2.042845261687304e-6
26697	2.043343577382958e-6
26698	2.043468885801450e-6
26699	2.043653446989954e-6
26700	2.044563534566938e-6
26701	2.044699218267693e-6
26702	2.045156900038829e-6
26703	2.045451697854122e-6
26704	2.045791485800068e-6
26705	2.046379988154191e-6
26706	2.046511080255102e-6
26707	2.046816020776836e-6
26708	2.047117820984036e-6
26709	2.047663504817667e-6
26710	2.047863877285994e-6
26711	2.048379556694088e-6
26712	2.049314658915120e-6
26713	2.049542339716645e-6
26714	2.049669062265524e-6
26715	2.050189333079475e-6
26716	2.050485662456411e-6
26717	2.050841990996288e-6
26718	2.051389641762357e-6
26719	2.051709485569236e-6
26720	2.052132207793707e-6
26721	2.052559356303758e-6
26722	2.053149961078861e-6
26723	2.053465852465962e-6
26724	2.053823286613050e-6
26725	2.054196587584246e-6
26726	2.054462106064645e-6
26727	2.054974932329414e-6
26728	2.055471431029694e-6
26729	2.055740845174591e-6
26730	2.055976107070598e-6
26731	2.056677959356137e-6
26732	2.056755167937998e-6
26733	2.057156565413842e-6
26734	2.057387307390723e-6
26735	2.058196716417641e-6
26736	2.058325157441127e-6
26737	2.059147416948784e-6
26738	2.059539175803331e-6
26739	2.060029012538533e-6
26740	2.060461888925095e-6
26741	2.060662246045912e-6
26742	2.060886668860741e-6
26743	2.061336744428039e-6
26744	2.062278841824059e-6
26745	2.062527341999512e-6
26746	2.062898715570671e-6
26747	2.062971009970423e-6
26748	2.063602507675482e-6
26749	2.063839314147588e-6
26750	2.064101631666544e-6
26751	2.064645057792841e-6
26752	2.065237605422002e-6
26753	2.065306092806679e-6
26754	2.066094514840131e-6
26755	2.066572467153286e-6
26756	2.066907003435416e-6
26757	2.067331963908528e-6
26758	2.067948545597785e-6
26759	2.068266864626064e-6
26760	2.068713487457039e-6
26761	2.068810247327896e-6
26762	2.069080057507624e-6
26763	2.069438597295939e-6
26764	2.070216428697444e-6
26765	2.070481524593813e-6
26766	2.070675898814747e-6
26767	2.071800667480014e-6
26768	2.072106038945667e-6
26769	2.072602793904205e-6
26770	2.073244846626017e-6
26771	2.073518672938392e-6
26772	2.074040131500039e-6
26773	2.074398437817962e-6
26774	2.074663409517371e-6
26775	2.074808856559165e-6
26776	2.075592055820236e-6
26777	2.075719421848173e-6
26778	2.076913812720347e-6
26779	2.076966971731245e-6
26780	2.077604845940323e-6
26781	2.077881583830825e-6
26782	2.078115323246958e-6
26783	2.078480076716087e-6
26784	2.079047550071044e-6
26785	2.079757873716442e-6
26786	2.080161487618267e-6
26787	2.080831784282930e-6
26788	2.080906800070744e-6
26789	2.081404148547260e-6
26790	2.081913196603058e-6
26791	2.082111502047504e-6
26792	2.082280346010921e-6
26793	2.082786789777571e-6
26794	2.083035061545096e-6
26795	2.083392445356794e-6
26796	2.083971146839472e-6
26797	2.084285947100999e-6
26798	2.085042331621454e-6
26799	2.085628669585980e-6
26800	2.085867800371375e-6
26801	2.086771027979167e-6
26802	2.087062890211034e-6
26803	2.087551744652213e-6
26804	2.087944644976146e-6
26805	2.088404224059232e-6
26806	2.088727571753848e-6
26807	2.089091752943326e-6
26808	2.089838195317591e-6
26809	2.090087783054487e-6
26810	2.090173321822441e-6
26811	2.091367796052606e-6
26812	2.091522720511200e-6
26813	2.091832827117605e-6
26814	2.092267026635449e-6
26815	2.092841165884522e-6
26816	2.093297510221196e-6
26817	2.094061427422885e-6
26818	2.094362745572508e-6
26819	2.094750215288328e-6
26820	2.095343175153010e-6
26821	2.095778435814525e-6
26822	2.096120794967647e-6
26823	2.096577602183343e-6
26824	2.096670006670241e-6
26825	2.097202978837221e-6
26826	2.097644858245291e-6
26827	2.098115824594377e-6
26828	2.098465295824124e-6
26829	2.098789766346657e-6
26830	2.099486346982568e-6
26831	2.099741087510450e-6
26832	2.100136741417920e-6
26833	2.101129632540899e-6
26834	2.101372473906356e-6
26835	2.101947571498578e-6
26836	2.102442444517939e-6
26837	2.102583127003298e-6
26838	2.103219252420457e-6
26839	2.103526779069098e-6
26840	2.103814191998346e-6
26841	2.104185630573365e-6
26842	2.104595147031157e-6
26843	2.105194628541679e-6
26844	2.106204469396601e-6
26845	2.106466795265904e-6
26846	2.107153897511842e-6
26847	2.107303593280542e-6
26848	2.107627233711758e-6
26849	2.108313452263169e-6
26850	2.108398723619376e-6
26851	2.108801237489183e-6
26852	2.109221955209776e-6
26853	2.109799934697295e-6
26854	2.110031461272340e-6
26855	2.110555373948975e-6
26856	2.110835162299259e-6
26857	2.111222621760304e-6
26858	2.111857455780146e-6
26859	2.112577530080098e-6
26860	2.113345825046673e-6
26861	2.113705698849527e-6
26862	2.114064299467592e-6
26863	2.114228369974795e-6
26864	2.114716252581006e-6
26865	2.115778420420775e-6
26866	2.116377535665383e-6
26867	2.116936169843093e-6
26868	2.117119005042497e-6
26869	2.117389806544841e-6
26870	2.117600677719278e-6
26871	2.118026456671503e-6
26872	2.118611878517212e-6
26873	2.119227173032222e-6
26874	2.119314508581645e-6
26875	2.120129547420232e-6
26876	2.120434187740651e-6
26877	2.120559844307802e-6
26878	2.121483711541307e-6
26879	2.122258060879491e-6
26880	2.122319655040493e-6
26881	2.122549227058486e-6
26882	2.123114431225772e-6
26883	2.123577508202686e-6
26884	2.124386104562557e-6
26885	2.124752997436693e-6
26886	2.125148690710185e-6
26887	2.125480264570626e-6
26888	2.125968138284926e-6
26889	2.126776149983988e-6
26890	2.126919158536903e-6
26891	2.127304415776048e-6
26892	2.127727727090809e-6
26893	2.128639084714150e-6
26894	2.128767856234079e-6
26895	2.129223263582904e-6
26896	2.129731896851827e-6
26897	2.130359796557800e-6
26898	2.131140227451121e-6
26899	2.131231965379642e-6
26900	2.132226964436912e-6
26901	2.132560439398310e-6
26902	2.133315797549035e-6
26903	2.133538805656883e-6
26904	2.133690089323570e-6
26905	2.133872474652412e-6
26906	2.134379599081266e-6
26907	2.135222856470472e-6
26908	2.135719075015067e-6
26909	2.136012899987607e-6
26910	2.136763882704726e-6
26911	2.137139838849290e-6
26912	2.137161498609908e-6
26913	2.137481115222217e-6
26914	2.137651413584189e-6
26915	2.138545102503881e-6
26916	2.139429810918576e-6
26917	2.139877106268912e-6
26918	2.140554554149489e-6
26919	2.141184009528514e-6
26920	2.141585342247396e-6
26921	2.141994934925912e-6
26922	2.142142136702930e-6
26923	2.142577262910910e-6
26924	2.143054188336499e-6
26925	2.143540344590441e-6
26926	2.144090059794325e-6
26927	2.145131632269574e-6
26928	2.145330378232377e-6
26929	2.145794376718997e-6
26930	2.146170489514306e-6
26931	2.146580108416671e-6
26932	2.147259511407828e-6
26933	2.147393464211610e-6
26934	2.147636127303948e-6
26935	2.148480740452224e-6
26936	2.148696512213752e-6
26937	2.149308399761072e-6
26938	2.149601237892743e-6
26939	2.150216268783316e-6
26940	2.150843009835894e-6
26941	2.150936743464476e-6
26942	2.151184589723340e-6
26943	2.151625650789424e-6
26944	2.152248443337535e-6
26945	2.152879165543274e-6
26946	2.153245810477411e-6
26947	2.153598207833659e-6
26948	2.153968492982098e-6
26949	2.154396523311894e-6
26950	2.154822526914466e-6
26951	2.155727947174899e-6
26952	2.156074138401165e-6
26953	2.156541434545134e-6
26954	2.157109580566624e-6
26955	2.157714767328482e-6
26956	2.158498407890783e-6
26957	2.158795614919190e-6
26958	2.159131248189977e-6
26959	2.159539935134137e-6
26960	2.160420344940416e-6
26961	2.160550378681021e-6
26962	2.161190744172060e-6
26963	2.161447132072483e-6
26964	2.162422089614247e-6
26965	2.163066866340769e-6
26966	2.163317825141689e-6
26967	2.163916967160557e-6
26968	2.164336378082491e-6
26969	2.164968027692195e-6
26970	2.165249349585812e-6
26971	2.165614099917513e-6
26972	2.166041554149719e-6
26973	2.166393521969660e-6
26974	2.166639297254130e-6
26975	2.167419441499051e-6
26976	2.167761384123517e-6
26977	2.168166471105406e-6
26978	2.168834487422560e-6
26979	2.169614479155145e-6
26980	2.170078242110431e-6
26981	2.170741781338674e-6
26982	2.171166972857860e-6
26983	2.171661745940271e-6
26984	2.172141199052511e-6
26985	2.172609754785719e-6
26986	2.172764093321206e-6
26987	2.173495905517878e-6
26988	2.173839244166792e-6
26989	2.174009589432542e-6
26990	2.174841998773543e-6
26991	2.175059752370317e-6
26992	2.175714248763254e-6
26993	2.175993342462793e-6
26994	2.176953527046851e-6
26995	2.177939964205048e-6
26996	2.178171216809980e-6
26997	2.178668784239783e-6
26998	2.178887690052865e-6
26999	2.179701515777658e-6
27000	2.180084580456690e-6
27001	2.180455834227988e-6
27002	2.181392142708868e-6
27003	2.181673411535006e-6
27004	2.182185778903561e-6
27005	2.182420106766238e-6
27006	2.183097559762062e-6
27007	2.183470364004700e-6
27008	2.183853005039990e-6
27009	2.184097205405502e-6
27010	2.184372333608325e-6
27011	2.184703218645361e-6
27012	2.185019642167190e-6
27013	2.185697910929825e-6
27014	2.186749944704139e-6
27015	2.186964432572658e-6
27016	2.187341194707283e-6
27017	2.187722047473590e-6
27018	2.187985610609309e-6
27019	2.188788574388847e-6
27020	2.189066577345411e-6
27021	2.189311797136329e-6
27022	2.190320272361077e-6
27023	2.191099012979311e-6
27024	2.191197743640577e-6
27025	2.191585745213999e-6
27026	2.192097551873027e-6
27027	2.192596544456987e-6
27028	2.192856322466728e-6
27029	2.193523655885002e-6
27030	2.193879041580792e-6
27031	2.194241871271390e-6
27032	2.195264710227102e-6
27033	2.195458531689069e-6
27034	2.195948611303831e-6
27035	2.196471804834032e-6
27036	2.197200292591410e-6
27037	2.197934142963261e-6
27038	2.198090414390306e-6
27039	2.198356821816455e-6
27040	2.198974435463873e-6
27041	2.199518473804829e-6
27042	2.199834488198173e-6
27043	2.200337619743385e-6
27044	2.200775628258043e-6
27045	2.201072990146966e-6
27046	2.201707910241573e-6
27047	2.202508187050893e-6
27048	2.202699611956219e-6
27049	2.203479527307895e-6
27050	2.204103420781223e-6
27051	2.204600836775797e-6
27052	2.205387394711551e-6
27053	2.205814302635285e-6
27054	2.206285908421734e-6
27055	2.206643569783993e-6
27056	2.207541934780269e-6
27057	2.207979065672563e-6
27058	2.208547050472785e-6
27059	2.209015565011714e-6
27060	2.209279056881492e-6
27061	2.209711202358266e-6
27062	2.209837848643559e-6
27063	2.210340523883950e-6
27064	2.211572785202949e-6
27065	2.212060367001713e-6
27066	2.212442531905082e-6
27067	2.213030208627944e-6
27068	2.213760113467327e-6
27069	2.214354501762783e-6
27070	2.214619963049760e-6
27071	2.215440492159619e-6
27072	2.215478331962105e-6
27073	2.216204613672559e-6
27074	2.216631754771712e-6
27075	2.217094894700214e-6
27076	2.217733293896818e-6
27077	2.218245575030761e-6
27078	2.218943088050959e-6
27079	2.219286902394782e-6
27080	2.219671843736268e-6
27081	2.220893309737498e-6
27082	2.221080445773331e-6
27083	2.221162243010480e-6
27084	2.221561223854001e-6
27085	2.222065250862110e-6
27086	2.222544061002343e-6
27087	2.223216544499508e-6
27088	2.223354992640443e-6
27089	2.223926416484286e-6
27090	2.224896678795244e-6
27091	2.225400699230888e-6
27092	2.225739788665706e-6
27093	2.226368813733319e-6
27094	2.226935586059072e-6
27095	2.227567674461383e-6
27096	2.227938155701499e-6
27097	2.228725894503548e-6
27098	2.228913013352135e-6
27099	2.229182331621276e-6
27100	2.229807230936167e-6
27101	2.230450398923787e-6
27102	2.230853246280385e-6
27103	2.231495308417584e-6
27104	2.231847193877286e-6
27105	2.232300108300452e-6
27106	2.233041207796857e-6
27107	2.233175434943248e-6
27108	2.234065687160703e-6
27109	2.234790938131442e-6
27110	2.235245847626814e-6
27111	2.235880774065576e-6
27112	2.236273641235737e-6
27113	2.237567067799525e-6
27114	2.237916911932555e-6
27115	2.238636526916511e-6
27116	2.238931368411952e-6
27117	2.239452612903086e-6
27118	2.239909212813968e-6
27119	2.240341540579118e-6
27120	2.240545187659851e-6
27121	2.241283670479179e-6
27122	2.242312057925040e-6
27123	2.242441366198034e-6
27124	2.243595093281350e-6
27125	2.243923457261212e-6
27126	2.244543252596775e-6
27127	2.244603324022750e-6
27128	2.245417984619154e-6
27129	2.245909221868152e-6
27130	2.246388489467035e-6
27131	2.246466280366661e-6
27132	2.247042726357973e-6
27133	2.247435082744021e-6
27134	2.248540065020949e-6
27135	2.249025332116637e-6
27136	2.249471807690512e-6
27137	2.250337906977802e-6
27138	2.251063850526126e-6
27139	2.251226142153658e-6
27140	2.252282337419603e-6
27141	2.252348296873388e-6
27142	2.253624329384840e-6
27143	2.254263831510905e-6
27144	2.254741265634287e-6
27145	2.254941967945624e-6
27146	2.255508640532165e-6
27147	2.255893495179615e-6
27148	2.256301545909161e-6
27149	2.256488668105486e-6
27150	2.257070901681047e-6
27151	2.258028499565112e-6
27152	2.258316366271018e-6
27153	2.259174946151372e-6
27154	2.259299988870735e-6
27155	2.260232480614044e-6
27156	2.260692164952761e-6
27157	2.261621106788256e-6
27158	2.262268553546588e-6
27159	2.262595260912578e-6
27160	2.263281257683742e-6
27161	2.263717908044024e-6
27162	2.263831878664096e-6
27163	2.264639821088499e-6
27164	2.265492841161175e-6
27165	2.265884717360627e-6
27166	2.267116967306850e-6
27167	2.267824986781301e-6
27168	2.268298657980431e-6
27169	2.268662760993045e-6
27170	2.269537616681236e-6
27171	2.269617245040133e-6
27172	2.270359589659406e-6
27173	2.270568246661272e-6
27174	2.271324358982076e-6
27175	2.271600164420353e-6
27176	2.272192350001696e-6
27177	2.273156010150840e-6
27178	2.273360088734738e-6
27179	2.273685191116881e-6
27180	2.274057421167485e-6
27181	2.274977063107697e-6
27182	2.276105898994144e-6
27183	2.276265683836353e-6
27184	2.277150252732433e-6
27185	2.277691334958074e-6
27186	2.278165379395270e-6
27187	2.278348166394220e-6
27188	2.278944583023409e-6
27189	2.279391142082351e-6
27190	2.279584182775658e-6
27191	2.280702779533840e-6
27192	2.281364510259705e-6
27193	2.281934983782695e-6
27194	2.282064628550287e-6
27195	2.282642147521089e-6
27196	2.283073804819573e-6
27197	2.284321766604202e-6
27198	2.284881380908085e-6
27199	2.285631838298811e-6
27200	2.286119913525540e-6
27201	2.287271482531629e-6
27202	2.287358578480861e-6
27203	2.287571401247688e-6
27204	2.288564954759864e-6
27205	2.288876816129901e-6
27206	2.289509379603032e-6
27207	2.289794887863886e-6
27208	2.290571744708113e-6
27209	2.291150525098083e-6
27210	2.291472947596871e-6
27211	2.292525140861652e-6
27212	2.292783662395412e-6
27213	2.293529936645755e-6
27214	2.293647210931362e-6
27215	2.294322220808138e-6
27216	2.294847940282652e-6
27217	2.296033867125865e-6
27218	2.296828828047110e-6
27219	2.297232461427996e-6
27220	2.298114132005870e-6
27221	2.298848010671107e-6
27222	2.299385585136823e-6
27223	2.299859878791693e-6
27224	2.300654225918984e-6
27225	2.301533212265794e-6
27226	2.302150872808666e-6
27227	2.302367175425669e-6
27228	2.303320328580809e-6
27229	2.303463057231842e-6
27230	2.304356152471530e-6
27231	2.305057031574733e-6
27232	2.305742222286322e-6
27233	2.306209307191028e-6
27234	2.306771624005952e-6
27235	2.307082709884571e-6
27236	2.307481714887690e-6
27237	2.308301769267111e-6
27238	2.309187328714153e-6
27239	2.309734382910378e-6
27240	2.310207763776378e-6
27241	2.310917834662774e-6
27242	2.311576555807858e-6
27243	2.311959940373234e-6
27244	2.312399570917677e-6
27245	2.313857291094389e-6
27246	2.314106707072918e-6
27247	2.315156059201129e-6
27248	2.315729907298339e-6
27249	2.315818337202306e-6
27250	2.316353605419404e-6
27251	2.317312614180912e-6
27252	2.317487414394843e-6
27253	2.318112534309936e-6
27254	2.318900321726397e-6
27255	2.319539960344160e-6
27256	2.319823150815295e-6
27257	2.320484121614815e-6
27258	2.321280305263906e-6
27259	2.321571594984380e-6
27260	2.322039183727886e-6
27261	2.322441765264523e-6
27262	2.322889741223379e-6
27263	2.324670247687959e-6
27264	2.325684549741722e-6
27265	2.325814965473972e-6
27266	2.326240377307507e-6
27267	2.327008039413902e-6
27268	2.327717430429535e-6
27269	2.328061880747411e-6
27270	2.328698805457282e-6
27271	2.328828970998055e-6
27272	2.330081965315826e-6
27273	2.330560633835541e-6
27274	2.331636110262582e-6
27275	2.331932456554138e-6
27276	2.332428754536605e-6
27277	2.334199716189714e-6
27278	2.334472131261537e-6
27279	2.335061248422022e-6
27280	2.335337474635828e-6
27281	2.335868003175886e-6
27282	2.336449342642344e-6
27283	2.337680631411553e-6
27284	2.338058244796675e-6
27285	2.338805701629320e-6
27286	2.338848112816778e-6
27287	2.339674412443195e-6
27288	2.339909703354878e-6
27289	2.341093436728146e-6
27290	2.341689016184761e-6
27291	2.341864464679249e-6
27292	2.342350473111553e-6
27293	2.342828632971507e-6
27294	2.343295191288666e-6
27295	2.344425568376520e-6
27296	2.344593486791430e-6
27297	2.345279228938963e-6
27298	2.345953336910080e-6
27299	2.346623337603486e-6
27300	2.347335098955307e-6
27301	2.348322024404718e-6
27302	2.349181199506989e-6
27303	2.349482085436552e-6
27304	2.350627303147099e-6
27305	2.351008528369100e-6
27306	2.351559246426053e-6
27307	2.351781205486711e-6
27308	2.352665434537175e-6
27309	2.353726163844563e-6
27310	2.354240141629914e-6
27311	2.355118786855837e-6
27312	2.355324972739993e-6
27313	2.355512316825567e-6
27314	2.356286483889595e-6
27315	2.356749552334069e-6
27316	2.357833537655667e-6
27317	2.358741088663234e-6
27318	2.359058013479048e-6
27319	2.360899083364981e-6
27320	2.361239064693988e-6
27321	2.361293893206626e-6
27322	2.362032666220889e-6
27323	2.362443630684787e-6
27324	2.362820562162768e-6
27325	2.363638316314109e-6
27326	2.364575798059778e-6
27327	2.365143500660576e-6
27328	2.365647615319897e-6
27329	2.366785902976911e-6
27330	2.367248163140140e-6
27331	2.367937860810767e-6
27332	2.368741136781750e-6
27333	2.369453250648329e-6
27334	2.369693140150704e-6
27335	2.370744906088019e-6
27336	2.370914067323827e-6
27337	2.371551399323482e-6
27338	2.372088316320966e-6
27339	2.373787623011954e-6
27340	2.373809784754302e-6
27341	2.374269543994116e-6
27342	2.375011808118768e-6
27343	2.375733401934725e-6
27344	2.376860344108537e-6
27345	2.377848300226437e-6
27346	2.378399563319787e-6
27347	2.378931735615211e-6
27348	2.380618242685750e-6
27349	2.380946061914807e-6
27350	2.382081104598051e-6
27351	2.382762592117573e-6
27352	2.383157304672000e-6
27353	2.383587832529265e-6
27354	2.384084896053765e-6
27355	2.385542130693664e-6
27356	2.385750853295561e-6
27357	2.385957966094077e-6
27358	2.386886457959778e-6
27359	2.388562522532021e-6
27360	2.389018351595116e-6
27361	2.389150177410124e-6
27362	2.390237743925609e-6
27363	2.390547943246304e-6
27364	2.391373801220644e-6
27365	2.391443675224852e-6
27366	2.392347087171694e-6
27367	2.393173260081336e-6
27368	2.393706180794132e-6
27369	2.393928990536009e-6
27370	2.394561231409371e-6
27371	2.395996117979310e-6
27372	2.396329300002694e-6
27373	2.396852762510838e-6
27374	2.397499050981779e-6
27375	2.398118986296351e-6
27376	2.398387983300304e-6
27377	2.399399328466379e-6
27378	2.400667066373204e-6
27379	2.400951414176932e-6
27380	2.401674154820485e-6
27381	2.402592952181117e-6
27382	2.402780670288563e-6
27383	2.403259525574776e-6
27384	2.404439787786890e-6
27385	2.405124269816185e-6
27386	2.405503281450529e-6
27387	2.406274178209228e-6
27388	2.408012153619916e-6
27389	2.408329434765456e-6
27390	2.409127231978993e-6
27391	2.410241906184005e-6
27392	2.411576275804791e-6
27393	2.412077601063780e-6
27394	2.413071863103785e-6
27395	2.413186409244160e-6
27396	2.413664679240262e-6
27397	2.414773269524174e-6
27398	2.414904205202597e-6
27399	2.415112740664677e-6
27400	2.415977748880602e-6
27401	2.417021761599342e-6
27402	2.417806249816297e-6
27403	2.419127668469897e-6
27404	2.419386768849588e-6
27405	2.419874616914793e-6
27406	2.420498963007401e-6
27407	2.421849313247587e-6
27408	2.422185548527800e-6
27409	2.422469821922957e-6
27410	2.423582476174859e-6
27411	2.424219053132410e-6
27412	2.424615115785906e-6
27413	2.425766909850822e-6
27414	2.426468108808776e-6
27415	2.427194046964286e-6
27416	2.427816670023132e-6
27417	2.427951601576500e-6
27418	2.428662882426803e-6
27419	2.429977463494316e-6
27420	2.430677052633122e-6
27421	2.432212282781965e-6
27422	2.432467692737074e-6
27423	2.433315828447102e-6
27424	2.434476150912393e-6
27425	2.435486076257215e-6
27426	2.436065520925166e-6
27427	2.436506430626945e-6
27428	2.437145075391193e-6
27429	2.438779046558286e-6
27430	2.439114908248273e-6
27431	2.439544408396291e-6
27432	2.440466277506519e-6
27433	2.440942270071552e-6
27434	2.442191420805291e-6
27435	2.442593660053495e-6
27436	2.443383184394895e-6
27437	2.443855278428474e-6
27438	2.444863254289855e-6
27439	2.445699722660396e-6
27440	2.446398171587259e-6
27441	2.447407370162256e-6
27442	2.447748823946573e-6
27443	2.448137261619291e-6
27444	2.448750577592951e-6
27445	2.450453414345624e-6
27446	2.451323040893400e-6
27447	2.452395986440840e-6
27448	2.452928313619193e-6
27449	2.453117844045815e-6
27450	2.453639932198642e-6
27451	2.454381129893126e-6
27452	2.455056304402109e-6
27453	2.456482153868288e-6
27454	2.457201775627168e-6
27455	2.458066685834844e-6
27456	2.458405868882943e-6
27457	2.459268949252995e-6
27458	2.460173606230104e-6
27459	2.460872099924417e-6
27460	2.461264906295040e-6
27461	2.462029175886827e-6
27462	2.462581830343151e-6
27463	2.463880791265188e-6
27464	2.464830739635953e-6
27465	2.466233025750733e-6
27466	2.466525660609736e-6
27467	2.467179523227251e-6
27468	2.467604936217494e-6
27469	2.468228595075361e-6
27470	2.469241234021743e-6
27471	2.470565536662736e-6
27472	2.470756974182655e-6
27473	2.471448945295209e-6
27474	2.472308689942298e-6
27475	2.473630623829317e-6
27476	2.474464298005723e-6
27477	2.474854243363611e-6
27478	2.476052963713239e-6
27479	2.476838681761437e-6
27480	2.478005797526433e-6
27481	2.478047207912421e-6
27482	2.478815902237794e-6
27483	2.480239338225145e-6
27484	2.480903629059512e-6
27485	2.482277554375784e-6
27486	2.482907071681512e-6
27487	2.483914072457719e-6
27488	2.484856981019179e-6
27489	2.485474062978838e-6
27490	2.485758935674226e-6
27491	2.487024057807921e-6
27492	2.488159565425813e-6
27493	2.489010912754777e-6
27494	2.489174068289251e-6
27495	2.490112657409004e-6
27496	2.490391495101815e-6
27497	2.491681765650601e-6
27498	2.492662475960423e-6
27499	2.493308679929821e-6
27500	2.494037042354456e-6
27501	2.494505712526576e-6
27502	2.495040103364182e-6
27503	2.497252139048393e-6
27504	2.497632351186161e-6
27505	2.498318314796326e-6
27506	2.499477430493651e-6
27507	2.500259091958479e-6
27508	2.500559980140954e-6
27509	2.501831545240409e-6
27510	2.502478676491491e-6
27511	2.503024603193335e-6
27512	2.503903114265324e-6
27513	2.505413088631108e-6
27514	2.507360437816162e-6
27515	2.507781247325598e-6
27516	2.508002819506698e-6
27517	2.508552004914739e-6
27518	2.509207538650380e-6
27519	2.510089831542546e-6
27520	2.511076125718643e-6
27521	2.511477823409461e-6
27522	2.512170531710599e-6
27523	2.513214967644127e-6
27524	2.514452983075915e-6
27525	2.515242140496842e-6
27526	2.516548074198803e-6
27527	2.517748678005463e-6
27528	2.518796820906134e-6
27529	2.519292769542764e-6
27530	2.519501841030751e-6
27531	2.519667441472231e-6
27532	2.520604768132708e-6
27533	2.521421840702416e-6
27534	2.521964833522337e-6
27535	2.523875642998853e-6
27536	2.524005062575994e-6
27537	2.524959382103531e-6
27538	2.526070685398566e-6
27539	2.526949570280929e-6
27540	2.527677783543730e-6
27541	2.528929369078587e-6
27542	2.529776711813407e-6
27543	2.530682508962187e-6
27544	2.530998337131027e-6
27545	2.532083677787143e-6
27546	2.532639984300915e-6
27547	2.533331892830916e-6
27548	2.534496753796642e-6
27549	2.534939979520835e-6
27550	2.535930608841565e-6
27551	2.536574524384032e-6
27552	2.537754789537123e-6
27553	2.538127563189971e-6
27554	2.539475517162311e-6
27555	2.540295055264984e-6
27556	2.541118375971832e-6
27557	2.541922676092142e-6
27558	2.543384502051797e-6
27559	2.543764304660177e-6
27560	2.544814379167832e-6
27561	2.545386589887325e-6
27562	2.546388758922981e-6
27563	2.548023944709363e-6
27564	2.548836900045506e-6
27565	2.549611223806595e-6
27566	2.549820235333446e-6
27567	2.550971918494150e-6
27568	2.552191383512184e-6
27569	2.553629933441067e-6
27570	2.554429089599095e-6
27571	2.555312237204112e-6
27572	2.556074043658693e-6
27573	2.556724674725022e-6
27574	2.557910165876887e-6
27575	2.559433519012563e-6
27576	2.560610988419840e-6
27577	2.560885570902470e-6
27578	2.562012977215798e-6
27579	2.562528505524257e-6
27580	2.563244770841467e-6
27581	2.564377560075731e-6
27582	2.565300375548021e-6
27583	2.565646070297226e-6
27584	2.566231208460344e-6
27585	2.567147548585298e-6
27586	2.567454637460932e-6
27587	2.568814884329389e-6
27588	2.569789700382989e-6
27589	2.570395363768622e-6
27590	2.571435709788923e-6
27591	2.572391086616766e-6
27592	2.573647771111197e-6
27593	2.575094420013744e-6
27594	2.575726293501492e-6
27595	2.576396555326130e-6
27596	2.577314102681302e-6
27597	2.577695038918815e-6
27598	2.579195166098518e-6
27599	2.579437667513508e-6
27600	2.580669945489949e-6
27601	2.582412423133889e-6
27602	2.583281010325125e-6
27603	2.583951732711474e-6
27604	2.584567063404384e-6
27605	2.585790353586685e-6
27606	2.586576108502734e-6
27607	2.587914283318858e-6
27608	2.588823061869798e-6
27609	2.589440837022967e-6
27610	2.590807573095781e-6
27611	2.591472775131723e-6
27612	2.592202263930872e-6
27613	2.593221877181556e-6
27614	2.593503892017879e-6
27615	2.594498066273623e-6
27616	2.595172430646093e-6
27617	2.596424940140473e-6
27618	2.597605538804424e-6
27619	2.598297521720276e-6
27620	2.598675329637353e-6
27621	2.600231053001114e-6
27622	2.601544618895509e-6
27623	2.601940814336417e-6
27624	2.603013939980354e-6
27625	2.604517869094568e-6
27626	2.604956053108285e-6
27627	2.605537152058251e-6
27628	2.605929818373538e-6
27629	2.607595704699038e-6
27630	2.609012743346570e-6
27631	2.609998210849802e-6
27632	2.610693614558451e-6
27633	2.611456146270891e-6
27634	2.612649111804850e-6
27635	2.613123795367819e-6
27636	2.614022142280061e-6
27637	2.615328950132781e-6
27638	2.615825231780688e-6
27639	2.617349197414983e-6
27640	2.619115056073722e-6
27641	2.619562013962875e-6
27642	2.620489185944341e-6
27643	2.620653786359066e-6
27644	2.622290971871923e-6
27645	2.622706253430530e-6
27646	2.624222324402239e-6
27647	2.625736522676733e-6
27648	2.626991574939557e-6
27649	2.627326970766129e-6
27650	2.628379925152098e-6
27651	2.630302192854782e-6
27652	2.630867943353506e-6
27653	2.631018717907710e-6
27654	2.632438733426770e-6
27655	2.633757927082499e-6
27656	2.635002200047647e-6
27657	2.635307162183961e-6
27658	2.635682160578087e-6
27659	2.636458716962769e-6
27660	2.639125004938996e-6
27661	2.640189033455197e-6
27662	2.641183935559514e-6
27663	2.641856800346789e-6
27664	2.642955822330802e-6
27665	2.643894246499620e-6
27666	2.645392139168894e-6
27667	2.645763696542771e-6
27668	2.646710559072212e-6
27669	2.647513882174246e-6
27670	2.648420279048244e-6
27671	2.648763691875278e-6
27672	2.650293801268678e-6
27673	2.650606271403369e-6
27674	2.652006843925568e-6
27675	2.652934574824163e-6
27676	2.653113354233731e-6
27677	2.654013006259558e-6
27678	2.655179837581589e-6
27679	2.656679042117967e-6
27680	2.657559232836841e-6
27681	2.657773274650276e-6
27682	2.659772862153090e-6
27683	2.660730365217780e-6
27684	2.661621488079711e-6
27685	2.661878362867938e-6
27686	2.662958533139054e-6
27687	2.664690748507476e-6
27688	2.664877565055369e-6
27689	2.665994231023292e-6
27690	2.666637034453199e-6
27691	2.668511282791414e-6
27692	2.668863649201501e-6
27693	2.670977633611665e-6
27694	2.671581685829467e-6
27695	2.672413048122505e-6
27696	2.673665235434426e-6
27697	2.674677381153604e-6
27698	2.674976098280930e-6
27699	2.676183056508382e-6
27700	2.677841789970866e-6
27701	2.679295129571754e-6
27702	2.680346643000532e-6
27703	2.680510354093607e-6
27704	2.681201338665586e-6
27705	2.682261496600839e-6
27706	2.683879992645623e-6
27707	2.684910809892572e-6
27708	2.686844219611503e-6
27709	2.687220914874721e-6
27710	2.688504974983599e-6
27711	2.689266377916843e-6
27712	2.689869591164784e-6
27713	2.691451171791878e-6
27714	2.692404247538248e-6
27715	2.692501471679423e-6
27716	2.694282720180874e-6
27717	2.695889200813384e-6
27718	2.697340249848535e-6
27719	2.698237003250104e-6
27720	2.699531581010057e-6
27721	2.700235156376042e-6
27722	2.700517463438860e-6
27723	2.702146924622986e-6
27724	2.703160621926572e-6
27725	2.703916447556037e-6
27726	2.705794790763875e-6
27727	2.706762671335481e-6
27728	2.707069580581691e-6
27729	2.707841427211223e-6
27730	2.708667185901108e-6
27731	2.711577837595243e-6
27732	2.712468872853083e-6
27733	2.714680451023578e-6
27734	2.715047102123597e-6
27735	2.715626110996375e-6
27736	2.717644214990880e-6
27737	2.718316305430681e-6
27738	2.718345752234796e-6
27739	2.720289787717499e-6
27740	2.721016876909285e-6
27741	2.721874215336725e-6
27742	2.723115884776412e-6
27743	2.724047025605422e-6
27744	2.724601600958161e-6
27745	2.726138177678100e-6
27746	2.726736954125989e-6
27747	2.727504396040721e-6
27748	2.727900101415606e-6
27749	2.729718437636706e-6
27750	2.732191722967689e-6
27751	2.732537008649248e-6
27752	2.734019259979260e-6
27753	2.735047291866509e-6
27754	2.737139885125300e-6
27755	2.738077643021316e-6
27756	2.738585091375815e-6
27757	2.739574504911520e-6
27758	2.741932898706780e-6
27759	2.743293553597047e-6
27760	2.744755749867063e-6
27761	2.744843866885501e-6
27762	2.745109323768065e-6
27763	2.746527154706235e-6
27764	2.747675237297355e-6
27765	2.748928547615624e-6
27766	2.749465070590194e-6
27767	2.751068987510620e-6
27768	2.751542285818208e-6
27769	2.751861294574430e-6
27770	2.753143309664412e-6
27771	2.755229856178526e-6
27772	2.755562875627253e-6
27773	2.756989819115903e-6
27774	2.758152173561997e-6
27775	2.758722975515771e-6
27776	2.758912310195447e-6
27777	2.760661634464454e-6
27778	2.763611342980008e-6
27779	2.764265534633248e-6
27780	2.764841587585752e-6
27781	2.767298898165281e-6
27782	2.767925291828960e-6
27783	2.768897261708903e-6
27784	2.769740993375631e-6
27785	2.771845299388742e-6
27786	2.773888638283357e-6
27787	2.774157137805618e-6
27788	2.774932557376178e-6
27789	2.775730648095345e-6
27790	2.776643393826009e-6
27791	2.778286581285424e-6
27792	2.779060068484462e-6
27793	2.780325651683452e-6
27794	2.781211461705499e-6
27795	2.782177647825464e-6
27796	2.783709874281020e-6
27797	2.783844566362430e-6
27798	2.786233863252102e-6
27799	2.786760570121557e-6
27800	2.788944248108793e-6
27801	2.789700287619202e-6
27802	2.791435558326685e-6
27803	2.792126404879453e-6
27804	2.793270434443442e-6
27805	2.794172256230905e-6
27806	2.796875462018492e-6
27807	2.797525280391637e-6
27808	2.798419229742249e-6
27809	2.799229965179766e-6
27810	2.800256105984088e-6
27811	2.802045425218544e-6
27812	2.804792190591373e-6
27813	2.805325602495163e-6
27814	2.808251626764138e-6
27815	2.809083086466957e-6
27816	2.810601931378431e-6
27817	2.811471552206571e-6
27818	2.813614051959604e-6
27819	2.814140966275298e-6
27820	2.815109212762710e-6
27821	2.815498816574946e-6
27822	2.817065433442429e-6
27823	2.818533381112832e-6
27824	2.820181051531695e-6
27825	2.822196154412326e-6
27826	2.822567936266489e-6
27827	2.823469718124885e-6
27828	2.825253752446323e-6
27829	2.825732423700889e-6
27830	2.827204177247727e-6
27831	2.827622076390909e-6
27832	2.829451702921830e-6
27833	2.830272003881614e-6
27834	2.831665467900630e-6
27835	2.832418517824735e-6
27836	2.834480994826667e-6
27837	2.835116405417624e-6
27838	2.836628280970838e-6
27839	2.837276175476747e-6
27840	2.839421448681717e-6
27841	2.840132289729420e-6
27842	2.841087411594355e-6
27843	2.841369607098007e-6
27844	2.842967637471810e-6
27845	2.846618865431167e-6
27846	2.847029487531333e-6
27847	2.848244870534725e-6
27848	2.849306009743904e-6
27849	2.851087258353255e-6
27850	2.851981887157722e-6
27851	2.853805498872722e-6
27852	2.856098304424560e-6
27853	2.857534788319080e-6
27854	2.859107415110226e-6
27855	2.859137727268272e-6
27856	2.861399457510391e-6
27857	2.862533227444848e-6
27858	2.864440013786797e-6
27859	2.864868213269500e-6
27860	2.866439882685596e-6
27861	2.867756299455711e-6
27862	2.868106011100790e-6
27863	2.869535596333907e-6
27864	2.870292718137117e-6
27865	2.871871067914642e-6
27866	2.872349177315348e-6
27867	2.873633321024129e-6
27868	2.875600291922003e-6
27869	2.876203849668524e-6
27870	2.876455405151883e-6
27871	2.878921163611566e-6
27872	2.879508603396128e-6
27873	2.881504653650463e-6
27874	2.881843627063825e-6
27875	2.882796984081193e-6
27876	2.885386727268880e-6
27877	2.886236046110224e-6
27878	2.888400296120917e-6
27879	2.889289623170262e-6
27880	2.891243403801261e-6
27881	2.891566601645674e-6
27882	2.893389977139562e-6
27883	2.896227353961927e-6
27884	2.897408147681062e-6
27885	2.898707236609213e-6
27886	2.900647255504314e-6
27887	2.902272758647334e-6
27888	2.902623908719857e-6
27889	2.903860769248473e-6
27890	2.905512890438901e-6
27891	2.906699111197478e-6
27892	2.908509521722038e-6
27893	2.910429703698062e-6
27894	2.911312256822621e-6
27895	2.912386410753852e-6
27896	2.914484836914990e-6
27897	2.916835960455590e-6
27898	2.917398815559155e-6
27899	2.919206425576604e-6
27900	2.919779592155873e-6
27901	2.920659218479002e-6
27902	2.922722736117167e-6
27903	2.924230665514472e-6
27904	2.925022728117131e-6
27905	2.925820538761488e-6
27906	2.926037512880746e-6
27907	2.928215775188553e-6
27908	2.929007783646093e-6
27909	2.930746498623462e-6
27910	2.932751458930009e-6
27911	2.933995225764352e-6
27912	2.935654012914899e-6
27913	2.936812868293041e-6
27914	2.937264260553877e-6
27915	2.938229808125993e-6
27916	2.940474105902502e-6
27917	2.942474791732240e-6
27918	2.942816793331131e-6
27919	2.944494781821924e-6
27920	2.944720772620847e-6
27921	2.947821616783264e-6
27922	2.948332683067803e-6
27923	2.950407443762818e-6
27924	2.952014843855240e-6
27925	2.952227530043753e-6
27926	2.954735843420932e-6
27927	2.955311290788113e-6
27928	2.957468118046848e-6
27929	2.960208004423143e-6
27930	2.960635962226666e-6
27931	2.961346806528598e-6
27932	2.962397845737125e-6
27933	2.963841955759617e-6
27934	2.967054809803895e-6
27935	2.967484898246921e-6
27936	2.968047778817660e-6
27937	2.971036385702216e-6
27938	2.972007098728850e-6
27939	2.973811028793263e-6
27940	2.976219116541071e-6
27941	2.979416760732389e-6
27942	2.980465191730244e-6
27943	2.980916685836131e-6
27944	2.981814745287261e-6
27945	2.984810129470859e-6
27946	2.986427932115391e-6
27947	2.988763061515947e-6
27948	2.990109901161371e-6
27949	2.991229348208071e-6
27950	2.992624678969706e-6
27951	2.993868275042382e-6
27952	2.995112947401328e-6
27953	2.997066064072300e-6
27954	2.998269148385356e-6
27955	2.999255982034427e-6
27956	3.000255616386822e-6
27957	3.002980635586318e-6
27958	3.004032637049010e-6
27959	3.005942244563563e-6
27960	3.007744028197025e-6
27961	3.009804655965103e-6
27962	3.011319247573935e-6
27963	3.013097681622429e-6
27964	3.015171053518340e-6
27965	3.017653697973863e-6
27966	3.018349981201509e-6
27967	3.019255273431078e-6
27968	3.022271236889802e-6
27969	3.023417259420713e-6
27970	3.023888669271756e-6
27971	3.024126583482916e-6
27972	3.024876498558170e-6
27973	3.028065932423337e-6
27974	3.028893737085252e-6
27975	3.030768561678933e-6
27976	3.031911772988133e-6
27977	3.033964419279629e-6
27978	3.035700920161497e-6
27979	3.037162452290886e-6
27980	3.038992353078455e-6
27981	3.040432156092080e-6
27982	3.042954448074997e-6
27983	3.045687999667722e-6
27984	3.046236006440608e-6
27985	3.047624030603229e-6
27986	3.049292183171417e-6
27987	3.050705978956811e-6
27988	3.052155096771514e-6
27989	3.052869464452503e-6
27990	3.053712098615681e-6
27991	3.056428353459073e-6
27992	3.057903432093323e-6
27993	3.059547688366836e-6
27994	3.061395563177935e-6
27995	3.061470896891511e-6
27996	3.064736755754687e-6
27997	3.065965261507632e-6
27998	3.066931244824903e-6
27999	3.067525118011606e-6
28000	3.068898155879924e-6
28001	3.071277439656926e-6
28002	3.071931183260721e-6
28003	3.072217434422995e-6
28004	3.077423888117341e-6
28005	3.077728501951861e-6
28006	3.078893712656928e-6
28007	3.081779244137269e-6
28008	3.083987853198364e-6
28009	3.085039307166082e-6
28010	3.086781800622917e-6
28011	3.089440201684772e-6
28012	3.092266243110779e-6
28013	3.093186020128596e-6
28014	3.094470376105006e-6
28015	3.095110866113093e-6
28016	3.096914115902120e-6
28017	3.097225094906995e-6
28018	3.099526629209430e-6
28019	3.100987770647124e-6
28020	3.104617268497119e-6
28021	3.107172894203352e-6
28022	3.108665683384813e-6
28023	3.109707228276027e-6
28024	3.110195014852626e-6
28025	3.112440101590548e-6
28026	3.116257125618003e-6
28027	3.117514329275243e-6
28028	3.117738212768083e-6
28029	3.119993704303646e-6
28030	3.122556563998173e-6
28031	3.125212764234938e-6
28032	3.125825787017327e-6
28033	3.128833816713964e-6
28034	3.128943305892697e-6
28035	3.131566594636391e-6
28036	3.133756562648370e-6
28037	3.133959695625765e-6
28038	3.137107000249665e-6
28039	3.138266818777381e-6
28040	3.139511016629043e-6
28041	3.141354442768503e-6
28042	3.142623408270966e-6
28043	3.143463871960715e-6
28044	3.145484313140242e-6
28045	3.147476110437143e-6
28046	3.148115442754344e-6
28047	3.152248389178697e-6
28048	3.153262620539858e-6
28049	3.154803989308759e-6
28050	3.155705043264284e-6
28051	3.156833022342413e-6
28052	3.159634477079427e-6
28053	3.163309351457982e-6
28054	3.165496787883147e-6
28055	3.167705616859691e-6
28056	3.170025885012955e-6
28057	3.170449742869025e-6
28058	3.171959529503774e-6
28059	3.174306018633670e-6
28060	3.176432902602533e-6
28061	3.178573250415918e-6
28062	3.179459032354218e-6
28063	3.181212613318689e-6
28064	3.183499319119005e-6
28065	3.184850198052000e-6
28066	3.185319244712699e-6
28067	3.188621068564712e-6
28068	3.190408957960580e-6
28069	3.190796089629166e-6
28070	3.193877028896859e-6
28071	3.195622092851544e-6
28072	3.196952615339491e-6
28073	3.200427089158160e-6
28074	3.200966895151316e-6
28075	3.202041429574293e-6
28076	3.204563624708064e-6
28077	3.206362359325313e-6
28078	3.207345220034957e-6
28079	3.208764307240571e-6
28080	3.210383883172549e-6
28081	3.212657329907851e-6
28082	3.214107104175738e-6
28083	3.218835065083140e-6
28084	3.220514297198049e-6
28085	3.222974186473901e-6
28086	3.226635371905957e-6
28087	3.227715531215887e-6
28088	3.229626233994594e-6
28089	3.230608626580627e-6
28090	3.234758202872764e-6
28091	3.235696427566122e-6
28092	3.237862421021199e-6
28093	3.239553983904706e-6
28094	3.240913680625336e-6
28095	3.242984032363651e-6
28096	3.243609392954137e-6
28097	3.244313289030918e-6
28098	3.247445827287649e-6
28099	3.249051402310872e-6
28100	3.251911233973134e-6
28101	3.252890676208772e-6
28102	3.254190152994756e-6
28103	3.255654640463113e-6
28104	3.258104010410321e-6
28105	3.260147062349303e-6
28106	3.263121894882939e-6
28107	3.263863844421451e-6
28108	3.265881749105392e-6
28109	3.268895664229823e-6
28110	3.270496357056467e-6
28111	3.272689269064659e-6
28112	3.274180610571441e-6
28113	3.276652289722271e-6
28114	3.279288469294635e-6
28115	3.280176486633089e-6
28116	3.281815901221173e-6
28117	3.283706443866909e-6
28118	3.286443899850022e-6
28119	3.288837942491210e-6
28120	3.290183182674965e-6
28121	3.291395934247397e-6
28122	3.295165971713129e-6
28123	3.297046630226751e-6
28124	3.298626166593367e-6
28125	3.300204718662623e-6
28126	3.301842639630509e-6
28127	3.307432096345452e-6
28128	3.308542613171196e-6
28129	3.312039055039401e-6
28130	3.313291134950931e-6
28131	3.316610321164043e-6
28132	3.317744116092779e-6
28133	3.318296067035100e-6
28134	3.320036173894850e-6
28135	3.321691698110218e-6
28136	3.326120200255582e-6
28137	3.328320830171410e-6
28138	3.331072676286389e-6
28139	3.333489685896906e-6
28140	3.334671323674751e-6
28141	3.337658394595498e-6
28142	3.339461733936703e-6
28143	3.342687070176950e-6
28144	3.344429876377281e-6
28145	3.345026644412676e-6
28146	3.347584190360989e-6
28147	3.350049815163401e-6
28148	3.352014327015767e-6
28149	3.354233962460987e-6
28150	3.356394340739328e-6
28151	3.357041527323060e-6
28152	3.359325255300101e-6
28153	3.362431738658848e-6
28154	3.364959629869457e-6
28155	3.366248756724366e-6
28156	3.368536044501274e-6
28157	3.372110585600054e-6
28158	3.372913294547353e-6
28159	3.376648897160127e-6
28160	3.377394309319097e-6
28161	3.378922868408297e-6
28162	3.382438911425972e-6
28163	3.383301851583840e-6
28164	3.386580890035271e-6
28165	3.390895939766711e-6
28166	3.392786389934152e-6
28167	3.394656723493641e-6
28168	3.397556343068605e-6
28169	3.401182987778546e-6
28170	3.402904575619332e-6
28171	3.404079229011276e-6
28172	3.405483143816445e-6
28173	3.408635194649961e-6
28174	3.410411328730581e-6
28175	3.412210501340068e-6
28176	3.414584760723154e-6
28177	3.418766004723874e-6
28178	3.420350003589403e-6
28179	3.424085809469007e-6
28180	3.426294388224227e-6
28181	3.427139497028837e-6
28182	3.429016347824562e-6
28183	3.432644227266297e-6
28184	3.434554792127183e-6
28185	3.435755475608391e-6
28186	3.437765451708664e-6
28187	3.439569577896282e-6
28188	3.440612572261313e-6
28189	3.446981798951729e-6
28190	3.449706579021510e-6
28191	3.450928826618629e-6
28192	3.454075289785954e-6
28193	3.456132299025043e-6
28194	3.459036453710189e-6
28195	3.460442310699992e-6
28196	3.463254482580644e-6
28197	3.466143143878560e-6
28198	3.468718510155049e-6
28199	3.470152423890059e-6
28200	3.471505368873271e-6
28201	3.474713163989320e-6
28202	3.476673846584129e-6
28203	3.479517345499514e-6
28204	3.479833890623806e-6
28205	3.482997354094866e-6
28206	3.487925729640519e-6
28207	3.489903795059487e-6
28208	3.492170658960212e-6
28209	3.495097255877115e-6
28210	3.497453972594012e-6
28211	3.498150793629776e-6
28212	3.500782277125738e-6
28213	3.506031431150322e-6
28214	3.506975272109013e-6
28215	3.509917101504331e-6
28216	3.513197599918306e-6
28217	3.514750911728368e-6
28218	3.518438089302863e-6
28219	3.520458778815298e-6
28220	3.522872259034281e-6
28221	3.526347947612368e-6
28222	3.528233030783099e-6
28223	3.530600419667315e-6
28224	3.533191504551687e-6
28225	3.535703193353479e-6
28226	3.537166074370667e-6
28227	3.541408087309088e-6
28228	3.541971362628994e-6
28229	3.547336543784294e-6
28230	3.548297843550429e-6
28231	3.551468795261451e-6
28232	3.557980023349697e-6
28233	3.560146181798831e-6
28234	3.562109507269665e-6
28235	3.563593113533064e-6
28236	3.568047358040791e-6
28237	3.568261403289844e-6
28238	3.571267914816059e-6
28239	3.573593787336042e-6
28240	3.578622504615801e-6
28241	3.581665378578088e-6
28242	3.583536766070292e-6
28243	3.587447226564343e-6
28244	3.587932856621112e-6
28245	3.589342225049651e-6
28246	3.592772474729067e-6
28247	3.596400208224599e-6
28248	3.600584504713008e-6
28249	3.604588516599767e-6
28250	3.606022879434036e-6
28251	3.607856557222525e-6
28252	3.611601590357604e-6
28253	3.612506946598643e-6
28254	3.614326502266877e-6
28255	3.616731214657835e-6
28256	3.618288385595968e-6
28257	3.621930898768276e-6
28258	3.624476430346083e-6
28259	3.625969583014712e-6
28260	3.630999739565890e-6
28261	3.632171612011524e-6
28262	3.634245567665869e-6
28263	3.638969521330818e-6
28264	3.639832269959116e-6
28265	3.642972881863084e-6
28266	3.647363015338028e-6
28267	3.649196684100815e-6
28268	3.652087257407451e-6
28269	3.653904125831452e-6
28270	3.655218148451676e-6
28271	3.659960526281496e-6
28272	3.663148367608608e-6
28273	3.667856488070454e-6
28274	3.669580467780586e-6
28275	3.672733708775419e-6
28276	3.673588323629074e-6
28277	3.679570342806464e-6
28278	3.681316766522404e-6
28279	3.683470215186356e-6
28280	3.687659110976102e-6
28281	3.691954034980807e-6
28282	3.692506412600108e-6
28283	3.697475072419162e-6
28284	3.699783895174295e-6
28285	3.701780294615059e-6
28286	3.705036052546150e-6
28287	3.706745879977419e-6
28288	3.712038686699804e-6
28289	3.714324523984224e-6
28290	3.718241557718057e-6
28291	3.718838504704555e-6
28292	3.720721001260265e-6
28293	3.724990144948983e-6
28294	3.729904709385088e-6
28295	3.731649441079960e-6
28296	3.735693088975831e-6
28297	3.737785764319692e-6
28298	3.742002014391850e-6
28299	3.744503935091538e-6
28300	3.749531152921754e-6
28301	3.750124930223425e-6
28302	3.754298343897234e-6
28303	3.755583458745140e-6
28304	3.755959547346898e-6
28305	3.760412036926399e-6
28306	3.764455229672304e-6
28307	3.766380028255891e-6
28308	3.770108881962874e-6
28309	3.773122582989356e-6
28310	3.775431956743011e-6
28311	3.780536859369597e-6
28312	3.781977393968731e-6
28313	3.785748238286327e-6
28314	3.789552639690153e-6
28315	3.792082833229665e-6
28316	3.793307691594907e-6
28317	3.797980398706365e-6
28318	3.802518758790319e-6
28319	3.806458663189388e-6
28320	3.807554364284541e-6
28321	3.810901072716062e-6
28322	3.812662386320356e-6
28323	3.813401943911350e-6
28324	3.815973680148981e-6
28325	3.821971416948117e-6
28326	3.824857624700533e-6
28327	3.825917493738394e-6
28328	3.830043220858596e-6
28329	3.833656738836748e-6
28330	3.837685108998888e-6
28331	3.838894217051146e-6
28332	3.843144750990610e-6
28333	3.847033552021545e-6
28334	3.849873765087786e-6
28335	3.854812804185753e-6
28336	3.857504958853308e-6
28337	3.859437350353460e-6
28338	3.861184878538837e-6
28339	3.862476045123666e-6
28340	3.865908683070433e-6
28341	3.872128201777212e-6
28342	3.876129995308500e-6
28343	3.879321468950684e-6
28344	3.882174780247516e-6
28345	3.883530709764114e-6
28346	3.887324661394928e-6
28347	3.892453392250494e-6
28348	3.899380499937482e-6
28349	3.901591546179395e-6
28350	3.907591258336089e-6
28351	3.908396127354498e-6
28352	3.909175154561223e-6
28353	3.913566923146043e-6
28354	3.917636493031785e-6
28355	3.919295675060428e-6
28356	3.923754075272049e-6
28357	3.928378195405872e-6
28358	3.931302394197689e-6
28359	3.934302736573311e-6
28360	3.935378891918170e-6
28361	3.941892633333496e-6
28362	3.946941501072808e-6
28363	3.947977246588893e-6
28364	3.951303737437592e-6
28365	3.954803803588476e-6
28366	3.956822040417175e-6
28367	3.960117373437217e-6
28368	3.964818928530663e-6
28369	3.970475007634415e-6
28370	3.971755665795853e-6
28371	3.972497112543364e-6
28372	3.979182747272473e-6
28373	3.984656494556996e-6
28374	3.985181019035464e-6
28375	3.990780200507443e-6
28376	3.993330202103769e-6
28377	3.997595798205054e-6
28378	4.001909779483023e-6
28379	4.003872540128693e-6
28380	4.006742047139482e-6
28381	4.010084638594820e-6
28382	4.012571574226046e-6
28383	4.018624310910700e-6
28384	4.020104165672765e-6
28385	4.024231428154978e-6
28386	4.027652887605899e-6
28387	4.029229553935878e-6
28388	4.032963040616252e-6
28389	4.038946901306757e-6
28390	4.041317275629083e-6
28391	4.044623146613491e-6
28392	4.049976047100777e-6
28393	4.051750302505968e-6
28394	4.054926523741459e-6
28395	4.056442239819814e-6
28396	4.061596913710987e-6
28397	4.062567606109472e-6
28398	4.068888445795305e-6
28399	4.072493962299150e-6
28400	4.076804587038792e-6
28401	4.078918563407940e-6
28402	4.085725543423326e-6
28403	4.088372456233637e-6
28404	4.090279167807561e-6
28405	4.093122405080342e-6
28406	4.097566243816001e-6
28407	4.103563079381297e-6
28408	4.109538260936755e-6
28409	4.111352043428959e-6
28410	4.119557859079287e-6
28411	4.120424597973978e-6
28412	4.125190873269138e-6
28413	4.128243424104155e-6
28414	4.131701308892136e-6
28415	4.134248562602405e-6
28416	4.138607070295510e-6
28417	4.141094654555090e-6
28418	4.144001992642002e-6
28419	4.148934139141872e-6
28420	4.156133407167709e-6
28421	4.160798254474714e-6
28422	4.164766742488904e-6
28423	4.167936207708990e-6
28424	4.170722235182690e-6
28425	4.173525822791548e-6
28426	4.174936768502494e-6
28427	4.180144679059920e-6
28428	4.184362987914902e-6
28429	4.190053399617780e-6
28430	4.196225517520997e-6
28431	4.197047139656068e-6
28432	4.199247147830257e-6
28433	4.204169969113788e-6
28434	4.209029674033131e-6
28435	4.212078366535157e-6
28436	4.217855768562556e-6
28437	4.222504002189304e-6
28438	4.229245903912953e-6
28439	4.234799908926363e-6
28440	4.236167331880406e-6
28441	4.239427629339076e-6
28442	4.241895781595308e-6
28443	4.247284346157595e-6
28444	4.251420650066707e-6
28445	4.256387791295139e-6
28446	4.257963877354714e-6
28447	4.268795937606574e-6
28448	4.270216140682348e-6
28449	4.275039805487169e-6
28450	4.278754385431449e-6
28451	4.280369521288930e-6
28452	4.285379353557938e-6
28453	4.290070081640517e-6
28454	4.291562877591421e-6
28455	4.296216966755676e-6
28456	4.306232568269757e-6
28457	4.311235525909294e-6
28458	4.313375199001149e-6
28459	4.318079855719020e-6
28460	4.320568573105972e-6
28461	4.329141697117886e-6
28462	4.330168221128994e-6
28463	4.331888599865097e-6
28464	4.340240363541712e-6
28465	4.344705319077482e-6
28466	4.353818645270902e-6
28467	4.359075042293658e-6
28468	4.359716192304625e-6
28469	4.362978801608930e-6
28470	4.370268350526113e-6
28471	4.373294471144819e-6
28472	4.380602460204496e-6
28473	4.384863632682265e-6
28474	4.386803151133327e-6
28475	4.397577503684748e-6
28476	4.402391967275183e-6
28477	4.404195019081051e-6
28478	4.408841028698120e-6
28479	4.413522101783583e-6
28480	4.416003499276295e-6
28481	4.421679727096512e-6
28482	4.427850923752216e-6
28483	4.432793058554284e-6
28484	4.437504536352602e-6
28485	4.441089959385643e-6
28486	4.445477010005785e-6
28487	4.456142638415899e-6
28488	4.460017137847984e-6
28489	4.461451521136378e-6
28490	4.466311413737238e-6
28491	4.470084632523427e-6
28492	4.477667040536546e-6
28493	4.482006526785015e-6
28494	4.489495575755773e-6
28495	4.492814772292314e-6
28496	4.498134197919124e-6
28497	4.499088691390677e-6
28498	4.506343926903356e-6
28499	4.510877753362281e-6
28500	4.517057246431537e-6
28501	4.518670008173758e-6
28502	4.524387306903098e-6
28503	4.528448948095748e-6
28504	4.529850221801097e-6
28505	4.539023029114472e-6
28506	4.548033352062255e-6
28507	4.554743376089764e-6
28508	4.559609987792460e-6
28509	4.567444688401689e-6
28510	4.571694819260234e-6
28511	4.574827301055464e-6
28512	4.582536080403684e-6
28513	4.589095922930284e-6
28514	4.594582060459861e-6
28515	4.597496068520839e-6
28516	4.602845918238094e-6
28517	4.606070197440822e-6
28518	4.607387254047999e-6
28519	4.619403409687926e-6
28520	4.620866194796026e-6
28521	4.626153727769606e-6
28522	4.632247062465498e-6
28523	4.636397516541099e-6
28524	4.643329986085803e-6
28525	4.650256667137116e-6
28526	4.651969358599431e-6
28527	4.657850624720846e-6
28528	4.663297912489723e-6
28529	4.670382009832522e-6
28530	4.672355155620112e-6
28531	4.679529252232983e-6
28532	4.681499666240257e-6
28533	4.694254111761706e-6
28534	4.696038547524723e-6
28535	4.702292501820465e-6
28536	4.705042403101829e-6
28537	4.707585322717930e-6
28538	4.712132380616755e-6
28539	4.723551084524200e-6
28540	4.728892996299020e-6
28541	4.734956093076342e-6
28542	4.744544968666757e-6
28543	4.748015388563179e-6
28544	4.749425902806243e-6
28545	4.755770676588799e-6
28546	4.758609729508607e-6
28547	4.766601625672070e-6
28548	4.774784909648052e-6
28549	4.779500102332279e-6
28550	4.784781633034321e-6
28551	4.790335602887169e-6
28552	4.794330040791186e-6
28553	4.797442016347273e-6
28554	4.803883400289033e-6
28555	4.806373744591541e-6
28556	4.818053483634113e-6
28557	4.824757035729762e-6
28558	4.836754156715566e-6
28559	4.838901595966233e-6
28560	4.848798197514247e-6
28561	4.855192050413690e-6
28562	4.858243137735927e-6
28563	4.862417553409139e-6
28564	4.874225250223219e-6
28565	4.879660405653472e-6
28566	4.883731054479469e-6
28567	4.886589056453231e-6
28568	4.891948957375511e-6
28569	4.900091493509419e-6
28570	4.901088539997984e-6
28571	4.910668177569251e-6
28572	4.919543056844629e-6
28573	4.920901760349859e-6
28574	4.927665860049902e-6
28575	4.935153171112310e-6
28576	4.940399718390347e-6
28577	4.944449406976407e-6
28578	4.953159805146504e-6
28579	4.960070848017309e-6
28580	4.967712009885290e-6
28581	4.970775800868028e-6
28582	4.974626123118915e-6
28583	4.990502628371980e-6
28584	4.994582936755965e-6
28585	5.001424162916544e-6
28586	5.007475787232712e-6
28587	5.013034522019294e-6
28588	5.018874533701743e-6
28589	5.028298454400264e-6
28590	5.030926317193135e-6
28591	5.035719752500800e-6
28592	5.042957490927178e-6
28593	5.047096053967439e-6
28594	5.059315262340277e-6
28595	5.062495186390304e-6
28596	5.070596626674350e-6
28597	5.077447810250332e-6
28598	5.086686094281222e-6
28599	5.091525209050421e-6
28600	5.101509086209555e-6
28601	5.103030235803045e-6
28602	5.110282640071176e-6
28603	5.113807376379647e-6
28604	5.123885429647894e-6
28605	5.137813390025465e-6
28606	5.141558616359921e-6
28607	5.145290512328036e-6
28608	5.147683381878817e-6
28609	5.156421473312097e-6
28610	5.161253202556568e-6
28611	5.165905020436512e-6
28612	5.178455998704384e-6
28613	5.186836426842706e-6
28614	5.189695157842564e-6
28615	5.196122729247555e-6
28616	5.201897724779638e-6
28617	5.210456817211228e-6
28618	5.216557284312268e-6
28619	5.221583609346386e-6
28620	5.229991283979026e-6
28621	5.236845282831878e-6
28622	5.251424744175433e-6
28623	5.266321580485312e-6
28624	5.271218342192234e-6
28625	5.272488292492228e-6
28626	5.275254439341136e-6
28627	5.282579594267544e-6
28628	5.291470881470827e-6
28629	5.299966404439039e-6
28630	5.306296103531601e-6
28631	5.314067095467524e-6
28632	5.323240147305057e-6
28633	5.333691469656665e-6
28634	5.345081459297530e-6
28635	5.348207063747806e-6
28636	5.356052170667109e-6
28637	5.359741415926537e-6
28638	5.362077087462133e-6
28639	5.368931176310151e-6
28640	5.376668165870098e-6
28641	5.380193109892817e-6
28642	5.401546786135301e-6
28643	5.406825741846481e-6
28644	5.410127241360443e-6
28645	5.424580612911717e-6
28646	5.428365888134755e-6
28647	5.433085328644467e-6
28648	5.438877473975950e-6
28649	5.447238114362802e-6
28650	5.450142520309815e-6
28651	5.457841881945325e-6
28652	5.466219314748021e-6
28653	5.476602293762522e-6
28654	5.480206954386572e-6
28655	5.491006362764367e-6
28656	5.498834610082156e-6
28657	5.502393945603587e-6
28658	5.506987719394639e-6
28659	5.511495855549687e-6
28660	5.516632316874627e-6
28661	5.528857972299651e-6
28662	5.539463939209412e-6
28663	5.550061030174066e-6
28664	5.554936568218397e-6
28665	5.567631924390406e-6
28666	5.575873771699469e-6
28667	5.579097399537005e-6
28668	5.590522561669146e-6
28669	5.597979277517661e-6
28670	5.604962127141375e-6
28671	5.614484176409731e-6
28672	5.621735665709860e-6
28673	5.637726117951033e-6
28674	5.640806581014185e-6
28675	5.645708554933514e-6
28676	5.650306236296930e-6
28677	5.654547143600596e-6
28678	5.662182353755817e-6
28679	5.672805848817046e-6
28680	5.690691613834709e-6
28681	5.698015058654581e-6
28682	5.703884476590527e-6
28683	5.707576380684635e-6
28684	5.717390067355413e-6
28685	5.723878113951061e-6
28686	5.728185947021308e-6
28687	5.734199303125224e-6
28688	5.739934808808858e-6
28689	5.756879174818569e-6
28690	5.765833454846473e-6
28691	5.777349975241850e-6
28692	5.782698032723846e-6
28693	5.798331440198366e-6
28694	5.805267498639071e-6
28695	5.814813106809948e-6
28696	5.821781393208736e-6
28697	5.828584801086292e-6
28698	5.841873209099591e-6
28699	5.848404967872655e-6
28700	5.850544687518901e-6
28701	5.854086894199373e-6
28702	5.868477243931952e-6
28703	5.880943041676880e-6
28704	5.886459869871202e-6
28705	5.893001800635641e-6
28706	5.912405964684544e-6
28707	5.918519289987545e-6
28708	5.923953940930906e-6
28709	5.933218827160394e-6
28710	5.936077110066911e-6
28711	5.951405998501880e-6
28712	5.958854843277701e-6
28713	5.960807285823637e-6
28714	5.972481034246461e-6
28715	5.978430187024249e-6
28716	5.987889596518460e-6
28717	5.995693008258870e-6
28718	6.021257695312119e-6
28719	6.025896013874949e-6
28720	6.044323658799686e-6
28721	6.048981373827925e-6
28722	6.050121997675381e-6
28723	6.057477086709548e-6
28724	6.065245619603007e-6
28725	6.077486724046766e-6
28726	6.090488066959624e-6
28727	6.096942098757034e-6
28728	6.111262876390449e-6
28729	6.112535727204586e-6
28730	6.125697450421421e-6
28731	6.137098782237036e-6
28732	6.139541956968115e-6
28733	6.150210966250322e-6
28734	6.156518401150081e-6
28735	6.170803053689510e-6
28736	6.179032704903275e-6
28737	6.188219273710883e-6
28738	6.199043801114013e-6
28739	6.206451620998739e-6
28740	6.209320757677239e-6
28741	6.221282024834095e-6
28742	6.235878575967078e-6
28743	6.245445283223816e-6
28744	6.254853033161143e-6
28745	6.261378394335570e-6
28746	6.276782826418370e-6
28747	6.288487231826404e-6
28748	6.288839759243513e-6
28749	6.309811436565282e-6
28750	6.316362001522872e-6
28751	6.325117936548018e-6
28752	6.330599216221774e-6
28753	6.338291833495600e-6
28754	6.353183587479674e-6
28755	6.361442987230600e-6
28756	6.372092289242884e-6
28757	6.382933737331238e-6
28758	6.389278876613992e-6
28759	6.398960791995381e-6
28760	6.406512675897592e-6
28761	6.417839968177799e-6
28762	6.427326676659642e-6
28763	6.434816343010256e-6
28764	6.456449011313602e-6
28765	6.466035679385542e-6
28766	6.471823317606866e-6
28767	6.478475227771886e-6
28768	6.495784270781675e-6
28769	6.505650357996365e-6
28770	6.511957715977403e-6
28771	6.529880266187166e-6
28772	6.532517750785246e-6
28773	6.544413270303030e-6
28774	6.555894395389319e-6
28775	6.566940870061933e-6
28776	6.579454580175414e-6
28777	6.594460812937336e-6
28778	6.607291809330720e-6
28779	6.615436461321278e-6
28780	6.629268961683891e-6
28781	6.641219515837546e-6
28782	6.641783411934345e-6
28783	6.668234815709242e-6
28784	6.679283452323843e-6
28785	6.682930683521794e-6
28786	6.692569349013725e-6
28787	6.702418708608116e-6
28788	6.718410704805266e-6
28789	6.730830445064687e-6
28790	6.742235331359972e-6
28791	6.749458944168137e-6
28792	6.760718571656448e-6
28793	6.764234703484819e-6
28794	6.782900209751367e-6
28795	6.791236085268619e-6
28796	6.801352492054960e-6
28797	6.811997446077464e-6
28798	6.822197255960119e-6
28799	6.841639273852997e-6
28800	6.847999051234595e-6
28801	6.863458842932364e-6
28802	6.873828483666137e-6
28803	6.887505034751820e-6
28804	6.891571816966667e-6
28805	6.900315764241951e-6
28806	6.922219313758627e-6
28807	6.926090072829139e-6
28808	6.943182194813163e-6
28809	6.955059630143226e-6
28810	6.962218786103385e-6
28811	6.974730521442578e-6
28812	7.006805237764527e-6
28813	7.012382584547887e-6
28814	7.015473025224237e-6
28815	7.028613543649313e-6
28816	7.043516141109511e-6
28817	7.054361604848049e-6
28818	7.056839049194720e-6
28819	7.065617318972075e-6
28820	7.078450832278917e-6
28821	7.090284052140828e-6
28822	7.113160333035826e-6
28823	7.127565885986358e-6
28824	7.135560930625810e-6
28825	7.149602923850659e-6
28826	7.165446412463945e-6
28827	7.167985840273687e-6
28828	7.174269794850276e-6
28829	7.185008334731076e-6
28830	7.218007459099197e-6
28831	7.231906593213297e-6
28832	7.251295013690223e-6
28833	7.257864118459687e-6
28834	7.290259789745654e-6
28835	7.297340744817078e-6
28836	7.312035623113091e-6
28837	7.317301884169846e-6
28838	7.339521175660749e-6
28839	7.348470454921913e-6
28840	7.365583873972250e-6
28841	7.371083296775222e-6
28842	7.385753787802321e-6
28843	7.409575674582651e-6
28844	7.424476756758901e-6
28845	7.433760504311369e-6
28846	7.436997962431441e-6
28847	7.457010002987421e-6
28848	7.481874322032348e-6
28849	7.494907028084246e-6
28850	7.512239467658455e-6
28851	7.520737136184541e-6
28852	7.523165973547197e-6
28853	7.544932102403518e-6
28854	7.560849118678817e-6
28855	7.583036889101888e-6
28856	7.594732443555854e-6
28857	7.601982533782542e-6
28858	7.620885672864607e-6
28859	7.630076812536136e-6
28860	7.640165063391610e-6
28861	7.668652582043323e-6
28862	7.694874127961229e-6
28863	7.716892110788503e-6
28864	7.724870199841575e-6
28865	7.732107480211524e-6
28866	7.744115707376071e-6
28867	7.746617515887520e-6
28868	7.772875571715330e-6
28869	7.796229033752301e-6
28870	7.801955091511166e-6
28871	7.813316247839341e-6
28872	7.822058509745955e-6
28873	7.836245030799495e-6
28874	7.864856703347126e-6
28875	7.880105739785928e-6
28876	7.890956117539985e-6
28877	7.898866789484972e-6
28878	7.917683161793632e-6
28879	7.931841919215162e-6
28880	7.963533412151317e-6
28881	7.996639532004322e-6
28882	8.012838571394856e-6
28883	8.029732079947067e-6
28884	8.053460140775689e-6
28885	8.064875554427490e-6
28886	8.079066081218470e-6
28887	8.092601689856779e-6
28888	8.122855057954445e-6
28889	8.127006581094483e-6
28890	8.146922025838494e-6
28891	8.165957610005178e-6
28892	8.176000738525812e-6
28893	8.187382959719510e-6
28894	8.207683508258349e-6
28895	8.235522952601729e-6
28896	8.241913213061441e-6
28897	8.247182232765833e-6
28898	8.274753023758389e-6
28899	8.304051534652507e-6
28900	8.311283529554067e-6
28901	8.345130645876398e-6
28902	8.355887723201986e-6
28903	8.381262066075583e-6
28904	8.403115106904862e-6
28905	8.403542043254017e-6
28906	8.409629450181671e-6
28907	8.446039955448543e-6
28908	8.450348950440333e-6
28909	8.481689733424254e-6
28910	8.494239361529905e-6
28911	8.499630696782942e-6
28912	8.512191693487817e-6
28913	8.546149706281486e-6
28914	8.573499220053990e-6
28915	8.583315597466753e-6
28916	8.601442797070043e-6
28917	8.606746937189627e-6
28918	8.646876406124559e-6
28919	8.659252869608709e-6
28920	8.696264641822726e-6
28921	8.701951933200452e-6
28922	8.734548138514182e-6
28923	8.748691403970426e-6
28924	8.769709482295134e-6
28925	8.785934432300815e-6
28926	8.812714872683635e-6
28927	8.821795270822077e-6
28928	8.845629733598637e-6
28929	8.864872553957542e-6
28930	8.886280045541292e-6
28931	8.902878433359095e-6
28932	8.938235184888555e-6
28933	8.949928745372572e-6
28934	8.967222870545038e-6
28935	8.992790142090045e-6
28936	9.012936759368839e-6
28937	9.046354576934931e-6
28938	9.065104897924415e-6
28939	9.082768647661425e-6
28940	9.103573472425980e-6
28941	9.114408140260022e-6
28942	9.141592476335977e-6
28943	9.155560929973119e-6
28944	9.175046549866691e-6
28945	9.197364195145704e-6
28946	9.204192171183672e-6
28947	9.225373153873443e-6
28948	9.246491132406634e-6
28949	9.261186361871712e-6
28950	9.299867890885085e-6
28951	9.328956289632408e-6
28952	9.347270250746063e-6
28953	9.365096649692119e-6
28954	9.390223055186128e-6
28955	9.415673490981548e-6
28956	9.428829663617456e-6
28957	9.438466008697556e-6
28958	9.447309609576801e-6
28959	9.475981158962199e-6
28960	9.525732022939485e-6
28961	9.541701918059977e-6
28962	9.556237637463553e-6
28963	9.580161261422411e-6
28964	9.615374610700111e-6
28965	9.620737466795529e-6
28966	9.655299491476833e-6
28967	9.667951501197322e-6
28968	9.698057472281712e-6
28969	9.717152613113902e-6
28970	9.727493859133677e-6
28971	9.757261216409153e-6
28972	9.778020208847176e-6
28973	9.794417060671829e-6
28974	9.820856985999147e-6
28975	9.860658415965694e-6
28976	9.870350845000938e-6
28977	9.872776900594353e-6
28978	9.918259036292420e-6
28979	9.942176857199257e-6
28980	9.961338936413454e-6
28981	9.990885730550642e-6
28982	1.000646806210073e-5
28983	1.003050289351033e-5
28984	1.006635192309424e-5
28985	1.008337427796381e-5
28986	1.011665370994234e-5
28987	1.013118504456164e-5
28988	1.013743040462304e-5
28989	1.016242332594097e-5
28990	1.017352772685582e-5
28991	1.019908723644856e-5
28992	1.021728567504998e-5
28993	1.024828572403665e-5
28994	1.025893162445143e-5
28995	1.028281138499054e-5
28996	1.031514118934261e-5
28997	1.033832247997832e-5
28998	1.035195105149043e-5
28999	1.039291836634042e-5
29000	1.040151872747650e-5
29001	1.042907021461078e-5
29002	1.047106047028604e-5
29003	1.047968158933595e-5
29004	1.052491344913617e-5
29005	1.055196554249217e-5
29006	1.055928858890651e-5
29007	1.060049824876248e-5
29008	1.061601781993729e-5
29009	1.066721847657586e-5
29010	1.068916810605000e-5
29011	1.070883037307206e-5
29012	1.073287549835694e-5
29013	1.075276405798569e-5
29014	1.076466307979248e-5
29015	1.078063528597124e-5
29016	1.081173335058361e-5
29017	1.082210720941517e-5
29018	1.084837412341047e-5
29019	1.086476370819909e-5
29020	1.088761449274943e-5
29021	1.089584113677019e-5
29022	1.094313216190096e-5
29023	1.098043885525422e-5
29024	1.101270209899120e-5
29025	1.103474056469835e-5
29026	1.104251049458464e-5
29027	1.108344399724154e-5
29028	1.110918952104551e-5
29029	1.113973773208736e-5
29030	1.117104606061515e-5
29031	1.120417317550410e-5
29032	1.121803629049508e-5
29033	1.125042794242213e-5
29034	1.126219822215766e-5
29035	1.132005547810867e-5
29036	1.137613317149464e-5
29037	1.138784448627916e-5
29038	1.140188998063410e-5
29039	1.142858725411811e-5
29040	1.146379433147434e-5
29041	1.148871388923083e-5
29042	1.150042410487201e-5
29043	1.155360565138192e-5
29044	1.156485920120721e-5
29045	1.159171209616337e-5
29046	1.159843052034094e-5
29047	1.164725241366530e-5
29048	1.168185751431363e-5
29049	1.171445306908803e-5
29050	1.172769182966582e-5
29051	1.180152599954229e-5
29052	1.182533973177972e-5
29053	1.185252865188924e-5
29054	1.191416345736968e-5
29055	1.194144928166972e-5
29056	1.195742447993425e-5
29057	1.200441565649537e-5
29058	1.201240108581303e-5
29059	1.204483600490353e-5
29060	1.207007519119564e-5
29061	1.210909096635167e-5
29062	1.214031004383435e-5
29063	1.218050537582123e-5
29064	1.220776536046149e-5
29065	1.221585612290983e-5
29066	1.224928226753770e-5
29067	1.226073027448140e-5
29068	1.233240524685321e-5
29069	1.234241739512477e-5
29070	1.236444545334782e-5
29071	1.240532345868639e-5
29072	1.245498873725775e-5
29073	1.250061529698696e-5
29074	1.252825702240028e-5
29075	1.255481025092711e-5
29076	1.260149212367240e-5
29077	1.262080268100449e-5
29078	1.264432037525625e-5
29079	1.268272321539701e-5
29080	1.268886639387929e-5
29081	1.273996822261952e-5
29082	1.280303054912332e-5
29083	1.281056240637251e-5
29084	1.283243639943717e-5
29085	1.284466691648344e-5
29086	1.287799171596747e-5
29087	1.297434094061481e-5
29088	1.300847384884769e-5
29089	1.302619505829364e-5
29090	1.305350658006872e-5
29091	1.309727464089797e-5
29092	1.313574259989979e-5
29093	1.314556376724059e-5
29094	1.318299882175857e-5
29095	1.321979999295678e-5
29096	1.326541670689911e-5
29097	1.330062151421414e-5
29098	1.332316244315107e-5
29099	1.336614625697090e-5
29100	1.344100669613067e-5
29101	1.344826491828717e-5
29102	1.354220328530627e-5
29103	1.355826763968386e-5
29104	1.357338411243619e-5
29105	1.360401317865658e-5
29106	1.364386904440953e-5
29107	1.367587909859312e-5
29108	1.372018697455753e-5
29109	1.374334743276481e-5
29110	1.380121653478706e-5
29111	1.382033299652002e-5
29112	1.385530182526254e-5
29113	1.389258555833359e-5
29114	1.390320111581363e-5
29115	1.397238594023078e-5
29116	1.400171772770128e-5
29117	1.405095755000730e-5
29118	1.409248202328084e-5
29119	1.411618998745801e-5
29120	1.415892397849065e-5
29121	1.420155937870981e-5
29122	1.423373714960843e-5
29123	1.426784507761630e-5
29124	1.428442451197486e-5
29125	1.431644242445135e-5
29126	1.437323897213760e-5
29127	1.439325405159166e-5
29128	1.441422582902960e-5
29129	1.444989749402812e-5
29130	1.450710101337952e-5
29131	1.452765307033012e-5
29132	1.458031587257340e-5
29133	1.465141862548557e-5
29134	1.469486143105756e-5
29135	1.471066551654014e-5
29136	1.474079754353954e-5
29137	1.477833913761457e-5
29138	1.479321138855054e-5
29139	1.483576900175392e-5
29140	1.487362412947582e-5
29141	1.492077610299305e-5
29142	1.496291092203996e-5
29143	1.499353476716266e-5
29144	1.503545796416786e-5
29145	1.505082265676742e-5
29146	1.511347293665843e-5
29147	1.514731979320508e-5
29148	1.517848455150856e-5
29149	1.520831762718097e-5
29150	1.530250452671308e-5
29151	1.531445811314546e-5
29152	1.535915831470926e-5
29153	1.540114373999627e-5
29154	1.541613104626953e-5
29155	1.549338025847247e-5
29156	1.552913585228165e-5
29157	1.557494049592641e-5
29158	1.563822807641938e-5
29159	1.567723074904137e-5
29160	1.572644764828349e-5
29161	1.575914603477513e-5
29162	1.579983601081137e-5
29163	1.584142751474601e-5
29164	1.587570067486217e-5
29165	1.588773285964827e-5
29166	1.593444589940228e-5
29167	1.597756640015368e-5
29168	1.602932208879720e-5
29169	1.608536394906507e-5
29170	1.613785706230846e-5
29171	1.616690074365434e-5
29172	1.619401647997640e-5
29173	1.623781128337651e-5
29174	1.634278325387235e-5
29175	1.638502280705494e-5
29176	1.645111038549275e-5
29177	1.653799130175071e-5
29178	1.655967083750767e-5
29179	1.659222461962705e-5
29180	1.659621834909028e-5
29181	1.665814436377477e-5
29182	1.672220583370898e-5
29183	1.674842047091264e-5
29184	1.677334418494408e-5
29185	1.681528636070926e-5
29186	1.689742684121766e-5
29187	1.692311299571244e-5
29188	1.697581636622970e-5
29189	1.703914606242484e-5
29190	1.706958482862463e-5
29191	1.713252722078771e-5
29192	1.716884033388340e-5
29193	1.721757620495708e-5
29194	1.723204797640769e-5
29195	1.731959514004365e-5
29196	1.734920662051642e-5
29197	1.740808081070289e-5
29198	1.744381292853991e-5
29199	1.750819447110457e-5
29200	1.751009982267942e-5
29201	1.756053452930545e-5
29202	1.763932089402246e-5
29203	1.772799183020948e-5
29204	1.774441401103492e-5
29205	1.782781033910327e-5
29206	1.791482753917103e-5
29207	1.793185549565493e-5
29208	1.794367444729189e-5
29209	1.801296400414258e-5
29210	1.809135481237190e-5
29211	1.814367493451872e-5
29212	1.814852719665116e-5
29213	1.821083004366283e-5
29214	1.827735432724031e-5
29215	1.833462095457346e-5
29216	1.837446692761996e-5
29217	1.845769495585503e-5
29218	1.850440186215831e-5
29219	1.858023818814025e-5
29220	1.860164562975063e-5
29221	1.865757950813314e-5
29222	1.871167103873069e-5
29223	1.872857308795130e-5
29224	1.881176370705569e-5
29225	1.884188010197531e-5
29226	1.888399360911073e-5
29227	1.893505076453328e-5
29228	1.901616109361922e-5
29229	1.902624212075047e-5
29230	1.910769987307259e-5
29231	1.919272007181468e-5
29232	1.928389460621707e-5
29233	1.930228202098951e-5
29234	1.941206389101379e-5
29235	1.943482014811994e-5
29236	1.950393803106673e-5
29237	1.957455461660134e-5
29238	1.964883335959769e-5
29239	1.967896533219689e-5
29240	1.977528578234159e-5
29241	1.978773197430820e-5
29242	1.985326861531060e-5
29243	1.998869372846278e-5
29244	2.006240296388592e-5
29245	2.011059866757898e-5
29246	2.020401157564820e-5
29247	2.022799879286111e-5
29248	2.026492535842165e-5
29249	2.034006832989438e-5
29250	2.039645385242258e-5
29251	2.044560300129472e-5
29252	2.049350663885576e-5
29253	2.059149516980859e-5
29254	2.067518094962547e-5
29255	2.071651259683945e-5
29256	2.078564754376219e-5
29257	2.080046584378092e-5
29258	2.083954631116605e-5
29259	2.091600152669481e-5
29260	2.099566580377210e-5
29261	2.106441250141104e-5
29262	2.111800584971689e-5
29263	2.121487575969835e-5
29264	2.129787554159024e-5
29265	2.132455859305429e-5
29266	2.135191025200696e-5
29267	2.140962754120618e-5
29268	2.147390896759065e-5
29269	2.155997396676282e-5
29270	2.163795073553327e-5
29271	2.177258652072937e-5
29272	2.181444634651902e-5
29273	2.192578810481329e-5
29274	2.199657586668859e-5
29275	2.201434674347075e-5
29276	2.205547185412538e-5
29277	2.211840627773130e-5
29278	2.221655568208214e-5
29279	2.225882693114617e-5
29280	2.232496530074104e-5
29281	2.234173486614125e-5
29282	2.247175094567739e-5
29283	2.252660025969651e-5
29284	2.259893743851742e-5
29285	2.266210321389805e-5
29286	2.275453816406312e-5
29287	2.281113247629613e-5
29288	2.293353797329881e-5
29289	2.296981683948843e-5
29290	2.309415708385628e-5
29291	2.312976608805763e-5
29292	2.323276189533247e-5
29293	2.330229078047546e-5
29294	2.338398518671659e-5
29295	2.346020156288431e-5
29296	2.348885863367389e-5
29297	2.360300486570330e-5
29298	2.365030936443541e-5
29299	2.373034526784140e-5
29300	2.383206180227634e-5
29301	2.393192700413784e-5
29302	2.407486141810853e-5
29303	2.409861463728499e-5
29304	2.414841744915347e-5
29305	2.421743578273150e-5
29306	2.427489114672696e-5
29307	2.436381136531181e-5
29308	2.450612603796166e-5
29309	2.463371763742564e-5
29310	2.468564580915464e-5
29311	2.475368296239130e-5
29312	2.486245559993027e-5
29313	2.493085857919927e-5
29314	2.501960316272363e-5
29315	2.513841339666222e-5
29316	2.530141524961364e-5
29317	2.538010340394360e-5
29318	2.542819518120752e-5
29319	2.548772894060794e-5
29320	2.555736831429841e-5
29321	2.561222544868779e-5
29322	2.568825424811836e-5
29323	2.573897111566119e-5
29324	2.582771751056372e-5
29325	2.592285176743586e-5
29326	2.598352265186741e-5
29327	2.610137688008376e-5
29328	2.625329858316461e-5
29329	2.636346121041916e-5
29330	2.640777612138367e-5
29331	2.652965129650301e-5
29332	2.662609237803682e-5
29333	2.673817163381138e-5
29334	2.679925381637199e-5
29335	2.684703329706777e-5
29336	2.693166478420834e-5
29337	2.703770022494534e-5
29338	2.715898332376260e-5
29339	2.736475370511609e-5
29340	2.744852132152952e-5
29341	2.748563180702894e-5
29342	2.770909658658535e-5
29343	2.773827608086327e-5
29344	2.778261590050958e-5
29345	2.798780047218836e-5
29346	2.813094803392068e-5
29347	2.816993336697125e-5
29348	2.820805201465148e-5
29349	2.830117661691033e-5
29350	2.833947572479807e-5
29351	2.850172026337353e-5
29352	2.863048939752089e-5
29353	2.867328018907226e-5
29354	2.881733149130005e-5
29355	2.902157185198825e-5
29356	2.916056842623355e-5
29357	2.918261229984925e-5
29358	2.923723087592574e-5
29359	2.937028161554199e-5
29360	2.946703634873454e-5
29361	2.957042283803982e-5
29362	2.962725006528732e-5
29363	2.972473624179112e-5
29364	2.979736395403547e-5
29365	2.994936090109285e-5
29366	3.007347737295055e-5
29367	3.009679574847289e-5
29368	3.022686533665125e-5
29369	3.042153976307048e-5
29370	3.056141145576759e-5
29371	3.074460564916052e-5
29372	3.080866797743272e-5
29373	3.092780617788940e-5
29374	3.106550011135712e-5
29375	3.113575989517467e-5
29376	3.125166153699312e-5
29377	3.126742580923502e-5
29378	3.136523779142447e-5
29379	3.148121579190009e-5
29380	3.153477919184077e-5
29381	3.161786240322414e-5
29382	3.170439381549178e-5
29383	3.188768683062643e-5
29384	3.200870344563252e-5
29385	3.221336594323956e-5
29386	3.224185481930804e-5
29387	3.236718418150103e-5
29388	3.245325268795916e-5
29389	3.251806523168923e-5
29390	3.276427904101578e-5
29391	3.295208285338423e-5
29392	3.296666157509536e-5
29393	3.304547437326855e-5
29394	3.318015621132300e-5
29395	3.338712099903985e-5
29396	3.342896628224783e-5
29397	3.360338527634446e-5
29398	3.370867644268782e-5
29399	3.398777594944485e-5
29400	3.417886936204452e-5
29401	3.426921586483423e-5
29402	3.432349187440293e-5
29403	3.446569702747552e-5
29404	3.467038410688133e-5
29405	3.489935470997234e-5
29406	3.500146372369411e-5
29407	3.504020456233047e-5
29408	3.516141516788684e-5
29409	3.524228402278550e-5
29410	3.539688677860025e-5
29411	3.557742031018271e-5
29412	3.569274872899302e-5
29413	3.576405155989824e-5
29414	3.600049298799751e-5
29415	3.608421598581899e-5
29416	3.632514829096041e-5
29417	3.643441621013543e-5
29418	3.656631912194490e-5
29419	3.671247257876778e-5
29420	3.679706046055064e-5
29421	3.705941441887890e-5
29422	3.711013622024358e-5
29423	3.727023432687041e-5
29424	3.731790182481324e-5
29425	3.756858874258656e-5
29426	3.774258692112340e-5
29427	3.788892289019288e-5
29428	3.811131056797959e-5
29429	3.826247276194086e-5
29430	3.839023747390366e-5
29431	3.856420738876562e-5
29432	3.887156780695706e-5
29433	3.888233457053812e-5
29434	3.903821110787758e-5
29435	3.936886648154894e-5
29436	3.961585608243783e-5
29437	3.968152770444020e-5
29438	3.991496828204219e-5
29439	4.003641673332728e-5
29440	4.019098778584744e-5
29441	4.040959321259449e-5
29442	4.044767814572329e-5
29443	4.063034803216005e-5
29444	4.090996949543577e-5
29445	4.104850201884336e-5
29446	4.113656277356355e-5
29447	4.130460717366862e-5
29448	4.152207051692487e-5
29449	4.180923092145239e-5
29450	4.192972300629678e-5
29451	4.212169534495995e-5
29452	4.217346925920474e-5
29453	4.262065210550322e-5
29454	4.265666950818029e-5
29455	4.289661359876620e-5
29456	4.299078197126380e-5
29457	4.321758166584441e-5
29458	4.352914162043989e-5
29459	4.364544249926934e-5
29460	4.374922520984787e-5
29461	4.438426260778190e-5
29462	4.441806153350697e-5
29463	4.474131815566982e-5
29464	4.490480747715356e-5
29465	4.499718753720125e-5
29466	4.507544318672203e-5
29467	4.521932731090378e-5
29468	4.553100349740397e-5
29469	4.579422707282098e-5
29470	4.597165199410417e-5
29471	4.607651299752107e-5
29472	4.645080959533538e-5
29473	4.667583049667587e-5
29474	4.695417634617423e-5
29475	4.717526627026722e-5
29476	4.722601341277295e-5
29477	4.731793794406562e-5
29478	4.760241168707183e-5
29479	4.791985354927768e-5
29480	4.802222857232679e-5
29481	4.828487404613756e-5
29482	4.841540248746645e-5
29483	4.880549925523504e-5
29484	4.910982526862849e-5
29485	4.926621994585856e-5
29486	4.946139217111326e-5
29487	4.951706447764132e-5
29488	4.986298093984975e-5
29489	5.022525343575246e-5
29490	5.035815520216970e-5
29491	5.083661565491674e-5
29492	5.098189946614023e-5
29493	5.125047468409693e-5
29494	5.139660545941670e-5
29495	5.178485207142739e-5
29496	5.198293117877125e-5
29497	5.222991851078461e-5
29498	5.233626825611374e-5
29499	5.261431422320959e-5
29500	5.276629378336722e-5
29501	5.308967756940647e-5
29502	5.353928884468055e-5
29503	5.372799032975574e-5
29504	5.400924808942103e-5
29505	5.430911917692043e-5
29506	5.448740377220716e-5
29507	5.488316274839874e-5
29508	5.498445480873812e-5
29509	5.523367644695203e-5
29510	5.566552167384351e-5
29511	5.577565458522970e-5
29512	5.632478995737031e-5
29513	5.649384283967186e-5
29514	5.674450238627277e-5
29515	5.701797019161402e-5
29516	5.731712626225429e-5
29517	5.781487226590042e-5
29518	5.784730927671631e-5
29519	5.816610363854083e-5
29520	5.852626347365999e-5
29521	5.864049844645671e-5
29522	5.939872623452063e-5
29523	5.946050716150577e-5
29524	5.977879634743518e-5
29525	6.014183684412211e-5
29526	6.036573602430408e-5
29527	6.098900708904855e-5
29528	6.106505547984454e-5
29529	6.173586647444325e-5
29530	6.183142799407093e-5
29531	6.219445939277142e-5
29532	6.233940455433850e-5
29533	6.270183763649576e-5
29534	6.307878640084789e-5
29535	6.348849546193165e-5
29536	6.378203958426968e-5
29537	6.423928194220875e-5
29538	6.499220459885188e-5
29539	6.513344262862813e-5
29540	6.526868373453696e-5
29541	6.567417148872077e-5
29542	6.652634215497980e-5
29543	6.676884034047553e-5
29544	6.721629757429619e-5
29545	6.763757287386216e-5
29546	6.787664036690719e-5
29547	6.843989975824672e-5
29548	6.864832784302214e-5
29549	6.890432912249994e-5
29550	6.916988684684473e-5
29551	6.940504691338118e-5
29552	7.019865842247271e-5
29553	7.046578347587478e-5
29554	7.087728242144026e-5
29555	7.095783101754841e-5
29556	7.156331307334431e-5
29557	7.205771021064084e-5
29558	7.221114623205108e-5
29559	7.256013029173158e-5
29560	7.290318776157563e-5
29561	7.385990569324033e-5
29562	7.423365280103207e-5
29563	7.441196260355216e-5
29564	7.551251423629285e-5
29565	7.574919991723997e-5
29566	7.606291925832280e-5
29567	7.649729939420123e-5
29568	7.712795770012028e-5
29569	7.743352934260409e-5
29570	7.749846001344239e-5
29571	7.799831727784966e-5
29572	7.843366465972861e-5
29573	7.876420685900202e-5
29574	7.904164698271076e-5
29575	7.974480148879218e-5
29576	8.057886297525265e-5
29577	8.088842958457209e-5
29578	8.133848570994996e-5
29579	8.144100242501532e-5
29580	8.281143038860340e-5
29581	8.321759991938029e-5
29582	8.373546188630805e-5
29583	8.438840177671591e-5
29584	8.468267289381212e-5
29585	8.518474476904615e-5
29586	8.583082645587206e-5
29587	8.602055850098276e-5
29588	8.676791049724341e-5
29589	8.687651977240704e-5
29590	8.718379213001595e-5
29591	8.764809695350401e-5
29592	8.909143090600760e-5
29593	9.002981198930963e-5
29594	9.041424677465078e-5
29595	9.089370748232335e-5
29596	9.108591703679822e-5
29597	9.137659874715567e-5
29598	9.167177117249814e-5
29599	9.279465095173954e-5
29600	9.343800114066393e-5
29601	9.395601515881177e-5
29602	9.447027358140759e-5
29603	9.538564046588280e-5
29604	9.614174463240116e-5
29605	9.683047795179740e-5
29606	9.699895326372631e-5
29607	9.832265965472467e-5
29608	9.917218225120277e-5
29609	9.942573880886336e-5
29610	9.996531834043517e-5
29611	1.007220802052649e-4
29612	1.013349011652919e-4
29613	1.017193400667926e-4
29614	1.027564050371093e-4
29615	1.043339951878699e-4
29616	1.045353621872319e-4
29617	1.058239707521248e-4
29618	1.061330128613473e-4
29619	1.063897025073265e-4
29620	1.074055751140700e-4
29621	1.078423550587780e-4
29622	1.086313221159039e-4
29623	1.088422915967359e-4
29624	1.094169460764861e-4
29625	1.099057674252190e-4
29626	1.106968152567380e-4
29627	1.115001020853088e-4
29628	1.123102494225811e-4
29629	1.137436991156102e-4
29630	1.138734193918456e-4
29631	1.141405234737361e-4
29632	1.149799987888600e-4
29633	1.154750294555741e-4
29634	1.173082466778096e-4
29635	1.177716558215784e-4
29636	1.181531725187625e-4
29637	1.184017970497429e-4
29638	1.191218831989912e-4
29639	1.205667586860312e-4
29640	1.211779778927389e-4
29641	1.222958174503748e-4
29642	1.230009463478281e-4
29643	1.235074618417002e-4
29644	1.240510863683947e-4
29645	1.243569114756112e-4
29646	1.254316341181220e-4
29647	1.264996998566073e-4
29648	1.271104709123390e-4
29649	1.275694354862834e-4
29650	1.283942224628895e-4
29651	1.290195921929669e-4
29652	1.296418444526164e-4
29653	1.309803265911956e-4
29654	1.316439271373056e-4
29655	1.324351749219885e-4
29656	1.328809326902470e-4
29657	1.354389354609531e-4
29658	1.366782644652270e-4
29659	1.370864977076221e-4
29660	1.389123771683585e-4
29661	1.398166020741258e-4
29662	1.412590377327864e-4
29663	1.416266190351478e-4
29664	1.418075071168707e-4
29665	1.430607793332366e-4
29666	1.449052157929133e-4
29667	1.451890610537765e-4
29668	1.461269755364511e-4
29669	1.475492754816197e-4
29670	1.484115055005391e-4
29671	1.495755819820791e-4
29672	1.506687082379155e-4
29673	1.513247281358006e-4
29674	1.526890765541025e-4
29675	1.541619836664583e-4
29676	1.545122748700798e-4
29677	1.559077418800493e-4
29678	1.575086015517994e-4
29679	1.587807757571064e-4
29680	1.597764827884706e-4
29681	1.608193728522869e-4
29682	1.632021203115204e-4
29683	1.642921438984695e-4
29684	1.654678750601898e-4
29685	1.661326987497157e-4
29686	1.678698276916482e-4
29687	1.687346234426827e-4
29688	1.706583261545526e-4
29689	1.717834423361271e-4
29690	1.732267483345074e-4
29691	1.744059808106863e-4
29692	1.751010880523632e-4
29693	1.760376587222845e-4
29694	1.771331192034365e-4
29695	1.796473679880767e-4
29696	1.810744508350728e-4
29697	1.817315297507181e-4
29698	1.830876109992712e-4
29699	1.835134874046421e-4
29700	1.843162052170877e-4
29701	1.852864575589610e-4
29702	1.861297232939949e-4
29703	1.875383195904792e-4
29704	1.895481807597927e-4
29705	1.916259591953073e-4
29706	1.926655523880068e-4
29707	1.933910067773453e-4
29708	1.968496852244990e-4
29709	1.972323588731943e-4
29710	1.977242370115645e-4
29711	1.991576938029741e-4
29712	2.009693773563694e-4
29713	2.011706711260055e-4
29714	2.029623804395250e-4
29715	2.052979849966761e-4
29716	2.056185871135031e-4
29717	2.075467074780291e-4
29718	2.085384342302041e-4
29719	2.108404648520067e-4
29720	2.120178311578880e-4
29721	2.139759545027266e-4
29722	2.142762738377638e-4
29723	2.159179109689699e-4
29724	2.170794557510396e-4
29725	2.187803693323677e-4
29726	2.191647575832558e-4
29727	2.212297886200346e-4
29728	2.232213022158874e-4
29729	2.256191047598557e-4
29730	2.263668059741559e-4
29731	2.276532068805726e-4
29732	2.307057056321033e-4
29733	2.320960628930862e-4
29734	2.329504758031275e-4
29735	2.352940866659285e-4
29736	2.383394253806950e-4
29737	2.414335573241144e-4
29738	2.426940576100715e-4
29739	2.446128664407584e-4
29740	2.461335033210549e-4
29741	2.470368223606058e-4
29742	2.494292733214675e-4
29743	2.507862395418600e-4
29744	2.549970199259470e-4
29745	2.571359892050565e-4
29746	2.585777211833332e-4
29747	2.622463330014815e-4
29748	2.657007591516500e-4
29749	2.669796798362230e-4
29750	2.695453504793135e-4
29751	2.716076014845383e-4
29752	2.730238206630347e-4
29753	2.749129318705030e-4
29754	2.787524977674192e-4
29755	2.840654036422690e-4
29756	2.874631825838047e-4
29757	2.878534409613872e-4
29758	2.900791219535863e-4
29759	2.970051902774769e-4
29760	2.992528393892472e-4
29761	3.006064794853277e-4
29762	3.042740786059839e-4
29763	3.087006651143691e-4
29764	3.090973726492964e-4
29765	3.119481153805248e-4
29766	3.196927515215569e-4
29767	3.199947557751141e-4
29768	3.254705221962423e-4
29769	3.264263757928364e-4
29770	3.283733504372175e-4
29771	3.305284609565870e-4
29772	3.370441176667722e-4
29773	3.428470833687945e-4
29774	3.461497835042695e-4
29775	3.471030782533128e-4
29776	3.514472766261235e-4
29777	3.524457147438590e-4
29778	3.549244180683326e-4
29779	3.575572803613335e-4
29780	3.603551522431174e-4
29781	3.655765165566097e-4
29782	3.677592727902393e-4
29783	3.727675506213016e-4
29784	3.799508045202529e-4
29785	3.805674634715813e-4
29786	3.865104767297422e-4
29787	3.924125109463970e-4
29788	3.957242860914436e-4
29789	3.957724890050399e-4
29790	4.007748565042374e-4
29791	4.036250917997016e-4
29792	4.067930305476258e-4
29793	4.132087583442726e-4
29794	4.200485411923381e-4
29795	4.246256734152115e-4
29796	4.285893854259882e-4
29797	4.338631715153255e-4
29798	4.375803655402467e-4
29799	4.420749346059922e-4
29800	4.458748714228895e-4
29801	4.520637781271155e-4
29802	4.596286722957355e-4
29803	4.692876273215947e-4
29804	4.700477582141230e-4
29805	4.737942820434088e-4
29806	4.778585153264064e-4
29807	4.847668302659717e-4
29808	4.900958197599789e-4
29809	4.910781863918599e-4
29810	4.961488737657237e-4
29811	5.076863953850337e-4
29812	5.157461221550261e-4
29813	5.178698575356518e-4
29814	5.258898724910634e-4
29815	5.264130437989921e-4
29816	5.379665583411120e-4
29817	5.496468735874481e-4
29818	5.563290542411826e-4
29819	5.636898305343971e-4
29820	5.648027858095656e-4
29821	5.752840832510314e-4
29822	5.869776550316046e-4
29823	5.920504429412408e-4
29824	5.996638464289045e-4
29825	6.055269161310259e-4
29826	6.103236013998874e-4
29827	6.132406755965390e-4
29828	6.215032507285104e-4
29829	6.239735520669797e-4
29830	6.349528397443375e-4
29831	6.408528546640522e-4
29832	6.603856063544630e-4
29833	6.652579256003187e-4
29834	6.728058769055774e-4
29835	6.815651597803775e-4
29836	6.899398774611239e-4
29837	6.987508605372277e-4
29838	7.084228163531983e-4
29839	7.173121485796449e-4
29840	7.286094280902533e-4
29841	7.390167974047366e-4
29842	7.467571085739442e-4
29843	7.607832738382813e-4
29844	7.688703101500448e-4
29845	7.875858221928017e-4
29846	7.936207624386880e-4
29847	8.015476529481542e-4
29848	8.195439454215493e-4
29849	8.411228999009493e-4
29850	8.568844890843759e-4
29851	8.684845686127314e-4
29852	8.862541951182884e-4
29853	8.940905891715472e-4
29854	9.005065579485704e-4
29855	9.148873625735872e-4
29856	9.343157243149046e-4
29857	9.626541571056889e-4
29858	9.716389337698243e-4
29859	9.798903216614748e-4
29860	1.000342017987168e-3
29861	1.033267860218584e-3
29862	1.041538532609298e-3
29863	1.067228554888623e-3
29864	1.100223948825049e-3
29865	1.111663564221581e-3
29866	1.121358119647858e-3
29867	1.164684220250111e-3
29868	1.173724284521534e-3
29869	1.180567094728077e-3
29870	1.191479739350829e-3
29871	1.243103941350947e-3
29872	1.250415303542985e-3
29873	1.256854120139796e-3
29874	1.298670381701932e-3
29875	1.325434830534735e-3
29876	1.341427583804723e-3
29877	1.355366002604525e-3
29878	1.374585666810185e-3
29879	1.418652163097575e-3
29880	1.431706582639751e-3
29881	1.441349246914146e-3
29882	1.466335766107330e-3
29883	1.486880193090869e-3
29884	1.505270533555847e-3
29885	1.576022423060472e-3
29886	1.602357422287991e-3
29887	1.619333205858845e-3
29888	1.676905641192438e-3
29889	1.703425423270538e-3
29890	1.741145836867375e-3
29891	1.794360629541776e-3
29892	1.857736709874291e-3
29893	1.877488905186328e-3
29894	1.929083114548412e-3
29895	1.957931741576620e-3
29896	2.009812589605653e-3
29897	2.016608929677751e-3
29898	2.037274176844121e-3
29899	2.089602777690013e-3
29900	2.137814174961172e-3
29901	2.179528820526909e-3
29902	2.188213837048268e-3
29903	2.275662239440090e-3
29904	2.308716495305933e-3
29905	2.335786686121979e-3
29906	2.397685998585956e-3
29907	2.410670766773754e-3
29908	2.501340005601546e-3
29909	2.538230514084321e-3
29910	2.594140087388071e-3
29911	2.685585065090501e-3
29912	2.724241155395561e-3
29913	2.795030516224324e-3
29914	2.869155089640135e-3
29915	2.973664223202909e-3
29916	3.099826514456917e-3
29917	3.119384456912303e-3
29918	3.315438376981883e-3
29919	3.352960366056885e-3
29920	3.462475440874773e-3
29921	3.609821305159740e-3
29922	3.717488288023546e-3
29923	3.756077911077760e-3
29924	3.850658381720937e-3
29925	3.989696439798514e-3
29926	4.039443872476691e-3
29927	4.135272804571080e-3
29928	4.230582089202506e-3
29929	4.501023607378079e-3
29930	4.730926114050789e-3
29931	4.835242077950197e-3
29932	5.028750123346940e-3
29933	5.257428877310436e-3
29934	5.327387465392856e-3
29935	5.624973392361865e-3
29936	5.741001824305308e-3
29937	5.886218039384728e-3
29938	6.097873254386127e-3
29939	6.224563732157198e-3
29940	6.411052716803061e-3
29941	6.573524849234747e-3
29942	6.828332219296076e-3
29943	7.124111951057137e-3
29944	7.493260506011585e-3
29945	7.922940379288351e-3
29946	8.138659344280118e-3
29947	8.644880684510189e-3
29948	9.108622056157161e-3
29949	9.443908961149758e-3
29950	9.853663103863139e-3
29951	1.015638533837989e-2
29952	1.064358395232176e-2
29953	1.123868876129181e-2
29954	1.147860882884146e-2
29955	1.261823288111776e-2
29956	1.319172048238692e-2
29957	1.415638803011566e-2
29958	1.473298795308252e-2
29959	1.545550710522358e-2
29960	1.624121505685936e-2
29961	1.671563738566201e-2
29962	1.723832550448445e-2
29963	1.734704573438745e-2
29964	1.927527884347607e-2
29965	2.098460264802228e-2
29966	2.179360448323083e-2
29967	2.180633253059110e-2
29968	2.222841935085262e-2
29969	2.232211176073078e-2
29970	2.240509230805135e-2
29971	2.307466632661484e-2
29972	2.313271153544118e-2
29973	2.362383753878809e-2
29974	2.405341201503370e-2
29975	2.412534303910982e-2
29976	2.485355552313503e-2
29977	2.502360371638690e-2
29978	2.526017796134996e-2
29979	2.571773593492238e-2
29980	2.596092504459337e-2
29981	2.617756002873299e-2
29982	2.627093639228909e-2
29983	2.686976449731806e-2
29984	2.748797278826175e-2
29985	2.929464153964966e-2
29986	3.229920879690787e-2
29987	3.627754830658766e-2
29988	3.708302847053536e-2
29989	4.404412683673518e-2
29990	5.464568014484905e-2
29991	6.584599056342991e-2
29992	8.223003212802026e-2
29993	1.222390476857976e-1
29994	2.095917480127196e-1
29995	4.196997029575815e-1
29996	9.886609596218394e-1
29997	2.583719131453163e0
29998	6.005454138063490e0
