N	d_sq	d_sq*ln(N)	bt_v	vt_Gv	S1	S2	S3	M(N)	f_N(0.5)
2	2.1054638916e0	1.459396	-0.42226535	0.26093320	0.500000	-0.346574	-0.240227	0	0.000000
3	1.5456027422e0	1.698018	-0.21682879	0.11194516	0.166667	-0.712778	-0.642543	-1	0.000000
4	1.1325441176e0	1.570040	-0.03934121	0.05386171	0.166667	-0.712778	-0.642543	-1	0.138346
5	9.4176347257e-1	1.515710	0.05463323	0.05102994	-0.033333	-1.034665	-1.160601	-2	0.211596
6	7.5491658511e-1	1.352629	0.15517546	0.06526750	0.133333	-0.736039	-0.625534	-1	0.298604
7	6.8486739906e-1	1.332690	0.19644706	0.07776153	-0.009524	-1.014026	-1.166472	-2	0.333042
8	5.9930109680e-1	1.246212	0.24897760	0.09725629	-0.009524	-1.014026	-1.166472	-2	0.377094
9	5.3667578155e-1	1.179197	0.29001308	0.11670194	-0.009524	-1.014026	-1.166472	-2	0.411506
10	4.8878539418e-1	1.125470	0.32316324	0.13511188	0.090476	-0.783767	-0.636282	-1	0.439306
11	4.6599584017e-1	1.117409	0.33986505	0.14572595	-0.000433	-1.001758	-1.159000	-2	0.454400
12	4.3446818815e-1	1.079613	0.36304475	0.16055769	-0.000433	-1.001758	-1.159000	-2	0.473535
13	4.0831087487e-1	1.047297	0.38297923	0.17426934	-0.077356	-1.199062	-1.665075	-3	0.489991
14	3.7775728280e-1	0.996923	0.40682767	0.19141262	-0.005927	-1.010558	-1.167602	-2	0.508657
15	3.5882312135e-1	0.971711	0.42223501	0.20329314	0.060739	-0.830021	-0.678699	-1	0.521477
16	3.4834222160e-1	0.965810	0.43110207	0.21054636	0.060739	-0.830021	-0.678699	-1	0.529788
17	3.3912062683e-1	0.960801	0.43906343	0.21724749	0.001916	-0.996680	-1.150881	-2	0.537250
18	3.2628660623e-1	0.943090	0.45003765	0.22636191	0.001916	-0.996680	-1.150881	-2	0.546325
19	3.1485033453e-1	0.927058	0.46002625	0.23490283	-0.050716	-1.151651	-1.607183	-3	0.554586
20	3.0109964188e-1	0.902014	0.47214678	0.24539321	-0.050716	-1.151651	-1.607183	-3	0.563949
21	2.8875994959e-1	0.879136	0.48329683	0.25535362	-0.003097	-1.006674	-1.165796	-2	0.572562
22	2.8031839262e-1	0.866476	0.49114050	0.26259939	0.042358	-0.866172	-0.731499	-1	0.579088
23	2.7511110882e-1	0.862609	0.49614628	0.26740367	-0.001121	-1.002498	-1.158947	-2	0.583855
24	2.6800314591e-1	0.851728	0.50290634	0.27381583	-0.001121	-1.002498	-1.158947	-2	0.589458
25	2.6146049661e-1	0.841609	0.50922244	0.27990538	-0.001121	-1.002498	-1.158947	-2	0.594693
26	2.5541529797e-1	0.832168	0.51514170	0.28569871	0.037341	-0.877186	-0.750671	-1	0.599599
27	2.5153622074e-1	0.829022	0.51906474	0.28966571	0.037341	-0.877186	-0.750671	-1	0.603328
28	2.4792240140e-1	0.826128	0.52276102	0.29344444	0.037341	-0.877186	-0.750671	-1	0.606843
29	2.4454596591e-1	0.823459	0.52625188	0.29704973	0.002858	-0.993300	-1.141660	-2	0.610161
30	2.3995280771e-1	0.816127	0.53088072	0.30171426	-0.030475	-1.106673	-1.527265	-3	0.613990
31	2.3436523926e-1	0.804807	0.53648072	0.30732667	-0.062733	-1.217447	-1.907660	-4	0.618258
32	2.2793665970e-1	0.789968	0.54294858	0.31383382	-0.062733	-1.217447	-1.907660	-4	0.622904
33	2.2191918968e-1	0.775942	0.54910531	0.32012980	-0.032430	-1.111492	-1.537189	-3	0.627327
34	2.1725632667e-1	0.766124	0.55396959	0.32519551	-0.003018	-1.007776	-1.171447	-2	0.631031
35	2.1378138213e-1	0.760067	0.55766143	0.32910424	0.025553	-0.906194	-0.810290	-1	0.634089
36	2.1133437299e-1	0.757321	0.56031578	0.33196593	0.025553	-0.906194	-0.810290	-1	0.636564
37	2.0900987486e-1	0.754718	0.56285766	0.33472520	-0.001474	-1.003787	-1.162688	-2	0.638934
38	2.0603219925e-1	0.749460	0.56608504	0.33820227	0.024842	-0.908061	-0.814476	-1	0.641602
39	2.0392606467e-1	0.747096	0.56842152	0.34076911	0.050483	-0.814123	-0.470331	0	0.643791
40	2.0259181381e-1	0.747337	0.56995705	0.34250592	0.050483	-0.814123	-0.470331	0	0.645543
41	2.0132098876e-1	0.747620	0.57143450	0.34418999	0.026093	-0.904698	-0.806687	-1	0.647228
42	1.9946272966e-1	0.745526	0.57351753	0.34649780	0.002283	-0.993690	-1.139310	-2	0.649166
43	1.9707389220e-1	0.741234	0.57614653	0.34936695	-0.020973	-1.081160	-1.468302	-3	0.651333
44	1.9421660525e-1	0.734952	0.57926860	0.35275380	-0.020973	-1.081160	-1.468302	-3	0.653706
45	1.9148074560e-1	0.728903	0.58228405	0.35604885	-0.020973	-1.081160	-1.468302	-3	0.655998
46	1.8885836807e-1	0.723071	0.58519899	0.35925634	0.000766	-0.997929	-1.149639	-2	0.658213
47	1.8682689324e-1	0.719311	0.58750035	0.36182760	-0.020510	-1.079847	-1.465035	-3	0.660114
48	1.8441443003e-1	0.713905	0.59022204	0.36485851	-0.020510	-1.079847	-1.465035	-3	0.662185
49	1.8209523092e-1	0.708682	0.59285906	0.36781335	-0.020510	-1.079847	-1.465035	-3	0.664193
50	1.7986372107e-1	0.703631	0.59541585	0.37069541	-0.020510	-1.079847	-1.465035	-3	0.666139
51	1.7771476952e-1	0.698743	0.59789650	0.37350777	-0.000902	-1.002752	-1.161913	-2	0.668027
52	1.7601681893e-1	0.695485	0.59989229	0.37580139	-0.000902	-1.002752	-1.161913	-2	0.669667
53	1.7437710657e-1	0.692328	0.60183109	0.37803929	-0.019770	-1.077663	-1.459332	-3	0.671260
54	1.7244088890e-1	0.687864	0.60410638	0.38065364	-0.019770	-1.077663	-1.459332	-3	0.672986
55	1.7057080112e-1	0.683534	0.60631926	0.38320933	-0.001588	-1.004803	-1.167355	-2	0.674665
56	1.6907370060e-1	0.680581	0.60811770	0.38530910	-0.001588	-1.004803	-1.167355	-2	0.676135
57	1.6762407590e-1	0.677713	0.60986870	0.38736147	0.015955	-0.933872	-0.880579	-1	0.677567
58	1.6651386128e-1	0.676120	0.61124612	0.38900610	0.033197	-0.863864	-0.596317	0	0.678811
59	1.6573137210e-1	0.675776	0.61226174	0.39025485	0.016248	-0.932975	-0.878119	-1	0.679879
60	1.6468993814e-1	0.674297	0.61356958	0.39182911	0.016248	-0.932975	-0.878119	-1	0.681060
61	1.6367920676e-1	0.672865	0.61484538	0.39336997	-0.000146	-1.000366	-1.155156	-2	0.682212
62	1.6243044102e-1	0.670372	0.61639159	0.39521362	0.015983	-0.933800	-0.880426	-1	0.683465
63	1.6147211690e-1	0.669001	0.61761510	0.39670232	0.015983	-0.933800	-0.880426	-1	0.684564
64	1.6054067272e-1	0.667670	0.61881015	0.39816097	0.015983	-0.933800	-0.880426	-1	0.685637
65	1.5963491415e-1	0.666378	0.61997786	0.39959064	0.031368	-0.869578	-0.612342	0	0.686686
66	1.5897700509e-1	0.666059	0.62086247	0.40070194	0.016216	-0.933058	-0.878299	-1	0.687599
67	1.5812312430e-1	0.664859	0.62197216	0.40206744	0.001291	-0.995815	-1.142172	-2	0.688601
68	1.5707410179e-1	0.662775	0.62330488	0.40368387	0.001291	-0.995815	-1.142172	-2	0.689685
69	1.5605240400e-1	0.660742	0.62460903	0.40527046	0.015784	-0.934451	-0.882350	-1	0.690746
70	1.5525867665e-1	0.659616	0.62565341	0.40656549	0.001498	-0.995144	-1.140203	-2	0.691686
71	1.5429084898e-1	0.657692	0.62689813	0.40808712	-0.012586	-1.055181	-1.396125	-3	0.692702
72	1.5316125486e-1	0.655020	0.62832977	0.40982079	-0.012586	-1.055181	-1.396125	-3	0.693790
73	1.5206004083e-1	0.652407	0.62973251	0.41152507	-0.026285	-1.113955	-1.648290	-4	0.694855
74	1.5081627980e-1	0.649123	0.63130817	0.41343262	-0.012772	-1.055792	-1.397953	-3	0.695986
75	1.4976681447e-1	0.646616	0.63266056	0.41508793	-0.012772	-1.055792	-1.397953	-3	0.697010
76	1.4874266426e-1	0.644165	0.63398681	0.41671629	-0.012772	-1.055792	-1.397953	-3	0.698015
77	1.4774287260e-1	0.641766	0.63528780	0.41831847	0.000215	-0.999379	-1.152905	-2	0.699001
78	1.4692123474e-1	0.640093	0.63637713	0.41967549	-0.012605	-1.055234	-1.396250	-3	0.699891
79	1.4596879438e-1	0.637803	0.63762625	0.42122130	-0.025263	-1.110543	-1.637922	-4	0.700840
80	1.4489435889e-1	0.634931	0.63902562	0.42294559	-0.025263	-1.110543	-1.637922	-4	0.701843
81	1.4384493515e-1	0.632119	0.64039973	0.42464440	-0.025263	-1.110543	-1.637922	-4	0.702829
82	1.4281962454e-1	0.629366	0.64174939	0.42631840	-0.013068	-1.056803	-1.401103	-3	0.703797
83	1.4194730176e-1	0.627243	0.64291296	0.42777323	-0.025116	-1.110042	-1.636358	-4	0.704681
84	1.4096843463e-1	0.624605	0.64421281	0.42939405	-0.025116	-1.110042	-1.636358	-4	0.705615
85	1.4001116806e-1	0.622021	0.64549038	0.43099193	-0.013352	-1.057775	-1.404156	-3	0.706533
86	1.3919478236e-1	0.620022	0.64659571	0.43238621	-0.001724	-1.005981	-1.173444	-2	0.707374
87	1.3851165054e-1	0.618580	0.64753721	0.43358607	0.009770	-0.954648	-0.944199	-1	0.708141
88	1.3795514543e-1	0.617672	0.64831775	0.43459064	0.009770	-0.954648	-0.944199	-1	0.708836
89	1.3740953982e-1	0.616781	0.64908556	0.43558066	-0.001466	-1.005083	-1.170579	-2	0.709519
90	1.3676777506e-1	0.615429	0.64997677	0.43672131	-0.001466	-1.005083	-1.170579	-2	0.710248
91	1.3613832778e-1	0.614101	0.65085379	0.43784590	0.009524	-0.955513	-0.946977	-1	0.710965
92	1.3561734858e-1	0.613233	0.65158531	0.43878797	0.009524	-0.955513	-0.946977	-1	0.711617
93	1.3510604402e-1	0.612382	0.65230546	0.43971696	0.020276	-0.906775	-0.726068	0	0.712260
94	1.3469553073e-1	0.611962	0.65289120	0.44047793	0.030914	-0.858442	-0.506478	1	0.712842
95	1.3438183300e-1	0.611958	0.65334865	0.44107913	0.041441	-0.810507	-0.288185	2	0.713365
96	1.3416152603e-1	0.612360	0.65368364	0.44152880	0.041441	-0.810507	-0.288185	2	0.713833
97	1.3394639312e-1	0.612766	0.65401365	0.44197368	0.031132	-0.857669	-0.503938	1	0.714293
98	1.3364432111e-1	0.612755	0.65445614	0.44255661	0.031132	-0.857669	-0.503938	1	0.714793
99	1.3334804143e-1	0.612750	0.65489220	0.44313245	0.031132	-0.857669	-0.503938	1	0.715286
100	1.3305738370e-1	0.612752	0.65532199	0.44370136	0.031132	-0.857669	-0.503938	1	0.715771
101	1.3277218425e-1	0.612760	0.65574565	0.44426349	0.021231	-0.903363	-0.714822	0	0.716250
102	1.3240826416e-1	0.612385	0.65627164	0.44495153	0.011427	-0.948706	-0.924532	-1	0.716764
103	1.3196860590e-1	0.611639	0.65689548	0.44575956	0.001718	-0.993703	-1.133082	-2	0.717312
104	1.3145638309e-1	0.610535	0.65761291	0.44668221	0.001718	-0.993703	-1.133082	-2	0.717893
105	1.3095268550e-1	0.609449	0.65832055	0.44759378	-0.007806	-1.038026	-1.339362	-3	0.718466
106	1.3038143551e-1	0.608026	0.65911513	0.44861170	0.001628	-0.994032	-1.134195	-2	0.719070
107	1.2989369931e-1	0.606971	0.65980124	0.44949618	-0.007718	-1.037703	-1.338264	-3	0.719628
108	1.2934164406e-1	0.605595	0.66057343	0.45048851	-0.007718	-1.037703	-1.338264	-3	0.720215
109	1.2879863255e-1	0.604239	0.66133549	0.45146961	-0.016892	-1.080743	-1.540179	-4	0.720795
110	1.2819590991e-1	0.602582	0.66217777	0.45255144	-0.025983	-1.123475	-1.741038	-5	0.721404
111	1.2753653666e-1	0.600637	0.66309691	0.45373036	-0.016974	-1.081046	-1.541221	-4	0.722039
112	1.2695341634e-1	0.599030	0.66391896	0.45479133	-0.016974	-1.081046	-1.541221	-4	0.722632
113	1.2637983986e-1	0.597447	0.66473061	0.45584106	-0.025824	-1.122882	-1.738993	-5	0.723217
114	1.2574669527e-1	0.595561	0.66561863	0.45698395	-0.034595	-1.164427	-1.935761	-6	0.723828
115	1.2505698212e-1	0.593387	0.66657997	0.45821691	-0.025900	-1.123167	-1.739984	-5	0.724464
116	1.2444462107e-1	0.591559	0.66744727	0.45933917	-0.025900	-1.123167	-1.739984	-5	0.725060
117	1.2384231348e-1	0.589759	0.66830403	0.46045037	-0.025900	-1.123167	-1.739984	-5	0.725649
118	1.2324980836e-1	0.587986	0.66915044	0.46155069	-0.017425	-1.082737	-1.547107	-4	0.726231
119	1.2272633952e-1	0.586524	0.66990696	0.46254026	-0.009022	-1.042577	-1.355174	-3	0.726776
120	1.2226915295e-1	0.585363	0.67057665	0.46342244	-0.009022	-1.042577	-1.355174	-3	0.727285
121	1.2181872294e-1	0.584217	0.67123846	0.46429565	-0.009022	-1.042577	-1.355174	-3	0.727788
122	1.2137489182e-1	0.583088	0.67189258	0.46516005	-0.000825	-1.003200	-1.166005	-2	0.728285
123	1.2099232529e-1	0.582237	0.67246668	0.46592569	0.007305	-0.964076	-0.977736	-1	0.728749
124	1.2066902794e-1	0.581659	0.67296345	0.46659594	0.007305	-0.964076	-0.977736	-1	0.729180
125	1.2035029655e-1	0.581089	0.67345459	0.46725948	0.007305	-0.964076	-0.977736	-1	0.729606
126	1.2003602867e-1	0.580528	0.67394020	0.46791643	0.007305	-0.964076	-0.977736	-1	0.730028
127	1.1972612500e-1	0.579976	0.67442039	0.46856691	-0.000569	-1.002219	-1.162509	-2	0.730444
128	1.1937196841e-1	0.579196	0.67496131	0.46929459	-0.000569	-1.002219	-1.162509	-2	0.730882
129	1.1902262942e-1	0.578428	0.67549629	0.47001522	0.007183	-0.964546	-0.979425	-1	0.731315
130	1.1872479521e-1	0.577897	0.67596236	0.47064952	-0.000509	-1.001989	-1.161678	-2	0.731718
131	1.1838495942e-1	0.577150	0.67648508	0.47135511	-0.008143	-1.039204	-1.343110	-3	0.732141
132	1.1800446216e-1	0.576192	0.67706250	0.47212946	-0.008143	-1.039204	-1.343110	-3	0.732584
133	1.1762902122e-1	0.575247	0.67763379	0.47289660	-0.000624	-1.002435	-1.163294	-2	0.733022
134	1.1730209577e-1	0.574527	0.67814140	0.47358489	0.006838	-0.965884	-0.984273	-1	0.733432
135	1.1702500437e-1	0.574040	0.67858124	0.47418749	0.006838	-0.965884	-0.984273	-1	0.733815
136	1.1675147368e-1	0.573560	0.67901653	0.47478453	0.006838	-0.965884	-0.984273	-1	0.734195
137	1.1648143073e-1	0.573086	0.67944734	0.47537610	-0.000461	-1.001796	-1.160960	-2	0.734570
138	1.1617130064e-1	0.572405	0.67993242	0.47603614	-0.007707	-1.037501	-1.336887	-3	0.734963
139	1.1582230345e-1	0.571522	0.68047007	0.47676243	-0.014901	-1.073000	-1.512060	-4	0.735374
140	1.1543573459e-1	0.570442	0.68105862	0.47755298	-0.014901	-1.073000	-1.512060	-4	0.735801
141	1.1505417012e-1	0.569375	0.68164130	0.47833677	-0.007809	-1.037903	-1.338370	-3	0.736224
142	1.1471804631e-1	0.568523	0.68216414	0.47904632	-0.000767	-1.003003	-1.165411	-2	0.736622
143	1.1442600734e-1	0.567878	0.68262884	0.47968369	0.006226	-0.968297	-0.993174	-1	0.736997
144	1.1417435638e-1	0.567425	0.68303427	0.48024290	0.006226	-0.968297	-0.993174	-1	0.737348
145	1.1392569636e-1	0.566978	0.68343577	0.48079724	0.013123	-0.933975	-0.822361	0	0.737696
146	1.1371574326e-1	0.566715	0.68378075	0.48127725	0.019972	-0.899841	-0.652249	1	0.738021
147	1.1354358935e-1	0.566632	0.68407079	0.48168517	0.019972	-0.899841	-0.652249	1	0.738325
148	1.1337356678e-1	0.566552	0.68435807	0.48208971	0.019972	-0.899841	-0.652249	1	0.738626
149	1.1320563452e-1	0.566475	0.68464265	0.48249094	0.013260	-0.933424	-0.820300	0	0.738924
150	1.1300578230e-1	0.566231	0.68497335	0.48295248	0.013260	-0.933424	-0.820300	0	0.739237
151	1.1280823394e-1	0.565990	0.68530097	0.48341018	0.006638	-0.966651	-0.987009	-1	0.739547
152	1.1257991361e-1	0.565588	0.68567255	0.48392501	0.006638	-0.966651	-0.987009	-1	0.739872
153	1.1235414899e-1	0.565191	0.68604072	0.48443560	0.006638	-0.966651	-0.987009	-1	0.740194
154	1.1213089401e-1	0.564798	0.68640555	0.48494199	0.000144	-0.999359	-1.151755	-2	0.740513
155	1.1187879909e-1	0.564252	0.68681406	0.48550692	0.006596	-0.966821	-0.987651	-1	0.740845
156	1.1166033129e-1	0.563869	0.68717276	0.48600585	0.006596	-0.966821	-0.987651	-1	0.741158
157	1.1144424322e-1	0.563489	0.68752827	0.48650078	0.000227	-0.999026	-1.150489	-2	0.741469
158	1.1120048467e-1	0.562963	0.68792515	0.48705079	0.006556	-0.966984	-0.988275	-1	0.741793
159	1.1098894023e-1	0.562592	0.68827481	0.48753855	0.012845	-0.935104	-0.826679	0	0.742098
160	1.1080886258e-1	0.562374	0.68857842	0.48796571	0.012845	-0.935104	-0.826679	0	0.742385
161	1.1063072954e-1	0.562159	0.68887940	0.48838954	0.019056	-0.903543	-0.666302	1	0.742669
162	1.1048301819e-1	0.562093	0.68913629	0.48875560	0.019056	-0.903543	-0.666302	1	0.742936
163	1.1033696516e-1	0.562029	0.68939097	0.48911891	0.012921	-0.934793	-0.825481	0	0.743200
164	1.1016468179e-1	0.561825	0.68968358	0.48953184	0.012921	-0.934793	-0.825481	0	0.743477
165	1.0999421176e-1	0.561624	0.68997371	0.48994163	0.006861	-0.965738	-0.983486	-1	0.743752
166	1.0979835351e-1	0.561288	0.69030013	0.49039862	0.012885	-0.934943	-0.826061	0	0.744039
167	1.0963131877e-1	0.561092	0.69058576	0.49080284	0.006897	-0.965590	-0.982911	-1	0.744309
168	1.0943875716e-1	0.560760	0.69090878	0.49125631	0.006897	-0.965590	-0.982911	-1	0.744591
169	1.0924813723e-1	0.560432	0.69122913	0.49170639	0.006897	-0.965590	-0.982911	-1	0.744870
170	1.0905942744e-1	0.560107	0.69154686	0.49215314	0.001014	-0.995800	-1.138066	-2	0.745147
171	1.0884636761e-1	0.559651	0.69189985	0.49264607	0.001014	-0.995800	-1.138066	-2	0.745436
172	1.0863542906e-1	0.559200	0.69224999	0.49313542	0.001014	-0.995800	-1.138066	-2	0.745722
173	1.0842657784e-1	0.558754	0.69259732	0.49362121	-0.004766	-1.025588	-1.291572	-3	0.746005
174	1.0819456619e-1	0.558182	0.69297793	0.49415043	-0.010513	-1.055238	-1.444536	-4	0.746300
175	1.0794000450e-1	0.557487	0.69339101	0.49472202	-0.010513	-1.055238	-1.444536	-4	0.746605
176	1.0768803680e-1	0.556799	0.69380082	0.49528968	-0.010513	-1.055238	-1.444536	-4	0.746907
177	1.0743862162e-1	0.556118	0.69420742	0.49585346	-0.004863	-1.025994	-1.293166	-3	0.747207
178	1.0721557521e-1	0.555568	0.69457701	0.49636960	0.000755	-0.996883	-1.142318	-2	0.747493
179	1.0701827170e-1	0.555145	0.69491043	0.49683913	-0.004832	-1.025863	-1.292648	-3	0.747764
180	1.0679956447e-1	0.554606	0.69527407	0.49734770	-0.004832	-1.025863	-1.292648	-3	0.748045
181	1.0658296418e-1	0.554071	0.69563491	0.49785279	-0.010357	-1.054584	-1.441954	-4	0.748323
182	1.0634574300e-1	0.553424	0.69602478	0.49839531	-0.015851	-1.083177	-1.590754	-5	0.748612
183	1.0609095264e-1	0.552679	0.69644509	0.49898113	-0.010387	-1.054710	-1.442455	-4	0.748910
184	1.0585832024e-1	0.552044	0.69682934	0.49951699	-0.010387	-1.054710	-1.442455	-4	0.749194
185	1.0562793231e-1	0.551415	0.69721070	0.50004934	-0.004981	-1.026492	-1.295146	-3	0.749476
186	1.0541882972e-1	0.550892	0.69755730	0.50053343	-0.010358	-1.054587	-1.441966	-4	0.749744
187	1.0519283085e-1	0.550275	0.69793279	0.50105841	-0.005010	-1.026613	-1.295632	-3	0.750022
188	1.0498755738e-1	0.549761	0.69827451	0.50153659	-0.005010	-1.026613	-1.295632	-3	0.750287
189	1.0478416539e-1	0.549252	0.69861373	0.50201163	-0.005010	-1.026613	-1.295632	-3	0.750550
190	1.0458262734e-1	0.548748	0.69895048	0.50248360	-0.010273	-1.054229	-1.440533	-4	0.750811
191	1.0436501271e-1	0.548154	0.69931447	0.50299395	-0.015509	-1.081728	-1.584964	-5	0.751080
192	1.0413175124e-1	0.547472	0.69970508	0.50354191	-0.015509	-1.081728	-1.584964	-5	0.751358
193	1.0390070969e-1	0.546797	0.70009289	0.50408649	-0.020690	-1.108996	-1.728466	-6	0.751634
194	1.0365467118e-1	0.546038	0.70050636	0.50466739	-0.015536	-1.081842	-1.585423	-5	0.751919
195	1.0342798254e-1	0.545376	0.70088888	0.50520574	-0.020664	-1.108883	-1.728011	-6	0.752191
196	1.0318669049e-1	0.544631	0.70129632	0.50577933	-0.020664	-1.108883	-1.728011	-6	0.752471
197	1.0294772849e-1	0.543894	0.70170091	0.50634954	-0.025740	-1.135701	-1.869697	-7	0.752749
198	1.0269478924e-1	0.543077	0.70212951	0.50695381	-0.025740	-1.135701	-1.869697	-7	0.753035
199	1.0244435799e-1	0.542269	0.70255514	0.50755464	-0.030765	-1.162301	-2.010497	-8	0.753319
200	1.0218057809e-1	0.541385	0.70300392	0.50818843	-0.030765	-1.162301	-2.010497	-8	0.753611
201	1.0191948685e-1	0.540510	0.70344963	0.50881874	-0.025790	-1.135916	-1.870571	-7	0.753901
202	1.0167526102e-1	0.539720	0.70386505	0.50940536	-0.020840	-1.109638	-1.731078	-6	0.754179
203	1.0144741577e-1	0.539011	0.70425077	0.50994896	-0.015913	-1.083464	-1.592013	-5	0.754446
204	1.0123551600e-1	0.538383	0.70460737	0.51045026	-0.015913	-1.083464	-1.592013	-5	0.754702
205	1.0102548859e-1	0.537760	0.70496157	0.51094863	-0.011035	-1.057498	-1.453796	-4	0.754957
206	1.0083082166e-1	0.537214	0.70528758	0.51140597	-0.006181	-1.031635	-1.315999	-3	0.755201
207	1.0065117587e-1	0.536744	0.70558593	0.51182303	-0.006181	-1.031635	-1.315999	-3	0.755434
208	1.0047301687e-1	0.536279	0.70588230	0.51223762	-0.006181	-1.031635	-1.315999	-3	0.755666
209	1.0029632495e-1	0.535816	0.70617673	0.51264978	-0.001396	-1.006073	-1.179441	-2	0.755897
210	1.0013403381e-1	0.535427	0.70644472	0.51302347	0.003366	-0.980611	-1.043291	-1	0.756117
211	9.9985887214e-2	0.535110	0.70668678	0.51335945	-0.001374	-1.005975	-1.179037	-2	0.756328
212	9.9826217951e-2	0.534728	0.70695114	0.51372851	-0.001374	-1.005975	-1.179037	-2	0.756545
213	9.9667825090e-2	0.534348	0.70721380	0.51409542	0.003321	-0.980805	-1.044091	-1	0.756761
214	9.9523162305e-2	0.534039	0.70745151	0.51442617	0.007994	-0.955730	-0.909541	0	0.756968
215	9.9392013909e-2	0.533799	0.70766473	0.51472147	0.012645	-0.930750	-0.775384	1	0.757165
216	9.9274191804e-2	0.533626	0.70785392	0.51498203	0.012645	-0.930750	-0.775384	1	0.757353
217	9.9157351065e-2	0.533456	0.70804192	0.51524119	0.017253	-0.905958	-0.642005	2	0.757539
218	9.9053567604e-2	0.533353	0.70820663	0.51546683	0.021841	-0.881259	-0.509010	3	0.757717
219	9.8962704362e-2	0.533317	0.70834849	0.51565968	0.026407	-0.856651	-0.376398	4	0.757886
220	9.8884646619e-2	0.533347	0.70846792	0.51582048	0.026407	-0.856651	-0.376398	4	0.758046
221	9.8807426010e-2	0.533379	0.70858660	0.51598063	0.030932	-0.832225	-0.244542	5	0.758204
222	9.8742834412e-2	0.533476	0.70868354	0.51610992	0.026427	-0.856561	-0.376024	4	0.758355
223	9.8667311558e-2	0.533511	0.70880064	0.51626858	0.021943	-0.880809	-0.507133	3	0.758512
224	9.8577535605e-2	0.533467	0.70893998	0.51645750	0.021943	-0.880809	-0.507133	3	0.758675
225	9.8488583419e-2	0.533424	0.70907848	0.51664554	0.021943	-0.880809	-0.507133	3	0.758838
226	9.8400444108e-2	0.533383	0.70921613	0.51683271	0.026368	-0.856824	-0.377124	4	0.758999
227	9.8327887110e-2	0.533424	0.70933078	0.51698944	0.021962	-0.880723	-0.506772	3	0.759152
228	9.8241389458e-2	0.533386	0.70946666	0.51717470	0.021962	-0.880723	-0.506772	3	0.759312
229	9.8155673189e-2	0.533351	0.70960172	0.51735912	0.017596	-0.904451	-0.635703	2	0.759470
230	9.8056216588e-2	0.533237	0.70975741	0.51757104	0.013248	-0.928095	-0.764280	1	0.759635
231	9.7943165559e-2	0.533048	0.70993336	0.51780988	0.008919	-0.951655	-0.892505	0	0.759805
232	9.7816689045e-2	0.532782	0.71012920	0.51807509	0.008919	-0.951655	-0.892505	0	0.759981
233	9.7691153585e-2	0.532518	0.71032390	0.51833895	0.004627	-0.975050	-1.020032	-1	0.760157
234	9.7552480457e-2	0.532180	0.71053792	0.51862833	0.004627	-0.975050	-1.020032	-1	0.760338
235	9.7414821935e-2	0.531845	0.71075070	0.51891623	0.008882	-0.951817	-0.893193	0	0.760518
236	9.7292005837e-2	0.531587	0.71094224	0.51917648	0.008882	-0.951817	-0.893193	0	0.760690
237	9.7170087711e-2	0.531332	0.71113267	0.51943542	0.013102	-0.928746	-0.767034	1	0.760861
238	9.7062696596e-2	0.531153	0.71130243	0.51966757	0.008900	-0.951738	-0.892857	0	0.761025
239	9.6942561127e-2	0.530902	0.71149058	0.51992372	0.004716	-0.974652	-1.018345	-1	0.761195
240	9.6809854662e-2	0.530580	0.71169679	0.52020344	0.004716	-0.974652	-1.018345	-1	0.761369
241	9.6678092950e-2	0.530260	0.71190183	0.52048176	0.000566	-0.997411	-1.143171	-2	0.761543
242	9.6534042531e-2	0.529869	0.71212443	0.52078291	0.000566	-0.997411	-1.143171	-2	0.761722
243	9.6391013208e-2	0.529482	0.71234578	0.52108257	0.000566	-0.997411	-1.143171	-2	0.761900
244	9.6248993420e-2	0.529097	0.71256589	0.52138077	0.000566	-0.997411	-1.143171	-2	0.762077
245	9.6107971785e-2	0.528715	0.71278477	0.52167751	0.000566	-0.997411	-1.143171	-2	0.762253
246	9.5967937095e-2	0.528335	0.71300244	0.52197281	-0.003499	-1.019790	-1.266377	-3	0.762428
247	9.5816186316e-2	0.527889	0.71323662	0.52228943	0.000550	-0.997485	-1.143489	-2	0.762608
248	9.5678088691e-2	0.527514	0.71345199	0.52258207	0.000550	-0.997485	-1.143489	-2	0.762781
249	9.5540945690e-2	0.527143	0.71366618	0.52287330	0.004566	-0.975327	-1.021230	-1	0.762954
250	9.5417142077e-2	0.526842	0.71386204	0.52314123	0.004566	-0.975327	-1.021230	-1	0.763119
251	9.2978643962e-2	0.513749	0.71427365	0.52152593	0.000582	-0.997340	-1.142866	-2	0.763284
252	9.3246914415e-2	0.515602	0.71363658	0.52052007	0.000582	-0.997340	-1.142866	-2	0.763453
253	9.3472274999e-2	0.517219	0.71386723	0.52120674	0.004535	-0.975469	-1.021845	-1	0.763622
254	9.4458764704e-2	0.523050	0.71337391	0.52120658	0.008472	-0.953669	-0.901128	0	0.763783
255	9.3357913010e-2	0.517321	0.71350094	0.52035979	0.004550	-0.975399	-1.021542	-1	0.763939
256	9.0503879585e-2	0.501860	0.71485004	0.52020397	0.004550	-0.975399	-1.021542	-1	0.764099
257	9.1419660291e-2	0.507295	0.71499063	0.52140093	0.000659	-0.996991	-1.141357	-2	0.764258
258	8.9590954743e-2	0.497495	0.71553399	0.52065894	-0.003217	-1.018514	-1.260873	-3	0.764422
259	9.0068156427e-2	0.500493	0.71569490	0.52145796	0.000644	-0.997059	-1.141652	-2	0.764591
260	9.1248120976e-2	0.507402	0.71641100	0.52407013	0.000644	-0.997059	-1.141652	-2	0.764753
261	9.1384487221e-2	0.508511	0.71583309	0.52305068	0.000644	-0.997059	-1.141652	-2	0.764915
262	9.0473483229e-2	0.503788	0.71572776	0.52192901	0.004461	-0.975806	-1.023307	-1	0.765075
263	9.0040934131e-2	0.501722	0.71661211	0.52326516	0.000658	-0.996993	-1.141363	-2	0.765230
264	8.9734201891e-2	0.500353	0.71658763	0.52290947	0.000658	-0.996993	-1.141363	-2	0.765389
265	8.9509949354e-2	0.499441	0.71671998	0.52294991	0.004432	-0.975937	-1.023879	-1	0.765547
266	8.9459423196e-2	0.499496	0.71741804	0.52429550	0.000673	-0.996928	-1.141080	-2	0.765699
267	9.0727172599e-2	0.506915	0.71613406	0.52299529	0.004418	-0.976002	-1.024161	-1	0.765855
268	9.1310882859e-2	0.510518	0.71547629	0.52226346	0.004418	-0.976002	-1.024161	-1	0.766006
269	9.1974015112e-2	0.514568	0.71631224	0.52459849	0.000701	-0.996800	-1.140521	-2	0.766156
270	8.9755673809e-2	0.502490	0.71659293	0.52294153	0.000701	-0.996800	-1.140521	-2	0.766310
271	9.0283800561e-2	0.505781	0.71721915	0.52472210	-0.002990	-1.017472	-1.256328	-3	0.766463
272	8.9829353838e-2	0.503566	0.71827489	0.52637914	-0.002990	-1.017472	-1.256328	-3	0.766620
273	8.8088266523e-2	0.494129	0.71889616	0.52588058	-0.006653	-1.038019	-1.371589	-4	0.766777
274	9.0541980368e-2	0.508224	0.71950773	0.52955744	-0.003003	-1.017534	-1.256599	-3	0.766938
275	8.9861933285e-2	0.504734	0.71983038	0.52952270	-0.003003	-1.017534	-1.256599	-3	0.767093
276	8.8987986857e-2	0.500148	0.71979396	0.52857591	-0.003003	-1.017534	-1.256599	-3	0.767247
277	8.8755516512e-2	0.499163	0.71977315	0.52830181	-0.006613	-1.037837	-1.370785	-4	0.767401
278	8.9707394306e-2	0.504839	0.71965979	0.52902698	-0.003016	-1.017594	-1.256864	-3	0.767558
279	8.7514604237e-2	0.492813	0.72078982	0.52909425	-0.003016	-1.017594	-1.256864	-3	0.767710
280	8.6669335223e-2	0.488363	0.72015960	0.52698854	-0.003016	-1.017594	-1.256864	-3	0.767861
281	8.6847087782e-2	0.489675	0.72035208	0.52755124	-0.006575	-1.037659	-1.369999	-4	0.768012
282	8.6448381234e-2	0.487734	0.72046027	0.52736892	-0.010121	-1.057666	-1.482875	-5	0.768166
283	8.6211099387e-2	0.486700	0.72134899	0.52890907	-0.013654	-1.077614	-1.595494	-6	0.768324
284	8.6137107327e-2	0.486586	0.72099961	0.52813634	-0.013654	-1.077614	-1.595494	-6	0.768486
285	8.6382616461e-2	0.488277	0.72098926	0.52836114	-0.017163	-1.097448	-1.707602	-7	0.768647
286	8.6846414393e-2	0.491203	0.72060680	0.52806001	-0.020660	-1.117224	-1.819456	-8	0.768812
287	8.7254291589e-2	0.493814	0.72068835	0.52863100	-0.017175	-1.097504	-1.707854	-7	0.768980
288	8.7530786912e-2	0.495683	0.72084328	0.52921735	-0.017175	-1.097504	-1.707854	-7	0.769143
289	8.9062178524e-2	0.504664	0.72113916	0.53134051	-0.017175	-1.097504	-1.707854	-7	0.769305
290	8.9140250470e-2	0.505415	0.72191012	0.53296050	-0.020623	-1.117056	-1.818707	-8	0.769466
291	8.6529115532e-2	0.490908	0.72285219	0.53223349	-0.017187	-1.097560	-1.708100	-7	0.769631
292	8.7308397658e-2	0.495628	0.72299358	0.53329556	-0.017187	-1.097560	-1.708100	-7	0.769791
293	8.6631504570e-2	0.492082	0.72279144	0.53221439	-0.020600	-1.116946	-1.818218	-8	0.769950
294	8.6753925221e-2	0.493073	0.72213721	0.53102835	-0.020600	-1.116946	-1.818218	-8	0.770113
295	8.6532915326e-2	0.492111	0.72225538	0.53104368	-0.017210	-1.097668	-1.708585	-7	0.770275
296	8.6277270067e-2	0.490949	0.72301792	0.53231311	-0.017210	-1.097668	-1.708585	-7	0.770432
297	8.6707427152e-2	0.493689	0.72322784	0.53316310	-0.017210	-1.097668	-1.708585	-7	0.770588
298	8.7097522708e-2	0.496203	0.72261742	0.53233236	-0.013854	-1.078550	-1.599669	-6	0.770744
299	8.7547849667e-2	0.499062	0.72200933	0.53156650	-0.010510	-1.059485	-1.490990	-5	0.770895
300	8.9000554684e-2	0.507640	0.72185717	0.53271489	-0.010510	-1.059485	-1.490990	-5	0.771041
301	8.8651507030e-2	0.505944	0.72250227	0.53365605	-0.007188	-1.040525	-1.382780	-4	0.771187
302	9.0354097024e-2	0.515960	0.72236970	0.53509350	-0.003876	-1.021616	-1.274804	-3	0.771328
303	9.0693923525e-2	0.518201	0.72227162	0.53523717	-0.000576	-1.002759	-1.167059	-2	0.771465
304	8.7657213981e-2	0.501139	0.72275288	0.53316297	-0.000576	-1.002759	-1.167059	-2	0.771598
305	8.7636556945e-2	0.501308	0.72300185	0.53364026	0.002703	-0.984004	-1.059773	-1	0.771729
306	8.7178345934e-2	0.498973	0.72274248	0.53266331	0.002703	-0.984004	-1.059773	-1	0.771857
307	8.5916201557e-2	0.492029	0.72402926	0.53397473	-0.000555	-1.002658	-1.166603	-2	0.771984
308	8.5459503298e-2	0.489691	0.72451980	0.53449910	-0.000555	-1.002658	-1.166603	-2	0.772114
309	8.5371114826e-2	0.489462	0.72417140	0.53371391	0.002681	-0.984103	-1.060224	-1	0.772243
310	8.7254660585e-2	0.500543	0.72409303	0.53544071	-0.000544	-1.002609	-1.166380	-2	0.772369
311	8.5711067153e-2	0.491964	0.72436396	0.53443899	-0.003760	-1.021064	-1.272313	-3	0.772497
312	8.5799887976e-2	0.492749	0.72513057	0.53606102	-0.003760	-1.021064	-1.272313	-3	0.772628
313	8.4053200801e-2	0.482987	0.72555438	0.53516196	-0.006955	-1.039423	-1.377804	-4	0.772759
314	8.4957193374e-2	0.488452	0.72641506	0.53778732	-0.003770	-1.021113	-1.272532	-3	0.772893
315	8.3943882125e-2	0.482893	0.72729016	0.53852421	-0.003770	-1.021113	-1.272532	-3	0.773023
316	8.3859613474e-2	0.482674	0.72748568	0.53883098	-0.003770	-1.021113	-1.272532	-3	0.773152
317	8.3020594570e-2	0.478107	0.72790065	0.53882190	-0.006925	-1.039280	-1.377153	-4	0.773280
318	8.1860790541e-2	0.471686	0.72768993	0.53724066	-0.010069	-1.057399	-1.481560	-5	0.773412
319	8.4682474041e-2	0.488211	0.72757085	0.53982418	-0.006934	-1.039327	-1.377367	-4	0.773546
320	8.4004935743e-2	0.484567	0.72744977	0.53890447	-0.006934	-1.039327	-1.377367	-4	0.773677
321	8.3722710956e-2	0.483201	0.72842535	0.54057341	-0.003819	-1.021347	-1.273599	-3	0.773806
322	8.2712996703e-2	0.477630	0.72955895	0.54183089	-0.006925	-1.039280	-1.377157	-4	0.773932
323	8.2103418766e-2	0.474365	0.72958242	0.54126826	-0.003829	-1.021393	-1.273809	-3	0.774061
324	8.4250741473e-2	0.487032	0.72971520	0.54368115	-0.003829	-1.021393	-1.273809	-3	0.774186
325	8.4699252044e-2	0.489886	0.73010535	0.54490995	-0.003829	-1.021393	-1.273809	-3	0.774310
326	8.4122319967e-2	0.486807	0.73086627	0.54585485	-0.000761	-1.003642	-1.171084	-2	0.774434
327	8.3557561104e-2	0.483795	0.73137866	0.54631488	0.002297	-0.985935	-1.068566	-1	0.774554
328	8.2409337692e-2	0.477398	0.73110648	0.54462229	0.002297	-0.985935	-1.068566	-1	0.774671
329	8.0667106729e-2	0.467551	0.73157098	0.54380907	0.005336	-0.968318	-0.966455	0	0.774787
330	8.1925660764e-2	0.475094	0.73164880	0.54522325	0.008367	-0.950745	-0.864548	1	0.774899
331	8.1898412660e-2	0.475184	0.73194970	0.54579782	0.005346	-0.968274	-0.966254	0	0.775008
332	8.2086781535e-2	0.476525	0.73231396	0.54671471	0.005346	-0.968274	-0.966254	0	0.775119
333	8.3714712039e-2	0.486227	0.73181818	0.54735107	0.005346	-0.968274	-0.966254	0	0.775230
334	8.1115718161e-2	0.471375	0.73141930	0.54395433	0.008340	-0.950876	-0.865148	1	0.775340
335	8.1169194812e-2	0.471928	0.73111801	0.54340521	0.011325	-0.933520	-0.764240	2	0.775447
336	8.0850812559e-2	0.470318	0.73066692	0.54218465	0.011325	-0.933520	-0.764240	2	0.775551
337	8.0938907300e-2	0.471071	0.73024944	0.54143779	0.008357	-0.950790	-0.864754	1	0.775654
338	8.1163379552e-2	0.472618	0.73018870	0.54154079	0.008357	-0.950790	-0.864754	1	0.775760
339	8.1341352578e-2	0.473895	0.72961276	0.54056688	0.011307	-0.933604	-0.764630	2	0.775865
340	8.3363180596e-2	0.485919	0.72868370	0.54073059	0.011307	-0.933604	-0.764630	2	0.775967
341	8.3032017544e-2	0.484233	0.72904957	0.54113115	0.014240	-0.916502	-0.664891	3	0.776068
342	8.2902109609e-2	0.483718	0.72919319	0.54128848	0.014240	-0.916502	-0.664891	3	0.776166
343	8.2718341021e-2	0.482887	0.72904680	0.54081195	0.014240	-0.916502	-0.664891	3	0.776264
344	8.2916143144e-2	0.484283	0.72898754	0.54089122	0.014240	-0.916502	-0.664891	3	0.776361
345	8.3467176326e-2	0.487744	0.72890152	0.54127021	0.011341	-0.933440	-0.763868	2	0.776458
346	8.2434314002e-2	0.481947	0.72939379	0.54122190	0.014231	-0.916543	-0.665079	3	0.776558
347	8.2437442430e-2	0.482203	0.72996452	0.54236647	0.011349	-0.933400	-0.763680	2	0.776654
348	8.3470743114e-2	0.488488	0.72994105	0.54335285	0.011349	-0.933400	-0.763680	2	0.776752
349	8.1118418079e-2	0.474954	0.72979822	0.54071486	0.008484	-0.950176	-0.861909	1	0.776851
350	8.1884130166e-2	0.479672	0.72970233	0.54128879	0.008484	-0.950176	-0.861909	1	0.776951
351	8.3541776268e-2	0.489620	0.72959041	0.54272260	0.008484	-0.950176	-0.861909	1	0.777052
352	8.1028039354e-2	0.475119	0.72984610	0.54072023	0.008484	-0.950176	-0.861909	1	0.777152
353	8.2043422076e-2	0.481305	0.72983049	0.54170441	0.005651	-0.966795	-0.959404	0	0.777251
354	8.1999162702e-2	0.481277	0.73032237	0.54264391	0.002826	-0.983375	-1.056716	-1	0.777353
355	8.2199919509e-2	0.482688	0.73002599	0.54225191	0.005643	-0.966834	-0.959584	0	0.777457
356	8.1727736242e-2	0.480145	0.73000893	0.54174560	0.005643	-0.966834	-0.959584	0	0.777559
357	8.2695557687e-2	0.486063	0.73022218	0.54313992	0.002842	-0.983298	-1.056357	-1	0.777659
358	8.4008435028e-2	0.494014	0.73024299	0.54449441	0.005635	-0.966872	-0.959763	0	0.777762
359	8.2512217423e-2	0.485446	0.73080135	0.54411492	0.002850	-0.983260	-1.056179	-1	0.777862
360	8.2157910336e-2	0.483590	0.73085559	0.54386908	0.002850	-0.983260	-1.056179	-1	0.777965
361	8.2419444966e-2	0.485358	0.73094426	0.54430796	0.002850	-0.983260	-1.056179	-1	0.778067
362	8.2527676565e-2	0.486224	0.73149995	0.54552758	0.005612	-0.966985	-0.960291	0	0.778168
363	8.0978725013e-2	0.477321	0.73161889	0.54421651	0.005612	-0.966985	-0.960291	0	0.778267
364	8.1569320030e-2	0.481027	0.73144572	0.54446077	0.005612	-0.966985	-0.960291	0	0.778365
365	8.2331817079e-2	0.485749	0.73104809	0.54442801	0.008352	-0.950821	-0.864925	1	0.778463
366	8.2346449165e-2	0.486061	0.73143627	0.54521900	0.005620	-0.966948	-0.960119	0	0.778558
367	8.0190622816e-2	0.473555	0.73216401	0.54451865	0.002895	-0.983039	-1.055141	-1	0.778655
368	8.1264718781e-2	0.480119	0.73226145	0.54578761	0.002895	-0.983039	-1.055141	-1	0.778754
369	8.1710183649e-2	0.482972	0.73259334	0.54689685	0.002895	-0.983039	-1.055141	-1	0.778853
370	8.1037497158e-2	0.479215	0.73251032	0.54605813	0.000192	-0.999022	-1.149654	-2	0.778952
371	8.0770778558e-2	0.477856	0.73253481	0.54584040	0.002888	-0.983075	-1.055310	-1	0.779052
372	8.1682025963e-2	0.483467	0.73200195	0.54568593	0.002888	-0.983075	-1.055310	-1	0.779150
373	8.0127795893e-2	0.474483	0.73309155	0.54631089	0.000207	-0.998951	-1.149318	-2	0.779248
374	8.1605376963e-2	0.483451	0.73356421	0.54873379	-0.002467	-1.014791	-1.243160	-3	0.779347
375	8.0541636135e-2	0.477364	0.73389348	0.54832859	-0.002467	-1.014791	-1.243160	-3	0.779449
376	8.0468597912e-2	0.477146	0.73397239	0.54841338	-0.002467	-1.014791	-1.243160	-3	0.779550
377	8.0998006517e-2	0.480500	0.73363821	0.54827443	0.000186	-0.999055	-1.149814	-2	0.779651
378	8.0431910621e-2	0.477355	0.73355902	0.54754995	0.000186	-0.999055	-1.149814	-2	0.779749
379	7.9642700681e-2	0.472881	0.73401889	0.54768049	-0.002453	-1.014722	-1.242833	-3	0.779847
380	7.8093926402e-2	0.463891	0.73417742	0.54644876	-0.002453	-1.014722	-1.242833	-3	0.779947
381	7.8637544843e-2	0.467327	0.73449016	0.54761787	0.000172	-0.999124	-1.150138	-2	0.780046
382	7.9614450165e-2	0.473341	0.73438097	0.54837639	0.002789	-0.983560	-1.057604	-1	0.780143
383	7.9678404780e-2	0.473930	0.73423104	0.54814048	0.000179	-0.999090	-1.149978	-2	0.780237
384	7.9703860346e-2	0.474289	0.73410785	0.54791956	0.000179	-0.999090	-1.149978	-2	0.780333
385	8.0051932870e-2	0.476569	0.73447565	0.54900324	-0.002419	-1.014553	-1.242032	-3	0.780429
386	8.0163452217e-2	0.477440	0.73439990	0.54896325	0.000172	-0.999123	-1.150136	-2	0.780527
387	8.1548496369e-2	0.485901	0.73452632	0.55060113	0.000172	-0.999123	-1.150136	-2	0.780622
388	8.0895824995e-2	0.482220	0.73538083	0.55165749	0.000172	-0.999123	-1.150136	-2	0.780717
389	8.0389974084e-2	0.479412	0.73567564	0.55174126	-0.002399	-1.014454	-1.241561	-3	0.780811
390	8.1591484296e-2	0.486787	0.73556953	0.55273053	0.000165	-0.999156	-1.150292	-2	0.780908
391	7.9808932812e-2	0.476356	0.73577623	0.55136139	0.002723	-0.983891	-1.059178	-1	0.781002
392	7.8672297968e-2	0.469773	0.73635594	0.55138418	0.002723	-0.983891	-1.059178	-1	0.781093
393	7.8536733137e-2	0.469163	0.73678933	0.55211538	0.005267	-0.968690	-0.968373	0	0.781184
394	7.7325319970e-2	0.462123	0.73736632	0.55205796	0.007805	-0.953522	-0.877721	1	0.781273
395	7.9236185855e-2	0.473744	0.73730925	0.55385469	0.010337	-0.938385	-0.787223	2	0.781359
396	7.8485911883e-2	0.469457	0.73711044	0.55270679	0.010337	-0.938385	-0.787223	2	0.781442
397	7.7309747002e-2	0.462617	0.73740363	0.55211700	0.007818	-0.953458	-0.877418	1	0.781526
398	7.7721984602e-2	0.465279	0.73738244	0.55248687	0.010331	-0.938417	-0.787373	2	0.781611
399	7.8056649506e-2	0.467478	0.73712921	0.55231507	0.007824	-0.953427	-0.877267	1	0.781694
400	7.7373720267e-2	0.463582	0.73756170	0.55249712	0.007824	-0.953427	-0.877267	1	0.781779
401	7.7008949494e-2	0.461589	0.73758956	0.55218807	0.005331	-0.968374	-0.966862	0	0.781863
402	7.6845969226e-2	0.460803	0.73741568	0.55167733	0.002843	-0.983291	-1.056309	-1	0.781949
403	7.7372007049e-2	0.464150	0.73721751	0.55180703	0.005324	-0.968405	-0.967010	0	0.782037
404	7.7382166145e-2	0.464402	0.73742428	0.55223073	0.005324	-0.968405	-0.967010	0	0.782123
405	7.7188506456e-2	0.463431	0.73814947	0.55348744	0.005324	-0.968405	-0.967010	0	0.782208
406	7.7295239647e-2	0.464263	0.73879497	0.55488517	0.002861	-0.983199	-1.055868	-1	0.782293
407	7.7507159102e-2	0.465726	0.73834205	0.55419127	0.005318	-0.968436	-0.967156	0	0.782380
408	7.7336654963e-2	0.464891	0.73797858	0.55329381	0.005318	-0.968436	-0.967156	0	0.782464
409	7.9491478529e-2	0.478039	0.73792378	0.55533905	0.002873	-0.983139	-1.055578	-1	0.782549
410	7.8337610749e-2	0.471291	0.73841175	0.55516112	0.000434	-0.997813	-1.143857	-2	0.782635
411	7.8308765558e-2	0.471309	0.73876494	0.55583864	0.002867	-0.983169	-1.055722	-1	0.782722
412	7.9127076876e-2	0.476426	0.73900743	0.55714194	0.002867	-0.983169	-1.055722	-1	0.782808
413	7.8068770727e-2	0.470243	0.73875925	0.55558727	0.005289	-0.968584	-0.967872	0	0.782893
414	7.9617040250e-2	0.479762	0.73854191	0.55670086	0.005289	-0.968584	-0.967872	0	0.782976
415	7.8342644127e-2	0.472271	0.73824834	0.55483933	0.007698	-0.954058	-0.880306	1	0.783058
416	7.8349501751e-2	0.472501	0.73810430	0.55455811	0.007698	-0.954058	-0.880306	1	0.783139
417	7.7979566017e-2	0.470457	0.73779252	0.55356460	0.010096	-0.939590	-0.793020	2	0.783219
418	7.7692982644e-2	0.468915	0.73795600	0.55360499	0.007704	-0.954029	-0.880166	1	0.783297
419	7.7492998366e-2	0.467893	0.73807067	0.55363433	0.005318	-0.968440	-0.967173	0	0.783376
420	7.7757692925e-2	0.469676	0.73815114	0.55405997	0.005318	-0.968440	-0.967173	0	0.783458
421	7.7420798926e-2	0.467825	0.73816715	0.55375509	0.002942	-0.982793	-1.053903	-1	0.783539
422	7.8251357975e-2	0.473030	0.73777325	0.55379785	0.005312	-0.968468	-0.967310	0	0.783621
423	7.8475998819e-2	0.474574	0.73851793	0.55551186	0.005312	-0.968468	-0.967310	0	0.783702
424	8.0823576384e-2	0.488961	0.73823528	0.55729414	0.005312	-0.968468	-0.967310	0	0.783782
425	7.8780765747e-2	0.476788	0.73836667	0.55551410	0.005312	-0.968468	-0.967310	0	0.783862
426	7.7805861532e-2	0.471071	0.73860464	0.55501515	0.002964	-0.982680	-1.053358	-1	0.783942
427	7.8381867244e-2	0.474742	0.73901817	0.55641821	0.005306	-0.968496	-0.967445	0	0.784023
428	7.6719447677e-2	0.464853	0.73956662	0.55585268	0.005306	-0.968496	-0.967445	0	0.784103
429	7.5548763180e-2	0.457936	0.74040920	0.55636716	0.002975	-0.982625	-1.053089	-1	0.784182
430	7.5979770168e-2	0.460725	0.74055114	0.55708204	0.000650	-0.996727	-1.138600	-2	0.784262
431	7.7051381988e-2	0.467402	0.74112113	0.55929363	-0.001670	-1.010801	-1.223977	-3	0.784344
432	7.7071748267e-2	0.467704	0.74105676	0.55918527	-0.001670	-1.010801	-1.223977	-3	0.784428
433	7.5556363535e-2	0.458683	0.74067943	0.55691523	-0.003980	-1.024822	-1.309090	-4	0.784511
434	7.5903268830e-2	0.460964	0.74065422	0.55721171	-0.006284	-1.038815	-1.394071	-5	0.784596
435	7.5115740600e-2	0.456354	0.74086742	0.55685058	-0.008583	-1.052781	-1.478921	-6	0.784683
436	7.5884752248e-2	0.461200	0.74097999	0.55784473	-0.008583	-1.052781	-1.478921	-6	0.784770
437	7.5536357193e-2	0.459256	0.74112681	0.55778999	-0.006295	-1.038868	-1.394332	-5	0.784858
438	7.5406096439e-2	0.458636	0.74148401	0.55837412	-0.008578	-1.052755	-1.478792	-6	0.784944
439	7.4952997998e-2	0.456051	0.74171689	0.55838678	-0.010856	-1.066614	-1.563122	-7	0.785031
440	7.4855556571e-2	0.455629	0.74137503	0.55760561	-0.010856	-1.066614	-1.563122	-7	0.785119
441	7.5136574336e-2	0.457510	0.74176795	0.55867248	-0.010856	-1.066614	-1.563122	-7	0.785207
442	7.4884256440e-2	0.456143	0.74123692	0.55735810	-0.013118	-1.080396	-1.647068	-8	0.785295
443	7.4738096072e-2	0.455422	0.74110151	0.55694112	-0.015375	-1.094151	-1.730887	-9	0.785385
444	7.5281097624e-2	0.458900	0.74118729	0.55765567	-0.015375	-1.094151	-1.730887	-9	0.785475
445	7.6297571314e-2	0.465268	0.74056383	0.55742522	-0.013128	-1.080447	-1.647322	-8	0.785566
446	7.5161248268e-2	0.458508	0.74075468	0.55667060	-0.010886	-1.066770	-1.563882	-7	0.785654
447	7.5321440650e-2	0.459654	0.74108098	0.55748341	-0.008649	-1.053117	-1.480569	-6	0.785741
448	7.6022939369e-2	0.464104	0.74072504	0.55747301	-0.008649	-1.053117	-1.480569	-6	0.785826
449	7.4729638316e-2	0.456376	0.74132881	0.55738725	-0.010876	-1.066719	-1.563633	-7	0.785910
450	7.4775642041e-2	0.456823	0.74143973	0.55765510	-0.010876	-1.066719	-1.563633	-7	0.785996
451	7.4560200394e-2	0.455672	0.74155294	0.55766608	-0.008659	-1.053168	-1.480817	-6	0.786082
452	7.4883997533e-2	0.457817	0.74186564	0.55861527	-0.008659	-1.053168	-1.480817	-6	0.786166
453	7.5334710137e-2	0.460739	0.74136542	0.55806556	-0.006451	-1.039667	-1.398247	-5	0.786249
454	7.6016477472e-2	0.465076	0.74127326	0.55856300	-0.004249	-1.026191	-1.315799	-4	0.786331
455	7.5175260654e-2	0.460095	0.74126474	0.55770473	-0.006446	-1.039642	-1.398125	-5	0.786411
456	7.4478509652e-2	0.455994	0.74172236	0.55792323	-0.006446	-1.039642	-1.398125	-5	0.786492
457	7.4353148959e-2	0.455389	0.74215076	0.55865468	-0.008635	-1.053044	-1.480207	-6	0.786573
458	7.5316718580e-2	0.461456	0.74206462	0.55944597	-0.006451	-1.039667	-1.398245	-5	0.786655
459	7.4728506613e-2	0.458015	0.74224486	0.55921822	-0.006451	-1.039667	-1.398245	-5	0.786736
460	7.6372604745e-2	0.468258	0.74216841	0.56070943	-0.006451	-1.039667	-1.398245	-5	0.786816
461	7.5364104916e-2	0.462238	0.74249436	0.56035282	-0.008620	-1.052971	-1.479848	-6	0.786896
462	7.5920235852e-2	0.465814	0.74261743	0.56115509	-0.006456	-1.039691	-1.398365	-5	0.786977
463	7.5665893006e-2	0.464417	0.74235759	0.56038107	-0.008616	-1.052947	-1.479729	-6	0.787057
464	7.5527416848e-2	0.463730	0.74225196	0.56003135	-0.008616	-1.052947	-1.479729	-6	0.787138
465	7.5434951670e-2	0.463324	0.74253672	0.56050839	-0.010766	-1.066156	-1.560857	-7	0.787219
466	7.5568606384e-2	0.464308	0.74254536	0.56065933	-0.008620	-1.052971	-1.479846	-6	0.787300
467	7.5717092609e-2	0.465382	0.74226984	0.56025678	-0.010762	-1.066132	-1.560740	-7	0.787381
468	7.6556610266e-2	0.470706	0.74253539	0.56162740	-0.010762	-1.066132	-1.560740	-7	0.787462
469	7.5806890229e-2	0.466258	0.74288745	0.56158179	-0.008629	-1.053018	-1.480079	-6	0.787543
470	7.7197202375e-2	0.474974	0.74321971	0.56363662	-0.010757	-1.066109	-1.560624	-7	0.787623
471	7.6698897772e-2	0.472071	0.74330860	0.56331609	-0.008634	-1.053041	-1.480195	-6	0.787704
472	7.6206600481e-2	0.469202	0.74334804	0.56290267	-0.008634	-1.053041	-1.480195	-6	0.787783
473	7.6794979077e-2	0.472988	0.74339751	0.56358999	-0.006520	-1.040020	-1.399995	-5	0.787862
474	7.4660886273e-2	0.460001	0.74423989	0.56314067	-0.008629	-1.053018	-1.480080	-6	0.787939
475	7.5180510834e-2	0.463361	0.74388464	0.56294978	-0.008629	-1.053018	-1.480080	-6	0.788017
476	7.6441648992e-2	0.471295	0.74391423	0.56427011	-0.008629	-1.053018	-1.480080	-6	0.788095
477	7.7843009572e-2	0.480098	0.74432816	0.56649933	-0.008629	-1.053018	-1.480080	-6	0.788173
478	7.7201714160e-2	0.476305	0.74409315	0.56538802	-0.006537	-1.040111	-1.400448	-5	0.788251
479	7.5441262911e-2	0.465601	0.74468096	0.56480318	-0.008625	-1.052996	-1.479968	-6	0.788327
480	7.4466403710e-2	0.459740	0.74458187	0.56363014	-0.008625	-1.052996	-1.479968	-6	0.788405
481	7.5293228277e-2	0.465001	0.74455871	0.56441064	-0.006546	-1.040156	-1.400672	-5	0.788482
482	7.4544517051e-2	0.460532	0.74436130	0.56326713	-0.004471	-1.027339	-1.321488	-4	0.788557
483	7.3854806184e-2	0.456424	0.74442139	0.56269758	-0.006542	-1.040134	-1.400561	-5	0.788631
484	7.4482120803e-2	0.460455	0.74505451	0.56459113	-0.006542	-1.040134	-1.400561	-5	0.788706
485	7.4102411694e-2	0.458260	0.74501204	0.56412650	-0.004480	-1.027383	-1.321708	-4	0.788781
486	7.3824916839e-2	0.456696	0.74507361	0.56397214	-0.004480	-1.027383	-1.321708	-4	0.788854
487	7.3852996886e-2	0.457022	0.74504660	0.56394621	-0.006533	-1.040090	-1.400342	-5	0.788927
488	7.3107963598e-2	0.452561	0.74575429	0.56461654	-0.006533	-1.040090	-1.400342	-5	0.789002
489	7.4367642952e-2	0.460511	0.74551795	0.56540355	-0.004488	-1.027426	-1.321926	-4	0.789076
490	7.4217282033e-2	0.459732	0.74506297	0.56434322	-0.004488	-1.027426	-1.321926	-4	0.789148
491	7.5458541481e-2	0.467575	0.74495811	0.56537477	-0.006525	-1.040046	-1.400126	-5	0.789221
492	7.5661003278e-2	0.468983	0.74448222	0.56462545	-0.006525	-1.040046	-1.400126	-5	0.789294
493	7.3849581752e-2	0.457905	0.74460990	0.56306939	-0.004497	-1.027469	-1.322141	-4	0.789367
494	7.3871998771e-2	0.458194	0.74492430	0.56372060	-0.006521	-1.040025	-1.400019	-5	0.789439
495	7.4389304706e-2	0.461553	0.74535897	0.56510724	-0.006521	-1.040025	-1.400019	-5	0.789512
496	7.5966036559e-2	0.471489	0.74545352	0.56687307	-0.006521	-1.040025	-1.400019	-5	0.789585
497	7.5717071047e-2	0.470096	0.74571133	0.56713973	-0.004509	-1.027533	-1.322460	-4	0.789657
498	7.6143480582e-2	0.472897	0.74624126	0.56862601	-0.006517	-1.040004	-1.399913	-5	0.789728
499	7.4404301754e-2	0.462245	0.74690921	0.56822272	-0.008521	-1.052454	-1.477261	-6	0.789800
500	7.5059899308e-2	0.466468	0.74716435	0.56938860	-0.008521	-1.052454	-1.477261	-6	0.789874
501	7.3624802349e-2	0.457696	0.74660479	0.56683439	-0.006525	-1.040046	-1.400122	-5	0.789947
502	7.3137206885e-2	0.454811	0.74647426	0.56608574	-0.004533	-1.027658	-1.323089	-4	0.790018
503	7.3122399835e-2	0.454864	0.74632298	0.56576836	-0.006521	-1.040025	-1.400019	-5	0.790088
504	7.3698336085e-2	0.458594	0.74620532	0.56610898	-0.006521	-1.040025	-1.400019	-5	0.790159
505	7.3214223297e-2	0.455726	0.74695261	0.56711945	-0.004541	-1.027699	-1.323295	-4	0.790230
506	7.2223181650e-2	0.449700	0.74738023	0.56698364	-0.006517	-1.040005	-1.399916	-5	0.790300
507	7.1610848685e-2	0.446029	0.74735607	0.56632300	-0.006517	-1.040005	-1.399916	-5	0.790370
508	7.1585291830e-2	0.446011	0.74762318	0.56683166	-0.006517	-1.040005	-1.399916	-5	0.790441
509	7.2140338231e-2	0.449611	0.74789123	0.56792280	-0.008482	-1.052249	-1.476229	-6	0.790511
510	7.2417141150e-2	0.451478	0.74776770	0.56795253	-0.006521	-1.040025	-1.400017	-5	0.790582
511	7.2850598518e-2	0.454323	0.74763751	0.56812561	-0.004564	-1.027821	-1.323907	-4	0.790652
512	7.2842493293e-2	0.454415	0.74751871	0.56787991	-0.004564	-1.027821	-1.323907	-4	0.790721
513	7.3228361213e-2	0.456965	0.74779940	0.56882715	-0.004564	-1.027821	-1.323907	-4	0.790789
514	7.1428167384e-2	0.445871	0.74782778	0.56708373	-0.002618	-1.015676	-1.248099	-3	0.790857
515	7.1103138872e-2	0.443980	0.74821563	0.56753440	-0.000677	-1.003552	-1.172391	-2	0.790924
516	7.1610443695e-2	0.447286	0.74815375	0.56791794	-0.000677	-1.003552	-1.172391	-2	0.790989
517	7.1934340851e-2	0.449449	0.74790618	0.56774670	0.001258	-0.991466	-1.096882	-1	0.791054
518	7.2071916146e-2	0.450448	0.74804726	0.56816644	-0.000673	-1.003532	-1.172292	-2	0.791118
519	7.1498695278e-2	0.447003	0.74821965	0.56793799	0.001254	-0.991486	-1.096981	-1	0.791183
520	7.2324045863e-2	0.452302	0.74787898	0.56808200	0.001254	-0.991486	-1.096981	-1	0.791247
521	7.3120506523e-2	0.457424	0.74838611	0.56989273	-0.000665	-1.003493	-1.172095	-2	0.791310
522	7.2446227203e-2	0.453344	0.74872090	0.56988803	-0.000665	-1.003493	-1.172095	-2	0.791374
523	7.3586627781e-2	0.460621	0.74907419	0.57173501	-0.002578	-1.015462	-1.247014	-3	0.791438
524	7.3423384315e-2	0.459740	0.74950417	0.57243172	-0.002578	-1.015462	-1.247014	-3	0.791504
525	7.2399192618e-2	0.453465	0.74965799	0.57171517	-0.002578	-1.015462	-1.247014	-3	0.791569
526	7.3210836436e-2	0.458688	0.74991757	0.57304598	-0.000676	-1.003550	-1.172386	-2	0.791634
527	7.4104707043e-2	0.464429	0.74999056	0.57408584	0.001221	-0.991658	-1.097855	-1	0.791697
528	7.3402019048e-2	0.460164	0.74970272	0.57280745	0.001221	-0.991658	-1.097855	-1	0.791759
529	7.2595432397e-2	0.455245	0.74957326	0.57174196	0.001221	-0.991658	-1.097855	-1	0.791821
530	7.2125620279e-2	0.452435	0.74967850	0.57148262	-0.000666	-1.003494	-1.172099	-2	0.791883
531	7.2979110340e-2	0.457927	0.74958660	0.57215232	-0.000666	-1.003494	-1.172099	-2	0.791946
532	7.3103121240e-2	0.458842	0.74965076	0.57240465	-0.000666	-1.003494	-1.172099	-2	0.792009
533	7.4483478224e-2	0.467646	0.74930899	0.57310145	0.001211	-0.991714	-1.098140	-1	0.792072
534	7.2937859134e-2	0.458079	0.74938537	0.57170861	-0.000662	-1.003475	-1.172004	-2	0.792133
535	7.4375332777e-2	0.467246	0.74932751	0.57303035	0.001207	-0.991733	-1.098234	-1	0.792195
536	7.2488078410e-2	0.455525	0.74949413	0.57147634	0.001207	-0.991733	-1.098234	-1	0.792256
537	7.2918357156e-2	0.458365	0.74959876	0.57211588	0.003069	-0.980027	-1.024652	0	0.792317
538	7.1704435131e-2	0.450867	0.74938917	0.57048277	0.004928	-0.968340	-0.951163	1	0.792377
539	7.1919528510e-2	0.452353	0.74998918	0.57189789	0.004928	-0.968340	-0.951163	1	0.792435
540	7.1500798714e-2	0.449852	0.75022826	0.57195731	0.004928	-0.968340	-0.951163	1	0.792494
541	7.0744639621e-2	0.445226	0.75038359	0.57151181	0.003080	-0.979972	-1.024374	0	0.792552
542	7.1874606809e-2	0.452470	0.75055930	0.57299321	0.004925	-0.968358	-0.951255	1	0.792611
543	7.0910883149e-2	0.446534	0.75032693	0.57156475	0.006766	-0.956761	-0.878228	2	0.792669
544	7.0646406950e-2	0.444998	0.75037224	0.57139088	0.006766	-0.956761	-0.878228	2	0.792725
545	7.0257824090e-2	0.442679	0.75018338	0.57062459	0.008601	-0.945200	-0.805384	3	0.792782
546	6.9760607186e-2	0.439675	0.75016682	0.57009426	0.010433	-0.933656	-0.732631	4	0.792837
547	6.9686294155e-2	0.439334	0.75029351	0.57027332	0.008604	-0.945182	-0.805293	3	0.792891
548	6.9321165383e-2	0.437158	0.75072828	0.57077772	0.008604	-0.945182	-0.805293	3	0.792946
549	6.8840899446e-2	0.434255	0.75087225	0.57058540	0.008604	-0.945182	-0.805293	3	0.793001
550	6.9293352755e-2	0.437235	0.75113540	0.57156416	0.008604	-0.945182	-0.805293	3	0.793056
551	7.0587208045e-2	0.445528	0.75107342	0.57273405	0.010419	-0.933727	-0.732992	4	0.793110
552	7.0697216068e-2	0.446350	0.75131270	0.57332261	0.010419	-0.933727	-0.732992	4	0.793164
553	7.0825249414e-2	0.447287	0.75128480	0.57339486	0.012228	-0.922307	-0.660870	5	0.793217
554	6.9930302482e-2	0.441761	0.75163848	0.57320727	0.014033	-0.910904	-0.588836	6	0.793269
555	7.1970244667e-2	0.454778	0.75173888	0.57544800	0.012231	-0.922289	-0.660781	5	0.793320
556	7.0496346915e-2	0.445591	0.75153225	0.57356085	0.012231	-0.922289	-0.660781	5	0.793372
557	7.0095989402e-2	0.443186	0.75152731	0.57315061	0.010436	-0.933640	-0.732549	4	0.793424
558	7.0182363324e-2	0.443858	0.75128980	0.57276196	0.010436	-0.933640	-0.732549	4	0.793476
559	7.0481666001e-2	0.445878	0.75142682	0.57333531	0.012224	-0.922324	-0.660957	5	0.793529
560	7.1621962809e-2	0.453219	0.75149846	0.57461888	0.012224	-0.922324	-0.660957	5	0.793580
561	6.9997476805e-2	0.443064	0.75137014	0.57273776	0.010442	-0.933606	-0.732374	4	0.793632
562	6.9986792983e-2	0.443122	0.75133008	0.57264694	0.012221	-0.922340	-0.661043	5	0.793684
563	7.0768823136e-2	0.448199	0.75169786	0.57416453	0.010445	-0.933590	-0.732288	4	0.793735
564	6.9548692662e-2	0.440595	0.75169813	0.57294496	0.010445	-0.933590	-0.732288	4	0.793787
565	7.0216773543e-2	0.444951	0.75109067	0.57239810	0.012215	-0.922374	-0.661216	5	0.793839
566	7.0846303390e-2	0.449066	0.75117721	0.57320073	0.013982	-0.911175	-0.590231	6	0.793889
567	7.1174897826e-2	0.451274	0.75146604	0.57410697	0.013982	-0.911175	-0.590231	6	0.793939
568	6.9940629359e-2	0.443572	0.75171245	0.57336553	0.013982	-0.911175	-0.590231	6	0.793988
569	6.9479485404e-2	0.440770	0.75147631	0.57243211	0.012224	-0.922324	-0.660960	5	0.794038
570	6.8632983812e-2	0.435520	0.75187048	0.57237394	0.013979	-0.911192	-0.590316	6	0.794088
571	6.9134002527e-2	0.438820	0.75164298	0.57241996	0.012227	-0.922308	-0.660875	5	0.794137
572	6.9289068158e-2	0.439926	0.75192551	0.57314009	0.012227	-0.922308	-0.660875	5	0.794187
573	7.0708421021e-2	0.449061	0.75203998	0.57478838	0.013973	-0.911224	-0.590484	6	0.794237
574	7.0834620191e-2	0.449986	0.75201380	0.57486222	0.012230	-0.922292	-0.660791	5	0.794286
575	7.0650072144e-2	0.448937	0.75190778	0.57446563	0.012230	-0.922292	-0.660791	5	0.794335
576	7.0511517819e-2	0.448179	0.75213303	0.57477758	0.012230	-0.922292	-0.660791	5	0.794385
577	7.0265780051e-2	0.446739	0.75251550	0.57529678	0.010497	-0.933310	-0.730847	4	0.794434
578	6.9864823012e-2	0.444311	0.75264020	0.57514522	0.010497	-0.933310	-0.730847	4	0.794485
579	7.1043486881e-2	0.451929	0.75278690	0.57661729	0.012224	-0.922324	-0.660957	5	0.794535
580	7.0939449596e-2	0.451390	0.75252656	0.57599257	0.012224	-0.922324	-0.660957	5	0.794584
581	7.0217990015e-2	0.446920	0.75236366	0.57494531	0.013946	-0.911369	-0.591232	6	0.794633
582	7.0494850467e-2	0.448803	0.75203699	0.57456883	0.012227	-0.922308	-0.660875	5	0.794681
583	7.0648580160e-2	0.449903	0.75190341	0.57445541	0.013943	-0.911385	-0.591314	6	0.794730
584	6.9906962769e-2	0.445300	0.75207366	0.57405429	0.013943	-0.911385	-0.591314	6	0.794777
585	7.0507029548e-2	0.449243	0.75168784	0.57388271	0.013943	-0.911385	-0.591314	6	0.794825
586	6.9215039853e-2	0.441130	0.75218722	0.57358949	0.015649	-0.900509	-0.521998	7	0.794872
587	6.9485643474e-2	0.442973	0.75233825	0.57416214	0.013946	-0.911369	-0.591233	6	0.794919
588	6.9368907030e-2	0.442347	0.75231181	0.57399254	0.013946	-0.911369	-0.591233	6	0.794966
589	6.9858536466e-2	0.445588	0.75257053	0.57499960	0.015643	-0.900540	-0.522160	7	0.795013
590	7.0162038977e-2	0.447642	0.75265730	0.57547664	0.013948	-0.911354	-0.591153	6	0.795060
591	6.9307691811e-2	0.442309	0.75255937	0.57442643	0.015640	-0.900555	-0.522240	7	0.795107
592	6.9630568467e-2	0.444487	0.75228101	0.57419259	0.015640	-0.900555	-0.522240	7	0.795153
593	6.9580453904e-2	0.444285	0.75250793	0.57459631	0.013954	-0.911323	-0.590993	6	0.795198
594	6.9516257320e-2	0.443992	0.75246400	0.57444427	0.013954	-0.911323	-0.590993	6	0.795245
595	6.9471819203e-2	0.443825	0.75262199	0.57471580	0.012273	-0.922060	-0.659587	5	0.795292
596	6.8573679266e-2	0.438202	0.75292391	0.57442150	0.012273	-0.922060	-0.659587	5	0.795339
597	6.8081661678e-2	0.435172	0.75341086	0.57490337	0.013948	-0.911353	-0.591151	6	0.795386
598	6.8636333237e-2	0.438833	0.75361242	0.57586117	0.012276	-0.922045	-0.659509	5	0.795432
599	6.8395779512e-2	0.437409	0.75347990	0.57535559	0.010607	-0.932721	-0.727788	4	0.795480
600	6.8964546846e-2	0.441161	0.75297797	0.57492048	0.010607	-0.932721	-0.727788	4	0.795527
601	6.8483121640e-2	0.438196	0.75289550	0.57427412	0.008943	-0.943368	-0.795911	3	0.795575
602	6.9070400519e-2	0.442068	0.75275728	0.57458496	0.007282	-0.954000	-0.863957	2	0.795623
603	6.9174122523e-2	0.442847	0.75269896	0.57457205	0.007282	-0.954000	-0.863957	2	0.795673
604	6.9560887634e-2	0.445438	0.75280694	0.57517477	0.007282	-0.954000	-0.863957	2	0.795722
605	6.9937255414e-2	0.447964	0.75306346	0.57606418	0.007282	-0.954000	-0.863957	2	0.795771
606	6.9215600392e-2	0.443456	0.75337356	0.57596272	0.005632	-0.964572	-0.931693	1	0.795820
607	6.8638937298e-2	0.439875	0.75384036	0.57631966	0.003984	-0.975130	-0.999352	0	0.795869
608	7.0079317145e-2	0.449221	0.75392759	0.57793450	0.003984	-0.975130	-0.999352	0	0.795920
609	6.9154010173e-2	0.443403	0.75420068	0.57755537	0.002342	-0.985658	-1.066859	-1	0.795970
610	6.8660920043e-2	0.440354	0.75405265	0.57676623	0.000703	-0.996172	-1.134289	-2	0.796021
611	6.9334188186e-2	0.444786	0.75430546	0.57794511	0.002339	-0.985673	-1.066935	-1	0.796073
612	6.9225789109e-2	0.444203	0.75423896	0.57770371	0.002339	-0.985673	-1.066935	-1	0.796123
613	6.8745136400e-2	0.441231	0.75428755	0.57732025	0.000708	-0.996143	-1.134138	-2	0.796174
614	6.9992059768e-2	0.449349	0.75417686	0.57834578	0.002337	-0.985687	-1.067010	-1	0.796226
615	6.9234607086e-2	0.444598	0.75429778	0.57783018	0.000711	-0.996129	-1.134062	-2	0.796276
616	6.9017433809e-2	0.443316	0.75464414	0.57830571	0.000711	-0.996129	-1.134062	-2	0.796327
617	6.8459976237e-2	0.439846	0.75435551	0.57717099	-0.000910	-1.006542	-1.200965	-3	0.796378
618	6.8805898748e-2	0.442180	0.75434694	0.57749978	-0.002528	-1.016941	-1.267793	-4	0.796430
619	6.8188301095e-2	0.438322	0.75434918	0.57688667	-0.004144	-1.027325	-1.334547	-5	0.796482
620	6.8175883816e-2	0.438352	0.75423445	0.57664479	-0.004144	-1.027325	-1.334547	-5	0.796536
621	6.7903655684e-2	0.436711	0.75429360	0.57649086	-0.004144	-1.027325	-1.334547	-5	0.796589
622	6.8625916951e-2	0.441466	0.75413581	0.57689753	-0.002536	-1.016983	-1.268015	-4	0.796642
623	6.9500647017e-2	0.447205	0.75420889	0.57791843	-0.000931	-1.006655	-1.201557	-3	0.796694
624	6.9716606878e-2	0.448707	0.75399375	0.57770411	-0.000931	-1.006655	-1.201557	-3	0.796745
625	6.9425281582e-2	0.446943	0.75394435	0.57731398	-0.000931	-1.006655	-1.201557	-3	0.796796
626	7.0174429406e-2	0.451878	0.75391196	0.57799835	0.000667	-0.996368	-1.135319	-2	0.796847
627	6.9401594320e-2	0.447012	0.75366573	0.57673306	-0.000928	-1.006641	-1.201484	-3	0.796897
628	7.0415781302e-2	0.453656	0.75348219	0.57738015	-0.000928	-1.006641	-1.201484	-3	0.796947
629	6.9778237028e-2	0.449660	0.75356301	0.57690427	0.000662	-0.996396	-1.135464	-2	0.796998
630	7.0016392407e-2	0.451306	0.75353050	0.57707740	0.000662	-0.996396	-1.135464	-2	0.797048
631	6.9382193808e-2	0.447328	0.75376351	0.57690920	-0.000923	-1.006613	-1.201340	-3	0.797097
632	6.9128465918e-2	0.445802	0.75381256	0.57675359	-0.000923	-1.006613	-1.201340	-3	0.797148
633	7.0166665084e-2	0.452608	0.75396951	0.57810569	0.000657	-0.996423	-1.135608	-2	0.797198
634	6.8828784946e-2	0.444087	0.75438816	0.57760510	0.002234	-0.986246	-1.069947	-1	0.797247
635	6.9061442660e-2	0.445697	0.75421773	0.57749690	0.003809	-0.976083	-1.004357	0	0.797296
636	7.0054354240e-2	0.452215	0.75381477	0.57768389	0.003809	-0.976083	-1.004357	0	0.797343
637	7.0172104202e-2	0.453085	0.75407145	0.57831500	0.003809	-0.976083	-1.004357	0	0.797391
638	7.0233052925e-2	0.453589	0.75392312	0.57807929	0.002241	-0.986206	-1.069734	-1	0.797438
639	7.0324450045e-2	0.454289	0.75405387	0.57843219	0.002241	-0.986206	-1.069734	-1	0.797486
640	7.1388303123e-2	0.461273	0.75378517	0.57895864	0.002241	-0.986206	-1.069734	-1	0.797534
641	7.0041283069e-2	0.452679	0.75406008	0.57816145	0.000681	-0.996289	-1.134899	-2	0.797582
642	6.8932999904e-2	0.445623	0.75427954	0.57749208	-0.000876	-1.006358	-1.199994	-3	0.797630
643	6.9118257306e-2	0.446929	0.75485114	0.57882054	-0.002432	-1.016414	-1.265018	-4	0.797679
644	6.9266496273e-2	0.447995	0.75484427	0.57895504	-0.002432	-1.016414	-1.265018	-4	0.797729
645	6.8930414744e-2	0.445928	0.75490925	0.57874891	-0.003982	-1.026444	-1.329904	-5	0.797779
646	6.8621274778e-2	0.444035	0.75513350	0.57888828	-0.005530	-1.036461	-1.394720	-6	0.797829
647	6.8644903999e-2	0.444294	0.75517157	0.57898805	-0.007076	-1.046464	-1.459467	-7	0.797880
648	6.8506943646e-2	0.443506	0.75548358	0.57947410	-0.007076	-1.046464	-1.459467	-7	0.797932
649	6.8647148002e-2	0.444520	0.75542167	0.57949049	-0.005535	-1.036487	-1.394858	-6	0.797983
650	6.8620528847e-2	0.444453	0.75549380	0.57960812	-0.005535	-1.036487	-1.394858	-6	0.798034
651	6.7376946840e-2	0.436502	0.75592382	0.57922458	-0.007071	-1.046439	-1.459330	-7	0.798084
652	6.7399514191e-2	0.436752	0.75591556	0.57923063	-0.007071	-1.046439	-1.459330	-7	0.798135
653	6.6377699577e-2	0.430232	0.75632108	0.57901985	-0.008602	-1.056364	-1.523665	-8	0.798187
654	6.6539549733e-2	0.431383	0.75599024	0.57852003	-0.010131	-1.066277	-1.587932	-9	0.798238
655	6.6903010615e-2	0.433842	0.75590877	0.57872055	-0.008605	-1.056377	-1.523733	-8	0.798291
656	6.6780819047e-2	0.433151	0.75596189	0.57870459	-0.008605	-1.056377	-1.523733	-8	0.798342
657	6.7563160091e-2	0.438328	0.75625633	0.58007581	-0.008605	-1.056377	-1.523733	-8	0.798393
658	6.7566555231e-2	0.438453	0.75640027	0.58036710	-0.010124	-1.066239	-1.587730	-9	0.798445
659	6.7371612156e-2	0.437291	0.75678544	0.58094248	-0.011642	-1.076089	-1.651659	-10	0.798497
660	6.7380570618e-2	0.437451	0.75670456	0.58078968	-0.011642	-1.076089	-1.651659	-10	0.798549
661	6.6171888377e-2	0.429704	0.75688378	0.57993946	-0.013155	-1.085913	-1.715454	-11	0.798602
662	6.6194023853e-2	0.429948	0.75704218	0.58027839	-0.011644	-1.076101	-1.651726	-10	0.798655
663	6.5981275145e-2	0.428665	0.75686648	0.57971423	-0.013152	-1.085900	-1.715388	-11	0.798707
664	6.6383043642e-2	0.431376	0.75713882	0.58066069	-0.013152	-1.085900	-1.715388	-11	0.798759
665	6.7235687184e-2	0.437018	0.75758683	0.58240934	-0.014656	-1.095674	-1.778918	-12	0.798812
666	6.7536603795e-2	0.439075	0.75771562	0.58296784	-0.014656	-1.095674	-1.778918	-12	0.798865
667	6.7135559182e-2	0.436568	0.75746607	0.58206771	-0.013157	-1.085925	-1.715520	-11	0.798919
668	6.6581237147e-2	0.433064	0.75779071	0.58216266	-0.013157	-1.085925	-1.715520	-11	0.798971
669	6.7166694592e-2	0.436972	0.75756669	0.58230007	-0.011662	-1.076200	-1.652253	-10	0.799023
670	6.6386451280e-2	0.431995	0.75807153	0.58252952	-0.013155	-1.085913	-1.715454	-11	0.799075
671	6.6869153231e-2	0.435236	0.75815723	0.58318361	-0.011664	-1.076213	-1.652319	-10	0.799127
672	6.7835814741e-2	0.441629	0.75815246	0.58414074	-0.011664	-1.076213	-1.652319	-10	0.799178
673	6.7812384154e-2	0.441577	0.75844099	0.58469437	-0.013150	-1.085888	-1.715324	-11	0.799229
674	6.6873871826e-2	0.435565	0.75872232	0.58431852	-0.011667	-1.076225	-1.652384	-10	0.799281
675	6.6560792013e-2	0.433624	0.75846166	0.58348412	-0.011667	-1.076225	-1.652384	-10	0.799332
676	6.7113641273e-2	0.437325	0.75835745	0.58382855	-0.011667	-1.076225	-1.652384	-10	0.799383
677	6.6833830646e-2	0.435601	0.75862459	0.58408302	-0.013144	-1.085852	-1.715131	-11	0.799434
678	6.6791825865e-2	0.435426	0.75841749	0.58362680	-0.014619	-1.095467	-1.777814	-12	0.799485
679	6.6992977368e-2	0.436836	0.75831002	0.58361302	-0.013146	-1.085864	-1.715195	-11	0.799537
680	6.6417954771e-2	0.433184	0.75836964	0.58315724	-0.013146	-1.085864	-1.715195	-11	0.799588
681	6.6382415088e-2	0.433050	0.75834327	0.58306896	-0.011677	-1.076285	-1.652703	-10	0.799639
682	6.6029879731e-2	0.430847	0.75816365	0.58235719	-0.013144	-1.085852	-1.715131	-11	0.799690
683	6.5458319889e-2	0.427213	0.75868615	0.58283062	-0.014608	-1.095408	-1.777496	-12	0.799740
684	6.5606881752e-2	0.428279	0.75870699	0.58302087	-0.014608	-1.095408	-1.777496	-12	0.799792
685	6.6055593591e-2	0.431305	0.75856162	0.58317884	-0.013148	-1.085876	-1.715258	-11	0.799843
686	6.6411433363e-2	0.433725	0.75857132	0.58355407	-0.013148	-1.085876	-1.715258	-11	0.799894
687	6.6256391118e-2	0.432809	0.75875888	0.58377416	-0.011692	-1.076367	-1.653145	-10	0.799944
688	6.6532947281e-2	0.434712	0.75859184	0.58371663	-0.011692	-1.076367	-1.653145	-10	0.799994
689	6.6067613244e-2	0.431768	0.75867546	0.58341853	-0.010241	-1.066882	-1.591158	-9	0.800044
690	6.6286673984e-2	0.433296	0.75887964	0.58404596	-0.008792	-1.057409	-1.529233	-8	0.800093
691	6.6787984380e-2	0.436669	0.75863547	0.58405892	-0.010239	-1.066871	-1.591095	-9	0.800141
692	6.6850423006e-2	0.437174	0.75870324	0.58425690	-0.010239	-1.066871	-1.591095	-9	0.800189
693	6.6109103250e-2	0.432422	0.75898619	0.58408148	-0.010239	-1.066871	-1.591095	-9	0.800238
694	6.6398939355e-2	0.434413	0.75903276	0.58446447	-0.008798	-1.057443	-1.529418	-8	0.800287
695	6.6684389660e-2	0.436377	0.75899447	0.58467333	-0.007359	-1.048028	-1.467803	-7	0.800334
696	6.7338873851e-2	0.440756	0.75907570	0.58549027	-0.007359	-1.048028	-1.467803	-7	0.800382
697	6.7485998546e-2	0.441816	0.75904722	0.58558044	-0.005924	-1.038635	-1.406310	-6	0.800429
698	6.6485852080e-2	0.435364	0.75920892	0.58490369	-0.004492	-1.029253	-1.344879	-5	0.800475
699	6.7278911529e-2	0.440653	0.75925662	0.58579215	-0.003061	-1.019883	-1.283508	-4	0.800520
700	6.7553518912e-2	0.442549	0.75948708	0.58652769	-0.003061	-1.019883	-1.283508	-4	0.800565
701	6.6588573214e-2	0.436322	0.75960170	0.58579198	-0.004488	-1.029231	-1.344757	-5	0.800610
702	6.7091507813e-2	0.439713	0.76002035	0.58713221	-0.004488	-1.029231	-1.344757	-5	0.800655
703	6.7217847977e-2	0.440637	0.75991117	0.58704018	-0.003065	-1.019906	-1.283629	-4	0.800701
704	6.7419017635e-2	0.442052	0.76018101	0.58778104	-0.003065	-1.019906	-1.283629	-4	0.800745
705	6.7639499553e-2	0.443593	0.76022852	0.58809655	-0.004484	-1.029208	-1.344636	-5	0.800790
706	6.7362036592e-2	0.441869	0.76018395	0.58772994	-0.003067	-1.019917	-1.283689	-4	0.800835
707	6.6816852635e-2	0.438387	0.75982330	0.58646346	-0.001653	-1.010637	-1.222802	-3	0.800879
708	6.5926580683e-2	0.432640	0.75953477	0.58499611	-0.001653	-1.010637	-1.222802	-3	0.800922
709	6.6229170648e-2	0.434719	0.75957294	0.58537505	-0.003063	-1.019895	-1.283570	-4	0.800966
710	6.4888888775e-2	0.426013	0.75988354	0.58465596	-0.004472	-1.029142	-1.344278	-5	0.801010
711	6.4861743761e-2	0.425926	0.75991271	0.58468715	-0.004472	-1.029142	-1.344278	-5	0.801055
712	6.5107954829e-2	0.427634	0.75963558	0.58437911	-0.004472	-1.029142	-1.344278	-5	0.801099
713	6.5360719762e-2	0.429386	0.75972407	0.58480886	-0.003069	-1.019928	-1.283748	-4	0.801143
714	6.5237013805e-2	0.428665	0.75970459	0.58464620	-0.001669	-1.010725	-1.223276	-3	0.801187
715	6.5576161919e-2	0.430985	0.75970616	0.58498849	-0.003067	-1.019917	-1.283689	-4	0.801230
716	6.5429986985e-2	0.430116	0.75993757	0.58530512	-0.003067	-1.019917	-1.283689	-4	0.801274
717	6.5902109931e-2	0.433311	0.76003049	0.58596309	-0.001672	-1.010747	-1.223394	-3	0.801317
718	6.5484426365e-2	0.430656	0.75983388	0.58515220	-0.000280	-1.001587	-1.163157	-2	0.801360
719	6.4803040055e-2	0.426265	0.75994583	0.58469471	-0.001670	-1.010736	-1.223335	-3	0.801402
720	6.4683334683e-2	0.425568	0.76025921	0.58520175	-0.001670	-1.010736	-1.223335	-3	0.801445
721	6.4856585722e-2	0.426798	0.76049860	0.58585378	-0.000284	-1.001609	-1.163273	-2	0.801488
722	6.4945176656e-2	0.427471	0.76097651	0.58689819	-0.000284	-1.001609	-1.163273	-2	0.801529
723	6.4907804244e-2	0.427315	0.76086054	0.58662889	0.001100	-0.992503	-1.103327	-1	0.801571
724	6.5179649509e-2	0.429194	0.76085212	0.58688388	0.001100	-0.992503	-1.103327	-1	0.801612
725	6.5862367815e-2	0.433781	0.76077429	0.58741094	0.001100	-0.992503	-1.103327	-1	0.801654
726	6.5077466640e-2	0.428701	0.76080881	0.58669509	0.001100	-0.992503	-1.103327	-1	0.801695
727	6.4445859266e-2	0.424629	0.76102867	0.58650321	-0.000276	-1.001566	-1.163043	-2	0.801736
728	6.5022630119e-2	0.428519	0.76112290	0.58726843	-0.000276	-1.001566	-1.163043	-2	0.801777
729	6.4728293708e-2	0.426668	0.76105865	0.58684560	-0.000276	-1.001566	-1.163043	-2	0.801818
730	6.4673131398e-2	0.426393	0.76128156	0.58723624	-0.001646	-1.010598	-1.222589	-3	0.801860
731	6.4630588907e-2	0.426201	0.76097069	0.58657196	-0.000278	-1.001577	-1.163100	-2	0.801902
732	6.4633334595e-2	0.426307	0.76094257	0.58651848	-0.000278	-1.001577	-1.163100	-2	0.801943
733	6.4914269046e-2	0.428249	0.76067068	0.58625564	-0.001642	-1.010577	-1.222476	-3	0.801984
734	6.5646894311e-2	0.433172	0.76042183	0.58649056	-0.000280	-1.001587	-1.163157	-2	0.802025
735	6.6500504715e-2	0.438895	0.76052507	0.58755065	-0.000280	-1.001587	-1.163157	-2	0.802066
736	6.6163298972e-2	0.436759	0.76040481	0.58697291	-0.000280	-1.001587	-1.163157	-2	0.802107
737	6.6086585667e-2	0.436342	0.76048683	0.58706025	0.001077	-0.992628	-1.104006	-1	0.802148
738	6.6415620177e-2	0.438605	0.76043702	0.58728967	0.001077	-0.992628	-1.104006	-1	0.802188
739	6.5841935510e-2	0.434906	0.76070340	0.58724873	-0.000276	-1.001567	-1.163045	-2	0.802228
740	6.5206942681e-2	0.430799	0.76087251	0.58695196	-0.000276	-1.001567	-1.163045	-2	0.802269
741	6.6206163768e-2	0.437490	0.76094587	0.58809791	-0.001625	-1.010484	-1.221973	-3	0.802310
742	6.6264337214e-2	0.437964	0.76134555	0.58895544	-0.002973	-1.019392	-1.280846	-4	0.802351
743	6.6369480643e-2	0.438748	0.76144809	0.58926566	-0.004319	-1.028289	-1.339663	-5	0.802392
744	6.6617748158e-2	0.440479	0.76183925	0.59029625	-0.004319	-1.028289	-1.339663	-5	0.802434
745	6.6371950360e-2	0.438943	0.76177270	0.58991735	-0.002977	-1.019412	-1.280956	-4	0.802476
746	6.5456163565e-2	0.432975	0.76192966	0.58931548	-0.001636	-1.010545	-1.222303	-3	0.802517
747	6.5564027573e-2	0.433776	0.76213562	0.58983526	-0.001636	-1.010545	-1.222303	-3	0.802558
748	6.4960666509e-2	0.429871	0.76235290	0.58966647	-0.001636	-1.010545	-1.222303	-3	0.802598
749	6.5026862619e-2	0.430396	0.76244365	0.58991416	-0.000301	-1.001708	-1.163815	-2	0.802639
750	6.5462770537e-2	0.433368	0.76270503	0.59087282	-0.000301	-1.001708	-1.163815	-2	0.802679
751	6.4697733876e-2	0.428390	0.76279355	0.59028483	-0.001633	-1.010525	-1.222195	-3	0.802719
752	6.5289095264e-2	0.432392	0.76282462	0.59093833	-0.001633	-1.010525	-1.222195	-3	0.802759
753	6.4654551125e-2	0.428276	0.76318564	0.59102582	-0.000305	-1.001728	-1.163923	-2	0.802799
754	6.4262095677e-2	0.425762	0.76326514	0.59079238	-0.001631	-1.010515	-1.222141	-3	0.802839
755	6.4640255764e-2	0.428353	0.76303252	0.59070529	-0.000307	-1.001738	-1.163977	-2	0.802879
756	6.4714328033e-2	0.428929	0.76295526	0.59062485	-0.000307	-1.001738	-1.163977	-2	0.802918
757	6.4677107637e-2	0.428768	0.76299877	0.59067464	-0.001628	-1.010496	-1.222033	-3	0.802958
758	6.5637586156e-2	0.435222	0.76308878	0.59181515	-0.000308	-1.001748	-1.164031	-2	0.802998
759	6.5716220666e-2	0.435830	0.76310040	0.59191701	-0.001626	-1.010486	-1.221980	-3	0.803037
760	6.5308748436e-2	0.433214	0.76314816	0.59160506	-0.001626	-1.010486	-1.221980	-3	0.803077
761	6.5392560661e-2	0.433856	0.76320858	0.59180973	-0.002940	-1.019204	-1.279823	-4	0.803116
762	6.5886873505e-2	0.437222	0.76318698	0.59226083	-0.004252	-1.027913	-1.337613	-5	0.803156
763	6.5575282532e-2	0.435240	0.76314276	0.59186081	-0.002942	-1.019214	-1.279876	-4	0.803197
764	6.5303407013e-2	0.433521	0.76320777	0.59171894	-0.002942	-1.019214	-1.279876	-4	0.803237
765	6.4991069064e-2	0.431533	0.76334014	0.59167135	-0.002942	-1.019214	-1.279876	-4	0.803277
766	6.3886744594e-2	0.424284	0.76348598	0.59085871	-0.001636	-1.010544	-1.222297	-3	0.803317
767	6.3441692520e-2	0.421411	0.76338745	0.59021659	-0.000332	-1.001883	-1.164771	-2	0.803356
768	6.3272600145e-2	0.420370	0.76341420	0.59010100	-0.000332	-1.001883	-1.164771	-2	0.803395
769	6.3759959800e-2	0.423691	0.76343308	0.59062611	-0.001633	-1.010525	-1.222192	-3	0.803433
770	6.4582213899e-2	0.429239	0.76368424	0.59195070	-0.000334	-1.001893	-1.164823	-2	0.803472
771	6.3978977344e-2	0.425312	0.76362039	0.59121975	0.000963	-0.993271	-1.107505	-1	0.803511
772	6.4254882246e-2	0.427230	0.76366360	0.59158208	0.000963	-0.993271	-1.107505	-1	0.803549
773	6.4475991261e-2	0.428783	0.76389611	0.59226822	-0.000331	-1.001874	-1.164719	-2	0.803587
774	6.4192641358e-2	0.426982	0.76428315	0.59275894	-0.000331	-1.001874	-1.164719	-2	0.803625
775	6.2721099294e-2	0.417275	0.76424092	0.59120293	-0.000331	-1.001874	-1.164719	-2	0.803663
776	6.2751429709e-2	0.417558	0.76399187	0.59073517	-0.000331	-1.001874	-1.164719	-2	0.803701
777	6.3909412293e-2	0.425345	0.76399676	0.59190293	-0.001618	-1.010440	-1.221727	-3	0.803740
778	6.4432170860e-2	0.428907	0.76391684	0.59226586	-0.000332	-1.001883	-1.164770	-2	0.803778
779	6.4691809136e-2	0.430719	0.76379166	0.59227514	0.000951	-0.993337	-1.107865	-1	0.803816
780	6.4745100398e-2	0.431157	0.76408078	0.59290665	0.000951	-0.993337	-1.107865	-1	0.803853
781	6.4388939367e-2	0.428867	0.76398458	0.59235809	0.002232	-0.984808	-1.051062	0	0.803891
782	6.5071575043e-2	0.433497	0.76381194	0.59269546	0.000953	-0.993327	-1.107814	-1	0.803928
783	6.3800553351e-2	0.425112	0.76364944	0.59109944	0.000953	-0.993327	-1.107814	-1	0.803965
784	6.4314493250e-2	0.428618	0.76353664	0.59138776	0.000953	-0.993327	-1.107814	-1	0.804002
785	6.3852257232e-2	0.425619	0.76338691	0.59062609	0.002227	-0.984836	-1.051214	0	0.804039
786	6.3093632612e-2	0.420643	0.76348163	0.59005688	0.000955	-0.993318	-1.107764	-1	0.804076
787	6.2527536007e-2	0.416948	0.76368013	0.58988779	-0.000316	-1.001791	-1.164264	-2	0.804113
788	6.2687877273e-2	0.418097	0.76346209	0.58961206	-0.000316	-1.001791	-1.164264	-2	0.804150
789	6.2958119491e-2	0.419979	0.76334099	0.58964011	0.000951	-0.993336	-1.107864	-1	0.804188
790	6.2609542078e-2	0.417733	0.76357589	0.58976132	-0.000314	-1.001782	-1.164214	-2	0.804224
791	6.3066922045e-2	0.420864	0.76334586	0.58975863	0.000950	-0.993345	-1.107914	-1	0.804262
792	6.3586372278e-2	0.424411	0.76331052	0.59020740	0.000950	-0.993345	-1.107914	-1	0.804298
793	6.4175299286e-2	0.428423	0.76321737	0.59061005	0.002211	-0.984927	-1.051714	0	0.804335
794	6.3538467347e-2	0.424252	0.76336176	0.59026199	0.003470	-0.976518	-0.995564	1	0.804371
795	6.3734979393e-2	0.425644	0.76308299	0.58990095	0.002212	-0.984918	-1.051665	0	0.804407
796	6.4136304111e-2	0.428405	0.76281791	0.58977212	0.002212	-0.984918	-1.051665	0	0.804443
797	6.4821631028e-2	0.433064	0.76293398	0.59068959	0.000958	-0.993300	-1.107667	-1	0.804478
798	6.5960409523e-2	0.440755	0.76325387	0.59246815	0.002211	-0.984927	-1.051714	0	0.804515
799	6.4918777771e-2	0.433876	0.76320626	0.59133130	0.003462	-0.976562	-0.995810	1	0.804551
800	6.4605495672e-2	0.431863	0.76316285	0.59093119	0.003462	-0.976562	-0.995810	1	0.804586
801	6.4244205728e-2	0.429528	0.76350987	0.59126394	0.003462	-0.976562	-0.995810	1	0.804621
802	6.3374358774e-2	0.423791	0.76349227	0.59035889	0.004709	-0.968224	-0.940053	2	0.804656
803	6.3943449561e-2	0.427676	0.76336757	0.59067859	0.005955	-0.959895	-0.884344	3	0.804691
804	6.4783429923e-2	0.433375	0.76349900	0.59178144	0.005955	-0.959895	-0.884344	3	0.804725
805	6.4091058431e-2	0.428823	0.76406630	0.59222366	0.004712	-0.968207	-0.939955	2	0.804759
806	6.3833402110e-2	0.427178	0.76413277	0.59209893	0.003472	-0.976509	-0.995519	1	0.804794
807	6.4172576464e-2	0.429528	0.76405712	0.59228682	0.004711	-0.968215	-0.940004	2	0.804828
808	6.3844070380e-2	0.427408	0.76420973	0.59226354	0.004711	-0.968215	-0.940004	2	0.804863
809	6.2833477783e-2	0.420720	0.76438781	0.59160910	0.003475	-0.976492	-0.995422	1	0.804897
810	6.2810781161e-2	0.420646	0.76412296	0.59105671	0.003475	-0.976492	-0.995422	1	0.804932
811	6.3581337728e-2	0.425885	0.76426491	0.59211115	0.002242	-0.984751	-1.050745	0	0.804966
812	6.3517192995e-2	0.425533	0.76420532	0.59192783	0.002242	-0.984751	-1.050745	0	0.805001
813	6.2974440564e-2	0.421975	0.76451512	0.59200469	0.003472	-0.976509	-0.995518	1	0.805036
814	6.4041156039e-2	0.429201	0.76494763	0.59393641	0.002243	-0.984743	-1.050698	0	0.805071
815	6.5457563579e-2	0.438774	0.76503428	0.59552612	0.003470	-0.976518	-0.995565	1	0.805106
816	6.4509596169e-2	0.432499	0.76513584	0.59478128	0.003470	-0.976518	-0.995565	1	0.805140
817	6.5849579534e-2	0.441564	0.76518050	0.59621057	0.004694	-0.968310	-0.940528	2	0.805175
818	6.5647892413e-2	0.440291	0.76551838	0.59668465	0.005917	-0.960111	-0.885538	3	0.805208
819	6.4539895881e-2	0.432939	0.76541781	0.59537551	0.005917	-0.960111	-0.885538	3	0.805242
820	6.3746812286e-2	0.427697	0.76546574	0.59467830	0.005917	-0.960111	-0.885538	3	0.805275
821	6.4341649862e-2	0.431766	0.76533129	0.59500423	0.004699	-0.968285	-0.940387	2	0.805308
822	6.4250086990e-2	0.431230	0.76522831	0.59470672	0.003482	-0.976450	-0.995189	1	0.805342
823	6.4274223612e-2	0.431470	0.76520874	0.59469170	0.002267	-0.984607	-1.049945	0	0.805376
824	6.3000137290e-2	0.422994	0.76544086	0.59388185	0.002267	-0.984607	-1.049945	0	0.805410
825	6.3275137788e-2	0.424917	0.76560759	0.59449032	0.002267	-0.984607	-1.049945	0	0.805444
826	6.4472811471e-2	0.433038	0.76545436	0.59538154	0.001056	-0.992738	-1.104560	-1	0.805479
827	6.3664431998e-2	0.427685	0.76573481	0.59513405	-0.000153	-1.000861	-1.159130	-2	0.805513
828	6.3410800395e-2	0.426058	0.76589424	0.59519928	-0.000153	-1.000861	-1.159130	-2	0.805548
829	6.2457446716e-2	0.419728	0.76627687	0.59501119	-0.001359	-1.008968	-1.213607	-3	0.805583
830	6.3560886521e-2	0.427220	0.76616883	0.59589855	-0.002564	-1.017066	-1.268038	-4	0.805619
831	6.3680767609e-2	0.428102	0.76626183	0.59620442	-0.001360	-1.008976	-1.213653	-3	0.805655
832	6.3834252071e-2	0.429211	0.76649575	0.59682575	-0.001360	-1.008976	-1.213653	-3	0.805690
833	6.3981901167e-2	0.430280	0.76645140	0.59688471	-0.001360	-1.008976	-1.213653	-3	0.805725
834	6.3359770910e-2	0.426173	0.76660490	0.59656956	-0.002560	-1.017041	-1.267900	-4	0.805760
835	6.3035525395e-2	0.424067	0.76654475	0.59612503	-0.001362	-1.008984	-1.213698	-3	0.805796
836	6.2389638267e-2	0.419797	0.76671692	0.59582348	-0.001362	-1.008984	-1.213698	-3	0.805831
837	6.1997437156e-2	0.417232	0.76647626	0.59494995	-0.001362	-1.008984	-1.213698	-3	0.805866
838	6.2593235223e-2	0.421316	0.76638857	0.59537037	-0.000169	-1.000952	-1.159633	-2	0.805901
839	6.2234205286e-2	0.418974	0.76635366	0.59494153	-0.001360	-1.008976	-1.213653	-3	0.805935
840	6.1915841441e-2	0.416904	0.76620934	0.59433452	-0.001360	-1.008976	-1.213653	-3	0.805970
841	6.1439329668e-2	0.413769	0.76620150	0.59384234	-0.001360	-1.008976	-1.213653	-3	0.806005
842	6.1503760637e-2	0.414276	0.76634028	0.59418432	-0.000173	-1.000976	-1.159769	-2	0.806039
843	6.1789179653e-2	0.416272	0.76635547	0.59450012	0.001013	-0.992985	-1.105929	-1	0.806073
844	6.1950050500e-2	0.417429	0.76652194	0.59499392	0.001013	-0.992985	-1.105929	-1	0.806107
845	6.2777099124e-2	0.423076	0.76666905	0.59611521	0.001013	-0.992985	-1.105929	-1	0.806141
846	6.1782275454e-2	0.416445	0.76653083	0.59484394	0.001013	-0.992985	-1.105929	-1	0.806175
847	6.1522403657e-2	0.414766	0.76684692	0.59521624	0.001013	-0.992985	-1.105929	-1	0.806208
848	6.1158684824e-2	0.412386	0.76676204	0.59468277	0.001013	-0.992985	-1.105929	-1	0.806242
849	6.1475816750e-2	0.414597	0.76678327	0.59504236	0.002191	-0.985041	-1.052357	0	0.806275
850	6.1986277225e-2	0.418112	0.76678334	0.59555296	0.002191	-0.985041	-1.052357	0	0.806308
851	6.0882713346e-2	0.410740	0.76669905	0.59428081	0.003366	-0.977113	-0.998874	1	0.806341
852	6.1844198366e-2	0.417299	0.76680143	0.59544706	0.003366	-0.977113	-0.998874	1	0.806374
853	6.1557996761e-2	0.415440	0.76691358	0.59538516	0.002194	-0.985025	-1.052269	0	0.806406
854	6.1548465728e-2	0.415448	0.76684604	0.59524055	0.001023	-0.992929	-1.105620	-1	0.806439
855	6.1175120682e-2	0.412999	0.76688666	0.59494844	0.001023	-0.992929	-1.105620	-1	0.806472
856	6.0918450660e-2	0.411338	0.76682828	0.59457502	0.001023	-0.992929	-1.105620	-1	0.806506
857	6.1414506296e-2	0.414759	0.76677282	0.59496015	-0.000144	-1.000809	-1.158839	-2	0.806539
858	6.1256265843e-2	0.413762	0.76663797	0.59453221	0.001022	-0.992937	-1.105664	-1	0.806572
859	6.1786803193e-2	0.417417	0.76639144	0.59456968	-0.000142	-1.000802	-1.158796	-2	0.806605
860	6.1595918100e-2	0.416199	0.76635882	0.59431356	-0.000142	-1.000802	-1.158796	-2	0.806638
861	6.1025536210e-2	0.412416	0.76647715	0.59397983	-0.001304	-1.008651	-1.211841	-3	0.806672
862	6.1635282934e-2	0.416609	0.76653542	0.59470612	-0.000144	-1.000809	-1.158839	-2	0.806705
863	6.1495066987e-2	0.415732	0.76656917	0.59463340	-0.001303	-1.008643	-1.211798	-3	0.806739
864	6.1907611663e-2	0.418593	0.76648084	0.59486928	-0.001303	-1.008643	-1.211798	-3	0.806772
865	6.1648689042e-2	0.416913	0.76652816	0.59470500	-0.000146	-1.000825	-1.158925	-2	0.806806
866	6.1593499456e-2	0.416611	0.76667396	0.59494142	0.001008	-0.993014	-1.106096	-1	0.806839
867	6.2056155732e-2	0.419812	0.76672788	0.59551192	0.001008	-0.993014	-1.106096	-1	0.806871
868	6.1793935289e-2	0.418110	0.76702035	0.59583463	0.001008	-0.993014	-1.106096	-1	0.806904
869	6.2003150293e-2	0.419597	0.76679930	0.59560175	0.002159	-0.985227	-1.053395	0	0.806936
870	6.2459770633e-2	0.422759	0.76680066	0.59606108	0.003308	-0.977447	-1.000737	1	0.806968
871	6.2830891391e-2	0.425343	0.76661753	0.59606595	0.004457	-0.969675	-0.948122	2	0.807000
872	6.2999937068e-2	0.426559	0.76661179	0.59622351	0.004457	-0.969675	-0.948122	2	0.807031
873	6.3068345268e-2	0.427095	0.76654175	0.59615185	0.004457	-0.969675	-0.948122	2	0.807062
874	6.3400361813e-2	0.429416	0.76649439	0.59638915	0.003312	-0.977424	-1.000610	1	0.807093
875	6.2514938512e-2	0.423490	0.76650045	0.59551584	0.003312	-0.977424	-1.000610	1	0.807125
876	6.3256254542e-2	0.428584	0.76644291	0.59614208	0.003312	-0.977424	-1.000610	1	0.807156
877	6.3744321222e-2	0.431964	0.76637666	0.59649763	0.002172	-0.985151	-1.052971	0	0.807188
878	6.3319021717e-2	0.429154	0.76628963	0.59589828	0.003311	-0.977432	-1.000652	1	0.807219
879	6.3959905330e-2	0.433570	0.76624351	0.59644692	0.004449	-0.969720	-0.948374	2	0.807251
880	6.3829617731e-2	0.432760	0.76643624	0.59670209	0.004449	-0.969720	-0.948374	2	0.807281
881	6.3102078351e-2	0.427899	0.76641393	0.59592994	0.003314	-0.977417	-1.000568	1	0.807312
882	6.3228426857e-2	0.428827	0.76651570	0.59625983	0.003314	-0.977417	-1.000568	1	0.807343
883	6.2940395709e-2	0.426945	0.76653552	0.59601144	0.002181	-0.985099	-1.052679	0	0.807374
884	6.3343761031e-2	0.429753	0.76650841	0.59636057	0.002181	-0.985099	-1.052679	0	0.807406
885	6.3953659047e-2	0.433963	0.76662011	0.59719387	0.001051	-0.992766	-1.104706	-1	0.807437
886	6.3915293843e-2	0.433775	0.76698095	0.59787719	0.002180	-0.985106	-1.052720	0	0.807469
887	6.4078309282e-2	0.434954	0.76718390	0.59844611	0.001052	-0.992759	-1.104665	-1	0.807500
888	6.4256043443e-2	0.436232	0.76727898	0.59881400	0.001052	-0.992759	-1.104665	-1	0.807532
889	6.4286768728e-2	0.436513	0.76738671	0.59906018	0.002177	-0.985121	-1.052803	0	0.807563
890	6.3583016977e-2	0.431806	0.76753211	0.59864725	0.001054	-0.992752	-1.104624	-1	0.807594
891	6.3713925546e-2	0.432767	0.76746588	0.59864569	0.001054	-0.992752	-1.104624	-1	0.807626
892	6.2634959783e-2	0.425508	0.76753401	0.59770299	0.001054	-0.992752	-1.104624	-1	0.807657
893	6.2692765105e-2	0.425971	0.76754782	0.59778840	0.002174	-0.985143	-1.052925	0	0.807689
894	6.2227556061e-2	0.422880	0.76763493	0.59749742	0.001055	-0.992744	-1.104583	-1	0.807720
895	6.2289094232e-2	0.423368	0.76777540	0.59783989	0.002172	-0.985150	-1.052966	0	0.807751
896	6.1810106518e-2	0.420181	0.76780504	0.59742019	0.002172	-0.985150	-1.052966	0	0.807782
897	6.1170893886e-2	0.415904	0.76795836	0.59708761	0.001058	-0.992730	-1.104502	-1	0.807813
898	6.2047637797e-2	0.421934	0.76802904	0.59810572	0.002171	-0.985157	-1.053007	0	0.807844
899	6.2459068825e-2	0.424802	0.76786443	0.59818793	0.003283	-0.977592	-1.001552	1	0.807875
900	6.2493686150e-2	0.425107	0.76783729	0.59816827	0.003283	-0.977592	-1.001552	1	0.807905
901	6.2562898491e-2	0.425647	0.76785382	0.59827053	0.004393	-0.970041	-0.950179	2	0.807935
902	6.2525957929e-2	0.425465	0.76768699	0.59789993	0.003285	-0.977585	-1.001512	1	0.807965
903	6.2609076043e-2	0.426100	0.76773483	0.59807874	0.002177	-0.985122	-1.052805	0	0.807995
904	6.3459744650e-2	0.431960	0.76761450	0.59868875	0.002177	-0.985122	-1.052805	0	0.808026
905	6.3024830710e-2	0.429069	0.76763063	0.59828610	0.003282	-0.977599	-1.001592	1	0.808056
906	6.3412888779e-2	0.431781	0.76768966	0.59879220	0.002178	-0.985114	-1.052766	0	0.808086
907	6.4702070982e-2	0.440630	0.76786165	0.60042538	0.001076	-0.992623	-1.103899	-1	0.808117
908	6.3006661811e-2	0.429154	0.76787766	0.59876198	0.001076	-0.992623	-1.103899	-1	0.808147
909	6.3823808419e-2	0.434790	0.76802157	0.59986696	0.001076	-0.992623	-1.103899	-1	0.808178
910	6.3670092145e-2	0.433813	0.76829022	0.60025054	0.002175	-0.985136	-1.052885	0	0.808209
911	6.2390094021e-2	0.425160	0.76830479	0.59899968	0.001077	-0.992616	-1.103859	-1	0.808239
912	6.2465292704e-2	0.425741	0.76857038	0.59960605	0.001077	-0.992616	-1.103859	-1	0.808269
913	6.1853435428e-2	0.421639	0.76866865	0.59919073	0.002172	-0.985150	-1.052964	0	0.808300
914	6.2479482487e-2	0.425975	0.76855987	0.59959922	0.003267	-0.977690	-1.002107	1	0.808330
915	6.1564494438e-2	0.419804	0.76879540	0.59915529	0.002174	-0.985143	-1.052924	0	0.808360
916	6.2223550059e-2	0.424366	0.76893875	0.60010105	0.002174	-0.985143	-1.052924	0	0.808390
917	6.2190702191e-2	0.424209	0.76872145	0.59963360	0.003264	-0.977704	-1.002185	1	0.808420
918	6.2337205088e-2	0.425277	0.76885983	0.60005686	0.003264	-0.977704	-1.002185	1	0.808449
919	6.2860459934e-2	0.428915	0.76867738	0.60021522	0.002176	-0.985129	-1.052846	0	0.808479
920	6.2009241735e-2	0.423174	0.76874249	0.59949423	0.002176	-0.985129	-1.052846	0	0.808508
921	6.2504000758e-2	0.426619	0.76892028	0.60034457	0.003262	-0.977718	-1.002263	1	0.808538
922	6.2325221016e-2	0.425466	0.76894378	0.60021278	0.004346	-0.970314	-0.951719	2	0.808568
923	6.3040144658e-2	0.430415	0.76909801	0.60123617	0.005430	-0.962917	-0.901214	3	0.808597
924	6.2869262821e-2	0.429316	0.76945589	0.60178105	0.005430	-0.962917	-0.901214	3	0.808625
925	6.1862991246e-2	0.422511	0.76943625	0.60073549	0.005430	-0.962917	-0.901214	3	0.808654
926	6.1826703639e-2	0.422330	0.76969809	0.60122288	0.006510	-0.955540	-0.850824	4	0.808682
927	6.1268538892e-2	0.418584	0.76978657	0.60084168	0.006510	-0.955540	-0.850824	4	0.808711
928	6.1002462188e-2	0.416832	0.76998292	0.60096831	0.006510	-0.955540	-0.850824	4	0.808739
929	6.2789994562e-2	0.429114	0.77000955	0.60280910	0.005433	-0.962896	-0.901099	3	0.808767
930	6.1976280543e-2	0.423619	0.77018739	0.60235106	0.006509	-0.955547	-0.850862	4	0.808795
931	6.2788787025e-2	0.429240	0.77046193	0.60371265	0.006509	-0.955547	-0.850862	4	0.808823
932	6.1759042034e-2	0.422267	0.77043165	0.60262234	0.006509	-0.955547	-0.850862	4	0.808851
933	6.0756656025e-2	0.415479	0.77038928	0.60153521	0.007580	-0.948217	-0.800740	5	0.808879
934	6.1116267576e-2	0.418003	0.77057406	0.60226439	0.008651	-0.940894	-0.750656	6	0.808907
935	6.0772733038e-2	0.415719	0.77050749	0.60178771	0.007582	-0.948210	-0.800702	5	0.808934
936	6.0793395305e-2	0.415925	0.77041960	0.60163260	0.007582	-0.948210	-0.800702	5	0.808961
937	6.0382750207e-2	0.413180	0.77054642	0.60147560	0.006514	-0.955513	-0.850673	4	0.808989
938	5.9692573102e-2	0.408521	0.77056886	0.60083028	0.005448	-0.962809	-0.900606	3	0.809017
939	5.9736230211e-2	0.408883	0.77038853	0.60051329	0.006513	-0.955520	-0.850710	4	0.809045
940	5.9850754940e-2	0.409731	0.77043681	0.60072437	0.006513	-0.955520	-0.850710	4	0.809072
941	6.0011808346e-2	0.410897	0.77038686	0.60078553	0.005450	-0.962796	-0.900530	3	0.809100
942	6.0145257343e-2	0.411875	0.77030783	0.60076092	0.004389	-0.970066	-0.950313	2	0.809128
943	5.9880473173e-2	0.410125	0.77023596	0.60035240	0.005449	-0.962803	-0.900568	3	0.809156
944	6.0273963491e-2	0.412884	0.77017952	0.60063301	0.005449	-0.962803	-0.900568	3	0.809184
945	6.0188798829e-2	0.412365	0.77017759	0.60054397	0.005449	-0.962803	-0.900568	3	0.809212
946	5.9841926331e-2	0.410051	0.76993654	0.59971501	0.004392	-0.970046	-0.950201	2	0.809239
947	5.9935464629e-2	0.410756	0.76994558	0.59982662	0.003336	-0.977283	-0.999798	1	0.809267
948	6.0463306404e-2	0.414437	0.76963006	0.59972342	0.003336	-0.977283	-0.999798	1	0.809296
949	6.1048489966e-2	0.418512	0.76949413	0.60003676	0.004390	-0.970059	-0.950275	2	0.809324
950	6.0250497700e-2	0.413105	0.76957226	0.59939501	0.004390	-0.970059	-0.950275	2	0.809352
951	6.1540692937e-2	0.422016	0.76951291	0.60056652	0.005442	-0.962848	-0.900827	3	0.809380
952	6.0893664895e-2	0.417643	0.76971347	0.60032060	0.005442	-0.962848	-0.900827	3	0.809407
953	6.0622560677e-2	0.415847	0.76972528	0.60007311	0.004392	-0.970046	-0.950202	2	0.809435
954	5.9477613778e-2	0.408056	0.76992600	0.59932960	0.004392	-0.970046	-0.950202	2	0.809463
955	6.0157872824e-2	0.412786	0.76989811	0.59995410	0.005439	-0.962861	-0.900900	3	0.809491
956	6.0454102683e-2	0.414882	0.76988835	0.60023081	0.005439	-0.962861	-0.900900	3	0.809518
957	6.0973845533e-2	0.418512	0.76995531	0.60088446	0.004394	-0.970033	-0.950129	2	0.809545
958	6.0348143593e-2	0.414281	0.77000035	0.60034884	0.005438	-0.962867	-0.900937	3	0.809573
959	6.0489281281e-2	0.415313	0.76982554	0.60014036	0.006481	-0.955708	-0.851781	4	0.809600
960	6.0552157332e-2	0.415808	0.76992769	0.60040754	0.006481	-0.955708	-0.851781	4	0.809627
961	6.0784815433e-2	0.417469	0.76975089	0.60028660	0.006481	-0.955708	-0.851781	4	0.809654
962	6.0770456724e-2	0.417433	0.76973739	0.60024524	0.005441	-0.962848	-0.900828	3	0.809681
963	6.1122584506e-2	0.419915	0.76973622	0.60059502	0.005441	-0.962848	-0.900828	3	0.809708
964	6.0777356995e-2	0.417607	0.76982355	0.60042445	0.005441	-0.962848	-0.900828	3	0.809735
965	6.0305255019e-2	0.414425	0.76984618	0.59999761	0.006478	-0.955727	-0.851889	4	0.809762
966	6.1221158092e-2	0.420783	0.76980272	0.60082660	0.007513	-0.948612	-0.802986	5	0.809789
967	6.1285375512e-2	0.421288	0.76999769	0.60128075	0.006479	-0.955721	-0.851853	4	0.809815
968	6.1043672300e-2	0.419689	0.77003718	0.60111802	0.006479	-0.955721	-0.851853	4	0.809842
969	6.0148698434e-2	0.413598	0.77028983	0.60072836	0.005447	-0.962817	-0.900649	3	0.809868
970	6.1751482364e-2	0.424683	0.77000202	0.60175553	0.004416	-0.969907	-0.949409	2	0.809895
971	6.2461421882e-2	0.429630	0.77023336	0.60292815	0.003386	-0.976991	-0.998133	1	0.809923
972	6.1460495800e-2	0.422809	0.77050441	0.60246932	0.003386	-0.976991	-0.998133	1	0.809950
973	6.0930854127e-2	0.419228	0.77062686	0.60218457	0.004414	-0.969919	-0.949480	2	0.809977
974	6.0651789988e-2	0.417370	0.77054230	0.60173639	0.005440	-0.962854	-0.900862	3	0.810004
975	6.0900814509e-2	0.419146	0.77056705	0.60203491	0.005440	-0.962854	-0.900862	3	0.810031
976	6.0429613571e-2	0.415965	0.77074330	0.60191622	0.005440	-0.962854	-0.900862	3	0.810058
977	6.0245250742e-2	0.414758	0.77101557	0.60227640	0.004417	-0.969901	-0.949374	2	0.810084
978	6.0967942188e-2	0.419795	0.77096131	0.60289055	0.003394	-0.976941	-0.997851	1	0.810111
979	6.0377818500e-2	0.415794	0.77099471	0.60236724	0.004416	-0.969907	-0.949409	2	0.810138
980	6.0458086924e-2	0.416408	0.77112233	0.60270274	0.004416	-0.969907	-0.949409	2	0.810165
981	6.1061817906e-2	0.420629	0.77093459	0.60293100	0.004416	-0.969907	-0.949409	2	0.810192
982	6.0108680844e-2	0.414124	0.77103598	0.60218064	0.005434	-0.962891	-0.901072	3	0.810219
983	6.0325574663e-2	0.415680	0.77129244	0.60291045	0.004417	-0.969901	-0.949374	2	0.810245
984	6.0632521018e-2	0.417857	0.77132542	0.60328336	0.004417	-0.969901	-0.949374	2	0.810272
985	6.0750529208e-2	0.418732	0.77104726	0.60284505	0.005432	-0.962903	-0.901142	3	0.810299
986	6.0604215557e-2	0.417785	0.77095736	0.60251894	0.004418	-0.969895	-0.949339	2	0.810325
987	6.0514739566e-2	0.417229	0.77119257	0.60289988	0.003405	-0.976880	-0.997502	1	0.810352
988	6.0535101331e-2	0.417431	0.77121638	0.60296786	0.003405	-0.976880	-0.997502	1	0.810378
989	6.0866792646e-2	0.419780	0.77114170	0.60315020	0.004416	-0.969907	-0.949408	2	0.810405
990	6.1261662311e-2	0.422565	0.77123187	0.60372541	0.004416	-0.969907	-0.949408	2	0.810432
991	6.1716543729e-2	0.425765	0.77121440	0.60414534	0.003407	-0.976868	-0.997433	1	0.810458
992	6.1731748131e-2	0.425932	0.77118539	0.60410253	0.003407	-0.976868	-0.997433	1	0.810485
993	6.1617013190e-2	0.425202	0.77116863	0.60395428	0.004414	-0.969919	-0.949477	2	0.810512
994	6.2358512505e-2	0.430382	0.77114463	0.60464777	0.003408	-0.976862	-0.997399	1	0.810538
995	6.1900119765e-2	0.427281	0.77112931	0.60415874	0.004413	-0.969925	-0.949511	2	0.810565
996	6.1720371579e-2	0.426102	0.77121747	0.60415530	0.004413	-0.969925	-0.949511	2	0.810591
997	6.1110288531e-2	0.421951	0.77123406	0.60357840	0.003410	-0.976850	-0.997330	1	0.810617
998	6.0591568073e-2	0.418430	0.77148487	0.60356132	0.004412	-0.969931	-0.949545	2	0.810644
999	6.0085888393e-2	0.414998	0.77165891	0.60340371	0.004412	-0.969931	-0.949545	2	0.810670
1000	5.9589840177e-2	0.411632	0.77171613	0.60302210	0.004412	-0.969931	-0.949545	2	0.810696
1001	5.9722118078e-2	0.412605	0.77188893	0.60349998	0.003413	-0.976833	-0.997229	1	0.810722
1002	5.8677154977e-2	0.405445	0.77181465	0.60230645	0.002415	-0.983729	-1.044878	0	0.810748
1003	5.9061093066e-2	0.408156	0.77180920	0.60267949	0.003412	-0.976839	-0.997262	1	0.810775
1004	5.8964521909e-2	0.407548	0.77181278	0.60259007	0.003412	-0.976839	-0.997262	1	0.810801
1005	5.9008657601e-2	0.407912	0.77183647	0.60268159	0.002417	-0.983717	-1.044811	0	0.810828
1006	6.0258371339e-2	0.416611	0.77196202	0.60418241	0.003411	-0.976844	-0.997296	1	0.810854
1007	5.9587306630e-2	0.412030	0.77196194	0.60351119	0.004404	-0.969978	-0.949815	2	0.810880
1008	5.8626032848e-2	0.405441	0.77203356	0.60269316	0.004404	-0.969978	-0.949815	2	0.810906
1009	5.8871430514e-2	0.407197	0.77206263	0.60299669	0.003413	-0.976833	-0.997229	1	0.810932
1010	5.9141341372e-2	0.409122	0.77209172	0.60332478	0.002423	-0.983682	-1.044610	0	0.810958
1011	5.8569171571e-2	0.405222	0.77193240	0.60243397	0.003412	-0.976839	-0.997262	1	0.810984
1012	5.9232858883e-2	0.409873	0.77176712	0.60276711	0.003412	-0.976839	-0.997262	1	0.811010
1013	5.9106960015e-2	0.409060	0.77173125	0.60256945	0.002425	-0.983670	-1.044543	0	0.811036
1014	5.9967427392e-2	0.415074	0.77165706	0.60328154	0.002425	-0.983670	-1.044543	0	0.811063
1015	5.9431800419e-2	0.411425	0.77177505	0.60298191	0.001439	-0.990491	-1.091758	-1	0.811089
1016	5.9308848411e-2	0.410632	0.77168265	0.60267414	0.001439	-0.990491	-1.091758	-1	0.811115
1017	6.0223534430e-2	0.417025	0.77176452	0.60375257	0.001439	-0.990491	-1.091758	-1	0.811142
1018	6.0270464988e-2	0.417409	0.77203590	0.60434226	0.002422	-0.983688	-1.044642	0	0.811168
1019	6.0088715604e-2	0.416209	0.77202022	0.60412915	0.001440	-0.990485	-1.091725	-1	0.811194
1020	6.0386412689e-2	0.418330	0.77222042	0.60482724	0.001440	-0.990485	-1.091725	-1	0.811221
1021	5.9960727112e-2	0.415440	0.77217250	0.60430573	0.000461	-0.997271	-1.138743	-2	0.811247
1022	5.9958021154e-2	0.415480	0.77212262	0.60420326	-0.000517	-1.004051	-1.185727	-3	0.811273
1023	5.9622806112e-2	0.413216	0.77206702	0.60375684	-0.001495	-1.010826	-1.232679	-4	0.811300
1024	6.0221172151e-2	0.417421	0.77204745	0.60431608	-0.001495	-1.010826	-1.232679	-4	0.811327
1025	6.0120341081e-2	0.416781	0.77217398	0.60446830	-0.001495	-1.010826	-1.232679	-4	0.811354
1026	6.0035068268e-2	0.416249	0.77243126	0.60489759	-0.001495	-1.010826	-1.232679	-4	0.811381
1027	5.9644156277e-2	0.413596	0.77242782	0.60449981	-0.000521	-1.004074	-1.185857	-3	0.811408
1028	5.9763231875e-2	0.414480	0.77226303	0.60428929	-0.000521	-1.004074	-1.185857	-3	0.811435
1029	5.9543890628e-2	0.413017	0.77221854	0.60398098	-0.000521	-1.004074	-1.185857	-3	0.811461
1030	5.9575389807e-2	0.413293	0.77201789	0.60361117	-0.001492	-1.010809	-1.232582	-4	0.811488
1031	5.9796690678e-2	0.414886	0.77193396	0.60366461	-0.002462	-1.017539	-1.279274	-5	0.811515
1032	5.9525493349e-2	0.413063	0.77205422	0.60363393	-0.002462	-1.017539	-1.279274	-5	0.811542
1033	5.9675592150e-2	0.414162	0.77223813	0.60415185	-0.003430	-1.024257	-1.325902	-6	0.811569
1034	5.9080022566e-2	0.410086	0.77234106	0.60376215	-0.004397	-1.030970	-1.372498	-7	0.811596
1035	5.8916008250e-2	0.409004	0.77239697	0.60370995	-0.004397	-1.030970	-1.372498	-7	0.811623
1036	5.8940323515e-2	0.409230	0.77239668	0.60373368	-0.004397	-1.030970	-1.372498	-7	0.811651
1037	5.9223127083e-2	0.411251	0.77225544	0.60373400	-0.003433	-1.024274	-1.325998	-6	0.811678
1038	5.9672239891e-2	0.414427	0.77223246	0.60413716	-0.004396	-1.030965	-1.372466	-7	0.811705
1039	5.9440992029e-2	0.412878	0.77212005	0.60368109	-0.005359	-1.037650	-1.418902	-8	0.811732
1040	5.9490014816e-2	0.413276	0.77216539	0.60382079	-0.005359	-1.037650	-1.418902	-8	0.811760
1041	5.9220147985e-2	0.411458	0.77223651	0.60369317	-0.004398	-1.030976	-1.372530	-7	0.811788
1042	5.9578032769e-2	0.414002	0.77230205	0.60418212	-0.003438	-1.024307	-1.326189	-6	0.811815
1043	5.9285960062e-2	0.412029	0.77241866	0.60412327	-0.002480	-1.017644	-1.279880	-5	0.811842
1044	6.0007873419e-2	0.417104	0.77259421	0.60519629	-0.002480	-1.017644	-1.279880	-5	0.811868
1045	5.9591634153e-2	0.414267	0.77276703	0.60512569	-0.003437	-1.024296	-1.326126	-6	0.811895
1046	5.8694409878e-2	0.408086	0.77272858	0.60415156	-0.002481	-1.017649	-1.279911	-5	0.811922
1047	5.8680660847e-2	0.408047	0.77274303	0.60416673	-0.001526	-1.011008	-1.233728	-4	0.811948
1048	5.8764849840e-2	0.408688	0.77270498	0.60417482	-0.001526	-1.011008	-1.233728	-4	0.811975
1049	5.9215124724e-2	0.411876	0.77256962	0.60435437	-0.002479	-1.017638	-1.279848	-5	0.812001
1050	5.8638316881e-2	0.407920	0.77264540	0.60392911	-0.002479	-1.017638	-1.279848	-5	0.812027
1051	5.8749565780e-2	0.408750	0.77279311	0.60433579	-0.003430	-1.024258	-1.325906	-6	0.812054
1052	5.9322529510e-2	0.412793	0.77302268	0.60536788	-0.003430	-1.024258	-1.325906	-6	0.812080
1053	5.9536676293e-2	0.414339	0.77299146	0.60551960	-0.003430	-1.024258	-1.325906	-6	0.812107
1054	5.9537173581e-2	0.414399	0.77281349	0.60516416	-0.004379	-1.030862	-1.371871	-7	0.812133
1055	5.8683217689e-2	0.408511	0.77283918	0.60436157	-0.003431	-1.024264	-1.325937	-6	0.812160
1056	5.8248042080e-2	0.405537	0.77287833	0.60400470	-0.003431	-1.024264	-1.325937	-6	0.812187
1057	5.8355673615e-2	0.406342	0.77290689	0.60416945	-0.002485	-1.017676	-1.280066	-5	0.812213
1058	5.8643860204e-2	0.408404	0.77300601	0.60465587	-0.002485	-1.017676	-1.280066	-5	0.812239
1059	5.8449547944e-2	0.407106	0.77307423	0.60459801	-0.001541	-1.011099	-1.234256	-4	0.812265
1060	5.8639519068e-2	0.408484	0.77317784	0.60499520	-0.001541	-1.011099	-1.234256	-4	0.812291
1061	5.8932649417e-2	0.410582	0.77332305	0.60557874	-0.002483	-1.017665	-1.280004	-5	0.812317
1062	5.9576421591e-2	0.415123	0.77342029	0.60641700	-0.002483	-1.017665	-1.280004	-5	0.812343
1063	5.9449508685e-2	0.414295	0.77351320	0.60647590	-0.003424	-1.024221	-1.325691	-6	0.812369
1064	5.9604375454e-2	0.415430	0.77370234	0.60700906	-0.003424	-1.024221	-1.325691	-6	0.812395
1065	5.9140618408e-2	0.412253	0.77380143	0.60674348	-0.004363	-1.030766	-1.371316	-7	0.812422
1066	5.8405288315e-2	0.407182	0.77378604	0.60597737	-0.005301	-1.037306	-1.416911	-8	0.812448
1067	5.8650032825e-2	0.408944	0.77382375	0.60629753	-0.004364	-1.030772	-1.371347	-7	0.812475
1068	5.8228767853e-2	0.406061	0.77365272	0.60553421	-0.004364	-1.030772	-1.371347	-7	0.812501
1069	5.8503450946e-2	0.408031	0.77392986	0.60636317	-0.005299	-1.037296	-1.416850	-8	0.812527
1070	5.8920775464e-2	0.410997	0.77399573	0.60691224	-0.006234	-1.043815	-1.462324	-9	0.812554
1071	5.8723854984e-2	0.409678	0.77418982	0.60710349	-0.006234	-1.043815	-1.462324	-9	0.812581
1072	5.8791440790e-2	0.410204	0.77414542	0.60708228	-0.006234	-1.043815	-1.462324	-9	0.812607
1073	5.9034481307e-2	0.411955	0.77423274	0.60749996	-0.005302	-1.037312	-1.416941	-8	0.812634
1074	5.8914484799e-2	0.411173	0.77428908	0.60749265	-0.006233	-1.043810	-1.462294	-9	0.812660
1075	5.8961161929e-2	0.411553	0.77421322	0.60738761	-0.006233	-1.043810	-1.462294	-9	0.812687
1076	5.9053562448e-2	0.412253	0.77432034	0.60769425	-0.006233	-1.043810	-1.462294	-9	0.812714
1077	5.9198190290e-2	0.413318	0.77443406	0.60806631	-0.005305	-1.037327	-1.417031	-8	0.812740
1078	5.9013724619e-2	0.412085	0.77448290	0.60797952	-0.005305	-1.037327	-1.417031	-8	0.812767
1079	5.8833800931e-2	0.410883	0.77422678	0.60728736	-0.004378	-1.030855	-1.371829	-7	0.812793
1080	5.8617700860e-2	0.409428	0.77432762	0.60727294	-0.004378	-1.030855	-1.371829	-7	0.812819
1081	5.8420709586e-2	0.408106	0.77422580	0.60687231	-0.003453	-1.024392	-1.326686	-6	0.812845
1082	5.8149278370e-2	0.406264	0.77441942	0.60698811	-0.002528	-1.017935	-1.281574	-5	0.812871
1083	5.8139359735e-2	0.406248	0.77451515	0.60716965	-0.002528	-1.017935	-1.281574	-5	0.812896
1084	5.8333343822e-2	0.407658	0.77441047	0.60715429	-0.002528	-1.017935	-1.281574	-5	0.812921
1085	5.7730166930e-2	0.403495	0.77444191	0.60661399	-0.003450	-1.024377	-1.326597	-6	0.812947
1086	5.8047285524e-2	0.405765	0.77432780	0.60670288	-0.004371	-1.030814	-1.371592	-7	0.812972
1087	5.7877603910e-2	0.404633	0.77418339	0.60624438	-0.005291	-1.037245	-1.416556	-8	0.812998
1088	5.7422675567e-2	0.401505	0.77415126	0.60572519	-0.005291	-1.037245	-1.416556	-8	0.813024
1089	5.7794136065e-2	0.404155	0.77424239	0.60627892	-0.005291	-1.037245	-1.416556	-8	0.813050
1090	5.8052425186e-2	0.406015	0.77421922	0.60649086	-0.006208	-1.043662	-1.461432	-9	0.813076
1091	5.7840608042e-2	0.404586	0.77425486	0.60635032	-0.007125	-1.050073	-1.506279	-10	0.813102
1092	5.8143505939e-2	0.406758	0.77419804	0.60653960	-0.007125	-1.050073	-1.506279	-10	0.813128
1093	5.8028608998e-2	0.406008	0.77422266	0.60647392	-0.008040	-1.056475	-1.551067	-11	0.813155
1094	5.8772094299e-2	0.411263	0.77426045	0.60729299	-0.007126	-1.050078	-1.506308	-10	0.813181
1095	5.8713786326e-2	0.410909	0.77419656	0.60710690	-0.008039	-1.056470	-1.551038	-11	0.813207
1096	5.8535939885e-2	0.409718	0.77417773	0.60689140	-0.008039	-1.056470	-1.551038	-11	0.813234
1097	5.8537473575e-2	0.409782	0.77430031	0.60713808	-0.008951	-1.062851	-1.595710	-12	0.813260
1098	5.9198724403e-2	0.414465	0.77430657	0.60781186	-0.008951	-1.062851	-1.595710	-12	0.813287
1099	5.8283493211e-2	0.408110	0.77421509	0.60671368	-0.008041	-1.056480	-1.551096	-11	0.813314
1100	5.8740162928e-2	0.411361	0.77442219	0.60758454	-0.008041	-1.056480	-1.551096	-11	0.813340
1101	5.8586804083e-2	0.410340	0.77438789	0.60736257	-0.007132	-1.050118	-1.506541	-10	0.813366
1102	5.8630882516e-2	0.410702	0.77445824	0.60754737	-0.008040	-1.056475	-1.551067	-11	0.813392
1103	5.8476596172e-2	0.409675	0.77438374	0.60724408	-0.008946	-1.062826	-1.595565	-12	0.813418
1104	5.8461280726e-2	0.409620	0.77437962	0.60722052	-0.008946	-1.062826	-1.595565	-12	0.813445
1105	5.8914028640e-2	0.412846	0.77422115	0.60735633	-0.009851	-1.069168	-1.640006	-13	0.813471
1106	5.8577087750e-2	0.410538	0.77440755	0.60739219	-0.010756	-1.075505	-1.684417	-14	0.813498
1107	5.8411609710e-2	0.409431	0.77450224	0.60741609	-0.010756	-1.075505	-1.684417	-14	0.813525
1108	5.8711798421e-2	0.411588	0.77440364	0.60751907	-0.010756	-1.075505	-1.684417	-14	0.813552
1109	5.9151080484e-2	0.414721	0.77437506	0.60790121	-0.011657	-1.081827	-1.728743	-15	0.813578
1110	5.9760084086e-2	0.419045	0.77454590	0.60885189	-0.010756	-1.075510	-1.684446	-14	0.813605
1111	6.0079052628e-2	0.421335	0.77466688	0.60941281	-0.009856	-1.069197	-1.640177	-13	0.813632
1112	6.0161416739e-2	0.421967	0.77476026	0.60968194	-0.009856	-1.069197	-1.640177	-13	0.813658
1113	5.8820909582e-2	0.412618	0.77492244	0.60866579	-0.010755	-1.075500	-1.684389	-14	0.813685
1114	5.9217926964e-2	0.415456	0.77484916	0.60891624	-0.009857	-1.069202	-1.640205	-13	0.813711
1115	5.9724394813e-2	0.419063	0.77505341	0.60983121	-0.008960	-1.062909	-1.596050	-12	0.813738
1116	5.9130895606e-2	0.414951	0.77523159	0.60959408	-0.008960	-1.062909	-1.596050	-12	0.813764
1117	5.9323749085e-2	0.416358	0.77520526	0.60973426	-0.009856	-1.069192	-1.640149	-13	0.813790
1118	5.8256403887e-2	0.408919	0.77519093	0.60863827	-0.010750	-1.075471	-1.684219	-14	0.813816
1119	5.8757435804e-2	0.412488	0.77527693	0.60931129	-0.009856	-1.069197	-1.640177	-13	0.813843
1120	5.8488964722e-2	0.410656	0.77535472	0.60919840	-0.009856	-1.069197	-1.640177	-13	0.813869
1121	5.8590892788e-2	0.411424	0.77530068	0.60919225	-0.008964	-1.062933	-1.596191	-12	0.813895
1122	5.8410077853e-2	0.410206	0.77535870	0.60912747	-0.008073	-1.056674	-1.552233	-11	0.813921
1123	5.8367225875e-2	0.409957	0.77553682	0.60944087	-0.008963	-1.062928	-1.596163	-12	0.813946
1124	5.8237674289e-2	0.409099	0.77561786	0.60947339	-0.008963	-1.062928	-1.596163	-12	0.813972
1125	5.8296596121e-2	0.409565	0.77552145	0.60933949	-0.008963	-1.062928	-1.596163	-12	0.813998
1126	5.8213502360e-2	0.409033	0.77547540	0.60916430	-0.008075	-1.056688	-1.552317	-11	0.814024
1127	5.8143512308e-2	0.408593	0.77554443	0.60923237	-0.008075	-1.056688	-1.552317	-11	0.814049
1128	5.7485200736e-2	0.404018	0.77569968	0.60888456	-0.008075	-1.056688	-1.552317	-11	0.814075
1129	5.6955830343e-2	0.400348	0.77575567	0.60846717	-0.008961	-1.062914	-1.596080	-12	0.814100
1130	5.7072221140e-2	0.401216	0.77583920	0.60875062	-0.009846	-1.069135	-1.639815	-13	0.814126
1131	5.7411370815e-2	0.403651	0.77585506	0.60912149	-0.010730	-1.075352	-1.683522	-14	0.814152
1132	5.7129027757e-2	0.401717	0.77583916	0.60880734	-0.010730	-1.075352	-1.683522	-14	0.814178
1133	5.7018838479e-2	0.400992	0.77563616	0.60829116	-0.009848	-1.069145	-1.639870	-13	0.814204
1134	5.7302693635e-2	0.403039	0.77572073	0.60874415	-0.009848	-1.069145	-1.639870	-13	0.814230
1135	5.7340969765e-2	0.403359	0.77590221	0.60914539	-0.008967	-1.062947	-1.596273	-12	0.814256
1136	5.7225362682e-2	0.402596	0.77601408	0.60925353	-0.008967	-1.062947	-1.596273	-12	0.814281
1137	5.7082202407e-2	0.401639	0.77608476	0.60925171	-0.008087	-1.056759	-1.552731	-11	0.814307
1138	5.6812092563e-2	0.399788	0.77618533	0.60918274	-0.007208	-1.050575	-1.509216	-10	0.814332
1139	5.6990313194e-2	0.401092	0.77622336	0.60943703	-0.006330	-1.044396	-1.465729	-9	0.814357
1140	5.6922556038e-2	0.400666	0.77644837	0.60981930	-0.006330	-1.044396	-1.465729	-9	0.814381
1141	5.7428327116e-2	0.404276	0.77649875	0.61042583	-0.005454	-1.038226	-1.422296	-8	0.814406
1142	5.7146955386e-2	0.402345	0.77659890	0.61034476	-0.004578	-1.032061	-1.378890	-7	0.814431
1143	5.6779100851e-2	0.399805	0.77657058	0.60992026	-0.004578	-1.032061	-1.378890	-7	0.814455
1144	5.7680264942e-2	0.406201	0.77656984	0.61081994	-0.004578	-1.032061	-1.378890	-7	0.814479
1145	5.7625722162e-2	0.405867	0.77650788	0.61064148	-0.003705	-1.025910	-1.335566	-6	0.814503
1146	5.7344530101e-2	0.403937	0.77646223	0.61026900	-0.004578	-1.032057	-1.378863	-7	0.814527
1147	5.7003910898e-2	0.401587	0.77654663	0.61009718	-0.003706	-1.025915	-1.335593	-6	0.814551
1148	5.6935375019e-2	0.401154	0.77657679	0.61008895	-0.003706	-1.025915	-1.335593	-6	0.814575
1149	5.6836532055e-2	0.400507	0.77654213	0.60992079	-0.002835	-1.019782	-1.292377	-5	0.814599
1150	5.6508035857e-2	0.398241	0.77672594	0.60995991	-0.002835	-1.019782	-1.292377	-5	0.814622
1151	5.6559289926e-2	0.398652	0.77669358	0.60994646	-0.003704	-1.025906	-1.335540	-6	0.814646
1152	5.6465507256e-2	0.398040	0.77661410	0.60969371	-0.003704	-1.025906	-1.335540	-6	0.814670
1153	5.6641505203e-2	0.399330	0.77667082	0.60998315	-0.004571	-1.032020	-1.378648	-7	0.814693
1154	5.6805633283e-2	0.400536	0.77667436	0.61015436	-0.003705	-1.025910	-1.335566	-6	0.814717
1155	5.6857662038e-2	0.400952	0.77675669	0.61037105	-0.002839	-1.019805	-1.292511	-5	0.814741
1156	5.7549967464e-2	0.405884	0.77669700	0.61094397	-0.002839	-1.019805	-1.292511	-5	0.814764
1157	5.7603567501e-2	0.406312	0.77676761	0.61113879	-0.001975	-1.013708	-1.249509	-4	0.814788
1158	5.7361970008e-2	0.404657	0.77683912	0.61104020	-0.002838	-1.019800	-1.292485	-5	0.814811
1159	5.8107643105e-2	0.409968	0.77681648	0.61174060	-0.001976	-1.013713	-1.249536	-4	0.814834
1160	5.8281908631e-2	0.411247	0.77684833	0.61197856	-0.001976	-1.013713	-1.249536	-4	0.814857
1161	5.7964501757e-2	0.409058	0.77684702	0.61165855	-0.001976	-1.013713	-1.249536	-4	0.814881
1162	5.8749975655e-2	0.414651	0.77689276	0.61253549	-0.002836	-1.019787	-1.292405	-5	0.814904
1163	5.8700739813e-2	0.414354	0.77717650	0.61305374	-0.003696	-1.025856	-1.335248	-6	0.814927
1164	5.7542212300e-2	0.406226	0.77726666	0.61207554	-0.003696	-1.025856	-1.335248	-6	0.814950
1165	5.7759503356e-2	0.407810	0.77729638	0.61235227	-0.002838	-1.019795	-1.292458	-5	0.814974
1166	5.7807715079e-2	0.408200	0.77730814	0.61242400	-0.003695	-1.025852	-1.335221	-6	0.814997
1167	5.7784602738e-2	0.408086	0.77725040	0.61228541	-0.002838	-1.019800	-1.292484	-5	0.815020
1168	5.7629340920e-2	0.407039	0.77707876	0.61178686	-0.002838	-1.019800	-1.292484	-5	0.815043
1169	5.7855481142e-2	0.408686	0.77716659	0.61218866	-0.001983	-1.013757	-1.249799	-4	0.815066
1170	5.7574415076e-2	0.406749	0.77734602	0.61226645	-0.001983	-1.013757	-1.249799	-4	0.815089
1171	5.7689460974e-2	0.407611	0.77729958	0.61228862	-0.002837	-1.019791	-1.292432	-5	0.815112
1172	5.7523259423e-2	0.406486	0.77720144	0.61192614	-0.002837	-1.019791	-1.292432	-5	0.815135
1173	5.6945513128e-2	0.402452	0.77731086	0.61156723	-0.003689	-1.025816	-1.335012	-6	0.815158
1174	5.6533500616e-2	0.399589	0.77728779	0.61110908	-0.002838	-1.019795	-1.292458	-5	0.815181
1175	5.6919594997e-2	0.402366	0.77727373	0.61146706	-0.002838	-1.019795	-1.292458	-5	0.815204
1176	5.6664399875e-2	0.400610	0.77737011	0.61140462	-0.002838	-1.019795	-1.292458	-5	0.815227
1177	5.6409989418e-2	0.398859	0.77723830	0.61088659	-0.001988	-1.013788	-1.249981	-4	0.815250
1178	5.6298374838e-2	0.398118	0.77710843	0.61051523	-0.002837	-1.019791	-1.292432	-5	0.815273
1179	5.6231645802e-2	0.397694	0.77716913	0.61056990	-0.002837	-1.019791	-1.292432	-5	0.815296
1180	5.7202115810e-2	0.404606	0.77692485	0.61105181	-0.002837	-1.019791	-1.292432	-5	0.815318
1181	5.6931736310e-2	0.402742	0.77704830	0.61102834	-0.003684	-1.025781	-1.334805	-6	0.815341
1182	5.6779228304e-2	0.401711	0.77712386	0.61102694	-0.004530	-1.031767	-1.377153	-7	0.815364
1183	5.7638163196e-2	0.407837	0.77711775	0.61187366	-0.004530	-1.031767	-1.377153	-7	0.815387
1184	5.7542487124e-2	0.407208	0.77717953	0.61190154	-0.004530	-1.031767	-1.377153	-7	0.815410
1185	5.8482665687e-2	0.413911	0.77714298	0.61276862	-0.005374	-1.037739	-1.419424	-8	0.815434
1186	5.8140535656e-2	0.411539	0.77728945	0.61271943	-0.004530	-1.031771	-1.377179	-7	0.815457
1187	5.8242544696e-2	0.412310	0.77726131	0.61276517	-0.005373	-1.037735	-1.419399	-8	0.815480
1188	5.7569371097e-2	0.407593	0.77715997	0.61188931	-0.005373	-1.037735	-1.419399	-8	0.815503
1189	5.7610502850e-2	0.407932	0.77717252	0.61195554	-0.004532	-1.031780	-1.377230	-7	0.815526
1190	5.7132897071e-2	0.404599	0.77719377	0.61152045	-0.003691	-1.025829	-1.335086	-6	0.815549
1191	5.6957611463e-2	0.403405	0.77720877	0.61137515	-0.002852	-1.019882	-1.292968	-5	0.815572
1192	5.7422395436e-2	0.406745	0.77727139	0.61196517	-0.002852	-1.019882	-1.292968	-5	0.815595
1193	5.7017936278e-2	0.403928	0.77718573	0.61138940	-0.003690	-1.025820	-1.335036	-6	0.815617
1194	5.7978662870e-2	0.410783	0.77708961	0.61215788	-0.004528	-1.031754	-1.377078	-7	0.815640
1195	5.8065465036e-2	0.411446	0.77723090	0.61252727	-0.003691	-1.025824	-1.335061	-6	0.815663
1196	5.8169819476e-2	0.412234	0.77742171	0.61301324	-0.003691	-1.025824	-1.335061	-6	0.815685
1197	5.6958804315e-2	0.403700	0.77768639	0.61233158	-0.003691	-1.025824	-1.335061	-6	0.815708
1198	5.6810498349e-2	0.402696	0.77773284	0.61227619	-0.002856	-1.019907	-1.293120	-5	0.815730
1199	5.6573730584e-2	0.401065	0.77774650	0.61206673	-0.002022	-1.013995	-1.251204	-4	0.815753
1200	5.6646540031e-2	0.401628	0.77792874	0.61250403	-0.002022	-1.013995	-1.251204	-4	0.815775
1201	5.6865737499e-2	0.403230	0.77794692	0.61275958	-0.002855	-1.019899	-1.293070	-5	0.815797
1202	5.6102150210e-2	0.397862	0.77801553	0.61213321	-0.002023	-1.013999	-1.251229	-4	0.815819
1203	5.6459757201e-2	0.400445	0.77799135	0.61244245	-0.001191	-1.008103	-1.209413	-3	0.815841
1204	5.6629331417e-2	0.401695	0.77794068	0.61251068	-0.001191	-1.008103	-1.209413	-3	0.815863
1205	5.6195783385e-2	0.398666	0.77797847	0.61215273	-0.000362	-1.002216	-1.167647	-2	0.815885
1206	5.6336074483e-2	0.399708	0.77816281	0.61266169	-0.000362	-1.002216	-1.167647	-2	0.815907
1207	5.6157994009e-2	0.398491	0.77810490	0.61236780	0.000467	-0.996337	-1.125930	-1	0.815928
1208	5.6369488852e-2	0.400039	0.77807327	0.61251602	0.000467	-0.996337	-1.125930	-1	0.815950
1209	5.6315972520e-2	0.399705	0.77830981	0.61293559	-0.000360	-1.002208	-1.167597	-2	0.815971
1210	5.6254616531e-2	0.399316	0.77824271	0.61274003	-0.000360	-1.002208	-1.167597	-2	0.815992
1211	5.5810672159e-2	0.396211	0.77822663	0.61226393	0.000466	-0.996345	-1.125980	-1	0.816014
1212	5.5790141412e-2	0.396112	0.77827403	0.61233819	0.000466	-0.996345	-1.125980	-1	0.816035
1213	5.6038237169e-2	0.397919	0.77835612	0.61275048	-0.000359	-1.002199	-1.167548	-2	0.816057
1214	5.6375062369e-2	0.400357	0.77834010	0.61305527	0.000465	-0.996349	-1.126004	-1	0.816078
1215	5.6829806381e-2	0.403634	0.77828834	0.61340648	0.000465	-0.996349	-1.126004	-1	0.816099
1216	5.7029524603e-2	0.405099	0.77842493	0.61387938	0.000465	-0.996349	-1.126004	-1	0.816120
1217	5.7205961002e-2	0.406399	0.77835086	0.61390769	-0.000357	-1.002187	-1.167474	-2	0.816142
1218	5.7383980254e-2	0.407711	0.77816045	0.61370488	0.000464	-0.996354	-1.126029	-1	0.816163
1219	5.7572973920e-2	0.409101	0.77818605	0.61394508	0.001285	-0.990524	-1.084608	0	0.816184
1220	5.7423385782e-2	0.408085	0.77828570	0.61399478	0.001285	-0.990524	-1.084608	0	0.816205
1221	5.7065172387e-2	0.405586	0.77846631	0.61399779	0.000466	-0.996345	-1.125980	-1	0.816226
1222	5.6880280212e-2	0.404319	0.77845457	0.61378942	-0.000353	-1.002162	-1.167328	-2	0.816247
1223	5.7063561248e-2	0.405668	0.77845134	0.61396623	-0.001170	-1.007975	-1.208652	-3	0.816268
1224	5.7158818247e-2	0.406392	0.77828736	0.61373354	-0.001170	-1.007975	-1.208652	-3	0.816289
1225	5.6268797527e-2	0.400110	0.77848891	0.61324661	-0.001170	-1.007975	-1.208652	-3	0.816311
1226	5.6712858701e-2	0.403314	0.77843050	0.61357387	-0.000355	-1.002174	-1.167401	-2	0.816332
1227	5.6756873486e-2	0.403673	0.77841454	0.61358596	0.000460	-0.996378	-1.126174	-1	0.816353
1228	5.7196826567e-2	0.406849	0.77834440	0.61388563	0.000460	-0.996378	-1.126174	-1	0.816374
1229	5.7676122515e-2	0.410305	0.77836589	0.61440790	-0.000353	-1.002166	-1.167352	-2	0.816395
1230	5.8194049868e-2	0.414037	0.77832344	0.61484094	0.000460	-0.996382	-1.126198	-1	0.816416
1231	5.8526163380e-2	0.416448	0.77840358	0.61533332	-0.000353	-1.002162	-1.167328	-2	0.816437
1232	5.8853614640e-2	0.418826	0.77839116	0.61563593	-0.000353	-1.002162	-1.167328	-2	0.816458
1233	5.8240849123e-2	0.414512	0.77836609	0.61497303	-0.000353	-1.002162	-1.167328	-2	0.816479
1234	5.7940545471e-2	0.412422	0.77850112	0.61494278	0.000458	-0.996394	-1.126270	-1	0.816500
1235	5.8458039496e-2	0.416153	0.77854284	0.61554372	-0.000352	-1.002158	-1.167304	-2	0.816521
1236	5.9464809675e-2	0.423368	0.77853214	0.61652910	-0.000352	-1.002158	-1.167304	-2	0.816542
1237	5.9356752840e-2	0.422646	0.77854656	0.61644988	-0.001161	-1.007915	-1.208291	-3	0.816563
1238	5.8584153401e-2	0.417193	0.77859117	0.61576650	-0.000353	-1.002162	-1.167328	-2	0.816584
1239	5.9085060218e-2	0.420807	0.77851999	0.61612504	-0.001160	-1.007911	-1.208268	-3	0.816605
1240	5.9829420581e-2	0.426157	0.77865504	0.61713951	-0.001160	-1.007911	-1.208268	-3	0.816626
1241	6.0324379645e-2	0.429731	0.77867218	0.61766873	-0.000354	-1.002170	-1.167376	-2	0.816647
1242	6.0126965536e-2	0.428373	0.77856133	0.61724962	-0.000354	-1.002170	-1.167376	-2	0.816668
1243	6.0403697233e-2	0.430393	0.77868748	0.61777866	0.000450	-0.996438	-1.126531	-1	0.816688
1244	6.0596384177e-2	0.431815	0.77869472	0.61798582	0.000450	-0.996438	-1.126531	-1	0.816709
1245	6.0708776076e-2	0.432665	0.77878771	0.61828419	-0.000353	-1.002162	-1.167329	-2	0.816729
1246	5.8898121879e-2	0.419808	0.77881748	0.61653308	-0.001155	-1.007883	-1.208102	-3	0.816750
1247	5.9086971969e-2	0.421201	0.77880496	0.61669688	-0.000353	-1.002166	-1.167352	-2	0.816771
1248	5.9072420902e-2	0.421145	0.77907206	0.61721655	-0.000353	-1.002166	-1.167352	-2	0.816792
1249	5.7534523931e-2	0.410227	0.77926057	0.61605565	-0.001154	-1.007875	-1.208055	-3	0.816812
1250	5.7641129873e-2	0.411033	0.77932416	0.61628946	-0.001154	-1.007875	-1.208055	-3	0.816833
1251	5.6605002526e-2	0.403690	0.77939636	0.61539773	-0.001154	-1.007875	-1.208055	-3	0.816854
1252	5.6633269576e-2	0.403937	0.77938672	0.61540670	-0.001154	-1.007875	-1.208055	-3	0.816875
1253	5.6363633181e-2	0.402058	0.77956681	0.61549726	-0.000356	-1.002182	-1.167446	-2	0.816896
1254	5.6109115666e-2	0.400288	0.77966423	0.61543758	0.000441	-0.996493	-1.126859	-1	0.816916
1255	5.5497646825e-2	0.395970	0.77947060	0.61443886	0.001238	-0.990808	-1.086296	0	0.816936
1256	5.6183096323e-2	0.400905	0.77952486	0.61523282	0.001238	-0.990808	-1.086296	0	0.816957
1257	5.7332981335e-2	0.409156	0.77966041	0.61665381	0.002034	-0.985130	-1.045780	1	0.816977
1258	5.7055469900e-2	0.407221	0.77974453	0.61654454	0.001239	-0.990804	-1.086273	0	0.816997
1259	5.6536819434e-2	0.403564	0.77962593	0.61578867	0.000445	-0.996473	-1.126743	-1	0.817017
1260	5.6078588484e-2	0.400338	0.77958065	0.61523989	0.000445	-0.996473	-1.126743	-1	0.817037
1261	5.6212437519e-2	0.401338	0.77966584	0.61554412	0.001238	-0.990812	-1.086319	0	0.817057
1262	5.6098703181e-2	0.400570	0.77954120	0.61518111	0.002030	-0.985154	-1.045918	1	0.817077
1263	5.5975050741e-2	0.399732	0.77950178	0.61497861	0.002822	-0.979499	-1.005540	2	0.817097
1264	5.6473526286e-2	0.403336	0.77948188	0.61543729	0.002822	-0.979499	-1.005540	2	0.817117
1265	5.7142379228e-2	0.408158	0.77957101	0.61628441	0.002031	-0.985146	-1.045872	1	0.817136
1266	5.6644252016e-2	0.404645	0.77962438	0.61589301	0.001241	-0.990789	-1.086181	0	0.817156
1267	5.5727468974e-2	0.398140	0.77959852	0.61492451	0.002031	-0.985150	-1.045895	1	0.817176
1268	5.5767471796e-2	0.398470	0.77946470	0.61469687	0.002031	-0.985150	-1.045895	1	0.817196
1269	5.6343860766e-2	0.402632	0.77956045	0.61546477	0.002031	-0.985150	-1.045895	1	0.817216
1270	5.6059585857e-2	0.400645	0.77954090	0.61514139	0.001243	-0.990777	-1.086113	0	0.817235
1271	5.6991809461e-2	0.407352	0.77955172	0.61609525	0.002030	-0.985153	-1.045918	1	0.817255
1272	5.7189290057e-2	0.408809	0.77963955	0.61646839	0.002030	-0.985153	-1.045918	1	0.817275
1273	5.6998148805e-2	0.407487	0.77955511	0.61610836	0.002816	-0.979538	-1.005769	2	0.817294
1274	5.6348292106e-2	0.402886	0.77964906	0.61564641	0.002816	-0.979538	-1.005769	2	0.817314
1275	5.6321429232e-2	0.402738	0.77957969	0.61548080	0.002816	-0.979538	-1.005769	2	0.817333
1276	5.6061320006e-2	0.400922	0.77966212	0.61538556	0.002816	-0.979538	-1.005769	2	0.817353
1277	5.5696649989e-2	0.398357	0.77966762	0.61503190	0.002033	-0.985138	-1.045827	1	0.817372
1278	5.5448550088e-2	0.396626	0.77975020	0.61494895	0.002033	-0.985138	-1.045827	1	0.817392
1279	5.5218746568e-2	0.395026	0.77999843	0.61521560	0.001251	-0.990732	-1.085841	0	0.817411
1280	5.5236900011e-2	0.395199	0.78007729	0.61539148	0.001251	-0.990732	-1.085841	0	0.817431
1281	5.5651254493e-2	0.398207	0.77994488	0.61554101	0.000470	-0.996317	-1.125809	-1	0.817451
1282	5.5794471247e-2	0.399275	0.77989099	0.61557646	0.001250	-0.990735	-1.085863	0	0.817470
1283	5.5570178488e-2	0.397713	0.77989565	0.61536149	0.000471	-0.996314	-1.125787	-1	0.817490
1284	5.5688061718e-2	0.398600	0.77973904	0.61516615	0.000471	-0.996314	-1.125787	-1	0.817510
1285	5.5567593271e-2	0.397781	0.77969938	0.61496636	0.001249	-0.990743	-1.085908	0	0.817529
1286	5.5710045972e-2	0.398844	0.77962903	0.61496811	0.002026	-0.985176	-1.046052	1	0.817549
1287	5.5995458434e-2	0.400931	0.77963599	0.61526744	0.002026	-0.985176	-1.046052	1	0.817568
1288	5.5353666699e-2	0.396379	0.77954148	0.61443662	0.002026	-0.985176	-1.046052	1	0.817588
1289	5.5440918076e-2	0.397047	0.77961212	0.61466515	0.001251	-0.990732	-1.085841	0	0.817607
1290	5.5350338113e-2	0.396441	0.77969290	0.61473613	0.002026	-0.985179	-1.046074	1	0.817627
1291	5.5804533253e-2	0.399737	0.77963665	0.61507783	0.001251	-0.990728	-1.085819	0	0.817646
1292	5.6309265275e-2	0.403397	0.77956271	0.61543470	0.001251	-0.990728	-1.085819	0	0.817665
1293	5.7200928415e-2	0.409829	0.77951806	0.61623704	0.002025	-0.985187	-1.046118	1	0.817685
1294	5.6221808280e-2	0.402857	0.77965627	0.61553434	0.002797	-0.979649	-1.006439	2	0.817704
1295	5.6634450680e-2	0.405858	0.77965546	0.61594536	0.002025	-0.985183	-1.046096	1	0.817723
1296	5.6459993450e-2	0.404651	0.77984175	0.61614350	0.002025	-0.985183	-1.046096	1	0.817742
1297	5.6031401473e-2	0.401622	0.77981151	0.61565442	0.001254	-0.990710	-1.085709	0	0.817761
1298	5.5492842474e-2	0.397805	0.77999771	0.61548826	0.000484	-0.996232	-1.125299	-1	0.817781
1299	5.5507157735e-2	0.397950	0.77983255	0.61517226	0.001254	-0.990713	-1.085731	0	0.817800
1300	5.5503058167e-2	0.397964	0.77992953	0.61536211	0.001254	-0.990713	-1.085731	0	0.817819
1301	5.5255053603e-2	0.396228	0.78005176	0.61535858	0.000485	-0.996225	-1.125255	-1	0.817839
1302	5.5025915442e-2	0.394627	0.78009475	0.61521542	0.001253	-0.990717	-1.085752	0	0.817858
1303	5.5023131949e-2	0.394649	0.78027376	0.61557065	0.000486	-0.996221	-1.125233	-1	0.817877
1304	5.5010074099e-2	0.394598	0.78007892	0.61516791	0.000486	-0.996221	-1.125233	-1	0.817897
1305	5.5222059239e-2	0.396161	0.77997748	0.61517701	0.000486	-0.996221	-1.125233	-1	0.817916
1306	5.5449699888e-2	0.397836	0.78014230	0.61573430	0.001251	-0.990728	-1.085818	0	0.817935
1307	5.5685638453e-2	0.399572	0.78020111	0.61608786	0.000486	-0.996218	-1.125212	-1	0.817955
1308	5.6125657320e-2	0.402772	0.78009211	0.61630987	0.000486	-0.996218	-1.125212	-1	0.817974
1309	5.6381286676e-2	0.404650	0.78025824	0.61689777	-0.000278	-1.001701	-1.164562	-2	0.817993
1310	5.5941263786e-2	0.401534	0.78027744	0.61649615	-0.001041	-1.007180	-1.203891	-3	0.818013
1311	5.5879308319e-2	0.401132	0.78033483	0.61654896	-0.001804	-1.012656	-1.243198	-4	0.818032
1312	5.6094575803e-2	0.402720	0.78053368	0.61716193	-0.001804	-1.012656	-1.243198	-4	0.818052
1313	5.6292816322e-2	0.404186	0.78039634	0.61708549	-0.001042	-1.007187	-1.203934	-3	0.818071
1314	5.5939580333e-2	0.401693	0.78036436	0.61666830	-0.001042	-1.007187	-1.203934	-3	0.818091
1315	5.5497709747e-2	0.398562	0.78043589	0.61636949	-0.000282	-1.001726	-1.164713	-2	0.818110
1316	5.5963487131e-2	0.401949	0.78048435	0.61693220	-0.000282	-1.001726	-1.164713	-2	0.818130
1317	5.5629195194e-2	0.399591	0.78039406	0.61641731	0.000477	-0.996272	-1.125535	-1	0.818149
1318	5.5240819192e-2	0.396843	0.78058995	0.61642072	0.001236	-0.990821	-1.086379	0	0.818168
1319	5.5364333803e-2	0.397772	0.78059729	0.61655892	0.000478	-0.996268	-1.125514	-1	0.818187
1320	5.5266885750e-2	0.397114	0.78072334	0.61671357	0.000478	-0.996268	-1.125514	-1	0.818206
1321	5.5702449337e-2	0.400286	0.78074358	0.61718960	-0.000279	-1.001708	-1.164606	-2	0.818225
1322	5.5857886633e-2	0.401445	0.78078373	0.61742535	0.000477	-0.996272	-1.125535	-1	0.818244
1323	5.5094991946e-2	0.396004	0.78100300	0.61710099	0.000477	-0.996272	-1.125535	-1	0.818263
1324	5.5218747946e-2	0.396935	0.78081717	0.61685309	0.000477	-0.996272	-1.125535	-1	0.818282
1325	5.5389502947e-2	0.398204	0.78071096	0.61681142	0.000477	-0.996272	-1.125535	-1	0.818301
1326	5.4916852325e-2	0.394848	0.78066889	0.61625463	0.001232	-0.990849	-1.086550	0	0.818320
1327	5.5184847229e-2	0.396816	0.78061334	0.61641153	0.000478	-0.996268	-1.125514	-1	0.818339
1328	5.5690695374e-2	0.400496	0.78055563	0.61680195	0.000478	-0.996268	-1.125514	-1	0.818358
1329	5.5251705554e-2	0.397380	0.78055268	0.61635706	0.001230	-0.990856	-1.086592	0	0.818377
1330	5.4939554635e-2	0.395177	0.78063267	0.61620489	0.001982	-0.985448	-1.047691	1	0.818396
1331	5.5228886111e-2	0.397299	0.78070208	0.61663304	0.001982	-0.985448	-1.047691	1	0.818414
1332	5.5488802320e-2	0.399211	0.78078166	0.61705213	0.001982	-0.985448	-1.047691	1	0.818433
1333	5.5435288633e-2	0.398867	0.78076302	0.61696132	0.002733	-0.980050	-1.008853	2	0.818451
1334	5.5596421978e-2	0.400068	0.78080165	0.61719972	0.001983	-0.985445	-1.047670	1	0.818470
1335	5.5335123268e-2	0.398230	0.78083785	0.61701082	0.001234	-0.990835	-1.086466	0	0.818488
1336	5.5210542302e-2	0.397374	0.78095163	0.61711381	0.001234	-0.990835	-1.086466	0	0.818507
1337	5.5311388570e-2	0.398142	0.78090849	0.61712837	0.001982	-0.985452	-1.047712	1	0.818526
1338	5.4461988127e-2	0.392068	0.78097587	0.61641374	0.001234	-0.990832	-1.086445	0	0.818544
1339	5.5042514734e-2	0.396288	0.78086256	0.61676764	0.001981	-0.985455	-1.047733	1	0.818563
1340	5.5311535917e-2	0.398267	0.78093079	0.61717311	0.001981	-0.985455	-1.047733	1	0.818581
1341	5.5326899877e-2	0.398418	0.78101253	0.61735195	0.001981	-0.985455	-1.047733	1	0.818599
1342	5.5832074620e-2	0.402098	0.78091952	0.61767112	0.001236	-0.990822	-1.086382	0	0.818618
1343	5.6470452738e-2	0.406738	0.78097369	0.61841784	0.001981	-0.985459	-1.047754	1	0.818636
1344	5.6061399025e-2	0.403833	0.78110105	0.61826350	0.001981	-0.985459	-1.047754	1	0.818654
1345	5.5401038608e-2	0.399117	0.78098936	0.61737975	0.002724	-0.980102	-1.009166	2	0.818673
1346	5.5331279783e-2	0.398656	0.78110888	0.61754903	0.003467	-0.974749	-0.970600	3	0.818691
1347	5.5050005546e-2	0.396670	0.78107548	0.61720097	0.004210	-0.969400	-0.932054	4	0.818709
1348	5.5265038077e-2	0.398261	0.78109811	0.61746126	0.004210	-0.969400	-0.932054	4	0.818727
1349	5.5156613349e-2	0.397520	0.78098497	0.61712655	0.004951	-0.964058	-0.893550	5	0.818745
1350	5.5078982252e-2	0.397002	0.78098275	0.61704449	0.004951	-0.964058	-0.893550	5	0.818762
1351	5.5207629475e-2	0.397970	0.78109244	0.61739252	0.005691	-0.958722	-0.855086	6	0.818780
1352	5.4530504413e-2	0.393129	0.78125443	0.61703937	0.005691	-0.958722	-0.855086	6	0.818797
1353	5.4334565799e-2	0.391757	0.78140703	0.61714862	0.004952	-0.964051	-0.893509	5	0.818815
1354	5.4365275650e-2	0.392018	0.78140753	0.61718033	0.005690	-0.958725	-0.855107	6	0.818832
1355	5.4587563718e-2	0.393661	0.78137580	0.61733916	0.006428	-0.953403	-0.816726	7	0.818850
1356	5.4371225696e-2	0.392141	0.78140733	0.61718588	0.006428	-0.953403	-0.816726	7	0.818867
1357	5.4230755679e-2	0.391168	0.78142286	0.61707647	0.007165	-0.948088	-0.778385	8	0.818884
1358	5.4276922516e-2	0.391541	0.78128297	0.61684286	0.006429	-0.953400	-0.816705	7	0.818901
1359	5.4317918464e-2	0.391877	0.78130963	0.61693718	0.006429	-0.953400	-0.816705	7	0.818918
1360	5.4196362255e-2	0.391040	0.78142255	0.61704147	0.006429	-0.953400	-0.816705	7	0.818935
1361	5.4251667003e-2	0.391479	0.78141202	0.61707570	0.005694	-0.958702	-0.854964	6	0.818952
1362	5.4641618224e-2	0.394333	0.78132117	0.61728395	0.004960	-0.964000	-0.893203	5	0.818970
1363	5.4597639247e-2	0.394055	0.78132545	0.61724854	0.005694	-0.958705	-0.854984	6	0.818987
1364	5.4777804626e-2	0.395396	0.78138472	0.61754725	0.005694	-0.958705	-0.854984	6	0.819004
1365	5.3973412010e-2	0.389629	0.78148739	0.61694820	0.006426	-0.953416	-0.816807	7	0.819022
1366	5.3389317024e-2	0.385452	0.78150245	0.61639421	0.007158	-0.948131	-0.778649	8	0.819039
1367	5.3843214501e-2	0.388768	0.78160660	0.61705641	0.006427	-0.953413	-0.816786	7	0.819055
1368	5.3666211321e-2	0.387529	0.78159264	0.61685148	0.006427	-0.953413	-0.816786	7	0.819072
1369	5.3883542051e-2	0.389138	0.78160189	0.61708733	0.006427	-0.953413	-0.816786	7	0.819089
1370	5.3955438323e-2	0.389697	0.78162908	0.61721360	0.005697	-0.958685	-0.854863	6	0.819106
1371	5.3793114211e-2	0.388564	0.78180101	0.61739514	0.006426	-0.953416	-0.816806	7	0.819124
1372	5.3881871177e-2	0.389244	0.78175679	0.61739546	0.006426	-0.953416	-0.816806	7	0.819141
1373	5.4054796600e-2	0.390533	0.78179506	0.61764492	0.005698	-0.958678	-0.854823	6	0.819158
1374	5.4023740436e-2	0.390348	0.78179964	0.61762301	0.004970	-0.963937	-0.892820	5	0.819175
1375	5.4365799357e-2	0.392859	0.78191892	0.61820364	0.004970	-0.963937	-0.892820	5	0.819192
1376	5.4338599011e-2	0.392702	0.78194015	0.61821891	0.004970	-0.963937	-0.892820	5	0.819209
1377	5.3846329392e-2	0.389183	0.78201832	0.61788298	0.004970	-0.963937	-0.892820	5	0.819226
1378	5.4030589538e-2	0.390554	0.78220245	0.61843548	0.004244	-0.969183	-0.930737	4	0.819243
1379	5.4246394025e-2	0.392153	0.78219213	0.61863065	0.004970	-0.963940	-0.892840	5	0.819261
1380	5.4643538785e-2	0.395064	0.78210316	0.61884986	0.004970	-0.963940	-0.892840	5	0.819278
1381	5.4511852463e-2	0.394151	0.78211421	0.61874028	0.004246	-0.969176	-0.930697	4	0.819295
1382	5.4713497493e-2	0.395649	0.78223281	0.61917911	0.004969	-0.963944	-0.892860	5	0.819312
1383	5.4305700090e-2	0.392739	0.78214361	0.61859292	0.005692	-0.958714	-0.855042	6	0.819329
1384	5.4247169020e-2	0.392355	0.78208175	0.61841067	0.005692	-0.958714	-0.855042	6	0.819346
1385	5.4573369156e-2	0.394754	0.78208430	0.61874198	0.006414	-0.953492	-0.817264	7	0.819363
1386	5.4620123196e-2	0.395132	0.78208045	0.61878102	0.006414	-0.953492	-0.817264	7	0.819380
1387	5.4576890914e-2	0.394858	0.78201555	0.61860799	0.007135	-0.948275	-0.779525	8	0.819396
1388	5.4606493628e-2	0.395112	0.78213164	0.61886977	0.007135	-0.948275	-0.779525	8	0.819413
1389	5.4562106185e-2	0.394830	0.78223902	0.61904014	0.007855	-0.943066	-0.741825	9	0.819430
1390	5.4642484323e-2	0.395451	0.78213109	0.61890467	0.007136	-0.948272	-0.779505	8	0.819446
1391	5.4225438056e-2	0.392472	0.78213672	0.61849888	0.007855	-0.943069	-0.741845	9	0.819462
1392	5.4339130513e-2	0.393334	0.78220266	0.61874445	0.007855	-0.943069	-0.741845	9	0.819479
1393	5.4215597114e-2	0.392478	0.78222180	0.61865919	0.008572	-0.937872	-0.704224	10	0.819495
1394	5.4119730525e-2	0.391823	0.78224791	0.61861556	0.007855	-0.943066	-0.741826	9	0.819511
1395	5.3854261535e-2	0.389940	0.78224453	0.61834332	0.007855	-0.943066	-0.741826	9	0.819528
1396	5.4016570823e-2	0.391154	0.78233284	0.61868225	0.007855	-0.943066	-0.741826	9	0.819544
1397	5.3957593103e-2	0.390765	0.78214550	0.61824859	0.008571	-0.937882	-0.704282	10	0.819560
1398	5.4307478286e-2	0.393338	0.78224235	0.61879218	0.007856	-0.943063	-0.741806	9	0.819576
1399	5.3718267671e-2	0.389109	0.78229329	0.61830485	0.007141	-0.948240	-0.779310	8	0.819593
1400	5.3789188693e-2	0.389661	0.78223711	0.61826341	0.007141	-0.948240	-0.779310	8	0.819609
1401	5.3971153303e-2	0.391018	0.78240037	0.61877190	0.007855	-0.943069	-0.741845	9	0.819625
1402	5.3654068093e-2	0.388759	0.78248615	0.61862637	0.008568	-0.937901	-0.704399	10	0.819642
1403	5.4001025335e-2	0.391311	0.78245939	0.61891981	0.009281	-0.932736	-0.666972	11	0.819658
1404	5.4366585212e-2	0.393999	0.78261920	0.61960498	0.009281	-0.932736	-0.666972	11	0.819674
1405	5.4568076568e-2	0.395498	0.78262363	0.61981534	0.009992	-0.927577	-0.629584	12	0.819690
1406	5.4520161478e-2	0.395190	0.78262810	0.61977637	0.009281	-0.932733	-0.666953	11	0.819705
1407	5.4342224305e-2	0.393938	0.78264666	0.61963555	0.008570	-0.937885	-0.704302	10	0.819721
1408	5.4600310426e-2	0.395848	0.78258694	0.61977419	0.008570	-0.937885	-0.704302	10	0.819737
1409	5.4174119191e-2	0.392797	0.78271603	0.61960618	0.007861	-0.943031	-0.741614	9	0.819753
1410	5.4128858990e-2	0.392507	0.78259246	0.61931378	0.008570	-0.937888	-0.704322	10	0.819769
1411	5.4154376605e-2	0.392730	0.78261614	0.61938665	0.009279	-0.932748	-0.667048	11	0.819785
1412	5.4587517193e-2	0.395910	0.78269463	0.61997678	0.009279	-0.932748	-0.667048	11	0.819801
1413	5.4547728190e-2	0.395660	0.78263752	0.61982277	0.009279	-0.932748	-0.667048	11	0.819817
1414	5.4694762595e-2	0.396766	0.78273261	0.62015998	0.008571	-0.937879	-0.704264	10	0.819832
1415	5.4412529349e-2	0.394757	0.78268868	0.61978990	0.009278	-0.932752	-0.667067	11	0.819848
1416	5.4597956313e-2	0.396140	0.78268657	0.61997110	0.009278	-0.932752	-0.667067	11	0.819864
1417	5.4734550235e-2	0.397170	0.78278060	0.62029575	0.009984	-0.927631	-0.629909	12	0.819880
1418	5.4894620120e-2	0.398370	0.78279430	0.62048323	0.010689	-0.922513	-0.592769	13	0.819895
1419	5.5226038123e-2	0.400814	0.78275822	0.62074249	0.009984	-0.927628	-0.629890	12	0.819911
1420	5.5069301417e-2	0.399716	0.78279839	0.62066608	0.009984	-0.927628	-0.629890	12	0.819926
1421	5.4783990439e-2	0.397683	0.78292435	0.62063269	0.009984	-0.927628	-0.629890	12	0.819942
1422	5.4391316836e-2	0.394871	0.78294579	0.62028289	0.009984	-0.927628	-0.629890	12	0.819957
1423	5.4034866130e-2	0.392321	0.78297240	0.61997967	0.009282	-0.932730	-0.666935	11	0.819973
1424	5.4871494996e-2	0.398434	0.78314438	0.62116026	0.009282	-0.932730	-0.666935	11	0.819988
1425	5.4947107419e-2	0.399022	0.78302742	0.62100195	0.009282	-0.932730	-0.666935	11	0.820004
1426	5.4545552846e-2	0.396144	0.78307176	0.62068906	0.008580	-0.937823	-0.703924	10	0.820020
1427	5.4784401895e-2	0.397917	0.78308275	0.62094990	0.007880	-0.942913	-0.740893	9	0.820035
1428	5.4606380695e-2	0.396662	0.78308752	0.62078142	0.007880	-0.942913	-0.740893	9	0.820051
1429	5.4859684693e-2	0.398541	0.78317882	0.62121732	0.007180	-0.947997	-0.777826	8	0.820067
1430	5.4698739077e-2	0.397410	0.78314564	0.62099002	0.007879	-0.942916	-0.740912	9	0.820083
1431	5.5064741510e-2	0.400108	0.78308441	0.62123357	0.007879	-0.942916	-0.740912	9	0.820099
1432	5.4745583279e-2	0.397827	0.78308001	0.62090560	0.007879	-0.942916	-0.740912	9	0.820115
1433	5.5359976217e-2	0.402330	0.78313047	0.62162091	0.007181	-0.947987	-0.777770	8	0.820130
1434	5.5361554643e-2	0.402380	0.78305396	0.62146948	0.006484	-0.953056	-0.814609	7	0.820146
1435	5.5329686240e-2	0.402187	0.78315969	0.62164906	0.005787	-0.958121	-0.851429	6	0.820162
1436	5.5182158820e-2	0.401153	0.78320154	0.62158524	0.005787	-0.958121	-0.851429	6	0.820178
1437	5.4680877644e-2	0.397547	0.78309968	0.62088023	0.006483	-0.953062	-0.814646	7	0.820194
1438	5.5018800014e-2	0.400042	0.78299243	0.62100366	0.007178	-0.948006	-0.777881	8	0.820210
1439	5.4468236383e-2	0.396077	0.78314346	0.62075516	0.006483	-0.953059	-0.814627	7	0.820226
1440	5.4272272098e-2	0.394690	0.78311725	0.62050678	0.006483	-0.953059	-0.814627	7	0.820242
1441	5.4410464549e-2	0.395732	0.78310968	0.62062982	0.007177	-0.948012	-0.777918	8	0.820258
1442	5.4501995906e-2	0.396436	0.78323323	0.62096846	0.006484	-0.953056	-0.814609	7	0.820274
1443	5.4344683125e-2	0.395329	0.78325819	0.62086107	0.005791	-0.958097	-0.851281	6	0.820290
1444	5.4120042248e-2	0.393733	0.78322692	0.62057389	0.005791	-0.958097	-0.851281	6	0.820306
1445	5.4049647557e-2	0.393258	0.78323288	0.62051540	0.005791	-0.958097	-0.851281	6	0.820322
1446	5.3928664186e-2	0.392415	0.78335083	0.62063033	0.005099	-0.963129	-0.887898	5	0.820338
1447	5.4095359771e-2	0.393665	0.78344636	0.62098808	0.004408	-0.968159	-0.924497	4	0.820354
1448	5.3860645471e-2	0.391994	0.78346987	0.62080039	0.004408	-0.968159	-0.924497	4	0.820370
1449	5.3482062966e-2	0.389276	0.78352899	0.62054005	0.004408	-0.968159	-0.924497	4	0.820386
1450	5.4021810156e-2	0.393242	0.78349357	0.62100896	0.004408	-0.968159	-0.924497	4	0.820402
1451	5.3736695009e-2	0.391204	0.78359646	0.62092961	0.003719	-0.973176	-0.961022	3	0.820419
1452	5.4241890745e-2	0.394919	0.78361339	0.62146868	0.003719	-0.973176	-0.961022	3	0.820435
1453	5.3966826426e-2	0.392953	0.78362801	0.62122284	0.003031	-0.978187	-0.997511	2	0.820451
1454	5.3887834086e-2	0.392415	0.78369070	0.62126923	0.003719	-0.973179	-0.961041	3	0.820468
1455	5.3785084603e-2	0.391704	0.78367476	0.62113460	0.003031	-0.978184	-0.997493	2	0.820484
1456	5.3986079556e-2	0.393205	0.78376018	0.62150643	0.003031	-0.978184	-0.997493	2	0.820500
1457	5.4294788241e-2	0.395491	0.78387798	0.62205074	0.003718	-0.973185	-0.961077	3	0.820517
1458	5.4111994165e-2	0.394196	0.78394392	0.62199984	0.003718	-0.973185	-0.961077	3	0.820533
1459	5.4241600285e-2	0.395178	0.78405988	0.62236137	0.003032	-0.978178	-0.997457	2	0.820549
1460	5.4410145354e-2	0.396443	0.78409657	0.62260329	0.003032	-0.978178	-0.997457	2	0.820565
1461	5.5055529082e-2	0.401183	0.78405581	0.62316715	0.003717	-0.973191	-0.961113	3	0.820582
1462	5.4857350679e-2	0.399776	0.78408751	0.62303237	0.003033	-0.978175	-0.997439	2	0.820598
1463	5.4257316307e-2	0.395441	0.78408949	0.62243630	0.002349	-0.983157	-1.033747	1	0.820614
1464	5.4218804466e-2	0.395197	0.78424086	0.62270052	0.002349	-0.983157	-1.033747	1	0.820630
1465	5.4237169100e-2	0.395368	0.78407716	0.62239149	0.003032	-0.978181	-0.997475	2	0.820647
1466	5.4243361088e-2	0.395450	0.78419961	0.62264259	0.003714	-0.973208	-0.961221	3	0.820663
1467	5.3975686242e-2	0.393535	0.78430021	0.62257611	0.003714	-0.973208	-0.961221	3	0.820679
1468	5.3933228901e-2	0.393263	0.78428115	0.62249554	0.003714	-0.973208	-0.961221	3	0.820695
1469	5.3920367001e-2	0.393205	0.78437440	0.62266917	0.004395	-0.968244	-0.925021	4	0.820711
1470	5.4404769836e-2	0.396775	0.78442621	0.62325719	0.004395	-0.968244	-0.925021	4	0.820727
1471	5.5452674440e-2	0.404455	0.78451000	0.62447268	0.003715	-0.973202	-0.961185	3	0.820743
1472	5.5487931021e-2	0.404750	0.78459854	0.62468501	0.003715	-0.973202	-0.961185	3	0.820759
1473	5.4676298661e-2	0.398867	0.78448335	0.62364299	0.004394	-0.968250	-0.925056	4	0.820775
1474	5.4647155071e-2	0.398691	0.78452877	0.62370469	0.003715	-0.973199	-0.961167	3	0.820791
1475	5.4588662589e-2	0.398301	0.78458953	0.62376772	0.003715	-0.973199	-0.961167	3	0.820807
1476	5.4146975638e-2	0.395115	0.78444200	0.62303097	0.003715	-0.973199	-0.961167	3	0.820823
1477	5.4020655276e-2	0.394230	0.78437706	0.62277478	0.004392	-0.968259	-0.925110	4	0.820839
1478	5.3131121081e-2	0.387775	0.78432185	0.62177483	0.005069	-0.963320	-0.889069	5	0.820854
1479	5.3383707405e-2	0.389654	0.78425437	0.62189244	0.004393	-0.968256	-0.925092	4	0.820870
1480	5.3290409066e-2	0.389009	0.78407111	0.62143263	0.004393	-0.968256	-0.925092	4	0.820886
1481	5.3387885549e-2	0.389757	0.78413867	0.62166522	0.003718	-0.973185	-0.961079	3	0.820902
1482	5.3086133400e-2	0.387590	0.78427747	0.62164108	0.004392	-0.968259	-0.925110	4	0.820917
1483	5.2670405200e-2	0.384590	0.78430699	0.62128439	0.003718	-0.973182	-0.961061	3	0.820933
1484	5.3000739132e-2	0.387038	0.78427235	0.62154544	0.003718	-0.973182	-0.961061	3	0.820949
1485	5.3377218324e-2	0.389823	0.78436014	0.62209750	0.003718	-0.973182	-0.961061	3	0.820965
1486	5.3035901319e-2	0.387366	0.78436230	0.62176049	0.004391	-0.968267	-0.925162	4	0.820981
1487	5.4117537371e-2	0.395302	0.78439024	0.62289801	0.003718	-0.973179	-0.961044	3	0.820996
1488	5.3836781047e-2	0.393288	0.78429811	0.62243301	0.003718	-0.973179	-0.961044	3	0.821012
1489	5.3815160359e-2	0.393166	0.78433550	0.62248615	0.003047	-0.978086	-0.996890	2	0.821028
1490	5.3997457548e-2	0.394534	0.78440474	0.62280693	0.002376	-0.982990	-1.032720	1	0.821044
1491	5.3889799594e-2	0.393784	0.78431734	0.62252448	0.001705	-0.987890	-1.068531	0	0.821060
1492	5.3706270435e-2	0.392479	0.78431095	0.62232817	0.001705	-0.987890	-1.068531	0	0.821076
1493	5.4533262714e-2	0.398559	0.78426921	0.62307169	0.001035	-0.992786	-1.104308	-1	0.821092
1494	5.4098721429e-2	0.395419	0.78426430	0.62262733	0.001035	-0.992786	-1.104308	-1	0.821108
1495	5.3884347737e-2	0.393888	0.78427023	0.62242481	0.000366	-0.997675	-1.140050	-2	0.821124
1496	5.4210858827e-2	0.396311	0.78435699	0.62292483	0.000366	-0.997675	-1.140050	-2	0.821141
1497	5.4348667946e-2	0.397355	0.78425252	0.62285370	0.001034	-0.992791	-1.104343	-1	0.821157
1498	5.4190240217e-2	0.396233	0.78421414	0.62261852	0.000367	-0.997672	-1.140033	-2	0.821173
1499	5.4059226094e-2	0.395311	0.78421252	0.62248427	-0.000300	-1.002551	-1.175706	-3	0.821189
1500	5.4439415806e-2	0.398127	0.78428287	0.62300516	-0.000300	-1.002551	-1.175706	-3	0.821206
1501	5.4061229348e-2	0.395398	0.78432109	0.62270341	0.000366	-0.997678	-1.140067	-2	0.821222
1502	5.3940229899e-2	0.394549	0.78436174	0.62266371	0.001032	-0.992808	-1.104446	-1	0.821238
1503	5.3824397524e-2	0.393737	0.78446799	0.62276038	0.001032	-0.992808	-1.104446	-1	0.821254
1504	5.3470661151e-2	0.391185	0.78447877	0.62242819	0.001032	-0.992808	-1.104446	-1	0.821270
1505	5.3531942207e-2	0.391669	0.78436938	0.62227070	0.000367	-0.997670	-1.140016	-2	0.821286
1506	5.3466429157e-2	0.391225	0.78431673	0.62209990	-0.000297	-1.002528	-1.175568	-3	0.821303
1507	5.3860797186e-2	0.394147	0.78427126	0.62240331	0.000367	-0.997672	-1.140033	-2	0.821319
1508	5.4235881570e-2	0.396927	0.78439720	0.62303029	0.000367	-0.997672	-1.140033	-2	0.821335
1509	5.4263910636e-2	0.397169	0.78438513	0.62303418	0.001030	-0.992822	-1.104532	-1	0.821351
1510	5.3819252221e-2	0.393950	0.78451933	0.62285792	0.000367	-0.997670	-1.140016	-2	0.821367
1511	5.4235908709e-2	0.397035	0.78459399	0.62342389	-0.000295	-1.002514	-1.175482	-3	0.821383
1512	5.4187839582e-2	0.396719	0.78465942	0.62350669	-0.000295	-1.002514	-1.175482	-3	0.821399
1513	5.4070071945e-2	0.395893	0.78456077	0.62319161	0.000366	-0.997675	-1.140050	-2	0.821416
1514	5.3890686904e-2	0.394615	0.78444069	0.62277207	0.001027	-0.992839	-1.104634	-1	0.821432
1515	5.4437951017e-2	0.398658	0.78434803	0.62313402	0.000367	-0.997672	-1.140033	-2	0.821448
1516	5.4127584207e-2	0.396421	0.78435183	0.62283124	0.000367	-0.997672	-1.140033	-2	0.821464
1517	5.4327495612e-2	0.397921	0.78446721	0.62326192	0.001026	-0.992844	-1.104668	-1	0.821480
1518	5.4438769035e-2	0.398772	0.78444188	0.62332252	0.001685	-0.988019	-1.069321	0	0.821495
1519	5.3723333065e-2	0.393567	0.78448996	0.62270325	0.001685	-0.988019	-1.069321	0	0.821511
1520	5.3672308468e-2	0.393228	0.78444311	0.62255852	0.001685	-0.988019	-1.069321	0	0.821527
1521	5.3768675754e-2	0.393970	0.78442728	0.62262323	0.001685	-0.988019	-1.069321	0	0.821543
1522	5.3749123758e-2	0.393862	0.78448085	0.62271082	0.002342	-0.983204	-1.034040	1	0.821558
1523	5.3194193073e-2	0.389830	0.78463306	0.62246032	0.001685	-0.988016	-1.069304	0	0.821574
1524	5.3659955595e-2	0.393279	0.78470904	0.62307804	0.001685	-0.988016	-1.069304	0	0.821590
1525	5.4001657274e-2	0.395819	0.78473926	0.62348018	0.001685	-0.988016	-1.069304	0	0.821605
1526	5.4548848341e-2	0.399865	0.78472773	0.62400431	0.001030	-0.992820	-1.104517	-1	0.821621
1527	5.4474634089e-2	0.399357	0.78468849	0.62385161	0.001685	-0.988019	-1.069321	0	0.821637
1528	5.4178654521e-2	0.397222	0.78481748	0.62381361	0.001685	-0.988019	-1.069321	0	0.821652
1529	5.4369667649e-2	0.398658	0.78481143	0.62399253	0.002339	-0.983223	-1.034158	1	0.821668
1530	5.4407223987e-2	0.398969	0.78487243	0.62415208	0.002339	-0.983223	-1.034158	1	0.821683
1531	5.4159557138e-2	0.397189	0.78489214	0.62394384	0.001686	-0.988013	-1.069287	0	0.821699
1532	5.3838824608e-2	0.394872	0.78482487	0.62348856	0.001686	-0.988013	-1.069287	0	0.821714
1533	5.3646869094e-2	0.393499	0.78472293	0.62309272	0.001033	-0.992798	-1.104383	-1	0.821730
1534	5.3990624250e-2	0.396055	0.78466118	0.62331299	0.000381	-0.997580	-1.139462	-2	0.821746
1535	5.3688665434e-2	0.393875	0.78464815	0.62298496	0.001033	-0.992801	-1.104400	-1	0.821761
1536	5.4200075163e-2	0.397663	0.78469755	0.62359517	0.001033	-0.992801	-1.104400	-1	0.821777
1537	5.4906787705e-2	0.402883	0.78469814	0.62430307	0.001684	-0.988027	-1.069370	0	0.821793
1538	5.4442533968e-2	0.399512	0.78473752	0.62391758	0.002334	-0.983255	-1.034357	1	0.821808
1539	5.3962102382e-2	0.396022	0.78478820	0.62353850	0.002334	-0.983255	-1.034357	1	0.821824
1540	5.3894743693e-2	0.395563	0.78498660	0.62386795	0.002334	-0.983255	-1.034357	1	0.821839
1541	5.3364023297e-2	0.391702	0.78491245	0.62318893	0.002983	-0.978492	-0.999394	2	0.821854
1542	5.3598982058e-2	0.393461	0.78490184	0.62340266	0.002334	-0.983253	-1.034341	1	0.821869
1543	5.3639473789e-2	0.393793	0.78481807	0.62327561	0.001686	-0.988011	-1.069271	0	0.821885
1544	5.3285613136e-2	0.391230	0.78488750	0.62306060	0.001686	-0.988011	-1.069271	0	0.821900
1545	5.3565262322e-2	0.393318	0.78502088	0.62360702	0.001039	-0.992763	-1.104168	-1	0.821916
1546	5.4203526394e-2	0.398040	0.78511303	0.62442958	0.001686	-0.988013	-1.069288	0	0.821931
1547	5.4066924936e-2	0.397071	0.78514528	0.62435748	0.001039	-0.992761	-1.104152	-1	0.821946
1548	5.3613070015e-2	0.393773	0.78500395	0.62362097	0.001039	-0.992761	-1.104152	-1	0.821962
1549	5.3810142112e-2	0.395255	0.78509130	0.62399273	0.000394	-0.997503	-1.138984	-2	0.821977
1550	5.4077664305e-2	0.397255	0.78510915	0.62429597	0.000394	-0.997503	-1.138984	-2	0.821993
1551	5.3754157447e-2	0.394913	0.78525193	0.62425801	-0.000251	-1.002239	-1.173783	-3	0.822009
1552	5.3591227217e-2	0.393751	0.78509078	0.62377278	-0.000251	-1.002239	-1.173783	-3	0.822024
1553	5.4047613761e-2	0.397139	0.78513055	0.62430872	-0.000895	-1.006971	-1.208549	-4	0.822040
1554	5.3810837984e-2	0.395434	0.78518184	0.62417452	-0.000252	-1.002242	-1.173799	-3	0.822056
1555	5.3684708604e-2	0.394541	0.78515199	0.62398868	0.000392	-0.997516	-1.139065	-2	0.822071
1556	5.3441431984e-2	0.392788	0.78520526	0.62385196	0.000392	-0.997516	-1.139065	-2	0.822087
1557	5.3162085382e-2	0.390769	0.78519209	0.62354627	0.000392	-0.997516	-1.139065	-2	0.822102
1558	5.2875077554e-2	0.388693	0.78522798	0.62333104	-0.000250	-1.002234	-1.173750	-3	0.822118
1559	5.3037526664e-2	0.389921	0.78520424	0.62344601	-0.000892	-1.006950	-1.208419	-4	0.822133
1560	5.3039244836e-2	0.389968	0.78515572	0.62335068	-0.000892	-1.006950	-1.208419	-4	0.822149
1561	5.2844223952e-2	0.388568	0.78511660	0.62307741	-0.000251	-1.002239	-1.173783	-3	0.822165
1562	5.2812732328e-2	0.388370	0.78510126	0.62301525	-0.000891	-1.006947	-1.208403	-4	0.822180
1563	5.2848129236e-2	0.388664	0.78508449	0.62301711	-0.000252	-1.002242	-1.173799	-3	0.822196
1564	5.3021176041e-2	0.389971	0.78508522	0.62319161	-0.000252	-1.002242	-1.173799	-3	0.822211
1565	5.3000850219e-2	0.389855	0.78502597	0.62305278	0.000387	-0.997542	-1.139227	-2	0.822227
1566	5.3677286915e-2	0.394865	0.78507843	0.62383415	0.000387	-0.997542	-1.139227	-2	0.822242
1567	5.3719372969e-2	0.395209	0.78507870	0.62387678	-0.000251	-1.002237	-1.173767	-3	0.822257
1568	5.3996126035e-2	0.397280	0.78498999	0.62397611	-0.000251	-1.002237	-1.173767	-3	0.822273
1569	5.4141838841e-2	0.398386	0.78490719	0.62395623	0.000387	-0.997547	-1.139259	-2	0.822288
1570	5.4586190501e-2	0.401691	0.78499164	0.62456947	-0.000250	-1.002234	-1.173751	-3	0.822304
1571	5.4875468064e-2	0.403854	0.78500420	0.62488387	-0.000887	-1.006919	-1.208227	-4	0.822319
1572	5.4972742310e-2	0.404605	0.78495125	0.62487525	-0.000887	-1.006919	-1.208227	-4	0.822335
1573	5.4430544798e-2	0.400649	0.78494396	0.62431846	-0.000887	-1.006919	-1.208227	-4	0.822350
1574	5.3610470136e-2	0.394647	0.78503536	0.62368120	-0.000252	-1.002242	-1.173799	-3	0.822366
1575	5.4037505751e-2	0.397825	0.78508271	0.62420292	-0.000252	-1.002242	-1.173799	-3	0.822381
1576	5.3765214802e-2	0.395854	0.78512280	0.62401081	-0.000252	-1.002242	-1.173799	-3	0.822396
1577	5.4377255263e-2	0.400395	0.78503844	0.62445413	0.000383	-0.997573	-1.139418	-2	0.822412
1578	5.4401020723e-2	0.400604	0.78498554	0.62437209	-0.000251	-1.002239	-1.173783	-3	0.822427
1579	5.4954184326e-2	0.404713	0.78503147	0.62501712	-0.000884	-1.006903	-1.208131	-4	0.822442
1580	5.4706430331e-2	0.402923	0.78500611	0.62471866	-0.000884	-1.006903	-1.208131	-4	0.822458
1581	5.5282090853e-2	0.407198	0.78497418	0.62523045	-0.001517	-1.011562	-1.242448	-5	0.822473
1582	5.4638683142e-2	0.402493	0.78498734	0.62461335	-0.002149	-1.016219	-1.276750	-6	0.822489
1583	5.4628599157e-2	0.402453	0.78502748	0.62468356	-0.002781	-1.020873	-1.311035	-7	0.822504
1584	5.4542195738e-2	0.401851	0.78502501	0.62459222	-0.002781	-1.020873	-1.311035	-7	0.822520
1585	5.4897792348e-2	0.404506	0.78511416	0.62512612	-0.002150	-1.016224	-1.276781	-6	0.822535
1586	5.3942671048e-2	0.397502	0.78521627	0.62437522	-0.002780	-1.020870	-1.311019	-7	0.822551
1587	5.3529420452e-2	0.394490	0.78518962	0.62390866	-0.002780	-1.020870	-1.311019	-7	0.822567
1588	5.3837957379e-2	0.396798	0.78509999	0.62403795	-0.002780	-1.020870	-1.311019	-7	0.822582
1589	5.3572803401e-2	0.394878	0.78520417	0.62398115	-0.002151	-1.016231	-1.276828	-6	0.822598
1590	5.3474865127e-2	0.394189	0.78515090	0.62377666	-0.001522	-1.011595	-1.242653	-5	0.822613
1591	5.3580484400e-2	0.395002	0.78514895	0.62387838	-0.000894	-1.006962	-1.208493	-4	0.822629
1592	5.4019810807e-2	0.398274	0.78514179	0.62430338	-0.000894	-1.006962	-1.208493	-4	0.822644
1593	5.4307802456e-2	0.400432	0.78507019	0.62444818	-0.000894	-1.006962	-1.208493	-4	0.822659
1594	5.4059849215e-2	0.398637	0.78516130	0.62438245	-0.000266	-1.002336	-1.174380	-3	0.822675
1595	5.4192168489e-2	0.399647	0.78516847	0.62452911	-0.000893	-1.006959	-1.208478	-4	0.822690
1596	5.4357393422e-2	0.400900	0.78515003	0.62465745	-0.000893	-1.006959	-1.208478	-4	0.822705
1597	5.4772210798e-2	0.403993	0.78521359	0.62519938	-0.001519	-1.011578	-1.242544	-5	0.822720
1598	5.4965924182e-2	0.405457	0.78527432	0.62551457	-0.002145	-1.016194	-1.276594	-6	0.822735
1599	5.5298280691e-2	0.407943	0.78533859	0.62597547	-0.002771	-1.020807	-1.310629	-7	0.822751
1600	5.5261200018e-2	0.407704	0.78542056	0.62610231	-0.002771	-1.020807	-1.310629	-7	0.822766
1601	5.4080334554e-2	0.399025	0.78540536	0.62489105	-0.003395	-1.025416	-1.344634	-8	0.822782
1602	5.3976294483e-2	0.398292	0.78545938	0.62489506	-0.003395	-1.025416	-1.344634	-8	0.822797
1603	5.4664483441e-2	0.403404	0.78541838	0.62550125	-0.002771	-1.020812	-1.310660	-7	0.822813
1604	5.4615768269e-2	0.403078	0.78543834	0.62549244	-0.002771	-1.020812	-1.310660	-7	0.822828
1605	5.4341303220e-2	0.401087	0.78555817	0.62545765	-0.003394	-1.025411	-1.344603	-8	0.822844
1606	5.3616235591e-2	0.395768	0.78564564	0.62490752	-0.004017	-1.030007	-1.378530	-9	0.822859
1607	5.4295125902e-2	0.400813	0.78569584	0.62568680	-0.004639	-1.034601	-1.412441	-10	0.822875
1608	5.3660636581e-2	0.396163	0.78570570	0.62507204	-0.004639	-1.034601	-1.412441	-10	0.822891
1609	5.4252016607e-2	0.400563	0.78578400	0.62582003	-0.005261	-1.039190	-1.446322	-11	0.822906
1610	5.4358348416e-2	0.401381	0.78586948	0.62609730	-0.004640	-1.034603	-1.412456	-10	0.822922
1611	5.4665943223e-2	0.403687	0.78594254	0.62655102	-0.004640	-1.034603	-1.412456	-10	0.822938
1612	5.4219659446e-2	0.400425	0.78587301	0.62596568	-0.004640	-1.034603	-1.412456	-10	0.822953
1613	5.3416325408e-2	0.394525	0.78589963	0.62521558	-0.005260	-1.039182	-1.446276	-11	0.822969
1614	5.3261595181e-2	0.393415	0.78579809	0.62485777	-0.005879	-1.043759	-1.480080	-12	0.822985
1615	5.3428377570e-2	0.394680	0.78586104	0.62515045	-0.006498	-1.048333	-1.513869	-13	0.823001
1616	5.3635784466e-2	0.396246	0.78578296	0.62520171	-0.006498	-1.048333	-1.513869	-13	0.823017
1617	5.3618579041e-2	0.396152	0.78581423	0.62524704	-0.006498	-1.048333	-1.513869	-13	0.823033
1618	5.3680859812e-2	0.396645	0.78579059	0.62526204	-0.005880	-1.043766	-1.480126	-12	0.823048
1619	5.3206802081e-2	0.393175	0.78596517	0.62513714	-0.006498	-1.048330	-1.513854	-13	0.823064
1620	5.2781411603e-2	0.390064	0.78589840	0.62457822	-0.006498	-1.048330	-1.513854	-13	0.823080
1621	5.2365913508e-2	0.387026	0.78598526	0.62433644	-0.007115	-1.052890	-1.547551	-14	0.823096
1622	5.2694033769e-2	0.389483	0.78585926	0.62441256	-0.006498	-1.048333	-1.513869	-13	0.823112
1623	5.3418537079e-2	0.394872	0.78588395	0.62518644	-0.005882	-1.043778	-1.480202	-12	0.823128
1624	5.3084388867e-2	0.392434	0.78592398	0.62493234	-0.005882	-1.043778	-1.480202	-12	0.823143
1625	5.3744968400e-2	0.397351	0.78593716	0.62561928	-0.005882	-1.043778	-1.480202	-12	0.823159
1626	5.4224555925e-2	0.400930	0.78582034	0.62586524	-0.006497	-1.048326	-1.513824	-13	0.823175
1627	5.4305240892e-2	0.401560	0.78581209	0.62592942	-0.007112	-1.052871	-1.547431	-14	0.823191
1628	5.4074373673e-2	0.399886	0.78593303	0.62594043	-0.007112	-1.052871	-1.547431	-14	0.823206
1629	5.3514477159e-2	0.395778	0.78605844	0.62563136	-0.007112	-1.052871	-1.547431	-14	0.823222
1630	5.3935710619e-2	0.398927	0.78593442	0.62580455	-0.007725	-1.057408	-1.580992	-15	0.823238
1631	5.3643040743e-2	0.396795	0.78592350	0.62549004	-0.007112	-1.052873	-1.547446	-14	0.823254
1632	5.3722226906e-2	0.397413	0.78589683	0.62551588	-0.007112	-1.052873	-1.547446	-14	0.823270
1633	5.3527040127e-2	0.396002	0.78596873	0.62546450	-0.006500	-1.048342	-1.513929	-13	0.823286
1634	5.3252293593e-2	0.394002	0.78604750	0.62534729	-0.007112	-1.052871	-1.547431	-14	0.823301
1635	5.3299115224e-2	0.394381	0.78612986	0.62555884	-0.007724	-1.057396	-1.580917	-15	0.823317
1636	5.2594430761e-2	0.389199	0.78622786	0.62505015	-0.007724	-1.057396	-1.580917	-15	0.823333
1637	5.2742077257e-2	0.390324	0.78620389	0.62514986	-0.008334	-1.061917	-1.614375	-16	0.823349
1638	5.2554340587e-2	0.388967	0.78617613	0.62490659	-0.008334	-1.061917	-1.614375	-16	0.823365
1639	5.2117424251e-2	0.385765	0.78623414	0.62458570	-0.007724	-1.057401	-1.580947	-15	0.823381
1640	5.2095083526e-2	0.385631	0.78621270	0.62452048	-0.007724	-1.057401	-1.580947	-15	0.823397
1641	5.2117449947e-2	0.385829	0.78619254	0.62450254	-0.007115	-1.052890	-1.547550	-14	0.823412
1642	5.2088963425e-2	0.385650	0.78628365	0.62465627	-0.006506	-1.048381	-1.514167	-13	0.823428
1643	5.2365131989e-2	0.387726	0.78640661	0.62517835	-0.005897	-1.043874	-1.480799	-12	0.823444
1644	5.2491996946e-2	0.388697	0.78626582	0.62502363	-0.005897	-1.043874	-1.480799	-12	0.823459
1645	5.2482942109e-2	0.388662	0.78641240	0.62530775	-0.006505	-1.048376	-1.514137	-13	0.823475
1646	5.1986616437e-2	0.385018	0.78645018	0.62488698	-0.005898	-1.043876	-1.480814	-12	0.823490
1647	5.1936348941e-2	0.384678	0.78641236	0.62476107	-0.005898	-1.043876	-1.480814	-12	0.823506
1648	5.2165426121e-2	0.386406	0.78630893	0.62478328	-0.005898	-1.043876	-1.480814	-12	0.823521
1649	5.2426483832e-2	0.388371	0.78622910	0.62488468	-0.005291	-1.039384	-1.447535	-11	0.823537
1650	5.2604415137e-2	0.389721	0.78636482	0.62533406	-0.005291	-1.039384	-1.447535	-11	0.823552
1651	5.2789361393e-2	0.391124	0.78642787	0.62564511	-0.004685	-1.034896	-1.414285	-10	0.823567
1652	5.3032565597e-2	0.392958	0.78656869	0.62616994	-0.004685	-1.034896	-1.414285	-10	0.823582
1653	5.3743429021e-2	0.398257	0.78647290	0.62668923	-0.005290	-1.039379	-1.447506	-11	0.823598
1654	5.3686798882e-2	0.397870	0.78651036	0.62670752	-0.004686	-1.034899	-1.414300	-10	0.823613
1655	5.2799028672e-2	0.391323	0.78653818	0.62587539	-0.004082	-1.030420	-1.381109	-9	0.823628
1656	5.3059341302e-2	0.393284	0.78654674	0.62615281	-0.004082	-1.030420	-1.381109	-9	0.823643
1657	5.3349594213e-2	0.395468	0.78657479	0.62649918	-0.004685	-1.034894	-1.414271	-10	0.823658
1658	5.3298264455e-2	0.395120	0.78657232	0.62644291	-0.004082	-1.030423	-1.381123	-9	0.823673
1659	5.3114639017e-2	0.393790	0.78661005	0.62633474	-0.004685	-1.034892	-1.414256	-10	0.823688
1660	5.3626197311e-2	0.397615	0.78666383	0.62695385	-0.004685	-1.034892	-1.414256	-10	0.823703
1661	5.3369840828e-2	0.395747	0.78673909	0.62684802	-0.004083	-1.030427	-1.381153	-9	0.823718
1662	5.2691539589e-2	0.390749	0.78672308	0.62613770	-0.004684	-1.034889	-1.414241	-10	0.823733
1663	5.3056231378e-2	0.393485	0.78675971	0.62657564	-0.005286	-1.039349	-1.447316	-11	0.823748
1664	5.3527942166e-2	0.397016	0.78680310	0.62713415	-0.005286	-1.039349	-1.447316	-11	0.823763
1665	5.3341064185e-2	0.395662	0.78685290	0.62704687	-0.005286	-1.039349	-1.447316	-11	0.823779
1666	5.3168918565e-2	0.394417	0.78682007	0.62680906	-0.005286	-1.039349	-1.447316	-11	0.823794
1667	5.3168966428e-2	0.394449	0.78685563	0.62688022	-0.005886	-1.043799	-1.480332	-12	0.823809
1668	5.2936285968e-2	0.392754	0.78684236	0.62662101	-0.005886	-1.043799	-1.480332	-12	0.823824
1669	5.2770808425e-2	0.391558	0.78694945	0.62666971	-0.006485	-1.048245	-1.513320	-13	0.823839
1670	5.2201486566e-2	0.387365	0.78700526	0.62621201	-0.007084	-1.052689	-1.546293	-14	0.823854
1671	5.2444160169e-2	0.389197	0.78693437	0.62631290	-0.006485	-1.048248	-1.513334	-13	0.823870
1672	5.2611301005e-2	0.390469	0.78701746	0.62664621	-0.006485	-1.048248	-1.513334	-13	0.823885
1673	5.2409805383e-2	0.389005	0.78709448	0.62659876	-0.005887	-1.043811	-1.480404	-12	0.823900
1674	5.1877382513e-2	0.385084	0.78722784	0.62633306	-0.005887	-1.043811	-1.480404	-12	0.823915
1675	5.1767841707e-2	0.384302	0.78716774	0.62610332	-0.005887	-1.043811	-1.480404	-12	0.823931
1676	5.2035224509e-2	0.386318	0.78727527	0.62658576	-0.005887	-1.043811	-1.480404	-12	0.823946
1677	5.1699726133e-2	0.383858	0.78724682	0.62619337	-0.006484	-1.048238	-1.513277	-13	0.823961
1678	5.1713544484e-2	0.383992	0.78726787	0.62624928	-0.005888	-1.043813	-1.480419	-12	0.823976
1679	5.2262531738e-2	0.388099	0.78731736	0.62689726	-0.005292	-1.039390	-1.447575	-11	0.823991
1680	5.2174023124e-2	0.387473	0.78744682	0.62706767	-0.005292	-1.039390	-1.447575	-11	0.824006
1681	5.1931658412e-2	0.385704	0.78744204	0.62681574	-0.005292	-1.039390	-1.447575	-11	0.824021
1682	5.1645517521e-2	0.383609	0.78748746	0.62662043	-0.005292	-1.039390	-1.447575	-11	0.824036
1683	5.1884910765e-2	0.385418	0.78744135	0.62676762	-0.005292	-1.039390	-1.447575	-11	0.824051
1684	5.1982843500e-2	0.386177	0.78749329	0.62696943	-0.005292	-1.039390	-1.447575	-11	0.824066
1685	5.2072837866e-2	0.386876	0.78745815	0.62698915	-0.004699	-1.034981	-1.414816	-10	0.824081
1686	5.2111228678e-2	0.387192	0.78743399	0.62697920	-0.005292	-1.039388	-1.447561	-11	0.824095
1687	5.2209047377e-2	0.387950	0.78751656	0.62724216	-0.004699	-1.034983	-1.414831	-10	0.824110
1688	5.1990719097e-2	0.386359	0.78749563	0.62698198	-0.004699	-1.034983	-1.414831	-10	0.824125
1689	5.2215662290e-2	0.388061	0.78752633	0.62726832	-0.004107	-1.030583	-1.382129	-9	0.824140
1690	5.2048334620e-2	0.386848	0.78751040	0.62706914	-0.004107	-1.030583	-1.382129	-9	0.824154
1691	5.1654663652e-2	0.383953	0.78752345	0.62670156	-0.003516	-1.026188	-1.349456	-8	0.824169
1692	5.1407945101e-2	0.382150	0.78764519	0.62669832	-0.003516	-1.026188	-1.349456	-8	0.824184
1693	5.1594359143e-2	0.383566	0.78768569	0.62696573	-0.004106	-1.030579	-1.382101	-9	0.824198
1694	5.1594647212e-2	0.383598	0.78771159	0.62701783	-0.004106	-1.030579	-1.382101	-9	0.824213
1695	5.1654840316e-2	0.384076	0.78771998	0.62709479	-0.004696	-1.034965	-1.414718	-10	0.824227
1696	5.1579571320e-2	0.383547	0.78776996	0.62711948	-0.004696	-1.034965	-1.414718	-10	0.824242
1697	5.1795102875e-2	0.385180	0.78782640	0.62744790	-0.005286	-1.039348	-1.447307	-11	0.824257
1698	5.1651120464e-2	0.384140	0.78786019	0.62737149	-0.005874	-1.043728	-1.479881	-12	0.824271
1699	5.1651053746e-2	0.384170	0.78794722	0.62754550	-0.006463	-1.048105	-1.512442	-13	0.824286
1700	5.2118781632e-2	0.387679	0.78796598	0.62805075	-0.006463	-1.048105	-1.512442	-13	0.824301
1701	5.1908537447e-2	0.386146	0.78806292	0.62803439	-0.006463	-1.048105	-1.512442	-13	0.824316
1702	5.1911653736e-2	0.386200	0.78806876	0.62804916	-0.007051	-1.052476	-1.544961	-14	0.824331
1703	5.1885614573e-2	0.386037	0.78801831	0.62792223	-0.006463	-1.048108	-1.512456	-13	0.824346
1704	5.1904748689e-2	0.386209	0.78801743	0.62793961	-0.006463	-1.048108	-1.512456	-13	0.824361
1705	5.1604479155e-2	0.384005	0.78807904	0.62776256	-0.007050	-1.052472	-1.544933	-14	0.824376
1706	5.1592297464e-2	0.383945	0.78815145	0.62789520	-0.006464	-1.048110	-1.512470	-13	0.824391
1707	5.1988027143e-2	0.386921	0.78806921	0.62812644	-0.005878	-1.043750	-1.480021	-12	0.824406
1708	5.2021483677e-2	0.387200	0.78820468	0.62843085	-0.005878	-1.043750	-1.480021	-12	0.824420
1709	5.1771689423e-2	0.385371	0.78827548	0.62832265	-0.006463	-1.048105	-1.512442	-13	0.824435
1710	5.1705073458e-2	0.384905	0.78823571	0.62817649	-0.006463	-1.048105	-1.512442	-13	0.824450
1711	5.1261264125e-2	0.381632	0.78819406	0.62764939	-0.005879	-1.043754	-1.480049	-12	0.824465
1712	5.1305679079e-2	0.381992	0.78810537	0.62751641	-0.005879	-1.043754	-1.480049	-12	0.824479
1713	5.1391523789e-2	0.382661	0.78806538	0.62752228	-0.005295	-1.039408	-1.447683	-11	0.824494
1714	5.2049545204e-2	0.387591	0.78802753	0.62810460	-0.004711	-1.035063	-1.415330	-10	0.824509
1715	5.1801592256e-2	0.385775	0.78799845	0.62779849	-0.004711	-1.035063	-1.415330	-10	0.824523
1716	5.1904249723e-2	0.386570	0.78792853	0.62776131	-0.004711	-1.035063	-1.415330	-10	0.824538
1717	5.2168507009e-2	0.388568	0.78794212	0.62805274	-0.004129	-1.030725	-1.383020	-9	0.824552
1718	5.2383239395e-2	0.390198	0.78799381	0.62837085	-0.003547	-1.026389	-1.350723	-8	0.824566
1719	5.2612548181e-2	0.391937	0.78801028	0.62863311	-0.003547	-1.026389	-1.350723	-8	0.824581
1720	5.2504288620e-2	0.391161	0.78796749	0.62843927	-0.003547	-1.026389	-1.350723	-8	0.824595
1721	5.3165641320e-2	0.396119	0.78794876	0.62906316	-0.004128	-1.030718	-1.382978	-9	0.824609
1722	5.3081647484e-2	0.395524	0.78797092	0.62902349	-0.003547	-1.026391	-1.350736	-8	0.824623
1723	5.2845488889e-2	0.393795	0.78803341	0.62891231	-0.004128	-1.030716	-1.382965	-9	0.824638
1724	5.2584685871e-2	0.391882	0.78803640	0.62865749	-0.004128	-1.030716	-1.382965	-9	0.824652
1725	5.2879542937e-2	0.394110	0.78806062	0.62900079	-0.004128	-1.030716	-1.382965	-9	0.824666
1726	5.2908430283e-2	0.394356	0.78808252	0.62907346	-0.003548	-1.026398	-1.350777	-8	0.824681
1727	5.2011748346e-2	0.387703	0.78814379	0.62829933	-0.002969	-1.022082	-1.318603	-7	0.824695
1728	5.2127037160e-2	0.388592	0.78828632	0.62869968	-0.002969	-1.022082	-1.318603	-7	0.824709
1729	5.2148196023e-2	0.388780	0.78818538	0.62851896	-0.003548	-1.026394	-1.350750	-8	0.824723
1730	5.2447194588e-2	0.391040	0.78825615	0.62895949	-0.004126	-1.030703	-1.382883	-9	0.824737
1731	5.2581051643e-2	0.392068	0.78828112	0.62914329	-0.003548	-1.026396	-1.350764	-8	0.824751
1732	5.1898638664e-2	0.387010	0.78836192	0.62862247	-0.003548	-1.026396	-1.350764	-8	0.824765
1733	5.1698780654e-2	0.385549	0.78836962	0.62843803	-0.004125	-1.030699	-1.382856	-9	0.824779
1734	5.2343950151e-2	0.390391	0.78830246	0.62894886	-0.004125	-1.030699	-1.382856	-9	0.824794
1735	5.2250665776e-2	0.389725	0.78820636	0.62866339	-0.003549	-1.026400	-1.350791	-8	0.824808
1736	5.2653437088e-2	0.392760	0.78822346	0.62910035	-0.003549	-1.026400	-1.350791	-8	0.824822
1737	5.3203435879e-2	0.396893	0.78817845	0.62956033	-0.003549	-1.026400	-1.350791	-8	0.824836
1738	5.3700059451e-2	0.400629	0.78816327	0.63002659	-0.004124	-1.030693	-1.382815	-9	0.824850
1739	5.2880385108e-2	0.394544	0.78815058	0.62918155	-0.003549	-1.026402	-1.350804	-8	0.824864
1740	5.2917806429e-2	0.394854	0.78815862	0.62923504	-0.003549	-1.026402	-1.350804	-8	0.824878
1741	5.2933324486e-2	0.395000	0.78824688	0.62942709	-0.004123	-1.030688	-1.382788	-9	0.824892
1742	5.3237108732e-2	0.397297	0.78820783	0.62965276	-0.004697	-1.034972	-1.414759	-10	0.824906
1743	5.3053919864e-2	0.395961	0.78833701	0.62972794	-0.005271	-1.039254	-1.446717	-11	0.824921
1744	5.2099361524e-2	0.388866	0.78834940	0.62879817	-0.005271	-1.039254	-1.446717	-11	0.824935
1745	5.1887511376e-2	0.387315	0.78842302	0.62873354	-0.004698	-1.034977	-1.414786	-10	0.824949
1746	5.2267511006e-2	0.390181	0.78840783	0.62908318	-0.004698	-1.034977	-1.414786	-10	0.824963
1747	5.2174710031e-2	0.389518	0.78848666	0.62914803	-0.005270	-1.039250	-1.446690	-11	0.824977
1748	5.1461012125e-2	0.384220	0.78853904	0.62853908	-0.005270	-1.039250	-1.446690	-11	0.824992
1749	5.1579115665e-2	0.385131	0.78870714	0.62899340	-0.005842	-1.043519	-1.478567	-12	0.825006
1750	5.1593326466e-2	0.385267	0.78864485	0.62888303	-0.005842	-1.043519	-1.478567	-12	0.825020
1751	5.1654544830e-2	0.385753	0.78861773	0.62889001	-0.005271	-1.039254	-1.446717	-11	0.825034
1752	5.2389736731e-2	0.391273	0.78854067	0.62947107	-0.005271	-1.039254	-1.446717	-11	0.825049
1753	5.2240600398e-2	0.390189	0.78869018	0.62962097	-0.005841	-1.043515	-1.478541	-12	0.825063
1754	5.2309384182e-2	0.390733	0.78873690	0.62978318	-0.005271	-1.039256	-1.446730	-11	0.825077
1755	5.2620326941e-2	0.393086	0.78878204	0.63018442	-0.005271	-1.039256	-1.446730	-11	0.825091
1756	5.2074565573e-2	0.389038	0.78890022	0.62987501	-0.005271	-1.039256	-1.446730	-11	0.825105
1757	5.1448072930e-2	0.384387	0.78879896	0.62904599	-0.004702	-1.035004	-1.414959	-10	0.825119
1758	5.1344559097e-2	0.383643	0.78884259	0.62902975	-0.005271	-1.039254	-1.446717	-11	0.825133
1759	5.0916656732e-2	0.380475	0.78889002	0.62869671	-0.005840	-1.043502	-1.478461	-12	0.825148
1760	5.0588685263e-2	0.378053	0.78897556	0.62853981	-0.005840	-1.043502	-1.478461	-12	0.825162
1761	5.1129335258e-2	0.382122	0.78883980	0.62880894	-0.005272	-1.039258	-1.446743	-11	0.825176
1762	5.1539620678e-2	0.385218	0.78894885	0.62943732	-0.004704	-1.035016	-1.415038	-10	0.825190
1763	5.1034158602e-2	0.381469	0.78906387	0.62916189	-0.004137	-1.030777	-1.383347	-9	0.825204
1764	5.1219751242e-2	0.382885	0.78914949	0.62951873	-0.004137	-1.030777	-1.383347	-9	0.825218
1765	5.0657123164e-2	0.378708	0.78927083	0.62919879	-0.003570	-1.026541	-1.351682	-8	0.825232
1766	5.0520589055e-2	0.377716	0.78929436	0.62910930	-0.003004	-1.022307	-1.320029	-7	0.825245
1767	5.0683066198e-2	0.378959	0.78942484	0.62953274	-0.003570	-1.026539	-1.351668	-8	0.825259
1768	5.0643017856e-2	0.378688	0.78954572	0.62973446	-0.003570	-1.026539	-1.351668	-8	0.825273
1769	5.0640276419e-2	0.378697	0.78944174	0.62952376	-0.003005	-1.022312	-1.320056	-7	0.825287
1770	5.0761264979e-2	0.379630	0.78935459	0.62947045	-0.002440	-1.018086	-1.288456	-6	0.825300
1771	5.0846191156e-2	0.380294	0.78943526	0.62971671	-0.003004	-1.022310	-1.320043	-7	0.825314
1772	5.0874174362e-2	0.380532	0.78943551	0.62974520	-0.003004	-1.022310	-1.320043	-7	0.825328
1773	5.0719482883e-2	0.379403	0.78944324	0.62960596	-0.003004	-1.022310	-1.320043	-7	0.825341
1774	5.0894478801e-2	0.380741	0.78960200	0.63009849	-0.002441	-1.018093	-1.288495	-6	0.825355
1775	5.1008555781e-2	0.381623	0.78949810	0.63000476	-0.002441	-1.018093	-1.288495	-6	0.825368
1776	5.0855601689e-2	0.380508	0.78956524	0.62998609	-0.002441	-1.018093	-1.288495	-6	0.825382
1777	5.1314322909e-2	0.383969	0.78973728	0.63078888	-0.003003	-1.022303	-1.320004	-7	0.825395
1778	5.1250459775e-2	0.383520	0.78976633	0.63078312	-0.003566	-1.026512	-1.351499	-8	0.825409
1779	5.0632733837e-2	0.378926	0.78982456	0.63028186	-0.003004	-1.022305	-1.320017	-7	0.825423
1780	5.0597609891e-2	0.378691	0.78996974	0.63053709	-0.003004	-1.022305	-1.320017	-7	0.825436
1781	5.0601082707e-2	0.378746	0.78997090	0.63054288	-0.002442	-1.018103	-1.288560	-6	0.825450
1782	5.0869174021e-2	0.380781	0.78994661	0.63076239	-0.002442	-1.018103	-1.288560	-6	0.825463
1783	5.0887062394e-2	0.380943	0.79012752	0.63114211	-0.003003	-1.022301	-1.319991	-7	0.825477
1784	5.0813631331e-2	0.380422	0.79018264	0.63117890	-0.003003	-1.022301	-1.319991	-7	0.825490
1785	5.0621953835e-2	0.379015	0.79029250	0.63120695	-0.002443	-1.018107	-1.288586	-6	0.825504
1786	5.0898783593e-2	0.381117	0.79027088	0.63144055	-0.003003	-1.022299	-1.319978	-7	0.825517
1787	5.0769554880e-2	0.380177	0.79028715	0.63134386	-0.003562	-1.026490	-1.351357	-8	0.825530
1788	5.0467808572e-2	0.377946	0.79030684	0.63108149	-0.003562	-1.026490	-1.351357	-8	0.825544
1789	5.0990917621e-2	0.381892	0.79042099	0.63183290	-0.004121	-1.030676	-1.382710	-9	0.825558
1790	5.1472234085e-2	0.385526	0.79042022	0.63231267	-0.004680	-1.034860	-1.414051	-10	0.825571
1791	5.0537700235e-2	0.378554	0.79036112	0.63125993	-0.004680	-1.034860	-1.414051	-10	0.825585
1792	5.1212654781e-2	0.383638	0.79037823	0.63196911	-0.004680	-1.034860	-1.414051	-10	0.825599
1793	5.1815012824e-2	0.388180	0.79036251	0.63254003	-0.004122	-1.030682	-1.382749	-9	0.825612
1794	5.1579785336e-2	0.386446	0.79033999	0.63225977	-0.003565	-1.026506	-1.351459	-8	0.825626
1795	5.2045685308e-2	0.389966	0.79047604	0.63299776	-0.003008	-1.022332	-1.320183	-7	0.825639
1796	5.2364620451e-2	0.392385	0.79051016	0.63338495	-0.003008	-1.022332	-1.320183	-7	0.825653
1797	5.1594079693e-2	0.386640	0.79054105	0.63267619	-0.002451	-1.018161	-1.288932	-6	0.825666
1798	5.2196142664e-2	0.391180	0.79069629	0.63358871	-0.003008	-1.022330	-1.320170	-7	0.825680
1799	5.1359266623e-2	0.384937	0.79062257	0.63260441	-0.002452	-1.018163	-1.288945	-6	0.825693
1800	5.1973527677e-2	0.389570	0.79067528	0.63332409	-0.002452	-1.018163	-1.288945	-6	0.825706
1801	5.1894453705e-2	0.389006	0.79058307	0.63306059	-0.003007	-1.022326	-1.320145	-7	0.825719
1802	5.1641834868e-2	0.387141	0.79058319	0.63280821	-0.003562	-1.026486	-1.351332	-8	0.825733
1803	5.1457810149e-2	0.385790	0.79057699	0.63261179	-0.003007	-1.022328	-1.320157	-7	0.825746
1804	5.1019934363e-2	0.382535	0.79063086	0.63228165	-0.003007	-1.022328	-1.320157	-7	0.825760
1805	5.1692249433e-2	0.387605	0.79063751	0.63296726	-0.003007	-1.022328	-1.320157	-7	0.825773
1806	5.1035272821e-2	0.382707	0.79055995	0.63215517	-0.002454	-1.018175	-1.289021	-6	0.825786
1807	5.1104083433e-2	0.383251	0.79059945	0.63230299	-0.001900	-1.014025	-1.257896	-5	0.825799
1808	5.1252800001e-2	0.384395	0.79065689	0.63256657	-0.001900	-1.014025	-1.257896	-5	0.825813
1809	5.0875969123e-2	0.381597	0.79067952	0.63223501	-0.001900	-1.014025	-1.257896	-5	0.825826
1810	5.0931509632e-2	0.382041	0.79072954	0.63239059	-0.002453	-1.018170	-1.288983	-6	0.825839
1811	5.1057928680e-2	0.383018	0.79083654	0.63273101	-0.003005	-1.022312	-1.320056	-7	0.825852
1812	5.0812964446e-2	0.381208	0.79084734	0.63250765	-0.003005	-1.022312	-1.320056	-7	0.825865
1813	5.0528591987e-2	0.379103	0.79081812	0.63216483	-0.003005	-1.022312	-1.320056	-7	0.825878
1814	5.0622483438e-2	0.379835	0.79096970	0.63256189	-0.002454	-1.018175	-1.289020	-6	0.825892
1815	5.1168276344e-2	0.383959	0.79102530	0.63321887	-0.002454	-1.018175	-1.289020	-6	0.825905
1816	5.1578746134e-2	0.387067	0.79108574	0.63375022	-0.002454	-1.018175	-1.289020	-6	0.825918
1817	5.1775160838e-2	0.388570	0.79114243	0.63406003	-0.001903	-1.014045	-1.258022	-5	0.825931
1818	5.1582971211e-2	0.387156	0.79103401	0.63365100	-0.001903	-1.014045	-1.258022	-5	0.825944
1819	5.1953904917e-2	0.389968	0.79100188	0.63395766	-0.001353	-1.009919	-1.227049	-4	0.825957
1820	5.1707114969e-2	0.388144	0.79092888	0.63356487	-0.001353	-1.009919	-1.227049	-4	0.825970
1821	5.1288463737e-2	0.385030	0.79087859	0.63304564	-0.000804	-1.005796	-1.196100	-3	0.825983
1822	5.1370524515e-2	0.385674	0.79090320	0.63317692	-0.000255	-1.001675	-1.165164	-2	0.825996
1823	5.0979912547e-2	0.382769	0.79097664	0.63293318	-0.000804	-1.005794	-1.196088	-3	0.826009
1824	5.1909457093e-2	0.389777	0.79105303	0.63401552	-0.000804	-1.005794	-1.196088	-3	0.826021
1825	5.2706636198e-2	0.395792	0.79106105	0.63482874	-0.000804	-1.005794	-1.196088	-3	0.826034
1826	5.2479086862e-2	0.394112	0.79107163	0.63462234	-0.001352	-1.009907	-1.226974	-4	0.826047
1827	5.2284165600e-2	0.392677	0.79110972	0.63450360	-0.001352	-1.009907	-1.226974	-4	0.826060
1828	5.1997066070e-2	0.390549	0.79119396	0.63438498	-0.001352	-1.009907	-1.226974	-4	0.826073
1829	5.1565999812e-2	0.387339	0.79112218	0.63381036	-0.000805	-1.005800	-1.196125	-3	0.826086
1830	5.1838051065e-2	0.389411	0.79107980	0.63399766	-0.000258	-1.001695	-1.165288	-2	0.826099
1831	5.2195467553e-2	0.392125	0.79117270	0.63454086	-0.000805	-1.005798	-1.196112	-3	0.826111
1832	5.1794055975e-2	0.389137	0.79113887	0.63407179	-0.000805	-1.005798	-1.196112	-3	0.826124
1833	5.1742654215e-2	0.388779	0.79111150	0.63396565	-0.001350	-1.009897	-1.226912	-4	0.826137
1834	5.1464542315e-2	0.386718	0.79115108	0.63376670	-0.001895	-1.013994	-1.257700	-5	0.826149
1835	5.1506680571e-2	0.387062	0.79116923	0.63384514	-0.001350	-1.009899	-1.226924	-4	0.826162
1836	5.1549044003e-2	0.387409	0.79122489	0.63399882	-0.001350	-1.009899	-1.226924	-4	0.826175
1837	5.1644383281e-2	0.388153	0.79128718	0.63421875	-0.000806	-1.005808	-1.196174	-3	0.826188
1838	5.1601027936e-2	0.387856	0.79130445	0.63420992	-0.000262	-1.001718	-1.165436	-2	0.826201
1839	5.1354131153e-2	0.386028	0.79133512	0.63402438	0.000282	-0.997631	-1.134710	-1	0.826213
1840	5.1144273155e-2	0.384478	0.79127922	0.63370271	0.000282	-0.997631	-1.134710	-1	0.826226
1841	5.0923395987e-2	0.382845	0.79119601	0.63331541	0.000825	-0.993547	-1.104009	0	0.826238
1842	5.1647156689e-2	0.388315	0.79110034	0.63384783	0.000282	-0.997629	-1.134698	-1	0.826251
1843	5.1297898580e-2	0.385717	0.79108994	0.63347777	0.000825	-0.993549	-1.104021	0	0.826263
1844	5.1149277041e-2	0.384627	0.79103156	0.63321240	0.000825	-0.993549	-1.104021	0	0.826276
1845	5.0715775063e-2	0.381395	0.79095254	0.63262086	0.000825	-0.993549	-1.104021	0	0.826288
1846	5.1008119256e-2	0.383621	0.79099725	0.63300263	0.000283	-0.997623	-1.134661	-1	0.826300
1847	5.0845529963e-2	0.382425	0.79090887	0.63266327	-0.000258	-1.001695	-1.165289	-2	0.826313
1848	5.0960388719e-2	0.383317	0.79085476	0.63266991	-0.000258	-1.001695	-1.165289	-2	0.826325
1849	5.1290578479e-2	0.385828	0.79095449	0.63319955	-0.000258	-1.001695	-1.165289	-2	0.826338
1850	5.0421747325e-2	0.379320	0.79089879	0.63221933	-0.000258	-1.001695	-1.165289	-2	0.826351
1851	5.0194205090e-2	0.377635	0.79094920	0.63209260	0.000282	-0.997631	-1.134710	-1	0.826363
1852	5.0222267233e-2	0.377873	0.79096614	0.63215456	0.000282	-0.997631	-1.134710	-1	0.826375
1853	5.0199549931e-2	0.377730	0.79089453	0.63198860	0.000821	-0.993570	-1.104154	0	0.826388
1854	5.0042048630e-2	0.376571	0.79082830	0.63169865	0.000821	-0.993570	-1.104154	0	0.826400
1855	4.9852070340e-2	0.375169	0.79084537	0.63154281	0.000282	-0.997627	-1.134686	-1	0.826413
1856	5.0003424289e-2	0.376335	0.79077666	0.63155675	0.000282	-0.997627	-1.134686	-1	0.826425
1857	5.0441553646e-2	0.379659	0.79078171	0.63200498	0.000821	-0.993574	-1.104179	0	0.826437
1858	5.0444096863e-2	0.379706	0.79081566	0.63207541	0.001359	-0.989522	-1.073684	1	0.826450
1859	5.0247194815e-2	0.378251	0.79079953	0.63184625	0.001359	-0.989522	-1.073684	1	0.826462
1860	5.0216843344e-2	0.378049	0.79081382	0.63184448	0.001359	-0.989522	-1.073684	1	0.826474
1861	5.0287021883e-2	0.378604	0.79076305	0.63181311	0.000822	-0.993568	-1.104142	0	0.826486
1862	5.0377489754e-2	0.379313	0.79075180	0.63188109	0.000822	-0.993568	-1.104142	0	0.826498
1863	5.0291263745e-2	0.378690	0.79080079	0.63189285	0.000822	-0.993568	-1.104142	0	0.826511
1864	5.0145889650e-2	0.377623	0.79083100	0.63180789	0.000822	-0.993568	-1.104142	0	0.826523
1865	5.0474572899e-2	0.380125	0.79089660	0.63226777	0.001358	-0.989530	-1.073732	1	0.826535
1866	5.0290647574e-2	0.378767	0.79084475	0.63198015	0.000822	-0.993566	-1.104130	0	0.826547
1867	5.0233321204e-2	0.378362	0.79085575	0.63194482	0.000286	-0.997600	-1.134517	-1	0.826560
1868	5.0232725577e-2	0.378384	0.79087186	0.63197644	0.000286	-0.997600	-1.134517	-1	0.826572
1869	5.0272490481e-2	0.378711	0.79077763	0.63182776	-0.000249	-1.001631	-1.164880	-2	0.826584
1870	5.0294364214e-2	0.378902	0.79086415	0.63202266	0.000286	-0.997602	-1.134529	-1	0.826596
1871	5.0339090506e-2	0.379266	0.79095162	0.63224232	-0.000248	-1.001629	-1.164868	-2	0.826609
1872	4.9854183794e-2	0.375639	0.79093944	0.63173307	-0.000248	-1.001629	-1.164868	-2	0.826621
1873	5.0031661659e-2	0.377003	0.79103024	0.63209215	-0.000782	-1.005652	-1.195184	-3	0.826633
1874	4.9998515675e-2	0.376780	0.79109008	0.63217867	-0.000249	-1.001631	-1.164880	-2	0.826646
1875	5.0103736413e-2	0.377600	0.79112724	0.63235822	-0.000249	-1.001631	-1.164880	-2	0.826658
1876	5.0779131662e-2	0.382717	0.79125353	0.63328618	-0.000249	-1.001631	-1.164880	-2	0.826670
1877	5.0908237004e-2	0.383717	0.79130982	0.63352787	-0.000781	-1.005647	-1.195148	-3	0.826683
1878	5.1570831535e-2	0.388739	0.79139152	0.63435387	-0.001314	-1.009661	-1.225404	-4	0.826695
1879	5.1733227336e-2	0.389991	0.79139349	0.63452020	-0.001846	-1.013673	-1.255649	-5	0.826707
1880	5.1257824989e-2	0.386434	0.79142982	0.63411746	-0.001846	-1.013673	-1.255649	-5	0.826720
1881	5.0802085953e-2	0.383025	0.79148448	0.63377104	-0.001846	-1.013673	-1.255649	-5	0.826732
1882	5.0516285766e-2	0.380897	0.79151013	0.63353655	-0.001315	-1.009666	-1.225440	-4	0.826745
1883	5.0509593217e-2	0.380874	0.79144616	0.63340191	-0.000784	-1.005662	-1.195243	-3	0.826757
1884	5.1368029460e-2	0.387374	0.79144634	0.63426071	-0.000784	-1.005662	-1.195243	-3	0.826770
1885	5.0967003614e-2	0.384377	0.79144450	0.63385601	-0.001314	-1.009662	-1.225416	-4	0.826782
1886	5.0804278701e-2	0.383177	0.79139373	0.63359174	-0.001844	-1.013661	-1.255578	-5	0.826794
1887	5.0593731751e-2	0.381616	0.79138857	0.63337087	-0.002374	-1.017659	-1.285728	-6	0.826807
1888	5.0232457777e-2	0.378917	0.79146800	0.63316846	-0.002374	-1.017659	-1.285728	-6	0.826819
1889	5.0053983943e-2	0.377597	0.79145700	0.63296799	-0.002904	-1.021652	-1.315854	-7	0.826832
1890	5.0217019225e-2	0.378854	0.79151212	0.63324126	-0.002904	-1.021652	-1.315854	-7	0.826844
1891	5.0467955340e-2	0.380774	0.79152366	0.63351527	-0.002375	-1.017662	-1.285751	-6	0.826857
1892	5.0167735800e-2	0.378535	0.79155921	0.63328616	-0.002375	-1.017662	-1.285751	-6	0.826869
1893	5.0090566697e-2	0.377979	0.79149770	0.63308597	-0.001847	-1.013676	-1.255672	-5	0.826882
1894	5.0039623288e-2	0.377621	0.79150990	0.63305943	-0.001319	-1.009692	-1.225604	-4	0.826894
1895	5.0030422425e-2	0.377578	0.79154843	0.63312728	-0.000791	-1.005709	-1.195547	-3	0.826906
1896	4.9832219718e-2	0.376109	0.79156553	0.63296327	-0.000791	-1.005709	-1.195547	-3	0.826919
1897	4.9805069889e-2	0.375930	0.79153476	0.63287458	-0.000264	-1.001730	-1.165514	-2	0.826931
1898	4.9935778316e-2	0.376943	0.79152737	0.63299052	-0.000791	-1.005707	-1.195536	-3	0.826943
1899	4.9786189628e-2	0.375840	0.79160117	0.63298853	-0.000791	-1.005707	-1.195536	-3	0.826955
1900	4.9613114294e-2	0.374560	0.79147810	0.63256931	-0.000791	-1.005707	-1.195536	-3	0.826967
1901	4.9698981268e-2	0.375234	0.79156129	0.63282157	-0.001317	-1.009679	-1.225522	-4	0.826979
1902	4.9771625867e-2	0.375809	0.79158347	0.63293857	-0.001842	-1.013649	-1.255497	-5	0.826992
1903	4.9837020347e-2	0.376329	0.79155748	0.63295198	-0.001317	-1.009681	-1.225534	-4	0.827004
1904	4.9593408988e-2	0.374515	0.79158336	0.63276013	-0.001317	-1.009681	-1.225534	-4	0.827016
1905	4.9750380944e-2	0.375727	0.79158137	0.63291312	-0.001842	-1.013645	-1.255474	-5	0.827028
1906	4.9907702558e-2	0.376941	0.79161869	0.63314509	-0.001317	-1.009683	-1.225545	-4	0.827041
1907	4.9772990071e-2	0.375950	0.79170552	0.63318402	-0.001842	-1.013643	-1.255463	-5	0.827053
1908	4.9874574169e-2	0.376743	0.79163885	0.63315227	-0.001842	-1.013643	-1.255463	-5	0.827065
1909	4.9687966034e-2	0.375360	0.79148871	0.63266538	-0.001318	-1.009686	-1.225568	-4	0.827077
1910	5.0055921086e-2	0.378165	0.79147830	0.63301253	-0.001841	-1.013642	-1.255451	-5	0.827090
1911	4.9954661374e-2	0.377427	0.79145276	0.63286017	-0.001841	-1.013642	-1.255451	-5	0.827102
1912	5.0274784395e-2	0.379871	0.79152514	0.63332507	-0.001841	-1.013642	-1.255451	-5	0.827114
1913	5.0734139504e-2	0.383369	0.79148950	0.63371314	-0.002364	-1.017592	-1.285299	-6	0.827126
1914	5.0689169721e-2	0.383056	0.79151741	0.63372398	-0.001842	-1.013643	-1.255462	-5	0.827139
1915	5.1038960534e-2	0.385726	0.79149931	0.63403757	-0.001319	-1.009697	-1.225637	-4	0.827151
1916	5.1192063178e-2	0.386909	0.79144175	0.63407556	-0.001319	-1.009697	-1.225637	-4	0.827163
1917	5.1521273031e-2	0.389424	0.79145963	0.63444054	-0.001319	-1.009697	-1.225637	-4	0.827175
1918	5.1811765042e-2	0.391647	0.79155327	0.63491831	-0.001841	-1.013638	-1.255428	-5	0.827187
1919	5.1693523163e-2	0.390780	0.79158177	0.63485707	-0.001320	-1.009699	-1.225649	-4	0.827199
1920	5.2040221143e-2	0.393428	0.79153624	0.63511269	-0.001320	-1.009699	-1.225649	-4	0.827211
1921	5.1504691824e-2	0.389406	0.79147680	0.63445828	-0.000799	-1.005763	-1.195892	-3	0.827223
1922	5.1245273656e-2	0.387472	0.79150731	0.63425988	-0.000799	-1.005763	-1.195892	-3	0.827235
1923	5.1780394656e-2	0.391545	0.79144872	0.63467783	-0.000279	-1.001831	-1.166158	-2	0.827247
1924	5.1169873925e-2	0.386955	0.79146103	0.63409194	-0.000279	-1.001831	-1.166158	-2	0.827259
1925	5.0762608036e-2	0.383901	0.79150972	0.63378205	-0.000279	-1.001831	-1.166158	-2	0.827271
1926	5.0808983863e-2	0.384279	0.79147914	0.63376726	-0.000279	-1.001831	-1.166158	-2	0.827283
1927	5.1175542963e-2	0.387077	0.79149063	0.63415680	0.000240	-0.997906	-1.136469	-1	0.827295
1928	5.0170565293e-2	0.379502	0.79154799	0.63326654	0.000240	-0.997906	-1.136469	-1	0.827307
1929	5.0247999858e-2	0.380114	0.79155691	0.63336183	0.000758	-0.993984	-1.106803	0	0.827319
1930	5.0300071383e-2	0.380534	0.79152350	0.63334706	0.000240	-0.997904	-1.136458	-1	0.827330
1931	5.0636900732e-2	0.383108	0.79153821	0.63371332	-0.000278	-1.001822	-1.166101	-2	0.827342
1932	5.0389924054e-2	0.381266	0.79153503	0.63345998	-0.000278	-1.001822	-1.166101	-2	0.827354
1933	5.0295032016e-2	0.380574	0.79144508	0.63318519	-0.000795	-1.005736	-1.195722	-3	0.827366
1934	5.0363391895e-2	0.381117	0.79148086	0.63332510	-0.000278	-1.001824	-1.166113	-2	0.827378
1935	5.0810394594e-2	0.384526	0.79150897	0.63382834	-0.000278	-1.001824	-1.166113	-2	0.827390
1936	5.0737764509e-2	0.384003	0.79157307	0.63388390	-0.000278	-1.001824	-1.166113	-2	0.827401
1937	5.0935398676e-2	0.385525	0.79159723	0.63412985	0.000238	-0.997916	-1.136537	-1	0.827413
1938	5.0208880064e-2	0.380052	0.79164885	0.63350658	0.000754	-0.994010	-1.106972	0	0.827425
1939	5.0624965491e-2	0.383227	0.79172084	0.63406665	0.001270	-0.990106	-1.077419	1	0.827437
1940	5.0402558341e-2	0.381570	0.79176867	0.63393990	0.001270	-0.990106	-1.077419	1	0.827448
1941	5.0458252792e-2	0.382017	0.79170410	0.63386646	0.001785	-0.986206	-1.047888	2	0.827460
1942	5.0990356470e-2	0.386072	0.79169283	0.63437602	0.002300	-0.982307	-1.018369	3	0.827471
1943	5.1074973366e-2	0.386739	0.79163701	0.63434899	0.002815	-0.978410	-0.988860	4	0.827483
1944	5.0883919121e-2	0.385319	0.79165825	0.63420042	0.002815	-0.978410	-0.988860	4	0.827494
1945	5.0603109885e-2	0.383218	0.79171123	0.63402558	0.003329	-0.974516	-0.959374	5	0.827505
1946	5.1224816133e-2	0.387953	0.79174926	0.63472334	0.002815	-0.978408	-0.988849	4	0.827517
1947	5.1550222461e-2	0.390444	0.79174390	0.63503803	0.002301	-0.982298	-1.018313	3	0.827528
1948	5.1124466076e-2	0.387245	0.79176128	0.63464702	0.002301	-0.982298	-1.018313	3	0.827539
1949	5.1886258795e-2	0.393042	0.79174203	0.63537032	0.001788	-0.986185	-1.047754	2	0.827551
1950	5.2038141191e-2	0.394219	0.79184280	0.63572373	0.001788	-0.986185	-1.047754	2	0.827562
1951	5.1877205247e-2	0.393027	0.79179554	0.63546829	0.001276	-0.990068	-1.077174	1	0.827574
1952	5.1889733478e-2	0.393148	0.79182362	0.63553698	0.001276	-0.990068	-1.077174	1	0.827585
1953	5.1844080815e-2	0.392829	0.79180433	0.63545274	0.001276	-0.990068	-1.077174	1	0.827596
1954	5.1833934725e-2	0.392779	0.79174075	0.63531543	0.001788	-0.986190	-1.047788	2	0.827608
1955	5.2459004762e-2	0.397542	0.79178194	0.63602288	0.001276	-0.990066	-1.077163	1	0.827619
1956	5.1575641741e-2	0.390874	0.79171845	0.63501255	0.001276	-0.990066	-1.077163	1	0.827631
1957	5.0989708854e-2	0.386460	0.79166378	0.63431727	0.001787	-0.986194	-1.047810	2	0.827642
1958	5.0472110203e-2	0.382562	0.79168018	0.63383248	0.001276	-0.990065	-1.077152	1	0.827654
1959	5.0901010698e-2	0.385839	0.79162547	0.63415195	0.001787	-0.986195	-1.047821	2	0.827665
1960	5.0795905831e-2	0.385069	0.79170831	0.63421253	0.001787	-0.986195	-1.047821	2	0.827676
1961	5.0706829361e-2	0.384419	0.79171733	0.63414148	0.002297	-0.982329	-1.018512	3	0.827688
1962	5.0510003620e-2	0.382953	0.79168113	0.63387225	0.002297	-0.982329	-1.018512	3	0.827699
1963	4.9778401716e-2	0.377431	0.79180798	0.63339437	0.002806	-0.978467	-0.989225	4	0.827710
1964	5.0301309422e-2	0.381422	0.79187324	0.63404779	0.002806	-0.978467	-0.989225	4	0.827722
1965	4.9922157046e-2	0.378572	0.79196414	0.63385044	0.002297	-0.982326	-1.018490	3	0.827733
1966	5.0318589017e-2	0.381604	0.79199843	0.63431545	0.002806	-0.978468	-0.989236	4	0.827744
1967	5.0335894182e-2	0.381761	0.79196008	0.63425605	0.003314	-0.974613	-0.959993	5	0.827755
1968	5.0507764532e-2	0.383090	0.79182578	0.63415932	0.003314	-0.974613	-0.959993	5	0.827766
1969	5.0792425938e-2	0.385275	0.79181693	0.63442629	0.003822	-0.970760	-0.930772	6	0.827777
1970	5.0894928845e-2	0.386078	0.79183050	0.63455592	0.003315	-0.974611	-0.959982	5	0.827788
1971	5.0740674545e-2	0.384934	0.79181011	0.63436089	0.003315	-0.974611	-0.959982	5	0.827799
1972	5.0806509802e-2	0.385459	0.79183639	0.63447929	0.003315	-0.974611	-0.959982	5	0.827811
1973	5.1124171485e-2	0.387895	0.79195470	0.63503357	0.002808	-0.978457	-0.989160	4	0.827822
1974	5.1425886128e-2	0.390210	0.79190282	0.63523152	0.003314	-0.974613	-0.959993	5	0.827833
1975	5.1511195089e-2	0.390884	0.79186159	0.63523437	0.003314	-0.974613	-0.959993	5	0.827844
1976	5.1698164455e-2	0.392329	0.79182256	0.63534328	0.003314	-0.974613	-0.959993	5	0.827855
1977	5.1277134798e-2	0.389159	0.79183667	0.63495047	0.003820	-0.970774	-0.930859	6	0.827866
1978	5.1547624978e-2	0.391238	0.79181590	0.63517942	0.003315	-0.974611	-0.959982	5	0.827877
1979	5.1408101663e-2	0.390205	0.79186587	0.63513984	0.002809	-0.978446	-0.989094	4	0.827888
1980	5.0580617414e-2	0.383950	0.79199584	0.63457230	0.002809	-0.978446	-0.989094	4	0.827899
1981	5.0256768840e-2	0.381517	0.79192978	0.63411634	0.003314	-0.974614	-0.960004	5	0.827910
1982	5.0328071511e-2	0.382084	0.79195227	0.63423262	0.003819	-0.970784	-0.930924	6	0.827921
1983	5.0167028513e-2	0.380886	0.79196923	0.63410548	0.004323	-0.966955	-0.901855	7	0.827932
1984	5.0060906064e-2	0.380106	0.79202842	0.63411775	0.004323	-0.966955	-0.901855	7	0.827943
1985	5.0327207109e-2	0.382153	0.79199398	0.63431516	0.004827	-0.963130	-0.872807	8	0.827954
1986	5.0134297538e-2	0.380714	0.79194536	0.63402503	0.004323	-0.966954	-0.901844	7	0.827964
1987	5.0335025312e-2	0.382263	0.79192750	0.63419003	0.003820	-0.970776	-0.930870	6	0.827975
1988	5.0532493939e-2	0.383788	0.79197633	0.63448515	0.003820	-0.970776	-0.930870	6	0.827986
1989	4.9965176113e-2	0.379505	0.79196613	0.63389744	0.003820	-0.970776	-0.930870	6	0.827997
1990	5.0158314138e-2	0.380997	0.79191847	0.63399526	0.003317	-0.974593	-0.959864	5	0.828008
1991	5.0131657563e-2	0.380820	0.79185247	0.63383661	0.003820	-0.970777	-0.930881	6	0.828019
1992	4.9578294280e-2	0.376641	0.79192718	0.63343265	0.003820	-0.970777	-0.930881	6	0.828030
1993	4.9756188560e-2	0.378017	0.79200586	0.63376791	0.003318	-0.974589	-0.959842	5	0.828040
1994	4.9863098425e-2	0.378855	0.79211131	0.63408572	0.003819	-0.970779	-0.930891	6	0.828051
1995	4.9855491303e-2	0.378822	0.79207772	0.63401093	0.004321	-0.966970	-0.901951	7	0.828062
1996	4.9768859562e-2	0.378189	0.79208699	0.63394284	0.004321	-0.966970	-0.901951	7	0.828073
1997	4.9558923693e-2	0.376618	0.79204305	0.63364503	0.003820	-0.970776	-0.930870	6	0.828084
1998	4.9603070497e-2	0.376978	0.79213722	0.63387752	0.003820	-0.970776	-0.930870	6	0.828095
1999	4.9626060124e-2	0.377178	0.79216849	0.63396304	0.003320	-0.974578	-0.959767	5	0.828105
2000	4.9548679183e-2	0.376615	0.79221363	0.63397593	0.003320	-0.974578	-0.959767	5	0.828116
2001	4.9680415410e-2	0.377641	0.79221204	0.63410450	0.002820	-0.978376	-0.988644	4	0.828127
2002	4.9089362548e-2	0.373173	0.79232233	0.63373403	0.003319	-0.974579	-0.959778	5	0.828138
2003	4.9316218198e-2	0.374922	0.79241697	0.63415016	0.002820	-0.978375	-0.988633	4	0.828149
2004	4.9785253477e-2	0.378512	0.79236971	0.63452468	0.002820	-0.978375	-0.988633	4	0.828160
2005	5.0338339164e-2	0.382742	0.79235422	0.63504678	0.003319	-0.974583	-0.959799	5	0.828171
2006	5.0061010463e-2	0.380659	0.79243212	0.63492525	0.002820	-0.978373	-0.988622	4	0.828182
2007	4.9970531855e-2	0.379996	0.79252526	0.63502105	0.002820	-0.978373	-0.988622	4	0.828192
2008	4.9211861514e-2	0.374251	0.79246290	0.63413766	0.002820	-0.978373	-0.988622	4	0.828203
2009	4.9296687441e-2	0.374921	0.79239963	0.63409596	0.002820	-0.978373	-0.988622	4	0.828214
2010	4.9501693566e-2	0.376504	0.79246617	0.63443403	0.003318	-0.974589	-0.959842	5	0.828225
2011	4.9819694873e-2	0.378948	0.79254694	0.63491357	0.002821	-0.978372	-0.988612	4	0.828236
2012	4.9902935200e-2	0.379606	0.79250234	0.63490761	0.002821	-0.978372	-0.988612	4	0.828247
2013	5.0808942127e-2	0.386523	0.79253510	0.63587914	0.002324	-0.982151	-1.017361	3	0.828258
2014	5.1440131476e-2	0.391350	0.79259749	0.63663511	0.001827	-0.985928	-1.046100	2	0.828269
2015	5.0975853405e-2	0.387843	0.79264101	0.63625787	0.001331	-0.989704	-1.074828	1	0.828279
2016	5.1191396717e-2	0.389509	0.79264246	0.63647632	0.001331	-0.989704	-1.074828	1	0.828290
2017	5.1035008716e-2	0.388344	0.79262051	0.63627603	0.000835	-0.993477	-1.103535	0	0.828302
2018	5.1220690949e-2	0.389782	0.79254206	0.63630481	0.001331	-0.989706	-1.074839	1	0.828313
2019	5.1030366453e-2	0.388359	0.79263622	0.63630281	0.001826	-0.985936	-1.046152	2	0.828324
2020	5.0791043822e-2	0.386563	0.79263931	0.63606966	0.001826	-0.985936	-1.046152	2	0.828335
2021	5.0317572003e-2	0.382985	0.79265336	0.63562429	0.002321	-0.982170	-1.017487	3	0.828345
2022	5.0694676319e-2	0.385880	0.79266524	0.63602516	0.001826	-0.985935	-1.046142	2	0.828356
2023	4.9971946425e-2	0.380403	0.79273154	0.63543504	0.001826	-0.985935	-1.046142	2	0.828367
2024	5.0341183207e-2	0.383239	0.79264853	0.63563824	0.001826	-0.985935	-1.046142	2	0.828378
2025	4.9926765380e-2	0.380109	0.79269637	0.63531951	0.001826	-0.985935	-1.046142	2	0.828389
2026	5.0039013286e-2	0.380988	0.79274899	0.63553700	0.002320	-0.982177	-1.017529	3	0.828400
2027	5.0679035524e-2	0.385886	0.79278552	0.63625008	0.001827	-0.985933	-1.046131	2	0.828411
2028	5.0296736905e-2	0.383000	0.79277051	0.63583776	0.001827	-0.985933	-1.046131	2	0.828422
2029	5.0756031980e-2	0.386522	0.79269217	0.63614037	0.001334	-0.989686	-1.074713	1	0.828432
2030	5.0314797098e-2	0.383187	0.79274496	0.63580472	0.001826	-0.985935	-1.046142	2	0.828443
2031	5.0461636569e-2	0.384330	0.79278412	0.63602989	0.002319	-0.982185	-1.017581	3	0.828454
2032	5.0003387092e-2	0.380865	0.79274943	0.63550224	0.002319	-0.982185	-1.017581	3	0.828465
2033	4.9864685425e-2	0.379833	0.79270452	0.63527372	0.002811	-0.978438	-0.989040	4	0.828476
2034	4.9579958826e-2	0.377688	0.79272961	0.63503918	0.002811	-0.978438	-0.989040	4	0.828487
2035	4.9637321997e-2	0.378150	0.79281264	0.63526260	0.002319	-0.982181	-1.017560	3	0.828497
2036	4.9522862236e-2	0.377302	0.79285864	0.63524013	0.002319	-0.982181	-1.017560	3	0.828508
2037	4.9083719461e-2	0.373980	0.79295114	0.63498599	0.001828	-0.985922	-1.046059	2	0.828519
2038	4.9244415686e-2	0.375229	0.79296586	0.63517613	0.002319	-0.982183	-1.017570	3	0.828530
2039	4.9123578033e-2	0.374332	0.79304049	0.63520457	0.001828	-0.985920	-1.046049	2	0.828540
2040	4.8974229794e-2	0.373218	0.79305670	0.63508763	0.001828	-0.985920	-1.046049	2	0.828551
2041	4.9059181849e-2	0.373890	0.79314162	0.63534243	0.002318	-0.982186	-1.017591	3	0.828562
2042	4.8794211699e-2	0.371894	0.79315643	0.63510707	0.002808	-0.978454	-0.989143	4	0.828573
2043	4.8613150542e-2	0.370538	0.79316193	0.63493700	0.002808	-0.978454	-0.989143	4	0.828583
2044	4.9115608130e-2	0.374392	0.79316543	0.63544646	0.002808	-0.978454	-0.989143	4	0.828594
2045	4.8912760361e-2	0.372869	0.79320786	0.63532847	0.003297	-0.974726	-0.960726	5	0.828605
2046	4.8850819919e-2	0.372421	0.79322817	0.63530716	0.003786	-0.971000	-0.932320	6	0.828615
2047	4.8590464086e-2	0.370460	0.79319647	0.63498340	0.004274	-0.967275	-0.903923	7	0.828626
2048	4.8724948231e-2	0.371509	0.79319441	0.63511376	0.004274	-0.967275	-0.903923	7	0.828636
2049	4.8710131840e-2	0.371420	0.79323433	0.63517880	0.004762	-0.963554	-0.875548	8	0.828646
2050	4.9300757117e-2	0.375948	0.79327347	0.63584769	0.004762	-0.963554	-0.875548	8	0.828657
2051	4.9805871950e-2	0.379824	0.79329293	0.63639173	0.005250	-0.959836	-0.847192	9	0.828667
2052	4.9683856590e-2	0.378917	0.79325263	0.63618911	0.005250	-0.959836	-0.847192	9	0.828677
2053	4.9468480059e-2	0.377299	0.79325431	0.63597710	0.004763	-0.963551	-0.875527	8	0.828688
2054	4.9437913986e-2	0.377090	0.79324753	0.63593298	0.004276	-0.967264	-0.903852	7	0.828698
2055	4.9324254886e-2	0.376247	0.79325319	0.63583063	0.003789	-0.970976	-0.932167	6	0.828708
2056	4.9347009903e-2	0.376445	0.79333772	0.63602245	0.003789	-0.970976	-0.932167	6	0.828719
2057	5.0009755850e-2	0.381525	0.79329231	0.63659437	0.003789	-0.970976	-0.932167	6	0.828729
2058	4.9861728451e-2	0.380420	0.79335623	0.63657419	0.003789	-0.970976	-0.932167	6	0.828740
2059	5.0065961277e-2	0.382002	0.79334052	0.63674700	0.004275	-0.967271	-0.903893	7	0.828750
2060	5.0259051410e-2	0.383500	0.79338033	0.63701970	0.004275	-0.967271	-0.903893	7	0.828761
2061	5.0402191707e-2	0.384616	0.79334074	0.63708368	0.004275	-0.967271	-0.903893	7	0.828771
2062	5.0192128909e-2	0.383038	0.79337490	0.63694194	0.004760	-0.963570	-0.875649	8	0.828781
2063	5.0044852686e-2	0.381938	0.79343814	0.63692114	0.004275	-0.967269	-0.903883	7	0.828791
2064	4.9549685848e-2	0.378183	0.79349798	0.63654565	0.004275	-0.967269	-0.903883	7	0.828802
2065	4.9564371272e-2	0.378319	0.79351487	0.63659412	0.003791	-0.970965	-0.932096	6	0.828812
2066	5.0140909424e-2	0.382744	0.79350108	0.63714308	0.004275	-0.967271	-0.903893	7	0.828822
2067	4.9570714395e-2	0.378416	0.79353989	0.63665050	0.003791	-0.970964	-0.932086	6	0.828833
2068	4.9641756622e-2	0.378982	0.79356419	0.63677013	0.003791	-0.970964	-0.932086	6	0.828843
2069	5.0051827149e-2	0.382137	0.79353123	0.63711429	0.003308	-0.974654	-0.960259	5	0.828854
2070	4.9992568035e-2	0.381708	0.79353620	0.63706496	0.003308	-0.974654	-0.960259	5	0.828864
2071	4.9767310561e-2	0.380013	0.79347966	0.63672663	0.003791	-0.970967	-0.932106	6	0.828874
2072	4.9550200983e-2	0.378379	0.79348755	0.63652530	0.003791	-0.970967	-0.932106	6	0.828885
2073	4.9940414819e-2	0.381383	0.79349369	0.63692780	0.004273	-0.967283	-0.903973	7	0.828895
2074	5.0003364682e-2	0.381887	0.79357301	0.63714939	0.003791	-0.970965	-0.932096	6	0.828905
2075	5.0392937735e-2	0.384887	0.79362145	0.63763583	0.003791	-0.970965	-0.932096	6	0.828916
2076	4.9565968721e-2	0.378595	0.79359959	0.63676515	0.003791	-0.970965	-0.932096	6	0.828926
2077	4.9404193492e-2	0.377383	0.79370778	0.63681976	0.004273	-0.967288	-0.904003	7	0.828936
2078	4.9123182860e-2	0.375260	0.79375354	0.63663027	0.004754	-0.963611	-0.875920	8	0.828946
2079	4.8818340405e-2	0.372955	0.79380957	0.63643749	0.004754	-0.963611	-0.875920	8	0.828957
2080	4.9004637984e-2	0.374401	0.79382861	0.63666186	0.004754	-0.963611	-0.875920	8	0.828967
2081	4.8916087501e-2	0.373748	0.79383084	0.63657776	0.004273	-0.967283	-0.903973	7	0.828977
2082	4.8817044078e-2	0.373015	0.79376984	0.63635672	0.003793	-0.970953	-0.932016	6	0.828987
2083	4.9025892265e-2	0.374635	0.79378074	0.63658737	0.003313	-0.974622	-0.960050	5	0.828997
2084	4.8916478496e-2	0.373822	0.79382589	0.63656826	0.003313	-0.974622	-0.960050	5	0.829008
2085	4.8774808355e-2	0.372763	0.79376559	0.63630599	0.002833	-0.978287	-0.988063	4	0.829018
2086	4.8995574873e-2	0.374473	0.79373141	0.63645839	0.002354	-0.981951	-1.016067	3	0.829028
2087	4.8979915204e-2	0.374377	0.79371626	0.63641243	0.001875	-0.985614	-1.044061	2	0.829039
2088	4.9520355025e-2	0.378532	0.79368713	0.63689461	0.001875	-0.985614	-1.044061	2	0.829049
2089	4.9367991321e-2	0.377391	0.79371847	0.63680493	0.001396	-0.989273	-1.072034	1	0.829060
2090	4.9498500704e-2	0.378412	0.79376306	0.63702461	0.001874	-0.985615	-1.044070	2	0.829070
2091	4.9479591942e-2	0.378291	0.79383202	0.63714364	0.001396	-0.989271	-1.072025	1	0.829081
2092	4.9386395218e-2	0.377602	0.79386483	0.63711607	0.001396	-0.989271	-1.072025	1	0.829091
2093	4.9477733003e-2	0.378324	0.79389201	0.63726174	0.000918	-0.992925	-1.099959	0	0.829102
2094	4.9554124181e-2	0.378932	0.79391307	0.63738026	0.000441	-0.996576	-1.127884	-1	0.829112
2095	4.9635975689e-2	0.379582	0.79396013	0.63755624	0.000918	-0.992926	-1.099969	0	0.829123
2096	4.9525392937e-2	0.378760	0.79391561	0.63735662	0.000918	-0.992926	-1.099969	0	0.829134
2097	4.9453322925e-2	0.378232	0.79400541	0.63746415	0.000918	-0.992926	-1.099969	0	0.829144
2098	4.9368862541e-2	0.377610	0.79412337	0.63761560	0.001395	-0.989280	-1.072084	1	0.829155
2099	4.9276738133e-2	0.376928	0.79411474	0.63750622	0.000918	-0.992925	-1.099959	0	0.829165
2100	4.9615549439e-2	0.379544	0.79420346	0.63802246	0.000918	-0.992925	-1.099959	0	0.829176
2101	4.9445860284e-2	0.378269	0.79429622	0.63803829	0.001394	-0.989283	-1.072103	1	0.829186
2102	4.9297477965e-2	0.377157	0.79421328	0.63772405	0.001870	-0.985644	-1.044257	2	0.829197
2103	4.9176953359e-2	0.376259	0.79421423	0.63760541	0.002346	-0.982006	-1.016421	3	0.829207
2104	4.9238917292e-2	0.376756	0.79413083	0.63750058	0.002346	-0.982006	-1.016421	3	0.829217
2105	4.9124207721e-2	0.375902	0.79420786	0.63753993	0.002821	-0.978370	-0.988604	4	0.829228
2106	4.9183452638e-2	0.376379	0.79428149	0.63774642	0.002821	-0.978370	-0.988604	4	0.829238
2107	4.9624852367e-2	0.379780	0.79428734	0.63819953	0.002821	-0.978370	-0.988604	4	0.829248
2108	4.9586390195e-2	0.379509	0.79440361	0.63839361	0.002821	-0.978370	-0.988604	4	0.829258
2109	4.9162101918e-2	0.376285	0.79442627	0.63801464	0.002347	-0.982000	-1.016382	3	0.829269
2110	4.9425122948e-2	0.378322	0.79447645	0.63837802	0.001873	-0.985627	-1.044150	2	0.829279
2111	4.9195831610e-2	0.376590	0.79445424	0.63810430	0.001399	-0.989254	-1.071908	1	0.829289
2112	4.9410954474e-2	0.378260	0.79439336	0.63819768	0.001399	-0.989254	-1.071908	1	0.829300
2113	4.9350239915e-2	0.377819	0.79438857	0.63812737	0.000926	-0.992877	-1.099647	0	0.829310
2114	4.9607787228e-2	0.379814	0.79441875	0.63844528	0.000453	-0.996498	-1.127376	-1	0.829320
2115	5.0015168751e-2	0.382957	0.79448606	0.63898728	0.000453	-0.996498	-1.127376	-1	0.829331
2116	4.9721571519e-2	0.380732	0.79448668	0.63869494	0.000453	-0.996498	-1.127376	-1	0.829341
2117	5.0021877967e-2	0.383055	0.79445723	0.63893633	0.000925	-0.992881	-1.099676	0	0.829352
2118	5.0246115536e-2	0.384796	0.79440697	0.63906005	0.000453	-0.996497	-1.127367	-1	0.829362
2119	4.9933033389e-2	0.382422	0.79438906	0.63871115	0.000925	-0.992883	-1.099686	0	0.829373
2120	4.9811919999e-2	0.381518	0.79443957	0.63869105	0.000925	-0.992883	-1.099686	0	0.829383
2121	5.0076969121e-2	0.383572	0.79447774	0.63903244	0.000453	-0.996494	-1.127347	-1	0.829394
2122	4.9765206134e-2	0.381207	0.79457712	0.63891944	0.000925	-0.992884	-1.099695	0	0.829404
2123	4.9871109994e-2	0.382042	0.79450096	0.63887303	0.001396	-0.989276	-1.072053	1	0.829414
2124	4.9738825777e-2	0.381052	0.79448005	0.63869893	0.001396	-0.989276	-1.072053	1	0.829425
2125	4.9471677045e-2	0.379029	0.79451117	0.63849401	0.001396	-0.989276	-1.072053	1	0.829435
2126	4.9597828782e-2	0.380018	0.79453264	0.63866310	0.001866	-0.985672	-1.044440	2	0.829445
2127	4.9475612484e-2	0.379105	0.79451424	0.63850409	0.002336	-0.982069	-1.016836	3	0.829455
2128	4.9051195094e-2	0.375876	0.79453388	0.63811896	0.002336	-0.982069	-1.016836	3	0.829466
2129	4.8777687115e-2	0.373803	0.79449562	0.63776894	0.001866	-0.985669	-1.044421	2	0.829476
2130	4.8521086499e-2	0.371860	0.79451811	0.63755731	0.002336	-0.982071	-1.016845	3	0.829486
2131	4.8915073923e-2	0.374902	0.79446481	0.63784470	0.001867	-0.985667	-1.044411	2	0.829496
2132	4.9013846148e-2	0.375682	0.79444133	0.63789650	0.001867	-0.985667	-1.044411	2	0.829506
2133	4.9162023123e-2	0.376841	0.79455481	0.63827164	0.001867	-0.985667	-1.044411	2	0.829517
2134	4.8819915249e-2	0.374241	0.79456711	0.63795413	0.001398	-0.989260	-1.071948	1	0.829527
2135	4.9265110126e-2	0.377677	0.79456328	0.63839167	0.000930	-0.992850	-1.099475	0	0.829537
2136	4.9294892121e-2	0.377929	0.79463274	0.63856037	0.000930	-0.992850	-1.099475	0	0.829547
2137	4.9214175763e-2	0.377333	0.79466690	0.63854798	0.000462	-0.996438	-1.126984	-1	0.829558
2138	4.9309608314e-2	0.378088	0.79463029	0.63857019	0.000929	-0.992852	-1.099485	0	0.829568
2139	4.9352956048e-2	0.378443	0.79467213	0.63869722	0.000462	-0.996437	-1.126974	-1	0.829578
2140	4.9215961629e-2	0.377416	0.79462547	0.63846689	0.000462	-0.996437	-1.126974	-1	0.829589
2141	4.9014205990e-2	0.375891	0.79458716	0.63818853	-0.000005	-1.000019	-1.154444	-2	0.829599
2142	4.9486788838e-2	0.379539	0.79461845	0.63872369	-0.000005	-1.000019	-1.154444	-2	0.829609
2143	4.9674267513e-2	0.381000	0.79462262	0.63891950	-0.000472	-1.003598	-1.181896	-3	0.829620
2144	5.0054163044e-2	0.383937	0.79470902	0.63947220	-0.000472	-1.003598	-1.181896	-3	0.829630
2145	4.9692574018e-2	0.381187	0.79468096	0.63905449	-0.000006	-1.000022	-1.154463	-2	0.829641
2146	4.9463723287e-2	0.379454	0.79470885	0.63888143	-0.000472	-1.003596	-1.181886	-3	0.829651
2147	4.9412930507e-2	0.379087	0.79468467	0.63878227	-0.000006	-1.000023	-1.154473	-2	0.829661
2148	4.9265551739e-2	0.377980	0.79467378	0.63861311	-0.000006	-1.000023	-1.154473	-2	0.829672
2149	4.9315639296e-2	0.378387	0.79462913	0.63857390	0.000459	-0.996453	-1.127078	-1	0.829682
2150	4.9128163823e-2	0.376971	0.79466250	0.63845316	0.000459	-0.996453	-1.127078	-1	0.829692
2151	4.9348368943e-2	0.378684	0.79462425	0.63859687	0.000459	-0.996453	-1.127078	-1	0.829702
2152	4.9775771112e-2	0.381987	0.79459968	0.63897513	0.000459	-0.996453	-1.127078	-1	0.829713
2153	4.9782081161e-2	0.382058	0.79471494	0.63921197	-0.000005	-1.000017	-1.154435	-2	0.829723
2154	5.0028213025e-2	0.383971	0.79464924	0.63932670	-0.000469	-1.003580	-1.181783	-3	0.829733
2155	4.9888997008e-2	0.382925	0.79463622	0.63916144	-0.000005	-1.000019	-1.154445	-2	0.829744
2156	4.9329394696e-2	0.378653	0.79471349	0.63875638	-0.000005	-1.000019	-1.154445	-2	0.829754
2157	4.9646144446e-2	0.381107	0.79477039	0.63918692	0.000458	-0.996460	-1.127125	-1	0.829764
2158	4.9819755708e-2	0.382463	0.79483299	0.63948574	-0.000005	-1.000017	-1.154435	-2	0.829774
2159	4.9939310651e-2	0.383404	0.79486034	0.63966000	0.000458	-0.996461	-1.127134	-1	0.829785
2160	5.0498633128e-2	0.387722	0.79492654	0.64035171	0.000458	-0.996461	-1.127134	-1	0.829795
2161	4.9970956644e-2	0.383693	0.79503099	0.64003294	-0.000005	-1.000014	-1.154417	-2	0.829805
2162	4.9739732080e-2	0.381941	0.79498325	0.63970624	-0.000467	-1.003566	-1.181689	-3	0.829815
2163	4.9966272549e-2	0.383704	0.79496653	0.63989934	-0.000929	-1.007116	-1.208953	-4	0.829826
2164	4.9944502672e-2	0.383559	0.79503022	0.64000494	-0.000929	-1.007116	-1.208953	-4	0.829836
2165	4.9797814980e-2	0.382456	0.79500648	0.63981077	-0.000468	-1.003569	-1.181708	-3	0.829846
2166	4.9295412667e-2	0.378620	0.79499796	0.63929132	-0.000468	-1.003569	-1.181708	-3	0.829857
2167	4.9268404687e-2	0.378435	0.79494603	0.63916047	-0.000006	-1.000024	-1.154482	-2	0.829867
2168	4.9544505142e-2	0.380579	0.79494729	0.63943909	-0.000006	-1.000024	-1.154482	-2	0.829877
2169	4.9410642830e-2	0.379574	0.79491622	0.63924309	-0.000006	-1.000024	-1.154482	-2	0.829887
2170	4.9342586804e-2	0.379074	0.79489931	0.63914121	0.000455	-0.996484	-1.127283	-1	0.829898
2171	4.9533610697e-2	0.380564	0.79491546	0.63936453	0.000915	-0.992945	-1.100094	0	0.829908
2172	4.9375619793e-2	0.379373	0.79500800	0.63939162	0.000915	-0.992945	-1.100094	0	0.829918
2173	4.8792137337e-2	0.374912	0.79498039	0.63875291	0.001376	-0.989409	-1.072924	1	0.829928
2174	4.8718879719e-2	0.374372	0.79492577	0.63857042	0.001836	-0.985874	-1.045762	2	0.829938
2175	4.8689899569e-2	0.374171	0.79497280	0.63863551	0.001836	-0.985874	-1.045762	2	0.829948
2176	4.8446236820e-2	0.372321	0.79493007	0.63830637	0.001836	-0.985874	-1.045762	2	0.829958
2177	4.8556405207e-2	0.373190	0.79500766	0.63857172	0.002295	-0.982344	-1.018628	3	0.829968
2178	4.8642250756e-2	0.373872	0.79495196	0.63854618	0.002295	-0.982344	-1.018628	3	0.829978
2179	4.8598489703e-2	0.373558	0.79499628	0.63859105	0.001836	-0.985872	-1.045744	2	0.829988
2180	4.8556564097e-2	0.373258	0.79493421	0.63842497	0.001836	-0.985872	-1.045744	2	0.829997
2181	4.8482417369e-2	0.372710	0.79498871	0.63845984	0.002295	-0.982347	-1.018647	3	0.830007
2182	4.8008975179e-2	0.369093	0.79499411	0.63799719	0.002753	-0.978824	-0.991559	4	0.830017
2183	4.8013790656e-2	0.369152	0.79502156	0.63805691	0.003211	-0.975302	-0.964481	5	0.830027
2184	4.8146693079e-2	0.370196	0.79494023	0.63802715	0.003211	-0.975302	-0.964481	5	0.830037
2185	4.8053673163e-2	0.369503	0.79489954	0.63785274	0.002753	-0.978821	-0.991541	4	0.830047
2186	4.8090751814e-2	0.369810	0.79484079	0.63777234	0.003211	-0.975303	-0.964490	5	0.830056
2187	4.8017678164e-2	0.369270	0.79485144	0.63772055	0.003211	-0.975303	-0.964490	5	0.830066
2188	4.8044604170e-2	0.369499	0.79482944	0.63770348	0.003211	-0.975303	-0.964490	5	0.830076
2189	4.8161950004e-2	0.370423	0.79474601	0.63765397	0.003668	-0.971789	-0.937466	6	0.830085
2190	4.8385096448e-2	0.372162	0.79474132	0.63786774	0.004124	-0.968277	-0.910452	7	0.830095
2191	4.8424572218e-2	0.372487	0.79480269	0.63802995	0.004581	-0.964766	-0.883447	8	0.830105
2192	4.8600966466e-2	0.373866	0.79484479	0.63829055	0.004581	-0.964766	-0.883447	8	0.830114
2193	4.8334306418e-2	0.371837	0.79483882	0.63801194	0.004125	-0.968274	-0.910434	7	0.830124
2194	4.8647338303e-2	0.374267	0.79477261	0.63819257	0.004580	-0.964768	-0.883456	8	0.830133
2195	4.8468863269e-2	0.372916	0.79485934	0.63818754	0.005036	-0.961263	-0.856487	9	0.830143
2196	4.8766104332e-2	0.375226	0.79493647	0.63863904	0.005036	-0.961263	-0.856487	9	0.830152
2197	4.8945170745e-2	0.376626	0.79484442	0.63863400	0.005036	-0.961263	-0.856487	9	0.830162
2198	4.9428641387e-2	0.380368	0.79479622	0.63902108	0.004581	-0.964764	-0.883428	8	0.830171
2199	4.8724609668e-2	0.374973	0.79484268	0.63840997	0.005036	-0.961264	-0.856496	9	0.830181
2200	4.8945992031e-2	0.376699	0.79481608	0.63857816	0.005036	-0.961264	-0.856496	9	0.830190
2201	4.9977332225e-2	0.384659	0.79483696	0.63965124	0.005490	-0.957767	-0.829581	10	0.830200
2202	4.9842823561e-2	0.383646	0.79479716	0.63943715	0.005036	-0.961263	-0.856487	9	0.830209
2203	4.9741768672e-2	0.382891	0.79485005	0.63944187	0.004582	-0.964757	-0.883383	8	0.830218
2204	4.9930491368e-2	0.384366	0.79482123	0.63957295	0.004582	-0.964757	-0.883383	8	0.830228
2205	4.9830112197e-2	0.383616	0.79489454	0.63961919	0.004582	-0.964757	-0.883383	8	0.830237
2206	4.9833578257e-2	0.383666	0.79489871	0.63963100	0.005035	-0.961267	-0.856514	9	0.830247
2207	4.9485294109e-2	0.381007	0.79492965	0.63934459	0.004582	-0.964755	-0.883374	8	0.830256
2208	4.9468369349e-2	0.380899	0.79490910	0.63928657	0.004582	-0.964755	-0.883374	8	0.830266
2209	4.9053535295e-2	0.377727	0.79492088	0.63889529	0.004582	-0.964755	-0.883374	8	0.830275
2210	4.9161029656e-2	0.378577	0.79495611	0.63907325	0.005035	-0.961271	-0.856541	9	0.830285
2211	4.9232521338e-2	0.379150	0.79494165	0.63911583	0.004582	-0.964754	-0.883365	8	0.830294
2212	4.9195580018e-2	0.378887	0.79497671	0.63914899	0.004582	-0.964754	-0.883365	8	0.830303
2213	4.9170486443e-2	0.378716	0.79502740	0.63922529	0.004131	-0.968234	-0.910172	7	0.830313
2214	4.9677016862e-2	0.382640	0.79504327	0.63976355	0.004131	-0.968234	-0.910172	7	0.830322
2215	4.9282260915e-2	0.379622	0.79501082	0.63930389	0.004582	-0.964757	-0.883383	8	0.830332
2216	4.9296896700e-2	0.379757	0.79505662	0.63941013	0.004582	-0.964757	-0.883383	8	0.830341
2217	4.9327141174e-2	0.380012	0.79505502	0.63943717	0.005033	-0.961282	-0.856613	9	0.830350
2218	4.9648398177e-2	0.382509	0.79509130	0.63983101	0.005484	-0.957808	-0.829851	10	0.830360
2219	4.9631615017e-2	0.382402	0.79502644	0.63968449	0.005935	-0.954336	-0.803098	11	0.830369
2220	4.9191702509e-2	0.379035	0.79502129	0.63923428	0.005935	-0.954336	-0.803098	11	0.830378
2221	4.9150923104e-2	0.378743	0.79505565	0.63926223	0.005484	-0.957806	-0.829833	10	0.830388
2222	4.8952073611e-2	0.377233	0.79513568	0.63922344	0.005034	-0.961274	-0.856559	9	0.830397
2223	4.9425743045e-2	0.380905	0.79520774	0.63984123	0.005034	-0.961274	-0.856559	9	0.830406
2224	4.9313644988e-2	0.380063	0.79514951	0.63961267	0.005034	-0.961274	-0.856559	9	0.830415
2225	4.9396025218e-2	0.380720	0.79517859	0.63975320	0.005034	-0.961274	-0.856559	9	0.830425
2226	4.8907149002e-2	0.376974	0.79525693	0.63942101	0.005484	-0.957811	-0.829869	10	0.830434
2227	4.8796357772e-2	0.376142	0.79530886	0.63941409	0.005933	-0.954350	-0.803187	11	0.830443
2228	4.9211093135e-2	0.379361	0.79537463	0.63996036	0.005933	-0.954350	-0.803187	11	0.830452
2229	4.9735939582e-2	0.383430	0.79535520	0.64044633	0.006381	-0.950891	-0.776524	12	0.830462
2230	4.9516558315e-2	0.381761	0.79529167	0.64009990	0.005933	-0.954348	-0.803178	11	0.830471
2231	4.9765014370e-2	0.383698	0.79530718	0.64037938	0.006381	-0.950892	-0.776532	12	0.830480
2232	4.9492194490e-2	0.381617	0.79531730	0.64012680	0.006381	-0.950892	-0.776532	12	0.830489
2233	4.9458517562e-2	0.381380	0.79536434	0.64018719	0.005933	-0.954346	-0.803161	11	0.830498
2234	4.9426587785e-2	0.381156	0.79541511	0.64025682	0.006381	-0.950894	-0.776541	12	0.830507
2235	4.9375065687e-2	0.380780	0.79548647	0.64034801	0.005933	-0.954344	-0.803152	11	0.830516
2236	4.8745021582e-2	0.375943	0.79549996	0.63974495	0.005933	-0.954344	-0.803152	11	0.830526
2237	4.8700462981e-2	0.375621	0.79553107	0.63976261	0.005486	-0.957792	-0.829745	10	0.830535
2238	4.9170731184e-2	0.379270	0.79556647	0.64030367	0.005039	-0.961239	-0.856329	9	0.830544
2239	4.9229431682e-2	0.379745	0.79555434	0.64033812	0.004593	-0.964684	-0.882905	8	0.830553
2240	4.9257163384e-2	0.379981	0.79552237	0.64030190	0.004593	-0.964684	-0.882905	8	0.830562
2241	4.9316873818e-2	0.380464	0.79544204	0.64020096	0.004593	-0.964684	-0.882905	8	0.830572
2242	4.9259937633e-2	0.380047	0.79544382	0.64014758	0.004147	-0.968125	-0.909454	7	0.830581
2243	4.8667259753e-2	0.375496	0.79545579	0.63957885	0.003701	-0.971565	-0.935994	6	0.830590
2244	4.8780800158e-2	0.376393	0.79546410	0.63970899	0.003701	-0.971565	-0.935994	6	0.830600
2245	4.8762527874e-2	0.376274	0.79541407	0.63959067	0.004146	-0.968128	-0.909471	7	0.830609
2246	4.8885404782e-2	0.377244	0.79538590	0.63965720	0.004592	-0.964692	-0.882957	8	0.830618
2247	4.8492791150e-2	0.374236	0.79538769	0.63926817	0.004147	-0.968126	-0.909463	7	0.830627
2248	4.8564308101e-2	0.374809	0.79533974	0.63924378	0.004147	-0.968126	-0.909463	7	0.830637
2249	4.8696857413e-2	0.375854	0.79528703	0.63927091	0.004591	-0.964694	-0.882975	8	0.830646
2250	4.8422520666e-2	0.373758	0.79534231	0.63910715	0.004591	-0.964694	-0.882975	8	0.830655
2251	4.8952184154e-2	0.377868	0.79542359	0.63979936	0.004147	-0.968124	-0.909445	7	0.830664
2252	4.9055237205e-2	0.378686	0.79540441	0.63986406	0.004147	-0.968124	-0.909445	7	0.830674
2253	4.8768957418e-2	0.376497	0.79549555	0.63976006	0.004591	-0.964697	-0.882992	8	0.830683
2254	4.8996740928e-2	0.378277	0.79551617	0.64002908	0.004591	-0.964697	-0.882992	8	0.830692
2255	4.9338570077e-2	0.380938	0.79553591	0.64041039	0.004147	-0.968121	-0.909428	7	0.830701
2256	4.8950427777e-2	0.377963	0.79540190	0.63975422	0.004147	-0.968121	-0.909428	7	0.830711
2257	4.8534647936e-2	0.374774	0.79540968	0.63935401	0.004590	-0.964700	-0.883010	8	0.830720
2258	4.8573811803e-2	0.375098	0.79535621	0.63928624	0.005033	-0.961280	-0.856600	9	0.830729
2259	4.8971225051e-2	0.378189	0.79542023	0.63981169	0.005033	-0.961280	-0.856600	9	0.830738
2260	4.9239570102e-2	0.380283	0.79536035	0.63996028	0.005033	-0.961280	-0.856600	9	0.830747
2261	4.9219454548e-2	0.380150	0.79542909	0.64007764	0.004591	-0.964696	-0.882984	8	0.830756
2262	4.9125798537e-2	0.379448	0.79543953	0.64000485	0.005033	-0.961281	-0.856609	9	0.830766
2263	4.8996986354e-2	0.378475	0.79549293	0.63998285	0.005475	-0.957868	-0.830242	10	0.830775
2264	4.9109311656e-2	0.379364	0.79548119	0.64007170	0.005475	-0.957868	-0.830242	10	0.830784
2265	4.9088988215e-2	0.379229	0.79552640	0.64014180	0.005034	-0.961279	-0.856591	9	0.830793
2266	4.9208851574e-2	0.380176	0.79549825	0.64020534	0.004592	-0.964688	-0.882932	8	0.830802
2267	4.9282632390e-2	0.380768	0.79550000	0.64028264	0.004151	-0.968096	-0.909264	7	0.830811
2268	4.8738577614e-2	0.376586	0.79546804	0.63967466	0.004151	-0.968096	-0.909264	7	0.830820
2269	4.8452352104e-2	0.374396	0.79544616	0.63934468	0.003710	-0.971502	-0.935578	6	0.830829
2270	4.8422552909e-2	0.374187	0.79551736	0.63945726	0.003270	-0.974906	-0.961884	5	0.830839
2271	4.8496049935e-2	0.374776	0.79549223	0.63948051	0.003710	-0.971503	-0.935587	6	0.830848
2272	4.8840169378e-2	0.377457	0.79551207	0.63986431	0.003710	-0.971503	-0.935587	6	0.830857
2273	4.8974599691e-2	0.378518	0.79551047	0.63999554	0.003270	-0.974903	-0.961867	5	0.830866
2274	4.8943655193e-2	0.378300	0.79550163	0.63994691	0.002831	-0.978302	-0.988139	4	0.830876
2275	4.8753397247e-2	0.376851	0.79549793	0.63974926	0.002831	-0.978302	-0.988139	4	0.830885
2276	4.8590435019e-2	0.375613	0.79552502	0.63964047	0.002831	-0.978302	-0.988139	4	0.830894
2277	4.9208800929e-2	0.380414	0.79552065	0.64025010	0.002831	-0.978302	-0.988139	4	0.830903
2278	4.9078464264e-2	0.379428	0.79544793	0.63997433	0.002392	-0.981696	-1.014377	3	0.830913
2279	4.9296589906e-2	0.381136	0.79544071	0.64017802	0.002830	-0.978303	-0.988148	4	0.830922
2280	4.9289541385e-2	0.381103	0.79534212	0.63997378	0.002830	-0.978303	-0.988148	4	0.830931
2281	4.9318318034e-2	0.381347	0.79538765	0.64009361	0.002392	-0.981693	-1.014360	3	0.830941
2282	4.9241279789e-2	0.380773	0.79535870	0.63995868	0.001954	-0.985082	-1.040563	2	0.830950
2283	4.8878710097e-2	0.377991	0.79537390	0.63962650	0.002392	-0.981695	-1.014368	3	0.830959
2284	4.8926614490e-2	0.378383	0.79534063	0.63960787	0.002392	-0.981695	-1.014368	3	0.830969
2285	4.9203370583e-2	0.380545	0.79535156	0.63990649	0.002829	-0.978310	-0.988190	4	0.830978
2286	4.9349042934e-2	0.381693	0.79536017	0.64006938	0.002829	-0.978310	-0.988190	4	0.830987
2287	4.9682729537e-2	0.384296	0.79538113	0.64044500	0.002392	-0.981692	-1.014351	3	0.830996
2288	4.9789208227e-2	0.385141	0.79536952	0.64052826	0.002392	-0.981692	-1.014351	3	0.831006
2289	5.0112001287e-2	0.387660	0.79531097	0.64073394	0.001955	-0.985072	-1.040495	2	0.831015
2290	4.9468081208e-2	0.382700	0.79536532	0.64019872	0.001519	-0.988450	-1.066631	1	0.831024
2291	4.9255470379e-2	0.381077	0.79541127	0.64007802	0.001955	-0.985073	-1.040504	2	0.831034
2292	4.9278430997e-2	0.381276	0.79542902	0.64013647	0.001955	-0.985073	-1.040504	2	0.831043
2293	4.9610846985e-2	0.383870	0.79540238	0.64041560	0.001519	-0.988447	-1.066614	1	0.831052
2294	4.9063112799e-2	0.379653	0.79550556	0.64007424	0.001083	-0.991821	-1.092716	0	0.831062
2295	4.9500220001e-2	0.383057	0.79550556	0.64051135	0.001083	-0.991821	-1.092716	0	0.831071
2296	4.9595288035e-2	0.383814	0.79552838	0.64065205	0.001083	-0.991821	-1.092716	0	0.831080
2297	4.9558270408e-2	0.383549	0.79552630	0.64061087	0.000648	-0.995190	-1.118792	-1	0.831090
2298	4.9273097338e-2	0.381364	0.79548352	0.64024014	0.000213	-0.998558	-1.144860	-2	0.831099
2299	4.9216047615e-2	0.380944	0.79549191	0.64019987	0.000213	-0.998558	-1.144860	-2	0.831109
2300	4.9269388192e-2	0.381378	0.79546967	0.64020873	0.000213	-0.998558	-1.144860	-2	0.831118
2301	4.9299624021e-2	0.381633	0.79543801	0.64017565	-0.000222	-1.001922	-1.170903	-3	0.831128
2302	4.9447654019e-2	0.382801	0.79544608	0.64033982	0.000212	-0.998559	-1.144868	-2	0.831137
2303	4.9673427314e-2	0.384570	0.79547280	0.64061902	0.000212	-0.998559	-1.144868	-2	0.831146
2304	4.9226137355e-2	0.381129	0.79543654	0.64009923	0.000212	-0.998559	-1.144868	-2	0.831156
2305	4.9346288206e-2	0.382080	0.79538801	0.64012230	0.000646	-0.995200	-1.118859	-1	0.831165
2306	4.9836547701e-2	0.385898	0.79538590	0.64060835	0.001080	-0.991842	-1.092858	0	0.831175
2307	4.9894925503e-2	0.386371	0.79540512	0.64070516	0.001513	-0.988486	-1.066866	1	0.831184
2308	5.0708193378e-2	0.392691	0.79535004	0.64140828	0.001513	-0.988486	-1.066866	1	0.831193
2309	5.0517474092e-2	0.391236	0.79537822	0.64127391	0.001080	-0.991840	-1.092841	0	0.831203
2310	5.0327842606e-2	0.389789	0.79548445	0.64129674	0.000647	-0.995192	-1.118809	-1	0.831212
2311	5.0562641756e-2	0.391630	0.79548484	0.64153232	0.000215	-0.998544	-1.144768	-2	0.831221
2312	5.0657155054e-2	0.392384	0.79546479	0.64158674	0.000215	-0.998544	-1.144768	-2	0.831231
2313	5.0166147420e-2	0.388602	0.79551720	0.64120054	0.000215	-0.998544	-1.144768	-2	0.831240
2314	5.0405153836e-2	0.390475	0.79555894	0.64152303	-0.000218	-1.001892	-1.170703	-3	0.831249
2315	5.0440547856e-2	0.390771	0.79553206	0.64150468	0.000214	-0.998545	-1.144777	-2	0.831259
2316	5.0820134859e-2	0.393734	0.79550848	0.64183709	0.000214	-0.998545	-1.144777	-2	0.831268
2317	4.9961261213e-2	0.387101	0.79551802	0.64099729	0.000646	-0.995201	-1.118867	-1	0.831278
2318	5.0399853150e-2	0.390521	0.79547999	0.64135983	0.000215	-0.998544	-1.144768	-2	0.831287
2319	5.0253696641e-2	0.389410	0.79556875	0.64139119	0.000646	-0.995203	-1.118876	-1	0.831296
2320	5.0581649753e-2	0.391974	0.79556633	0.64171430	0.000646	-0.995203	-1.118876	-1	0.831306
2321	5.0245918033e-2	0.389393	0.79562433	0.64149458	0.001077	-0.991864	-1.092999	0	0.831315
2322	5.0483158995e-2	0.391254	0.79564709	0.64177735	0.001077	-0.991864	-1.092999	0	0.831324
2323	5.0214539353e-2	0.389194	0.79566018	0.64153490	0.001507	-0.988527	-1.067140	1	0.831333
2324	4.9819424125e-2	0.386153	0.79570782	0.64123506	0.001507	-0.988527	-1.067140	1	0.831343
2325	4.9209875036e-2	0.381449	0.79572272	0.64065531	0.001507	-0.988527	-1.067140	1	0.831352
2326	4.9347812670e-2	0.382540	0.79571058	0.64076897	0.001937	-0.985194	-1.041305	2	0.831361
2327	4.8875400620e-2	0.378898	0.79575753	0.64039045	0.002367	-0.981863	-1.015478	3	0.831370
2328	4.8720104842e-2	0.377716	0.79582388	0.64036787	0.002367	-0.981863	-1.015478	3	0.831379
2329	4.8687180092e-2	0.377481	0.79588425	0.64045568	0.002796	-0.978534	-0.989668	4	0.831388
2330	4.8829115088e-2	0.378603	0.79586377	0.64055666	0.002367	-0.981862	-1.015470	3	0.831397
2331	4.8705703991e-2	0.377667	0.79594530	0.64059631	0.002367	-0.981862	-1.015470	3	0.831406
2332	4.8587587919e-2	0.376772	0.79602336	0.64063430	0.002367	-0.981862	-1.015470	3	0.831416
2333	4.8597291179e-2	0.376868	0.79604277	0.64068283	0.001938	-0.985186	-1.041247	2	0.831425
2334	4.8979926491e-2	0.379856	0.79607827	0.64113648	0.001510	-0.988508	-1.067016	1	0.831434
2335	4.8992346670e-2	0.379973	0.79611763	0.64122761	0.001938	-0.985187	-1.041255	2	0.831443
2336	4.9048072427e-2	0.380426	0.79610646	0.64126099	0.001938	-0.985187	-1.041255	2	0.831452
2337	4.9634364788e-2	0.384995	0.79615086	0.64193609	0.001510	-0.988506	-1.067000	1	0.831461
2338	4.9268254414e-2	0.382176	0.79616571	0.64159968	0.001083	-0.991824	-1.092736	0	0.831470
2339	4.9080564520e-2	0.380741	0.79622425	0.64152906	0.000655	-0.995140	-1.118465	-1	0.831479
2340	4.9189790470e-2	0.381610	0.79616646	0.64152271	0.000655	-0.995140	-1.118465	-1	0.831489
2341	4.9048677752e-2	0.380536	0.79625036	0.64154939	0.000228	-0.998454	-1.144177	-2	0.831498
2342	4.8815326393e-2	0.378746	0.79625710	0.64132953	0.000655	-0.995142	-1.118473	-1	0.831507
2343	4.8232550881e-2	0.374245	0.79629454	0.64082164	0.000228	-0.998453	-1.144169	-2	0.831516
2344	4.8341230225e-2	0.375109	0.79632278	0.64098679	0.000228	-0.998453	-1.144169	-2	0.831525
2345	4.8521285386e-2	0.376527	0.79630487	0.64113102	-0.000198	-1.001762	-1.169848	-3	0.831535
2346	4.8843578924e-2	0.379049	0.79636741	0.64157840	0.000228	-0.998454	-1.144177	-2	0.831544
2347	4.8755480158e-2	0.378386	0.79639636	0.64154819	-0.000198	-1.001761	-1.169840	-3	0.831553
2348	4.8100381443e-2	0.373322	0.79648787	0.64107611	-0.000198	-1.001761	-1.169840	-3	0.831562
2349	4.8127635630e-2	0.373554	0.79646601	0.64105966	-0.000198	-1.001761	-1.169840	-3	0.831572
2350	4.8782102476e-2	0.378655	0.79640528	0.64159267	-0.000198	-1.001761	-1.169840	-3	0.831581
2351	4.9044378388e-2	0.380712	0.79645534	0.64195506	-0.000624	-1.005063	-1.195471	-4	0.831590
2352	4.8171705678e-2	0.373958	0.79648707	0.64114585	-0.000624	-1.005063	-1.195471	-4	0.831599
2353	4.7745019780e-2	0.370666	0.79651378	0.64077258	-0.000199	-1.001764	-1.169856	-3	0.831609
2354	4.7683220607e-2	0.370206	0.79656522	0.64081365	-0.000623	-1.005062	-1.195463	-4	0.831618
2355	4.7834700266e-2	0.371403	0.79659059	0.64101587	-0.001048	-1.008359	-1.221061	-5	0.831627
2356	4.7778191663e-2	0.370984	0.79670137	0.64118093	-0.001048	-1.008359	-1.221061	-5	0.831637
2357	4.7888920864e-2	0.371864	0.79674885	0.64138662	-0.001472	-1.011653	-1.246643	-6	0.831646
2358	4.7676496339e-2	0.370235	0.79680580	0.64128809	-0.001472	-1.011653	-1.246643	-6	0.831655
2359	4.7562580496e-2	0.369371	0.79681920	0.64120098	-0.001048	-1.008361	-1.221077	-5	0.831665
2360	4.7457395734e-2	0.368574	0.79687586	0.64120913	-0.001048	-1.008361	-1.221077	-5	0.831674
2361	4.7113988695e-2	0.365927	0.79691374	0.64094146	-0.000625	-1.005072	-1.195527	-4	0.831683
2362	4.7207637472e-2	0.366674	0.79702357	0.64125478	-0.000201	-1.001783	-1.169985	-3	0.831692
2363	4.7136567819e-2	0.366142	0.79700940	0.64115537	0.000222	-0.998496	-1.144451	-2	0.831702
2364	4.7302214866e-2	0.367449	0.79690273	0.64110768	0.000222	-0.998496	-1.144451	-2	0.831711
2365	4.7127716884e-2	0.366113	0.79681388	0.64075548	-0.000201	-1.001781	-1.169969	-3	0.831720
2366	4.7096004509e-2	0.365887	0.79688450	0.64086500	-0.000201	-1.001781	-1.169969	-3	0.831729
2367	4.6817550762e-2	0.363743	0.79693850	0.64069456	-0.000201	-1.001781	-1.169969	-3	0.831738
2368	4.6985179979e-2	0.365065	0.79697040	0.64092599	-0.000201	-1.001781	-1.169969	-3	0.831747
2369	4.6968901735e-2	0.364959	0.79693839	0.64084568	0.000221	-0.998501	-1.144483	-2	0.831757
2370	4.7034673248e-2	0.365490	0.79694159	0.64091785	0.000643	-0.995222	-1.119005	-1	0.831766
2371	4.7208518202e-2	0.366861	0.79699592	0.64120036	0.000221	-0.998500	-1.144475	-2	0.831775
2372	4.7033872941e-2	0.365523	0.79701253	0.64105893	0.000221	-0.998500	-1.144475	-2	0.831784
2373	4.7081043337e-2	0.365910	0.79709489	0.64127083	-0.000200	-1.001775	-1.169929	-3	0.831793
2374	4.7730026642e-2	0.370974	0.79716623	0.64206250	0.000221	-0.998501	-1.144483	-2	0.831802
2375	4.7768165406e-2	0.371290	0.79720007	0.64216831	0.000221	-0.998501	-1.144483	-2	0.831811
2376	4.7421692642e-2	0.368617	0.79725234	0.64192638	0.000221	-0.998501	-1.144483	-2	0.831820
2377	4.7613696756e-2	0.370130	0.79724589	0.64210548	-0.000200	-1.001771	-1.169905	-3	0.831829
2378	4.7388761571e-2	0.368401	0.79733595	0.64206066	-0.000620	-1.005040	-1.195319	-4	0.831839
2379	4.7582710460e-2	0.369929	0.79737669	0.64233609	-0.001041	-1.008308	-1.220726	-5	0.831848
2380	4.7803687445e-2	0.371667	0.79741240	0.64262848	-0.001041	-1.008308	-1.220726	-5	0.831857
2381	4.7471899043e-2	0.369107	0.79743671	0.64234532	-0.001461	-1.011574	-1.246116	-6	0.831866
2382	4.7391518636e-2	0.368502	0.79740377	0.64219905	-0.001880	-1.014838	-1.271499	-7	0.831875
2383	4.7822965070e-2	0.371877	0.79741114	0.64264525	-0.002300	-1.018101	-1.296874	-8	0.831885
2384	4.7571295232e-2	0.369940	0.79739959	0.64237048	-0.002300	-1.018101	-1.296874	-8	0.831894
2385	4.7679864829e-2	0.370804	0.79733487	0.64234960	-0.002300	-1.018101	-1.296874	-8	0.831903
2386	4.7928151546e-2	0.372755	0.79729197	0.64251208	-0.001881	-1.014842	-1.271523	-7	0.831913
2387	4.7955118851e-2	0.372985	0.79737482	0.64270477	-0.002300	-1.018100	-1.296866	-8	0.831922
2388	4.8427907845e-2	0.376683	0.79742196	0.64327182	-0.002300	-1.018100	-1.296866	-8	0.831931
2389	4.8248242656e-2	0.375305	0.79746575	0.64317973	-0.002718	-1.021356	-1.322193	-9	0.831940
2390	4.9099937124e-2	0.381951	0.79750811	0.64411615	-0.003137	-1.024611	-1.347513	-10	0.831950
2391	4.8695855880e-2	0.378828	0.79752959	0.64375503	-0.002719	-1.021357	-1.322201	-9	0.831959
2392	4.8962792770e-2	0.380925	0.79749431	0.64395141	-0.002719	-1.021357	-1.322201	-9	0.831968
2393	4.8990200406e-2	0.381159	0.79744470	0.64387959	-0.003136	-1.024609	-1.347497	-10	0.831978
2394	4.9394150618e-2	0.384322	0.79750535	0.64440486	-0.003136	-1.024609	-1.347497	-10	0.831987
2395	4.8793690088e-2	0.379670	0.79750630	0.64380628	-0.002719	-1.021360	-1.322217	-9	0.831996
2396	4.8944129816e-2	0.380861	0.79754120	0.64402653	-0.002719	-1.021360	-1.322217	-9	0.832006
2397	4.8660802475e-2	0.378677	0.79762210	0.64390501	-0.003136	-1.024606	-1.347481	-10	0.832015
2398	4.8147904462e-2	0.374706	0.79762328	0.64339447	-0.003553	-1.027852	-1.372738	-11	0.832024
2399	4.8781175958e-2	0.379654	0.79770460	0.64419038	-0.003970	-1.031096	-1.397987	-12	0.832034
2400	4.8819381394e-2	0.379972	0.79773525	0.64428988	-0.003970	-1.031096	-1.397987	-12	0.832043
2401	4.8787048473e-2	0.379741	0.79772507	0.64423719	-0.003970	-1.031096	-1.397987	-12	0.832053
2402	4.8445549143e-2	0.377103	0.79769232	0.64383019	-0.003554	-1.027855	-1.372762	-11	0.832062
2403	4.8435324774e-2	0.377043	0.79774353	0.64392238	-0.003554	-1.027855	-1.372762	-11	0.832071
2404	4.8220467209e-2	0.375391	0.79770523	0.64363092	-0.003554	-1.027855	-1.372762	-11	0.832081
2405	4.7969038122e-2	0.373454	0.79774184	0.64345272	-0.003969	-1.031092	-1.397964	-12	0.832090
2406	4.7921696885e-2	0.373105	0.79782631	0.64357432	-0.004385	-1.034328	-1.423158	-13	0.832099
2407	4.7510907079e-2	0.369926	0.79786320	0.64323731	-0.003970	-1.031093	-1.397971	-12	0.832109
2408	4.7615428537e-2	0.370760	0.79784418	0.64330378	-0.003970	-1.031093	-1.397971	-12	0.832118
2409	4.8179465293e-2	0.375172	0.79791865	0.64401677	-0.004385	-1.034326	-1.423142	-13	0.832128
2410	4.7800815774e-2	0.372243	0.79791858	0.64363797	-0.004800	-1.037557	-1.448306	-14	0.832137
2411	4.8316233755e-2	0.376277	0.79800586	0.64432795	-0.005214	-1.040787	-1.473461	-15	0.832147
2412	4.7901709372e-2	0.373069	0.79798938	0.64388048	-0.005214	-1.040787	-1.473461	-15	0.832156
2413	4.7728503615e-2	0.371739	0.79803179	0.64379208	-0.004800	-1.037559	-1.448321	-14	0.832165
2414	4.7562081060e-2	0.370463	0.79804093	0.64364395	-0.005214	-1.040786	-1.473453	-15	0.832175
2415	4.7436881008e-2	0.369507	0.79799708	0.64343104	-0.004800	-1.037561	-1.448329	-14	0.832184
2416	4.7402561797e-2	0.369260	0.79800882	0.64342020	-0.004800	-1.037561	-1.448329	-14	0.832194
2417	4.7104479071e-2	0.366957	0.79803752	0.64317952	-0.005214	-1.040784	-1.473438	-15	0.832203
2418	4.7003051096e-2	0.366186	0.79806095	0.64312494	-0.004800	-1.037562	-1.448337	-14	0.832213
2419	4.7519059114e-2	0.370226	0.79807825	0.64367556	-0.004387	-1.034341	-1.423243	-13	0.832222
2420	4.7830848821e-2	0.372675	0.79813294	0.64409673	-0.004387	-1.034341	-1.423243	-13	0.832232
2421	4.8081020480e-2	0.374644	0.79817091	0.64442285	-0.004387	-1.034341	-1.423243	-13	0.832241
2422	4.7999630434e-2	0.374030	0.79818395	0.64436754	-0.004800	-1.037558	-1.448313	-14	0.832250
2423	4.7462529590e-2	0.369864	0.79817291	0.64380834	-0.005213	-1.040774	-1.473376	-15	0.832260
2424	4.7130153035e-2	0.367293	0.79812802	0.64338620	-0.005213	-1.040774	-1.473376	-15	0.832269
2425	4.7278657241e-2	0.368470	0.79808159	0.64344184	-0.005213	-1.040774	-1.473376	-15	0.832278
2426	4.7163192207e-2	0.367590	0.79806352	0.64329022	-0.004800	-1.037562	-1.448336	-14	0.832288
2427	4.7962158813e-2	0.373837	0.79801544	0.64399304	-0.004388	-1.034350	-1.423304	-13	0.832297
2428	4.6908130023e-2	0.365641	0.79796175	0.64283163	-0.004388	-1.034350	-1.423304	-13	0.832307
2429	4.6575751359e-2	0.363069	0.79788264	0.64234103	-0.003977	-1.031141	-1.398288	-12	0.832316
2430	4.6695304086e-2	0.364020	0.79787467	0.64244463	-0.003977	-1.031141	-1.398288	-12	0.832325
2431	4.6911290414e-2	0.365723	0.79787261	0.64265652	-0.004388	-1.034348	-1.423289	-13	0.832334
2432	4.6823047361e-2	0.365054	0.79792967	0.64268239	-0.004388	-1.034348	-1.423289	-13	0.832344
2433	4.6844669535e-2	0.365242	0.79786749	0.64257965	-0.003977	-1.031143	-1.398303	-12	0.832353
2434	4.6948547063e-2	0.366071	0.79783151	0.64261158	-0.003566	-1.027940	-1.373324	-11	0.832362
2435	4.6981674226e-2	0.366349	0.79780196	0.64258559	-0.003155	-1.024737	-1.348353	-10	0.832372
2436	4.7169976743e-2	0.367837	0.79779728	0.64276454	-0.003155	-1.024737	-1.348353	-10	0.832381
2437	4.6884561189e-2	0.365630	0.79779952	0.64248360	-0.003566	-1.027937	-1.373309	-11	0.832390
2438	4.6753605130e-2	0.364628	0.79775350	0.64226060	-0.003976	-1.031136	-1.398257	-12	0.832399
2439	4.6615442598e-2	0.363570	0.79775612	0.64212768	-0.003976	-1.031136	-1.398257	-12	0.832408
2440	4.6589944552e-2	0.363390	0.79781570	0.64222134	-0.003976	-1.031136	-1.398257	-12	0.832418
2441	4.6875722947e-2	0.365638	0.79782727	0.64253027	-0.004386	-1.034332	-1.423182	-13	0.832427
2442	4.6673909042e-2	0.364083	0.79783497	0.64234385	-0.003976	-1.031138	-1.398265	-12	0.832436
2443	4.7031921183e-2	0.366895	0.79779077	0.64261346	-0.003567	-1.027944	-1.373355	-11	0.832445
2444	4.7243284769e-2	0.368563	0.79787147	0.64298622	-0.003567	-1.027944	-1.373355	-11	0.832454
2445	4.7506220112e-2	0.370634	0.79786931	0.64324483	-0.003976	-1.031135	-1.398250	-12	0.832464
2446	4.7165230146e-2	0.367993	0.79791275	0.64299074	-0.003567	-1.027945	-1.373362	-11	0.832473
2447	4.7074427387e-2	0.367304	0.79791258	0.64289959	-0.003976	-1.031134	-1.398242	-12	0.832482
2448	4.7908518248e-2	0.373831	0.79789265	0.64369382	-0.003976	-1.031134	-1.398242	-12	0.832491
2449	4.7327584076e-2	0.369318	0.79789450	0.64311658	-0.003567	-1.027948	-1.373377	-11	0.832500
2450	4.7431715405e-2	0.370150	0.79785062	0.64313296	-0.003567	-1.027948	-1.373377	-11	0.832509
2451	4.8408462770e-2	0.377792	0.79790633	0.64422112	-0.003975	-1.031132	-1.398227	-12	0.832519
2452	4.8900497413e-2	0.381652	0.79795249	0.64480548	-0.003975	-1.031132	-1.398227	-12	0.832528
2453	4.8892645807e-2	0.381610	0.79801104	0.64491472	-0.003568	-1.027950	-1.373392	-11	0.832537
2454	4.8718139599e-2	0.380268	0.79807422	0.64486659	-0.003975	-1.031131	-1.398219	-12	0.832546
2455	4.8835262790e-2	0.381202	0.79818207	0.64519941	-0.003568	-1.027951	-1.373400	-11	0.832555
2456	4.8628188047e-2	0.379606	0.79821605	0.64506028	-0.003568	-1.027951	-1.373400	-11	0.832564
2457	4.8649771444e-2	0.379794	0.79828726	0.64522430	-0.003568	-1.027951	-1.373400	-11	0.832573
2458	4.8756429330e-2	0.380646	0.79828270	0.64532184	-0.003161	-1.024775	-1.348603	-10	0.832582
2459	4.8560258866e-2	0.379135	0.79833140	0.64522307	-0.003568	-1.027950	-1.373392	-11	0.832591
2460	4.8516358011e-2	0.378812	0.79841166	0.64533967	-0.003568	-1.027950	-1.373392	-11	0.832601
2461	4.8368225716e-2	0.377675	0.79833658	0.64504139	-0.003161	-1.024777	-1.348618	-10	0.832610
2462	4.7926878578e-2	0.374248	0.79832296	0.64457279	-0.002755	-1.021605	-1.323851	-9	0.832619
2463	4.8001746372e-2	0.374852	0.79823147	0.64446468	-0.002349	-1.018435	-1.299092	-8	0.832628
2464	4.7478183056e-2	0.370783	0.79822415	0.64392648	-0.002349	-1.018435	-1.299092	-8	0.832637
2465	4.7650248058e-2	0.372146	0.79821904	0.64408832	-0.002755	-1.021603	-1.323836	-9	0.832646
2466	4.7490258609e-2	0.370916	0.79816803	0.64382632	-0.002755	-1.021603	-1.323836	-9	0.832655
2467	4.8264667037e-2	0.376984	0.79826775	0.64480018	-0.003160	-1.024769	-1.348566	-10	0.832664
2468	4.8259578214e-2	0.376963	0.79827961	0.64481881	-0.003160	-1.024769	-1.348566	-10	0.832673
2469	4.8022085255e-2	0.375128	0.79822678	0.64447565	-0.002755	-1.021605	-1.323851	-9	0.832682
2470	4.8035939056e-2	0.375255	0.79817371	0.64438337	-0.002350	-1.018443	-1.299144	-8	0.832690
2471	4.7634163029e-2	0.372136	0.79813503	0.64390422	-0.001946	-1.015281	-1.274444	-7	0.832699
2472	4.7468381348e-2	0.370860	0.79818491	0.64383820	-0.001946	-1.015281	-1.274444	-7	0.832708
2473	4.7309691377e-2	0.369639	0.79826653	0.64384275	-0.002350	-1.018440	-1.299129	-8	0.832717
2474	4.7443972656e-2	0.370708	0.79828787	0.64401971	-0.001946	-1.015282	-1.274451	-7	0.832726
2475	4.7216637767e-2	0.368951	0.79828597	0.64378859	-0.001946	-1.015282	-1.274451	-7	0.832735
2476	4.7303165714e-2	0.369646	0.79830751	0.64391819	-0.001946	-1.015282	-1.274451	-7	0.832744
2477	4.7774323466e-2	0.373347	0.79831692	0.64440816	-0.002349	-1.018437	-1.299107	-8	0.832753
2478	4.7599851105e-2	0.372003	0.79831549	0.64423083	-0.001946	-1.015283	-1.274459	-7	0.832761
2479	4.7479620015e-2	0.371082	0.79835126	0.64418213	-0.001543	-1.012131	-1.249818	-6	0.832770
2480	4.7619204822e-2	0.372192	0.79840485	0.64442891	-0.001543	-1.012131	-1.249818	-6	0.832779
2481	4.7329132890e-2	0.369944	0.79840703	0.64414320	-0.001139	-1.008980	-1.225193	-5	0.832788
2482	4.7552477352e-2	0.371709	0.79836863	0.64428973	-0.001542	-1.012129	-1.249811	-6	0.832797
2483	4.7428371244e-2	0.370758	0.79841357	0.64425552	-0.001140	-1.008981	-1.225200	-5	0.832805
2484	4.7316729741e-2	0.369904	0.79843281	0.64418234	-0.001140	-1.008981	-1.225200	-5	0.832814
2485	4.7335122981e-2	0.370067	0.79845609	0.64424730	-0.001542	-1.012127	-1.249796	-6	0.832823
2486	4.7262061442e-2	0.369515	0.79846182	0.64418570	-0.001944	-1.015272	-1.274385	-7	0.832832
2487	4.7134985620e-2	0.368541	0.79838559	0.64390616	-0.001542	-1.012128	-1.249804	-6	0.832840
2488	4.7658291357e-2	0.372651	0.79847340	0.64460510	-0.001542	-1.012128	-1.249804	-6	0.832849
2489	4.7936534599e-2	0.374846	0.79853633	0.64500919	-0.001140	-1.008987	-1.225237	-5	0.832858
2490	4.7384575654e-2	0.370549	0.79848103	0.64434663	-0.000739	-1.005846	-1.200677	-4	0.832867
2491	4.7290538960e-2	0.369833	0.79849675	0.64428403	-0.000337	-1.002707	-1.176125	-3	0.832875
2492	4.7715779677e-2	0.373178	0.79854704	0.64480987	-0.000337	-1.002707	-1.176125	-3	0.832884
2493	4.7672215274e-2	0.372856	0.79856295	0.64479812	-0.000337	-1.002707	-1.176125	-3	0.832892
2494	4.7591359249e-2	0.372243	0.79858334	0.64475803	-0.000738	-1.005843	-1.200655	-4	0.832901
2495	4.7965317260e-2	0.375187	0.79857593	0.64511719	-0.000338	-1.002708	-1.176133	-3	0.832910
2496	4.7836910899e-2	0.374202	0.79854202	0.64492094	-0.000338	-1.002708	-1.176133	-3	0.832918
2497	4.8220137687e-2	0.377219	0.79852738	0.64527489	0.000063	-0.999575	-1.151624	-2	0.832927
2498	4.7619495591e-2	0.372539	0.79847319	0.64456588	0.000463	-0.996443	-1.127123	-1	0.832935
2499	4.7537117859e-2	0.371914	0.79844726	0.64443165	0.000463	-0.996443	-1.127123	-1	0.832944
2500	4.7857481560e-2	0.374439	0.79843467	0.64472681	0.000463	-0.996443	-1.127123	-1	0.832952
2501	4.7912458311e-2	0.374888	0.79845981	0.64483208	0.000863	-0.993315	-1.102644	0	0.832961
2502	4.7755604927e-2	0.373680	0.79847171	0.64469903	0.000863	-0.993315	-1.102644	0	0.832969
2503	4.7221978592e-2	0.369524	0.79845666	0.64413529	0.000464	-0.996441	-1.127109	-1	0.832978
2504	4.7773205000e-2	0.373856	0.79847240	0.64471800	0.000464	-0.996441	-1.127109	-1	0.832986
2505	4.7675009632e-2	0.373107	0.79850742	0.64468985	0.000064	-0.999565	-1.151559	-2	0.832995
2506	4.7775301506e-2	0.373911	0.79845509	0.64468548	-0.000335	-1.002688	-1.176001	-3	0.833003
2507	4.7772292277e-2	0.373906	0.79840442	0.64458112	0.000064	-0.999566	-1.151566	-2	0.833012
2508	4.7750365517e-2	0.373754	0.79846234	0.64467504	0.000064	-0.999566	-1.151566	-2	0.833020
2509	4.7511019004e-2	0.371899	0.79842151	0.64435404	0.000463	-0.996446	-1.127145	-1	0.833029
2510	4.7267760395e-2	0.370014	0.79844191	0.64415158	0.000064	-0.999565	-1.151559	-2	0.833037
2511	4.7550743144e-2	0.372248	0.79849814	0.64454703	0.000064	-0.999565	-1.151559	-2	0.833046
2512	4.7765269226e-2	0.373946	0.79851609	0.64479744	0.000064	-0.999565	-1.151559	-2	0.833054
2513	4.7532487424e-2	0.372143	0.79853524	0.64460297	0.000462	-0.996450	-1.127167	-1	0.833063
2514	4.7664321300e-2	0.373194	0.79851171	0.64468774	0.000065	-0.999564	-1.151552	-2	0.833071
2515	4.7594968215e-2	0.372670	0.79841310	0.64442117	0.000462	-0.996451	-1.127174	-1	0.833080
2516	4.7531737755e-2	0.372194	0.79839548	0.64432270	0.000462	-0.996451	-1.127174	-1	0.833088
2517	4.7497642470e-2	0.371946	0.79845700	0.64441164	0.000859	-0.993339	-1.102811	0	0.833096
2518	4.7343991751e-2	0.370761	0.79850761	0.64435922	0.001257	-0.990229	-1.078455	1	0.833105
2519	4.7479455796e-2	0.371841	0.79847846	0.64443637	0.001654	-0.987120	-1.054107	2	0.833113
2520	4.7675347715e-2	0.373394	0.79854210	0.64475955	0.001654	-0.987120	-1.054107	2	0.833121
2521	4.7585389645e-2	0.372708	0.79850715	0.64459968	0.001257	-0.990227	-1.078441	1	0.833130
2522	4.7577207509e-2	0.372663	0.79851364	0.64460448	0.000860	-0.993333	-1.102768	0	0.833138
2523	4.8131573763e-2	0.377024	0.79851492	0.64516142	0.000860	-0.993333	-1.102768	0	0.833146
2524	4.7529127974e-2	0.372324	0.79857606	0.64468125	0.000860	-0.993333	-1.102768	0	0.833155
2525	4.7108519733e-2	0.369048	0.79860131	0.64431115	0.000860	-0.993333	-1.102768	0	0.833163
2526	4.7135003972e-2	0.369274	0.79861615	0.64436731	0.000465	-0.996434	-1.127066	-1	0.833171
2527	4.7076646440e-2	0.368836	0.79858066	0.64423797	0.000465	-0.996434	-1.127066	-1	0.833180
2528	4.7218187669e-2	0.369963	0.79859084	0.64439987	0.000465	-0.996434	-1.127066	-1	0.833188
2529	4.7017578888e-2	0.368410	0.79862887	0.64427531	0.000465	-0.996434	-1.127066	-1	0.833197
2530	4.6953764388e-2	0.367929	0.79861992	0.64419359	0.000860	-0.993337	-1.102797	0	0.833205
2531	4.7027113527e-2	0.368522	0.79863703	0.64430117	0.000465	-0.996433	-1.127059	-1	0.833213
2532	4.7220651988e-2	0.370057	0.79861103	0.64444272	0.000465	-0.996433	-1.127059	-1	0.833222
2533	4.7075024105e-2	0.368934	0.79864053	0.64435608	0.000859	-0.993339	-1.102811	0	0.833230
2534	4.7208715495e-2	0.370001	0.79863992	0.64448855	0.000465	-0.996432	-1.127052	-1	0.833238
2535	4.7488801267e-2	0.372215	0.79866726	0.64482333	0.000465	-0.996432	-1.127052	-1	0.833247
2536	4.7260433635e-2	0.370444	0.79867579	0.64461201	0.000465	-0.996432	-1.127052	-1	0.833255
2537	4.6915630242e-2	0.367759	0.79870259	0.64432081	0.000859	-0.993343	-1.102832	0	0.833263
2538	4.6822551657e-2	0.367048	0.79876333	0.64434921	0.000859	-0.993343	-1.102832	0	0.833272
2539	4.7179767712e-2	0.369867	0.79879253	0.64476482	0.000465	-0.996430	-1.127038	-1	0.833280
2540	4.7331726826e-2	0.371077	0.79879014	0.64491201	0.000465	-0.996430	-1.127038	-1	0.833288
2541	4.7538774805e-2	0.372719	0.79875894	0.64505665	0.000465	-0.996430	-1.127038	-1	0.833297
2542	4.7639694105e-2	0.373529	0.79877995	0.64519960	0.000072	-0.999515	-1.151222	-2	0.833305
2543	4.6904873374e-2	0.367786	0.79878633	0.64447753	-0.000321	-1.002598	-1.175399	-3	0.833313
2544	4.6969476201e-2	0.368311	0.79884486	0.64465920	-0.000321	-1.002598	-1.175399	-3	0.833322
2545	4.7637575587e-2	0.373568	0.79874941	0.64513640	0.000071	-0.999517	-1.151236	-2	0.833330
2546	4.7887365780e-2	0.375546	0.79876911	0.64542559	-0.000321	-1.002597	-1.175392	-3	0.833338
2547	4.7664380037e-2	0.373816	0.79881345	0.64529127	-0.000321	-1.002597	-1.175392	-3	0.833347
2548	4.7342452031e-2	0.371310	0.79875927	0.64486099	-0.000321	-1.002597	-1.175392	-3	0.833355
2549	4.7263766015e-2	0.370711	0.79872981	0.64472339	-0.000714	-1.005674	-1.199527	-4	0.833364
2550	4.7597094815e-2	0.373344	0.79873248	0.64506205	-0.000714	-1.005674	-1.199527	-4	0.833372
2551	4.7717778190e-2	0.374310	0.79878711	0.64529200	-0.001106	-1.008749	-1.223648	-5	0.833380
2552	4.7407019633e-2	0.371891	0.79879784	0.64500269	-0.001106	-1.008749	-1.223648	-5	0.833389
2553	4.7581910626e-2	0.373281	0.79890756	0.64539702	-0.001497	-1.011822	-1.247755	-6	0.833397
2554	4.7899261788e-2	0.375790	0.79892579	0.64575084	-0.001106	-1.008750	-1.223655	-5	0.833406
2555	4.7589458160e-2	0.373378	0.79893764	0.64546473	-0.001497	-1.011821	-1.247748	-6	0.833414
2556	4.8027009386e-2	0.376829	0.79888103	0.64578908	-0.001497	-1.011821	-1.247748	-6	0.833423
2557	4.7976659881e-2	0.376453	0.79891547	0.64580760	-0.001888	-1.014890	-1.271826	-7	0.833431
2558	4.7608517825e-2	0.373583	0.79893400	0.64547652	-0.001497	-1.011822	-1.247755	-6	0.833439
2559	4.7042623027e-2	0.369161	0.79901777	0.64507817	-0.001107	-1.008755	-1.223690	-5	0.833448
2560	4.7177280631e-2	0.370236	0.79900249	0.64518227	-0.001107	-1.008755	-1.223690	-5	0.833456
2561	4.7017774127e-2	0.369003	0.79897216	0.64496210	-0.000716	-1.005691	-1.199640	-4	0.833465
2562	4.7569686317e-2	0.373353	0.79902489	0.64561947	-0.000326	-1.002627	-1.175596	-3	0.833473
2563	4.7474398014e-2	0.372623	0.79901413	0.64550266	0.000064	-0.999565	-1.151559	-2	0.833481
2564	4.7344426771e-2	0.371622	0.79895922	0.64526286	0.000064	-0.999565	-1.151559	-2	0.833490
2565	4.7331602513e-2	0.371540	0.79896570	0.64526299	0.000064	-0.999565	-1.151559	-2	0.833498
2566	4.7168433924e-2	0.370277	0.79897178	0.64511199	0.000454	-0.996506	-1.127544	-1	0.833506
2567	4.6893047179e-2	0.368134	0.79898812	0.64486928	0.000844	-0.993448	-1.103535	0	0.833514
2568	4.6592752477e-2	0.365794	0.79900505	0.64460286	0.000844	-0.993448	-1.103535	0	0.833523
2569	4.6656019058e-2	0.366309	0.79895553	0.64456708	0.001233	-0.990391	-1.079540	1	0.833531
2570	4.6652819498e-2	0.366302	0.79898037	0.64461356	0.000844	-0.993446	-1.103528	0	0.833539
2571	4.6840338386e-2	0.367793	0.79897118	0.64478270	0.001233	-0.990392	-1.079547	1	0.833547
2572	4.6695533353e-2	0.366674	0.79903355	0.64476263	0.001233	-0.990392	-1.079547	1	0.833555
2573	4.6485418478e-2	0.365042	0.79911034	0.64470610	0.001621	-0.987340	-1.055580	2	0.833563
2574	4.6415989526e-2	0.364515	0.79911596	0.64464791	0.001621	-0.987340	-1.055580	2	0.833571
2575	4.6299890110e-2	0.363621	0.79909600	0.64449190	0.001621	-0.987340	-1.055580	2	0.833579
2576	4.6351566109e-2	0.364045	0.79913708	0.64462573	0.001621	-0.987340	-1.055580	2	0.833587
2577	4.6224262039e-2	0.363063	0.79916729	0.64455883	0.002009	-0.984293	-1.031641	3	0.833596
2578	4.6056563518e-2	0.361764	0.79920893	0.64447442	0.002397	-0.981246	-1.007709	4	0.833604
2579	4.6051576144e-2	0.361742	0.79921579	0.64448317	0.002010	-0.984291	-1.031634	3	0.833612
2580	4.5934784443e-2	0.360843	0.79925471	0.64444421	0.002010	-0.984291	-1.031634	3	0.833620
2581	4.5992119850e-2	0.361311	0.79928834	0.64456880	0.002397	-0.981248	-1.007723	4	0.833628
2582	4.5919058512e-2	0.360755	0.79935164	0.64462234	0.002784	-0.978205	-0.983818	5	0.833636
2583	4.5863393410e-2	0.360335	0.79932811	0.64451962	0.002784	-0.978205	-0.983818	5	0.833643
2584	4.6268059692e-2	0.363532	0.79943605	0.64514015	0.002784	-0.978205	-0.983818	5	0.833651
2585	4.6358944218e-2	0.364265	0.79946578	0.64529049	0.002398	-0.981245	-1.007702	4	0.833659
2586	4.6223202850e-2	0.363216	0.79945273	0.64512867	0.002011	-0.984283	-1.031579	3	0.833667
2587	4.6276566473e-2	0.363653	0.79947031	0.64521719	0.002397	-0.981246	-1.007709	4	0.833675
2588	4.6440145818e-2	0.364956	0.79951001	0.64546017	0.002397	-0.981246	-1.007709	4	0.833683
2589	4.6268955319e-2	0.363629	0.79949661	0.64526218	0.002784	-0.978210	-0.983853	5	0.833691
2590	4.5929423045e-2	0.360978	0.79944209	0.64481360	0.003170	-0.975176	-0.960003	6	0.833699
2591	4.6229016180e-2	0.363351	0.79943106	0.64509114	0.002784	-0.978209	-0.983846	5	0.833707
2592	4.6168423733e-2	0.362892	0.79942147	0.64501136	0.002784	-0.978209	-0.983846	5	0.833715
2593	4.6079783074e-2	0.362213	0.79948501	0.64504980	0.002398	-0.981241	-1.007675	4	0.833723
2594	4.6183438237e-2	0.363046	0.79942736	0.64503816	0.002784	-0.978210	-0.983853	5	0.833731
2595	4.6046318954e-2	0.361986	0.79937591	0.64479813	0.002398	-0.981240	-1.007668	4	0.833738
2596	4.6118005829e-2	0.362567	0.79943603	0.64499006	0.002398	-0.981240	-1.007668	4	0.833746
2597	4.6371452350e-2	0.364578	0.79939609	0.64516363	0.002398	-0.981240	-1.007668	4	0.833754
2598	4.6553552940e-2	0.366027	0.79949365	0.64554085	0.002013	-0.984266	-1.031463	3	0.833762
2599	4.6710348174e-2	0.367278	0.79951666	0.64574367	0.002398	-0.981241	-1.007675	4	0.833770
2600	4.7151975884e-2	0.370769	0.79957429	0.64630056	0.002398	-0.981241	-1.007675	4	0.833778
2601	4.7128225003e-2	0.370600	0.79953075	0.64618973	0.002398	-0.981241	-1.007675	4	0.833786
2602	4.7033726012e-2	0.369875	0.79954750	0.64612872	0.002782	-0.978218	-0.983907	5	0.833794
2603	4.6872782436e-2	0.368627	0.79958485	0.64604249	0.003167	-0.975197	-0.960146	6	0.833802
2604	4.6534247401e-2	0.365983	0.79966264	0.64585952	0.003167	-0.975197	-0.960146	6	0.833809
2605	4.6772067132e-2	0.367871	0.79965042	0.64607291	0.003550	-0.972178	-0.936399	7	0.833817
2606	4.6869643688e-2	0.368657	0.79965942	0.64618848	0.003934	-0.969159	-0.912659	8	0.833825
2607	4.6642170574e-2	0.366885	0.79964966	0.64594148	0.003551	-0.972177	-0.936393	7	0.833833
2608	4.6339401217e-2	0.364521	0.79971564	0.64577068	0.003551	-0.972177	-0.936393	7	0.833840
2609	4.6775372689e-2	0.367969	0.79973846	0.64625230	0.003167	-0.975192	-0.960113	6	0.833848
2610	4.6264926249e-2	0.363971	0.79969247	0.64564987	0.003167	-0.975192	-0.960113	6	0.833856
2611	4.6388316459e-2	0.364960	0.79965196	0.64569224	0.003550	-0.972179	-0.936406	7	0.833864
2612	4.6648260787e-2	0.367023	0.79966687	0.64598199	0.003550	-0.972179	-0.936406	7	0.833872
2613	4.6313418965e-2	0.364406	0.79960399	0.64552140	0.003168	-0.975190	-0.960099	6	0.833879
2614	4.6328829064e-2	0.364545	0.79961472	0.64555827	0.003550	-0.972180	-0.936413	7	0.833887
2615	4.6727403387e-2	0.367699	0.79964985	0.64602711	0.003933	-0.969171	-0.912734	8	0.833895
2616	4.6581370032e-2	0.366568	0.79966639	0.64591415	0.003933	-0.969171	-0.912734	8	0.833902
2617	4.6660484952e-2	0.367208	0.79964308	0.64594665	0.003550	-0.972178	-0.936399	7	0.833910
2618	4.6605179704e-2	0.366790	0.79962236	0.64584991	0.003932	-0.969172	-0.912740	8	0.833918
2619	4.6783670520e-2	0.368213	0.79957630	0.64593627	0.003932	-0.969172	-0.912740	8	0.833926
2620	4.6775027881e-2	0.368163	0.79959645	0.64596792	0.003932	-0.969172	-0.912740	8	0.833933
2621	4.6830610847e-2	0.368618	0.79953380	0.64589821	0.003551	-0.972175	-0.936379	7	0.833941
2622	4.7250600734e-2	0.371942	0.79962209	0.64649478	0.003932	-0.969173	-0.912747	8	0.833949
2623	4.7067845549e-2	0.370522	0.79957984	0.64622752	0.004314	-0.966171	-0.889122	9	0.833956
2624	4.7165515174e-2	0.371308	0.79965428	0.64647408	0.004314	-0.966171	-0.889122	9	0.833964
2625	4.7076896380e-2	0.370629	0.79972162	0.64652013	0.004314	-0.966171	-0.889122	9	0.833972
2626	4.7166428067e-2	0.371352	0.79972471	0.64661584	0.003933	-0.969170	-0.912727	8	0.833979
2627	4.7065054534e-2	0.370571	0.79965257	0.64637020	0.004313	-0.966172	-0.889128	9	0.833987
2628	4.7186147999e-2	0.371543	0.79956327	0.64631270	0.004313	-0.966172	-0.889128	9	0.833994
2629	4.7274561170e-2	0.372257	0.79955013	0.64637482	0.004694	-0.963177	-0.865543	10	0.834002
2630	4.7323409159e-2	0.372660	0.79954745	0.64641830	0.004314	-0.966171	-0.889122	9	0.834010
2631	4.7626681146e-2	0.375066	0.79962915	0.64688499	0.004694	-0.963178	-0.865550	10	0.834017
2632	4.6985541351e-2	0.370035	0.79965788	0.64630130	0.004694	-0.963178	-0.865550	10	0.834025
2633	4.7161460839e-2	0.371438	0.79964023	0.64644192	0.004314	-0.966169	-0.889108	9	0.834032
2634	4.7405437510e-2	0.373377	0.79966968	0.64674479	0.003934	-0.969160	-0.912660	8	0.834040
2635	4.7854033873e-2	0.376929	0.79970498	0.64726399	0.003555	-0.972149	-0.936205	7	0.834047
2636	4.7679003421e-2	0.375568	0.79973812	0.64715524	0.003555	-0.972149	-0.936205	7	0.834055
2637	4.7557208324e-2	0.374627	0.79973145	0.64702011	0.003555	-0.972149	-0.936205	7	0.834063
2638	4.7477679180e-2	0.374019	0.79975173	0.64698113	0.003934	-0.969163	-0.912680	8	0.834070
2639	4.7348566587e-2	0.373019	0.79973349	0.64681555	0.003555	-0.972148	-0.936199	7	0.834078
2640	4.7600898930e-2	0.375025	0.79978260	0.64716610	0.003555	-0.972148	-0.936199	7	0.834086
2641	4.7352484191e-2	0.373086	0.79978614	0.64692476	0.003933	-0.969165	-0.912693	8	0.834093
2642	4.7604447231e-2	0.375089	0.79980661	0.64721767	0.004312	-0.966182	-0.889195	9	0.834101
2643	4.7107005482e-2	0.371188	0.79978118	0.64666936	0.004690	-0.963201	-0.865703	10	0.834108
2644	4.7302383423e-2	0.372745	0.79978415	0.64687067	0.004690	-0.963201	-0.865703	10	0.834116
2645	4.7316907872e-2	0.372877	0.79978238	0.64688168	0.004690	-0.963201	-0.865703	10	0.834123
2646	4.7235696316e-2	0.372255	0.79983523	0.64690615	0.004690	-0.963201	-0.865703	10	0.834131
2647	4.7630377010e-2	0.375384	0.79983310	0.64729658	0.004313	-0.966178	-0.889168	9	0.834138
2648	4.7471784845e-2	0.374152	0.79983090	0.64713359	0.004313	-0.966178	-0.889168	9	0.834146
2649	4.7410945817e-2	0.373690	0.79979079	0.64699253	0.004690	-0.963203	-0.865716	10	0.834154
2650	4.7175491945e-2	0.371852	0.79973220	0.64663989	0.004690	-0.963203	-0.865716	10	0.834161
2651	4.7180996145e-2	0.371913	0.79973053	0.64664207	0.005067	-0.960229	-0.842277	11	0.834168
2652	4.7431282455e-2	0.373904	0.79980626	0.64704380	0.005067	-0.960229	-0.842277	11	0.834176
2653	4.7593907407e-2	0.375204	0.79980734	0.64720859	0.005444	-0.957258	-0.818851	12	0.834183
2654	4.7425562038e-2	0.373895	0.79973717	0.64689990	0.005821	-0.954287	-0.795432	13	0.834191
2655	4.7585483119e-2	0.375173	0.79979535	0.64717618	0.005821	-0.954287	-0.795432	13	0.834198
2656	4.7291369850e-2	0.372872	0.79980739	0.64690615	0.005821	-0.954287	-0.795432	13	0.834206
2657	4.7117995891e-2	0.371523	0.79986963	0.64685726	0.005445	-0.957255	-0.818831	12	0.834213
2658	4.7013295815e-2	0.370715	0.79993033	0.64687395	0.005068	-0.960222	-0.842224	11	0.834220
2659	4.6967676753e-2	0.370373	0.79990860	0.64678487	0.004692	-0.963187	-0.865611	10	0.834228
2660	4.6882202083e-2	0.369717	0.79989721	0.64667663	0.004692	-0.963187	-0.865611	10	0.834235
2661	4.7337211897e-2	0.373323	0.79991685	0.64717090	0.005068	-0.960223	-0.842237	11	0.834243
2662	4.7458497594e-2	0.374297	0.79999726	0.64745302	0.005068	-0.960223	-0.842237	11	0.834250
2663	4.7643703744e-2	0.375776	0.79999002	0.64762375	0.004693	-0.963185	-0.865598	10	0.834257
2664	4.8085072023e-2	0.379275	0.79999907	0.64808320	0.004693	-0.963185	-0.865598	10	0.834265
2665	4.7430699875e-2	0.374131	0.79996041	0.64735152	0.004317	-0.966145	-0.888945	9	0.834272
2666	4.7359403306e-2	0.373587	0.79993451	0.64722843	0.003942	-0.969104	-0.912285	8	0.834280
2667	4.7413997173e-2	0.374035	0.79995540	0.64732479	0.003567	-0.972062	-0.935619	7	0.834287
2668	4.7589631262e-2	0.375439	0.80001652	0.64762266	0.003567	-0.972062	-0.935619	7	0.834295
2669	4.7035996724e-2	0.371089	0.80002078	0.64707755	0.003942	-0.969106	-0.912298	8	0.834302
2670	4.7528689819e-2	0.374993	0.80002572	0.64758012	0.004317	-0.966151	-0.888984	9	0.834310
2671	4.7771492502e-2	0.376927	0.80008946	0.64795042	0.003942	-0.969105	-0.912292	8	0.834317
2672	4.8464483324e-2	0.382413	0.80006229	0.64858907	0.003942	-0.969105	-0.912292	8	0.834325
2673	4.7434896131e-2	0.374307	0.79998623	0.64740735	0.003942	-0.969105	-0.912292	8	0.834332
2674	4.7486014037e-2	0.374728	0.80003343	0.64755288	0.003568	-0.972056	-0.935580	7	0.834340
2675	4.7509457654e-2	0.374931	0.80001053	0.64753051	0.003568	-0.972056	-0.935580	7	0.834347
2676	4.6726720324e-2	0.368771	0.80003332	0.64679336	0.003568	-0.972056	-0.935580	7	0.834355
2677	4.7042983575e-2	0.371284	0.80007097	0.64718492	0.003195	-0.975004	-0.958849	6	0.834362
2678	4.7024433332e-2	0.371156	0.80008731	0.64719905	0.002821	-0.977952	-0.982111	5	0.834370
2679	4.7076819063e-2	0.371587	0.80018701	0.64745084	0.002448	-0.980898	-1.005367	4	0.834377
2680	4.6402304898e-2	0.366280	0.80016728	0.64673686	0.002448	-0.980898	-1.005367	4	0.834385
2681	4.7153891955e-2	0.372230	0.80023718	0.64762825	0.002821	-0.977954	-0.982124	5	0.834393
2682	4.7684761176e-2	0.376439	0.80024987	0.64818449	0.002821	-0.977954	-0.982124	5	0.834400
2683	4.7528137488e-2	0.375220	0.80033338	0.64819489	0.002448	-0.980896	-1.005354	4	0.834408
2684	4.7380275538e-2	0.374070	0.80034093	0.64806214	0.002448	-0.980896	-1.005354	4	0.834415
2685	4.7538766152e-2	0.375339	0.80041883	0.64837643	0.002076	-0.983837	-1.028571	3	0.834423
2686	4.7421688281e-2	0.374433	0.80040651	0.64823471	0.001703	-0.986776	-1.051782	2	0.834430
2687	4.6768794599e-2	0.369295	0.80037102	0.64751083	0.001331	-0.989715	-1.074986	1	0.834438
2688	4.6913662625e-2	0.370456	0.80033244	0.64757854	0.001331	-0.989715	-1.074986	1	0.834446
2689	4.6679643134e-2	0.368626	0.80040523	0.64749011	0.000959	-0.992652	-1.098178	0	0.834453
2690	4.6379811368e-2	0.366275	0.80037298	0.64712576	0.000588	-0.995587	-1.121362	-1	0.834461
2691	4.6348758574e-2	0.366047	0.80031959	0.64698794	0.000588	-0.995587	-1.121362	-1	0.834469
2692	4.6309605606e-2	0.365755	0.80029499	0.64689959	0.000588	-0.995587	-1.121362	-1	0.834477
2693	4.6702989419e-2	0.368879	0.80034643	0.64739586	0.000216	-0.998520	-1.144528	-2	0.834484
2694	4.6739882680e-2	0.369188	0.80038669	0.64751327	-0.000155	-1.001452	-1.167687	-3	0.834492
2695	4.6628995607e-2	0.368330	0.80033716	0.64730333	-0.000155	-1.001452	-1.167687	-3	0.834500
2696	4.6501190587e-2	0.367337	0.80030150	0.64710420	-0.000155	-1.001452	-1.167687	-3	0.834508
2697	4.6572579754e-2	0.367919	0.80027513	0.64712284	-0.000526	-1.004381	-1.190827	-4	0.834515
2698	4.6678224297e-2	0.368770	0.80033975	0.64735772	-0.000896	-1.007310	-1.213961	-5	0.834523
2699	4.6987376807e-2	0.371230	0.80033169	0.64765076	-0.001267	-1.010237	-1.237088	-6	0.834531
2700	4.6895540538e-2	0.370522	0.80028920	0.64747393	-0.001267	-1.010237	-1.237088	-6	0.834539
2701	4.6722114040e-2	0.369169	0.80020613	0.64713438	-0.000897	-1.007312	-1.213973	-5	0.834547
2702	4.6988818691e-2	0.371294	0.80015082	0.64729045	-0.001267	-1.010236	-1.237081	-6	0.834555
2703	4.7357221861e-2	0.374222	0.80019132	0.64773986	-0.001637	-1.013159	-1.260183	-7	0.834563
2704	4.7164714677e-2	0.372719	0.80025591	0.64767654	-0.001637	-1.013159	-1.260183	-7	0.834570
2705	4.7176453668e-2	0.372829	0.80022964	0.64763573	-0.001267	-1.010238	-1.237094	-6	0.834578
2706	4.7008037015e-2	0.371515	0.80023802	0.64748408	-0.000897	-1.007317	-1.214012	-5	0.834586
2707	4.6919645469e-2	0.370834	0.80023318	0.64738600	-0.001267	-1.010237	-1.237088	-6	0.834594
2708	4.7089513990e-2	0.372194	0.80020831	0.64750613	-0.001267	-1.010237	-1.237088	-6	0.834602
2709	4.7352304079e-2	0.374288	0.80025217	0.64785665	-0.001267	-1.010237	-1.237088	-6	0.834610
2710	4.7331545438e-2	0.374142	0.80026502	0.64786158	-0.001636	-1.013154	-1.260145	-7	0.834618
2711	4.7518620692e-2	0.375638	0.80026170	0.64804202	-0.002005	-1.016070	-1.283195	-8	0.834625
2712	4.7794077705e-2	0.377833	0.80034331	0.64848071	-0.002005	-1.016070	-1.283195	-8	0.834633
2713	4.7979984613e-2	0.379321	0.80040846	0.64879690	-0.002373	-1.018984	-1.306233	-9	0.834641
2714	4.7590997254e-2	0.376263	0.80046201	0.64851502	-0.002742	-1.021897	-1.329265	-10	0.834649
2715	4.7255916721e-2	0.373631	0.80046340	0.64818272	-0.003110	-1.024809	-1.352290	-11	0.834657
2716	4.7043715582e-2	0.371971	0.80044031	0.64792433	-0.003110	-1.024809	-1.352290	-11	0.834665
2717	4.7332149641e-2	0.374269	0.80051230	0.64835675	-0.003478	-1.027719	-1.375303	-12	0.834673
2718	4.7593400785e-2	0.376352	0.80049497	0.64858335	-0.003478	-1.027719	-1.375303	-12	0.834681
2719	4.7618430272e-2	0.376567	0.80048011	0.64857865	-0.003846	-1.030628	-1.398302	-13	0.834689
2720	4.8441946889e-2	0.383098	0.80047746	0.64939686	-0.003846	-1.030628	-1.398302	-13	0.834697
2721	4.8233746913e-2	0.381469	0.80052671	0.64928716	-0.003478	-1.027721	-1.375315	-12	0.834705
2722	4.7506598902e-2	0.375735	0.80049749	0.64850157	-0.003111	-1.024816	-1.352334	-11	0.834713
2723	4.7129901121e-2	0.372773	0.80056104	0.64825198	-0.002744	-1.021911	-1.329360	-10	0.834721
2724	4.7125548402e-2	0.372756	0.80054213	0.64820981	-0.002744	-1.021911	-1.329360	-10	0.834729
2725	4.6923053664e-2	0.371172	0.80055378	0.64803062	-0.002744	-1.021911	-1.329360	-10	0.834737
2726	4.7296187706e-2	0.374141	0.80056084	0.64841788	-0.003111	-1.024813	-1.352315	-11	0.834745
2727	4.7346874265e-2	0.374559	0.80061225	0.64857138	-0.003111	-1.024813	-1.352315	-11	0.834753
2728	4.7634210399e-2	0.376850	0.80060820	0.64885062	-0.003111	-1.024813	-1.352315	-11	0.834761
2729	4.7330219915e-2	0.374462	0.80061871	0.64856765	-0.003477	-1.027712	-1.375252	-12	0.834769
2730	4.7072096938e-2	0.372437	0.80057940	0.64823089	-0.003843	-1.030610	-1.398183	-13	0.834777
2731	4.6794853923e-2	0.370261	0.80055766	0.64791018	-0.004210	-1.033507	-1.421107	-14	0.834785
2732	4.6975581750e-2	0.371708	0.80053734	0.64805025	-0.004210	-1.033507	-1.421107	-14	0.834793
2733	4.6563664475e-2	0.368466	0.80048537	0.64753440	-0.003844	-1.030612	-1.398195	-13	0.834801
2734	4.6681889749e-2	0.369418	0.80051584	0.64771357	-0.003478	-1.027717	-1.375290	-12	0.834809
2735	4.6527011768e-2	0.368210	0.80058630	0.64769962	-0.003112	-1.024824	-1.352391	-11	0.834817
2736	4.6609963244e-2	0.368883	0.80061103	0.64783202	-0.003112	-1.024824	-1.352391	-11	0.834825
2737	4.6587505366e-2	0.368722	0.80055377	0.64769505	-0.003478	-1.027716	-1.375277	-12	0.834833
2738	4.6323536992e-2	0.366650	0.80058514	0.64749383	-0.003478	-1.027716	-1.375277	-12	0.834841
2739	4.6423228562e-2	0.367456	0.80056718	0.64755759	-0.003843	-1.030605	-1.398152	-13	0.834849
2740	4.6251032217e-2	0.366110	0.80059821	0.64744744	-0.003843	-1.030605	-1.398152	-13	0.834856
2741	4.6012296212e-2	0.364237	0.80063831	0.64728893	-0.004208	-1.033494	-1.421013	-14	0.834864
2742	4.6361675739e-2	0.367020	0.80063247	0.64762662	-0.004572	-1.036381	-1.443869	-15	0.834872
2743	4.6128685151e-2	0.365192	0.80061310	0.64735489	-0.004208	-1.033494	-1.421020	-14	0.834880
2744	4.6335259764e-2	0.366844	0.80068269	0.64770065	-0.004208	-1.033494	-1.421020	-14	0.834888
2745	4.5985743667e-2	0.364094	0.80074987	0.64748548	-0.004208	-1.033494	-1.421020	-14	0.834896
2746	4.5766418184e-2	0.362374	0.80073771	0.64724185	-0.003843	-1.030611	-1.398189	-13	0.834904
2747	4.6460637962e-2	0.367888	0.80076166	0.64798395	-0.003479	-1.027728	-1.375364	-12	0.834912
2748	4.6460188551e-2	0.367901	0.80074675	0.64795369	-0.003479	-1.027728	-1.375364	-12	0.834920
2749	4.6046884685e-2	0.364645	0.80073686	0.64752061	-0.003843	-1.030609	-1.398177	-13	0.834928
2750	4.6405134118e-2	0.367499	0.80070687	0.64781887	-0.003843	-1.030609	-1.398177	-13	0.834936
2751	4.6125378654e-2	0.365300	0.80073634	0.64759807	-0.004207	-1.033488	-1.420976	-14	0.834944
2752	4.5988306064e-2	0.364231	0.80074755	0.64748341	-0.004207	-1.033488	-1.420976	-14	0.834952
2753	4.6403047829e-2	0.367533	0.80080453	0.64801210	-0.004570	-1.036365	-1.443764	-15	0.834960
2754	4.6264749650e-2	0.366454	0.80079086	0.64784648	-0.004570	-1.036365	-1.443764	-15	0.834968
2755	4.6372068501e-2	0.367321	0.80077631	0.64792468	-0.004933	-1.039240	-1.466539	-16	0.834976
2756	4.6255708700e-2	0.366416	0.80074387	0.64774345	-0.004933	-1.039240	-1.466539	-16	0.834984
2757	4.6467184071e-2	0.368108	0.80073517	0.64793753	-0.004570	-1.036367	-1.443776	-15	0.834992
2758	4.6615197413e-2	0.369298	0.80071730	0.64804980	-0.004933	-1.039239	-1.466532	-16	0.835000
2759	4.6619666253e-2	0.369350	0.80073559	0.64809084	-0.004570	-1.036368	-1.443782	-15	0.835008
2760	4.6643654791e-2	0.369557	0.80069201	0.64802767	-0.004570	-1.036368	-1.443782	-15	0.835016
2761	4.6849298725e-2	0.371203	0.80073110	0.64831149	-0.004208	-1.033498	-1.421044	-14	0.835024
2762	4.7110968853e-2	0.373294	0.80067974	0.64847044	-0.003846	-1.030629	-1.398312	-13	0.835032
2763	4.7149516793e-2	0.373616	0.80070170	0.64855292	-0.003846	-1.030629	-1.398312	-13	0.835040
2764	4.7086068286e-2	0.373130	0.80069288	0.64847183	-0.003846	-1.030629	-1.398312	-13	0.835048
2765	4.7056711256e-2	0.372915	0.80076386	0.64858444	-0.004208	-1.033495	-1.421026	-14	0.835055
2766	4.7036936859e-2	0.372775	0.80075383	0.64854460	-0.004569	-1.036361	-1.443733	-15	0.835063
2767	4.7581809140e-2	0.377111	0.80074032	0.64906246	-0.004931	-1.039225	-1.466434	-16	0.835071
2768	4.6919011816e-2	0.371874	0.80078633	0.64849167	-0.004931	-1.039225	-1.466434	-16	0.835079
2769	4.7264284971e-2	0.374628	0.80075908	0.64878244	-0.005292	-1.042087	-1.489123	-17	0.835087
2770	4.8144766754e-2	0.381624	0.80067881	0.64950239	-0.005653	-1.044949	-1.511805	-18	0.835095
2771	4.7615514990e-2	0.377446	0.80071915	0.64905382	-0.005292	-1.042088	-1.489129	-17	0.835103
2772	4.7618686807e-2	0.377489	0.80073374	0.64908617	-0.005292	-1.042088	-1.489129	-17	0.835111
2773	4.6777412310e-2	0.370837	0.80078253	0.64834247	-0.004931	-1.039229	-1.466465	-16	0.835119
2774	4.6791830926e-2	0.370968	0.80081644	0.64842471	-0.005292	-1.042087	-1.489123	-17	0.835127
2775	4.6985574296e-2	0.372521	0.80079576	0.64857709	-0.005292	-1.042087	-1.489123	-17	0.835135
2776	4.7028520776e-2	0.372878	0.80087353	0.64877558	-0.005292	-1.042087	-1.489123	-17	0.835143
2777	4.6507277188e-2	0.368762	0.80089184	0.64829096	-0.005652	-1.044943	-1.511763	-18	0.835151
2778	4.6982495911e-2	0.372547	0.80097376	0.64893001	-0.006012	-1.047797	-1.534397	-19	0.835159
2779	4.7148620506e-2	0.373881	0.80091794	0.64898450	-0.005652	-1.044943	-1.511769	-18	0.835167
2780	4.6659399682e-2	0.370019	0.80096172	0.64858283	-0.005652	-1.044943	-1.511769	-18	0.835175
2781	4.6578586150e-2	0.369395	0.80093984	0.64845827	-0.005652	-1.044943	-1.511769	-18	0.835183
2782	4.6195087541e-2	0.366370	0.80100449	0.64820406	-0.006012	-1.047794	-1.534378	-19	0.835191
2783	4.6693898424e-2	0.370343	0.80103527	0.64876445	-0.006012	-1.047794	-1.534378	-19	0.835199
2784	4.6386496610e-2	0.367921	0.80100289	0.64839229	-0.006012	-1.047794	-1.534378	-19	0.835207
2785	4.6769667419e-2	0.370977	0.80094052	0.64865071	-0.005652	-1.044946	-1.511787	-18	0.835215
2786	4.6953741827e-2	0.372454	0.80092186	0.64879747	-0.006011	-1.047793	-1.534372	-19	0.835223
2787	4.7615280611e-2	0.377719	0.80093688	0.64948905	-0.005653	-1.044947	-1.511793	-18	0.835231
2788	4.7437683100e-2	0.376327	0.80097288	0.64938344	-0.005653	-1.044947	-1.511793	-18	0.835239
2789	4.7216622949e-2	0.374590	0.80096534	0.64914731	-0.006011	-1.047792	-1.534360	-19	0.835247
2790	4.6959638001e-2	0.372568	0.80104298	0.64904559	-0.006011	-1.047792	-1.534360	-19	0.835255
2791	4.6979279215e-2	0.372741	0.80106878	0.64911684	-0.006369	-1.050634	-1.556915	-20	0.835263
2792	4.6830676764e-2	0.371579	0.80113300	0.64909667	-0.006369	-1.050634	-1.556915	-20	0.835271
2793	4.6748293373e-2	0.370942	0.80121034	0.64916897	-0.006369	-1.050634	-1.556915	-20	0.835279
2794	4.6978343508e-2	0.372784	0.80112210	0.64922254	-0.006727	-1.053474	-1.579452	-21	0.835287
2795	4.6519952984e-2	0.369163	0.80115496	0.64882988	-0.007085	-1.056314	-1.601983	-22	0.835295
2796	4.6554933850e-2	0.369457	0.80117299	0.64890092	-0.007085	-1.056314	-1.601983	-22	0.835303
2797	4.6226417140e-2	0.366867	0.80121986	0.64866615	-0.007443	-1.059151	-1.624501	-23	0.835311
2798	4.6081131913e-2	0.365730	0.80118256	0.64844625	-0.007085	-1.056315	-1.601989	-22	0.835319
2799	4.6119068107e-2	0.366048	0.80119855	0.64851616	-0.007085	-1.056315	-1.601989	-22	0.835327
2800	4.6538028538e-2	0.369390	0.80123010	0.64899823	-0.007085	-1.056315	-1.601989	-22	0.835335
2801	4.6535608453e-2	0.369387	0.80124493	0.64902546	-0.007442	-1.059148	-1.624483	-23	0.835343
2802	4.6576165307e-2	0.369726	0.80125545	0.64908706	-0.007799	-1.061981	-1.646972	-24	0.835351
2803	4.6779124910e-2	0.371354	0.80131225	0.64940362	-0.008156	-1.064814	-1.669455	-25	0.835360
2804	4.6229504970e-2	0.367007	0.80139970	0.64902891	-0.008156	-1.064814	-1.669455	-25	0.835368
2805	4.6231167392e-2	0.367037	0.80140170	0.64903458	-0.007799	-1.061983	-1.646984	-24	0.835376
2806	4.5848714142e-2	0.364017	0.80135725	0.64856321	-0.008156	-1.064813	-1.669449	-25	0.835384
2807	4.6229219044e-2	0.367054	0.80127468	0.64877858	-0.007800	-1.061984	-1.646990	-24	0.835392
2808	4.5930907266e-2	0.364702	0.80133914	0.64860919	-0.007800	-1.061984	-1.646990	-24	0.835400
2809	4.5554742294e-2	0.361731	0.80137071	0.64829616	-0.007800	-1.061984	-1.646990	-24	0.835408
2810	4.5756173725e-2	0.363347	0.80133949	0.64843515	-0.008155	-1.064810	-1.669431	-25	0.835416
2811	4.5916359196e-2	0.364635	0.80132949	0.64857534	-0.007800	-1.061985	-1.646996	-24	0.835424
2812	4.6230233453e-2	0.367144	0.80137224	0.64897471	-0.007800	-1.061985	-1.646996	-24	0.835432
2813	4.5843236775e-2	0.364087	0.80137915	0.64860155	-0.007444	-1.059162	-1.624573	-23	0.835440
2814	4.6120454880e-2	0.366305	0.80135400	0.64882845	-0.007089	-1.056339	-1.602156	-22	0.835449
2815	4.6293306414e-2	0.367695	0.80136873	0.64903077	-0.006734	-1.053518	-1.579745	-21	0.835457
2816	4.6119622459e-2	0.366332	0.80141766	0.64895494	-0.006734	-1.053518	-1.579745	-21	0.835464
2817	4.6120422614e-2	0.366354	0.80142174	0.64896390	-0.006734	-1.053518	-1.579745	-21	0.835472
2818	4.6088480665e-2	0.366117	0.80138525	0.64885897	-0.006379	-1.050699	-1.557352	-20	0.835480
2819	4.5543686026e-2	0.361805	0.80141939	0.64838246	-0.006733	-1.053517	-1.579739	-21	0.835488
2820	4.5810062597e-2	0.363938	0.80148623	0.64878253	-0.006733	-1.053517	-1.579739	-21	0.835496
2821	4.5973576642e-2	0.365253	0.80146807	0.64890972	-0.007088	-1.056333	-1.602115	-22	0.835504
2822	4.5666902282e-2	0.362833	0.80144986	0.64856663	-0.007442	-1.059149	-1.624484	-23	0.835512
2823	4.5647142057e-2	0.362692	0.80148113	0.64860940	-0.007088	-1.056334	-1.602121	-22	0.835520
2824	4.5586844418e-2	0.362229	0.80150177	0.64859038	-0.007088	-1.056334	-1.602121	-22	0.835528
2825	4.5915685984e-2	0.364858	0.80156443	0.64904454	-0.007088	-1.056334	-1.602121	-22	0.835536
2826	4.5986365425e-2	0.365436	0.80158681	0.64915998	-0.007088	-1.056334	-1.602121	-22	0.835544
2827	4.5691678532e-2	0.363110	0.80163329	0.64895826	-0.006734	-1.053523	-1.579781	-21	0.835552
2828	4.5357423296e-2	0.360470	0.80157642	0.64851027	-0.006734	-1.053523	-1.579781	-21	0.835560
2829	4.5744804813e-2	0.363565	0.80157887	0.64890254	-0.007088	-1.056332	-1.602109	-22	0.835568
2830	4.5715417104e-2	0.363348	0.80156073	0.64883688	-0.007441	-1.059141	-1.624431	-23	0.835576
2831	4.5714053272e-2	0.363353	0.80154846	0.64881098	-0.007088	-1.056333	-1.602115	-22	0.835584
2832	4.5850889188e-2	0.364457	0.80149605	0.64884300	-0.007088	-1.056333	-1.602115	-22	0.835592
2833	4.6027425642e-2	0.365876	0.80153659	0.64910060	-0.007441	-1.059139	-1.624419	-23	0.835600
2834	4.6133912236e-2	0.366739	0.80153215	0.64919822	-0.007794	-1.061944	-1.646717	-24	0.835608
2835	4.5950584146e-2	0.365298	0.80155848	0.64906754	-0.007794	-1.061944	-1.646717	-24	0.835616
2836	4.6497189052e-2	0.369660	0.80153868	0.64957454	-0.007794	-1.061944	-1.646717	-24	0.835624
2837	4.5885927753e-2	0.364816	0.80156992	0.64902576	-0.008146	-1.064746	-1.668998	-25	0.835632
2838	4.5574653077e-2	0.362357	0.80157233	0.64871931	-0.007794	-1.061945	-1.646723	-24	0.835640
2839	4.5836961383e-2	0.364459	0.80155324	0.64894343	-0.007442	-1.059144	-1.624454	-23	0.835647
2840	4.5946422426e-2	0.365346	0.80152966	0.64900575	-0.007442	-1.059144	-1.624454	-23	0.835655
2841	4.5980326717e-2	0.365631	0.80149989	0.64898011	-0.007090	-1.056345	-1.602197	-22	0.835663
2842	4.5950636382e-2	0.365412	0.80153857	0.64902778	-0.007090	-1.056345	-1.602197	-22	0.835671
2843	4.6167189372e-2	0.367150	0.80151427	0.64919572	-0.007441	-1.059142	-1.624442	-23	0.835679
2844	4.6482234528e-2	0.369672	0.80152441	0.64953105	-0.007441	-1.059142	-1.624442	-23	0.835687
2845	4.5750902558e-2	0.363871	0.80157755	0.64890601	-0.007090	-1.056347	-1.602209	-22	0.835695
2846	4.5793200669e-2	0.364224	0.80155604	0.64890528	-0.006739	-1.053552	-1.579981	-21	0.835703
2847	4.5607646382e-2	0.362764	0.80156844	0.64874452	-0.007090	-1.056346	-1.602203	-22	0.835711
2848	4.5579449012e-2	0.362556	0.80154328	0.64866600	-0.007090	-1.056346	-1.602203	-22	0.835719
2849	4.5901294565e-2	0.365132	0.80156894	0.64903917	-0.007441	-1.059138	-1.624413	-23	0.835726
2850	4.5307223799e-2	0.360422	0.80158158	0.64847038	-0.007441	-1.059138	-1.624413	-23	0.835734
2851	4.5644149661e-2	0.363119	0.80160440	0.64885295	-0.007792	-1.061929	-1.646612	-24	0.835742
2852	4.5788759930e-2	0.364285	0.80162350	0.64903576	-0.007792	-1.061929	-1.646612	-24	0.835750
2853	4.6271765177e-2	0.368144	0.80166701	0.64960579	-0.007792	-1.061929	-1.646612	-24	0.835758
2854	4.5835177836e-2	0.364687	0.80167488	0.64918494	-0.007441	-1.059141	-1.624431	-23	0.835766
2855	4.5363353675e-2	0.360948	0.80168206	0.64872748	-0.007091	-1.056354	-1.602255	-22	0.835774
2856	4.5223532356e-2	0.359852	0.80169782	0.64861918	-0.007091	-1.056354	-1.602255	-22	0.835782
2857	4.5124138175e-2	0.359077	0.80170323	0.64853061	-0.007441	-1.059139	-1.624419	-23	0.835790
2858	4.5437708158e-2	0.361588	0.80167241	0.64878254	-0.007091	-1.056355	-1.602261	-22	0.835798
2859	4.5614760481e-2	0.363013	0.80166638	0.64894752	-0.006741	-1.053571	-1.580109	-21	0.835805
2860	4.5724821570e-2	0.363905	0.80173093	0.64918668	-0.006741	-1.053571	-1.580109	-21	0.835813
2861	4.5641449665e-2	0.363257	0.80175913	0.64915970	-0.007091	-1.056353	-1.602249	-22	0.835821
2862	4.5334065645e-2	0.360826	0.80181552	0.64896510	-0.007091	-1.056353	-1.602249	-22	0.835829
2863	4.5261159769e-2	0.360262	0.80183777	0.64893670	-0.006741	-1.053573	-1.580120	-21	0.835837
2864	4.5429411141e-2	0.361617	0.80182002	0.64906945	-0.006741	-1.053573	-1.580120	-21	0.835844
2865	4.5326365684e-2	0.360813	0.80184027	0.64900692	-0.007091	-1.056351	-1.602238	-22	0.835852
2866	4.5341946630e-2	0.360952	0.80184884	0.64903963	-0.006742	-1.053574	-1.580126	-21	0.835860
2867	4.5624823246e-2	0.363220	0.80185497	0.64933476	-0.006393	-1.050797	-1.558020	-20	0.835868
2868	4.5431168019e-2	0.361694	0.80184485	0.64912087	-0.006393	-1.050797	-1.558020	-20	0.835876
2869	4.5695608409e-2	0.363816	0.80189487	0.64948536	-0.006044	-1.048022	-1.535926	-19	0.835883
2870	4.5885699795e-2	0.365345	0.80194759	0.64978088	-0.005696	-1.045247	-1.513837	-18	0.835891
2871	4.5648235831e-2	0.363470	0.80191714	0.64948251	-0.005696	-1.045247	-1.513837	-18	0.835899
2872	4.5405624391e-2	0.361554	0.80193160	0.64926882	-0.005696	-1.045247	-1.513837	-18	0.835906
2873	4.5456140439e-2	0.361972	0.80198016	0.64941646	-0.005696	-1.045247	-1.513837	-18	0.835914
2874	4.5565382324e-2	0.362858	0.80202471	0.64961480	-0.006044	-1.048018	-1.535903	-19	0.835922
2875	4.5628352903e-2	0.363375	0.80205690	0.64974216	-0.006044	-1.048018	-1.535903	-19	0.835929
2876	4.5690750299e-2	0.363888	0.80204733	0.64978541	-0.006044	-1.048018	-1.535903	-19	0.835937
2877	4.5809610270e-2	0.364851	0.80207486	0.64995932	-0.006391	-1.050787	-1.557951	-20	0.835945
2878	4.5887404644e-2	0.365486	0.80201608	0.64991957	-0.006044	-1.048019	-1.535908	-19	0.835953
2879	4.5871197977e-2	0.365373	0.80197550	0.64982219	-0.006391	-1.050786	-1.557945	-20	0.835960
2880	4.6168640317e-2	0.367758	0.80196054	0.65008972	-0.006391	-1.050786	-1.557945	-20	0.835968
2881	4.6126070765e-2	0.367435	0.80193771	0.65000148	-0.006044	-1.048021	-1.535920	-19	0.835976
2882	4.6180624728e-2	0.367886	0.80187445	0.64992953	-0.006391	-1.050785	-1.557940	-20	0.835983
2883	4.7037665270e-2	0.374730	0.80181131	0.65066028	-0.006391	-1.050785	-1.557940	-20	0.835991
2884	4.6941660895e-2	0.373981	0.80170588	0.65035341	-0.006391	-1.050785	-1.557940	-20	0.835999
2885	4.6935169527e-2	0.373946	0.80169889	0.65033295	-0.006044	-1.048023	-1.535937	-19	0.836006
2886	4.7267416273e-2	0.376609	0.80169192	0.65065126	-0.005698	-1.045263	-1.513940	-18	0.836014
2887	4.6441242016e-2	0.370043	0.80171905	0.64987935	-0.006044	-1.048023	-1.535931	-19	0.836022
2888	4.6808917430e-2	0.372988	0.80172508	0.65025908	-0.006044	-1.048023	-1.535931	-19	0.836029
2889	4.6279072767e-2	0.368782	0.80177963	0.64983833	-0.006044	-1.048023	-1.535931	-19	0.836037
2890	4.6358700152e-2	0.369433	0.80181642	0.64999154	-0.006044	-1.048023	-1.535931	-19	0.836045
2891	4.5928204920e-2	0.366018	0.80182117	0.64957054	-0.006044	-1.048023	-1.535931	-19	0.836052
2892	4.6281177392e-2	0.368847	0.80182893	0.64993904	-0.006044	-1.048023	-1.535931	-19	0.836060
2893	4.6285886344e-2	0.368901	0.80186534	0.65001657	-0.005699	-1.045268	-1.513974	-18	0.836068
2894	4.5963615612e-2	0.366348	0.80190459	0.64977280	-0.005353	-1.042513	-1.492023	-17	0.836075
2895	4.6003406824e-2	0.366681	0.80185915	0.64972171	-0.005699	-1.045267	-1.513969	-18	0.836083
2896	4.6380157821e-2	0.369700	0.80181422	0.65000860	-0.005699	-1.045267	-1.513969	-18	0.836090
2897	4.6733226896e-2	0.372531	0.80178950	0.65031223	-0.006044	-1.048018	-1.535903	-19	0.836098
2898	4.7042873177e-2	0.375015	0.80186640	0.65077567	-0.006044	-1.048018	-1.535903	-19	0.836106
2899	4.6454593973e-2	0.370342	0.80186038	0.65017535	-0.005699	-1.045268	-1.513980	-18	0.836113
2900	4.6305008308e-2	0.369165	0.80186396	0.65003294	-0.005699	-1.045268	-1.513980	-18	0.836121
2901	4.6347595108e-2	0.369521	0.80184165	0.65003089	-0.005354	-1.042520	-1.492068	-17	0.836128
2902	4.6203594362e-2	0.368388	0.80186824	0.64994008	-0.005010	-1.039773	-1.470162	-16	0.836136
2903	4.6297209433e-2	0.369151	0.80188920	0.65007561	-0.005354	-1.042519	-1.492063	-17	0.836143
2904	4.6357350588e-2	0.369646	0.80189657	0.65015050	-0.005354	-1.042519	-1.492063	-17	0.836151
2905	4.5666082803e-2	0.364150	0.80197311	0.64961230	-0.005698	-1.045264	-1.513952	-18	0.836158
2906	4.5575996933e-2	0.363447	0.80201861	0.64961322	-0.005354	-1.042520	-1.492068	-17	0.836166
2907	4.5524892751e-2	0.363055	0.80204487	0.64961462	-0.005354	-1.042520	-1.492068	-17	0.836174
2908	4.5476765616e-2	0.362687	0.80212114	0.64971905	-0.005354	-1.042520	-1.492068	-17	0.836181
2909	4.5796534320e-2	0.365253	0.80216770	0.65013194	-0.005698	-1.045262	-1.513935	-18	0.836189
2910	4.6075868801e-2	0.367497	0.80214237	0.65036061	-0.005354	-1.042521	-1.492074	-17	0.836196
2911	4.6095115715e-2	0.367666	0.80215447	0.65040405	-0.005011	-1.039781	-1.470219	-16	0.836204
2912	4.6375796218e-2	0.369921	0.80212181	0.65061941	-0.005011	-1.039781	-1.470219	-16	0.836211
2913	4.6128791370e-2	0.367967	0.80212198	0.65037275	-0.004667	-1.037043	-1.448375	-15	0.836219
2914	4.5967109423e-2	0.366693	0.80205921	0.65008552	-0.005011	-1.039780	-1.470213	-16	0.836226
2915	4.5606432643e-2	0.363831	0.80213002	0.64986647	-0.005354	-1.042517	-1.492046	-17	0.836234
2916	4.5702857902e-2	0.364616	0.80210076	0.64990438	-0.005354	-1.042517	-1.492046	-17	0.836241
2917	4.5514816756e-2	0.363131	0.80210767	0.64973016	-0.005696	-1.045252	-1.513867	-18	0.836249
2918	4.5243997517e-2	0.360986	0.80212749	0.64949897	-0.005354	-1.042518	-1.492051	-17	0.836256
2919	4.5157221932e-2	0.360309	0.80218078	0.64951878	-0.005696	-1.045251	-1.513862	-18	0.836264
2920	4.5209771668e-2	0.360744	0.80214233	0.64949443	-0.005696	-1.045251	-1.513862	-18	0.836271
2921	4.5216938070e-2	0.360817	0.80218920	0.64959534	-0.005354	-1.042519	-1.492063	-17	0.836279
2922	4.5403578202e-2	0.362322	0.80218759	0.64977875	-0.005696	-1.045250	-1.513856	-18	0.836286
2923	4.5354007300e-2	0.361942	0.80227386	0.64990173	-0.005354	-1.042520	-1.492068	-17	0.836294
2924	4.5304965082e-2	0.361566	0.80226902	0.64984301	-0.005354	-1.042520	-1.492068	-17	0.836301
2925	4.5514797346e-2	0.363256	0.80228765	0.65009010	-0.005354	-1.042520	-1.492068	-17	0.836309
2926	4.5196662636e-2	0.360732	0.80235608	0.64990881	-0.005012	-1.039792	-1.470297	-16	0.836316
2927	4.5249906424e-2	0.361173	0.80238584	0.65002159	-0.005354	-1.042519	-1.492063	-17	0.836323
2928	4.5132002025e-2	0.360247	0.80239222	0.64991644	-0.005354	-1.042519	-1.492063	-17	0.836331
2929	4.4942147879e-2	0.358747	0.80241380	0.64976975	-0.005013	-1.039794	-1.470308	-16	0.836338
2930	4.5058388438e-2	0.359690	0.80244650	0.64995138	-0.005354	-1.042518	-1.492057	-17	0.836346
2931	4.5209836919e-2	0.360915	0.80241663	0.65004309	-0.005013	-1.039795	-1.470314	-16	0.836353
2932	4.5300468413e-2	0.361654	0.80248745	0.65027538	-0.005013	-1.039795	-1.470314	-16	0.836361
2933	4.5342228892e-2	0.362002	0.80249069	0.65032362	-0.004672	-1.037073	-1.448581	-15	0.836368
2934	4.5505106457e-2	0.363318	0.80255199	0.65060909	-0.004672	-1.037073	-1.448581	-15	0.836375
2935	4.5386938269e-2	0.362390	0.80257714	0.65054121	-0.004331	-1.034352	-1.426860	-14	0.836383
2936	4.5087889214e-2	0.360018	0.80264205	0.65037199	-0.004331	-1.034352	-1.426860	-14	0.836390
2937	4.5671589000e-2	0.364694	0.80265341	0.65097841	-0.004672	-1.037071	-1.448570	-15	0.836398
2938	4.5603443115e-2	0.364166	0.80266477	0.65093298	-0.005012	-1.039789	-1.470275	-16	0.836405
2939	4.5652040891e-2	0.364569	0.80269091	0.65103386	-0.005352	-1.042506	-1.491974	-17	0.836412
2940	4.5526713920e-2	0.363584	0.80276219	0.65105109	-0.005352	-1.042506	-1.491974	-17	0.836420
2941	4.5447309530e-2	0.362965	0.80280303	0.65105337	-0.005012	-1.039791	-1.470286	-16	0.836427
2942	4.5356485121e-2	0.362255	0.80279222	0.65094092	-0.004672	-1.037076	-1.448603	-15	0.836435
2943	4.5041813629e-2	0.359757	0.80277859	0.65059899	-0.004672	-1.037076	-1.448603	-15	0.836442
2944	4.5218752885e-2	0.361186	0.80278529	0.65078934	-0.004672	-1.037076	-1.448603	-15	0.836449
2945	4.4709425911e-2	0.357133	0.80280943	0.65032829	-0.005012	-1.039788	-1.470269	-16	0.836457
2946	4.4756318948e-2	0.357523	0.80274735	0.65025101	-0.005351	-1.042500	-1.491930	-17	0.836464
2947	4.4960480894e-2	0.359169	0.80276955	0.65049959	-0.005012	-1.039789	-1.470275	-16	0.836471
2948	4.5346100430e-2	0.362265	0.80273469	0.65081547	-0.005012	-1.039789	-1.470275	-16	0.836479
2949	4.5235694347e-2	0.361398	0.80279228	0.65082025	-0.004673	-1.037080	-1.448631	-15	0.836486
2950	4.5069252839e-2	0.360084	0.80277745	0.65062415	-0.004673	-1.037080	-1.448631	-15	0.836493
2951	4.4875137314e-2	0.358548	0.80275926	0.65039365	-0.004334	-1.034372	-1.426998	-14	0.836501
2952	4.5077079858e-2	0.360177	0.80277463	0.65062634	-0.004334	-1.034372	-1.426998	-14	0.836508
2953	4.5014685992e-2	0.359693	0.80270961	0.65043391	-0.004673	-1.037078	-1.448620	-15	0.836515
2954	4.5114956415e-2	0.360510	0.80268295	0.65048086	-0.005011	-1.039784	-1.470236	-16	0.836523
2955	4.5046508264e-2	0.359978	0.80265593	0.65035836	-0.005350	-1.042488	-1.491847	-17	0.836530
2956	4.5061763442e-2	0.360115	0.80264018	0.65034212	-0.005350	-1.042488	-1.491847	-17	0.836537
2957	4.5164905049e-2	0.360955	0.80267062	0.65050615	-0.005688	-1.045191	-1.513447	-18	0.836545
2958	4.5069053083e-2	0.360204	0.80269710	0.65046326	-0.005350	-1.042489	-1.491853	-17	0.836552
2959	4.5334868193e-2	0.362344	0.80268296	0.65070079	-0.005012	-1.039788	-1.470264	-16	0.836560
2960	4.5275061481e-2	0.361881	0.80269060	0.65065626	-0.005012	-1.039788	-1.470264	-16	0.836567
2961	4.5664753646e-2	0.365011	0.80270511	0.65107497	-0.005012	-1.039788	-1.470264	-16	0.836574
2962	4.5696787352e-2	0.365283	0.80263650	0.65096978	-0.004674	-1.037089	-1.448691	-15	0.836582
2963	4.5261036721e-2	0.361815	0.80271537	0.65069177	-0.005012	-1.039787	-1.470258	-16	0.836589
2964	4.5490990611e-2	0.363668	0.80276899	0.65102897	-0.005012	-1.039787	-1.470258	-16	0.836596
2965	4.5474733158e-2	0.363554	0.80279991	0.65107456	-0.004674	-1.037090	-1.448702	-15	0.836603
2966	4.5397654441e-2	0.362953	0.80281315	0.65102396	-0.004337	-1.034395	-1.427151	-14	0.836611
2967	4.5584526099e-2	0.364462	0.80286767	0.65131986	-0.004674	-1.037090	-1.448697	-15	0.836618
2968	4.5451624139e-2	0.363415	0.80286638	0.65118438	-0.004674	-1.037090	-1.448697	-15	0.836625
2969	4.5604645959e-2	0.364654	0.80284612	0.65129688	-0.005011	-1.039783	-1.470231	-16	0.836633
2970	4.5668750626e-2	0.365182	0.80285046	0.65136966	-0.005011	-1.039783	-1.470231	-16	0.836640
2971	4.5811344384e-2	0.366337	0.80282136	0.65145406	-0.005348	-1.042474	-1.491755	-17	0.836647
2972	4.6144082722e-2	0.369014	0.80281229	0.65176866	-0.005348	-1.042474	-1.491755	-17	0.836654
2973	4.5816859161e-2	0.366412	0.80279752	0.65141190	-0.005011	-1.039784	-1.470242	-16	0.836662
2974	4.5892551668e-2	0.367033	0.80280116	0.65149488	-0.004675	-1.037095	-1.448735	-15	0.836669
2975	4.6018927461e-2	0.368059	0.80284599	0.65171091	-0.004675	-1.037095	-1.448735	-15	0.836676
2976	4.6050158756e-2	0.368325	0.80282976	0.65170969	-0.004675	-1.037095	-1.448735	-15	0.836684
2977	4.6042766604e-2	0.368281	0.80283899	0.65172075	-0.004339	-1.034408	-1.427244	-14	0.836691
2978	4.5732333496e-2	0.365813	0.80282870	0.65138973	-0.004003	-1.031722	-1.405758	-13	0.836698
2979	4.5782648370e-2	0.366231	0.80281463	0.65141191	-0.004003	-1.031722	-1.405758	-13	0.836705
2980	4.5868555203e-2	0.366934	0.80279125	0.65145106	-0.004003	-1.031722	-1.405758	-13	0.836712
2981	4.6079786861e-2	0.368639	0.80281544	0.65171067	-0.003668	-1.029039	-1.384289	-12	0.836720
2982	4.6179158804e-2	0.369449	0.80282621	0.65183157	-0.003332	-1.026356	-1.362825	-11	0.836727
2983	4.6136517117e-2	0.369124	0.80277452	0.65168555	-0.002997	-1.023674	-1.341366	-10	0.836734
2984	4.6121682211e-2	0.369021	0.80278684	0.65169536	-0.002997	-1.023674	-1.341366	-10	0.836741
2985	4.6174510352e-2	0.369459	0.80272503	0.65162458	-0.003332	-1.026354	-1.362814	-11	0.836748
2986	4.6295038163e-2	0.370439	0.80267078	0.65163659	-0.002997	-1.023674	-1.341371	-10	0.836755
2987	4.6294725067e-2	0.370452	0.80266810	0.65163092	-0.002663	-1.020995	-1.319934	-9	0.836762
2988	4.6517594645e-2	0.372251	0.80265179	0.65182118	-0.002663	-1.020995	-1.319934	-9	0.836769
2989	4.6836088322e-2	0.374815	0.80259037	0.65201683	-0.002663	-1.020995	-1.319934	-9	0.836776
2990	4.6204907737e-2	0.369779	0.80260775	0.65142040	-0.002328	-1.018319	-1.298514	-8	0.836783
2991	4.6233346153e-2	0.370022	0.80268762	0.65160859	-0.001994	-1.015643	-1.277098	-7	0.836790
2992	4.5765766874e-2	0.366295	0.80269114	0.65114804	-0.001994	-1.015643	-1.277098	-7	0.836797
2993	4.5773135751e-2	0.366370	0.80274249	0.65125812	-0.001660	-1.012969	-1.255693	-6	0.836804
2994	4.5946670793e-2	0.367774	0.80275641	0.65145948	-0.001994	-1.015642	-1.277093	-7	0.836811
2995	4.5757907344e-2	0.366278	0.80274244	0.65124279	-0.001660	-1.012970	-1.255699	-6	0.836818
2996	4.5769270622e-2	0.366385	0.80280148	0.65137224	-0.001660	-1.012970	-1.255699	-6	0.836825
2997	4.5825649370e-2	0.366851	0.80281649	0.65145864	-0.001660	-1.012970	-1.255699	-6	0.836832
2998	4.5528695888e-2	0.364489	0.80279508	0.65111885	-0.001326	-1.010299	-1.234321	-5	0.836839
2999	4.5730800694e-2	0.366122	0.80280565	0.65134211	-0.001660	-1.012969	-1.255693	-6	0.836846
3000	4.5855774555e-2	0.367138	0.80283250	0.65152078	-0.001660	-1.012969	-1.255693	-6	0.836853
3001	4.6120111776e-2	0.369270	0.80281008	0.65174027	-0.001993	-1.015637	-1.277055	-7	0.836860
3002	4.6139817064e-2	0.369443	0.80283971	0.65181924	-0.002326	-1.018304	-1.298412	-8	0.836867
3003	4.6284848917e-2	0.370620	0.80278086	0.65184657	-0.001993	-1.015638	-1.277061	-7	0.836874
3004	4.5740223199e-2	0.366274	0.80277403	0.65128829	-0.001993	-1.015638	-1.277061	-7	0.836881
3005	4.5334083418e-2	0.363037	0.80280541	0.65094491	-0.001660	-1.012973	-1.255720	-6	0.836888
3006	4.5442510815e-2	0.363920	0.80283911	0.65112073	-0.001660	-1.012973	-1.255720	-6	0.836895
3007	4.5574102193e-2	0.364989	0.80281849	0.65121108	-0.001328	-1.010309	-1.234390	-5	0.836902
3008	4.5794531488e-2	0.366770	0.80279419	0.65138292	-0.001328	-1.010309	-1.234390	-5	0.836908
3009	4.5926608914e-2	0.367843	0.80282552	0.65157764	-0.001660	-1.012971	-1.255709	-6	0.836915
3010	4.6192293582e-2	0.369986	0.80280136	0.65179502	-0.001328	-1.010310	-1.234395	-5	0.836922
3011	4.6563687180e-2	0.372976	0.80281931	0.65220232	-0.001660	-1.012970	-1.255704	-6	0.836929
3012	4.6463956661e-2	0.372193	0.80279909	0.65206213	-0.001660	-1.012970	-1.255704	-6	0.836936
3013	4.6690394098e-2	0.374022	0.80276658	0.65222355	-0.001328	-1.010312	-1.234406	-5	0.836943
3014	4.7103987858e-2	0.377351	0.80272914	0.65256226	-0.001660	-1.012970	-1.255699	-6	0.836950
3015	4.7242257864e-2	0.378475	0.80274843	0.65273912	-0.001660	-1.012970	-1.255699	-6	0.836957
3016	4.7588306441e-2	0.381263	0.80276146	0.65311122	-0.001660	-1.012970	-1.255699	-6	0.836964
3017	4.7962385340e-2	0.384276	0.80274060	0.65344359	-0.001328	-1.010314	-1.234422	-5	0.836970
3018	4.7903953791e-2	0.383823	0.80278854	0.65348104	-0.001660	-1.012969	-1.255693	-6	0.836977
3019	4.7770489648e-2	0.382770	0.80276769	0.65330588	-0.001991	-1.015623	-1.276960	-7	0.836984
3020	4.7478978355e-2	0.380450	0.80277748	0.65303393	-0.001991	-1.015623	-1.276960	-7	0.836991
3021	4.7444961247e-2	0.380193	0.80282957	0.65310410	-0.002322	-1.018275	-1.298216	-8	0.836998
3022	4.7720169366e-2	0.382414	0.80287405	0.65346828	-0.001991	-1.015624	-1.276965	-7	0.837005
3023	4.7945873747e-2	0.384238	0.80286486	0.65367560	-0.002322	-1.018275	-1.298210	-8	0.837012
3024	4.7428907231e-2	0.380111	0.80288274	0.65319439	-0.002322	-1.018275	-1.298210	-8	0.837019
3025	4.7206462658e-2	0.378344	0.80291908	0.65304463	-0.002322	-1.018275	-1.298210	-8	0.837026
3026	4.7154821944e-2	0.377946	0.80291803	0.65299088	-0.002652	-1.020923	-1.319440	-9	0.837033
3027	4.6884269602e-2	0.375793	0.80293851	0.65276128	-0.002322	-1.018275	-1.298215	-8	0.837039
3028	4.7228400163e-2	0.378567	0.80297619	0.65318078	-0.002322	-1.018275	-1.298215	-8	0.837046
3029	4.7000778308e-2	0.376758	0.80298763	0.65297604	-0.001992	-1.015629	-1.277002	-7	0.837053
3030	4.6969773159e-2	0.376525	0.80299519	0.65296016	-0.001662	-1.012983	-1.255794	-6	0.837060
3031	4.6676799423e-2	0.374191	0.80299793	0.65267267	-0.001332	-1.010339	-1.234590	-5	0.837067
3032	4.6802292046e-2	0.375213	0.80299956	0.65280142	-0.001332	-1.010339	-1.234590	-5	0.837074
3033	4.6035902572e-2	0.369084	0.80306216	0.65216021	-0.001332	-1.010339	-1.234590	-5	0.837081
3034	4.5476743203e-2	0.364616	0.80307647	0.65162968	-0.001661	-1.012981	-1.255778	-6	0.837087
3035	4.5186399231e-2	0.362303	0.80309617	0.65137874	-0.001332	-1.010339	-1.234596	-5	0.837094
3036	4.5400661305e-2	0.364036	0.80313906	0.65167877	-0.001332	-1.010339	-1.234596	-5	0.837101
3037	4.5113664133e-2	0.361750	0.80322207	0.65155780	-0.001661	-1.012980	-1.255767	-6	0.837108
3038	4.4974682306e-2	0.360650	0.80325186	0.65147840	-0.001661	-1.012980	-1.255767	-6	0.837115
3039	4.4753164771e-2	0.358888	0.80325036	0.65125388	-0.001332	-1.010341	-1.234606	-5	0.837122
3040	4.5065344264e-2	0.361407	0.80331718	0.65169971	-0.001332	-1.010341	-1.234606	-5	0.837128
3041	4.5040574447e-2	0.361223	0.80335758	0.65175574	-0.001661	-1.012978	-1.255757	-6	0.837135
3042	4.5160260305e-2	0.362198	0.80334619	0.65185265	-0.001661	-1.012978	-1.255757	-6	0.837142
3043	4.5097415767e-2	0.361708	0.80336049	0.65181839	-0.001332	-1.010342	-1.234617	-5	0.837149
3044	4.5136243227e-2	0.362035	0.80338634	0.65190892	-0.001332	-1.010342	-1.234617	-5	0.837155
3045	4.4909297356e-2	0.360229	0.80338412	0.65167753	-0.001004	-1.007708	-1.213487	-4	0.837162
3046	4.4752598697e-2	0.358987	0.80340811	0.65156882	-0.000676	-1.005075	-1.192362	-3	0.837169
3047	4.4780308757e-2	0.359224	0.80336033	0.65150098	-0.000347	-1.002442	-1.171242	-2	0.837176
3048	4.4788005303e-2	0.359300	0.80338277	0.65155355	-0.000347	-1.002442	-1.171242	-2	0.837182
3049	4.4690840636e-2	0.358535	0.80340147	0.65149379	-0.000675	-1.005073	-1.192352	-3	0.837189
3050	4.4812027861e-2	0.359522	0.80346004	0.65173211	-0.000675	-1.005073	-1.192352	-3	0.837196
3051	4.5413585595e-2	0.364363	0.80350781	0.65242921	-0.000675	-1.005073	-1.192352	-3	0.837203
3052	4.5455649517e-2	0.364716	0.80345899	0.65237363	-0.000675	-1.005073	-1.192352	-3	0.837209
3053	4.5874092963e-2	0.368088	0.80343812	0.65275033	-0.000348	-1.002445	-1.171263	-2	0.837216
3054	4.5916010501e-2	0.368440	0.80350602	0.65292804	-0.000675	-1.005072	-1.192346	-3	0.837223
3055	4.5741119993e-2	0.367051	0.80351157	0.65276426	-0.001003	-1.007699	-1.213424	-4	0.837229
3056	4.5590999232e-2	0.365861	0.80352331	0.65263762	-0.001003	-1.007699	-1.213424	-4	0.837236
3057	4.5707684525e-2	0.366813	0.80358768	0.65288304	-0.000676	-1.005074	-1.192357	-3	0.837243
3058	4.5673017218e-2	0.366550	0.80363977	0.65295257	-0.001003	-1.007698	-1.213419	-4	0.837249
3059	4.5892162603e-2	0.368323	0.80365828	0.65320872	-0.001329	-1.010322	-1.234476	-5	0.837256
3060	4.6031349251e-2	0.369455	0.80362336	0.65327806	-0.001329	-1.010322	-1.234476	-5	0.837263
3061	4.6030322972e-2	0.369462	0.80365231	0.65333494	-0.001656	-1.012944	-1.255523	-6	0.837270
3062	4.5635481039e-2	0.366308	0.80368369	0.65300286	-0.001330	-1.010323	-1.234482	-5	0.837276
3063	4.5691279397e-2	0.366771	0.80365806	0.65300740	-0.001003	-1.007702	-1.213445	-4	0.837283
3064	4.5785431500e-2	0.367541	0.80366304	0.65311150	-0.001003	-1.007702	-1.213445	-4	0.837290
3065	4.5581657401e-2	0.365921	0.80366613	0.65291393	-0.000677	-1.005083	-1.192419	-3	0.837296
3066	4.5725746820e-2	0.367092	0.80366297	0.65305169	-0.000351	-1.002464	-1.171397	-2	0.837303
3067	4.5934189455e-2	0.368781	0.80368905	0.65331230	-0.000677	-1.005082	-1.192413	-3	0.837310
3068	4.6005788751e-2	0.369370	0.80370235	0.65341050	-0.000677	-1.005082	-1.192413	-3	0.837316
3069	4.5909206361e-2	0.368610	0.80368877	0.65328675	-0.000677	-1.005082	-1.192413	-3	0.837323
3070	4.6209096458e-2	0.371033	0.80376156	0.65373222	-0.001002	-1.007698	-1.213414	-4	0.837330
3071	4.6281452350e-2	0.371629	0.80378271	0.65384687	-0.000677	-1.005083	-1.192419	-3	0.837336
3072	4.6380195115e-2	0.372437	0.80380159	0.65398338	-0.000677	-1.005083	-1.192419	-3	0.837343
3073	4.6408815238e-2	0.372682	0.80383394	0.65407669	-0.000351	-1.002470	-1.171433	-2	0.837350
3074	4.6607022298e-2	0.374289	0.80387395	0.65435492	-0.000677	-1.005082	-1.192414	-3	0.837356
3075	4.6070605644e-2	0.369996	0.80389793	0.65386646	-0.000677	-1.005082	-1.192414	-3	0.837363
3076	4.5859399960e-2	0.368315	0.80395577	0.65377094	-0.000677	-1.005082	-1.192414	-3	0.837370
3077	4.5909013718e-2	0.368728	0.80393453	0.65377807	-0.000352	-1.002472	-1.171449	-2	0.837376
3078	4.5710399992e-2	0.367148	0.80393164	0.65357368	-0.000352	-1.002472	-1.171449	-2	0.837383
3079	4.5582254248e-2	0.366133	0.80392003	0.65342231	-0.000677	-1.005081	-1.192403	-3	0.837389
3080	4.5630132563e-2	0.366532	0.80394809	0.65352631	-0.000677	-1.005081	-1.192403	-3	0.837396
3081	4.5954431442e-2	0.369152	0.80399259	0.65393961	-0.001001	-1.007688	-1.213348	-4	0.837403
3082	4.5644543692e-2	0.366678	0.80404007	0.65372469	-0.001326	-1.010294	-1.234287	-5	0.837409
3083	4.5519087638e-2	0.365685	0.80403825	0.65359559	-0.001650	-1.012900	-1.255221	-6	0.837416
3084	4.5347933526e-2	0.364325	0.80408043	0.65350879	-0.001650	-1.012900	-1.255221	-6	0.837423
3085	4.5306860282e-2	0.364009	0.80406332	0.65343350	-0.001326	-1.010296	-1.234297	-5	0.837429
3086	4.5189249700e-2	0.363079	0.80405243	0.65329411	-0.001002	-1.007692	-1.213378	-4	0.837436
3087	4.4834405325e-2	0.360242	0.80403815	0.65291071	-0.001002	-1.007692	-1.213378	-4	0.837443
3088	4.4505313790e-2	0.357613	0.80405881	0.65262293	-0.001002	-1.007692	-1.213378	-4	0.837449
3089	4.4592789901e-2	0.358330	0.80406420	0.65272119	-0.001325	-1.010294	-1.234282	-5	0.837456
3090	4.4417207933e-2	0.356933	0.80409645	0.65261010	-0.001002	-1.007693	-1.213383	-4	0.837463
3091	4.4410139948e-2	0.356891	0.80408940	0.65258894	-0.000678	-1.005093	-1.192490	-3	0.837469
3092	4.4206698411e-2	0.355270	0.80407627	0.65235923	-0.000678	-1.005093	-1.192490	-3	0.837476
3093	4.4470950829e-2	0.357408	0.80412771	0.65272636	-0.000355	-1.002495	-1.171607	-2	0.837482
3094	4.4660418554e-2	0.358946	0.80412485	0.65291011	-0.000032	-0.999897	-1.150729	-1	0.837489
3095	4.4721618820e-2	0.359452	0.80416966	0.65306093	0.000291	-0.997300	-1.129855	0	0.837496
3096	4.4400757101e-2	0.356887	0.80414556	0.65269187	0.000291	-0.997300	-1.129855	0	0.837502
3097	4.4404712396e-2	0.356933	0.80416137	0.65272745	0.000614	-0.994705	-1.108993	1	0.837509
3098	4.4692484806e-2	0.359261	0.80418632	0.65306512	0.000937	-0.992110	-1.088135	2	0.837515
3099	4.4569307589e-2	0.358285	0.80424302	0.65305534	0.001260	-0.989516	-1.067282	3	0.837522
3100	4.4325611846e-2	0.356341	0.80426580	0.65285720	0.001260	-0.989516	-1.067282	3	0.837528
3101	4.4321961166e-2	0.356326	0.80429549	0.65291295	0.001582	-0.986923	-1.046439	4	0.837534
3102	4.4175282632e-2	0.355161	0.80428456	0.65274439	0.001905	-0.984332	-1.025602	5	0.837541
3103	4.4302921383e-2	0.356201	0.80427896	0.65286085	0.002227	-0.981740	-1.004769	6	0.837547
3104	4.4401845506e-2	0.357011	0.80426448	0.65293081	0.002227	-0.981740	-1.004769	6	0.837553
3105	4.4603191775e-2	0.358644	0.80431645	0.65323609	0.002227	-0.981740	-1.004769	6	0.837560
3106	4.4111050427e-2	0.354701	0.80430018	0.65271141	0.002549	-0.979152	-0.983951	7	0.837566
3107	4.4084557955e-2	0.354502	0.80430629	0.65269713	0.002871	-0.976563	-0.963139	8	0.837572
3108	4.4160934336e-2	0.355131	0.80425454	0.65267001	0.002871	-0.976563	-0.963139	8	0.837579
3109	4.4147794097e-2	0.355039	0.80431614	0.65278007	0.002549	-0.979150	-0.983941	7	0.837585
3110	4.4422682038e-2	0.357264	0.80430155	0.65302578	0.002227	-0.981736	-1.004739	6	0.837591
3111	4.4262673277e-2	0.355991	0.80440437	0.65307141	0.001906	-0.984321	-1.025531	5	0.837598
3112	4.4602252072e-2	0.358737	0.80435727	0.65331679	0.001906	-0.984321	-1.025531	5	0.837604
3113	4.5046276649e-2	0.362323	0.80440782	0.65386192	0.002227	-0.981738	-1.004749	6	0.837610
3114	4.5000202691e-2	0.361966	0.80439140	0.65378300	0.002227	-0.981738	-1.004749	6	0.837617
3115	4.4707061973e-2	0.359623	0.80439446	0.65349599	0.001906	-0.984320	-1.025521	5	0.837623
3116	4.4572805962e-2	0.358557	0.80438598	0.65334477	0.001906	-0.984320	-1.025521	5	0.837629
3117	4.4609456145e-2	0.358866	0.80445136	0.65351217	0.002227	-0.981739	-1.004759	6	0.837635
3118	4.4253607598e-2	0.356018	0.80444838	0.65315036	0.002548	-0.979159	-0.984001	7	0.837642
3119	4.4682661193e-2	0.359484	0.80446908	0.65362081	0.002227	-0.981738	-1.004754	6	0.837648
3120	4.4347331407e-2	0.356800	0.80447213	0.65329160	0.002227	-0.981738	-1.004754	6	0.837654
3121	4.4182982179e-2	0.355492	0.80450577	0.65319451	0.001907	-0.984316	-1.025496	5	0.837661
3122	4.4086704843e-2	0.354732	0.80447327	0.65303324	0.001586	-0.986894	-1.046233	4	0.837667
3123	4.4076774248e-2	0.354666	0.80441303	0.65290284	0.001586	-0.986894	-1.046233	4	0.837673
3124	4.4259585482e-2	0.356151	0.80441436	0.65308831	0.001586	-0.986894	-1.046233	4	0.837680
3125	4.4397758082e-2	0.357277	0.80446123	0.65332022	0.001586	-0.986894	-1.046233	4	0.837686
3126	4.4240576695e-2	0.356026	0.80455929	0.65335915	0.001267	-0.989468	-1.066951	3	0.837692
3127	4.4178459198e-2	0.355541	0.80454219	0.65326284	0.001586	-0.986894	-1.046238	4	0.837699
3128	4.4119456814e-2	0.355080	0.80459670	0.65331287	0.001586	-0.986894	-1.046238	4	0.837705
3129	4.4079645175e-2	0.354774	0.80462252	0.65332468	0.001267	-0.989466	-1.066941	3	0.837711
3130	4.4366406612e-2	0.357096	0.80461040	0.65358721	0.000947	-0.992038	-1.087638	2	0.837718
3131	4.4492079447e-2	0.358122	0.80462936	0.65375080	0.001267	-0.989467	-1.066946	3	0.837724
3132	4.4839298420e-2	0.360931	0.80467242	0.65418414	0.001267	-0.989467	-1.066946	3	0.837730
3133	4.4894022858e-2	0.361385	0.80471514	0.65432431	0.001586	-0.986898	-1.046263	4	0.837737
3134	4.4787916170e-2	0.360546	0.80468849	0.65416489	0.001905	-0.984329	-1.025586	5	0.837743
3135	4.4490568197e-2	0.358166	0.80471246	0.65391549	0.002224	-0.981761	-1.004913	6	0.837749
3136	4.4380505530e-2	0.357294	0.80470540	0.65379131	0.002224	-0.981761	-1.004913	6	0.837755
3137	4.4255940597e-2	0.356306	0.80476081	0.65377755	0.001905	-0.984328	-1.025576	5	0.837762
3138	4.4338088505e-2	0.356981	0.80480512	0.65394834	0.001586	-0.986894	-1.046233	4	0.837768
3139	4.4499709119e-2	0.358297	0.80479299	0.65408568	0.001905	-0.984329	-1.025581	5	0.837774
3140	4.5023362447e-2	0.362527	0.80479402	0.65461139	0.001905	-0.984329	-1.025581	5	0.837781
3141	4.4823376931e-2	0.360931	0.80472825	0.65427987	0.001905	-0.984329	-1.025581	5	0.837787
3142	4.4735576438e-2	0.360238	0.80474061	0.65421680	0.002223	-0.981766	-1.004943	6	0.837793
3143	4.4657514450e-2	0.359624	0.80478288	0.65422328	0.002541	-0.979203	-0.984310	7	0.837799
3144	4.4590264048e-2	0.359097	0.80477900	0.65414825	0.002541	-0.979203	-0.984310	7	0.837806
3145	4.4434047300e-2	0.357853	0.80482985	0.65409374	0.002223	-0.981764	-1.004933	6	0.837812
3146	4.4652394100e-2	0.359625	0.80480990	0.65427218	0.002223	-0.981764	-1.004933	6	0.837818
3147	4.4873835743e-2	0.361423	0.80475603	0.65438590	0.002541	-0.979205	-0.984319	7	0.837824
3148	4.4553509198e-2	0.358857	0.80475451	0.65406252	0.002541	-0.979205	-0.984319	7	0.837830
3149	4.4559261437e-2	0.358918	0.80474014	0.65403955	0.002859	-0.976647	-0.963716	8	0.837837
3150	4.4303649929e-2	0.356873	0.80475954	0.65382273	0.002859	-0.976647	-0.963716	8	0.837843
3151	4.4417148629e-2	0.357801	0.80474722	0.65391159	0.003176	-0.974090	-0.943122	9	0.837849
3152	4.5008235752e-2	0.362577	0.80481345	0.65463513	0.003176	-0.974090	-0.943122	9	0.837855
3153	4.4762837062e-2	0.360614	0.80484874	0.65446032	0.003493	-0.971535	-0.922538	10	0.837861
3154	4.5148363123e-2	0.363734	0.80489733	0.65494303	0.003176	-0.974090	-0.943117	9	0.837867
3155	4.5164443673e-2	0.363878	0.80487959	0.65492363	0.003493	-0.971536	-0.922543	10	0.837873
3156	4.5052320576e-2	0.362989	0.80485611	0.65476454	0.003493	-0.971536	-0.922543	10	0.837879
3157	4.5149757715e-2	0.363789	0.80489038	0.65493052	0.003176	-0.974088	-0.943107	9	0.837886
3158	4.4989805626e-2	0.362514	0.80481866	0.65462712	0.003493	-0.971537	-0.922548	10	0.837892
3159	4.5117731316e-2	0.363559	0.80487634	0.65487042	0.003493	-0.971537	-0.922548	10	0.837898
3160	4.4866573275e-2	0.361550	0.80488297	0.65463251	0.003493	-0.971537	-0.922548	10	0.837904
3161	4.5237168344e-2	0.364550	0.80489296	0.65502310	0.003809	-0.968987	-0.902003	11	0.837910
3162	4.5492243826e-2	0.366620	0.80496339	0.65541903	0.004126	-0.966439	-0.881464	12	0.837916
3163	4.5079335935e-2	0.363307	0.80495337	0.65498607	0.003810	-0.968987	-0.901999	11	0.837922
3164	4.5057344409e-2	0.363144	0.80493103	0.65491941	0.003810	-0.968987	-0.901999	11	0.837928
3165	4.4953458631e-2	0.362321	0.80497907	0.65491160	0.003494	-0.971533	-0.922524	10	0.837934
3166	4.4771103915e-2	0.360865	0.80493242	0.65463594	0.003809	-0.968987	-0.902003	11	0.837940
3167	4.4534318952e-2	0.358971	0.80493486	0.65440404	0.003494	-0.971533	-0.922519	10	0.837946
3168	4.4442343998e-2	0.358243	0.80492209	0.65428652	0.003494	-0.971533	-0.922519	10	0.837952
3169	4.4321060187e-2	0.357280	0.80494306	0.65420717	0.003178	-0.974076	-0.943025	9	0.837958
3170	4.4242258619e-2	0.356658	0.80489807	0.65403839	0.002863	-0.976619	-0.963525	8	0.837965
3171	4.4259093805e-2	0.356808	0.80490085	0.65406079	0.002547	-0.979162	-0.984021	7	0.837971
3172	4.4900043872e-2	0.361989	0.80493793	0.65477590	0.002547	-0.979162	-0.984021	7	0.837977
3173	4.4994737126e-2	0.362767	0.80498532	0.65496537	0.002862	-0.976621	-0.963535	8	0.837983
3174	4.5047380762e-2	0.363206	0.80502465	0.65509667	0.002862	-0.976621	-0.963535	8	0.837989
3175	4.4921869229e-2	0.362208	0.80511372	0.65514932	0.002862	-0.976621	-0.963535	8	0.837995
3176	4.4747102272e-2	0.360813	0.80511601	0.65497912	0.002862	-0.976621	-0.963535	8	0.838001
3177	4.4907503246e-2	0.362120	0.80509872	0.65510495	0.002862	-0.976621	-0.963535	8	0.838007
3178	4.5076130466e-2	0.363494	0.80511506	0.65530625	0.002548	-0.979158	-0.983997	7	0.838013
3179	4.4664586025e-2	0.360190	0.80516324	0.65499106	0.002548	-0.979158	-0.983997	7	0.838020
3180	4.4827812129e-2	0.361520	0.80519076	0.65520933	0.002548	-0.979158	-0.983997	7	0.838026
3181	4.4601701370e-2	0.359711	0.80515629	0.65491427	0.002233	-0.981694	-1.004445	6	0.838032
3182	4.4534500489e-2	0.359183	0.80517311	0.65488073	0.001919	-0.984228	-1.024887	5	0.838038
3183	4.5089018180e-2	0.363669	0.80515712	0.65540326	0.002233	-0.981694	-1.004449	6	0.838044
3184	4.5758905068e-2	0.369086	0.80513556	0.65603002	0.002233	-0.981694	-1.004449	6	0.838050
3185	4.4999534721e-2	0.362976	0.80515522	0.65530997	0.002233	-0.981694	-1.004449	6	0.838056
3186	4.4878983642e-2	0.362017	0.80517931	0.65523761	0.002233	-0.981694	-1.004449	6	0.838063
3187	4.4697362407e-2	0.360566	0.80520926	0.65511589	0.001920	-0.984225	-1.024868	5	0.838069
3188	4.4703019414e-2	0.360626	0.80527413	0.65525129	0.001920	-0.984225	-1.024868	5	0.838075
3189	4.4891343534e-2	0.362159	0.80533367	0.65555869	0.002233	-0.981696	-1.004459	6	0.838081
3190	4.4653773192e-2	0.360257	0.80537401	0.65540178	0.002547	-0.979167	-0.984055	7	0.838087
3191	4.4609052764e-2	0.359910	0.80535747	0.65532400	0.002233	-0.981695	-1.004454	6	0.838093
3192	4.5155535360e-2	0.364333	0.80539920	0.65595393	0.002233	-0.981695	-1.004454	6	0.838099
3193	4.4872849727e-2	0.362066	0.80533557	0.65554398	0.002546	-0.979168	-0.984065	7	0.838105
3194	4.4827102816e-2	0.361711	0.80535670	0.65554050	0.002860	-0.976642	-0.963680	8	0.838111
3195	4.4812124766e-2	0.361604	0.80536024	0.65553260	0.002860	-0.976642	-0.963680	8	0.838118
3196	4.4781479300e-2	0.361371	0.80539900	0.65557948	0.002860	-0.976642	-0.963680	8	0.838124
3197	4.5014446258e-2	0.363265	0.80540491	0.65582426	0.003172	-0.974117	-0.943309	9	0.838130
3198	4.4443862998e-2	0.358674	0.80535190	0.65514766	0.003485	-0.971594	-0.922944	10	0.838136
3199	4.4687822273e-2	0.360657	0.80536302	0.65541386	0.003798	-0.969071	-0.902583	11	0.838142
3200	4.5048707044e-2	0.363584	0.80535744	0.65576359	0.003798	-0.969071	-0.902583	11	0.838148
3201	4.4997135400e-2	0.363182	0.80532188	0.65564089	0.003485	-0.971593	-0.922934	10	0.838154
3202	4.4849563926e-2	0.362005	0.80529316	0.65543589	0.003798	-0.969072	-0.902587	11	0.838160
3203	4.4688446014e-2	0.360718	0.80526582	0.65522008	0.003485	-0.971592	-0.922929	10	0.838166
3204	4.4661518412e-2	0.360515	0.80528012	0.65522177	0.003485	-0.971592	-0.922929	10	0.838172
3205	4.4738941304e-2	0.361154	0.80527012	0.65527919	0.003797	-0.969073	-0.902597	11	0.838178
3206	4.4579200853e-2	0.359878	0.80527525	0.65512970	0.003485	-0.971591	-0.922924	10	0.838183
3207	4.4170251822e-2	0.356590	0.80529870	0.65476766	0.003797	-0.969074	-0.902602	11	0.838189
3208	4.4310133046e-2	0.357734	0.80535310	0.65501633	0.003797	-0.969074	-0.902602	11	0.838195
3209	4.4328866841e-2	0.357899	0.80531574	0.65496034	0.003486	-0.971590	-0.922915	10	0.838201
3210	4.4424489535e-2	0.358684	0.80525271	0.65492990	0.003797	-0.969075	-0.902606	11	0.838207
3211	4.4535182324e-2	0.359592	0.80528939	0.65511396	0.003797	-0.969075	-0.902606	11	0.838213
3212	4.4570844972e-2	0.359894	0.80527164	0.65511412	0.003797	-0.969075	-0.902606	11	0.838219
3213	4.4672685301e-2	0.360730	0.80531413	0.65530094	0.003797	-0.969075	-0.902606	11	0.838225
3214	4.4600662719e-2	0.360162	0.80532548	0.65525162	0.004108	-0.966562	-0.882317	12	0.838231
3215	4.4911825161e-2	0.362689	0.80532347	0.65555878	0.004419	-0.964050	-0.862033	13	0.838237
3216	4.4750020660e-2	0.361396	0.80534272	0.65543546	0.004419	-0.964050	-0.862033	13	0.838243
3217	4.4486175572e-2	0.359279	0.80536387	0.65521392	0.004108	-0.966561	-0.882308	12	0.838249
3218	4.4495623525e-2	0.359370	0.80534843	0.65519248	0.004419	-0.964051	-0.862037	13	0.838255
3219	4.4930272948e-2	0.362894	0.80535301	0.65563629	0.004109	-0.966560	-0.882303	12	0.838261
3220	4.4881617088e-2	0.362515	0.80534035	0.65556232	0.004109	-0.966560	-0.882303	12	0.838267
3221	4.4894463422e-2	0.362633	0.80529184	0.65547815	0.003798	-0.969068	-0.902559	11	0.838272
3222	4.4898054566e-2	0.362676	0.80528211	0.65546227	0.003798	-0.969068	-0.902559	11	0.838278
3223	4.5069863678e-2	0.364077	0.80526972	0.65560930	0.004108	-0.966561	-0.882312	12	0.838284
3224	4.5026407327e-2	0.363740	0.80528705	0.65560051	0.004108	-0.966561	-0.882312	12	0.838290
3225	4.4641032286e-2	0.360641	0.80526935	0.65517974	0.004108	-0.966561	-0.882312	12	0.838296
3226	4.4686124639e-2	0.361019	0.80525642	0.65519896	0.004418	-0.964057	-0.862080	13	0.838302
3227	4.4782256593e-2	0.361810	0.80531586	0.65541399	0.004728	-0.961553	-0.841852	14	0.838308
3228	4.4888732154e-2	0.362684	0.80528705	0.65546284	0.004728	-0.961553	-0.841852	14	0.838314
3229	4.4784210018e-2	0.361853	0.80532297	0.65543015	0.004419	-0.964056	-0.862070	13	0.838319
3230	4.4841917785e-2	0.362333	0.80537484	0.65559160	0.004728	-0.961554	-0.841857	14	0.838325
3231	4.4760122780e-2	0.361686	0.80536862	0.65549735	0.004728	-0.961554	-0.841857	14	0.838331
3232	4.4790229744e-2	0.361943	0.80538248	0.65555519	0.004728	-0.961554	-0.841857	14	0.838337
3233	4.4736847230e-2	0.361526	0.80541735	0.65557155	0.005037	-0.959054	-0.821657	15	0.838343
3234	4.4529053102e-2	0.359860	0.80540681	0.65534267	0.005037	-0.959054	-0.821657	15	0.838349
3235	4.4552809023e-2	0.360066	0.80541656	0.65538593	0.005347	-0.956556	-0.801467	16	0.838354
3236	4.4489575176e-2	0.359569	0.80538812	0.65526582	0.005347	-0.956556	-0.801467	16	0.838360
3237	4.4315227463e-2	0.358173	0.80540225	0.65511973	0.005038	-0.959053	-0.821648	15	0.838366
3238	4.4296593359e-2	0.358037	0.80536709	0.65503078	0.005346	-0.956557	-0.801472	16	0.838372
3239	4.4508151420e-2	0.359760	0.80542423	0.65535662	0.005655	-0.954061	-0.781300	17	0.838378
3240	4.4312878071e-2	0.358196	0.80537548	0.65506383	0.005655	-0.954061	-0.781300	17	0.838383
3241	4.4407562335e-2	0.358975	0.80538637	0.65518031	0.005964	-0.951567	-0.761138	18	0.838389
3242	4.4265911027e-2	0.357843	0.80535164	0.65496918	0.006272	-0.949074	-0.740981	19	0.838395
3243	4.4183217822e-2	0.357188	0.80535552	0.65489426	0.005964	-0.951566	-0.761133	18	0.838400
3244	4.4061714533e-2	0.356220	0.80534366	0.65474904	0.005964	-0.951566	-0.761133	18	0.838406
3245	4.3935577343e-2	0.355213	0.80537448	0.65468453	0.005656	-0.954058	-0.781277	17	0.838412
3246	4.4024399968e-2	0.355945	0.80543136	0.65488713	0.005348	-0.956549	-0.801415	16	0.838418
3247	4.3916482006e-2	0.355086	0.80543410	0.65478469	0.005656	-0.954059	-0.781281	17	0.838423
3248	4.4303354052e-2	0.358228	0.80544757	0.65519850	0.005656	-0.954059	-0.781281	17	0.838429
3249	4.4052970028e-2	0.356217	0.80545198	0.65495693	0.005656	-0.954059	-0.781281	17	0.838435
3250	4.4140117917e-2	0.356935	0.80538358	0.65490728	0.005656	-0.954059	-0.781281	17	0.838440
3251	4.3999247724e-2	0.355810	0.80538300	0.65476525	0.005348	-0.956546	-0.801397	16	0.838446
3252	4.3958316276e-2	0.355492	0.80540946	0.65477724	0.005348	-0.956546	-0.801397	16	0.838452
3253	4.3977233314e-2	0.355659	0.80540845	0.65479412	0.005041	-0.959032	-0.821503	15	0.838458
3254	4.3770061077e-2	0.353997	0.80540396	0.65457799	0.005348	-0.956547	-0.801401	16	0.838463
3255	4.3723301372e-2	0.353632	0.80541047	0.65454425	0.005655	-0.954062	-0.781305	17	0.838469
3256	4.3656600703e-2	0.353106	0.80537526	0.65440711	0.005655	-0.954062	-0.781305	17	0.838475
3257	4.3657728622e-2	0.353128	0.80537437	0.65440648	0.005348	-0.956545	-0.801392	16	0.838481
3258	4.3714056206e-2	0.353597	0.80537856	0.65447119	0.005348	-0.956545	-0.801392	16	0.838486
3259	4.3748313325e-2	0.353888	0.80542283	0.65459398	0.005041	-0.959027	-0.821470	15	0.838492
3260	4.4047117420e-2	0.356318	0.80547329	0.65499369	0.005041	-0.959027	-0.821470	15	0.838498
3261	4.3790648167e-2	0.354257	0.80549744	0.65478553	0.005348	-0.956547	-0.801401	16	0.838503
3262	4.3937778919e-2	0.355461	0.80551284	0.65496346	0.005041	-0.959027	-0.821466	15	0.838509
3263	4.3791975809e-2	0.354295	0.80551164	0.65481526	0.005348	-0.956547	-0.801406	16	0.838515
3264	4.3528066438e-2	0.352173	0.80544907	0.65442620	0.005348	-0.956547	-0.801406	16	0.838521
3265	4.3635689181e-2	0.353057	0.80540089	0.65443748	0.005654	-0.954069	-0.781356	17	0.838526
3266	4.3880969978e-2	0.355055	0.80544688	0.65477474	0.005348	-0.956547	-0.801401	16	0.838532
3267	4.4019823522e-2	0.356192	0.80546852	0.65495687	0.005348	-0.956547	-0.801401	16	0.838538
3268	4.3893235484e-2	0.355181	0.80548431	0.65486186	0.005348	-0.956547	-0.801401	16	0.838543
3269	4.3941339731e-2	0.355584	0.80552353	0.65498840	0.005654	-0.954071	-0.781370	17	0.838549
3270	4.3793751461e-2	0.354403	0.80549101	0.65477578	0.005960	-0.951596	-0.761342	18	0.838555
3271	4.3536772825e-2	0.352337	0.80550314	0.65454305	0.005654	-0.954071	-0.781365	17	0.838560
3272	4.3655943705e-2	0.353314	0.80548868	0.65463331	0.005654	-0.954071	-0.781365	17	0.838566
3273	4.3734101592e-2	0.353960	0.80549306	0.65472023	0.005959	-0.951598	-0.761351	18	0.838572
3274	4.3826446548e-2	0.354721	0.80552088	0.65486821	0.006265	-0.949126	-0.741343	19	0.838577
3275	4.3650961321e-2	0.353314	0.80549280	0.65463657	0.006265	-0.949126	-0.741343	19	0.838583
3276	4.3742082897e-2	0.354065	0.80549531	0.65473270	0.006265	-0.949126	-0.741343	19	0.838589
3277	4.3927485123e-2	0.355579	0.80549499	0.65491747	0.006570	-0.946656	-0.721347	20	0.838594
3278	4.3824591625e-2	0.354760	0.80554189	0.65490836	0.006265	-0.949125	-0.741338	19	0.838600
3279	4.3652456713e-2	0.353379	0.80555509	0.65476263	0.006570	-0.946656	-0.721352	20	0.838605
3280	4.3528506592e-2	0.352389	0.80559176	0.65471203	0.006570	-0.946656	-0.721352	20	0.838611
3281	4.3759904357e-2	0.354276	0.80556259	0.65488509	0.006875	-0.944189	-0.701375	21	0.838617
3282	4.3932627838e-2	0.355688	0.80555581	0.65504425	0.006570	-0.946656	-0.721348	20	0.838622
3283	4.4225342356e-2	0.358071	0.80550991	0.65524516	0.006570	-0.946656	-0.721348	20	0.838628
3284	4.4215637396e-2	0.358006	0.80549311	0.65520186	0.006570	-0.946656	-0.721348	20	0.838633
3285	4.4332875382e-2	0.358969	0.80548899	0.65531086	0.006570	-0.946656	-0.721348	20	0.838639
3286	4.4342648151e-2	0.359061	0.80553266	0.65540798	0.006266	-0.949120	-0.741301	19	0.838644
3287	4.4331110111e-2	0.358981	0.80552601	0.65538313	0.006570	-0.946656	-0.721352	20	0.838650
3288	4.4153123685e-2	0.357554	0.80553658	0.65522628	0.006570	-0.946656	-0.721352	20	0.838656
3289	4.3931896031e-2	0.355775	0.80552771	0.65498731	0.006266	-0.949118	-0.741292	19	0.838661
3290	4.3971304159e-2	0.356108	0.80550456	0.65498042	0.006570	-0.946657	-0.721357	20	0.838667
3291	4.4351458829e-2	0.359200	0.80552673	0.65540491	0.006874	-0.944196	-0.701426	21	0.838672
3292	4.4111017442e-2	0.357266	0.80554181	0.65519463	0.006874	-0.944196	-0.701426	21	0.838678
3293	4.4464744830e-2	0.360145	0.80552448	0.65551370	0.007177	-0.941736	-0.681504	22	0.838683
3294	4.4539518825e-2	0.360764	0.80553516	0.65560984	0.007177	-0.941736	-0.681504	22	0.838689
3295	4.4477733135e-2	0.360277	0.80551043	0.65549860	0.007481	-0.939278	-0.661591	23	0.838694
3296	4.4100535171e-2	0.357235	0.80553218	0.65516489	0.007481	-0.939278	-0.661591	23	0.838700
3297	4.4091363062e-2	0.357174	0.80555292	0.65519721	0.007178	-0.941735	-0.681495	22	0.838705
3298	4.4229591755e-2	0.358307	0.80557485	0.65537929	0.006874	-0.944191	-0.701394	21	0.838711
3299	4.4762234190e-2	0.362636	0.80558592	0.65593407	0.006571	-0.946647	-0.721288	20	0.838716
3300	4.4512026176e-2	0.360622	0.80554448	0.65560099	0.006571	-0.946647	-0.721288	20	0.838722
3301	4.4495381117e-2	0.360501	0.80555919	0.65561377	0.006268	-0.949101	-0.741174	19	0.838728
3302	4.4267193699e-2	0.358665	0.80555897	0.65538514	0.005965	-0.951555	-0.761055	18	0.838733
3303	4.4391563411e-2	0.359686	0.80554204	0.65547563	0.005965	-0.951555	-0.761055	18	0.838739
3304	4.4310344842e-2	0.359042	0.80548992	0.65529019	0.005965	-0.951555	-0.761055	18	0.838744
3305	4.4147845289e-2	0.357738	0.80546557	0.65507898	0.006268	-0.949103	-0.741187	19	0.838750
3306	4.4061186435e-2	0.357050	0.80551743	0.65509605	0.006570	-0.946652	-0.721325	20	0.838755
3307	4.4506730929e-2	0.360673	0.80556198	0.65563070	0.006268	-0.949103	-0.741183	19	0.838761
3308	4.4579537985e-2	0.361277	0.80556945	0.65571843	0.006268	-0.949103	-0.741183	19	0.838766
3309	4.4315571364e-2	0.359151	0.80553120	0.65537798	0.006570	-0.946654	-0.721334	20	0.838772
3310	4.4278428761e-2	0.358864	0.80550576	0.65528994	0.006268	-0.949102	-0.741178	19	0.838778
3311	4.3972736381e-2	0.356399	0.80555792	0.65508858	0.005966	-0.951550	-0.761019	18	0.838783
3312	4.4029321194e-2	0.356871	0.80552815	0.65508563	0.005966	-0.951550	-0.761019	18	0.838789
3313	4.4211398909e-2	0.358360	0.80551815	0.65524770	0.005664	-0.953997	-0.780850	17	0.838794
3314	4.4105937361e-2	0.357519	0.80555607	0.65521808	0.005966	-0.951551	-0.761023	18	0.838800
3315	4.4112742275e-2	0.357587	0.80556025	0.65523323	0.006268	-0.949105	-0.741201	19	0.838805
3316	4.4311721645e-2	0.359214	0.80559470	0.65550112	0.006268	-0.949105	-0.741201	19	0.838811
3317	4.4240068264e-2	0.358646	0.80561113	0.65546233	0.006569	-0.946661	-0.721388	20	0.838816
3318	4.4152049086e-2	0.357946	0.80555436	0.65526077	0.006871	-0.944218	-0.701579	21	0.838822
3319	4.4077511077e-2	0.357355	0.80561373	0.65530498	0.006569	-0.946661	-0.721383	20	0.838827
3320	4.4075314794e-2	0.357350	0.80556612	0.65520755	0.006569	-0.946661	-0.721383	20	0.838833
3321	4.3916566588e-2	0.356076	0.80560716	0.65513089	0.006569	-0.946661	-0.721383	20	0.838838
3322	4.3934546349e-2	0.356235	0.80558364	0.65510182	0.006268	-0.949101	-0.741174	19	0.838844
3323	4.3995644694e-2	0.356744	0.80564538	0.65528641	0.005967	-0.951542	-0.760960	18	0.838849
3324	4.4425149046e-2	0.360240	0.80566281	0.65575076	0.005967	-0.951542	-0.760960	18	0.838855
3325	4.4381157030e-2	0.359897	0.80565774	0.65569664	0.005967	-0.951542	-0.760960	18	0.838860
3326	4.4677707418e-2	0.362315	0.80565221	0.65598212	0.006268	-0.949103	-0.741187	19	0.838866
3327	4.4844744839e-2	0.363683	0.80562855	0.65610185	0.006569	-0.946666	-0.721419	20	0.838871
3328	4.5172058044e-2	0.366351	0.80569433	0.65656072	0.006569	-0.946666	-0.721419	20	0.838877
3329	4.4923989931e-2	0.364353	0.80569750	0.65631898	0.006268	-0.949102	-0.741179	19	0.838882
3330	4.5038836825e-2	0.365298	0.80568712	0.65641308	0.006268	-0.949102	-0.741179	19	0.838888
3331	4.4639529969e-2	0.362072	0.80567594	0.65599141	0.005968	-0.951537	-0.760929	18	0.838893
3332	4.4955828549e-2	0.364651	0.80574133	0.65643849	0.005968	-0.951537	-0.760929	18	0.838899
3333	4.5526598895e-2	0.369295	0.80572451	0.65697563	0.005668	-0.953971	-0.780671	17	0.838904
3334	4.5202437273e-2	0.366679	0.80577610	0.65675464	0.005968	-0.951538	-0.760933	18	0.838910
3335	4.5762233898e-2	0.371234	0.80577511	0.65731246	0.005668	-0.953970	-0.780666	17	0.838916
3336	4.5020567885e-2	0.365231	0.80569830	0.65641716	0.005668	-0.953970	-0.780666	17	0.838921
3337	4.4808624900e-2	0.363525	0.80568309	0.65617480	0.005968	-0.951539	-0.760942	18	0.838927
3338	4.4556250644e-2	0.361491	0.80563856	0.65583337	0.006267	-0.949109	-0.741223	19	0.838932
3339	4.4560800326e-2	0.361541	0.80565528	0.65587137	0.006267	-0.949109	-0.741223	19	0.838938
3340	4.4539106422e-2	0.361378	0.80558503	0.65570916	0.006267	-0.949109	-0.741223	19	0.838943
3341	4.4947475546e-2	0.364705	0.80558259	0.65611265	0.006567	-0.946680	-0.721517	20	0.838949
3342	4.4960592913e-2	0.364825	0.80556491	0.65609041	0.006267	-0.949108	-0.741219	19	0.838954
3343	4.5370797647e-2	0.368167	0.80560101	0.65657282	0.005968	-0.951535	-0.760916	18	0.838959
3344	4.5172478096e-2	0.366571	0.80563699	0.65644646	0.005968	-0.951535	-0.760916	18	0.838965
3345	4.5146781847e-2	0.366376	0.80565280	0.65645237	0.005669	-0.953961	-0.780604	17	0.838970
3346	4.4896581154e-2	0.364359	0.80565054	0.65619767	0.005370	-0.956387	-0.800288	16	0.838976
3347	4.4497462485e-2	0.361133	0.80569875	0.65589497	0.005072	-0.958812	-0.819967	15	0.838982
3348	4.4725570766e-2	0.362998	0.80569931	0.65612420	0.005072	-0.958812	-0.819967	15	0.838987
3349	4.4520691603e-2	0.361349	0.80568745	0.65589560	0.005370	-0.956388	-0.800296	16	0.838993
3350	4.4475398754e-2	0.360994	0.80569627	0.65586793	0.005370	-0.956388	-0.800296	16	0.838998
3351	4.4700726883e-2	0.362836	0.80569262	0.65608596	0.005669	-0.953966	-0.780635	17	0.839004
3352	4.4744352218e-2	0.363204	0.80564457	0.65603350	0.005669	-0.953966	-0.780635	17	0.839009
3353	4.4375733356e-2	0.360225	0.80567041	0.65571656	0.005967	-0.951545	-0.760982	18	0.839015
3354	4.4586105337e-2	0.361946	0.80566795	0.65592200	0.006265	-0.949124	-0.741334	19	0.839020
3355	4.4644517579e-2	0.362433	0.80568066	0.65600585	0.005967	-0.951544	-0.760978	18	0.839026
3356	4.4729842378e-2	0.363139	0.80569284	0.65611553	0.005967	-0.951544	-0.760978	18	0.839031
3357	4.4985980644e-2	0.365232	0.80569099	0.65636796	0.005967	-0.951544	-0.760978	18	0.839037
3358	4.4918144919e-2	0.364695	0.80567853	0.65627521	0.005669	-0.953962	-0.780608	17	0.839042
3359	4.4958888911e-2	0.365039	0.80573344	0.65642576	0.005371	-0.956379	-0.800235	16	0.839047
3360	4.5003803143e-2	0.365417	0.80569048	0.65638475	0.005371	-0.956379	-0.800235	16	0.839053
3361	4.5229863614e-2	0.367266	0.80565724	0.65654434	0.005074	-0.958795	-0.819852	15	0.839059
3362	4.5361864296e-2	0.368352	0.80562439	0.65661065	0.005074	-0.958795	-0.819852	15	0.839064
3363	4.5449681344e-2	0.369078	0.80566801	0.65678571	0.004777	-0.961210	-0.839461	14	0.839070
3364	4.4973471390e-2	0.365224	0.80570418	0.65638182	0.004777	-0.961210	-0.839461	14	0.839075
3365	4.5227684841e-2	0.367302	0.80571448	0.65665665	0.005074	-0.958796	-0.819861	15	0.839081
3366	4.5455967453e-2	0.369170	0.80563923	0.65673443	0.005074	-0.958796	-0.819861	15	0.839086
3367	4.4911374157e-2	0.364760	0.80571096	0.65633329	0.004777	-0.961209	-0.839452	14	0.839092
3368	4.4727587526e-2	0.363281	0.80570109	0.65612977	0.004777	-0.961209	-0.839452	14	0.839097
3369	4.4983057974e-2	0.365369	0.80565722	0.65629750	0.005074	-0.958798	-0.819870	15	0.839103
3370	4.5242514523e-2	0.367490	0.80562975	0.65650201	0.004777	-0.961208	-0.839448	14	0.839108
3371	4.4783844884e-2	0.363778	0.80567637	0.65613658	0.004480	-0.963618	-0.859021	13	0.839114
3372	4.4980695339e-2	0.365390	0.80571761	0.65641591	0.004480	-0.963618	-0.859021	13	0.839119
3373	4.5155351529e-2	0.366822	0.80573353	0.65662241	0.004184	-0.966026	-0.878586	12	0.839125
3374	4.5416515100e-2	0.368957	0.80574430	0.65690512	0.003887	-0.968434	-0.898146	11	0.839130
3375	4.4991780306e-2	0.365520	0.80573396	0.65645969	0.003887	-0.968434	-0.898146	11	0.839136
3376	4.4771285608e-2	0.363742	0.80570286	0.65617700	0.003887	-0.968434	-0.898146	11	0.839142
3377	4.4968874208e-2	0.365361	0.80568905	0.65634697	0.004183	-0.966028	-0.878599	12	0.839147
3378	4.5119334723e-2	0.366596	0.80572752	0.65657438	0.003887	-0.968433	-0.898142	11	0.839153
3379	4.5242937955e-2	0.367614	0.80573343	0.65670981	0.004183	-0.966028	-0.878603	12	0.839158
3380	4.4524751964e-2	0.361792	0.80575527	0.65603529	0.004183	-0.966028	-0.878603	12	0.839164
3381	4.4634354241e-2	0.362695	0.80574081	0.65611597	0.004183	-0.966028	-0.878603	12	0.839169
3382	4.4695285080e-2	0.363204	0.80577322	0.65624172	0.003888	-0.968431	-0.898129	11	0.839175
3383	4.4742164666e-2	0.363598	0.80569853	0.65613923	0.004183	-0.966029	-0.878608	12	0.839181
3384	4.4356167551e-2	0.360474	0.80567422	0.65570460	0.004183	-0.966029	-0.878608	12	0.839186
3385	4.4489633838e-2	0.361572	0.80566116	0.65581195	0.004479	-0.963628	-0.859095	13	0.839192
3386	4.4143193060e-2	0.358770	0.80565035	0.65544388	0.004774	-0.961228	-0.839587	14	0.839197
3387	4.3893779961e-2	0.356755	0.80564641	0.65518659	0.005069	-0.958828	-0.820083	15	0.839203
3388	4.4123559490e-2	0.358636	0.80566979	0.65546314	0.005069	-0.958828	-0.820083	15	0.839208
3389	4.4451049357e-2	0.361311	0.80564633	0.65574371	0.004774	-0.961227	-0.839578	14	0.839214
3390	4.4033103360e-2	0.357927	0.80569871	0.65543052	0.005069	-0.958829	-0.820088	15	0.839219
3391	4.4169754661e-2	0.359051	0.80572420	0.65561814	0.004774	-0.961226	-0.839574	14	0.839225
3392	4.4102485681e-2	0.358517	0.80577606	0.65565461	0.004774	-0.961226	-0.839574	14	0.839230
3393	4.4553841794e-2	0.362199	0.80580331	0.65616046	0.004774	-0.961226	-0.839574	14	0.839235
3394	4.4170018575e-2	0.359092	0.80583716	0.65584433	0.005069	-0.958831	-0.820101	15	0.839241
3395	4.3708792061e-2	0.355355	0.80586032	0.65542943	0.004774	-0.961225	-0.839570	14	0.839246
3396	4.3722116519e-2	0.355476	0.80593368	0.65558948	0.004774	-0.961225	-0.839570	14	0.839252
3397	4.3489629266e-2	0.353599	0.80600294	0.65549552	0.005069	-0.958832	-0.820109	15	0.839257
3398	4.3525162192e-2	0.353901	0.80597421	0.65547359	0.005363	-0.956439	-0.800653	16	0.839263
3399	4.3364492630e-2	0.352607	0.80598581	0.65533612	0.005069	-0.958831	-0.820105	15	0.839268
3400	4.3453572631e-2	0.353344	0.80599991	0.65545339	0.005069	-0.958831	-0.820105	15	0.839274
3401	4.3742892446e-2	0.355710	0.80604346	0.65582982	0.005363	-0.956440	-0.800662	16	0.839279
3402	4.3771739109e-2	0.355957	0.80602444	0.65582063	0.005363	-0.956440	-0.800662	16	0.839285
3403	4.3673810346e-2	0.355173	0.80605132	0.65577645	0.005657	-0.954051	-0.781227	17	0.839290
3404	4.3385841409e-2	0.352844	0.80609983	0.65558549	0.005657	-0.954051	-0.781227	17	0.839295
3405	4.3356520919e-2	0.352619	0.80612109	0.65559871	0.005363	-0.956439	-0.800653	16	0.839301
3406	4.3634129763e-2	0.354889	0.80611787	0.65586987	0.005069	-0.958827	-0.820075	15	0.839306
3407	4.3628322690e-2	0.354855	0.80608695	0.65580222	0.004776	-0.961214	-0.839492	14	0.839312
3408	4.3709785283e-2	0.355530	0.80610213	0.65591404	0.004776	-0.961214	-0.839492	14	0.839317
3409	4.3633419751e-2	0.354922	0.80607065	0.65577471	0.005069	-0.958828	-0.820083	15	0.839323
3410	4.3550716078e-2	0.354262	0.80603558	0.65562188	0.005363	-0.956443	-0.800679	16	0.839328
3411	4.3770247443e-2	0.356060	0.80601715	0.65580456	0.005363	-0.956443	-0.800679	16	0.839333
3412	4.3388325086e-2	0.352966	0.80604073	0.65546979	0.005363	-0.956443	-0.800679	16	0.839339
3413	4.3397988542e-2	0.353058	0.80606368	0.65552536	0.005070	-0.958826	-0.820071	15	0.839344
3414	4.3223942924e-2	0.351654	0.80608319	0.65539032	0.004777	-0.961209	-0.839458	14	0.839350
3415	4.3431584849e-2	0.353356	0.80607962	0.65559082	0.005069	-0.958827	-0.820075	15	0.839355
3416	4.3614289910e-2	0.354856	0.80610205	0.65581839	0.005069	-0.958827	-0.820075	15	0.839360
3417	4.3604333827e-2	0.354787	0.80612441	0.65585316	0.004777	-0.961208	-0.839449	14	0.839366
3418	4.3424821890e-2	0.353340	0.80614746	0.65571974	0.005069	-0.958828	-0.820079	15	0.839371
3419	4.3522696811e-2	0.354149	0.80614414	0.65581098	0.005362	-0.956448	-0.800713	16	0.839377
3420	4.3725139592e-2	0.355809	0.80618968	0.65610450	0.005362	-0.956448	-0.800713	16	0.839382
3421	4.3658913256e-2	0.355283	0.80616110	0.65598111	0.005654	-0.954069	-0.781356	17	0.839387
3422	4.3908455952e-2	0.357326	0.80623093	0.65637031	0.005362	-0.956447	-0.800709	16	0.839393
3423	4.3926569749e-2	0.357486	0.80626586	0.65645829	0.005070	-0.958825	-0.820058	15	0.839398
3424	4.4095183741e-2	0.358872	0.80629465	0.65668448	0.005070	-0.958825	-0.820058	15	0.839404
3425	4.3810354648e-2	0.356566	0.80629013	0.65639061	0.005070	-0.958825	-0.820058	15	0.839409
3426	4.3778488857e-2	0.356320	0.80628917	0.65635684	0.004778	-0.961200	-0.839394	14	0.839414
3427	4.3553116400e-2	0.354498	0.80629558	0.65614428	0.005070	-0.958825	-0.820062	15	0.839420
3428	4.3866702129e-2	0.357063	0.80633268	0.65653206	0.005070	-0.958825	-0.820062	15	0.839425
3429	4.3652151498e-2	0.355330	0.80630966	0.65627147	0.005070	-0.958825	-0.820062	15	0.839431
3430	4.3720137486e-2	0.355896	0.80631761	0.65635535	0.005070	-0.958825	-0.820062	15	0.839436
3431	4.4055975241e-2	0.358642	0.80635534	0.65676665	0.005361	-0.956452	-0.800747	16	0.839441
3432	4.3817514006e-2	0.356714	0.80637777	0.65657306	0.005361	-0.956452	-0.800747	16	0.839447
3433	4.4001049919e-2	0.358221	0.80639295	0.65678694	0.005070	-0.958824	-0.820054	15	0.839452
3434	4.3778820349e-2	0.356424	0.80642192	0.65662267	0.004779	-0.961195	-0.839356	14	0.839458
3435	4.3751707707e-2	0.356216	0.80638891	0.65652954	0.004488	-0.963565	-0.858654	13	0.839463
3436	4.3551072936e-2	0.354596	0.80637044	0.65629196	0.004488	-0.963565	-0.858654	13	0.839468
3437	4.3325781899e-2	0.352774	0.80643001	0.65618579	0.004779	-0.961196	-0.839364	14	0.839474
3438	4.3679331000e-2	0.355665	0.80649379	0.65666690	0.004779	-0.961196	-0.839364	14	0.839479
3439	4.3608394645e-2	0.355100	0.80647566	0.65655971	0.005069	-0.958828	-0.820083	15	0.839485
3440	4.3848726048e-2	0.357070	0.80651958	0.65688788	0.005069	-0.958828	-0.820083	15	0.839490
3441	4.3983105069e-2	0.358177	0.80651020	0.65700351	0.004779	-0.961195	-0.839356	14	0.839495
3442	4.4001501048e-2	0.358340	0.80655153	0.65710457	0.005069	-0.958829	-0.820087	15	0.839501
3443	4.3863919696e-2	0.357232	0.80650489	0.65687371	0.005360	-0.956463	-0.800823	16	0.839506
3444	4.3765417266e-2	0.356443	0.80650955	0.65678453	0.005360	-0.956463	-0.800823	16	0.839511
3445	4.4062227137e-2	0.358873	0.80651588	0.65709399	0.005069	-0.958828	-0.820079	15	0.839517
3446	4.3930686054e-2	0.357814	0.80653941	0.65700950	0.005360	-0.956464	-0.800827	16	0.839522
3447	4.3911144915e-2	0.357668	0.80656168	0.65703450	0.005360	-0.956464	-0.800827	16	0.839527
3448	4.3815304143e-2	0.356900	0.80652869	0.65687268	0.005360	-0.956464	-0.800827	16	0.839533
3449	4.3624672642e-2	0.355360	0.80653396	0.65669260	0.005070	-0.958826	-0.820066	15	0.839538
3450	4.3740511689e-2	0.356316	0.80656266	0.65686583	0.005070	-0.958826	-0.820066	15	0.839543
3451	4.4229042449e-2	0.360308	0.80661152	0.65745209	0.004780	-0.961186	-0.839297	14	0.839549
3452	4.3815345924e-2	0.356951	0.80662338	0.65706210	0.004780	-0.961186	-0.839297	14	0.839554
3453	4.3639001014e-2	0.355527	0.80663716	0.65691333	0.005069	-0.958827	-0.820075	15	0.839559
3454	4.3837246372e-2	0.357155	0.80665331	0.65714386	0.004780	-0.961186	-0.839293	14	0.839565
3455	4.4081486471e-2	0.359157	0.80665020	0.65738190	0.005069	-0.958828	-0.820079	15	0.839570
3456	4.3912851360e-2	0.357796	0.80662582	0.65716449	0.005069	-0.958828	-0.820079	15	0.839576
3457	4.4078500853e-2	0.359159	0.80664225	0.65736299	0.004780	-0.961185	-0.839284	14	0.839581
3458	4.4370940140e-2	0.361554	0.80668138	0.65773371	0.005069	-0.958828	-0.820083	15	0.839586
3459	4.4762410866e-2	0.364757	0.80668609	0.65813458	0.005358	-0.956472	-0.800886	16	0.839592
3460	4.4301126531e-2	0.361011	0.80670721	0.65771554	0.005358	-0.956472	-0.800886	16	0.839597
3461	4.4783092256e-2	0.364951	0.80669250	0.65816810	0.005069	-0.958827	-0.820075	15	0.839602
3462	4.4419645396e-2	0.362002	0.80664780	0.65771524	0.004781	-0.961181	-0.839259	14	0.839607
3463	4.4133806073e-2	0.359686	0.80662981	0.65739343	0.004492	-0.963534	-0.858439	13	0.839613
3464	4.4031353203e-2	0.358863	0.80667734	0.65738603	0.004492	-0.963534	-0.858439	13	0.839618
3465	4.4420235483e-2	0.362046	0.80668210	0.65778443	0.004492	-0.963534	-0.858439	13	0.839624
3466	4.5025959013e-2	0.366996	0.80668685	0.65839966	0.004780	-0.961183	-0.839272	14	0.839629
3467	4.4521652413e-2	0.362898	0.80669260	0.65790684	0.004492	-0.963534	-0.858435	13	0.839634
3468	4.3774477731e-2	0.356820	0.80666243	0.65709933	0.004492	-0.963534	-0.858435	13	0.839640
3469	4.3582681371e-2	0.355270	0.80665048	0.65688363	0.004204	-0.965884	-0.877590	12	0.839645
3470	4.3696484654e-2	0.356210	0.80669316	0.65708281	0.003915	-0.968233	-0.896741	11	0.839650
3471	4.3634869950e-2	0.355720	0.80662383	0.65688253	0.003627	-0.970582	-0.915888	10	0.839656
3472	4.3713451843e-2	0.356373	0.80660361	0.65692068	0.003627	-0.970582	-0.915888	10	0.839661
3473	4.3713894186e-2	0.356390	0.80660310	0.65692009	0.003915	-0.968234	-0.896749	11	0.839667
3474	4.3618855977e-2	0.355627	0.80660698	0.65683282	0.003915	-0.968234	-0.896749	11	0.839672
3475	4.3807423378e-2	0.357177	0.80656857	0.65694456	0.003915	-0.968234	-0.896749	11	0.839677
3476	4.4009442302e-2	0.358837	0.80657733	0.65716411	0.003915	-0.968234	-0.896749	11	0.839683
3477	4.4036727855e-2	0.359072	0.80656369	0.65716410	0.003628	-0.970579	-0.915871	10	0.839688
3478	4.4548613633e-2	0.363259	0.80654217	0.65763296	0.003340	-0.972924	-0.934989	9	0.839693
3479	4.4853985715e-2	0.365762	0.80655827	0.65797053	0.003340	-0.972924	-0.934989	9	0.839699
3480	4.4559650959e-2	0.363374	0.80656242	0.65768450	0.003340	-0.972924	-0.934989	9	0.839704
3481	4.4506089611e-2	0.362950	0.80657922	0.65766453	0.003340	-0.972924	-0.934989	9	0.839710
3482	4.4411529784e-2	0.362192	0.80652112	0.65745377	0.003627	-0.970582	-0.915888	10	0.839715
3483	4.4329152205e-2	0.361533	0.80658066	0.65749046	0.003627	-0.970582	-0.915888	10	0.839720
3484	4.4423049427e-2	0.362312	0.80659547	0.65761399	0.003627	-0.970582	-0.915888	10	0.839726
3485	4.4163550945e-2	0.360208	0.80660798	0.65737950	0.003340	-0.972922	-0.934976	9	0.839731
3486	4.4079417685e-2	0.359534	0.80660387	0.65728716	0.003627	-0.970582	-0.915892	10	0.839737
3487	4.4117472064e-2	0.359857	0.80657964	0.65727676	0.003914	-0.968243	-0.896811	11	0.839742
3488	4.3920918952e-2	0.358267	0.80658547	0.65709186	0.003914	-0.968243	-0.896811	11	0.839747
3489	4.4154352292e-2	0.360183	0.80655552	0.65726540	0.004201	-0.965905	-0.877739	12	0.839753
3490	4.4021652052e-2	0.359114	0.80653778	0.65709721	0.003914	-0.968242	-0.896807	11	0.839758
3491	4.4123756111e-2	0.359959	0.80655637	0.65723649	0.003628	-0.970579	-0.915871	10	0.839763
3492	4.3859761962e-2	0.357818	0.80655679	0.65697335	0.003628	-0.970579	-0.915871	10	0.839769
3493	4.3765841468e-2	0.357064	0.80651511	0.65679605	0.003914	-0.968244	-0.896815	11	0.839774
3494	4.3798165137e-2	0.357341	0.80652388	0.65684593	0.004200	-0.965908	-0.877764	12	0.839780
3495	4.3848558425e-2	0.357764	0.80650628	0.65686111	0.003914	-0.968243	-0.896811	11	0.839785
3496	4.4089785298e-2	0.359745	0.80649017	0.65707012	0.003914	-0.968243	-0.896811	11	0.839790
3497	4.3662496027e-2	0.356271	0.80650894	0.65668038	0.004200	-0.965910	-0.877772	12	0.839796
3498	4.3525259630e-2	0.355164	0.80655218	0.65662961	0.004486	-0.963577	-0.858737	13	0.839801
3499	4.3610432462e-2	0.355871	0.80658531	0.65678104	0.004200	-0.965909	-0.877768	12	0.839806
3500	4.3805446017e-2	0.357475	0.80657238	0.65695021	0.004200	-0.965909	-0.877768	12	0.839811
3501	4.3753584904e-2	0.357064	0.80660696	0.65696751	0.004200	-0.965909	-0.877768	12	0.839817
3502	4.3444689126e-2	0.354556	0.80664433	0.65673336	0.003915	-0.968239	-0.896787	11	0.839822
3503	4.3490889487e-2	0.354945	0.80663848	0.65676785	0.004200	-0.965910	-0.877772	12	0.839827
3504	4.3672471850e-2	0.356440	0.80660254	0.65687754	0.004200	-0.965910	-0.877772	12	0.839833
3505	4.3400217423e-2	0.354230	0.80663119	0.65666259	0.004485	-0.963581	-0.858766	13	0.839838
3506	4.3215442639e-2	0.352734	0.80663999	0.65649542	0.004771	-0.961253	-0.839763	14	0.839843
3507	4.3399645302e-2	0.354250	0.80663081	0.65666126	0.004485	-0.963580	-0.858762	13	0.839849
3508	4.3498907488e-2	0.355073	0.80662535	0.65674960	0.004485	-0.963580	-0.858762	13	0.839854
3509	4.3238125814e-2	0.352957	0.80662527	0.65648866	0.004485	-0.963580	-0.858762	13	0.839859
3510	4.3414284581e-2	0.354407	0.80667880	0.65677189	0.004485	-0.963580	-0.858762	13	0.839864
3511	4.3499502796e-2	0.355115	0.80663289	0.65676528	0.004201	-0.965906	-0.877744	12	0.839870
3512	4.3605374662e-2	0.355992	0.80668944	0.65698425	0.004201	-0.965906	-0.877744	12	0.839875
3513	4.3873161061e-2	0.358190	0.80669585	0.65726485	0.004485	-0.963582	-0.858770	13	0.839880
3514	4.4334124289e-2	0.361966	0.80666433	0.65766278	0.004201	-0.965905	-0.877739	12	0.839886
3515	4.3875587811e-2	0.358235	0.80670855	0.65729270	0.003916	-0.968228	-0.896705	11	0.839891
3516	4.4213217877e-2	0.361004	0.80672008	0.65765337	0.003916	-0.968228	-0.896705	11	0.839896
3517	4.3907319495e-2	0.358519	0.80674840	0.65740412	0.003632	-0.970549	-0.915662	10	0.839901
3518	4.3565646867e-2	0.355742	0.80677102	0.65710769	0.003916	-0.968228	-0.896709	11	0.839907
3519	4.3720922145e-2	0.357022	0.80674901	0.65721895	0.003916	-0.968228	-0.896709	11	0.839912
3520	4.3587018003e-2	0.355941	0.80682423	0.65723548	0.003916	-0.968228	-0.896709	11	0.839917
3521	4.3513766414e-2	0.355355	0.80680565	0.65712506	0.004200	-0.965909	-0.877768	12	0.839923
3522	4.3416524060e-2	0.354573	0.80683611	0.65708874	0.003916	-0.968228	-0.896705	11	0.839928
3523	4.3551542469e-2	0.355688	0.80679669	0.65714492	0.004200	-0.965910	-0.877772	12	0.839933
3524	4.3714891977e-2	0.357035	0.80684012	0.65739514	0.004200	-0.965910	-0.877772	12	0.839939
3525	4.3407226701e-2	0.354534	0.80685035	0.65710793	0.004200	-0.965910	-0.877772	12	0.839944
3526	4.3299114794e-2	0.353664	0.80684021	0.65697954	0.003916	-0.968226	-0.896693	11	0.839949
3527	4.3275650954e-2	0.353484	0.80686212	0.65699989	0.003633	-0.970542	-0.915610	10	0.839954
3528	4.3248584910e-2	0.353275	0.80685086	0.65695031	0.003633	-0.970542	-0.915610	10	0.839960
3529	4.3464656019e-2	0.355053	0.80681058	0.65708581	0.003350	-0.972857	-0.934518	9	0.839965
3530	4.3084133189e-2	0.351957	0.80681736	0.65671885	0.003066	-0.975171	-0.953423	8	0.839970
3531	4.3112292965e-2	0.352199	0.80686766	0.65684761	0.002783	-0.977485	-0.972324	7	0.839976
3532	4.3252552426e-2	0.353357	0.80684226	0.65693707	0.002783	-0.977485	-0.972324	7	0.839981
3533	4.3399244674e-2	0.354568	0.80685735	0.65711395	0.002500	-0.979797	-0.991216	6	0.839986
3534	4.3452400364e-2	0.355014	0.80689261	0.65723763	0.002783	-0.977485	-0.972328	7	0.839992
3535	4.3121264714e-2	0.352321	0.80686680	0.65685487	0.002500	-0.979796	-0.991212	6	0.839997
3536	4.3245663298e-2	0.353350	0.80683948	0.65692463	0.002500	-0.979796	-0.991212	6	0.840002
3537	4.3325687325e-2	0.354016	0.80688001	0.65708570	0.002500	-0.979796	-0.991212	6	0.840008
3538	4.3403654430e-2	0.354665	0.80682923	0.65706212	0.002217	-0.982106	-1.010084	5	0.840013
3539	4.3412999716e-2	0.354754	0.80682806	0.65706912	0.001935	-0.984415	-1.028953	4	0.840018
3540	4.3525506272e-2	0.355685	0.80683356	0.65719263	0.001935	-0.984415	-1.028953	4	0.840024
3541	4.3263932568e-2	0.353560	0.80687937	0.65702267	0.001652	-0.986723	-1.047813	3	0.840029
3542	4.3278199432e-2	0.353689	0.80691837	0.65711495	0.001935	-0.984416	-1.028957	4	0.840035
3543	4.3496754856e-2	0.355487	0.80695898	0.65741472	0.002217	-0.982109	-1.010105	5	0.840040
3544	4.3599250927e-2	0.356337	0.80693780	0.65747486	0.002217	-0.982109	-1.010105	5	0.840045
3545	4.3701501479e-2	0.357185	0.80692661	0.65755473	0.002499	-0.979803	-0.991260	6	0.840051
3546	4.3852675994e-2	0.358433	0.80695525	0.65776318	0.002499	-0.979803	-0.991260	6	0.840056
3547	4.3806112539e-2	0.358065	0.80700872	0.65782354	0.002217	-0.982108	-1.010097	5	0.840061
3548	4.4250058887e-2	0.361706	0.80700495	0.65825996	0.002217	-0.982108	-1.010097	5	0.840067
3549	4.4375790826e-2	0.362746	0.80697233	0.65832046	0.002217	-0.982108	-1.010097	5	0.840072
3550	4.4389157871e-2	0.362868	0.80698292	0.65835500	0.002217	-0.982108	-1.010097	5	0.840078
3551	4.4448592250e-2	0.363367	0.80696512	0.65837883	0.002499	-0.979806	-0.991276	6	0.840083
3552	4.4019505788e-2	0.359871	0.80695972	0.65793894	0.002499	-0.979806	-0.991276	6	0.840088
3553	4.4382118668e-2	0.362848	0.80700832	0.65839875	0.002217	-0.982107	-1.010089	5	0.840094
3554	4.4373182329e-2	0.362788	0.80696982	0.65831282	0.002499	-0.979806	-0.991280	6	0.840099
3555	4.4433394542e-2	0.363292	0.80693859	0.65831058	0.002499	-0.979806	-0.991280	6	0.840104
3556	4.4452999077e-2	0.363465	0.80690784	0.65826868	0.002499	-0.979806	-0.991280	6	0.840110
3557	4.4534606104e-2	0.364145	0.80691413	0.65836287	0.002218	-0.982105	-1.010077	5	0.840115
3558	4.4574196622e-2	0.364481	0.80689890	0.65837200	0.001937	-0.984403	-1.028869	4	0.840120
3559	4.4363018097e-2	0.362767	0.80695752	0.65827806	0.001656	-0.986701	-1.047657	3	0.840126
3560	4.4697454565e-2	0.365514	0.80693073	0.65855891	0.001656	-0.986701	-1.047657	3	0.840131
3561	4.5078467837e-2	0.368643	0.80695697	0.65899241	0.001936	-0.984404	-1.028877	4	0.840136
3562	4.5296530711e-2	0.370439	0.80693482	0.65916617	0.001656	-0.986700	-1.047653	3	0.840142
3563	4.4273707631e-2	0.362086	0.80697431	0.65822232	0.001936	-0.984405	-1.028881	4	0.840147
3564	4.4601138395e-2	0.364777	0.80703253	0.65866620	0.001936	-0.984405	-1.028881	4	0.840152
3565	4.4173792426e-2	0.361294	0.80701813	0.65821005	0.001656	-0.986699	-1.047645	3	0.840158
3566	4.3866338365e-2	0.358792	0.80703686	0.65794006	0.001936	-0.984405	-1.028885	4	0.840163
3567	4.4177389478e-2	0.361348	0.80708157	0.65834054	0.001656	-0.986698	-1.047641	3	0.840169
3568	4.3937200928e-2	0.359396	0.80701041	0.65795802	0.001656	-0.986698	-1.047641	3	0.840174
3569	4.3688306920e-2	0.357372	0.80696009	0.65760849	0.001936	-0.984406	-1.028893	4	0.840179
3570	4.3825458348e-2	0.358506	0.80695676	0.65773898	0.001656	-0.986698	-1.047637	3	0.840185
3571	4.4088947225e-2	0.360674	0.80695182	0.65799259	0.001376	-0.988989	-1.066378	2	0.840190
3572	4.3888433112e-2	0.359046	0.80693208	0.65775259	0.001376	-0.988989	-1.066378	2	0.840195
3573	4.3829614326e-2	0.358577	0.80691582	0.65766125	0.001376	-0.988989	-1.066378	2	0.840201
3574	4.4031078807e-2	0.360238	0.80688121	0.65779350	0.001656	-0.986700	-1.047649	3	0.840206
3575	4.4131710805e-2	0.361073	0.80687701	0.65788572	0.001656	-0.986700	-1.047649	3	0.840211
3576	4.4182432417e-2	0.361501	0.80689607	0.65797457	0.001656	-0.986700	-1.047649	3	0.840217
3577	4.4254220727e-2	0.362100	0.80684946	0.65795314	0.001656	-0.986700	-1.047649	3	0.840222
3578	4.4329407558e-2	0.362728	0.80680796	0.65794533	0.001935	-0.984413	-1.028936	4	0.840227
3579	4.4006580299e-2	0.360099	0.80677313	0.65755283	0.002215	-0.982126	-1.010227	5	0.840233
3580	4.3743964421e-2	0.357962	0.80679941	0.65734278	0.002215	-0.982126	-1.010227	5	0.840238
3581	4.3958109540e-2	0.359727	0.80679569	0.65754948	0.001935	-0.984412	-1.028928	4	0.840243
3582	4.4368800461e-2	0.363100	0.80681652	0.65800185	0.001935	-0.984412	-1.028928	4	0.840249
3583	4.4839333796e-2	0.366963	0.80676022	0.65835978	0.001656	-0.986696	-1.047621	3	0.840254
3584	4.4966544160e-2	0.368017	0.80675638	0.65847930	0.001656	-0.986696	-1.047621	3	0.840259
3585	4.4594718487e-2	0.364986	0.80675682	0.65810836	0.001377	-0.988979	-1.066306	2	0.840265
3586	4.4295464952e-2	0.362549	0.80673999	0.65777544	0.001098	-0.991261	-1.084988	1	0.840270
3587	4.4254475379e-2	0.362226	0.80677848	0.65781143	0.001377	-0.988979	-1.066310	2	0.840275
3588	4.4354743048e-2	0.363059	0.80676704	0.65788881	0.001377	-0.988979	-1.066310	2	0.840281
3589	4.4391702018e-2	0.363374	0.80676657	0.65792484	0.001656	-0.986698	-1.047641	3	0.840286
3590	4.3864385299e-2	0.359070	0.80678895	0.65744229	0.001377	-0.988979	-1.066306	2	0.840291
3591	4.3809772547e-2	0.358635	0.80676590	0.65734158	0.001377	-0.988979	-1.066306	2	0.840297
3592	4.3654022234e-2	0.357372	0.80676374	0.65718151	0.001377	-0.988979	-1.066306	2	0.840302
3593	4.3593705357e-2	0.356890	0.80679883	0.65719137	0.001099	-0.991257	-1.084960	1	0.840307
3594	4.3795519769e-2	0.358555	0.80677361	0.65734275	0.000821	-0.993535	-1.103610	0	0.840313
3595	4.4044310583e-2	0.360604	0.80675649	0.65755728	0.001099	-0.991258	-1.084964	1	0.840318
3596	4.3659290283e-2	0.357464	0.80675442	0.65716813	0.001099	-0.991258	-1.084964	1	0.840324
3597	4.3675359077e-2	0.357608	0.80679174	0.65725884	0.000821	-0.993534	-1.103602	0	0.840329
3598	4.3810851080e-2	0.358729	0.80684192	0.65749470	0.000543	-0.995810	-1.122236	-1	0.840334
3599	4.3567984460e-2	0.356753	0.80681410	0.65719618	0.000821	-0.993535	-1.103606	0	0.840340
3600	4.3489966201e-2	0.356126	0.80680395	0.65709786	0.000821	-0.993535	-1.103606	0	0.840345
3601	4.3316854922e-2	0.354720	0.80680981	0.65693647	0.001099	-0.991260	-1.084984	1	0.840350
3602	4.3447457350e-2	0.355802	0.80680705	0.65706155	0.001376	-0.988987	-1.066365	2	0.840356
3603	4.3482402408e-2	0.356100	0.80676168	0.65700577	0.001654	-0.986714	-1.047751	3	0.840361
3604	4.2928262825e-2	0.351574	0.80683712	0.65660250	0.001654	-0.986714	-1.047751	3	0.840366
3605	4.2806644314e-2	0.350590	0.80682998	0.65646661	0.001376	-0.988986	-1.066357	2	0.840372
3606	4.2939795158e-2	0.351692	0.80681598	0.65657175	0.001099	-0.991257	-1.084960	1	0.840377
3607	4.3116391900e-2	0.353150	0.80682714	0.65677067	0.000822	-0.993528	-1.103559	0	0.840382
3608	4.3271862720e-2	0.354436	0.80681366	0.65689919	0.000822	-0.993528	-1.103559	0	0.840388
3609	4.3352218029e-2	0.355106	0.80676073	0.65687368	0.000822	-0.993528	-1.103559	0	0.840393
3610	4.3353376492e-2	0.355128	0.80681400	0.65698138	0.000822	-0.993528	-1.103559	0	0.840398
3611	4.3280835875e-2	0.354545	0.80683743	0.65695569	0.001099	-0.991259	-1.084976	1	0.840404
3612	4.3329585671e-2	0.354957	0.80688721	0.65710401	0.001099	-0.991259	-1.084976	1	0.840409
3613	4.3484870546e-2	0.356241	0.80689123	0.65726733	0.000822	-0.993527	-1.103551	0	0.840414
3614	4.3462988284e-2	0.356074	0.80689091	0.65724480	0.000545	-0.995794	-1.122123	-1	0.840420
3615	4.3358429064e-2	0.355229	0.80692451	0.65720745	0.000269	-0.998060	-1.140691	-2	0.840425
3616	4.3497051218e-2	0.356377	0.80687529	0.65724764	0.000269	-0.998060	-1.140691	-2	0.840430
3617	4.3896234897e-2	0.359659	0.80687263	0.65764150	-0.000008	-1.000325	-1.159251	-3	0.840436
3618	4.3908216671e-2	0.359770	0.80692726	0.65776274	-0.000008	-1.000325	-1.159251	-3	0.840441
3619	4.4018716925e-2	0.360687	0.80690619	0.65783109	-0.000284	-1.002589	-1.177803	-4	0.840446
3620	4.3654709884e-2	0.357717	0.80695526	0.65756522	-0.000284	-1.002589	-1.177803	-4	0.840452
3621	4.3240187607e-2	0.354332	0.80697108	0.65718236	-0.000560	-1.004852	-1.196348	-5	0.840457
3622	4.3457371078e-2	0.356124	0.80699890	0.65745517	-0.000284	-1.002590	-1.177807	-4	0.840463
3623	4.3617867232e-2	0.357451	0.80701235	0.65764257	-0.000560	-1.004852	-1.196344	-5	0.840468
3624	4.3322548156e-2	0.355043	0.80705700	0.65743654	-0.000560	-1.004852	-1.196344	-5	0.840473
3625	4.3325357004e-2	0.355078	0.80712668	0.65757872	-0.000560	-1.004852	-1.196344	-5	0.840479
3626	4.3431616650e-2	0.355961	0.80709752	0.65762666	-0.000560	-1.004852	-1.196344	-5	0.840484
3627	4.3538520325e-2	0.356849	0.80709379	0.65772609	-0.000560	-1.004852	-1.196344	-5	0.840490
3628	4.3326114252e-2	0.355120	0.80702146	0.65736903	-0.000560	-1.004852	-1.196344	-5	0.840495
3629	4.3407270427e-2	0.355797	0.80701248	0.65743224	-0.000285	-1.002593	-1.177830	-4	0.840500
3630	4.3550991349e-2	0.356987	0.80703550	0.65762198	-0.000285	-1.002593	-1.177830	-4	0.840506
3631	4.3433146773e-2	0.356033	0.80703353	0.65750021	-0.000560	-1.004851	-1.196336	-5	0.840511
3632	4.3673779298e-2	0.358017	0.80703440	0.65774259	-0.000560	-1.004851	-1.196336	-5	0.840517
3633	4.3397080872e-2	0.355761	0.80701907	0.65743523	-0.000835	-1.007107	-1.214835	-6	0.840522
3634	4.3611472114e-2	0.357531	0.80706324	0.65773796	-0.001111	-1.009363	-1.233329	-7	0.840527
3635	4.3644575102e-2	0.357814	0.80706212	0.65776882	-0.000835	-1.007108	-1.214838	-6	0.840533
3636	4.3439373649e-2	0.356144	0.80707138	0.65758213	-0.000835	-1.007108	-1.214838	-6	0.840538
3637	4.3599677214e-2	0.357470	0.80710444	0.65780856	-0.001110	-1.009362	-1.233321	-7	0.840544
3638	4.3815934159e-2	0.359255	0.80710904	0.65803402	-0.001385	-1.011616	-1.251800	-8	0.840549
3639	4.3961248649e-2	0.360459	0.80714568	0.65825261	-0.001110	-1.009363	-1.233325	-7	0.840555
3640	4.3979909385e-2	0.360624	0.80718029	0.65834049	-0.001110	-1.009363	-1.233325	-7	0.840560
3641	4.3971485502e-2	0.360567	0.80716845	0.65830838	-0.000836	-1.007111	-1.214858	-6	0.840565
3642	4.3966498145e-2	0.360538	0.80713850	0.65824349	-0.001110	-1.009362	-1.233321	-7	0.840571
3643	4.4195212967e-2	0.362426	0.80712340	0.65844200	-0.001385	-1.011613	-1.251781	-8	0.840576
3644	4.4429467873e-2	0.364359	0.80712169	0.65867285	-0.001385	-1.011613	-1.251781	-8	0.840582
3645	4.4207816518e-2	0.362553	0.80711223	0.65843228	-0.001385	-1.011613	-1.251781	-8	0.840587
3646	4.4116087382e-2	0.361813	0.80708968	0.65829546	-0.001111	-1.009364	-1.233333	-7	0.840592
3647	4.4302221460e-2	0.363352	0.80706179	0.65842581	-0.000836	-1.007115	-1.214888	-6	0.840598
3648	4.4425439051e-2	0.364375	0.80704088	0.65850720	-0.000836	-1.007115	-1.214888	-6	0.840603
3649	4.4593052791e-2	0.365762	0.80704245	0.65867796	-0.000562	-1.004867	-1.196451	-5	0.840609
3650	4.4669433525e-2	0.366400	0.80702717	0.65872377	-0.000562	-1.004867	-1.196451	-5	0.840614
3651	4.4679140547e-2	0.366492	0.80698083	0.65864081	-0.000288	-1.002620	-1.178022	-4	0.840619
3652	4.4822010712e-2	0.367676	0.80698792	0.65879786	-0.000288	-1.002620	-1.178022	-4	0.840625
3653	4.4819186685e-2	0.367665	0.80696508	0.65874934	-0.000015	-1.000375	-1.159601	-3	0.840630
3654	4.4322350383e-2	0.363602	0.80697433	0.65827102	-0.000015	-1.000375	-1.159601	-3	0.840635
3655	4.4521762311e-2	0.365250	0.80698558	0.65849291	-0.000288	-1.002619	-1.178015	-4	0.840641
3656	4.4639291770e-2	0.366226	0.80698665	0.65861260	-0.000288	-1.002619	-1.178015	-4	0.840646
3657	4.4575448224e-2	0.365715	0.80701794	0.65861132	-0.000562	-1.004863	-1.196421	-5	0.840651
3658	4.4065761199e-2	0.361545	0.80708722	0.65824020	-0.000835	-1.007106	-1.214824	-6	0.840657
3659	4.4224378514e-2	0.362859	0.80708108	0.65838653	-0.001108	-1.009348	-1.233222	-7	0.840662
3660	4.4041390785e-2	0.361369	0.80712009	0.65828157	-0.001108	-1.009348	-1.233222	-7	0.840667
3661	4.4372416267e-2	0.364097	0.80709151	0.65855544	-0.000835	-1.007107	-1.214831	-6	0.840673
3662	4.4408873907e-2	0.364409	0.80712311	0.65865509	-0.000562	-1.004866	-1.196444	-5	0.840678
3663	4.4091099559e-2	0.361813	0.80710993	0.65831096	-0.000562	-1.004866	-1.196444	-5	0.840683
3664	4.4375444193e-2	0.364159	0.80708113	0.65853771	-0.000562	-1.004866	-1.196444	-5	0.840689
3665	4.4004408288e-2	0.361126	0.80712513	0.65825468	-0.000289	-1.002627	-1.178068	-4	0.840694
3666	4.3998214915e-2	0.361087	0.80713601	0.65827023	-0.000017	-1.000388	-1.159696	-3	0.840699
3667	4.4145922279e-2	0.362311	0.80716978	0.65848548	0.000256	-0.998150	-1.141327	-2	0.840705
3668	4.4111108473e-2	0.362038	0.80715196	0.65841503	0.000256	-0.998150	-1.141327	-2	0.840710
3669	4.4453253005e-2	0.364858	0.80713352	0.65872029	0.000529	-0.995913	-1.122966	-1	0.840715
3670	4.4434998275e-2	0.364720	0.80715609	0.65874718	0.000256	-0.998150	-1.141323	-2	0.840721
3671	4.4440983288e-2	0.364781	0.80712178	0.65868455	-0.000016	-1.000386	-1.159677	-3	0.840726
3672	4.4423775757e-2	0.364652	0.80717159	0.65876696	-0.000016	-1.000386	-1.159677	-3	0.840731
3673	4.3783751910e-2	0.359410	0.80719084	0.65816544	-0.000288	-1.002620	-1.178022	-4	0.840736
3674	4.3813148067e-2	0.359664	0.80713947	0.65809208	-0.000561	-1.004855	-1.196364	-5	0.840742
3675	4.4221150038e-2	0.363025	0.80719261	0.65860638	-0.000561	-1.004855	-1.196364	-5	0.840747
3676	4.4754172466e-2	0.367413	0.80719503	0.65914424	-0.000561	-1.004855	-1.196364	-5	0.840752
3677	4.4764985758e-2	0.367514	0.80720787	0.65918073	-0.000833	-1.007088	-1.214695	-6	0.840758
3678	4.4735775141e-2	0.367286	0.80717544	0.65908666	-0.001105	-1.009320	-1.233022	-7	0.840763
3679	4.4626812150e-2	0.366404	0.80716781	0.65896244	-0.000833	-1.007088	-1.214699	-6	0.840768
3680	4.4482929057e-2	0.365235	0.80717558	0.65883409	-0.000833	-1.007088	-1.214699	-6	0.840774
3681	4.4392237175e-2	0.364502	0.80718483	0.65876189	-0.000833	-1.007088	-1.214699	-6	0.840779
3682	4.4433804296e-2	0.364855	0.80717596	0.65878572	-0.001104	-1.009318	-1.233010	-7	0.840784
3683	4.4458027184e-2	0.365066	0.80722268	0.65890338	-0.000833	-1.007089	-1.214702	-6	0.840790
3684	4.4195705026e-2	0.362924	0.80723395	0.65866361	-0.000833	-1.007089	-1.214702	-6	0.840795
3685	4.4292664687e-2	0.363733	0.80727290	0.65883846	-0.001104	-1.009317	-1.233003	-7	0.840800
3686	4.4733617999e-2	0.367366	0.80727199	0.65927759	-0.001375	-1.011545	-1.251300	-8	0.840806
3687	4.4422756093e-2	0.364825	0.80723632	0.65889539	-0.001104	-1.009318	-1.233007	-7	0.840811
3688	4.4398161007e-2	0.364635	0.80727277	0.65894370	-0.001104	-1.009318	-1.233007	-7	0.840816
3689	4.4348026874e-2	0.364235	0.80731339	0.65897481	-0.001375	-1.011544	-1.251292	-8	0.840822
3690	4.4412803769e-2	0.364779	0.80736280	0.65913840	-0.001375	-1.011544	-1.251292	-8	0.840827
3691	4.4308382373e-2	0.363934	0.80739013	0.65908864	-0.001646	-1.013769	-1.269570	-9	0.840832
3692	4.4420240502e-2	0.364864	0.80738068	0.65918161	-0.001646	-1.013769	-1.269570	-9	0.840838
3693	4.4556517286e-2	0.365996	0.80740956	0.65937563	-0.001375	-1.011545	-1.251300	-8	0.840843
3694	4.4331569955e-2	0.364160	0.80744908	0.65922973	-0.001105	-1.009321	-1.233033	-7	0.840848
3695	4.3962010893e-2	0.361136	0.80744967	0.65886135	-0.000834	-1.007098	-1.214770	-6	0.840854
3696	4.3990793442e-2	0.361385	0.80741864	0.65882807	-0.000834	-1.007098	-1.214770	-6	0.840859
3697	4.4214010703e-2	0.363230	0.80740556	0.65902512	-0.001105	-1.009320	-1.233025	-7	0.840864
3698	4.4271424469e-2	0.363714	0.80738702	0.65904546	-0.001105	-1.009320	-1.233025	-7	0.840870
3699	4.3971130476e-2	0.361259	0.80738936	0.65874986	-0.001105	-1.009320	-1.233025	-7	0.840875
3700	4.3978754322e-2	0.361333	0.80742573	0.65883022	-0.001105	-1.009320	-1.233025	-7	0.840880
3701	4.3806679600e-2	0.359931	0.80745225	0.65871117	-0.001375	-1.011540	-1.251266	-8	0.840885
3702	4.4301980901e-2	0.364013	0.80745804	0.65921806	-0.001645	-1.013760	-1.269503	-9	0.840891
3703	4.4396313474e-2	0.364800	0.80750834	0.65941299	-0.001645	-1.013760	-1.269503	-9	0.840896
3704	4.4387547032e-2	0.364740	0.80748286	0.65935328	-0.001645	-1.013760	-1.269503	-9	0.840901
3705	4.4786204350e-2	0.368028	0.80746948	0.65972516	-0.001375	-1.011542	-1.251277	-8	0.840907
3706	4.4801807388e-2	0.368168	0.80748676	0.65977533	-0.001645	-1.013759	-1.269499	-9	0.840912
3707	4.4745340868e-2	0.367716	0.80750596	0.65975726	-0.001375	-1.011542	-1.251281	-8	0.840917
3708	4.4826963738e-2	0.368399	0.80750461	0.65983619	-0.001375	-1.011542	-1.251281	-8	0.840923
3709	4.5150914935e-2	0.371074	0.80749157	0.66013406	-0.001645	-1.013758	-1.269492	-9	0.840928
3710	4.4981278970e-2	0.369692	0.80752703	0.66003534	-0.001375	-1.011543	-1.251285	-8	0.840933
3711	4.4962522449e-2	0.369550	0.80756116	0.66008484	-0.001106	-1.009328	-1.233081	-7	0.840939
3712	4.4676617516e-2	0.367212	0.80762593	0.65992848	-0.001106	-1.009328	-1.233081	-7	0.840944
3713	4.4844387481e-2	0.368603	0.80765886	0.66016211	-0.000836	-1.007114	-1.214885	-6	0.840949
3714	4.4287858882e-2	0.364040	0.80767425	0.65963636	-0.001106	-1.009328	-1.233078	-7	0.840955
3715	4.4435018784e-2	0.365262	0.80769474	0.65982450	-0.000836	-1.007115	-1.214889	-6	0.840960
3716	4.4501374702e-2	0.365819	0.80767448	0.65985034	-0.000836	-1.007115	-1.214889	-6	0.840965
3717	4.4329252505e-2	0.364416	0.80767861	0.65968647	-0.000836	-1.007115	-1.214889	-6	0.840970
3718	4.4236986531e-2	0.363670	0.80768647	0.65960992	-0.000836	-1.007115	-1.214889	-6	0.840976
3719	4.4353400358e-2	0.364639	0.80771107	0.65977555	-0.001105	-1.009326	-1.233063	-7	0.840981
3720	4.4372247705e-2	0.364806	0.80767892	0.65973008	-0.001105	-1.009326	-1.233063	-7	0.840986
3721	4.4258538381e-2	0.363883	0.80767700	0.65961253	-0.001105	-1.009326	-1.233063	-7	0.840991
3722	4.4309166352e-2	0.364311	0.80770209	0.65971334	-0.000837	-1.007117	-1.214900	-6	0.840997
3723	4.4402271475e-2	0.365088	0.80772921	0.65986068	-0.001105	-1.009325	-1.233059	-7	0.841002
3724	4.4384469743e-2	0.364954	0.80772704	0.65983856	-0.001105	-1.009325	-1.233059	-7	0.841007
3725	4.4472544208e-2	0.365690	0.80775938	0.65999131	-0.001105	-1.009325	-1.233059	-7	0.841012
3726	4.4286808219e-2	0.364174	0.80779761	0.65988203	-0.001105	-1.009325	-1.233059	-7	0.841018
3727	4.4481127033e-2	0.365784	0.80782944	0.66014001	-0.001374	-1.011531	-1.251203	-8	0.841023
3728	4.4326195967e-2	0.364522	0.80785220	0.66003059	-0.001374	-1.011531	-1.251203	-8	0.841028
3729	4.4498374086e-2	0.365950	0.80790101	0.66030039	-0.001642	-1.013737	-1.269340	-9	0.841034
3730	4.4354739722e-2	0.364781	0.80788740	0.66012953	-0.001910	-1.015942	-1.287473	-10	0.841039
3731	4.4610305628e-2	0.366894	0.80790951	0.66042932	-0.002178	-1.018146	-1.305603	-11	0.841044
3732	4.4503925517e-2	0.366031	0.80790103	0.66030600	-0.002178	-1.018146	-1.305603	-11	0.841049
3733	4.4499592560e-2	0.366008	0.80792396	0.66034750	-0.002446	-1.020349	-1.323725	-12	0.841055
3734	4.4160068140e-2	0.363227	0.80790753	0.65997512	-0.002178	-1.018147	-1.305607	-11	0.841060
3735	4.4368977202e-2	0.364957	0.80787404	0.66011706	-0.002178	-1.018147	-1.305607	-11	0.841065
3736	4.3884840976e-2	0.360987	0.80785039	0.65958563	-0.002178	-1.018147	-1.305607	-11	0.841071
3737	4.3573541031e-2	0.358438	0.80790099	0.65937553	-0.001910	-1.015945	-1.287499	-10	0.841076
3738	4.4025000757e-2	0.362163	0.80797427	0.65997354	-0.001643	-1.013745	-1.269395	-9	0.841081
3739	4.4149046149e-2	0.363195	0.80803023	0.66020952	-0.001910	-1.015945	-1.287495	-10	0.841087
3740	4.4263508926e-2	0.364149	0.80801403	0.66029157	-0.001910	-1.015945	-1.287495	-10	0.841092
3741	4.4484830221e-2	0.365982	0.80801523	0.66051530	-0.002178	-1.018144	-1.305588	-11	0.841097
3742	4.4136259461e-2	0.363126	0.80802843	0.66019312	-0.001910	-1.015945	-1.287499	-10	0.841102
3743	4.4010253832e-2	0.362101	0.80803872	0.66008769	-0.001643	-1.013747	-1.269414	-9	0.841108
3744	4.4031506708e-2	0.362287	0.80804106	0.66011362	-0.001643	-1.013747	-1.269414	-9	0.841113
3745	4.3941356560e-2	0.361557	0.80806226	0.66006587	-0.001910	-1.015944	-1.287492	-10	0.841118
3746	4.3357741754e-2	0.356767	0.80807228	0.65950229	-0.001643	-1.013748	-1.269417	-9	0.841124
3747	4.3670782875e-2	0.359354	0.80805572	0.65978223	-0.001376	-1.011552	-1.251346	-8	0.841129
3748	4.3697169088e-2	0.359583	0.80807048	0.65983814	-0.001376	-1.011552	-1.251346	-8	0.841134
3749	4.3535158598e-2	0.358261	0.80809044	0.65971604	-0.001110	-1.009357	-1.233283	-7	0.841139
3750	4.3511170520e-2	0.358076	0.80812361	0.65975839	-0.001110	-1.009357	-1.233283	-7	0.841145
3751	4.3772933373e-2	0.360242	0.80813895	0.66005083	-0.001110	-1.009357	-1.233283	-7	0.841150
3752	4.3240260401e-2	0.355869	0.80812621	0.65949269	-0.001110	-1.009357	-1.233283	-7	0.841155
3753	4.3680981570e-2	0.359508	0.80818761	0.66005620	-0.001110	-1.009357	-1.233283	-7	0.841160
3754	4.3524959712e-2	0.358236	0.80819850	0.65992196	-0.000843	-1.007164	-1.215237	-6	0.841165
3755	4.3515132081e-2	0.358166	0.80819482	0.65990477	-0.000577	-1.004972	-1.197196	-5	0.841171
3756	4.3635604279e-2	0.359169	0.80820780	0.66005121	-0.000577	-1.004972	-1.197196	-5	0.841176
3757	4.3633392199e-2	0.359163	0.80824937	0.66013213	-0.000577	-1.004972	-1.197196	-5	0.841181
3758	4.3668413623e-2	0.359463	0.80827308	0.66021457	-0.000311	-1.002782	-1.179165	-4	0.841186
3759	4.3705921562e-2	0.359783	0.80828242	0.66027075	-0.000577	-1.004972	-1.197192	-5	0.841191
3760	4.4499555167e-2	0.366328	0.80827338	0.66104631	-0.000577	-1.004972	-1.197192	-5	0.841196
3761	4.4615606263e-2	0.367295	0.80830096	0.66121753	-0.000843	-1.007161	-1.215212	-6	0.841202
3762	4.3990865909e-2	0.362164	0.80828455	0.66055997	-0.000843	-1.007161	-1.215212	-6	0.841207
3763	4.3764937358e-2	0.360315	0.80825641	0.66027776	-0.000577	-1.004973	-1.197199	-5	0.841212
3764	4.3384425664e-2	0.357194	0.80827005	0.65992453	-0.000577	-1.004973	-1.197199	-5	0.841217
3765	4.3184004971e-2	0.355556	0.80825694	0.65969789	-0.000843	-1.007160	-1.215205	-6	0.841222
3766	4.3060829045e-2	0.354553	0.80828689	0.65963460	-0.001108	-1.009346	-1.233206	-7	0.841227
3767	4.3135986268e-2	0.355183	0.80829909	0.65973416	-0.001374	-1.011532	-1.251205	-8	0.841233
3768	4.3279517323e-2	0.356377	0.80828637	0.65985226	-0.001374	-1.011532	-1.251205	-8	0.841238
3769	4.3305059645e-2	0.356598	0.80832003	0.65994511	-0.001639	-1.013717	-1.269196	-9	0.841243
3770	4.3447849546e-2	0.357786	0.80833513	0.66011811	-0.001374	-1.011532	-1.251208	-8	0.841248
3771	4.3409790092e-2	0.357484	0.80833924	0.66008827	-0.001374	-1.011532	-1.251208	-8	0.841254
3772	4.3669039653e-2	0.359630	0.80828847	0.66024597	-0.001374	-1.011532	-1.251208	-8	0.841259
3773	4.3579347744e-2	0.358903	0.80828111	0.66014156	-0.001374	-1.011532	-1.251208	-8	0.841264
3774	4.3289751815e-2	0.356530	0.80825539	0.65980054	-0.001109	-1.009350	-1.233235	-7	0.841269
3775	4.3374356066e-2	0.357238	0.80826991	0.65991417	-0.001109	-1.009350	-1.233235	-7	0.841274
3776	4.3118210306e-2	0.355140	0.80824992	0.65961804	-0.001109	-1.009350	-1.233235	-7	0.841279
3777	4.2911690974e-2	0.353450	0.80828423	0.65948016	-0.000844	-1.007169	-1.215273	-6	0.841285
3778	4.2811369836e-2	0.352635	0.80827511	0.65936159	-0.000579	-1.004989	-1.197315	-5	0.841290
3779	4.2739493322e-2	0.352054	0.80831664	0.65937278	-0.000844	-1.007169	-1.215270	-6	0.841295
3780	4.2891324300e-2	0.353316	0.80835751	0.65960634	-0.000844	-1.007169	-1.215270	-6	0.841300
3781	4.2805632431e-2	0.352622	0.80832809	0.65946182	-0.000579	-1.004990	-1.197322	-5	0.841305
3782	4.2694781352e-2	0.351720	0.80833566	0.65936609	-0.000844	-1.007168	-1.215266	-6	0.841310
3783	4.2558928708e-2	0.350612	0.80837416	0.65930725	-0.001108	-1.009346	-1.233207	-7	0.841315
3784	4.2522600313e-2	0.350324	0.80834326	0.65920912	-0.001108	-1.009346	-1.233207	-7	0.841321
3785	4.2367956409e-2	0.349061	0.80833293	0.65903381	-0.000844	-1.007169	-1.215273	-6	0.841326
3786	4.2827361582e-2	0.352857	0.80836459	0.65955654	-0.001108	-1.009345	-1.233203	-7	0.841331
3787	4.2941103064e-2	0.353806	0.80835683	0.65965476	-0.000844	-1.007170	-1.215277	-6	0.841336
3788	4.2922678413e-2	0.353665	0.80841315	0.65974898	-0.000844	-1.007170	-1.215277	-6	0.841341
3789	4.2961003882e-2	0.353993	0.80843099	0.65982299	-0.000844	-1.007170	-1.215277	-6	0.841346
3790	4.2941505541e-2	0.353843	0.80838296	0.65970742	-0.001108	-1.009344	-1.233192	-7	0.841352
3791	4.2994915201e-2	0.354295	0.80837379	0.65974249	-0.000844	-1.007170	-1.215280	-6	0.841357
3792	4.2803495768e-2	0.352729	0.80842007	0.65964364	-0.000844	-1.007170	-1.215280	-6	0.841362
3793	4.2754710502e-2	0.352338	0.80846215	0.65967901	-0.001108	-1.009343	-1.233185	-7	0.841367
3794	4.2805496482e-2	0.352768	0.80844347	0.65969244	-0.001371	-1.011515	-1.251086	-8	0.841372
3795	4.2866039847e-2	0.353278	0.80848210	0.65983024	-0.001108	-1.009343	-1.233189	-7	0.841377
3796	4.2664140019e-2	0.351625	0.80851882	0.65970178	-0.001108	-1.009343	-1.233189	-7	0.841382
3797	4.2745496534e-2	0.352307	0.80855085	0.65984719	-0.001371	-1.011514	-1.251079	-8	0.841388
3798	4.2864624221e-2	0.353300	0.80860252	0.66006966	-0.001371	-1.011514	-1.251079	-8	0.841393
3799	4.2700144764e-2	0.351956	0.80854372	0.65978759	-0.001108	-1.009344	-1.233196	-7	0.841398
3800	4.2522709135e-2	0.350504	0.80857095	0.65966461	-0.001108	-1.009344	-1.233196	-7	0.841403
3801	4.2364000116e-2	0.349207	0.80855283	0.65946967	-0.001371	-1.011513	-1.251072	-8	0.841408
3802	4.2644551408e-2	0.351531	0.80859679	0.65983813	-0.001108	-1.009345	-1.233199	-7	0.841413
3803	4.2641058989e-2	0.351514	0.80864159	0.65992425	-0.001371	-1.011513	-1.251068	-8	0.841418
3804	4.2508958423e-2	0.350436	0.80862039	0.65974973	-0.001371	-1.011513	-1.251068	-8	0.841424
3805	4.2652353512e-2	0.351629	0.80868861	0.66002957	-0.001108	-1.009346	-1.233206	-7	0.841429
3806	4.2761847861e-2	0.352543	0.80869179	0.66014542	-0.001371	-1.011512	-1.251065	-8	0.841434
3807	4.2632161952e-2	0.351485	0.80871177	0.66005571	-0.001371	-1.011512	-1.251065	-8	0.841439
3808	4.2603241246e-2	0.351258	0.80872125	0.66004574	-0.001371	-1.011512	-1.251065	-8	0.841444
3809	4.2473909260e-2	0.350203	0.80867723	0.65982837	-0.001108	-1.009347	-1.233217	-7	0.841449
3810	4.2579530493e-2	0.351085	0.80869146	0.65996245	-0.000846	-1.007183	-1.215373	-6	0.841454
3811	4.2855534639e-2	0.353372	0.80871571	0.66028696	-0.000583	-1.005020	-1.197532	-5	0.841459
3812	4.2737359651e-2	0.352408	0.80867969	0.66009675	-0.000583	-1.005020	-1.197532	-5	0.841465
3813	4.2626536690e-2	0.351506	0.80869388	0.66001430	-0.000846	-1.007182	-1.215366	-6	0.841470
3814	4.2572249959e-2	0.351069	0.80869577	0.65996378	-0.000584	-1.005020	-1.197536	-5	0.841475
3815	4.2398523753e-2	0.349648	0.80870876	0.65981605	-0.000846	-1.007182	-1.215362	-6	0.841480
3816	4.2497367312e-2	0.350474	0.80876655	0.66003047	-0.000846	-1.007182	-1.215362	-6	0.841485
3817	4.2635754179e-2	0.351626	0.80873309	0.66010193	-0.000584	-1.005021	-1.197543	-5	0.841490
3818	4.2891280573e-2	0.353745	0.80875554	0.66040237	-0.000846	-1.007181	-1.215359	-6	0.841495
3819	4.2744178986e-2	0.352543	0.80877030	0.66028477	-0.001107	-1.009341	-1.233171	-7	0.841500
3820	4.2803428323e-2	0.353043	0.80875369	0.66031081	-0.001107	-1.009341	-1.233171	-7	0.841505
3821	4.2598803309e-2	0.351366	0.80880356	0.66020593	-0.001369	-1.011500	-1.250976	-8	0.841510
3822	4.2460048497e-2	0.350233	0.80880751	0.66007507	-0.001369	-1.011500	-1.250976	-8	0.841515
3823	4.2518424658e-2	0.350726	0.80880047	0.66011935	-0.001631	-1.013657	-1.268775	-9	0.841521
3824	4.2400563524e-2	0.349764	0.80882756	0.66005568	-0.001631	-1.013657	-1.268775	-9	0.841526
3825	4.2277133686e-2	0.348757	0.80882928	0.65993569	-0.001631	-1.013657	-1.268775	-9	0.841531
3826	4.2146997677e-2	0.347695	0.80889415	0.65993529	-0.001369	-1.011501	-1.250987	-8	0.841536
3827	4.2273508250e-2	0.348750	0.80889382	0.66006115	-0.001108	-1.009345	-1.233203	-7	0.841541
3828	4.2440949147e-2	0.350142	0.80893208	0.66030511	-0.001108	-1.009345	-1.233203	-7	0.841546
3829	4.2413807124e-2	0.349929	0.80893183	0.66027747	-0.000847	-1.007191	-1.215426	-6	0.841551
3830	4.2355323354e-2	0.349458	0.80891374	0.66018280	-0.001108	-1.009345	-1.233199	-7	0.841556
3831	4.2436589626e-2	0.350139	0.80892886	0.66029430	-0.000847	-1.007191	-1.215429	-6	0.841561
3832	4.2323431567e-2	0.349217	0.80891588	0.66015520	-0.000847	-1.007191	-1.215429	-6	0.841566
3833	4.2062815054e-2	0.347077	0.80891928	0.65990138	-0.001108	-1.009344	-1.233192	-7	0.841571
3834	4.2012116822e-2	0.346670	0.80890668	0.65982547	-0.001108	-1.009344	-1.233192	-7	0.841577
3835	4.2003224427e-2	0.346607	0.80893627	0.65987575	-0.001369	-1.011496	-1.250948	-8	0.841582
3836	4.2177901998e-2	0.348060	0.80893619	0.66005029	-0.001369	-1.011496	-1.250948	-8	0.841587
3837	4.2212439657e-2	0.348356	0.80891829	0.66004901	-0.001108	-1.009345	-1.233199	-7	0.841592
3838	4.2203000995e-2	0.348289	0.80892118	0.66004536	-0.001369	-1.011495	-1.250945	-8	0.841597
3839	4.2255013207e-2	0.348729	0.80887196	0.65999893	-0.001108	-1.009345	-1.233203	-7	0.841602
3840	4.2055126404e-2	0.347091	0.80887536	0.65980585	-0.001108	-1.009345	-1.233203	-7	0.841607
3841	4.1975681261e-2	0.346446	0.80889662	0.65976893	-0.000848	-1.007197	-1.215468	-6	0.841612
3842	4.2084529496e-2	0.347355	0.80891796	0.65992044	-0.001108	-1.009345	-1.233199	-7	0.841617
3843	4.1988285152e-2	0.346572	0.80896676	0.65992181	-0.001108	-1.009345	-1.233199	-7	0.841622
3844	4.2092081641e-2	0.347439	0.80899410	0.66008028	-0.001108	-1.009345	-1.233199	-7	0.841627
3845	4.2004332724e-2	0.346726	0.80899481	0.65999395	-0.000848	-1.007198	-1.215478	-6	0.841632
3846	4.2362372181e-2	0.349692	0.80900334	0.66036905	-0.001108	-1.009344	-1.233196	-7	0.841637
3847	4.2431415540e-2	0.350273	0.80900508	0.66044158	-0.001368	-1.011490	-1.250910	-8	0.841642
3848	4.2402536241e-2	0.350046	0.80900932	0.66042118	-0.001368	-1.011490	-1.250910	-8	0.841648
3849	4.2427113887e-2	0.350260	0.80900747	0.66044206	-0.001108	-1.009345	-1.233203	-7	0.841653
3850	4.2813109615e-2	0.353458	0.80902231	0.66085772	-0.001108	-1.009345	-1.233203	-7	0.841658
3851	4.2769063401e-2	0.353105	0.80900511	0.66077929	-0.001368	-1.011489	-1.250903	-8	0.841663
3852	4.2886307891e-2	0.354084	0.80904297	0.66097225	-0.001368	-1.011489	-1.250903	-8	0.841668
3853	4.2934835130e-2	0.354496	0.80904814	0.66103111	-0.001627	-1.013632	-1.268596	-9	0.841673
3854	4.2955110611e-2	0.354675	0.80906193	0.66107897	-0.001887	-1.015775	-1.286286	-10	0.841678
3855	4.3224631588e-2	0.356911	0.80905518	0.66133499	-0.002146	-1.017916	-1.303972	-11	0.841683
3856	4.3307922690e-2	0.357610	0.80902314	0.66135420	-0.002146	-1.017916	-1.303972	-11	0.841688
3857	4.3348205076e-2	0.357954	0.80899487	0.66133794	-0.002405	-1.020057	-1.321651	-12	0.841693
3858	4.3346311926e-2	0.357950	0.80899941	0.66134514	-0.002665	-1.022198	-1.339327	-13	0.841698
3859	4.3649021179e-2	0.360461	0.80898881	0.66162663	-0.002405	-1.020058	-1.321654	-12	0.841703
3860	4.3321329269e-2	0.357766	0.80896587	0.66125306	-0.002405	-1.020058	-1.321654	-12	0.841709
3861	4.3415900025e-2	0.358558	0.80897696	0.66136981	-0.002405	-1.020058	-1.321654	-12	0.841714
3862	4.3225399115e-2	0.356996	0.80895606	0.66113752	-0.002147	-1.017919	-1.303993	-11	0.841719
3863	4.3055694027e-2	0.355606	0.80899733	0.66105035	-0.002405	-1.020057	-1.321651	-12	0.841724
3864	4.3301862575e-2	0.357650	0.80901784	0.66133755	-0.002405	-1.020057	-1.321651	-12	0.841729
3865	4.3497944437e-2	0.359281	0.80905914	0.66161622	-0.002147	-1.017920	-1.304000	-11	0.841734
3866	4.3435734563e-2	0.358778	0.80907304	0.66158182	-0.001888	-1.015784	-1.286352	-10	0.841739
3867	4.3498254670e-2	0.359306	0.80904789	0.66159403	-0.001629	-1.013648	-1.268707	-9	0.841744
3868	4.3624814500e-2	0.360362	0.80899014	0.66160510	-0.001629	-1.013648	-1.268707	-9	0.841749
3869	4.3445053907e-2	0.358889	0.80898272	0.66141050	-0.001371	-1.011513	-1.251069	-8	0.841754
3870	4.3506288199e-2	0.359406	0.80900845	0.66152318	-0.001371	-1.011513	-1.251069	-8	0.841759
3871	4.3538791235e-2	0.359686	0.80903182	0.66160243	-0.001371	-1.011513	-1.251069	-8	0.841764
3872	4.3573683400e-2	0.359985	0.80903909	0.66165187	-0.001371	-1.011513	-1.251069	-8	0.841769
3873	4.3766613994e-2	0.361590	0.80900328	0.66177317	-0.001113	-1.009379	-1.233446	-7	0.841775
3874	4.3541528403e-2	0.359742	0.80898706	0.66151565	-0.001371	-1.011512	-1.251066	-8	0.841780
3875	4.3525174276e-2	0.359618	0.80902582	0.66157681	-0.001371	-1.011512	-1.251066	-8	0.841785
3876	4.3750381547e-2	0.361490	0.80906039	0.66187116	-0.001371	-1.011512	-1.251066	-8	0.841790
3877	4.3964527535e-2	0.363271	0.80906713	0.66209878	-0.001629	-1.013643	-1.268676	-9	0.841795
3878	4.3974219970e-2	0.363362	0.80907595	0.66212612	-0.001887	-1.015774	-1.286283	-10	0.841800
3879	4.4468041317e-2	0.367454	0.80908284	0.66263371	-0.001887	-1.015774	-1.286283	-10	0.841805
3880	4.4111229681e-2	0.364517	0.80907204	0.66225531	-0.001887	-1.015774	-1.286283	-10	0.841810
3881	4.3824610749e-2	0.362160	0.80911404	0.66205270	-0.002144	-1.017903	-1.303879	-11	0.841815
3882	4.3581501806e-2	0.360162	0.80913396	0.66184941	-0.002402	-1.020032	-1.321472	-12	0.841820
3883	4.3670198592e-2	0.360906	0.80914505	0.66196029	-0.002144	-1.017904	-1.303882	-11	0.841825
3884	4.4038080298e-2	0.363958	0.80913762	0.66231333	-0.002144	-1.017904	-1.303882	-11	0.841830
3885	4.4104170002e-2	0.364516	0.80909577	0.66229570	-0.001887	-1.015777	-1.286300	-10	0.841835
3886	4.3723511817e-2	0.361381	0.80911894	0.66196139	-0.002144	-1.017903	-1.303879	-11	0.841840
3887	4.3837561169e-2	0.362335	0.80906926	0.66197607	-0.002144	-1.017903	-1.303879	-11	0.841845
3888	4.3944989260e-2	0.363234	0.80911474	0.66217447	-0.002144	-1.017903	-1.303879	-11	0.841850
3889	4.4158484782e-2	0.365010	0.80918151	0.66252150	-0.002401	-1.020029	-1.321448	-12	0.841855
3890	4.3809607264e-2	0.362137	0.80920129	0.66221218	-0.002659	-1.022154	-1.339013	-13	0.841860
3891	4.3560266309e-2	0.360088	0.80916485	0.66188997	-0.002402	-1.020029	-1.321451	-12	0.841865
3892	4.3602380820e-2	0.360447	0.80919094	0.66198425	-0.002402	-1.020029	-1.321451	-12	0.841870
3893	4.3656655354e-2	0.360907	0.80916456	0.66198578	-0.002145	-1.017906	-1.303896	-11	0.841876
3894	4.2939280950e-2	0.354987	0.80915403	0.66124735	-0.001888	-1.015783	-1.286344	-10	0.841881
3895	4.2817936356e-2	0.353995	0.80914667	0.66111127	-0.002145	-1.017905	-1.303893	-11	0.841886
3896	4.2715683496e-2	0.353161	0.80918741	0.66109050	-0.002145	-1.017905	-1.303893	-11	0.841891
3897	4.2825240042e-2	0.354077	0.80920385	0.66123294	-0.002145	-1.017905	-1.303893	-11	0.841896
3898	4.2825843062e-2	0.354093	0.80914826	0.66112236	-0.001888	-1.015784	-1.286354	-10	0.841901
3899	4.3113898706e-2	0.356486	0.80914591	0.66140571	-0.001632	-1.013664	-1.268820	-9	0.841906
3900	4.3164457161e-2	0.356915	0.80912084	0.66140613	-0.001632	-1.013664	-1.268820	-9	0.841911
3901	4.3092572272e-2	0.356332	0.80916188	0.66141633	-0.001375	-1.011544	-1.251292	-8	0.841916
3902	4.2910981301e-2	0.354841	0.80918096	0.66127290	-0.001119	-1.009425	-1.233767	-7	0.841921
3903	4.2794748224e-2	0.353891	0.80914872	0.66109218	-0.000863	-1.007306	-1.216246	-6	0.841926
3904	4.2746652378e-2	0.353504	0.80913114	0.66100893	-0.000863	-1.007306	-1.216246	-6	0.841931
3905	4.2615237004e-2	0.352429	0.80914409	0.66090342	-0.001119	-1.009424	-1.233761	-7	0.841936
3906	4.2570319149e-2	0.352068	0.80916002	0.66089036	-0.001119	-1.009424	-1.233761	-7	0.841941
3907	4.2700775219e-2	0.353158	0.80913994	0.66098066	-0.001375	-1.011541	-1.251268	-8	0.841946
3908	4.2719535450e-2	0.353324	0.80913854	0.66099662	-0.001375	-1.011541	-1.251268	-8	0.841951
3909	4.3168133243e-2	0.357045	0.80911734	0.66140280	-0.001119	-1.009425	-1.233767	-7	0.841956
3910	4.3546542666e-2	0.360186	0.80911826	0.66178306	-0.000863	-1.007309	-1.216270	-6	0.841960
3911	4.3102408699e-2	0.356524	0.80913625	0.66137491	-0.001119	-1.009424	-1.233764	-7	0.841965
3912	4.2873070602e-2	0.354638	0.80916446	0.66120199	-0.001119	-1.009424	-1.233764	-7	0.841970
3913	4.2723499941e-2	0.353411	0.80921116	0.66114582	-0.001374	-1.011538	-1.251251	-8	0.841975
3914	4.2686201031e-2	0.353114	0.80921029	0.66110679	-0.001630	-1.013652	-1.268735	-9	0.841980
3915	4.2789921173e-2	0.353983	0.80921773	0.66122538	-0.001630	-1.013652	-1.268735	-9	0.841985
3916	4.3150911179e-2	0.356980	0.80918919	0.66152929	-0.001630	-1.013652	-1.268735	-9	0.841990
3917	4.3038742374e-2	0.356063	0.80917419	0.66138712	-0.001885	-1.015764	-1.286208	-10	0.841995
3918	4.3347852947e-2	0.358631	0.80917440	0.66169665	-0.002140	-1.017875	-1.303679	-11	0.842000
3919	4.3058887564e-2	0.356252	0.80917918	0.66141724	-0.002396	-1.019987	-1.321145	-12	0.842005
3920	4.3157674490e-2	0.357080	0.80918502	0.66152771	-0.002396	-1.019987	-1.321145	-12	0.842010
3921	4.3310002775e-2	0.358351	0.80926342	0.66183684	-0.002141	-1.017876	-1.303685	-11	0.842015
3922	4.3048446167e-2	0.356198	0.80927806	0.66160457	-0.002396	-1.019986	-1.321142	-12	0.842020
3923	4.3187963034e-2	0.357364	0.80926927	0.66172651	-0.002651	-1.022095	-1.338595	-13	0.842025
3924	4.3870335818e-2	0.363021	0.80925702	0.66238437	-0.002651	-1.022095	-1.338595	-13	0.842030
3925	4.4298041925e-2	0.366572	0.80926138	0.66282081	-0.002651	-1.022095	-1.338595	-13	0.842035
3926	4.3582932376e-2	0.360665	0.80926574	0.66211441	-0.002905	-1.024203	-1.356038	-14	0.842040
3927	4.3180196366e-2	0.357343	0.80928615	0.66175250	-0.002651	-1.022096	-1.338599	-13	0.842045
3928	4.2938601753e-2	0.355355	0.80933451	0.66160761	-0.002651	-1.022096	-1.338599	-13	0.842050
3929	4.3145928831e-2	0.357082	0.80936281	0.66187155	-0.002905	-1.024202	-1.356032	-14	0.842055
3930	4.2902168342e-2	0.355075	0.80937382	0.66164980	-0.002651	-1.022096	-1.338602	-13	0.842060
3931	4.2592461684e-2	0.352523	0.80934945	0.66129136	-0.002905	-1.024202	-1.356028	-14	0.842065
3932	4.2579446243e-2	0.352426	0.80939675	0.66137294	-0.002905	-1.024202	-1.356028	-14	0.842071
3933	4.2607839256e-2	0.352672	0.80945957	0.66152699	-0.002905	-1.024202	-1.356028	-14	0.842076
3934	4.2884847152e-2	0.354976	0.80947010	0.66182504	-0.003159	-1.026306	-1.373445	-15	0.842081
3935	4.2882596312e-2	0.354968	0.80946037	0.66180333	-0.002905	-1.024202	-1.356032	-14	0.842086
3936	4.2868477394e-2	0.354862	0.80946594	0.66180035	-0.002905	-1.024202	-1.356032	-14	0.842091
3937	4.2539681411e-2	0.352151	0.80946461	0.66146889	-0.002651	-1.022100	-1.338625	-13	0.842096
3938	4.3112649235e-2	0.356905	0.80948892	0.66209049	-0.002905	-1.024202	-1.356028	-14	0.842101
3939	4.3057007264e-2	0.356455	0.80949381	0.66204463	-0.003159	-1.026303	-1.373428	-15	0.842106
3940	4.2988988696e-2	0.355903	0.80949094	0.66197088	-0.003159	-1.026303	-1.373428	-15	0.842111
3941	4.2825535464e-2	0.354561	0.80948580	0.66179714	-0.002905	-1.024203	-1.356035	-14	0.842116
3942	4.2832709267e-2	0.354631	0.80949634	0.66182539	-0.002905	-1.024203	-1.356035	-14	0.842121
3943	4.3063083487e-2	0.356549	0.80945409	0.66197126	-0.003159	-1.026303	-1.373421	-15	0.842126
3944	4.2884862120e-2	0.355085	0.80944189	0.66176864	-0.003159	-1.026303	-1.373421	-15	0.842131
3945	4.2668727589e-2	0.353306	0.80944586	0.66156045	-0.003412	-1.028401	-1.390801	-16	0.842136
3946	4.2575655795e-2	0.352546	0.80943867	0.66145299	-0.003159	-1.026303	-1.373424	-15	0.842141
3947	4.2680592989e-2	0.353426	0.80944216	0.66156492	-0.003412	-1.028401	-1.390797	-16	0.842146
3948	4.2583228313e-2	0.352630	0.80943512	0.66145348	-0.003412	-1.028401	-1.390797	-16	0.842151
3949	4.2520847352e-2	0.352124	0.80946542	0.66145168	-0.003159	-1.026304	-1.373431	-15	0.842156
3950	4.2309597809e-2	0.350386	0.80949760	0.66130480	-0.003159	-1.026304	-1.373431	-15	0.842161
3951	4.2372826181e-2	0.350920	0.80949049	0.66135381	-0.003159	-1.026304	-1.373431	-15	0.842166
3952	4.2369369597e-2	0.350902	0.80951903	0.66140743	-0.003159	-1.026304	-1.373431	-15	0.842171
3953	4.2276836601e-2	0.350146	0.80954839	0.66137361	-0.002906	-1.024209	-1.356078	-14	0.842176
3954	4.2236672643e-2	0.349825	0.80957189	0.66138046	-0.003159	-1.026303	-1.373428	-15	0.842181
3955	4.2143941465e-2	0.349067	0.80964972	0.66144338	-0.003412	-1.028398	-1.390774	-16	0.842186
3956	4.2323212592e-2	0.350563	0.80964726	0.66161773	-0.003412	-1.028398	-1.390774	-16	0.842191
3957	4.2070766797e-2	0.348482	0.80965891	0.66138858	-0.003159	-1.026304	-1.373434	-15	0.842196
3958	4.2369727794e-2	0.350969	0.80962036	0.66161045	-0.002906	-1.024212	-1.356098	-14	0.842201
3959	4.2546379025e-2	0.352443	0.80962366	0.66179369	-0.002654	-1.022119	-1.338766	-13	0.842206
3960	4.2498232220e-2	0.352055	0.80966619	0.66183060	-0.002654	-1.022119	-1.338766	-13	0.842211
3961	4.2834246978e-2	0.354850	0.80968374	0.66220173	-0.002401	-1.020028	-1.321439	-12	0.842216
3962	4.2823316318e-2	0.354770	0.80968958	0.66220247	-0.002654	-1.022119	-1.338762	-13	0.842221
3963	4.2898341523e-2	0.355402	0.80969375	0.66228585	-0.002401	-1.020028	-1.321443	-12	0.842226
3964	4.3037629994e-2	0.356567	0.80972272	0.66248307	-0.002401	-1.020028	-1.321443	-12	0.842231
3965	4.3286552778e-2	0.358640	0.80972404	0.66273463	-0.002654	-1.022118	-1.338756	-13	0.842236
3966	4.3271645488e-2	0.358528	0.80967253	0.66261671	-0.002906	-1.024207	-1.356065	-14	0.842241
3967	4.3497480375e-2	0.360410	0.80969608	0.66288963	-0.003158	-1.026296	-1.373371	-15	0.842246
3968	4.2971861553e-2	0.356066	0.80970823	0.66238832	-0.003158	-1.026296	-1.373371	-15	0.842251
3969	4.2730089246e-2	0.354073	0.80972313	0.66217636	-0.003158	-1.026296	-1.373371	-15	0.842256
3970	4.2958646662e-2	0.355978	0.80973081	0.66242026	-0.003410	-1.028383	-1.390668	-16	0.842261
3971	4.2589678374e-2	0.352931	0.80977887	0.66214742	-0.003410	-1.028383	-1.390668	-16	0.842266
3972	4.2739705050e-2	0.354185	0.80976148	0.66226266	-0.003410	-1.028383	-1.390668	-16	0.842271
3973	4.2670157061e-2	0.353619	0.80982079	0.66231173	-0.003158	-1.026297	-1.373381	-15	0.842276
3974	4.2412645315e-2	0.351496	0.80981970	0.66205204	-0.002906	-1.024212	-1.356098	-14	0.842281
3975	4.2689346732e-2	0.353800	0.80981092	0.66231119	-0.002906	-1.024212	-1.356098	-14	0.842286
3976	4.2664478607e-2	0.353605	0.80985653	0.66237755	-0.002906	-1.024212	-1.356098	-14	0.842291
3977	4.2862087585e-2	0.355253	0.80990610	0.66267429	-0.002655	-1.022127	-1.338825	-13	0.842296
3978	4.2883566625e-2	0.355442	0.80992072	0.66272501	-0.002655	-1.022127	-1.338825	-13	0.842301
3979	4.2601353631e-2	0.353113	0.80993191	0.66246516	-0.002404	-1.020044	-1.321558	-12	0.842306
3980	4.2831378034e-2	0.355031	0.80993295	0.66269728	-0.002404	-1.020044	-1.321558	-12	0.842310
3981	4.2773360507e-2	0.354561	0.80995209	0.66267754	-0.002152	-1.017962	-1.304298	-11	0.842315
3982	4.2578272789e-2	0.352954	0.80997514	0.66252855	-0.002404	-1.020044	-1.321555	-12	0.842320
3983	4.2538543902e-2	0.352636	0.80996554	0.66246963	-0.002152	-1.017963	-1.304302	-11	0.842325
3984	4.2885297529e-2	0.355521	0.80998873	0.66286276	-0.002152	-1.017963	-1.304302	-11	0.842330
3985	4.2852469803e-2	0.355260	0.80999504	0.66284255	-0.001902	-1.015882	-1.287055	-10	0.842335
3986	4.2619417592e-2	0.353338	0.80996846	0.66255634	-0.001651	-1.013802	-1.269811	-9	0.842340
3987	4.2861774995e-2	0.355358	0.80994034	0.66274246	-0.001651	-1.013802	-1.269811	-9	0.842345
3988	4.2722557758e-2	0.354215	0.80995177	0.66262610	-0.001651	-1.013802	-1.269811	-9	0.842350
3989	4.2623969479e-2	0.353408	0.80995168	0.66252733	-0.001901	-1.015881	-1.287045	-10	0.842355
3990	4.2515787269e-2	0.352522	0.80995223	0.66242024	-0.002152	-1.017959	-1.304275	-11	0.842359
3991	4.2291162371e-2	0.350670	0.80998891	0.66226898	-0.001901	-1.015881	-1.287048	-10	0.842364
3992	4.2528225179e-2	0.352646	0.81002244	0.66257311	-0.001901	-1.015881	-1.287048	-10	0.842369
3993	4.2777729866e-2	0.354726	0.81006529	0.66290830	-0.001901	-1.015881	-1.287048	-10	0.842374
3994	4.3239284102e-2	0.358564	0.81011582	0.66347092	-0.001651	-1.013805	-1.269831	-9	0.842379
3995	4.3022677754e-2	0.356778	0.81009802	0.66321872	-0.001901	-1.015881	-1.287045	-10	0.842384
3996	4.3028603569e-2	0.356838	0.81010840	0.66324541	-0.001901	-1.015881	-1.287045	-10	0.842389
3997	4.2675505341e-2	0.353921	0.81011869	0.66291289	-0.001651	-1.013806	-1.269837	-9	0.842394
3998	4.2575783944e-2	0.353104	0.81013984	0.66285546	-0.001401	-1.011732	-1.252633	-8	0.842398
3999	4.2963258146e-2	0.356329	0.81013058	0.66322442	-0.001651	-1.013805	-1.269834	-9	0.842403
4000	4.3327196852e-2	0.359358	0.81014393	0.66361506	-0.001651	-1.013805	-1.269834	-9	0.842408
4001	4.3333842627e-2	0.359424	0.81013012	0.66359409	-0.001901	-1.015879	-1.287029	-10	0.842413
4002	4.3184302479e-2	0.358194	0.81013069	0.66344569	-0.001651	-1.013806	-1.269837	-9	0.842418
4003	4.3316969017e-2	0.359306	0.81014834	0.66361366	-0.001901	-1.015878	-1.287025	-10	0.842423
4004	4.2882256305e-2	0.355710	0.81014777	0.66317780	-0.001901	-1.015878	-1.287025	-10	0.842427
4005	4.3257947321e-2	0.358838	0.81013082	0.66351958	-0.001901	-1.015878	-1.287025	-10	0.842432
4006	4.3115878932e-2	0.357670	0.81016229	0.66344047	-0.001651	-1.013807	-1.269847	-9	0.842437
4007	4.3123783262e-2	0.357746	0.81014774	0.66341926	-0.001901	-1.015878	-1.287022	-10	0.842442
4008	4.2280462229e-2	0.350761	0.81013391	0.66254827	-0.001901	-1.015878	-1.287022	-10	0.842447
4009	4.2346387455e-2	0.351318	0.81011302	0.66257243	-0.001651	-1.013808	-1.269853	-9	0.842452
4010	4.2276233737e-2	0.350747	0.81011463	0.66250550	-0.001901	-1.015877	-1.287019	-10	0.842457
4011	4.2313748357e-2	0.351069	0.81014393	0.66260161	-0.002150	-1.017946	-1.304181	-11	0.842461
4012	4.2151984725e-2	0.349737	0.81013869	0.66242936	-0.002150	-1.017946	-1.304181	-11	0.842466
4013	4.2087343179e-2	0.349211	0.81014081	0.66236897	-0.002399	-1.020013	-1.321336	-12	0.842471
4014	4.2157253686e-2	0.349802	0.81018573	0.66252871	-0.002399	-1.020013	-1.321336	-12	0.842476
4015	4.2233099447e-2	0.350442	0.81019295	0.66261900	-0.002648	-1.022080	-1.338485	-13	0.842481
4016	4.2142271947e-2	0.349698	0.81018135	0.66250498	-0.002648	-1.022080	-1.338485	-13	0.842486
4017	4.2511234162e-2	0.352771	0.81020230	0.66291584	-0.002897	-1.024146	-1.355628	-14	0.842491
4018	4.2215315944e-2	0.350325	0.81018501	0.66258534	-0.002897	-1.024146	-1.355628	-14	0.842496
4019	4.2472624271e-2	0.352471	0.81020634	0.66288530	-0.003146	-1.026211	-1.372764	-15	0.842500
4020	4.2427165707e-2	0.352105	0.81016988	0.66276692	-0.003146	-1.026211	-1.372764	-15	0.842505
4021	4.2613242376e-2	0.353659	0.81019486	0.66300297	-0.003395	-1.028275	-1.389894	-16	0.842510
4022	4.2459981798e-2	0.352398	0.81021016	0.66288030	-0.003146	-1.026211	-1.372767	-15	0.842515
4023	4.2075556791e-2	0.349218	0.81022408	0.66252372	-0.003146	-1.026211	-1.372767	-15	0.842520
4024	4.2048197632e-2	0.349001	0.81019876	0.66244571	-0.003146	-1.026211	-1.372767	-15	0.842525
4025	4.2386072026e-2	0.351816	0.81022777	0.66284162	-0.003146	-1.026211	-1.372767	-15	0.842530
4026	4.2529962224e-2	0.353021	0.81019374	0.66291744	-0.002898	-1.024149	-1.355654	-14	0.842535
4027	4.2464006601e-2	0.352484	0.81020060	0.66286520	-0.003146	-1.026211	-1.372764	-15	0.842540
4028	4.2758872240e-2	0.354942	0.81021450	0.66318787	-0.003146	-1.026211	-1.372764	-15	0.842545
4029	4.2682438521e-2	0.354319	0.81022521	0.66313285	-0.003394	-1.028271	-1.389868	-16	0.842549
4030	4.2279012650e-2	0.350980	0.81021836	0.66271574	-0.003146	-1.026211	-1.372767	-15	0.842554
4031	4.2509804625e-2	0.352907	0.81025136	0.66301252	-0.002898	-1.024152	-1.355670	-14	0.842559
4032	4.2607952398e-2	0.353732	0.81023625	0.66308045	-0.002898	-1.024152	-1.355670	-14	0.842564
4033	4.2461605492e-2	0.352528	0.81018336	0.66282832	-0.002650	-1.022093	-1.338579	-13	0.842569
4034	4.2356112701e-2	0.351662	0.81020475	0.66276561	-0.002402	-1.020035	-1.321491	-12	0.842574
4035	4.2178252172e-2	0.350196	0.81025307	0.66268440	-0.002650	-1.022093	-1.338576	-13	0.842579
4036	4.2385406303e-2	0.351926	0.81027757	0.66294055	-0.002650	-1.022093	-1.338576	-13	0.842584
4037	4.2943291419e-2	0.356569	0.81029808	0.66353945	-0.002402	-1.020036	-1.321498	-12	0.842588
4038	4.2176932909e-2	0.350216	0.81023079	0.66263852	-0.002650	-1.022092	-1.338572	-13	0.842593
4039	4.2038203493e-2	0.349075	0.81023841	0.66251502	-0.002402	-1.020036	-1.321501	-12	0.842598
4040	4.2294289414e-2	0.351212	0.81025162	0.66279753	-0.002402	-1.020036	-1.321501	-12	0.842603
4041	4.1822115120e-2	0.347301	0.81021150	0.66224511	-0.002402	-1.020036	-1.321501	-12	0.842608
4042	4.2074947072e-2	0.349411	0.81020334	0.66248163	-0.002650	-1.022091	-1.338563	-13	0.842613
4043	4.2100548070e-2	0.349634	0.81021478	0.66253011	-0.002403	-1.020037	-1.321504	-12	0.842618
4044	4.2139459711e-2	0.349968	0.81022477	0.66258901	-0.002403	-1.020037	-1.321504	-12	0.842622
4045	4.1920081446e-2	0.348156	0.81016680	0.66225369	-0.002155	-1.017984	-1.304452	-11	0.842627
4046	4.1945293141e-2	0.348376	0.81017519	0.66229568	-0.002155	-1.017984	-1.304452	-11	0.842632
4047	4.1806504839e-2	0.347234	0.81016774	0.66214199	-0.002402	-1.020036	-1.321498	-12	0.842637
4048	4.1818594950e-2	0.347344	0.81014734	0.66211328	-0.002402	-1.020036	-1.321498	-12	0.842642
4049	4.1830969532e-2	0.347457	0.81015795	0.66214686	-0.002649	-1.022087	-1.338537	-13	0.842646
4050	4.2015250478e-2	0.348999	0.81021997	0.66245518	-0.002649	-1.022087	-1.338537	-13	0.842651
4051	4.1778039308e-2	0.347038	0.81022554	0.66222912	-0.002896	-1.024138	-1.355570	-14	0.842656
4052	4.1990103846e-2	0.348810	0.81018447	0.66235905	-0.002896	-1.024138	-1.355570	-14	0.842661
4053	4.1964861709e-2	0.348611	0.81017138	0.66230761	-0.003143	-1.026187	-1.372597	-15	0.842666
4054	4.1947890476e-2	0.348480	0.81015774	0.66226337	-0.002896	-1.024138	-1.355574	-14	0.842671
4055	4.1826984330e-2	0.347486	0.81017677	0.66218053	-0.002650	-1.022089	-1.338553	-13	0.842675
4056	4.2015863906e-2	0.349066	0.81019763	0.66241113	-0.002650	-1.022089	-1.338553	-13	0.842680
4057	4.1978778237e-2	0.348768	0.81022876	0.66243629	-0.002896	-1.024137	-1.355567	-14	0.842685
4058	4.1560298943e-2	0.345301	0.81025281	0.66206592	-0.002650	-1.022090	-1.338556	-13	0.842690
4059	4.1699583544e-2	0.346469	0.81025624	0.66221205	-0.002650	-1.022090	-1.338556	-13	0.842695
4060	4.1644861525e-2	0.346025	0.81025871	0.66216228	-0.002650	-1.022090	-1.338556	-13	0.842700
4061	4.1819891640e-2	0.347489	0.81025765	0.66233520	-0.002404	-1.020044	-1.321555	-12	0.842704
4062	4.1639262830e-2	0.345999	0.81025945	0.66215817	-0.002650	-1.022089	-1.338553	-13	0.842709
4063	4.1621511712e-2	0.345861	0.81024410	0.66210971	-0.002404	-1.020044	-1.321558	-12	0.842714
4064	4.1583388212e-2	0.345555	0.81022129	0.66202597	-0.002404	-1.020044	-1.321558	-12	0.842719
4065	4.1495187134e-2	0.344832	0.81023559	0.66196637	-0.002650	-1.022089	-1.338547	-13	0.842724
4066	4.1798777880e-2	0.347365	0.81028702	0.66237281	-0.002896	-1.024132	-1.355532	-14	0.842728
4067	4.1740459266e-2	0.346891	0.81026977	0.66228000	-0.002896	-1.024132	-1.355532	-14	0.842733
4068	4.1660652635e-2	0.346238	0.81027500	0.66221066	-0.002896	-1.024132	-1.355532	-14	0.842738
4069	4.1660710508e-2	0.346249	0.81028559	0.66223189	-0.002650	-1.022090	-1.338556	-13	0.842743
4070	4.1828618368e-2	0.347654	0.81030108	0.66243077	-0.002404	-1.020048	-1.321584	-12	0.842748
4071	4.1847574231e-2	0.347822	0.81028071	0.66240900	-0.002650	-1.022089	-1.338553	-13	0.842753
4072	4.2024769821e-2	0.349305	0.81026928	0.66256332	-0.002650	-1.022089	-1.338553	-13	0.842757
4073	4.2311762518e-2	0.351701	0.81028468	0.66288112	-0.002895	-1.024130	-1.355517	-14	0.842762
4074	4.2256598461e-2	0.351253	0.81027236	0.66280132	-0.002650	-1.022090	-1.338556	-13	0.842767
4075	4.2387138254e-2	0.352348	0.81029105	0.66296924	-0.002650	-1.022090	-1.338556	-13	0.842772
4076	4.2492919905e-2	0.353238	0.81031823	0.66312937	-0.002650	-1.022090	-1.338556	-13	0.842777
4077	4.2478329263e-2	0.353127	0.81026423	0.66300680	-0.002650	-1.022090	-1.338556	-13	0.842781
4078	4.2377223890e-2	0.352297	0.81023897	0.66285516	-0.002405	-1.020051	-1.321609	-12	0.842786
4079	4.2186785449e-2	0.350724	0.81024871	0.66268420	-0.002650	-1.022089	-1.338553	-13	0.842791
4080	4.2173543119e-2	0.350625	0.81024745	0.66266844	-0.002650	-1.022089	-1.338553	-13	0.842796
4081	4.2197620622e-2	0.350835	0.81027037	0.66273835	-0.002895	-1.024127	-1.355491	-14	0.842801
4082	4.2334023690e-2	0.351980	0.81025328	0.66284059	-0.003140	-1.026164	-1.372426	-15	0.842805
4083	4.2435213377e-2	0.352831	0.81027785	0.66299091	-0.002895	-1.024127	-1.355494	-14	0.842810
4084	4.2494642462e-2	0.353336	0.81028885	0.66307233	-0.002895	-1.024127	-1.355494	-14	0.842815
4085	4.2774527386e-2	0.355673	0.81034889	0.66347230	-0.003140	-1.026163	-1.372420	-15	0.842820
4086	4.2962528496e-2	0.357247	0.81034405	0.66365064	-0.003140	-1.026163	-1.372420	-15	0.842825
4087	4.2897018561e-2	0.356713	0.81033741	0.66357184	-0.002895	-1.024128	-1.355501	-14	0.842829
4088	4.2925537385e-2	0.356961	0.81037345	0.66367245	-0.002895	-1.024128	-1.355501	-14	0.842834
4089	4.3153018811e-2	0.358863	0.81039249	0.66393800	-0.003139	-1.026162	-1.372414	-15	0.842839
4090	4.3280276440e-2	0.359932	0.81034565	0.66397157	-0.003384	-1.028195	-1.389323	-16	0.842844
4091	4.3411636116e-2	0.361035	0.81038956	0.66419076	-0.003628	-1.030228	-1.406230	-17	0.842849
4092	4.2864025235e-2	0.356491	0.81044248	0.66374899	-0.003628	-1.030228	-1.406230	-17	0.842853
4093	4.3038163396e-2	0.357950	0.81050095	0.66404007	-0.003873	-1.032260	-1.423130	-18	0.842858
4094	4.2836509212e-2	0.356283	0.81046691	0.66377032	-0.004117	-1.034292	-1.440027	-19	0.842863
4095	4.2656611195e-2	0.354797	0.81045869	0.66357398	-0.004117	-1.034292	-1.440027	-19	0.842868
4096	4.2476129419e-2	0.353307	0.81046965	0.66341543	-0.004117	-1.034292	-1.440027	-19	0.842873
4097	4.2258224961e-2	0.351504	0.81045786	0.66317395	-0.003873	-1.032261	-1.423140	-18	0.842878
4098	4.2237296216e-2	0.351341	0.81044718	0.66313166	-0.004117	-1.034291	-1.440024	-19	0.842882
4099	4.2394342830e-2	0.352657	0.81043259	0.66325952	-0.004361	-1.036321	-1.456906	-20	0.842887
4100	4.2329690393e-2	0.352130	0.81040746	0.66314460	-0.004361	-1.036321	-1.456906	-20	0.842892
4101	4.2512879347e-2	0.353664	0.81039069	0.66329425	-0.004117	-1.034292	-1.440031	-19	0.842897
4102	4.2283086561e-2	0.351763	0.81036096	0.66300501	-0.004361	-1.036320	-1.456903	-20	0.842902
4103	4.2110907141e-2	0.350341	0.81038039	0.66287170	-0.004117	-1.034292	-1.440034	-19	0.842907
4104	4.1999069424e-2	0.349420	0.81038123	0.66276154	-0.004117	-1.034292	-1.440034	-19	0.842912
4105	4.2215012861e-2	0.351227	0.81036467	0.66294436	-0.003874	-1.032266	-1.423171	-18	0.842916
4106	4.2143502383e-2	0.350643	0.81035002	0.66284355	-0.003630	-1.030239	-1.406311	-17	0.842921
4107	4.1994899355e-2	0.349416	0.81037923	0.66275337	-0.003630	-1.030239	-1.406311	-17	0.842926
4108	4.1754648235e-2	0.347428	0.81040798	0.66257061	-0.003630	-1.030239	-1.406311	-17	0.842931
4109	4.1605126253e-2	0.346194	0.81040979	0.66242471	-0.003387	-1.028214	-1.389461	-16	0.842936
4110	4.1658637790e-2	0.346649	0.81041008	0.66247881	-0.003143	-1.026190	-1.372614	-15	0.842940
4111	4.1629383937e-2	0.346416	0.81043914	0.66250766	-0.003387	-1.028214	-1.389458	-16	0.842945
4112	4.1673752983e-2	0.346795	0.81046701	0.66260777	-0.003387	-1.028214	-1.389458	-16	0.842950
4113	4.1559421324e-2	0.345854	0.81052826	0.66261594	-0.003387	-1.028214	-1.389458	-16	0.842955
4114	4.1529549545e-2	0.345615	0.81050177	0.66253310	-0.003387	-1.028214	-1.389458	-16	0.842960
4115	4.1487968430e-2	0.345279	0.81047318	0.66243432	-0.003144	-1.026191	-1.372626	-15	0.842964
4116	4.1659111991e-2	0.346714	0.81049602	0.66265116	-0.003144	-1.026191	-1.372626	-15	0.842969
4117	4.1655846518e-2	0.346697	0.81047313	0.66260210	-0.002901	-1.024170	-1.355801	-14	0.842974
4118	4.1616066454e-2	0.346376	0.81044715	0.66251037	-0.003143	-1.026191	-1.372623	-15	0.842979
4119	4.1672190246e-2	0.346853	0.81045439	0.66258096	-0.002901	-1.024170	-1.355804	-14	0.842983
4120	4.1516220206e-2	0.345565	0.81047586	0.66246794	-0.002901	-1.024170	-1.355804	-14	0.842988
4121	4.1663281109e-2	0.346799	0.81045732	0.66257793	-0.002658	-1.022150	-1.338991	-13	0.842993
4122	4.1617881726e-2	0.346431	0.81046826	0.66255440	-0.002658	-1.022150	-1.338991	-13	0.842998
4123	4.1761622867e-2	0.347638	0.81044196	0.66264555	-0.002901	-1.024169	-1.355798	-14	0.843002
4124	4.1785696756e-2	0.347848	0.81044106	0.66266783	-0.002901	-1.024169	-1.355798	-14	0.843007
4125	4.1816581457e-2	0.348116	0.81042143	0.66265944	-0.002901	-1.024169	-1.355798	-14	0.843012
4126	4.1612106230e-2	0.346423	0.81043999	0.66249209	-0.002658	-1.022152	-1.339000	-13	0.843017
4127	4.1766163630e-2	0.347716	0.81044709	0.66266035	-0.002901	-1.024169	-1.355795	-14	0.843021
4128	4.1774886026e-2	0.347799	0.81045534	0.66268556	-0.002901	-1.024169	-1.355795	-14	0.843026
4129	4.1964650941e-2	0.349389	0.81044551	0.66285568	-0.003143	-1.026185	-1.372583	-15	0.843031
4130	4.1943713826e-2	0.349225	0.81046349	0.66287070	-0.002901	-1.024169	-1.355798	-14	0.843036
4131	4.1614664307e-2	0.346495	0.81048894	0.66259254	-0.002901	-1.024169	-1.355798	-14	0.843040
4132	4.1699351448e-2	0.347210	0.81044710	0.66259355	-0.002901	-1.024169	-1.355798	-14	0.843045
4133	4.1622322405e-2	0.346579	0.81049924	0.66262081	-0.003143	-1.026184	-1.372574	-15	0.843050
4134	4.1682190594e-2	0.347088	0.81050328	0.66268875	-0.002901	-1.024170	-1.355801	-14	0.843055
4135	4.1810061051e-2	0.348163	0.81048942	0.66278890	-0.002659	-1.022156	-1.339031	-13	0.843059
4136	4.1814569180e-2	0.348210	0.81046113	0.66273683	-0.002659	-1.022156	-1.339031	-13	0.843064
4137	4.1877385979e-2	0.348743	0.81046989	0.66281717	-0.002901	-1.024169	-1.355795	-14	0.843069
4138	4.1710503114e-2	0.347364	0.81052036	0.66275122	-0.002659	-1.022156	-1.339034	-13	0.843073
4139	4.1753536073e-2	0.347732	0.81053294	0.66281941	-0.002900	-1.024169	-1.355791	-14	0.843078
4140	4.1947570118e-2	0.349358	0.81048966	0.66292689	-0.002900	-1.024169	-1.355791	-14	0.843083
4141	4.1956380799e-2	0.349442	0.81053528	0.66302694	-0.002659	-1.022157	-1.339040	-13	0.843088
4142	4.1893291464e-2	0.348926	0.81057736	0.66304800	-0.002900	-1.024168	-1.355788	-14	0.843092
4143	4.1783055408e-2	0.348018	0.81059451	0.66297207	-0.002659	-1.022158	-1.339043	-13	0.843097
4144	4.1837705086e-2	0.348484	0.81055328	0.66294427	-0.002659	-1.022158	-1.339043	-13	0.843102
4145	4.1975819802e-2	0.349644	0.81055648	0.66308879	-0.002418	-1.020148	-1.322304	-12	0.843106
4146	4.1893135705e-2	0.348966	0.81060499	0.66310312	-0.002659	-1.022157	-1.339040	-13	0.843111
4147	4.1889144968e-2	0.348942	0.81065409	0.66319733	-0.002900	-1.024166	-1.355773	-14	0.843116
4148	4.1872554468e-2	0.348814	0.81062020	0.66311296	-0.002900	-1.024166	-1.355773	-14	0.843120
4149	4.1680749546e-2	0.347227	0.81062421	0.66292917	-0.002900	-1.024166	-1.355773	-14	0.843125
4150	4.1779464115e-2	0.348059	0.81063331	0.66304608	-0.002900	-1.024166	-1.355773	-14	0.843130
4151	4.1711371360e-2	0.347502	0.81062543	0.66296223	-0.002659	-1.022159	-1.339052	-13	0.843135
4152	4.1943311427e-2	0.349444	0.81064375	0.66323082	-0.002659	-1.022159	-1.339052	-13	0.843139
4153	4.2094545219e-2	0.350714	0.81068605	0.66346664	-0.002900	-1.024165	-1.355767	-14	0.843144
4154	4.1797728863e-2	0.348251	0.81068917	0.66317607	-0.003141	-1.026171	-1.372478	-15	0.843149
4155	4.1924035343e-2	0.349314	0.81073047	0.66338497	-0.003381	-1.028176	-1.389187	-16	0.843153
4156	4.2114302292e-2	0.350909	0.81071461	0.66354352	-0.003381	-1.028176	-1.389187	-16	0.843158
4157	4.2089443954e-2	0.350712	0.81073847	0.66356638	-0.003622	-1.030181	-1.405889	-17	0.843163
4158	4.2025402737e-2	0.350189	0.81077376	0.66357293	-0.003622	-1.030181	-1.405889	-17	0.843168
4159	4.1726631830e-2	0.347709	0.81075571	0.66323805	-0.003862	-1.032184	-1.422585	-18	0.843172
4160	4.1984098458e-2	0.349865	0.81078490	0.66355391	-0.003862	-1.032184	-1.422585	-18	0.843177
4161	4.1823158306e-2	0.348534	0.81080345	0.66343007	-0.004103	-1.034187	-1.439275	-19	0.843182
4162	4.1599077470e-2	0.346676	0.81080493	0.66320895	-0.003862	-1.032185	-1.422588	-18	0.843187
4163	4.1627567948e-2	0.346924	0.81078660	0.66320077	-0.003622	-1.030183	-1.405904	-17	0.843191
4164	4.1698420718e-2	0.347524	0.81081899	0.66333641	-0.003622	-1.030183	-1.405904	-17	0.843196
4165	4.1570789314e-2	0.346471	0.81083432	0.66323943	-0.003622	-1.030183	-1.405904	-17	0.843201
4166	4.1695958633e-2	0.347524	0.81083718	0.66337032	-0.003382	-1.028182	-1.389229	-16	0.843205
4167	4.1681841271e-2	0.347416	0.81080816	0.66329816	-0.003382	-1.028182	-1.389229	-16	0.843210
4168	4.1717072218e-2	0.347720	0.81076732	0.66325171	-0.003382	-1.028182	-1.389229	-16	0.843215
4169	4.1729057435e-2	0.347830	0.81075214	0.66323335	-0.003142	-1.026183	-1.372564	-15	0.843220
4170	4.1919812668e-2	0.349430	0.81072304	0.66336589	-0.002903	-1.024184	-1.355901	-14	0.843224
4171	4.1551163905e-2	0.346367	0.81073519	0.66302155	-0.002663	-1.022185	-1.339241	-13	0.843229
4172	4.1376324537e-2	0.344919	0.81074260	0.66286153	-0.002663	-1.022185	-1.339241	-13	0.843234
4173	4.1515191522e-2	0.346087	0.81075975	0.66303470	-0.002902	-1.024183	-1.355895	-14	0.843238
4174	4.1538493920e-2	0.346291	0.81074693	0.66303235	-0.002663	-1.022186	-1.339244	-13	0.843243
4175	4.1577571258e-2	0.346627	0.81074905	0.66307567	-0.002663	-1.022186	-1.339244	-13	0.843248
4176	4.1537652751e-2	0.346304	0.81075921	0.66305607	-0.002663	-1.022186	-1.339244	-13	0.843252
4177	4.1595040096e-2	0.346792	0.81073938	0.66307379	-0.002902	-1.024182	-1.355886	-14	0.843257
4178	4.1679748269e-2	0.347509	0.81075827	0.66319629	-0.002663	-1.022186	-1.339247	-13	0.843262
4179	4.1622452185e-2	0.347041	0.81075857	0.66313960	-0.002902	-1.024181	-1.355883	-14	0.843266
4180	4.1846641949e-2	0.348920	0.81076254	0.66337171	-0.002902	-1.024181	-1.355883	-14	0.843271
4181	4.1796015451e-2	0.348508	0.81077467	0.66334535	-0.002663	-1.022187	-1.339254	-13	0.843276
4182	4.2020766842e-2	0.350392	0.81079071	0.66360219	-0.002424	-1.020193	-1.322627	-12	0.843280
4183	4.1742915008e-2	0.348085	0.81079094	0.66332480	-0.002185	-1.018199	-1.306004	-11	0.843285
4184	4.1988508979e-2	0.350143	0.81078806	0.66356463	-0.002185	-1.018199	-1.306004	-11	0.843289
4185	4.2034934924e-2	0.350540	0.81075148	0.66353790	-0.002185	-1.018199	-1.306004	-11	0.843294
4186	4.1822676208e-2	0.348780	0.81075322	0.66332911	-0.001946	-1.016207	-1.289390	-10	0.843299
4187	4.1956796388e-2	0.349909	0.81076434	0.66348548	-0.001707	-1.014215	-1.272778	-9	0.843303
4188	4.2121614713e-2	0.351293	0.81074151	0.66360464	-0.001707	-1.014215	-1.272778	-9	0.843308
4189	4.2075633817e-2	0.350920	0.81073698	0.66354960	-0.001468	-1.012224	-1.256173	-8	0.843312
4190	4.2297674865e-2	0.352782	0.81075264	0.66380296	-0.001707	-1.014215	-1.272775	-9	0.843317
4191	4.1818585370e-2	0.348796	0.81078140	0.66338139	-0.001946	-1.016205	-1.289375	-10	0.843322
4192	4.1818022699e-2	0.348801	0.81073672	0.66329146	-0.001946	-1.016205	-1.289375	-10	0.843326
4193	4.1926307242e-2	0.349715	0.81077178	0.66346987	-0.001707	-1.014216	-1.272781	-9	0.843331
4194	4.1805649356e-2	0.348718	0.81079967	0.66340499	-0.001707	-1.014216	-1.272781	-9	0.843335
4195	4.1632121466e-2	0.347281	0.81082817	0.66328847	-0.001469	-1.012227	-1.256194	-8	0.843340
4196	4.1704861538e-2	0.347897	0.81080562	0.66331610	-0.001469	-1.012227	-1.256194	-8	0.843344
4197	4.1492681983e-2	0.346137	0.81081955	0.66313179	-0.001231	-1.010240	-1.239613	-7	0.843349
4198	4.1342406732e-2	0.344893	0.81078981	0.66292203	-0.000992	-1.008253	-1.223035	-6	0.843354
4199	4.1289211775e-2	0.344459	0.81077619	0.66284158	-0.001230	-1.010239	-1.239610	-7	0.843358
4200	4.1492197345e-2	0.346163	0.81078731	0.66306682	-0.001230	-1.010239	-1.239610	-7	0.843363
4201	4.1571735347e-2	0.346836	0.81078360	0.66313894	-0.001469	-1.012225	-1.256179	-8	0.843367
4202	4.1611803203e-2	0.347180	0.81075982	0.66313145	-0.001706	-1.014211	-1.272745	-9	0.843372
4203	4.1941870732e-2	0.349944	0.81071734	0.66337655	-0.001706	-1.014211	-1.272745	-9	0.843376
4204	4.1956004270e-2	0.350072	0.81072413	0.66340427	-0.001706	-1.014211	-1.272745	-9	0.843381
4205	4.1942485780e-2	0.349969	0.81069627	0.66333503	-0.001706	-1.014211	-1.272745	-9	0.843385
4206	4.2105121298e-2	0.351336	0.81069320	0.66349151	-0.001944	-1.016195	-1.289300	-10	0.843390
4207	4.2056011907e-2	0.350937	0.81071120	0.66347842	-0.001707	-1.014211	-1.272748	-9	0.843395
4208	4.1760005231e-2	0.348477	0.81074972	0.66325944	-0.001707	-1.014211	-1.272748	-9	0.843399
4209	4.1662458621e-2	0.347672	0.81079202	0.66324650	-0.001944	-1.016194	-1.289294	-10	0.843404
4210	4.1713631008e-2	0.348109	0.81076847	0.66325058	-0.002182	-1.018176	-1.305836	-11	0.843408
4211	4.1486511063e-2	0.346224	0.81078832	0.66306315	-0.002419	-1.020158	-1.322375	-12	0.843413
4212	4.1443819205e-2	0.345877	0.81080640	0.66305663	-0.002419	-1.020158	-1.322375	-12	0.843417
4213	4.1581692111e-2	0.347038	0.81081462	0.66321093	-0.002182	-1.018177	-1.305842	-11	0.843422
4214	4.1503281683e-2	0.346393	0.81086500	0.66323329	-0.002182	-1.018177	-1.305842	-11	0.843427
4215	4.1499654983e-2	0.346373	0.81085193	0.66320352	-0.002419	-1.020157	-1.322369	-12	0.843431
4216	4.1542117596e-2	0.346737	0.81085808	0.66325829	-0.002419	-1.020157	-1.322369	-12	0.843436
4217	4.1467006586e-2	0.346120	0.81085865	0.66318430	-0.002656	-1.022137	-1.338890	-13	0.843440
4218	4.1492824073e-2	0.346345	0.81088031	0.66325345	-0.002419	-1.020158	-1.322372	-12	0.843445
4219	4.1664373494e-2	0.347787	0.81085468	0.66337373	-0.002656	-1.022136	-1.338887	-13	0.843450
4220	4.1634266639e-2	0.347546	0.81084147	0.66331720	-0.002656	-1.022136	-1.338887	-13	0.843454
4221	4.1656552362e-2	0.347742	0.81085639	0.66336933	-0.002656	-1.022136	-1.338887	-13	0.843459
4222	4.1973877748e-2	0.350401	0.81081554	0.66360497	-0.002419	-1.020159	-1.322381	-12	0.843463
4223	4.1611273309e-2	0.347383	0.81082626	0.66326380	-0.002182	-1.018182	-1.305877	-11	0.843468
4224	4.1727955670e-2	0.348367	0.81078907	0.66330609	-0.002182	-1.018182	-1.305877	-11	0.843472
4225	4.1955188688e-2	0.350274	0.81079097	0.66353713	-0.002182	-1.018182	-1.305877	-11	0.843477
4226	4.1543047652e-2	0.346843	0.81080034	0.66314372	-0.001946	-1.016206	-1.289383	-10	0.843482
4227	4.1748125700e-2	0.348565	0.81077807	0.66330426	-0.001709	-1.014231	-1.272891	-9	0.843486
4228	4.1657607019e-2	0.347820	0.81081725	0.66329210	-0.001709	-1.014231	-1.272891	-9	0.843491
4229	4.2018740819e-2	0.350845	0.81079773	0.66361421	-0.001946	-1.016205	-1.289377	-10	0.843495
4230	4.1594714944e-2	0.347314	0.81079341	0.66318153	-0.001946	-1.016205	-1.289377	-10	0.843500
4231	4.1440734408e-2	0.346038	0.81081194	0.66306462	-0.002182	-1.018179	-1.305857	-11	0.843504
4232	4.1563350168e-2	0.347072	0.81082339	0.66321013	-0.002182	-1.018179	-1.305857	-11	0.843509
4233	4.1981240772e-2	0.350571	0.81080757	0.66359638	-0.002418	-1.020152	-1.322330	-12	0.843513
4234	4.2074288584e-2	0.351358	0.81078805	0.66365038	-0.002654	-1.022124	-1.338801	-13	0.843518
4235	4.2191826856e-2	0.352350	0.81080990	0.66381163	-0.002654	-1.022124	-1.338801	-13	0.843522
4236	4.2013287374e-2	0.350869	0.81083258	0.66367844	-0.002654	-1.022124	-1.338801	-13	0.843527
4237	4.2111380308e-2	0.351698	0.81081990	0.66375119	-0.002418	-1.020153	-1.322339	-12	0.843532
4238	4.2065255542e-2	0.351323	0.81084251	0.66375027	-0.002654	-1.022124	-1.338798	-13	0.843536
4239	4.2011718224e-2	0.350885	0.81085755	0.66372681	-0.002654	-1.022124	-1.338798	-13	0.843541
4240	4.1814867294e-2	0.349251	0.81091534	0.66364555	-0.002654	-1.022124	-1.338798	-13	0.843545
4241	4.2031480555e-2	0.351070	0.81092069	0.66387287	-0.002890	-1.024093	-1.355249	-14	0.843550
4242	4.2032665477e-2	0.351090	0.81087746	0.66378758	-0.002654	-1.022124	-1.338801	-13	0.843554
4243	4.2182077913e-2	0.352348	0.81084139	0.66386486	-0.002890	-1.024093	-1.355246	-14	0.843559
4244	4.2081015276e-2	0.351514	0.81087767	0.66383636	-0.002890	-1.024093	-1.355246	-14	0.843564
4245	4.2000206663e-2	0.350849	0.81093091	0.66386202	-0.003126	-1.026061	-1.371684	-15	0.843568
4246	4.2381799599e-2	0.354046	0.81091661	0.66421502	-0.003361	-1.028028	-1.388119	-16	0.843573
4247	4.2152962740e-2	0.352145	0.81092381	0.66400057	-0.003126	-1.026061	-1.371687	-15	0.843577
4248	4.2026134182e-2	0.351095	0.81095656	0.66393925	-0.003126	-1.026061	-1.371687	-15	0.843582
4249	4.2179677091e-2	0.352388	0.81099330	0.66416628	-0.002890	-1.024095	-1.355260	-14	0.843587
4250	4.2355321195e-2	0.353865	0.81097205	0.66429942	-0.002890	-1.024095	-1.355260	-14	0.843591
4251	4.2311529243e-2	0.353509	0.81100642	0.66432438	-0.003126	-1.026060	-1.371681	-15	0.843596
4252	4.2547991569e-2	0.355495	0.81103450	0.66461700	-0.003126	-1.026060	-1.371681	-15	0.843600
4253	4.2278967021e-2	0.353257	0.81104549	0.66436994	-0.003361	-1.028025	-1.388096	-16	0.843605
4254	4.1995631294e-2	0.350899	0.81103110	0.66405783	-0.003596	-1.029989	-1.404508	-17	0.843609
4255	4.1893270494e-2	0.350054	0.81103524	0.66396375	-0.003831	-1.031953	-1.420917	-18	0.843614
4256	4.2103751830e-2	0.351823	0.81104834	0.66420043	-0.003831	-1.031953	-1.420917	-18	0.843619
4257	4.2045952812e-2	0.351349	0.81109426	0.66423447	-0.003831	-1.031953	-1.420917	-18	0.843623
4258	4.2069315534e-2	0.351555	0.81109460	0.66425851	-0.003596	-1.029990	-1.404517	-17	0.843628
4259	4.2022737150e-2	0.351175	0.81107116	0.66416505	-0.003831	-1.031952	-1.420914	-18	0.843632
4260	4.1947742437e-2	0.350558	0.81108946	0.66412667	-0.003831	-1.031952	-1.420914	-18	0.843637
4261	4.2087201546e-2	0.351734	0.81112261	0.66433243	-0.004066	-1.033914	-1.437305	-19	0.843642
4262	4.2348244477e-2	0.353925	0.81116028	0.66466880	-0.003831	-1.031953	-1.420917	-18	0.843646
4263	4.2396003884e-2	0.354334	0.81118410	0.66476420	-0.003831	-1.031953	-1.420917	-18	0.843651
4264	4.2663793366e-2	0.356582	0.81120448	0.66507276	-0.003831	-1.031953	-1.420917	-18	0.843655
4265	4.3050589906e-2	0.359825	0.81120516	0.66546091	-0.003596	-1.029993	-1.404537	-17	0.843660
4266	4.2488095162e-2	0.355134	0.81119674	0.66488158	-0.003596	-1.029993	-1.404537	-17	0.843665
4267	4.2580482029e-2	0.355916	0.81117779	0.66493606	-0.003362	-1.028034	-1.388163	-16	0.843669
4268	4.2287983599e-2	0.353481	0.81119092	0.66466982	-0.003362	-1.028034	-1.388163	-16	0.843674
4269	4.2205116842e-2	0.352798	0.81117983	0.66456478	-0.003128	-1.026076	-1.371795	-15	0.843678
4270	4.1854235772e-2	0.349875	0.81116947	0.66419318	-0.002894	-1.024118	-1.355430	-14	0.843683
4271	4.2336028847e-2	0.353912	0.81120712	0.66475028	-0.003128	-1.026076	-1.371792	-15	0.843688
4272	4.2182160952e-2	0.352636	0.81124679	0.66467574	-0.003128	-1.026076	-1.371792	-15	0.843692
4273	4.2322739575e-2	0.353821	0.81120701	0.66473675	-0.003362	-1.028032	-1.388149	-16	0.843697
4274	4.2449542061e-2	0.354891	0.81122503	0.66489960	-0.003128	-1.026076	-1.371795	-15	0.843701
4275	4.2691421738e-2	0.356923	0.81124034	0.66517209	-0.003128	-1.026076	-1.371795	-15	0.843706
4276	4.2974454176e-2	0.359300	0.81129042	0.66555530	-0.003128	-1.026076	-1.371795	-15	0.843710
4277	4.2506707069e-2	0.355399	0.81128511	0.66507692	-0.003362	-1.028031	-1.388140	-16	0.843715
4278	4.2156484001e-2	0.352481	0.81128530	0.66472708	-0.003128	-1.026076	-1.371798	-15	0.843719
4279	4.1959038128e-2	0.350839	0.81130861	0.66457626	-0.002894	-1.024122	-1.355459	-14	0.843724
4280	4.2351168749e-2	0.354128	0.81130363	0.66495842	-0.002894	-1.024122	-1.355459	-14	0.843728
4281	4.2811673222e-2	0.357989	0.81131524	0.66544214	-0.002661	-1.022169	-1.339126	-13	0.843733
4282	4.2523109543e-2	0.355586	0.81134173	0.66520658	-0.002427	-1.020216	-1.322796	-12	0.843737
4283	4.2260373358e-2	0.353399	0.81131556	0.66489149	-0.002661	-1.022169	-1.339123	-13	0.843742
4284	4.2130197157e-2	0.352320	0.81132664	0.66478348	-0.002661	-1.022169	-1.339123	-13	0.843746
4285	4.2092881386e-2	0.352018	0.81131334	0.66471956	-0.002427	-1.020217	-1.322802	-12	0.843751
4286	4.2258361540e-2	0.353411	0.81129545	0.66484926	-0.002194	-1.018266	-1.306483	-11	0.843756
4287	4.2466068323e-2	0.355158	0.81132437	0.66511481	-0.001961	-1.016315	-1.290167	-10	0.843760
4288	4.2306100663e-2	0.353830	0.81127295	0.66485200	-0.001961	-1.016315	-1.290167	-10	0.843764
4289	4.2214398312e-2	0.353073	0.81129402	0.66480243	-0.002194	-1.018265	-1.306477	-11	0.843769
4290	4.2194325356e-2	0.352915	0.81129031	0.66477494	-0.002427	-1.020215	-1.322784	-12	0.843773
4291	4.1920398248e-2	0.350634	0.81129039	0.66450118	-0.002194	-1.018265	-1.306480	-11	0.843778
4292	4.1931579634e-2	0.350737	0.81131158	0.66455473	-0.002194	-1.018265	-1.306480	-11	0.843782
4293	4.1929518579e-2	0.350730	0.81134529	0.66462010	-0.002194	-1.018265	-1.306480	-11	0.843787
4294	4.2099107515e-2	0.352158	0.81133365	0.66476640	-0.002427	-1.020213	-1.322776	-12	0.843791
4295	4.2299217705e-2	0.353842	0.81130484	0.66490890	-0.002194	-1.018266	-1.306483	-11	0.843796
4296	4.1923626598e-2	0.350710	0.81130308	0.66452979	-0.002194	-1.018266	-1.306483	-11	0.843800
4297	4.1921471613e-2	0.350701	0.81130051	0.66452249	-0.002427	-1.020213	-1.322770	-12	0.843805
4298	4.2351351844e-2	0.354307	0.81132507	0.66500148	-0.002659	-1.022159	-1.339054	-13	0.843809
4299	4.2279999477e-2	0.353720	0.81134773	0.66497545	-0.002427	-1.020213	-1.322773	-12	0.843814
4300	4.2285685169e-2	0.353778	0.81137375	0.66503318	-0.002427	-1.020213	-1.322773	-12	0.843818
4301	4.2328150985e-2	0.354143	0.81138399	0.66509613	-0.002659	-1.022158	-1.339048	-13	0.843823
4302	4.2160296103e-2	0.352748	0.81143403	0.66502836	-0.002659	-1.022158	-1.339048	-13	0.843827
4303	4.2121650545e-2	0.352435	0.81145332	0.66502829	-0.002427	-1.020214	-1.322778	-12	0.843832
4304	4.2224734609e-2	0.353307	0.81145447	0.66513368	-0.002427	-1.020214	-1.322778	-12	0.843836
4305	4.1990942997e-2	0.351361	0.81143529	0.66486152	-0.002194	-1.018270	-1.306515	-11	0.843841
4306	4.2193452306e-2	0.353065	0.81140637	0.66500619	-0.001962	-1.016327	-1.290254	-10	0.843845
4307	4.2251757513e-2	0.353563	0.81145214	0.66515603	-0.001730	-1.014384	-1.273996	-9	0.843849
4308	4.2231729645e-2	0.353405	0.81143458	0.66510089	-0.001730	-1.014384	-1.273996	-9	0.843854
4309	4.2203510796e-2	0.353178	0.81139953	0.66500257	-0.001498	-1.012442	-1.257743	-8	0.843858
4310	4.2337827981e-2	0.354312	0.81141387	0.66516557	-0.001730	-1.014384	-1.273993	-9	0.843863
4311	4.2281622006e-2	0.353852	0.81137448	0.66503058	-0.001730	-1.014384	-1.273993	-9	0.843867
4312	4.2512688824e-2	0.355795	0.81141165	0.66533599	-0.001730	-1.014384	-1.273993	-9	0.843872
4313	4.2584566544e-2	0.356407	0.81137708	0.66533873	-0.001498	-1.012443	-1.257752	-8	0.843876
4314	4.2630634383e-2	0.356802	0.81138400	0.66539864	-0.001730	-1.014383	-1.273990	-9	0.843880
4315	4.2404174049e-2	0.354917	0.81138703	0.66517824	-0.001498	-1.012444	-1.257755	-8	0.843885
4316	4.2304638446e-2	0.354093	0.81137754	0.66505972	-0.001498	-1.012444	-1.257755	-8	0.843889
4317	4.2061049177e-2	0.352064	0.81136353	0.66478810	-0.001267	-1.010505	-1.241526	-7	0.843894
4318	4.1662436976e-2	0.348737	0.81136535	0.66439313	-0.001498	-1.012443	-1.257752	-8	0.843898
4319	4.1657223952e-2	0.348703	0.81134237	0.66434196	-0.001267	-1.010505	-1.241528	-7	0.843902
4320	4.1702698232e-2	0.349094	0.81136439	0.66443147	-0.001267	-1.010505	-1.241528	-7	0.843907
4321	4.1536132119e-2	0.347709	0.81135465	0.66424543	-0.001035	-1.008568	-1.225310	-6	0.843911
4322	4.1858647915e-2	0.350419	0.81133971	0.66453807	-0.000804	-1.006631	-1.209095	-5	0.843916
4323	4.1685589782e-2	0.348979	0.81138431	0.66445422	-0.001035	-1.008567	-1.225308	-6	0.843920
4324	4.1689596446e-2	0.349023	0.81135772	0.66440503	-0.001035	-1.008567	-1.225308	-6	0.843924
4325	4.1820896684e-2	0.350132	0.81138680	0.66459449	-0.001035	-1.008567	-1.225308	-6	0.843929
4326	4.1600512367e-2	0.348296	0.81135303	0.66430658	-0.000804	-1.006632	-1.209104	-5	0.843933
4327	4.1724711485e-2	0.349346	0.81136544	0.66445558	-0.001035	-1.008567	-1.225305	-6	0.843937
4328	4.1570424303e-2	0.348063	0.81140548	0.66438139	-0.001035	-1.008567	-1.225305	-6	0.843942
4329	4.1749186186e-2	0.349570	0.81140212	0.66455343	-0.001035	-1.008567	-1.225305	-6	0.843946
4330	4.1742317629e-2	0.349522	0.81142288	0.66458808	-0.001266	-1.010501	-1.241497	-7	0.843950
4331	4.1758598602e-2	0.349668	0.81142368	0.66460595	-0.001035	-1.008567	-1.225308	-6	0.843955
4332	4.1647723847e-2	0.348749	0.81140305	0.66445382	-0.001035	-1.008567	-1.225308	-6	0.843959
4333	4.1591976927e-2	0.348292	0.81142980	0.66445159	-0.000804	-1.006635	-1.209124	-5	0.843964
4334	4.1549329208e-2	0.347944	0.81144160	0.66443253	-0.001035	-1.008567	-1.225305	-6	0.843968
4335	4.1701821395e-2	0.349231	0.81143212	0.66456607	-0.001035	-1.008567	-1.225305	-6	0.843972
4336	4.1792657746e-2	0.350001	0.81144991	0.66469247	-0.001035	-1.008567	-1.225305	-6	0.843977
4337	4.1858442924e-2	0.350562	0.81146584	0.66479012	-0.001266	-1.010498	-1.241477	-7	0.843981
4338	4.1744722547e-2	0.349619	0.81146397	0.66467267	-0.001266	-1.010498	-1.241477	-7	0.843985
4339	4.1679448432e-2	0.349082	0.81151319	0.66470583	-0.001496	-1.012428	-1.257644	-8	0.843990
4340	4.1712936750e-2	0.349372	0.81153874	0.66479041	-0.001496	-1.012428	-1.257644	-8	0.843994
4341	4.1650855255e-2	0.348862	0.81153309	0.66471704	-0.001266	-1.010499	-1.241483	-7	0.843998
4342	4.1677592161e-2	0.349095	0.81151991	0.66471742	-0.001496	-1.012428	-1.257641	-8	0.844003
4343	4.1648781055e-2	0.348864	0.81150272	0.66465422	-0.001266	-1.010499	-1.241486	-7	0.844007
4344	4.1738900666e-2	0.349628	0.81149705	0.66473300	-0.001266	-1.010499	-1.241486	-7	0.844012
4345	4.1987246215e-2	0.351718	0.81148560	0.66495845	-0.001496	-1.012427	-1.257635	-8	0.844016
4346	4.2072106269e-2	0.352439	0.81149027	0.66505265	-0.001726	-1.014355	-1.273782	-9	0.844020
4347	4.1864821958e-2	0.350712	0.81149806	0.66486095	-0.001726	-1.014355	-1.273782	-9	0.844025
4348	4.1843447004e-2	0.350542	0.81154077	0.66492498	-0.001726	-1.014355	-1.273782	-9	0.844029
4349	4.1782523175e-2	0.350041	0.81157447	0.66493147	-0.001956	-1.016281	-1.289921	-10	0.844033
4350	4.1452731424e-2	0.347288	0.81157951	0.66461176	-0.001956	-1.016281	-1.289921	-10	0.844038
4351	4.1316166130e-2	0.346153	0.81160254	0.66452125	-0.001726	-1.014355	-1.273788	-9	0.844042
4352	4.1472340361e-2	0.347471	0.81162448	0.66472131	-0.001726	-1.014355	-1.273788	-9	0.844047
4353	4.1479134156e-2	0.347538	0.81161011	0.66469935	-0.001496	-1.012431	-1.257661	-8	0.844051
4354	4.1547289909e-2	0.348119	0.81163858	0.66482445	-0.001726	-1.014355	-1.273785	-9	0.844055
4355	4.1486479774e-2	0.347619	0.81167891	0.66484431	-0.001956	-1.016279	-1.289906	-10	0.844060
4356	4.1703623888e-2	0.349448	0.81164392	0.66499146	-0.001956	-1.016279	-1.289906	-10	0.844064
4357	4.1840246789e-2	0.350602	0.81163803	0.66511630	-0.002185	-1.018202	-1.306022	-11	0.844068
4358	4.1485170835e-2	0.347636	0.81167227	0.66482970	-0.001956	-1.016279	-1.289909	-10	0.844073
4359	4.1504281953e-2	0.347806	0.81164103	0.66478635	-0.001726	-1.014357	-1.273799	-9	0.844077
4360	4.1410802192e-2	0.347032	0.81167332	0.66475744	-0.001726	-1.014357	-1.273799	-9	0.844082
4361	4.1723344962e-2	0.349661	0.81167071	0.66506477	-0.001726	-1.014357	-1.273799	-9	0.844086
4362	4.1631242500e-2	0.348898	0.81167265	0.66497654	-0.001956	-1.016278	-1.289901	-10	0.844090
4363	4.1483006415e-2	0.347666	0.81168390	0.66485080	-0.002185	-1.018199	-1.306000	-11	0.844095
4364	4.1324512898e-2	0.346347	0.81170678	0.66473808	-0.002185	-1.018199	-1.306000	-11	0.844099
4365	4.1786104831e-2	0.350225	0.81169110	0.66516830	-0.002185	-1.018199	-1.306000	-11	0.844103
4366	4.1834998520e-2	0.350644	0.81173407	0.66530314	-0.002414	-1.020119	-1.322090	-12	0.844108
4367	4.1854519429e-2	0.350818	0.81177335	0.66540123	-0.002185	-1.018199	-1.306003	-11	0.844112
4368	4.1939026885e-2	0.351535	0.81177647	0.66549197	-0.002185	-1.018199	-1.306003	-11	0.844117
4369	4.2033335141e-2	0.352336	0.81176091	0.66555515	-0.001956	-1.016281	-1.289920	-10	0.844121
4370	4.2159481479e-2	0.353403	0.81179068	0.66574083	-0.001727	-1.014363	-1.273841	-9	0.844125
4371	4.2524287356e-2	0.356470	0.81180577	0.66613583	-0.001956	-1.016280	-1.289918	-10	0.844130
4372	4.1930987127e-2	0.351506	0.81183117	0.66559333	-0.001956	-1.016280	-1.289918	-10	0.844134
4373	4.1963728347e-2	0.351791	0.81182288	0.66560949	-0.002185	-1.018198	-1.305989	-11	0.844138
4374	4.1900632239e-2	0.351271	0.81187034	0.66564131	-0.002185	-1.018198	-1.305989	-11	0.844143
4375	4.1957026351e-2	0.351754	0.81192235	0.66580174	-0.002185	-1.018198	-1.305989	-11	0.844147
4376	4.2422732967e-2	0.355668	0.81193050	0.66628373	-0.002185	-1.018198	-1.305989	-11	0.844151
4377	4.2407645411e-2	0.355551	0.81196829	0.66634423	-0.001956	-1.016282	-1.289929	-10	0.844156
4378	4.2506106929e-2	0.356386	0.81197681	0.66645973	-0.002185	-1.018197	-1.305986	-11	0.844160
4379	4.2232267468e-2	0.354100	0.81196968	0.66617164	-0.001956	-1.016282	-1.289932	-10	0.844165
4380	4.2383515831e-2	0.355377	0.81199680	0.66637711	-0.001956	-1.016282	-1.289932	-10	0.844169
4381	4.2129918348e-2	0.353261	0.81202086	0.66617164	-0.001728	-1.014368	-1.273883	-9	0.844173
4382	4.2231309172e-2	0.354121	0.81200217	0.66623564	-0.001956	-1.016282	-1.289929	-10	0.844178
4383	4.2146900274e-2	0.353422	0.81201619	0.66617928	-0.001956	-1.016282	-1.289929	-10	0.844182
4384	4.2064400101e-2	0.352740	0.81203384	0.66613209	-0.001956	-1.016282	-1.289929	-10	0.844186
4385	4.2276050607e-2	0.354525	0.81205009	0.66637624	-0.001728	-1.014370	-1.273891	-9	0.844191
4386	4.2316181475e-2	0.354871	0.81203296	0.66638211	-0.001500	-1.012458	-1.257857	-8	0.844195
4387	4.2521429833e-2	0.356602	0.81202816	0.66657776	-0.001272	-1.010546	-1.241825	-7	0.844199
4388	4.1948491542e-2	0.351806	0.81204282	0.66603413	-0.001272	-1.010546	-1.241825	-7	0.844204
4389	4.2209268664e-2	0.354003	0.81200960	0.66622846	-0.001044	-1.008635	-1.225799	-6	0.844208
4390	4.2086885603e-2	0.352986	0.81197534	0.66603757	-0.001272	-1.010546	-1.241822	-7	0.844212
4391	4.1942250448e-2	0.351783	0.81196328	0.66586882	-0.001500	-1.012456	-1.257843	-8	0.844216
4392	4.2290592078e-2	0.354714	0.81194954	0.66618968	-0.001500	-1.012456	-1.257843	-8	0.844221
4393	4.2455657556e-2	0.356108	0.81197940	0.66641445	-0.001272	-1.010546	-1.241828	-7	0.844225
4394	4.2479437228e-2	0.356317	0.81200905	0.66649753	-0.001272	-1.010546	-1.241828	-7	0.844229
4395	4.2761429897e-2	0.358692	0.81199349	0.66674841	-0.001500	-1.012455	-1.257837	-8	0.844234
4396	4.2491032887e-2	0.356434	0.81200749	0.66650601	-0.001500	-1.012455	-1.257837	-8	0.844238
4397	4.2484532905e-2	0.356389	0.81201636	0.66651726	-0.001727	-1.014363	-1.273841	-9	0.844242
4398	4.2390868653e-2	0.355613	0.81206240	0.66651567	-0.001955	-1.016270	-1.289843	-10	0.844247
4399	4.2139774691e-2	0.353516	0.81203783	0.66621543	-0.001727	-1.014363	-1.273844	-9	0.844251
4400	4.2174072568e-2	0.353813	0.81208947	0.66635300	-0.001727	-1.014363	-1.273844	-9	0.844255
4401	4.2151211345e-2	0.353631	0.81206485	0.66628090	-0.001727	-1.014363	-1.273844	-9	0.844260
4402	4.2378152819e-2	0.355545	0.81210279	0.66658374	-0.001954	-1.016269	-1.289834	-10	0.844264
4403	4.2408194867e-2	0.355807	0.81212636	0.66666092	-0.002181	-1.018175	-1.305822	-11	0.844268
4404	4.2004358075e-2	0.352428	0.81213931	0.66628297	-0.002181	-1.018175	-1.305822	-11	0.844272
4405	4.1712883659e-2	0.349992	0.81216659	0.66604607	-0.001954	-1.016270	-1.289840	-10	0.844277
4406	4.1773247754e-2	0.350508	0.81219443	0.66616212	-0.001727	-1.014365	-1.273861	-9	0.844281
4407	4.1762558384e-2	0.350428	0.81221020	0.66618296	-0.001954	-1.016269	-1.289837	-10	0.844285
4408	4.1842890519e-2	0.351111	0.81223350	0.66630989	-0.001954	-1.016269	-1.289837	-10	0.844290
4409	4.2203879439e-2	0.354150	0.81226631	0.66673649	-0.002181	-1.018173	-1.305808	-11	0.844294
4410	4.2349527991e-2	0.355382	0.81227232	0.66689417	-0.002181	-1.018173	-1.305808	-11	0.844298
4411	4.2791531801e-2	0.359100	0.81227546	0.66734245	-0.001955	-1.016270	-1.289843	-10	0.844303
4412	4.3057187728e-2	0.361340	0.81227504	0.66760727	-0.001955	-1.016270	-1.289843	-10	0.844307
4413	4.2740551398e-2	0.358692	0.81232270	0.66738595	-0.001728	-1.014368	-1.273883	-9	0.844311
4414	4.2867015544e-2	0.359763	0.81231668	0.66750037	-0.001501	-1.012467	-1.257926	-8	0.844316
4415	4.2702439509e-2	0.358391	0.81230527	0.66731297	-0.001275	-1.010566	-1.241971	-7	0.844320
4416	4.2967713929e-2	0.360628	0.81228258	0.66753287	-0.001275	-1.010566	-1.241971	-7	0.844324
4417	4.2429182887e-2	0.356117	0.81230142	0.66703203	-0.001048	-1.008666	-1.226023	-6	0.844328
4418	4.2121547389e-2	0.353545	0.81230673	0.66673502	-0.001048	-1.008666	-1.226023	-6	0.844333
4419	4.2283378882e-2	0.354913	0.81232685	0.66693708	-0.001048	-1.008666	-1.226023	-6	0.844337
4420	4.2377158996e-2	0.355709	0.81234523	0.66706763	-0.001048	-1.008666	-1.226023	-6	0.844341
4421	4.2493861010e-2	0.356699	0.81235765	0.66720917	-0.001275	-1.010565	-1.241960	-7	0.844345
4422	4.2306225835e-2	0.355133	0.81235933	0.66702490	-0.001049	-1.008666	-1.226025	-6	0.844350
4423	4.2559935644e-2	0.357273	0.81240116	0.66736226	-0.001275	-1.010564	-1.241958	-7	0.844354
4424	4.2153045742e-2	0.353866	0.81241948	0.66699202	-0.001275	-1.010564	-1.241958	-7	0.844358
4425	4.2457935230e-2	0.356435	0.81240162	0.66726118	-0.001275	-1.010564	-1.241958	-7	0.844363
4426	4.2342040298e-2	0.355472	0.81237210	0.66708623	-0.001049	-1.008667	-1.226034	-6	0.844367
4427	4.2325540333e-2	0.355343	0.81239361	0.66711276	-0.000823	-1.006771	-1.210112	-5	0.844371
4428	4.2328355212e-2	0.355376	0.81238099	0.66709033	-0.000823	-1.006771	-1.210112	-5	0.844375
4429	4.2037034306e-2	0.352940	0.81239043	0.66681790	-0.000597	-1.004875	-1.194196	-4	0.844379
4430	4.1838971268e-2	0.351286	0.81236259	0.66656416	-0.000823	-1.006771	-1.210109	-5	0.844384
4431	4.1861607441e-2	0.351486	0.81234548	0.66655257	-0.001048	-1.008666	-1.226020	-6	0.844388
4432	4.1872140614e-2	0.351584	0.81232930	0.66653075	-0.001048	-1.008666	-1.226020	-6	0.844392
4433	4.1700196944e-2	0.350150	0.81235065	0.66640150	-0.001274	-1.010560	-1.241925	-7	0.844396
4434	4.1501276176e-2	0.348489	0.81236477	0.66623081	-0.001500	-1.012453	-1.257827	-8	0.844401
4435	4.1492390956e-2	0.348423	0.81241836	0.66632910	-0.001274	-1.010560	-1.241928	-7	0.844405
4436	4.1449716991e-2	0.348074	0.81240774	0.66626519	-0.001274	-1.010560	-1.241928	-7	0.844409
4437	4.1268801572e-2	0.346564	0.81240156	0.66607192	-0.001274	-1.010560	-1.241928	-7	0.844413
4438	4.1463229913e-2	0.348207	0.81242807	0.66631936	-0.001499	-1.012452	-1.257819	-8	0.844418
4439	4.1496412064e-2	0.348495	0.81239439	0.66628520	-0.001274	-1.010560	-1.241930	-7	0.844422
4440	4.1402786728e-2	0.347718	0.81242496	0.66625271	-0.001274	-1.010560	-1.241930	-7	0.844426
4441	4.1870155974e-2	0.351652	0.81241557	0.66670130	-0.001499	-1.012452	-1.257813	-8	0.844430
4442	4.2070805972e-2	0.353347	0.81238380	0.66683842	-0.001274	-1.010561	-1.241933	-7	0.844435
4443	4.2391008042e-2	0.356046	0.81235101	0.66709303	-0.001049	-1.008670	-1.226055	-6	0.844439
4444	4.2325819748e-2	0.355508	0.81239359	0.66711301	-0.001049	-1.008670	-1.226055	-6	0.844443
4445	4.1818762846e-2	0.351258	0.81238682	0.66659241	-0.001274	-1.010560	-1.241928	-7	0.844447
4446	4.1658630288e-2	0.349923	0.81242372	0.66650608	-0.001274	-1.010560	-1.241928	-7	0.844452
4447	4.1578840596e-2	0.349262	0.81240837	0.66639558	-0.001499	-1.012449	-1.257794	-8	0.844456
4448	4.1445622535e-2	0.348152	0.81243595	0.66631752	-0.001499	-1.012449	-1.257794	-8	0.844460
4449	4.1371577600e-2	0.347539	0.81243614	0.66624386	-0.001274	-1.010561	-1.241933	-7	0.844464
4450	4.1830738736e-2	0.351406	0.81243604	0.66670282	-0.001274	-1.010561	-1.241933	-7	0.844468
4451	4.1993257694e-2	0.352780	0.81243302	0.66685929	-0.001499	-1.012448	-1.257789	-8	0.844473
4452	4.1748265404e-2	0.350732	0.81245514	0.66665855	-0.001499	-1.012448	-1.257789	-8	0.844477
4453	4.1862204626e-2	0.351698	0.81243835	0.66673891	-0.001274	-1.010562	-1.241938	-7	0.844481
4454	4.1495609691e-2	0.348628	0.81242171	0.66633903	-0.001499	-1.012448	-1.257786	-8	0.844485
4455	4.1745083277e-2	0.350733	0.81244033	0.66662574	-0.001499	-1.012448	-1.257786	-8	0.844490
4456	4.1792776022e-2	0.351143	0.81249497	0.66678271	-0.001499	-1.012448	-1.257786	-8	0.844494
4457	4.1775624250e-2	0.351008	0.81250924	0.66679410	-0.001723	-1.014333	-1.273626	-9	0.844498
4458	4.1615280300e-2	0.349671	0.81254318	0.66670163	-0.001947	-1.016218	-1.289463	-10	0.844502
4459	4.1792653842e-2	0.351170	0.81254906	0.66689077	-0.001947	-1.016218	-1.289463	-10	0.844507
4460	4.1716259345e-2	0.350538	0.81254946	0.66681517	-0.001947	-1.016218	-1.289463	-10	0.844511
4461	4.1733899171e-2	0.350695	0.81259286	0.66691961	-0.001723	-1.014334	-1.273634	-9	0.844515
4462	4.1548014008e-2	0.349143	0.81263254	0.66681310	-0.001947	-1.016217	-1.289460	-10	0.844519
4463	4.1812201664e-2	0.351372	0.81267796	0.66716811	-0.002171	-1.018100	-1.305284	-11	0.844524
4464	4.1950343461e-2	0.352542	0.81267183	0.66729400	-0.002171	-1.018100	-1.305284	-11	0.844528
4465	4.2141567477e-2	0.354159	0.81270299	0.66754755	-0.002395	-1.019983	-1.321102	-12	0.844532
4466	4.1976924319e-2	0.352785	0.81273014	0.66743721	-0.002171	-1.018101	-1.305286	-11	0.844536
4467	4.1731769259e-2	0.350733	0.81270589	0.66714354	-0.001948	-1.016219	-1.289474	-10	0.844541
4468	4.1990522790e-2	0.352918	0.81274994	0.66749040	-0.001948	-1.016219	-1.289474	-10	0.844545
4469	4.2294769632e-2	0.355484	0.81274897	0.66779270	-0.001724	-1.014339	-1.273666	-9	0.844549
4470	4.2131462614e-2	0.354121	0.81271189	0.66755524	-0.001500	-1.012458	-1.257862	-8	0.844553
4471	4.2010716103e-2	0.353116	0.81272702	0.66746475	-0.001276	-1.010578	-1.242060	-7	0.844558
4472	4.1679504476e-2	0.350341	0.81273095	0.66714140	-0.001276	-1.010578	-1.242060	-7	0.844562
4473	4.1319090372e-2	0.347321	0.81276635	0.66685180	-0.001276	-1.010578	-1.242060	-7	0.844566
4474	4.2096104902e-2	0.353861	0.81275055	0.66759720	-0.001053	-1.008699	-1.226266	-6	0.844570
4475	4.1953560887e-2	0.352673	0.81273514	0.66742384	-0.001053	-1.008699	-1.226266	-6	0.844574
4476	4.1440317859e-2	0.348367	0.81273831	0.66691694	-0.001053	-1.008699	-1.226266	-6	0.844579
4477	4.1357553171e-2	0.347681	0.81273042	0.66681840	-0.001053	-1.008699	-1.226266	-6	0.844583
4478	4.1309573128e-2	0.347287	0.81276220	0.66683396	-0.000830	-1.006822	-1.210483	-5	0.844587
4479	4.0996002278e-2	0.344660	0.81276878	0.66653357	-0.000606	-1.004945	-1.194703	-4	0.844591
4480	4.1172353876e-2	0.346152	0.81277289	0.66671814	-0.000606	-1.004945	-1.194703	-4	0.844595
4481	4.1119759848e-2	0.345719	0.81278494	0.66668963	-0.000830	-1.006821	-1.210478	-5	0.844599
4482	4.0891346329e-2	0.343807	0.81279690	0.66648514	-0.000830	-1.006821	-1.210478	-5	0.844604
4483	4.0780445452e-2	0.342884	0.81279992	0.66638029	-0.001053	-1.008697	-1.226247	-6	0.844608
4484	4.0734354335e-2	0.342505	0.81275745	0.66624926	-0.001053	-1.008697	-1.226247	-6	0.844612
4485	4.0654897769e-2	0.341846	0.81276797	0.66619084	-0.000830	-1.006822	-1.210483	-5	0.844616
4486	4.0683368724e-2	0.342095	0.81281100	0.66630537	-0.000607	-1.004948	-1.194722	-4	0.844620
4487	4.1147598792e-2	0.346008	0.81281242	0.66677244	-0.000384	-1.003074	-1.178963	-3	0.844624
4488	4.0924135817e-2	0.344138	0.81277706	0.66647826	-0.000384	-1.003074	-1.178963	-3	0.844629
4489	4.0830643802e-2	0.343361	0.81276609	0.66636283	-0.000384	-1.003074	-1.178963	-3	0.844633
4490	4.0958930830e-2	0.344449	0.81276305	0.66648503	-0.000607	-1.004946	-1.194714	-4	0.844637
4491	4.0827402230e-2	0.343352	0.81278481	0.66639701	-0.000607	-1.004946	-1.194714	-4	0.844641
4492	4.0800503420e-2	0.343134	0.81275675	0.66631400	-0.000607	-1.004946	-1.194714	-4	0.844645
4493	4.0860225421e-2	0.343646	0.81280286	0.66646594	-0.000829	-1.006818	-1.210456	-5	0.844649
4494	4.0732424968e-2	0.342580	0.81280214	0.66633671	-0.000607	-1.004947	-1.194716	-4	0.844653
4495	4.0803646138e-2	0.343188	0.81283567	0.66647499	-0.000829	-1.006818	-1.210454	-5	0.844658
4496	4.0802693478e-2	0.343189	0.81283736	0.66647741	-0.000829	-1.006818	-1.210454	-5	0.844662
4497	4.0714054126e-2	0.342453	0.81284648	0.66640702	-0.000607	-1.004948	-1.194722	-4	0.844666
4498	4.0462245759e-2	0.340344	0.81283699	0.66613623	-0.000829	-1.006818	-1.210451	-5	0.844670
4499	4.0768927767e-2	0.342932	0.81281023	0.66638939	-0.000607	-1.004948	-1.194724	-4	0.844674
4500	4.0729363788e-2	0.342609	0.81276935	0.66626807	-0.000607	-1.004948	-1.194724	-4	0.844678
4501	4.0825773586e-2	0.343429	0.81273583	0.66629743	-0.000385	-1.003079	-1.179003	-3	0.844682
4502	4.0742179196e-2	0.342734	0.81271934	0.66618086	-0.000163	-1.001210	-1.163284	-2	0.844687
4503	4.0755639011e-2	0.342857	0.81271874	0.66619312	-0.000385	-1.003079	-1.179000	-3	0.844691
4504	4.0733979629e-2	0.342684	0.81274997	0.66623392	-0.000385	-1.003079	-1.179000	-3	0.844695
4505	4.0703558275e-2	0.342437	0.81274041	0.66618438	-0.000607	-1.004946	-1.194711	-4	0.844699
4506	4.0807836074e-2	0.343323	0.81273809	0.66628402	-0.000828	-1.006813	-1.210419	-5	0.844703
4507	4.0987803078e-2	0.344846	0.81275614	0.66650009	-0.001050	-1.008680	-1.226125	-6	0.844707
4508	4.0851541372e-2	0.343709	0.81279231	0.66643615	-0.001050	-1.008680	-1.226125	-6	0.844711
4509	4.1006412832e-2	0.345021	0.81279036	0.66658713	-0.001050	-1.008680	-1.226125	-6	0.844715
4510	4.0940830045e-2	0.344478	0.81279995	0.66654073	-0.000829	-1.006814	-1.210427	-5	0.844720
4511	4.1015499504e-2	0.345116	0.81277726	0.66657002	-0.000607	-1.004949	-1.194732	-4	0.844724
4512	4.1227352252e-2	0.346907	0.81279817	0.66682369	-0.000607	-1.004949	-1.194732	-4	0.844728
4513	4.1275115265e-2	0.347318	0.81282147	0.66691806	-0.000829	-1.006814	-1.210422	-5	0.844732
4514	4.1058540609e-2	0.345505	0.81279392	0.66664638	-0.001050	-1.008678	-1.226109	-6	0.844736
4515	4.1210502222e-2	0.346793	0.81283466	0.66687982	-0.000829	-1.006814	-1.210424	-5	0.844740
4516	4.1160512540e-2	0.346381	0.81282405	0.66680861	-0.000829	-1.006814	-1.210424	-5	0.844744
4517	4.1042146774e-2	0.345394	0.81285103	0.66674421	-0.001050	-1.008677	-1.226104	-6	0.844749
4518	4.1110809189e-2	0.345981	0.81287538	0.66686156	-0.001050	-1.008677	-1.226104	-6	0.844753
4519	4.1190603908e-2	0.346662	0.81289039	0.66697138	-0.001271	-1.010539	-1.241777	-7	0.844757
4520	4.1287640082e-2	0.347488	0.81287616	0.66703997	-0.001271	-1.010539	-1.241777	-7	0.844761
4521	4.1425332558e-2	0.348656	0.81289129	0.66720792	-0.001492	-1.012401	-1.257446	-8	0.844765
4522	4.1244200706e-2	0.347140	0.81296096	0.66716613	-0.001271	-1.010540	-1.241780	-7	0.844769
4523	4.1437388076e-2	0.348776	0.81297996	0.66739731	-0.001492	-1.012401	-1.257443	-8	0.844773
4524	4.1666388761e-2	0.350712	0.81297247	0.66761132	-0.001492	-1.012401	-1.257443	-8	0.844778
4525	4.1631361375e-2	0.350427	0.81301599	0.66766334	-0.001492	-1.012401	-1.257443	-8	0.844782
4526	4.1812320216e-2	0.351959	0.81301368	0.66783968	-0.001713	-1.014261	-1.273098	-9	0.844786
4527	4.1840066083e-2	0.352202	0.81301687	0.66787381	-0.001713	-1.014261	-1.273098	-9	0.844790
4528	4.1697300269e-2	0.351009	0.81301202	0.66772134	-0.001713	-1.014261	-1.273098	-9	0.844794
4529	4.1592068415e-2	0.350133	0.81300823	0.66760852	-0.001493	-1.012402	-1.257451	-8	0.844798
4530	4.1946895725e-2	0.353129	0.81303093	0.66800875	-0.001272	-1.010543	-1.241806	-7	0.844802
4531	4.2054633857e-2	0.354045	0.81304421	0.66814306	-0.001051	-1.008685	-1.226164	-6	0.844807
4532	4.2248969261e-2	0.355691	0.81305590	0.66836077	-0.001051	-1.008685	-1.226164	-6	0.844811
4533	4.2130621617e-2	0.354704	0.81307910	0.66828882	-0.000830	-1.006828	-1.210527	-5	0.844815
4534	4.2415976507e-2	0.357115	0.81306334	0.66854265	-0.000610	-1.004971	-1.194893	-4	0.844819
4535	4.2366843245e-2	0.356711	0.81304364	0.66845412	-0.000389	-1.003115	-1.179261	-3	0.844823
4536	4.2580721024e-2	0.358521	0.81306304	0.66870681	-0.000389	-1.003115	-1.179261	-3	0.844827
4537	4.1865674569e-2	0.352510	0.81305919	0.66798405	-0.000169	-1.001259	-1.163635	-2	0.844831
4538	4.1696827197e-2	0.351097	0.81305372	0.66780427	0.000051	-0.999403	-1.148011	-1	0.844835
4539	4.1380499792e-2	0.348443	0.81304536	0.66747121	-0.000169	-1.001258	-1.163632	-2	0.844839
4540	4.1315432663e-2	0.347904	0.81303207	0.66737957	-0.000169	-1.001258	-1.163632	-2	0.844843
4541	4.1074165728e-2	0.345882	0.81304816	0.66717049	0.000051	-0.999404	-1.148017	-1	0.844848
4542	4.1124619787e-2	0.346315	0.81307067	0.66726596	-0.000169	-1.001258	-1.163630	-2	0.844852
4543	4.1037613881e-2	0.345592	0.81305085	0.66713931	-0.000389	-1.003112	-1.179240	-3	0.844856
4544	4.1138879712e-2	0.346454	0.81306557	0.66727001	-0.000389	-1.003112	-1.179240	-3	0.844860
4545	4.1215732764e-2	0.347110	0.81305021	0.66731614	-0.000389	-1.003112	-1.179240	-3	0.844864
4546	4.1479398659e-2	0.349340	0.81309543	0.66767027	-0.000169	-1.001259	-1.163638	-2	0.844868
4547	4.1381738459e-2	0.348526	0.81310264	0.66758702	-0.000389	-1.003111	-1.179238	-3	0.844872
4548	4.1038412687e-2	0.345644	0.81313667	0.66731176	-0.000389	-1.003111	-1.179238	-3	0.844876
4549	4.1037107915e-2	0.345642	0.81311343	0.66726398	-0.000609	-1.004963	-1.194833	-4	0.844880
4550	4.1274543793e-2	0.347651	0.81312470	0.66752394	-0.000609	-1.004963	-1.194833	-4	0.844884
4551	4.1239143597e-2	0.347362	0.81314117	0.66752148	-0.000829	-1.006814	-1.210422	-5	0.844888
4552	4.1604619943e-2	0.350449	0.81318734	0.66797929	-0.000829	-1.006814	-1.210422	-5	0.844892
4553	4.1856640181e-2	0.352581	0.81320132	0.66825929	-0.000609	-1.004964	-1.194838	-4	0.844896
4554	4.1942349088e-2	0.353312	0.81322506	0.66839247	-0.000609	-1.004964	-1.194838	-4	0.844900
4555	4.2074191437e-2	0.354432	0.81324092	0.66855603	-0.000389	-1.003114	-1.179259	-3	0.844905
4556	4.1907947802e-2	0.353041	0.81327195	0.66845185	-0.000389	-1.003114	-1.179259	-3	0.844909
4557	4.2161342043e-2	0.355185	0.81323422	0.66862979	-0.000389	-1.003114	-1.179259	-3	0.844913
4558	4.2012629469e-2	0.353941	0.81324558	0.66850378	-0.000609	-1.004963	-1.194830	-4	0.844917
4559	4.1588754503e-2	0.350379	0.81322693	0.66804262	-0.000389	-1.003115	-1.179261	-3	0.844921
4560	4.1374168956e-2	0.348581	0.81321084	0.66779584	-0.000389	-1.003115	-1.179261	-3	0.844925
4561	4.1371221223e-2	0.348565	0.81320583	0.66778288	-0.000609	-1.004962	-1.194825	-4	0.844929
4562	4.1366406070e-2	0.348533	0.81316655	0.66769951	-0.000389	-1.003115	-1.179264	-3	0.844933
4563	4.1466724306e-2	0.349388	0.81317316	0.66781305	-0.000389	-1.003115	-1.179264	-3	0.844937
4564	4.1145926887e-2	0.346694	0.81319645	0.66753883	-0.000389	-1.003115	-1.179264	-3	0.844941
4565	4.1577909983e-2	0.350343	0.81321997	0.66801785	-0.000609	-1.004961	-1.194817	-4	0.844945
4566	4.1414033082e-2	0.348971	0.81318447	0.66778298	-0.000828	-1.006806	-1.210368	-5	0.844949
4567	4.1313151956e-2	0.348130	0.81318347	0.66768010	-0.001046	-1.008651	-1.225916	-6	0.844953
4568	4.1127713854e-2	0.346576	0.81318773	0.66750318	-0.001046	-1.008651	-1.225916	-6	0.844957
4569	4.1151219662e-2	0.346783	0.81317275	0.66749673	-0.000828	-1.006807	-1.210373	-5	0.844961
4570	4.1025364613e-2	0.345732	0.81319933	0.66742403	-0.001046	-1.008651	-1.225913	-6	0.844965
4571	4.1181143569e-2	0.347054	0.81315897	0.66749908	-0.000828	-1.006807	-1.210376	-5	0.844970
4572	4.1202934002e-2	0.347246	0.81315740	0.66751773	-0.000828	-1.006807	-1.210376	-5	0.844974
4573	4.1153416869e-2	0.346838	0.81318132	0.66751607	-0.000609	-1.004964	-1.194843	-4	0.844978
4574	4.0861156218e-2	0.344384	0.81318161	0.66722439	-0.000390	-1.003122	-1.179313	-3	0.844982
4575	4.0990431041e-2	0.345482	0.81315136	0.66729316	-0.000390	-1.003122	-1.179313	-3	0.844986
4576	4.1079912503e-2	0.346245	0.81317710	0.66743411	-0.000390	-1.003122	-1.179313	-3	0.844990
4577	4.1266019474e-2	0.347823	0.81318473	0.66763548	-0.000172	-1.001280	-1.163791	-2	0.844994
4578	4.1127139116e-2	0.346661	0.81321104	0.66754921	0.000047	-0.999439	-1.148272	-1	0.844998
4579	4.1098174628e-2	0.346426	0.81320882	0.66751581	0.000265	-0.997598	-1.132755	0	0.845002
4580	4.0980986416e-2	0.345447	0.81318697	0.66735492	0.000265	-0.997598	-1.132755	0	0.845006
4581	4.0999073803e-2	0.345609	0.81320259	0.66740425	0.000265	-0.997598	-1.132755	0	0.845010
4582	4.0988449673e-2	0.345528	0.81319438	0.66737721	0.000047	-0.999438	-1.148264	-1	0.845014
4583	4.1042332879e-2	0.345991	0.81324075	0.66752384	-0.000172	-1.001277	-1.163770	-2	0.845018
4584	4.1013647669e-2	0.345758	0.81324609	0.66750583	-0.000172	-1.001277	-1.163770	-2	0.845022
4585	4.0929344519e-2	0.345057	0.81325539	0.66744012	-0.000390	-1.003116	-1.179272	-3	0.845026
4586	4.0786343966e-2	0.343860	0.81325666	0.66729967	-0.000172	-1.001278	-1.163773	-2	0.845030
4587	4.0719124205e-2	0.343302	0.81324976	0.66721864	-0.000390	-1.003116	-1.179269	-3	0.845034
4588	4.0705338117e-2	0.343195	0.81322698	0.66715929	-0.000390	-1.003116	-1.179269	-3	0.845038
4589	4.1025927953e-2	0.345907	0.81322379	0.66747351	-0.000172	-1.001278	-1.163778	-2	0.845042
4590	4.0926502574e-2	0.345077	0.81320133	0.66732917	-0.000172	-1.001278	-1.163778	-2	0.845046
4591	4.0821160173e-2	0.344198	0.81322597	0.66727310	-0.000389	-1.003115	-1.179264	-3	0.845050
4592	4.0777054496e-2	0.343835	0.81327034	0.66731774	-0.000389	-1.003115	-1.179264	-3	0.845054
4593	4.0836184167e-2	0.344342	0.81327615	0.66738848	-0.000172	-1.001279	-1.163783	-2	0.845058
4594	4.0745476522e-2	0.343586	0.81326145	0.66726838	0.000046	-0.999443	-1.148305	-1	0.845062
4595	4.0750522817e-2	0.343638	0.81326414	0.66727880	0.000264	-0.997608	-1.132829	0	0.845066
4596	4.0658870924e-2	0.342874	0.81326361	0.66718609	0.000264	-0.997608	-1.132829	0	0.845070
4597	4.0425989759e-2	0.340919	0.81330182	0.66702962	0.000046	-0.999443	-1.148300	-1	0.845074
4598	4.0532812091e-2	0.341828	0.81326690	0.66706660	0.000046	-0.999443	-1.148300	-1	0.845078
4599	4.0737846008e-2	0.343566	0.81323839	0.66721462	0.000046	-0.999443	-1.148300	-1	0.845082
4600	4.0810425722e-2	0.344187	0.81325298	0.66731639	0.000046	-0.999443	-1.148300	-1	0.845086
4601	4.0512877357e-2	0.341687	0.81323975	0.66699238	0.000263	-0.997610	-1.132840	0	0.845090
4602	4.0693540230e-2	0.343219	0.81324256	0.66717865	0.000481	-0.995777	-1.117382	1	0.845094
4603	4.0835313381e-2	0.344424	0.81328216	0.66739964	0.000263	-0.997609	-1.132837	0	0.845098
4604	4.0809781495e-2	0.344217	0.81330950	0.66742878	0.000263	-0.997609	-1.132837	0	0.845102
4605	4.0913557136e-2	0.345102	0.81328654	0.66748664	0.000046	-0.999441	-1.148287	-1	0.845106
4606	4.1020040886e-2	0.346009	0.81328773	0.66759549	0.000046	-0.999441	-1.148287	-1	0.845110
4607	4.0821181169e-2	0.344340	0.81332082	0.66746282	0.000263	-0.997610	-1.132842	0	0.845114
4608	4.0921552945e-2	0.345196	0.81331756	0.66755667	0.000263	-0.997610	-1.132842	0	0.845118
4609	4.0919019162e-2	0.345183	0.81327570	0.66747042	0.000480	-0.995780	-1.117402	1	0.845122
4610	4.0939894513e-2	0.345368	0.81325438	0.66744866	0.000263	-0.997610	-1.132840	0	0.845126
4611	4.1371563920e-2	0.349019	0.81326610	0.66790376	0.000046	-0.999439	-1.148274	-1	0.845130
4612	4.1516503382e-2	0.350251	0.81330615	0.66812881	0.000046	-0.999439	-1.148274	-1	0.845134
4613	4.1738416529e-2	0.352132	0.81327877	0.66829595	0.000263	-0.997610	-1.132845	0	0.845138
4614	4.1285082885e-2	0.348316	0.81329224	0.66786956	0.000047	-0.999439	-1.148272	-1	0.845142
4615	4.1423937982e-2	0.349497	0.81326501	0.66795396	-0.000170	-1.001267	-1.163696	-2	0.845146
4616	4.1408881899e-2	0.349378	0.81323785	0.66788458	-0.000170	-1.001267	-1.163696	-2	0.845150
4617	4.1566165172e-2	0.350715	0.81318854	0.66794325	-0.000170	-1.001267	-1.163696	-2	0.845154
4618	4.1723698990e-2	0.352053	0.81317655	0.66807679	0.000046	-0.999440	-1.148279	-1	0.845158
4619	4.1586095811e-2	0.350901	0.81315848	0.66790306	0.000263	-0.997613	-1.132865	0	0.845162
4620	4.1584561658e-2	0.350897	0.81318012	0.66794480	0.000263	-0.997613	-1.132865	0	0.845166
4621	4.1312985355e-2	0.348614	0.81321711	0.66774721	0.000046	-0.999439	-1.148274	-1	0.845170
4622	4.1244119304e-2	0.348042	0.81323667	0.66771745	0.000263	-0.997614	-1.132868	0	0.845174
4623	4.1272064690e-2	0.348287	0.81324214	0.66775635	0.000047	-0.999439	-1.148272	-1	0.845177
4624	4.1035154655e-2	0.346296	0.81327589	0.66758693	0.000047	-0.999439	-1.148272	-1	0.845181
4625	4.1213625655e-2	0.347811	0.81326930	0.66775222	0.000047	-0.999439	-1.148272	-1	0.845185
4626	4.1548171145e-2	0.350644	0.81329093	0.66813002	0.000047	-0.999439	-1.148272	-1	0.845189
4627	4.1538029643e-2	0.350567	0.81325173	0.66804149	0.000263	-0.997615	-1.132878	0	0.845193
4628	4.1897408658e-2	0.353609	0.81322074	0.66833890	0.000263	-0.997615	-1.132878	0	0.845197
4629	4.1518911101e-2	0.350424	0.81325885	0.66803660	0.000479	-0.995792	-1.117489	1	0.845201
4630	4.1505637187e-2	0.350321	0.81326699	0.66803961	0.000263	-0.997615	-1.132875	0	0.845205
4631	4.1219102809e-2	0.347911	0.81328214	0.66778339	0.000479	-0.995792	-1.117491	1	0.845209
4632	4.0989610884e-2	0.345983	0.81324179	0.66747318	0.000479	-0.995792	-1.117491	1	0.845213
4633	4.1716641174e-2	0.352128	0.81323855	0.66819374	0.000694	-0.993970	-1.102113	2	0.845217
4634	4.1590176923e-2	0.351070	0.81325603	0.66810225	0.000479	-0.995792	-1.117489	1	0.845221
4635	4.1394124493e-2	0.349424	0.81329525	0.66798463	0.000479	-0.995792	-1.117489	1	0.845225
4636	4.1169643887e-2	0.347538	0.81330030	0.66777025	0.000479	-0.995792	-1.117489	1	0.845229
4637	4.1205008447e-2	0.347845	0.81331500	0.66783501	0.000263	-0.997612	-1.132858	0	0.845233
4638	4.1499125015e-2	0.350337	0.81332780	0.66815473	0.000047	-0.999432	-1.148224	-1	0.845237
4639	4.1490141836e-2	0.350270	0.81334064	0.66817142	-0.000168	-1.001252	-1.163587	-2	0.845241
4640	4.1284457493e-2	0.348543	0.81331951	0.66792348	-0.000168	-1.001252	-1.163587	-2	0.845245
4641	4.1291900372e-2	0.348615	0.81332703	0.66794595	0.000047	-0.999433	-1.148229	-1	0.845249
4642	4.1157034266e-2	0.347485	0.81334750	0.66785203	-0.000168	-1.001252	-1.163585	-2	0.845252
4643	4.1449519483e-2	0.349963	0.81336460	0.66817872	-0.000383	-1.003070	-1.178938	-3	0.845256
4644	4.1516495507e-2	0.350538	0.81336976	0.66825602	-0.000383	-1.003070	-1.178938	-3	0.845260
4645	4.1918483692e-2	0.353941	0.81338426	0.66868700	-0.000168	-1.001253	-1.163590	-2	0.845264
4646	4.1527898814e-2	0.350652	0.81341594	0.66835978	-0.000383	-1.003070	-1.178936	-3	0.845268
4647	4.1467913556e-2	0.350154	0.81339660	0.66826112	-0.000168	-1.001253	-1.163592	-2	0.845272
4648	4.1531767751e-2	0.350702	0.81337660	0.66828497	-0.000168	-1.001253	-1.163592	-2	0.845276
4649	4.1617585871e-2	0.351436	0.81338460	0.66838678	-0.000383	-1.003069	-1.178931	-3	0.845280
4650	4.2128500100e-2	0.355759	0.81339637	0.66892124	-0.000383	-1.003069	-1.178931	-3	0.845284
4651	4.2105221331e-2	0.355572	0.81339640	0.66889801	-0.000598	-1.004885	-1.194264	-4	0.845288
4652	4.2194273229e-2	0.356333	0.81338438	0.66896303	-0.000598	-1.004885	-1.194264	-4	0.845292
4653	4.2347033667e-2	0.357632	0.81334611	0.66903926	-0.000598	-1.004885	-1.194264	-4	0.845296
4654	4.2227156986e-2	0.356629	0.81338745	0.66900205	-0.000813	-1.006700	-1.209590	-5	0.845300
4655	4.2486752027e-2	0.358830	0.81339984	0.66928644	-0.000813	-1.006700	-1.209590	-5	0.845304
4656	4.2544343964e-2	0.359326	0.81337920	0.66930275	-0.000813	-1.006700	-1.209590	-5	0.845308
4657	4.2430336814e-2	0.358372	0.81338452	0.66919938	-0.001028	-1.008513	-1.224908	-6	0.845312
4658	4.2365109492e-2	0.357830	0.81337899	0.66912309	-0.001243	-1.010327	-1.240224	-7	0.845316
4659	4.2602870869e-2	0.359848	0.81336589	0.66933465	-0.001028	-1.008514	-1.224911	-6	0.845320
4660	4.2331076051e-2	0.357561	0.81338124	0.66909357	-0.001028	-1.008514	-1.224911	-6	0.845324
4661	4.2288398348e-2	0.357209	0.81339590	0.66908020	-0.000813	-1.006701	-1.209602	-5	0.845328
4662	4.2126405189e-2	0.355850	0.81343697	0.66900035	-0.000813	-1.006701	-1.209602	-5	0.845332
4663	4.2130406505e-2	0.355893	0.81344263	0.66901567	-0.001028	-1.008513	-1.224906	-6	0.845336
4664	4.1940988009e-2	0.354302	0.81340762	0.66875622	-0.001028	-1.008513	-1.224906	-6	0.845340
4665	4.1896046125e-2	0.353931	0.81340190	0.66869985	-0.001242	-1.010324	-1.240204	-7	0.845344
4666	4.1859472546e-2	0.353631	0.81343850	0.66873648	-0.001028	-1.008513	-1.224908	-6	0.845348
4667	4.1729698903e-2	0.352544	0.81345858	0.66864687	-0.000814	-1.006703	-1.209615	-5	0.845352
4668	4.1662210707e-2	0.351983	0.81345199	0.66856618	-0.000814	-1.006703	-1.209615	-5	0.845356
4669	4.1670987620e-2	0.352066	0.81347923	0.66862945	-0.001028	-1.008513	-1.224903	-6	0.845360
4670	4.1624700504e-2	0.351684	0.81345284	0.66853037	-0.001242	-1.010322	-1.240189	-7	0.845364
4671	4.1758312244e-2	0.352821	0.81341581	0.66858993	-0.001242	-1.010322	-1.240189	-7	0.845368
4672	4.1791281953e-2	0.353109	0.81340414	0.66859956	-0.001242	-1.010322	-1.240189	-7	0.845372
4673	4.1932275275e-2	0.354309	0.81342448	0.66878123	-0.001456	-1.012130	-1.255467	-8	0.845376
4674	4.1575711549e-2	0.351305	0.81346025	0.66849621	-0.001242	-1.010322	-1.240191	-7	0.845380
4675	4.1628167554e-2	0.351757	0.81347571	0.66857958	-0.001242	-1.010322	-1.240191	-7	0.845384
4676	4.1385051552e-2	0.349712	0.81349135	0.66836775	-0.001242	-1.010322	-1.240191	-7	0.845387
4677	4.1755201283e-2	0.352849	0.81347410	0.66870340	-0.001028	-1.008515	-1.224923	-6	0.845391
4678	4.1958350341e-2	0.354574	0.81345787	0.66887409	-0.000814	-1.006709	-1.209657	-5	0.845395
4679	4.2338663577e-2	0.357797	0.81350029	0.66933925	-0.001028	-1.008515	-1.224920	-6	0.845399
4680	4.2080582798e-2	0.355625	0.81350880	0.66909817	-0.001028	-1.008515	-1.224920	-6	0.845403
4681	4.1837967040e-2	0.353584	0.81349559	0.66882915	-0.000815	-1.006710	-1.209662	-5	0.845407
4682	4.1789102708e-2	0.353180	0.81349610	0.66878131	-0.000601	-1.004904	-1.194406	-4	0.845411
4683	4.1457634546e-2	0.350387	0.81351314	0.66848391	-0.000814	-1.006709	-1.209660	-5	0.845415
4684	4.1683818124e-2	0.352308	0.81349419	0.66867220	-0.000814	-1.006709	-1.209660	-5	0.845419
4685	4.1767765669e-2	0.353026	0.81350745	0.66878266	-0.000601	-1.004905	-1.194411	-4	0.845423
4686	4.1410834394e-2	0.350018	0.81353416	0.66847915	-0.000388	-1.003101	-1.179166	-3	0.845427
4687	4.1031080526e-2	0.346817	0.81351470	0.66806048	-0.000174	-1.001298	-1.163922	-2	0.845431
4688	4.1126613160e-2	0.347633	0.81349415	0.66811491	-0.000174	-1.001298	-1.163922	-2	0.845435
4689	4.1115667174e-2	0.347550	0.81347665	0.66806897	-0.000174	-1.001298	-1.163922	-2	0.845439
4690	4.1034969726e-2	0.346876	0.81346479	0.66796455	0.000039	-0.999496	-1.148686	-1	0.845443
4691	4.1168993197e-2	0.348018	0.81346163	0.66809226	-0.000174	-1.001298	-1.163920	-2	0.845447
4692	4.1176082881e-2	0.348087	0.81346827	0.66811262	-0.000174	-1.001298	-1.163920	-2	0.845450
4693	4.1114756309e-2	0.347577	0.81344925	0.66801326	-0.000174	-1.001298	-1.163920	-2	0.845454
4694	4.1283249455e-2	0.349010	0.81343581	0.66815487	0.000039	-0.999497	-1.148694	-1	0.845458
4695	4.1239274672e-2	0.348647	0.81343730	0.66811388	-0.000174	-1.001297	-1.163917	-2	0.845462
4696	4.1461819763e-2	0.350538	0.81340092	0.66826366	-0.000174	-1.001297	-1.163917	-2	0.845466
4697	4.1814451120e-2	0.353528	0.81339429	0.66860304	-0.000387	-1.003097	-1.179136	-3	0.845470
4698	4.2038891039e-2	0.355434	0.81340691	0.66885271	-0.000387	-1.003097	-1.179136	-3	0.845474
4699	4.2309603499e-2	0.357732	0.81340108	0.66911176	-0.000174	-1.001298	-1.163922	-2	0.845478
4700	4.2064569659e-2	0.355669	0.81339964	0.66886384	-0.000174	-1.001298	-1.163922	-2	0.845482
4701	4.2101484110e-2	0.355990	0.81340796	0.66891741	0.000038	-0.999499	-1.148714	-1	0.845486
4702	4.1787506848e-2	0.353344	0.81343013	0.66864777	0.000251	-0.997701	-1.133507	0	0.845489
4703	4.1998476158e-2	0.355137	0.81343000	0.66885848	0.000038	-0.999499	-1.148711	-1	0.845493
4704	4.1834404576e-2	0.353759	0.81343392	0.66870224	0.000038	-0.999499	-1.148711	-1	0.845497
4705	4.1994007044e-2	0.355117	0.81341339	0.66882079	0.000251	-0.997702	-1.133512	0	0.845501
4706	4.1985645976e-2	0.355056	0.81340154	0.66878872	0.000039	-0.999499	-1.148709	-1	0.845505
4707	4.2293099454e-2	0.357665	0.81340409	0.66910128	0.000039	-0.999499	-1.148709	-1	0.845509
4708	4.3193561003e-2	0.365289	0.81340087	0.66999531	0.000039	-0.999499	-1.148709	-1	0.845513
4709	4.2523800974e-2	0.359634	0.81342290	0.66936960	0.000251	-0.997703	-1.133520	0	0.845517
4710	4.2448192468e-2	0.359003	0.81343401	0.66931621	0.000463	-0.995907	-1.118333	1	0.845520
4711	4.2088729199e-2	0.355972	0.81343951	0.66896776	0.000675	-0.994112	-1.103149	2	0.845524
4712	4.2377924594e-2	0.358427	0.81340765	0.66919322	0.000675	-0.994112	-1.103149	2	0.845528
4713	4.2369148415e-2	0.358362	0.81337555	0.66912025	0.000888	-0.992317	-1.087970	3	0.845532
4714	4.1855787111e-2	0.354028	0.81341241	0.66868060	0.001100	-0.990523	-1.072793	4	0.845536
4715	4.1831181774e-2	0.353829	0.81340109	0.66863336	0.000888	-0.992317	-1.087968	3	0.845540
4716	4.1746810802e-2	0.353124	0.81342316	0.66859312	0.000888	-0.992317	-1.087968	3	0.845543
4717	4.1753841018e-2	0.353193	0.81345296	0.66865977	0.001100	-0.990523	-1.072798	4	0.845547
4718	4.1859363241e-2	0.354094	0.81344371	0.66874678	0.000888	-0.992316	-1.087965	3	0.845551
4719	4.1614485909e-2	0.352032	0.81345881	0.66853210	0.000888	-0.992316	-1.087965	3	0.845555
4720	4.1408997281e-2	0.350302	0.81349615	0.66840130	0.000888	-0.992316	-1.087965	3	0.845559
4721	4.1282541234e-2	0.349241	0.81351123	0.66830500	0.000676	-0.994108	-1.103125	2	0.845563
4722	4.1179157316e-2	0.348375	0.81354619	0.66827153	0.000464	-0.995900	-1.118282	1	0.845566
4723	4.1239519197e-2	0.348895	0.81352312	0.66828577	0.000252	-0.997691	-1.133436	0	0.845570
4724	4.1387566523e-2	0.350156	0.81353455	0.66845667	0.000252	-0.997691	-1.133436	0	0.845574
4725	4.1116361478e-2	0.347870	0.81355696	0.66823027	0.000252	-0.997691	-1.133436	0	0.845578
4726	4.1300855577e-2	0.349440	0.81355816	0.66841718	0.000041	-0.999482	-1.148583	-1	0.845582
4727	4.1171968924e-2	0.348358	0.81355182	0.66827561	0.000252	-0.997692	-1.133439	0	0.845586
4728	4.1404474384e-2	0.350334	0.81361374	0.66863196	0.000252	-0.997692	-1.133439	0	0.845590
4729	4.1550817203e-2	0.351581	0.81360541	0.66876164	0.000041	-0.999481	-1.148578	-1	0.845593
4730	4.1811535924e-2	0.353796	0.81363510	0.66908175	0.000252	-0.997692	-1.133441	0	0.845597
4731	4.1862065362e-2	0.354232	0.81363711	0.66913628	0.000041	-0.999481	-1.148576	-1	0.845601
4732	4.1588994924e-2	0.351930	0.81363223	0.66885346	0.000041	-0.999481	-1.148576	-1	0.845605
4733	4.1770255524e-2	0.353473	0.81360887	0.66898800	-0.000170	-1.001268	-1.163706	-2	0.845609
4734	4.1633326450e-2	0.352323	0.81362547	0.66888426	-0.000170	-1.001268	-1.163706	-2	0.845613
4735	4.1673887040e-2	0.352675	0.81360164	0.66887716	0.000041	-0.999481	-1.148581	-1	0.845617
4736	4.1748411777e-2	0.353315	0.81362498	0.66899837	0.000041	-0.999481	-1.148581	-1	0.845620
4737	4.1548205702e-2	0.351629	0.81364738	0.66884296	0.000252	-0.997695	-1.133461	0	0.845624
4738	4.1696160294e-2	0.352890	0.81367891	0.66905398	0.000041	-0.999481	-1.148578	-1	0.845628
4739	4.1858958584e-2	0.354277	0.81367417	0.66920731	0.000252	-0.997695	-1.133463	0	0.845632
4740	4.1631457498e-2	0.352360	0.81370661	0.66904468	0.000252	-0.997695	-1.133463	0	0.845636
4741	4.1858357257e-2	0.354289	0.81368888	0.66923611	0.000463	-0.995910	-1.118352	1	0.845640
4742	4.1746506671e-2	0.353351	0.81371496	0.66917643	0.000674	-0.994125	-1.103244	2	0.845643
4743	4.1486395665e-2	0.351158	0.81376774	0.66902188	0.000674	-0.994125	-1.103244	2	0.845647
4744	4.1500291349e-2	0.351285	0.81376830	0.66903689	0.000674	-0.994125	-1.103244	2	0.845651
4745	4.1835451820e-2	0.354131	0.81378519	0.66940584	0.000463	-0.995909	-1.118345	1	0.845655
4746	4.1854723384e-2	0.354303	0.81378462	0.66942397	0.000674	-0.994125	-1.103247	2	0.845659
4747	4.1788934708e-2	0.353755	0.81379429	0.66937751	0.000884	-0.992342	-1.088151	3	0.845662
4748	4.1909173548e-2	0.354781	0.81382127	0.66955171	0.000884	-0.992342	-1.088151	3	0.845666
4749	4.1879709794e-2	0.354541	0.81378696	0.66945363	0.001095	-0.990559	-1.073060	4	0.845670
4750	4.1906519202e-2	0.354776	0.81374321	0.66939294	0.001095	-0.990559	-1.073060	4	0.845674
4751	4.1746842938e-2	0.353433	0.81371998	0.66918680	0.000884	-0.992341	-1.088146	3	0.845678
4752	4.2215477853e-2	0.357410	0.81374411	0.66970370	0.000884	-0.992341	-1.088146	3	0.845681
4753	4.1868328509e-2	0.354480	0.81379076	0.66944984	0.000884	-0.992341	-1.088146	3	0.845685
4754	4.1362221489e-2	0.350203	0.81382711	0.66901645	0.001095	-0.990560	-1.073067	4	0.845689
4755	4.1523975757e-2	0.351582	0.81382663	0.66917724	0.000884	-0.992341	-1.088143	3	0.845693
4756	4.1288425797e-2	0.349596	0.81382138	0.66893119	0.000884	-0.992341	-1.088143	3	0.845697
4757	4.1472966515e-2	0.351167	0.81380915	0.66909126	0.001095	-0.990561	-1.073072	4	0.845700
4758	4.1188208969e-2	0.348765	0.81387570	0.66893962	0.001305	-0.988781	-1.058002	5	0.845704
4759	4.1014753717e-2	0.347304	0.81387108	0.66875692	0.001095	-0.990560	-1.073069	4	0.845708
4760	4.0949938273e-2	0.346764	0.81388562	0.66872117	0.001095	-0.990560	-1.073069	4	0.845712
4761	4.0701008972e-2	0.344665	0.81389776	0.66849652	0.001095	-0.990560	-1.073069	4	0.845715
4762	4.0514812337e-2	0.343097	0.81390982	0.66833445	0.001305	-0.988782	-1.058010	5	0.845719
4763	4.0432965935e-2	0.342412	0.81393326	0.66829949	0.001515	-0.987004	-1.042952	6	0.845723
4764	4.0738420495e-2	0.345007	0.81397389	0.66868619	0.001515	-0.987004	-1.042952	6	0.845727
4765	4.0568522338e-2	0.343577	0.81396529	0.66849911	0.001725	-0.985227	-1.027900	7	0.845730
4766	4.0433442649e-2	0.342441	0.81397501	0.66838346	0.001934	-0.983450	-1.012850	8	0.845734
4767	4.0334216261e-2	0.341610	0.81397606	0.66828633	0.001725	-0.985226	-1.027897	7	0.845738
4768	4.0430123521e-2	0.342430	0.81402657	0.66848326	0.001725	-0.985226	-1.027897	7	0.845742
4769	4.0212905687e-2	0.340599	0.81404169	0.66829629	0.001934	-0.983450	-1.012855	8	0.845745
4770	3.9896377308e-2	0.337926	0.81404647	0.66798931	0.001934	-0.983450	-1.012855	8	0.845749
4771	4.0109598148e-2	0.339741	0.81405718	0.66822395	0.002144	-0.981675	-0.997817	9	0.845753
4772	4.0232916219e-2	0.340794	0.81408086	0.66839463	0.002144	-0.981675	-0.997817	9	0.845757
4773	4.0056965537e-2	0.339312	0.81407713	0.66821123	0.001934	-0.983450	-1.012850	8	0.845760
4774	4.0213911494e-2	0.340650	0.81410241	0.66841872	0.002144	-0.981675	-0.997819	9	0.845764
4775	4.0174902097e-2	0.340328	0.81408693	0.66834875	0.002144	-0.981675	-0.997819	9	0.845768
4776	4.0318988683e-2	0.341557	0.81408412	0.66848724	0.002144	-0.981675	-0.997819	9	0.845771
4777	4.0353897517e-2	0.341861	0.81409772	0.66854934	0.002353	-0.979902	-0.982796	10	0.845775
4778	4.0473094972e-2	0.342879	0.81408183	0.66863676	0.002562	-0.978129	-0.967774	11	0.845779
4779	4.0622750531e-2	0.344155	0.81405399	0.66873073	0.002562	-0.978129	-0.967774	11	0.845782
4780	4.0547507847e-2	0.343526	0.81402195	0.66859140	0.002562	-0.978129	-0.967774	11	0.845786
4781	4.0516582432e-2	0.343273	0.81403374	0.66858406	0.002772	-0.976357	-0.952760	12	0.845790
4782	4.0748544587e-2	0.345247	0.81404444	0.66883743	0.002563	-0.978129	-0.967772	11	0.845793
4783	4.0614027872e-2	0.344115	0.81405964	0.66873331	0.002353	-0.979900	-0.982781	10	0.845797
4784	4.0759954722e-2	0.345360	0.81407561	0.66891117	0.002353	-0.979900	-0.982781	10	0.845801
4785	4.0807827493e-2	0.345775	0.81411893	0.66904569	0.002562	-0.978129	-0.967777	11	0.845805
4786	4.0675024580e-2	0.344658	0.81408388	0.66884278	0.002771	-0.976359	-0.952775	12	0.845808
4787	4.0739008471e-2	0.345208	0.81410958	0.66895817	0.002562	-0.978129	-0.967774	11	0.845812
4788	4.0554415012e-2	0.343653	0.81408986	0.66873414	0.002562	-0.978129	-0.967774	11	0.845816
4789	4.0732149121e-2	0.345167	0.81407417	0.66888048	0.002354	-0.979898	-0.982769	10	0.845819
4790	4.0684086275e-2	0.344769	0.81406431	0.66881271	0.002145	-0.981668	-0.997762	9	0.845823
4791	4.0632120432e-2	0.344337	0.81405713	0.66874639	0.002354	-0.979899	-0.982772	10	0.845827
4792	4.0974433006e-2	0.347246	0.81406047	0.66909537	0.002354	-0.979899	-0.982772	10	0.845830
4793	4.1040904769e-2	0.347818	0.81408421	0.66920933	0.002145	-0.981667	-0.997757	9	0.845834
4794	4.1437163614e-2	0.351185	0.81412334	0.66968385	0.002354	-0.979899	-0.982774	10	0.845838
4795	4.1182133229e-2	0.349032	0.81414359	0.66946930	0.002145	-0.981667	-0.997754	9	0.845841
4796	4.1098575062e-2	0.348333	0.81416319	0.66942496	0.002145	-0.981667	-0.997754	9	0.845845
4797	4.1186500986e-2	0.349086	0.81412549	0.66943749	0.002145	-0.981667	-0.997754	9	0.845849
4798	4.1216562602e-2	0.349350	0.81414425	0.66950507	0.002353	-0.979900	-0.982781	10	0.845852
4799	4.1221302977e-2	0.349398	0.81416028	0.66954185	0.002145	-0.981666	-0.997752	9	0.845856
4800	4.1502743607e-2	0.351793	0.81412138	0.66974551	0.002145	-0.981666	-0.997752	9	0.845860
4801	4.1244374479e-2	0.349611	0.81415710	0.66955858	0.001937	-0.983432	-1.012718	8	0.845863
4802	4.1036122215e-2	0.347854	0.81418708	0.66941028	0.001937	-0.983432	-1.012718	8	0.845867
4803	4.0639097049e-2	0.344497	0.81420561	0.66905032	0.002145	-0.981667	-0.997757	9	0.845871
4804	4.0781610085e-2	0.345714	0.81419613	0.66917386	0.002145	-0.981667	-0.997757	9	0.845874
4805	4.1048276533e-2	0.347983	0.81422204	0.66949236	0.002145	-0.981667	-0.997757	9	0.845878
4806	4.1029918343e-2	0.347836	0.81422106	0.66947204	0.002145	-0.981667	-0.997757	9	0.845882
4807	4.1086869537e-2	0.348327	0.81421026	0.66950739	0.001937	-0.983431	-1.012709	8	0.845886
4808	4.1644774482e-2	0.353066	0.81420921	0.67006320	0.001937	-0.983431	-1.012709	8	0.845889
4809	4.1609901588e-2	0.352779	0.81417994	0.66996977	0.001729	-0.985194	-1.027656	7	0.845893
4810	4.1491174134e-2	0.351781	0.81420700	0.66990517	0.001937	-0.983431	-1.012711	8	0.845897
4811	4.1907823189e-2	0.355322	0.81420224	0.67031231	0.002145	-0.981668	-0.997769	9	0.845900
4812	4.1776330802e-2	0.354216	0.81424080	0.67025792	0.002145	-0.981668	-0.997769	9	0.845904
4813	4.1669992425e-2	0.353323	0.81426537	0.67020073	0.001937	-0.983430	-1.012706	8	0.845908
4814	4.1488205882e-2	0.351790	0.81427281	0.67003382	0.001729	-0.985192	-1.027641	7	0.845911
4815	4.1674875743e-2	0.353382	0.81431455	0.67030398	0.001729	-0.985192	-1.027641	7	0.845915
4816	4.1848025692e-2	0.354859	0.81435445	0.67055693	0.001729	-0.985192	-1.027641	7	0.845919
4817	4.1639286466e-2	0.353097	0.81436190	0.67036310	0.001522	-0.986952	-1.042570	6	0.845922
4818	4.1299932778e-2	0.350228	0.81437547	0.67005088	0.001729	-0.985192	-1.027644	7	0.845926
4819	4.1617206051e-2	0.352927	0.81440994	0.67043708	0.001937	-0.983432	-1.012720	8	0.845930
4820	4.1939328081e-2	0.355668	0.81438159	0.67070251	0.001937	-0.983432	-1.012720	8	0.845933
4821	4.1568222120e-2	0.352529	0.81434139	0.67025100	0.002144	-0.981673	-0.997802	9	0.845937
4822	4.1167018022e-2	0.349135	0.81435079	0.66986860	0.002352	-0.979914	-0.982885	10	0.845941
4823	4.0826894528e-2	0.346259	0.81439694	0.66962078	0.002144	-0.981673	-0.997799	9	0.845944
4824	4.1075975737e-2	0.348380	0.81439038	0.66985674	0.002144	-0.981673	-0.997799	9	0.845948
4825	4.1104443036e-2	0.348630	0.81437928	0.66986301	0.002144	-0.981673	-0.997799	9	0.845952
4826	4.1527772813e-2	0.352229	0.81437582	0.67027941	0.001937	-0.983430	-1.012706	8	0.845955
4827	4.1395772572e-2	0.351118	0.81435226	0.67010030	0.002144	-0.981673	-0.997802	9	0.845959
4828	4.1482163583e-2	0.351859	0.81436547	0.67021311	0.002144	-0.981673	-0.997802	9	0.845963
4829	4.1453917699e-2	0.351628	0.81435948	0.67017287	0.002351	-0.979916	-0.982902	10	0.845966
4830	4.1468675039e-2	0.351762	0.81436032	0.67018932	0.002144	-0.981673	-0.997799	9	0.845970
4831	4.1621720459e-2	0.353069	0.81440156	0.67042484	0.001937	-0.983429	-1.012694	8	0.845974
4832	4.1374124259e-2	0.350977	0.81436372	0.67010157	0.001937	-0.983429	-1.012694	8	0.845977
4833	4.1653130744e-2	0.353353	0.81435349	0.67036011	0.001937	-0.983429	-1.012694	8	0.845981
4834	4.1156050342e-2	0.349144	0.81432993	0.66981590	0.002144	-0.981674	-0.997806	9	0.845985
4835	4.1297768585e-2	0.350355	0.81432774	0.66995326	0.002351	-0.979919	-0.982921	10	0.845988
4836	4.0889211656e-2	0.346898	0.81438321	0.66965564	0.002351	-0.979919	-0.982921	10	0.845992
4837	4.0845092831e-2	0.346532	0.81436868	0.66958245	0.002558	-0.978165	-0.968040	11	0.845996
4838	4.0706155607e-2	0.345361	0.81435133	0.66940881	0.002351	-0.979919	-0.982918	10	0.845999
4839	4.0636794324e-2	0.344781	0.81435895	0.66935470	0.002558	-0.978165	-0.968042	11	0.846003
4840	4.0725977766e-2	0.345546	0.81436472	0.66945541	0.002558	-0.978165	-0.968042	11	0.846006
4841	4.0576497082e-2	0.344287	0.81434280	0.66926209	0.002764	-0.976413	-0.953171	12	0.846010
4842	4.0580870219e-2	0.344332	0.81429423	0.66916933	0.002764	-0.976413	-0.953171	12	0.846014
4843	4.0494921902e-2	0.343611	0.81428221	0.66905933	0.002971	-0.974661	-0.938304	13	0.846017
4844	4.0525738836e-2	0.343881	0.81426502	0.66905577	0.002971	-0.974661	-0.938304	13	0.846021
4845	4.0563027762e-2	0.344206	0.81425006	0.66906314	0.003177	-0.972909	-0.923442	14	0.846025
4846	4.0674186627e-2	0.345157	0.81425054	0.66917526	0.003383	-0.971158	-0.908582	15	0.846028
4847	4.0836887345e-2	0.346547	0.81426390	0.66936469	0.003590	-0.969407	-0.893724	16	0.846032
4848	4.0678143421e-2	0.345208	0.81424731	0.66917277	0.003590	-0.969407	-0.893724	16	0.846035
4849	4.0714684230e-2	0.345526	0.81427154	0.66925776	0.003796	-0.967657	-0.878872	17	0.846039
4850	4.0724007207e-2	0.345614	0.81429318	0.66931037	0.003796	-0.967657	-0.878872	17	0.846042
4851	4.0678612803e-2	0.345237	0.81427248	0.66922356	0.003796	-0.967657	-0.878872	17	0.846046
4852	4.0873564446e-2	0.346900	0.81428851	0.66945058	0.003796	-0.967657	-0.878872	17	0.846050
4853	4.0637565746e-2	0.344905	0.81427591	0.66918939	0.004002	-0.965908	-0.864028	18	0.846053
4854	4.0603917571e-2	0.344628	0.81427958	0.66916308	0.003796	-0.967657	-0.878869	17	0.846057
4855	4.0405162175e-2	0.342949	0.81426719	0.66893955	0.004002	-0.965908	-0.864031	18	0.846060
4856	4.0465346868e-2	0.343469	0.81426415	0.66899365	0.004002	-0.965908	-0.864031	18	0.846064
4857	4.0316272736e-2	0.342212	0.81425101	0.66881829	0.004208	-0.964161	-0.849196	19	0.846067
4858	4.0092900811e-2	0.340324	0.81427055	0.66863400	0.004002	-0.965908	-0.864028	18	0.846071
4859	3.9867967608e-2	0.338423	0.81426803	0.66840404	0.004208	-0.964161	-0.849199	19	0.846074
4860	3.9823865028e-2	0.338057	0.81427400	0.66837187	0.004208	-0.964161	-0.849199	19	0.846078
4861	3.9869325417e-2	0.338451	0.81432840	0.66852612	0.004002	-0.965908	-0.864024	18	0.846081
4862	3.9739787535e-2	0.337359	0.81430638	0.66835254	0.004208	-0.964162	-0.849201	19	0.846085
4863	3.9718536427e-2	0.337187	0.81430490	0.66832833	0.004413	-0.962416	-0.834381	20	0.846088
4864	3.9831543391e-2	0.338155	0.81428588	0.66840331	0.004413	-0.962416	-0.834381	20	0.846092
4865	3.9895625747e-2	0.338707	0.81428587	0.66846737	0.004208	-0.964161	-0.849196	19	0.846095
4866	3.9800308594e-2	0.337906	0.81424918	0.66829867	0.004002	-0.965906	-0.864010	18	0.846099
4867	3.9731558299e-2	0.337330	0.81424377	0.66821910	0.004208	-0.964161	-0.849199	19	0.846103
4868	3.9901874449e-2	0.338784	0.81429121	0.66848429	0.004208	-0.964161	-0.849199	19	0.846106
4869	4.0127982412e-2	0.340712	0.81431651	0.66876101	0.004208	-0.964161	-0.849199	19	0.846110
4870	3.9939412285e-2	0.339120	0.81431337	0.66856615	0.004002	-0.965905	-0.864003	18	0.846113
4871	3.9976381933e-2	0.339442	0.81434488	0.66866614	0.003797	-0.967648	-0.878804	17	0.846117
4872	3.9970734842e-2	0.339402	0.81433841	0.66864756	0.003797	-0.967648	-0.878804	17	0.846120
4873	3.9897907086e-2	0.338792	0.81433285	0.66856360	0.004002	-0.965905	-0.864007	18	0.846124
4874	3.9870555493e-2	0.338568	0.81434867	0.66856789	0.004208	-0.964163	-0.849213	19	0.846127
4875	3.9987166409e-2	0.339566	0.81433775	0.66866267	0.004208	-0.964163	-0.849213	19	0.846131
4876	3.9920737012e-2	0.339010	0.81438124	0.66868322	0.004208	-0.964163	-0.849213	19	0.846134
4877	4.0204641098e-2	0.341429	0.81440686	0.66901836	0.004003	-0.965904	-0.864000	18	0.846138
4878	4.0293649782e-2	0.342193	0.81438452	0.66906268	0.004003	-0.965904	-0.864000	18	0.846141
4879	4.0431612300e-2	0.343373	0.81440264	0.66923689	0.003798	-0.967645	-0.878783	17	0.846145
4880	4.0438302697e-2	0.343438	0.81441477	0.66926785	0.003798	-0.967645	-0.878783	17	0.846148
4881	4.0313704178e-2	0.342389	0.81436496	0.66904362	0.004002	-0.965905	-0.864005	18	0.846152
4882	4.0298399805e-2	0.342267	0.81438504	0.66906847	0.004207	-0.964165	-0.849229	19	0.846155
4883	4.0426051372e-2	0.343359	0.81437958	0.66918521	0.004412	-0.962426	-0.834455	20	0.846159
4884	4.0377990016e-2	0.342959	0.81440122	0.66918042	0.004412	-0.962426	-0.834455	20	0.846162
4885	4.0328713539e-2	0.342549	0.81441742	0.66916356	0.004617	-0.960687	-0.819686	21	0.846166
4886	4.0227440795e-2	0.341697	0.81442451	0.66907647	0.004412	-0.962426	-0.834453	20	0.846169
4887	4.0504442395e-2	0.344058	0.81438722	0.66927888	0.004412	-0.962426	-0.834453	20	0.846173
4888	4.0274356093e-2	0.342112	0.81436645	0.66900725	0.004412	-0.962426	-0.834453	20	0.846176
4889	4.0428388739e-2	0.343429	0.81436822	0.66916482	0.004208	-0.964163	-0.849213	19	0.846180
4890	4.0215436813e-2	0.341628	0.81437939	0.66897421	0.004412	-0.962426	-0.834455	20	0.846183
4891	4.0212416460e-2	0.341611	0.81437460	0.66896162	0.004617	-0.960689	-0.819700	21	0.846187
4892	4.0194822364e-2	0.341469	0.81437923	0.66895328	0.004617	-0.960689	-0.819700	21	0.846190
4893	4.0296473254e-2	0.342341	0.81441377	0.66912402	0.004412	-0.962425	-0.834451	20	0.846194
4894	4.0505632263e-2	0.344126	0.81443994	0.66938552	0.004616	-0.960689	-0.819702	21	0.846197
4895	4.0372762576e-2	0.343006	0.81442223	0.66921723	0.004412	-0.962425	-0.834448	20	0.846201
4896	4.0314023437e-2	0.342515	0.81440257	0.66911917	0.004412	-0.962425	-0.834448	20	0.846204
4897	4.0163263819e-2	0.341242	0.81441255	0.66898836	0.004616	-0.960690	-0.819707	21	0.846208
4898	4.0032024462e-2	0.340135	0.81439684	0.66882570	0.004412	-0.962425	-0.834446	20	0.846211
4899	4.0199748071e-2	0.341569	0.81439157	0.66898289	0.004208	-0.964159	-0.849183	19	0.846215
4900	4.0107502335e-2	0.340793	0.81440438	0.66891627	0.004208	-0.964159	-0.849183	19	0.846218
4901	4.0032778920e-2	0.340166	0.81442332	0.66887942	0.004208	-0.964159	-0.849183	19	0.846222
4902	4.0017782076e-2	0.340047	0.81443731	0.66889240	0.004412	-0.962426	-0.834453	20	0.846225
4903	3.9993627749e-2	0.339850	0.81443342	0.66886046	0.004208	-0.964159	-0.849181	19	0.846229
4904	4.0030622909e-2	0.340172	0.81440443	0.66883949	0.004208	-0.964159	-0.849181	19	0.846232
4905	4.0251844978e-2	0.342061	0.81437654	0.66900492	0.004208	-0.964159	-0.849181	19	0.846236
4906	4.0276447015e-2	0.342278	0.81437004	0.66901652	0.004004	-0.965891	-0.863901	18	0.846239
4907	4.0091989818e-2	0.340718	0.81436958	0.66883116	0.004208	-0.964159	-0.849183	19	0.846243
4908	3.9865833379e-2	0.338805	0.81436160	0.66858904	0.004208	-0.964159	-0.849183	19	0.846246
4909	3.9869162051e-2	0.338841	0.81440146	0.66867208	0.004004	-0.965890	-0.863897	18	0.846250
4910	3.9912700702e-2	0.339219	0.81439366	0.66870003	0.003801	-0.967621	-0.878608	17	0.846253
4911	3.9962773445e-2	0.339653	0.81443054	0.66882386	0.004004	-0.965891	-0.863899	18	0.846257
4912	3.9904369487e-2	0.339165	0.81444215	0.66878867	0.004004	-0.965891	-0.863899	18	0.846260
4913	4.0051453816e-2	0.340423	0.81442897	0.66890939	0.004004	-0.965891	-0.863899	18	0.846263
4914	4.0304057886e-2	0.342578	0.81445858	0.66922121	0.004004	-0.965891	-0.863899	18	0.846267
4915	4.0121165820e-2	0.341032	0.81442721	0.66897559	0.004208	-0.964161	-0.849199	19	0.846270
4916	4.0249185074e-2	0.342128	0.81441215	0.66907349	0.004208	-0.964161	-0.849199	19	0.846274
4917	4.0135293495e-2	0.341168	0.81443586	0.66900702	0.004004	-0.965890	-0.863894	18	0.846277
4918	4.0276278586e-2	0.342375	0.81443946	0.66915521	0.004208	-0.964162	-0.849201	19	0.846281
4919	4.0198978601e-2	0.341726	0.81442675	0.66905248	0.004004	-0.965890	-0.863892	18	0.846284
4920	4.0362503522e-2	0.343124	0.81440468	0.66917186	0.004004	-0.965890	-0.863892	18	0.846288
4921	4.0205664296e-2	0.341799	0.81442250	0.66905067	0.003801	-0.967617	-0.878578	17	0.846291
4922	4.0334489921e-2	0.342902	0.81439984	0.66913418	0.003598	-0.969344	-0.893262	16	0.846295
4923	4.0642590967e-2	0.345530	0.81442751	0.66949761	0.003598	-0.969344	-0.893262	16	0.846298
4924	4.0427031792e-2	0.343706	0.81442798	0.66928299	0.003598	-0.969344	-0.893262	16	0.846302
4925	4.0451792813e-2	0.343924	0.81443779	0.66932737	0.003598	-0.969344	-0.893262	16	0.846305
4926	4.0272025658e-2	0.342404	0.81445059	0.66917321	0.003395	-0.971070	-0.907937	15	0.846309
4927	4.0448645869e-2	0.343914	0.81444224	0.66933312	0.003598	-0.969345	-0.893265	16	0.846312
4928	4.0548120165e-2	0.344768	0.81445028	0.66944867	0.003598	-0.969345	-0.893265	16	0.846316
4929	4.0427916251e-2	0.343754	0.81446042	0.66934875	0.003395	-0.971070	-0.907933	15	0.846319
4930	4.0517592297e-2	0.344525	0.81447580	0.66946919	0.003598	-0.969345	-0.893267	16	0.846323
4931	4.0624441954e-2	0.345442	0.81447678	0.66957800	0.003395	-0.971070	-0.907931	15	0.846326
4932	4.0799435867e-2	0.346938	0.81448417	0.66976778	0.003395	-0.971070	-0.907931	15	0.846330
4933	4.0817349918e-2	0.347099	0.81444750	0.66971235	0.003192	-0.972793	-0.922590	14	0.846333
4934	4.0627591490e-2	0.345493	0.81446192	0.66955143	0.003395	-0.971070	-0.907933	15	0.846337
4935	4.0465943739e-2	0.344127	0.81446624	0.66939843	0.003598	-0.969347	-0.893278	16	0.846340
4936	4.0313819471e-2	0.342841	0.81447878	0.66927138	0.003598	-0.969347	-0.893278	16	0.846344
4937	4.0334946313e-2	0.343029	0.81448890	0.66931275	0.003395	-0.971069	-0.907928	15	0.846347
4938	4.0097854437e-2	0.341021	0.81448026	0.66905837	0.003193	-0.972792	-0.922576	14	0.846351
4939	4.0121890477e-2	0.341233	0.81447775	0.66907739	0.003395	-0.971070	-0.907931	15	0.846354
4940	4.0353676513e-2	0.343213	0.81450175	0.66935718	0.003395	-0.971070	-0.907931	15	0.846358
4941	4.0394936425e-2	0.343572	0.81450949	0.66941392	0.003395	-0.971070	-0.907931	15	0.846361
4942	4.0454573079e-2	0.344087	0.81453826	0.66953110	0.003193	-0.972791	-0.922569	14	0.846365
4943	4.0236634414e-2	0.342242	0.81452537	0.66928737	0.002991	-0.974511	-0.937206	13	0.846368
4944	4.0349089727e-2	0.343207	0.81453283	0.66941475	0.002991	-0.974511	-0.937206	13	0.846372
4945	4.0247303599e-2	0.342349	0.81455566	0.66935863	0.002788	-0.976232	-0.951837	12	0.846375
4946	4.0494216747e-2	0.344457	0.81453628	0.66956678	0.002991	-0.974512	-0.937208	13	0.846379
4947	4.0455030040e-2	0.344132	0.81454194	0.66953890	0.002788	-0.976231	-0.951835	12	0.846382
4948	4.0426353632e-2	0.343896	0.81455586	0.66953808	0.002788	-0.976231	-0.951835	12	0.846386
4949	4.0181333388e-2	0.341820	0.81455649	0.66929431	0.002788	-0.976231	-0.951835	12	0.846389
4950	4.0244106401e-2	0.342362	0.81457305	0.66939021	0.002788	-0.976231	-0.951835	12	0.846393
4951	4.0249089868e-2	0.342413	0.81458190	0.66941290	0.002586	-0.977950	-0.966453	11	0.846396
4952	4.0323099385e-2	0.343051	0.81457306	0.66946921	0.002586	-0.977950	-0.966453	11	0.846400
4953	4.0286946178e-2	0.342751	0.81457626	0.66943946	0.002384	-0.979667	-0.981067	10	0.846403
4954	4.0410053189e-2	0.343807	0.81459037	0.66959078	0.002586	-0.977950	-0.966456	11	0.846407
4955	4.0491541768e-2	0.344508	0.81461448	0.66972050	0.002788	-0.976233	-0.951846	12	0.846411
4956	4.0214987580e-2	0.342163	0.81464115	0.66949729	0.002788	-0.976233	-0.951846	12	0.846414
4957	4.0163888348e-2	0.341737	0.81466875	0.66950139	0.002586	-0.977949	-0.966451	11	0.846418
4958	4.0195516833e-2	0.342014	0.81466739	0.66953029	0.002385	-0.979665	-0.981054	10	0.846421
4959	4.0337257176e-2	0.343228	0.81465165	0.66964057	0.002385	-0.979665	-0.981054	10	0.846425
4960	4.0273196246e-2	0.342691	0.81465968	0.66959255	0.002385	-0.979665	-0.981054	10	0.846428
4961	4.0536526926e-2	0.344940	0.81470090	0.66993832	0.002385	-0.979665	-0.981054	10	0.846432
4962	4.0489291868e-2	0.344546	0.81470146	0.66989221	0.002183	-0.981380	-0.995647	9	0.846435
4963	4.0391255293e-2	0.343720	0.81465435	0.66969995	0.002385	-0.979666	-0.981056	10	0.846439
4964	4.0086512591e-2	0.341135	0.81466294	0.66941239	0.002385	-0.979666	-0.981056	10	0.846442
4965	3.9970283082e-2	0.340154	0.81467664	0.66932355	0.002183	-0.981380	-0.995642	9	0.846446
4966	3.9993225996e-2	0.340357	0.81465112	0.66929548	0.001982	-0.983093	-1.010227	8	0.846449
4967	3.9939529454e-2	0.339908	0.81465027	0.66924007	0.001781	-0.984807	-1.024809	7	0.846453
4968	3.9830014069e-2	0.338984	0.81466750	0.66916501	0.001781	-0.984807	-1.024809	7	0.846456
4969	4.0038024890e-2	0.340763	0.81468150	0.66940102	0.001579	-0.986520	-1.039387	6	0.846460
4970	4.0205715676e-2	0.342198	0.81469981	0.66960534	0.001781	-0.984807	-1.024811	7	0.846463
4971	4.0068449611e-2	0.341038	0.81469742	0.66946329	0.001982	-0.983095	-1.010238	8	0.846467
4972	4.0017374772e-2	0.340611	0.81468464	0.66938666	0.001982	-0.983095	-1.010238	8	0.846471
4973	4.0098792166e-2	0.341312	0.81469596	0.66949072	0.001781	-0.984807	-1.024807	7	0.846474
4974	4.0086092557e-2	0.341212	0.81469932	0.66948473	0.001580	-0.986518	-1.039373	6	0.846478
4975	4.0155243710e-2	0.341809	0.81471336	0.66958195	0.001580	-0.986518	-1.039373	6	0.846481
4976	4.0035033996e-2	0.340793	0.81472527	0.66948558	0.001580	-0.986518	-1.039373	6	0.846485
4977	3.9966580443e-2	0.340219	0.81474620	0.66945899	0.001580	-0.986518	-1.039373	6	0.846488
4978	3.9961371970e-2	0.340183	0.81474802	0.66945741	0.001379	-0.988228	-1.053931	5	0.846492
4979	4.0063943008e-2	0.341064	0.81472459	0.66951312	0.001580	-0.986518	-1.039376	6	0.846495
4980	4.0145154933e-2	0.341763	0.81470404	0.66955324	0.001580	-0.986518	-1.039376	6	0.846499
4981	4.0270562342e-2	0.342839	0.81465718	0.66958492	0.001780	-0.984809	-1.024825	7	0.846502
4982	3.9955383466e-2	0.340164	0.81468689	0.66932916	0.001580	-0.986518	-1.039373	6	0.846506
4983	4.0324246041e-2	0.343312	0.81467284	0.66966994	0.001379	-0.988226	-1.053920	5	0.846510
4984	4.0472437614e-2	0.344582	0.81468553	0.66984350	0.001379	-0.988226	-1.053920	5	0.846513
4985	4.0437373030e-2	0.344291	0.81467336	0.66978409	0.001579	-0.986518	-1.039378	6	0.846517
4986	4.0738105373e-2	0.346860	0.81467572	0.67008955	0.001579	-0.986518	-1.039378	6	0.846520
4987	4.0382556190e-2	0.343841	0.81467684	0.66973624	0.001379	-0.988226	-1.053915	5	0.846524
4988	4.0562860790e-2	0.345384	0.81469184	0.66994654	0.001379	-0.988226	-1.053915	5	0.846527
4989	4.0291196660e-2	0.343079	0.81470187	0.66969494	0.001579	-0.986519	-1.039382	6	0.846531
4990	4.0036965021e-2	0.340922	0.81470415	0.66944527	0.001379	-0.988226	-1.053913	5	0.846534
4991	3.9857761619e-2	0.339404	0.81472016	0.66929808	0.001179	-0.989932	-1.068442	4	0.846538
4992	3.9873901135e-2	0.339550	0.81470646	0.66928682	0.001179	-0.989932	-1.068442	4	0.846541
4993	4.0173388020e-2	0.342108	0.81472763	0.66962865	0.000978	-0.991637	-1.082966	3	0.846545
4994	3.9772133416e-2	0.338699	0.81473562	0.66924338	0.000778	-0.993342	-1.097488	2	0.846549
4995	3.9790752882e-2	0.338866	0.81473248	0.66925572	0.000778	-0.993342	-1.097488	2	0.846552
4996	3.9751078842e-2	0.338536	0.81477513	0.66930134	0.000778	-0.993342	-1.097488	2	0.846556
4997	3.9614425828e-2	0.337380	0.81479271	0.66919984	0.000978	-0.991638	-1.082972	3	0.846559
4998	3.9973066872e-2	0.340442	0.81477567	0.66952441	0.000978	-0.991638	-1.082972	3	0.846563
4999	3.9840151311e-2	0.339318	0.81476399	0.66936812	0.000778	-0.993342	-1.097483	2	0.846566
5000	3.9706676034e-2	0.338189	0.81475427	0.66921522	0.000778	-0.993342	-1.097483	2	0.846570
5001	3.9777699754e-2	0.338802	0.81476596	0.66930961	0.000978	-0.991639	-1.082977	3	0.846574
5002	3.9963376347e-2	0.340392	0.81473713	0.66943764	0.000778	-0.993342	-1.097481	2	0.846577
5003	4.0144995095e-2	0.341947	0.81478791	0.66972081	0.000578	-0.995044	-1.111983	1	0.846581
5004	4.0081010833e-2	0.341410	0.81479688	0.66967476	0.000578	-0.995044	-1.111983	1	0.846584
5005	4.0282683057e-2	0.343136	0.81477443	0.66983154	0.000778	-0.993342	-1.097485	2	0.846588
5006	4.0060384556e-2	0.341250	0.81480316	0.66966671	0.000978	-0.991641	-1.082990	3	0.846591
5007	3.9775610902e-2	0.338832	0.81482371	0.66942303	0.001178	-0.989939	-1.068497	4	0.846595
5008	3.9681414480e-2	0.338038	0.81482465	0.66933072	0.001178	-0.989939	-1.068497	4	0.846598
5009	3.9464458700e-2	0.336197	0.81486753	0.66919952	0.000978	-0.991640	-1.082986	3	0.846602
5010	3.9533022753e-2	0.336789	0.81487499	0.66928300	0.001178	-0.989939	-1.068499	4	0.846606
5011	3.9450442266e-2	0.336094	0.81489163	0.66923371	0.000978	-0.991640	-1.082983	3	0.846609
5012	3.9507043231e-2	0.336584	0.81490228	0.66931160	0.000978	-0.991640	-1.082983	3	0.846613
5013	3.9492362397e-2	0.336467	0.81489651	0.66928539	0.000978	-0.991640	-1.082983	3	0.846616
5014	3.9471978384e-2	0.336301	0.81489226	0.66925650	0.000779	-0.993339	-1.097461	2	0.846620
5015	3.9306063542e-2	0.334895	0.81488522	0.66907651	0.000579	-0.995038	-1.111936	1	0.846623
5016	3.9453620321e-2	0.336160	0.81488134	0.66921630	0.000579	-0.995038	-1.111936	1	0.846627
5017	3.9386795645e-2	0.335599	0.81487224	0.66913128	0.000779	-0.993339	-1.097465	2	0.846630
5018	3.9306316176e-2	0.334921	0.81488634	0.66907899	0.000579	-0.995038	-1.111934	1	0.846634
5019	3.9414012252e-2	0.335846	0.81491332	0.66924065	0.000380	-0.996735	-1.126401	0	0.846638
5020	3.9393220887e-2	0.335677	0.81494108	0.66927538	0.000380	-0.996735	-1.126401	0	0.846641
5021	3.9362681575e-2	0.335425	0.81493910	0.66924088	0.000181	-0.998432	-1.140863	-1	0.846645
5022	3.9464999577e-2	0.336304	0.81494714	0.66935929	0.000181	-0.998432	-1.140863	-1	0.846648
5023	3.9566678232e-2	0.337179	0.81493859	0.66944386	-0.000018	-1.000129	-1.155320	-2	0.846652
5024	3.9697512000e-2	0.338301	0.81495158	0.66960068	-0.000018	-1.000129	-1.155320	-2	0.846655
5025	3.9760578318e-2	0.338847	0.81494706	0.66965471	-0.000018	-1.000129	-1.155320	-2	0.846659
5026	3.9835658084e-2	0.339495	0.81498885	0.66981336	-0.000217	-1.001825	-1.169771	-3	0.846663
5027	3.9912638346e-2	0.340159	0.81498425	0.66988114	-0.000018	-1.000129	-1.155322	-2	0.846666
5028	3.9721560965e-2	0.338538	0.81498926	0.66970008	-0.000018	-1.000129	-1.155322	-2	0.846670
5029	3.9760494133e-2	0.338878	0.81498514	0.66973078	0.000181	-0.998434	-1.140878	-1	0.846673
5030	3.9853648852e-2	0.339680	0.81497272	0.66979908	-0.000018	-1.000129	-1.155320	-2	0.846677
5031	3.9985555696e-2	0.340812	0.81498837	0.66996230	-0.000018	-1.000129	-1.155320	-2	0.846680
5032	4.0079659173e-2	0.341622	0.81499078	0.67006123	-0.000018	-1.000129	-1.155320	-2	0.846684
5033	3.9957806076e-2	0.340591	0.81499107	0.66993995	0.000180	-0.998435	-1.140885	-1	0.846688
5034	3.9604020576e-2	0.337583	0.81500026	0.66960455	-0.000018	-1.000129	-1.155318	-2	0.846691
5035	3.9604145441e-2	0.337592	0.81499807	0.66960028	-0.000217	-1.001822	-1.169749	-3	0.846695
5036	3.9666165649e-2	0.338129	0.81498386	0.66963389	-0.000217	-1.001822	-1.169749	-3	0.846698
5037	3.9525355188e-2	0.336936	0.81500840	0.66954215	-0.000415	-1.003514	-1.184176	-4	0.846702
5038	3.9521064449e-2	0.336908	0.81504420	0.66960947	-0.000614	-1.005206	-1.198601	-5	0.846705
5039	3.9425580605e-2	0.336102	0.81507705	0.66957967	-0.000812	-1.006898	-1.213023	-6	0.846709
5040	3.9509551959e-2	0.336825	0.81507574	0.66966102	-0.000812	-1.006898	-1.213023	-6	0.846713
5041	3.9730521143e-2	0.338717	0.81510805	0.66994662	-0.000812	-1.006898	-1.213023	-6	0.846716
5042	3.9713206155e-2	0.338577	0.81515322	0.67001965	-0.000614	-1.005207	-1.198607	-5	0.846720
5043	3.9843399632e-2	0.339695	0.81511643	0.67007626	-0.000614	-1.005207	-1.198607	-5	0.846724
5044	3.9562210852e-2	0.337306	0.81514835	0.66985890	-0.000614	-1.005207	-1.198607	-5	0.846727
5045	3.9609202719e-2	0.337714	0.81513489	0.66987898	-0.000416	-1.003517	-1.184198	-4	0.846731
5046	3.9548355850e-2	0.337203	0.81515937	0.66986709	-0.000416	-1.003517	-1.184198	-4	0.846734
5047	3.9710978611e-2	0.338598	0.81516048	0.67003193	-0.000416	-1.003517	-1.184198	-4	0.846738
5048	3.9821153869e-2	0.339545	0.81516952	0.67016020	-0.000416	-1.003517	-1.184198	-4	0.846741
5049	3.9969561020e-2	0.340818	0.81515287	0.67027529	-0.000416	-1.003517	-1.184198	-4	0.846745
5050	4.0199067690e-2	0.342783	0.81517158	0.67054222	-0.000416	-1.003517	-1.184198	-4	0.846749
5051	4.0276999989e-2	0.343456	0.81519862	0.67067423	-0.000614	-1.005205	-1.198594	-5	0.846752
5052	4.0644161251e-2	0.346595	0.81520930	0.67106276	-0.000614	-1.005205	-1.198594	-5	0.846756
5053	4.0411338329e-2	0.344617	0.81522727	0.67086588	-0.000416	-1.003518	-1.184202	-4	0.846759
5054	4.0210364379e-2	0.342911	0.81520740	0.67062516	-0.000416	-1.003518	-1.184202	-4	0.846763
5055	4.0009156103e-2	0.341203	0.81520713	0.67042343	-0.000614	-1.005205	-1.198590	-5	0.846766
5056	4.0068525982e-2	0.341718	0.81524290	0.67055433	-0.000614	-1.005205	-1.198590	-5	0.846770
5057	4.0056419931e-2	0.341622	0.81526633	0.67058909	-0.000416	-1.003518	-1.184207	-4	0.846774
5058	4.0021196267e-2	0.341330	0.81529141	0.67060401	-0.000416	-1.003518	-1.184207	-4	0.846777
5059	3.9940240060e-2	0.340647	0.81528280	0.67050583	-0.000614	-1.005204	-1.198586	-5	0.846781
5060	4.0383115282e-2	0.344433	0.81529925	0.67098162	-0.000614	-1.005204	-1.198586	-5	0.846784
5061	4.0031121292e-2	0.341438	0.81531082	0.67065276	-0.000811	-1.006889	-1.212960	-6	0.846788
5062	3.9933249684e-2	0.340611	0.81529025	0.67051374	-0.000614	-1.005204	-1.198588	-5	0.846792
5063	3.9907305745e-2	0.340398	0.81529706	0.67050142	-0.000416	-1.003520	-1.184218	-4	0.846795
5064	3.9897033040e-2	0.340318	0.81529803	0.67049309	-0.000416	-1.003520	-1.184218	-4	0.846799
5065	4.0009131669e-2	0.341282	0.81526549	0.67054011	-0.000219	-1.001836	-1.169852	-3	0.846802
5066	4.0328339574e-2	0.344013	0.81527674	0.67088182	-0.000416	-1.003519	-1.184216	-4	0.846806
5067	4.0173766384e-2	0.342702	0.81526730	0.67070837	-0.000416	-1.003519	-1.184216	-4	0.846809
5068	4.0082143662e-2	0.341929	0.81527877	0.67063967	-0.000416	-1.003519	-1.184216	-4	0.846813
5069	3.9967190418e-2	0.340956	0.81529052	0.67054823	-0.000219	-1.001836	-1.169858	-3	0.846816
5070	3.9871106047e-2	0.340144	0.81531024	0.67049159	-0.000219	-1.001836	-1.169858	-3	0.846820
5071	3.9868709747e-2	0.340132	0.81534690	0.67056251	-0.000022	-1.000154	-1.155506	-2	0.846824
5072	3.9714536975e-2	0.338824	0.81537581	0.67046616	-0.000022	-1.000154	-1.155506	-2	0.846827
5073	3.9626509109e-2	0.338081	0.81536245	0.67035142	-0.000219	-1.001836	-1.169854	-3	0.846831
5074	3.9686439382e-2	0.338600	0.81536705	0.67042055	-0.000416	-1.003517	-1.184200	-4	0.846834
5075	3.9600496264e-2	0.337875	0.81534297	0.67028644	-0.000416	-1.003517	-1.184200	-4	0.846838
5076	3.9568705565e-2	0.337611	0.81539448	0.67035767	-0.000416	-1.003517	-1.184200	-4	0.846841
5077	3.9727678043e-2	0.338975	0.81539505	0.67051778	-0.000613	-1.005198	-1.198540	-5	0.846845
5078	3.9671718526e-2	0.338506	0.81541623	0.67050418	-0.000416	-1.003518	-1.184203	-4	0.846848
5079	3.9660522199e-2	0.338418	0.81541840	0.67049733	-0.000219	-1.001838	-1.169867	-3	0.846852
5080	3.9647457730e-2	0.338314	0.81540665	0.67046075	-0.000219	-1.001838	-1.169867	-3	0.846856
5081	3.9460001075e-2	0.336723	0.81541853	0.67029705	-0.000416	-1.003517	-1.184198	-4	0.846859
5082	3.9419971677e-2	0.336389	0.81543941	0.67029879	-0.000416	-1.003517	-1.184198	-4	0.846863
5083	3.9338664946e-2	0.335703	0.81546187	0.67026241	-0.000612	-1.005196	-1.198525	-5	0.846866
5084	3.9522953956e-2	0.337283	0.81551102	0.67054500	-0.000612	-1.005196	-1.198525	-5	0.846870
5085	3.9722940481e-2	0.338998	0.81554781	0.67081855	-0.000612	-1.005196	-1.198525	-5	0.846873
5086	4.0113077951e-2	0.342335	0.81555281	0.67121871	-0.000416	-1.003518	-1.184205	-4	0.846877
5087	4.0088985519e-2	0.342137	0.81556612	0.67122122	-0.000612	-1.005196	-1.198523	-5	0.846880
5088	3.9848202542e-2	0.340090	0.81552716	0.67090252	-0.000612	-1.005196	-1.198523	-5	0.846884
5089	4.0000449574e-2	0.341397	0.81555108	0.67110262	-0.000416	-1.003518	-1.184209	-4	0.846888
5090	4.0214948634e-2	0.343236	0.81556248	0.67133991	-0.000612	-1.005195	-1.198521	-5	0.846891
5091	4.0297102257e-2	0.343945	0.81559619	0.67148948	-0.000416	-1.003519	-1.184211	-4	0.846895
5092	4.0333741850e-2	0.344266	0.81561303	0.67155979	-0.000416	-1.003519	-1.184211	-4	0.846898
5093	4.0294752322e-2	0.343941	0.81561188	0.67151851	-0.000220	-1.001843	-1.169906	-3	0.846902
5094	4.0256907550e-2	0.343626	0.81561990	0.67149672	-0.000220	-1.001843	-1.169906	-3	0.846905
5095	4.0173553253e-2	0.342922	0.81563123	0.67143602	-0.000023	-1.000167	-1.155605	-2	0.846909
5096	4.0310483350e-2	0.344099	0.81560557	0.67152163	-0.000023	-1.000167	-1.155605	-2	0.846912
5097	4.0164932027e-2	0.342864	0.81560497	0.67137486	0.000173	-0.998493	-1.141308	-1	0.846916
5098	4.0418905872e-2	0.345040	0.81561615	0.67165121	0.000369	-0.996818	-1.127014	0	0.846919
5099	4.0380379979e-2	0.344719	0.81563674	0.67165386	0.000173	-0.998492	-1.141306	-1	0.846923
5100	4.0766188594e-2	0.348021	0.81565019	0.67206656	0.000173	-0.998492	-1.141306	-1	0.846926
5101	4.0628130165e-2	0.346850	0.81562811	0.67188434	-0.000023	-1.000166	-1.155594	-2	0.846930
5102	4.0569294904e-2	0.346356	0.81562789	0.67182507	0.000173	-0.998493	-1.141308	-1	0.846933
5103	4.0362959472e-2	0.344602	0.81561936	0.67160167	0.000173	-0.998493	-1.141308	-1	0.846937
5104	4.0511796742e-2	0.345881	0.81557772	0.67166723	0.000173	-0.998493	-1.141308	-1	0.846940
5105	4.0467469751e-2	0.345510	0.81557998	0.67162743	0.000369	-0.996820	-1.127029	0	0.846944
5106	4.0323287978e-2	0.344287	0.81553407	0.67139142	0.000565	-0.995148	-1.112751	1	0.846947
5107	4.0091476234e-2	0.342316	0.81552220	0.67113588	0.000369	-0.996820	-1.127026	0	0.846951
5108	3.9927826928e-2	0.340926	0.81553110	0.67099003	0.000369	-0.996820	-1.127026	0	0.846954
5109	3.9954199773e-2	0.341159	0.81552149	0.67099717	0.000173	-0.998491	-1.141297	-1	0.846958
5110	3.9910567102e-2	0.340795	0.81552407	0.67095870	0.000369	-0.996820	-1.127029	0	0.846961
5111	3.9714773642e-2	0.339130	0.81553796	0.67079070	0.000564	-0.995149	-1.112762	1	0.846965
5112	3.9774006770e-2	0.339644	0.81559139	0.67095678	0.000564	-0.995149	-1.112762	1	0.846968
5113	3.9698077871e-2	0.339003	0.81557867	0.67085542	0.000369	-0.996820	-1.127024	0	0.846972
5114	3.9861759856e-2	0.340409	0.81560398	0.67106972	0.000564	-0.995150	-1.112764	1	0.846975
5115	3.9956466585e-2	0.341226	0.81559389	0.67114424	0.000760	-0.993480	-1.098506	2	0.846979
5116	4.0021479502e-2	0.341789	0.81560104	0.67122355	0.000760	-0.993480	-1.098506	2	0.846982
5117	4.0116451922e-2	0.342607	0.81560007	0.67131660	0.000564	-0.995149	-1.112760	1	0.846986
5118	4.0160748392e-2	0.342994	0.81560980	0.67138036	0.000369	-0.996818	-1.127012	0	0.846989
5119	4.0161088158e-2	0.343004	0.81560008	0.67136124	0.000174	-0.998486	-1.141261	-1	0.846993
5120	4.0249889699e-2	0.343771	0.81562896	0.67150781	0.000174	-0.998486	-1.141261	-1	0.846996
5121	4.0354712185e-2	0.344674	0.81562981	0.67161434	0.000174	-0.998486	-1.141261	-1	0.847000
5122	4.0272374776e-2	0.343978	0.81563984	0.67155206	-0.000022	-1.000154	-1.155504	-2	0.847003
5123	4.0374522827e-2	0.344859	0.81564615	0.67166683	0.000174	-0.998487	-1.141263	-1	0.847007
5124	4.0711227007e-2	0.347743	0.81567369	0.67205861	0.000174	-0.998487	-1.141263	-1	0.847010
5125	4.0973791594e-2	0.349993	0.81567294	0.67231967	0.000174	-0.998487	-1.141263	-1	0.847014
5126	4.0985154740e-2	0.350099	0.81569204	0.67236924	-0.000021	-1.000153	-1.155498	-2	0.847017
5127	4.0980235805e-2	0.350064	0.81568427	0.67234877	0.000174	-0.998487	-1.141265	-1	0.847021
5128	4.0779164643e-2	0.348355	0.81566855	0.67211626	0.000174	-0.998487	-1.141265	-1	0.847024
5129	4.1206151103e-2	0.352010	0.81566962	0.67254539	0.000369	-0.996821	-1.127037	0	0.847028
5130	4.1124543632e-2	0.351321	0.81566235	0.67244924	0.000369	-0.996821	-1.127037	0	0.847031
5131	4.0717620411e-2	0.347853	0.81567599	0.67206960	0.000563	-0.995156	-1.112813	1	0.847034
5132	4.0690492538e-2	0.347629	0.81568874	0.67206798	0.000563	-0.995156	-1.112813	1	0.847038
5133	4.0782547601e-2	0.348423	0.81569584	0.67217423	0.000369	-0.996821	-1.127033	0	0.847041
5134	4.1043984532e-2	0.350665	0.81572346	0.67249091	0.000174	-0.998485	-1.141251	-1	0.847045
5135	4.0985321319e-2	0.350172	0.81571889	0.67242311	-0.000021	-1.000149	-1.155466	-2	0.847048
5136	4.1189214949e-2	0.351922	0.81574846	0.67268613	-0.000021	-1.000149	-1.155466	-2	0.847052
5137	4.1271193460e-2	0.352630	0.81575680	0.67278478	0.000174	-0.998485	-1.141255	-1	0.847055
5138	4.1191629364e-2	0.351959	0.81580276	0.67279716	-0.000021	-1.000148	-1.155464	-2	0.847059
5139	4.1183297536e-2	0.351895	0.81580377	0.67279083	-0.000021	-1.000148	-1.155464	-2	0.847062
5140	4.0839905536e-2	0.348969	0.81579828	0.67243646	-0.000021	-1.000148	-1.155464	-2	0.847066
5141	4.0992457280e-2	0.350281	0.81578793	0.67256832	0.000174	-0.998486	-1.141261	-1	0.847069
5142	4.1187972387e-2	0.351959	0.81579406	0.67277610	-0.000021	-1.000148	-1.155462	-2	0.847073
5143	4.1145101414e-2	0.351601	0.81577123	0.67268756	0.000174	-0.998487	-1.141263	-1	0.847076
5144	4.1131737400e-2	0.351495	0.81576352	0.67265878	0.000174	-0.998487	-1.141263	-1	0.847080
5145	4.1223383872e-2	0.352286	0.81579293	0.67280925	0.000174	-0.998487	-1.141263	-1	0.847083
5146	4.1547200003e-2	0.355061	0.81577899	0.67310518	-0.000021	-1.000147	-1.155456	-2	0.847087
5147	4.1403329995e-2	0.353840	0.81578941	0.67298215	-0.000215	-1.001808	-1.169646	-3	0.847090
5148	4.1293981009e-2	0.352913	0.81576515	0.67282429	-0.000215	-1.001808	-1.169646	-3	0.847094
5149	4.1606735693e-2	0.355594	0.81575932	0.67312537	-0.000021	-1.000148	-1.155460	-2	0.847097
5150	4.1251177490e-2	0.352564	0.81576775	0.67278667	-0.000021	-1.000148	-1.155460	-2	0.847101
5151	4.1389364460e-2	0.353753	0.81575935	0.67290806	-0.000215	-1.001807	-1.169642	-3	0.847104
5152	4.1382732910e-2	0.353704	0.81575353	0.67288979	-0.000215	-1.001807	-1.169642	-3	0.847107
5153	4.1365488827e-2	0.353565	0.81576340	0.67289229	-0.000409	-1.003466	-1.183819	-4	0.847111
5154	4.1616128223e-2	0.355715	0.81574161	0.67309936	-0.000603	-1.005124	-1.197995	-5	0.847114
5155	4.1515861122e-2	0.354866	0.81571667	0.67294921	-0.000409	-1.003466	-1.183821	-4	0.847118
5156	4.1348413344e-2	0.353443	0.81570592	0.67276024	-0.000409	-1.003466	-1.183821	-4	0.847121
5157	4.1016680127e-2	0.350615	0.81569015	0.67239698	-0.000409	-1.003466	-1.183821	-4	0.847125
5158	4.1090798651e-2	0.351257	0.81566470	0.67242020	-0.000215	-1.001809	-1.169654	-3	0.847128
5159	4.1079351638e-2	0.351167	0.81568277	0.67244488	-0.000409	-1.003466	-1.183819	-4	0.847132
5160	4.1321767280e-2	0.353247	0.81569655	0.67271487	-0.000409	-1.003466	-1.183819	-4	0.847135
5161	4.1138839530e-2	0.351691	0.81566926	0.67247737	-0.000215	-1.001809	-1.169658	-3	0.847139
5162	4.1265391431e-2	0.352781	0.81568104	0.67262748	-0.000409	-1.003466	-1.183817	-4	0.847142
5163	4.1274369330e-2	0.352866	0.81568203	0.67263843	-0.000215	-1.001810	-1.169661	-3	0.847146
5164	4.1098821158e-2	0.351373	0.81569397	0.67248676	-0.000215	-1.001810	-1.169661	-3	0.847149
5165	4.0939539687e-2	0.350019	0.81572207	0.67238367	-0.000022	-1.000154	-1.155508	-2	0.847153
5166	4.1137334757e-2	0.351718	0.81574573	0.67262879	-0.000022	-1.000154	-1.155508	-2	0.847156
5167	4.1082051590e-2	0.351253	0.81575351	0.67258908	-0.000215	-1.001809	-1.169656	-3	0.847160
5168	4.1189514163e-2	0.352180	0.81575136	0.67269224	-0.000215	-1.001809	-1.169656	-3	0.847163
5169	4.1041132076e-2	0.350920	0.81574798	0.67253710	-0.000022	-1.000155	-1.155512	-2	0.847167
5170	4.0767528670e-2	0.348588	0.81575280	0.67227312	0.000172	-0.998501	-1.141371	-1	0.847170
5171	4.0747163546e-2	0.348422	0.81576486	0.67227688	-0.000022	-1.000155	-1.155510	-2	0.847174
5172	4.0569567267e-2	0.346911	0.81581433	0.67219823	-0.000022	-1.000155	-1.155510	-2	0.847177
5173	4.0314492753e-2	0.344738	0.81579580	0.67190608	0.000172	-0.998502	-1.141375	-1	0.847180
5174	4.0300789607e-2	0.344628	0.81577639	0.67185356	-0.000022	-1.000154	-1.155508	-2	0.847184
5175	4.0388330742e-2	0.345385	0.81574493	0.67187819	-0.000022	-1.000154	-1.155508	-2	0.847187
5176	4.0272793362e-2	0.344404	0.81576406	0.67180091	-0.000022	-1.000154	-1.155508	-2	0.847191
5177	4.0246222679e-2	0.344185	0.81572693	0.67170009	0.000172	-0.998502	-1.141381	-1	0.847194
5178	4.0373954802e-2	0.345285	0.81574495	0.67186386	-0.000022	-1.000154	-1.155506	-2	0.847198
5179	4.0278293237e-2	0.344475	0.81578995	0.67185820	-0.000215	-1.001805	-1.169629	-3	0.847201
5180	4.0022064485e-2	0.342291	0.81581704	0.67165614	-0.000215	-1.001805	-1.169629	-3	0.847205
5181	3.9764747448e-2	0.340098	0.81581879	0.67140234	-0.000408	-1.003456	-1.183748	-4	0.847208
5182	3.9677045735e-2	0.339356	0.81581954	0.67131613	-0.000215	-1.001806	-1.169631	-3	0.847212
5183	4.0040472489e-2	0.342472	0.81583068	0.67170183	-0.000022	-1.000155	-1.155517	-2	0.847215
5184	4.0034906717e-2	0.342432	0.81584195	0.67171881	-0.000022	-1.000155	-1.155517	-2	0.847218
5185	3.9991129436e-2	0.342065	0.81583965	0.67167042	-0.000215	-1.001805	-1.169627	-3	0.847222
5186	3.9940004514e-2	0.341636	0.81585239	0.67164479	-0.000022	-1.000156	-1.155519	-2	0.847225
5187	4.0219836939e-2	0.344037	0.81586096	0.67194176	0.000171	-0.998507	-1.141412	-1	0.847229
5188	4.0320426904e-2	0.344905	0.81589627	0.67211296	0.000171	-0.998507	-1.141412	-1	0.847232
5189	4.0372897031e-2	0.345362	0.81588255	0.67213799	-0.000022	-1.000155	-1.155514	-2	0.847236
5190	4.0308164250e-2	0.344816	0.81586000	0.67202817	0.000171	-0.998507	-1.141414	-1	0.847239
5191	4.0375992202e-2	0.345404	0.81584384	0.67206368	0.000364	-0.996859	-1.127316	0	0.847243
5192	4.0311416230e-2	0.344859	0.81585659	0.67202460	0.000364	-0.996859	-1.127316	0	0.847246
5193	4.0133275944e-2	0.343343	0.81586146	0.67185620	0.000364	-0.996859	-1.127316	0	0.847249
5194	4.0173449595e-2	0.343694	0.81588081	0.67193506	0.000364	-0.996859	-1.127316	0	0.847253
5195	3.9852710963e-2	0.340958	0.81588361	0.67161994	0.000556	-0.995212	-1.113227	1	0.847256
5196	3.9890648111e-2	0.341290	0.81588837	0.67166738	0.000556	-0.995212	-1.113227	1	0.847260
5197	4.0273425157e-2	0.344573	0.81590986	0.67209315	0.000364	-0.996858	-1.127312	0	0.847263
5198	4.0175959619e-2	0.343747	0.81591777	0.67201149	0.000171	-0.998504	-1.141396	-1	0.847266
5199	4.0406074906e-2	0.345723	0.81590317	0.67221241	0.000364	-0.996859	-1.127314	0	0.847270
5200	4.0278196419e-2	0.344637	0.81588458	0.67204736	0.000364	-0.996859	-1.127314	0	0.847273
5201	4.0310126123e-2	0.344918	0.81586446	0.67203904	0.000556	-0.995214	-1.113237	1	0.847277
5202	4.0131899529e-2	0.343401	0.81585592	0.67184373	0.000556	-0.995214	-1.113237	1	0.847280
5203	4.0233761499e-2	0.344280	0.81584739	0.67192854	0.000556	-0.995214	-1.113237	1	0.847284
5204	4.0259477750e-2	0.344508	0.81582425	0.67190798	0.000556	-0.995214	-1.113237	1	0.847287
5205	4.0100175733e-2	0.343152	0.81582251	0.67174520	0.000364	-0.996858	-1.127306	0	0.847290
5206	4.0257552697e-2	0.344507	0.81578304	0.67182362	0.000172	-0.998501	-1.141373	-1	0.847294
5207	4.0550045137e-2	0.347018	0.81578785	0.67212574	0.000364	-0.996858	-1.127308	0	0.847297
5208	4.0433343318e-2	0.346027	0.81577395	0.67198124	0.000364	-0.996858	-1.127308	0	0.847301
5209	4.0549245595e-2	0.347026	0.81577076	0.67209077	0.000172	-0.998501	-1.141369	-1	0.847304
5210	4.0446470199e-2	0.346154	0.81577928	0.67200503	-0.000020	-1.000143	-1.155427	-2	0.847307
5211	4.0538805645e-2	0.346952	0.81576176	0.67206233	-0.000020	-1.000143	-1.155427	-2	0.847311
5212	4.0586407033e-2	0.347368	0.81578077	0.67214796	-0.000020	-1.000143	-1.155427	-2	0.847314
5213	4.0542954167e-2	0.347004	0.81575754	0.67205804	0.000172	-0.998502	-1.141375	-1	0.847318
5214	4.0630807108e-2	0.347763	0.81578949	0.67220978	0.000363	-0.996860	-1.127325	0	0.847321
5215	4.0390583922e-2	0.345715	0.81579115	0.67197289	0.000172	-0.998501	-1.141373	-1	0.847324
5216	4.0604020443e-2	0.347550	0.81580911	0.67222223	0.000172	-0.998501	-1.141373	-1	0.847328
5217	4.0262514040e-2	0.344634	0.81583708	0.67193667	-0.000020	-1.000142	-1.155417	-2	0.847331
5218	4.0413236091e-2	0.345932	0.81581231	0.67203785	0.000172	-0.998502	-1.141375	-1	0.847335
5219	4.0336321885e-2	0.345281	0.81585063	0.67203759	0.000363	-0.996861	-1.127335	0	0.847338
5220	4.0306064691e-2	0.345030	0.81585687	0.67201981	0.000363	-0.996861	-1.127335	0	0.847342
5221	4.0520642222e-2	0.346875	0.81587031	0.67226126	0.000555	-0.995222	-1.113299	1	0.847345
5222	4.0473771791e-2	0.346481	0.81587429	0.67222236	0.000363	-0.996861	-1.127333	0	0.847348
5223	4.0409855979e-2	0.345942	0.81586365	0.67213715	0.000555	-0.995222	-1.113301	1	0.847352
5224	4.0418933959e-2	0.346027	0.81586347	0.67214588	0.000555	-0.995222	-1.113301	1	0.847355
5225	4.1111412672e-2	0.351963	0.81587164	0.67285469	0.000555	-0.995222	-1.113301	1	0.847359
5226	4.0942945582e-2	0.350529	0.81588014	0.67270324	0.000746	-0.993584	-1.099276	2	0.847362
5227	4.0669133151e-2	0.348193	0.81588049	0.67243012	0.000555	-0.995222	-1.113299	1	0.847365
5228	4.0488464484e-2	0.346653	0.81588167	0.67225180	0.000555	-0.995222	-1.113299	1	0.847369
5229	4.0546766298e-2	0.347160	0.81590933	0.67236542	0.000555	-0.995222	-1.113299	1	0.847372
5230	4.0956178726e-2	0.350674	0.81590390	0.67276398	0.000364	-0.996859	-1.127316	0	0.847375
5231	4.0600492750e-2	0.347636	0.81592267	0.67244582	0.000172	-0.998496	-1.141332	-1	0.847379
5232	4.0307213880e-2	0.345132	0.81589798	0.67210317	0.000172	-0.998496	-1.141332	-1	0.847382
5233	4.0080605885e-2	0.343200	0.81593231	0.67194522	-0.000019	-1.000132	-1.155343	-2	0.847386
5234	4.0103277712e-2	0.343402	0.81595744	0.67201815	0.000172	-0.998496	-1.141334	-1	0.847389
5235	3.9821750461e-2	0.340999	0.81596385	0.67174944	-0.000019	-1.000132	-1.155341	-2	0.847392
5236	3.9814868427e-2	0.340947	0.81595191	0.67171870	-0.000019	-1.000132	-1.155341	-2	0.847396
5237	3.9901021688e-2	0.341693	0.81596234	0.67182571	-0.000210	-1.001767	-1.169344	-3	0.847399
5238	4.0148343184e-2	0.343818	0.81593858	0.67202551	-0.000210	-1.001767	-1.169344	-3	0.847403
5239	4.0125804093e-2	0.343633	0.81594966	0.67202512	-0.000210	-1.001767	-1.169344	-3	0.847406
5240	4.0086338630e-2	0.343302	0.81596994	0.67202622	-0.000210	-1.001767	-1.169344	-3	0.847409
5241	4.0068073382e-2	0.343154	0.81594989	0.67196785	-0.000019	-1.000133	-1.155349	-2	0.847413
5242	3.9818673990e-2	0.341025	0.81597289	0.67176446	0.000172	-0.998499	-1.141356	-1	0.847416
5243	3.9758276762e-2	0.340516	0.81597004	0.67169835	0.000172	-0.998499	-1.141356	-1	0.847420
5244	3.9731205010e-2	0.340291	0.81595032	0.67163184	0.000172	-0.998499	-1.141356	-1	0.847423
5245	3.9880714648e-2	0.341580	0.81591650	0.67171372	0.000363	-0.996866	-1.127370	0	0.847426
5246	3.9810455484e-2	0.340985	0.81595556	0.67172158	0.000172	-0.998499	-1.141354	-1	0.847430
5247	3.9692989204e-2	0.339987	0.81592536	0.67154371	0.000172	-0.998499	-1.141354	-1	0.847433
5248	3.9589528230e-2	0.339108	0.81591482	0.67141917	0.000172	-0.998499	-1.141354	-1	0.847437
5249	3.9598996813e-2	0.339197	0.81592944	0.67145787	0.000363	-0.996867	-1.127376	0	0.847440
5250	3.9672052568e-2	0.339830	0.81592154	0.67151513	0.000363	-0.996867	-1.127376	0	0.847443
5251	3.9587395677e-2	0.339113	0.81590980	0.67140699	0.000553	-0.995236	-1.113402	1	0.847447
5252	3.9702972078e-2	0.340110	0.81591799	0.67153895	0.000553	-0.995236	-1.113402	1	0.847450
5253	3.9956365285e-2	0.342288	0.81590975	0.67177586	0.000363	-0.996866	-1.127372	0	0.847453
5254	4.0053122186e-2	0.343125	0.81592595	0.67190503	0.000172	-0.998497	-1.141340	-1	0.847457
5255	4.0109977928e-2	0.343620	0.81594185	0.67199368	0.000363	-0.996867	-1.127374	0	0.847460
5256	4.0494056593e-2	0.346918	0.81596048	0.67241501	0.000363	-0.996867	-1.127374	0	0.847464
5257	4.0330451382e-2	0.345524	0.81597909	0.67228863	0.000553	-0.995237	-1.113412	1	0.847467
5258	4.0352996629e-2	0.345725	0.81599540	0.67234380	0.000363	-0.996866	-1.127372	0	0.847470
5259	4.0280714050e-2	0.345113	0.81595494	0.67219060	0.000553	-0.995237	-1.113414	1	0.847474
5260	4.0100070246e-2	0.343573	0.81596510	0.67203028	0.000553	-0.995237	-1.113414	1	0.847477
5261	4.0312023551e-2	0.345396	0.81595120	0.67221443	0.000363	-0.996866	-1.127368	0	0.847480
5262	4.0140681687e-2	0.343936	0.81595283	0.67204634	0.000173	-0.998494	-1.141320	-1	0.847484
5263	4.0285603394e-2	0.345185	0.81593682	0.67215925	0.000363	-0.996866	-1.127370	0	0.847487
5264	4.0462336229e-2	0.346707	0.81594318	0.67234870	0.000363	-0.996866	-1.127370	0	0.847491
5265	4.0270537430e-2	0.345072	0.81596969	0.67220991	0.000363	-0.996866	-1.127370	0	0.847494
5266	4.0182863847e-2	0.344328	0.81600522	0.67219331	0.000553	-0.995239	-1.113426	1	0.847497
5267	4.0343762713e-2	0.345714	0.81597472	0.67229320	0.000742	-0.993612	-1.099484	2	0.847501
5268	4.0153858580e-2	0.344095	0.81595878	0.67207142	0.000742	-0.993612	-1.099484	2	0.847504
5269	4.0123251355e-2	0.343840	0.81598188	0.67208702	0.000932	-0.991986	-1.085546	3	0.847507
5270	4.0162049156e-2	0.344180	0.81597247	0.67210699	0.001122	-0.990359	-1.071611	4	0.847511
5271	4.0316861130e-2	0.345515	0.81597843	0.67227373	0.000932	-0.991985	-1.085544	3	0.847514
5272	4.0445102725e-2	0.346621	0.81597528	0.67239567	0.000932	-0.991985	-1.085544	3	0.847517
5273	4.0268849833e-2	0.345118	0.81595402	0.67217689	0.000743	-0.993611	-1.099474	2	0.847521
5274	4.0076609960e-2	0.343478	0.81595793	0.67199248	0.000743	-0.993611	-1.099474	2	0.847524
5275	3.9969128997e-2	0.342565	0.81594964	0.67186841	0.000743	-0.993611	-1.099474	2	0.847527
5276	3.9674173740e-2	0.340044	0.81595214	0.67157846	0.000743	-0.993611	-1.099474	2	0.847531
5277	3.9738072795e-2	0.340600	0.81592853	0.67159513	0.000932	-0.991986	-1.085552	3	0.847534
5278	3.9776032429e-2	0.340932	0.81590643	0.67158889	0.001122	-0.990362	-1.071633	4	0.847537
5279	3.9659085971e-2	0.339938	0.81589306	0.67144521	0.000932	-0.991986	-1.085550	3	0.847541
5280	3.9673098100e-2	0.340065	0.81591326	0.67149962	0.000932	-0.991986	-1.085550	3	0.847544
5281	3.9741821727e-2	0.340662	0.81593793	0.67161769	0.000743	-0.993609	-1.099464	2	0.847547
5282	3.9885021233e-2	0.341897	0.81591638	0.67171777	0.000553	-0.995232	-1.113375	1	0.847551
5283	3.9663496918e-2	0.340005	0.81593483	0.67153317	0.000553	-0.995232	-1.113375	1	0.847554
5284	3.9625483965e-2	0.339687	0.81594728	0.67152004	0.000553	-0.995232	-1.113375	1	0.847557
5285	3.9714574487e-2	0.340458	0.81597218	0.67165894	0.000364	-0.996854	-1.127281	0	0.847561
5286	3.9914139775e-2	0.342177	0.81596307	0.67184028	0.000175	-0.998476	-1.141184	-1	0.847564
5287	3.9691267926e-2	0.340273	0.81594901	0.67158929	0.000364	-0.996854	-1.127283	0	0.847567
5288	3.9539989462e-2	0.338984	0.81595024	0.67144047	0.000364	-0.996854	-1.127283	0	0.847571
5289	3.9398329833e-2	0.337777	0.81595806	0.67131445	0.000175	-0.998475	-1.141180	-1	0.847574
5290	3.9348820101e-2	0.337360	0.81596809	0.67128500	0.000175	-0.998475	-1.141180	-1	0.847577
5291	3.9535115688e-2	0.338965	0.81598576	0.67150663	-0.000014	-1.000096	-1.155073	-2	0.847581
5292	3.9389267188e-2	0.337722	0.81600296	0.67139519	-0.000014	-1.000096	-1.155073	-2	0.847584
5293	3.9160246766e-2	0.335765	0.81600020	0.67116064	0.000175	-0.998476	-1.141184	-1	0.847587
5294	3.9122329575e-2	0.335448	0.81596156	0.67104546	0.000364	-0.996856	-1.127297	0	0.847591
5295	3.9145210651e-2	0.335651	0.81597917	0.67110355	0.000175	-0.998476	-1.141182	-1	0.847594
5296	3.9077861194e-2	0.335081	0.81599599	0.67106983	0.000175	-0.998476	-1.141182	-1	0.847598
5297	3.9005961176e-2	0.334472	0.81600731	0.67102058	-0.000014	-1.000095	-1.155063	-2	0.847601
5298	3.9020681212e-2	0.334606	0.81601434	0.67104936	-0.000202	-1.001713	-1.168942	-3	0.847604
5299	3.9060539924e-2	0.334955	0.81599723	0.67105501	-0.000014	-1.000095	-1.155065	-2	0.847608
5300	3.9131201861e-2	0.335568	0.81597911	0.67108943	-0.000014	-1.000095	-1.155065	-2	0.847611
5301	3.9278940831e-2	0.336842	0.81597336	0.67122566	-0.000014	-1.000095	-1.155065	-2	0.847614
5302	3.9292376613e-2	0.336965	0.81594665	0.67118568	-0.000202	-1.001712	-1.168936	-3	0.847618
5303	3.9307222942e-2	0.337100	0.81596469	0.67123661	-0.000391	-1.003329	-1.182806	-4	0.847621
5304	3.9388332550e-2	0.337803	0.81598976	0.67136784	-0.000391	-1.003329	-1.182806	-4	0.847624
5305	3.9453216037e-2	0.338367	0.81597652	0.67140626	-0.000202	-1.001713	-1.168940	-3	0.847628
5306	3.9570540843e-2	0.339380	0.81596276	0.67149605	-0.000391	-1.003329	-1.182804	-4	0.847631
5307	3.9510452574e-2	0.338873	0.81594506	0.67140057	-0.000579	-1.004945	-1.196665	-5	0.847634
5308	4.0053636423e-2	0.343539	0.81593085	0.67191533	-0.000579	-1.004945	-1.196665	-5	0.847638
5309	4.0109290310e-2	0.344024	0.81592704	0.67196338	-0.000768	-1.006561	-1.210522	-6	0.847641
5310	4.0496692009e-2	0.347354	0.81593707	0.67237083	-0.000768	-1.006561	-1.210522	-6	0.847645
5311	4.0527878854e-2	0.347629	0.81593123	0.67239033	-0.000579	-1.004946	-1.196669	-5	0.847648
5312	4.0914451936e-2	0.350953	0.81595102	0.67281649	-0.000579	-1.004946	-1.196669	-5	0.847651
5313	4.0874167883e-2	0.350615	0.81593319	0.67274055	-0.000391	-1.003331	-1.182820	-4	0.847655
5314	4.0778833672e-2	0.349805	0.81596563	0.67271009	-0.000203	-1.001717	-1.168972	-3	0.847658
5315	4.0298576838e-2	0.345693	0.81593898	0.67217653	-0.000015	-1.000103	-1.155127	-2	0.847661
5316	4.0026276237e-2	0.343364	0.81596203	0.67195034	-0.000015	-1.000103	-1.155127	-2	0.847665
5317	4.0158933303e-2	0.344510	0.81596564	0.67209021	0.000173	-0.998490	-1.141286	-1	0.847668
5318	3.9781725020e-2	0.341282	0.81596036	0.67170245	0.000361	-0.996877	-1.127447	0	0.847671
5319	3.9712968680e-2	0.340699	0.81598012	0.67167322	0.000361	-0.996877	-1.127447	0	0.847675
5320	3.9847761185e-2	0.341863	0.81598334	0.67181443	0.000361	-0.996877	-1.127447	0	0.847678
5321	3.9535639091e-2	0.339193	0.81600446	0.67154455	0.000549	-0.995264	-1.113614	1	0.847681
5322	3.9673160223e-2	0.340380	0.81596610	0.67160535	0.000361	-0.996876	-1.127445	0	0.847685
5323	3.9757369160e-2	0.341110	0.81596101	0.67167939	0.000173	-0.998488	-1.141274	-1	0.847688
5324	3.9860727231e-2	0.342004	0.81595872	0.67177817	0.000173	-0.998488	-1.141274	-1	0.847691
5325	3.9807211713e-2	0.341553	0.81598386	0.67177493	0.000173	-0.998488	-1.141274	-1	0.847695
5326	3.9551157653e-2	0.339363	0.81599957	0.67155029	0.000361	-0.996877	-1.127451	0	0.847698
5327	3.9572800799e-2	0.339556	0.81599560	0.67156400	0.000549	-0.995266	-1.113630	1	0.847701
5328	3.9468663933e-2	0.338670	0.81600629	0.67148123	0.000549	-0.995266	-1.113630	1	0.847705
5329	3.9562474622e-2	0.339482	0.81603842	0.67163931	0.000549	-0.995266	-1.113630	1	0.847708
5330	3.9402157684e-2	0.338114	0.81606475	0.67153166	0.000737	-0.993656	-1.099814	2	0.847711
5331	3.9616925941e-2	0.339964	0.81606554	0.67174800	0.000924	-0.992047	-1.086001	3	0.847715
5332	3.9769626933e-2	0.341282	0.81603214	0.67183391	0.000924	-0.992047	-1.086001	3	0.847718
5333	3.9755286998e-2	0.341167	0.81606103	0.67187734	0.000737	-0.993656	-1.099810	2	0.847721
5334	3.9756359418e-2	0.341183	0.81605760	0.67187157	0.000924	-0.992047	-1.086003	3	0.847724
5335	3.9779741358e-2	0.341391	0.81604350	0.67186674	0.000737	-0.993656	-1.099809	2	0.847728
5336	3.9550464959e-2	0.339431	0.81604242	0.67163531	0.000737	-0.993656	-1.099809	2	0.847731
5337	3.9580599489e-2	0.339697	0.81604280	0.67166619	0.000737	-0.993656	-1.099809	2	0.847734
5338	3.9917261149e-2	0.342594	0.81600444	0.67192613	0.000549	-0.995263	-1.113608	1	0.847738
5339	3.9985021834e-2	0.343183	0.81601011	0.67200525	0.000737	-0.993656	-1.099810	2	0.847741
5340	3.9981192745e-2	0.343158	0.81600445	0.67199010	0.000737	-0.993656	-1.099810	2	0.847744
5341	4.0057719115e-2	0.343822	0.81598155	0.67202082	0.000737	-0.993656	-1.099810	2	0.847747
5342	3.9838791176e-2	0.341951	0.81598646	0.67181171	0.000924	-0.992049	-1.086019	3	0.847751
5343	4.0244384697e-2	0.345439	0.81597375	0.67219188	0.000737	-0.993656	-1.099809	2	0.847754
5344	4.0180074677e-2	0.344895	0.81596220	0.67210447	0.000737	-0.993656	-1.099809	2	0.847757
5345	3.9999642002e-2	0.343354	0.81597564	0.67195093	0.000924	-0.992050	-1.086023	3	0.847761
5346	4.0288603338e-2	0.345842	0.81598543	0.67225947	0.000924	-0.992050	-1.086023	3	0.847764
5347	4.0320383209e-2	0.346122	0.81599387	0.67230813	0.000737	-0.993655	-1.099805	2	0.847767
5348	4.0420202629e-2	0.346986	0.81601912	0.67245844	0.000737	-0.993655	-1.099805	2	0.847770
5349	4.0457623777e-2	0.347315	0.81599826	0.67245414	0.000924	-0.992050	-1.086027	3	0.847774
5350	4.0805521048e-2	0.350309	0.81598556	0.67277664	0.000924	-0.992050	-1.086027	3	0.847777
5351	4.0534216354e-2	0.347988	0.81600160	0.67253741	0.000737	-0.993654	-1.099801	2	0.847780
5352	4.0356308377e-2	0.346468	0.81599966	0.67235563	0.000737	-0.993654	-1.099801	2	0.847784
5353	4.0400109462e-2	0.346852	0.81598173	0.67236356	0.000924	-0.992051	-1.086031	3	0.847787
5354	4.0487342771e-2	0.347608	0.81599457	0.67247648	0.001110	-0.990447	-1.072263	4	0.847790
5355	4.0624977968e-2	0.348797	0.81598168	0.67258833	0.001110	-0.990447	-1.072263	4	0.847793
5356	4.0626415816e-2	0.348817	0.81598333	0.67259308	0.001110	-0.990447	-1.072263	4	0.847797
5357	4.0873061526e-2	0.350943	0.81597978	0.67283261	0.001297	-0.988844	-1.058501	5	0.847800
5358	4.1183009831e-2	0.353612	0.81595637	0.67309574	0.001484	-0.987242	-1.044741	6	0.847803
5359	4.1018081796e-2	0.352203	0.81596560	0.67294928	0.001670	-0.985639	-1.030984	7	0.847806
5360	4.0682060026e-2	0.349325	0.81598060	0.67264325	0.001670	-0.985639	-1.030984	7	0.847810
5361	4.0475251919e-2	0.347557	0.81596843	0.67241211	0.001857	-0.984038	-1.017230	8	0.847813
5362	4.0566888704e-2	0.348352	0.81596870	0.67250429	0.001670	-0.985639	-1.030982	7	0.847816
5363	4.0683543477e-2	0.349361	0.81593413	0.67255181	0.001857	-0.984038	-1.017232	8	0.847819
5364	4.0388380100e-2	0.346834	0.81594184	0.67227206	0.001857	-0.984038	-1.017232	8	0.847823
5365	4.0435572141e-2	0.347247	0.81598238	0.67240033	0.001670	-0.985639	-1.030978	7	0.847826
5366	4.0613312979e-2	0.348781	0.81595466	0.67252264	0.001857	-0.984038	-1.017234	8	0.847829
5367	4.0782903298e-2	0.350245	0.81595383	0.67269056	0.002043	-0.982438	-1.003491	9	0.847832
5368	4.0857462043e-2	0.350892	0.81593324	0.67272394	0.002043	-0.982438	-1.003491	9	0.847835
5369	4.0996698495e-2	0.352096	0.81594843	0.67289357	0.001857	-0.984038	-1.017230	8	0.847839
5370	4.1203807042e-2	0.353882	0.81594084	0.67308549	0.002043	-0.982438	-1.003493	9	0.847842
5371	4.1124179261e-2	0.353206	0.81590515	0.67293447	0.002229	-0.980839	-0.989759	10	0.847845
5372	4.0941757744e-2	0.351647	0.81592657	0.67279490	0.002229	-0.980839	-0.989759	10	0.847848
5373	4.0756485372e-2	0.350063	0.81595710	0.67267069	0.002229	-0.980839	-0.989759	10	0.847851
5374	4.0482847188e-2	0.347720	0.81595347	0.67238979	0.002415	-0.979241	-0.976031	11	0.847855
5375	4.0498322569e-2	0.347861	0.81594612	0.67239056	0.002415	-0.979241	-0.976031	11	0.847858
5376	4.0699137916e-2	0.349593	0.81594755	0.67259425	0.002415	-0.979241	-0.976031	11	0.847861
5377	4.0902383975e-2	0.351347	0.81594399	0.67279037	0.002601	-0.977643	-0.962308	12	0.847864
5378	4.0828933303e-2	0.350723	0.81594545	0.67271983	0.002787	-0.976046	-0.948587	13	0.847867
5379	4.1047196422e-2	0.352606	0.81596084	0.67296888	0.002601	-0.977643	-0.962306	12	0.847871
5380	4.1254460982e-2	0.354394	0.81597868	0.67321181	0.002601	-0.977643	-0.962306	12	0.847874
5381	4.0590752605e-2	0.348700	0.81602130	0.67263336	0.002415	-0.979240	-0.976021	11	0.847877
5382	4.0908133426e-2	0.351434	0.81599425	0.67289663	0.002415	-0.979240	-0.976021	11	0.847880
5383	4.1062998646e-2	0.352772	0.81599574	0.67305448	0.002601	-0.977644	-0.962310	12	0.847883
5384	4.1142591326e-2	0.353464	0.81598964	0.67312188	0.002601	-0.977644	-0.962310	12	0.847886
5385	4.1189607126e-2	0.353875	0.81601866	0.67322692	0.002416	-0.979239	-0.976017	11	0.847890
5386	4.1217041532e-2	0.354119	0.81604683	0.67331070	0.002601	-0.977644	-0.962312	12	0.847893
5387	4.1500254565e-2	0.356560	0.81604838	0.67359701	0.002416	-0.979239	-0.976015	11	0.847896
5388	4.1625970321e-2	0.357647	0.81604525	0.67371648	0.002416	-0.979239	-0.976015	11	0.847899
5389	4.1290891760e-2	0.354776	0.81606344	0.67341777	0.002601	-0.977644	-0.962316	12	0.847902
5390	4.1063002471e-2	0.352826	0.81606953	0.67320206	0.002601	-0.977644	-0.962316	12	0.847906
5391	4.1109179635e-2	0.353230	0.81607821	0.67326561	0.002601	-0.977644	-0.962316	12	0.847909
5392	4.1137346142e-2	0.353480	0.81606116	0.67325966	0.002601	-0.977644	-0.962316	12	0.847912
5393	4.1181035926e-2	0.353863	0.81610746	0.67339596	0.002416	-0.979238	-0.976007	11	0.847915
5394	4.0925820111e-2	0.351677	0.81611517	0.67315616	0.002601	-0.977645	-0.962318	12	0.847918
5395	4.1167509890e-2	0.353762	0.81615541	0.67347833	0.002416	-0.979238	-0.976005	11	0.847921
5396	4.0292349645e-2	0.346249	0.81616233	0.67261701	0.002416	-0.979238	-0.976005	11	0.847925
5397	4.0510436115e-2	0.348130	0.81616836	0.67284715	0.002230	-0.980830	-0.989689	10	0.847928
5398	4.0756425779e-2	0.350252	0.81616151	0.67307944	0.002416	-0.979238	-0.976007	11	0.847931
5399	4.0950044273e-2	0.351923	0.81618535	0.67332075	0.002231	-0.980830	-0.989687	10	0.847934
5400	4.0935667652e-2	0.351807	0.81620889	0.67335345	0.002231	-0.980830	-0.989687	10	0.847937
5401	4.0563394731e-2	0.348616	0.81619307	0.67294954	0.002416	-0.979238	-0.976011	11	0.847940
5402	4.0668355777e-2	0.349525	0.81622298	0.67311431	0.002231	-0.980829	-0.989685	10	0.847944
5403	4.0736252214e-2	0.350116	0.81623461	0.67320548	0.002416	-0.979239	-0.976013	11	0.847947
5404	4.0709757772e-2	0.349896	0.81627435	0.67325846	0.002416	-0.979239	-0.976013	11	0.847950
5405	4.0405846722e-2	0.347291	0.81627325	0.67295235	0.002231	-0.980829	-0.989681	10	0.847953
5406	4.0618538633e-2	0.349127	0.81631551	0.67324956	0.002416	-0.979239	-0.976015	11	0.847956
5407	4.0717726449e-2	0.349987	0.81630621	0.67333015	0.002231	-0.980829	-0.989679	10	0.847959
5408	4.0491091512e-2	0.348047	0.81631282	0.67311673	0.002231	-0.980829	-0.989679	10	0.847963
5409	4.0368342930e-2	0.346999	0.81630615	0.67298064	0.002231	-0.980829	-0.989679	10	0.847966
5410	4.0349226643e-2	0.346842	0.81633671	0.67302264	0.002046	-0.982417	-1.003337	9	0.847969
5411	4.0380168112e-2	0.347116	0.81631795	0.67301608	0.002231	-0.980829	-0.989681	10	0.847972
5412	4.0266410803e-2	0.346145	0.81631368	0.67289377	0.002231	-0.980829	-0.989681	10	0.847975
5413	4.0483463574e-2	0.348018	0.81631638	0.67311623	0.002046	-0.982417	-1.003333	9	0.847979
5414	4.0687021107e-2	0.349776	0.81629902	0.67328506	0.002231	-0.980829	-0.989683	10	0.847982
5415	4.0331175731e-2	0.346724	0.81630057	0.67293233	0.002231	-0.980829	-0.989683	10	0.847985
5416	4.0320927874e-2	0.346644	0.81632482	0.67297057	0.002231	-0.980829	-0.989683	10	0.847988
5417	4.0413856400e-2	0.347450	0.81632683	0.67306752	0.002046	-0.982416	-1.003328	9	0.847991
5418	4.0286362974e-2	0.346361	0.81633988	0.67296612	0.002046	-0.982416	-1.003328	9	0.847994
5419	3.9954811888e-2	0.343518	0.81636275	0.67268032	0.001861	-0.984003	-1.016969	8	0.847998
5420	4.0022091060e-2	0.344104	0.81639141	0.67280492	0.001861	-0.984003	-1.016969	8	0.848001
5421	4.0062900199e-2	0.344462	0.81643358	0.67293006	0.001677	-0.985589	-1.030606	7	0.848004
5422	4.0257276406e-2	0.346141	0.81645027	0.67315781	0.001861	-0.984003	-1.016970	8	0.848007
5423	4.0192731527e-2	0.345593	0.81645546	0.67310365	0.001677	-0.985589	-1.030604	7	0.848010
5424	3.9869677481e-2	0.342823	0.81646503	0.67279974	0.001677	-0.985589	-1.030604	7	0.848013
5425	3.9659686365e-2	0.341025	0.81643677	0.67253322	0.001677	-0.985589	-1.030604	7	0.848017
5426	3.9508930425e-2	0.339736	0.81644583	0.67240058	0.001861	-0.984004	-1.016976	8	0.848020
5427	3.9643851870e-2	0.340903	0.81643988	0.67252362	0.001861	-0.984004	-1.016976	8	0.848023
5428	3.9837713894e-2	0.342577	0.81647478	0.67278728	0.001861	-0.984004	-1.016976	8	0.848026
5429	4.0001464030e-2	0.343993	0.81647574	0.67295294	0.002045	-0.982420	-1.003355	9	0.848029
5430	3.9900009343e-2	0.343128	0.81649567	0.67289136	0.002230	-0.980836	-0.989735	10	0.848033
5431	3.9892490545e-2	0.343071	0.81650752	0.67290753	0.002046	-0.982419	-1.003353	9	0.848036
5432	3.9927609452e-2	0.343380	0.81652803	0.67298368	0.002046	-0.982419	-1.003353	9	0.848039
5433	4.0000404199e-2	0.344013	0.81652246	0.67304531	0.002230	-0.980837	-0.989739	10	0.848042
5434	3.9782167122e-2	0.342144	0.81655488	0.67289193	0.002414	-0.979254	-0.976127	11	0.848045
5435	3.9723689447e-2	0.341648	0.81657589	0.67287548	0.002598	-0.977671	-0.962517	12	0.848048
5436	3.9708053707e-2	0.341521	0.81653780	0.67278366	0.002598	-0.977671	-0.962517	12	0.848051
5437	3.9802927484e-2	0.342344	0.81654409	0.67289111	0.002414	-0.979253	-0.976123	11	0.848055
5438	3.9821199482e-2	0.342509	0.81655287	0.67292693	0.002598	-0.977672	-0.962519	12	0.848058
5439	3.9689468716e-2	0.341383	0.81656763	0.67282472	0.002598	-0.977672	-0.962519	12	0.848061
5440	3.9509290753e-2	0.339841	0.81658503	0.67267934	0.002598	-0.977672	-0.962519	12	0.848064
5441	3.9710204079e-2	0.341576	0.81660100	0.67291220	0.002414	-0.979253	-0.976117	11	0.848067
5442	3.9880386681e-2	0.343047	0.81659869	0.67307778	0.002230	-0.980833	-0.989714	10	0.848070
5443	3.9836039178e-2	0.342673	0.81657931	0.67299465	0.002046	-0.982414	-1.003309	9	0.848073
5444	4.0275124826e-2	0.346457	0.81659510	0.67346533	0.002046	-0.982414	-1.003309	9	0.848077
5445	4.0098272305e-2	0.344944	0.81662045	0.67333918	0.002046	-0.982414	-1.003309	9	0.848080
5446	4.0339636623e-2	0.347027	0.81663677	0.67361319	0.001863	-0.983993	-1.016897	8	0.848083
5447	4.0560695661e-2	0.348936	0.81661333	0.67378736	0.002046	-0.982414	-1.003310	9	0.848086
5448	4.0434187561e-2	0.347855	0.81660366	0.67364151	0.002046	-0.982414	-1.003310	9	0.848089
5449	4.0764954997e-2	0.350709	0.81656483	0.67389462	0.001863	-0.983993	-1.016894	8	0.848092
5450	4.0463352389e-2	0.348121	0.81656641	0.67359617	0.001863	-0.983993	-1.016894	8	0.848096
5451	4.0404766208e-2	0.347625	0.81658329	0.67357134	0.001679	-0.985571	-1.030473	7	0.848099
5452	4.0051458176e-2	0.344592	0.81656911	0.67318967	0.001679	-0.985571	-1.030473	7	0.848102
5453	4.0273052254e-2	0.346506	0.81658052	0.67343408	0.001496	-0.987149	-1.044049	6	0.848105
5454	4.0087958751e-2	0.344921	0.81655794	0.67320383	0.001496	-0.987149	-1.044049	6	0.848108
5455	4.0475647242e-2	0.348264	0.81656449	0.67360463	0.001679	-0.985572	-1.030477	7	0.848111
5456	4.0393452438e-2	0.347564	0.81657333	0.67354011	0.001679	-0.985572	-1.030477	7	0.848115
5457	4.0083214337e-2	0.344902	0.81656145	0.67320611	0.001496	-0.987148	-1.044045	6	0.848118
5458	4.0190322303e-2	0.345831	0.81657612	0.67334256	0.001679	-0.985572	-1.030479	7	0.848121
5459	4.0001874453e-2	0.344217	0.81656561	0.67313308	0.001862	-0.983995	-1.016915	8	0.848124
5460	4.0012915369e-2	0.344319	0.81656144	0.67313579	0.001862	-0.983995	-1.016915	8	0.848127
5461	3.9828287996e-2	0.342738	0.81656798	0.67296424	0.002045	-0.982420	-1.003354	9	0.848130
5462	3.9661361283e-2	0.341309	0.81655872	0.67277881	0.002229	-0.980844	-0.989796	10	0.848134
5463	3.9611482758e-2	0.340887	0.81657773	0.67276694	0.002229	-0.980844	-0.989796	10	0.848137
5464	3.9602570003e-2	0.340817	0.81659899	0.67280056	0.002229	-0.980844	-0.989796	10	0.848140
5465	3.9804911294e-2	0.342566	0.81658308	0.67297106	0.002412	-0.979269	-0.976243	11	0.848143
5466	3.9793419702e-2	0.342474	0.81660991	0.67301325	0.002229	-0.980844	-0.989794	10	0.848146
5467	3.9915450165e-2	0.343532	0.81664204	0.67319952	0.002046	-0.982418	-1.003343	9	0.848149
5468	3.9964836048e-2	0.343964	0.81663464	0.67323411	0.002046	-0.982418	-1.003343	9	0.848152
5469	4.0063568010e-2	0.344821	0.81663880	0.67334116	0.002229	-0.980844	-0.989798	10	0.848155
5470	4.0157430099e-2	0.345636	0.81661942	0.67339627	0.002046	-0.982418	-1.003341	9	0.848159
5471	4.0605287243e-2	0.349499	0.81663999	0.67388526	0.001863	-0.983991	-1.016882	8	0.848162
5472	4.0749751091e-2	0.350749	0.81661207	0.67397390	0.001863	-0.983991	-1.016882	8	0.848165
5473	4.0096883623e-2	0.345137	0.81658906	0.67327500	0.002046	-0.982418	-1.003345	9	0.848168
5474	4.0210835849e-2	0.346125	0.81658327	0.67337737	0.002228	-0.980846	-0.989809	10	0.848171
5475	4.0332914578e-2	0.347184	0.81657865	0.67349021	0.002228	-0.980846	-0.989809	10	0.848174
5476	4.0549059353e-2	0.349052	0.81657550	0.67370005	0.002228	-0.980846	-0.989809	10	0.848177
5477	4.0585042112e-2	0.349369	0.81657104	0.67372712	0.002046	-0.982418	-1.003339	9	0.848181
5478	4.0604875443e-2	0.349547	0.81660762	0.67382011	0.002228	-0.980846	-0.989811	10	0.848184
5479	4.0793785227e-2	0.351181	0.81665359	0.67410096	0.002046	-0.982417	-1.003337	9	0.848187
5480	4.0697210247e-2	0.350357	0.81667103	0.67403927	0.002046	-0.982417	-1.003337	9	0.848190
5481	4.0680926206e-2	0.350224	0.81669811	0.67407716	0.002046	-0.982417	-1.003337	9	0.848193
5482	4.0703722274e-2	0.350428	0.81669457	0.67409286	0.002228	-0.980847	-0.989817	10	0.848196
5483	4.0543281425e-2	0.349054	0.81671924	0.67398177	0.002046	-0.982417	-1.003335	9	0.848199
5484	4.0760255545e-2	0.350929	0.81670515	0.67417056	0.002046	-0.982417	-1.003335	9	0.848202
5485	4.1098863711e-2	0.353852	0.81671229	0.67452345	0.002228	-0.980847	-0.989821	10	0.848206
5486	4.0703146561e-2	0.350452	0.81672358	0.67415031	0.002046	-0.982417	-1.003333	9	0.848209
5487	4.0145323530e-2	0.345657	0.81671140	0.67356812	0.001864	-0.983986	-1.016844	8	0.848212
5488	4.0173709983e-2	0.345908	0.81672512	0.67362395	0.001864	-0.983986	-1.016844	8	0.848215
5489	4.0628221872e-2	0.349829	0.81675137	0.67413095	0.002046	-0.982417	-1.003337	9	0.848218
5490	4.0305755727e-2	0.347060	0.81675189	0.67380954	0.002046	-0.982417	-1.003337	9	0.848221
5491	4.0670295631e-2	0.350206	0.81675771	0.67418571	0.002046	-0.982417	-1.003337	9	0.848224
5492	4.0736933503e-2	0.350788	0.81675248	0.67424188	0.002046	-0.982417	-1.003337	9	0.848227
5493	4.0808614223e-2	0.351412	0.81675024	0.67430910	0.002228	-0.980850	-0.989838	10	0.848231
5494	4.0748738551e-2	0.350904	0.81676022	0.67426917	0.002046	-0.982417	-1.003335	9	0.848234
5495	4.0766895727e-2	0.351068	0.81677434	0.67431558	0.001864	-0.983984	-1.016831	8	0.848237
5496	4.0637252530e-2	0.349959	0.81673228	0.67410181	0.001864	-0.983984	-1.016831	8	0.848240
5497	4.0290009404e-2	0.346976	0.81673169	0.67375340	0.002046	-0.982418	-1.003339	9	0.848243
5498	4.0798322410e-2	0.351361	0.81671096	0.67422024	0.002228	-0.980851	-0.989849	10	0.848246
5499	4.0719900132e-2	0.350693	0.81668575	0.67409141	0.002228	-0.980851	-0.989849	10	0.848249
5500	4.0817596591e-2	0.351542	0.81667614	0.67416988	0.002228	-0.980851	-0.989849	10	0.848252
5501	4.0504394815e-2	0.348852	0.81670206	0.67390852	0.002046	-0.982417	-1.003334	9	0.848256
5502	4.0629191814e-2	0.349934	0.81673147	0.67409214	0.002228	-0.980852	-0.989851	10	0.848259
5503	4.0515720616e-2	0.348964	0.81670039	0.67391650	0.002046	-0.982417	-1.003332	9	0.848262
5504	4.0511239872e-2	0.348933	0.81667971	0.67387065	0.002046	-0.982417	-1.003332	9	0.848265
5505	4.0551375277e-2	0.349286	0.81670748	0.67396634	0.001864	-0.983981	-1.016809	8	0.848268
5506	4.0557082292e-2	0.349342	0.81669342	0.67394391	0.002046	-0.982417	-1.003334	9	0.848271
5507	4.0290427516e-2	0.347053	0.81669723	0.67368489	0.001864	-0.983981	-1.016807	8	0.848274
5508	4.0352808465e-2	0.347597	0.81670238	0.67375757	0.001864	-0.983981	-1.016807	8	0.848277
5509	4.0310974817e-2	0.347244	0.81670198	0.67371494	0.002046	-0.982417	-1.003337	9	0.848280
5510	4.0611674579e-2	0.349842	0.81670860	0.67402888	0.002227	-0.980854	-0.989870	10	0.848284
5511	4.0553228199e-2	0.349346	0.81674052	0.67403427	0.002046	-0.982417	-1.003335	9	0.848287
5512	4.0546447229e-2	0.349295	0.81674623	0.67403892	0.002046	-0.982417	-1.003335	9	0.848290
5513	4.0364774087e-2	0.347737	0.81672417	0.67381311	0.002227	-0.980855	-0.989873	10	0.848293
5514	4.0470121497e-2	0.348652	0.81673820	0.67394652	0.002046	-0.982417	-1.003334	9	0.848296
5515	4.0372134127e-2	0.347815	0.81674324	0.67385862	0.002227	-0.980855	-0.989875	10	0.848299
5516	4.0131837925e-2	0.345752	0.81674467	0.67362117	0.002227	-0.980855	-0.989875	10	0.848302
5517	4.0328713513e-2	0.347456	0.81672891	0.67378654	0.002227	-0.980855	-0.989875	10	0.848305
5518	4.0110698706e-2	0.345585	0.81673158	0.67357387	0.002046	-0.982416	-1.003328	9	0.848308
5519	3.9913723534e-2	0.343895	0.81674819	0.67341010	0.001865	-0.983977	-1.016779	8	0.848311
5520	3.9974222389e-2	0.344423	0.81677166	0.67351755	0.001865	-0.983977	-1.016779	8	0.848315
5521	4.0155111737e-2	0.345989	0.81675759	0.67367030	0.001684	-0.985538	-1.030226	7	0.848318
5522	3.9980548708e-2	0.344492	0.81676037	0.67350130	0.001503	-0.987098	-1.043671	6	0.848321
5523	3.9893697070e-2	0.343751	0.81676559	0.67342488	0.001321	-0.988658	-1.057114	5	0.848324
5524	4.0012697705e-2	0.344784	0.81676995	0.67355260	0.001321	-0.988658	-1.057114	5	0.848327
5525	4.0032962524e-2	0.344966	0.81679313	0.67361922	0.001321	-0.988658	-1.057114	5	0.848330
5526	4.0409314038e-2	0.348216	0.81675102	0.67391135	0.001321	-0.988658	-1.057114	5	0.848333
5527	4.0160717217e-2	0.346081	0.81675059	0.67366191	0.001141	-0.990218	-1.070550	4	0.848336
5528	4.0136227973e-2	0.345877	0.81676015	0.67365652	0.001141	-0.990218	-1.070550	4	0.848340
5529	4.0197296330e-2	0.346411	0.81678866	0.67377462	0.000960	-0.991776	-1.083982	3	0.848343
5530	4.0019724248e-2	0.344888	0.81676893	0.67355759	0.001141	-0.990218	-1.070552	4	0.848346
5531	3.9970997784e-2	0.344475	0.81679072	0.67355245	0.000960	-0.991776	-1.083980	3	0.848349
5532	4.0020657104e-2	0.344910	0.81677252	0.67356569	0.000960	-0.991776	-1.083980	3	0.848352
5533	4.0108103270e-2	0.345671	0.81675728	0.67362266	0.001140	-0.990218	-1.070555	4	0.848355
5534	4.0036759518e-2	0.345063	0.81674323	0.67352321	0.001321	-0.988661	-1.057133	5	0.848358
5535	4.0300428218e-2	0.347343	0.81672700	0.67375442	0.001321	-0.988661	-1.057133	5	0.848362
5536	4.0465609088e-2	0.348774	0.81672910	0.67392381	0.001321	-0.988661	-1.057133	5	0.848365
5537	4.0630016855e-2	0.350199	0.81675632	0.67414265	0.001321	-0.988661	-1.057133	5	0.848368
5538	4.0707119281e-2	0.350870	0.81678459	0.67427630	0.001502	-0.987105	-1.043717	6	0.848371
5539	4.0610385845e-2	0.350044	0.81683314	0.67427667	0.001682	-0.985548	-1.030304	7	0.848374
5540	4.0495241339e-2	0.349059	0.81683866	0.67417256	0.001682	-0.985548	-1.030304	7	0.848377
5541	4.0173902958e-2	0.346296	0.81683859	0.67385108	0.001863	-0.983993	-1.016894	8	0.848380
5542	4.0211143878e-2	0.346625	0.81687553	0.67396221	0.001682	-0.985548	-1.030302	7	0.848383
5543	4.0035619539e-2	0.345119	0.81686782	0.67377125	0.001863	-0.983993	-1.016896	8	0.848386
5544	4.0034881385e-2	0.345120	0.81687289	0.67378065	0.001863	-0.983993	-1.016896	8	0.848390
5545	4.0179502252e-2	0.346374	0.81687568	0.67393086	0.002043	-0.982438	-1.003494	9	0.848393
5546	4.0157960079e-2	0.346195	0.81685524	0.67386845	0.001863	-0.983993	-1.016894	8	0.848396
5547	4.0087940645e-2	0.345599	0.81685591	0.67379977	0.001863	-0.983993	-1.016894	8	0.848399
5548	3.9914811825e-2	0.344113	0.81685881	0.67363243	0.001863	-0.983993	-1.016894	8	0.848402
5549	3.9892910273e-2	0.343932	0.81683701	0.67356694	0.002043	-0.982439	-1.003499	9	0.848405
5550	3.9581655811e-2	0.341255	0.81686067	0.67330300	0.002043	-0.982439	-1.003499	9	0.848408
5551	3.9747653567e-2	0.342694	0.81686042	0.67346850	0.001863	-0.983992	-1.016891	8	0.848411
5552	3.9726717224e-2	0.342520	0.81688209	0.67349089	0.001863	-0.983992	-1.016891	8	0.848414
5553	3.9677056734e-2	0.342099	0.81688843	0.67345391	0.001863	-0.983992	-1.016891	8	0.848417
5554	3.9768910463e-2	0.342898	0.81688546	0.67353984	0.002043	-0.982440	-1.003505	9	0.848420
5555	3.9532726696e-2	0.340869	0.81691296	0.67335865	0.001863	-0.983992	-1.016889	8	0.848424
5556	3.9687131584e-2	0.342208	0.81692575	0.67353863	0.001863	-0.983992	-1.016889	8	0.848427
5557	3.9621835228e-2	0.341652	0.81689987	0.67342158	0.001683	-0.985544	-1.030269	7	0.848430
5558	3.9545166957e-2	0.340998	0.81692915	0.67340347	0.001503	-0.987095	-1.043647	6	0.848433
5559	3.9834204763e-2	0.343497	0.81697108	0.67377636	0.001323	-0.988646	-1.057023	5	0.848436
5560	3.9788644591e-2	0.343112	0.81698782	0.67376429	0.001323	-0.988646	-1.057023	5	0.848439
5561	3.9450173485e-2	0.340200	0.81699295	0.67343607	0.001503	-0.987096	-1.043651	6	0.848442
5562	3.9106286728e-2	0.337241	0.81698627	0.67307883	0.001503	-0.987096	-1.043651	6	0.848445
5563	3.8975902319e-2	0.336124	0.81698182	0.67293954	0.001323	-0.988646	-1.057020	5	0.848448
5564	3.8971885416e-2	0.336096	0.81699568	0.67296324	0.001323	-0.988646	-1.057020	5	0.848451
5565	3.9174437617e-2	0.337850	0.81698893	0.67315230	0.001503	-0.987096	-1.043654	6	0.848454
5566	3.9471343622e-2	0.340418	0.81698619	0.67344373	0.001503	-0.987096	-1.043654	6	0.848458
5567	3.9609124561e-2	0.341613	0.81696287	0.67353487	0.001682	-0.985547	-1.030293	7	0.848461
5568	3.9910503004e-2	0.344220	0.81695918	0.67382886	0.001682	-0.985547	-1.030293	7	0.848464
5569	3.9881222810e-2	0.343974	0.81694533	0.67377189	0.001503	-0.987096	-1.043651	6	0.848467
5570	3.9509472619e-2	0.340775	0.81698290	0.67347528	0.001323	-0.988644	-1.057007	5	0.848470
5571	3.9879633360e-2	0.343975	0.81699299	0.67386561	0.001323	-0.988644	-1.057007	5	0.848473
5572	4.0046160277e-2	0.345419	0.81701516	0.67407649	0.001323	-0.988644	-1.057007	5	0.848476
5573	4.0194997224e-2	0.346710	0.81702218	0.67423936	0.001144	-0.990192	-1.070357	4	0.848479
5574	4.0154972770e-2	0.346372	0.81699042	0.67413582	0.000965	-0.991739	-1.083706	3	0.848482
5575	4.0071378810e-2	0.345658	0.81699608	0.67406353	0.000965	-0.991739	-1.083706	3	0.848485
5576	3.9861201362e-2	0.343852	0.81698422	0.67382965	0.000965	-0.991739	-1.083706	3	0.848489
5577	3.9869343832e-2	0.343929	0.81703374	0.67393683	0.000965	-0.991739	-1.083706	3	0.848492
5578	4.0010684642e-2	0.345156	0.81699495	0.67400058	0.001144	-0.990193	-1.070365	4	0.848495
5579	3.9848200929e-2	0.343761	0.81701364	0.67387548	0.001323	-0.988647	-1.057025	5	0.848498
5580	3.9831978052e-2	0.343628	0.81699890	0.67382977	0.001323	-0.988647	-1.057025	5	0.848501
5581	4.0007787600e-2	0.345152	0.81699200	0.67399179	0.001144	-0.990192	-1.070361	4	0.848504
5582	4.0449422561e-2	0.348969	0.81699124	0.67443191	0.001323	-0.988647	-1.057027	5	0.848507
5583	4.0401514861e-2	0.348563	0.81697386	0.67434923	0.001502	-0.987102	-1.043695	6	0.848510
5584	4.0218803691e-2	0.346994	0.81695748	0.67413376	0.001502	-0.987102	-1.043695	6	0.848513
5585	4.0215157031e-2	0.346970	0.81697029	0.67415574	0.001681	-0.985557	-1.030366	7	0.848516
5586	4.0365687771e-2	0.348276	0.81696081	0.67428732	0.001681	-0.985557	-1.030366	7	0.848519
5587	4.0085348928e-2	0.345864	0.81693039	0.67394613	0.001860	-0.984012	-1.017041	8	0.848523
5588	4.0085812093e-2	0.345875	0.81692769	0.67394119	0.001860	-0.984012	-1.017041	8	0.848526
5589	4.0022198686e-2	0.345334	0.81692222	0.67386664	0.001860	-0.984012	-1.017041	8	0.848529
5590	3.9948733578e-2	0.344707	0.81694302	0.67383477	0.002039	-0.982469	-1.003722	9	0.848532
5591	4.0223157432e-2	0.347082	0.81697328	0.67416972	0.001860	-0.984012	-1.017040	8	0.848535
5592	4.0270070936e-2	0.347494	0.81696429	0.67419866	0.001860	-0.984012	-1.017040	8	0.848538
5593	4.0363181983e-2	0.348305	0.81697358	0.67431034	0.001681	-0.985555	-1.030353	7	0.848541
5594	4.0272025403e-2	0.347525	0.81699455	0.67426112	0.001860	-0.984012	-1.017041	8	0.848544
5595	4.0221519850e-2	0.347097	0.81699834	0.67421821	0.001681	-0.985555	-1.030352	7	0.848547
5596	3.9909337774e-2	0.344410	0.81702185	0.67395303	0.001681	-0.985555	-1.030352	7	0.848550
5597	3.9948980398e-2	0.344759	0.81699665	0.67394229	0.001860	-0.984013	-1.017045	8	0.848553
5598	4.0478535538e-2	0.349336	0.81700653	0.67449160	0.001860	-0.984013	-1.017045	8	0.848556
5599	4.0475049657e-2	0.349314	0.81700079	0.67447663	0.002039	-0.982471	-1.003742	9	0.848559
5600	4.0500500519e-2	0.349540	0.81699226	0.67448503	0.002039	-0.982471	-1.003742	9	0.848562
5601	4.0480525071e-2	0.349375	0.81700001	0.67448054	0.002217	-0.980931	-0.990443	10	0.848565
5602	4.0555472025e-2	0.350029	0.81700183	0.67455913	0.002396	-0.979390	-0.977146	11	0.848568
5603	4.0378557249e-2	0.348510	0.81698151	0.67434157	0.002574	-0.977849	-0.963850	12	0.848571
5604	4.0271863270e-2	0.347596	0.81698547	0.67424279	0.002574	-0.977849	-0.963850	12	0.848574
5605	4.0062148923e-2	0.345793	0.81700452	0.67407119	0.002396	-0.979389	-0.977142	11	0.848578
5606	3.9998284880e-2	0.345249	0.81699847	0.67399523	0.002574	-0.977850	-0.963852	12	0.848581
5607	4.0013666748e-2	0.345389	0.81699051	0.67399470	0.002574	-0.977850	-0.963852	12	0.848584
5608	3.9810008452e-2	0.343638	0.81701335	0.67383672	0.002574	-0.977850	-0.963852	12	0.848587
5609	3.9926056351e-2	0.344647	0.81700749	0.67394105	0.002752	-0.976311	-0.950567	13	0.848590
5610	3.9886129910e-2	0.344309	0.81700800	0.67390213	0.002574	-0.977849	-0.963850	12	0.848593
5611	3.9758862058e-2	0.343218	0.81701201	0.67378288	0.002752	-0.976311	-0.950569	13	0.848596
5612	3.9785445960e-2	0.343454	0.81700628	0.67379801	0.002752	-0.976311	-0.950569	13	0.848599
5613	3.9759901760e-2	0.343241	0.81701537	0.67379065	0.002931	-0.974773	-0.937292	14	0.848602
5614	3.9786166733e-2	0.343475	0.81702191	0.67382998	0.002752	-0.976311	-0.950567	13	0.848605
5615	3.9738856298e-2	0.343073	0.81700801	0.67375487	0.002931	-0.974773	-0.937293	14	0.848608
5616	3.9735815381e-2	0.343054	0.81701853	0.67377288	0.002931	-0.974773	-0.937293	14	0.848611
5617	3.9648196941e-2	0.342305	0.81703192	0.67371203	0.003109	-0.973236	-0.924023	15	0.848614
5618	3.9363536289e-2	0.339854	0.81704762	0.67345878	0.003109	-0.973236	-0.924023	15	0.848617
5619	3.9461110632e-2	0.340704	0.81706691	0.67359493	0.003287	-0.971700	-0.910757	16	0.848620
5620	3.9586897917e-2	0.341797	0.81703796	0.67366281	0.003287	-0.971700	-0.910757	16	0.848623
5621	3.9710520672e-2	0.342871	0.81704192	0.67379437	0.003109	-0.973236	-0.924020	15	0.848626
5622	3.9809895752e-2	0.343736	0.81701823	0.67384635	0.002931	-0.974771	-0.937281	14	0.848629
5623	4.0025715315e-2	0.345607	0.81703638	0.67409848	0.002753	-0.976307	-0.950540	13	0.848632
5624	4.0357957313e-2	0.348483	0.81704841	0.67445477	0.002753	-0.976307	-0.950540	13	0.848635
5625	3.9615389875e-2	0.342078	0.81707123	0.67375786	0.002753	-0.976307	-0.950540	13	0.848638
5626	3.9828134938e-2	0.343922	0.81708829	0.67400471	0.002575	-0.977842	-0.963794	12	0.848641
5627	3.9923565530e-2	0.344753	0.81706467	0.67405291	0.002753	-0.976307	-0.950542	13	0.848644
5628	3.9737775537e-2	0.343156	0.81708656	0.67391089	0.002753	-0.976307	-0.950542	13	0.848647
5629	3.9670245285e-2	0.342580	0.81712167	0.67391358	0.002931	-0.974773	-0.937293	14	0.848650
5630	3.9452171179e-2	0.340704	0.81714283	0.67373783	0.002753	-0.976307	-0.950540	13	0.848653
5631	3.9441622855e-2	0.340620	0.81716808	0.67377779	0.002931	-0.974773	-0.937295	14	0.848656
5632	3.9350072796e-2	0.339836	0.81717191	0.67369390	0.002931	-0.974773	-0.937295	14	0.848659
5633	3.9510738683e-2	0.341230	0.81715158	0.67381390	0.003108	-0.973240	-0.924054	15	0.848662
5634	3.9426428446e-2	0.340509	0.81716979	0.67376601	0.003108	-0.973240	-0.924054	15	0.848665
5635	3.9450502781e-2	0.340724	0.81715172	0.67375395	0.003108	-0.973240	-0.924054	15	0.848668
5636	3.9506821714e-2	0.341218	0.81714413	0.67379509	0.003108	-0.973240	-0.924054	15	0.848671
5637	3.9571709712e-2	0.341785	0.81716125	0.67389421	0.003285	-0.971708	-0.910820	16	0.848674
5638	3.9687641490e-2	0.342793	0.81717229	0.67403222	0.003463	-0.970176	-0.897588	17	0.848677
5639	3.9672577325e-2	0.342670	0.81719362	0.67405982	0.003286	-0.971708	-0.910818	16	0.848679
5640	3.9611988538e-2	0.342154	0.81718517	0.67398234	0.003286	-0.971708	-0.910818	16	0.848682
5641	3.9445940381e-2	0.340727	0.81717984	0.67380562	0.003108	-0.973239	-0.924045	15	0.848685
5642	3.9421270527e-2	0.340521	0.81718527	0.67379180	0.003285	-0.971708	-0.910820	16	0.848688
5643	3.9532187979e-2	0.341486	0.81719000	0.67391218	0.003285	-0.971708	-0.910820	16	0.848691
5644	3.9484107658e-2	0.341077	0.81719712	0.67387834	0.003285	-0.971708	-0.910820	16	0.848694
5645	3.9537285416e-2	0.341544	0.81718421	0.67390570	0.003463	-0.970178	-0.897601	17	0.848697
5646	3.9542682057e-2	0.341597	0.81719154	0.67392576	0.003286	-0.971708	-0.910818	16	0.848700
5647	3.9378769453e-2	0.340188	0.81721600	0.67381077	0.003108	-0.973238	-0.924034	15	0.848703
5648	3.9091375877e-2	0.337713	0.81720361	0.67349859	0.003108	-0.973238	-0.924034	15	0.848706
5649	3.9249244271e-2	0.339083	0.81721718	0.67368360	0.002931	-0.974767	-0.937247	14	0.848709
5650	3.9343772582e-2	0.339907	0.81720689	0.67375756	0.002931	-0.974767	-0.937247	14	0.848712
5651	3.9284832817e-2	0.339405	0.81723444	0.67375372	0.002754	-0.976296	-0.950455	13	0.848715
5652	3.9345332866e-2	0.339934	0.81727037	0.67388608	0.002754	-0.976296	-0.950455	13	0.848718
5653	3.9297748348e-2	0.339530	0.81730967	0.67391710	0.002578	-0.977824	-0.963660	12	0.848721
5654	3.9169650130e-2	0.338430	0.81732700	0.67382365	0.002401	-0.979352	-0.976864	11	0.848724
5655	3.9267431428e-2	0.339282	0.81733448	0.67393639	0.002578	-0.977824	-0.963662	12	0.848727
5656	3.9376861092e-2	0.340235	0.81731714	0.67401115	0.002578	-0.977824	-0.963662	12	0.848730
5657	3.9169155988e-2	0.338447	0.81732959	0.67382834	0.002401	-0.979352	-0.976860	11	0.848733
5658	3.9114000851e-2	0.337977	0.81731438	0.67374277	0.002577	-0.977825	-0.963664	12	0.848736
5659	3.8922076696e-2	0.336326	0.81732320	0.67356847	0.002401	-0.979352	-0.976858	11	0.848739
5660	3.8976832728e-2	0.336806	0.81734959	0.67367602	0.002401	-0.979352	-0.976858	11	0.848742
5661	3.9063074198e-2	0.337558	0.81735216	0.67376739	0.002401	-0.979352	-0.976858	11	0.848745
5662	3.9012610230e-2	0.337129	0.81734386	0.67370032	0.002224	-0.980878	-0.990047	10	0.848748
5663	3.8990410324e-2	0.336944	0.81736253	0.67371547	0.002401	-0.979352	-0.976860	11	0.848751
5664	3.9048415137e-2	0.337452	0.81736486	0.67377813	0.002401	-0.979352	-0.976860	11	0.848754
5665	3.9117150305e-2	0.338053	0.81737597	0.67386910	0.002224	-0.980877	-0.990044	10	0.848757
5666	3.8997320787e-2	0.337024	0.81738695	0.67377123	0.002401	-0.979352	-0.976862	11	0.848760
5667	3.9082869320e-2	0.337770	0.81735586	0.67379459	0.002577	-0.977827	-0.963682	12	0.848763
5668	3.9346499566e-2	0.340056	0.81733359	0.67401367	0.002577	-0.977827	-0.963682	12	0.848766
5669	3.9359204364e-2	0.340172	0.81737258	0.67410436	0.002401	-0.979352	-0.976858	11	0.848769
5670	3.9358310687e-2	0.340172	0.81741051	0.67417933	0.002401	-0.979352	-0.976858	11	0.848772
5671	3.9396574340e-2	0.340509	0.81738953	0.67417563	0.002577	-0.977828	-0.963685	12	0.848775
5672	3.9397270219e-2	0.340522	0.81740135	0.67419998	0.002577	-0.977828	-0.963685	12	0.848778
5673	3.9184303068e-2	0.338688	0.81741596	0.67401622	0.002401	-0.979351	-0.976855	11	0.848781
5674	3.9343308359e-2	0.340070	0.81741114	0.67416559	0.002577	-0.977828	-0.963687	12	0.848784
5675	3.9219632094e-2	0.339008	0.81743052	0.67408067	0.002577	-0.977828	-0.963687	12	0.848787
5676	3.9012245845e-2	0.337222	0.81743570	0.67388365	0.002577	-0.977828	-0.963687	12	0.848790
5677	3.9016638002e-2	0.337267	0.81741617	0.67384897	0.002753	-0.976305	-0.950525	13	0.848793
5678	3.9060161339e-2	0.337650	0.81744174	0.67394365	0.002577	-0.977828	-0.963685	12	0.848796
5679	3.9024327531e-2	0.337347	0.81743514	0.67389461	0.002577	-0.977828	-0.963685	12	0.848799
5680	3.9322002490e-2	0.339927	0.81742576	0.67417352	0.002577	-0.977828	-0.963685	12	0.848802
5681	3.9212317117e-2	0.338986	0.81743850	0.67408932	0.002401	-0.979349	-0.976841	11	0.848805
5682	3.9015333679e-2	0.337290	0.81744832	0.67391197	0.002225	-0.980871	-0.989994	10	0.848808
5683	3.9129216755e-2	0.338281	0.81748844	0.67410610	0.002049	-0.982392	-1.003145	9	0.848811
5684	3.9390878547e-2	0.340550	0.81750450	0.67439989	0.002049	-0.982392	-1.003145	9	0.848814
5685	3.9427468909e-2	0.340874	0.81751204	0.67445155	0.001873	-0.983913	-1.016293	8	0.848817
5686	3.9220217399e-2	0.339089	0.81750666	0.67423354	0.002049	-0.982392	-1.003147	9	0.848820
5687	3.9180550630e-2	0.338753	0.81749143	0.67416342	0.002049	-0.982392	-1.003147	9	0.848823
5688	3.9144955061e-2	0.338452	0.81749767	0.67414029	0.002049	-0.982392	-1.003147	9	0.848826
5689	3.9031672904e-2	0.337479	0.81751330	0.67405827	0.001873	-0.983912	-1.016288	8	0.848829
5690	3.8820462178e-2	0.335660	0.81751733	0.67385513	0.001698	-0.985432	-1.029427	7	0.848832
5691	3.8768955766e-2	0.335221	0.81752784	0.67382465	0.001522	-0.986951	-1.042564	6	0.848835
5692	3.9021438241e-2	0.337411	0.81753552	0.67409248	0.001522	-0.986951	-1.042564	6	0.848838
5693	3.9080922856e-2	0.337932	0.81751975	0.67412042	0.001346	-0.988470	-1.055698	5	0.848841
5694	3.9086136644e-2	0.337984	0.81752419	0.67413452	0.001522	-0.986951	-1.042566	6	0.848844
5695	3.9074657768e-2	0.337892	0.81751417	0.67410299	0.001346	-0.988470	-1.055696	5	0.848847
5696	3.9195843369e-2	0.338947	0.81750321	0.67420227	0.001346	-0.988470	-1.055696	5	0.848850
5697	3.9151357117e-2	0.338569	0.81752001	0.67419139	0.001346	-0.988470	-1.055696	5	0.848853
5698	3.9344824360e-2	0.340249	0.81752891	0.67440264	0.001522	-0.986952	-1.042571	6	0.848856
5699	3.9282810913e-2	0.339720	0.81749281	0.67426844	0.001697	-0.985434	-1.029448	7	0.848859
5700	3.9283815080e-2	0.339735	0.81749939	0.67428260	0.001697	-0.985434	-1.029448	7	0.848862
5701	3.9315269856e-2	0.340014	0.81751591	0.67434709	0.001522	-0.986951	-1.042568	6	0.848865
5702	3.9315726999e-2	0.340025	0.81753056	0.67437684	0.001697	-0.985435	-1.029450	7	0.848868
5703	3.9493863480e-2	0.341572	0.81753451	0.67456288	0.001873	-0.983918	-1.016334	8	0.848871
5704	3.9517470835e-2	0.341784	0.81753858	0.67459464	0.001873	-0.983918	-1.016334	8	0.848874
5705	3.9478584517e-2	0.341454	0.81755043	0.67457945	0.001697	-0.985434	-1.029447	7	0.848877
5706	3.9210200928e-2	0.339140	0.81755529	0.67432078	0.001697	-0.985434	-1.029447	7	0.848880
5707	3.9200863645e-2	0.339066	0.81757794	0.67435674	0.001872	-0.983919	-1.016338	8	0.848883
5708	3.9315542849e-2	0.340065	0.81755452	0.67442459	0.001872	-0.983919	-1.016338	8	0.848886
5709	3.9137385632e-2	0.338531	0.81757479	0.67428697	0.001697	-0.985434	-1.029443	7	0.848889
5710	3.9017362856e-2	0.337499	0.81755709	0.67413154	0.001522	-0.986949	-1.042547	6	0.848892
5711	3.8947288854e-2	0.336900	0.81757892	0.67410513	0.001347	-0.988463	-1.055649	5	0.848895
5712	3.8985754475e-2	0.337239	0.81757708	0.67413992	0.001347	-0.988463	-1.055649	5	0.848898
5713	3.8718571418e-2	0.334935	0.81757624	0.67387104	0.001522	-0.986949	-1.042550	6	0.848901
5714	3.8901137948e-2	0.336521	0.81757697	0.67405507	0.001697	-0.985435	-1.029454	7	0.848904
5715	3.8844343927e-2	0.336037	0.81759074	0.67402582	0.001697	-0.985435	-1.029454	7	0.848907
5716	3.8746480905e-2	0.335197	0.81762147	0.67398943	0.001697	-0.985435	-1.029454	7	0.848910
5717	3.9011423802e-2	0.337496	0.81761857	0.67424856	0.001522	-0.986948	-1.042545	6	0.848913
5718	3.8997395600e-2	0.337381	0.81763186	0.67426112	0.001347	-0.988461	-1.055635	5	0.848916
5719	3.9303691751e-2	0.340038	0.81764428	0.67459224	0.001172	-0.989974	-1.068722	4	0.848919
5720	3.9129718182e-2	0.338540	0.81764603	0.67442177	0.001172	-0.989974	-1.068722	4	0.848922
5721	3.9255107222e-2	0.339631	0.81762710	0.67450931	0.001347	-0.988462	-1.055638	5	0.848925
5722	3.9427052724e-2	0.341126	0.81763245	0.67469195	0.001522	-0.986950	-1.042556	6	0.848928
5723	3.9379025312e-2	0.340717	0.81763522	0.67464947	0.001697	-0.985438	-1.029475	7	0.848931
5724	3.9254474202e-2	0.339646	0.81764151	0.67453749	0.001697	-0.985438	-1.029475	7	0.848934
5725	3.9529097068e-2	0.342029	0.81763854	0.67480618	0.001697	-0.985438	-1.029475	7	0.848937
5726	3.9464570469e-2	0.341478	0.81764941	0.67476340	0.001522	-0.986949	-1.042550	6	0.848940
5727	3.9613672403e-2	0.342775	0.81768620	0.67498607	0.001347	-0.988460	-1.055624	5	0.848943
5728	3.9492587834e-2	0.341734	0.81765328	0.67479915	0.001347	-0.988460	-1.055624	5	0.848946
5729	3.9351697116e-2	0.340522	0.81765783	0.67466735	0.001522	-0.986950	-1.042554	6	0.848949
5730	3.9271237408e-2	0.339833	0.81764207	0.67455537	0.001697	-0.985439	-1.029485	7	0.848952
5731	3.9301783322e-2	0.340104	0.81763192	0.67456563	0.001871	-0.983929	-1.016418	8	0.848954
5732	3.9137977989e-2	0.338693	0.81762659	0.67439116	0.001871	-0.983929	-1.016418	8	0.848957
5733	3.9038763151e-2	0.337841	0.81762217	0.67428310	0.001871	-0.983929	-1.016418	8	0.848960
5734	3.8981919776e-2	0.337356	0.81764918	0.67428027	0.001697	-0.985439	-1.029480	7	0.848963
5735	3.8860027278e-2	0.336308	0.81767443	0.67420889	0.001522	-0.986948	-1.042540	6	0.848966
5736	3.8860328098e-2	0.336317	0.81766932	0.67419897	0.001522	-0.986948	-1.042540	6	0.848969
5737	3.8940653637e-2	0.337019	0.81768605	0.67431276	0.001348	-0.988456	-1.055596	5	0.848972
5738	3.8941585095e-2	0.337034	0.81768500	0.67431158	0.001174	-0.989965	-1.068650	4	0.848975
5739	3.8874235478e-2	0.336458	0.81771440	0.67430303	0.001348	-0.988456	-1.055598	5	0.848978
5740	3.8856409717e-2	0.336311	0.81770931	0.67427503	0.001348	-0.988456	-1.055598	5	0.848981
5741	3.9054249457e-2	0.338030	0.81773008	0.67451440	0.001174	-0.989964	-1.068647	4	0.848984
5742	3.8745303104e-2	0.335362	0.81776045	0.67426621	0.001174	-0.989964	-1.068647	4	0.848987
5743	3.8758604383e-2	0.335484	0.81777008	0.67429877	0.001000	-0.991471	-1.081693	3	0.848990
5744	3.8813055755e-2	0.335962	0.81776301	0.67433909	0.001000	-0.991471	-1.081693	3	0.848993
5745	3.8872608820e-2	0.336485	0.81775402	0.67438065	0.000826	-0.992978	-1.094735	2	0.848996
5746	3.9029476535e-2	0.337849	0.81776164	0.67455275	0.000826	-0.992978	-1.094735	2	0.848999
5747	3.8972376335e-2	0.337362	0.81775800	0.67448837	0.001000	-0.991472	-1.081696	3	0.849002
5748	3.8878504878e-2	0.336556	0.81775663	0.67439176	0.001000	-0.991472	-1.081696	3	0.849005
5749	3.8890662002e-2	0.336668	0.81773754	0.67436575	0.000826	-0.992978	-1.094732	2	0.849008
5750	3.8889540824e-2	0.336665	0.81774601	0.67438156	0.000826	-0.992978	-1.094732	2	0.849011
5751	3.8814531117e-2	0.336022	0.81779540	0.67440533	0.000826	-0.992978	-1.094732	2	0.849014
5752	3.8765321805e-2	0.335603	0.81780898	0.67438328	0.000826	-0.992978	-1.094732	2	0.849017
5753	3.8835829699e-2	0.336220	0.81782385	0.67448354	0.000999	-0.991473	-1.081703	3	0.849020
5754	3.8760560703e-2	0.335575	0.81781975	0.67440007	0.001173	-0.989968	-1.068677	4	0.849023
5755	3.8945402297e-2	0.337182	0.81784617	0.67463774	0.001347	-0.988464	-1.055652	5	0.849026
5756	3.9086742274e-2	0.338413	0.81786414	0.67481503	0.001347	-0.988464	-1.055652	5	0.849029
5757	3.8941552791e-2	0.337163	0.81785549	0.67465254	0.001173	-0.989968	-1.068673	4	0.849032
5758	3.8892267438e-2	0.336743	0.81785483	0.67460193	0.001347	-0.988464	-1.055654	5	0.849035
5759	3.9089010843e-2	0.338453	0.81787583	0.67484067	0.001521	-0.986960	-1.042636	6	0.849038
5760	3.9091047627e-2	0.338477	0.81785287	0.67479678	0.001521	-0.986960	-1.042636	6	0.849041
5761	3.9282236721e-2	0.340140	0.81785591	0.67499405	0.001694	-0.985457	-1.029621	7	0.849044
5762	3.9057779398e-2	0.338203	0.81782881	0.67471539	0.001521	-0.986960	-1.042634	6	0.849047
5763	3.9026783040e-2	0.337941	0.81783430	0.67469539	0.001347	-0.988463	-1.055645	5	0.849050
5764	3.8849745794e-2	0.336415	0.81786046	0.67457066	0.001347	-0.988463	-1.055645	5	0.849053
5765	3.8803772589e-2	0.336024	0.81787202	0.67454782	0.001521	-0.986961	-1.042637	6	0.849056
5766	3.8805880071e-2	0.336049	0.81789406	0.67459401	0.001521	-0.986961	-1.042637	6	0.849059
5767	3.8914279648e-2	0.336994	0.81789766	0.67470960	0.001694	-0.985459	-1.029633	7	0.849062
5768	3.8858370822e-2	0.336517	0.81788770	0.67463376	0.001694	-0.985459	-1.029633	7	0.849065
5769	3.8978082782e-2	0.337560	0.81787114	0.67472036	0.001694	-0.985459	-1.029633	7	0.849068
5770	3.8903008422e-2	0.336917	0.81787515	0.67465332	0.001521	-0.986960	-1.042632	6	0.849071
5771	3.8858885417e-2	0.336541	0.81784929	0.67455746	0.001694	-0.985459	-1.029635	7	0.849074
5772	3.8811942857e-2	0.336141	0.81786484	0.67454162	0.001694	-0.985459	-1.029635	7	0.849077
5773	3.8672124096e-2	0.334937	0.81783409	0.67434031	0.001867	-0.983959	-1.016642	8	0.849080
5774	3.8662650609e-2	0.334862	0.81783467	0.67433200	0.002040	-0.982459	-1.003650	9	0.849083
5775	3.8573677690e-2	0.334098	0.81785962	0.67429292	0.002040	-0.982459	-1.003650	9	0.849085
5776	3.8719862320e-2	0.335371	0.81787823	0.67447632	0.002040	-0.982459	-1.003650	9	0.849088
5777	3.8627188259e-2	0.334575	0.81790653	0.67444025	0.002213	-0.980960	-0.990663	10	0.849091
5778	3.8666973262e-2	0.334926	0.81792285	0.67451268	0.002213	-0.980960	-0.990663	10	0.849094
5779	3.8517990482e-2	0.333642	0.81793363	0.67438526	0.002040	-0.982459	-1.003646	9	0.849097
5780	3.8828383585e-2	0.336338	0.81791234	0.67465307	0.002040	-0.982459	-1.003646	9	0.849100
5781	3.8794158349e-2	0.336048	0.81795775	0.67470966	0.001867	-0.983957	-1.016626	8	0.849103
5782	3.8665164391e-2	0.334937	0.81797352	0.67461221	0.001867	-0.983957	-1.016626	8	0.849106
5783	3.8467934672e-2	0.333235	0.81797981	0.67442755	0.001695	-0.985455	-1.029602	7	0.849109
5784	3.8408059942e-2	0.332723	0.81795814	0.67432433	0.001695	-0.985455	-1.029602	7	0.849112
5785	3.8384791988e-2	0.332528	0.81792350	0.67423178	0.001522	-0.986952	-1.042575	6	0.849115
5786	3.8496661741e-2	0.333504	0.81793310	0.67436286	0.001349	-0.988450	-1.055546	5	0.849118
5787	3.8665167335e-2	0.334971	0.81791301	0.67449119	0.001349	-0.988450	-1.055546	5	0.849121
5788	3.8695653409e-2	0.335241	0.81793211	0.67455988	0.001349	-0.988450	-1.055546	5	0.849124
5789	3.8643889866e-2	0.334800	0.81791006	0.67446401	0.001522	-0.986953	-1.042580	6	0.849127
5790	3.8777502975e-2	0.335964	0.81792345	0.67462441	0.001694	-0.985457	-1.029616	7	0.849130
5791	3.8647011760e-2	0.334840	0.81793051	0.67450804	0.001522	-0.986953	-1.042579	6	0.849133
5792	3.8857455000e-2	0.336670	0.81796014	0.67477773	0.001522	-0.986953	-1.042579	6	0.849135
5793	3.8782186333e-2	0.336025	0.81796060	0.67470339	0.001694	-0.985457	-1.029620	7	0.849138
5794	3.8722273477e-2	0.335512	0.81795651	0.67463529	0.001867	-0.983962	-1.016662	8	0.849141
5795	3.8801352468e-2	0.336204	0.81796578	0.67473291	0.001694	-0.985457	-1.029618	7	0.849144
5796	3.8815912001e-2	0.336337	0.81798011	0.67477613	0.001694	-0.985457	-1.029618	7	0.849147
5797	3.8705500217e-2	0.335387	0.81800246	0.67471041	0.001522	-0.986952	-1.042570	6	0.849150
5798	3.9015755804e-2	0.338082	0.81801803	0.67505181	0.001349	-0.988446	-1.055520	5	0.849153
5799	3.8691112572e-2	0.335276	0.81804896	0.67478902	0.001522	-0.986952	-1.042572	6	0.849156
5800	3.8751871556e-2	0.335809	0.81803560	0.67482308	0.001522	-0.986952	-1.042572	6	0.849159
5801	3.8829163257e-2	0.336485	0.81805338	0.67493593	0.001349	-0.988446	-1.055517	5	0.849162
5802	3.8680056090e-2	0.335200	0.81804604	0.67477214	0.001177	-0.989939	-1.068461	4	0.849165
5803	3.8892934748e-2	0.337051	0.81805822	0.67500937	0.001349	-0.988446	-1.055519	5	0.849168
5804	3.9076216119e-2	0.338646	0.81808567	0.67524755	0.001349	-0.988446	-1.055519	5	0.849171
5805	3.8994078027e-2	0.337941	0.81807798	0.67515003	0.001349	-0.988446	-1.055519	5	0.849174
5806	3.9060992724e-2	0.338528	0.81805917	0.67517933	0.001522	-0.986953	-1.042582	6	0.849177
5807	3.8987209672e-2	0.337895	0.81803020	0.67504761	0.001349	-0.988446	-1.055517	5	0.849180
5808	3.8849432287e-2	0.336708	0.81804885	0.67494712	0.001349	-0.988446	-1.055517	5	0.849183
5809	3.8845448905e-2	0.336680	0.81804762	0.67494068	0.001521	-0.986954	-1.042585	6	0.849185
5810	3.8929778485e-2	0.337417	0.81803219	0.67499416	0.001694	-0.985462	-1.029656	7	0.849188
5811	3.8949502290e-2	0.337595	0.81800986	0.67496922	0.001522	-0.986954	-1.042584	6	0.849191
5812	3.9187411552e-2	0.339664	0.81801277	0.67521295	0.001522	-0.986954	-1.042584	6	0.849194
5813	3.8985442890e-2	0.337920	0.81801703	0.67501951	0.001349	-0.988445	-1.055508	5	0.849197
5814	3.8865926937e-2	0.336891	0.81799129	0.67484852	0.001349	-0.988445	-1.055508	5	0.849200
5815	3.8913131704e-2	0.337307	0.81801674	0.67494662	0.001521	-0.986954	-1.042587	6	0.849203
5816	3.8884492814e-2	0.337065	0.81800769	0.67489987	0.001521	-0.986954	-1.042587	6	0.849206
5817	3.9123549235e-2	0.339144	0.81799563	0.67511480	0.001350	-0.988444	-1.055505	5	0.849209
5818	3.9259259667e-2	0.340327	0.81802719	0.67531365	0.001521	-0.986954	-1.042589	6	0.849212
5819	3.9207736049e-2	0.339887	0.81802584	0.67525942	0.001521	-0.986954	-1.042589	6	0.849215
5820	3.8972052808e-2	0.337851	0.81802507	0.67502220	0.001521	-0.986954	-1.042589	6	0.849218
5821	3.8928569145e-2	0.337481	0.81803019	0.67498894	0.001350	-0.988444	-1.055500	5	0.849221
5822	3.8742159596e-2	0.335871	0.81803627	0.67481470	0.001178	-0.989933	-1.068409	4	0.849224
5823	3.8811220862e-2	0.336477	0.81808009	0.67497140	0.001178	-0.989933	-1.068409	4	0.849227
5824	3.8843353766e-2	0.336762	0.81805075	0.67494486	0.001178	-0.989933	-1.068409	4	0.849229
5825	3.8895647448e-2	0.337222	0.81805617	0.67500799	0.001178	-0.989933	-1.068409	4	0.849232
5826	3.8887274632e-2	0.337156	0.81803964	0.67496656	0.001006	-0.991421	-1.081312	3	0.849235
5827	3.8678256296e-2	0.335350	0.81807300	0.67482426	0.000835	-0.992909	-1.094213	2	0.849238
5828	3.8638018557e-2	0.335008	0.81808044	0.67479890	0.000835	-0.992909	-1.094213	2	0.849241
5829	3.8596575954e-2	0.334655	0.81808720	0.67477098	0.000663	-0.994396	-1.107110	1	0.849244
5830	3.8476618248e-2	0.333622	0.81807205	0.67462072	0.000835	-0.992909	-1.094214	2	0.849247
5831	3.8476395360e-2	0.333627	0.81805060	0.67457759	0.000835	-0.992909	-1.094214	2	0.849250
5832	3.8527729255e-2	0.334078	0.81806357	0.67465487	0.000835	-0.992909	-1.094214	2	0.849253
5833	3.8595736098e-2	0.334675	0.81805061	0.67469695	0.001006	-0.991422	-1.081324	3	0.849256
5834	3.8658577884e-2	0.335226	0.81806606	0.67479070	0.001177	-0.989936	-1.068435	4	0.849259
5835	3.8678634725e-2	0.335407	0.81807122	0.67482108	0.001006	-0.991422	-1.081322	3	0.849262
5836	3.8565059271e-2	0.334429	0.81804943	0.67466391	0.001006	-0.991422	-1.081322	3	0.849265
5837	3.8655121444e-2	0.335216	0.81804445	0.67474402	0.001177	-0.989936	-1.068438	4	0.849268
5838	3.8619413164e-2	0.334913	0.81803486	0.67468914	0.001349	-0.988451	-1.055556	5	0.849271
5839	3.8484811927e-2	0.333752	0.81806362	0.67461205	0.001177	-0.989936	-1.068437	4	0.849274
5840	3.8500865541e-2	0.333898	0.81805819	0.67461724	0.001177	-0.989936	-1.068437	4	0.849277
5841	3.8642784852e-2	0.335136	0.81804909	0.67474096	0.001177	-0.989936	-1.068437	4	0.849279
5842	3.8655302075e-2	0.335251	0.81807141	0.67479813	0.001006	-0.991421	-1.081312	3	0.849282
5843	3.8623423106e-2	0.334981	0.81808638	0.67479618	0.000835	-0.992905	-1.094186	2	0.849285
5844	3.8716382114e-2	0.335794	0.81807890	0.67487419	0.000835	-0.992905	-1.094186	2	0.849288
5845	3.8654342054e-2	0.335262	0.81806792	0.67479018	0.000664	-0.994389	-1.107056	1	0.849291
5846	3.8682480323e-2	0.335513	0.81806902	0.67482052	0.000493	-0.995873	-1.119925	0	0.849294
5847	3.8688262691e-2	0.335570	0.81805695	0.67480216	0.000664	-0.994389	-1.107058	1	0.849297
5848	3.8799406055e-2	0.336540	0.81806798	0.67493536	0.000664	-0.994389	-1.107058	1	0.849300
5849	3.8821706229e-2	0.336740	0.81807729	0.67497628	0.000493	-0.995872	-1.119921	0	0.849303
5850	3.8813008310e-2	0.336672	0.81809936	0.67501173	0.000493	-0.995872	-1.119921	0	0.849306
5851	3.8913360527e-2	0.337549	0.81811376	0.67514089	0.000322	-0.997355	-1.132781	-1	0.849309
5852	3.8958613798e-2	0.337948	0.81810420	0.67516702	0.000322	-0.997355	-1.132781	-1	0.849312
5853	3.8901895913e-2	0.337463	0.81807968	0.67506125	0.000493	-0.995873	-1.119925	0	0.849315
5854	3.8996069560e-2	0.338286	0.81806985	0.67513576	0.000664	-0.994391	-1.107069	1	0.849318
5855	3.8863198304e-2	0.337140	0.81808043	0.67502406	0.000835	-0.992909	-1.094216	2	0.849321
5856	3.8766132602e-2	0.336305	0.81810773	0.67498160	0.000835	-0.992909	-1.094216	2	0.849324
5857	3.8850215397e-2	0.337041	0.81812504	0.67510030	0.000664	-0.994390	-1.107066	1	0.849327
5858	3.8848146028e-2	0.337030	0.81812016	0.67508846	0.000493	-0.995871	-1.119914	0	0.849330
5859	3.9091713291e-2	0.339149	0.81814318	0.67537808	0.000493	-0.995871	-1.119914	0	0.849332
5860	3.9266255998e-2	0.340670	0.81811730	0.67550086	0.000493	-0.995871	-1.119914	0	0.849335
5861	3.9088313070e-2	0.339133	0.81814835	0.67538501	0.000322	-0.997352	-1.132758	-1	0.849338
5862	3.9131457310e-2	0.339514	0.81815438	0.67544022	0.000152	-0.998832	-1.145599	-2	0.849341
5863	3.9140903093e-2	0.339603	0.81815110	0.67544311	-0.000019	-1.000312	-1.158439	-3	0.849344
5864	3.8981060110e-2	0.338223	0.81816416	0.67530937	-0.000019	-1.000312	-1.158439	-3	0.849347
5865	3.8998500170e-2	0.338381	0.81814437	0.67528723	0.000152	-0.998832	-1.145603	-2	0.849350
5866	3.8971139338e-2	0.338150	0.81817222	0.67531558	-0.000019	-1.000311	-1.158437	-3	0.849353
5867	3.9102616111e-2	0.339297	0.81818542	0.67547346	-0.000189	-1.001790	-1.171271	-4	0.849356
5868	3.9078074106e-2	0.339091	0.81818147	0.67544102	-0.000189	-1.001790	-1.171271	-4	0.849359
5869	3.9221418268e-2	0.340341	0.81818938	0.67560018	-0.000359	-1.003269	-1.184100	-5	0.849362
5870	3.8890944486e-2	0.337480	0.81818043	0.67525180	-0.000530	-1.004747	-1.196928	-6	0.849365
5871	3.8913472959e-2	0.337683	0.81820595	0.67532537	-0.000700	-1.006225	-1.209755	-7	0.849368
5872	3.8898826593e-2	0.337562	0.81822754	0.67535390	-0.000700	-1.006225	-1.209755	-7	0.849371
5873	3.9056431737e-2	0.338936	0.81824612	0.67554866	-0.000530	-1.004748	-1.196932	-6	0.849374
5874	3.9082459619e-2	0.339169	0.81824791	0.67557828	-0.000360	-1.003270	-1.184110	-5	0.849377
5875	3.8942185616e-2	0.337958	0.81825088	0.67544395	-0.000360	-1.003270	-1.184110	-5	0.849380
5876	3.9346249905e-2	0.341472	0.81825537	0.67585699	-0.000360	-1.003270	-1.184110	-5	0.849383
5877	3.9641643896e-2	0.344042	0.81827752	0.67619669	-0.000360	-1.003270	-1.184110	-5	0.849386
5878	3.9403593803e-2	0.341983	0.81828865	0.67598090	-0.000190	-1.001794	-1.171296	-4	0.849389
5879	3.9492645665e-2	0.342762	0.81829358	0.67607981	-0.000360	-1.003270	-1.184109	-5	0.849392
5880	3.9903626713e-2	0.346336	0.81830444	0.67651252	-0.000360	-1.003270	-1.184109	-5	0.849395
5881	3.9597532585e-2	0.343686	0.81831633	0.67623020	-0.000530	-1.004746	-1.196918	-6	0.849398
5882	3.9576165802e-2	0.343507	0.81831505	0.67620627	-0.000700	-1.006221	-1.209726	-7	0.849401
5883	3.9492093066e-2	0.342784	0.81833228	0.67615665	-0.000870	-1.007697	-1.222533	-8	0.849404
5884	3.9445713425e-2	0.342388	0.81834435	0.67613441	-0.000870	-1.007697	-1.222533	-8	0.849407
5885	3.9266896670e-2	0.340843	0.81837677	0.67602043	-0.001040	-1.009172	-1.235335	-9	0.849410
5886	3.9164220290e-2	0.339958	0.81836757	0.67589936	-0.001040	-1.009172	-1.235335	-9	0.849413
5887	3.8906491839e-2	0.337728	0.81836150	0.67562949	-0.001040	-1.009172	-1.235335	-9	0.849416
5888	3.8950493704e-2	0.338116	0.81837552	0.67570154	-0.001040	-1.009172	-1.235335	-9	0.849419
5889	3.8885932733e-2	0.337563	0.81837153	0.67562900	-0.001209	-1.010646	-1.248132	-10	0.849422
5890	3.8948039571e-2	0.338108	0.81837657	0.67570118	-0.001040	-1.009172	-1.235337	-9	0.849425
5891	3.9008744079e-2	0.338642	0.81836953	0.67574780	-0.000870	-1.007698	-1.222544	-8	0.849428
5892	3.8903450497e-2	0.337735	0.81837470	0.67565286	-0.000870	-1.007698	-1.222544	-8	0.849430
5893	3.8787883616e-2	0.336738	0.81834184	0.67547157	-0.000700	-1.006225	-1.209755	-7	0.849433
5894	3.8737834908e-2	0.336310	0.81832387	0.67538557	-0.000870	-1.007698	-1.222543	-8	0.849436
5895	3.8674726841e-2	0.335769	0.81835155	0.67537783	-0.000870	-1.007698	-1.222543	-8	0.849439
5896	3.8798695092e-2	0.336851	0.81835553	0.67550976	-0.000870	-1.007698	-1.222543	-8	0.849442
5897	3.8933356166e-2	0.338027	0.81836332	0.67566000	-0.001039	-1.009170	-1.235325	-9	0.849445
5898	3.9302269890e-2	0.341237	0.81836760	0.67603747	-0.001209	-1.010643	-1.248107	-10	0.849448
5899	3.9328238798e-2	0.341469	0.81837690	0.67608203	-0.001039	-1.009171	-1.235327	-9	0.849451
5900	3.9599222927e-2	0.343828	0.81840214	0.67640351	-0.001039	-1.009171	-1.235327	-9	0.849454
5901	3.9541846522e-2	0.343337	0.81839757	0.67633699	-0.001209	-1.010642	-1.248103	-10	0.849457
5902	3.9644287231e-2	0.344233	0.81843776	0.67651981	-0.001378	-1.012113	-1.260878	-11	0.849460
5903	3.9642555408e-2	0.344225	0.81844735	0.67653725	-0.001548	-1.013584	-1.273651	-12	0.849463
5904	3.9535833332e-2	0.343305	0.81847647	0.67648877	-0.001548	-1.013584	-1.273651	-12	0.849466
5905	3.9403365393e-2	0.342161	0.81848975	0.67638287	-0.001378	-1.012114	-1.260881	-11	0.849469
5906	3.9541137185e-2	0.343364	0.81847745	0.67649604	-0.001209	-1.010643	-1.248113	-10	0.849472
5907	3.9330341074e-2	0.341540	0.81848855	0.67630744	-0.001378	-1.012114	-1.260880	-11	0.849475
5908	3.9328834552e-2	0.341534	0.81850092	0.67633068	-0.001378	-1.012114	-1.260880	-11	0.849478
5909	3.9381917712e-2	0.342002	0.81850298	0.67638789	-0.001209	-1.010644	-1.248117	-10	0.849481
5910	3.9337252425e-2	0.341620	0.81850757	0.67635239	-0.001040	-1.009174	-1.235355	-9	0.849484
5911	3.9487772535e-2	0.342934	0.81851390	0.67651557	-0.000871	-1.007705	-1.222596	-8	0.849487
5912	3.9382975437e-2	0.342031	0.81849907	0.67638112	-0.000871	-1.007705	-1.222596	-8	0.849490
5913	3.9531092658e-2	0.343324	0.81847423	0.67647956	-0.000871	-1.007705	-1.222596	-8	0.849493
5914	3.9533428976e-2	0.343351	0.81848615	0.67650572	-0.000702	-1.006237	-1.209841	-7	0.849496
5915	3.9834977947e-2	0.345977	0.81847903	0.67679304	-0.000702	-1.006237	-1.209841	-7	0.849499
5916	3.9512563435e-2	0.343183	0.81851052	0.67653360	-0.000702	-1.006237	-1.209841	-7	0.849502
5917	3.9648306794e-2	0.344369	0.81850066	0.67664962	-0.000533	-1.004769	-1.197092	-6	0.849505
5918	3.9596255131e-2	0.343923	0.81851136	0.67661897	-0.000702	-1.006236	-1.209840	-7	0.849508
5919	3.9293364815e-2	0.341299	0.81851104	0.67631544	-0.000533	-1.004769	-1.197093	-6	0.849511
5920	3.9310754926e-2	0.341457	0.81851656	0.67634388	-0.000533	-1.004769	-1.197093	-6	0.849514
5921	3.9641355192e-2	0.344335	0.81850139	0.67664413	-0.000364	-1.003302	-1.184350	-5	0.849517
5922	3.9637983139e-2	0.344313	0.81850900	0.67665598	-0.000364	-1.003302	-1.184350	-5	0.849520
5923	3.9506829384e-2	0.343180	0.81848972	0.67648626	-0.000533	-1.004769	-1.197090	-6	0.849523
5924	3.9695551075e-2	0.344826	0.81847513	0.67664582	-0.000533	-1.004769	-1.197090	-6	0.849526
5925	3.9747229430e-2	0.345282	0.81847682	0.67670088	-0.000533	-1.004769	-1.197090	-6	0.849528
5926	3.9646318946e-2	0.344412	0.81845865	0.67656361	-0.000364	-1.003303	-1.184355	-5	0.849531
5927	3.9832459062e-2	0.346035	0.81845892	0.67675029	-0.000533	-1.004768	-1.197088	-6	0.849534
5928	3.9649847556e-2	0.344456	0.81843153	0.67651291	-0.000533	-1.004768	-1.197088	-6	0.849537
5929	3.9916917360e-2	0.346783	0.81842108	0.67675908	-0.000533	-1.004768	-1.197088	-6	0.849540
5930	3.9846213221e-2	0.346175	0.81840574	0.67665768	-0.000701	-1.006233	-1.209816	-7	0.849543
5931	3.9701291331e-2	0.344923	0.81840460	0.67651049	-0.000701	-1.006233	-1.209816	-7	0.849546
5932	3.9895930748e-2	0.346621	0.81843444	0.67676481	-0.000701	-1.006233	-1.209816	-7	0.849549
5933	3.9642033145e-2	0.344421	0.81843639	0.67651481	-0.000533	-1.004769	-1.197093	-6	0.849552
5934	3.9856883370e-2	0.346295	0.81844937	0.67675563	-0.000364	-1.003305	-1.184372	-5	0.849555
5935	3.9862711994e-2	0.346352	0.81848451	0.67683172	-0.000196	-1.001841	-1.171652	-4	0.849558
5936	3.9963845744e-2	0.347237	0.81851504	0.67699392	-0.000196	-1.001841	-1.171652	-4	0.849561
5937	3.9873966121e-2	0.346463	0.81849139	0.67685674	-0.000027	-1.000377	-1.158936	-3	0.849564
5938	3.9628762953e-2	0.344339	0.81848427	0.67659730	0.000141	-0.998914	-1.146221	-2	0.849567
5939	3.9258131671e-2	0.341126	0.81849088	0.67623990	-0.000027	-1.000377	-1.158934	-3	0.849570
5940	3.9307104334e-2	0.341558	0.81846914	0.67624538	-0.000027	-1.000377	-1.158934	-3	0.849572
5941	3.9078155268e-2	0.339575	0.81846307	0.67600430	0.000141	-0.998914	-1.146224	-2	0.849575
5942	3.8801823535e-2	0.337180	0.81846514	0.67573210	0.000309	-0.997452	-1.133516	-1	0.849578
5943	3.8653451816e-2	0.335897	0.81848802	0.67562949	0.000141	-0.998914	-1.146222	-2	0.849581
5944	3.8653306657e-2	0.335903	0.81850938	0.67567208	0.000141	-0.998914	-1.146222	-2	0.849584
5945	3.8779857817e-2	0.337009	0.81853387	0.67584760	-0.000027	-1.000376	-1.158926	-3	0.849587
5946	3.8786442255e-2	0.337073	0.81856029	0.67590702	-0.000195	-1.001838	-1.171627	-4	0.849590
5947	3.8718763784e-2	0.336491	0.81855082	0.67582039	-0.000027	-1.000376	-1.158927	-3	0.849593
5948	3.8751535661e-2	0.336782	0.81853608	0.67582369	-0.000027	-1.000376	-1.158927	-3	0.849596
5949	3.8618255818e-2	0.335630	0.81854270	0.67570366	-0.000027	-1.000376	-1.158927	-3	0.849599
5950	3.8595590924e-2	0.335440	0.81853348	0.67566254	-0.000027	-1.000376	-1.158927	-3	0.849602
5951	3.8598569602e-2	0.335472	0.81854600	0.67569057	0.000141	-0.998916	-1.146234	-2	0.849604
5952	3.8530919145e-2	0.334891	0.81854546	0.67562185	0.000141	-0.998916	-1.146234	-2	0.849607
5953	3.8680270270e-2	0.336195	0.81857053	0.67582132	-0.000027	-1.000376	-1.158924	-3	0.849610
5954	3.8760177004e-2	0.336896	0.81857675	0.67591368	-0.000195	-1.001836	-1.171613	-4	0.849613
5955	3.8621060495e-2	0.335694	0.81855321	0.67572748	-0.000363	-1.003295	-1.184299	-5	0.849616
5956	3.8652726138e-2	0.335975	0.81852378	0.67570028	-0.000363	-1.003295	-1.184299	-5	0.849619
5957	3.8740797430e-2	0.336747	0.81853023	0.67580126	-0.000531	-1.004754	-1.196983	-6	0.849622
5958	3.8931798150e-2	0.338414	0.81850558	0.67594296	-0.000531	-1.004754	-1.196983	-6	0.849625
5959	3.9289612178e-2	0.341531	0.81852108	0.67633178	-0.000363	-1.003296	-1.184303	-5	0.849628
5960	3.9179706575e-2	0.340582	0.81853532	0.67625034	-0.000363	-1.003296	-1.184303	-5	0.849631
5961	3.9189341111e-2	0.340673	0.81854558	0.67628049	-0.000195	-1.001837	-1.171626	-4	0.849634
5962	3.9301284326e-2	0.341652	0.81857071	0.67644270	-0.000363	-1.003295	-1.184301	-5	0.849637
5963	3.9459074134e-2	0.343031	0.81855216	0.67656340	-0.000195	-1.001838	-1.171627	-4	0.849639
5964	3.9452045903e-2	0.342976	0.81857209	0.67659623	-0.000195	-1.001838	-1.171627	-4	0.849642
5965	3.9348539236e-2	0.342083	0.81854747	0.67644347	-0.000028	-1.000380	-1.158957	-3	0.849645
5966	3.9322687883e-2	0.341865	0.81856244	0.67644757	-0.000195	-1.001837	-1.171626	-4	0.849648
5967	3.9419702286e-2	0.342715	0.81860679	0.67663327	-0.000195	-1.001837	-1.171626	-4	0.849651
5968	3.9954262231e-2	0.347369	0.81857081	0.67709588	-0.000195	-1.001837	-1.171626	-4	0.849654
5969	3.9545335075e-2	0.343820	0.81856619	0.67667772	-0.000028	-1.000381	-1.158962	-3	0.849657
5970	4.0111517531e-2	0.348750	0.81859579	0.67730310	0.000140	-0.998924	-1.146299	-2	0.849660
5971	3.9766345706e-2	0.345755	0.81861586	0.67699808	0.000307	-0.997468	-1.133639	-1	0.849663
5972	3.9876282506e-2	0.346718	0.81859924	0.67707476	0.000307	-0.997468	-1.133639	-1	0.849666
5973	3.9855163444e-2	0.346541	0.81860341	0.67706198	0.000140	-0.998924	-1.146296	-2	0.849668
5974	3.9702346507e-2	0.345219	0.81859955	0.67690146	-0.000027	-1.000379	-1.158952	-3	0.849671
5975	3.9584863728e-2	0.344204	0.81858696	0.67675878	-0.000027	-1.000379	-1.158952	-3	0.849674
5976	3.9494344683e-2	0.343423	0.81860315	0.67670064	-0.000027	-1.000379	-1.158952	-3	0.849677
5977	3.9718760198e-2	0.345381	0.81859594	0.67691065	0.000140	-0.998925	-1.146301	-2	0.849680
5978	3.9579524337e-2	0.344177	0.81858610	0.67675172	0.000140	-0.998925	-1.146301	-2	0.849683
5979	3.9450044385e-2	0.343058	0.81859011	0.67663027	0.000307	-0.997470	-1.133653	-1	0.849686
5980	3.9473447711e-2	0.343268	0.81860542	0.67668428	0.000307	-0.997470	-1.133653	-1	0.849689
5981	3.9284799655e-2	0.341634	0.81859022	0.67646524	0.000140	-0.998924	-1.146298	-2	0.849692
5982	3.8965454155e-2	0.338863	0.81858761	0.67614067	-0.000027	-1.000378	-1.158940	-3	0.849694
5983	3.8737993984e-2	0.336892	0.81857042	0.67587884	0.000140	-0.998924	-1.146299	-2	0.849697
5984	3.8635864038e-2	0.336010	0.81858053	0.67579692	0.000140	-0.998924	-1.146299	-2	0.849700
5985	3.8738439130e-2	0.336909	0.81857588	0.67589019	0.000140	-0.998924	-1.146299	-2	0.849703
5986	3.8659770201e-2	0.336231	0.81856539	0.67579054	-0.000027	-1.000377	-1.158936	-3	0.849706
5987	3.8518241829e-2	0.335006	0.81858263	0.67568350	-0.000194	-1.001830	-1.171570	-4	0.849709
5988	3.8324664359e-2	0.333329	0.81859355	0.67551176	-0.000194	-1.001830	-1.171570	-4	0.849712
5989	3.8070980015e-2	0.331129	0.81860081	0.67527260	-0.000027	-1.000378	-1.158939	-3	0.849715
5990	3.8433768545e-2	0.334291	0.81860213	0.67563802	-0.000194	-1.001830	-1.171569	-4	0.849718
5991	3.8568660422e-2	0.335471	0.81863355	0.67583577	-0.000027	-1.000378	-1.158940	-3	0.849720
5992	3.8486077056e-2	0.334759	0.81861450	0.67571508	-0.000027	-1.000378	-1.158940	-3	0.849723
5993	3.8427075781e-2	0.334252	0.81860471	0.67563650	0.000140	-0.998927	-1.146316	-2	0.849726
5994	3.8373168939e-2	0.333790	0.81858673	0.67554663	0.000140	-0.998927	-1.146316	-2	0.849729
5995	3.8368944706e-2	0.333759	0.81862154	0.67561203	-0.000027	-1.000378	-1.158937	-3	0.849732
5996	3.8299586857e-2	0.333162	0.81860962	0.67551883	-0.000027	-1.000378	-1.158937	-3	0.849735
5997	3.8413258355e-2	0.334157	0.81858466	0.67558258	0.000140	-0.998927	-1.146319	-2	0.849738
5998	3.8588868559e-2	0.335692	0.81857359	0.67573605	0.000306	-0.997477	-1.133702	-1	0.849741
5999	3.8476895918e-2	0.334724	0.81859513	0.67566717	0.000473	-0.996026	-1.121087	0	0.849743
6000	3.8305633089e-2	0.333240	0.81861450	0.67553464	0.000473	-0.996026	-1.121087	0	0.849746
6001	3.8299386052e-2	0.333192	0.81863722	0.67557383	0.000640	-0.994577	-1.108475	1	0.849749
6002	3.8269195898e-2	0.332936	0.81866665	0.67560249	0.000806	-0.993127	-1.095864	2	0.849752
6003	3.8467809861e-2	0.334671	0.81865065	0.67576912	0.000806	-0.993127	-1.095864	2	0.849755
6004	3.8551244351e-2	0.335403	0.81865236	0.67585596	0.000806	-0.993127	-1.095864	2	0.849758
6005	3.8339839439e-2	0.333570	0.81865117	0.67564218	0.000973	-0.991678	-1.083259	3	0.849761
6006	3.8244408872e-2	0.332746	0.81870689	0.67565820	0.000806	-0.993127	-1.095863	2	0.849763
6007	3.8233828847e-2	0.332660	0.81869336	0.67562055	0.000640	-0.994575	-1.108465	1	0.849766
6008	3.8284474836e-2	0.333107	0.81869688	0.67567824	0.000640	-0.994575	-1.108465	1	0.849769
6009	3.8241123257e-2	0.332737	0.81872345	0.67568802	0.000806	-0.993127	-1.095866	2	0.849772
6010	3.8190950576e-2	0.332306	0.81870903	0.67560901	0.000640	-0.994575	-1.108463	1	0.849775
6011	3.8239714060e-2	0.332737	0.81871892	0.67567756	0.000473	-0.996023	-1.121059	0	0.849778
6012	3.8103126423e-2	0.331555	0.81873409	0.67557130	0.000473	-0.996023	-1.121059	0	0.849780
6013	3.8379390571e-2	0.333965	0.81876657	0.67591253	0.000640	-0.994576	-1.108467	1	0.849783
6014	3.8471706081e-2	0.334775	0.81875591	0.67598353	0.000473	-0.996023	-1.121058	0	0.849786
6015	3.8569052214e-2	0.335628	0.81876290	0.67609486	0.000307	-0.997469	-1.133647	-1	0.849789
6016	3.8362798970e-2	0.333840	0.81875252	0.67586784	0.000307	-0.997469	-1.133647	-1	0.849792
6017	3.8193027706e-2	0.332369	0.81875661	0.67570624	0.000473	-0.996023	-1.121061	0	0.849795
6018	3.8205970312e-2	0.332488	0.81878315	0.67577228	0.000640	-0.994577	-1.108476	1	0.849798
6019	3.8152368818e-2	0.332028	0.81881326	0.67577889	0.000806	-0.993131	-1.095893	2	0.849800
6020	3.8106667792e-2	0.331636	0.81882491	0.67575648	0.000806	-0.993131	-1.095893	2	0.849803
6021	3.8217689157e-2	0.332609	0.81883941	0.67589651	0.000806	-0.993131	-1.095893	2	0.849806
6022	3.8094488985e-2	0.331543	0.81884124	0.67577697	0.000972	-0.991686	-1.083315	3	0.849809
6023	3.8176530829e-2	0.332263	0.81883719	0.67585091	0.001138	-0.990241	-1.070739	4	0.849812
6024	3.8127720187e-2	0.331845	0.81880464	0.67573701	0.001138	-0.990241	-1.070739	4	0.849815
6025	3.8159868947e-2	0.332131	0.81880129	0.67576245	0.001138	-0.990241	-1.070739	4	0.849817
6026	3.8258910705e-2	0.332999	0.81880171	0.67586234	0.000972	-0.991685	-1.083310	3	0.849820
6027	3.8304565253e-2	0.333403	0.81878797	0.67588050	0.000972	-0.991685	-1.083310	3	0.849823
6028	3.8554854999e-2	0.335588	0.81879512	0.67614510	0.000972	-0.991685	-1.083310	3	0.849826
6029	3.8678583394e-2	0.336671	0.81881290	0.67630438	0.000806	-0.993129	-1.095877	2	0.849829
6030	3.8632602496e-2	0.336278	0.81880489	0.67624238	0.000806	-0.993129	-1.095877	2	0.849832
6031	3.8630224623e-2	0.336263	0.81881637	0.67626296	0.000972	-0.991686	-1.083314	3	0.849834
6032	3.8657037525e-2	0.336503	0.81882097	0.67629898	0.000972	-0.991686	-1.083314	3	0.849837
6033	3.8771577623e-2	0.337507	0.81880831	0.67638820	0.001138	-0.990243	-1.070753	4	0.849840
6034	3.8753300136e-2	0.337354	0.81877339	0.67630009	0.000972	-0.991685	-1.083312	3	0.849843
6035	3.8880115790e-2	0.338464	0.81879491	0.67646994	0.000806	-0.993128	-1.095869	2	0.849846
6036	3.8717218210e-2	0.337053	0.81881873	0.67635467	0.000806	-0.993128	-1.095869	2	0.849848
6037	3.9105748147e-2	0.340441	0.81883122	0.67676818	0.000640	-0.994570	-1.108423	1	0.849851
6038	3.9028788043e-2	0.339778	0.81884059	0.67670996	0.000806	-0.993128	-1.095871	2	0.849854
6039	3.9257129479e-2	0.341772	0.81882924	0.67691561	0.000806	-0.993128	-1.095871	2	0.849857
6040	3.8983882287e-2	0.339400	0.81884431	0.67667251	0.000806	-0.993128	-1.095871	2	0.849860
6041	3.9142148525e-2	0.340784	0.81884051	0.67682317	0.000972	-0.991687	-1.083323	3	0.849863
6042	3.9600392188e-2	0.344780	0.81885666	0.67731372	0.001137	-0.990246	-1.070777	4	0.849865
6043	3.9268883058e-2	0.341901	0.81883942	0.67694773	0.000972	-0.991687	-1.083322	3	0.849868
6044	3.9441917600e-2	0.343414	0.81885169	0.67714530	0.000972	-0.991687	-1.083322	3	0.849871
6045	3.9526358632e-2	0.344155	0.81885942	0.67724520	0.001137	-0.990246	-1.070781	4	0.849874
6046	3.9455707438e-2	0.343547	0.81886712	0.67718994	0.001302	-0.988806	-1.058241	5	0.849877
6047	3.9458513540e-2	0.343578	0.81886130	0.67718111	0.001137	-0.990246	-1.070779	4	0.849879
6048	3.9598781706e-2	0.344806	0.81887041	0.67733959	0.001137	-0.990246	-1.070779	4	0.849882
6049	3.9919245967e-2	0.347603	0.81884954	0.67761832	0.001302	-0.988807	-1.058244	5	0.849885
6050	3.9799806554e-2	0.346569	0.81884466	0.67748912	0.001302	-0.988807	-1.058244	5	0.849888
6051	3.9669241491e-2	0.345439	0.81884928	0.67736781	0.001468	-0.987368	-1.045712	6	0.849891
6052	3.9506193508e-2	0.344026	0.81882617	0.67715854	0.001468	-0.987368	-1.045712	6	0.849894
6053	4.0016302850e-2	0.348474	0.81885496	0.67772623	0.001302	-0.988806	-1.058241	5	0.849896
6054	3.9541592455e-2	0.344347	0.81888031	0.67730222	0.001137	-0.990245	-1.070768	4	0.849899
6055	3.9227849499e-2	0.341621	0.81890262	0.67703310	0.000972	-0.991683	-1.083293	3	0.849902
6056	3.9306021768e-2	0.342308	0.81890857	0.67712315	0.000972	-0.991683	-1.083293	3	0.849905
6057	3.9409706302e-2	0.343218	0.81889612	0.67720195	0.000972	-0.991683	-1.083293	3	0.849908
6058	3.9204022682e-2	0.341433	0.81890085	0.67700572	0.000807	-0.993121	-1.095813	2	0.849910
6059	3.9442239710e-2	0.343514	0.81891283	0.67726791	0.000972	-0.991683	-1.083295	3	0.849913
6060	3.9196192537e-2	0.341378	0.81889579	0.67698778	0.000972	-0.991683	-1.083295	3	0.849916
6061	3.8875623264e-2	0.338592	0.81890189	0.67667941	0.000807	-0.993120	-1.095810	2	0.849919
6062	3.8876677839e-2	0.338608	0.81890412	0.67668492	0.000642	-0.994557	-1.108324	1	0.849922
6063	3.8838866335e-2	0.338285	0.81890145	0.67664177	0.000477	-0.995994	-1.120837	0	0.849924
6064	3.8800095822e-2	0.337954	0.81891310	0.67662630	0.000477	-0.995994	-1.120837	0	0.849927
6065	3.8833591173e-2	0.338252	0.81889265	0.67661889	0.000642	-0.994557	-1.108328	1	0.849930
6066	3.8832265721e-2	0.338247	0.81887186	0.67657599	0.000642	-0.994557	-1.108328	1	0.849933
6067	3.8979063943e-2	0.339532	0.81886935	0.67671776	0.000477	-0.995993	-1.120834	0	0.849936
6068	3.8662321422e-2	0.336779	0.81885703	0.67637638	0.000477	-0.995993	-1.120834	0	0.849938
6069	3.8794850008e-2	0.337940	0.81887703	0.67654891	0.000477	-0.995993	-1.120834	0	0.849941
6070	3.8706800183e-2	0.337179	0.81890732	0.67652144	0.000313	-0.997428	-1.133335	-1	0.849944
6071	3.8910177346e-2	0.338957	0.81889731	0.67670480	0.000477	-0.995993	-1.120835	0	0.849947
6072	3.9074286730e-2	0.340393	0.81888523	0.67684476	0.000477	-0.995993	-1.120835	0	0.849950
6073	3.9190855792e-2	0.341415	0.81889898	0.67698882	0.000313	-0.997428	-1.133332	-1	0.849953
6074	3.8950587584e-2	0.339329	0.81888437	0.67671933	0.000477	-0.995994	-1.120837	0	0.849955
6075	3.8879316835e-2	0.338714	0.81890037	0.67668006	0.000477	-0.995994	-1.120837	0	0.849958
6076	3.9011358397e-2	0.339871	0.81890655	0.67682445	0.000477	-0.995994	-1.120837	0	0.849961
6077	3.9061852128e-2	0.340317	0.81888956	0.67684097	0.000642	-0.994560	-1.108347	1	0.849964
6078	3.8973339430e-2	0.339553	0.81888781	0.67674895	0.000477	-0.995993	-1.120835	0	0.849967
6079	3.8921754524e-2	0.339110	0.81890511	0.67673197	0.000313	-0.997427	-1.133322	-1	0.849969
6080	3.9200520174e-2	0.341545	0.81891565	0.67703182	0.000313	-0.997427	-1.133322	-1	0.849972
6081	3.9216166561e-2	0.341687	0.81893357	0.67708331	0.000477	-0.995994	-1.120838	0	0.849975
6082	3.9216673599e-2	0.341698	0.81893981	0.67709630	0.000642	-0.994561	-1.108356	1	0.849978
6083	3.8966191941e-2	0.339522	0.81893861	0.67684341	0.000477	-0.995994	-1.120837	0	0.849981
6084	3.8997670312e-2	0.339803	0.81894799	0.67689365	0.000477	-0.995994	-1.120837	0	0.849984
6085	3.9050761709e-2	0.340272	0.81892762	0.67690600	0.000642	-0.994562	-1.108359	1	0.849986
6086	3.9040860708e-2	0.340192	0.81893833	0.67691752	0.000477	-0.995993	-1.120835	0	0.849989
6087	3.9143261719e-2	0.341091	0.81895088	0.67704502	0.000642	-0.994562	-1.108361	1	0.849992
6088	3.9150808656e-2	0.341163	0.81895476	0.67706033	0.000642	-0.994562	-1.108361	1	0.849995
6089	3.9072175987e-2	0.340484	0.81897768	0.67702755	0.000477	-0.995993	-1.120832	0	0.849998
6090	3.8877484911e-2	0.338794	0.81899439	0.67686626	0.000313	-0.997424	-1.133302	-1	0.850000
6091	3.8953392350e-2	0.339462	0.81900690	0.67696720	0.000149	-0.998855	-1.145770	-2	0.850003
6092	3.8790091320e-2	0.338045	0.81898956	0.67676921	0.000149	-0.998855	-1.145770	-2	0.850006
6093	3.8894182169e-2	0.338959	0.81898900	0.67687219	0.000149	-0.998855	-1.145770	-2	0.850009
6094	3.8988578460e-2	0.339788	0.81898528	0.67695914	-0.000015	-1.000285	-1.158234	-3	0.850012
6095	3.8898506044e-2	0.339009	0.81899128	0.67688107	-0.000179	-1.001715	-1.170695	-4	0.850014
6096	3.8585749681e-2	0.336290	0.81897253	0.67653081	-0.000179	-1.001715	-1.170695	-4	0.850017
6097	3.8550031508e-2	0.335985	0.81898630	0.67652262	-0.000343	-1.003144	-1.183154	-5	0.850020
6098	3.8400815844e-2	0.334691	0.81897494	0.67635070	-0.000179	-1.001715	-1.170697	-4	0.850023
6099	3.8439142015e-2	0.335031	0.81897547	0.67639008	-0.000343	-1.003144	-1.183153	-5	0.850026
6100	3.8381169580e-2	0.334532	0.81898157	0.67634431	-0.000343	-1.003144	-1.183153	-5	0.850029
6101	3.8485343137e-2	0.335446	0.81899600	0.67647734	-0.000507	-1.004572	-1.195605	-6	0.850031
6102	3.8442186695e-2	0.335076	0.81897090	0.67638398	-0.000507	-1.004572	-1.195605	-6	0.850034
6103	3.8632581599e-2	0.336742	0.81894114	0.67651486	-0.000343	-1.003144	-1.183156	-5	0.850037
6104	3.8534129372e-2	0.335890	0.81894674	0.67642761	-0.000343	-1.003144	-1.183156	-5	0.850040
6105	3.8673181931e-2	0.337109	0.81896681	0.67660681	-0.000180	-1.001716	-1.170710	-4	0.850043
6106	3.8701552872e-2	0.337362	0.81896462	0.67663078	-0.000343	-1.003144	-1.183154	-5	0.850046
6107	3.8432662537e-2	0.335025	0.81897422	0.67638111	-0.000180	-1.001717	-1.170711	-4	0.850048
6108	3.8409736844e-2	0.334831	0.81895872	0.67632717	-0.000180	-1.001717	-1.170711	-4	0.850051
6109	3.8430041499e-2	0.335015	0.81892360	0.67627725	-0.000016	-1.000290	-1.158271	-3	0.850054
6110	3.8222461929e-2	0.333211	0.81893966	0.67610179	0.000148	-0.998863	-1.145833	-2	0.850057
6111	3.8365958216e-2	0.334469	0.81894894	0.67626384	0.000148	-0.998863	-1.145833	-2	0.850060
6112	3.8391988796e-2	0.334702	0.81895055	0.67629308	0.000148	-0.998863	-1.145833	-2	0.850063
6113	3.8436009681e-2	0.335092	0.81897277	0.67638155	-0.000016	-1.000289	-1.158267	-3	0.850065
6114	3.8506392863e-2	0.335712	0.81897970	0.67646579	-0.000179	-1.001715	-1.170699	-4	0.850068
6115	3.8332374642e-2	0.334201	0.81896747	0.67626732	-0.000016	-1.000289	-1.158268	-3	0.850071
6116	3.8405728174e-2	0.334847	0.81895041	0.67630655	-0.000016	-1.000289	-1.158268	-3	0.850074
6117	3.8397291808e-2	0.334779	0.81898704	0.67637138	0.000148	-0.998864	-1.145841	-2	0.850077
6118	3.8794602811e-2	0.338250	0.81901139	0.67681738	0.000311	-0.997439	-1.133415	-1	0.850079
6119	3.8741286706e-2	0.337791	0.81901476	0.67677081	0.000475	-0.996014	-1.120991	0	0.850082
6120	3.8725347683e-2	0.337659	0.81902600	0.67677734	0.000475	-0.996014	-1.120991	0	0.850085
6121	3.8553566310e-2	0.336167	0.81905717	0.67666791	0.000311	-0.997438	-1.133412	-1	0.850088
6122	3.8479292619e-2	0.335526	0.81906036	0.67660002	0.000475	-0.996014	-1.120992	0	0.850091
6123	3.8829337550e-2	0.338584	0.81905540	0.67694015	0.000311	-0.997438	-1.133410	-1	0.850093
6124	3.8613409438e-2	0.336708	0.81904555	0.67670451	0.000311	-0.997438	-1.133410	-1	0.850096
6125	3.8624554832e-2	0.336811	0.81906160	0.67674776	0.000311	-0.997438	-1.133410	-1	0.850099
6126	3.8688832836e-2	0.337378	0.81907344	0.67683571	0.000148	-0.998862	-1.145824	-2	0.850102
6127	3.8645241340e-2	0.337004	0.81908540	0.67681604	0.000311	-0.997438	-1.133412	-1	0.850105
6128	3.8538264464e-2	0.336078	0.81906461	0.67666749	0.000311	-0.997438	-1.133412	-1	0.850107
6129	3.8444637837e-2	0.335267	0.81907067	0.67658597	0.000311	-0.997438	-1.133412	-1	0.850110
6130	3.8452310105e-2	0.335341	0.81904300	0.67653831	0.000148	-0.998861	-1.145819	-2	0.850113
6131	3.8341571934e-2	0.334381	0.81904361	0.67642880	-0.000015	-1.000283	-1.158224	-3	0.850116
6132	3.8423356789e-2	0.335101	0.81906802	0.67655939	-0.000015	-1.000283	-1.158224	-3	0.850119
6133	3.8424606351e-2	0.335118	0.81906945	0.67656350	-0.000178	-1.001706	-1.170627	-4	0.850121
6134	3.8255589613e-2	0.333650	0.81907971	0.67641501	-0.000015	-1.000284	-1.158226	-3	0.850124
6135	3.8384850915e-2	0.334784	0.81911705	0.67661895	-0.000178	-1.001705	-1.170625	-4	0.850127
6136	3.8412858928e-2	0.335034	0.81912312	0.67665910	-0.000178	-1.001705	-1.170625	-4	0.850130
6137	3.8634524329e-2	0.336974	0.81913996	0.67691444	-0.000178	-1.001705	-1.170625	-4	0.850133
6138	3.8683573366e-2	0.337408	0.81916351	0.67701059	-0.000178	-1.001705	-1.170625	-4	0.850135
6139	3.8675504256e-2	0.337344	0.81915422	0.67698395	-0.000015	-1.000284	-1.158232	-3	0.850138
6140	3.8560287533e-2	0.336345	0.81914692	0.67685412	-0.000015	-1.000284	-1.158232	-3	0.850141
6141	3.8768917070e-2	0.338171	0.81913091	0.67703073	-0.000178	-1.001705	-1.170622	-4	0.850144
6142	3.8973151397e-2	0.339959	0.81914127	0.67725568	-0.000341	-1.003125	-1.183010	-5	0.850147
6143	3.9050520703e-2	0.340640	0.81914796	0.67734644	-0.000504	-1.004545	-1.195397	-6	0.850149
6144	3.8948022118e-2	0.339753	0.81915168	0.67725139	-0.000504	-1.004545	-1.195397	-6	0.850152
6145	3.8948326962e-2	0.339762	0.81911379	0.67717592	-0.000341	-1.003126	-1.183013	-5	0.850155
6146	3.8948179448e-2	0.339767	0.81913352	0.67721522	-0.000504	-1.004545	-1.195396	-6	0.850158
6147	3.8979071478e-2	0.340042	0.81911062	0.67720030	-0.000504	-1.004545	-1.195396	-6	0.850161
6148	3.8948693251e-2	0.339784	0.81909995	0.67714860	-0.000504	-1.004545	-1.195396	-6	0.850163
6149	3.9279608227e-2	0.342677	0.81910927	0.67749816	-0.000666	-1.005964	-1.207773	-7	0.850166
6150	3.9504107628e-2	0.344642	0.81910197	0.67770804	-0.000666	-1.005964	-1.207773	-7	0.850169
6151	3.9704440230e-2	0.346396	0.81908995	0.67788435	-0.000829	-1.007382	-1.220147	-8	0.850172
6152	3.9799489920e-2	0.347232	0.81908562	0.67797073	-0.000829	-1.007382	-1.220147	-8	0.850175
6153	3.9866180612e-2	0.347820	0.81910011	0.67806640	-0.000991	-1.008800	-1.232519	-9	0.850178
6154	3.9466008083e-2	0.344335	0.81909033	0.67764667	-0.001154	-1.010218	-1.244888	-10	0.850180
6155	3.9027275829e-2	0.340514	0.81909689	0.67722105	-0.000991	-1.008800	-1.232520	-9	0.850183
6156	3.9075824283e-2	0.340944	0.81911784	0.67731151	-0.000991	-1.008800	-1.232520	-9	0.850186
6157	3.9206270044e-2	0.342088	0.81912405	0.67745437	-0.000829	-1.007383	-1.220155	-8	0.850189
6158	3.9109129301e-2	0.341247	0.81910146	0.67731205	-0.000667	-1.005966	-1.207792	-7	0.850192
6159	3.9097904427e-2	0.341155	0.81910444	0.67730679	-0.000504	-1.004549	-1.195430	-6	0.850195
6160	3.9467134141e-2	0.344384	0.81909058	0.67764830	-0.000504	-1.004549	-1.195430	-6	0.850197
6161	3.9390738918e-2	0.343723	0.81907807	0.67754687	-0.000342	-1.003133	-1.183071	-5	0.850200
6162	3.9433320502e-2	0.344101	0.81912487	0.67768307	-0.000180	-1.001717	-1.170713	-4	0.850203
6163	3.9703328236e-2	0.346464	0.81914051	0.67798435	-0.000342	-1.003133	-1.183069	-5	0.850206
6164	3.9683417297e-2	0.346297	0.81914775	0.67797891	-0.000342	-1.003133	-1.183069	-5	0.850209
6165	3.9315838700e-2	0.343095	0.81917238	0.67766060	-0.000342	-1.003133	-1.183069	-5	0.850211
6166	3.9105445806e-2	0.341266	0.81919130	0.67748804	-0.000180	-1.001718	-1.170718	-4	0.850214
6167	3.9099171616e-2	0.341217	0.81917338	0.67744594	-0.000017	-1.000302	-1.158369	-3	0.850217
6168	3.9064355839e-2	0.340920	0.81916965	0.67740365	-0.000017	-1.000302	-1.158369	-3	0.850220
6169	3.9031934629e-2	0.340643	0.81918537	0.67740268	0.000145	-0.998888	-1.146022	-2	0.850222
6170	3.9211827629e-2	0.342219	0.81919315	0.67759812	-0.000017	-1.000302	-1.158367	-3	0.850225
6171	3.9298910631e-2	0.342986	0.81918422	0.67766735	-0.000017	-1.000302	-1.158367	-3	0.850228
6172	3.9310936323e-2	0.343097	0.81919589	0.67770272	-0.000017	-1.000302	-1.158367	-3	0.850231
6173	3.9181623260e-2	0.341975	0.81919409	0.67756980	-0.000179	-1.001716	-1.170707	-4	0.850234
6174	3.9074856789e-2	0.341049	0.81918379	0.67744244	-0.000179	-1.001716	-1.170707	-4	0.850236
6175	3.9375737944e-2	0.343682	0.81919824	0.67777222	-0.000179	-1.001716	-1.170707	-4	0.850239
6176	3.9348535434e-2	0.343451	0.81919174	0.67773202	-0.000179	-1.001716	-1.170707	-4	0.850242
6177	3.9538115783e-2	0.345112	0.81917727	0.67789265	-0.000341	-1.003129	-1.183042	-5	0.850245
6178	3.9649203507e-2	0.346088	0.81920001	0.67804922	-0.000179	-1.001716	-1.170709	-4	0.850248
6179	3.9572508426e-2	0.345425	0.81917364	0.67791979	-0.000018	-1.000304	-1.158378	-3	0.850250
6180	3.9909921659e-2	0.348377	0.81918036	0.67827063	-0.000018	-1.000304	-1.158378	-3	0.850253
6181	3.9673204997e-2	0.346317	0.81919725	0.67806770	0.000144	-0.998891	-1.146050	-2	0.850256
6182	3.9815400711e-2	0.347564	0.81921085	0.67823711	-0.000018	-1.000303	-1.158376	-3	0.850259
6183	4.0003057243e-2	0.349209	0.81919677	0.67839660	-0.000018	-1.000303	-1.158376	-3	0.850261
6184	3.9811643489e-2	0.347545	0.81919673	0.67820511	-0.000018	-1.000303	-1.158376	-3	0.850264
6185	3.9708314630e-2	0.346649	0.81918256	0.67807344	0.000144	-0.998892	-1.146054	-2	0.850267
6186	3.9601879923e-2	0.345726	0.81917246	0.67794680	-0.000018	-1.000303	-1.158375	-3	0.850270
6187	3.9447995846e-2	0.344389	0.81917503	0.67779806	0.000144	-0.998892	-1.146056	-2	0.850272
6188	3.9385156381e-2	0.343847	0.81917855	0.67774225	0.000144	-0.998892	-1.146056	-2	0.850275
6189	3.9415305354e-2	0.344116	0.81919543	0.67780617	0.000306	-0.997482	-1.133740	-1	0.850278
6190	3.9229200496e-2	0.342498	0.81922181	0.67767282	0.000144	-0.998892	-1.146054	-2	0.850281
6191	3.9167428377e-2	0.341965	0.81921597	0.67759938	0.000306	-0.997482	-1.133742	-1	0.850284
6192	3.9342802745e-2	0.343503	0.81921664	0.67777608	0.000306	-0.997482	-1.133742	-1	0.850286
6193	3.9326060343e-2	0.343363	0.81920591	0.67773789	0.000467	-0.996072	-1.121432	0	0.850289
6194	3.9415604849e-2	0.344151	0.81918259	0.67778078	0.000306	-0.997482	-1.133740	-1	0.850292
6195	3.9611716212e-2	0.345870	0.81918089	0.67797350	0.000467	-0.996072	-1.121434	0	0.850295
6196	3.9529276688e-2	0.345156	0.81918603	0.67790134	0.000467	-0.996072	-1.121434	0	0.850297
6197	3.9324072459e-2	0.343371	0.81920713	0.67773833	0.000306	-0.997481	-1.133737	-1	0.850300
6198	3.9237528864e-2	0.342621	0.81923341	0.67770435	0.000144	-0.998890	-1.146039	-2	0.850303
6199	3.9301284466e-2	0.343184	0.81925125	0.67780378	-0.000017	-1.000299	-1.158339	-3	0.850306
6200	3.9287846887e-2	0.343073	0.81924796	0.67778377	-0.000017	-1.000299	-1.158339	-3	0.850308
6201	3.9087002883e-2	0.341326	0.81926670	0.67762040	-0.000017	-1.000299	-1.158339	-3	0.850311
6202	3.9198798215e-2	0.342308	0.81925042	0.67769963	-0.000178	-1.001707	-1.170635	-4	0.850314
6203	3.9179804834e-2	0.342149	0.81923822	0.67765625	-0.000339	-1.003114	-1.182930	-5	0.850317
6204	3.9173881640e-2	0.342104	0.81923874	0.67765137	-0.000339	-1.003114	-1.182930	-5	0.850319
6205	3.9280986035e-2	0.343045	0.81922477	0.67773052	-0.000501	-1.004522	-1.195221	-6	0.850322
6206	3.9265116745e-2	0.342913	0.81924363	0.67775237	-0.000662	-1.005929	-1.207511	-7	0.850325
6207	3.9487238637e-2	0.344859	0.81926433	0.67801590	-0.000501	-1.004522	-1.195222	-6	0.850328
6208	3.9308594145e-2	0.343305	0.81926637	0.67784133	-0.000501	-1.004522	-1.195222	-6	0.850331
6209	3.9356595894e-2	0.343731	0.81925892	0.67787443	-0.000340	-1.003115	-1.182937	-5	0.850333
6210	3.9127711628e-2	0.341738	0.81925778	0.67764327	-0.000340	-1.003115	-1.182937	-5	0.850336
6211	3.9097987001e-2	0.341485	0.81926608	0.67763014	-0.000501	-1.004522	-1.195219	-6	0.850339
6212	3.8928982884e-2	0.340015	0.81926929	0.67746756	-0.000501	-1.004522	-1.195219	-6	0.850342
6213	3.8957939341e-2	0.340274	0.81929563	0.67754920	-0.000662	-1.005928	-1.207498	-7	0.850344
6214	3.9206825257e-2	0.342454	0.81929682	0.67780047	-0.000822	-1.007333	-1.219776	-8	0.850347
6215	3.9073605918e-2	0.341297	0.81930715	0.67768791	-0.000983	-1.008739	-1.232052	-9	0.850350
6216	3.8954202489e-2	0.340260	0.81931902	0.67759224	-0.000983	-1.008739	-1.232052	-9	0.850353
6217	3.8791424623e-2	0.338845	0.81933963	0.67747068	-0.001144	-1.010144	-1.244325	-10	0.850356
6218	3.8912405887e-2	0.339908	0.81932790	0.67756821	-0.000983	-1.008739	-1.232053	-9	0.850358
6219	3.9146490996e-2	0.341959	0.81932322	0.67779293	-0.000983	-1.008739	-1.232053	-9	0.850361
6220	3.9434545840e-2	0.344481	0.81933571	0.67810597	-0.000983	-1.008739	-1.232053	-9	0.850364
6221	3.9338945361e-2	0.343653	0.81933487	0.67800868	-0.001144	-1.010143	-1.244320	-10	0.850367
6222	3.9297676919e-2	0.343298	0.81934311	0.67798389	-0.000983	-1.008739	-1.232055	-9	0.850370
6223	3.9355946370e-2	0.343814	0.81936006	0.67807606	-0.000983	-1.008739	-1.232055	-9	0.850372
6224	3.9221808035e-2	0.342648	0.81934777	0.67791736	-0.000983	-1.008739	-1.232055	-9	0.850375
6225	3.9055235166e-2	0.341199	0.81932551	0.67770626	-0.000983	-1.008739	-1.232055	-9	0.850378
6226	3.8784203848e-2	0.338838	0.81929898	0.67738217	-0.001144	-1.010142	-1.244314	-10	0.850381
6227	3.8713607911e-2	0.338227	0.81930566	0.67732494	-0.000983	-1.008739	-1.232056	-9	0.850383
6228	3.8690189115e-2	0.338029	0.81930140	0.67729298	-0.000983	-1.008739	-1.232056	-9	0.850386
6229	3.8633287145e-2	0.337538	0.81932060	0.67727449	-0.001144	-1.010142	-1.244311	-10	0.850389
6230	3.8677627406e-2	0.337932	0.81932511	0.67732784	-0.000983	-1.008739	-1.232058	-9	0.850392
6231	3.8643855402e-2	0.337643	0.81932480	0.67729346	-0.001144	-1.010142	-1.244310	-10	0.850395
6232	3.8671707499e-2	0.337892	0.81931061	0.67729292	-0.001144	-1.010142	-1.244310	-10	0.850397
6233	3.8511413110e-2	0.336498	0.81930847	0.67712835	-0.000984	-1.008740	-1.232061	-9	0.850400
6234	3.8669877583e-2	0.337889	0.81932471	0.67731929	-0.001144	-1.010141	-1.244308	-10	0.850403
6235	3.8733406078e-2	0.338450	0.81934097	0.67741534	-0.001304	-1.011543	-1.256554	-11	0.850406
6236	3.8559128908e-2	0.336933	0.81934071	0.67724056	-0.001304	-1.011543	-1.256554	-11	0.850409
6237	3.8517333947e-2	0.336574	0.81934677	0.67721087	-0.001304	-1.011543	-1.256554	-11	0.850411
6238	3.8562951856e-2	0.336979	0.81936872	0.67730039	-0.001144	-1.010142	-1.244313	-10	0.850414
6239	3.8641580202e-2	0.337672	0.81936453	0.67737064	-0.000984	-1.008741	-1.232073	-9	0.850417
6240	3.8624516439e-2	0.337529	0.81935078	0.67732607	-0.000984	-1.008741	-1.232073	-9	0.850420
6241	3.8474512709e-2	0.336225	0.81932999	0.67713450	-0.000984	-1.008741	-1.232073	-9	0.850423
6242	3.8373229417e-2	0.335346	0.81933644	0.67704611	-0.000824	-1.007341	-1.219838	-8	0.850425
6243	3.8408563843e-2	0.335661	0.81930992	0.67702839	-0.000663	-1.005941	-1.207605	-7	0.850428
6244	3.8123279595e-2	0.333174	0.81931626	0.67675580	-0.000663	-1.005941	-1.207605	-7	0.850431
6245	3.8057563841e-2	0.332605	0.81931820	0.67669397	-0.000503	-1.004542	-1.195374	-6	0.850434
6246	3.8195482247e-2	0.333817	0.81935591	0.67690730	-0.000503	-1.004542	-1.195374	-6	0.850436
6247	3.8142949064e-2	0.333364	0.81937891	0.67690076	-0.000663	-1.005941	-1.207602	-7	0.850439
6248	3.8160817201e-2	0.333526	0.81938288	0.67692658	-0.000663	-1.005941	-1.207602	-7	0.850442
6249	3.8216666234e-2	0.334020	0.81935753	0.67693172	-0.000503	-1.004542	-1.195377	-6	0.850445
6250	3.8153976888e-2	0.333479	0.81933941	0.67683281	-0.000503	-1.004542	-1.195377	-6	0.850447
6251	3.8365473345e-2	0.335333	0.81934727	0.67706001	-0.000663	-1.005941	-1.207599	-7	0.850450
6252	3.8261397479e-2	0.334430	0.81936724	0.67699587	-0.000663	-1.005941	-1.207599	-7	0.850453
6253	3.8090507072e-2	0.332942	0.81936803	0.67682657	-0.000663	-1.005941	-1.207599	-7	0.850456
6254	3.7963931609e-2	0.331842	0.81939132	0.67674658	-0.000823	-1.007338	-1.219815	-8	0.850458
6255	3.7952354546e-2	0.331747	0.81938042	0.67671320	-0.000823	-1.007338	-1.219815	-8	0.850461
6256	3.8051790776e-2	0.332622	0.81939610	0.67684399	-0.000823	-1.007338	-1.219815	-8	0.850464
6257	3.8069100729e-2	0.332779	0.81936405	0.67679721	-0.000983	-1.008735	-1.232028	-9	0.850467
6258	3.8188668127e-2	0.333831	0.81939536	0.67697940	-0.000823	-1.007339	-1.219817	-8	0.850469
6259	3.8170971463e-2	0.333682	0.81939091	0.67695278	-0.000663	-1.005942	-1.207608	-7	0.850472
6260	3.8095118151e-2	0.333025	0.81939600	0.67688711	-0.000663	-1.005942	-1.207608	-7	0.850475
6261	3.8005484703e-2	0.332248	0.81937726	0.67676000	-0.000504	-1.004546	-1.195401	-6	0.850478
6262	3.8102891797e-2	0.333105	0.81937288	0.67684865	-0.000663	-1.005942	-1.207606	-7	0.850481
6263	3.8135200454e-2	0.333394	0.81935328	0.67684176	-0.000823	-1.007338	-1.219809	-8	0.850483
6264	3.8123850886e-2	0.333301	0.81935198	0.67682782	-0.000823	-1.007338	-1.219809	-8	0.850486
6265	3.8262466018e-2	0.334519	0.81937262	0.67700770	-0.000983	-1.008733	-1.232010	-9	0.850489
6266	3.8267834991e-2	0.334572	0.81936992	0.67700767	-0.001142	-1.010128	-1.244209	-10	0.850492
6267	3.8393167276e-2	0.335673	0.81934677	0.67708671	-0.000983	-1.008733	-1.232011	-9	0.850494
6268	3.8406055679e-2	0.335792	0.81938066	0.67716737	-0.000983	-1.008733	-1.232011	-9	0.850497
6269	3.8264604763e-2	0.334562	0.81938161	0.67702783	-0.001142	-1.010128	-1.244206	-10	0.850500
6270	3.8481446889e-2	0.336464	0.81937111	0.67722367	-0.001302	-1.011522	-1.256399	-11	0.850503
6271	3.8165016393e-2	0.333703	0.81937012	0.67690526	-0.001461	-1.012917	-1.268590	-12	0.850505
6272	3.8167839507e-2	0.333734	0.81939588	0.67695960	-0.001461	-1.012917	-1.268590	-12	0.850508
6273	3.8185021800e-2	0.333890	0.81938431	0.67695364	-0.001461	-1.012917	-1.268590	-12	0.850511
6274	3.8154102539e-2	0.333626	0.81942119	0.67699649	-0.001302	-1.011523	-1.256403	-11	0.850514
6275	3.8022123507e-2	0.332478	0.81942164	0.67686540	-0.001302	-1.011523	-1.256403	-11	0.850517
6276	3.8004605590e-2	0.332331	0.81943205	0.67686871	-0.001302	-1.011523	-1.256403	-11	0.850519
6277	3.7889883254e-2	0.331334	0.81943722	0.67676432	-0.001461	-1.012916	-1.268585	-12	0.850522
6278	3.7952908995e-2	0.331891	0.81944584	0.67684460	-0.001620	-1.014309	-1.280766	-13	0.850525
6279	3.8103388068e-2	0.333213	0.81943736	0.67697812	-0.001461	-1.012916	-1.268587	-12	0.850528
6280	3.8133593766e-2	0.333483	0.81945171	0.67703702	-0.001461	-1.012916	-1.268587	-12	0.850530
6281	3.8046967815e-2	0.332732	0.81946254	0.67697204	-0.001302	-1.011524	-1.256411	-11	0.850533
6282	3.8324594907e-2	0.335166	0.81948880	0.67730219	-0.001302	-1.011524	-1.256411	-11	0.850536
6283	3.8465924684e-2	0.336408	0.81947599	0.67741790	-0.001143	-1.010132	-1.244237	-10	0.850539
6284	3.8541254294e-2	0.337073	0.81947063	0.67748251	-0.001143	-1.010132	-1.244237	-10	0.850541
6285	3.8498478654e-2	0.336705	0.81947576	0.67745000	-0.001302	-1.011524	-1.256408	-11	0.850544
6286	3.8571086694e-2	0.337346	0.81944746	0.67746601	-0.001461	-1.012915	-1.268577	-12	0.850547
6287	3.8439498969e-2	0.336201	0.81945437	0.67734825	-0.001620	-1.014306	-1.280744	-13	0.850550
6288	3.8450435406e-2	0.336303	0.81944024	0.67733092	-0.001620	-1.014306	-1.280744	-13	0.850553
6289	3.8359121821e-2	0.335510	0.81944724	0.67725360	-0.001461	-1.012915	-1.268579	-12	0.850555
6290	3.8359340901e-2	0.335518	0.81945766	0.67727466	-0.001302	-1.011525	-1.256417	-11	0.850558
6291	3.8336969451e-2	0.335329	0.81946737	0.67727172	-0.001302	-1.011525	-1.256417	-11	0.850561
6292	3.8349350161e-2	0.335443	0.81946059	0.67727053	-0.001302	-1.011525	-1.256417	-11	0.850564
6293	3.8417010453e-2	0.336041	0.81948245	0.67738192	-0.001461	-1.012915	-1.268575	-12	0.850566
6294	3.8420001792e-2	0.336073	0.81948109	0.67738218	-0.001620	-1.014305	-1.280732	-13	0.850569
6295	3.8388995498e-2	0.335808	0.81949845	0.67738589	-0.001461	-1.012915	-1.268577	-12	0.850572
6296	3.8215222861e-2	0.334294	0.81948911	0.67719345	-0.001461	-1.012915	-1.268577	-12	0.850575
6297	3.8350380975e-2	0.335483	0.81948486	0.67732010	-0.001302	-1.011526	-1.256424	-11	0.850577
6298	3.8564657260e-2	0.337363	0.81948589	0.67753644	-0.001461	-1.012915	-1.268575	-12	0.850580
6299	3.8533182492e-2	0.337094	0.81948991	0.67751301	-0.001620	-1.014304	-1.280725	-13	0.850583
6300	3.8522490026e-2	0.337006	0.81948673	0.67749596	-0.001620	-1.014304	-1.280725	-13	0.850586
6301	3.8588194374e-2	0.337587	0.81949522	0.67757864	-0.001778	-1.015692	-1.292871	-14	0.850588
6302	3.8423141936e-2	0.336150	0.81950392	0.67743098	-0.001937	-1.017080	-1.305016	-15	0.850591
6303	3.8510525333e-2	0.336920	0.81948238	0.67747528	-0.002096	-1.018468	-1.317160	-16	0.850594
6304	3.8545525290e-2	0.337232	0.81948137	0.67750827	-0.002096	-1.018468	-1.317160	-16	0.850597
6305	3.8597364170e-2	0.337692	0.81950259	0.67760254	-0.002254	-1.019856	-1.329301	-17	0.850600
6306	3.8694176760e-2	0.338545	0.81952020	0.67773457	-0.002413	-1.021243	-1.341440	-18	0.850602
6307	3.8773330692e-2	0.339244	0.81954502	0.67786336	-0.002571	-1.022631	-1.353577	-19	0.850605
6308	3.8886988873e-2	0.340245	0.81952674	0.67794046	-0.002571	-1.022631	-1.353577	-19	0.850608
6309	3.8812427686e-2	0.339598	0.81955618	0.67792478	-0.002571	-1.022631	-1.353577	-19	0.850611
6310	3.9048847329e-2	0.341673	0.81956696	0.67818277	-0.002730	-1.024017	-1.365711	-20	0.850614
6311	3.8711483362e-2	0.338727	0.81957027	0.67785202	-0.002888	-1.025404	-1.377842	-21	0.850616
6312	3.8760459885e-2	0.339162	0.81959732	0.67795511	-0.002888	-1.025404	-1.377842	-21	0.850619
6313	3.8807625046e-2	0.339581	0.81957458	0.67795679	-0.002730	-1.024018	-1.365714	-20	0.850622
6314	3.8931673515e-2	0.340673	0.81961151	0.67815469	-0.002572	-1.022632	-1.353586	-19	0.850625
6315	3.9008343591e-2	0.341350	0.81961215	0.67823265	-0.002730	-1.024018	-1.365712	-20	0.850628
6316	3.8814418336e-2	0.339659	0.81962048	0.67805538	-0.002730	-1.024018	-1.365712	-20	0.850630
6317	3.8821108103e-2	0.339724	0.81962240	0.67806591	-0.002888	-1.025403	-1.377835	-21	0.850633
6318	3.8798933273e-2	0.339536	0.81961934	0.67803761	-0.002888	-1.025403	-1.377835	-21	0.850636
6319	3.8989595640e-2	0.341210	0.81959956	0.67818873	-0.002730	-1.024018	-1.365715	-20	0.850639
6320	3.9169338448e-2	0.342789	0.81960463	0.67837859	-0.002730	-1.024018	-1.365715	-20	0.850642
6321	3.9031142620e-2	0.341586	0.81962267	0.67827647	-0.002730	-1.024018	-1.365715	-20	0.850644
6322	3.9075473740e-2	0.341980	0.81964405	0.67836358	-0.002888	-1.025402	-1.377830	-21	0.850647
6323	3.8996497691e-2	0.341295	0.81965053	0.67829756	-0.003046	-1.026786	-1.389944	-22	0.850650
6324	3.9086425613e-2	0.342089	0.81964972	0.67838587	-0.003046	-1.026786	-1.389944	-22	0.850653
6325	3.9145607098e-2	0.342613	0.81964467	0.67843494	-0.003046	-1.026786	-1.389944	-22	0.850656
6326	3.8891845088e-2	0.340398	0.81966238	0.67821661	-0.002888	-1.025403	-1.377835	-21	0.850658
6327	3.8570191936e-2	0.337589	0.81966381	0.67789781	-0.002888	-1.025403	-1.377835	-21	0.850661
6328	3.8548707685e-2	0.337407	0.81966820	0.67788510	-0.002888	-1.025403	-1.377835	-21	0.850664
6329	3.8701822992e-2	0.338753	0.81967094	0.67804371	-0.003046	-1.026786	-1.389940	-22	0.850667
6330	3.8479630670e-2	0.336814	0.81970971	0.67789904	-0.002888	-1.025403	-1.377836	-21	0.850670
6331	3.8418285020e-2	0.336283	0.81969124	0.67780077	-0.002730	-1.024020	-1.365734	-20	0.850672
6332	3.8252400446e-2	0.334837	0.81968126	0.67761491	-0.002730	-1.024020	-1.365734	-20	0.850675
6333	3.8516925053e-2	0.337159	0.81970615	0.67792923	-0.002572	-1.022638	-1.353635	-19	0.850678
6334	3.8248977633e-2	0.334820	0.81971668	0.67768234	-0.002415	-1.021256	-1.341537	-18	0.850681
6335	3.8301889229e-2	0.335289	0.81971816	0.67773821	-0.002572	-1.022638	-1.353633	-19	0.850684
6336	3.8326371429e-2	0.335509	0.81971619	0.67775875	-0.002572	-1.022638	-1.353633	-19	0.850686
6337	3.8407296861e-2	0.336224	0.81975578	0.67791886	-0.002730	-1.024019	-1.365727	-20	0.850689
6338	3.8419352716e-2	0.336335	0.81975932	0.67793799	-0.002572	-1.022638	-1.353635	-19	0.850692
6339	3.8370047594e-2	0.335910	0.81974254	0.67785513	-0.002415	-1.021257	-1.341545	-18	0.850695
6340	3.8517745893e-2	0.337209	0.81974930	0.67801635	-0.002415	-1.021257	-1.341545	-18	0.850698
6341	3.8610238539e-2	0.338025	0.81974017	0.67809058	-0.002257	-1.019876	-1.329457	-17	0.850700
6342	3.8985424763e-2	0.341315	0.81976352	0.67851247	-0.002099	-1.018496	-1.317371	-16	0.850703
6343	3.9149615161e-2	0.342759	0.81975529	0.67866019	-0.002257	-1.019876	-1.329456	-17	0.850706
6344	3.9025676792e-2	0.341680	0.81978532	0.67859632	-0.002257	-1.019876	-1.329456	-17	0.850709
6345	3.9268934412e-2	0.343816	0.81979160	0.67885213	-0.002257	-1.019876	-1.329456	-17	0.850711
6346	3.8830248956e-2	0.339981	0.81980084	0.67843194	-0.002415	-1.021256	-1.341536	-18	0.850714
6347	3.8909823246e-2	0.340684	0.81979908	0.67850798	-0.002257	-1.019876	-1.329457	-17	0.850717
6348	3.8722378147e-2	0.339049	0.81979073	0.67830383	-0.002257	-1.019876	-1.329457	-17	0.850720
6349	3.8693255782e-2	0.338800	0.81977993	0.67825312	-0.002099	-1.018497	-1.317381	-16	0.850722
6350	3.8683637069e-2	0.338722	0.81979419	0.67827201	-0.002099	-1.018497	-1.317381	-16	0.850725
6351	3.8818707337e-2	0.339911	0.81981266	0.67844403	-0.002257	-1.019876	-1.329454	-17	0.850728
6352	3.8977206805e-2	0.341305	0.81981558	0.67860837	-0.002257	-1.019876	-1.329454	-17	0.850731
6353	3.8727010508e-2	0.339120	0.81983681	0.67840062	-0.002414	-1.021254	-1.341524	-18	0.850734
6354	3.8753346424e-2	0.339357	0.81983592	0.67842518	-0.002414	-1.021254	-1.341524	-18	0.850736
6355	3.8500765522e-2	0.337151	0.81982574	0.67815224	-0.002572	-1.022632	-1.353591	-19	0.850739
6356	3.8693298476e-2	0.338843	0.81984695	0.67838719	-0.002572	-1.022632	-1.353591	-19	0.850742
6357	3.8669544041e-2	0.338641	0.81984719	0.67836393	-0.002729	-1.024010	-1.365655	-20	0.850745
6358	3.8362988098e-2	0.335963	0.81986397	0.67809092	-0.002729	-1.024010	-1.365655	-20	0.850747
6359	3.8320269566e-2	0.335595	0.81986255	0.67804537	-0.002886	-1.025387	-1.377716	-21	0.850750
6360	3.8183903226e-2	0.334406	0.81987814	0.67794019	-0.002886	-1.025387	-1.377716	-21	0.850753
6361	3.8521977649e-2	0.337373	0.81990315	0.67832827	-0.003043	-1.026764	-1.389774	-22	0.850756
6362	3.8214621196e-2	0.334687	0.81988898	0.67799259	-0.002886	-1.025387	-1.377717	-21	0.850759
6363	3.8391489965e-2	0.336242	0.81989696	0.67818540	-0.002886	-1.025387	-1.377717	-21	0.850761
6364	3.8603798629e-2	0.338108	0.81989597	0.67839574	-0.002886	-1.025387	-1.377717	-21	0.850764
6365	3.8596562949e-2	0.338051	0.81991589	0.67842835	-0.003043	-1.026763	-1.389770	-22	0.850767
6366	3.8554782041e-2	0.337691	0.81993311	0.67842101	-0.003200	-1.028139	-1.401820	-23	0.850770
6367	3.8588675259e-2	0.337994	0.81993008	0.67844883	-0.003358	-1.029515	-1.413870	-24	0.850772
6368	3.8313385404e-2	0.335589	0.81993864	0.67819066	-0.003358	-1.029515	-1.413870	-24	0.850775
6369	3.8408124500e-2	0.336424	0.81992874	0.67826561	-0.003515	-1.030890	-1.425916	-25	0.850778
6370	3.8378647342e-2	0.336172	0.81992691	0.67823246	-0.003515	-1.030890	-1.425916	-25	0.850781
6371	3.8596099171e-2	0.338083	0.81990941	0.67841492	-0.003358	-1.029515	-1.413873	-24	0.850784
6372	3.8528827805e-2	0.337500	0.81989280	0.67831443	-0.003358	-1.029515	-1.413873	-24	0.850786
6373	3.8323792783e-2	0.335710	0.81991761	0.67815901	-0.003514	-1.030890	-1.425913	-25	0.850789
6374	3.8247589865e-2	0.335048	0.81993747	0.67812253	-0.003358	-1.029516	-1.413874	-24	0.850792
6375	3.8293998943e-2	0.335461	0.81993528	0.67816455	-0.003358	-1.029516	-1.413874	-24	0.850795
6376	3.8268451755e-2	0.335243	0.81994021	0.67814887	-0.003358	-1.029516	-1.413874	-24	0.850798
6377	3.8386420111e-2	0.336282	0.81995515	0.67829673	-0.003201	-1.028142	-1.401839	-23	0.850800
6378	3.8583414940e-2	0.338014	0.81996883	0.67852108	-0.003358	-1.029515	-1.413873	-24	0.850803
6379	3.8439403065e-2	0.336759	0.81997093	0.67838126	-0.003514	-1.030889	-1.425904	-25	0.850806
6380	3.8524022650e-2	0.337506	0.81996200	0.67844803	-0.003514	-1.030889	-1.425904	-25	0.850809
6381	3.8336958398e-2	0.335873	0.81994658	0.67823012	-0.003514	-1.030889	-1.425904	-25	0.850812
6382	3.8460890516e-2	0.336965	0.81996739	0.67839568	-0.003358	-1.029516	-1.413877	-24	0.850814
6383	3.8170933765e-2	0.334431	0.81994824	0.67806741	-0.003201	-1.028143	-1.401851	-23	0.850817
6384	3.8104523621e-2	0.333855	0.81993933	0.67798318	-0.003201	-1.028143	-1.401851	-23	0.850820
6385	3.8150299977e-2	0.334262	0.81997281	0.67809593	-0.003044	-1.026771	-1.389828	-22	0.850823
6386	3.7856439883e-2	0.331693	0.81998674	0.67782992	-0.003201	-1.028143	-1.401850	-23	0.850825
6387	3.7902684956e-2	0.332104	0.81999317	0.67788902	-0.003044	-1.026771	-1.389829	-22	0.850828
6388	3.7988530856e-2	0.332862	0.82002832	0.67804517	-0.003044	-1.026771	-1.389829	-22	0.850831
6389	3.7819498083e-2	0.331387	0.82003093	0.67788136	-0.003201	-1.028143	-1.401847	-23	0.850834
6390	3.8167499708e-2	0.334442	0.82002870	0.67822490	-0.003201	-1.028143	-1.401847	-23	0.850837
6391	3.8435765968e-2	0.336799	0.82002792	0.67849160	-0.003357	-1.029514	-1.413861	-24	0.850839
6392	3.8065418758e-2	0.333560	0.82001444	0.67809430	-0.003357	-1.029514	-1.413861	-24	0.850842
6393	3.7871520058e-2	0.331867	0.82002059	0.67791269	-0.003201	-1.028143	-1.401850	-23	0.850845
6394	3.7791133934e-2	0.331168	0.82001947	0.67783007	-0.003357	-1.029514	-1.413860	-24	0.850848
6395	3.7758407285e-2	0.330887	0.82001244	0.67778330	-0.003201	-1.028143	-1.401851	-23	0.850850
6396	3.7741439573e-2	0.330744	0.82005205	0.67784553	-0.003201	-1.028143	-1.401851	-23	0.850853
6397	3.7724549056e-2	0.330602	0.82004712	0.67781880	-0.003357	-1.029513	-1.413857	-24	0.850856
6398	3.8035374895e-2	0.333332	0.82005203	0.67813943	-0.003514	-1.030883	-1.425861	-25	0.850859
6399	3.8515686696e-2	0.337548	0.82004936	0.67861440	-0.003514	-1.030883	-1.425861	-25	0.850862
6400	3.7718983298e-2	0.330571	0.82003632	0.67779162	-0.003514	-1.030883	-1.425861	-25	0.850864
6401	3.7625407698e-2	0.329757	0.82004433	0.67771407	-0.003357	-1.029514	-1.413861	-24	0.850867
6402	3.7707197234e-2	0.330480	0.82007729	0.67786179	-0.003201	-1.028145	-1.401863	-23	0.850870
6403	3.7716298575e-2	0.330565	0.82007788	0.67787206	-0.003045	-1.026776	-1.389866	-22	0.850873
6404	3.7682165295e-2	0.330272	0.82007231	0.67782678	-0.003045	-1.026776	-1.389866	-22	0.850875
6405	3.7665900330e-2	0.330135	0.82007861	0.67782312	-0.002889	-1.025408	-1.377871	-21	0.850878
6406	3.7632205844e-2	0.329846	0.82007650	0.67778520	-0.002733	-1.024039	-1.365879	-20	0.850881
6407	3.7634328895e-2	0.329870	0.82010202	0.67783837	-0.002577	-1.022671	-1.353888	-19	0.850884
6408	3.7703385061e-2	0.330482	0.82010625	0.67791589	-0.002577	-1.022671	-1.353888	-19	0.850887
6409	3.7856273688e-2	0.331828	0.82010710	0.67807047	-0.002733	-1.024039	-1.365876	-20	0.850889
6410	3.7945376365e-2	0.332615	0.82011576	0.67817690	-0.002889	-1.025406	-1.377863	-21	0.850892
6411	3.7716714324e-2	0.330616	0.82010339	0.67792349	-0.002733	-1.024039	-1.365877	-20	0.850895
6412	3.7975911991e-2	0.332894	0.82010342	0.67818275	-0.002733	-1.024039	-1.365877	-20	0.850898
6413	3.7977490016e-2	0.332914	0.82011252	0.67820252	-0.002733	-1.024039	-1.365877	-20	0.850900
6414	3.8171118803e-2	0.334617	0.82010824	0.67838760	-0.002889	-1.025406	-1.377858	-21	0.850903
6415	3.8347253126e-2	0.336167	0.82010394	0.67855514	-0.002733	-1.024039	-1.365879	-20	0.850906
6416	3.8425586775e-2	0.336860	0.82011481	0.67865520	-0.002733	-1.024039	-1.365879	-20	0.850909
6417	3.8420876488e-2	0.336825	0.82013210	0.67868507	-0.002733	-1.024039	-1.365879	-20	0.850911
6418	3.8176884928e-2	0.334691	0.82010627	0.67838942	-0.002577	-1.022673	-1.353903	-19	0.850914
6419	3.7819974177e-2	0.331568	0.82010839	0.67803675	-0.002577	-1.022673	-1.353903	-19	0.850917
6420	3.7975379097e-2	0.332937	0.82013176	0.67823890	-0.002577	-1.022673	-1.353903	-19	0.850919
6421	3.8145424570e-2	0.334433	0.82013358	0.67841258	-0.002733	-1.024039	-1.365874	-20	0.850922
6422	3.8158729682e-2	0.334556	0.82012909	0.67841690	-0.002733	-1.024039	-1.365874	-20	0.850925
6423	3.8073002777e-2	0.333810	0.82014500	0.67836301	-0.002577	-1.022674	-1.353906	-19	0.850928
6424	3.8405057526e-2	0.336728	0.82015034	0.67870573	-0.002577	-1.022674	-1.353906	-19	0.850930
6425	3.8679068942e-2	0.339136	0.82016077	0.67900062	-0.002577	-1.022674	-1.353906	-19	0.850933
6426	3.8560444299e-2	0.338102	0.82016803	0.67889650	-0.002577	-1.022674	-1.353906	-19	0.850936
6427	3.8303735705e-2	0.335857	0.82017489	0.67865352	-0.002733	-1.024038	-1.365869	-20	0.850939
6428	3.8211208836e-2	0.335052	0.82014638	0.67850396	-0.002733	-1.024038	-1.365869	-20	0.850941
6429	3.8132115545e-2	0.334364	0.82012363	0.67837938	-0.002577	-1.022674	-1.353909	-19	0.850944
6430	3.8160960400e-2	0.334623	0.82012722	0.67841539	-0.002733	-1.024038	-1.365867	-20	0.850947
6431	3.8300894269e-2	0.335856	0.82013417	0.67856924	-0.002577	-1.022674	-1.353911	-19	0.850950
6432	3.8236474223e-2	0.335297	0.82013526	0.67850699	-0.002577	-1.022674	-1.353911	-19	0.850952
6433	3.8185852697e-2	0.334859	0.82014328	0.67847242	-0.002422	-1.021311	-1.341957	-18	0.850955
6434	3.8255516087e-2	0.335476	0.82015553	0.67856658	-0.002266	-1.019948	-1.330004	-17	0.850958
6435	3.8139360019e-2	0.334463	0.82012896	0.67839729	-0.002266	-1.019948	-1.330004	-17	0.850961
6436	3.8076855738e-2	0.333921	0.82011328	0.67830342	-0.002266	-1.019948	-1.330004	-17	0.850963
6437	3.7814314804e-2	0.331625	0.82010147	0.67801726	-0.002111	-1.018586	-1.318056	-16	0.850966
6438	3.7697251058e-2	0.330604	0.82009748	0.67789222	-0.001956	-1.017224	-1.306110	-15	0.850969
6439	3.7873800443e-2	0.332158	0.82010031	0.67807443	-0.001800	-1.015862	-1.294165	-14	0.850971
6440	3.8171069693e-2	0.334771	0.82010764	0.67838636	-0.001800	-1.015862	-1.294165	-14	0.850974
6441	3.8172476445e-2	0.334789	0.82009389	0.67836025	-0.001955	-1.017223	-1.306107	-15	0.850977
6442	3.8060817024e-2	0.333816	0.82010518	0.67827117	-0.001800	-1.015862	-1.294166	-14	0.850980
6443	3.8058564690e-2	0.333802	0.82008836	0.67823528	-0.001645	-1.014500	-1.282226	-13	0.850982
6444	3.8020212590e-2	0.333472	0.82008816	0.67819653	-0.001645	-1.014500	-1.282226	-13	0.850985
6445	3.8185921491e-2	0.334931	0.82008985	0.67836563	-0.001490	-1.013140	-1.270290	-12	0.850988
6446	3.8238619748e-2	0.335399	0.82008540	0.67840941	-0.001645	-1.014500	-1.282225	-13	0.850990
6447	3.8142025137e-2	0.334558	0.82010083	0.67834369	-0.001800	-1.015861	-1.294159	-14	0.850993
6448	3.8182800354e-2	0.334921	0.82008526	0.67835332	-0.001800	-1.015861	-1.294159	-14	0.850996
6449	3.8117058918e-2	0.334351	0.82010882	0.67833470	-0.001955	-1.017221	-1.306090	-15	0.850998
6450	3.8237383661e-2	0.335412	0.82010116	0.67843970	-0.001955	-1.017221	-1.306090	-15	0.851001
6451	3.8583200719e-2	0.338451	0.82012142	0.67882603	-0.002110	-1.018581	-1.318018	-16	0.851004
6452	3.8429355808e-2	0.337108	0.82011226	0.67865387	-0.002110	-1.018581	-1.318018	-16	0.851006
6453	3.8238664503e-2	0.335441	0.82013349	0.67850564	-0.002110	-1.018581	-1.318018	-16	0.851009
6454	3.8290196549e-2	0.335899	0.82013032	0.67855083	-0.002265	-1.019940	-1.329941	-17	0.851012
6455	3.8325656001e-2	0.336216	0.82012337	0.67857239	-0.002110	-1.018581	-1.318019	-16	0.851015
6456	3.8502903587e-2	0.337777	0.82014280	0.67878849	-0.002110	-1.018581	-1.318019	-16	0.851017
6457	3.8392066675e-2	0.336811	0.82012696	0.67864599	-0.001955	-1.017222	-1.306100	-15	0.851020
6458	3.8428561474e-2	0.337137	0.82012076	0.67867008	-0.001800	-1.015864	-1.294182	-14	0.851023
6459	3.8628044854e-2	0.338893	0.82014512	0.67891828	-0.001646	-1.014505	-1.282265	-13	0.851025
6460	3.8972639090e-2	0.341922	0.82014777	0.67926817	-0.001646	-1.014505	-1.282265	-13	0.851028
6461	3.9486072488e-2	0.346433	0.82015863	0.67980334	-0.001800	-1.015863	-1.294179	-14	0.851031
6462	3.9363487630e-2	0.345363	0.82013896	0.67964140	-0.001800	-1.015863	-1.294179	-14	0.851033
6463	3.9092195406e-2	0.342989	0.82014684	0.67938588	-0.001646	-1.014506	-1.282268	-13	0.851036
6464	3.8933056773e-2	0.341599	0.82014950	0.67923206	-0.001646	-1.014506	-1.282268	-13	0.851039
6465	3.9388699345e-2	0.345603	0.82013710	0.67966290	-0.001800	-1.015863	-1.294176	-14	0.851042
6466	3.9241639946e-2	0.344318	0.82011164	0.67946492	-0.001955	-1.017220	-1.306083	-15	0.851044
6467	3.8846130581e-2	0.340854	0.82012209	0.67909031	-0.001800	-1.015863	-1.294177	-14	0.851047
6468	3.8968879289e-2	0.341937	0.82015065	0.67927018	-0.001800	-1.015863	-1.294177	-14	0.851050
6469	3.8790007703e-2	0.340374	0.82014741	0.67908482	-0.001955	-1.017220	-1.306080	-15	0.851052
6470	3.8817631615e-2	0.340622	0.82015316	0.67912395	-0.002110	-1.018576	-1.317981	-16	0.851055
6471	3.8675226779e-2	0.339378	0.82017673	0.67902869	-0.002110	-1.018576	-1.317981	-16	0.851058
6472	3.8557991057e-2	0.338356	0.82017859	0.67891516	-0.002110	-1.018576	-1.317981	-16	0.851060
6473	3.8444869393e-2	0.337369	0.82017769	0.67880025	-0.002264	-1.019932	-1.329877	-17	0.851063
6474	3.8807576168e-2	0.340558	0.82018681	0.67918120	-0.002110	-1.018576	-1.317982	-16	0.851066
6475	3.8800241788e-2	0.340499	0.82016034	0.67912093	-0.002110	-1.018576	-1.317982	-16	0.851068
6476	3.8863828106e-2	0.341063	0.82014731	0.67915844	-0.002110	-1.018576	-1.317982	-16	0.851071
6477	3.8940426846e-2	0.341742	0.82017551	0.67929144	-0.002264	-1.019931	-1.329873	-17	0.851074
6478	3.9068334257e-2	0.342870	0.82015836	0.67938505	-0.002418	-1.021286	-1.341763	-18	0.851077
6479	3.9198588998e-2	0.344019	0.82013641	0.67947140	-0.002573	-1.022640	-1.353651	-19	0.851079
6480	3.9302180200e-2	0.344935	0.82013565	0.67957347	-0.002573	-1.022640	-1.353651	-19	0.851082
6481	3.9664029324e-2	0.348117	0.82016810	0.68000023	-0.002727	-1.023995	-1.365536	-20	0.851085
6482	3.9609525521e-2	0.347644	0.82016830	0.67994613	-0.002881	-1.025349	-1.377420	-21	0.851087
6483	3.9627730703e-2	0.347810	0.82016650	0.67996074	-0.002727	-1.023995	-1.365538	-20	0.851090
6484	3.9859558820e-2	0.349851	0.82015459	0.68016874	-0.002727	-1.023995	-1.365538	-20	0.851093
6485	3.9054163654e-2	0.342788	0.82016668	0.67938753	-0.002573	-1.022641	-1.353658	-19	0.851096
6486	3.9153614752e-2	0.343667	0.82017079	0.67949520	-0.002419	-1.021288	-1.341780	-18	0.851098
6487	3.9381155202e-2	0.345670	0.82016926	0.67971968	-0.002264	-1.019935	-1.329903	-17	0.851101
6488	3.9254511193e-2	0.344565	0.82015137	0.67955724	-0.002264	-1.019935	-1.329903	-17	0.851104
6489	3.9430657566e-2	0.346117	0.82013175	0.67969415	-0.002264	-1.019935	-1.329903	-17	0.851106
6490	3.9037819503e-2	0.342675	0.82014077	0.67931937	-0.002110	-1.018582	-1.318030	-16	0.851109
6491	3.9033567541e-2	0.342643	0.82014031	0.67931419	-0.002264	-1.019935	-1.329902	-17	0.851112
6492	3.9106321473e-2	0.343288	0.82015863	0.67942358	-0.002264	-1.019935	-1.329902	-17	0.851114
6493	3.9296311040e-2	0.344962	0.82015965	0.67961561	-0.002110	-1.018583	-1.318033	-16	0.851117
6494	3.8922032612e-2	0.341682	0.82014306	0.67920814	-0.002264	-1.019935	-1.329900	-17	0.851120
6495	3.9176372780e-2	0.343921	0.82015398	0.67948434	-0.002418	-1.021286	-1.341766	-18	0.851122
6496	3.8941257068e-2	0.341863	0.82014816	0.67923759	-0.002418	-1.021286	-1.341766	-18	0.851125
6497	3.8967755534e-2	0.342102	0.82012851	0.67922478	-0.002264	-1.019935	-1.329903	-17	0.851128
6498	3.8755421063e-2	0.340244	0.82014963	0.67905468	-0.002264	-1.019935	-1.329903	-17	0.851131
6499	3.8954237240e-2	0.341995	0.82013057	0.67921537	-0.002111	-1.018584	-1.318043	-16	0.851133
6500	3.9008533344e-2	0.342478	0.82012849	0.67926551	-0.002111	-1.018584	-1.318043	-16	0.851136
6501	3.8930609138e-2	0.341800	0.82016784	0.67926630	-0.002264	-1.019935	-1.329900	-17	0.851139
6502	3.8822397295e-2	0.340855	0.82018185	0.67918609	-0.002111	-1.018584	-1.318044	-16	0.851141
6503	3.8819074821e-2	0.340832	0.82018653	0.67919214	-0.001957	-1.017234	-1.306190	-15	0.851144
6504	3.8531285309e-2	0.338311	0.82019297	0.67891722	-0.001957	-1.017234	-1.306190	-15	0.851147
6505	3.8485723401e-2	0.337917	0.82022736	0.67894045	-0.001803	-1.015884	-1.294339	-14	0.851149
6506	3.8475783127e-2	0.337836	0.82024772	0.67897122	-0.001649	-1.014535	-1.282488	-13	0.851152
6507	3.8367438987e-2	0.336890	0.82022955	0.67882654	-0.001649	-1.014535	-1.282488	-13	0.851155
6508	3.8513749619e-2	0.338181	0.82025052	0.67901479	-0.001649	-1.014535	-1.282488	-13	0.851157
6509	3.8626621260e-2	0.339178	0.82023733	0.67910127	-0.001496	-1.013186	-1.270643	-12	0.851160
6510	3.8482446555e-2	0.337918	0.82024955	0.67898154	-0.001649	-1.014534	-1.282487	-13	0.851163
6511	3.8616598295e-2	0.339102	0.82023703	0.67909066	-0.001496	-1.013186	-1.270644	-12	0.851165
6512	3.8746892251e-2	0.340252	0.82025306	0.67925301	-0.001496	-1.013186	-1.270644	-12	0.851168
6513	3.8885206885e-2	0.341473	0.82025394	0.67939309	-0.001649	-1.014534	-1.282484	-13	0.851171
6514	3.9018461822e-2	0.342649	0.82026095	0.67954036	-0.001496	-1.013186	-1.270645	-12	0.851173
6515	3.9160633259e-2	0.343903	0.82025698	0.67967460	-0.001342	-1.011838	-1.258808	-11	0.851176
6516	3.9208940100e-2	0.344334	0.82024940	0.67970774	-0.001342	-1.011838	-1.258808	-11	0.851179
6517	3.9046671161e-2	0.342914	0.82026440	0.67957547	-0.001342	-1.011838	-1.258808	-11	0.851181
6518	3.9059863383e-2	0.343036	0.82028173	0.67962333	-0.001189	-1.010491	-1.246975	-10	0.851184
6519	3.8926283812e-2	0.341869	0.82029164	0.67950956	-0.001342	-1.011838	-1.258806	-11	0.851187
6520	3.8531337907e-2	0.338406	0.82030845	0.67914823	-0.001342	-1.011838	-1.258806	-11	0.851189
6521	3.8430626047e-2	0.337528	0.82031175	0.67905413	-0.001496	-1.013185	-1.270636	-12	0.851192
6522	3.8500639716e-2	0.338149	0.82033609	0.67917281	-0.001649	-1.014531	-1.282463	-13	0.851194
6523	3.8537283263e-2	0.338476	0.82031092	0.67915912	-0.001496	-1.013185	-1.270637	-12	0.851197
6524	3.8507885767e-2	0.338224	0.82031084	0.67912957	-0.001496	-1.013185	-1.270637	-12	0.851200
6525	3.8121029290e-2	0.334832	0.82032356	0.67876815	-0.001496	-1.013185	-1.270637	-12	0.851202
6526	3.8134584028e-2	0.334957	0.82030551	0.67874560	-0.001649	-1.014531	-1.282459	-13	0.851205
6527	3.7774012350e-2	0.331796	0.82033387	0.67844176	-0.001496	-1.013185	-1.270638	-12	0.851208
6528	3.7863190276e-2	0.332585	0.82033423	0.67853164	-0.001496	-1.013185	-1.270638	-12	0.851210
6529	3.8096082134e-2	0.334636	0.82034718	0.67879044	-0.001649	-1.014530	-1.282456	-13	0.851213
6530	3.8149301810e-2	0.335110	0.82033720	0.67882370	-0.001802	-1.015876	-1.294273	-14	0.851216
6531	3.8263614882e-2	0.336120	0.82034783	0.67895927	-0.001955	-1.017221	-1.306088	-15	0.851218
6532	3.8261761537e-2	0.336109	0.82032986	0.67892149	-0.001955	-1.017221	-1.306088	-15	0.851221
6533	3.8205323813e-2	0.335619	0.82034000	0.67888533	-0.001802	-1.015876	-1.294275	-14	0.851224
6534	3.8313801737e-2	0.336578	0.82034579	0.67900538	-0.001802	-1.015876	-1.294275	-14	0.851226
6535	3.8382742341e-2	0.337190	0.82037141	0.67912556	-0.001649	-1.014532	-1.282466	-13	0.851229
6536	3.8457996568e-2	0.337857	0.82036903	0.67919606	-0.001649	-1.014532	-1.282466	-13	0.851232
6537	3.8624777970e-2	0.339328	0.82034168	0.67930814	-0.001496	-1.013188	-1.270659	-12	0.851234
6538	3.8657102196e-2	0.339618	0.82033415	0.67932540	-0.001649	-1.014532	-1.282465	-13	0.851237
6539	3.8888720974e-2	0.341658	0.82034395	0.67957663	-0.001496	-1.013188	-1.270661	-12	0.851240
6540	3.9173659846e-2	0.344168	0.82036569	0.67990504	-0.001496	-1.013188	-1.270661	-12	0.851242
6541	3.9180366187e-2	0.344233	0.82035153	0.67988343	-0.001343	-1.011845	-1.258860	-11	0.851245
6542	3.9148401763e-2	0.343958	0.82036301	0.67987442	-0.001190	-1.010502	-1.247060	-10	0.851247
6543	3.8829486943e-2	0.341162	0.82039480	0.67961908	-0.001190	-1.010502	-1.247060	-10	0.851250
6544	3.8926663338e-2	0.342021	0.82041593	0.67975851	-0.001190	-1.010502	-1.247060	-10	0.851253
6545	3.8892218751e-2	0.341725	0.82042229	0.67973681	-0.001038	-1.009159	-1.235264	-9	0.851255
6546	3.8393233670e-2	0.337346	0.82041593	0.67922510	-0.001190	-1.010502	-1.247058	-10	0.851258
6547	3.8386992797e-2	0.337297	0.82043051	0.67924801	-0.001343	-1.011844	-1.258851	-11	0.851261
6548	3.8466919297e-2	0.338006	0.82042596	0.67931883	-0.001343	-1.011844	-1.258851	-11	0.851263
6549	3.8732538810e-2	0.340345	0.82042770	0.67958793	-0.001496	-1.013185	-1.270641	-12	0.851266
6550	3.8716781162e-2	0.340213	0.82045642	0.67962962	-0.001496	-1.013185	-1.270641	-12	0.851268
6551	3.8600789491e-2	0.339200	0.82045167	0.67950414	-0.001648	-1.014527	-1.282428	-13	0.851271
6552	3.8309338677e-2	0.336644	0.82046343	0.67923620	-0.001648	-1.014527	-1.282428	-13	0.851274
6553	3.8137131253e-2	0.335137	0.82046212	0.67906138	-0.001801	-1.015868	-1.294213	-14	0.851276
6554	3.8256184668e-2	0.336189	0.82046469	0.67918557	-0.001954	-1.017209	-1.305996	-15	0.851279
6555	3.8243176076e-2	0.336080	0.82046640	0.67917598	-0.001801	-1.015868	-1.294214	-14	0.851282
6556	3.8320288342e-2	0.336764	0.82048239	0.67928507	-0.001801	-1.015868	-1.294214	-14	0.851284
6557	3.8271702332e-2	0.336343	0.82046427	0.67920023	-0.001649	-1.014528	-1.282435	-13	0.851287
6558	3.8224060218e-2	0.335930	0.82045446	0.67913298	-0.001801	-1.015868	-1.294213	-14	0.851290
6559	3.8432087323e-2	0.337764	0.82045760	0.67934728	-0.001649	-1.014528	-1.282437	-13	0.851292
6560	3.8544936296e-2	0.338762	0.82047407	0.67949308	-0.001649	-1.014528	-1.282437	-13	0.851295
6561	3.8593981504e-2	0.339199	0.82050389	0.67960176	-0.001649	-1.014528	-1.282437	-13	0.851298
6562	3.8416856332e-2	0.337648	0.82049846	0.67941378	-0.001801	-1.015867	-1.294209	-14	0.851300
6563	3.8293994111e-2	0.336574	0.82050288	0.67929976	-0.001953	-1.017207	-1.305979	-15	0.851303
6564	3.8437333166e-2	0.337839	0.82049280	0.67942293	-0.001953	-1.017207	-1.305979	-15	0.851305
6565	3.8426930520e-2	0.337754	0.82050523	0.67943739	-0.002106	-1.018545	-1.317747	-16	0.851308
6566	3.8474003488e-2	0.338173	0.82051999	0.67951399	-0.002106	-1.018545	-1.317747	-16	0.851311
6567	3.8413068268e-2	0.337644	0.82052580	0.67946467	-0.002258	-1.019884	-1.329512	-17	0.851313
6568	3.8331115848e-2	0.336929	0.82051976	0.67937063	-0.002258	-1.019884	-1.329512	-17	0.851316
6569	3.8162606382e-2	0.335454	0.82052945	0.67922151	-0.002410	-1.021222	-1.341274	-18	0.851319
6570	3.8224374833e-2	0.336003	0.82050453	0.67923343	-0.002410	-1.021222	-1.341274	-18	0.851321
6571	3.8336996317e-2	0.336998	0.82050161	0.67934022	-0.002562	-1.022560	-1.353034	-19	0.851324
6572	3.8427996625e-2	0.337804	0.82049636	0.67942073	-0.002562	-1.022560	-1.353034	-19	0.851327
6573	3.8470218625e-2	0.338181	0.82049524	0.67946070	-0.002714	-1.023897	-1.364790	-20	0.851329
6574	3.8431560040e-2	0.337847	0.82049645	0.67942446	-0.002867	-1.025234	-1.376546	-21	0.851332
6575	3.8464895835e-2	0.338146	0.82050608	0.67947705	-0.002867	-1.025234	-1.376546	-21	0.851335
6576	3.8452547174e-2	0.338043	0.82054212	0.67953679	-0.002867	-1.025234	-1.376546	-21	0.851337
6577	3.8351026449e-2	0.337157	0.82054534	0.67944171	-0.003019	-1.026571	-1.388297	-22	0.851340
6578	3.8039186672e-2	0.334421	0.82056977	0.67917874	-0.002867	-1.025235	-1.376547	-21	0.851343
6579	3.8004389404e-2	0.334121	0.82055195	0.67910829	-0.002867	-1.025235	-1.376547	-21	0.851345
6580	3.8088558756e-2	0.334867	0.82055068	0.67918992	-0.002867	-1.025235	-1.376547	-21	0.851348
6581	3.8304940104e-2	0.336775	0.82057950	0.67946393	-0.003019	-1.026570	-1.388293	-22	0.851351
6582	3.8260985948e-2	0.336394	0.82058967	0.67944033	-0.003170	-1.027906	-1.400037	-23	0.851353
6583	3.8129395586e-2	0.335243	0.82061558	0.67936055	-0.003019	-1.026571	-1.388294	-22	0.851356
6584	3.8030467143e-2	0.334379	0.82061566	0.67926178	-0.003019	-1.026571	-1.388294	-22	0.851359
6585	3.7933384900e-2	0.333531	0.82062523	0.67918384	-0.003170	-1.027906	-1.400034	-23	0.851361
6586	3.8022210986e-2	0.334318	0.82062225	0.67926672	-0.003322	-1.029241	-1.411773	-24	0.851364
6587	3.8088905294e-2	0.334910	0.82059725	0.67928341	-0.003170	-1.027906	-1.400036	-23	0.851367
6588	3.7849392809e-2	0.332810	0.82061117	0.67907174	-0.003170	-1.027906	-1.400036	-23	0.851369
6589	3.7736119739e-2	0.331820	0.82059764	0.67893140	-0.003019	-1.026572	-1.388301	-22	0.851372
6590	3.7867353838e-2	0.332979	0.82059798	0.67906331	-0.003170	-1.027906	-1.400034	-23	0.851375
6591	3.7792145413e-2	0.332324	0.82060565	0.67900344	-0.003170	-1.027906	-1.400034	-23	0.851377
6592	3.7820909517e-2	0.332582	0.82060541	0.67903173	-0.003170	-1.027906	-1.400034	-23	0.851380
6593	3.7963728931e-2	0.333844	0.82062861	0.67922095	-0.003019	-1.026572	-1.388305	-22	0.851383
6594	3.8114863378e-2	0.335179	0.82062648	0.67936783	-0.002867	-1.025238	-1.376577	-21	0.851385
6595	3.7802078419e-2	0.332434	0.82063542	0.67907292	-0.002715	-1.023905	-1.364851	-20	0.851388
6596	3.7861397559e-2	0.332961	0.82065159	0.67916458	-0.002715	-1.023905	-1.364851	-20	0.851391
6597	3.7890918791e-2	0.333227	0.82065994	0.67921080	-0.002715	-1.023905	-1.364851	-20	0.851393
6598	3.7952402553e-2	0.333773	0.82065400	0.67926039	-0.002564	-1.022572	-1.353129	-19	0.851396
6599	3.7814674759e-2	0.332568	0.82068231	0.67917929	-0.002715	-1.023905	-1.364850	-20	0.851399
6600	3.7744090701e-2	0.331953	0.82070020	0.67914449	-0.002715	-1.023905	-1.364850	-20	0.851401
6601	3.7898510398e-2	0.333317	0.82068751	0.67927353	-0.002867	-1.025237	-1.376568	-21	0.851404
6602	3.7911784841e-2	0.333439	0.82068393	0.67927965	-0.002715	-1.023905	-1.364851	-20	0.851407
6603	3.8139375225e-2	0.335446	0.82069888	0.67953713	-0.002867	-1.025237	-1.376566	-21	0.851409
6604	3.8125917944e-2	0.335334	0.82072074	0.67956739	-0.002867	-1.025237	-1.376566	-21	0.851412
6605	3.8135959694e-2	0.335428	0.82071623	0.67956842	-0.002716	-1.023905	-1.364854	-20	0.851415
6606	3.7997925294e-2	0.334220	0.82074488	0.67948768	-0.002716	-1.023905	-1.364854	-20	0.851417
6607	3.7827326012e-2	0.332725	0.82076683	0.67936098	-0.002867	-1.025237	-1.376564	-21	0.851420
6608	3.7747560148e-2	0.332029	0.82075297	0.67925350	-0.002867	-1.025237	-1.376564	-21	0.851423
6609	3.7786097712e-2	0.332374	0.82075586	0.67929781	-0.002716	-1.023906	-1.364856	-20	0.851425
6610	3.7609235733e-2	0.330824	0.82076120	0.67913163	-0.002867	-1.025237	-1.376562	-21	0.851428
6611	3.7720025924e-2	0.331804	0.82074608	0.67921218	-0.002716	-1.023906	-1.364858	-20	0.851431
6612	3.7681102041e-2	0.331467	0.82074277	0.67916665	-0.002716	-1.023906	-1.364858	-20	0.851433
6613	3.7693836637e-2	0.331585	0.82072479	0.67914341	-0.002564	-1.022576	-1.353156	-19	0.851436
6614	3.7684341078e-2	0.331507	0.82075683	0.67919800	-0.002413	-1.021246	-1.341456	-18	0.851439
6615	3.7534964053e-2	0.330199	0.82075373	0.67904243	-0.002413	-1.021246	-1.341456	-18	0.851441
6616	3.7527133403e-2	0.330135	0.82075846	0.67904405	-0.002413	-1.021246	-1.341456	-18	0.851444
6617	3.7717431317e-2	0.331815	0.82079003	0.67929749	-0.002262	-1.019916	-1.329759	-17	0.851446
6618	3.7640902788e-2	0.331148	0.82080302	0.67924695	-0.002413	-1.021245	-1.341454	-18	0.851449
6619	3.7593335836e-2	0.330735	0.82081837	0.67923008	-0.002564	-1.022575	-1.353148	-19	0.851452
6620	3.7542548107e-2	0.330294	0.82081913	0.67918080	-0.002564	-1.022575	-1.353148	-19	0.851454
6621	3.7643693512e-2	0.331189	0.82082323	0.67929016	-0.002413	-1.021246	-1.341457	-18	0.851457
6622	3.7651116536e-2	0.331260	0.82081711	0.67928534	-0.002262	-1.019917	-1.329768	-17	0.851460
6623	3.7826143625e-2	0.332806	0.82081857	0.67946328	-0.002111	-1.018589	-1.318080	-16	0.851462
6624	3.7810576109e-2	0.332675	0.82084199	0.67949455	-0.002111	-1.018589	-1.318080	-16	0.851465
6625	3.7757874622e-2	0.332217	0.82085005	0.67945798	-0.002111	-1.018589	-1.318080	-16	0.851467
6626	3.7856688766e-2	0.333092	0.82084745	0.67955159	-0.001960	-1.017261	-1.306396	-15	0.851470
6627	3.7569390912e-2	0.330570	0.82083240	0.67923419	-0.001960	-1.017261	-1.306396	-15	0.851473
6628	3.7417599979e-2	0.329240	0.82084108	0.67909976	-0.001960	-1.017261	-1.306396	-15	0.851475
6629	3.7497989215e-2	0.329953	0.82086686	0.67923170	-0.001809	-1.015933	-1.294716	-14	0.851478
6630	3.7521006414e-2	0.330161	0.82088335	0.67928771	-0.001960	-1.017261	-1.306394	-15	0.851481
6631	3.7540260914e-2	0.330336	0.82086941	0.67927907	-0.001809	-1.015934	-1.294717	-14	0.851483
6632	3.7594730043e-2	0.330821	0.82086461	0.67932395	-0.001809	-1.015934	-1.294717	-14	0.851486
6633	3.7546713952e-2	0.330404	0.82089120	0.67932912	-0.001809	-1.015934	-1.294717	-14	0.851488
6634	3.7604827618e-2	0.330921	0.82090939	0.67942360	-0.001960	-1.017260	-1.306390	-15	0.851491
6635	3.7732892449e-2	0.332054	0.82090904	0.67955097	-0.001809	-1.015934	-1.294718	-14	0.851494
6636	3.7705025604e-2	0.331814	0.82092365	0.67955233	-0.001809	-1.015934	-1.294718	-14	0.851496
6637	3.7786289785e-2	0.332535	0.82090855	0.67960339	-0.001960	-1.017260	-1.306387	-15	0.851499
6638	3.7765188854e-2	0.332355	0.82090611	0.67957741	-0.001809	-1.015934	-1.294720	-14	0.851501
6639	3.7673845513e-2	0.331557	0.82092810	0.67953004	-0.001659	-1.014608	-1.283053	-13	0.851504
6640	3.7860832541e-2	0.333208	0.82092307	0.67970696	-0.001659	-1.014608	-1.283053	-13	0.851507
6641	3.8059751874e-2	0.334965	0.82094353	0.67994681	-0.001508	-1.013283	-1.271390	-12	0.851509
6642	3.8018402065e-2	0.334606	0.82092824	0.67987488	-0.001508	-1.013283	-1.271390	-12	0.851512
6643	3.8196715669e-2	0.336181	0.82094571	0.68008813	-0.001659	-1.014608	-1.283051	-13	0.851514
6644	3.8255073387e-2	0.336701	0.82092294	0.68010096	-0.001659	-1.014608	-1.283051	-13	0.851517
6645	3.8095278451e-2	0.335300	0.82092685	0.67994898	-0.001809	-1.015933	-1.294709	-14	0.851520
6646	3.8113119498e-2	0.335463	0.82092723	0.67996758	-0.001659	-1.014608	-1.283052	-13	0.851522
6647	3.8354028419e-2	0.337589	0.82090966	0.68017336	-0.001659	-1.014608	-1.283052	-13	0.851525
6648	3.8150486110e-2	0.335803	0.82091759	0.67998567	-0.001659	-1.014608	-1.283052	-13	0.851527
6649	3.8169381570e-2	0.335975	0.82091837	0.68000612	-0.001508	-1.013284	-1.271399	-12	0.851530
6650	3.8246150751e-2	0.336657	0.82090814	0.68006242	-0.001508	-1.013284	-1.271399	-12	0.851533
6651	3.8190868325e-2	0.336176	0.82090129	0.67999345	-0.001508	-1.013284	-1.271399	-12	0.851535
6652	3.8080251083e-2	0.335208	0.82091807	0.67991639	-0.001508	-1.013284	-1.271399	-12	0.851538
6653	3.8202769832e-2	0.336292	0.82094686	0.68009649	-0.001659	-1.014607	-1.283047	-13	0.851540
6654	3.8113741649e-2	0.335514	0.82092811	0.67996997	-0.001809	-1.015930	-1.294693	-14	0.851543
6655	3.8432405430e-2	0.338325	0.82091667	0.68026574	-0.001809	-1.015930	-1.294693	-14	0.851546
6656	3.8211563472e-2	0.336387	0.82092321	0.68005798	-0.001809	-1.015930	-1.294693	-14	0.851548
6657	3.8199065793e-2	0.336283	0.82093669	0.68007244	-0.001959	-1.017253	-1.306335	-15	0.851551
6658	3.8155262892e-2	0.335903	0.82093478	0.68002482	-0.001809	-1.015931	-1.294694	-14	0.851553
6659	3.8170648618e-2	0.336044	0.82092110	0.68001285	-0.001959	-1.017253	-1.306333	-15	0.851556
6660	3.8096388595e-2	0.335396	0.82090125	0.67989889	-0.001959	-1.017253	-1.306333	-15	0.851558
6661	3.8462212310e-2	0.338622	0.82091590	0.68029401	-0.002109	-1.018574	-1.317970	-16	0.851561
6662	3.8155843576e-2	0.335931	0.82091803	0.67999191	-0.001959	-1.017253	-1.306335	-15	0.851564
6663	3.8126636890e-2	0.335679	0.82092386	0.67997435	-0.001809	-1.015932	-1.294701	-14	0.851566
6664	3.8253883662e-2	0.336805	0.82092489	0.68010366	-0.001809	-1.015932	-1.294701	-14	0.851569
6665	3.7970776388e-2	0.334318	0.82092486	0.67982051	-0.001959	-1.017253	-1.306332	-15	0.851571
6666	3.8182492527e-2	0.336188	0.82092119	0.68002487	-0.001809	-1.015932	-1.294702	-14	0.851574
6667	3.8068786723e-2	0.335193	0.82092517	0.67991913	-0.001659	-1.014611	-1.283074	-13	0.851577
6668	3.8147121203e-2	0.335888	0.82093584	0.68001880	-0.001659	-1.014611	-1.283074	-13	0.851579
6669	3.8132933153e-2	0.335769	0.82095538	0.68004369	-0.001659	-1.014611	-1.283074	-13	0.851582
6670	3.8218061818e-2	0.336524	0.82096105	0.68014017	-0.001509	-1.013291	-1.271449	-12	0.851584
6671	3.7967619086e-2	0.334325	0.82095359	0.67987480	-0.001359	-1.011971	-1.259826	-11	0.851587
6672	3.8034931322e-2	0.334923	0.82097210	0.67997913	-0.001359	-1.011971	-1.259826	-11	0.851590
6673	3.8097387180e-2	0.335479	0.82095586	0.68000910	-0.001509	-1.013291	-1.271447	-12	0.851592
6674	3.7996402492e-2	0.334595	0.82096617	0.67992875	-0.001659	-1.014610	-1.283066	-13	0.851595
6675	3.7893642731e-2	0.333696	0.82096514	0.67982392	-0.001659	-1.014610	-1.283066	-13	0.851597
6676	3.7818240170e-2	0.333038	0.82095244	0.67972313	-0.001659	-1.014610	-1.283066	-13	0.851600
6677	3.7801576785e-2	0.332897	0.82094165	0.67968488	-0.001509	-1.013291	-1.271451	-12	0.851602
6678	3.7822637390e-2	0.333088	0.82094068	0.67970399	-0.001509	-1.013291	-1.271451	-12	0.851605
6679	3.7862043442e-2	0.333441	0.82094670	0.67975543	-0.001659	-1.014610	-1.283063	-13	0.851608
6680	3.7809930890e-2	0.332987	0.82095076	0.67971146	-0.001659	-1.014610	-1.283063	-13	0.851610
6681	3.7883633984e-2	0.333642	0.82093177	0.67974718	-0.001809	-1.015928	-1.294672	-14	0.851613
6682	3.8192377209e-2	0.336367	0.82092957	0.68005151	-0.001958	-1.017246	-1.306281	-15	0.851615
6683	3.8168242175e-2	0.336160	0.82094778	0.68006381	-0.001809	-1.015928	-1.294674	-14	0.851618
6684	3.8005702845e-2	0.334734	0.82096852	0.67994273	-0.001809	-1.015928	-1.294674	-14	0.851621
6685	3.7961960289e-2	0.334355	0.82098059	0.67992313	-0.001958	-1.017246	-1.306278	-15	0.851623
6686	3.7926662999e-2	0.334049	0.82098498	0.67989663	-0.001809	-1.015928	-1.294675	-14	0.851626
6687	3.8080523810e-2	0.335410	0.82098894	0.68005840	-0.001809	-1.015928	-1.294675	-14	0.851628
6688	3.8089394160e-2	0.335494	0.82099356	0.68007652	-0.001809	-1.015928	-1.294675	-14	0.851631
6689	3.7941635776e-2	0.334198	0.82100675	0.67995513	-0.001958	-1.017245	-1.306274	-15	0.851633
6690	3.7916978458e-2	0.333987	0.82102899	0.67997496	-0.001809	-1.015928	-1.294677	-14	0.851636
6691	3.7963544405e-2	0.334403	0.82101440	0.67999234	-0.001958	-1.017245	-1.306273	-15	0.851639
6692	3.8052202338e-2	0.335189	0.82101433	0.68008087	-0.001958	-1.017245	-1.306273	-15	0.851641
6693	3.8246631009e-2	0.336908	0.82102536	0.68029735	-0.002108	-1.018561	-1.317866	-16	0.851644
6694	3.8105506952e-2	0.335670	0.82100954	0.68012459	-0.001958	-1.017245	-1.306274	-15	0.851646
6695	3.8330205431e-2	0.337655	0.82101053	0.68035126	-0.002108	-1.018561	-1.317865	-16	0.851649
6696	3.8503301342e-2	0.339186	0.82102913	0.68056155	-0.002108	-1.018561	-1.317865	-16	0.851652
6697	3.8616052796e-2	0.340185	0.82102137	0.68065879	-0.001958	-1.017245	-1.306277	-15	0.851654
6698	3.8612944406e-2	0.340163	0.82104850	0.68070995	-0.002108	-1.018561	-1.317864	-16	0.851657
6699	3.8519180459e-2	0.339343	0.82105348	0.68062614	-0.001958	-1.017246	-1.306278	-15	0.851659
6700	3.8223624375e-2	0.336745	0.82104981	0.68032324	-0.001958	-1.017246	-1.306278	-15	0.851662
6701	3.8513973342e-2	0.339309	0.82104962	0.68061321	-0.002108	-1.018560	-1.317861	-16	0.851664
6702	3.8343696983e-2	0.337814	0.82103571	0.68041511	-0.002257	-1.019875	-1.329442	-17	0.851667
6703	3.8214098110e-2	0.336678	0.82102979	0.68027367	-0.002406	-1.021189	-1.341022	-18	0.851670
6704	3.8216498187e-2	0.336705	0.82101081	0.68023811	-0.002406	-1.021189	-1.341022	-18	0.851672
6705	3.8183983067e-2	0.336424	0.82098724	0.68015846	-0.002406	-1.021189	-1.341022	-18	0.851675
6706	3.8048103494e-2	0.335233	0.82100884	0.68006577	-0.002555	-1.022503	-1.352599	-19	0.851677
6707	3.7957805641e-2	0.334443	0.82100908	0.67997597	-0.002406	-1.021189	-1.341024	-18	0.851680
6708	3.7836537633e-2	0.333380	0.82102192	0.67988038	-0.002406	-1.021189	-1.341024	-18	0.851683
6709	3.8023325706e-2	0.335031	0.82104020	0.68010373	-0.002555	-1.022503	-1.352596	-19	0.851685
6710	3.8031692316e-2	0.335111	0.82104845	0.68012860	-0.002406	-1.021190	-1.341025	-18	0.851688
6711	3.7944059971e-2	0.334344	0.82104537	0.68003480	-0.002257	-1.019877	-1.329456	-17	0.851690
6712	3.8228704129e-2	0.336858	0.82105817	0.68034505	-0.002257	-1.019877	-1.329456	-17	0.851693
6713	3.8271936385e-2	0.337245	0.82106512	0.68040217	-0.002257	-1.019877	-1.329456	-17	0.851696
6714	3.8246477748e-2	0.337026	0.82107665	0.68039978	-0.002257	-1.019877	-1.329456	-17	0.851698
6715	3.8213074992e-2	0.336737	0.82104430	0.68030168	-0.002406	-1.021189	-1.341020	-18	0.851701
6716	3.8185846843e-2	0.336503	0.82105645	0.68029875	-0.002406	-1.021189	-1.341020	-18	0.851703
6717	3.8229169323e-2	0.336891	0.82105262	0.68033440	-0.002257	-1.019877	-1.329458	-17	0.851706
6718	3.8234479237e-2	0.336943	0.82105065	0.68033577	-0.002108	-1.018565	-1.317898	-16	0.851708
6719	3.8275227960e-2	0.337308	0.82107783	0.68043090	-0.002257	-1.019877	-1.329457	-17	0.851711
6720	3.8388992662e-2	0.338316	0.82106875	0.68052650	-0.002257	-1.019877	-1.329457	-17	0.851714
6721	3.8438742959e-2	0.338760	0.82110850	0.68065574	-0.002406	-1.021188	-1.341013	-18	0.851716
6722	3.8148062812e-2	0.336204	0.82111265	0.68037337	-0.002257	-1.019877	-1.329458	-17	0.851719
6723	3.7917508333e-2	0.334178	0.82110955	0.68013662	-0.002257	-1.019877	-1.329458	-17	0.851721
6724	3.7907673232e-2	0.334097	0.82111259	0.68013285	-0.002257	-1.019877	-1.329458	-17	0.851724
6725	3.7769796769e-2	0.332887	0.82111331	0.67999641	-0.002257	-1.019877	-1.329458	-17	0.851726
6726	3.7868700838e-2	0.333765	0.82112783	0.68012437	-0.002108	-1.018566	-1.317909	-16	0.851729
6727	3.7794439063e-2	0.333116	0.82112630	0.68004704	-0.002108	-1.018566	-1.317909	-16	0.851732
6728	3.7797756803e-2	0.333151	0.82112125	0.68004026	-0.002108	-1.018566	-1.317909	-16	0.851734
6729	3.7913361391e-2	0.334175	0.82113760	0.68018856	-0.001960	-1.017257	-1.306363	-15	0.851737
6730	3.7785715766e-2	0.333056	0.82113926	0.68006424	-0.002108	-1.018566	-1.317907	-16	0.851739
6731	3.7809050031e-2	0.333267	0.82114604	0.68010113	-0.001960	-1.017257	-1.306365	-15	0.851742
6732	3.7918289986e-2	0.334236	0.82115180	0.68022189	-0.001960	-1.017257	-1.306365	-15	0.851744
6733	3.7849869351e-2	0.333638	0.82114408	0.68013804	-0.002108	-1.018566	-1.317905	-16	0.851747
6734	3.7844422690e-2	0.333596	0.82114606	0.68013654	-0.001960	-1.017257	-1.306366	-15	0.851750
6735	3.7729144025e-2	0.332585	0.82115977	0.68004868	-0.002108	-1.018566	-1.317903	-16	0.851752
6736	3.7673407283e-2	0.332099	0.82114503	0.67996347	-0.002108	-1.018566	-1.317903	-16	0.851755
6737	3.7778115494e-2	0.333028	0.82115602	0.68009015	-0.002257	-1.019874	-1.329438	-17	0.851757
6738	3.8035051152e-2	0.335299	0.82114239	0.68031983	-0.002405	-1.021183	-1.340972	-18	0.851760
6739	3.8031710838e-2	0.335275	0.82114997	0.68033164	-0.002257	-1.019874	-1.329440	-17	0.851762
6740	3.7906384901e-2	0.334176	0.82114093	0.68018825	-0.002257	-1.019874	-1.329440	-17	0.851765
6741	3.8164084924e-2	0.336453	0.82113341	0.68043090	-0.002257	-1.019874	-1.329440	-17	0.851768
6742	3.7900712219e-2	0.334137	0.82115366	0.68020803	-0.002108	-1.018567	-1.317911	-16	0.851770
6743	3.7894767278e-2	0.334090	0.82112366	0.68014209	-0.001960	-1.017259	-1.306384	-15	0.851773
6744	3.8031639723e-2	0.335302	0.82113463	0.68030090	-0.001960	-1.017259	-1.306384	-15	0.851775
6745	3.8172589901e-2	0.336551	0.82116079	0.68049416	-0.002108	-1.018566	-1.317909	-16	0.851778
6746	3.8111886124e-2	0.336021	0.82115323	0.68041834	-0.001960	-1.017260	-1.306386	-15	0.851780
6747	3.7927766598e-2	0.334404	0.82118099	0.68028975	-0.002108	-1.018566	-1.317907	-16	0.851783
6748	3.7785394368e-2	0.333154	0.82118206	0.68014951	-0.002108	-1.018566	-1.317907	-16	0.851786
6749	3.7806947631e-2	0.333350	0.82117525	0.68015745	-0.001960	-1.017260	-1.306388	-15	0.851788
6750	3.7692643263e-2	0.332347	0.82118982	0.68007228	-0.001960	-1.017260	-1.306388	-15	0.851791
6751	3.7620182372e-2	0.331714	0.82118899	0.67999817	-0.001812	-1.015954	-1.294872	-14	0.851793
6752	3.7722252315e-2	0.332620	0.82115678	0.68003582	-0.001812	-1.015954	-1.294872	-14	0.851796
6753	3.8036546527e-2	0.335396	0.82118177	0.68040008	-0.001664	-1.014648	-1.283358	-13	0.851798
6754	3.7972238047e-2	0.334835	0.82120139	0.68037502	-0.001812	-1.015954	-1.294871	-14	0.851801
6755	3.8003948870e-2	0.335120	0.82119638	0.68039672	-0.001960	-1.017259	-1.306382	-15	0.851803
6756	3.8028464891e-2	0.335342	0.82119842	0.68042531	-0.001960	-1.017259	-1.306382	-15	0.851806
6757	3.7998403187e-2	0.335083	0.82120042	0.68039925	-0.001812	-1.015954	-1.294873	-14	0.851809
6758	3.8045041246e-2	0.335500	0.82120985	0.68046475	-0.001960	-1.017259	-1.306380	-15	0.851811
6759	3.8144906826e-2	0.336386	0.82122638	0.68059767	-0.001960	-1.017259	-1.306380	-15	0.851814
6760	3.8051783027e-2	0.335570	0.82125690	0.68056558	-0.001960	-1.017259	-1.306380	-15	0.851816
6761	3.8026946918e-2	0.335357	0.82125025	0.68052744	-0.002108	-1.018563	-1.317884	-16	0.851819
6762	3.8216421624e-2	0.337033	0.82125980	0.68073603	-0.002108	-1.018563	-1.317884	-16	0.851821
6763	3.8166758729e-2	0.336601	0.82126086	0.68068847	-0.002256	-1.019867	-1.329384	-17	0.851824
6764	3.7995590861e-2	0.335097	0.82127953	0.68055465	-0.002256	-1.019867	-1.329384	-17	0.851826
6765	3.8157124028e-2	0.336527	0.82126698	0.68069109	-0.002108	-1.018564	-1.317886	-16	0.851829
6766	3.8048881810e-2	0.335578	0.82127081	0.68059049	-0.002256	-1.019867	-1.329383	-17	0.851831
6767	3.7981712102e-2	0.334992	0.82127797	0.68053764	-0.002108	-1.018564	-1.317888	-16	0.851834
6768	3.7875131473e-2	0.334057	0.82128648	0.68044809	-0.002108	-1.018564	-1.317888	-16	0.851837
6769	3.7948799704e-2	0.334713	0.82129432	0.68053745	-0.001960	-1.017261	-1.306395	-15	0.851839
6770	3.7782124146e-2	0.333248	0.82130303	0.68038817	-0.002108	-1.018564	-1.317886	-16	0.851842
6771	3.7970815168e-2	0.334918	0.82129599	0.68056280	-0.002256	-1.019866	-1.329376	-17	0.851844
6772	3.8122094119e-2	0.336258	0.82128935	0.68070079	-0.002256	-1.019866	-1.329376	-17	0.851847
6773	3.8087771356e-2	0.335961	0.82128548	0.68065874	-0.002108	-1.018564	-1.317889	-16	0.851849
6774	3.8104054562e-2	0.336110	0.82131380	0.68073166	-0.002256	-1.019866	-1.329375	-17	0.851852
6775	3.8128201803e-2	0.336329	0.82129740	0.68072300	-0.002256	-1.019866	-1.329375	-17	0.851854
6776	3.8070874000e-2	0.335829	0.82130116	0.68067320	-0.002256	-1.019866	-1.329375	-17	0.851857
6777	3.8141597774e-2	0.336458	0.82133329	0.68080818	-0.002256	-1.019866	-1.329375	-17	0.851860
6778	3.8117973258e-2	0.336255	0.82132152	0.68076102	-0.002108	-1.018565	-1.317894	-16	0.851862
6779	3.8204000203e-2	0.337020	0.82132410	0.68085219	-0.002256	-1.019866	-1.329374	-17	0.851865
6780	3.8222324684e-2	0.337187	0.82135779	0.68093790	-0.002256	-1.019866	-1.329374	-17	0.851867
6781	3.7970593294e-2	0.334972	0.82137374	0.68071808	-0.002403	-1.021167	-1.340851	-18	0.851870
6782	3.7917240511e-2	0.334507	0.82138583	0.68068891	-0.002256	-1.019866	-1.329375	-17	0.851872
6783	3.7668863075e-2	0.332321	0.82140137	0.68047160	-0.002108	-1.018565	-1.317901	-16	0.851875
6784	3.7640878060e-2	0.332080	0.82140880	0.68045849	-0.002108	-1.018565	-1.317901	-16	0.851877
6785	3.7667456431e-2	0.332320	0.82138854	0.68044453	-0.002256	-1.019866	-1.329373	-17	0.851880
6786	3.7833753573e-2	0.333793	0.82138484	0.68060343	-0.002256	-1.019866	-1.329373	-17	0.851883
6787	3.7716934135e-2	0.332768	0.82138370	0.68048433	-0.002108	-1.018566	-1.317903	-16	0.851885
6788	3.7983021822e-2	0.335121	0.82139697	0.68077697	-0.002108	-1.018566	-1.317903	-16	0.851888
6789	3.7788053431e-2	0.333406	0.82141425	0.68061655	-0.002256	-1.019865	-1.329370	-17	0.851890
6790	3.7876392538e-2	0.334191	0.82142753	0.68073146	-0.002108	-1.018566	-1.317905	-16	0.851893
6791	3.7866639303e-2	0.334111	0.82141422	0.68069509	-0.002256	-1.019865	-1.329369	-17	0.851895
6792	3.7789485419e-2	0.333436	0.82141322	0.68061593	-0.002256	-1.019865	-1.329369	-17	0.851898
6793	3.7928754236e-2	0.334670	0.82142295	0.68077465	-0.002403	-1.021164	-1.340830	-18	0.851900
6794	3.7986783160e-2	0.335188	0.82141183	0.68081045	-0.002550	-1.022463	-1.352290	-19	0.851903
6795	3.8315376067e-2	0.338093	0.82140917	0.68113371	-0.002550	-1.022463	-1.352290	-19	0.851905
6796	3.8114524294e-2	0.336326	0.82140138	0.68091729	-0.002550	-1.022463	-1.352290	-19	0.851908
6797	3.7990267619e-2	0.335235	0.82139232	0.68077491	-0.002403	-1.021165	-1.340834	-18	0.851911
6798	3.8038971163e-2	0.335670	0.82137128	0.68078153	-0.002256	-1.019867	-1.329379	-17	0.851913
6799	3.7995408473e-2	0.335292	0.82139136	0.68077814	-0.002109	-1.018569	-1.317926	-16	0.851916
6800	3.8313865759e-2	0.338108	0.82139045	0.68109477	-0.002109	-1.018569	-1.317926	-16	0.851918
6801	3.8124922356e-2	0.336446	0.82138510	0.68089512	-0.001962	-1.017271	-1.306475	-15	0.851921
6802	3.7917808027e-2	0.334624	0.82136880	0.68065540	-0.002109	-1.018569	-1.317924	-16	0.851923
6803	3.7754943636e-2	0.333192	0.82136971	0.68049437	-0.002256	-1.019866	-1.329373	-17	0.851926
6804	3.7753563442e-2	0.333185	0.82136488	0.68048333	-0.002256	-1.019866	-1.329373	-17	0.851928
6805	3.7685581253e-2	0.332591	0.82135214	0.68038987	-0.002109	-1.018569	-1.317927	-16	0.851931
6806	3.7817612709e-2	0.333762	0.82133683	0.68049126	-0.002256	-1.019866	-1.329371	-17	0.851933
6807	3.7687347853e-2	0.332617	0.82134554	0.68037842	-0.002109	-1.018569	-1.317928	-16	0.851936
6808	3.7499580121e-2	0.330966	0.82135463	0.68020883	-0.002109	-1.018569	-1.317928	-16	0.851938
6809	3.7548434918e-2	0.331403	0.82134029	0.68022901	-0.001962	-1.017273	-1.306488	-15	0.851941
6810	3.7449616236e-2	0.330536	0.82136031	0.68017023	-0.001815	-1.015977	-1.295048	-14	0.851944
6811	3.7577235337e-2	0.331668	0.82134891	0.68027505	-0.001815	-1.015977	-1.295048	-14	0.851946
6812	3.7576000018e-2	0.331662	0.82135848	0.68029296	-0.001815	-1.015977	-1.295048	-14	0.851949
6813	3.7386068369e-2	0.329991	0.82133422	0.68005450	-0.001815	-1.015977	-1.295048	-14	0.851951
6814	3.7441705779e-2	0.330488	0.82133826	0.68011823	-0.001668	-1.014681	-1.283614	-13	0.851954
6815	3.7613087792e-2	0.332006	0.82133951	0.68029210	-0.001815	-1.015977	-1.295047	-14	0.851956
6816	3.7455283547e-2	0.330619	0.82134640	0.68014809	-0.001815	-1.015977	-1.295047	-14	0.851959
6817	3.7562963388e-2	0.331575	0.82135332	0.68026961	-0.001668	-1.014682	-1.283617	-13	0.851961
6818	3.7509551602e-2	0.331109	0.82134554	0.68020063	-0.001815	-1.015976	-1.295046	-14	0.851964
6819	3.7683984047e-2	0.332654	0.82135380	0.68039158	-0.001668	-1.014682	-1.283618	-13	0.851966
6820	3.7617991315e-2	0.332077	0.82137485	0.68036770	-0.001668	-1.014682	-1.283618	-13	0.851969
6821	3.7484849011e-2	0.330907	0.82136774	0.68022032	-0.001522	-1.013388	-1.272193	-12	0.851971
6822	3.7550137456e-2	0.331489	0.82138008	0.68031029	-0.001522	-1.013388	-1.272193	-12	0.851974
6823	3.7691349534e-2	0.332741	0.82134815	0.68038766	-0.001668	-1.014682	-1.283616	-13	0.851976
6824	3.7498843019e-2	0.331047	0.82134878	0.68019641	-0.001668	-1.014682	-1.283616	-13	0.851979
6825	3.7528097852e-2	0.331311	0.82135465	0.68023740	-0.001668	-1.014682	-1.283616	-13	0.851981
6826	3.7392187629e-2	0.330117	0.82134229	0.68007676	-0.001522	-1.013388	-1.272197	-12	0.851984
6827	3.7239582189e-2	0.328775	0.82136487	0.67996932	-0.001668	-1.014681	-1.283615	-13	0.851986
6828	3.7344764850e-2	0.329709	0.82135661	0.68005799	-0.001668	-1.014681	-1.283615	-13	0.851989
6829	3.7506191033e-2	0.331140	0.82135075	0.68020769	-0.001815	-1.015974	-1.295029	-14	0.851991
6830	3.7356601221e-2	0.329824	0.82134863	0.68005386	-0.001961	-1.017267	-1.306442	-15	0.851994
6831	3.7450271479e-2	0.330657	0.82136285	0.68017596	-0.001961	-1.017267	-1.306442	-15	0.851996
6832	3.7422196485e-2	0.330415	0.82133326	0.68008872	-0.001961	-1.017267	-1.306442	-15	0.851999
6833	3.7263500103e-2	0.329019	0.82136466	0.67999283	-0.002107	-1.018559	-1.317852	-16	0.852001
6834	3.7372302692e-2	0.329985	0.82136198	0.68009627	-0.001961	-1.017267	-1.306444	-15	0.852004
6835	3.7424991941e-2	0.330456	0.82133767	0.68010033	-0.001815	-1.015975	-1.295037	-14	0.852006
6836	3.7525361501e-2	0.331347	0.82135140	0.68022817	-0.001815	-1.015975	-1.295037	-14	0.852009
6837	3.7353294421e-2	0.329833	0.82135136	0.68005601	-0.001961	-1.017267	-1.306441	-15	0.852011
6838	3.7607854169e-2	0.332087	0.82137920	0.68036626	-0.002107	-1.018558	-1.317844	-16	0.852014
6839	3.7492258938e-2	0.331072	0.82138190	0.68025606	-0.001961	-1.017267	-1.306442	-15	0.852017
6840	3.7375004759e-2	0.330042	0.82137699	0.68012899	-0.001961	-1.017267	-1.306442	-15	0.852019
6841	3.7505132277e-2	0.331196	0.82136430	0.68023374	-0.002107	-1.018558	-1.317841	-16	0.852022
6842	3.7447231128e-2	0.330690	0.82137529	0.68019781	-0.002253	-1.019848	-1.329239	-17	0.852024
6843	3.7303345126e-2	0.329425	0.82137241	0.68004817	-0.002107	-1.018558	-1.317843	-16	0.852027
6844	3.7382531966e-2	0.330130	0.82138856	0.68015965	-0.002107	-1.018558	-1.317843	-16	0.852029
6845	3.7431296094e-2	0.330566	0.82139784	0.68022698	-0.002107	-1.018558	-1.317843	-16	0.852032
6846	3.7381908347e-2	0.330135	0.82140340	0.68018872	-0.001961	-1.017268	-1.306450	-15	0.852034
6847	3.7542265210e-2	0.331557	0.82139285	0.68032798	-0.001815	-1.015978	-1.295059	-14	0.852037
6848	3.7564263308e-2	0.331757	0.82139388	0.68035202	-0.001815	-1.015978	-1.295059	-14	0.852039
6849	3.7463826402e-2	0.330875	0.82138631	0.68023644	-0.001815	-1.015978	-1.295059	-14	0.852042
6850	3.7426336125e-2	0.330550	0.82140050	0.68022734	-0.001815	-1.015978	-1.295059	-14	0.852044
6851	3.7430737801e-2	0.330594	0.82142038	0.68027151	-0.001961	-1.017267	-1.306445	-15	0.852047
6852	3.7350739488e-2	0.329893	0.82143614	0.68022303	-0.001961	-1.017267	-1.306445	-15	0.852049
6853	3.7279061328e-2	0.329265	0.82146294	0.68020495	-0.002107	-1.018556	-1.317829	-16	0.852052
6854	3.7279146766e-2	0.329271	0.82146480	0.68020875	-0.002253	-1.019845	-1.329211	-17	0.852054
6855	3.7302367362e-2	0.329482	0.82145307	0.68020851	-0.002399	-1.021133	-1.340592	-18	0.852057
6856	3.7349698820e-2	0.329905	0.82147522	0.68030013	-0.002399	-1.021133	-1.340592	-18	0.852059
6857	3.7471722000e-2	0.330989	0.82148849	0.68044870	-0.002545	-1.022421	-1.351970	-19	0.852062
6858	3.7570969828e-2	0.331871	0.82150774	0.68058644	-0.002545	-1.022421	-1.351970	-19	0.852064
6859	3.7661020234e-2	0.332672	0.82152126	0.68070353	-0.002545	-1.022421	-1.351970	-19	0.852067
6860	3.7700409153e-2	0.333025	0.82152412	0.68074865	-0.002545	-1.022421	-1.351970	-19	0.852069
6861	3.7693332967e-2	0.332968	0.82152976	0.68075285	-0.002399	-1.021134	-1.340597	-18	0.852072
6862	3.7542215065e-2	0.331639	0.82155281	0.68064784	-0.002545	-1.022421	-1.351969	-19	0.852074
6863	3.7678393693e-2	0.332847	0.82155792	0.68079422	-0.002690	-1.023708	-1.363340	-20	0.852077
6864	3.7555805437e-2	0.331770	0.82157324	0.68070229	-0.002690	-1.023708	-1.363340	-20	0.852079
6865	3.7594693097e-2	0.332119	0.82156355	0.68072179	-0.002545	-1.022422	-1.351972	-19	0.852082
6866	3.7560724065e-2	0.331824	0.82156374	0.68068820	-0.002399	-1.021135	-1.340605	-18	0.852085
6867	3.7682082029e-2	0.332902	0.82157013	0.68082233	-0.002399	-1.021135	-1.340605	-18	0.852087
6868	3.7910884504e-2	0.334929	0.82156933	0.68104953	-0.002399	-1.021135	-1.340605	-18	0.852090
6869	3.7830795973e-2	0.334227	0.82157652	0.68098384	-0.002545	-1.022421	-1.351968	-19	0.852092
6870	3.7659175181e-2	0.332716	0.82157579	0.68081076	-0.002399	-1.021135	-1.340606	-18	0.852095
6871	3.7637507515e-2	0.332530	0.82157573	0.68078896	-0.002545	-1.022421	-1.351967	-19	0.852097
6872	3.7527024627e-2	0.331559	0.82157546	0.68067794	-0.002545	-1.022421	-1.351967	-19	0.852100
6873	3.7486032980e-2	0.331202	0.82155822	0.68060247	-0.002690	-1.023706	-1.363325	-20	0.852102
6874	3.7584029899e-2	0.332074	0.82156705	0.68071813	-0.002836	-1.024992	-1.374681	-21	0.852105
6875	3.7488390261e-2	0.331234	0.82156478	0.68061796	-0.002836	-1.024992	-1.374681	-21	0.852107
6876	3.7370772990e-2	0.330200	0.82157160	0.68051397	-0.002836	-1.024992	-1.374681	-21	0.852110
6877	3.7464681495e-2	0.331036	0.82155849	0.68058167	-0.002836	-1.024992	-1.374681	-21	0.852112
6878	3.7594849675e-2	0.332191	0.82157566	0.68074616	-0.002981	-1.026276	-1.386033	-22	0.852115
6879	3.7607656554e-2	0.332310	0.82158635	0.68078036	-0.002836	-1.024992	-1.374683	-21	0.852117
6880	3.7640664801e-2	0.332607	0.82161127	0.68086321	-0.002836	-1.024992	-1.374683	-21	0.852120
6881	3.7708671693e-2	0.333213	0.82161816	0.68094500	-0.002690	-1.023708	-1.363335	-20	0.852122
6882	3.7570056182e-2	0.331994	0.82161113	0.68079232	-0.002545	-1.022424	-1.351988	-19	0.852125
6883	3.7723475359e-2	0.333355	0.82158931	0.68090209	-0.002690	-1.023708	-1.363334	-20	0.852127
6884	3.7584217087e-2	0.332130	0.82160263	0.68078947	-0.002690	-1.023708	-1.363334	-20	0.852130
6885	3.7603732138e-2	0.332308	0.82158658	0.68077689	-0.002690	-1.023708	-1.363334	-20	0.852132
6886	3.7507928738e-2	0.331467	0.82159319	0.68069430	-0.002835	-1.024991	-1.374675	-21	0.852135
6887	3.7572737872e-2	0.332045	0.82161964	0.68081202	-0.002690	-1.023708	-1.363335	-20	0.852137
6888	3.7749037806e-2	0.333608	0.82161319	0.68097541	-0.002690	-1.023708	-1.363335	-20	0.852140
6889	3.7646634474e-2	0.332709	0.82161178	0.68087019	-0.002690	-1.023708	-1.363335	-20	0.852142
6890	3.7786368084e-2	0.333949	0.82159846	0.68098328	-0.002545	-1.022425	-1.351999	-19	0.852145
6891	3.7863709153e-2	0.334638	0.82161033	0.68108436	-0.002400	-1.021143	-1.340663	-18	0.852148
6892	3.7788557011e-2	0.333980	0.82163770	0.68106395	-0.002400	-1.021143	-1.340663	-18	0.852150
6893	3.7792135546e-2	0.334017	0.82163852	0.68106917	-0.002255	-1.019860	-1.329331	-17	0.852153
6894	3.7739977513e-2	0.333561	0.82163673	0.68101343	-0.002255	-1.019860	-1.329331	-17	0.852155
6895	3.7959176607e-2	0.335504	0.82167357	0.68130632	-0.002400	-1.021142	-1.340661	-18	0.852158
6896	3.7838672691e-2	0.334445	0.82167761	0.68119388	-0.002400	-1.021142	-1.340661	-18	0.852160
6897	3.7652710487e-2	0.332806	0.82168318	0.68101908	-0.002400	-1.021142	-1.340661	-18	0.852163
6898	3.7754864908e-2	0.333715	0.82171901	0.68119289	-0.002255	-1.019861	-1.329335	-17	0.852165
6899	3.7896964933e-2	0.334976	0.82172041	0.68133778	-0.002400	-1.021142	-1.340660	-18	0.852168
6900	3.7838870453e-2	0.334468	0.82175236	0.68134360	-0.002400	-1.021142	-1.340660	-18	0.852170
6901	3.7957438954e-2	0.335522	0.82172131	0.68140006	-0.002255	-1.019861	-1.329337	-17	0.852173
6902	3.7864522542e-2	0.334706	0.82170274	0.68127001	-0.002110	-1.018580	-1.318016	-16	0.852175
6903	3.7904676167e-2	0.335066	0.82169984	0.68130435	-0.002110	-1.018580	-1.318016	-16	0.852178
6904	3.7963137592e-2	0.335589	0.82171039	0.68138392	-0.002110	-1.018580	-1.318016	-16	0.852180
6905	3.7940460954e-2	0.335394	0.82170805	0.68135656	-0.001965	-1.017300	-1.306699	-15	0.852183
6906	3.7880353773e-2	0.334868	0.82171075	0.68130185	-0.002110	-1.018580	-1.318015	-16	0.852185
6907	3.7941036141e-2	0.335410	0.82170414	0.68134932	-0.002255	-1.019860	-1.329330	-17	0.852188
6908	3.7983781319e-2	0.335793	0.82171038	0.68140454	-0.002255	-1.019860	-1.329330	-17	0.852190
6909	3.7855421191e-2	0.334664	0.82172244	0.68130030	-0.002255	-1.019860	-1.329330	-17	0.852192
6910	3.7809755392e-2	0.334266	0.82173915	0.68128806	-0.002400	-1.021140	-1.340641	-18	0.852195
6911	3.7754701147e-2	0.333784	0.82176634	0.68128738	-0.002544	-1.022419	-1.351950	-19	0.852197
6912	3.7589938163e-2	0.332333	0.82178159	0.68115312	-0.002544	-1.022419	-1.351950	-19	0.852200
6913	3.7576010470e-2	0.332215	0.82179388	0.68116376	-0.002400	-1.021140	-1.340643	-18	0.852202
6914	3.7558529472e-2	0.332066	0.82179188	0.68114229	-0.002255	-1.019861	-1.329337	-17	0.852205
6915	3.7685376914e-2	0.333193	0.82179177	0.68126892	-0.002400	-1.021140	-1.340642	-18	0.852207
6916	3.7760794579e-2	0.333866	0.82181132	0.68138343	-0.002400	-1.021140	-1.340642	-18	0.852210
6917	3.7868675840e-2	0.334825	0.82180386	0.68147640	-0.002544	-1.022418	-1.351944	-19	0.852212
6918	3.7881952605e-2	0.334948	0.82178292	0.68144779	-0.002689	-1.023696	-1.363245	-20	0.852215
6919	3.7832390088e-2	0.334515	0.82179782	0.68142803	-0.002833	-1.024974	-1.374544	-21	0.852217
6920	3.7998063957e-2	0.335985	0.82181479	0.68162765	-0.002833	-1.024974	-1.374544	-21	0.852220
6921	3.7974321508e-2	0.335781	0.82182258	0.68161948	-0.002833	-1.024974	-1.374544	-21	0.852222
6922	3.8072297937e-2	0.336653	0.82182182	0.68171594	-0.002689	-1.023697	-1.363249	-20	0.852225
6923	3.8419405922e-2	0.339728	0.82183928	0.68209797	-0.002833	-1.024974	-1.374543	-21	0.852227
6924	3.8285689359e-2	0.338551	0.82184404	0.68197376	-0.002833	-1.024974	-1.374543	-21	0.852230
6925	3.8352824792e-2	0.339150	0.82184393	0.68204068	-0.002833	-1.024974	-1.374543	-21	0.852233
6926	3.8160295956e-2	0.337453	0.82184935	0.68185900	-0.002689	-1.023697	-1.363252	-20	0.852235
6927	3.7963970919e-2	0.335722	0.82183698	0.68163793	-0.002545	-1.022420	-1.351963	-19	0.852238
6928	3.7963735382e-2	0.335726	0.82186398	0.68169170	-0.002545	-1.022420	-1.351963	-19	0.852240
6929	3.7850286825e-2	0.334728	0.82188161	0.68161351	-0.002545	-1.022420	-1.351963	-19	0.852243
6930	3.7805272854e-2	0.334335	0.82189363	0.68159253	-0.002545	-1.022420	-1.351963	-19	0.852245
6931	3.7959680351e-2	0.335706	0.82187861	0.68171689	-0.002400	-1.021144	-1.340679	-18	0.852247
6932	3.8070788344e-2	0.336694	0.82188030	0.68183139	-0.002400	-1.021144	-1.340679	-18	0.852250
6933	3.8068274653e-2	0.336678	0.82188578	0.68183983	-0.002256	-1.019869	-1.329397	-17	0.852252
6934	3.7977718761e-2	0.335882	0.82189036	0.68175844	-0.002112	-1.018593	-1.318116	-16	0.852255
6935	3.8197648954e-2	0.337833	0.82190952	0.68201669	-0.002256	-1.019869	-1.329395	-17	0.852257
6936	3.8142731527e-2	0.337353	0.82192014	0.68198302	-0.002256	-1.019869	-1.329395	-17	0.852260
6937	3.8012438088e-2	0.336206	0.82193029	0.68187301	-0.002112	-1.018594	-1.318119	-16	0.852262
6938	3.7772560478e-2	0.334090	0.82191373	0.68160002	-0.001968	-1.017319	-1.306843	-15	0.852265
6939	3.7919952509e-2	0.335399	0.82191768	0.68175531	-0.001968	-1.017319	-1.306843	-15	0.852267
6940	3.7891884317e-2	0.335156	0.82193725	0.68176637	-0.001968	-1.017319	-1.306843	-15	0.852270
6941	3.7957569334e-2	0.335742	0.82194474	0.68184705	-0.001824	-1.016045	-1.295571	-14	0.852272
6942	3.7948509064e-2	0.335668	0.82195581	0.68186013	-0.001680	-1.014770	-1.284301	-13	0.852275
6943	3.7912860808e-2	0.335358	0.82194593	0.68180471	-0.001536	-1.013496	-1.273031	-12	0.852277
6944	3.8181024248e-2	0.337735	0.82195383	0.68208869	-0.001536	-1.013496	-1.273031	-12	0.852280
6945	3.8211867982e-2	0.338014	0.82198177	0.68217541	-0.001680	-1.014770	-1.284298	-13	0.852282
6946	3.8389646877e-2	0.339592	0.82200130	0.68239225	-0.001823	-1.016044	-1.295564	-14	0.852285
6947	3.8701875921e-2	0.342359	0.82200468	0.68271125	-0.001967	-1.017317	-1.306828	-15	0.852287
6948	3.8574336187e-2	0.341237	0.82200174	0.68257782	-0.001967	-1.017317	-1.306828	-15	0.852290
6949	3.8314732447e-2	0.338946	0.82202243	0.68235960	-0.002111	-1.018590	-1.318090	-16	0.852292
6950	3.8302740118e-2	0.338845	0.82204153	0.68238580	-0.002111	-1.018590	-1.318090	-16	0.852294
6951	3.7952184705e-2	0.335749	0.82204419	0.68204057	-0.002255	-1.019863	-1.329349	-17	0.852297
6952	3.7898044059e-2	0.335276	0.82204298	0.68198400	-0.002255	-1.019863	-1.329349	-17	0.852299
6953	3.8312126298e-2	0.338945	0.82203198	0.68237608	-0.002111	-1.018590	-1.318092	-16	0.852302
6954	3.8183971118e-2	0.337816	0.82201131	0.68220659	-0.001968	-1.017318	-1.306837	-15	0.852304
6955	3.8256829660e-2	0.338466	0.82200093	0.68225869	-0.002111	-1.018590	-1.318091	-16	0.852307
6956	3.8211906047e-2	0.338074	0.82200591	0.68222372	-0.002111	-1.018590	-1.318091	-16	0.852309
6957	3.8090151014e-2	0.337003	0.82201507	0.68212030	-0.002111	-1.018590	-1.318091	-16	0.852312
6958	3.8415177763e-2	0.339884	0.82200922	0.68243362	-0.002111	-1.018590	-1.318091	-16	0.852314
6959	3.8274013111e-2	0.338640	0.82199956	0.68227313	-0.002255	-1.019862	-1.329340	-17	0.852317
6960	3.8377845085e-2	0.339565	0.82200023	0.68237830	-0.002255	-1.019862	-1.329340	-17	0.852319
6961	3.8285778539e-2	0.338756	0.82200466	0.68229511	-0.002399	-1.021133	-1.340587	-18	0.852322
6962	3.8169033990e-2	0.337728	0.82198871	0.68214645	-0.002399	-1.021133	-1.340587	-18	0.852324
6963	3.8153456924e-2	0.337596	0.82199586	0.68214518	-0.002542	-1.022403	-1.351831	-19	0.852327
6964	3.8042684769e-2	0.336621	0.82197890	0.68200048	-0.002542	-1.022403	-1.351831	-19	0.852329
6965	3.7911432538e-2	0.335465	0.82195679	0.68182502	-0.002686	-1.023674	-1.363073	-20	0.852332
6966	3.7846355429e-2	0.334895	0.82196018	0.68176672	-0.002686	-1.023674	-1.363073	-20	0.852334
6967	3.7819146474e-2	0.334659	0.82194988	0.68171890	-0.002829	-1.024944	-1.374312	-21	0.852336
6968	3.7850812386e-2	0.334945	0.82196104	0.68177288	-0.002829	-1.024944	-1.374312	-21	0.852339
6969	3.7939977564e-2	0.335739	0.82199756	0.68193510	-0.002973	-1.026214	-1.385549	-22	0.852341
6970	3.8047412297e-2	0.336696	0.82200653	0.68206047	-0.002829	-1.024944	-1.374313	-21	0.852344
6971	3.8136568211e-2	0.337490	0.82199620	0.68212897	-0.002973	-1.026214	-1.385548	-22	0.852346
6972	3.7990165283e-2	0.336200	0.82200196	0.68199409	-0.002973	-1.026214	-1.385548	-22	0.852349
6973	3.8316698363e-2	0.339095	0.82199283	0.68230235	-0.002830	-1.024944	-1.374316	-21	0.852351
6974	3.8198138949e-2	0.338051	0.82200767	0.68221349	-0.002973	-1.026213	-1.385546	-22	0.852354
6975	3.7787350322e-2	0.334421	0.82199659	0.68178052	-0.002973	-1.026213	-1.385546	-22	0.852356
6976	3.7596564353e-2	0.332738	0.82200222	0.68160100	-0.002973	-1.026213	-1.385546	-22	0.852359
6977	3.7593666434e-2	0.332718	0.82200220	0.68159806	-0.003116	-1.027482	-1.396773	-23	0.852361
6978	3.7684116790e-2	0.333524	0.82198545	0.68165501	-0.003260	-1.028750	-1.407999	-24	0.852364
6979	3.7663700551e-2	0.333349	0.82198555	0.68163481	-0.003116	-1.027482	-1.396774	-23	0.852366
6980	3.7513021341e-2	0.332020	0.82198163	0.68147629	-0.003116	-1.027482	-1.396774	-23	0.852369
6981	3.7684408233e-2	0.333543	0.82199682	0.68167805	-0.003259	-1.028750	-1.407996	-24	0.852371
6982	3.7839344797e-2	0.334919	0.82199416	0.68182767	-0.003116	-1.027482	-1.396776	-23	0.852374
6983	3.7870525331e-2	0.335201	0.82201667	0.68190387	-0.003259	-1.028750	-1.407995	-24	0.852376
6984	3.7854858799e-2	0.335068	0.82201025	0.68187536	-0.003259	-1.028750	-1.407995	-24	0.852379
6985	3.7670271177e-2	0.333439	0.82202937	0.68172901	-0.003403	-1.030017	-1.419212	-25	0.852381
6986	3.7531279011e-2	0.332214	0.82202009	0.68157146	-0.003546	-1.031284	-1.430427	-26	0.852384
6987	3.7527222676e-2	0.332184	0.82202231	0.68157185	-0.003689	-1.032551	-1.441642	-27	0.852386
6988	3.7783049947e-2	0.334454	0.82200567	0.68179440	-0.003689	-1.032551	-1.441642	-27	0.852389
6989	3.7807469044e-2	0.334675	0.82201999	0.68184745	-0.003546	-1.031284	-1.430430	-26	0.852391
6990	3.7683472958e-2	0.333583	0.82202441	0.68173230	-0.003403	-1.030018	-1.419219	-25	0.852394
6991	3.7696519139e-2	0.333704	0.82203781	0.68177214	-0.003546	-1.031284	-1.430429	-26	0.852396
6992	3.8034940372e-2	0.336705	0.82203722	0.68210939	-0.003546	-1.031284	-1.430429	-26	0.852399
6993	3.7705060279e-2	0.333790	0.82203844	0.68178194	-0.003546	-1.031284	-1.430429	-26	0.852401
6994	3.7681467875e-2	0.333587	0.82203110	0.68174366	-0.003689	-1.032550	-1.441634	-27	0.852404
6995	3.7499720306e-2	0.331983	0.82204601	0.68159175	-0.003546	-1.031284	-1.430430	-26	0.852406
6996	3.7597526652e-2	0.332854	0.82206501	0.68172754	-0.003546	-1.031284	-1.430430	-26	0.852409
6997	3.7399163332e-2	0.331104	0.82207680	0.68155277	-0.003689	-1.032550	-1.441632	-27	0.852411
6998	3.7263963522e-2	0.329912	0.82206124	0.68138645	-0.003546	-1.031285	-1.430431	-26	0.852414
6999	3.7295826585e-2	0.330199	0.82206325	0.68142233	-0.003403	-1.030020	-1.419232	-25	0.852416
7000	3.7343958771e-2	0.330631	0.82206823	0.68148041	-0.003403	-1.030020	-1.419232	-25	0.852419
7001	3.7370021260e-2	0.330867	0.82206142	0.68149285	-0.003546	-1.031284	-1.430429	-26	0.852421
7002	3.7479708656e-2	0.331844	0.82205519	0.68159008	-0.003546	-1.031284	-1.430429	-26	0.852424
7003	3.7458710790e-2	0.331663	0.82203683	0.68153237	-0.003403	-1.030020	-1.419234	-25	0.852426
7004	3.7577314562e-2	0.332718	0.82205223	0.68168178	-0.003403	-1.030020	-1.419234	-25	0.852429
7005	3.7629009592e-2	0.333182	0.82206095	0.68175091	-0.003546	-1.031284	-1.430426	-26	0.852431
7006	3.7538296059e-2	0.332384	0.82206130	0.68166090	-0.003688	-1.032548	-1.441617	-27	0.852434
7007	3.7590927716e-2	0.332855	0.82207018	0.68173128	-0.003688	-1.032548	-1.441617	-27	0.852436
7008	3.7451388172e-2	0.331625	0.82210555	0.68166249	-0.003688	-1.032548	-1.441617	-27	0.852439
7009	3.7494298412e-2	0.332010	0.82210191	0.68169811	-0.003546	-1.031284	-1.430430	-26	0.852441
7010	3.7502371704e-2	0.332087	0.82211359	0.68172955	-0.003688	-1.032548	-1.441616	-27	0.852444
7011	3.7302171723e-2	0.330320	0.82210635	0.68151487	-0.003688	-1.032548	-1.441616	-27	0.852446
7012	3.7225946123e-2	0.329650	0.82210199	0.68142992	-0.003688	-1.032548	-1.441616	-27	0.852449
7013	3.7305744349e-2	0.330362	0.82208510	0.68147594	-0.003831	-1.033810	-1.452798	-28	0.852451
7014	3.7409140473e-2	0.331283	0.82209994	0.68160901	-0.003688	-1.032548	-1.441617	-27	0.852454
7015	3.7172738613e-2	0.329195	0.82212132	0.68141538	-0.003831	-1.033810	-1.452796	-28	0.852456
7016	3.7094090891e-2	0.328503	0.82211762	0.68132933	-0.003831	-1.033810	-1.452796	-28	0.852459
7017	3.7071547304e-2	0.328309	0.82210432	0.68128019	-0.003689	-1.032548	-1.441619	-27	0.852461
7018	3.7279764539e-2	0.330158	0.82213608	0.68155193	-0.003689	-1.032548	-1.441619	-27	0.852464
7019	3.7289914395e-2	0.330254	0.82210560	0.68150112	-0.003831	-1.033810	-1.452794	-28	0.852466
7020	3.7373664331e-2	0.331001	0.82211993	0.68161353	-0.003831	-1.033810	-1.452794	-28	0.852469
7021	3.7386382191e-2	0.331119	0.82210545	0.68159728	-0.003973	-1.035071	-1.463966	-29	0.852471
7022	3.7360606630e-2	0.330896	0.82209823	0.68155706	-0.003831	-1.033810	-1.452795	-28	0.852474
7023	3.7529179131e-2	0.332394	0.82209947	0.68172813	-0.003689	-1.032549	-1.441625	-27	0.852476
7024	3.7635363508e-2	0.333340	0.82208724	0.68180985	-0.003689	-1.032549	-1.441625	-27	0.852479
7025	3.7479874742e-2	0.331968	0.82209571	0.68167129	-0.003689	-1.032549	-1.441625	-27	0.852481
7026	3.7565415598e-2	0.332731	0.82209573	0.68175688	-0.003831	-1.033810	-1.452792	-28	0.852484
7027	3.7451149030e-2	0.331724	0.82210812	0.68166738	-0.003973	-1.035070	-1.463956	-29	0.852486
7028	3.7152126398e-2	0.329081	0.82212608	0.68140430	-0.003973	-1.035070	-1.463956	-29	0.852489
7029	3.7247603133e-2	0.329932	0.82213386	0.68151532	-0.003973	-1.035070	-1.463956	-29	0.852491
7030	3.7210218644e-2	0.329606	0.82212395	0.68145811	-0.003831	-1.033810	-1.452795	-28	0.852494
7031	3.7403458442e-2	0.331323	0.82213038	0.68166422	-0.003689	-1.032550	-1.441635	-27	0.852496
7032	3.7381030125e-2	0.331130	0.82213510	0.68165123	-0.003689	-1.032550	-1.441635	-27	0.852499
7033	3.7316422294e-2	0.330563	0.82215472	0.68162586	-0.003547	-1.031291	-1.430478	-26	0.852501
7034	3.7476862438e-2	0.331989	0.82213918	0.68175523	-0.003404	-1.030031	-1.419321	-25	0.852504
7035	3.7213116246e-2	0.329658	0.82215080	0.68151472	-0.003262	-1.028772	-1.408166	-24	0.852506
7036	3.7251654636e-2	0.330005	0.82217940	0.68161046	-0.003262	-1.028772	-1.408166	-24	0.852509
7037	3.7273886528e-2	0.330207	0.82219299	0.68165986	-0.003120	-1.027513	-1.397014	-23	0.852511
7038	3.7358994128e-2	0.330966	0.82218411	0.68172721	-0.003120	-1.027513	-1.397014	-23	0.852513
7039	3.7481421386e-2	0.332056	0.82218544	0.68185229	-0.003262	-1.028772	-1.408164	-24	0.852516
7040	3.7663420525e-2	0.333674	0.82219638	0.68205618	-0.003262	-1.028772	-1.408164	-24	0.852518
7041	3.7525259882e-2	0.332455	0.82220427	0.68193380	-0.003120	-1.027513	-1.397016	-23	0.852521
7042	3.7485618041e-2	0.332109	0.82218135	0.68184831	-0.003262	-1.028772	-1.408163	-24	0.852523
7043	3.7495571589e-2	0.332203	0.82220655	0.68190866	-0.003404	-1.030029	-1.419308	-25	0.852526
7044	3.7604223675e-2	0.333171	0.82221921	0.68204264	-0.003404	-1.030029	-1.419308	-25	0.852528
7045	3.7784511768e-2	0.334774	0.82219308	0.68217067	-0.003262	-1.028772	-1.408165	-24	0.852531
7046	3.7771183947e-2	0.334661	0.82222548	0.68222214	-0.003404	-1.030029	-1.419307	-25	0.852533
7047	3.7515973262e-2	0.332405	0.82222168	0.68195933	-0.003404	-1.030029	-1.419307	-25	0.852536
7048	3.7371108459e-2	0.331127	0.82220991	0.68179094	-0.003404	-1.030029	-1.419307	-25	0.852538
7049	3.7627034727e-2	0.333400	0.82223136	0.68208976	-0.003546	-1.031286	-1.430445	-26	0.852541
7050	3.7595853794e-2	0.333129	0.82222601	0.68204788	-0.003546	-1.031286	-1.430445	-26	0.852543
7051	3.7651705386e-2	0.333629	0.82222588	0.68210347	-0.003404	-1.030030	-1.419309	-25	0.852546
7052	3.7879505936e-2	0.335653	0.82224447	0.68236844	-0.003404	-1.030030	-1.419309	-25	0.852548
7053	3.7643869739e-2	0.333570	0.82224733	0.68213853	-0.003262	-1.028773	-1.408176	-24	0.852550
7054	3.7561214894e-2	0.332843	0.82224748	0.68205617	-0.003121	-1.027517	-1.397044	-23	0.852553
7055	3.7416226523e-2	0.331564	0.82226116	0.68193855	-0.003262	-1.028773	-1.408175	-24	0.852555
7056	3.7315621006e-2	0.330677	0.82225394	0.68182350	-0.003262	-1.028773	-1.408175	-24	0.852558
7057	3.7494575760e-2	0.332269	0.82224399	0.68198256	-0.003404	-1.030029	-1.419303	-25	0.852560
7058	3.7503180705e-2	0.332350	0.82225274	0.68200866	-0.003262	-1.028773	-1.408176	-24	0.852563
7059	3.7472368436e-2	0.332082	0.82225031	0.68197299	-0.003404	-1.030029	-1.419302	-25	0.852565
7060	3.7210902029e-2	0.329770	0.82222872	0.68166833	-0.003404	-1.030029	-1.419302	-25	0.852568
7061	3.7149942501e-2	0.329235	0.82223460	0.68161913	-0.003262	-1.028774	-1.408179	-24	0.852570
7062	3.6996691241e-2	0.327883	0.82225512	0.68150692	-0.003121	-1.027519	-1.397057	-23	0.852573
7063	3.6984273880e-2	0.327778	0.82224516	0.68147459	-0.002979	-1.026264	-1.385936	-22	0.852575
7064	3.7065814350e-2	0.328506	0.82223932	0.68154446	-0.002979	-1.026264	-1.385936	-22	0.852578
7065	3.7097530109e-2	0.328792	0.82223467	0.68156688	-0.002979	-1.026264	-1.385936	-22	0.852580
7066	3.7012349692e-2	0.328042	0.82224676	0.68150587	-0.002838	-1.025010	-1.374819	-21	0.852582
7067	3.7108149141e-2	0.328897	0.82222201	0.68155217	-0.002696	-1.023755	-1.363703	-20	0.852585
7068	3.7193497211e-2	0.329658	0.82222030	0.68163410	-0.002696	-1.023755	-1.363703	-20	0.852587
7069	3.7182434612e-2	0.329566	0.82220634	0.68159511	-0.002838	-1.025009	-1.374816	-21	0.852590
7070	3.7321699420e-2	0.330805	0.82222579	0.68177328	-0.002696	-1.023755	-1.363704	-20	0.852592
7071	3.7152766899e-2	0.329313	0.82223072	0.68161420	-0.002555	-1.022502	-1.352593	-19	0.852595
7072	3.7232110944e-2	0.330022	0.82221963	0.68167137	-0.002555	-1.022502	-1.352593	-19	0.852597
7073	3.7373353021e-2	0.331279	0.82223172	0.68183680	-0.002413	-1.021249	-1.341484	-18	0.852600
7074	3.7161990410e-2	0.329411	0.82224825	0.68165850	-0.002413	-1.021249	-1.341484	-18	0.852602
7075	3.6904442970e-2	0.327133	0.82225143	0.68140731	-0.002413	-1.021249	-1.341484	-18	0.852604
7076	3.6947792900e-2	0.327522	0.82225397	0.68145574	-0.002413	-1.021249	-1.341484	-18	0.852607
7077	3.6772191552e-2	0.325971	0.82225839	0.68128896	-0.002555	-1.022501	-1.352588	-19	0.852609
7078	3.6612135106e-2	0.324557	0.82229367	0.68119947	-0.002414	-1.021249	-1.341486	-18	0.852612
7079	3.6533064290e-2	0.323862	0.82229432	0.68112171	-0.002555	-1.022501	-1.352587	-19	0.852614
7080	3.6557002540e-2	0.324079	0.82228975	0.68113651	-0.002555	-1.022501	-1.352587	-19	0.852617
7081	3.6626542102e-2	0.324701	0.82231082	0.68124819	-0.002414	-1.021249	-1.341488	-18	0.852619
7082	3.6590190365e-2	0.324383	0.82232172	0.68123364	-0.002272	-1.019997	-1.330390	-17	0.852621
7083	3.6531371661e-2	0.323867	0.82231261	0.68115659	-0.002272	-1.019997	-1.330390	-17	0.852624
7084	3.6582617722e-2	0.324327	0.82230255	0.68118772	-0.002272	-1.019997	-1.330390	-17	0.852626
7085	3.6619926068e-2	0.324663	0.82230681	0.68123355	-0.002413	-1.021249	-1.341484	-18	0.852629
7086	3.6593925918e-2	0.324437	0.82230604	0.68120600	-0.002555	-1.022500	-1.352577	-19	0.852631
7087	3.6736420855e-2	0.325706	0.82232424	0.68138489	-0.002414	-1.021249	-1.341486	-18	0.852633
7088	3.6605196010e-2	0.324547	0.82232740	0.68125999	-0.002414	-1.021249	-1.341486	-18	0.852636
7089	3.6639140190e-2	0.324854	0.82233454	0.68130822	-0.002555	-1.022500	-1.352575	-19	0.852638
7090	3.6806243859e-2	0.326340	0.82234378	0.68149381	-0.002696	-1.023750	-1.363663	-20	0.852641
7091	3.6793009360e-2	0.326228	0.82235335	0.68149972	-0.002555	-1.022500	-1.352576	-19	0.852643
7092	3.6824320770e-2	0.326511	0.82233247	0.68148926	-0.002555	-1.022500	-1.352576	-19	0.852646
7093	3.6873936372e-2	0.326956	0.82233718	0.68154830	-0.002414	-1.021250	-1.341492	-18	0.852648
7094	3.6833268353e-2	0.326601	0.82233987	0.68151301	-0.002273	-1.020000	-1.330409	-17	0.852650
7095	3.6799164081e-2	0.326304	0.82234525	0.68148967	-0.002132	-1.018750	-1.319327	-16	0.852653
7096	3.6735130764e-2	0.325741	0.82235793	0.68145100	-0.002132	-1.018750	-1.319327	-16	0.852655
7097	3.6716266620e-2	0.325579	0.82234332	0.68140291	-0.001991	-1.017501	-1.308247	-15	0.852658
7098	3.6675618040e-2	0.325224	0.82234261	0.68136084	-0.001991	-1.017501	-1.308247	-15	0.852660
7099	3.6618834746e-2	0.324725	0.82235892	0.68133668	-0.001850	-1.016251	-1.297170	-14	0.852663
7100	3.6793519070e-2	0.326279	0.82234887	0.68149127	-0.001850	-1.016251	-1.297170	-14	0.852665
7101	3.6782638295e-2	0.326188	0.82235863	0.68149990	-0.001850	-1.016251	-1.297170	-14	0.852667
7102	3.6823086179e-2	0.326552	0.82233568	0.68149445	-0.001991	-1.017500	-1.308243	-15	0.852670
7103	3.6819125941e-2	0.326522	0.82233913	0.68149738	-0.002132	-1.018749	-1.319316	-16	0.852672
7104	3.6722334221e-2	0.325669	0.82234374	0.68140981	-0.002132	-1.018749	-1.319316	-16	0.852675
7105	3.6720634935e-2	0.325659	0.82235342	0.68142747	-0.002132	-1.018749	-1.319316	-16	0.852677
7106	3.6618613004e-2	0.324759	0.82234608	0.68131078	-0.001991	-1.017501	-1.308247	-15	0.852679
7107	3.6785766719e-2	0.326247	0.82237435	0.68153447	-0.002132	-1.018748	-1.319315	-16	0.852682
7108	3.6769024646e-2	0.326104	0.82238418	0.68153739	-0.002132	-1.018748	-1.319315	-16	0.852684
7109	3.6831044094e-2	0.326659	0.82236573	0.68156250	-0.002272	-1.019996	-1.330380	-17	0.852687
7110	3.6830486581e-2	0.326659	0.82237483	0.68158014	-0.002272	-1.019996	-1.330380	-17	0.852689
7111	3.6900791412e-2	0.327288	0.82238566	0.68167211	-0.002132	-1.018749	-1.319317	-16	0.852691
7112	3.6877472946e-2	0.327086	0.82237974	0.68163695	-0.002132	-1.018749	-1.319317	-16	0.852694
7113	3.6810971711e-2	0.326502	0.82237521	0.68156138	-0.001991	-1.017502	-1.308257	-15	0.852696
7114	3.6912136562e-2	0.327404	0.82236711	0.68164636	-0.001850	-1.016255	-1.297198	-14	0.852699
7115	3.6758130614e-2	0.326043	0.82236477	0.68148767	-0.001710	-1.015008	-1.286140	-13	0.852701
7116	3.6782499616e-2	0.326264	0.82234586	0.68147421	-0.001710	-1.015008	-1.286140	-13	0.852703
7117	3.6860880239e-2	0.326965	0.82232675	0.68151438	-0.001569	-1.013762	-1.275085	-12	0.852706
7118	3.6763232053e-2	0.326104	0.82232704	0.68141731	-0.001429	-1.012516	-1.264030	-11	0.852708
7119	3.6942417216e-2	0.327699	0.82231064	0.68156370	-0.001429	-1.012516	-1.264030	-11	0.852710
7120	3.7000113021e-2	0.328216	0.82230150	0.68160312	-0.001429	-1.012516	-1.264030	-11	0.852713
7121	3.7159962491e-2	0.329639	0.82230750	0.68177497	-0.001569	-1.013761	-1.275081	-12	0.852715
7122	3.7395561951e-2	0.331734	0.82232660	0.68204877	-0.001710	-1.015007	-1.286130	-13	0.852718
7123	3.7397413091e-2	0.331756	0.82232464	0.68204668	-0.001569	-1.013762	-1.275082	-12	0.852720
7124	3.7462233321e-2	0.332336	0.82231399	0.68209022	-0.001569	-1.013762	-1.275082	-12	0.852722
7125	3.7487118119e-2	0.332562	0.82231711	0.68212133	-0.001569	-1.013762	-1.275082	-12	0.852725
7126	3.7364657571e-2	0.331481	0.82231442	0.68199349	-0.001710	-1.015007	-1.286127	-13	0.852727
7127	3.7336875727e-2	0.331240	0.82232253	0.68198194	-0.001850	-1.016251	-1.297170	-14	0.852730
7128	3.7431124836e-2	0.332081	0.82233167	0.68209447	-0.001850	-1.016251	-1.297170	-14	0.852732
7129	3.7338043054e-2	0.331260	0.82233415	0.68200634	-0.001990	-1.017496	-1.308211	-15	0.852734
7130	3.7377937739e-2	0.331620	0.82234448	0.68206689	-0.001850	-1.016252	-1.297171	-14	0.852737
7131	3.7450016585e-2	0.332264	0.82231350	0.68207702	-0.001710	-1.015007	-1.286133	-13	0.852739
7132	3.7375572115e-2	0.331609	0.82233572	0.68204701	-0.001710	-1.015007	-1.286133	-13	0.852741
7133	3.7471164099e-2	0.332462	0.82233295	0.68213706	-0.001570	-1.013763	-1.275097	-12	0.852744
7134	3.7662743665e-2	0.334167	0.82232654	0.68231582	-0.001429	-1.012520	-1.264062	-11	0.852746
7135	3.7570270595e-2	0.333352	0.82231214	0.68219455	-0.001289	-1.011276	-1.253028	-10	0.852749
7136	3.7804238695e-2	0.335434	0.82233550	0.68247524	-0.001289	-1.011276	-1.253028	-10	0.852751
7137	3.7624059731e-2	0.333840	0.82234090	0.68230585	-0.001289	-1.011276	-1.253028	-10	0.852753
7138	3.7662488479e-2	0.334186	0.82233626	0.68233500	-0.001429	-1.012519	-1.264058	-11	0.852756
7139	3.7637447517e-2	0.333969	0.82232214	0.68228172	-0.001429	-1.012519	-1.264058	-11	0.852758
7140	3.7595667082e-2	0.333604	0.82231928	0.68223423	-0.001429	-1.012519	-1.264058	-11	0.852760
7141	3.7472541373e-2	0.332517	0.82232169	0.68211593	-0.001289	-1.011277	-1.253031	-10	0.852763
7142	3.7562492546e-2	0.333320	0.82230464	0.68217178	-0.001149	-1.010034	-1.242006	-9	0.852765
7143	3.7437491363e-2	0.332216	0.82228894	0.68201537	-0.001009	-1.008792	-1.230982	-8	0.852768
7144	3.7482012984e-2	0.332616	0.82229240	0.68206681	-0.001009	-1.008792	-1.230982	-8	0.852770
7145	3.7410433456e-2	0.331986	0.82230791	0.68202626	-0.000869	-1.007550	-1.219960	-7	0.852772
7146	3.7475407087e-2	0.332568	0.82230382	0.68208304	-0.000869	-1.007550	-1.219960	-7	0.852775
7147	3.7376958119e-2	0.331700	0.82231084	0.68199863	-0.000729	-1.006308	-1.208941	-6	0.852777
7148	3.7624658529e-2	0.333903	0.82232362	0.68227190	-0.000729	-1.006308	-1.208941	-6	0.852779
7149	3.7583571777e-2	0.333544	0.82231619	0.68221595	-0.000589	-1.005067	-1.197924	-5	0.852782
7150	3.7518187414e-2	0.332969	0.82233668	0.68219154	-0.000589	-1.005067	-1.197924	-5	0.852784
7151	3.7425576889e-2	0.332152	0.82233188	0.68208933	-0.000729	-1.006308	-1.208938	-6	0.852786
7152	3.7390985639e-2	0.331851	0.82233935	0.68206968	-0.000729	-1.006308	-1.208938	-6	0.852789
7153	3.7286380708e-2	0.330927	0.82233075	0.68194787	-0.000590	-1.005067	-1.197926	-5	0.852791
7154	3.7514945588e-2	0.332961	0.82236365	0.68224225	-0.000590	-1.005067	-1.197926	-5	0.852793
7155	3.7350833047e-2	0.331510	0.82237862	0.68210807	-0.000590	-1.005067	-1.197926	-5	0.852796
7156	3.7303373527e-2	0.331094	0.82237210	0.68204757	-0.000590	-1.005067	-1.197926	-5	0.852798
7157	3.7492691548e-2	0.332779	0.82237888	0.68225045	-0.000450	-1.003827	-1.186918	-4	0.852800
7158	3.7512088062e-2	0.332957	0.82239039	0.68229286	-0.000590	-1.005067	-1.197925	-5	0.852803
7159	3.7740017647e-2	0.334985	0.82238157	0.68250316	-0.000729	-1.006307	-1.208930	-6	0.852805
7160	3.7516143700e-2	0.333003	0.82236953	0.68225521	-0.000729	-1.006307	-1.208930	-6	0.852807
7161	3.7734716665e-2	0.334949	0.82237742	0.68248956	-0.000590	-1.005067	-1.197927	-5	0.852810
7162	3.7706400072e-2	0.334703	0.82237045	0.68244730	-0.000450	-1.003828	-1.186926	-4	0.852812
7163	3.8041256868e-2	0.337680	0.82238434	0.68280993	-0.000590	-1.005067	-1.197926	-5	0.852814
7164	3.7925785436e-2	0.336661	0.82240687	0.68273953	-0.000590	-1.005067	-1.197926	-5	0.852817
7165	3.7819773339e-2	0.335725	0.82242659	0.68267296	-0.000450	-1.003828	-1.186928	-4	0.852819
7166	3.7729436508e-2	0.334928	0.82243146	0.68259235	-0.000310	-1.002589	-1.175931	-3	0.852821
7167	3.7774941282e-2	0.335337	0.82241378	0.68260251	-0.000171	-1.001351	-1.164936	-2	0.852824
7168	3.7666751241e-2	0.334382	0.82241873	0.68250420	-0.000171	-1.001351	-1.164936	-2	0.852826
7169	3.7939028414e-2	0.336805	0.82240726	0.68275354	-0.000031	-1.000112	-1.153942	-1	0.852828
7170	3.8077917781e-2	0.338043	0.82244023	0.68295837	0.000108	-0.998874	-1.142950	0	0.852831
7171	3.8101063432e-2	0.338254	0.82244143	0.68298392	0.000248	-0.997636	-1.131959	1	0.852833
7172	3.8069387856e-2	0.337978	0.82244786	0.68296511	0.000248	-0.997636	-1.131959	1	0.852835
7173	3.8156584766e-2	0.338757	0.82244846	0.68305351	0.000248	-0.997636	-1.131959	1	0.852838
7174	3.8237247998e-2	0.339479	0.82244182	0.68312090	0.000108	-0.998874	-1.142947	0	0.852840
7175	3.8285454121e-2	0.339912	0.82242379	0.68313303	0.000108	-0.998874	-1.142947	0	0.852842
7176	3.8235373929e-2	0.339473	0.82243253	0.68310044	0.000108	-0.998874	-1.142947	0	0.852844
7177	3.8534615645e-2	0.342135	0.82242834	0.68339130	-0.000031	-1.000111	-1.153930	-1	0.852847
7178	3.8087847890e-2	0.338173	0.82243084	0.68294952	-0.000171	-1.001348	-1.164913	-2	0.852849
7179	3.8135074506e-2	0.338598	0.82241654	0.68296816	-0.000031	-1.000111	-1.153932	-1	0.852851
7180	3.8156590164e-2	0.338794	0.82243137	0.68301932	-0.000031	-1.000111	-1.153932	-1	0.852854
7181	3.8184523743e-2	0.339048	0.82242352	0.68303156	0.000108	-0.998875	-1.142953	0	0.852856
7182	3.8311073780e-2	0.340177	0.82242958	0.68317024	0.000108	-0.998875	-1.142953	0	0.852858
7183	3.8173835932e-2	0.338964	0.82243627	0.68304637	0.000247	-0.997638	-1.131976	1	0.852861
7184	3.7877408369e-2	0.336337	0.82242659	0.68273059	0.000247	-0.997638	-1.131976	1	0.852863
7185	3.7835067127e-2	0.335966	0.82245211	0.68273929	0.000108	-0.998874	-1.142950	0	0.852865
7186	3.7849451195e-2	0.336099	0.82245933	0.68276811	0.000247	-0.997639	-1.131977	1	0.852867
7187	3.7716730991e-2	0.334926	0.82245465	0.68262603	0.000108	-0.998874	-1.142949	0	0.852870
7188	3.7958698840e-2	0.337080	0.82247595	0.68291059	0.000108	-0.998874	-1.142949	0	0.852872
7189	3.8058538276e-2	0.337972	0.82249251	0.68304356	-0.000031	-1.000109	-1.153919	-1	0.852874
7190	3.8083966682e-2	0.338203	0.82251193	0.68310782	-0.000170	-1.001344	-1.164887	-2	0.852877
7191	3.8069461503e-2	0.338079	0.82251192	0.68309330	-0.000170	-1.001344	-1.164887	-2	0.852879
7192	3.7930034108e-2	0.336846	0.82250235	0.68293473	-0.000170	-1.001344	-1.164887	-2	0.852881
7193	3.7669670471e-2	0.334539	0.82252412	0.68271791	-0.000309	-1.002579	-1.175852	-3	0.852884
7194	3.7486702231e-2	0.332920	0.82252905	0.68254481	-0.000170	-1.001345	-1.164888	-2	0.852886
7195	3.7446189082e-2	0.332565	0.82250893	0.68246406	-0.000031	-1.000110	-1.153926	-1	0.852888
7196	3.7648823191e-2	0.334370	0.82251008	0.68266898	-0.000031	-1.000110	-1.153926	-1	0.852891
7197	3.7934241727e-2	0.336910	0.82251877	0.68297177	0.000108	-0.998876	-1.142966	0	0.852893
7198	3.8092748593e-2	0.338323	0.82253460	0.68316194	-0.000031	-1.000110	-1.153925	-1	0.852895
7199	3.8172282711e-2	0.339035	0.82251750	0.68320728	0.000108	-0.998876	-1.142967	0	0.852897
7200	3.8175505617e-2	0.339069	0.82251610	0.68320771	0.000108	-0.998876	-1.142967	0	0.852900
7201	3.8265383862e-2	0.339872	0.82251652	0.68329842	0.000247	-0.997643	-1.132011	1	0.852902
7202	3.8378237407e-2	0.340880	0.82252486	0.68342795	0.000108	-0.998876	-1.142966	0	0.852904
7203	3.7912901279e-2	0.336752	0.82255139	0.68301569	0.000108	-0.998876	-1.142966	0	0.852907
7204	3.8008072878e-2	0.337603	0.82256264	0.68313335	0.000108	-0.998876	-1.142966	0	0.852909
7205	3.7456287193e-2	0.332707	0.82257017	0.68259662	-0.000031	-1.000109	-1.153916	-1	0.852911
7206	3.7396888998e-2	0.332184	0.82258376	0.68256441	-0.000170	-1.001342	-1.164866	-2	0.852914
7207	3.7511919670e-2	0.333211	0.82256172	0.68263536	-0.000309	-1.002574	-1.175814	-3	0.852916
7208	3.7389636205e-2	0.332130	0.82255899	0.68250761	-0.000309	-1.002574	-1.175814	-3	0.852918
7209	3.7386813750e-2	0.332110	0.82255217	0.68249116	-0.000309	-1.002574	-1.175814	-3	0.852920
7210	3.7401633336e-2	0.332247	0.82255839	0.68251841	-0.000170	-1.001342	-1.164869	-2	0.852923
7211	3.7503397011e-2	0.333156	0.82257146	0.68264632	-0.000308	-1.002574	-1.175813	-3	0.852925
7212	3.7245023179e-2	0.330866	0.82258006	0.68240514	-0.000308	-1.002574	-1.175813	-3	0.852927
7213	3.7290684495e-2	0.331277	0.82258723	0.68246514	-0.000447	-1.003806	-1.186754	-4	0.852930
7214	3.7159323242e-2	0.330115	0.82258148	0.68232229	-0.000309	-1.002574	-1.175814	-3	0.852932
7215	3.7210781142e-2	0.330578	0.82257147	0.68235372	-0.000170	-1.001343	-1.164875	-2	0.852934
7216	3.7306076643e-2	0.331429	0.82258121	0.68246849	-0.000170	-1.001343	-1.164875	-2	0.852937
7217	3.7396867691e-2	0.332241	0.82257642	0.68254972	-0.000031	-1.000112	-1.153939	-1	0.852939
7218	3.7406937900e-2	0.332336	0.82255545	0.68251785	-0.000031	-1.000112	-1.153939	-1	0.852941
7219	3.7209620529e-2	0.330588	0.82254962	0.68230886	-0.000170	-1.001343	-1.164873	-2	0.852943
7220	3.7046525255e-2	0.329144	0.82255427	0.68215507	-0.000170	-1.001343	-1.164873	-2	0.852946
7221	3.7135731415e-2	0.329942	0.82255217	0.68224006	-0.000308	-1.002573	-1.175805	-3	0.852948
7222	3.7050819522e-2	0.329192	0.82256848	0.68218778	-0.000447	-1.003803	-1.186735	-4	0.852950
7223	3.6999132795e-2	0.328738	0.82256516	0.68212946	-0.000308	-1.002573	-1.175806	-3	0.852953
7224	3.7280659575e-2	0.331245	0.82256917	0.68241900	-0.000308	-1.002573	-1.175806	-3	0.852955
7225	3.7294630847e-2	0.331374	0.82257352	0.68244167	-0.000308	-1.002573	-1.175806	-3	0.852957
7226	3.7287630410e-2	0.331317	0.82256483	0.68241730	-0.000170	-1.001344	-1.164880	-2	0.852960
7227	3.7376832031e-2	0.332115	0.82256472	0.68250628	-0.000170	-1.001344	-1.164880	-2	0.852962
7228	3.7322823726e-2	0.331640	0.82257606	0.68247494	-0.000170	-1.001344	-1.164880	-2	0.852964
7229	3.7331725263e-2	0.331724	0.82256465	0.68246103	-0.000308	-1.002573	-1.175802	-3	0.852966
7230	3.7341333524e-2	0.331815	0.82255986	0.68246105	-0.000170	-1.001344	-1.164881	-2	0.852969
7231	3.7524171008e-2	0.333445	0.82256480	0.68265377	-0.000032	-1.000115	-1.153961	-1	0.852971
7232	3.7594710130e-2	0.334077	0.82255927	0.68271325	-0.000032	-1.000115	-1.153961	-1	0.852973
7233	3.7756169005e-2	0.335517	0.82257116	0.68289848	0.000107	-0.998886	-1.143043	0	0.852976
7234	3.7491766903e-2	0.333172	0.82258982	0.68267141	0.000245	-0.997658	-1.132127	1	0.852978
7235	3.7463684607e-2	0.332928	0.82258399	0.68263166	0.000383	-0.996429	-1.121211	2	0.852980
7236	3.7427947137e-2	0.332616	0.82258244	0.68259283	0.000383	-0.996429	-1.121211	2	0.852982
7237	3.7356167252e-2	0.331983	0.82257364	0.68250344	0.000245	-0.997657	-1.132124	1	0.852985
7238	3.7247093434e-2	0.331019	0.82255841	0.68236392	0.000383	-0.996430	-1.121212	2	0.852987
7239	3.7266530513e-2	0.331197	0.82256692	0.68240037	0.000245	-0.997657	-1.132123	1	0.852989
7240	3.7158561177e-2	0.330242	0.82257875	0.68231607	0.000245	-0.997657	-1.132123	1	0.852992
7241	3.7083751716e-2	0.329582	0.82256481	0.68221337	0.000383	-0.996430	-1.121215	2	0.852994
7242	3.7111469909e-2	0.329834	0.82256874	0.68224895	0.000521	-0.995203	-1.110307	3	0.852996
7243	3.7177008217e-2	0.330421	0.82256007	0.68229715	0.000383	-0.996430	-1.121213	2	0.852998
7244	3.7263823722e-2	0.331198	0.82255811	0.68238004	0.000383	-0.996430	-1.121213	2	0.853001
7245	3.7227401227e-2	0.330880	0.82255519	0.68233778	0.000383	-0.996430	-1.121213	2	0.853003
7246	3.7161858352e-2	0.330302	0.82256769	0.68229724	0.000521	-0.995203	-1.110311	3	0.853005
7247	3.7177693506e-2	0.330448	0.82257157	0.68232082	0.000383	-0.996430	-1.121212	2	0.853007
7248	3.7153201051e-2	0.330236	0.82257637	0.68230595	0.000383	-0.996430	-1.121212	2	0.853010
7249	3.7116185798e-2	0.329912	0.82256686	0.68224990	0.000521	-0.995203	-1.110313	3	0.853012
7250	3.7066763566e-2	0.329477	0.82257153	0.68220982	0.000521	-0.995203	-1.110313	3	0.853014
7251	3.7125496014e-2	0.330005	0.82256288	0.68225125	0.000659	-0.993978	-1.099416	4	0.853017
7252	3.7107518107e-2	0.329850	0.82256865	0.68224481	0.000659	-0.993978	-1.099416	4	0.853019
7253	3.7165168577e-2	0.330368	0.82259281	0.68235079	0.000521	-0.995203	-1.110311	3	0.853021
7254	3.7119681180e-2	0.329968	0.82257104	0.68226176	0.000521	-0.995203	-1.110311	3	0.853023
7255	3.7280312093e-2	0.331401	0.82258562	0.68245155	0.000659	-0.993978	-1.099419	4	0.853026
7256	3.7453382623e-2	0.332945	0.82259761	0.68264861	0.000659	-0.993978	-1.099419	4	0.853028
7257	3.7573521684e-2	0.334018	0.82259437	0.68276226	0.000521	-0.995203	-1.110308	3	0.853030
7258	3.7691406204e-2	0.335071	0.82259494	0.68288129	0.000383	-0.996428	-1.121197	2	0.853032
7259	3.7685241411e-2	0.335022	0.82260500	0.68289524	0.000245	-0.997652	-1.132085	1	0.853035
7260	3.7820113558e-2	0.336226	0.82260573	0.68303157	0.000245	-0.997652	-1.132085	1	0.853037
7261	3.7655245855e-2	0.334765	0.82261777	0.68289079	0.000383	-0.996428	-1.121199	2	0.853039
7262	3.7825095488e-2	0.336281	0.82260804	0.68304117	0.000521	-0.995204	-1.110315	3	0.853041
7263	3.7904933327e-2	0.336996	0.82260489	0.68311472	0.000521	-0.995204	-1.110315	3	0.853044
7264	3.7873538498e-2	0.336722	0.82259473	0.68306301	0.000521	-0.995204	-1.110315	3	0.853046
7265	3.7667194596e-2	0.334892	0.82259602	0.68285924	0.000659	-0.993980	-1.099435	4	0.853048
7266	3.7901314300e-2	0.336979	0.82259332	0.68308796	0.000796	-0.992756	-1.088556	5	0.853050
7267	3.7993971805e-2	0.337808	0.82260298	0.68319992	0.000796	-0.992756	-1.088556	5	0.853053
7268	3.7557900323e-2	0.333936	0.82261874	0.68279539	0.000796	-0.992756	-1.088556	5	0.853055
7269	3.7619192580e-2	0.334486	0.82260216	0.68282351	0.000934	-0.991533	-1.077680	6	0.853057
7270	3.7726351242e-2	0.335444	0.82260528	0.68293691	0.000796	-0.992756	-1.088554	5	0.853059
7271	3.7464538894e-2	0.333122	0.82259865	0.68266183	0.000934	-0.991533	-1.077681	6	0.853062
7272	3.7265982522e-2	0.331361	0.82259472	0.68245542	0.000934	-0.991533	-1.077681	6	0.853064
7273	3.7356509066e-2	0.332171	0.82261552	0.68258756	0.001071	-0.990311	-1.066810	7	0.853066
7274	3.7487453797e-2	0.333341	0.82261265	0.68271275	0.001209	-0.989088	-1.055940	8	0.853068
7275	3.7630371667e-2	0.334617	0.82260337	0.68283711	0.001209	-0.989088	-1.055940	8	0.853071
7276	3.7830310309e-2	0.336400	0.82258965	0.68300961	0.001209	-0.989088	-1.055940	8	0.853073
7277	3.7590446942e-2	0.334272	0.82258879	0.68276802	0.001346	-0.987866	-1.045073	9	0.853075
7278	3.7838897701e-2	0.336487	0.82258987	0.68301863	0.001209	-0.989088	-1.055939	8	0.853077
7279	3.8104186328e-2	0.338851	0.82257602	0.68325622	0.001346	-0.987866	-1.045074	9	0.853080
7280	3.8233720815e-2	0.340008	0.82256068	0.68335509	0.001346	-0.987866	-1.045074	9	0.853082
7281	3.8463244223e-2	0.342055	0.82254773	0.68355871	0.001346	-0.987866	-1.045074	9	0.853084
7282	3.8182698470e-2	0.339565	0.82257683	0.68333636	0.001209	-0.989088	-1.055935	8	0.853086
7283	3.8015978264e-2	0.338087	0.82258687	0.68318972	0.001071	-0.990309	-1.066795	7	0.853088
7284	3.7807048113e-2	0.336235	0.82258382	0.68297468	0.001071	-0.990309	-1.066795	7	0.853091
7285	3.7891274505e-2	0.336989	0.82261050	0.68311227	0.000934	-0.991530	-1.077652	6	0.853093
7286	3.7345390920e-2	0.332139	0.82262320	0.68259180	0.001071	-0.990309	-1.066796	7	0.853095
7287	3.7242321433e-2	0.331228	0.82263944	0.68252119	0.000934	-0.991529	-1.077651	6	0.853097
7288	3.7171183360e-2	0.330600	0.82266554	0.68250226	0.000934	-0.991529	-1.077651	6	0.853100
7289	3.7322877400e-2	0.331954	0.82267618	0.68267523	0.001071	-0.990309	-1.066798	7	0.853102
7290	3.7417443539e-2	0.332800	0.82267228	0.68276200	0.001071	-0.990309	-1.066798	7	0.853104
7291	3.7350754048e-2	0.332212	0.82266025	0.68267125	0.001209	-0.989089	-1.055948	8	0.853106
7292	3.7441327543e-2	0.333023	0.82267585	0.68279302	0.001209	-0.989089	-1.055948	8	0.853109
7293	3.7294491119e-2	0.331722	0.82268956	0.68267360	0.001346	-0.987870	-1.045100	9	0.853111
7294	3.7429278592e-2	0.332926	0.82267100	0.68277127	0.001209	-0.989089	-1.055947	8	0.853113
7295	3.7607942980e-2	0.334521	0.82266280	0.68293355	0.001346	-0.987870	-1.045101	9	0.853115
7296	3.7432126828e-2	0.332962	0.82265143	0.68273499	0.001346	-0.987870	-1.045101	9	0.853117
7297	3.7514603052e-2	0.333701	0.82264384	0.68280229	0.001209	-0.989089	-1.055944	8	0.853120
7298	3.7588447419e-2	0.334363	0.82264154	0.68287152	0.001072	-0.990308	-1.066787	7	0.853122
7299	3.7304392499e-2	0.331841	0.82262960	0.68256360	0.001072	-0.990308	-1.066787	7	0.853124
7300	3.7242264375e-2	0.331293	0.82263869	0.68251964	0.001072	-0.990308	-1.066787	7	0.853126
7301	3.7055795308e-2	0.329640	0.82264391	0.68234362	0.001072	-0.990308	-1.066787	7	0.853129
7302	3.7248700462e-2	0.331361	0.82263828	0.68252526	0.000935	-0.991526	-1.077624	6	0.853131
7303	3.7468538725e-2	0.333322	0.82264681	0.68276216	0.001072	-0.990308	-1.066788	7	0.853133
7304	3.7560870518e-2	0.334148	0.82263679	0.68283445	0.001072	-0.990308	-1.066788	7	0.853135
7305	3.7621301199e-2	0.334691	0.82263623	0.68289376	0.000935	-0.991526	-1.077622	6	0.853138
7306	3.7493539052e-2	0.333559	0.82264856	0.68279067	0.000798	-0.992743	-1.088455	5	0.853140
7307	3.7868277586e-2	0.336898	0.82263616	0.68314060	0.000661	-0.993961	-1.099287	4	0.853142
7308	3.7890497118e-2	0.337101	0.82265006	0.68319061	0.000661	-0.993961	-1.099287	4	0.853144
7309	3.7848051821e-2	0.336729	0.82266013	0.68316832	0.000524	-0.995178	-1.110117	3	0.853146
7310	3.7787499760e-2	0.336195	0.82264925	0.68308600	0.000661	-0.993961	-1.099288	4	0.853149
7311	3.7826065109e-2	0.336544	0.82264240	0.68311086	0.000798	-0.992744	-1.088461	5	0.853151
7312	3.7407873519e-2	0.332828	0.82265881	0.68272549	0.000798	-0.992744	-1.088461	5	0.853153
7313	3.7440099821e-2	0.333120	0.82265805	0.68275621	0.000934	-0.991527	-1.077636	6	0.853155
7314	3.7172299572e-2	0.330742	0.82267768	0.68252765	0.001071	-0.990311	-1.066812	7	0.853158
7315	3.7137237475e-2	0.330435	0.82267281	0.68248287	0.001208	-0.989095	-1.055989	8	0.853160
7316	3.7084402591e-2	0.329970	0.82267413	0.68243266	0.001208	-0.989095	-1.055989	8	0.853162
7317	3.7145512177e-2	0.330519	0.82266990	0.68248532	0.001208	-0.989095	-1.055989	8	0.853164
7318	3.7097885868e-2	0.330100	0.82266127	0.68242042	0.001345	-0.987879	-1.045170	9	0.853167
7319	3.7231447704e-2	0.331294	0.82264646	0.68252437	0.001481	-0.986663	-1.034352	10	0.853169
7320	3.7185892721e-2	0.330894	0.82266349	0.68251288	0.001481	-0.986663	-1.034352	10	0.853171
7321	3.7310551619e-2	0.332008	0.82267204	0.68265463	0.001345	-0.987878	-1.045167	9	0.853173
7322	3.7459736985e-2	0.333341	0.82268018	0.68282009	0.001208	-0.989094	-1.055982	8	0.853175
7323	3.7575553727e-2	0.334376	0.82267686	0.68292928	0.001345	-0.987879	-1.045169	9	0.853178
7324	3.7173173296e-2	0.330801	0.82269398	0.68256113	0.001345	-0.987879	-1.045169	9	0.853180
7325	3.6988302245e-2	0.329161	0.82268733	0.68236297	0.001345	-0.987879	-1.045169	9	0.853182
7326	3.7059556497e-2	0.329800	0.82269039	0.68244033	0.001345	-0.987879	-1.045169	9	0.853184
7327	3.7170454165e-2	0.330792	0.82267680	0.68252406	0.001481	-0.986664	-1.034360	10	0.853186
7328	3.7123349183e-2	0.330378	0.82268454	0.68249242	0.001481	-0.986664	-1.034360	10	0.853189
7329	3.7153550631e-2	0.330652	0.82269113	0.68253581	0.001345	-0.987878	-1.045166	9	0.853191
7330	3.6965395287e-2	0.328982	0.82269843	0.68236225	0.001208	-0.989092	-1.055972	8	0.853193
7331	3.7041321218e-2	0.329663	0.82269737	0.68243606	0.001072	-0.990306	-1.066776	7	0.853195
7332	3.6891683465e-2	0.328336	0.82272197	0.68233563	0.001072	-0.990306	-1.066776	7	0.853197
7333	3.6858485325e-2	0.328046	0.82271440	0.68228728	0.000935	-0.991520	-1.077579	6	0.853200
7334	3.6885454677e-2	0.328291	0.82273127	0.68234799	0.000799	-0.992734	-1.088380	5	0.853202
7335	3.6972030885e-2	0.329066	0.82274693	0.68246589	0.000799	-0.992734	-1.088380	5	0.853204
7336	3.7014138966e-2	0.329446	0.82273951	0.68249315	0.000799	-0.992734	-1.088380	5	0.853206
7337	3.7064012518e-2	0.329895	0.82275786	0.68257973	0.000663	-0.993947	-1.099177	4	0.853209
7338	3.7153755695e-2	0.330699	0.82276698	0.68268772	0.000526	-0.995160	-1.109974	3	0.853211
7339	3.7070000769e-2	0.329959	0.82275504	0.68258007	0.000663	-0.993947	-1.099178	4	0.853213
7340	3.6903303859e-2	0.328480	0.82277529	0.68245389	0.000663	-0.993947	-1.099178	4	0.853215
7341	3.6950930662e-2	0.328909	0.82277956	0.68251005	0.000799	-0.992734	-1.088385	5	0.853217
7342	3.7119966174e-2	0.330418	0.82277100	0.68266196	0.000935	-0.991522	-1.077593	6	0.853220
7343	3.7258360367e-2	0.331655	0.82275826	0.68277488	0.001071	-0.990310	-1.066803	7	0.853222
7344	3.7433798775e-2	0.333222	0.82276651	0.68296682	0.001071	-0.990310	-1.066803	7	0.853224
7345	3.7396436052e-2	0.332895	0.82277121	0.68293886	0.000935	-0.991522	-1.077591	6	0.853226
7346	3.7438137163e-2	0.333271	0.82277669	0.68299153	0.001071	-0.990310	-1.066804	7	0.853229
7347	3.7335799937e-2	0.332365	0.82279391	0.68292363	0.000935	-0.991522	-1.077590	6	0.853231
7348	3.7318846169e-2	0.332219	0.82281240	0.68294365	0.000935	-0.991522	-1.077590	6	0.853233
7349	3.7669233192e-2	0.335344	0.82280685	0.68328293	0.000799	-0.992733	-1.088374	5	0.853235
7350	3.7671948231e-2	0.335373	0.82280922	0.68329039	0.000799	-0.992733	-1.088374	5	0.853237
7351	3.7721847789e-2	0.335822	0.82280539	0.68333263	0.000663	-0.993944	-1.099156	4	0.853240
7352	3.7894953254e-2	0.337368	0.82281617	0.68352730	0.000663	-0.993944	-1.099156	4	0.853242
7353	3.7933970059e-2	0.337721	0.82284848	0.68363093	0.000663	-0.993944	-1.099156	4	0.853244
7354	3.8188198089e-2	0.339990	0.82285683	0.68390187	0.000799	-0.992733	-1.088377	5	0.853246
7355	3.8129990159e-2	0.339476	0.82286382	0.68385762	0.000935	-0.991523	-1.077600	6	0.853249
7356	3.8291616859e-2	0.340921	0.82289069	0.68407300	0.000935	-0.991523	-1.077600	6	0.853251
7357	3.8325789982e-2	0.341230	0.82289396	0.68411371	0.001071	-0.990313	-1.066825	7	0.853253
7358	3.8559353219e-2	0.343315	0.82290984	0.68437904	0.000935	-0.991523	-1.077599	6	0.853255
7359	3.8610191320e-2	0.343773	0.82292172	0.68445364	0.000799	-0.992733	-1.088372	5	0.853257
7360	3.8862368332e-2	0.346023	0.82292267	0.68470770	0.000799	-0.992733	-1.088372	5	0.853260
7361	3.8912899246e-2	0.346479	0.82291901	0.68475091	0.000935	-0.991523	-1.077601	6	0.853262
7362	3.8676006973e-2	0.344375	0.82291684	0.68450969	0.000935	-0.991523	-1.077601	6	0.853264
7363	3.8594439555e-2	0.343653	0.82289414	0.68438272	0.001071	-0.990314	-1.066833	7	0.853266
7364	3.8432298603e-2	0.342215	0.82287415	0.68418059	0.001071	-0.990314	-1.066833	7	0.853268
7365	3.8266727665e-2	0.340746	0.82286575	0.68399822	0.000935	-0.991523	-1.077599	6	0.853271
7366	3.8166026430e-2	0.339854	0.82287775	0.68392152	0.000799	-0.992732	-1.088364	5	0.853273
7367	3.8409024705e-2	0.342023	0.82288942	0.68418787	0.000935	-0.991523	-1.077600	6	0.853275
7368	3.8047218901e-2	0.338807	0.82288670	0.68382062	0.000935	-0.991523	-1.077600	6	0.853277
7369	3.7979037842e-2	0.338205	0.82290050	0.68378005	0.000799	-0.992731	-1.088362	5	0.853279
7370	3.8326883105e-2	0.341308	0.82289358	0.68411404	0.000935	-0.991523	-1.077601	6	0.853282
7371	3.8092149685e-2	0.339222	0.82290089	0.68389393	0.000935	-0.991523	-1.077601	6	0.853284
7372	3.8220222870e-2	0.340368	0.82290827	0.68403677	0.000935	-0.991523	-1.077601	6	0.853286
7373	3.8122542968e-2	0.339503	0.82290762	0.68393777	0.001071	-0.990315	-1.066845	7	0.853288
7374	3.8115829662e-2	0.339449	0.82291279	0.68394141	0.000935	-0.991523	-1.077600	6	0.853291
7375	3.8150056156e-2	0.339759	0.82290743	0.68396491	0.000935	-0.991523	-1.077600	6	0.853293
7376	3.7940343131e-2	0.337896	0.82292341	0.68378715	0.000935	-0.991523	-1.077600	6	0.853295
7377	3.7766979697e-2	0.336357	0.82291160	0.68359017	0.001071	-0.990316	-1.066848	7	0.853297
7378	3.7584157496e-2	0.334734	0.82290476	0.68339367	0.001206	-0.989108	-1.056097	8	0.853299
7379	3.7649209435e-2	0.335319	0.82289146	0.68343212	0.001342	-0.987901	-1.045347	9	0.853302
7380	3.7631482612e-2	0.335166	0.82289886	0.68342920	0.001342	-0.987901	-1.045347	9	0.853304
7381	3.7790251128e-2	0.336585	0.82289288	0.68357602	0.001342	-0.987901	-1.045347	9	0.853306
7382	3.7647305442e-2	0.335317	0.82287769	0.68340270	0.001477	-0.986695	-1.034600	10	0.853308
7383	3.7480734798e-2	0.333838	0.82289015	0.68326104	0.001342	-0.987901	-1.045346	9	0.853310
7384	3.7183794787e-2	0.331199	0.82291694	0.68301767	0.001342	-0.987901	-1.045346	9	0.853312
7385	3.7245032867e-2	0.331749	0.82290695	0.68305893	0.001206	-0.989107	-1.056089	8	0.853315
7386	3.7342789008e-2	0.332625	0.82289423	0.68313125	0.001071	-0.990313	-1.066831	7	0.853317
7387	3.7294897625e-2	0.332203	0.82289196	0.68307881	0.001206	-0.989108	-1.056090	8	0.853319
7388	3.7311850500e-2	0.332359	0.82290445	0.68312074	0.001206	-0.989108	-1.056090	8	0.853321
7389	3.7124548479e-2	0.330696	0.82291081	0.68294616	0.001206	-0.989108	-1.056090	8	0.853323
7390	3.7238852801e-2	0.331719	0.82289603	0.68303092	0.001071	-0.990313	-1.066828	7	0.853326
7391	3.7304421510e-2	0.332308	0.82290328	0.68311098	0.001206	-0.989108	-1.056091	8	0.853328
7392	3.7031668834e-2	0.329884	0.82293499	0.68290165	0.001206	-0.989108	-1.056091	8	0.853330
7393	3.7215348726e-2	0.331525	0.82294395	0.68310325	0.001071	-0.990313	-1.066825	7	0.853332
7394	3.7415230126e-2	0.333311	0.82293909	0.68329341	0.001206	-0.989108	-1.056092	8	0.853334
7395	3.7317110011e-2	0.332442	0.82294068	0.68319846	0.001341	-0.987903	-1.045361	9	0.853337
7396	3.7383198221e-2	0.333035	0.82295321	0.68328962	0.001341	-0.987903	-1.045361	9	0.853339
7397	3.7253570487e-2	0.331886	0.82295534	0.68316426	0.001477	-0.986699	-1.034631	10	0.853341
7398	3.7239948651e-2	0.331769	0.82294149	0.68312292	0.001477	-0.986699	-1.034631	10	0.853343
7399	3.6995678951e-2	0.329598	0.82294064	0.68287697	0.001477	-0.986699	-1.034631	10	0.853345
7400	3.7146772674e-2	0.330949	0.82294450	0.68303577	0.001477	-0.986699	-1.034631	10	0.853347
7401	3.7416514966e-2	0.333358	0.82294849	0.68331349	0.001612	-0.985495	-1.023906	11	0.853350
7402	3.7452789167e-2	0.333686	0.82292569	0.68330416	0.001747	-0.984291	-1.013182	12	0.853352
7403	3.7616561371e-2	0.335150	0.82290757	0.68343169	0.001882	-0.983088	-1.002459	13	0.853354
7404	3.7588939451e-2	0.334909	0.82293481	0.68345856	0.001882	-0.983088	-1.002459	13	0.853356
7405	3.7855383076e-2	0.337288	0.82291938	0.68369414	0.002017	-0.981885	-0.991738	14	0.853358
7406	3.7875496585e-2	0.337472	0.82290179	0.68367908	0.002017	-0.981885	-0.991738	14	0.853361
7407	3.7803648427e-2	0.336837	0.82292236	0.68364836	0.002017	-0.981885	-0.991738	14	0.853363
7408	3.7701415427e-2	0.335932	0.82293672	0.68357486	0.002017	-0.981885	-0.991738	14	0.853365
7409	3.7487819629e-2	0.334033	0.82294168	0.68337118	0.002152	-0.980682	-0.981022	15	0.853367
7410	3.7574895416e-2	0.334814	0.82293495	0.68344480	0.002017	-0.981884	-0.991737	14	0.853369
7411	3.7548292255e-2	0.334582	0.82292824	0.68340478	0.001882	-0.983087	-1.002451	13	0.853371
7412	3.7607273912e-2	0.335113	0.82294375	0.68349477	0.001882	-0.983087	-1.002451	13	0.853373
7413	3.7524137492e-2	0.334377	0.82294763	0.68341940	0.001747	-0.984289	-1.013163	12	0.853376
7414	3.7533808879e-2	0.334468	0.82295420	0.68344221	0.001612	-0.985491	-1.023873	11	0.853378
7415	3.7263193083e-2	0.332062	0.82296432	0.68319182	0.001747	-0.984289	-1.013164	12	0.853380
7416	3.7004333624e-2	0.329760	0.82300178	0.68300789	0.001747	-0.984289	-1.013164	12	0.853382
7417	3.6930421376e-2	0.329107	0.82301590	0.68296221	0.001612	-0.985491	-1.023871	11	0.853384
7418	3.6930823001e-2	0.329115	0.82300480	0.68294041	0.001747	-0.984289	-1.013165	12	0.853386
7419	3.6906606184e-2	0.328904	0.82300492	0.68291644	0.001882	-0.983088	-1.002460	13	0.853389
7420	3.7059707003e-2	0.330274	0.82297472	0.68300915	0.001882	-0.983088	-1.002460	13	0.853391
7421	3.7081452853e-2	0.330472	0.82296352	0.68300849	0.002017	-0.981887	-0.991757	14	0.853393
7422	3.7187480014e-2	0.331422	0.82296076	0.68310900	0.001882	-0.983088	-1.002459	13	0.853395
7423	3.7231967934e-2	0.331824	0.82294369	0.68311934	0.002017	-0.981887	-0.991758	14	0.853397
7424	3.7163787499e-2	0.331221	0.82294871	0.68306121	0.002017	-0.981887	-0.991758	14	0.853399
7425	3.7317725169e-2	0.332598	0.82292381	0.68316535	0.002017	-0.981887	-0.991758	14	0.853402
7426	3.7305920138e-2	0.332498	0.82293029	0.68316650	0.001882	-0.983087	-1.002455	13	0.853404
7427	3.7311781396e-2	0.332555	0.82292256	0.68315689	0.002017	-0.981887	-0.991759	14	0.853406
7428	3.7529098186e-2	0.334497	0.82289674	0.68332257	0.002017	-0.981887	-0.991759	14	0.853408
7429	3.7581278909e-2	0.334967	0.82292296	0.68342720	0.001882	-0.983087	-1.002453	13	0.853410
7430	3.7393770018e-2	0.333301	0.82293286	0.68325950	0.001747	-0.984287	-1.013146	12	0.853412
7431	3.7756818154e-2	0.336542	0.82290959	0.68357600	0.001882	-0.983087	-1.002454	13	0.853415
7432	3.7858846839e-2	0.337457	0.82290099	0.68366083	0.001882	-0.983087	-1.002454	13	0.853417
7433	3.7959431240e-2	0.338358	0.82292640	0.68381223	0.001747	-0.984286	-1.013144	12	0.853419
7434	3.8332134912e-2	0.341686	0.82291895	0.68417003	0.001747	-0.984286	-1.013144	12	0.853421
7435	3.8264567883e-2	0.341089	0.82291026	0.68408509	0.001882	-0.983088	-1.002457	13	0.853423
7436	3.7779632786e-2	0.336771	0.82292555	0.68363073	0.001882	-0.983088	-1.002457	13	0.853425
7437	3.7698851977e-2	0.336056	0.82292685	0.68355256	0.001747	-0.984286	-1.013141	12	0.853427
7438	3.7816249416e-2	0.337108	0.82290883	0.68363391	0.001882	-0.983088	-1.002458	13	0.853430
7439	3.7765951918e-2	0.336664	0.82291198	0.68358991	0.002016	-0.981889	-0.991775	14	0.853432
7440	3.7821673377e-2	0.337166	0.82292274	0.68366716	0.002016	-0.981889	-0.991775	14	0.853434
7441	3.7761324762e-2	0.336633	0.82290402	0.68356937	0.002151	-0.980691	-0.981095	15	0.853436
7442	3.7804080602e-2	0.337019	0.82292346	0.68365099	0.002151	-0.980691	-0.981095	15	0.853438
7443	3.7660233748e-2	0.335742	0.82293946	0.68353915	0.002151	-0.980691	-0.981095	15	0.853440
7444	3.7583271678e-2	0.335061	0.82292935	0.68344197	0.002151	-0.980691	-0.981095	15	0.853443
7445	3.7699675333e-2	0.336104	0.82290527	0.68351022	0.002285	-0.979494	-0.970419	16	0.853445
7446	3.7789339492e-2	0.336908	0.82289299	0.68357531	0.002419	-0.978296	-0.959744	17	0.853447
7447	3.7883024987e-2	0.337749	0.82292125	0.68372552	0.002554	-0.977099	-0.949070	18	0.853449
7448	3.8079308428e-2	0.339504	0.82292935	0.68393801	0.002554	-0.977099	-0.949070	18	0.853451
7449	3.7663337584e-2	0.335800	0.82294893	0.68356119	0.002419	-0.978296	-0.959742	17	0.853453
7450	3.7560664028e-2	0.334890	0.82296121	0.68348309	0.002419	-0.978296	-0.959742	17	0.853455
7451	3.7622667082e-2	0.335448	0.82296988	0.68356244	0.002285	-0.979493	-0.970411	16	0.853457
7452	3.7397782549e-2	0.333448	0.82296472	0.68332723	0.002285	-0.979493	-0.970411	16	0.853460
7453	3.7486937324e-2	0.334247	0.82295348	0.68339390	0.002419	-0.978296	-0.959744	17	0.853462
7454	3.7714951176e-2	0.336286	0.82293764	0.68359024	0.002554	-0.977100	-0.949078	18	0.853464
7455	3.7428033764e-2	0.333732	0.82295003	0.68332809	0.002688	-0.975904	-0.938413	19	0.853466
7456	3.7184147659e-2	0.331563	0.82294443	0.68307302	0.002688	-0.975904	-0.938413	19	0.853468
7457	3.7256402182e-2	0.332212	0.82292809	0.68311258	0.002554	-0.977100	-0.949076	18	0.853470
7458	3.7429524607e-2	0.333761	0.82291001	0.68324955	0.002688	-0.975904	-0.938414	19	0.853472
7459	3.7472325246e-2	0.334147	0.82289881	0.68326995	0.002554	-0.977100	-0.949075	18	0.853474
7460	3.7396483064e-2	0.333476	0.82290512	0.68320673	0.002554	-0.977100	-0.949075	18	0.853477
7461	3.7373466006e-2	0.333276	0.82292520	0.68322387	0.002554	-0.977100	-0.949075	18	0.853479
7462	3.7147828435e-2	0.331269	0.82293465	0.68301712	0.002688	-0.975905	-0.938417	19	0.853481
7463	3.7357039785e-2	0.333139	0.82293492	0.68322687	0.002822	-0.974710	-0.927761	20	0.853483
7464	3.7401285456e-2	0.333539	0.82293911	0.68327951	0.002822	-0.974710	-0.927761	20	0.853485
7465	3.7466821818e-2	0.334128	0.82292203	0.68331088	0.002956	-0.973515	-0.917108	21	0.853487
7466	3.7639518086e-2	0.335674	0.82291654	0.68347259	0.003089	-0.972321	-0.906455	22	0.853489
7467	3.7698128123e-2	0.336201	0.82292181	0.68354174	0.002956	-0.973515	-0.917107	21	0.853491
7468	3.7609701727e-2	0.335418	0.82291832	0.68344633	0.002956	-0.973515	-0.917107	21	0.853494
7469	3.7740513331e-2	0.336589	0.82292215	0.68358482	0.002822	-0.974709	-0.927756	20	0.853496
7470	3.7680797974e-2	0.336062	0.82292556	0.68353193	0.002822	-0.974709	-0.927756	20	0.853498
7471	3.7521959918e-2	0.334650	0.82294630	0.68341456	0.002956	-0.973515	-0.917109	21	0.853500
7472	3.7447906954e-2	0.333995	0.82293621	0.68332032	0.002956	-0.973515	-0.917109	21	0.853502
7473	3.7563026573e-2	0.335027	0.82293893	0.68344089	0.002822	-0.974709	-0.927754	20	0.853504
7474	3.7579146300e-2	0.335175	0.82293819	0.68345553	0.002688	-0.975902	-0.938398	19	0.853506
7475	3.7567009933e-2	0.335072	0.82293406	0.68343514	0.002688	-0.975902	-0.938398	19	0.853508
7476	3.7347750786e-2	0.333122	0.82296137	0.68327049	0.002688	-0.975902	-0.938398	19	0.853510
7477	3.7345115829e-2	0.333103	0.82294099	0.68322710	0.002554	-0.977095	-0.949038	18	0.853513
7478	3.7268501000e-2	0.332425	0.82295472	0.68317794	0.002688	-0.975902	-0.938399	19	0.853515
7479	3.7302167022e-2	0.332730	0.82296323	0.68322862	0.002688	-0.975902	-0.938399	19	0.853517
7480	3.7527141146e-2	0.334742	0.82297901	0.68348515	0.002688	-0.975902	-0.938399	19	0.853519
7481	3.7327086192e-2	0.332962	0.82297404	0.68327516	0.002554	-0.977095	-0.949035	18	0.853521
7482	3.7263743412e-2	0.332402	0.82299577	0.68325528	0.002688	-0.975903	-0.938400	19	0.853523
7483	3.7332102439e-2	0.333017	0.82298869	0.68330948	0.002822	-0.974710	-0.927766	20	0.853525
7484	3.7507490070e-2	0.334586	0.82298463	0.68347674	0.002822	-0.974710	-0.927766	20	0.853527
7485	3.7497244508e-2	0.334500	0.82299785	0.68349294	0.002688	-0.975902	-0.938398	19	0.853529
7486	3.7488549197e-2	0.334427	0.82299607	0.68348069	0.002554	-0.977094	-0.949028	18	0.853532
7487	3.7433914111e-2	0.333945	0.82300525	0.68344442	0.002421	-0.978285	-0.959658	17	0.853534
7488	3.7655233103e-2	0.335924	0.82300815	0.68367153	0.002421	-0.978285	-0.959658	17	0.853536
7489	3.7714982026e-2	0.336463	0.82302535	0.68376568	0.002287	-0.979477	-0.970285	16	0.853538
7490	3.7805189244e-2	0.337272	0.82302085	0.68384688	0.002421	-0.978286	-0.959659	17	0.853540
7491	3.7846628207e-2	0.337647	0.82301992	0.68388646	0.002287	-0.979477	-0.970284	16	0.853542
7492	3.7709933765e-2	0.336433	0.82303194	0.68377382	0.002287	-0.979477	-0.970284	16	0.853544
7493	3.7509264616e-2	0.334647	0.82304454	0.68359835	0.002421	-0.978286	-0.959661	17	0.853546
7494	3.7520657700e-2	0.334754	0.82305087	0.68362240	0.002287	-0.979476	-0.970283	16	0.853549
7495	3.7428985590e-2	0.333941	0.82304396	0.68351691	0.002421	-0.978286	-0.959662	17	0.853551
7496	3.7522038036e-2	0.334776	0.82304909	0.68362022	0.002421	-0.978286	-0.959662	17	0.853553
7497	3.7652890629e-2	0.335949	0.82303732	0.68372752	0.002421	-0.978286	-0.959662	17	0.853555
7498	3.7741117845e-2	0.336741	0.82304427	0.68382966	0.002287	-0.979476	-0.970279	16	0.853557
7499	3.7763781924e-2	0.336948	0.82306498	0.68389374	0.002154	-0.980666	-0.980896	15	0.853559
7500	3.7877944922e-2	0.337972	0.82306272	0.68400338	0.002154	-0.980666	-0.980896	15	0.853561
7501	3.7877484938e-2	0.337973	0.82306127	0.68400002	0.002287	-0.979476	-0.970282	16	0.853563
7502	3.7675812165e-2	0.336178	0.82305959	0.68379498	0.002287	-0.979476	-0.970282	16	0.853566
7503	3.7626014439e-2	0.335739	0.82306870	0.68376341	0.002154	-0.980665	-0.980893	15	0.853568
7504	3.7713265886e-2	0.336523	0.82306633	0.68384592	0.002154	-0.980665	-0.980893	15	0.853570
7505	3.7607848542e-2	0.335587	0.82305527	0.68371839	0.002021	-0.981854	-0.991503	14	0.853572
7506	3.7698059140e-2	0.336397	0.82305137	0.68380081	0.002021	-0.981854	-0.991503	14	0.853574
7507	3.7778638209e-2	0.337121	0.82304471	0.68386806	0.001888	-0.983043	-1.002111	13	0.853576
7508	3.7766760692e-2	0.337020	0.82305790	0.68388257	0.001888	-0.983043	-1.002111	13	0.853578
7509	3.7775376165e-2	0.337102	0.82306159	0.68389856	0.002021	-0.981855	-0.991505	14	0.853580
7510	3.7639849311e-2	0.335898	0.82307074	0.68378132	0.001888	-0.983043	-1.002110	13	0.853583
7511	3.7957317083e-2	0.338736	0.82305740	0.68407211	0.001754	-0.984231	-1.012713	12	0.853585
7512	3.7803667592e-2	0.337370	0.82303157	0.68386681	0.001754	-0.984231	-1.012713	12	0.853587
7513	3.7594083324e-2	0.335504	0.82302410	0.68364229	0.001888	-0.983043	-1.002112	13	0.853589
7514	3.7683233738e-2	0.336305	0.82301770	0.68371863	0.001888	-0.983043	-1.002112	13	0.853591
7515	3.7821274910e-2	0.337542	0.82303609	0.68389346	0.001888	-0.983043	-1.002112	13	0.853593
7516	3.7852880016e-2	0.337829	0.82303492	0.68392272	0.001888	-0.983043	-1.002112	13	0.853595
7517	3.7952881640e-2	0.338727	0.82303191	0.68401670	0.001755	-0.984231	-1.012708	12	0.853597
7518	3.7953661121e-2	0.338739	0.82305027	0.68405420	0.001888	-0.983043	-1.002113	13	0.853600
7519	3.8141290172e-2	0.340418	0.82301980	0.68418089	0.002021	-0.981856	-0.991518	14	0.853602
7520	3.8158335602e-2	0.340575	0.82302411	0.68420655	0.002021	-0.981856	-0.991518	14	0.853604
7521	3.8122285836e-2	0.340259	0.82302348	0.68416924	0.001888	-0.983043	-1.002111	13	0.853606
7522	3.8143008384e-2	0.340449	0.82301328	0.68416958	0.002021	-0.981857	-0.991520	14	0.853608
7523	3.7826533894e-2	0.337629	0.82303961	0.68390575	0.001888	-0.983043	-1.002110	13	0.853610
7524	3.7651074990e-2	0.336068	0.82305510	0.68376128	0.001888	-0.983043	-1.002110	13	0.853612
7525	3.7625928991e-2	0.335849	0.82308021	0.68378635	0.001888	-0.983043	-1.002110	13	0.853614
7526	3.7540736581e-2	0.335093	0.82308630	0.68371333	0.001755	-0.984229	-1.012696	12	0.853617
7527	3.7330019647e-2	0.333217	0.82309697	0.68352395	0.001622	-0.985415	-1.023282	11	0.853619
7528	3.7381115723e-2	0.333678	0.82309480	0.68357071	0.001622	-0.985415	-1.023282	11	0.853621
7529	3.7410119183e-2	0.333942	0.82310409	0.68361830	0.001489	-0.986601	-1.033865	10	0.853623
7530	3.7523946505e-2	0.334963	0.82311103	0.68374601	0.001622	-0.985415	-1.023283	11	0.853625
7531	3.7470245037e-2	0.334489	0.82312915	0.68372855	0.001755	-0.984230	-1.012702	12	0.853627
7532	3.7549548088e-2	0.335202	0.82313528	0.68382012	0.001755	-0.984230	-1.012702	12	0.853629
7533	3.7332423132e-2	0.333268	0.82313626	0.68360495	0.001755	-0.984230	-1.012702	12	0.853631
7534	3.7347036673e-2	0.333404	0.82312872	0.68360449	0.001887	-0.983045	-1.002124	13	0.853634
7535	3.7566343952e-2	0.335367	0.82313001	0.68382637	0.001755	-0.984230	-1.012701	12	0.853636
7536	3.7508135000e-2	0.334852	0.82315093	0.68380999	0.001755	-0.984230	-1.012701	12	0.853638
7537	3.7540245951e-2	0.335144	0.82313713	0.68381451	0.001622	-0.985414	-1.023275	11	0.853640
7538	3.7566424971e-2	0.335382	0.82315401	0.68387445	0.001755	-0.984230	-1.012702	12	0.853642
7539	3.7569974019e-2	0.335419	0.82318013	0.68393024	0.001622	-0.985414	-1.023274	11	0.853644
7540	3.7753817042e-2	0.337065	0.82318144	0.68411670	0.001622	-0.985414	-1.023274	11	0.853646
7541	3.7843501066e-2	0.337871	0.82320297	0.68424944	0.001489	-0.986598	-1.033845	10	0.853648
7542	3.8004057518e-2	0.339309	0.82317966	0.68436338	0.001489	-0.986598	-1.033845	10	0.853651
7543	3.7994878536e-2	0.339233	0.82317481	0.68434450	0.001622	-0.985414	-1.023276	11	0.853653
7544	3.7994193743e-2	0.339231	0.82318515	0.68436450	0.001622	-0.985414	-1.023276	11	0.853655
7545	3.7816353890e-2	0.337649	0.82319737	0.68421110	0.001489	-0.986598	-1.033842	10	0.853657
7546	3.7468977086e-2	0.334552	0.82320091	0.68387079	0.001489	-0.986598	-1.033842	10	0.853659
7547	3.7530828508e-2	0.335109	0.82320983	0.68395049	0.001357	-0.987781	-1.044406	9	0.853661
7548	3.7640375305e-2	0.336092	0.82320828	0.68405694	0.001357	-0.987781	-1.044406	9	0.853663
7549	3.7449629935e-2	0.334394	0.82322137	0.68389238	0.001224	-0.988964	-1.054968	8	0.853665
7550	3.7389661918e-2	0.333864	0.82321704	0.68382374	0.001224	-0.988964	-1.054968	8	0.853668
7551	3.7321243751e-2	0.333258	0.82324212	0.68380549	0.001224	-0.988964	-1.054968	8	0.853670
7552	3.7364773044e-2	0.333651	0.82324059	0.68384595	0.001224	-0.988964	-1.054968	8	0.853672
7553	3.7395145216e-2	0.333927	0.82324474	0.68388463	0.001092	-0.990146	-1.065525	7	0.853674
7554	3.7575603959e-2	0.335544	0.82324020	0.68405600	0.000960	-0.991328	-1.076082	6	0.853676
7555	3.7433658571e-2	0.334281	0.82326695	0.68396756	0.001092	-0.990146	-1.065526	7	0.853678
7556	3.7711392407e-2	0.336766	0.82326796	0.68424731	0.001092	-0.990146	-1.065526	7	0.853680
7557	3.7644788428e-2	0.336177	0.82326786	0.68418051	0.000960	-0.991328	-1.076079	6	0.853683
7558	3.7730815963e-2	0.336950	0.82327091	0.68427263	0.001092	-0.990146	-1.065527	7	0.853685
7559	3.7837427150e-2	0.337907	0.82327965	0.68439673	0.000960	-0.991328	-1.076078	6	0.853687
7560	3.8038151736e-2	0.339705	0.82327664	0.68459144	0.000960	-0.991328	-1.076078	6	0.853689
7561	3.7731042096e-2	0.336967	0.82330333	0.68433770	0.000827	-0.992509	-1.086627	5	0.853691
7562	3.7684816079e-2	0.336559	0.82331071	0.68430624	0.000695	-0.993690	-1.097175	4	0.853693
7563	3.7607986177e-2	0.335878	0.82331011	0.68422821	0.000827	-0.992509	-1.086628	5	0.853695
7564	3.7369480281e-2	0.333753	0.82331336	0.68399620	0.000827	-0.992509	-1.086628	5	0.853697
7565	3.7576611804e-2	0.335608	0.82332454	0.68422570	0.000695	-0.993689	-1.097172	4	0.853700
7566	3.7514199076e-2	0.335055	0.82332549	0.68416517	0.000827	-0.992509	-1.086629	5	0.853702
7567	3.7298742443e-2	0.333136	0.82334538	0.68398951	0.000695	-0.993689	-1.097171	4	0.853704
7568	3.7309106265e-2	0.333233	0.82335559	0.68402029	0.000695	-0.993689	-1.097171	4	0.853706
7569	3.7427177536e-2	0.334293	0.82338674	0.68420065	0.000695	-0.993689	-1.097171	4	0.853708
7570	3.7114358624e-2	0.331504	0.82340257	0.68391950	0.000563	-0.994869	-1.107710	3	0.853710
7571	3.7003091974e-2	0.330515	0.82340887	0.68382084	0.000695	-0.993689	-1.097172	4	0.853713
7572	3.7320520673e-2	0.333355	0.82341541	0.68415133	0.000695	-0.993689	-1.097172	4	0.853715
7573	3.7295467608e-2	0.333136	0.82343470	0.68416487	0.000563	-0.994869	-1.107708	3	0.853717
7574	3.7168328814e-2	0.332005	0.82343441	0.68403715	0.000431	-0.996048	-1.118243	2	0.853719
7575	3.7294297042e-2	0.333135	0.82343659	0.68416747	0.000431	-0.996048	-1.118243	2	0.853721
7576	3.7244055206e-2	0.332691	0.82341816	0.68408038	0.000431	-0.996048	-1.118243	2	0.853723
7577	3.7242737188e-2	0.332685	0.82341917	0.68408108	0.000299	-0.997227	-1.128774	1	0.853725
7578	3.7221141896e-2	0.332497	0.82341405	0.68404924	0.000299	-0.997227	-1.128774	1	0.853728
7579	3.7215007547e-2	0.332447	0.82342831	0.68407162	0.000167	-0.998406	-1.139303	0	0.853730
7580	3.7270636917e-2	0.332949	0.82343124	0.68413311	0.000167	-0.998406	-1.139303	0	0.853732
7581	3.7000123002e-2	0.330537	0.82342723	0.68385459	0.000167	-0.998406	-1.139303	0	0.853734
7582	3.7096504079e-2	0.331403	0.82341076	0.68391803	0.000035	-0.999584	-1.149829	-1	0.853736
7583	3.7319933607e-2	0.333404	0.82339915	0.68411824	-0.000097	-1.000762	-1.160354	-2	0.853738
7584	3.7292171738e-2	0.333161	0.82339080	0.68407378	-0.000097	-1.000762	-1.160354	-2	0.853740
7585	3.7267223599e-2	0.332943	0.82337973	0.68402667	-0.000228	-1.001940	-1.170877	-3	0.853743
7586	3.7064745299e-2	0.331139	0.82337505	0.68381486	-0.000097	-1.000762	-1.160355	-2	0.853745
7587	3.7184641909e-2	0.332215	0.82338669	0.68395803	-0.000097	-1.000762	-1.160355	-2	0.853747
7588	3.7297567328e-2	0.333229	0.82339388	0.68408532	-0.000097	-1.000762	-1.160355	-2	0.853749
7589	3.7308176209e-2	0.333328	0.82341516	0.68413850	-0.000228	-1.001940	-1.170874	-3	0.853751
7590	3.7119079480e-2	0.331644	0.82341233	0.68394373	-0.000360	-1.003117	-1.181391	-4	0.853753
7591	3.7063635996e-2	0.331153	0.82341151	0.68388666	-0.000492	-1.004294	-1.191907	-5	0.853756
7592	3.7219814085e-2	0.332553	0.82342236	0.68406454	-0.000492	-1.004294	-1.191907	-5	0.853758
7593	3.7017157097e-2	0.330748	0.82339894	0.68381503	-0.000360	-1.003117	-1.181393	-4	0.853760
7594	3.7027528050e-2	0.330845	0.82342508	0.68387770	-0.000228	-1.001941	-1.170880	-3	0.853762
7595	3.6990838865e-2	0.330522	0.82340341	0.68379766	-0.000228	-1.001941	-1.170880	-3	0.853764
7596	3.7000630897e-2	0.330615	0.82340043	0.68380149	-0.000228	-1.001941	-1.170880	-3	0.853766
7597	3.7011047797e-2	0.330713	0.82339910	0.68380925	-0.000097	-1.000764	-1.160370	-2	0.853769
7598	3.7092697840e-2	0.331447	0.82339336	0.68387942	-0.000228	-1.001940	-1.170879	-3	0.853771
7599	3.6986218824e-2	0.330500	0.82340578	0.68379777	-0.000360	-1.003116	-1.181387	-4	0.853773
7600	3.7151181994e-2	0.331979	0.82343096	0.68401311	-0.000360	-1.003116	-1.181387	-4	0.853775
7601	3.7102857514e-2	0.331552	0.82344448	0.68399181	-0.000228	-1.001941	-1.170881	-3	0.853777
7602	3.7045163211e-2	0.331042	0.82342179	0.68388874	-0.000097	-1.000765	-1.160377	-2	0.853779
7603	3.6975346085e-2	0.330423	0.82343916	0.68385367	-0.000228	-1.001941	-1.170880	-3	0.853782
7604	3.6920273711e-2	0.329935	0.82345341	0.68382710	-0.000228	-1.001941	-1.170880	-3	0.853784
7605	3.6982468247e-2	0.330496	0.82347444	0.68393136	-0.000228	-1.001941	-1.170880	-3	0.853786
7606	3.7044461151e-2	0.331055	0.82348519	0.68401485	-0.000097	-1.000766	-1.160380	-2	0.853788
7607	3.6947880101e-2	0.330197	0.82349913	0.68394614	-0.000228	-1.001940	-1.170879	-3	0.853790
7608	3.6893212657e-2	0.329713	0.82350728	0.68390778	-0.000228	-1.001940	-1.170879	-3	0.853792
7609	3.6914394016e-2	0.329907	0.82351177	0.68393794	-0.000097	-1.000766	-1.160382	-2	0.853794
7610	3.6871176389e-2	0.329526	0.82351806	0.68390729	-0.000228	-1.001940	-1.170878	-3	0.853797
7611	3.6676822184e-2	0.327794	0.82352421	0.68372524	-0.000360	-1.003115	-1.181373	-4	0.853799
7612	3.6596026268e-2	0.327076	0.82352556	0.68364715	-0.000360	-1.003115	-1.181373	-4	0.853801
7613	3.6666185275e-2	0.327708	0.82350273	0.68367165	-0.000228	-1.001941	-1.170880	-3	0.853803
7614	3.6601180711e-2	0.327132	0.82351849	0.68363815	-0.000228	-1.001941	-1.170880	-3	0.853805
7615	3.6892209169e-2	0.329738	0.82348656	0.68386532	-0.000097	-1.000767	-1.160390	-2	0.853807
7616	3.6946963504e-2	0.330232	0.82347437	0.68389570	-0.000097	-1.000767	-1.160390	-2	0.853810
7617	3.6919829042e-2	0.329995	0.82346571	0.68385124	0.000034	-0.999593	-1.149901	-1	0.853812
7618	3.7119460815e-2	0.331784	0.82346223	0.68404392	-0.000097	-1.000767	-1.160388	-2	0.853814
7619	3.6923303796e-2	0.330035	0.82347193	0.68386717	0.000034	-0.999594	-1.149902	-1	0.853816
7620	3.6988051814e-2	0.330619	0.82346314	0.68391434	0.000034	-0.999594	-1.149902	-1	0.853818
7621	3.7162100073e-2	0.332179	0.82346974	0.68410158	-0.000097	-1.000766	-1.160386	-2	0.853820
7622	3.6968447394e-2	0.330453	0.82347169	0.68391183	-0.000228	-1.001939	-1.170869	-3	0.853822
7623	3.7026563305e-2	0.330978	0.82348082	0.68398820	-0.000228	-1.001939	-1.170869	-3	0.853825
7624	3.6821721151e-2	0.329151	0.82350491	0.68383155	-0.000228	-1.001939	-1.170869	-3	0.853827
7625	3.6938952309e-2	0.330204	0.82350688	0.68395271	-0.000228	-1.001939	-1.170869	-3	0.853829
7626	3.6964651398e-2	0.330439	0.82350539	0.68397543	-0.000097	-1.000767	-1.160391	-2	0.853831
7627	3.6799754376e-2	0.328970	0.82350756	0.68381487	0.000034	-0.999595	-1.149913	-1	0.853833
7628	3.6887763610e-2	0.329761	0.82351155	0.68391086	0.000034	-0.999595	-1.149913	-1	0.853835
7629	3.6962729491e-2	0.330436	0.82350510	0.68397292	0.000165	-0.998423	-1.139437	0	0.853838
7630	3.6922919235e-2	0.330085	0.82351129	0.68394550	0.000296	-0.997251	-1.128963	1	0.853840
7631	3.6989191984e-2	0.330682	0.82349442	0.68397803	0.000427	-0.996080	-1.118489	2	0.853842
7632	3.6917815971e-2	0.330049	0.82350233	0.68392248	0.000427	-0.996080	-1.118489	2	0.853844
7633	3.6970460361e-2	0.330525	0.82351447	0.68399941	0.000558	-0.994909	-1.108018	3	0.853846
7634	3.7121519663e-2	0.331880	0.82353428	0.68419009	0.000427	-0.996080	-1.118488	2	0.853848
7635	3.7214588171e-2	0.332717	0.82356426	0.68434311	0.000296	-0.997251	-1.128957	1	0.853850
7636	3.7286476621e-2	0.333365	0.82355389	0.68439425	0.000296	-0.997251	-1.128957	1	0.853852
7637	3.7490991514e-2	0.335198	0.82355190	0.68459479	0.000427	-0.996080	-1.118490	2	0.853855
7638	3.7471720027e-2	0.335031	0.82354330	0.68455831	0.000558	-0.994909	-1.108024	3	0.853857
7639	3.7458730757e-2	0.334919	0.82356907	0.68459687	0.000427	-0.996080	-1.118489	2	0.853859
7640	3.7422933788e-2	0.334604	0.82358377	0.68459047	0.000427	-0.996080	-1.118489	2	0.853861
7641	3.7222783988e-2	0.332819	0.82360151	0.68442580	0.000427	-0.996080	-1.118489	2	0.853863
7642	3.6965152758e-2	0.330521	0.82360094	0.68416703	0.000558	-0.994910	-1.108027	3	0.853865
7643	3.7017609553e-2	0.330995	0.82361217	0.68424196	0.000427	-0.996080	-1.118488	2	0.853867
7644	3.7133111364e-2	0.332032	0.82361863	0.68437037	0.000427	-0.996080	-1.118488	2	0.853869
7645	3.6970617226e-2	0.330584	0.82363538	0.68424137	0.000296	-0.997249	-1.128947	1	0.853872
7646	3.6873264548e-2	0.329718	0.82363913	0.68415152	0.000427	-0.996080	-1.118489	2	0.853874
7647	3.6967991260e-2	0.330570	0.82360913	0.68418625	0.000558	-0.994911	-1.108033	3	0.853876
7648	3.7153387544e-2	0.332233	0.82361713	0.68438764	0.000558	-0.994911	-1.108033	3	0.853878
7649	3.7072581412e-2	0.331515	0.82363342	0.68433942	0.000427	-0.996080	-1.118487	2	0.853880
7650	3.6921740444e-2	0.330171	0.82365417	0.68423008	0.000427	-0.996080	-1.118487	2	0.853882
7651	3.6887590270e-2	0.329871	0.82367405	0.68423569	0.000558	-0.994911	-1.108035	3	0.853884
7652	3.6824590304e-2	0.329312	0.82367592	0.68417644	0.000558	-0.994911	-1.108035	3	0.853886
7653	3.6954641530e-2	0.330480	0.82366969	0.68429402	0.000689	-0.993742	-1.097585	4	0.853889
7654	3.6927926120e-2	0.330246	0.82368341	0.68429474	0.000558	-0.994911	-1.108034	3	0.853891
7655	3.7295426268e-2	0.333537	0.82366401	0.68462345	0.000689	-0.993742	-1.097586	4	0.853893
7656	3.7412016490e-2	0.334585	0.82366029	0.68473260	0.000689	-0.993742	-1.097586	4	0.853895
7657	3.7024537113e-2	0.331124	0.82367661	0.68437776	0.000558	-0.994910	-1.108032	3	0.853897
7658	3.6998824133e-2	0.330899	0.82368766	0.68437414	0.000427	-0.996078	-1.118477	2	0.853899
7659	3.7009510004e-2	0.331000	0.82370719	0.68442389	0.000427	-0.996078	-1.118477	2	0.853901
7660	3.6989216416e-2	0.330823	0.82373491	0.68445903	0.000427	-0.996078	-1.118477	2	0.853903
7661	3.7046580822e-2	0.331341	0.82372245	0.68449149	0.000558	-0.994911	-1.108035	3	0.853905
7662	3.7051689838e-2	0.331391	0.82372699	0.68450567	0.000427	-0.996078	-1.118475	2	0.853908
7663	3.7005259916e-2	0.330981	0.82373707	0.68447940	0.000558	-0.994911	-1.108036	3	0.853910
7664	3.7036722342e-2	0.331267	0.82375584	0.68454840	0.000558	-0.994911	-1.108036	3	0.853912
7665	3.7010085982e-2	0.331034	0.82376344	0.68453697	0.000688	-0.993744	-1.097599	4	0.853914
7666	3.7257196303e-2	0.333249	0.82376192	0.68478104	0.000819	-0.992577	-1.087162	5	0.853916
7667	3.7127978894e-2	0.332098	0.82376219	0.68465236	0.000688	-0.993744	-1.097597	4	0.853918
7668	3.6953377290e-2	0.330541	0.82375905	0.68447148	0.000688	-0.993744	-1.097597	4	0.853920
7669	3.6667165016e-2	0.327986	0.82378425	0.68423566	0.000558	-0.994910	-1.108031	3	0.853922
7670	3.6760826079e-2	0.328828	0.82376796	0.68429674	0.000688	-0.993744	-1.097599	4	0.853924
7671	3.6601322790e-2	0.327406	0.82378098	0.68416329	0.000819	-0.992578	-1.087167	5	0.853927
7672	3.6549122014e-2	0.326944	0.82377934	0.68410780	0.000819	-0.992578	-1.087167	5	0.853929
7673	3.6458089878e-2	0.326134	0.82376608	0.68399025	0.000688	-0.993744	-1.097596	4	0.853931
7674	3.6478533847e-2	0.326322	0.82375862	0.68399578	0.000558	-0.994909	-1.108024	3	0.853933
7675	3.6604033425e-2	0.327450	0.82377671	0.68415745	0.000558	-0.994909	-1.108024	3	0.853935
7676	3.6488518163e-2	0.326421	0.82378204	0.68405261	0.000558	-0.994909	-1.108024	3	0.853937
7677	3.6525224193e-2	0.326754	0.82377172	0.68406866	0.000558	-0.994909	-1.108024	3	0.853939
7678	3.6366818854e-2	0.325342	0.82378288	0.68393257	0.000428	-0.996075	-1.118448	2	0.853941
7679	3.6593285462e-2	0.327372	0.82378626	0.68416581	0.000558	-0.994910	-1.108025	3	0.853943
7680	3.6769728526e-2	0.328956	0.82378598	0.68434169	0.000558	-0.994910	-1.108025	3	0.853946
7681	3.6503481396e-2	0.326579	0.82380128	0.68410604	0.000428	-0.996074	-1.118446	2	0.853948
7682	3.6650467011e-2	0.327898	0.82379933	0.68424913	0.000298	-0.997239	-1.128865	1	0.853950
7683	3.6684224853e-2	0.328205	0.82380393	0.68429208	0.000168	-0.998403	-1.139284	0	0.853952
7684	3.6629557907e-2	0.327721	0.82379277	0.68421509	0.000168	-0.998403	-1.139284	0	0.853954
7685	3.6874766807e-2	0.329919	0.82380724	0.68448924	0.000037	-0.999568	-1.149700	-1	0.853956
7686	3.6770462105e-2	0.328991	0.82379919	0.68436884	0.000037	-0.999568	-1.149700	-1	0.853958
7687	3.6747781070e-2	0.328793	0.82380374	0.68435526	-0.000093	-1.000732	-1.160114	-2	0.853960
7688	3.6871382419e-2	0.329904	0.82382799	0.68452737	-0.000093	-1.000732	-1.160114	-2	0.853963
7689	3.6713376726e-2	0.328495	0.82382245	0.68435827	-0.000223	-1.001895	-1.170526	-3	0.853965
7690	3.6629112318e-2	0.327745	0.82383300	0.68429511	-0.000353	-1.003059	-1.180937	-4	0.853967
7691	3.6726734742e-2	0.328624	0.82384004	0.68440681	-0.000483	-1.004222	-1.191347	-5	0.853969
7692	3.6778406599e-2	0.329091	0.82385799	0.68449439	-0.000483	-1.004222	-1.191347	-5	0.853971
7693	3.6785267036e-2	0.329157	0.82384603	0.68447732	-0.000483	-1.004222	-1.191347	-5	0.853973
7694	3.6676970908e-2	0.328193	0.82383805	0.68435308	-0.000353	-1.003059	-1.180941	-4	0.853975
7695	3.6652960280e-2	0.327983	0.82381986	0.68429268	-0.000353	-1.003059	-1.180941	-4	0.853977
7696	3.6783102385e-2	0.329152	0.82380713	0.68439736	-0.000353	-1.003059	-1.180941	-4	0.853980
7697	3.6679297921e-2	0.328228	0.82382303	0.68432535	-0.000223	-1.001897	-1.170537	-3	0.853982
7698	3.6748653194e-2	0.328853	0.82381859	0.68438584	-0.000353	-1.003059	-1.180939	-4	0.853984
7699	3.6850373304e-2	0.329768	0.82382022	0.68449080	-0.000483	-1.004221	-1.191341	-5	0.853986
7700	3.6851409835e-2	0.329782	0.82383030	0.68451200	-0.000483	-1.004221	-1.191341	-5	0.853988
7701	3.6811092408e-2	0.329426	0.82383387	0.68447884	-0.000613	-1.005384	-1.201741	-6	0.853990
7702	3.6584776572e-2	0.327406	0.82382171	0.68422819	-0.000483	-1.004222	-1.191342	-5	0.853992
7703	3.6425350722e-2	0.325984	0.82383132	0.68408799	-0.000613	-1.005383	-1.201740	-6	0.853995
7704	3.6458334555e-2	0.326284	0.82382773	0.68411379	-0.000613	-1.005383	-1.201740	-6	0.853997
7705	3.6420862972e-2	0.325953	0.82382389	0.68406865	-0.000742	-1.006545	-1.212135	-7	0.853999
7706	3.6452428814e-2	0.326240	0.82382244	0.68409732	-0.000613	-1.005384	-1.201741	-6	0.854001
7707	3.6558578445e-2	0.327195	0.82383369	0.68422596	-0.000742	-1.006545	-1.212134	-7	0.854003
7708	3.6610862151e-2	0.327668	0.82383185	0.68427457	-0.000742	-1.006545	-1.212134	-7	0.854005
7709	3.6693824876e-2	0.328415	0.82383017	0.68435416	-0.000613	-1.005384	-1.201743	-6	0.854007
7710	3.6898783481e-2	0.330254	0.82384080	0.68458039	-0.000483	-1.004223	-1.191353	-5	0.854009
7711	3.7130551699e-2	0.332333	0.82383043	0.68479141	-0.000353	-1.003062	-1.180964	-4	0.854012
7712	3.7047362155e-2	0.331594	0.82382391	0.68469518	-0.000353	-1.003062	-1.180964	-4	0.854014
7713	3.7047289873e-2	0.331598	0.82382454	0.68469636	-0.000353	-1.003062	-1.180964	-4	0.854016
7714	3.6862620604e-2	0.329950	0.82383488	0.68453239	-0.000224	-1.001902	-1.170578	-3	0.854018
7715	3.6873081956e-2	0.330048	0.82383711	0.68454730	-0.000094	-1.000742	-1.160193	-2	0.854020
7716	3.6919407858e-2	0.330468	0.82382720	0.68457380	-0.000094	-1.000742	-1.160193	-2	0.854022
7717	3.6852162672e-2	0.329870	0.82383882	0.68452981	-0.000224	-1.001902	-1.170576	-3	0.854024
7718	3.6733797549e-2	0.328816	0.82386312	0.68446004	-0.000353	-1.003061	-1.180957	-4	0.854026
7719	3.6698207303e-2	0.328502	0.82385811	0.68441444	-0.000483	-1.004221	-1.191338	-5	0.854029
7720	3.6942753994e-2	0.330696	0.82387434	0.68469143	-0.000483	-1.004221	-1.191338	-5	0.854031
7721	3.6932648620e-2	0.330610	0.82388647	0.68470559	-0.000353	-1.003062	-1.180959	-4	0.854033
7722	3.6597219528e-2	0.327612	0.82389866	0.68439454	-0.000353	-1.003062	-1.180959	-4	0.854035
7723	3.6700533539e-2	0.328542	0.82391324	0.68452701	-0.000483	-1.004221	-1.191336	-5	0.854037
7724	3.6550935691e-2	0.327207	0.82390188	0.68435469	-0.000483	-1.004221	-1.191336	-5	0.854039
7725	3.6523983569e-2	0.326971	0.82390830	0.68434059	-0.000483	-1.004221	-1.191336	-5	0.854041
7726	3.6338340081e-2	0.325313	0.82392182	0.68418198	-0.000353	-1.003062	-1.180963	-4	0.854043
7727	3.6387985018e-2	0.325763	0.82392373	0.68423545	-0.000483	-1.004221	-1.191335	-5	0.854046
7728	3.6508025189e-2	0.326842	0.82394749	0.68440300	-0.000483	-1.004221	-1.191335	-5	0.854048
7729	3.6599590735e-2	0.327666	0.82395806	0.68451571	-0.000353	-1.003062	-1.180965	-4	0.854050
7730	3.6810069742e-2	0.329556	0.82395263	0.68471532	-0.000483	-1.004221	-1.191334	-5	0.854052
7731	3.6777559214e-2	0.329269	0.82395165	0.68468085	-0.000483	-1.004221	-1.191334	-5	0.854054
7732	3.6682233865e-2	0.328421	0.82396132	0.68460488	-0.000483	-1.004221	-1.191334	-5	0.854056
7733	3.6645950672e-2	0.328100	0.82396796	0.68458186	-0.000612	-1.005378	-1.201700	-6	0.854058
7734	3.6466152322e-2	0.326495	0.82397837	0.68442288	-0.000741	-1.006536	-1.212065	-7	0.854060
7735	3.6471776262e-2	0.326550	0.82398753	0.68444684	-0.000612	-1.005378	-1.201701	-6	0.854063
7736	3.6218252352e-2	0.324285	0.82400372	0.68422570	-0.000612	-1.005378	-1.201701	-6	0.854065
7737	3.6106539981e-2	0.323290	0.82401802	0.68414258	-0.000483	-1.004221	-1.191339	-5	0.854067
7738	3.6067061092e-2	0.322941	0.82402364	0.68411435	-0.000612	-1.005378	-1.201700	-6	0.854069
7739	3.6016418305e-2	0.322492	0.82402289	0.68406221	-0.000483	-1.004221	-1.191340	-5	0.854071
7740	3.6081864728e-2	0.323083	0.82402155	0.68412496	-0.000483	-1.004221	-1.191340	-5	0.854073
7741	3.6198709067e-2	0.324134	0.82402641	0.68425153	-0.000612	-1.005378	-1.201698	-6	0.854075
7742	3.6298764365e-2	0.325034	0.82402444	0.68434765	-0.000612	-1.005378	-1.201698	-6	0.854077
7743	3.6338032214e-2	0.325391	0.82405565	0.68444932	-0.000741	-1.006535	-1.212053	-7	0.854080
7744	3.6449209003e-2	0.326391	0.82405284	0.68455488	-0.000741	-1.006535	-1.212053	-7	0.854082
7745	3.6412243711e-2	0.326064	0.82404511	0.68450246	-0.000612	-1.005378	-1.201700	-6	0.854084
7746	3.6325056539e-2	0.325288	0.82402522	0.68437550	-0.000741	-1.006534	-1.212052	-7	0.854086
7747	3.6288699049e-2	0.324968	0.82404479	0.68437828	-0.000612	-1.005378	-1.201701	-6	0.854088
7748	3.6293548406e-2	0.325016	0.82402188	0.68433730	-0.000612	-1.005378	-1.201701	-6	0.854090
7749	3.6333659811e-2	0.325380	0.82401927	0.68437220	-0.000612	-1.005378	-1.201701	-6	0.854092
7750	3.6454157764e-2	0.326463	0.82401581	0.68448578	-0.000612	-1.005378	-1.201701	-6	0.854094
7751	3.6424647669e-2	0.326204	0.82401073	0.68444610	-0.000483	-1.004223	-1.191354	-5	0.854096
7752	3.6512549987e-2	0.326996	0.82399976	0.68451208	-0.000483	-1.004223	-1.191354	-5	0.854099
7753	3.6510867875e-2	0.326985	0.82400734	0.68452556	-0.000612	-1.005378	-1.201699	-6	0.854101
7754	3.6361893286e-2	0.325656	0.82401982	0.68440153	-0.000483	-1.004223	-1.191355	-5	0.854103
7755	3.6491080761e-2	0.326818	0.82400223	0.68449553	-0.000354	-1.003068	-1.181011	-4	0.854105
7756	3.6329391721e-2	0.325374	0.82400337	0.68433614	-0.000354	-1.003068	-1.181011	-4	0.854107
7757	3.6211063881e-2	0.324319	0.82402138	0.68425382	-0.000483	-1.004223	-1.191352	-5	0.854109
7758	3.6221983946e-2	0.324421	0.82403448	0.68429094	-0.000483	-1.004223	-1.191352	-5	0.854111
7759	3.6236581568e-2	0.324557	0.82403390	0.68430438	-0.000612	-1.005377	-1.201692	-6	0.854113
7760	3.6187835007e-2	0.324125	0.82404394	0.68427572	-0.000612	-1.005377	-1.201692	-6	0.854116
7761	3.6392550013e-2	0.325963	0.82404202	0.68447660	-0.000741	-1.006531	-1.212029	-7	0.854118
7762	3.6552424244e-2	0.327400	0.82406320	0.68467882	-0.000612	-1.005377	-1.201693	-6	0.854120
7763	3.6622897934e-2	0.328036	0.82404846	0.68471982	-0.000483	-1.004224	-1.191358	-5	0.854122
7764	3.6605460330e-2	0.327884	0.82405243	0.68471032	-0.000483	-1.004224	-1.191358	-5	0.854124
7765	3.6496368968e-2	0.326912	0.82404458	0.68458553	-0.000354	-1.003070	-1.181025	-4	0.854126
7766	3.6477047535e-2	0.326744	0.82404052	0.68455809	-0.000483	-1.004223	-1.191357	-5	0.854128
7767	3.6448448851e-2	0.326492	0.82402862	0.68450570	-0.000483	-1.004223	-1.191357	-5	0.854130
7768	3.6604431994e-2	0.327894	0.82401822	0.68464088	-0.000483	-1.004223	-1.191357	-5	0.854132
7769	3.6463725702e-2	0.326638	0.82403113	0.68452598	-0.000354	-1.003070	-1.181028	-4	0.854135
7770	3.6415177064e-2	0.326208	0.82403099	0.68447715	-0.000483	-1.004223	-1.191356	-5	0.854137
7771	3.6323863112e-2	0.325395	0.82404567	0.68441520	-0.000354	-1.003071	-1.181029	-4	0.854139
7772	3.6355675143e-2	0.325684	0.82404671	0.68444909	-0.000354	-1.003071	-1.181029	-4	0.854141
7773	3.6194438714e-2	0.324245	0.82406669	0.68432782	-0.000226	-1.001918	-1.170704	-3	0.854143
7774	3.6220487437e-2	0.324483	0.82406046	0.68434141	-0.000226	-1.001918	-1.170704	-3	0.854145
7775	3.6240185251e-2	0.324664	0.82406776	0.68437571	-0.000226	-1.001918	-1.170704	-3	0.854147
7776	3.6349025096e-2	0.325644	0.82406235	0.68447372	-0.000226	-1.001918	-1.170704	-3	0.854149
7777	3.6337583621e-2	0.325546	0.82406280	0.68446318	-0.000354	-1.003070	-1.181025	-4	0.854151
7778	3.6329069348e-2	0.325474	0.82405346	0.68443599	-0.000226	-1.001918	-1.170705	-3	0.854153
7779	3.6134974248e-2	0.323740	0.82405898	0.68425294	-0.000097	-1.000766	-1.160387	-2	0.854156
7780	3.6177855537e-2	0.324129	0.82405998	0.68429782	-0.000097	-1.000766	-1.160387	-2	0.854158
7781	3.6080734580e-2	0.323263	0.82406714	0.68421502	0.000031	-0.999615	-1.150071	-1	0.854160
7782	3.6175863430e-2	0.324120	0.82408975	0.68435537	-0.000097	-1.000766	-1.160386	-2	0.854162
7783	3.6154001815e-2	0.323929	0.82410111	0.68435622	0.000031	-0.999615	-1.150072	-1	0.854164
7784	3.6057696154e-2	0.323071	0.82411537	0.68428843	0.000031	-0.999615	-1.150072	-1	0.854166
7785	3.6133813969e-2	0.323757	0.82410900	0.68435181	0.000031	-0.999615	-1.150072	-1	0.854168
7786	3.6023390071e-2	0.322773	0.82412662	0.68427664	-0.000097	-1.000766	-1.160383	-2	0.854170
7787	3.6064896627e-2	0.323149	0.82413187	0.68432863	0.000031	-0.999615	-1.150073	-1	0.854172
7788	3.6024378303e-2	0.322791	0.82410911	0.68424260	0.000031	-0.999615	-1.150073	-1	0.854174
7789	3.5977098664e-2	0.322372	0.82412537	0.68422784	-0.000097	-1.000766	-1.160381	-2	0.854176
7790	3.6126313005e-2	0.323713	0.82413713	0.68440058	0.000031	-0.999615	-1.150074	-1	0.854179
7791	3.6135475730e-2	0.323800	0.82412073	0.68437693	0.000031	-0.999615	-1.150074	-1	0.854181
7792	3.6074244777e-2	0.323256	0.82413745	0.68434915	0.000031	-0.999615	-1.150074	-1	0.854183
7793	3.6035209106e-2	0.322911	0.82414147	0.68431816	-0.000097	-1.000765	-1.160378	-2	0.854185
7794	3.6142811546e-2	0.323880	0.82414133	0.68442546	-0.000097	-1.000765	-1.160378	-2	0.854187
7795	3.6271018760e-2	0.325033	0.82415918	0.68458938	0.000031	-0.999616	-1.150076	-1	0.854189
7796	3.6192992689e-2	0.324339	0.82416670	0.68452640	0.000031	-0.999616	-1.150076	-1	0.854191
7797	3.6241657877e-2	0.324779	0.82418117	0.68460400	-0.000097	-1.000765	-1.160376	-2	0.854193
7798	3.6211251940e-2	0.324512	0.82415834	0.68452794	-0.000225	-1.001914	-1.170675	-3	0.854195
7799	3.6520748391e-2	0.327290	0.82417380	0.68486834	-0.000097	-1.000765	-1.160377	-2	0.854197
7800	3.6474662078e-2	0.326882	0.82419621	0.68486707	-0.000097	-1.000765	-1.160377	-2	0.854199
7801	3.6438628216e-2	0.326563	0.82418857	0.68481577	0.000031	-0.999616	-1.150081	-1	0.854202
7802	3.6559686780e-2	0.327653	0.82421046	0.68498060	-0.000097	-1.000765	-1.160376	-2	0.854204
7803	3.6517784219e-2	0.327282	0.82418707	0.68489193	-0.000097	-1.000765	-1.160376	-2	0.854206
7804	3.6561958350e-2	0.327683	0.82419814	0.68495824	-0.000097	-1.000765	-1.160376	-2	0.854208
7805	3.6534272133e-2	0.327439	0.82421214	0.68495856	-0.000225	-1.001913	-1.170667	-3	0.854210
7806	3.6595521367e-2	0.327993	0.82421515	0.68502582	-0.000353	-1.003062	-1.180958	-4	0.854212
7807	3.6690741346e-2	0.328851	0.82421744	0.68512563	-0.000225	-1.001913	-1.170668	-3	0.854214
7808	3.6541962422e-2	0.327522	0.82422517	0.68499230	-0.000225	-1.001913	-1.170668	-3	0.854216
7809	3.6449202345e-2	0.326695	0.82422404	0.68489728	-0.000353	-1.003061	-1.180956	-4	0.854218
7810	3.6256861435e-2	0.324976	0.82422409	0.68470505	-0.000225	-1.001914	-1.170669	-3	0.854220
7811	3.6233212802e-2	0.324769	0.82420977	0.68465276	-0.000097	-1.000766	-1.160384	-2	0.854222
7812	3.6343229011e-2	0.325759	0.82420538	0.68475400	-0.000097	-1.000766	-1.160384	-2	0.854225
7813	3.6144316023e-2	0.323981	0.82419414	0.68453259	0.000031	-0.999619	-1.150100	-1	0.854227
7814	3.6222302673e-2	0.324685	0.82420009	0.68462249	0.000159	-0.998472	-1.139818	0	0.854229
7815	3.6222908323e-2	0.324695	0.82422835	0.68467962	0.000031	-0.999619	-1.150099	-1	0.854231
7816	3.6242507732e-2	0.324875	0.82424932	0.68474114	0.000031	-0.999619	-1.150099	-1	0.854233
7817	3.6248684326e-2	0.324935	0.82425243	0.68475355	-0.000097	-1.000765	-1.160379	-2	0.854235
7818	3.6413973387e-2	0.326422	0.82425850	0.68493097	-0.000225	-1.001912	-1.170657	-3	0.854237
7819	3.6351911533e-2	0.325870	0.82425090	0.68485371	-0.000097	-1.000766	-1.160380	-2	0.854239
7820	3.6395040509e-2	0.326261	0.82425498	0.68490500	-0.000097	-1.000766	-1.160380	-2	0.854241
7821	3.6398022271e-2	0.326293	0.82425112	0.68490026	-0.000097	-1.000766	-1.160380	-2	0.854243
7822	3.6258478679e-2	0.325046	0.82427158	0.68480163	0.000031	-0.999619	-1.150105	-1	0.854245
7823	3.6253200875e-2	0.325004	0.82426869	0.68479057	-0.000097	-1.000765	-1.160379	-2	0.854247
7824	3.6204343344e-2	0.324570	0.82427793	0.68476020	-0.000097	-1.000765	-1.160379	-2	0.854250
7825	3.6179155847e-2	0.324349	0.82430128	0.68478171	-0.000097	-1.000765	-1.160379	-2	0.854252
7826	3.6262038789e-2	0.325097	0.82428846	0.68483895	0.000031	-0.999620	-1.150108	-1	0.854254
7827	3.6449754339e-2	0.326784	0.82427953	0.68500882	0.000159	-0.998474	-1.139839	0	0.854256
7828	3.6401655635e-2	0.326358	0.82428735	0.68497635	0.000159	-0.998474	-1.139839	0	0.854258
7829	3.6440815820e-2	0.326713	0.82428422	0.68500926	0.000031	-0.999620	-1.150106	-1	0.854260
7830	3.6349357862e-2	0.325898	0.82427636	0.68490208	0.000031	-0.999620	-1.150106	-1	0.854262
7831	3.6371610096e-2	0.326102	0.82428730	0.68494621	0.000159	-0.998475	-1.139841	0	0.854264
7832	3.6534058038e-2	0.327563	0.82429109	0.68511624	0.000159	-0.998475	-1.139841	0	0.854266
7833	3.6414051853e-2	0.326492	0.82430782	0.68502969	0.000031	-0.999619	-1.150104	-1	0.854268
7834	3.6384953115e-2	0.326236	0.82431124	0.68500744	0.000159	-0.998475	-1.139842	0	0.854270
7835	3.6388294166e-2	0.326270	0.82431733	0.68502295	0.000286	-0.997330	-1.129581	1	0.854272
7836	3.6266805883e-2	0.325186	0.82431688	0.68490056	0.000286	-0.997330	-1.129581	1	0.854274
7837	3.6161659709e-2	0.324248	0.82431973	0.68480112	0.000414	-0.996186	-1.119322	2	0.854276
7838	3.6215758392e-2	0.324737	0.82432215	0.68486005	0.000541	-0.995042	-1.109064	3	0.854279
7839	3.6291511111e-2	0.325421	0.82434127	0.68497405	0.000541	-0.995042	-1.109064	3	0.854281
7840	3.6140731196e-2	0.324074	0.82436046	0.68486166	0.000541	-0.995042	-1.109064	3	0.854283
7841	3.6136287140e-2	0.324038	0.82434624	0.68482877	0.000414	-0.996186	-1.119319	2	0.854285
7842	3.6183643012e-2	0.324468	0.82435077	0.68488519	0.000286	-0.997329	-1.129573	1	0.854287
7843	3.6249927696e-2	0.325067	0.82437155	0.68499302	0.000159	-0.998473	-1.139826	0	0.854289
7844	3.6289578462e-2	0.325427	0.82438297	0.68505551	0.000159	-0.998473	-1.139826	0	0.854291
7845	3.6324608124e-2	0.325746	0.82438647	0.68509754	0.000031	-0.999616	-1.150077	-1	0.854293
7846	3.6436546174e-2	0.326754	0.82439680	0.68523015	0.000159	-0.998473	-1.139827	0	0.854295
7847	3.6460441507e-2	0.326973	0.82440955	0.68527955	0.000031	-0.999616	-1.150076	-1	0.854297
7848	3.6288877870e-2	0.325439	0.82441803	0.68512493	0.000031	-0.999616	-1.150076	-1	0.854299
7849	3.6278563498e-2	0.325351	0.82441257	0.68510369	0.000159	-0.998473	-1.139829	0	0.854301
7850	3.6391016064e-2	0.326364	0.82442394	0.68523890	0.000159	-0.998473	-1.139829	0	0.854303
7851	3.6407474104e-2	0.326517	0.82442346	0.68525439	0.000286	-0.997331	-1.129584	1	0.854305
7852	3.6408147406e-2	0.326527	0.82442630	0.68526074	0.000286	-0.997331	-1.129584	1	0.854307
7853	3.6384521451e-2	0.326320	0.82442981	0.68524414	0.000159	-0.998473	-1.139827	0	0.854309
7854	3.6404322131e-2	0.326502	0.82442312	0.68525056	0.000032	-0.999615	-1.150069	-1	0.854312
7855	3.6191816146e-2	0.324601	0.82441868	0.68502918	0.000159	-0.998473	-1.139828	0	0.854314
7856	3.6304683979e-2	0.325618	0.82442229	0.68514926	0.000159	-0.998473	-1.139828	0	0.854316
7857	3.6283872438e-2	0.325436	0.82441857	0.68512102	0.000159	-0.998473	-1.139828	0	0.854318
7858	3.6321582662e-2	0.325779	0.82443043	0.68518244	0.000286	-0.997332	-1.129590	1	0.854320
7859	3.6328171091e-2	0.325842	0.82443138	0.68519092	0.000413	-0.996190	-1.119354	2	0.854322
7860	3.6268738078e-2	0.325314	0.82443665	0.68514204	0.000413	-0.996190	-1.119354	2	0.854324
7861	3.6377371680e-2	0.326293	0.82443175	0.68524087	0.000541	-0.995049	-1.109119	3	0.854326
7862	3.6282348663e-2	0.325445	0.82444498	0.68517230	0.000668	-0.993908	-1.098885	4	0.854328
7863	3.6309422740e-2	0.325693	0.82442414	0.68515770	0.000795	-0.992768	-1.088653	5	0.854330
7864	3.6326087917e-2	0.325847	0.82443829	0.68520266	0.000795	-0.992768	-1.088653	5	0.854332
7865	3.6633727018e-2	0.328611	0.82445121	0.68553614	0.000795	-0.992768	-1.088653	5	0.854334
7866	3.6585769207e-2	0.328186	0.82443398	0.68545373	0.000795	-0.992768	-1.088653	5	0.854336
7867	3.6598955909e-2	0.328308	0.82441897	0.68543689	0.000668	-0.993908	-1.098881	4	0.854338
7868	3.6493674642e-2	0.327369	0.82442462	0.68534292	0.000668	-0.993908	-1.098881	4	0.854340
7869	3.6368269908e-2	0.326248	0.82444039	0.68524905	0.000541	-0.995048	-1.109108	3	0.854342
7870	3.6288750168e-2	0.325540	0.82443489	0.68515852	0.000414	-0.996188	-1.119333	2	0.854344
7871	3.6391167189e-2	0.326463	0.82444042	0.68527200	0.000541	-0.995048	-1.109109	3	0.854346
7872	3.6482486169e-2	0.327287	0.82442592	0.68533433	0.000541	-0.995048	-1.109109	3	0.854348
7873	3.6518078378e-2	0.327611	0.82442638	0.68537085	0.000414	-0.996187	-1.119331	2	0.854351
7874	3.6558284189e-2	0.327976	0.82441978	0.68539785	0.000287	-0.997327	-1.129553	1	0.854353
7875	3.6448001651e-2	0.326991	0.82443727	0.68532254	0.000287	-0.997327	-1.129553	1	0.854355
7876	3.6346507612e-2	0.326085	0.82444810	0.68524271	0.000287	-0.997327	-1.129553	1	0.854357
7877	3.6514345749e-2	0.327596	0.82446072	0.68543578	0.000160	-0.998466	-1.139771	0	0.854359
7878	3.6544989045e-2	0.327875	0.82444897	0.68544293	0.000287	-0.997327	-1.129554	1	0.854361
7879	3.6471787942e-2	0.327223	0.82444130	0.68535438	0.000160	-0.998466	-1.139770	0	0.854363
7880	3.6411559882e-2	0.326688	0.82444352	0.68529859	0.000160	-0.998466	-1.139770	0	0.854365
7881	3.6510441104e-2	0.327579	0.82446650	0.68544344	0.000033	-0.999604	-1.149985	-1	0.854367
7882	3.6562374892e-2	0.328050	0.82449292	0.68554822	-0.000094	-1.000742	-1.160198	-2	0.854369
7883	3.6420980578e-2	0.326786	0.82449867	0.68541832	-0.000221	-1.001881	-1.170411	-3	0.854371
7884	3.6613434285e-2	0.328517	0.82450741	0.68562825	-0.000221	-1.001881	-1.170411	-3	0.854373
7885	3.6616781109e-2	0.328552	0.82450649	0.68562977	-0.000348	-1.003019	-1.180621	-4	0.854375
7886	3.6555059934e-2	0.328003	0.82451833	0.68559172	-0.000221	-1.001881	-1.170412	-3	0.854377
7887	3.6734446667e-2	0.329617	0.82453410	0.68580265	-0.000348	-1.003018	-1.180620	-4	0.854379
7888	3.6778099430e-2	0.330013	0.82452774	0.68583359	-0.000348	-1.003018	-1.180620	-4	0.854381
7889	3.6603997058e-2	0.328456	0.82454195	0.68568790	-0.000348	-1.003018	-1.180620	-4	0.854383
7890	3.6741092692e-2	0.329691	0.82452626	0.68579362	-0.000221	-1.001881	-1.170415	-3	0.854386
7891	3.6655634640e-2	0.328929	0.82450630	0.68566823	-0.000094	-1.000744	-1.160211	-2	0.854388
7892	3.6628416878e-2	0.328689	0.82450269	0.68563380	-0.000094	-1.000744	-1.160211	-2	0.854390
7893	3.6536623888e-2	0.327870	0.82451697	0.68557057	-0.000094	-1.000744	-1.160211	-2	0.854392
7894	3.6534514141e-2	0.327856	0.82452309	0.68558070	0.000032	-0.999607	-1.150009	-1	0.854394
7895	3.6415462161e-2	0.326792	0.82452791	0.68547128	0.000159	-0.998471	-1.139809	0	0.854396
7896	3.6403455861e-2	0.326689	0.82453906	0.68548158	0.000159	-0.998471	-1.139809	0	0.854398
7897	3.6696591191e-2	0.329324	0.82456150	0.68581959	0.000286	-0.997334	-1.129610	1	0.854400
7898	3.6741320701e-2	0.329730	0.82454611	0.68583354	0.000159	-0.998470	-1.139808	0	0.854402
7899	3.6754585323e-2	0.329854	0.82457570	0.68590600	0.000286	-0.997334	-1.129611	1	0.854404
7900	3.6479491779e-2	0.327390	0.82456054	0.68560057	0.000286	-0.997334	-1.129611	1	0.854406
7901	3.6563121212e-2	0.328145	0.82458151	0.68572614	0.000159	-0.998470	-1.139806	0	0.854408
7902	3.6578370854e-2	0.328286	0.82458588	0.68575013	0.000159	-0.998470	-1.139806	0	0.854410
7903	3.6629309508e-2	0.328748	0.82458882	0.68580695	0.000286	-0.997335	-1.129613	1	0.854412
7904	3.6754501026e-2	0.329876	0.82460524	0.68596499	0.000286	-0.997335	-1.129613	1	0.854414
7905	3.7058168611e-2	0.332606	0.82462439	0.68630694	0.000412	-0.996199	-1.119423	2	0.854416
7906	3.7090412758e-2	0.332900	0.82461476	0.68631994	0.000286	-0.997334	-1.129612	1	0.854418
7907	3.6896284280e-2	0.331163	0.82464120	0.68617868	0.000159	-0.998470	-1.139801	0	0.854420
7908	3.6924844704e-2	0.331424	0.82464454	0.68621392	0.000159	-0.998470	-1.139801	0	0.854422
7909	3.7144147348e-2	0.333397	0.82464498	0.68643410	0.000286	-0.997335	-1.129614	1	0.854424
7910	3.7032039835e-2	0.332395	0.82463062	0.68629328	0.000412	-0.996200	-1.119429	2	0.854427
7911	3.6912231172e-2	0.331325	0.82463250	0.68617723	0.000412	-0.996200	-1.119429	2	0.854429
7912	3.7052537353e-2	0.332589	0.82466020	0.68637295	0.000412	-0.996200	-1.119429	2	0.854431
7913	3.6930918998e-2	0.331502	0.82465026	0.68623143	0.000538	-0.995066	-1.109246	3	0.854433
7914	3.6932705398e-2	0.331522	0.82463024	0.68619318	0.000412	-0.996200	-1.119428	2	0.854435
7915	3.6775652066e-2	0.330117	0.82462041	0.68601647	0.000538	-0.995066	-1.109247	3	0.854437
7916	3.6628320915e-2	0.328799	0.82462408	0.68587647	0.000538	-0.995066	-1.109247	3	0.854439
7917	3.6649948171e-2	0.328998	0.82459609	0.68584212	0.000665	-0.993932	-1.099069	4	0.854441
7918	3.6608247603e-2	0.328628	0.82459708	0.68580240	0.000538	-0.995066	-1.109246	3	0.854443
7919	3.6784760747e-2	0.330218	0.82459415	0.68597306	0.000412	-0.996199	-1.119423	2	0.854445
7920	3.6914895700e-2	0.331390	0.82459715	0.68610920	0.000412	-0.996199	-1.119423	2	0.854447
7921	3.6695712941e-2	0.329427	0.82458689	0.68586950	0.000412	-0.996199	-1.119423	2	0.854449
7922	3.6687341671e-2	0.329357	0.82459310	0.68587354	0.000286	-0.997332	-1.129596	1	0.854451
7923	3.6601359138e-2	0.328590	0.82460483	0.68581101	0.000160	-0.998465	-1.139769	0	0.854453
7924	3.6808878887e-2	0.330457	0.82459558	0.68600003	0.000160	-0.998465	-1.139769	0	0.854455
7925	3.6839202246e-2	0.330734	0.82458518	0.68600956	0.000160	-0.998465	-1.139769	0	0.854457
7926	3.6597236858e-2	0.328566	0.82459193	0.68578110	0.000034	-0.999598	-1.149938	-1	0.854459
7927	3.6574775117e-2	0.328369	0.82459301	0.68576079	-0.000093	-1.000731	-1.160107	-2	0.854461
7928	3.6453700926e-2	0.327287	0.82457598	0.68560565	-0.000093	-1.000731	-1.160107	-2	0.854463
7929	3.6394477486e-2	0.326760	0.82458763	0.68556975	-0.000093	-1.000731	-1.160107	-2	0.854465
7930	3.6372439049e-2	0.326567	0.82458716	0.68554676	0.000034	-0.999599	-1.149941	-1	0.854467
7931	3.6450748623e-2	0.327274	0.82460374	0.68565822	-0.000093	-1.000731	-1.160106	-2	0.854469
7932	3.6444686439e-2	0.327224	0.82461550	0.68567568	-0.000093	-1.000731	-1.160106	-2	0.854471
7933	3.6506669251e-2	0.327786	0.82461012	0.68572691	-0.000219	-1.001862	-1.170268	-3	0.854473
7934	3.6548442481e-2	0.328165	0.82461366	0.68577576	-0.000093	-1.000731	-1.160107	-2	0.854475
7935	3.6452325592e-2	0.327307	0.82459751	0.68564735	-0.000093	-1.000731	-1.160107	-2	0.854478
7936	3.6605892616e-2	0.328690	0.82458502	0.68577594	-0.000093	-1.000731	-1.160107	-2	0.854480
7937	3.6593626999e-2	0.328585	0.82459255	0.68577872	-0.000219	-1.001862	-1.170265	-3	0.854482
7938	3.6490755989e-2	0.327666	0.82457608	0.68564292	-0.000219	-1.001862	-1.170265	-3	0.854484
7939	3.6466528351e-2	0.327453	0.82457434	0.68561520	-0.000093	-1.000731	-1.160109	-2	0.854486
7940	3.6753639868e-2	0.330036	0.82459644	0.68594652	-0.000093	-1.000731	-1.160109	-2	0.854488
7941	3.6688542333e-2	0.329456	0.82458431	0.68585715	0.000033	-0.999600	-1.149954	-1	0.854490
7942	3.6646063505e-2	0.329079	0.82456903	0.68578412	0.000033	-0.999600	-1.149954	-1	0.854492
7943	3.6660848989e-2	0.329216	0.82456226	0.68578538	0.000033	-0.999600	-1.149954	-1	0.854494
7944	3.6646975287e-2	0.329096	0.82456534	0.68577766	0.000033	-0.999600	-1.149954	-1	0.854496
7945	3.6395580648e-2	0.326843	0.82457069	0.68553695	-0.000093	-1.000730	-1.160105	-2	0.854498
7946	3.6660948210e-2	0.329231	0.82456782	0.68579659	-0.000218	-1.001861	-1.170254	-3	0.854500
7947	3.6604648674e-2	0.328730	0.82459577	0.68579619	-0.000218	-1.001861	-1.170254	-3	0.854502
7948	3.6747628205e-2	0.330019	0.82457773	0.68590309	-0.000218	-1.001861	-1.170254	-3	0.854504
7949	3.6574283718e-2	0.328466	0.82457217	0.68571862	-0.000344	-1.002990	-1.180401	-4	0.854506
7950	3.6435378488e-2	0.327223	0.82457326	0.68558191	-0.000344	-1.002990	-1.180401	-4	0.854508
7951	3.6612733244e-2	0.328821	0.82456410	0.68574092	-0.000470	-1.004120	-1.190545	-5	0.854510
7952	3.6625906755e-2	0.328944	0.82457224	0.68577039	-0.000470	-1.004120	-1.190545	-5	0.854512
7953	3.6743179911e-2	0.330002	0.82456798	0.68587915	-0.000596	-1.005249	-1.200688	-6	0.854514
7954	3.6688006707e-2	0.329511	0.82455068	0.68578937	-0.000721	-1.006379	-1.210829	-7	0.854516
7955	3.6612047787e-2	0.328833	0.82456597	0.68574399	-0.000847	-1.007508	-1.220970	-8	0.854518
7956	3.6742284778e-2	0.330008	0.82457867	0.68589962	-0.000847	-1.007508	-1.220970	-8	0.854520
7957	3.6711414625e-2	0.329735	0.82457716	0.68586573	-0.000721	-1.006379	-1.210831	-7	0.854523
7958	3.6734373327e-2	0.329946	0.82455761	0.68584960	-0.000847	-1.007507	-1.220969	-8	0.854525
7959	3.6939446025e-2	0.331792	0.82454912	0.68603769	-0.000973	-1.008636	-1.231105	-9	0.854527
7960	3.6843019363e-2	0.330931	0.82456717	0.68597735	-0.000973	-1.008636	-1.231105	-9	0.854529
7961	3.6738188397e-2	0.329994	0.82456951	0.68587722	-0.000847	-1.007508	-1.220971	-8	0.854531
7962	3.7042661799e-2	0.332733	0.82457206	0.68618678	-0.000973	-1.008636	-1.231104	-9	0.854533
7963	3.7268693504e-2	0.334768	0.82456452	0.68639774	-0.001098	-1.009764	-1.241237	-10	0.854535
7964	3.7440714546e-2	0.336318	0.82455621	0.68655313	-0.001098	-1.009764	-1.241237	-10	0.854537
7965	3.7623335902e-2	0.337963	0.82455845	0.68674024	-0.001098	-1.009764	-1.241237	-10	0.854539
7966	3.7437816649e-2	0.336302	0.82456055	0.68655892	-0.001224	-1.010892	-1.251367	-11	0.854541
7967	3.7089605684e-2	0.333178	0.82454892	0.68618745	-0.001098	-1.009764	-1.241238	-10	0.854543
7968	3.7281523385e-2	0.334907	0.82453888	0.68635929	-0.001098	-1.009764	-1.241238	-10	0.854545
7969	3.7169369303e-2	0.333904	0.82455364	0.68627666	-0.000973	-1.008637	-1.231111	-9	0.854547
7970	3.6876955958e-2	0.331282	0.82455424	0.68598544	-0.001098	-1.009764	-1.241237	-10	0.854549
7971	3.6894874939e-2	0.331448	0.82456274	0.68602036	-0.000973	-1.008637	-1.231112	-9	0.854551
7972	3.6882794787e-2	0.331344	0.82456397	0.68601073	-0.000973	-1.008637	-1.231112	-9	0.854553
7973	3.6902806069e-2	0.331528	0.82455095	0.68600470	-0.001098	-1.009764	-1.241235	-10	0.854556
7974	3.6775610441e-2	0.330390	0.82456131	0.68589823	-0.001098	-1.009764	-1.241235	-10	0.854558
7975	3.7145207123e-2	0.333715	0.82456434	0.68627390	-0.001098	-1.009764	-1.241235	-10	0.854560
7976	3.7121421095e-2	0.333506	0.82454778	0.68621698	-0.001098	-1.009764	-1.241235	-10	0.854562
7977	3.7361691156e-2	0.335669	0.82456118	0.68648405	-0.000973	-1.008637	-1.231116	-9	0.854564
7978	3.7176730179e-2	0.334012	0.82455691	0.68629054	-0.000848	-1.007511	-1.220998	-8	0.854566
7979	3.6960280820e-2	0.332072	0.82456136	0.68608299	-0.000722	-1.006385	-1.210882	-7	0.854568
7980	3.6870084344e-2	0.331266	0.82454192	0.68595393	-0.000722	-1.006385	-1.210882	-7	0.854570
7981	3.7048388893e-2	0.332873	0.82452565	0.68609969	-0.000597	-1.005259	-1.200767	-6	0.854572
7982	3.7110365182e-2	0.333435	0.82452424	0.68615884	-0.000722	-1.006385	-1.210881	-7	0.854574
7983	3.7447225072e-2	0.336466	0.82451763	0.68648249	-0.000722	-1.006385	-1.210881	-7	0.854576
7984	3.7147915766e-2	0.333781	0.82451252	0.68617295	-0.000722	-1.006385	-1.210881	-7	0.854578
7985	3.6915171330e-2	0.331695	0.82450982	0.68593481	-0.000597	-1.005260	-1.200770	-6	0.854580
7986	3.6857307418e-2	0.331179	0.82453694	0.68593120	-0.000597	-1.005260	-1.200770	-6	0.854582
7987	3.6641262441e-2	0.329243	0.82454308	0.68572742	-0.000597	-1.005260	-1.200770	-6	0.854584
7988	3.6650824894e-2	0.329333	0.82452576	0.68570235	-0.000597	-1.005260	-1.200770	-6	0.854586
7989	3.6780788790e-2	0.330506	0.82453163	0.68584405	-0.000472	-1.004135	-1.190663	-5	0.854588
7990	3.6935521379e-2	0.331901	0.82453793	0.68601138	-0.000347	-1.003010	-1.180557	-4	0.854590
7991	3.7012624687e-2	0.332598	0.82455616	0.68612495	-0.000222	-1.001886	-1.170452	-3	0.854592
7992	3.6923599621e-2	0.331803	0.82454281	0.68600922	-0.000222	-1.001886	-1.170452	-3	0.854594
7993	3.6805078962e-2	0.330742	0.82457074	0.68594656	-0.000347	-1.003010	-1.180555	-4	0.854596
7994	3.6637613407e-2	0.329242	0.82457518	0.68578798	-0.000472	-1.004134	-1.190657	-5	0.854598
7995	3.6526464917e-2	0.328248	0.82458354	0.68569354	-0.000347	-1.003010	-1.180556	-4	0.854601
7996	3.6416074806e-2	0.327260	0.82459800	0.68561208	-0.000347	-1.003010	-1.180556	-4	0.854603
7997	3.6292339516e-2	0.326153	0.82459073	0.68547379	-0.000222	-1.001886	-1.170456	-3	0.854605
7998	3.6403678366e-2	0.327158	0.82460966	0.68562299	-0.000097	-1.000763	-1.160358	-2	0.854607
7999	3.6382544903e-2	0.326973	0.82462208	0.68562671	0.000028	-0.999639	-1.150261	-1	0.854609
8000	3.6495027424e-2	0.327988	0.82461267	0.68572036	0.000028	-0.999639	-1.150261	-1	0.854611
8001	3.6398952083e-2	0.327129	0.82461317	0.68562528	0.000028	-0.999639	-1.150261	-1	0.854613
8002	3.6465019614e-2	0.327727	0.82460290	0.68567083	0.000153	-0.998516	-1.140167	0	0.854615
8003	3.6443951580e-2	0.327543	0.82460921	0.68566237	0.000278	-0.997393	-1.130074	1	0.854617
8004	3.6467579819e-2	0.327760	0.82462005	0.68570767	0.000278	-0.997393	-1.130074	1	0.854619
8005	3.6499496953e-2	0.328051	0.82459877	0.68569703	0.000403	-0.996270	-1.119982	2	0.854621
8006	3.6531423176e-2	0.328342	0.82460604	0.68574350	0.000528	-0.995148	-1.109892	3	0.854623
8007	3.6430465387e-2	0.327440	0.82460400	0.68563846	0.000403	-0.996270	-1.119981	2	0.854625
8008	3.6281307751e-2	0.326104	0.82460264	0.68548659	0.000403	-0.996270	-1.119981	2	0.854627
8009	3.6407177580e-2	0.327239	0.82460262	0.68561241	0.000278	-0.997392	-1.130069	1	0.854629
8010	3.6525654499e-2	0.328309	0.82461327	0.68575219	0.000278	-0.997392	-1.130069	1	0.854631
8011	3.6541279097e-2	0.328454	0.82461223	0.68576574	0.000154	-0.998514	-1.140154	0	0.854633
8012	3.6758674529e-2	0.330413	0.82462035	0.68599938	0.000154	-0.998514	-1.140154	0	0.854635
8013	3.6456261378e-2	0.327699	0.82464308	0.68574243	0.000278	-0.997393	-1.130071	1	0.854637
8014	3.6641754644e-2	0.329371	0.82464084	0.68592343	0.000403	-0.996271	-1.119988	2	0.854639
8015	3.6877480389e-2	0.331494	0.82466349	0.68620446	0.000278	-0.997393	-1.130070	1	0.854641
8016	3.6933266706e-2	0.332000	0.82468179	0.68629684	0.000278	-0.997393	-1.130070	1	0.854643
8017	3.6533433185e-2	0.328411	0.82470227	0.68593798	0.000154	-0.998514	-1.140149	0	0.854645
8018	3.6396072238e-2	0.327180	0.82471951	0.68583509	0.000029	-0.999635	-1.150228	-1	0.854647
8019	3.6495884778e-2	0.328082	0.82473024	0.68595636	0.000029	-0.999635	-1.150228	-1	0.854649
8020	3.6731842371e-2	0.330208	0.82472922	0.68619028	0.000029	-0.999635	-1.150228	-1	0.854651
8021	3.6666757815e-2	0.329627	0.82472498	0.68611672	0.000154	-0.998514	-1.140152	0	0.854653
8022	3.6543810746e-2	0.328527	0.82469902	0.68594185	0.000278	-0.997394	-1.130077	1	0.854655
8023	3.6354770432e-2	0.326832	0.82470713	0.68576904	0.000403	-0.996273	-1.120004	2	0.854657
8024	3.6384683211e-2	0.327105	0.82468918	0.68576304	0.000403	-0.996273	-1.120004	2	0.854659
8025	3.6389772896e-2	0.327156	0.82469041	0.68577059	0.000403	-0.996273	-1.120004	2	0.854661
8026	3.6467072031e-2	0.327855	0.82468032	0.68582772	0.000528	-0.995153	-1.109933	3	0.854663
8027	3.6257361980e-2	0.325974	0.82468460	0.68562657	0.000652	-0.994033	-1.099863	4	0.854665
8028	3.6147820849e-2	0.324994	0.82468107	0.68550996	0.000652	-0.994033	-1.099863	4	0.854667
8029	3.6117104466e-2	0.324722	0.82467649	0.68547009	0.000528	-0.995153	-1.109931	3	0.854669
8030	3.6123956670e-2	0.324788	0.82467384	0.68547163	0.000652	-0.994033	-1.099864	4	0.854671
8031	3.6299987189e-2	0.326376	0.82470690	0.68571378	0.000777	-0.992913	-1.089798	5	0.854673
8032	3.6227227852e-2	0.325726	0.82471099	0.68564922	0.000777	-0.992913	-1.089798	5	0.854675
8033	3.6118418889e-2	0.324752	0.82472771	0.68557383	0.000901	-0.991794	-1.079734	6	0.854677
8034	3.6134220002e-2	0.324899	0.82473908	0.68561238	0.001026	-0.990675	-1.069671	7	0.854679
8035	3.6172751998e-2	0.325250	0.82471745	0.68560764	0.001150	-0.989556	-1.059609	8	0.854681
8036	3.6179881383e-2	0.325318	0.82472218	0.68562425	0.001150	-0.989556	-1.059609	8	0.854683
8037	3.6106133637e-2	0.324660	0.82474539	0.68559691	0.001150	-0.989556	-1.059609	8	0.854685
8038	3.6040137865e-2	0.324071	0.82473035	0.68550085	0.001274	-0.988437	-1.049550	9	0.854687
8039	3.5870857565e-2	0.322553	0.82474404	0.68535894	0.001150	-0.989556	-1.059608	8	0.854689
8040	3.5866601375e-2	0.322519	0.82474196	0.68535052	0.001150	-0.989556	-1.059608	8	0.854691
8041	3.5939537844e-2	0.323179	0.82472940	0.68539835	0.001026	-0.990674	-1.069665	7	0.854693
8042	3.6200224426e-2	0.325528	0.82472797	0.68565616	0.001150	-0.989556	-1.059609	8	0.854695
8043	3.6262517993e-2	0.326093	0.82473650	0.68573553	0.001026	-0.990674	-1.069664	7	0.854697
8044	3.6324982131e-2	0.326659	0.82474016	0.68580530	0.001026	-0.990674	-1.069664	7	0.854699
8045	3.6573317288e-2	0.328897	0.82474621	0.68606574	0.001150	-0.989556	-1.059611	8	0.854701
8046	3.6592828968e-2	0.329077	0.82476866	0.68613015	0.001150	-0.989556	-1.059611	8	0.854703
8047	3.6597069314e-2	0.329119	0.82476967	0.68613640	0.001274	-0.988439	-1.049561	9	0.854705
8048	3.6612480049e-2	0.329263	0.82475567	0.68612382	0.001274	-0.988439	-1.049561	9	0.854707
8049	3.6703687818e-2	0.330087	0.82476031	0.68622432	0.001399	-0.987321	-1.039513	10	0.854709
8050	3.6574788169e-2	0.328933	0.82477359	0.68612198	0.001399	-0.987321	-1.039513	10	0.854711
8051	3.6467100949e-2	0.327969	0.82475407	0.68597525	0.001523	-0.986204	-1.029466	11	0.854713
8052	3.6567851994e-2	0.328879	0.82477184	0.68611153	0.001523	-0.986204	-1.029466	11	0.854714
8053	3.6813474835e-2	0.331093	0.82478947	0.68639242	0.001399	-0.987321	-1.039511	10	0.854716
8054	3.7090575554e-2	0.333590	0.82480832	0.68670722	0.001523	-0.986204	-1.029467	11	0.854718
8055	3.6875415128e-2	0.331659	0.82480203	0.68647947	0.001523	-0.986204	-1.029467	11	0.854720
8056	3.6637943924e-2	0.329528	0.82481189	0.68626172	0.001523	-0.986204	-1.029467	11	0.854722
8057	3.6674652756e-2	0.329863	0.82479975	0.68627415	0.001647	-0.985088	-1.019426	12	0.854724
8058	3.6635980811e-2	0.329519	0.82481339	0.68626275	0.001771	-0.983972	-1.009387	13	0.854726
8059	3.6857043960e-2	0.331512	0.82485433	0.68656570	0.001647	-0.985088	-1.019425	12	0.854728
8060	3.6653536612e-2	0.329686	0.82485431	0.68636216	0.001647	-0.985088	-1.019425	12	0.854730
8061	3.6608014173e-2	0.329282	0.82484973	0.68630748	0.001771	-0.983972	-1.009389	13	0.854732
8062	3.6608300363e-2	0.329289	0.82484183	0.68629196	0.001647	-0.985088	-1.019425	12	0.854734
8063	3.6472433780e-2	0.328071	0.82484589	0.68616422	0.001771	-0.983972	-1.009390	13	0.854736
8064	3.6315794671e-2	0.326667	0.82486666	0.68604912	0.001771	-0.983972	-1.009390	13	0.854738
8065	3.6286307140e-2	0.326406	0.82486781	0.68602193	0.001895	-0.982857	-0.999357	14	0.854740
8066	3.6383338630e-2	0.327283	0.82487099	0.68612531	0.001771	-0.983972	-1.009389	13	0.854742
8067	3.6437086404e-2	0.327771	0.82488571	0.68620851	0.001895	-0.982857	-0.999358	14	0.854744
8068	3.6769345503e-2	0.330765	0.82489066	0.68655066	0.001895	-0.982857	-0.999358	14	0.854746
8069	3.6734036353e-2	0.330451	0.82490253	0.68653910	0.001771	-0.983972	-1.009387	13	0.854748
8070	3.6789948830e-2	0.330959	0.82491193	0.68661381	0.001895	-0.982857	-0.999359	14	0.854750
8071	3.6725193359e-2	0.330381	0.82490194	0.68652907	0.002019	-0.981742	-0.989332	15	0.854752
8072	3.6628930507e-2	0.329520	0.82491515	0.68645924	0.002019	-0.981742	-0.989332	15	0.854754
8073	3.6470090706e-2	0.328095	0.82489530	0.68626069	0.002019	-0.981742	-0.989332	15	0.854756
8074	3.6350202786e-2	0.327021	0.82488568	0.68612157	0.001895	-0.982857	-0.999356	14	0.854757
8075	3.6390091206e-2	0.327384	0.82491521	0.68622051	0.001895	-0.982857	-0.999356	14	0.854759
8076	3.6416714653e-2	0.327629	0.82490115	0.68621901	0.001895	-0.982857	-0.999356	14	0.854761
8077	3.6463985024e-2	0.328058	0.82488991	0.68624381	0.002019	-0.981743	-0.989335	15	0.854763
8078	3.6463949271e-2	0.328062	0.82488596	0.68623588	0.001895	-0.982857	-0.999355	14	0.854765
8079	3.6479436796e-2	0.328206	0.82487429	0.68622802	0.002019	-0.981743	-0.989336	15	0.854767
8080	3.6464715458e-2	0.328078	0.82487838	0.68622148	0.002019	-0.981743	-0.989336	15	0.854769
8081	3.6535380228e-2	0.328719	0.82488427	0.68630392	0.001895	-0.982856	-0.999353	14	0.854771
8082	3.6639095498e-2	0.329656	0.82489964	0.68643837	0.001895	-0.982856	-0.999353	14	0.854773
8083	3.6558895657e-2	0.328939	0.82487609	0.68631109	0.002019	-0.981743	-0.989337	15	0.854775
8084	3.6567810019e-2	0.329024	0.82488205	0.68633190	0.002019	-0.981743	-0.989337	15	0.854777
8085	3.6441324794e-2	0.327891	0.82488521	0.68621175	0.002019	-0.981743	-0.989337	15	0.854779
8086	3.6466995832e-2	0.328126	0.82489403	0.68625505	0.001895	-0.982856	-0.999350	14	0.854781
8087	3.6558060837e-2	0.328950	0.82489553	0.68634913	0.001771	-0.983969	-1.009362	13	0.854783
8088	3.6518760707e-2	0.328601	0.82491159	0.68634194	0.001771	-0.983969	-1.009362	13	0.854785
8089	3.6449791572e-2	0.327985	0.82492522	0.68630024	0.001648	-0.985081	-1.019371	12	0.854787
8090	3.6385464885e-2	0.327410	0.82492265	0.68623076	0.001524	-0.986193	-1.029380	11	0.854789
8091	3.6492630528e-2	0.328379	0.82493444	0.68636151	0.001524	-0.986193	-1.029380	11	0.854791
8092	3.6459035095e-2	0.328081	0.82495785	0.68637473	0.001524	-0.986193	-1.029380	11	0.854792
8093	3.6454977851e-2	0.328049	0.82498830	0.68643157	0.001401	-0.987305	-1.039386	10	0.854794
8094	3.6436612397e-2	0.327889	0.82498380	0.68640422	0.001524	-0.986193	-1.029381	11	0.854796
8095	3.6501074541e-2	0.328473	0.82498402	0.68646911	0.001648	-0.985082	-1.019377	12	0.854798
8096	3.6446766425e-2	0.327989	0.82499050	0.68642777	0.001648	-0.985082	-1.019377	12	0.854800
8097	3.6522314294e-2	0.328673	0.82500004	0.68652240	0.001771	-0.983970	-1.009375	13	0.854802
8098	3.6305420507e-2	0.326726	0.82500168	0.68630878	0.001895	-0.982859	-0.999374	14	0.854804
8099	3.6351781559e-2	0.327148	0.82499142	0.68633462	0.001771	-0.983970	-1.009374	13	0.854806
8100	3.6320260807e-2	0.326869	0.82500173	0.68632371	0.001771	-0.983970	-1.009374	13	0.854808
8101	3.6443311020e-2	0.327980	0.82499471	0.68643273	0.001648	-0.985081	-1.019372	12	0.854810
8102	3.6414197739e-2	0.327723	0.82497287	0.68635994	0.001771	-0.983970	-1.009375	13	0.854812
8103	3.6299370851e-2	0.326694	0.82497544	0.68625024	0.001648	-0.985081	-1.019371	12	0.854814
8104	3.6219095670e-2	0.325976	0.82499425	0.68620759	0.001648	-0.985081	-1.019371	12	0.854816
8105	3.6555952991e-2	0.329012	0.82500300	0.68656195	0.001771	-0.983971	-1.009377	13	0.854818
8106	3.6547910577e-2	0.328944	0.82502230	0.68659250	0.001894	-0.982860	-0.999384	14	0.854820
8107	3.6423570254e-2	0.327830	0.82500798	0.68643954	0.001894	-0.982860	-0.999384	14	0.854822
8108	3.6458556979e-2	0.328149	0.82503175	0.68652205	0.001894	-0.982860	-0.999384	14	0.854824
8109	3.6639195120e-2	0.329779	0.82503746	0.68671411	0.001894	-0.982860	-0.999384	14	0.854826
8110	3.6414202270e-2	0.327759	0.82503010	0.68647440	0.001771	-0.983970	-1.009373	13	0.854827
8111	3.6473723838e-2	0.328299	0.82504087	0.68655547	0.001648	-0.985080	-1.019362	12	0.854829
8112	3.6482513131e-2	0.328383	0.82502755	0.68653762	0.001648	-0.985080	-1.019362	12	0.854831
8113	3.6481024484e-2	0.328374	0.82502786	0.68653675	0.001525	-0.986189	-1.029349	11	0.854833
8114	3.6425400052e-2	0.327878	0.82504980	0.68652501	0.001648	-0.985080	-1.019363	12	0.854835
8115	3.6594811666e-2	0.329407	0.82506350	0.68672180	0.001525	-0.986189	-1.029348	11	0.854837
8116	3.6554357951e-2	0.329047	0.82504947	0.68665330	0.001525	-0.986189	-1.029348	11	0.854839
8117	3.6618257901e-2	0.329627	0.82507215	0.68676257	0.001401	-0.987298	-1.039330	10	0.854841
8118	3.6492968016e-2	0.328504	0.82508095	0.68665487	0.001401	-0.987298	-1.039330	10	0.854843
8119	3.6475329991e-2	0.328350	0.82507429	0.68662392	0.001525	-0.986189	-1.029350	11	0.854845
8120	3.6369083213e-2	0.327398	0.82507217	0.68651343	0.001525	-0.986189	-1.029350	11	0.854847
8121	3.6263380933e-2	0.326451	0.82507062	0.68640463	0.001648	-0.985081	-1.019370	12	0.854849
8122	3.6303902946e-2	0.326820	0.82507215	0.68644821	0.001525	-0.986189	-1.029349	11	0.854851
8123	3.6270524505e-2	0.326524	0.82508804	0.68644660	0.001401	-0.987298	-1.039326	10	0.854853
8124	3.6286966378e-2	0.326676	0.82510445	0.68649586	0.001401	-0.987298	-1.039326	10	0.854855
8125	3.6233664536e-2	0.326201	0.82510765	0.68644897	0.001401	-0.987298	-1.039326	10	0.854857
8126	3.6303460180e-2	0.326834	0.82510004	0.68650354	0.001278	-0.988405	-1.049300	9	0.854859
8127	3.6456854835e-2	0.328219	0.82510749	0.68667184	0.001278	-0.988405	-1.049300	9	0.854861
8128	3.6516579092e-2	0.328761	0.82510865	0.68673387	0.001278	-0.988405	-1.049300	9	0.854863
8129	3.6421228804e-2	0.327907	0.82509409	0.68660941	0.001401	-0.987298	-1.039329	10	0.854864
8130	3.6549842825e-2	0.329070	0.82509020	0.68673024	0.001524	-0.986190	-1.029358	11	0.854866
8131	3.6694548939e-2	0.330377	0.82510574	0.68690602	0.001647	-0.985083	-1.019389	12	0.854868
8132	3.6611615657e-2	0.329635	0.82510659	0.68682479	0.001647	-0.985083	-1.019389	12	0.854870
8133	3.6593149532e-2	0.329473	0.82510270	0.68679855	0.001770	-0.983976	-1.009421	13	0.854872
8134	3.6548383972e-2	0.329075	0.82510958	0.68676754	0.001770	-0.983976	-1.009421	13	0.854874
8135	3.6595286755e-2	0.329501	0.82510575	0.68680679	0.001893	-0.982869	-0.999455	14	0.854876
8136	3.6692251684e-2	0.330379	0.82511160	0.68691545	0.001893	-0.982869	-0.999455	14	0.854878
8137	3.6749896039e-2	0.330903	0.82509768	0.68694525	0.002016	-0.981763	-0.989492	15	0.854880
8138	3.6695373758e-2	0.330416	0.82508364	0.68686266	0.001893	-0.982869	-0.999454	14	0.854882
8139	3.6600843983e-2	0.329569	0.82505554	0.68671193	0.002016	-0.981763	-0.989493	15	0.854884
8140	3.6531324801e-2	0.328948	0.82504479	0.68662091	0.002016	-0.981763	-0.989493	15	0.854886
8141	3.6424256345e-2	0.327988	0.82504088	0.68650601	0.002139	-0.980657	-0.979533	16	0.854888
8142	3.6434453498e-2	0.328085	0.82503336	0.68650117	0.002262	-0.979551	-0.969574	17	0.854890
8143	3.6388069702e-2	0.327671	0.82503585	0.68645977	0.002385	-0.978445	-0.959616	18	0.854891
8144	3.6318991510e-2	0.327054	0.82502142	0.68636183	0.002385	-0.978445	-0.959616	18	0.854893
8145	3.6489065181e-2	0.328590	0.82504048	0.68657002	0.002385	-0.978445	-0.959616	18	0.854895
8146	3.6625219681e-2	0.329820	0.82504357	0.68671235	0.002507	-0.977339	-0.949660	19	0.854897
8147	3.6552203122e-2	0.329167	0.82503230	0.68661680	0.002385	-0.978445	-0.959615	18	0.854899
8148	3.6446960066e-2	0.328224	0.82502678	0.68650052	0.002385	-0.978445	-0.959615	18	0.854901
8149	3.6618559644e-2	0.329774	0.82502465	0.68666786	0.002507	-0.977340	-0.949662	19	0.854903
8150	3.6745155544e-2	0.330919	0.82502874	0.68680264	0.002507	-0.977340	-0.949662	19	0.854905
8151	3.6701101400e-2	0.330526	0.82504261	0.68678631	0.002630	-0.976235	-0.939712	20	0.854907
8152	3.6870012913e-2	0.332052	0.82504977	0.68696956	0.002630	-0.976235	-0.939712	20	0.854909
8153	3.6950054702e-2	0.332777	0.82505458	0.68705921	0.002753	-0.975130	-0.929763	21	0.854911
8154	3.6652367736e-2	0.330101	0.82505293	0.68675824	0.002753	-0.975130	-0.929763	21	0.854912
8155	3.6532904914e-2	0.329029	0.82506157	0.68665605	0.002630	-0.976235	-0.939710	20	0.854914
8156	3.6774077368e-2	0.331206	0.82506934	0.68691276	0.002630	-0.976235	-0.939710	20	0.854916
8157	3.6827357935e-2	0.331690	0.82508115	0.68698966	0.002753	-0.975130	-0.929765	21	0.854918
8158	3.6816003326e-2	0.331593	0.82507283	0.68696167	0.002875	-0.974026	-0.919821	22	0.854920
8159	3.6658691011e-2	0.330180	0.82505510	0.68676890	0.002998	-0.972922	-0.909878	23	0.854922
8160	3.6755807104e-2	0.331060	0.82507944	0.68691469	0.002998	-0.972922	-0.909878	23	0.854924
8161	3.6740225643e-2	0.330924	0.82507571	0.68689165	0.002875	-0.974026	-0.919819	22	0.854926
8162	3.6589758701e-2	0.329573	0.82507435	0.68673847	0.002998	-0.972923	-0.909879	23	0.854928
8163	3.6717967565e-2	0.330732	0.82506823	0.68685443	0.002998	-0.972923	-0.909879	23	0.854930
8164	3.6567011886e-2	0.329377	0.82507476	0.68671654	0.002998	-0.972923	-0.909879	23	0.854931
8165	3.6783731945e-2	0.331334	0.82507972	0.68694317	0.002875	-0.974026	-0.919817	22	0.854933
8166	3.6612631893e-2	0.329797	0.82507785	0.68676834	0.002753	-0.975129	-0.929753	21	0.854935
8167	3.6700016825e-2	0.330589	0.82510067	0.68690137	0.002630	-0.976232	-0.939688	20	0.854937
8168	3.6716247396e-2	0.330739	0.82511042	0.68693709	0.002630	-0.976232	-0.939688	20	0.854939
8169	3.6763340612e-2	0.331168	0.82511376	0.68699086	0.002508	-0.977335	-0.949621	19	0.854941
8170	3.6533775013e-2	0.329104	0.82509885	0.68673148	0.002630	-0.976232	-0.939689	20	0.854943
8171	3.6605123306e-2	0.329752	0.82510343	0.68681199	0.002508	-0.977334	-0.949621	19	0.854945
8172	3.6549293213e-2	0.329253	0.82509707	0.68674344	0.002508	-0.977334	-0.949621	19	0.854947
8173	3.6497753614e-2	0.328793	0.82509011	0.68667798	0.002630	-0.976232	-0.939691	20	0.854949
8174	3.6586586810e-2	0.329598	0.82509942	0.68678542	0.002508	-0.977334	-0.949620	19	0.854950
8175	3.6443165416e-2	0.328311	0.82510574	0.68665464	0.002508	-0.977334	-0.949620	19	0.854952
8176	3.6411853342e-2	0.328033	0.82509596	0.68660377	0.002508	-0.977334	-0.949620	19	0.854954
8177	3.6284861195e-2	0.326893	0.82510513	0.68649513	0.002386	-0.978436	-0.959545	18	0.854956
8178	3.6346146872e-2	0.327450	0.82508459	0.68651532	0.002508	-0.977334	-0.949621	19	0.854958
8179	3.6326513887e-2	0.327277	0.82509739	0.68652130	0.002386	-0.978436	-0.959544	18	0.854960
8180	3.6307545504e-2	0.327111	0.82508579	0.68647912	0.002386	-0.978436	-0.959544	18	0.854962
8181	3.6323399045e-2	0.327258	0.82509444	0.68651228	0.002386	-0.978436	-0.959544	18	0.854964
8182	3.6272686718e-2	0.326806	0.82508818	0.68644904	0.002508	-0.977335	-0.949623	19	0.854966
8183	3.6312337795e-2	0.327167	0.82508673	0.68648579	0.002508	-0.977335	-0.949623	19	0.854968
8184	3.6492177572e-2	0.328792	0.82509164	0.68667545	0.002508	-0.977335	-0.949623	19	0.854969
8185	3.6390700333e-2	0.327882	0.82509043	0.68657157	0.002630	-0.976234	-0.939705	20	0.854971
8186	3.6580900264e-2	0.329601	0.82509381	0.68676852	0.002752	-0.975133	-0.929788	21	0.854973
8187	3.6728800791e-2	0.330938	0.82511032	0.68694945	0.002874	-0.974033	-0.919871	22	0.854975
8188	3.6631936250e-2	0.330069	0.82512222	0.68687638	0.002874	-0.974033	-0.919871	22	0.854977
8189	3.6784478995e-2	0.331448	0.82512632	0.68703712	0.002997	-0.972932	-0.909957	23	0.854979
8190	3.6779480930e-2	0.331408	0.82512082	0.68702112	0.002997	-0.972932	-0.909957	23	0.854981
8191	3.6505422955e-2	0.328943	0.82513018	0.68676577	0.002874	-0.974032	-0.919869	22	0.854983
8192	3.6346895442e-2	0.327519	0.82513911	0.68662511	0.002874	-0.974032	-0.919869	22	0.854985
8193	3.6089832467e-2	0.325207	0.82512753	0.68634489	0.002997	-0.972933	-0.909959	23	0.854986
8194	3.6175364000e-2	0.325982	0.82511805	0.68641147	0.002875	-0.974032	-0.919869	22	0.854988
8195	3.6148250039e-2	0.325742	0.82511281	0.68637386	0.002752	-0.975132	-0.929777	21	0.854990
8196	3.6136340959e-2	0.325639	0.82512941	0.68639515	0.002752	-0.975132	-0.929777	21	0.854992
8197	3.6129210199e-2	0.325579	0.82513314	0.68639549	0.002874	-0.974033	-0.919870	22	0.854994
8198	3.6090094631e-2	0.325231	0.82512421	0.68633851	0.002996	-0.972933	-0.909964	23	0.854996
8199	3.6074139393e-2	0.325092	0.82511865	0.68631144	0.002996	-0.972933	-0.909964	23	0.854998
8200	3.6041095300e-2	0.324798	0.82511548	0.68627206	0.002996	-0.972933	-0.909964	23	0.855000
8201	3.6071395014e-2	0.325076	0.82511624	0.68630387	0.003118	-0.971834	-0.900061	24	0.855002
8202	3.6090797519e-2	0.325255	0.82510213	0.68629506	0.002996	-0.972933	-0.909963	23	0.855003
8203	3.6079181812e-2	0.325155	0.82510831	0.68629579	0.003118	-0.971835	-0.900062	24	0.855005
8204	3.6063805694e-2	0.325021	0.82509706	0.68625792	0.003118	-0.971835	-0.900062	24	0.855007
8205	3.6148146655e-2	0.325785	0.82510198	0.68635211	0.002997	-0.972933	-0.909962	23	0.855009
8206	3.6236245123e-2	0.326584	0.82510521	0.68644667	0.002875	-0.974031	-0.919860	22	0.855011
8207	3.6198334716e-2	0.326246	0.82508513	0.68636859	0.002996	-0.972933	-0.909962	23	0.855013
8208	3.6247102051e-2	0.326690	0.82507970	0.68640650	0.002996	-0.972933	-0.909962	23	0.855015
8209	3.6272485954e-2	0.326923	0.82510394	0.68648036	0.002875	-0.974031	-0.919858	22	0.855017
8210	3.6265002083e-2	0.326860	0.82510407	0.68647314	0.002753	-0.975129	-0.929753	21	0.855018
8211	3.6034067400e-2	0.324783	0.82510422	0.68624251	0.002875	-0.974031	-0.919859	22	0.855020
8212	3.5971596536e-2	0.324225	0.82510412	0.68617983	0.002875	-0.974031	-0.919859	22	0.855022
8213	3.6002343959e-2	0.324506	0.82508700	0.68617634	0.002996	-0.972934	-0.909967	23	0.855024
8214	3.6164822955e-2	0.325975	0.82508598	0.68633678	0.002996	-0.972934	-0.909967	23	0.855026
8215	3.6471767809e-2	0.328746	0.82506648	0.68660472	0.002875	-0.974031	-0.919857	22	0.855028
8216	3.6246616844e-2	0.326721	0.82504710	0.68634082	0.002875	-0.974031	-0.919857	22	0.855030
8217	3.6560605975e-2	0.329556	0.82504807	0.68665676	0.002875	-0.974031	-0.919857	22	0.855032
8218	3.6308717440e-2	0.327290	0.82506751	0.68644373	0.002753	-0.975128	-0.929745	21	0.855033
8219	3.6196237513e-2	0.326280	0.82506863	0.68633350	0.002631	-0.976225	-0.939631	20	0.855035
8220	3.6025924413e-2	0.324749	0.82508672	0.68619936	0.002631	-0.976225	-0.939631	20	0.855037
8221	3.6112857357e-2	0.325537	0.82509243	0.68629772	0.002510	-0.977321	-0.949515	19	0.855039
8222	3.5927908937e-2	0.323875	0.82509409	0.68611608	0.002631	-0.976225	-0.939632	20	0.855041
8223	3.5894888598e-2	0.323581	0.82509950	0.68609389	0.002753	-0.975128	-0.929749	21	0.855043
8224	3.5830599269e-2	0.323006	0.82509718	0.68602495	0.002753	-0.975128	-0.929749	21	0.855045
8225	3.5864991266e-2	0.323321	0.82510214	0.68606927	0.002753	-0.975128	-0.929749	21	0.855047
8226	3.5962344017e-2	0.324203	0.82511451	0.68619136	0.002753	-0.975128	-0.929749	21	0.855049
8227	3.6090905457e-2	0.325366	0.82510434	0.68629959	0.002874	-0.974033	-0.919870	22	0.855050
8228	3.5995768819e-2	0.324513	0.82510351	0.68620279	0.002874	-0.974033	-0.919870	22	0.855052
8229	3.5885994980e-2	0.323527	0.82509657	0.68607914	0.002753	-0.975128	-0.929747	21	0.855054
8230	3.6011462215e-2	0.324663	0.82508499	0.68618143	0.002631	-0.976224	-0.939623	20	0.855056
8231	3.5998955164e-2	0.324554	0.82508056	0.68616008	0.002510	-0.977319	-0.949499	19	0.855058
8232	3.6186785935e-2	0.326252	0.82507185	0.68633048	0.002510	-0.977319	-0.949499	19	0.855060
8233	3.6083450363e-2	0.325325	0.82508985	0.68626315	0.002389	-0.978414	-0.959372	18	0.855062
8234	3.6074812895e-2	0.325251	0.82508909	0.68625299	0.002267	-0.979509	-0.969244	17	0.855064
8235	3.5851629424e-2	0.323244	0.82509401	0.68603965	0.002267	-0.979509	-0.969244	17	0.855065
8236	3.6044710466e-2	0.324989	0.82510266	0.68625004	0.002267	-0.979509	-0.969244	17	0.855067
8237	3.5963850050e-2	0.324264	0.82512086	0.68620556	0.002146	-0.980604	-0.979114	16	0.855069
8238	3.5918584070e-2	0.323860	0.82511790	0.68615437	0.002024	-0.981698	-0.988982	15	0.855071
8239	3.5933745000e-2	0.324001	0.82514011	0.68621396	0.001903	-0.982793	-0.998850	14	0.855073
8240	3.6083842098e-2	0.325359	0.82514557	0.68637498	0.001903	-0.982793	-0.998850	14	0.855075
8241	3.6209350592e-2	0.326495	0.82513514	0.68647963	0.001782	-0.983887	-1.008716	13	0.855077
8242	3.6403398084e-2	0.328249	0.82513746	0.68667832	0.001660	-0.984981	-1.018581	12	0.855079
8243	3.6286059658e-2	0.327196	0.82513923	0.68656452	0.001539	-0.986075	-1.028445	11	0.855081
8244	3.6405669079e-2	0.328279	0.82514008	0.68668582	0.001539	-0.986075	-1.028445	11	0.855083
8245	3.6449707562e-2	0.328680	0.82515112	0.68675194	0.001418	-0.987168	-1.038307	10	0.855084
8246	3.6407310840e-2	0.328302	0.82514715	0.68670162	0.001539	-0.986075	-1.028445	11	0.855086
8247	3.6299391335e-2	0.327334	0.82517386	0.68664711	0.001660	-0.984981	-1.018585	12	0.855088
8248	3.6561548933e-2	0.329702	0.82516774	0.68689702	0.001660	-0.984981	-1.018585	12	0.855090
8249	3.6231900585e-2	0.326734	0.82515528	0.68654247	0.001781	-0.983888	-1.008727	13	0.855092
8250	3.6281456110e-2	0.327185	0.82516019	0.68660185	0.001781	-0.983888	-1.008727	13	0.855094
8251	3.6155443120e-2	0.326053	0.82516693	0.68648931	0.001903	-0.982795	-0.998870	14	0.855096
8252	3.5943466331e-2	0.324146	0.82516846	0.68628038	0.001903	-0.982795	-0.998870	14	0.855098
8253	3.5925407884e-2	0.323987	0.82519258	0.68631056	0.001903	-0.982795	-0.998870	14	0.855100
8254	3.6032217358e-2	0.324955	0.82519108	0.68641438	0.002024	-0.981703	-0.989017	15	0.855102
8255	3.5969890343e-2	0.324397	0.82519040	0.68635068	0.001903	-0.982795	-0.998869	14	0.855103
8256	3.6128584361e-2	0.325833	0.82519385	0.68651629	0.001903	-0.982795	-0.998869	14	0.855105
8257	3.6084144692e-2	0.325436	0.82518473	0.68645361	0.002024	-0.981703	-0.989019	15	0.855107
8258	3.6120698810e-2	0.325770	0.82520609	0.68653289	0.002145	-0.980611	-0.979169	16	0.855109
8259	3.6375771094e-2	0.328075	0.82518658	0.68674892	0.002266	-0.979519	-0.969319	17	0.855111
8260	3.6422489099e-2	0.328501	0.82520088	0.68682426	0.002266	-0.979519	-0.969319	17	0.855113
8261	3.6470169129e-2	0.328935	0.82518857	0.68684731	0.002387	-0.978427	-0.959472	18	0.855115
8262	3.6572185603e-2	0.329860	0.82517632	0.68692482	0.002387	-0.978427	-0.959472	18	0.855117
8263	3.6581586662e-2	0.329949	0.82517942	0.68694042	0.002266	-0.979518	-0.969318	17	0.855119
8264	3.6830605761e-2	0.332200	0.82517641	0.68718343	0.002266	-0.979518	-0.969318	17	0.855120
8265	3.6755010628e-2	0.331522	0.82518294	0.68712089	0.002387	-0.978427	-0.959474	18	0.855122
8266	3.6564992839e-2	0.329813	0.82519287	0.68695073	0.002508	-0.977336	-0.949632	19	0.855124
8267	3.6528791771e-2	0.329491	0.82520757	0.68694393	0.002629	-0.976245	-0.939790	20	0.855126
8268	3.6455199038e-2	0.328831	0.82520080	0.68685681	0.002629	-0.976245	-0.939790	20	0.855128
8269	3.6484690418e-2	0.329102	0.82522252	0.68692973	0.002508	-0.977336	-0.949630	19	0.855130
8270	3.6321898666e-2	0.327638	0.82522435	0.68677060	0.002387	-0.978426	-0.959469	18	0.855132
8271	3.6346826920e-2	0.327867	0.82523759	0.68682200	0.002387	-0.978426	-0.959469	18	0.855134
8272	3.6383513978e-2	0.328202	0.82522057	0.68682464	0.002387	-0.978426	-0.959469	18	0.855135
8273	3.6452650026e-2	0.328830	0.82522173	0.68689611	0.002266	-0.979517	-0.969305	17	0.855137
8274	3.6454510817e-2	0.328852	0.82522098	0.68689648	0.002387	-0.978426	-0.959469	18	0.855139
8275	3.6336046334e-2	0.327787	0.82523040	0.68679685	0.002387	-0.978426	-0.959469	18	0.855141
8276	3.6328458806e-2	0.327723	0.82523949	0.68680744	0.002387	-0.978426	-0.959469	18	0.855143
8277	3.6246567868e-2	0.326989	0.82523797	0.68672251	0.002266	-0.979516	-0.969302	17	0.855145
8278	3.6304196888e-2	0.327513	0.82524972	0.68680363	0.002387	-0.978427	-0.959470	18	0.855147
8279	3.6289136293e-2	0.327382	0.82526044	0.68681001	0.002508	-0.977337	-0.949640	19	0.855149
8280	3.6341862722e-2	0.327862	0.82525995	0.68686176	0.002508	-0.977337	-0.949640	19	0.855150
8281	3.6530470568e-2	0.329568	0.82527843	0.68708734	0.002508	-0.977337	-0.949640	19	0.855152
8282	3.6432694931e-2	0.328690	0.82526755	0.68696779	0.002387	-0.978426	-0.959468	18	0.855154
8283	3.6502848169e-2	0.329327	0.82527938	0.68706161	0.002266	-0.979515	-0.969294	17	0.855156
8284	3.6696433314e-2	0.331078	0.82526554	0.68722752	0.002266	-0.979515	-0.969294	17	0.855158
8285	3.6674542070e-2	0.330885	0.82526718	0.68720891	0.002387	-0.978426	-0.959469	18	0.855160
8286	3.6648559983e-2	0.330655	0.82527941	0.68720737	0.002266	-0.979515	-0.969294	17	0.855162
8287	3.6714734429e-2	0.331257	0.82529244	0.68729962	0.002146	-0.980604	-0.979117	16	0.855164
8288	3.6675672454e-2	0.330909	0.82529350	0.68726266	0.002146	-0.980604	-0.979117	16	0.855165
8289	3.6819012035e-2	0.332206	0.82530395	0.68742692	0.002146	-0.980604	-0.979117	16	0.855167
8290	3.6764936605e-2	0.331723	0.82530557	0.68737609	0.002025	-0.981692	-0.988937	15	0.855169
8291	3.6722081034e-2	0.331341	0.82532035	0.68736278	0.001904	-0.982781	-0.998757	14	0.855171
8292	3.6743750213e-2	0.331541	0.82533592	0.68741560	0.001904	-0.982781	-0.998757	14	0.855173
8293	3.6605798267e-2	0.330300	0.82532182	0.68724944	0.001784	-0.983869	-1.008574	13	0.855175
8294	3.6547521131e-2	0.329779	0.82532419	0.68719590	0.001904	-0.982781	-0.998757	14	0.855177
8295	3.6714209780e-2	0.331287	0.82532199	0.68735820	0.002025	-0.981693	-0.988942	15	0.855179
8296	3.6698969254e-2	0.331154	0.82529995	0.68729887	0.002025	-0.981693	-0.988942	15	0.855181
8297	3.6692892938e-2	0.331104	0.82530661	0.68730611	0.001904	-0.982781	-0.998756	14	0.855182
8298	3.6707735062e-2	0.331242	0.82530591	0.68731955	0.001904	-0.982781	-0.998756	14	0.855184
8299	3.6782946853e-2	0.331925	0.82531139	0.68740573	0.002025	-0.981693	-0.988944	15	0.855186
8300	3.6910051082e-2	0.333077	0.82532033	0.68755070	0.002025	-0.981693	-0.988944	15	0.855188
8301	3.6816880581e-2	0.332240	0.82531968	0.68745624	0.002145	-0.980606	-0.979133	16	0.855190
8302	3.6772959465e-2	0.331848	0.82530223	0.68737742	0.002025	-0.981693	-0.988943	15	0.855192
8303	3.6599064353e-2	0.330284	0.82531871	0.68723648	0.002025	-0.981693	-0.988943	15	0.855194
8304	3.6416022227e-2	0.328636	0.82533028	0.68707658	0.002025	-0.981693	-0.988943	15	0.855196
8305	3.6657752241e-2	0.330822	0.82533568	0.68732911	0.001904	-0.982780	-0.998749	14	0.855197
8306	3.6762508629e-2	0.331772	0.82532744	0.68741740	0.002025	-0.981693	-0.988944	15	0.855199
8307	3.6888497834e-2	0.332913	0.82532079	0.68753008	0.002025	-0.981693	-0.988944	15	0.855201
8308	3.6921526564e-2	0.333216	0.82531546	0.68755244	0.002025	-0.981693	-0.988944	15	0.855203
8309	3.7097049901e-2	0.334804	0.82532026	0.68773757	0.002145	-0.980607	-0.979141	16	0.855205
8310	3.7213432845e-2	0.335859	0.82534115	0.68789573	0.002266	-0.979521	-0.969339	17	0.855207
8311	3.7087870341e-2	0.334730	0.82534651	0.68778090	0.002145	-0.980607	-0.979140	16	0.855209
8312	3.7010047574e-2	0.334033	0.82534269	0.68769543	0.002145	-0.980607	-0.979140	16	0.855211
8313	3.6872932362e-2	0.332799	0.82535863	0.68759019	0.002025	-0.981693	-0.988939	15	0.855212
8314	3.6744570253e-2	0.331645	0.82535280	0.68745018	0.002145	-0.980607	-0.979141	16	0.855214
8315	3.6824386934e-2	0.332370	0.82534623	0.68751684	0.002265	-0.979522	-0.969343	17	0.855216
8316	3.6793065551e-2	0.332092	0.82536736	0.68752778	0.002265	-0.979522	-0.969343	17	0.855218
8317	3.6666016948e-2	0.330950	0.82534617	0.68735835	0.002145	-0.980607	-0.979139	16	0.855220
8318	3.6466659488e-2	0.329155	0.82534324	0.68715313	0.002265	-0.979522	-0.969344	17	0.855222
8319	3.6499186239e-2	0.329453	0.82535882	0.68721683	0.002145	-0.980607	-0.979138	16	0.855224
8320	3.6482124579e-2	0.329303	0.82535167	0.68718546	0.002145	-0.980607	-0.979138	16	0.855226
8321	3.6703519688e-2	0.331306	0.82534458	0.68739268	0.002265	-0.979522	-0.969346	17	0.855227
8322	3.6456215424e-2	0.329078	0.82534034	0.68713689	0.002386	-0.978437	-0.959555	18	0.855229
8323	3.6700754979e-2	0.331290	0.82536495	0.68743066	0.002265	-0.979522	-0.969345	17	0.855231
8324	3.6639540997e-2	0.330741	0.82536549	0.68737052	0.002265	-0.979522	-0.969345	17	0.855233
8325	3.6625312189e-2	0.330617	0.82534864	0.68732260	0.002265	-0.979522	-0.969345	17	0.855235
8326	3.6610100927e-2	0.330484	0.82535822	0.68732653	0.002145	-0.980606	-0.979132	16	0.855237
8327	3.6648246350e-2	0.330833	0.82537268	0.68739360	0.002265	-0.979522	-0.969346	17	0.855239
8328	3.6639171974e-2	0.330756	0.82536370	0.68736658	0.002265	-0.979522	-0.969346	17	0.855241
8329	3.6678721644e-2	0.331117	0.82535700	0.68739272	0.002145	-0.980606	-0.979131	16	0.855242
8330	3.6686735303e-2	0.331194	0.82537811	0.68744295	0.002145	-0.980606	-0.979131	16	0.855244
8331	3.6801827595e-2	0.332237	0.82537047	0.68754276	0.002265	-0.979522	-0.969348	17	0.855246
8332	3.6937901442e-2	0.333470	0.82536292	0.68766374	0.002265	-0.979522	-0.969348	17	0.855248
8333	3.6954625428e-2	0.333626	0.82536738	0.68768939	0.002385	-0.978439	-0.959567	18	0.855250
8334	3.7027358351e-2	0.334287	0.82536673	0.68776082	0.002385	-0.978439	-0.959567	18	0.855252
8335	3.7101897636e-2	0.334964	0.82537880	0.68785950	0.002505	-0.977356	-0.949788	19	0.855254
8336	3.7183677751e-2	0.335707	0.82537491	0.68793349	0.002505	-0.977356	-0.949788	19	0.855255
8337	3.7370292398e-2	0.337396	0.82539581	0.68816191	0.002385	-0.978439	-0.959565	18	0.855257
8338	3.7035676682e-2	0.334380	0.82538913	0.68781394	0.002266	-0.979521	-0.969341	17	0.855259
8339	3.6963820028e-2	0.333735	0.82540754	0.68777889	0.002385	-0.978439	-0.959566	18	0.855261
8340	3.6890443420e-2	0.333077	0.82540809	0.68770662	0.002385	-0.978439	-0.959566	18	0.855263
8341	3.6807136141e-2	0.332329	0.82540431	0.68761576	0.002505	-0.977356	-0.949792	19	0.855265
8342	3.6914389053e-2	0.333302	0.82539823	0.68771086	0.002385	-0.978439	-0.959565	18	0.855267
8343	3.6838282215e-2	0.332619	0.82541765	0.68767358	0.002385	-0.978439	-0.959565	18	0.855268
8344	3.6813016995e-2	0.332396	0.82539800	0.68760901	0.002385	-0.978439	-0.959565	18	0.855270
8345	3.6630940394e-2	0.330756	0.82541075	0.68745244	0.002505	-0.977357	-0.949795	19	0.855272
8346	3.6632712606e-2	0.330776	0.82542151	0.68747573	0.002625	-0.976275	-0.940026	20	0.855274
8347	3.6883042878e-2	0.333041	0.82543642	0.68775588	0.002745	-0.975193	-0.930258	21	0.855276
8348	3.6911275282e-2	0.333301	0.82543649	0.68778426	0.002745	-0.975193	-0.930258	21	0.855278
8349	3.6939533725e-2	0.333560	0.82542041	0.68778036	0.002745	-0.975193	-0.930258	21	0.855280
8350	3.6986184558e-2	0.333986	0.82543488	0.68785593	0.002745	-0.975193	-0.930258	21	0.855281
8351	3.6839056559e-2	0.332662	0.82543206	0.68770318	0.002865	-0.974111	-0.920493	22	0.855283
8352	3.6715654730e-2	0.331552	0.82544273	0.68760111	0.002865	-0.974111	-0.920493	22	0.855285
8353	3.6579388075e-2	0.330326	0.82546206	0.68750350	0.002745	-0.975193	-0.930256	21	0.855287
8354	3.6913218313e-2	0.333345	0.82547841	0.68787004	0.002865	-0.974112	-0.920494	22	0.855289
8355	3.7005148621e-2	0.334179	0.82548914	0.68798342	0.002745	-0.975192	-0.930255	21	0.855291
8356	3.7009642053e-2	0.334224	0.82546018	0.68793000	0.002745	-0.975192	-0.930255	21	0.855292
8357	3.7051853424e-2	0.334610	0.82545461	0.68796108	0.002865	-0.974112	-0.920496	22	0.855294
8358	3.7230149621e-2	0.336225	0.82544842	0.68812699	0.002984	-0.973031	-0.910738	23	0.855296
8359	3.7186418824e-2	0.335834	0.82544480	0.68807602	0.003104	-0.971951	-0.900981	24	0.855298
8360	3.7368913069e-2	0.337487	0.82543897	0.68824685	0.003104	-0.971951	-0.900981	24	0.855300
8361	3.7170102434e-2	0.335696	0.82544091	0.68805192	0.003104	-0.971951	-0.900981	24	0.855302
8362	3.7128769935e-2	0.335327	0.82543950	0.68800778	0.002984	-0.973031	-0.910735	23	0.855303
8363	3.6957271393e-2	0.333782	0.82545074	0.68785875	0.002865	-0.974111	-0.920489	22	0.855305
8364	3.7187302973e-2	0.335864	0.82546686	0.68812102	0.002865	-0.974111	-0.920489	22	0.855307
8365	3.7122127106e-2	0.335280	0.82547150	0.68806513	0.002745	-0.975191	-0.930241	21	0.855309
8366	3.7020683056e-2	0.334368	0.82546830	0.68795728	0.002626	-0.976270	-0.939992	20	0.855311
8367	3.6973989113e-2	0.333951	0.82545270	0.68787938	0.002745	-0.975191	-0.930242	21	0.855313
8368	3.7010536292e-2	0.334285	0.82542995	0.68787043	0.002745	-0.975191	-0.930242	21	0.855315
8369	3.6890784233e-2	0.333208	0.82542249	0.68773577	0.002626	-0.976270	-0.939990	20	0.855316
8370	3.6903029519e-2	0.333323	0.82540975	0.68772254	0.002626	-0.976270	-0.939990	20	0.855318
8371	3.6894064052e-2	0.333247	0.82542301	0.68774008	0.002745	-0.975191	-0.930243	21	0.855320
8372	3.6866745331e-2	0.333004	0.82542270	0.68771214	0.002745	-0.975191	-0.930243	21	0.855322
8373	3.6758167669e-2	0.332028	0.82542288	0.68760393	0.002865	-0.974112	-0.920499	22	0.855324
8374	3.6791710137e-2	0.332335	0.82544066	0.68767303	0.002745	-0.975191	-0.930242	21	0.855326
8375	3.6905985045e-2	0.333372	0.82543773	0.68778145	0.002745	-0.975191	-0.930242	21	0.855327
8376	3.6858260600e-2	0.332945	0.82543781	0.68773388	0.002745	-0.975191	-0.930242	21	0.855329
8377	3.6730180025e-2	0.331793	0.82545107	0.68763232	0.002626	-0.976269	-0.939983	20	0.855331
8378	3.6756021094e-2	0.332031	0.82544746	0.68765095	0.002506	-0.977347	-0.949723	19	0.855333
8379	3.6980908759e-2	0.334066	0.82545901	0.68789894	0.002506	-0.977347	-0.949723	19	0.855335
8380	3.6924577335e-2	0.333562	0.82545919	0.68784295	0.002506	-0.977347	-0.949723	19	0.855337
8381	3.6871776608e-2	0.333089	0.82545975	0.68779127	0.002506	-0.977347	-0.949723	19	0.855338
8382	3.6742365780e-2	0.331925	0.82546731	0.68767698	0.002626	-0.976270	-0.939987	20	0.855340
8383	3.6382549182e-2	0.328679	0.82547120	0.68732494	0.002745	-0.975192	-0.930252	21	0.855342
8384	3.6287702246e-2	0.327826	0.82548439	0.68725648	0.002745	-0.975192	-0.930252	21	0.855344
8385	3.6226210346e-2	0.327275	0.82545924	0.68714468	0.002864	-0.974115	-0.920518	22	0.855346
8386	3.6272101127e-2	0.327694	0.82546228	0.68719667	0.002745	-0.975192	-0.930251	21	0.855348
8387	3.6420759369e-2	0.329041	0.82547651	0.68737378	0.002626	-0.976269	-0.939982	20	0.855349
8388	3.6529209381e-2	0.330025	0.82548206	0.68749332	0.002626	-0.976269	-0.939982	20	0.855351
8389	3.6634462901e-2	0.330981	0.82549793	0.68763032	0.002507	-0.977346	-0.949713	19	0.855353
8390	3.6538812983e-2	0.330121	0.82550415	0.68754711	0.002387	-0.978423	-0.959442	18	0.855355
8391	3.6433925106e-2	0.329177	0.82549790	0.68742973	0.002507	-0.977346	-0.949713	19	0.855357
8392	3.6273623873e-2	0.327733	0.82548521	0.68724404	0.002507	-0.977346	-0.949713	19	0.855359
8393	3.6188833284e-2	0.326972	0.82547758	0.68714399	0.002387	-0.978423	-0.959440	18	0.855361
8394	3.6227686042e-2	0.327327	0.82548210	0.68719189	0.002268	-0.979499	-0.969165	17	0.855362
8395	3.6207409516e-2	0.327148	0.82547499	0.68715739	0.002149	-0.980575	-0.978890	16	0.855364
8396	3.6129965794e-2	0.326453	0.82548487	0.68709971	0.002149	-0.980575	-0.978890	16	0.855366
8397	3.6034380957e-2	0.325593	0.82548502	0.68700442	0.002149	-0.980575	-0.978890	16	0.855368
8398	3.6064681334e-2	0.325871	0.82547477	0.68701422	0.002268	-0.979499	-0.969168	17	0.855370
8399	3.6159525834e-2	0.326733	0.82545455	0.68706862	0.002387	-0.978424	-0.959447	18	0.855372
8400	3.6184884353e-2	0.326966	0.82543504	0.68705497	0.002387	-0.978424	-0.959447	18	0.855373
8401	3.6306381857e-2	0.328068	0.82543538	0.68717713	0.002506	-0.977348	-0.949728	19	0.855375
8402	3.6223498729e-2	0.327324	0.82542353	0.68707055	0.002625	-0.976273	-0.940010	20	0.855377
8403	3.6240466171e-2	0.327481	0.82542057	0.68708161	0.002744	-0.975197	-0.930292	21	0.855379
8404	3.6215784390e-2	0.327263	0.82541463	0.68704504	0.002744	-0.975197	-0.930292	21	0.855381
8405	3.6215252557e-2	0.327262	0.82542443	0.68706412	0.002744	-0.975197	-0.930292	21	0.855383
8406	3.6160914689e-2	0.326775	0.82543509	0.68703109	0.002744	-0.975197	-0.930292	21	0.855384
8407	3.6236970428e-2	0.327467	0.82544131	0.68711958	0.002863	-0.974122	-0.920578	22	0.855386
8408	3.6185692046e-2	0.327008	0.82544565	0.68707700	0.002863	-0.974122	-0.920578	22	0.855388
8409	3.6248220977e-2	0.327577	0.82544348	0.68713518	0.002982	-0.973048	-0.910866	23	0.855390
8410	3.6266944455e-2	0.327751	0.82545087	0.68716867	0.002982	-0.973048	-0.910866	23	0.855392
8411	3.6349566535e-2	0.328502	0.82546034	0.68727025	0.003101	-0.971973	-0.901156	24	0.855394
8412	3.6123549005e-2	0.326463	0.82546328	0.68705012	0.003101	-0.971973	-0.901156	24	0.855395
8413	3.6099294795e-2	0.326249	0.82545052	0.68700034	0.003220	-0.970899	-0.891448	25	0.855397
8414	3.6150395372e-2	0.326715	0.82543248	0.68701536	0.003101	-0.971973	-0.901155	24	0.855399
8415	3.6258803205e-2	0.327699	0.82544094	0.68714067	0.003101	-0.971973	-0.901155	24	0.855401
8416	3.6321813586e-2	0.328273	0.82545634	0.68723449	0.003101	-0.971973	-0.901155	24	0.855403
8417	3.6127714016e-2	0.326523	0.82547415	0.68707601	0.003220	-0.970899	-0.891450	25	0.855405
8418	3.5970756156e-2	0.325108	0.82545823	0.68688721	0.003339	-0.969826	-0.881746	26	0.855406
8419	3.6044149846e-2	0.325776	0.82545824	0.68696062	0.003220	-0.970899	-0.891449	25	0.855408
8420	3.6047846610e-2	0.325814	0.82546580	0.68697945	0.003220	-0.970899	-0.891449	25	0.855410
8421	3.6263669165e-2	0.327769	0.82545318	0.68717003	0.003101	-0.971972	-0.901151	24	0.855412
8422	3.6273710020e-2	0.327864	0.82546464	0.68720300	0.003220	-0.970899	-0.891450	25	0.855414
8423	3.6190413453e-2	0.327115	0.82547160	0.68713362	0.003101	-0.971972	-0.901150	24	0.855415
8424	3.6138940444e-2	0.326654	0.82547468	0.68708829	0.003101	-0.971972	-0.901150	24	0.855417
8425	3.6058295478e-2	0.325929	0.82547475	0.68700780	0.003101	-0.971972	-0.901150	24	0.855419
8426	3.5891240623e-2	0.324424	0.82549358	0.68687840	0.002983	-0.973045	-0.910846	23	0.855421
8427	3.5793708986e-2	0.323546	0.82547092	0.68673555	0.002983	-0.973045	-0.910846	23	0.855423
8428	3.5843851713e-2	0.324004	0.82547199	0.68678783	0.002983	-0.973045	-0.910846	23	0.855425
8429	3.5792899083e-2	0.323548	0.82546295	0.68671879	0.002864	-0.974117	-0.920541	22	0.855426
8430	3.5982078327e-2	0.325262	0.82546081	0.68690370	0.002983	-0.973045	-0.910847	23	0.855428
8431	3.5840826612e-2	0.323989	0.82546828	0.68677739	0.002864	-0.974117	-0.920540	22	0.855430
8432	3.5840393903e-2	0.323990	0.82546462	0.68676963	0.002864	-0.974117	-0.920540	22	0.855432
8433	3.5821937873e-2	0.323827	0.82547161	0.68676517	0.002864	-0.974117	-0.920540	22	0.855434
8434	3.5917058828e-2	0.324691	0.82547393	0.68686492	0.002982	-0.973045	-0.910850	23	0.855435
8435	3.5938598896e-2	0.324890	0.82547364	0.68688587	0.002864	-0.974117	-0.920539	22	0.855437
8436	3.5970620232e-2	0.325184	0.82545787	0.68688636	0.002864	-0.974117	-0.920539	22	0.855439
8437	3.5835011149e-2	0.323962	0.82545241	0.68673982	0.002745	-0.975189	-0.930226	21	0.855441
8438	3.5846085998e-2	0.324067	0.82545805	0.68676219	0.002864	-0.974117	-0.920540	22	0.855443
8439	3.5808908730e-2	0.323735	0.82544450	0.68669791	0.002745	-0.975189	-0.930225	21	0.855445
8440	3.5837035105e-2	0.323993	0.82546789	0.68677282	0.002745	-0.975189	-0.930225	21	0.855446
8441	3.5877308027e-2	0.324362	0.82545631	0.68678993	0.002864	-0.974118	-0.920541	22	0.855448
8442	3.5837789896e-2	0.324009	0.82544591	0.68672962	0.002864	-0.974118	-0.920541	22	0.855450
8443	3.5987494466e-2	0.325366	0.82544435	0.68687620	0.002745	-0.975188	-0.930223	21	0.855452
8444	3.6043908795e-2	0.325881	0.82545888	0.68696166	0.002745	-0.975188	-0.930223	21	0.855454
8445	3.5994343445e-2	0.325437	0.82545988	0.68691411	0.002627	-0.976259	-0.939903	20	0.855455
8446	3.5945599335e-2	0.325000	0.82547883	0.68690327	0.002509	-0.977330	-0.949582	19	0.855457
8447	3.5863054977e-2	0.324258	0.82549218	0.68684742	0.002390	-0.978400	-0.959260	18	0.855459
8448	3.6114569304e-2	0.326537	0.82548879	0.68709215	0.002390	-0.978400	-0.959260	18	0.855461
8449	3.6125059770e-2	0.326636	0.82549211	0.68710927	0.002272	-0.979470	-0.968936	17	0.855463
8450	3.5971270781e-2	0.325249	0.82550213	0.68697554	0.002272	-0.979470	-0.968936	17	0.855465
8451	3.6176507100e-2	0.327109	0.82550371	0.68718393	0.002272	-0.979470	-0.968936	17	0.855466
8452	3.6053622330e-2	0.326003	0.82549489	0.68704341	0.002272	-0.979470	-0.968936	17	0.855468
8453	3.6111561239e-2	0.326531	0.82549316	0.68709788	0.002390	-0.978400	-0.959263	18	0.855470
8454	3.6216934794e-2	0.327488	0.82549776	0.68721246	0.002272	-0.979470	-0.968935	17	0.855472
8455	3.6115115336e-2	0.326571	0.82551880	0.68715271	0.002154	-0.980539	-0.978606	16	0.855474
8456	3.5774720542e-2	0.323498	0.82550024	0.68677521	0.002154	-0.980539	-0.978606	16	0.855476
8457	3.5667748098e-2	0.322535	0.82550051	0.68666877	0.002272	-0.979470	-0.968937	17	0.855477
8458	3.5564280524e-2	0.321603	0.82552707	0.68661843	0.002390	-0.978401	-0.959269	18	0.855479
8459	3.5470935116e-2	0.320763	0.82552193	0.68651480	0.002508	-0.977332	-0.949601	19	0.855481
8460	3.5561079422e-2	0.321583	0.82551529	0.68659165	0.002508	-0.977332	-0.949601	19	0.855483
8461	3.5569830029e-2	0.321666	0.82553411	0.68663804	0.002390	-0.978401	-0.959267	18	0.855485
8462	3.5576119158e-2	0.321727	0.82553900	0.68665412	0.002508	-0.977332	-0.949602	19	0.855487
8463	3.5520495637e-2	0.321228	0.82553319	0.68658688	0.002626	-0.976264	-0.939938	20	0.855488
8464	3.5347654244e-2	0.319669	0.82552822	0.68640409	0.002626	-0.976264	-0.939938	20	0.855490
8465	3.5296340571e-2	0.319209	0.82553316	0.68636266	0.002745	-0.975195	-0.930276	21	0.855492
8466	3.5316741060e-2	0.319398	0.82553512	0.68638699	0.002863	-0.974127	-0.920615	22	0.855494
8467	3.5334875285e-2	0.319566	0.82554865	0.68643218	0.002745	-0.975195	-0.930276	21	0.855496
8468	3.5403176142e-2	0.320188	0.82554974	0.68650266	0.002745	-0.975195	-0.930276	21	0.855497
8469	3.5357505242e-2	0.319779	0.82554447	0.68644644	0.002745	-0.975195	-0.930276	21	0.855499
8470	3.5569696790e-2	0.321703	0.82553919	0.68664808	0.002745	-0.975195	-0.930276	21	0.855501
8471	3.5443103191e-2	0.320562	0.82553419	0.68651148	0.002863	-0.974127	-0.920619	22	0.855503
8472	3.5454127802e-2	0.320666	0.82553646	0.68652704	0.002863	-0.974127	-0.920619	22	0.855505
8473	3.5557861542e-2	0.321608	0.82551253	0.68658292	0.002981	-0.973060	-0.910964	23	0.855507
8474	3.5593242246e-2	0.321932	0.82552171	0.68663665	0.002863	-0.974127	-0.920618	22	0.855508
8475	3.5555689445e-2	0.321597	0.82553328	0.68662226	0.002863	-0.974127	-0.920618	22	0.855510
8476	3.5686461238e-2	0.322784	0.82552122	0.68672890	0.002863	-0.974127	-0.920618	22	0.855512
8477	3.5540277903e-2	0.321466	0.82553047	0.68660123	0.002863	-0.974127	-0.920618	22	0.855514
8478	3.5766799986e-2	0.323519	0.82553193	0.68683067	0.002863	-0.974127	-0.920618	22	0.855516
8479	3.5822340982e-2	0.324026	0.82552585	0.68687404	0.002981	-0.973060	-0.910969	23	0.855517
8480	3.5445913741e-2	0.320625	0.82552746	0.68650084	0.002981	-0.973060	-0.910969	23	0.855519
8481	3.5554823022e-2	0.321614	0.82552304	0.68660090	0.002863	-0.974127	-0.920616	22	0.855521
8482	3.5620191104e-2	0.322210	0.82552433	0.68666886	0.002981	-0.973061	-0.910969	23	0.855523
8483	3.5410183487e-2	0.320314	0.82552655	0.68646328	0.003098	-0.971994	-0.901323	24	0.855525
8484	3.5325912563e-2	0.319556	0.82553544	0.68639679	0.003098	-0.971994	-0.901323	24	0.855526
8485	3.5444908896e-2	0.320637	0.82554100	0.68652691	0.003216	-0.970928	-0.891679	25	0.855528
8486	3.5505998296e-2	0.321193	0.82553672	0.68657943	0.003334	-0.969862	-0.882036	26	0.855530
8487	3.5547596514e-2	0.321574	0.82553521	0.68661802	0.003334	-0.969862	-0.882036	26	0.855532
8488	3.5609930244e-2	0.322142	0.82554349	0.68669691	0.003334	-0.969862	-0.882036	26	0.855534
8489	3.5488375011e-2	0.321047	0.82554254	0.68657345	0.003452	-0.968796	-0.872395	27	0.855535
8490	3.5474703155e-2	0.320927	0.82555833	0.68659136	0.003570	-0.967731	-0.862755	28	0.855537
8491	3.5411399846e-2	0.320359	0.82556147	0.68653434	0.003688	-0.966665	-0.853117	29	0.855539
8492	3.5483017968e-2	0.321011	0.82554967	0.68658237	0.003688	-0.966665	-0.853117	29	0.855541
8493	3.5704388162e-2	0.323018	0.82555703	0.68681845	0.003570	-0.967731	-0.862754	28	0.855543
8494	3.5488837295e-2	0.321072	0.82555643	0.68660170	0.003452	-0.968796	-0.872390	27	0.855544
8495	3.5455795019e-2	0.320777	0.82554924	0.68655428	0.003570	-0.967731	-0.862755	28	0.855546
8496	3.5699675035e-2	0.322987	0.82552727	0.68675422	0.003570	-0.967731	-0.862755	28	0.855548
8497	3.5643069130e-2	0.322480	0.82553239	0.68670785	0.003687	-0.966666	-0.853121	29	0.855550
8498	3.5750167262e-2	0.323453	0.82553611	0.68682239	0.003570	-0.967731	-0.862754	28	0.855551
8499	3.5773125501e-2	0.323665	0.82552333	0.68681979	0.003687	-0.966666	-0.853122	29	0.855553
8500	3.5935153311e-2	0.325135	0.82552470	0.68698455	0.003687	-0.966666	-0.853122	29	0.855555
8501	3.5708314306e-2	0.323087	0.82553202	0.68677235	0.003570	-0.967730	-0.862752	28	0.855557
8502	3.5624437055e-2	0.322332	0.82553614	0.68669671	0.003687	-0.966666	-0.853123	29	0.855559
8503	3.5760142756e-2	0.323564	0.82553750	0.68683515	0.003805	-0.965602	-0.843494	30	0.855560
8504	3.5651217823e-2	0.322583	0.82555797	0.68676716	0.003805	-0.965602	-0.843494	30	0.855562
8505	3.5535377361e-2	0.321539	0.82557588	0.68668715	0.003805	-0.965602	-0.843494	30	0.855564
8506	3.5648640004e-2	0.322568	0.82556601	0.68678066	0.003923	-0.964538	-0.833869	31	0.855566
8507	3.5732535033e-2	0.323331	0.82556522	0.68686297	0.004040	-0.963475	-0.824244	32	0.855568
8508	3.5838004033e-2	0.324290	0.82556841	0.68697481	0.004040	-0.963475	-0.824244	32	0.855569
8509	3.5870848785e-2	0.324591	0.82556636	0.68700356	0.004158	-0.962411	-0.814621	33	0.855571
8510	3.5663434706e-2	0.322718	0.82557371	0.68681086	0.004275	-0.961348	-0.804999	34	0.855573
8511	3.5845363816e-2	0.324369	0.82558324	0.68701184	0.004393	-0.960285	-0.795378	35	0.855575
8512	3.5631133458e-2	0.322434	0.82558689	0.68680492	0.004393	-0.960285	-0.795378	35	0.855576
8513	3.5601358633e-2	0.322169	0.82557965	0.68676066	0.004275	-0.961348	-0.804997	34	0.855578
8514	3.5614867221e-2	0.322296	0.82557371	0.68676230	0.004275	-0.961348	-0.804997	34	0.855580
8515	3.5707528278e-2	0.323138	0.82557818	0.68686390	0.004158	-0.962410	-0.814615	33	0.855582
8516	3.5595841190e-2	0.322132	0.82558074	0.68675732	0.004158	-0.962410	-0.814615	33	0.855583
8517	3.5633209287e-2	0.322474	0.82560521	0.68684362	0.004040	-0.963473	-0.824231	32	0.855585
8518	3.5747734428e-2	0.323515	0.82560877	0.68696528	0.004158	-0.962410	-0.814616	33	0.855587
8519	3.5839262713e-2	0.324347	0.82561302	0.68706530	0.004275	-0.961348	-0.805001	34	0.855589
8520	3.5722644115e-2	0.323296	0.82560310	0.68692885	0.004275	-0.961348	-0.805001	34	0.855590
8521	3.5649128704e-2	0.322635	0.82561569	0.68688051	0.004158	-0.962410	-0.814614	33	0.855592
8522	3.5717821234e-2	0.323261	0.82561280	0.68694342	0.004275	-0.961348	-0.805002	34	0.855594
8523	3.5807343436e-2	0.324075	0.82563292	0.68707318	0.004275	-0.961348	-0.805002	34	0.855596
8524	3.5638780983e-2	0.322554	0.82562522	0.68688921	0.004275	-0.961348	-0.805002	34	0.855598
8525	3.5536833147e-2	0.321635	0.82563649	0.68680981	0.004275	-0.961348	-0.805002	34	0.855599
8526	3.5646436307e-2	0.322631	0.82564454	0.68693551	0.004275	-0.961348	-0.805002	34	0.855601
8527	3.5679237857e-2	0.322933	0.82564229	0.68696382	0.004158	-0.962410	-0.814610	33	0.855603
8528	3.5889186874e-2	0.324837	0.82564583	0.68718084	0.004158	-0.962410	-0.814610	33	0.855605
8529	3.5918586477e-2	0.325107	0.82563798	0.68719454	0.004275	-0.961348	-0.805004	34	0.855606
8530	3.5891212185e-2	0.324864	0.82563567	0.68716255	0.004158	-0.962410	-0.814609	33	0.855608
8531	3.5897529286e-2	0.324925	0.82565111	0.68719974	0.004275	-0.961349	-0.805005	34	0.855610
8532	3.5976598601e-2	0.325645	0.82567488	0.68732637	0.004275	-0.961349	-0.805005	34	0.855612
8533	3.5949154804e-2	0.325401	0.82566280	0.68727475	0.004158	-0.962409	-0.814607	33	0.855613
8534	3.5784650846e-2	0.323916	0.82568303	0.68715072	0.004041	-0.963470	-0.824208	32	0.855615
8535	3.5820528127e-2	0.324245	0.82568385	0.68718823	0.003924	-0.964531	-0.833808	31	0.855617
8536	3.5890872670e-2	0.324886	0.82568058	0.68725202	0.003924	-0.964531	-0.833808	31	0.855619
8537	3.5764968490e-2	0.323750	0.82570068	0.68716634	0.003806	-0.965591	-0.843407	30	0.855620
8538	3.5783960316e-2	0.323927	0.82572090	0.68722577	0.003689	-0.966651	-0.853004	29	0.855622
8539	3.5819437821e-2	0.324252	0.82572476	0.68726895	0.003572	-0.967711	-0.862601	28	0.855624
8540	3.5757825918e-2	0.323698	0.82574055	0.68723892	0.003572	-0.967711	-0.862601	28	0.855626
8541	3.5722747594e-2	0.323385	0.82574467	0.68721209	0.003572	-0.967711	-0.862601	28	0.855628
8542	3.5867078200e-2	0.324696	0.82573864	0.68734436	0.003689	-0.966652	-0.853007	29	0.855629
8543	3.5761958374e-2	0.323748	0.82574355	0.68724905	0.003572	-0.967711	-0.862600	28	0.855631
8544	3.5736157970e-2	0.323519	0.82573967	0.68721550	0.003572	-0.967711	-0.862600	28	0.855633
8545	3.5831590599e-2	0.324387	0.82576165	0.68735488	0.003689	-0.966652	-0.853008	29	0.855635
8546	3.5999609332e-2	0.325912	0.82577378	0.68754718	0.003806	-0.965592	-0.843418	30	0.855636
8547	3.5978703451e-2	0.325727	0.82577588	0.68753047	0.003923	-0.964533	-0.833828	31	0.855638
8548	3.6146131853e-2	0.327247	0.82578313	0.68771239	0.003923	-0.964533	-0.833828	31	0.855640
8549	3.6054705822e-2	0.326424	0.82577648	0.68760767	0.004040	-0.963474	-0.824240	32	0.855642
8550	3.5712840763e-2	0.323333	0.82578017	0.68727317	0.004040	-0.963474	-0.824240	32	0.855643
8551	3.5644848094e-2	0.322721	0.82579680	0.68723844	0.004157	-0.962415	-0.814654	33	0.855645
8552	3.5765148719e-2	0.323815	0.82578718	0.68733952	0.004157	-0.962415	-0.814654	33	0.855647
8553	3.5831869814e-2	0.324423	0.82579825	0.68742838	0.004274	-0.961357	-0.805070	34	0.855649
8554	3.5953289301e-2	0.325527	0.82582421	0.68760171	0.004391	-0.960298	-0.795486	35	0.855650
8555	3.5814630398e-2	0.324275	0.82582636	0.68746735	0.004274	-0.961357	-0.805069	34	0.855652
8556	3.5677534083e-2	0.323038	0.82581328	0.68730410	0.004274	-0.961357	-0.805069	34	0.855654
8557	3.5706806277e-2	0.323307	0.82580478	0.68731637	0.004391	-0.960299	-0.795488	35	0.855656
8558	3.5860213242e-2	0.324701	0.82582547	0.68751116	0.004274	-0.961357	-0.805068	34	0.855657
8559	3.5991855855e-2	0.325897	0.82583107	0.68765399	0.004274	-0.961357	-0.805068	34	0.855659
8560	3.5753196623e-2	0.323740	0.82582602	0.68740523	0.004274	-0.961357	-0.805068	34	0.855661
8561	3.5747647224e-2	0.323694	0.82581614	0.68737993	0.004391	-0.960299	-0.795491	35	0.855663
8562	3.5653454549e-2	0.322845	0.82580949	0.68727244	0.004274	-0.961356	-0.805067	34	0.855664
8563	3.5678439999e-2	0.323076	0.82580537	0.68728919	0.004157	-0.962414	-0.814643	33	0.855666
8564	3.5728189310e-2	0.323530	0.82581341	0.68735501	0.004157	-0.962414	-0.814643	33	0.855668
8565	3.5678233329e-2	0.323082	0.82581856	0.68731535	0.004041	-0.963471	-0.824217	32	0.855670
8566	3.5728192286e-2	0.323539	0.82580945	0.68734710	0.004157	-0.962414	-0.814644	33	0.855671
8567	3.5666452583e-2	0.322984	0.82580576	0.68727798	0.004274	-0.961357	-0.805071	34	0.855673
8568	3.5811607194e-2	0.324302	0.82580254	0.68741669	0.004274	-0.961357	-0.805071	34	0.855675
8569	3.5649918641e-2	0.322842	0.82582484	0.68729960	0.004157	-0.962414	-0.814642	33	0.855677
8570	3.5610519366e-2	0.322490	0.82583684	0.68728421	0.004041	-0.963471	-0.824212	32	0.855678
8571	3.5607230361e-2	0.322464	0.82581723	0.68724168	0.004157	-0.962414	-0.814643	33	0.855680
8572	3.5564122116e-2	0.322078	0.82582381	0.68721174	0.004157	-0.962414	-0.814643	33	0.855682
8573	3.5542252692e-2	0.321884	0.82581154	0.68716534	0.004041	-0.963470	-0.824210	32	0.855684
8574	3.5547427360e-2	0.321935	0.82583753	0.68722249	0.003924	-0.964527	-0.833776	31	0.855686
8575	3.5523741480e-2	0.321725	0.82583751	0.68719876	0.003924	-0.964527	-0.833776	31	0.855687
8576	3.5583921330e-2	0.322274	0.82585111	0.68728614	0.003924	-0.964527	-0.833776	31	0.855689
8577	3.5706580074e-2	0.323389	0.82583828	0.68738313	0.003924	-0.964527	-0.833776	31	0.855691
8578	3.5769084576e-2	0.323959	0.82585888	0.68748684	0.004041	-0.963471	-0.824213	32	0.855693
8579	3.5765461564e-2	0.323930	0.82586142	0.68748830	0.004157	-0.962415	-0.814652	33	0.855694
8580	3.5627288602e-2	0.322683	0.82585889	0.68734507	0.004157	-0.962415	-0.814652	33	0.855696
8581	3.5688505728e-2	0.323242	0.82586776	0.68742402	0.004041	-0.963471	-0.824212	32	0.855698
8582	3.5634891032e-2	0.322760	0.82587228	0.68737944	0.003924	-0.964526	-0.833771	31	0.855700
8583	3.5509969145e-2	0.321633	0.82586152	0.68723302	0.004041	-0.963471	-0.824212	32	0.855701
8584	3.5489122198e-2	0.321448	0.82585923	0.68720758	0.004041	-0.963471	-0.824212	32	0.855703
8585	3.5558437346e-2	0.322080	0.82585971	0.68727785	0.003924	-0.964526	-0.833769	31	0.855705
8586	3.5419065990e-2	0.320822	0.82585883	0.68713673	0.003924	-0.964526	-0.833769	31	0.855707
8587	3.5376690150e-2	0.320442	0.82586266	0.68710202	0.004041	-0.963471	-0.824214	32	0.855708
8588	3.5354017574e-2	0.320241	0.82584649	0.68704700	0.004041	-0.963471	-0.824214	32	0.855710
8589	3.5288286179e-2	0.319650	0.82585592	0.68700013	0.003924	-0.964525	-0.833767	31	0.855712
8590	3.5382253361e-2	0.320505	0.82586128	0.68710482	0.003808	-0.965580	-0.843320	30	0.855714
8591	3.5483619124e-2	0.321427	0.82587547	0.68723456	0.003808	-0.965580	-0.843320	30	0.855715
8592	3.5481567807e-2	0.321413	0.82586363	0.68720882	0.003808	-0.965580	-0.843320	30	0.855717
8593	3.5387349395e-2	0.320563	0.82586058	0.68710850	0.003924	-0.964526	-0.833770	31	0.855719
8594	3.5337855410e-2	0.320119	0.82586190	0.68706165	0.004041	-0.963472	-0.824221	32	0.855721
8595	3.5376199740e-2	0.320471	0.82587796	0.68713211	0.004041	-0.963472	-0.824221	32	0.855722
8596	3.5291592774e-2	0.319708	0.82588002	0.68705163	0.004041	-0.963472	-0.824221	32	0.855724
8597	3.5321329719e-2	0.319982	0.82588294	0.68708721	0.003924	-0.964525	-0.833767	31	0.855726
8598	3.5315128383e-2	0.319930	0.82588210	0.68707933	0.003808	-0.965579	-0.843313	30	0.855728
8599	3.5451329625e-2	0.321168	0.82587387	0.68719908	0.003692	-0.966633	-0.852857	29	0.855729
8600	3.5561514933e-2	0.322170	0.82588599	0.68733350	0.003692	-0.966633	-0.852857	29	0.855731
8601	3.5690041883e-2	0.323339	0.82591768	0.68752541	0.003575	-0.967686	-0.862400	28	0.855733
8602	3.5786413848e-2	0.324216	0.82590853	0.68760347	0.003692	-0.966633	-0.852858	29	0.855735
8603	3.5825756709e-2	0.324577	0.82588723	0.68760021	0.003808	-0.965580	-0.843317	30	0.855736
8604	3.5972600064e-2	0.325911	0.82591012	0.68779284	0.003808	-0.965580	-0.843317	30	0.855738
8605	3.5950368181e-2	0.325714	0.82591900	0.68778838	0.003924	-0.964527	-0.833778	31	0.855740
8606	3.5952365375e-2	0.325736	0.82592989	0.68781214	0.003808	-0.965580	-0.843316	30	0.855742
8607	3.5905249899e-2	0.325313	0.82593207	0.68776939	0.003692	-0.966632	-0.852854	29	0.855743
8608	3.5748056288e-2	0.323893	0.82593645	0.68762096	0.003692	-0.966632	-0.852854	29	0.855745
8609	3.5815290717e-2	0.324507	0.82595204	0.68771938	0.003576	-0.967685	-0.862389	28	0.855747
8610	3.5963473841e-2	0.325854	0.82595076	0.68786499	0.003459	-0.968737	-0.871924	27	0.855749
8611	3.5851971331e-2	0.324847	0.82593905	0.68773007	0.003575	-0.967685	-0.862390	28	0.855750
8612	3.5749327484e-2	0.323922	0.82593541	0.68762016	0.003575	-0.967685	-0.862390	28	0.855752
8613	3.5809893088e-2	0.324474	0.82592119	0.68765227	0.003575	-0.967685	-0.862390	28	0.855754
8614	3.5928846708e-2	0.325556	0.82591659	0.68776203	0.003459	-0.968737	-0.871922	27	0.855756
8615	3.5907038419e-2	0.325363	0.82591861	0.68774425	0.003575	-0.967685	-0.862391	28	0.855757
8616	3.6035550049e-2	0.326532	0.82592628	0.68788810	0.003575	-0.967685	-0.862391	28	0.855759
8617	3.5786129436e-2	0.324276	0.82592228	0.68763068	0.003692	-0.966633	-0.852862	29	0.855761
8618	3.5624008696e-2	0.322811	0.82594328	0.68751057	0.003575	-0.967685	-0.862390	28	0.855763
8619	3.5753144962e-2	0.323985	0.82594324	0.68763962	0.003575	-0.967685	-0.862390	28	0.855764
8620	3.5854402878e-2	0.324907	0.82596234	0.68777908	0.003575	-0.967685	-0.862390	28	0.855766
8621	3.5850078853e-2	0.324872	0.82594756	0.68774519	0.003691	-0.966634	-0.852865	29	0.855768
8622	3.5848388593e-2	0.324861	0.82594681	0.68774200	0.003691	-0.966634	-0.852865	29	0.855770
8623	3.5796952565e-2	0.324399	0.82597251	0.68774197	0.003576	-0.967685	-0.862389	28	0.855771
8624	3.5851179589e-2	0.324894	0.82599061	0.68783240	0.003576	-0.967685	-0.862389	28	0.855773
8625	3.6134950852e-2	0.327470	0.82598595	0.68810684	0.003576	-0.967685	-0.862389	28	0.855775
8626	3.6113098706e-2	0.327276	0.82599344	0.68809997	0.003460	-0.968735	-0.871910	27	0.855777
8627	3.6267483220e-2	0.328680	0.82599134	0.68825017	0.003344	-0.969786	-0.881430	26	0.855778
8628	3.6233899805e-2	0.328379	0.82600830	0.68825050	0.003344	-0.969786	-0.881430	26	0.855780
8629	3.6425413400e-2	0.330119	0.82599555	0.68841652	0.003228	-0.970836	-0.890949	25	0.855782
8630	3.6328785770e-2	0.329248	0.82599599	0.68832077	0.003112	-0.971886	-0.900466	24	0.855784
8631	3.6162532226e-2	0.327745	0.82600354	0.68816960	0.003112	-0.971886	-0.900466	24	0.855786
8632	3.5962738977e-2	0.325939	0.82600440	0.68797153	0.003112	-0.971886	-0.900466	24	0.855787
8633	3.5993045941e-2	0.326217	0.82601190	0.68801685	0.003228	-0.970836	-0.890951	25	0.855789
8634	3.5932866598e-2	0.325676	0.82600250	0.68793786	0.003112	-0.971886	-0.900465	24	0.855791
8635	3.5874181782e-2	0.325148	0.82601098	0.68789615	0.002996	-0.972936	-0.909979	23	0.855793
8636	3.5782275544e-2	0.324320	0.82600600	0.68779428	0.002996	-0.972936	-0.909979	23	0.855794
8637	3.5704983702e-2	0.323623	0.82600337	0.68771172	0.003112	-0.971886	-0.900467	24	0.855796
8638	3.5938373124e-2	0.325743	0.82603054	0.68799945	0.002996	-0.972936	-0.909978	23	0.855798
8639	3.5993208275e-2	0.326244	0.82602024	0.68803369	0.003112	-0.971886	-0.900468	24	0.855800
8640	3.5995744676e-2	0.326271	0.82600197	0.68799969	0.003112	-0.971886	-0.900468	24	0.855801
8641	3.6010153361e-2	0.326406	0.82599977	0.68800969	0.002996	-0.972935	-0.909976	23	0.855803
8642	3.5921665504e-2	0.325608	0.82601591	0.68795349	0.002880	-0.973984	-0.919484	22	0.855805
8643	3.5812683831e-2	0.324624	0.82601877	0.68785022	0.002765	-0.975033	-0.928990	21	0.855807
8644	3.5857055333e-2	0.325031	0.82601317	0.68788339	0.002765	-0.975033	-0.928990	21	0.855808
8645	3.5983752994e-2	0.326183	0.82602706	0.68803788	0.002880	-0.973984	-0.919485	22	0.855810
8646	3.5933026627e-2	0.325728	0.82602057	0.68797416	0.002996	-0.972936	-0.909981	23	0.855812
8647	3.6052833206e-2	0.326818	0.82601995	0.68809274	0.002880	-0.973984	-0.919485	22	0.855814
8648	3.6338077315e-2	0.329408	0.82603240	0.68840288	0.002880	-0.973984	-0.919485	22	0.855816
8649	3.6472720358e-2	0.330632	0.82603401	0.68854075	0.002880	-0.973984	-0.919485	22	0.855817
8650	3.6339745707e-2	0.329431	0.82601915	0.68837805	0.002880	-0.973984	-0.919485	22	0.855819
8651	3.6372600290e-2	0.329733	0.82601742	0.68840745	0.002996	-0.972936	-0.909985	23	0.855821
8652	3.6673293994e-2	0.332463	0.82603506	0.68874342	0.002996	-0.972936	-0.909985	23	0.855823
8653	3.6748235535e-2	0.333147	0.82604011	0.68882846	0.003112	-0.971889	-0.900487	24	0.855824
8654	3.6630288210e-2	0.332082	0.82606167	0.68875364	0.003227	-0.970841	-0.890990	25	0.855826
8655	3.6618749023e-2	0.331982	0.82603778	0.68869432	0.003112	-0.971889	-0.900486	24	0.855828
8656	3.6728580975e-2	0.332982	0.82603195	0.68879249	0.003112	-0.971889	-0.900486	24	0.855830
8657	3.6531295923e-2	0.331197	0.82603023	0.68859176	0.003227	-0.970841	-0.890991	25	0.855831
8658	3.7003737623e-2	0.335485	0.82601562	0.68903498	0.003227	-0.970841	-0.890991	25	0.855833
8659	3.6749519466e-2	0.333184	0.82602013	0.68878979	0.003343	-0.969794	-0.881499	26	0.855835
8660	3.6284427179e-2	0.328972	0.82601356	0.68831155	0.003343	-0.969794	-0.881499	26	0.855837
8661	3.6220625025e-2	0.328397	0.82603262	0.68828587	0.003458	-0.968747	-0.872007	27	0.855838
8662	3.6265970768e-2	0.328813	0.82604514	0.68835625	0.003343	-0.969794	-0.881498	26	0.855840
8663	3.6349607319e-2	0.329575	0.82606019	0.68846999	0.003227	-0.970841	-0.890987	25	0.855842
8664	3.6524459805e-2	0.331165	0.82607440	0.68867326	0.003227	-0.970841	-0.890987	25	0.855844
8665	3.6451853164e-2	0.330511	0.82606645	0.68858476	0.003343	-0.969794	-0.881499	26	0.855845
8666	3.6325966184e-2	0.329373	0.82608118	0.68848833	0.003227	-0.970841	-0.890986	25	0.855847
8667	3.6158078257e-2	0.327855	0.82607916	0.68831640	0.003227	-0.970841	-0.890986	25	0.855849
8668	3.6148941776e-2	0.327777	0.82607264	0.68829421	0.003227	-0.970841	-0.890986	25	0.855851
8669	3.6379731521e-2	0.329874	0.82610047	0.68858067	0.003112	-0.971887	-0.900471	24	0.855852
8670	3.6298533111e-2	0.329141	0.82611436	0.68852726	0.003112	-0.971887	-0.900471	24	0.855854
8671	3.6203743068e-2	0.328286	0.82613304	0.68846982	0.002997	-0.972932	-0.909953	23	0.855856
8672	3.6133188410e-2	0.327651	0.82613690	0.68840699	0.002997	-0.972932	-0.909953	23	0.855858
8673	3.6060086262e-2	0.326992	0.82611843	0.68829695	0.002997	-0.972932	-0.909953	23	0.855859
8674	3.6044452821e-2	0.326854	0.82611556	0.68827557	0.003112	-0.971887	-0.900473	24	0.855861
8675	3.6232647833e-2	0.328565	0.82612223	0.68847710	0.003112	-0.971887	-0.900473	24	0.855863
8676	3.6302386360e-2	0.329202	0.82610297	0.68850833	0.003112	-0.971887	-0.900473	24	0.855865
8677	3.6228750640e-2	0.328538	0.82612268	0.68847411	0.002997	-0.972932	-0.909951	23	0.855866
8678	3.6145089141e-2	0.327783	0.82612022	0.68838553	0.003112	-0.971887	-0.900474	24	0.855868
8679	3.6354318227e-2	0.329685	0.82610921	0.68857274	0.002997	-0.972932	-0.909950	23	0.855870
8680	3.6287531654e-2	0.329084	0.82609957	0.68848668	0.002997	-0.972932	-0.909950	23	0.855872
8681	3.6007564722e-2	0.326549	0.82610073	0.68820903	0.002881	-0.973977	-0.919424	22	0.855873
8682	3.6030426083e-2	0.326760	0.82611919	0.68826881	0.002766	-0.975021	-0.928897	21	0.855875
8683	3.6282882849e-2	0.329054	0.82612021	0.68852331	0.002881	-0.973977	-0.919425	22	0.855877
8684	3.6253971833e-2	0.328796	0.82611841	0.68849080	0.002881	-0.973977	-0.919425	22	0.855879
8685	3.6279226120e-2	0.329029	0.82610666	0.68849255	0.002881	-0.973977	-0.919425	22	0.855880
8686	3.6372268891e-2	0.329877	0.82610003	0.68857234	0.002766	-0.975021	-0.928895	21	0.855882
8687	3.6620605671e-2	0.332134	0.82608469	0.68878998	0.002651	-0.976065	-0.938364	20	0.855884
8688	3.7273593538e-2	0.338060	0.82608171	0.68943701	0.002651	-0.976065	-0.938364	20	0.855886
8689	3.7107394452e-2	0.336557	0.82610166	0.68931072	0.002536	-0.977109	-0.947831	19	0.855888
8690	3.7415408091e-2	0.339355	0.82611625	0.68964791	0.002651	-0.976065	-0.938365	20	0.855889
8691	3.7394668906e-2	0.339171	0.82614452	0.68968371	0.002766	-0.975021	-0.928899	21	0.855891
8692	3.7367458643e-2	0.338929	0.82615886	0.68968518	0.002766	-0.975021	-0.928899	21	0.855893
8693	3.7551851157e-2	0.340606	0.82616924	0.68989034	0.002651	-0.976065	-0.938363	20	0.855895
8694	3.7235219206e-2	0.337738	0.82617975	0.68959472	0.002651	-0.976065	-0.938363	20	0.855896
8695	3.7237148297e-2	0.337760	0.82618727	0.68961169	0.002536	-0.977108	-0.947825	19	0.855898
8696	3.7170320033e-2	0.337158	0.82619399	0.68955830	0.002536	-0.977108	-0.947825	19	0.855900
8697	3.6958374074e-2	0.335240	0.82621611	0.68939060	0.002421	-0.978151	-0.957286	18	0.855902
8698	3.6938142667e-2	0.335060	0.82623777	0.68941369	0.002536	-0.977108	-0.947826	19	0.855903
8699	3.6960621473e-2	0.335268	0.82624074	0.68944210	0.002421	-0.978151	-0.957285	18	0.855905
8700	3.6925044636e-2	0.334950	0.82624219	0.68940942	0.002421	-0.978151	-0.957285	18	0.855907
8701	3.6988776621e-2	0.335532	0.82625110	0.68949098	0.002306	-0.979193	-0.966742	17	0.855909
8702	3.7003582994e-2	0.335671	0.82626294	0.68952945	0.002191	-0.980236	-0.976198	16	0.855910
8703	3.7089241409e-2	0.336452	0.82626751	0.68962427	0.002191	-0.980236	-0.976198	16	0.855912
8704	3.7086402502e-2	0.336431	0.82627936	0.68964512	0.002191	-0.980236	-0.976198	16	0.855914
8705	3.6850775095e-2	0.334297	0.82628204	0.68941486	0.002306	-0.979194	-0.966744	17	0.855916
8706	3.6965685710e-2	0.335344	0.82629228	0.68955024	0.002191	-0.980236	-0.976197	16	0.855918
8707	3.7066125001e-2	0.336260	0.82629017	0.68964646	0.002076	-0.981278	-0.985649	15	0.855919
8708	3.6988198511e-2	0.335557	0.82628685	0.68956191	0.002076	-0.981278	-0.985649	15	0.855921
8709	3.7213332696e-2	0.337604	0.82628486	0.68978305	0.002191	-0.980236	-0.976199	16	0.855923
8710	3.7032118822e-2	0.335964	0.82628379	0.68959970	0.002306	-0.979194	-0.966750	17	0.855925
8711	3.7131845342e-2	0.336873	0.82629722	0.68972628	0.002421	-0.978153	-0.957301	18	0.855926
8712	3.7041723715e-2	0.336059	0.82630686	0.68965544	0.002421	-0.978153	-0.957301	18	0.855928
8713	3.6901137177e-2	0.334788	0.82632017	0.68954147	0.002306	-0.979194	-0.966748	17	0.855930
8714	3.6870434187e-2	0.334514	0.82631798	0.68950639	0.002421	-0.978153	-0.957302	18	0.855932
8715	3.6873897276e-2	0.334550	0.82629261	0.68945912	0.002536	-0.977112	-0.947856	19	0.855933
8716	3.6744530485e-2	0.333380	0.82630523	0.68935500	0.002536	-0.977112	-0.947856	19	0.855935
8717	3.6779675637e-2	0.333703	0.82632266	0.68942499	0.002650	-0.976071	-0.938413	20	0.855937
8718	3.6486746552e-2	0.331050	0.82632012	0.68912698	0.002536	-0.977112	-0.947856	19	0.855939
8719	3.6439046327e-2	0.330621	0.82632739	0.68909383	0.002421	-0.978153	-0.957298	18	0.855940
8720	3.6491502063e-2	0.331101	0.82632688	0.68914526	0.002421	-0.978153	-0.957298	18	0.855942
8721	3.6228394973e-2	0.328718	0.82631248	0.68885335	0.002421	-0.978153	-0.957298	18	0.855944
8722	3.6629068013e-2	0.332358	0.82633221	0.68929348	0.002421	-0.978153	-0.957298	18	0.855946
8723	3.6471366132e-2	0.330931	0.82634330	0.68915796	0.002306	-0.979193	-0.966736	17	0.855947
8724	3.6430560084e-2	0.330565	0.82634615	0.68912285	0.002306	-0.979193	-0.966736	17	0.855949
8725	3.6332876241e-2	0.329683	0.82636772	0.68906832	0.002306	-0.979193	-0.966736	17	0.855951
8726	3.6502059310e-2	0.331222	0.82636781	0.68923768	0.002421	-0.978153	-0.957300	18	0.855953
8727	3.6785845437e-2	0.333801	0.82637720	0.68954025	0.002536	-0.977113	-0.947865	19	0.855955
8728	3.6716979280e-2	0.333181	0.82636238	0.68944174	0.002536	-0.977113	-0.947865	19	0.855956
8729	3.6622630907e-2	0.332329	0.82636245	0.68934752	0.002421	-0.978153	-0.957298	18	0.855958
8730	3.6700543889e-2	0.333040	0.82635380	0.68940814	0.002421	-0.978153	-0.957298	18	0.855960
8731	3.6608967268e-2	0.332213	0.82635085	0.68931066	0.002306	-0.979192	-0.966730	17	0.855962
8732	3.6668683827e-2	0.332759	0.82635656	0.68938181	0.002306	-0.979192	-0.966730	17	0.855963
8733	3.6509620983e-2	0.331320	0.82635005	0.68920973	0.002192	-0.980231	-0.976160	16	0.855965
8734	3.6566234669e-2	0.331838	0.82636042	0.68928708	0.002077	-0.981270	-0.985590	15	0.855967
8735	3.6601165724e-2	0.332159	0.82635734	0.68931586	0.002192	-0.980231	-0.976161	16	0.855969
8736	3.6704930375e-2	0.333105	0.82635825	0.68942144	0.002192	-0.980231	-0.976161	16	0.855970
8737	3.6719376649e-2	0.333240	0.82637446	0.68946830	0.002077	-0.981270	-0.985588	15	0.855972
8738	3.6702969181e-2	0.333095	0.82636371	0.68943039	0.001963	-0.982309	-0.995014	14	0.855974
8739	3.6525680054e-2	0.331491	0.82637264	0.68927096	0.001963	-0.982309	-0.995014	14	0.855976
8740	3.6546645318e-2	0.331685	0.82638725	0.68932114	0.001963	-0.982309	-0.995014	14	0.855977
8741	3.6514679221e-2	0.331399	0.82639332	0.68930132	0.001849	-0.983347	-1.004437	13	0.855979
8742	3.6408447422e-2	0.330439	0.82638110	0.68917064	0.001963	-0.982309	-0.995015	14	0.855981
8743	3.6367343852e-2	0.330070	0.82637111	0.68910956	0.002077	-0.981271	-0.985593	15	0.855983
8744	3.6559970921e-2	0.331823	0.82638583	0.68933162	0.002077	-0.981271	-0.985593	15	0.855984
8745	3.6137155343e-2	0.327989	0.82638328	0.68890372	0.002192	-0.980233	-0.976173	16	0.855986
8746	3.6322186170e-2	0.329673	0.82638714	0.68909647	0.002306	-0.979195	-0.966754	17	0.855988
8747	3.6528049442e-2	0.331546	0.82640250	0.68933305	0.002192	-0.980233	-0.976172	16	0.855990
8748	3.6834144849e-2	0.334328	0.82639248	0.68961911	0.002192	-0.980233	-0.976172	16	0.855991
8749	3.6821319516e-2	0.334216	0.82637799	0.68957730	0.002306	-0.979195	-0.966755	17	0.855993
8750	3.6836018098e-2	0.334353	0.82638162	0.68959927	0.002306	-0.979195	-0.966755	17	0.855995
8751	3.6540418465e-2	0.331675	0.82635774	0.68925589	0.002420	-0.978158	-0.957340	18	0.855997
8752	3.6391960999e-2	0.330331	0.82635875	0.68910945	0.002420	-0.978158	-0.957340	18	0.855999
8753	3.6346887685e-2	0.329926	0.82635452	0.68905593	0.002306	-0.979195	-0.966754	17	0.856000
8754	3.6209576982e-2	0.328684	0.82636547	0.68894053	0.002192	-0.980232	-0.976166	16	0.856002
8755	3.6252456743e-2	0.329077	0.82637950	0.68901145	0.002078	-0.981269	-0.985578	15	0.856004
8756	3.6361574162e-2	0.330072	0.82638835	0.68913828	0.002078	-0.981269	-0.985578	15	0.856006
8757	3.6428319788e-2	0.330682	0.82639774	0.68922381	0.002078	-0.981269	-0.985578	15	0.856007
8758	3.6468690308e-2	0.331053	0.82639225	0.68925319	0.001963	-0.982305	-0.994987	14	0.856009
8759	3.6489687337e-2	0.331247	0.82638895	0.68926758	0.002078	-0.981269	-0.985579	15	0.856011
8760	3.6513053658e-2	0.331464	0.82639767	0.68930840	0.002078	-0.981269	-0.985579	15	0.856013
8761	3.6613175922e-2	0.332377	0.82638981	0.68939280	0.001963	-0.982305	-0.994985	14	0.856014
8762	3.6813079406e-2	0.334196	0.82640320	0.68961948	0.001849	-0.983341	-1.004391	13	0.856016
8763	3.6810308842e-2	0.334175	0.82641915	0.68964861	0.001735	-0.984377	-1.013796	12	0.856018
8764	3.6583770041e-2	0.332122	0.82641434	0.68941245	0.001735	-0.984377	-1.013796	12	0.856020
8765	3.6623961608e-2	0.332491	0.82640615	0.68943626	0.001849	-0.983341	-1.004393	13	0.856021
8766	3.6455070499e-2	0.330962	0.82639801	0.68925109	0.001849	-0.983341	-1.004393	13	0.856023
8767	3.6561501523e-2	0.331933	0.82639898	0.68935947	0.001963	-0.982306	-0.994991	14	0.856025
8768	3.6413144246e-2	0.330590	0.82639323	0.68919961	0.001963	-0.982306	-0.994991	14	0.856027
8769	3.6546108979e-2	0.331801	0.82639342	0.68933295	0.001849	-0.983341	-1.004391	13	0.856028
8770	3.6428108925e-2	0.330734	0.82638783	0.68920376	0.001735	-0.984376	-1.013790	12	0.856030
8771	3.6458579917e-2	0.331015	0.82639068	0.68923994	0.001735	-0.984376	-1.013790	12	0.856032
8772	3.6745667350e-2	0.333626	0.82639105	0.68952777	0.001735	-0.984376	-1.013790	12	0.856034
8773	3.6499416368e-2	0.331394	0.82637738	0.68925417	0.001849	-0.983341	-1.004394	13	0.856035
8774	3.6419302467e-2	0.330671	0.82637478	0.68916886	0.001735	-0.984376	-1.013789	12	0.856037
8775	3.6425830871e-2	0.330734	0.82638220	0.68919022	0.001735	-0.984376	-1.013789	12	0.856039
8776	3.6268060065e-2	0.329306	0.82636796	0.68900399	0.001735	-0.984376	-1.013789	12	0.856041
8777	3.6264920387e-2	0.329281	0.82636239	0.68898971	0.001849	-0.983342	-1.004396	13	0.856043
8778	3.6169911716e-2	0.328423	0.82635608	0.68888206	0.001735	-0.984376	-1.013788	12	0.856044
8779	3.6217684284e-2	0.328861	0.82634285	0.68890338	0.001621	-0.985410	-1.023180	11	0.856046
8780	3.6150329032e-2	0.328253	0.82633783	0.68882599	0.001621	-0.985410	-1.023180	11	0.856048
8781	3.6100228330e-2	0.327803	0.82634592	0.68879208	0.001735	-0.984376	-1.013790	12	0.856050
8782	3.6097290153e-2	0.327780	0.82635396	0.68880522	0.001849	-0.983342	-1.004401	13	0.856051
8783	3.6105310471e-2	0.327857	0.82636627	0.68883785	0.001735	-0.984376	-1.013789	12	0.856053
8784	3.6150403777e-2	0.328271	0.82637083	0.68889207	0.001735	-0.984376	-1.013789	12	0.856055
8785	3.6269305479e-2	0.329354	0.82639504	0.68905939	0.001621	-0.985410	-1.023176	11	0.856057
8786	3.6328338134e-2	0.329895	0.82640499	0.68913831	0.001508	-0.986443	-1.032562	10	0.856058
8787	3.6092023581e-2	0.327753	0.82639805	0.68888813	0.001394	-0.987477	-1.041946	9	0.856060
8788	3.6017762064e-2	0.327082	0.82640255	0.68882286	0.001394	-0.987477	-1.041946	9	0.856062
8789	3.5946755687e-2	0.326442	0.82640513	0.68875702	0.001280	-0.988510	-1.051330	8	0.856064
8790	3.5964146614e-2	0.326604	0.82640747	0.68877909	0.001394	-0.987477	-1.041947	9	0.856065
8791	3.5958274878e-2	0.326554	0.82638742	0.68873312	0.001508	-0.986444	-1.032566	10	0.856067
8792	3.6034803244e-2	0.327254	0.82640295	0.68884071	0.001508	-0.986444	-1.032566	10	0.856069
8793	3.5938351078e-2	0.326382	0.82641044	0.68875924	0.001508	-0.986444	-1.032566	10	0.856071
8794	3.5923946246e-2	0.326255	0.82640117	0.68872628	0.001621	-0.985411	-1.023187	11	0.856073
8795	3.5952045037e-2	0.326514	0.82640556	0.68876317	0.001735	-0.984379	-1.013808	12	0.856074
8796	3.6275720008e-2	0.329458	0.82642740	0.68913052	0.001735	-0.984379	-1.013808	12	0.856076
8797	3.6144369807e-2	0.328269	0.82641590	0.68897616	0.001849	-0.983346	-1.004432	13	0.856078
8798	3.5956145729e-2	0.326564	0.82640215	0.68876045	0.001735	-0.984379	-1.013808	12	0.856080
8799	3.6010552245e-2	0.327062	0.82642380	0.68885814	0.001621	-0.985411	-1.023182	11	0.856081
8800	3.6054914581e-2	0.327469	0.82640054	0.68885600	0.001621	-0.985411	-1.023182	11	0.856083
8801	3.6104920764e-2	0.327927	0.82641927	0.68894346	0.001735	-0.984379	-1.013809	12	0.856085
8802	3.6315590264e-2	0.329845	0.82642314	0.68916187	0.001735	-0.984379	-1.013809	12	0.856087
8803	3.6047152729e-2	0.327411	0.82642976	0.68890666	0.001621	-0.985411	-1.023181	11	0.856088
8804	3.5968513718e-2	0.326701	0.82642872	0.68882594	0.001621	-0.985411	-1.023181	11	0.856090
8805	3.6085883250e-2	0.327771	0.82641867	0.68892322	0.001508	-0.986442	-1.032551	10	0.856092
8806	3.6019327936e-2	0.327170	0.82641572	0.68885076	0.001621	-0.985411	-1.023182	11	0.856094
8807	3.5986537659e-2	0.326877	0.82642387	0.68883428	0.001508	-0.986442	-1.032550	10	0.856095
8808	3.5787589463e-2	0.325074	0.82642894	0.68864546	0.001508	-0.986442	-1.032550	10	0.856097
8809	3.5914114657e-2	0.326227	0.82643477	0.68878366	0.001621	-0.985411	-1.023183	11	0.856099
8810	3.6229357476e-2	0.329095	0.82642088	0.68907112	0.001508	-0.986442	-1.032549	10	0.856101
8811	3.6128721708e-2	0.328185	0.82640643	0.68894157	0.001508	-0.986442	-1.032549	10	0.856102
8812	3.5940135341e-2	0.326476	0.82640678	0.68875370	0.001508	-0.986442	-1.032549	10	0.856104
8813	3.5899444525e-2	0.326110	0.82640619	0.68871183	0.001621	-0.985411	-1.023186	11	0.856106
8814	3.5879395158e-2	0.325932	0.82639560	0.68867059	0.001735	-0.984381	-1.013823	12	0.856108
8815	3.5938566436e-2	0.326473	0.82642035	0.68877927	0.001621	-0.985411	-1.023185	11	0.856109
8816	3.5897544832e-2	0.326105	0.82642521	0.68874796	0.001621	-0.985411	-1.023185	11	0.856111
8817	3.5992167774e-2	0.326969	0.82642163	0.68883543	0.001735	-0.984381	-1.013825	12	0.856113
8818	3.5987794738e-2	0.326933	0.82641536	0.68881851	0.001848	-0.983350	-1.004466	13	0.856115
8819	3.6021083250e-2	0.327239	0.82641024	0.68884156	0.001735	-0.984381	-1.013824	12	0.856116
8820	3.6153539478e-2	0.328447	0.82642037	0.68899427	0.001735	-0.984381	-1.013824	12	0.856118
8821	3.6278522660e-2	0.329586	0.82642134	0.68912121	0.001621	-0.985411	-1.023181	11	0.856120
8822	3.6032830490e-2	0.327358	0.82641388	0.68886059	0.001508	-0.986440	-1.032537	10	0.856122
8823	3.5978659996e-2	0.326870	0.82641411	0.68880689	0.001395	-0.987470	-1.041892	9	0.856123
8824	3.5964149930e-2	0.326743	0.82641723	0.68879861	0.001395	-0.987470	-1.041892	9	0.856125
8825	3.5843755676e-2	0.325653	0.82642040	0.68868457	0.001395	-0.987470	-1.041892	9	0.856127
8826	3.5773576177e-2	0.325019	0.82642450	0.68862259	0.001281	-0.988499	-1.051244	8	0.856129
8827	3.5795991430e-2	0.325227	0.82642599	0.68864798	0.001168	-0.989529	-1.060596	7	0.856131
8828	3.5400020744e-2	0.321633	0.82642327	0.68824656	0.001168	-0.989529	-1.060596	7	0.856132
8829	3.5543981832e-2	0.322945	0.82642543	0.68839484	0.001168	-0.989529	-1.060596	7	0.856134
8830	3.5609817268e-2	0.323548	0.82641752	0.68844486	0.001055	-0.990558	-1.069945	6	0.856136
8831	3.5635780453e-2	0.323788	0.82642101	0.68847780	0.000942	-0.991587	-1.079294	5	0.856138
8832	3.5915794340e-2	0.326336	0.82641826	0.68875231	0.000942	-0.991587	-1.079294	5	0.856139
8833	3.5685920251e-2	0.324251	0.82641378	0.68851348	0.000942	-0.991587	-1.079294	5	0.856141
8834	3.5625311084e-2	0.323705	0.82641162	0.68844855	0.000828	-0.992615	-1.088640	4	0.856143
8835	3.5729870597e-2	0.324659	0.82642196	0.68857380	0.000942	-0.991587	-1.079294	5	0.856145
8836	3.5514172384e-2	0.322703	0.82641646	0.68834710	0.000942	-0.991587	-1.079294	5	0.856146
8837	3.5572371944e-2	0.323236	0.82642598	0.68842432	0.000828	-0.992615	-1.088638	4	0.856148
8838	3.5841555557e-2	0.325686	0.82644562	0.68873279	0.000828	-0.992615	-1.088638	4	0.856150
8839	3.5792251402e-2	0.325242	0.82644198	0.68867622	0.000715	-0.993643	-1.097980	3	0.856152
8840	3.5744218612e-2	0.324809	0.82643760	0.68861942	0.000715	-0.993643	-1.097980	3	0.856154
8841	3.5897258328e-2	0.326204	0.82646329	0.68882383	0.000602	-0.994671	-1.107320	2	0.856155
8842	3.5799349741e-2	0.325318	0.82646548	0.68873030	0.000715	-0.993643	-1.097981	3	0.856157
8843	3.5798640836e-2	0.325316	0.82646524	0.68872913	0.000828	-0.992615	-1.088642	4	0.856159
8844	3.5900861880e-2	0.326249	0.82647548	0.68885182	0.000828	-0.992615	-1.088642	4	0.856161
8845	3.5827203257e-2	0.325584	0.82647493	0.68877706	0.000715	-0.993643	-1.097979	3	0.856162
8846	3.5889586530e-2	0.326155	0.82647413	0.68883784	0.000828	-0.992616	-1.088643	4	0.856164
8847	3.5990918804e-2	0.327079	0.82646151	0.68891394	0.000828	-0.992616	-1.088643	4	0.856166
8848	3.5902421528e-2	0.326279	0.82646306	0.68882854	0.000828	-0.992616	-1.088643	4	0.856168
8849	3.6000799564e-2	0.327177	0.82648390	0.68896861	0.000715	-0.993643	-1.097976	3	0.856169
8850	3.5753572339e-2	0.324935	0.82648900	0.68873157	0.000715	-0.993643	-1.097976	3	0.856171
8851	3.5834565057e-2	0.325675	0.82649712	0.68882880	0.000828	-0.992616	-1.088644	4	0.856173
8852	3.5873809075e-2	0.326035	0.82651168	0.68889717	0.000828	-0.992616	-1.088644	4	0.856175
8853	3.5856427110e-2	0.325882	0.82650589	0.68886822	0.000715	-0.993642	-1.097975	3	0.856177
8854	3.6046339799e-2	0.327612	0.82651849	0.68908331	0.000602	-0.994669	-1.107304	2	0.856178
8855	3.6412736732e-2	0.330946	0.82652174	0.68945622	0.000715	-0.993642	-1.097976	3	0.856180
8856	3.6101315593e-2	0.328119	0.82650345	0.68910822	0.000715	-0.993642	-1.097976	3	0.856182
8857	3.5801323633e-2	0.325397	0.82649313	0.68878757	0.000828	-0.992616	-1.088649	4	0.856184
8858	3.5909100854e-2	0.326381	0.82649847	0.68890604	0.000715	-0.993642	-1.097975	3	0.856185
8859	3.5644736818e-2	0.323982	0.82650362	0.68865198	0.000828	-0.992616	-1.088649	4	0.856187
8860	3.5396316343e-2	0.321728	0.82649271	0.68838174	0.000828	-0.992616	-1.088649	4	0.856189
8861	3.5410126308e-2	0.321857	0.82651070	0.68843152	0.000715	-0.993642	-1.097973	3	0.856191
8862	3.5276401457e-2	0.320646	0.82651735	0.68831110	0.000828	-0.992617	-1.088650	4	0.856192
8863	3.5112570815e-2	0.319161	0.82652700	0.68816656	0.000715	-0.993642	-1.097972	3	0.856194
8864	3.5175549738e-2	0.319737	0.82653131	0.68823818	0.000715	-0.993642	-1.097972	3	0.856196
8865	3.4961419807e-2	0.317795	0.82651212	0.68798567	0.000715	-0.993642	-1.097972	3	0.856198
8866	3.5086009152e-2	0.318931	0.82652529	0.68813659	0.000828	-0.992617	-1.088653	4	0.856200
8867	3.5098701596e-2	0.319050	0.82654151	0.68818173	0.000715	-0.993642	-1.097971	3	0.856201
8868	3.5071342278e-2	0.318806	0.82655034	0.68817202	0.000715	-0.993642	-1.097971	3	0.856203
8869	3.5004367525e-2	0.318201	0.82653991	0.68808419	0.000715	-0.993642	-1.097971	3	0.856205
8870	3.5004069032e-2	0.318202	0.82652682	0.68805770	0.000603	-0.994667	-1.107288	2	0.856207
8871	3.5222380692e-2	0.320191	0.82654054	0.68830347	0.000715	-0.993642	-1.097972	3	0.856208
8872	3.5250217003e-2	0.320448	0.82653124	0.68831269	0.000715	-0.993642	-1.097972	3	0.856210
8873	3.5192566716e-2	0.319927	0.82651785	0.68822826	0.000828	-0.992618	-1.088658	4	0.856212
8874	3.5170600712e-2	0.319732	0.82652430	0.68821921	0.000828	-0.992618	-1.088658	4	0.856214
8875	3.5218577746e-2	0.320172	0.82651729	0.68825316	0.000828	-0.992618	-1.088658	4	0.856215
8876	3.5151927748e-2	0.319570	0.82650576	0.68816344	0.000828	-0.992618	-1.088658	4	0.856217
8877	3.5230419278e-2	0.320287	0.82650543	0.68824127	0.000715	-0.993642	-1.097969	3	0.856219
8878	3.5214616214e-2	0.320148	0.82650435	0.68822331	0.000603	-0.994666	-1.107279	2	0.856221
8879	3.5227864177e-2	0.320272	0.82649291	0.68821369	0.000715	-0.993642	-1.097970	3	0.856222
8880	3.5130640493e-2	0.319392	0.82650061	0.68813186	0.000715	-0.993642	-1.097970	3	0.856224
8881	3.5264858183e-2	0.320616	0.82650937	0.68828361	0.000828	-0.992618	-1.088663	4	0.856226
8882	3.5327743663e-2	0.321192	0.82652033	0.68836840	0.000941	-0.991594	-1.079356	5	0.856228
8883	3.5396784934e-2	0.321824	0.82652615	0.68844909	0.000941	-0.991594	-1.079356	5	0.856229
8884	3.5439841182e-2	0.322219	0.82652921	0.68849827	0.000941	-0.991594	-1.079356	5	0.856231
8885	3.5540269555e-2	0.323136	0.82652029	0.68858085	0.001053	-0.990571	-1.070052	6	0.856233
8886	3.5509826700e-2	0.322864	0.82652963	0.68856908	0.000941	-0.991594	-1.079355	5	0.856235
8887	3.5406258861e-2	0.321926	0.82651599	0.68843824	0.000828	-0.992617	-1.088658	4	0.856237
8888	3.5417888715e-2	0.322036	0.82652024	0.68845837	0.000828	-0.992617	-1.088658	4	0.856238
8889	3.5385732610e-2	0.321747	0.82652382	0.68843337	0.000941	-0.991595	-1.079357	5	0.856240
8890	3.5410061671e-2	0.321972	0.82652030	0.68845067	0.001053	-0.990572	-1.070057	6	0.856242
8891	3.5498388243e-2	0.322780	0.82651978	0.68853794	0.001166	-0.989549	-1.060758	7	0.856244
8892	3.5430083454e-2	0.322162	0.82651792	0.68846593	0.001166	-0.989549	-1.060758	7	0.856245
8893	3.5557059168e-2	0.323321	0.82650799	0.68857303	0.001053	-0.990572	-1.070055	6	0.856247
8894	3.5551945148e-2	0.323279	0.82650241	0.68855677	0.001166	-0.989549	-1.060758	7	0.856249
8895	3.5466030690e-2	0.322501	0.82651387	0.68849378	0.001053	-0.990571	-1.070054	6	0.856251
8896	3.5331630717e-2	0.321283	0.82650423	0.68834009	0.001053	-0.990571	-1.070054	6	0.856252
8897	3.5289115851e-2	0.320900	0.82650882	0.68830675	0.000941	-0.991594	-1.079349	5	0.856254
8898	3.5536479442e-2	0.323154	0.82651249	0.68856147	0.000828	-0.992615	-1.088642	4	0.856256
8899	3.5564740712e-2	0.323415	0.82650634	0.68857741	0.000941	-0.991594	-1.079349	5	0.856258
8900	3.5744999877e-2	0.325058	0.82650778	0.68876056	0.000941	-0.991594	-1.079349	5	0.856259
8901	3.5811517555e-2	0.325667	0.82652650	0.68886452	0.000941	-0.991594	-1.079349	5	0.856261
8902	3.5677769069e-2	0.324455	0.82652040	0.68871856	0.001053	-0.990572	-1.070059	6	0.856263
8903	3.5779687312e-2	0.325386	0.82652429	0.68882827	0.001165	-0.989551	-1.060770	7	0.856265
8904	3.5914478237e-2	0.326615	0.82653518	0.68898484	0.001165	-0.989551	-1.060770	7	0.856266
8905	3.5775263901e-2	0.325353	0.82651957	0.68881440	0.001053	-0.990572	-1.070058	6	0.856268
8906	3.5665407605e-2	0.324358	0.82652748	0.68872036	0.000941	-0.991593	-1.079345	5	0.856270
8907	3.5538287162e-2	0.323206	0.82652657	0.68859143	0.001053	-0.990572	-1.070058	6	0.856272
8908	3.5244243210e-2	0.320536	0.82651823	0.68828070	0.001053	-0.990572	-1.070058	6	0.856273
8909	3.5415388208e-2	0.322096	0.82653052	0.68847642	0.001165	-0.989551	-1.060774	7	0.856275
8910	3.5586593776e-2	0.323658	0.82653206	0.68865071	0.001165	-0.989551	-1.060774	7	0.856277
8911	3.5593367192e-2	0.323723	0.82652529	0.68864394	0.001053	-0.990572	-1.070057	6	0.856279
8912	3.5589366874e-2	0.323691	0.82652708	0.68864352	0.001053	-0.990572	-1.070057	6	0.856280
8913	3.5682714687e-2	0.324544	0.82653929	0.68876129	0.001165	-0.989551	-1.060776	7	0.856282
8914	3.5989184136e-2	0.327335	0.82653353	0.68905624	0.001278	-0.988531	-1.051495	8	0.856284
8915	3.6105241236e-2	0.328395	0.82652306	0.68915136	0.001390	-0.987511	-1.042215	9	0.856286
8916	3.6106145976e-2	0.328407	0.82651727	0.68914069	0.001390	-0.987511	-1.042215	9	0.856287
8917	3.5906545153e-2	0.326596	0.82649739	0.68890133	0.001502	-0.986491	-1.032937	10	0.856289
8918	3.5736745402e-2	0.325055	0.82649387	0.68872448	0.001502	-0.986491	-1.032937	10	0.856291
8919	3.5825179650e-2	0.325864	0.82649248	0.68881014	0.001502	-0.986491	-1.032937	10	0.856292
8920	3.5760912576e-2	0.325283	0.82647184	0.68870459	0.001502	-0.986491	-1.032937	10	0.856294
8921	3.5784372165e-2	0.325500	0.82645901	0.68870238	0.001614	-0.985471	-1.023663	11	0.856296
8922	3.5867413368e-2	0.326260	0.82645203	0.68877148	0.001502	-0.986491	-1.032937	10	0.856298
8923	3.5925520467e-2	0.326792	0.82647709	0.68887971	0.001390	-0.987510	-1.042210	9	0.856299
8924	3.5824580158e-2	0.325878	0.82646923	0.68876304	0.001390	-0.987510	-1.042210	9	0.856301
8925	3.5873659388e-2	0.326329	0.82645582	0.68878529	0.001390	-0.987510	-1.042210	9	0.856303
8926	3.5905965189e-2	0.326627	0.82646591	0.68883778	0.001502	-0.986491	-1.032939	10	0.856305
8927	3.5845251912e-2	0.326078	0.82645084	0.68874693	0.001614	-0.985472	-1.023669	11	0.856306
8928	3.5799987370e-2	0.325671	0.82645017	0.68870033	0.001614	-0.985472	-1.023669	11	0.856308
8929	3.5878801318e-2	0.326392	0.82644534	0.68876948	0.001502	-0.986491	-1.032937	10	0.856310
8930	3.5965171743e-2	0.327181	0.82644961	0.68886438	0.001614	-0.985472	-1.023670	11	0.856312
8931	3.5959723348e-2	0.327136	0.82645540	0.68887053	0.001502	-0.986491	-1.032937	10	0.856313
8932	3.6030555364e-2	0.327784	0.82643507	0.68890070	0.001502	-0.986491	-1.032937	10	0.856315
8933	3.6075758543e-2	0.328199	0.82644509	0.68896594	0.001390	-0.987509	-1.042202	9	0.856317
8934	3.5738327570e-2	0.325134	0.82643192	0.68860216	0.001278	-0.988527	-1.051466	8	0.856318
8935	3.5937399361e-2	0.326949	0.82641739	0.68877218	0.001390	-0.987509	-1.042203	9	0.856320
8936	3.5965077847e-2	0.327205	0.82640870	0.68878247	0.001390	-0.987509	-1.042203	9	0.856322
8937	3.6005063090e-2	0.327572	0.82639693	0.68879892	0.001390	-0.987509	-1.042203	9	0.856324
8938	3.6054802470e-2	0.328029	0.82638943	0.68883366	0.001278	-0.988527	-1.051464	8	0.856325
8939	3.6035416411e-2	0.327857	0.82641135	0.68885811	0.001390	-0.987509	-1.042203	9	0.856327
8940	3.5790984159e-2	0.325637	0.82642366	0.68863831	0.001390	-0.987509	-1.042203	9	0.856329
8941	3.5918533402e-2	0.326801	0.82643147	0.68878147	0.001278	-0.988527	-1.051462	8	0.856331
8942	3.5983154096e-2	0.327393	0.82642672	0.68883659	0.001166	-0.989544	-1.060720	7	0.856332
8943	3.6041612469e-2	0.327929	0.82644751	0.68893664	0.001054	-0.990562	-1.069977	6	0.856334
8944	3.5951302832e-2	0.327111	0.82642943	0.68881017	0.001054	-0.990562	-1.069977	6	0.856336
8945	3.6071346160e-2	0.328208	0.82643812	0.68894759	0.001166	-0.989544	-1.060721	7	0.856338
8946	3.6168622857e-2	0.329097	0.82645379	0.68907621	0.001166	-0.989544	-1.060721	7	0.856339
8947	3.6270177318e-2	0.330025	0.82643760	0.68914538	0.001278	-0.988527	-1.051468	8	0.856341
8948	3.6271080008e-2	0.330037	0.82644891	0.68916890	0.001278	-0.988527	-1.051468	8	0.856343
8949	3.6264733393e-2	0.329984	0.82646222	0.68918917	0.001166	-0.989544	-1.060720	7	0.856344
8950	3.6285322435e-2	0.330175	0.82645746	0.68920024	0.001166	-0.989544	-1.060720	7	0.856346
8951	3.6060976680e-2	0.328138	0.82646163	0.68898424	0.001054	-0.990561	-1.069970	6	0.856348
8952	3.5928623122e-2	0.326937	0.82646804	0.68886471	0.001054	-0.990561	-1.069970	6	0.856350
8953	3.6132231960e-2	0.328794	0.82646697	0.68906617	0.001166	-0.989544	-1.060721	7	0.856351
8954	3.6241628444e-2	0.329794	0.82648071	0.68920304	0.001166	-0.989544	-1.060721	7	0.856353
8955	3.5984091812e-2	0.327454	0.82648949	0.68896308	0.001166	-0.989544	-1.060721	7	0.856355
8956	3.5949029964e-2	0.327139	0.82649877	0.68894656	0.001166	-0.989544	-1.060721	7	0.856357
8957	3.5995189063e-2	0.327563	0.82650032	0.68899583	0.001166	-0.989544	-1.060721	7	0.856358
8958	3.6021177498e-2	0.327804	0.82649923	0.68901964	0.001055	-0.990560	-1.069966	6	0.856360
8959	3.6180417711e-2	0.329257	0.82648468	0.68914979	0.001055	-0.990560	-1.069966	6	0.856362
8960	3.6323698582e-2	0.330565	0.82649701	0.68931772	0.001055	-0.990560	-1.069966	6	0.856364
8961	3.6425420958e-2	0.331495	0.82651388	0.68945318	0.000943	-0.991576	-1.079209	5	0.856365
8962	3.6438103869e-2	0.331614	0.82651553	0.68946916	0.001055	-0.990560	-1.069967	6	0.856367
8963	3.6565187969e-2	0.332775	0.82651318	0.68959154	0.000943	-0.991576	-1.079208	5	0.856369
8964	3.6212705110e-2	0.329571	0.82650978	0.68923227	0.000943	-0.991576	-1.079208	5	0.856371
8965	3.6370719041e-2	0.331013	0.82650846	0.68938764	0.000831	-0.992591	-1.088447	4	0.856372
8966	3.6470282613e-2	0.331923	0.82651000	0.68949027	0.000943	-0.991576	-1.079209	5	0.856374
8967	3.6418408799e-2	0.331455	0.82652991	0.68947822	0.000943	-0.991576	-1.079209	5	0.856376
8968	3.6212634593e-2	0.329586	0.82653062	0.68927387	0.000943	-0.991576	-1.079209	5	0.856377
8969	3.6222257240e-2	0.329678	0.82654648	0.68931522	0.000831	-0.992591	-1.088445	4	0.856379
8970	3.6195432756e-2	0.329438	0.82656800	0.68933144	0.000720	-0.993605	-1.097680	3	0.856381
8971	3.6262502906e-2	0.330052	0.82656406	0.68939063	0.000608	-0.994620	-1.106914	2	0.856383
8972	3.6429610554e-2	0.331577	0.82657593	0.68958148	0.000608	-0.994620	-1.106914	2	0.856384
8973	3.6377299226e-2	0.331105	0.82658104	0.68953938	0.000608	-0.994620	-1.106914	2	0.856386
8974	3.6559599912e-2	0.332769	0.82656702	0.68969364	0.000497	-0.995634	-1.116146	1	0.856388
8975	3.6452986085e-2	0.331802	0.82656126	0.68957550	0.000497	-0.995634	-1.116146	1	0.856390
8976	3.6343427612e-2	0.330809	0.82656714	0.68947770	0.000497	-0.995634	-1.116146	1	0.856391
8977	3.6475398794e-2	0.332014	0.82655602	0.68958743	0.000608	-0.994620	-1.106917	2	0.856393
8978	3.6469890796e-2	0.331968	0.82655734	0.68958458	0.000608	-0.994620	-1.106917	2	0.856395
8979	3.6550659150e-2	0.332708	0.82655982	0.68967029	0.000497	-0.995634	-1.116145	1	0.856397
8980	3.6596239519e-2	0.333127	0.82656993	0.68973611	0.000497	-0.995634	-1.116145	1	0.856398
8981	3.6309193839e-2	0.330518	0.82656619	0.68944156	0.000608	-0.994620	-1.106918	2	0.856400
8982	3.6275678473e-2	0.330217	0.82657020	0.68941608	0.000608	-0.994620	-1.106918	2	0.856402
8983	3.6239833055e-2	0.329894	0.82656423	0.68936828	0.000720	-0.993607	-1.097693	3	0.856404
8984	3.6424264062e-2	0.331577	0.82656304	0.68955035	0.000720	-0.993607	-1.097693	3	0.856405
8985	3.6429064690e-2	0.331625	0.82656967	0.68956841	0.000608	-0.994620	-1.106917	2	0.856407
8986	3.6552547931e-2	0.332753	0.82655553	0.68966361	0.000720	-0.993607	-1.097694	3	0.856409
8987	3.6528095228e-2	0.332535	0.82655953	0.68964716	0.000608	-0.994620	-1.106916	2	0.856411
8988	3.6697380418e-2	0.334080	0.82656712	0.68983161	0.000608	-0.994620	-1.106916	2	0.856412
8989	3.6925626175e-2	0.336162	0.82655815	0.69004193	0.000720	-0.993607	-1.097696	3	0.856414
8990	3.6978584029e-2	0.336648	0.82654427	0.69006712	0.000831	-0.992595	-1.088477	4	0.856416
8991	3.6991449291e-2	0.336769	0.82656187	0.69011518	0.000831	-0.992595	-1.088477	4	0.856418
8992	3.6732059745e-2	0.334412	0.82655366	0.68983939	0.000831	-0.992595	-1.088477	4	0.856419
8993	3.6798979708e-2	0.335025	0.82655191	0.68990280	0.000831	-0.992595	-1.088477	4	0.856421
8994	3.6528974174e-2	0.332571	0.82654572	0.68962041	0.000720	-0.993607	-1.097693	3	0.856423
8995	3.6483404409e-2	0.332160	0.82655915	0.68960170	0.000609	-0.994619	-1.106908	2	0.856424
8996	3.6477946930e-2	0.332115	0.82654916	0.68957627	0.000609	-0.994619	-1.106908	2	0.856426
8997	3.6551055526e-2	0.332784	0.82654018	0.68963142	0.000720	-0.993607	-1.097694	3	0.856428
8998	3.6643277077e-2	0.333628	0.82654600	0.68973527	0.000609	-0.994619	-1.106907	2	0.856430
8999	3.6671882811e-2	0.333893	0.82654841	0.68976870	0.000497	-0.995631	-1.116119	1	0.856431
9000	3.6785270974e-2	0.334929	0.82653532	0.68985590	0.000497	-0.995631	-1.116119	1	0.856433
9001	3.6477192099e-2	0.332128	0.82654252	0.68956224	0.000386	-0.996642	-1.125329	0	0.856435
9002	3.6495817118e-2	0.332302	0.82654883	0.68959349	0.000275	-0.997654	-1.134539	-1	0.856437
9003	3.6715188108e-2	0.334303	0.82655470	0.68982459	0.000386	-0.996643	-1.125330	0	0.856438
9004	3.6704460818e-2	0.334210	0.82653526	0.68977497	0.000386	-0.996643	-1.125330	0	0.856440
9005	3.6364956014e-2	0.331122	0.82653318	0.68943131	0.000497	-0.995631	-1.116123	1	0.856442
9006	3.6423381597e-2	0.331658	0.82653139	0.68948615	0.000608	-0.994620	-1.106917	2	0.856444
9007	3.6302520911e-2	0.330562	0.82653722	0.68937696	0.000497	-0.995631	-1.116122	1	0.856445
9008	3.6241411449e-2	0.330010	0.82653660	0.68931462	0.000497	-0.995631	-1.116122	1	0.856447
9009	3.6359333616e-2	0.331087	0.82655935	0.68947803	0.000497	-0.995631	-1.116122	1	0.856449
9010	3.6428861166e-2	0.331725	0.82654323	0.68951531	0.000608	-0.994621	-1.106919	2	0.856451
9011	3.6423148064e-2	0.331677	0.82655542	0.68953400	0.000497	-0.995631	-1.116121	1	0.856452
9012	3.6233397448e-2	0.329953	0.82654875	0.68933090	0.000497	-0.995631	-1.116121	1	0.856454
9013	3.6527354293e-2	0.332634	0.82655258	0.68963251	0.000386	-0.996642	-1.125322	0	0.856456
9014	3.6682629472e-2	0.334052	0.82655324	0.68978911	0.000497	-0.995631	-1.116122	1	0.856457
9015	3.6316476597e-2	0.330721	0.82657437	0.68946522	0.000386	-0.996641	-1.125321	0	0.856459
9016	3.6347319118e-2	0.331006	0.82658161	0.68951054	0.000386	-0.996641	-1.125321	0	0.856461
9017	3.6350076591e-2	0.331035	0.82659674	0.68954357	0.000497	-0.995631	-1.116124	1	0.856463
9018	3.6386032174e-2	0.331367	0.82658660	0.68955924	0.000497	-0.995631	-1.116124	1	0.856464
9019	3.6277310880e-2	0.330381	0.82658140	0.68944011	0.000608	-0.994622	-1.106928	2	0.856466
9020	3.5952955998e-2	0.327431	0.82659500	0.68914295	0.000608	-0.994622	-1.106928	2	0.856468
9021	3.6173884193e-2	0.329447	0.82659876	0.68937141	0.000497	-0.995631	-1.116122	1	0.856470
9022	3.6448469083e-2	0.331952	0.82658314	0.68961475	0.000387	-0.996641	-1.125316	0	0.856471
9023	3.6387482354e-2	0.331400	0.82658441	0.68955630	0.000497	-0.995631	-1.116123	1	0.856473
9024	3.6262092987e-2	0.330262	0.82659656	0.68945522	0.000497	-0.995631	-1.116123	1	0.856475
9025	3.6084162850e-2	0.328646	0.82659902	0.68928221	0.000497	-0.995631	-1.116123	1	0.856477
9026	3.5916244939e-2	0.327120	0.82659457	0.68910539	0.000608	-0.994622	-1.106933	2	0.856478
9027	3.6063996019e-2	0.328470	0.82660331	0.68927061	0.000608	-0.994622	-1.106933	2	0.856480
9028	3.6272704112e-2	0.330375	0.82660701	0.68948673	0.000608	-0.994622	-1.106933	2	0.856482
9029	3.6713240713e-2	0.334391	0.82659931	0.68991185	0.000497	-0.995631	-1.116121	1	0.856483
9030	3.6271255787e-2	0.330370	0.82659722	0.68946569	0.000387	-0.996640	-1.125308	0	0.856485
9031	3.6182541006e-2	0.329566	0.82660231	0.68938716	0.000497	-0.995631	-1.116121	1	0.856487
9032	3.6561687573e-2	0.333023	0.82659378	0.68974926	0.000497	-0.995631	-1.116121	1	0.856489
9033	3.6533959871e-2	0.332775	0.82662077	0.68977550	0.000608	-0.994623	-1.106937	2	0.856490
9034	3.6697002043e-2	0.334264	0.82660287	0.68990274	0.000719	-0.993614	-1.097752	3	0.856492
9035	3.6835160575e-2	0.335526	0.82660142	0.69003799	0.000608	-0.994623	-1.106936	2	0.856494
9036	3.6941734453e-2	0.336501	0.82659806	0.69013785	0.000608	-0.994623	-1.106936	2	0.856496
9037	3.6712149946e-2	0.334414	0.82658384	0.68987983	0.000719	-0.993615	-1.097754	3	0.856497
9038	3.6627832857e-2	0.333650	0.82659211	0.68981204	0.000829	-0.992607	-1.088573	4	0.856499
9039	3.6803172396e-2	0.335251	0.82659850	0.69000017	0.000719	-0.993615	-1.097753	3	0.856501
9040	3.7052541297e-2	0.337527	0.82660010	0.69025273	0.000719	-0.993615	-1.097753	3	0.856503
9041	3.7310122504e-2	0.339877	0.82661053	0.69053117	0.000608	-0.994622	-1.106932	2	0.856504
9042	3.7379648487e-2	0.340515	0.82661869	0.69061703	0.000719	-0.993615	-1.097754	3	0.856506
9043	3.7951183805e-2	0.345726	0.82661139	0.69117396	0.000608	-0.994622	-1.106931	2	0.856508
9044	3.7715949126e-2	0.343587	0.82663212	0.69098018	0.000608	-0.994622	-1.106931	2	0.856509
9045	3.7964527763e-2	0.345856	0.82662534	0.69121521	0.000608	-0.994622	-1.106931	2	0.856511
9046	3.8294245860e-2	0.348864	0.82661297	0.69152019	0.000719	-0.993615	-1.097756	3	0.856513
9047	3.7979955264e-2	0.346005	0.82661577	0.69121149	0.000829	-0.992608	-1.088583	4	0.856515
9048	3.8294575168e-2	0.348875	0.82660693	0.69150844	0.000829	-0.992608	-1.088583	4	0.856516
9049	3.8202922474e-2	0.348044	0.82662517	0.69145327	0.000719	-0.993615	-1.097755	3	0.856518
9050	3.8078512115e-2	0.346915	0.82663394	0.69134639	0.000719	-0.993615	-1.097755	3	0.856520
9051	3.8272468431e-2	0.348686	0.82664814	0.69156874	0.000608	-0.994621	-1.106925	2	0.856521
9052	3.8101195064e-2	0.347130	0.82662614	0.69135348	0.000608	-0.994621	-1.106925	2	0.856523
9053	3.8064929905e-2	0.346804	0.82662073	0.69130638	0.000719	-0.993615	-1.097756	3	0.856525
9054	3.7924308620e-2	0.345527	0.82661421	0.69115274	0.000719	-0.993615	-1.097756	3	0.856527
9055	3.8007466957e-2	0.346289	0.82663687	0.69128121	0.000829	-0.992609	-1.088589	4	0.856528
9056	3.7522805307e-2	0.341877	0.82663686	0.69079652	0.000829	-0.992609	-1.088589	4	0.856530
9057	3.7643012640e-2	0.342977	0.82664209	0.69092719	0.000940	-0.991603	-1.079423	5	0.856532
9058	3.7503510373e-2	0.341710	0.82663057	0.69076465	0.000829	-0.992609	-1.088588	4	0.856534
9059	3.7562481139e-2	0.342251	0.82662405	0.69081057	0.000719	-0.993614	-1.097752	3	0.856535
9060	3.7257621056e-2	0.339477	0.82663047	0.69051856	0.000719	-0.993614	-1.097752	3	0.856537
9061	3.7304570005e-2	0.339909	0.82663689	0.69057836	0.000608	-0.994620	-1.106915	2	0.856539
9062	3.7354750346e-2	0.340371	0.82663820	0.69063115	0.000498	-0.995626	-1.116077	1	0.856540
9063	3.7763866935e-2	0.344103	0.82663316	0.69103019	0.000498	-0.995626	-1.116077	1	0.856542
9064	3.7763731875e-2	0.344106	0.82663849	0.69104071	0.000498	-0.995626	-1.116077	1	0.856544
9065	3.7386965061e-2	0.340677	0.82663945	0.69066587	0.000498	-0.995626	-1.116077	1	0.856546
9066	3.7133678923e-2	0.338373	0.82663738	0.69040844	0.000388	-0.996631	-1.125236	0	0.856547
9067	3.6986437761e-2	0.337035	0.82663721	0.69026086	0.000278	-0.997636	-1.134394	-1	0.856549
9068	3.7410074067e-2	0.340900	0.82663698	0.69068404	0.000278	-0.997636	-1.134394	-1	0.856551
9069	3.7380106371e-2	0.340631	0.82661391	0.69060793	0.000388	-0.996631	-1.125238	0	0.856552
9070	3.7446026577e-2	0.341235	0.82662109	0.69068820	0.000278	-0.997636	-1.134393	-1	0.856554
9071	3.7300369437e-2	0.339912	0.82661683	0.69053403	0.000388	-0.996631	-1.125238	0	0.856556
9072	3.7173824046e-2	0.338763	0.82663343	0.69044069	0.000388	-0.996631	-1.125238	0	0.856558
9073	3.7400057472e-2	0.340829	0.82664064	0.69068133	0.000498	-0.995627	-1.116085	1	0.856559
9074	3.7630825423e-2	0.342936	0.82665371	0.69093824	0.000388	-0.996631	-1.125238	0	0.856561
9075	3.7240239731e-2	0.339381	0.82668482	0.69060988	0.000388	-0.996631	-1.125238	0	0.856563
9076	3.7300735319e-2	0.339936	0.82668973	0.69068020	0.000388	-0.996631	-1.125238	0	0.856565
9077	3.7489073214e-2	0.341657	0.82668638	0.69086184	0.000498	-0.995627	-1.116087	1	0.856566
9078	3.7367341008e-2	0.340551	0.82668309	0.69073352	0.000608	-0.994623	-1.106938	2	0.856568
9079	3.7280880096e-2	0.339767	0.82668269	0.69064626	0.000718	-0.993619	-1.097789	3	0.856570
9080	3.7330032424e-2	0.340220	0.82668164	0.69069331	0.000718	-0.993619	-1.097789	3	0.856571
9081	3.7430641935e-2	0.341141	0.82667781	0.69078626	0.000718	-0.993619	-1.097789	3	0.856573
9082	3.7507442864e-2	0.341845	0.82666145	0.69083035	0.000608	-0.994623	-1.106936	2	0.856575
9083	3.7561041718e-2	0.342337	0.82665651	0.69087407	0.000718	-0.993619	-1.097790	3	0.856577
9084	3.7462272400e-2	0.341441	0.82665897	0.69078021	0.000718	-0.993619	-1.097790	3	0.856578
9085	3.7605906988e-2	0.342755	0.82666229	0.69093049	0.000608	-0.994622	-1.106934	2	0.856580
9086	3.7428386976e-2	0.341141	0.82667905	0.69078649	0.000718	-0.993619	-1.097791	3	0.856582
9087	3.7444199135e-2	0.341289	0.82667078	0.69078575	0.000608	-0.994622	-1.106933	2	0.856583
9088	3.7418752741e-2	0.341061	0.82666829	0.69075533	0.000608	-0.994622	-1.106933	2	0.856585
9089	3.7465815605e-2	0.341494	0.82666666	0.69079914	0.000718	-0.993620	-1.097793	3	0.856587
9090	3.7457286013e-2	0.341421	0.82665786	0.69077301	0.000718	-0.993620	-1.097793	3	0.856589
9091	3.7473871255e-2	0.341576	0.82666319	0.69080025	0.000608	-0.994622	-1.106932	2	0.856590
9092	3.7426319979e-2	0.341147	0.82666469	0.69075569	0.000608	-0.994622	-1.106932	2	0.856592
9093	3.7888201207e-2	0.345361	0.82666629	0.69122079	0.000498	-0.995625	-1.116069	1	0.856594
9094	3.7244621487e-2	0.339499	0.82665833	0.69056127	0.000608	-0.994622	-1.106933	2	0.856595
9095	3.7215060045e-2	0.339233	0.82667054	0.69055614	0.000498	-0.995625	-1.116069	1	0.856597
9096	3.7343359469e-2	0.340407	0.82665589	0.69065514	0.000498	-0.995625	-1.116069	1	0.856599
9097	3.7241589900e-2	0.339483	0.82667074	0.69058308	0.000608	-0.994622	-1.106934	2	0.856601
9098	3.6919708149e-2	0.336553	0.82667952	0.69027874	0.000718	-0.993621	-1.097800	3	0.856602
9099	3.6588646125e-2	0.333539	0.82667891	0.68994647	0.000718	-0.993621	-1.097800	3	0.856604
9100	3.6751988326e-2	0.335032	0.82668185	0.69011569	0.000718	-0.993621	-1.097800	3	0.856606
9101	3.6366394030e-2	0.331521	0.82669333	0.68975306	0.000828	-0.992619	-1.088669	4	0.856607
9102	3.6268777291e-2	0.330635	0.82671016	0.68968910	0.000938	-0.991617	-1.079539	5	0.856609
9103	3.6279614923e-2	0.330738	0.82669627	0.68967216	0.000828	-0.992619	-1.088668	4	0.856611
9104	3.6162076332e-2	0.329670	0.82670630	0.68957467	0.000828	-0.992619	-1.088668	4	0.856613
9105	3.5975021384e-2	0.327969	0.82671369	0.68940240	0.000718	-0.993620	-1.097797	3	0.856614
9106	3.5974298398e-2	0.327966	0.82672726	0.68942881	0.000608	-0.994621	-1.106924	2	0.856616
9107	3.6007627683e-2	0.328274	0.82672285	0.68945334	0.000718	-0.993620	-1.097797	3	0.856618
9108	3.5974751279e-2	0.327979	0.82672534	0.68942542	0.000718	-0.993620	-1.097797	3	0.856619
9109	3.5907964194e-2	0.327374	0.82672782	0.68936360	0.000608	-0.994621	-1.106922	2	0.856621
9110	3.5889462629e-2	0.327209	0.82671952	0.68932850	0.000499	-0.995622	-1.116047	1	0.856623
9111	3.5756138119e-2	0.325997	0.82671910	0.68919434	0.000608	-0.994621	-1.106923	2	0.856625
9112	3.5770380286e-2	0.326131	0.82671453	0.68919945	0.000608	-0.994621	-1.106923	2	0.856626
9113	3.5728641098e-2	0.325754	0.82671750	0.68916365	0.000718	-0.993621	-1.097801	3	0.856628
9114	3.5710322208e-2	0.325591	0.82670539	0.68912110	0.000718	-0.993621	-1.097801	3	0.856630
9115	3.5642626513e-2	0.324978	0.82670235	0.68904734	0.000828	-0.992620	-1.088681	4	0.856631
9116	3.5737653448e-2	0.325848	0.82669966	0.68913698	0.000828	-0.992620	-1.088681	4	0.856633
9117	3.5781866780e-2	0.326255	0.82669707	0.68917600	0.000828	-0.992620	-1.088681	4	0.856635
9118	3.5792164618e-2	0.326353	0.82668831	0.68916879	0.000718	-0.993620	-1.097799	3	0.856637
9119	3.5987481912e-2	0.328138	0.82666784	0.68932315	0.000828	-0.992620	-1.088682	4	0.856638
9120	3.5898747721e-2	0.327333	0.82666460	0.68922794	0.000828	-0.992620	-1.088682	4	0.856640
9121	3.5688755067e-2	0.325422	0.82667919	0.68904713	0.000937	-0.991621	-1.079566	5	0.856642
9122	3.5725679876e-2	0.325763	0.82668476	0.68909521	0.001047	-0.990621	-1.070451	6	0.856643
9123	3.5795282785e-2	0.326401	0.82668388	0.68916303	0.001157	-0.989622	-1.061337	7	0.856645
9124	3.5968362537e-2	0.327983	0.82669865	0.68936567	0.001157	-0.989622	-1.061337	7	0.856647
9125	3.5993709445e-2	0.328218	0.82670031	0.68939434	0.001157	-0.989622	-1.061337	7	0.856648
9126	3.5938814728e-2	0.327722	0.82671985	0.68937851	0.001157	-0.989622	-1.061337	7	0.856650
9127	3.6182585597e-2	0.329949	0.82670707	0.68959672	0.001047	-0.990621	-1.070448	6	0.856652
9128	3.6191286023e-2	0.330032	0.82669830	0.68958789	0.001047	-0.990621	-1.070448	6	0.856654
9129	3.6288600731e-2	0.330923	0.82670390	0.68969641	0.000938	-0.991620	-1.079557	5	0.856655
9130	3.6535766853e-2	0.333181	0.82670879	0.68995335	0.001047	-0.990621	-1.070449	6	0.856657
9131	3.6450462267e-2	0.332407	0.82669533	0.68984112	0.001157	-0.989622	-1.061341	7	0.856659
9132	3.6440872886e-2	0.332324	0.82670260	0.68984608	0.001157	-0.989622	-1.061341	7	0.856660
9133	3.6751263264e-2	0.335159	0.82670458	0.69016043	0.001047	-0.990621	-1.070447	6	0.856662
9134	3.6508524528e-2	0.332949	0.82671730	0.68994313	0.001157	-0.989622	-1.061342	7	0.856664
9135	3.6641507979e-2	0.334166	0.82671601	0.69007353	0.001157	-0.989622	-1.061342	7	0.856665
9136	3.6527251847e-2	0.333128	0.82671294	0.68995313	0.001157	-0.989622	-1.061342	7	0.856667
9137	3.6650703006e-2	0.334258	0.82671619	0.69008309	0.001047	-0.990620	-1.070445	6	0.856669
9138	3.6553540252e-2	0.333375	0.82674313	0.69003981	0.000938	-0.991618	-1.079547	5	0.856670
9139	3.6268041419e-2	0.330776	0.82676201	0.68979206	0.000828	-0.992616	-1.088649	4	0.856672
9140	3.6304987107e-2	0.331117	0.82676211	0.68982920	0.000828	-0.992616	-1.088649	4	0.856674
9141	3.6513418215e-2	0.333022	0.82675916	0.69003174	0.000719	-0.993614	-1.097749	3	0.856676
9142	3.6289241946e-2	0.330981	0.82675183	0.68979291	0.000610	-0.994612	-1.106848	2	0.856677
9143	3.6427156105e-2	0.332243	0.82674348	0.68991412	0.000719	-0.993614	-1.097750	3	0.856679
9144	3.6147213579e-2	0.329693	0.82674783	0.68964287	0.000719	-0.993614	-1.097750	3	0.856681
9145	3.6046396288e-2	0.328778	0.82676350	0.68957340	0.000610	-0.994612	-1.106847	2	0.856682
9146	3.5751116631e-2	0.326089	0.82676895	0.68928902	0.000500	-0.995609	-1.115943	1	0.856684
9147	3.5997669849e-2	0.328341	0.82678375	0.68956517	0.000610	-0.994612	-1.106848	2	0.856686
9148	3.5935015271e-2	0.327774	0.82677863	0.68949227	0.000610	-0.994612	-1.106848	2	0.856687
9149	3.5978089520e-2	0.328171	0.82678455	0.68954719	0.000719	-0.993615	-1.097754	3	0.856689
9150	3.5917627227e-2	0.327623	0.82679956	0.68951675	0.000719	-0.993615	-1.097754	3	0.856691
9151	3.5959078152e-2	0.328005	0.82681576	0.68959059	0.000610	-0.994611	-1.106846	2	0.856693
9152	3.6226867373e-2	0.330452	0.82682567	0.68987820	0.000610	-0.994611	-1.106846	2	0.856694
9153	3.6221135935e-2	0.330403	0.82683427	0.68988967	0.000610	-0.994611	-1.106846	2	0.856696
9154	3.6298991199e-2	0.331117	0.82683437	0.68996772	0.000500	-0.995608	-1.115936	1	0.856698
9155	3.6388137425e-2	0.331935	0.82681617	0.69002048	0.000610	-0.994612	-1.106847	2	0.856699
9156	3.6511539509e-2	0.333064	0.82682531	0.69016217	0.000610	-0.994612	-1.106847	2	0.856701
9157	3.6572146856e-2	0.333621	0.82683021	0.69023257	0.000500	-0.995608	-1.115934	1	0.856703
9158	3.6721763545e-2	0.334990	0.82683203	0.69038583	0.000391	-0.996604	-1.125021	0	0.856704
9159	3.6557387548e-2	0.333494	0.82684955	0.69025649	0.000282	-0.997600	-1.134107	-1	0.856706
9160	3.6488734790e-2	0.332872	0.82685088	0.69019049	0.000282	-0.997600	-1.134107	-1	0.856708
9161	3.6442638025e-2	0.332456	0.82685255	0.69014774	0.000173	-0.998596	-1.143192	-2	0.856710
9162	3.6465103533e-2	0.332665	0.82685655	0.69017820	0.000173	-0.998596	-1.143192	-2	0.856711
9163	3.6420880782e-2	0.332265	0.82684663	0.69011414	0.000173	-0.998596	-1.143192	-2	0.856713
9164	3.6164356826e-2	0.329929	0.82685024	0.68986484	0.000173	-0.998596	-1.143192	-2	0.856715
9165	3.6316690682e-2	0.331323	0.82686101	0.69003872	0.000282	-0.997600	-1.134111	-1	0.856716
9166	3.6214705743e-2	0.330396	0.82685162	0.68991795	0.000391	-0.996605	-1.125030	0	0.856718
9167	3.6043627033e-2	0.328839	0.82685307	0.68974977	0.000500	-0.995610	-1.115950	1	0.856720
9168	3.6288422168e-2	0.331076	0.82685673	0.69000188	0.000500	-0.995610	-1.115950	1	0.856722
9169	3.6194508732e-2	0.330224	0.82685767	0.68990986	0.000609	-0.994615	-1.106872	2	0.856723
9170	3.6363444553e-2	0.331769	0.82686342	0.69009029	0.000718	-0.993620	-1.097794	3	0.856725
9171	3.6247004474e-2	0.330710	0.82685342	0.68995384	0.000718	-0.993620	-1.097794	3	0.856727
9172	3.6225108372e-2	0.330515	0.82685087	0.68992686	0.000718	-0.993620	-1.097794	3	0.856728
9173	3.6276298178e-2	0.330986	0.82683747	0.68995124	0.000609	-0.994614	-1.106869	2	0.856730
9174	3.6297790044e-2	0.331186	0.82683293	0.68996365	0.000718	-0.993620	-1.097795	3	0.856732
9175	3.6233792611e-2	0.330606	0.82685943	0.68995265	0.000718	-0.993620	-1.097795	3	0.856733
9176	3.6332213101e-2	0.331508	0.82686046	0.69005313	0.000718	-0.993620	-1.097795	3	0.856735
9177	3.6329756064e-2	0.331489	0.82687468	0.69007912	0.000827	-0.992626	-1.088722	4	0.856737
9178	3.6281629875e-2	0.331054	0.82685506	0.68999175	0.000718	-0.993620	-1.097794	3	0.856739
9179	3.6336370913e-2	0.331558	0.82686525	0.69006688	0.000827	-0.992626	-1.088723	4	0.856740
9180	3.6450120594e-2	0.332599	0.82684479	0.69013969	0.000827	-0.992626	-1.088723	4	0.856742
9181	3.6509527927e-2	0.333145	0.82685615	0.69022183	0.000718	-0.993619	-1.097792	3	0.856744
9182	3.6405520227e-2	0.332200	0.82685654	0.69011859	0.000827	-0.992626	-1.088724	4	0.856745
9183	3.6386384298e-2	0.332030	0.82684371	0.69007380	0.000936	-0.991632	-1.079656	5	0.856747
9184	3.6341309818e-2	0.331622	0.82684590	0.69003310	0.000936	-0.991632	-1.079656	5	0.856749
9185	3.6321638627e-2	0.331447	0.82684836	0.69001835	0.000827	-0.992626	-1.088722	4	0.856750
9186	3.6310998201e-2	0.331354	0.82686368	0.69003835	0.000718	-0.993619	-1.097788	3	0.856752
9187	3.6242729173e-2	0.330735	0.82688177	0.69000627	0.000609	-0.994612	-1.106852	2	0.856754
9188	3.6191839916e-2	0.330274	0.82690652	0.69000488	0.000609	-0.994612	-1.106852	2	0.856755
9189	3.6543679739e-2	0.333489	0.82691092	0.69036552	0.000609	-0.994612	-1.106852	2	0.856757
9190	3.6435353630e-2	0.332504	0.82691007	0.69025549	0.000501	-0.995605	-1.115914	1	0.856759
9191	3.6471707790e-2	0.332840	0.82690793	0.69028757	0.000392	-0.996598	-1.124976	0	0.856761
9192	3.6514549379e-2	0.333235	0.82689982	0.69031419	0.000392	-0.996598	-1.124976	0	0.856762
9193	3.6504024619e-2	0.333143	0.82692296	0.69034995	0.000501	-0.995605	-1.115916	1	0.856764
9194	3.6420180833e-2	0.332382	0.82691593	0.69025204	0.000609	-0.994613	-1.106857	2	0.856766
9195	3.6421605468e-2	0.332399	0.82691696	0.69025553	0.000501	-0.995605	-1.115915	1	0.856767
9196	3.6172276518e-2	0.330127	0.82692607	0.69002441	0.000501	-0.995605	-1.115915	1	0.856769
9197	3.6254691043e-2	0.330883	0.82691347	0.69008163	0.000609	-0.994613	-1.106858	2	0.856771
9198	3.6257323234e-2	0.330911	0.82691663	0.69009059	0.000609	-0.994613	-1.106858	2	0.856772
9199	3.6175119876e-2	0.330165	0.82693195	0.69003902	0.000501	-0.995605	-1.115914	1	0.856774
9200	3.6266633850e-2	0.331004	0.82692737	0.69012137	0.000501	-0.995605	-1.115914	1	0.856776
9201	3.6250469755e-2	0.330860	0.82693441	0.69011928	0.000609	-0.994613	-1.106860	2	0.856777
9202	3.6056988589e-2	0.329098	0.82693666	0.68993031	0.000501	-0.995605	-1.115913	1	0.856779
9203	3.6035518551e-2	0.328906	0.82694326	0.68992204	0.000392	-0.996597	-1.124965	0	0.856781
9204	3.5987669901e-2	0.328474	0.82693758	0.68986283	0.000392	-0.996597	-1.124965	0	0.856783
9205	3.5821504470e-2	0.326961	0.82693667	0.68969484	0.000283	-0.997588	-1.134016	-1	0.856784
9206	3.5926421824e-2	0.327922	0.82693215	0.68979072	0.000392	-0.996597	-1.124966	0	0.856786
9207	3.5825381604e-2	0.327004	0.82694564	0.68971666	0.000392	-0.996597	-1.124966	0	0.856788
9208	3.5852991188e-2	0.327260	0.82695224	0.68975748	0.000392	-0.996597	-1.124966	0	0.856789
9209	3.5916038567e-2	0.327839	0.82695183	0.68981971	0.000283	-0.997588	-1.134013	-1	0.856791
9210	3.5891296834e-2	0.327617	0.82693219	0.68975567	0.000392	-0.996597	-1.124967	0	0.856793
9211	3.5823688230e-2	0.327004	0.82694094	0.68970557	0.000501	-0.995606	-1.115921	1	0.856794
9212	3.5813892473e-2	0.326919	0.82694953	0.68971296	0.000501	-0.995606	-1.115921	1	0.856796
9213	3.5986705951e-2	0.328500	0.82694699	0.68988069	0.000392	-0.996597	-1.124965	0	0.856798
9214	3.5890852888e-2	0.327629	0.82695207	0.68979498	0.000283	-0.997588	-1.134009	-1	0.856799
9215	3.5943644464e-2	0.328115	0.82697018	0.68988401	0.000175	-0.998578	-1.143052	-2	0.856801
9216	3.6016145042e-2	0.328780	0.82694267	0.68990149	0.000175	-0.998578	-1.143052	-2	0.856803
9217	3.5790822394e-2	0.326727	0.82696225	0.68971532	0.000283	-0.997588	-1.134010	-1	0.856805
9218	3.5812316416e-2	0.326928	0.82697998	0.68977227	0.000175	-0.998578	-1.143051	-2	0.856806
9219	3.5858760513e-2	0.327355	0.82699474	0.68984824	0.000066	-0.999568	-1.152091	-3	0.856808
9220	3.5847048255e-2	0.327252	0.82699107	0.68982920	0.000066	-0.999568	-1.152091	-3	0.856810
9221	3.5759957655e-2	0.326461	0.82700327	0.68976649	-0.000042	-1.000558	-1.161129	-4	0.856811
9222	3.5830453655e-2	0.327109	0.82699600	0.68982245	0.000066	-0.999568	-1.152092	-3	0.856813
9223	3.5845563282e-2	0.327250	0.82698195	0.68980947	0.000175	-0.998579	-1.143055	-2	0.856815
9224	3.5675323971e-2	0.325700	0.82698411	0.68964354	0.000175	-0.998579	-1.143055	-2	0.856816
9225	3.5610982935e-2	0.325117	0.82700028	0.68961154	0.000175	-0.998579	-1.143055	-2	0.856818
9226	3.5514362316e-2	0.324238	0.82700762	0.68952960	0.000067	-0.999568	-1.152089	-3	0.856820
9227	3.5535917211e-2	0.324439	0.82702320	0.68958232	-0.000042	-1.000558	-1.161123	-4	0.856822
9228	3.5480589152e-2	0.323938	0.82701544	0.68951146	-0.000042	-1.000558	-1.161123	-4	0.856823
9229	3.5601802781e-2	0.325048	0.82700983	0.68962147	0.000066	-0.999568	-1.152091	-3	0.856825
9230	3.5523507387e-2	0.324337	0.82702726	0.68957803	0.000175	-0.998579	-1.143059	-2	0.856827
9231	3.5526292904e-2	0.324367	0.82703263	0.68959155	0.000066	-0.999568	-1.152090	-3	0.856828
9232	3.5498560912e-2	0.324117	0.82703639	0.68957134	0.000066	-0.999568	-1.152090	-3	0.856830
9233	3.5466212698e-2	0.323826	0.82703548	0.68953717	0.000175	-0.998579	-1.143061	-2	0.856832
9234	3.5466263039e-2	0.323830	0.82702487	0.68951600	0.000175	-0.998579	-1.143061	-2	0.856833
9235	3.5563064290e-2	0.324718	0.82702818	0.68961943	0.000283	-0.997591	-1.134033	-1	0.856835
9236	3.5372885509e-2	0.322985	0.82703139	0.68943567	0.000283	-0.997591	-1.134033	-1	0.856837
9237	3.5290414262e-2	0.322236	0.82705359	0.68939759	0.000391	-0.996602	-1.125007	0	0.856839
9238	3.5389189459e-2	0.323142	0.82705766	0.68950451	0.000283	-0.997591	-1.134033	-1	0.856840
9239	3.5460548233e-2	0.323797	0.82705526	0.68957107	0.000175	-0.998579	-1.143057	-2	0.856842
9240	3.5508014046e-2	0.324234	0.82706435	0.68963671	0.000175	-0.998579	-1.143057	-2	0.856844
9241	3.5539825201e-2	0.324529	0.82706757	0.68967496	0.000067	-0.999567	-1.152080	-3	0.856845
9242	3.5615285020e-2	0.325221	0.82708106	0.68977741	0.000175	-0.998579	-1.143058	-2	0.856847
9243	3.5682663083e-2	0.325841	0.82707615	0.68983496	0.000175	-0.998579	-1.143058	-2	0.856849
9244	3.5679057027e-2	0.325812	0.82707408	0.68982722	0.000175	-0.998579	-1.143058	-2	0.856850
9245	3.5732846702e-2	0.326307	0.82707900	0.68989085	0.000175	-0.998579	-1.143058	-2	0.856852
9246	3.5559709301e-2	0.324729	0.82707526	0.68971024	0.000283	-0.997591	-1.134039	-1	0.856854
9247	3.5476550368e-2	0.323974	0.82708495	0.68964645	0.000391	-0.996604	-1.125020	0	0.856855
9248	3.5440452869e-2	0.323648	0.82709508	0.68963060	0.000391	-0.996604	-1.125020	0	0.856857
9249	3.5211258107e-2	0.321559	0.82711731	0.68944589	0.000499	-0.995616	-1.116003	1	0.856859
9250	3.5065871474e-2	0.320235	0.82711764	0.68930115	0.000499	-0.995616	-1.116003	1	0.856860
9251	3.5166100278e-2	0.321154	0.82712989	0.68942588	0.000499	-0.995616	-1.116003	1	0.856862
9252	3.5251040957e-2	0.321933	0.82712072	0.68949248	0.000499	-0.995616	-1.116003	1	0.856864
9253	3.5136815830e-2	0.320894	0.82711337	0.68936356	0.000607	-0.994629	-1.106989	2	0.856866
9254	3.5101004825e-2	0.320571	0.82711737	0.68933575	0.000499	-0.995616	-1.116002	1	0.856867
9255	3.5160068667e-2	0.321114	0.82712798	0.68941603	0.000391	-0.996603	-1.125015	0	0.856869
9256	3.5212756696e-2	0.321599	0.82711546	0.68944367	0.000391	-0.996603	-1.125015	0	0.856871
9257	3.5080869649e-2	0.320398	0.82710596	0.68929279	0.000283	-0.997590	-1.134026	-1	0.856872
9258	3.5189595660e-2	0.321395	0.82712643	0.68944245	0.000175	-0.998576	-1.143036	-2	0.856874
9259	3.5026854721e-2	0.319913	0.82713432	0.68929549	0.000283	-0.997590	-1.134026	-1	0.856876
9260	3.4930154603e-2	0.319033	0.82713955	0.68920926	0.000283	-0.997590	-1.134026	-1	0.856877
9261	3.4941384318e-2	0.319139	0.82713993	0.68922124	0.000283	-0.997590	-1.134026	-1	0.856879
9262	3.4958864103e-2	0.319303	0.82714005	0.68923896	0.000175	-0.998576	-1.143034	-2	0.856881
9263	3.4870929730e-2	0.318504	0.82713650	0.68914392	0.000283	-0.997590	-1.134027	-1	0.856882
9264	3.4731859483e-2	0.317237	0.82715739	0.68904663	0.000283	-0.997590	-1.134027	-1	0.856884
9265	3.4778314754e-2	0.317665	0.82716554	0.68910940	0.000175	-0.998576	-1.143032	-2	0.856886
9266	3.4741153184e-2	0.317329	0.82717462	0.68909040	0.000067	-0.999561	-1.152036	-3	0.856887
9267	3.4655978729e-2	0.316555	0.82717300	0.68900199	0.000175	-0.998576	-1.143033	-2	0.856889
9268	3.4665791145e-2	0.316649	0.82717389	0.68901357	0.000175	-0.998576	-1.143033	-2	0.856891
9269	3.4488050821e-2	0.315029	0.82718171	0.68885146	0.000067	-0.999561	-1.152035	-3	0.856892
9270	3.4487603770e-2	0.315028	0.82718550	0.68885860	0.000067	-0.999561	-1.152035	-3	0.856894
9271	3.4520260743e-2	0.315330	0.82717339	0.68886704	0.000175	-0.998576	-1.143034	-2	0.856896
9272	3.4546888309e-2	0.315577	0.82718745	0.68892179	0.000175	-0.998576	-1.143034	-2	0.856898
9273	3.4656972915e-2	0.316587	0.82719652	0.68905001	0.000067	-0.999561	-1.152033	-3	0.856899
9274	3.4644307010e-2	0.316475	0.82718719	0.68901868	0.000175	-0.998576	-1.143035	-2	0.856901
9275	3.4568455499e-2	0.315786	0.82718722	0.68894290	0.000175	-0.998576	-1.143035	-2	0.856903
9276	3.4760900147e-2	0.317547	0.82718198	0.68912485	0.000175	-0.998576	-1.143035	-2	0.856904
9277	3.4777233545e-2	0.317700	0.82718628	0.68914980	0.000067	-0.999561	-1.152031	-3	0.856906
9278	3.4914388872e-2	0.318957	0.82717753	0.68926946	0.000175	-0.998576	-1.143036	-2	0.856908
9279	3.5089890900e-2	0.320564	0.82718126	0.68945240	0.000175	-0.998576	-1.143036	-2	0.856909
9280	3.4969006003e-2	0.319463	0.82719224	0.68935349	0.000175	-0.998576	-1.143036	-2	0.856911
9281	3.4891056062e-2	0.318755	0.82719478	0.68928061	0.000067	-0.999561	-1.152029	-3	0.856913
9282	3.4916902059e-2	0.318995	0.82720721	0.68933132	-0.000040	-1.000545	-1.161021	-4	0.856914
9283	3.4952122776e-2	0.319320	0.82719530	0.68934272	-0.000148	-1.001529	-1.170012	-5	0.856916
9284	3.4817652165e-2	0.318096	0.82719418	0.68920601	-0.000148	-1.001529	-1.170012	-5	0.856918
9285	3.4949768346e-2	0.319307	0.82719697	0.68934370	-0.000256	-1.002513	-1.179001	-6	0.856919
9286	3.4940645888e-2	0.319227	0.82718920	0.68931905	-0.000148	-1.001529	-1.170013	-5	0.856921
9287	3.4956580556e-2	0.319376	0.82719564	0.68934785	-0.000040	-1.000545	-1.161024	-4	0.856923
9288	3.5004639035e-2	0.319819	0.82720290	0.68941044	-0.000040	-1.000545	-1.161024	-4	0.856925
9289	3.5097347131e-2	0.320670	0.82719897	0.68949528	0.000067	-0.999562	-1.152038	-3	0.856926
9290	3.5070865231e-2	0.320432	0.82718857	0.68944801	-0.000040	-1.000545	-1.161024	-4	0.856928
9291	3.5152974081e-2	0.321186	0.82717843	0.68950984	-0.000148	-1.001529	-1.170009	-5	0.856930
9292	3.5176780515e-2	0.321407	0.82718583	0.68954845	-0.000148	-1.001529	-1.170009	-5	0.856931
9293	3.5077995099e-2	0.320508	0.82720457	0.68948713	-0.000256	-1.002512	-1.178992	-6	0.856933
9294	3.5081384590e-2	0.320543	0.82721699	0.68951537	-0.000363	-1.003495	-1.187975	-7	0.856935
9295	3.5077437051e-2	0.320511	0.82720643	0.68949029	-0.000363	-1.003495	-1.187975	-7	0.856936
9296	3.4973331536e-2	0.319563	0.82720286	0.68937906	-0.000363	-1.003495	-1.187975	-7	0.856938
9297	3.4992968571e-2	0.319746	0.82722368	0.68944034	-0.000363	-1.003495	-1.187975	-7	0.856940
9298	3.5178342920e-2	0.321444	0.82720493	0.68958820	-0.000256	-1.002512	-1.178995	-6	0.856941
9299	3.5148341558e-2	0.321174	0.82721295	0.68957425	-0.000148	-1.001530	-1.170016	-5	0.856943
9300	3.4964700897e-2	0.319499	0.82721667	0.68939804	-0.000148	-1.001530	-1.170016	-5	0.856945
9301	3.4940108665e-2	0.319278	0.82722388	0.68938787	-0.000041	-1.000547	-1.161039	-4	0.856946
9302	3.5028918212e-2	0.320094	0.82720980	0.68944851	0.000067	-0.999565	-1.152062	-3	0.856948
9303	3.5161516697e-2	0.321309	0.82722089	0.68960331	-0.000041	-1.000547	-1.161038	-4	0.856950
9304	3.5055663153e-2	0.320346	0.82723071	0.68951709	-0.000041	-1.000547	-1.161038	-4	0.856952
9305	3.4906583035e-2	0.318987	0.82723056	0.68936770	0.000067	-0.999565	-1.152063	-3	0.856953
9306	3.5001474356e-2	0.319858	0.82722124	0.68944395	0.000067	-0.999565	-1.152063	-3	0.856955
9307	3.5192917132e-2	0.321611	0.82720995	0.68961281	0.000174	-0.998583	-1.143090	-2	0.856957
9308	3.4964177186e-2	0.319525	0.82721445	0.68939308	0.000174	-0.998583	-1.143090	-2	0.856958
9309	3.5052062945e-2	0.320332	0.82721613	0.68948433	0.000067	-0.999565	-1.152062	-3	0.856960
9310	3.5052641107e-2	0.320341	0.82722146	0.68949556	0.000067	-0.999565	-1.152062	-3	0.856962
9311	3.5071631595e-2	0.320518	0.82723408	0.68953980	-0.000040	-1.000546	-1.161032	-4	0.856963
9312	3.5110042420e-2	0.320873	0.82723680	0.68958364	-0.000040	-1.000546	-1.161032	-4	0.856965
9313	3.5182999274e-2	0.321543	0.82721485	0.68961270	0.000067	-0.999565	-1.152063	-3	0.856967
9314	3.5139227379e-2	0.321147	0.82720444	0.68954810	0.000174	-0.998584	-1.143096	-2	0.856968
9315	3.5174678128e-2	0.321475	0.82721373	0.68960214	0.000174	-0.998584	-1.143096	-2	0.856970
9316	3.5084263305e-2	0.320652	0.82719988	0.68948402	0.000174	-0.998584	-1.143096	-2	0.856972
9317	3.5085444753e-2	0.320667	0.82720325	0.68949195	0.000174	-0.998584	-1.143096	-2	0.856973
9318	3.5054634044e-2	0.320389	0.82721454	0.68948372	0.000067	-0.999564	-1.152060	-3	0.856975
9319	3.5055195033e-2	0.320398	0.82721658	0.68948835	-0.000040	-1.000545	-1.161024	-4	0.856977
9320	3.5057529206e-2	0.320423	0.82722898	0.68951549	-0.000040	-1.000545	-1.161024	-4	0.856978
9321	3.5160082335e-2	0.321364	0.82721917	0.68959842	-0.000148	-1.001526	-1.169987	-5	0.856980
9322	3.5184303838e-2	0.321589	0.82721469	0.68961368	-0.000255	-1.002506	-1.178949	-6	0.856982
9323	3.4966757128e-2	0.319605	0.82722173	0.68941023	-0.000362	-1.003487	-1.187910	-7	0.856983
9324	3.4991037621e-2	0.319830	0.82721995	0.68943094	-0.000362	-1.003487	-1.187910	-7	0.856985
9325	3.5115831159e-2	0.320975	0.82722976	0.68957535	-0.000362	-1.003487	-1.187910	-7	0.856987
9326	3.5037820759e-2	0.320265	0.82723187	0.68950157	-0.000255	-1.002507	-1.178951	-6	0.856989
9327	3.5076304924e-2	0.320621	0.82722756	0.68953142	-0.000148	-1.001527	-1.169993	-5	0.856990
9328	3.5089616889e-2	0.320746	0.82723130	0.68955222	-0.000148	-1.001527	-1.169993	-5	0.856992
9329	3.4993736116e-2	0.319874	0.82723986	0.68947345	-0.000041	-1.000547	-1.161036	-4	0.856994
9330	3.4957878087e-2	0.319550	0.82725630	0.68947048	0.000067	-0.999567	-1.152081	-3	0.856995
9331	3.5014532512e-2	0.320071	0.82727476	0.68956406	-0.000041	-1.000547	-1.161036	-4	0.856997
9332	3.5101568704e-2	0.320871	0.82727132	0.68964422	-0.000041	-1.000547	-1.161036	-4	0.856999
9333	3.5137763559e-2	0.321205	0.82727989	0.68969755	-0.000041	-1.000547	-1.161036	-4	0.857000
9334	3.5199460478e-2	0.321773	0.82729106	0.68978158	-0.000148	-1.001526	-1.169988	-5	0.857002
9335	3.5149676163e-2	0.321322	0.82730456	0.68975881	-0.000041	-1.000547	-1.161036	-4	0.857004
9336	3.5187248689e-2	0.321669	0.82728670	0.68976064	-0.000041	-1.000547	-1.161036	-4	0.857005
9337	3.5380599892e-2	0.323440	0.82729798	0.68997656	-0.000148	-1.001526	-1.169987	-5	0.857007
9338	3.5358767040e-2	0.323244	0.82729809	0.68995494	-0.000041	-1.000547	-1.161037	-4	0.857009
9339	3.5388074987e-2	0.323516	0.82729075	0.68996957	-0.000148	-1.001526	-1.169986	-5	0.857010
9340	3.5437272822e-2	0.323970	0.82727618	0.68998964	-0.000148	-1.001526	-1.169986	-5	0.857012
9341	3.5335203146e-2	0.323040	0.82729109	0.68991739	-0.000255	-1.002504	-1.178934	-6	0.857014
9342	3.5442766960e-2	0.324028	0.82729281	0.69002838	-0.000255	-1.002504	-1.178934	-6	0.857015
9343	3.5540853004e-2	0.324928	0.82732168	0.69018420	-0.000362	-1.003483	-1.187880	-7	0.857017
9344	3.5493058938e-2	0.324495	0.82733073	0.69015451	-0.000362	-1.003483	-1.187880	-7	0.857019
9345	3.5434155834e-2	0.323960	0.82731900	0.69007215	-0.000255	-1.002505	-1.178935	-6	0.857020
9346	3.5390588035e-2	0.323566	0.82730430	0.68999919	-0.000148	-1.001526	-1.169991	-5	0.857022
9347	3.5240955423e-2	0.322201	0.82730432	0.68984959	-0.000041	-1.000548	-1.161048	-4	0.857024
9348	3.5188536740e-2	0.321726	0.82728034	0.68974921	-0.000041	-1.000548	-1.161048	-4	0.857025
9349	3.5036246854e-2	0.320337	0.82728130	0.68959885	-0.000148	-1.001526	-1.169990	-5	0.857027
9350	3.5023230498e-2	0.320222	0.82728248	0.68958819	-0.000148	-1.001526	-1.169990	-5	0.857029
9351	3.4915979959e-2	0.319245	0.82729379	0.68950356	-0.000148	-1.001526	-1.169990	-5	0.857030
9352	3.4912464349e-2	0.319217	0.82730020	0.68951287	-0.000148	-1.001526	-1.169990	-5	0.857032
9353	3.4828237561e-2	0.318450	0.82730315	0.68943453	-0.000041	-1.000549	-1.161051	-4	0.857034
9354	3.4804835587e-2	0.318240	0.82728303	0.68937090	-0.000148	-1.001526	-1.169989	-5	0.857035
9355	3.5005666439e-2	0.320080	0.82729882	0.68960331	-0.000041	-1.000549	-1.161052	-4	0.857037
9356	3.5022034664e-2	0.320234	0.82729608	0.68961420	-0.000041	-1.000549	-1.161052	-4	0.857039
9357	3.4955078782e-2	0.319625	0.82730124	0.68955756	0.000066	-0.999571	-1.152116	-3	0.857041
9358	3.4970458648e-2	0.319769	0.82729426	0.68955897	0.000173	-0.998594	-1.143182	-2	0.857042
9359	3.4998786550e-2	0.320032	0.82729646	0.68959171	0.000173	-0.998594	-1.143182	-2	0.857044
9360	3.4887170058e-2	0.319015	0.82728676	0.68946068	0.000173	-0.998594	-1.143182	-2	0.857046
9361	3.4900792234e-2	0.319144	0.82728633	0.68947346	0.000066	-0.999571	-1.152114	-3	0.857047
9362	3.4857209934e-2	0.318749	0.82727641	0.68941002	-0.000041	-1.000548	-1.161046	-4	0.857049
9363	3.4913805409e-2	0.319270	0.82726259	0.68943898	0.000066	-0.999571	-1.152115	-3	0.857051
9364	3.4774848020e-2	0.318003	0.82728392	0.68934269	0.000066	-0.999571	-1.152115	-3	0.857052
9365	3.4777169292e-2	0.318028	0.82728905	0.68935527	0.000173	-0.998595	-1.143185	-2	0.857054
9366	3.4929231737e-2	0.319422	0.82729837	0.68952597	0.000280	-0.997618	-1.134256	-1	0.857056
9367	3.5097290757e-2	0.320963	0.82729137	0.68968004	0.000173	-0.998595	-1.143185	-2	0.857057
9368	3.5141649600e-2	0.321372	0.82728756	0.68971677	0.000173	-0.998595	-1.143185	-2	0.857059
9369	3.5062577216e-2	0.320653	0.82729520	0.68965298	0.000173	-0.998595	-1.143185	-2	0.857061
9370	3.5118835663e-2	0.321171	0.82729683	0.68971250	0.000066	-0.999571	-1.152111	-3	0.857062
9371	3.5089540726e-2	0.320907	0.82731521	0.68971996	-0.000041	-1.000547	-1.161036	-4	0.857064
9372	3.4928653097e-2	0.319439	0.82731761	0.68956388	-0.000041	-1.000547	-1.161036	-4	0.857066
9373	3.5111080201e-2	0.321111	0.82734919	0.68980945	-0.000147	-1.001522	-1.169959	-5	0.857067
9374	3.4946959605e-2	0.319614	0.82734097	0.68962890	-0.000254	-1.002498	-1.178882	-6	0.857069
9375	3.5048307032e-2	0.320545	0.82734937	0.68974704	-0.000254	-1.002498	-1.178882	-6	0.857071
9376	3.5096764643e-2	0.320992	0.82735863	0.68981402	-0.000254	-1.002498	-1.178882	-6	0.857072
9377	3.5173565265e-2	0.321698	0.82734547	0.68986450	-0.000361	-1.003473	-1.187803	-7	0.857074
9378	3.5168209862e-2	0.321653	0.82733988	0.68984797	-0.000361	-1.003473	-1.187803	-7	0.857076
9379	3.5212304492e-2	0.322060	0.82733822	0.68988874	-0.000254	-1.002498	-1.178884	-6	0.857077
9380	3.5166016906e-2	0.321640	0.82733123	0.68982847	-0.000254	-1.002498	-1.178884	-6	0.857079
9381	3.5173861942e-2	0.321716	0.82733645	0.68984676	-0.000361	-1.003473	-1.187802	-7	0.857081
9382	3.5180356130e-2	0.321779	0.82732335	0.68982707	-0.000254	-1.002498	-1.178885	-6	0.857082
9383	3.5324238413e-2	0.323099	0.82733403	0.68999231	-0.000147	-1.001524	-1.169968	-5	0.857084
9384	3.5276919482e-2	0.322670	0.82734852	0.68997397	-0.000147	-1.001524	-1.169968	-5	0.857086
9385	3.5290098989e-2	0.322794	0.82735791	0.69000592	-0.000041	-1.000549	-1.161054	-4	0.857087
9386	3.5259606031e-2	0.322519	0.82735573	0.68997107	-0.000041	-1.000549	-1.161054	-4	0.857089
9387	3.5291007051e-2	0.322810	0.82735282	0.68999664	-0.000041	-1.000549	-1.161054	-4	0.857091
9388	3.5394291218e-2	0.323758	0.82736651	0.69012731	-0.000041	-1.000549	-1.161054	-4	0.857092
9389	3.5467572879e-2	0.324432	0.82735088	0.69016933	0.000066	-0.999575	-1.152142	-3	0.857094
9390	3.5688495170e-2	0.326457	0.82735966	0.69040781	0.000172	-0.998600	-1.143231	-2	0.857096
9391	3.5770613525e-2	0.327212	0.82736805	0.69050671	0.000066	-0.999575	-1.152141	-3	0.857097
9392	3.5923090187e-2	0.328611	0.82737095	0.69066500	0.000066	-0.999575	-1.152141	-3	0.857099
9393	3.5837407592e-2	0.327831	0.82739235	0.69062211	-0.000041	-1.000548	-1.161050	-4	0.857101
9394	3.5783785247e-2	0.327344	0.82740261	0.69058901	0.000066	-0.999575	-1.152142	-3	0.857102
9395	3.5773779674e-2	0.327256	0.82740424	0.69058226	0.000172	-0.998601	-1.143234	-2	0.857104
9396	3.5688075173e-2	0.326476	0.82741142	0.69051091	0.000172	-0.998601	-1.143234	-2	0.857106
9397	3.5722452236e-2	0.326794	0.82741297	0.69054840	0.000066	-0.999574	-1.152140	-3	0.857107
9398	3.5591954706e-2	0.325604	0.82742402	0.69044000	-0.000041	-1.000548	-1.161045	-4	0.857109
9399	3.5670551320e-2	0.326327	0.82742445	0.69051946	-0.000147	-1.001521	-1.169950	-5	0.857111
9400	3.5552013638e-2	0.325246	0.82742771	0.69040744	-0.000147	-1.001521	-1.169950	-5	0.857112
9401	3.5666059256e-2	0.326293	0.82743287	0.69053180	-0.000253	-1.002494	-1.178853	-6	0.857114
9402	3.5606602679e-2	0.325753	0.82742511	0.69045683	-0.000360	-1.003467	-1.187755	-7	0.857116
9403	3.5507369159e-2	0.324849	0.82741139	0.69033015	-0.000466	-1.004440	-1.196656	-8	0.857117
9404	3.5554889675e-2	0.325288	0.82739753	0.69034996	-0.000466	-1.004440	-1.196656	-8	0.857119
9405	3.5460748974e-2	0.324430	0.82739796	0.69025666	-0.000466	-1.004440	-1.196656	-8	0.857121
9406	3.5569365687e-2	0.325428	0.82740721	0.69038378	-0.000360	-1.003468	-1.187757	-7	0.857122
9407	3.5668780407e-2	0.326341	0.82740250	0.69047377	-0.000254	-1.002495	-1.178859	-6	0.857124
9408	3.5612819282e-2	0.325833	0.82740565	0.69042412	-0.000254	-1.002495	-1.178859	-6	0.857126
9409	3.5454474750e-2	0.324388	0.82742066	0.69029579	-0.000254	-1.002495	-1.178859	-6	0.857127
9410	3.5468892915e-2	0.324524	0.82741792	0.69030474	-0.000360	-1.003467	-1.187755	-7	0.857129
9411	3.5417088468e-2	0.324053	0.82744780	0.69031269	-0.000254	-1.002495	-1.178859	-6	0.857131
9412	3.5315253262e-2	0.323125	0.82744083	0.69019690	-0.000254	-1.002495	-1.178859	-6	0.857132
9413	3.5500232690e-2	0.324822	0.82744530	0.69039083	-0.000360	-1.003467	-1.187753	-7	0.857134
9414	3.5281984344e-2	0.322829	0.82745036	0.69018271	-0.000360	-1.003467	-1.187753	-7	0.857136
9415	3.5455345976e-2	0.324419	0.82745804	0.69037142	-0.000466	-1.004439	-1.196646	-8	0.857137
9416	3.5375853538e-2	0.323695	0.82745624	0.69028834	-0.000466	-1.004439	-1.196646	-8	0.857139
9417	3.5291614380e-2	0.322928	0.82746271	0.69021704	-0.000572	-1.005411	-1.205537	-9	0.857141
9418	3.5316975012e-2	0.323164	0.82744578	0.69020854	-0.000678	-1.006382	-1.214427	-10	0.857142
9419	3.5288085684e-2	0.322903	0.82745164	0.69019137	-0.000785	-1.007354	-1.223317	-11	0.857144
9420	3.5447153084e-2	0.324362	0.82744316	0.69033347	-0.000785	-1.007354	-1.223317	-11	0.857146
9421	3.5197040334e-2	0.322077	0.82745817	0.69011337	-0.000891	-1.008325	-1.232205	-12	0.857147
9422	3.5318372222e-2	0.323191	0.82746089	0.69024015	-0.000997	-1.009296	-1.241093	-13	0.857149
9423	3.5325207932e-2	0.323258	0.82746133	0.69024787	-0.000997	-1.009296	-1.241093	-13	0.857151
9424	3.5214997283e-2	0.322253	0.82745985	0.69013471	-0.000997	-1.009296	-1.241093	-13	0.857152
9425	3.5234445072e-2	0.322435	0.82747362	0.69018168	-0.000997	-1.009296	-1.241093	-13	0.857154
9426	3.5419922127e-2	0.324136	0.82745526	0.69033045	-0.001103	-1.010267	-1.249977	-14	0.857156
9427	3.5285343158e-2	0.322908	0.82747145	0.69022824	-0.000997	-1.009296	-1.241093	-13	0.857157
9428	3.5142205436e-2	0.321602	0.82748335	0.69010890	-0.000997	-1.009296	-1.241093	-13	0.857159
9429	3.5217869343e-2	0.322298	0.82748001	0.69017788	-0.001103	-1.010267	-1.249976	-14	0.857161
9430	3.5346811544e-2	0.323482	0.82747851	0.69030383	-0.000997	-1.009297	-1.241094	-13	0.857162
9431	3.5215930216e-2	0.322288	0.82747889	0.69017371	-0.001103	-1.010267	-1.249975	-14	0.857164
9432	3.5164123777e-2	0.321817	0.82749148	0.69014708	-0.001103	-1.010267	-1.249975	-14	0.857166
9433	3.5084228125e-2	0.321090	0.82749996	0.69008414	-0.001209	-1.011237	-1.258854	-15	0.857167
9434	3.5214320771e-2	0.322284	0.82751206	0.69023844	-0.001315	-1.012207	-1.267733	-16	0.857169
9435	3.5301854949e-2	0.323089	0.82751658	0.69033501	-0.001209	-1.011237	-1.258855	-15	0.857171
9436	3.5331686125e-2	0.323366	0.82750981	0.69035131	-0.001209	-1.011237	-1.258855	-15	0.857172
9437	3.5304170683e-2	0.323118	0.82752589	0.69035595	-0.001315	-1.012207	-1.267731	-16	0.857174
9438	3.5137043081e-2	0.321592	0.82754049	0.69021803	-0.001315	-1.012207	-1.267731	-16	0.857176
9439	3.4969365814e-2	0.320061	0.82754148	0.69005232	-0.001421	-1.013177	-1.276606	-17	0.857177
9440	3.5142035734e-2	0.321645	0.82753030	0.69020263	-0.001421	-1.013177	-1.276606	-17	0.857179
9441	3.5117282194e-2	0.321422	0.82752236	0.69016199	-0.001421	-1.013177	-1.276606	-17	0.857181
9442	3.4992307011e-2	0.320282	0.82752894	0.69005019	-0.001315	-1.012207	-1.267734	-16	0.857183
9443	3.4982250122e-2	0.320194	0.82752306	0.69002836	-0.001421	-1.013177	-1.276605	-17	0.857184
9444	3.5042378468e-2	0.320748	0.82752230	0.69008699	-0.001421	-1.013177	-1.276605	-17	0.857186
9445	3.5110528092e-2	0.321375	0.82751887	0.69014826	-0.001315	-1.012208	-1.267735	-16	0.857188
9446	3.5135558824e-2	0.321608	0.82751986	0.69017527	-0.001209	-1.011239	-1.258865	-15	0.857189
9447	3.5151901886e-2	0.321761	0.82752741	0.69020673	-0.001315	-1.012207	-1.267734	-16	0.857191
9448	3.5310587688e-2	0.323218	0.82751910	0.69034878	-0.001315	-1.012207	-1.267734	-16	0.857193
9449	3.5264237670e-2	0.322797	0.82752709	0.69031843	-0.001209	-1.011239	-1.258867	-15	0.857194
9450	3.5289358431e-2	0.323031	0.82754284	0.69037503	-0.001209	-1.011239	-1.258867	-15	0.857196
9451	3.5194465378e-2	0.322166	0.82753534	0.69026514	-0.001103	-1.010270	-1.250001	-14	0.857198
9452	3.5237758439e-2	0.322566	0.82753338	0.69030452	-0.001103	-1.010270	-1.250001	-14	0.857199
9453	3.5344643309e-2	0.323548	0.82753105	0.69040675	-0.001209	-1.011239	-1.258865	-15	0.857201
9454	3.5414025084e-2	0.324187	0.82753246	0.69047894	-0.001315	-1.012207	-1.267729	-16	0.857203
9455	3.5500726140e-2	0.324984	0.82753705	0.69057484	-0.001421	-1.013175	-1.276592	-17	0.857204
9456	3.5643125565e-2	0.326292	0.82753642	0.69071597	-0.001421	-1.013175	-1.276592	-17	0.857206
9457	3.5587387569e-2	0.325785	0.82753699	0.69066137	-0.001421	-1.013175	-1.276592	-17	0.857208
9458	3.5442850317e-2	0.324466	0.82753547	0.69051379	-0.001315	-1.012207	-1.267731	-16	0.857209
9459	3.5465505875e-2	0.324677	0.82755146	0.69056843	-0.001315	-1.012207	-1.267731	-16	0.857211
9460	3.5442368537e-2	0.324469	0.82754764	0.69053765	-0.001315	-1.012207	-1.267731	-16	0.857213
9461	3.5456008258e-2	0.324597	0.82754906	0.69055412	-0.001421	-1.013175	-1.276590	-17	0.857214
9462	3.5488055648e-2	0.324895	0.82754291	0.69057387	-0.001315	-1.012207	-1.267732	-16	0.857216
9463	3.5523174136e-2	0.325220	0.82753614	0.69059546	-0.001421	-1.013175	-1.276589	-17	0.857218
9464	3.5612531395e-2	0.326042	0.82752868	0.69066989	-0.001421	-1.013175	-1.276589	-17	0.857220
9465	3.5569126138e-2	0.325648	0.82752265	0.69061442	-0.001526	-1.014142	-1.285445	-18	0.857221
9466	3.5542465097e-2	0.325408	0.82752775	0.69059796	-0.001421	-1.013175	-1.276590	-17	0.857223
9467	3.5497700546e-2	0.325002	0.82751937	0.69053644	-0.001526	-1.014142	-1.285444	-18	0.857225
9468	3.5460598165e-2	0.324666	0.82751787	0.69049633	-0.001526	-1.014142	-1.285444	-18	0.857226
9469	3.5382245077e-2	0.323952	0.82753173	0.69044570	-0.001421	-1.013175	-1.276592	-17	0.857228
9470	3.5347829690e-2	0.323641	0.82752084	0.69038951	-0.001526	-1.014142	-1.285444	-18	0.857230
9471	3.5414747571e-2	0.324257	0.82752214	0.69045902	-0.001421	-1.013175	-1.276592	-17	0.857231
9472	3.5261038857e-2	0.322853	0.82751994	0.69030092	-0.001421	-1.013175	-1.276592	-17	0.857233
9473	3.5339698136e-2	0.323577	0.82752119	0.69038208	-0.001526	-1.014142	-1.285442	-18	0.857235
9474	3.5388949679e-2	0.324032	0.82752077	0.69043049	-0.001632	-1.015108	-1.294292	-19	0.857236
9475	3.5551498347e-2	0.325524	0.82751058	0.69057265	-0.001632	-1.015108	-1.294292	-19	0.857238
9476	3.5290374291e-2	0.323137	0.82751700	0.69032438	-0.001632	-1.015108	-1.294292	-19	0.857240
9477	3.5344957667e-2	0.323640	0.82752353	0.69039202	-0.001632	-1.015108	-1.294292	-19	0.857241
9478	3.5319206490e-2	0.323408	0.82751859	0.69035639	-0.001737	-1.016074	-1.303138	-20	0.857243
9479	3.5305307596e-2	0.323285	0.82752139	0.69034808	-0.001843	-1.017040	-1.311984	-21	0.857245
9480	3.5330793450e-2	0.323522	0.82752671	0.69038422	-0.001843	-1.017040	-1.311984	-21	0.857246
9481	3.5473075569e-2	0.324829	0.82753740	0.69054787	-0.001737	-1.016074	-1.303139	-20	0.857248
9482	3.5535865973e-2	0.325407	0.82754156	0.69061899	-0.001843	-1.017040	-1.311983	-21	0.857250
9483	3.5537307632e-2	0.325424	0.82756259	0.69066249	-0.001948	-1.018006	-1.320825	-22	0.857251
9484	3.5568737384e-2	0.325716	0.82756484	0.69069842	-0.001948	-1.018006	-1.320825	-22	0.857253
9485	3.5311016299e-2	0.323359	0.82757875	0.69046852	-0.002054	-1.018971	-1.329667	-23	0.857255
9486	3.5402873406e-2	0.324204	0.82757012	0.69054312	-0.002054	-1.018971	-1.329667	-23	0.857257
9487	3.5436612556e-2	0.324517	0.82758215	0.69060091	-0.001948	-1.018006	-1.320827	-22	0.857258
9488	3.5385020947e-2	0.324048	0.82759142	0.69056787	-0.001948	-1.018006	-1.320827	-22	0.857260
9489	3.5424390863e-2	0.324413	0.82758995	0.69060430	-0.001843	-1.017041	-1.311989	-21	0.857262
9490	3.5349394923e-2	0.323730	0.82760375	0.69055689	-0.001737	-1.016076	-1.303151	-20	0.857263
9491	3.5195554335e-2	0.322324	0.82761803	0.69043161	-0.001843	-1.017041	-1.311988	-21	0.857265
9492	3.5055669865e-2	0.321047	0.82762564	0.69030695	-0.001843	-1.017041	-1.311988	-21	0.857267
9493	3.5048303824e-2	0.320983	0.82759834	0.69024498	-0.001737	-1.016076	-1.303152	-20	0.857268
9494	3.5034930159e-2	0.320864	0.82761174	0.69025841	-0.001843	-1.017041	-1.311987	-21	0.857270
9495	3.5144214673e-2	0.321869	0.82762102	0.69038626	-0.001843	-1.017041	-1.311987	-21	0.857272
9496	3.5016844104e-2	0.320706	0.82762082	0.69025849	-0.001843	-1.017041	-1.311987	-21	0.857273
9497	3.5131860972e-2	0.321763	0.82761750	0.69036685	-0.001948	-1.018005	-1.320820	-22	0.857275
9498	3.5058227818e-2	0.321093	0.82761802	0.69029427	-0.002053	-1.018969	-1.329651	-23	0.857277
9499	3.4921986904e-2	0.319848	0.82762707	0.69017614	-0.002159	-1.019933	-1.338483	-24	0.857278
9500	3.4918802485e-2	0.319823	0.82762734	0.69017349	-0.002159	-1.019933	-1.338483	-24	0.857280
9501	3.5016445575e-2	0.320721	0.82761683	0.69025011	-0.002053	-1.018969	-1.329653	-23	0.857282
9502	3.4907778511e-2	0.319729	0.82762788	0.69016353	-0.001948	-1.018006	-1.320824	-22	0.857284
9503	3.4820318264e-2	0.318932	0.82764963	0.69011957	-0.002053	-1.018969	-1.329652	-23	0.857285
9504	3.4897725262e-2	0.319645	0.82765479	0.69020731	-0.002053	-1.018969	-1.329652	-23	0.857287
9505	3.4969626966e-2	0.320307	0.82766136	0.69029234	-0.001948	-1.018006	-1.320825	-22	0.857289
9506	3.4822209375e-2	0.318960	0.82765594	0.69013409	-0.001948	-1.018006	-1.320825	-22	0.857290
9507	3.4797463111e-2	0.318737	0.82767023	0.69013792	-0.001843	-1.017042	-1.312000	-21	0.857292
9508	3.4747869913e-2	0.318287	0.82768356	0.69011500	-0.001843	-1.017042	-1.312000	-21	0.857294
9509	3.4861621203e-2	0.319332	0.82767801	0.69021765	-0.001738	-1.016079	-1.303176	-20	0.857295
9510	3.4835892346e-2	0.319100	0.82766985	0.69017559	-0.001633	-1.015116	-1.294353	-19	0.857297
9511	3.4873947636e-2	0.319452	0.82767370	0.69022134	-0.001738	-1.016079	-1.303176	-20	0.857299
9512	3.4915428640e-2	0.319836	0.82768199	0.69027941	-0.001738	-1.016079	-1.303176	-20	0.857300
9513	3.4958616199e-2	0.320235	0.82766934	0.69029729	-0.001738	-1.016079	-1.303176	-20	0.857302
9514	3.4972938397e-2	0.320370	0.82766737	0.69030768	-0.001843	-1.017042	-1.311996	-21	0.857304
9515	3.5101951834e-2	0.321556	0.82767101	0.69044396	-0.001948	-1.018004	-1.320815	-22	0.857305
9516	3.5126917892e-2	0.321788	0.82767517	0.69047725	-0.001948	-1.018004	-1.320815	-22	0.857307
9517	3.5082228706e-2	0.321383	0.82767229	0.69042680	-0.001843	-1.017042	-1.311997	-21	0.857309
9518	3.5249161340e-2	0.322915	0.82767454	0.69059824	-0.001738	-1.016079	-1.303180	-20	0.857310
9519	3.5142129929e-2	0.321939	0.82768032	0.69050278	-0.001843	-1.017042	-1.311997	-21	0.857312
9520	3.5132971553e-2	0.321858	0.82767613	0.69048523	-0.001843	-1.017042	-1.311997	-21	0.857314
9521	3.5103993469e-2	0.321597	0.82767559	0.69045518	-0.001948	-1.018004	-1.320812	-22	0.857315
9522	3.5096272978e-2	0.321530	0.82767348	0.69044324	-0.001948	-1.018004	-1.320812	-22	0.857317
9523	3.5102849085e-2	0.321594	0.82768051	0.69046387	-0.001843	-1.017042	-1.311998	-21	0.857319
9524	3.5259260527e-2	0.323030	0.82768627	0.69063181	-0.001843	-1.017042	-1.311998	-21	0.857320
9525	3.5301551322e-2	0.323421	0.82769726	0.69069607	-0.001843	-1.017042	-1.311998	-21	0.857322
9526	3.5113259157e-2	0.321700	0.82770510	0.69052345	-0.001948	-1.018004	-1.320810	-22	0.857324
9527	3.5095656117e-2	0.321542	0.82770758	0.69051081	-0.001843	-1.017042	-1.311999	-21	0.857326
9528	3.5199825107e-2	0.322500	0.82772287	0.69064556	-0.001843	-1.017042	-1.311999	-21	0.857327
9529	3.5201933039e-2	0.322523	0.82773003	0.69066200	-0.001738	-1.016081	-1.303189	-20	0.857329
9530	3.5371205148e-2	0.324078	0.82772849	0.69082818	-0.001843	-1.017042	-1.311998	-21	0.857331
9531	3.5392065128e-2	0.324273	0.82772506	0.69084218	-0.001843	-1.017042	-1.311998	-21	0.857332
9532	3.5358111050e-2	0.323966	0.82770652	0.69077115	-0.001843	-1.017042	-1.311998	-21	0.857334
9533	3.5342450186e-2	0.323826	0.82769170	0.69072586	-0.001948	-1.018003	-1.320804	-22	0.857336
9534	3.5391510770e-2	0.324279	0.82770489	0.69080130	-0.001843	-1.017042	-1.311999	-21	0.857337
9535	3.5420729192e-2	0.324550	0.82771376	0.69084826	-0.001738	-1.016081	-1.303194	-20	0.857339
9536	3.5406344934e-2	0.324422	0.82771099	0.69082832	-0.001738	-1.016081	-1.303194	-20	0.857341
9537	3.5328574250e-2	0.323713	0.82770180	0.69073218	-0.001738	-1.016081	-1.303194	-20	0.857342
9538	3.5387785156e-2	0.324260	0.82770956	0.69080690	-0.001843	-1.017042	-1.311997	-21	0.857344
9539	3.5459746074e-2	0.324923	0.82771214	0.69088402	-0.001948	-1.018002	-1.320799	-22	0.857346
9540	3.5377892329e-2	0.324176	0.82772461	0.69082711	-0.001948	-1.018002	-1.320799	-22	0.857347
9541	3.5484787633e-2	0.325160	0.82774150	0.69096778	-0.002053	-1.018963	-1.329599	-23	0.857349
9542	3.5389598827e-2	0.324291	0.82774149	0.69087259	-0.002157	-1.019923	-1.338399	-24	0.857351
9543	3.5188036729e-2	0.322448	0.82774676	0.69068156	-0.002053	-1.018963	-1.329600	-23	0.857352
9544	3.5227316642e-2	0.322811	0.82774409	0.69071550	-0.002053	-1.018963	-1.329600	-23	0.857354
9545	3.5091126643e-2	0.321567	0.82775745	0.69060602	-0.002157	-1.019923	-1.338398	-24	0.857356
9546	3.5202968847e-2	0.322596	0.82776119	0.69072534	-0.002053	-1.018963	-1.329601	-23	0.857357
9547	3.5210366780e-2	0.322667	0.82774638	0.69070313	-0.002157	-1.019923	-1.338397	-24	0.857359
9548	3.5218842781e-2	0.322749	0.82775064	0.69072013	-0.002157	-1.019923	-1.338397	-24	0.857361
9549	3.5177095594e-2	0.322370	0.82774601	0.69066911	-0.002157	-1.019923	-1.338397	-24	0.857362
9550	3.5252547410e-2	0.323065	0.82776839	0.69078932	-0.002157	-1.019923	-1.338397	-24	0.857364
9551	3.5252597888e-2	0.323069	0.82776746	0.69078752	-0.002262	-1.020882	-1.347191	-25	0.857366
9552	3.5352494756e-2	0.323988	0.82778116	0.69091482	-0.002262	-1.020882	-1.347191	-25	0.857367
9553	3.5212826684e-2	0.322712	0.82776390	0.69074063	-0.002157	-1.019923	-1.338399	-24	0.857369
9554	3.5265023641e-2	0.323194	0.82777851	0.69082204	-0.002262	-1.020882	-1.347190	-25	0.857371
9555	3.5299203834e-2	0.323511	0.82778670	0.69087260	-0.002262	-1.020882	-1.347190	-25	0.857372
9556	3.5295689824e-2	0.323482	0.82778070	0.69085708	-0.002262	-1.020882	-1.347190	-25	0.857374
9557	3.5608093989e-2	0.326349	0.82779306	0.69119422	-0.002157	-1.019923	-1.338401	-24	0.857376
9558	3.5506664052e-2	0.325423	0.82780273	0.69111213	-0.002157	-1.019923	-1.338401	-24	0.857378
9559	3.5577268620e-2	0.326074	0.82779469	0.69116664	-0.002157	-1.019923	-1.338401	-24	0.857379
9560	3.5711071345e-2	0.327304	0.82780384	0.69131875	-0.002157	-1.019923	-1.338401	-24	0.857381
9561	3.5647755349e-2	0.326728	0.82779255	0.69123285	-0.002053	-1.018965	-1.329614	-23	0.857383
9562	3.5695940301e-2	0.327173	0.82779472	0.69128538	-0.002157	-1.019923	-1.338400	-24	0.857384
9563	3.5804708118e-2	0.328174	0.82780094	0.69140660	-0.002053	-1.018965	-1.329615	-23	0.857386
9564	3.5494939220e-2	0.325338	0.82779468	0.69108429	-0.002053	-1.018965	-1.329615	-23	0.857388
9565	3.5653545015e-2	0.326796	0.82779205	0.69123764	-0.001948	-1.018006	-1.320832	-22	0.857389
9566	3.5799656695e-2	0.328139	0.82779722	0.69139410	-0.001844	-1.017048	-1.312049	-21	0.857391
9567	3.5912198363e-2	0.329174	0.82780355	0.69151930	-0.001844	-1.017048	-1.312049	-21	0.857393
9568	3.5768268540e-2	0.327858	0.82779032	0.69134890	-0.001844	-1.017048	-1.312049	-21	0.857394
9569	3.5771230508e-2	0.327889	0.82780164	0.69137451	-0.001739	-1.016090	-1.303269	-20	0.857396
9570	3.5768689270e-2	0.327870	0.82781754	0.69140377	-0.001844	-1.017048	-1.312048	-21	0.857398
9571	3.5828577698e-2	0.328422	0.82780671	0.69144199	-0.001739	-1.016090	-1.303269	-20	0.857399
9572	3.5822392729e-2	0.328369	0.82782027	0.69146292	-0.001739	-1.016090	-1.303269	-20	0.857401
9573	3.5854735918e-2	0.328670	0.82781286	0.69148046	-0.001635	-1.015133	-1.294492	-19	0.857403
9574	3.6012012123e-2	0.330115	0.82780633	0.69162467	-0.001530	-1.014175	-1.285715	-18	0.857404
9575	3.6165609079e-2	0.331527	0.82780686	0.69177933	-0.001530	-1.014175	-1.285715	-18	0.857406
9576	3.6208372485e-2	0.331923	0.82779234	0.69179305	-0.001530	-1.014175	-1.285715	-18	0.857408
9577	3.6094489654e-2	0.330883	0.82779262	0.69167973	-0.001426	-1.013218	-1.276940	-17	0.857409
9578	3.5716188330e-2	0.327418	0.82781207	0.69134032	-0.001321	-1.012261	-1.268166	-16	0.857411
9579	3.5736427379e-2	0.327608	0.82781106	0.69135854	-0.001426	-1.013218	-1.276939	-17	0.857413
9580	3.5850752037e-2	0.328659	0.82783058	0.69151192	-0.001426	-1.013218	-1.276939	-17	0.857414
9581	3.5994474499e-2	0.329981	0.82784075	0.69167598	-0.001530	-1.014175	-1.285711	-18	0.857416
9582	3.6007844964e-2	0.330107	0.82783554	0.69167893	-0.001635	-1.015132	-1.294482	-19	0.857417
9583	3.6320655834e-2	0.332979	0.82784074	0.69200213	-0.001635	-1.015132	-1.294482	-19	0.857419
9584	3.6362285038e-2	0.333364	0.82783728	0.69203685	-0.001635	-1.015132	-1.294482	-19	0.857421
9585	3.6397097958e-2	0.333687	0.82782279	0.69204267	-0.001635	-1.015132	-1.294482	-19	0.857422
9586	3.6315151958e-2	0.332939	0.82782449	0.69196413	-0.001530	-1.014175	-1.285714	-18	0.857424
9587	3.6155166255e-2	0.331476	0.82784672	0.69184860	-0.001635	-1.015132	-1.294482	-19	0.857426
9588	3.6253711384e-2	0.332384	0.82783986	0.69193343	-0.001635	-1.015132	-1.294482	-19	0.857427
9589	3.6314650566e-2	0.332946	0.82784401	0.69200267	-0.001530	-1.014176	-1.285715	-18	0.857429
9590	3.6400187449e-2	0.333734	0.82783260	0.69206540	-0.001426	-1.013219	-1.276950	-17	0.857431
9591	3.6563045877e-2	0.335231	0.82784335	0.69224974	-0.001530	-1.014175	-1.285715	-18	0.857432
9592	3.6276336523e-2	0.332606	0.82783931	0.69195497	-0.001530	-1.014175	-1.285715	-18	0.857434
9593	3.6101219258e-2	0.331004	0.82785040	0.69180202	-0.001426	-1.013220	-1.276951	-17	0.857436
9594	3.6208510045e-2	0.331992	0.82785607	0.69192065	-0.001426	-1.013220	-1.276951	-17	0.857437
9595	3.6062940004e-2	0.330661	0.82785535	0.69177365	-0.001530	-1.014175	-1.285713	-18	0.857439
9596	3.6016443425e-2	0.330238	0.82785695	0.69173035	-0.001530	-1.014175	-1.285713	-18	0.857441
9597	3.6041499650e-2	0.330472	0.82784696	0.69173543	-0.001634	-1.015131	-1.294474	-19	0.857442
9598	3.5963502769e-2	0.329761	0.82783049	0.69162448	-0.001530	-1.014175	-1.285714	-18	0.857444
9599	3.6222541414e-2	0.332139	0.82784562	0.69191378	-0.001426	-1.013220	-1.276955	-17	0.857446
9600	3.6260636097e-2	0.332493	0.82786833	0.69199731	-0.001426	-1.013220	-1.276955	-17	0.857447
9601	3.6141516398e-2	0.331404	0.82788187	0.69190526	-0.001530	-1.014175	-1.285713	-18	0.857449
9602	3.6181628536e-2	0.331776	0.82789443	0.69197048	-0.001426	-1.013220	-1.276956	-17	0.857451
9603	3.6207536516e-2	0.332017	0.82789301	0.69199355	-0.001426	-1.013220	-1.276956	-17	0.857452
9604	3.6036938197e-2	0.330456	0.82788559	0.69180812	-0.001426	-1.013220	-1.276956	-17	0.857454
9605	3.5803957658e-2	0.328324	0.82788614	0.69157624	-0.001530	-1.014175	-1.285710	-18	0.857456
9606	3.5830272126e-2	0.328569	0.82788319	0.69159664	-0.001634	-1.015130	-1.294465	-19	0.857457
9607	3.5665916939e-2	0.327065	0.82789151	0.69144894	-0.001530	-1.014175	-1.285711	-18	0.857459
9608	3.5626414472e-2	0.326707	0.82790445	0.69143532	-0.001530	-1.014175	-1.285711	-18	0.857461
9609	3.5728904952e-2	0.327650	0.82789355	0.69151600	-0.001426	-1.013221	-1.276959	-17	0.857462
9610	3.5771004888e-2	0.328040	0.82788974	0.69155048	-0.001426	-1.013221	-1.276959	-17	0.857464
9611	3.5736314843e-2	0.327726	0.82788644	0.69150920	-0.001322	-1.012266	-1.268209	-16	0.857465
9612	3.5734319599e-2	0.327711	0.82790692	0.69154816	-0.001322	-1.012266	-1.268209	-16	0.857467
9613	3.5688548903e-2	0.327295	0.82792626	0.69154108	-0.001426	-1.013220	-1.276958	-17	0.857469
9614	3.5736828511e-2	0.327742	0.82792403	0.69158489	-0.001322	-1.012267	-1.268209	-16	0.857470
9615	3.5716691768e-2	0.327561	0.82791985	0.69155639	-0.001426	-1.013220	-1.276957	-17	0.857472
9616	3.5751721824e-2	0.327886	0.82792517	0.69160206	-0.001426	-1.013220	-1.276957	-17	0.857474
9617	3.5671924678e-2	0.327157	0.82793618	0.69154428	-0.001322	-1.012267	-1.268211	-16	0.857475
9618	3.5743306974e-2	0.327816	0.82792952	0.69160235	-0.001218	-1.011313	-1.259465	-15	0.857477
9619	3.5619170291e-2	0.326681	0.82792923	0.69147764	-0.001322	-1.012267	-1.268210	-16	0.857479
9620	3.5801829343e-2	0.328360	0.82793378	0.69166940	-0.001322	-1.012267	-1.268210	-16	0.857480
9621	3.5893353819e-2	0.329203	0.82792100	0.69173534	-0.001322	-1.012267	-1.268210	-16	0.857482
9622	3.5855655240e-2	0.328861	0.82792538	0.69170641	-0.001426	-1.013220	-1.276953	-17	0.857484
9623	3.5965759475e-2	0.329875	0.82793215	0.69183006	-0.001530	-1.014173	-1.285695	-18	0.857485
9624	3.5943124622e-2	0.329671	0.82792550	0.69179413	-0.001530	-1.014173	-1.285695	-18	0.857487
9625	3.6028770648e-2	0.330460	0.82794569	0.69192016	-0.001530	-1.014173	-1.285695	-18	0.857489
9626	3.6039945426e-2	0.330566	0.82793719	0.69191433	-0.001426	-1.013220	-1.276955	-17	0.857490
9627	3.6337500100e-2	0.333299	0.82794177	0.69222104	-0.001322	-1.012267	-1.268216	-16	0.857492
9628	3.6128584396e-2	0.331387	0.82793754	0.69200366	-0.001322	-1.012267	-1.268216	-16	0.857493
9629	3.6159698354e-2	0.331676	0.82793120	0.69202211	-0.001426	-1.013220	-1.276954	-17	0.857495
9630	3.6145688917e-2	0.331551	0.82793217	0.69201004	-0.001426	-1.013220	-1.276954	-17	0.857497
9631	3.6038631089e-2	0.330573	0.82792558	0.69188979	-0.001530	-1.014172	-1.285690	-18	0.857498
9632	3.6080496882e-2	0.330961	0.82793194	0.69194437	-0.001530	-1.014172	-1.285690	-18	0.857500
9633	3.6189768700e-2	0.331967	0.82794034	0.69207045	-0.001530	-1.014172	-1.285690	-18	0.857502
9634	3.5951713699e-2	0.329787	0.82795659	0.69186489	-0.001426	-1.013220	-1.276956	-17	0.857503
9635	3.6033491875e-2	0.330541	0.82795971	0.69195290	-0.001530	-1.014172	-1.285689	-18	0.857505
9636	3.6019248036e-2	0.330414	0.82796572	0.69195069	-0.001530	-1.014172	-1.285689	-18	0.857507
9637	3.5965666194e-2	0.329926	0.82795844	0.69188254	-0.001426	-1.013220	-1.276957	-17	0.857508
9638	3.6046577659e-2	0.330672	0.82794168	0.69192993	-0.001530	-1.014172	-1.285688	-18	0.857510
9639	3.5849295661e-2	0.328866	0.82794878	0.69174686	-0.001530	-1.014172	-1.285688	-18	0.857512
9640	3.5986069004e-2	0.330125	0.82795519	0.69189644	-0.001530	-1.014172	-1.285688	-18	0.857513
9641	3.6079066804e-2	0.330981	0.82796728	0.69201363	-0.001426	-1.013221	-1.276959	-17	0.857515
9642	3.6330256862e-2	0.333290	0.82797692	0.69228410	-0.001530	-1.014172	-1.285688	-18	0.857517
9643	3.6271351849e-2	0.332753	0.82797706	0.69222546	-0.001634	-1.015123	-1.294416	-19	0.857518
9644	3.6358286809e-2	0.333554	0.82797168	0.69230165	-0.001634	-1.015123	-1.294416	-19	0.857520
9645	3.6149812628e-2	0.331645	0.82796903	0.69208787	-0.001737	-1.016075	-1.303142	-20	0.857521
9646	3.6194243699e-2	0.332057	0.82796533	0.69212490	-0.001634	-1.015124	-1.294416	-19	0.857523
9647	3.6176520326e-2	0.331898	0.82795834	0.69209320	-0.001530	-1.014173	-1.285691	-18	0.857525
9648	3.6174875318e-2	0.331887	0.82798088	0.69213664	-0.001530	-1.014173	-1.285691	-18	0.857526
9649	3.6067559613e-2	0.330906	0.82798328	0.69203412	-0.001634	-1.015123	-1.294415	-19	0.857528
9650	3.6277992925e-2	0.332840	0.82798144	0.69224086	-0.001634	-1.015123	-1.294415	-19	0.857530
9651	3.6320668203e-2	0.333235	0.82797879	0.69227824	-0.001530	-1.014173	-1.285693	-18	0.857531
9652	3.6586792377e-2	0.335681	0.82797319	0.69253318	-0.001530	-1.014173	-1.285693	-18	0.857533
9653	3.6700031202e-2	0.336724	0.82798191	0.69266385	-0.001530	-1.014173	-1.285693	-18	0.857535
9654	3.6530262824e-2	0.335170	0.82799800	0.69252626	-0.001634	-1.015123	-1.294413	-19	0.857536
9655	3.6207046706e-2	0.332208	0.82798996	0.69218696	-0.001530	-1.014173	-1.285693	-18	0.857538
9656	3.6208947394e-2	0.332229	0.82798047	0.69216989	-0.001530	-1.014173	-1.285693	-18	0.857540
9657	3.6205157516e-2	0.332198	0.82798740	0.69217996	-0.001530	-1.014173	-1.285693	-18	0.857541
9658	3.5938536005e-2	0.329756	0.82798125	0.69190104	-0.001634	-1.015123	-1.294411	-19	0.857543
9659	3.5786390689e-2	0.328363	0.82797470	0.69173578	-0.001530	-1.014173	-1.285694	-18	0.857544
9660	3.5662845780e-2	0.327233	0.82796981	0.69160246	-0.001530	-1.014173	-1.285694	-18	0.857546
9661	3.5816299112e-2	0.328645	0.82797034	0.69175698	-0.001633	-1.015123	-1.294409	-19	0.857548
9662	3.5705824303e-2	0.327635	0.82797482	0.69165547	-0.001530	-1.014173	-1.285695	-18	0.857549
9663	3.5856337315e-2	0.329020	0.82799255	0.69184144	-0.001427	-1.013223	-1.276981	-17	0.857551
9664	3.6021237487e-2	0.330537	0.82800533	0.69203189	-0.001427	-1.013223	-1.276981	-17	0.857553
9665	3.5916463835e-2	0.329579	0.82800025	0.69191697	-0.001323	-1.012274	-1.268269	-16	0.857554
9666	3.5863660743e-2	0.329098	0.82800433	0.69187233	-0.001323	-1.012274	-1.268269	-16	0.857556
9667	3.5949523402e-2	0.329890	0.82802485	0.69199922	-0.001220	-1.011325	-1.259558	-15	0.857558
9668	3.6013819005e-2	0.330484	0.82801152	0.69203687	-0.001220	-1.011325	-1.259558	-15	0.857559
9669	3.5955638692e-2	0.329953	0.82799829	0.69195222	-0.001323	-1.012274	-1.268267	-16	0.857561
9670	3.5954250471e-2	0.329944	0.82799135	0.69193695	-0.001426	-1.013223	-1.276976	-17	0.857563
9671	3.6242915845e-2	0.332597	0.82798655	0.69221602	-0.001323	-1.012274	-1.268268	-16	0.857564
9672	3.6016347966e-2	0.330522	0.82798444	0.69198524	-0.001323	-1.012274	-1.268268	-16	0.857566
9673	3.5761404549e-2	0.328186	0.82797784	0.69171709	-0.001220	-1.011325	-1.259562	-15	0.857567
9674	3.5653432663e-2	0.327199	0.82800113	0.69165569	-0.001323	-1.012274	-1.268267	-16	0.857569
9675	3.5529942596e-2	0.326069	0.82800933	0.69154860	-0.001323	-1.012274	-1.268267	-16	0.857571
9676	3.5633557792e-2	0.327024	0.82800147	0.69163649	-0.001323	-1.012274	-1.268267	-16	0.857572
9677	3.5650256644e-2	0.327180	0.82801644	0.69168314	-0.001426	-1.013222	-1.276971	-17	0.857574
9678	3.5449858556e-2	0.325345	0.82801234	0.69147453	-0.001530	-1.014170	-1.285674	-18	0.857576
9679	3.5596929682e-2	0.326698	0.82801086	0.69161864	-0.001633	-1.015119	-1.294377	-19	0.857577
9680	3.5735451139e-2	0.327973	0.82801179	0.69175903	-0.001633	-1.015119	-1.294377	-19	0.857579
9681	3.5724571637e-2	0.327877	0.82801932	0.69176322	-0.001736	-1.016067	-1.303078	-20	0.857580
9682	3.5836170884e-2	0.328905	0.82802965	0.69189548	-0.001840	-1.017015	-1.311778	-21	0.857582
9683	3.5712479138e-2	0.327774	0.82804533	0.69180315	-0.001736	-1.016067	-1.303078	-20	0.857584
9684	3.5830950633e-2	0.328865	0.82803706	0.69190507	-0.001736	-1.016067	-1.303078	-20	0.857585
9685	3.5859084867e-2	0.329127	0.82803457	0.69192823	-0.001840	-1.017014	-1.311777	-21	0.857587
9686	3.5819435347e-2	0.328766	0.82804856	0.69191656	-0.001943	-1.017962	-1.320474	-22	0.857589
9687	3.5586495485e-2	0.326632	0.82803742	0.69166133	-0.001840	-1.017015	-1.311777	-21	0.857590
9688	3.5688498529e-2	0.327572	0.82804302	0.69177454	-0.001840	-1.017015	-1.311777	-21	0.857592
9689	3.5631487430e-2	0.327052	0.82804946	0.69173040	-0.001943	-1.017962	-1.320473	-22	0.857594
9690	3.5642675596e-2	0.327159	0.82804254	0.69172776	-0.002046	-1.018909	-1.329167	-23	0.857595
9691	3.5453129315e-2	0.325423	0.82803069	0.69151451	-0.001943	-1.017962	-1.320473	-22	0.857597
9692	3.5550736092e-2	0.326322	0.82802929	0.69160932	-0.001943	-1.017962	-1.320473	-22	0.857599
9693	3.5402513507e-2	0.324965	0.82803490	0.69147232	-0.001943	-1.017962	-1.320473	-22	0.857600
9694	3.5298849310e-2	0.324017	0.82802299	0.69134483	-0.002046	-1.018909	-1.329165	-23	0.857602
9695	3.5431355950e-2	0.325237	0.82801894	0.69146923	-0.002149	-1.019856	-1.337856	-24	0.857604
9696	3.5444394167e-2	0.325361	0.82802610	0.69149660	-0.002149	-1.019856	-1.337856	-24	0.857605
9697	3.5534530226e-2	0.326192	0.82801584	0.69156620	-0.002252	-1.020802	-1.346546	-25	0.857607
9698	3.5413032316e-2	0.325080	0.82802989	0.69147282	-0.002355	-1.021749	-1.355235	-26	0.857608
9699	3.5509601142e-2	0.325970	0.82802017	0.69154994	-0.002458	-1.022695	-1.363924	-27	0.857610
9700	3.5560024874e-2	0.326437	0.82801542	0.69159086	-0.002458	-1.022695	-1.363924	-27	0.857612
9701	3.5236365763e-2	0.323469	0.82803401	0.69130439	-0.002355	-1.021749	-1.355237	-26	0.857613
9702	3.5251049927e-2	0.323608	0.82803776	0.69132656	-0.002355	-1.021749	-1.355237	-26	0.857615
9703	3.5274153174e-2	0.323823	0.82801962	0.69131340	-0.002252	-1.020803	-1.346551	-25	0.857617
9704	3.5356493110e-2	0.324583	0.82802942	0.69141533	-0.002252	-1.020803	-1.346551	-25	0.857618
9705	3.5359115912e-2	0.324611	0.82804883	0.69145677	-0.002355	-1.021749	-1.355235	-26	0.857620
9706	3.5280804384e-2	0.323895	0.82804748	0.69137576	-0.002458	-1.022695	-1.363919	-27	0.857622
9707	3.5251621987e-2	0.323631	0.82804042	0.69133247	-0.002355	-1.021749	-1.355236	-26	0.857623
9708	3.5160757371e-2	0.322801	0.82805783	0.69127642	-0.002355	-1.021749	-1.355236	-26	0.857625
9709	3.5014494347e-2	0.321461	0.82806932	0.69115313	-0.002458	-1.022695	-1.363917	-27	0.857627
9710	3.4953282058e-2	0.320903	0.82807404	0.69110137	-0.002561	-1.023640	-1.372598	-28	0.857628
9711	3.5064390037e-2	0.321927	0.82807586	0.69121611	-0.002561	-1.023640	-1.372598	-28	0.857630
9712	3.5087258836e-2	0.322140	0.82806360	0.69121445	-0.002561	-1.023640	-1.372598	-28	0.857632
9713	3.5083456219e-2	0.322109	0.82804637	0.69117620	-0.002458	-1.022695	-1.363919	-27	0.857633
9714	3.5094614551e-2	0.322215	0.82804243	0.69117948	-0.002561	-1.023640	-1.372597	-28	0.857635
9715	3.5305040944e-2	0.324151	0.82804118	0.69138739	-0.002664	-1.024585	-1.381274	-29	0.857637
9716	3.5262355289e-2	0.323762	0.82803996	0.69134227	-0.002664	-1.024585	-1.381274	-29	0.857638
9717	3.5448002467e-2	0.325471	0.82804293	0.69153386	-0.002767	-1.025530	-1.389950	-30	0.857640
9718	3.5352814385e-2	0.324600	0.82803383	0.69142048	-0.002870	-1.026475	-1.398625	-31	0.857642
9719	3.5420617124e-2	0.325226	0.82802093	0.69146247	-0.002973	-1.027420	-1.407300	-32	0.857643
9720	3.5451676255e-2	0.325515	0.82803447	0.69152062	-0.002973	-1.027420	-1.407300	-32	0.857645
9721	3.5594422659e-2	0.326830	0.82803548	0.69166538	-0.003076	-1.028364	-1.415973	-33	0.857646
9722	3.5478464165e-2	0.325768	0.82804503	0.69156853	-0.002973	-1.027420	-1.407300	-32	0.857648
9723	3.5474472550e-2	0.325735	0.82803606	0.69154658	-0.003076	-1.028364	-1.415972	-33	0.857650
9724	3.5376265917e-2	0.324837	0.82804533	0.69146693	-0.003076	-1.028364	-1.415972	-33	0.857651
9725	3.5342052710e-2	0.324527	0.82803894	0.69141993	-0.003076	-1.028364	-1.415972	-33	0.857653
9726	3.5350550518e-2	0.324608	0.82803959	0.69142973	-0.003179	-1.029308	-1.424641	-34	0.857655
9727	3.5328173717e-2	0.324407	0.82802407	0.69137632	-0.003076	-1.028364	-1.415973	-33	0.857656
9728	3.5109490940e-2	0.322402	0.82804338	0.69119625	-0.003076	-1.028364	-1.415973	-33	0.857658
9729	3.5080791304e-2	0.322142	0.82806280	0.69120638	-0.003076	-1.028364	-1.415973	-33	0.857660
9730	3.5175819467e-2	0.323018	0.82807437	0.69132456	-0.002973	-1.027420	-1.407306	-32	0.857661
9731	3.5091034209e-2	0.322243	0.82807584	0.69124271	-0.002870	-1.026477	-1.398640	-31	0.857663
9732	3.5172559237e-2	0.322996	0.82807835	0.69132926	-0.002870	-1.026477	-1.398640	-31	0.857665
9733	3.5135598073e-2	0.322660	0.82806347	0.69126254	-0.002973	-1.027420	-1.407304	-32	0.857666
9734	3.5337703044e-2	0.324520	0.82806435	0.69146640	-0.003076	-1.028364	-1.415968	-33	0.857668
9735	3.5288049660e-2	0.324067	0.82807276	0.69143356	-0.002973	-1.027420	-1.407305	-32	0.857670
9736	3.5243513461e-2	0.323662	0.82807999	0.69140350	-0.002973	-1.027420	-1.407305	-32	0.857671
9737	3.5268991203e-2	0.323899	0.82807527	0.69141953	-0.003076	-1.028363	-1.415967	-33	0.857673
9738	3.5279010058e-2	0.323995	0.82807214	0.69142328	-0.003076	-1.028363	-1.415967	-33	0.857675
9739	3.5243738433e-2	0.323675	0.82808879	0.69142132	-0.003178	-1.029306	-1.424627	-34	0.857676
9740	3.5227008940e-2	0.323525	0.82809383	0.69141467	-0.003178	-1.029306	-1.424627	-34	0.857678
9741	3.5181215559e-2	0.323108	0.82811091	0.69140303	-0.003281	-1.030249	-1.433286	-35	0.857680
9742	3.5364192451e-2	0.324792	0.82809996	0.69156411	-0.003178	-1.029306	-1.424628	-34	0.857681
9743	3.5350925136e-2	0.324674	0.82812052	0.69159197	-0.003281	-1.030249	-1.433286	-35	0.857683
9744	3.5447130899e-2	0.325561	0.82811874	0.69168461	-0.003281	-1.030249	-1.433286	-35	0.857685
9745	3.5322540408e-2	0.324420	0.82812838	0.69157930	-0.003178	-1.029307	-1.424629	-34	0.857686
9746	3.5011623400e-2	0.321568	0.82813563	0.69128288	-0.003281	-1.030249	-1.433285	-35	0.857688
9747	3.5043670215e-2	0.321866	0.82814661	0.69133689	-0.003281	-1.030249	-1.433285	-35	0.857690
9748	3.5237975132e-2	0.323654	0.82813567	0.69150931	-0.003281	-1.030249	-1.433285	-35	0.857691
9749	3.5166150960e-2	0.322998	0.82813705	0.69144026	-0.003384	-1.031191	-1.441939	-36	0.857693
9750	3.5123765581e-2	0.322613	0.82814036	0.69140449	-0.003384	-1.031191	-1.441939	-36	0.857695
9751	3.5173502499e-2	0.323073	0.82813690	0.69144731	-0.003384	-1.031191	-1.441939	-36	0.857696
9752	3.5089560427e-2	0.322306	0.82813934	0.69136823	-0.003384	-1.031191	-1.441939	-36	0.857698
9753	3.4889589880e-2	0.320472	0.82813818	0.69116594	-0.003281	-1.030249	-1.433288	-35	0.857700
9754	3.4872898274e-2	0.320323	0.82813189	0.69113668	-0.003179	-1.029308	-1.424638	-34	0.857701
9755	3.4928196786e-2	0.320834	0.82814701	0.69122221	-0.003076	-1.028366	-1.415988	-33	0.857703
9756	3.4935973050e-2	0.320909	0.82815625	0.69124848	-0.003076	-1.028366	-1.415988	-33	0.857705
9757	3.4964333189e-2	0.321173	0.82816215	0.69128863	-0.002974	-1.027425	-1.407341	-32	0.857706
9758	3.5011937924e-2	0.321614	0.82815925	0.69133044	-0.002871	-1.026483	-1.398693	-31	0.857708
9759	3.4824383305e-2	0.319895	0.82813870	0.69110179	-0.002769	-1.025542	-1.390047	-30	0.857710
9760	3.4866328179e-2	0.320284	0.82814286	0.69115205	-0.002769	-1.025542	-1.390047	-30	0.857711
9761	3.4892832880e-2	0.320531	0.82815525	0.69120333	-0.002666	-1.024601	-1.381402	-29	0.857713
9762	3.4653683419e-2	0.318337	0.82817066	0.69099500	-0.002769	-1.025542	-1.390046	-30	0.857715
9763	3.4694305054e-2	0.318714	0.82817136	0.69103703	-0.002666	-1.024601	-1.381402	-29	0.857716
9764	3.4712829815e-2	0.318888	0.82818177	0.69107637	-0.002666	-1.024601	-1.381402	-29	0.857718
9765	3.4641543622e-2	0.318237	0.82818553	0.69101260	-0.002666	-1.024601	-1.381402	-29	0.857719
9766	3.4668597801e-2	0.318489	0.82818925	0.69104710	-0.002769	-1.025542	-1.390044	-30	0.857721
9767	3.4543353118e-2	0.317342	0.82819961	0.69094258	-0.002871	-1.026482	-1.398685	-31	0.857723
9768	3.4558483310e-2	0.317484	0.82819219	0.69094286	-0.002871	-1.026482	-1.398685	-31	0.857724
9769	3.4525181729e-2	0.317182	0.82820440	0.69093398	-0.002973	-1.027423	-1.407325	-32	0.857726
9770	3.4530911132e-2	0.317238	0.82820319	0.69093730	-0.003076	-1.028363	-1.415964	-33	0.857728
9771	3.4665777564e-2	0.318481	0.82819698	0.69105974	-0.002973	-1.027423	-1.407325	-32	0.857729
9772	3.4670747896e-2	0.318530	0.82819191	0.69105458	-0.002973	-1.027423	-1.407325	-32	0.857731
9773	3.4776584913e-2	0.319506	0.82820220	0.69118099	-0.002871	-1.026483	-1.398688	-31	0.857733
9774	3.4778393234e-2	0.319526	0.82819950	0.69117740	-0.002871	-1.026483	-1.398688	-31	0.857734
9775	3.5011503894e-2	0.321671	0.82821028	0.69143206	-0.002871	-1.026483	-1.398688	-31	0.857736
9776	3.4936762817e-2	0.320988	0.82820731	0.69135138	-0.002871	-1.026483	-1.398688	-31	0.857738
9777	3.5029235745e-2	0.321841	0.82822161	0.69147246	-0.002769	-1.025543	-1.390054	-30	0.857739
9778	3.4879529760e-2	0.320469	0.82820765	0.69129484	-0.002666	-1.024603	-1.381421	-29	0.857741
9779	3.4928686623e-2	0.320925	0.82821830	0.69136528	-0.002769	-1.025543	-1.390054	-30	0.857743
9780	3.5077731803e-2	0.322298	0.82823804	0.69155381	-0.002769	-1.025543	-1.390054	-30	0.857744
9781	3.5251042765e-2	0.323894	0.82823539	0.69172181	-0.002871	-1.026482	-1.398685	-31	0.857746
9782	3.5060157784e-2	0.322143	0.82824767	0.69155549	-0.002973	-1.027422	-1.407316	-32	0.857748
9783	3.5016455680e-2	0.321745	0.82825536	0.69152717	-0.002973	-1.027422	-1.407316	-32	0.857749
9784	3.4840016455e-2	0.320128	0.82824837	0.69133675	-0.002973	-1.027422	-1.407316	-32	0.857751
9785	3.4806249192e-2	0.319821	0.82824488	0.69129600	-0.003075	-1.028361	-1.415944	-33	0.857752
9786	3.4844040147e-2	0.320172	0.82823016	0.69130436	-0.002973	-1.027422	-1.407316	-32	0.857754
9787	3.4692046281e-2	0.318779	0.82825153	0.69119510	-0.003075	-1.028360	-1.415944	-33	0.857756
9788	3.4602955175e-2	0.317964	0.82824103	0.69108501	-0.003075	-1.028360	-1.415944	-33	0.857757
9789	3.4898604622e-2	0.320684	0.82824157	0.69138175	-0.003178	-1.029299	-1.424569	-34	0.857759
9790	3.5046869821e-2	0.322050	0.82824732	0.69154151	-0.003075	-1.028361	-1.415944	-33	0.857761
9791	3.4824783942e-2	0.320013	0.82824642	0.69131763	-0.003178	-1.029299	-1.424569	-34	0.857762
9792	3.4896563280e-2	0.320676	0.82825553	0.69140762	-0.003178	-1.029299	-1.424569	-34	0.857764
9793	3.4934452397e-2	0.321027	0.82825618	0.69144682	-0.003075	-1.028361	-1.415946	-33	0.857766
9794	3.5017777256e-2	0.321797	0.82824886	0.69151549	-0.003178	-1.029299	-1.424568	-34	0.857767
9795	3.5095164606e-2	0.322511	0.82825772	0.69161060	-0.003280	-1.030237	-1.433190	-35	0.857769
9796	3.4943336453e-2	0.321120	0.82826493	0.69147320	-0.003280	-1.030237	-1.433190	-35	0.857771
9797	3.4857499946e-2	0.320335	0.82827356	0.69140461	-0.003178	-1.029299	-1.424569	-34	0.857772
9798	3.4822198285e-2	0.320014	0.82829046	0.69140313	-0.003075	-1.028361	-1.415950	-33	0.857774
9799	3.4828945267e-2	0.320079	0.82830452	0.69143799	-0.002973	-1.027423	-1.407331	-32	0.857776
9800	3.5101002322e-2	0.322583	0.82831098	0.69172296	-0.002973	-1.027423	-1.407331	-32	0.857777
9801	3.5034270293e-2	0.321973	0.82829122	0.69161671	-0.002973	-1.027423	-1.407331	-32	0.857779
9802	3.5270884262e-2	0.324151	0.82830777	0.69188642	-0.002973	-1.027423	-1.407331	-32	0.857780
9803	3.5244753525e-2	0.323915	0.82831875	0.69188226	-0.003075	-1.028361	-1.415947	-33	0.857782
9804	3.5187042499e-2	0.323388	0.82831818	0.69182341	-0.003075	-1.028361	-1.415947	-33	0.857784
9805	3.5211422478e-2	0.323616	0.82832042	0.69185226	-0.003177	-1.029298	-1.424562	-34	0.857785
9806	3.5219447752e-2	0.323693	0.82832036	0.69186016	-0.003075	-1.028361	-1.415948	-33	0.857787
9807	3.5290196298e-2	0.324347	0.82833135	0.69195289	-0.003177	-1.029298	-1.424561	-34	0.857789
9808	3.5157044753e-2	0.323127	0.82834042	0.69183789	-0.003177	-1.029298	-1.424561	-34	0.857790
9809	3.4996468308e-2	0.321654	0.82835213	0.69170074	-0.003075	-1.028361	-1.415949	-33	0.857792
9810	3.4910914992e-2	0.320872	0.82835326	0.69161744	-0.003075	-1.028361	-1.415949	-33	0.857794
9811	3.4678090482e-2	0.318735	0.82835266	0.69138341	-0.003177	-1.029298	-1.424560	-34	0.857795
9812	3.4588914665e-2	0.317919	0.82836569	0.69132029	-0.003177	-1.029298	-1.424560	-34	0.857797
9813	3.4525829254e-2	0.317343	0.82837336	0.69127255	-0.003075	-1.028361	-1.415950	-33	0.857799
9814	3.4529510830e-2	0.317380	0.82835871	0.69124693	-0.003177	-1.029298	-1.424559	-34	0.857800
9815	3.4551790472e-2	0.317589	0.82835469	0.69126117	-0.003279	-1.030234	-1.433167	-35	0.857802
9816	3.4569708105e-2	0.317757	0.82836004	0.69128979	-0.003279	-1.030234	-1.433167	-35	0.857804
9817	3.4619339925e-2	0.318217	0.82835128	0.69132190	-0.003381	-1.031171	-1.441773	-36	0.857805
9818	3.4651931835e-2	0.318520	0.82833818	0.69132829	-0.003279	-1.030234	-1.433168	-35	0.857807
9819	3.4698216924e-2	0.318949	0.82832923	0.69135669	-0.003279	-1.030234	-1.433168	-35	0.857808
9820	3.4544294246e-2	0.317537	0.82834262	0.69122954	-0.003279	-1.030234	-1.433168	-35	0.857810
9821	3.4592577765e-2	0.317985	0.82834907	0.69129071	-0.003381	-1.031170	-1.441771	-36	0.857812
9822	3.4566990000e-2	0.317753	0.82833304	0.69123308	-0.003483	-1.032106	-1.450375	-37	0.857813
9823	3.4478114153e-2	0.316939	0.82833041	0.69113894	-0.003585	-1.033042	-1.458977	-38	0.857815
9824	3.4498700188e-2	0.317132	0.82833659	0.69117188	-0.003585	-1.033042	-1.458977	-38	0.857817
9825	3.4417778120e-2	0.316392	0.82833764	0.69109305	-0.003585	-1.033042	-1.458977	-38	0.857818
9826	3.4462260067e-2	0.316804	0.82833827	0.69113881	-0.003585	-1.033042	-1.458977	-38	0.857820
9827	3.4456989001e-2	0.316759	0.82834138	0.69113975	-0.003483	-1.032107	-1.450377	-37	0.857822
9828	3.4505701357e-2	0.317211	0.82833831	0.69118232	-0.003483	-1.032107	-1.450377	-37	0.857823
9829	3.4519516740e-2	0.317341	0.82833713	0.69119377	-0.003585	-1.033042	-1.458976	-38	0.857825
9830	3.4592184756e-2	0.318013	0.82834468	0.69128155	-0.003686	-1.033977	-1.467573	-39	0.857827
9831	3.4637160207e-2	0.318430	0.82835155	0.69134026	-0.003788	-1.034912	-1.476170	-40	0.857828
9832	3.4644770478e-2	0.318503	0.82834742	0.69133961	-0.003788	-1.034912	-1.476170	-40	0.857830
9833	3.4755560877e-2	0.319525	0.82834630	0.69144817	-0.003890	-1.035847	-1.484766	-41	0.857832
9834	3.4797919402e-2	0.319918	0.82836097	0.69151986	-0.003788	-1.034912	-1.476171	-40	0.857833
9835	3.4781010673e-2	0.319766	0.82837143	0.69152388	-0.003890	-1.035847	-1.484765	-41	0.857835
9836	3.4968455983e-2	0.321493	0.82837021	0.69170887	-0.003890	-1.035847	-1.484765	-41	0.857837
9837	3.5017294047e-2	0.321946	0.82837677	0.69177083	-0.003890	-1.035847	-1.484765	-41	0.857838
9838	3.4851216131e-2	0.320422	0.82838376	0.69161874	-0.003788	-1.034913	-1.476173	-40	0.857840
9839	3.4703182116e-2	0.319065	0.82838986	0.69148291	-0.003890	-1.035847	-1.484764	-41	0.857842
9840	3.4620061034e-2	0.318304	0.82839043	0.69140092	-0.003890	-1.035847	-1.484764	-41	0.857843
9841	3.4584082417e-2	0.317977	0.82838481	0.69135371	-0.003788	-1.034913	-1.476174	-40	0.857845
9842	3.4579101842e-2	0.317935	0.82840043	0.69137996	-0.003687	-1.033979	-1.467585	-39	0.857847
9843	3.4655577413e-2	0.318641	0.82839996	0.69145549	-0.003788	-1.034913	-1.476174	-40	0.857848
9844	3.4800372569e-2	0.319976	0.82842104	0.69164246	-0.003788	-1.034913	-1.476174	-40	0.857850
9845	3.4825197427e-2	0.320208	0.82843094	0.69168709	-0.003890	-1.035847	-1.484761	-41	0.857852
9846	3.4907596389e-2	0.320969	0.82843098	0.69176956	-0.003890	-1.035847	-1.484761	-41	0.857853
9847	3.4914804068e-2	0.321039	0.82843138	0.69177756	-0.003788	-1.034913	-1.476175	-40	0.857855
9848	3.4744309693e-2	0.319475	0.82842687	0.69159805	-0.003788	-1.034913	-1.476175	-40	0.857856
9849	3.4688738087e-2	0.318967	0.82842011	0.69152896	-0.003788	-1.034913	-1.476175	-40	0.857858
9850	3.4592835843e-2	0.318089	0.82843474	0.69146232	-0.003788	-1.034913	-1.476175	-40	0.857860
9851	3.4799118321e-2	0.319989	0.82843721	0.69167353	-0.003890	-1.035846	-1.484758	-41	0.857861
9852	3.4736746486e-2	0.319419	0.82844088	0.69161850	-0.003890	-1.035846	-1.484758	-41	0.857863
9853	3.4749287103e-2	0.319538	0.82844925	0.69164778	-0.003788	-1.034913	-1.476176	-40	0.857865
9854	3.4585561779e-2	0.318036	0.82845272	0.69149100	-0.003890	-1.035846	-1.484758	-41	0.857866
9855	3.4779214441e-2	0.319820	0.82845902	0.69169725	-0.003890	-1.035846	-1.484758	-41	0.857868
9856	3.4711320543e-2	0.319200	0.82846050	0.69163233	-0.003890	-1.035846	-1.484758	-41	0.857870
9857	3.4768034746e-2	0.319725	0.82846557	0.69169917	-0.003991	-1.036779	-1.493337	-42	0.857871
9858	3.4691193208e-2	0.319022	0.82847064	0.69163248	-0.003890	-1.035846	-1.484758	-41	0.857873
9859	3.4754212576e-2	0.319605	0.82847751	0.69170922	-0.003991	-1.036779	-1.493336	-42	0.857875
9860	3.4732776178e-2	0.319411	0.82847567	0.69168412	-0.003991	-1.036779	-1.493336	-42	0.857876
9861	3.4732221684e-2	0.319409	0.82846376	0.69165973	-0.004093	-1.037712	-1.501913	-43	0.857878
9862	3.4815641743e-2	0.320180	0.82845180	0.69171924	-0.003991	-1.036779	-1.493337	-42	0.857880
9863	3.4776131779e-2	0.319820	0.82844680	0.69166973	-0.003890	-1.035847	-1.484762	-41	0.857881
9864	3.4693049756e-2	0.319060	0.82846142	0.69161588	-0.003890	-1.035847	-1.484762	-41	0.857883
9865	3.4639855779e-2	0.318574	0.82845379	0.69154744	-0.003788	-1.034915	-1.476188	-40	0.857885
9866	3.4667369419e-2	0.318831	0.82846249	0.69159236	-0.003687	-1.033982	-1.467615	-39	0.857886
9867	3.4819517997e-2	0.320233	0.82846377	0.69174706	-0.003586	-1.033050	-1.459042	-38	0.857888
9868	3.4846997083e-2	0.320490	0.82846795	0.69178290	-0.003586	-1.033050	-1.459042	-38	0.857890
9869	3.4771007969e-2	0.319794	0.82847406	0.69171914	-0.003484	-1.032118	-1.450471	-37	0.857891
9870	3.4803783570e-2	0.320099	0.82849051	0.69178479	-0.003586	-1.033050	-1.459042	-38	0.857893
9871	3.4826302922e-2	0.320310	0.82848688	0.69180006	-0.003687	-1.033982	-1.467611	-39	0.857894
9872	3.4891520116e-2	0.320913	0.82849811	0.69188774	-0.003687	-1.033982	-1.467611	-39	0.857896
9873	3.4945494534e-2	0.321413	0.82850080	0.69194709	-0.003687	-1.033982	-1.467611	-39	0.857898
9874	3.5115980959e-2	0.322985	0.82848804	0.69209205	-0.003586	-1.033050	-1.459044	-38	0.857899
9875	3.5041425596e-2	0.322303	0.82849303	0.69202749	-0.003586	-1.033050	-1.459044	-38	0.857901
9876	3.5060611394e-2	0.322483	0.82849685	0.69205432	-0.003586	-1.033050	-1.459044	-38	0.857903
9877	3.5231105529e-2	0.324054	0.82851523	0.69226156	-0.003687	-1.033982	-1.467609	-39	0.857904
9878	3.5282952732e-2	0.324535	0.82853426	0.69235147	-0.003788	-1.034913	-1.476174	-40	0.857906
9879	3.5260992138e-2	0.324336	0.82853255	0.69232609	-0.003889	-1.035844	-1.484739	-41	0.857908
9880	3.5249523458e-2	0.324235	0.82853141	0.69231235	-0.003889	-1.035844	-1.484739	-41	0.857909
9881	3.5450671553e-2	0.326088	0.82853526	0.69252120	-0.003788	-1.034913	-1.476176	-40	0.857911
9882	3.5406904542e-2	0.325689	0.82853606	0.69247902	-0.003788	-1.034913	-1.476176	-40	0.857913
9883	3.5334295750e-2	0.325025	0.82854670	0.69242770	-0.003889	-1.035844	-1.484737	-41	0.857914
9884	3.5357837808e-2	0.325245	0.82856525	0.69248834	-0.003889	-1.035844	-1.484737	-41	0.857916
9885	3.5237382040e-2	0.324141	0.82858432	0.69240602	-0.003991	-1.036774	-1.493297	-42	0.857918
9886	3.5390591851e-2	0.325554	0.82858858	0.69256775	-0.003889	-1.035844	-1.484738	-41	0.857919
9887	3.5227394326e-2	0.324056	0.82860283	0.69243304	-0.003991	-1.036774	-1.493297	-42	0.857921
9888	3.5165610173e-2	0.323491	0.82860861	0.69238283	-0.003991	-1.036774	-1.493297	-42	0.857922
9889	3.5133099480e-2	0.323196	0.82861009	0.69235328	-0.004092	-1.037705	-1.501854	-43	0.857924
9890	3.5393724178e-2	0.325597	0.82861723	0.69262819	-0.003991	-1.036774	-1.493297	-42	0.857926
9891	3.5371024168e-2	0.325392	0.82862788	0.69262679	-0.003991	-1.036774	-1.493297	-42	0.857927
9892	3.5336457150e-2	0.325077	0.82862800	0.69259246	-0.003991	-1.036774	-1.493297	-42	0.857929
9893	3.5306945030e-2	0.324809	0.82862977	0.69256649	-0.003889	-1.035844	-1.484743	-41	0.857931
9894	3.5265157696e-2	0.324428	0.82860962	0.69248440	-0.003788	-1.034915	-1.476189	-40	0.857932
9895	3.5268222684e-2	0.324460	0.82859699	0.69246221	-0.003687	-1.033985	-1.467635	-39	0.857934
9896	3.5296034490e-2	0.324719	0.82859115	0.69247834	-0.003687	-1.033985	-1.467635	-39	0.857936
9897	3.5204495353e-2	0.323881	0.82859491	0.69239432	-0.003586	-1.033055	-1.459083	-38	0.857937
9898	3.5085937868e-2	0.322794	0.82861008	0.69230610	-0.003586	-1.033055	-1.459083	-38	0.857939
9899	3.5000298011e-2	0.322009	0.82860163	0.69220355	-0.003485	-1.032126	-1.450532	-37	0.857941
9900	3.5079246343e-2	0.322739	0.82859609	0.69227143	-0.003485	-1.032126	-1.450532	-37	0.857942
9901	3.5030473391e-2	0.322294	0.82860231	0.69223509	-0.003586	-1.033055	-1.459082	-38	0.857944
9902	3.5039036818e-2	0.322376	0.82860302	0.69224507	-0.003485	-1.032126	-1.450533	-37	0.857945
9903	3.4996990143e-2	0.321993	0.82862387	0.69224473	-0.003384	-1.031197	-1.441985	-36	0.857947
9904	3.4815522126e-2	0.320327	0.82862406	0.69206364	-0.003384	-1.031197	-1.441985	-36	0.857949
9905	3.4793167929e-2	0.320125	0.82862686	0.69204690	-0.003485	-1.032126	-1.450532	-37	0.857950
9906	3.4709555199e-2	0.319359	0.82863217	0.69197390	-0.003384	-1.031197	-1.441986	-36	0.857952
9907	3.4712795033e-2	0.319392	0.82863472	0.69198224	-0.003485	-1.032126	-1.450531	-37	0.857954
9908	3.4627397097e-2	0.318610	0.82863664	0.69190067	-0.003485	-1.032126	-1.450531	-37	0.857955
9909	3.4715357452e-2	0.319423	0.82865386	0.69202307	-0.003485	-1.032126	-1.450531	-37	0.857957
9910	3.4641719220e-2	0.318749	0.82864536	0.69193245	-0.003586	-1.033054	-1.459074	-38	0.857959
9911	3.4602183026e-2	0.318389	0.82863268	0.69186754	-0.003687	-1.033983	-1.467617	-39	0.857960
9912	3.4835967913e-2	0.320543	0.82864101	0.69211800	-0.003687	-1.033983	-1.467617	-39	0.857962
9913	3.4797439217e-2	0.320192	0.82864444	0.69208632	-0.003586	-1.033054	-1.459076	-38	0.857963
9914	3.4876368982e-2	0.320922	0.82864269	0.69216175	-0.003485	-1.032126	-1.450535	-37	0.857965
9915	3.4790360704e-2	0.320134	0.82864023	0.69207081	-0.003586	-1.033054	-1.459075	-38	0.857967
9916	3.4595892977e-2	0.318348	0.82864717	0.69189024	-0.003586	-1.033054	-1.459075	-38	0.857968
9917	3.4617710147e-2	0.318552	0.82865240	0.69192252	-0.003485	-1.032126	-1.450536	-37	0.857970
9918	3.4628641417e-2	0.318656	0.82864599	0.69192062	-0.003485	-1.032126	-1.450536	-37	0.857972
9919	3.4617047164e-2	0.318553	0.82864236	0.69190177	-0.003586	-1.033054	-1.459074	-38	0.857973
9920	3.4686335207e-2	0.319194	0.82863652	0.69195939	-0.003586	-1.033054	-1.459074	-38	0.857975
9921	3.4737108057e-2	0.319665	0.82864175	0.69202062	-0.003485	-1.032127	-1.450538	-37	0.857977
9922	3.4628431843e-2	0.318668	0.82866449	0.69195740	-0.003485	-1.032127	-1.450538	-37	0.857978
9923	3.4668330752e-2	0.319039	0.82866861	0.69200556	-0.003586	-1.033054	-1.459072	-38	0.857980
9924	3.4695749307e-2	0.319295	0.82866612	0.69202798	-0.003586	-1.033054	-1.459072	-38	0.857981
9925	3.4751805354e-2	0.319814	0.82865020	0.69205221	-0.003586	-1.033054	-1.459072	-38	0.857983
9926	3.4856278855e-2	0.320779	0.82866307	0.69218241	-0.003687	-1.033981	-1.467605	-39	0.857985
9927	3.4842580642e-2	0.320657	0.82865814	0.69215887	-0.003687	-1.033981	-1.467605	-39	0.857986
9928	3.4770243511e-2	0.319995	0.82865891	0.69208807	-0.003687	-1.033981	-1.467605	-39	0.857988
9929	3.4855179701e-2	0.320780	0.82865621	0.69216760	-0.003788	-1.034908	-1.476135	-40	0.857990
9930	3.5049681167e-2	0.322573	0.82865054	0.69235075	-0.003687	-1.033981	-1.467605	-39	0.857991
9931	3.5266191574e-2	0.324569	0.82868023	0.69262666	-0.003788	-1.034908	-1.476135	-40	0.857993
9932	3.5162194707e-2	0.323616	0.82867594	0.69251408	-0.003788	-1.034908	-1.476135	-40	0.857995
9933	3.5017980812e-2	0.322292	0.82869453	0.69240705	-0.003687	-1.033981	-1.467607	-39	0.857996
9934	3.4986141830e-2	0.322003	0.82871221	0.69241057	-0.003586	-1.033055	-1.459080	-38	0.857998
9935	3.4872426393e-2	0.320960	0.82870961	0.69229164	-0.003486	-1.032128	-1.450553	-37	0.857999
9936	3.4856336648e-2	0.320815	0.82870886	0.69227405	-0.003486	-1.032128	-1.450553	-37	0.858001
9937	3.4972727499e-2	0.321890	0.82871086	0.69239446	-0.003385	-1.031202	-1.442028	-36	0.858003
9938	3.5006813802e-2	0.322207	0.82871413	0.69243508	-0.003284	-1.030276	-1.433504	-35	0.858004
9939	3.5001696525e-2	0.322163	0.82873117	0.69246404	-0.003184	-1.029350	-1.424980	-34	0.858006
9940	3.4981828610e-2	0.321984	0.82873599	0.69245380	-0.003184	-1.029350	-1.424980	-34	0.858008
9941	3.4874235404e-2	0.320997	0.82874348	0.69236120	-0.003284	-1.030276	-1.433502	-35	0.858009
9942	3.4999873114e-2	0.322157	0.82875556	0.69251099	-0.003385	-1.031202	-1.442024	-36	0.858011
9943	3.5089224502e-2	0.322983	0.82875503	0.69259929	-0.003284	-1.030276	-1.433503	-35	0.858012
9944	3.5025035119e-2	0.322396	0.82875447	0.69253398	-0.003284	-1.030276	-1.433503	-35	0.858014
9945	3.4987491912e-2	0.322054	0.82874828	0.69248406	-0.003284	-1.030276	-1.433503	-35	0.858016
9946	3.5231008514e-2	0.324299	0.82875211	0.69273522	-0.003184	-1.029351	-1.424984	-34	0.858017
9947	3.5145634453e-2	0.323516	0.82876084	0.69266731	-0.003184	-1.029351	-1.424984	-34	0.858019
9948	3.5048527475e-2	0.322626	0.82875630	0.69256112	-0.003184	-1.029351	-1.424984	-34	0.858021
9949	3.4968586660e-2	0.321894	0.82874196	0.69245251	-0.003284	-1.030276	-1.433501	-35	0.858022
9950	3.5234956746e-2	0.324349	0.82874389	0.69272274	-0.003284	-1.030276	-1.433501	-35	0.858024
9951	3.5080312871e-2	0.322929	0.82875334	0.69258699	-0.003385	-1.031201	-1.442017	-36	0.858025
9952	3.5232132679e-2	0.324330	0.82874244	0.69271702	-0.003385	-1.031201	-1.442017	-36	0.858027
9953	3.5223732908e-2	0.324257	0.82874151	0.69270676	-0.003284	-1.030276	-1.433502	-35	0.858029
9954	3.5230574157e-2	0.324323	0.82873714	0.69270486	-0.003284	-1.030276	-1.433502	-35	0.858030
9955	3.5127397660e-2	0.323377	0.82872908	0.69258556	-0.003385	-1.031201	-1.442015	-36	0.858032
9956	3.5041906284e-2	0.322593	0.82873551	0.69251293	-0.003385	-1.031201	-1.442015	-36	0.858033
9957	3.4903243283e-2	0.321320	0.82873691	0.69237706	-0.003284	-1.030276	-1.433504	-35	0.858035
9958	3.4899047160e-2	0.321285	0.82873376	0.69236656	-0.003385	-1.031201	-1.442015	-36	0.858037
9959	3.4832906425e-2	0.320680	0.82871741	0.69226773	-0.003284	-1.030276	-1.433504	-35	0.858038
9960	3.4781632317e-2	0.320211	0.82872290	0.69222744	-0.003284	-1.030276	-1.433504	-35	0.858040
9961	3.4925133891e-2	0.321536	0.82873347	0.69239208	-0.003184	-1.029352	-1.424995	-34	0.858042
9962	3.4870160753e-2	0.321033	0.82872020	0.69231056	-0.003284	-1.030276	-1.433504	-35	0.858043
9963	3.4891272567e-2	0.321231	0.82871903	0.69232934	-0.003284	-1.030276	-1.433504	-35	0.858045
9964	3.4735733844e-2	0.319803	0.82870874	0.69215321	-0.003284	-1.030276	-1.433504	-35	0.858046
9965	3.4798734868e-2	0.320386	0.82870627	0.69221128	-0.003184	-1.029352	-1.424997	-34	0.858048
9966	3.4996421245e-2	0.322210	0.82872363	0.69244368	-0.003084	-1.028428	-1.416492	-33	0.858050
9967	3.5057270053e-2	0.322774	0.82873166	0.69252059	-0.003184	-1.029352	-1.424997	-34	0.858051
9968	3.5009936133e-2	0.322341	0.82874116	0.69249226	-0.003184	-1.029352	-1.424997	-34	0.858053
9969	3.4969668726e-2	0.321974	0.82875808	0.69248582	-0.003084	-1.028429	-1.416493	-33	0.858055
9970	3.4899119020e-2	0.321328	0.82876367	0.69242647	-0.003184	-1.029352	-1.424996	-34	0.858056
9971	3.5043942791e-2	0.322665	0.82877325	0.69259045	-0.003184	-1.029352	-1.424996	-34	0.858058
9972	3.4879007398e-2	0.321150	0.82877765	0.69243430	-0.003184	-1.029352	-1.424996	-34	0.858059
9973	3.4922406706e-2	0.321553	0.82877753	0.69247748	-0.003284	-1.030275	-1.433497	-35	0.858061
9974	3.4907685024e-2	0.321421	0.82879218	0.69249204	-0.003184	-1.029352	-1.424997	-34	0.858063
9975	3.5026951231e-2	0.322522	0.82880962	0.69264620	-0.003184	-1.029352	-1.424997	-34	0.858064
9976	3.5041233238e-2	0.322657	0.82879590	0.69263304	-0.003184	-1.029352	-1.424997	-34	0.858066
9977	3.4899299909e-2	0.321354	0.82878049	0.69246028	-0.003084	-1.028429	-1.416498	-33	0.858067
9978	3.4814495616e-2	0.320577	0.82877512	0.69236474	-0.003184	-1.029352	-1.424996	-34	0.858069
9979	3.4752458903e-2	0.320009	0.82877318	0.69229883	-0.003084	-1.028429	-1.416499	-33	0.858071
9980	3.4860187604e-2	0.321004	0.82877864	0.69241747	-0.003084	-1.028429	-1.416499	-33	0.858072
9981	3.4860318883e-2	0.321009	0.82876724	0.69239481	-0.003084	-1.028429	-1.416499	-33	0.858074
9982	3.5025073043e-2	0.322530	0.82878777	0.69260061	-0.002984	-1.027507	-1.408004	-32	0.858076
9983	3.5113616134e-2	0.323349	0.82877935	0.69267231	-0.002883	-1.026584	-1.399510	-31	0.858077
9984	3.5270730731e-2	0.324799	0.82877181	0.69281435	-0.002883	-1.026584	-1.399510	-31	0.858079
9985	3.5192142742e-2	0.324079	0.82877324	0.69273862	-0.002783	-1.025662	-1.391017	-30	0.858080
9986	3.5021992888e-2	0.322515	0.82876443	0.69255085	-0.002683	-1.024740	-1.382524	-29	0.858082
9987	3.5009093424e-2	0.322400	0.82874966	0.69250842	-0.002583	-1.023818	-1.374033	-28	0.858084
9988	3.5004925218e-2	0.322365	0.82875138	0.69250769	-0.002583	-1.023818	-1.374033	-28	0.858085
9989	3.5018229436e-2	0.322491	0.82874423	0.69250668	-0.002483	-1.022896	-1.365542	-27	0.858087
9990	3.4932171626e-2	0.321702	0.82874481	0.69242180	-0.002483	-1.022896	-1.365542	-27	0.858088
9991	3.4813652514e-2	0.320614	0.82875861	0.69233086	-0.002383	-1.021974	-1.357053	-26	0.858090
9992	3.4776052618e-2	0.320271	0.82875458	0.69228520	-0.002383	-1.021974	-1.357053	-26	0.858092
9993	3.4753406387e-2	0.320066	0.82874382	0.69224105	-0.002283	-1.021052	-1.348566	-25	0.858093
9994	3.4691398503e-2	0.319499	0.82875157	0.69219453	-0.002383	-1.021974	-1.357053	-26	0.858095
9995	3.4945502142e-2	0.321842	0.82876094	0.69246737	-0.002283	-1.021053	-1.348566	-25	0.858096
9996	3.4845663638e-2	0.320926	0.82876639	0.69237844	-0.002283	-1.021053	-1.348566	-25	0.858098
9997	3.4840278936e-2	0.320880	0.82876558	0.69237144	-0.002183	-1.020131	-1.340081	-24	0.858099
9998	3.4899030436e-2	0.321425	0.82876975	0.69243852	-0.002083	-1.019210	-1.331597	-23	0.858101
9999	3.4943819922e-2	0.321841	0.82877142	0.69248665	-0.002083	-1.019210	-1.331597	-23	0.858103
10000	3.4983746768e-2	0.322212	0.82876820	0.69252014	-0.002083	-1.019210	-1.331597	-23	0.858104
