rank	k	weight	d_k	omega	is_prime	factors
1	448	1.506065746732e-1	14	2	composite	2^6·7
2	600	1.210670182369e-1	24	3	composite	2^3·3·5^2
3	540	7.044384902337e-2	24	3	composite	2^2·3^3·5
4	449	6.133312555465e-2	2	1	prime	449 (prime)
5	896	5.363096075329e-2	16	2	composite	2^7·7
6	541	3.796945771756e-2	2	1	prime	541 (prime)
7	1200	3.463045355416e-2	30	3	composite	2^4·3·5^2
8	1800	3.225551912956e-2	36	3	composite	2^3·3^2·5^2
9	1344	2.938048148372e-2	28	3	composite	2^6·3·7
10	2240	2.902362983099e-2	28	3	composite	2^6·5·7
11	601	2.852385335832e-2	2	1	prime	601 (prime)
12	4200	2.310333014382e-2	48	4	composite	2^3·3·5^2·7
13	1080	1.806712449212e-2	32	3	composite	2^3·3^3·5
14	3136	1.720611831668e-2	21	2	composite	2^6·7^2
15	4928	1.707598262847e-2	28	3	composite	2^6·7·11
16	599	1.641709082082e-2	2	1	prime	599 (prime)
17	13888	1.575395974444e-2	28	3	composite	2^6·7·31
18	5824	1.445946746563e-2	28	3	composite	2^6·7·13
19	2688	1.288858681494e-2	32	3	composite	2^7·3·7
20	3780	1.154319012534e-2	48	4	composite	2^2·3^3·5·7
21	900	9.078131608465e-3	27	3	composite	2^2·3^2·5^2
22	18432	7.623295788113e-3	36	2	composite	2^11·3^2
23	576	6.057848241378e-3	21	2	composite	2^6·3^2
24	4480	5.936694582787e-3	32	3	composite	2^7·5·7
25	7560	5.768215806919e-3	64	4	composite	2^3·3^3·5·7
26	8400	5.196595972794e-3	60	4	composite	2^4·3·5^2·7
27	577	5.150449774402e-3	2	1	prime	577 (prime)
28	1201	4.978985026864e-3	2	1	prime	1201 (prime)
29	12600	4.537430146932e-3	72	4	composite	2^3·3^2·5^2·7
30	3593	4.392253013829e-3	2	1	prime	3593 (prime)
31	9856	4.213654885207e-3	32	3	composite	2^7·7·11
32	1801	4.078278100982e-3	2	1	prime	1801 (prime)
33	443	3.994508310578e-3	2	1	prime	443 (prime)
34	3584	3.185546585236e-3	20	2	composite	2^9·7
35	15872	3.058498757702e-3	20	2	composite	2^9·31
36	27776	3.045029188381e-3	32	3	composite	2^7·7·31
37	2243	3.021841804159e-3	2	1	prime	2243 (prime)
38	6272	2.970826080575e-3	24	2	composite	2^7·7^2
39	31744	2.532403105142e-3	22	2	composite	2^10·31
40	45360	2.417472035083e-3	100	4	composite	2^4·3^4·5·7
41	18427	2.348600381077e-3	2	1	prime	18427 (prime)
42	18433	2.343094382343e-3	2	1	prime	18433 (prime)
43	11648	2.288449446569e-3	32	3	composite	2^7·7·13
44	1087	2.191202204775e-3	2	1	prime	1087 (prime)
45	36864	2.165302737466e-3	39	2	composite	2^12·3^2
46	3600	2.072693980804e-3	45	3	composite	2^4·3^2·5^2
47	1193	1.954412040826e-3	2	1	prime	1193 (prime)
48	15120	1.838583157705e-3	80	4	composite	2^4·3^3·5·7
49	7936	1.755493583647e-3	18	2	composite	2^8·31
50	15625	1.749631358901e-3	7	1	composite	5^6
51	3793	1.515054615283e-3	2	1	prime	3793 (prime)
52	5376	1.399645216539e-3	36	3	composite	2^8·3·7
53	47616	1.367962529261e-3	40	3	composite	2^9·3·31
54	2160	1.339017749373e-3	40	3	composite	2^4·3^3·5
55	2880	1.324162986205e-3	42	3	composite	2^6·3^2·5
56	6300	1.299561193292e-3	54	4	composite	2^2·3^2·5^2·7
57	5939	1.289760658098e-3	2	1	prime	5939 (prime)
58	6720	1.142864192038e-3	56	4	composite	2^6·3·5·7
59	2728	1.127510570186e-3	16	3	composite	2^3·11·31
60	23296	1.098231378129e-3	36	3	composite	2^8·7·13
61	37800	1.031592392207e-3	96	4	composite	2^3·3^3·5^2·7
62	1331	1.021296950305e-3	4	1	composite	11^3
63	560	9.866045994611e-4	20	3	composite	2^4·5·7
64	1327	9.665112783748e-4	2	1	prime	1327 (prime)
65	43008	9.171513637155e-4	48	3	composite	2^11·3·7
66	360	9.170385438044e-4	24	3	composite	2^3·3^2·5
67	75600	9.141234833617e-4	120	4	composite	2^4·3^3·5^2·7
68	95232	9.055765180977e-4	44	3	composite	2^10·3·31
69	6944	9.054129058950e-4	24	3	composite	2^5·7·31
70	11904	8.988463884297e-4	32	3	composite	2^7·3·31
71	6733	8.922266997374e-4	2	1	prime	6733 (prime)
72	28672	8.863680788342e-4	26	2	composite	2^12·7
73	11176	8.780322828070e-4	16	3	composite	2^3·11·127
74	4224	8.725598577557e-4	32	3	composite	2^7·3·11
75	39424	8.317101531391e-4	40	3	composite	2^9·7·11
76	2161	8.055452964847e-4	2	1	prime	2161 (prime)
77	22680	7.933126962927e-4	80	4	composite	2^3·3^4·5·7
78	887	7.933018831137e-4	2	1	prime	887 (prime)
79	384	7.900941998511e-4	16	2	composite	2^7·3
80	22352	7.836097942923e-4	20	3	composite	2^4·11·127
81	3607	7.581005073014e-4	2	1	prime	3607 (prime)
82	1440	7.400754415138e-4	36	3	composite	2^5·3^2·5
83	2689	7.193481853940e-4	2	1	prime	2689 (prime)
84	30240	7.060869615910e-4	96	4	composite	2^5·3^3·5·7
85	26416	7.007790405960e-4	20	3	composite	2^4·13·127
86	1120	6.945875160241e-4	24	3	composite	2^5·5·7
87	480	6.898066974963e-4	24	3	composite	2^5·3·5
88	1123	6.885545242445e-4	2	1	prime	1123 (prime)
89	46592	6.699835605348e-4	40	3	composite	2^9·7·13
90	5952	6.579319908729e-4	28	3	composite	2^6·3·31
91	1152	6.434793246209e-4	24	2	composite	2^7·3^2
92	2999	6.270300398385e-4	2	1	prime	2999 (prime)
93	1364	6.035801063157e-4	12	3	composite	2^2·11·31
94	2401	5.916543148942e-4	5	1	composite	7^4
95	673	5.745206519133e-4	2	1	prime	673 (prime)
96	1920	5.665324402705e-4	32	3	composite	2^7·3·5
97	1153	5.552715090104e-4	2	1	prime	1153 (prime)
98	39936	5.464237847483e-4	44	3	composite	2^10·3·13
99	8448	5.383579293980e-4	36	3	composite	2^8·3·11
100	1612	5.373434796862e-4	12	3	composite	2^2·13·31
101	9216	5.327886335224e-4	33	2	composite	2^10·3^2
102	10752	5.167883461985e-4	40	3	composite	2^9·3·7
103	26407	5.105468829940e-4	2	1	prime	26407 (prime)
104	23808	5.102158709955e-4	36	3	composite	2^8·3·31
105	12589	5.083111242308e-4	2	1	prime	12589 (prime)
106	26417	4.995645699360e-4	2	1	prime	26417 (prime)
107	4960	4.990765150887e-4	24	3	composite	2^5·5·31
108	889	4.982132929273e-4	4	2	composite	7·127
109	14336	4.955158716936e-4	24	2	composite	2^11·7
110	90720	4.925565980083e-4	120	4	composite	2^5·3^4·5·7
111	21504	4.873987745954e-4	44	3	composite	2^10·3·7
112	48768	4.716555560677e-4	32	3	composite	2^7·3·127
113	528	4.713610997148e-4	20	3	composite	2^4·3·11
114	3360	4.675638402205e-4	48	4	composite	2^5·3·5·7
115	3137	4.591495022090e-4	2	1	prime	3137 (prime)
116	63488	4.404762543306e-4	24	2	composite	2^11·31
117	1571	4.263373856545e-4	2	1	prime	1571 (prime)
118	2197	4.177810157264e-4	4	1	composite	13^3
119	19968	4.092198091296e-4	40	3	composite	2^9·3·13
120	7177	3.981121705416e-4	2	1	prime	7177 (prime)
121	1789	3.861086134425e-4	2	1	prime	1789 (prime)
122	907	3.818243379897e-4	2	1	prime	907 (prime)
123	6599	3.772106599033e-4	2	1	prime	6599 (prime)
124	2309	3.738497865174e-4	2	1	prime	2309 (prime)
125	37799	3.617238282608e-4	2	1	prime	37799 (prime)
126	52832	3.592254714001e-4	24	3	composite	2^5·13·127
127	3556	3.536032802407e-4	12	3	composite	2^2·7·127
128	5588	3.514494104824e-4	12	3	composite	2^2·11·127
129	37811	3.475283299719e-4	2	1	prime	37811 (prime)
130	1792	3.473501879927e-4	18	2	composite	2^8·7
131	1056	3.384710756939e-4	24	3	composite	2^5·3·11
132	3840	3.350242922978e-4	36	3	composite	2^8·3·5
133	11657	3.310535654758e-4	2	1	prime	11657 (prime)
134	20160	3.248291585562e-4	84	4	composite	2^6·3^2·5·7
135	27720	3.221958204897e-4	96	5	composite	2^3·3^2·5·7·11
136	1680	3.201525714037e-4	40	4	composite	2^4·3·5·7
137	5040	3.115271123935e-4	60	4	composite	2^4·3^2·5·7
138	1361	3.094492226069e-4	2	1	prime	1361 (prime)
139	806	3.077873951893e-4	8	3	composite	2·13·31
140	40320	3.073274381754e-4	96	4	composite	2^7·3^2·5·7
141	1783	3.028354221152e-4	2	1	prime	1783 (prime)
142	149	2.987339527644e-4	2	1	prime	149 (prime)
143	5456	2.964190001993e-4	20	3	composite	2^4·11·31
144	86016	2.931271906899e-4	52	3	composite	2^12·3·7
145	11903	2.913888900958e-4	2	1	prime	11903 (prime)
146	8389	2.822107136960e-4	2	1	prime	8389 (prime)
147	7937	2.797448618807e-4	2	1	prime	7937 (prime)
148	2719	2.726226997088e-4	2	1	prime	2719 (prime)
149	8419	2.678987099321e-4	2	1	prime	8419 (prime)
150	269	2.677097065494e-4	2	1	prime	269 (prime)
151	97536	2.672818027058e-4	36	3	composite	2^8·3·127
152	4096	2.655275816904e-4	13	1	composite	2^12
153	2917	2.611423902626e-4	2	1	prime	2917 (prime)
154	8192	2.587190018349e-4	14	1	composite	2^13
155	1232	2.532833261222e-4	20	3	composite	2^4·7·11
156	223	2.495376372294e-4	2	1	prime	223 (prime)
157	4992	2.463787927535e-4	32	3	composite	2^7·3·13
158	2304	2.459958338926e-4	27	2	composite	2^8·3^2
159	6277	2.457633078407e-4	2	1	prime	6277 (prime)
160	5581	2.440808815413e-4	2	1	prime	5581 (prime)
161	337	2.411177701974e-4	2	1	prime	337 (prime)
162	5351	2.391352605188e-4	2	1	prime	5351 (prime)
163	5827	2.388532054650e-4	2	1	prime	5827 (prime)
164	4957	2.340544575688e-4	2	1	prime	4957 (prime)
165	13217	2.334537382947e-4	2	1	prime	13217 (prime)
166	359	2.324321906528e-4	2	1	prime	359 (prime)
167	1069	2.298576950113e-4	2	1	prime	1069 (prime)
168	14641	2.290168331821e-4	5	1	composite	11^4
169	7933	2.289791052775e-4	2	1	prime	7933 (prime)
170	616	2.263805291398e-4	16	3	composite	2^3·7·11
171	11909	2.248642632274e-4	2	1	prime	11909 (prime)
172	166320	2.234578942689e-4	160	5	composite	2^4·3^3·5·7·11
173	55440	2.221332788281e-4	120	5	composite	2^4·3^2·5·7·11
174	4219	2.208558564463e-4	2	1	prime	4219 (prime)
175	20320	2.173184659481e-4	24	3	composite	2^5·5·127
176	2540	2.139018108446e-4	12	3	composite	2^2·5·127
177	7561	2.113292191130e-4	2	1	prime	7561 (prime)
178	433	2.066960168732e-4	2	1	prime	433 (prime)
179	3121	2.051377121094e-4	2	1	prime	3121 (prime)
180	13187	1.968938515770e-4	2	1	prime	13187 (prime)
181	10160	1.954765017169e-4	20	3	composite	2^4·5·127
182	5381	1.943352046756e-4	2	1	prime	5381 (prime)
183	31751	1.903865286991e-4	2	1	prime	31751 (prime)
184	12601	1.886818783925e-4	2	1	prime	12601 (prime)
185	2976	1.837334569890e-4	24	3	composite	2^5·3·31
186	3079	1.827135743611e-4	2	1	prime	3079 (prime)
187	5080	1.823964425184e-4	16	3	composite	2^3·5·127
188	39419	1.816030843046e-4	2	1	prime	39419 (prime)
189	9920	1.813081900972e-4	28	3	composite	2^6·5·31
190	2687	1.775587582703e-4	2	1	prime	2687 (prime)
191	3125	1.757856714832e-4	6	1	composite	5^5
192	4931	1.753669924430e-4	2	1	prime	4931 (prime)
193	10007	1.733638583990e-4	2	1	prime	10007 (prime)
194	6299	1.722135397494e-4	2	1	prime	6299 (prime)
195	4177	1.687806980483e-4	2	1	prime	4177 (prime)
196	2239	1.686938304836e-4	2	1	prime	2239 (prime)
197	877	1.670268530689e-4	2	1	prime	877 (prime)
198	3048	1.659252341569e-4	16	3	composite	2^3·3·127
199	15859	1.647441544285e-4	2	1	prime	15859 (prime)
200	4621	1.630981709621e-4	2	1	prime	4621 (prime)
201	31741	1.619825284128e-4	2	1	prime	31741 (prime)
202	24576	1.618629908408e-4	28	2	composite	2^13·3
203	48779	1.615703848427e-4	2	1	prime	48779 (prime)
204	8461	1.598706608418e-4	2	1	prime	8461 (prime)
205	2153	1.588555347415e-4	2	1	prime	2153 (prime)
206	563	1.574092317301e-4	2	1	prime	563 (prime)
207	21503	1.567954999331e-4	2	1	prime	21503 (prime)
208	15360	1.549149466327e-4	44	3	composite	2^10·3·5
209	40955	1.544063991432e-4	4	2	composite	5·8191
210	23297	1.534732025944e-4	2	1	prime	23297 (prime)
211	2729	1.533829542759e-4	2	1	prime	2729 (prime)
212	3301	1.532115188431e-4	2	1	prime	3301 (prime)
213	48767	1.529655947012e-4	2	1	prime	48767 (prime)
214	83160	1.527561433561e-4	128	5	composite	2^3·3^3·5·7·11
215	7559	1.515507364756e-4	2	1	prime	7559 (prime)
216	960	1.497012394746e-4	28	3	composite	2^6·3·5
217	336	1.493597300982e-4	20	3	composite	2^4·3·7
218	11177	1.430139914247e-4	2	1	prime	11177 (prime)
219	39439	1.404786509999e-4	2	1	prime	39439 (prime)
220	23293	1.387551009161e-4	2	1	prime	23293 (prime)
221	22367	1.385662694160e-4	2	1	prime	22367 (prime)
222	2520	1.360911958973e-4	48	4	composite	2^3·3^2·5·7
223	22349	1.351013739675e-4	2	1	prime	22349 (prime)
224	571	1.346394802320e-4	2	1	prime	571 (prime)
225	17911	1.330704952777e-4	2	1	prime	17911 (prime)
226	32512	1.323247577152e-4	18	2	composite	2^8·127
227	12899	1.306176667414e-4	2	1	prime	12899 (prime)
228	4057	1.305852018619e-4	2	1	prime	4057 (prime)
229	1270	1.294611063391e-4	8	3	composite	2·5·127
230	45343	1.265390673004e-4	2	1	prime	45343 (prime)
231	9984	1.265387618232e-4	36	3	composite	2^8·3·13
232	12192	1.252115041159e-4	24	3	composite	2^5·3·127
233	93184	1.211609082872e-4	44	3	composite	2^10·7·13
234	78848	1.210275135391e-4	44	3	composite	2^10·7·11
235	3224	1.191593389498e-4	16	3	composite	2^3·13·31
236	6151	1.189053425098e-4	2	1	prime	6151 (prime)
237	19840	1.187640985631e-4	32	3	composite	2^7·5·31
238	13883	1.182961193165e-4	2	1	prime	13883 (prime)
239	768	1.171686378732e-4	18	2	composite	2^8·3
240	21517	1.142487740367e-4	2	1	prime	21517 (prime)
241	9857	1.133307194463e-4	2	1	prime	9857 (prime)
242	288	1.124976888887e-4	18	2	composite	2^5·3^2
243	11173	1.123380422328e-4	2	1	prime	11173 (prime)
244	439	1.121538389921e-4	2	1	prime	439 (prime)
245	25088	1.119976656009e-4	30	2	composite	2^9·7^2
246	14224	1.114953825302e-4	20	3	composite	2^4·7·127
247	45361	1.097333792054e-4	2	1	prime	45361 (prime)
248	3302	1.095887145932e-4	8	3	composite	2·13·127
249	3833	1.082068419260e-4	2	1	prime	3833 (prime)
250	809	1.074801237037e-4	2	1	prime	809 (prime)
251	47623	1.062705157070e-4	2	1	prime	47623 (prime)
252	24384	1.059775072681e-4	28	3	composite	2^6·3·127
253	79872	1.035002445214e-4	48	3	composite	2^11·3·13
254	24593	1.030632124916e-4	2	1	prime	24593 (prime)
255	3968	1.028621672305e-4	16	2	composite	2^7·31
256	158720	1.024651790419e-4	44	3	composite	2^10·5·31
257	762	9.907375592489e-5	8	3	composite	2·3·127
258	4481	9.766947047301e-5	2	1	prime	4481 (prime)
259	6301	9.605782317778e-5	2	1	prime	6301 (prime)
260	672	9.481942210688e-5	24	3	composite	2^5·3·7
261	190464	9.430014505818e-5	48	3	composite	2^11·3·31
262	47609	9.332903574461e-5	2	1	prime	47609 (prime)
263	25200	9.293555210861e-5	90	4	composite	2^4·3^2·5^2·7
264	381	9.207961646494e-5	4	2	composite	3·127
265	4229	9.178146648266e-5	2	1	prime	4229 (prime)
266	40961	9.166387415265e-5	2	1	prime	40961 (prime)
267	1777	9.153836886241e-5	2	1	prime	1777 (prime)
268	13208	8.936726531933e-5	16	3	composite	2^3·13·127
269	23813	8.894349899950e-5	2	1	prime	23813 (prime)
270	78125	8.729733166931e-5	8	1	composite	5^7
271	10739	8.638999292131e-5	2	1	prime	10739 (prime)
272	21821	8.603136750395e-5	2	1	prime	21821 (prime)
273	16267	8.420113158706e-5	2	1	prime	16267 (prime)
274	1613	8.331684233265e-5	2	1	prime	1613 (prime)
275	40949	8.314856464120e-5	2	1	prime	40949 (prime)
276	4064	8.298453655474e-5	12	2	composite	2^5·127
277	8963	8.292009865176e-5	2	1	prime	8963 (prime)
278	21839	8.288289357948e-5	2	1	prime	21839 (prime)
279	23801	8.137400702947e-5	2	1	prime	23801 (prime)
280	2971	8.088914032564e-5	2	1	prime	2971 (prime)
281	46591	8.003367289192e-5	2	1	prime	46591 (prime)
282	25793	7.974687195728e-5	2	1	prime	25793 (prime)
283	15361	7.970686863286e-5	2	1	prime	15361 (prime)
284	868	7.965130862885e-5	12	3	composite	2^2·7·31
285	15359	7.883318015826e-5	2	1	prime	15359 (prime)
286	8960	7.800047912809e-5	36	3	composite	2^8·5·7
287	498960	7.782941805665e-5	200	5	composite	2^4·3^4·5·7·11
288	16896	7.774933822775e-5	40	3	composite	2^9·3·11
289	65024	7.713399704287e-5	20	2	composite	2^9·127
290	3847	7.688217401398e-5	2	1	prime	3847 (prime)
291	28447	7.659787096078e-5	2	1	prime	28447 (prime)
292	44704	7.576568031020e-5	24	3	composite	2^5·11·127
293	27701	7.571463162899e-5	2	1	prime	27701 (prime)
294	28463	7.570701555192e-5	2	1	prime	28463 (prime)
295	57344	7.507709599974e-5	28	2	composite	2^13·7
296	3779	7.475249389231e-5	2	1	prime	3779 (prime)
297	1151	7.282313871501e-5	2	1	prime	1151 (prime)
298	22679	7.231694164764e-5	2	1	prime	22679 (prime)
299	28448	7.136058958297e-5	24	3	composite	2^5·7·127
300	39929	7.113023042895e-5	2	1	prime	39929 (prime)
301	19712	7.078358697012e-5	36	3	composite	2^8·7·11
302	1979	7.053278064171e-5	2	1	prime	1979 (prime)
303	434	7.032417981109e-5	8	3	composite	2·7·31
304	840	7.024103673176e-5	32	4	composite	2^3·3·5·7
305	2794	7.008177688115e-5	8	3	composite	2·11·127
306	35840	6.926282178176e-5	44	3	composite	2^10·5·7
307	25792	6.873348968856e-5	28	3	composite	2^6·13·31
308	6449	6.809479663911e-5	2	1	prime	6449 (prime)
309	87296	6.768656232271e-5	36	3	composite	2^8·11·31
310	46601	6.734668249867e-5	2	1	prime	46601 (prime)
311	3072	6.714142084675e-5	22	2	composite	2^10·3
312	17921	6.676265545291e-5	2	1	prime	17921 (prime)
313	1397	6.650468215931e-5	4	2	composite	11·127
314	151200	6.550315581737e-5	144	4	composite	2^5·3^3·5^2·7
315	144	6.539136410064e-5	15	2	composite	2^4·3^2
316	22691	6.458668945081e-5	2	1	prime	22691 (prime)
317	2539	6.446710468384e-5	2	1	prime	2539 (prime)
318	16253	6.411938035626e-5	2	1	prime	16253 (prime)
319	14341	6.381540761314e-5	2	1	prime	14341 (prime)
320	831600	6.281684708391e-5	240	5	composite	2^4·3^3·5^2·7·11
321	19973	6.255799951239e-5	2	1	prime	19973 (prime)
322	56896	6.197857898835e-5	28	3	composite	2^6·7·127
323	1367	6.116028144332e-5	2	1	prime	1367 (prime)
324	4201	5.978376179539e-5	2	1	prime	4201 (prime)
325	9851	5.958639913001e-5	2	1	prime	9851 (prime)
326	20323	5.889046803744e-5	2	1	prime	20323 (prime)
327	364	5.883466120794e-5	12	3	composite	2^2·7·13
328	2048	5.854414506741e-5	12	1	composite	2^11
329	24573	5.705275427690e-5	4	2	composite	3·8191
330	14221	5.666348479164e-5	2	1	prime	14221 (prime)
331	39937	5.658694454061e-5	2	1	prime	39937 (prime)
332	332640	5.570005747564e-5	192	5	composite	2^5·3^3·5·7·11
333	479	5.563856739859e-5	2	1	prime	479 (prime)
334	12893	5.539589982690e-5	2	1	prime	12893 (prime)
335	2187	5.538931392376e-5	8	1	composite	3^7
336	12547	5.528232251614e-5	2	1	prime	12547 (prime)
337	27733	5.488103272972e-5	2	1	prime	27733 (prime)
338	222208	5.440972050263e-5	44	3	composite	2^10·7·31
339	55552	5.404499017431e-5	36	3	composite	2^8·7·31
340	1051	5.292600592660e-5	2	1	prime	1051 (prime)
341	79360	5.287010541766e-5	40	3	composite	2^9·5·31
342	720	5.203875825656e-5	30	3	composite	2^4·3^2·5
343	1567	5.184430841643e-5	2	1	prime	1567 (prime)
344	81910	5.111044472190e-5	8	3	composite	2·5·8191
345	2496	5.034651495133e-5	28	3	composite	2^6·3·13
346	168	5.023936008565e-5	16	3	composite	2^3·3·7
347	415800	4.994891607230e-5	192	5	composite	2^3·3^3·5^2·7·11
348	3049	4.954800303618e-5	2	1	prime	3049 (prime)
349	1568	4.767508830420e-5	18	2	composite	2^5·7^2
350	5051	4.748106420433e-5	2	1	prime	5051 (prime)
351	1637	4.738944487212e-5	2	1	prime	1637 (prime)
352	12163	4.704573284890e-5	2	1	prime	12163 (prime)
353	2459	4.661406713096e-5	2	1	prime	2459 (prime)
354	401	4.620654678685e-5	2	1	prime	401 (prime)
355	392	4.595245591554e-5	12	2	composite	2^3·7^2
356	15877	4.584944105737e-5	2	1	prime	15877 (prime)
357	3229	4.572463099433e-5	2	1	prime	3229 (prime)
358	51584	4.538206936810e-5	32	3	composite	2^7·13·31
359	277200	4.513598754222e-5	180	5	composite	2^4·3^2·5^2·7·11
360	80640	4.485882750377e-5	108	4	composite	2^8·3^2·5·7
361	311	4.457587379993e-5	2	1	prime	311 (prime)
362	28561	4.450532326648e-5	5	1	composite	13^4
363	2467	4.410809046612e-5	2	1	prime	2467 (prime)
364	136080	4.404548743248e-5	120	4	composite	2^4·3^5·5·7
365	7112	4.392420233171e-5	16	3	composite	2^3·7·127
366	1651	4.389082600447e-5	4	2	composite	13·127
367	226800	4.258211147506e-5	150	4	composite	2^4·3^4·5^2·7
368	4919	4.247600558727e-5	2	1	prime	4919 (prime)
369	111104	4.197920908957e-5	40	3	composite	2^9·7·31
370	7159	4.188872757329e-5	2	1	prime	7159 (prime)
371	14327	4.180072611820e-5	2	1	prime	14327 (prime)
372	21824	4.174375473538e-5	28	3	composite	2^6·11·31
373	241	4.171549686658e-5	2	1	prime	241 (prime)
374	10909	4.136992866810e-5	2	1	prime	10909 (prime)
375	383	4.132130266381e-5	2	1	prime	383 (prime)
376	27773	4.049471593369e-5	2	1	prime	27773 (prime)
377	2887	4.042888778028e-5	2	1	prime	2887 (prime)
378	3472	4.010921298112e-5	20	3	composite	2^4·7·31
379	4967	4.010467735898e-5	2	1	prime	4967 (prime)
380	300	3.993033156913e-5	18	3	composite	2^2·3·5^2
381	77	3.989845182767e-5	4	2	composite	7·11
382	2297	3.978361455197e-5	2	1	prime	2297 (prime)
383	729	3.968367738739e-5	7	1	composite	3^6
384	180	3.878753405323e-5	18	3	composite	2^2·3^2·5
385	9221	3.852704401424e-5	2	1	prime	9221 (prime)
386	1456	3.840988192831e-5	20	3	composite	2^4·7·13
387	3041	3.824996482485e-5	2	1	prime	3041 (prime)
388	25189	3.816580821246e-5	2	1	prime	25189 (prime)
389	138600	3.769454685252e-5	144	5	composite	2^3·3^2·5^2·7·11
390	20297	3.759878581626e-5	2	1	prime	20297 (prime)
391	40640	3.734222413178e-5	28	3	composite	2^6·5·127
392	172032	3.654738809729e-5	56	3	composite	2^13·3·7
393	27779	3.618541441780e-5	2	1	prime	27779 (prime)
394	8128	3.588621036263e-5	14	2	composite	2^6·127
395	32531	3.539633763281e-5	2	1	prime	32531 (prime)
396	11633	3.538647906102e-5	2	1	prime	11633 (prime)
397	10912	3.490191624105e-5	24	3	composite	2^5·11·31
398	25219	3.391096506653e-5	2	1	prime	25219 (prime)
399	174592	3.335080249876e-5	40	3	composite	2^9·11·31
400	9973	3.261722709158e-5	2	1	prime	9973 (prime)
401	3557	3.172829078981e-5	2	1	prime	3557 (prime)
402	50400	3.092951414189e-5	108	4	composite	2^5·3^2·5^2·7
403	8191	3.013359556737e-5	2	1	prime	8191 (prime)
404	264	3.006566948546e-5	16	3	composite	2^3·3·11
405	2797	2.989907140730e-5	2	1	prime	2797 (prime)
406	2912	2.940918799493e-5	24	3	composite	2^5·7·13
407	617	2.911373329390e-5	2	1	prime	617 (prime)
408	179	2.908029929803e-5	2	1	prime	179 (prime)
409	39703	2.877346598725e-5	2	1	prime	39703 (prime)
410	32507	2.854434153129e-5	2	1	prime	32507 (prime)
411	1277	2.851000637631e-5	2	1	prime	1277 (prime)
412	19841	2.800592779187e-5	2	1	prime	19841 (prime)
413	143360	2.792777765224e-5	52	3	composite	2^12·5·7
414	409	2.757103563351e-5	2	1	prime	409 (prime)
415	5039	2.705394773166e-5	2	1	prime	5039 (prime)
416	8447	2.677206199189e-5	2	1	prime	8447 (prime)
417	10937	2.673122551832e-5	2	1	prime	10937 (prime)
418	24391	2.636616618234e-5	2	1	prime	24391 (prime)
419	14243	2.631578003905e-5	2	1	prime	14243 (prime)
420	249480	2.625115081325e-5	160	5	composite	2^3·3^4·5·7·11
421	1488	2.620231092650e-5	20	3	composite	2^4·3·31
422	84	2.612681513304e-5	12	3	composite	2^2·3·7
423	317440	2.591675997054e-5	48	3	composite	2^11·5·31
424	128	2.567010411253e-5	8	1	composite	2^7
425	619	2.564055122742e-5	2	1	prime	619 (prime)
426	154	2.542550525179e-5	8	3	composite	2·7·11
427	1733	2.541668512539e-5	2	1	prime	1733 (prime)
428	193	2.493539586166e-5	2	1	prime	193 (prime)
429	192	2.486507002471e-5	14	2	composite	2^6·3
430	1061	2.461836165379e-5	2	1	prime	1061 (prime)
431	28687	2.419323067452e-5	2	1	prime	28687 (prime)
432	3491	2.389046030414e-5	2	1	prime	3491 (prime)
433	12197	2.375493013964e-5	2	1	prime	12197 (prime)
434	19963	2.372287303445e-5	2	1	prime	19963 (prime)
435	19683	2.325027637339e-5	10	1	composite	3^9
436	15121	2.304636393235e-5	2	1	prime	15121 (prime)
437	349184	2.281288738642e-5	44	3	composite	2^10·11·31
438	17920	2.258428063676e-5	40	3	composite	2^9·5·7
439	195072	2.255999319726e-5	40	3	composite	2^9·3·127
440	30727	2.220325550600e-5	2	1	prime	30727 (prime)
441	997920	2.207536705907e-5	240	5	composite	2^5·3^4·5·7·11
442	7109	2.158180421927e-5	2	1	prime	7109 (prime)
443	30713	2.133494017255e-5	2	1	prime	30713 (prime)
444	64	2.130585680397e-5	7	1	composite	2^6
445	624	2.116374722705e-5	20	3	composite	2^4·3·13
446	10159	2.107329803630e-5	2	1	prime	10159 (prime)
447	9209	2.077618902143e-5	2	1	prime	9209 (prime)
448	5821	2.063207692094e-5	2	1	prime	5821 (prime)
449	2111	2.024323841800e-5	2	1	prime	2111 (prime)
450	2521	2.023092051437e-5	2	1	prime	2521 (prime)
451	49152	2.020532157196e-5	30	2	composite	2^14·3
452	2112	2.011579808163e-5	28	3	composite	2^6·3·11
453	60480	2.005716670975e-5	112	4	composite	2^6·3^3·5·7
454	221760	1.978675368430e-5	168	5	composite	2^6·3^2·5·7·11
455	6144	1.966040563178e-5	24	2	composite	2^11·3
456	121	1.962980606763e-5	3	1	composite	11^2
457	206336	1.957067564896e-5	40	3	composite	2^9·13·31
458	557	1.925005073716e-5	2	1	prime	557 (prime)
459	5953	1.914190435305e-5	2	1	prime	5953 (prime)
460	110880	1.910524660227e-5	144	5	composite	2^5·3^2·5·7·11
461	191	1.888266384441e-5	2	1	prime	191 (prime)
462	1609	1.837160107686e-5	2	1	prime	1609 (prime)
463	343	1.753265092195e-5	4	1	composite	7^3
464	412672	1.751825915182e-5	44	3	composite	2^10·13·31
465	3583	1.731433989273e-5	2	1	prime	3583 (prime)
466	12289	1.722476199343e-5	2	1	prime	12289 (prime)
467	6719	1.694535790174e-5	2	1	prime	6719 (prime)
468	4603	1.679143285641e-5	2	1	prime	4603 (prime)
469	6561	1.661567742050e-5	9	1	composite	3^8
470	1259	1.640612489206e-5	2	1	prime	1259 (prime)
471	243	1.636582052408e-5	6	1	composite	3^5
472	4463	1.628951161257e-5	2	1	prime	4463 (prime)
473	49	1.626519382577e-5	3	1	composite	7^2
474	743	1.610338417620e-5	2	1	prime	743 (prime)
475	4073	1.605944582753e-5	2	1	prime	4073 (prime)
476	16889	1.604072056480e-5	2	1	prime	16889 (prime)
477	744	1.602007699457e-5	16	3	composite	2^3·3·31
478	751	1.599040935694e-5	2	1	prime	751 (prime)
479	1524	1.584237729005e-5	12	3	composite	2^2·3·127
480	1024	1.580846095013e-5	11	1	composite	2^10
481	682	1.579173533910e-5	8	3	composite	2·11·31
482	43633	1.564875940313e-5	2	1	prime	43633 (prime)
483	661	1.558921988557e-5	2	1	prime	661 (prime)
484	61440	1.554305011340e-5	52	3	composite	2^12·3·5
485	635	1.543345421195e-5	4	2	composite	5·127
486	312	1.537551934144e-5	16	3	composite	2^3·3·13
487	2477	1.532107519632e-5	2	1	prime	2477 (prime)
488	197	1.532090639244e-5	2	1	prime	197 (prime)
489	200704	1.522804013277e-5	39	2	composite	2^12·7^2
490	1231	1.519792156883e-5	2	1	prime	1231 (prime)
491	280	1.517796126627e-5	16	3	composite	2^3·5·7
492	181440	1.511293026066e-5	140	4	composite	2^6·3^4·5·7
493	3361	1.510909681156e-5	2	1	prime	3361 (prime)
494	853	1.506138737068e-5	2	1	prime	853 (prime)
495	16411	1.494831133614e-5	2	1	prime	16411 (prime)
496	4608	1.455463648565e-5	30	2	composite	2^9·3^2
497	96	1.452376699447e-5	12	2	composite	2^5·3
498	6607	1.440040102242e-5	2	1	prime	6607 (prime)
499	728	1.418855054932e-5	16	3	composite	2^3·7·13
500	43649	1.410723458134e-5	2	1	prime	43649 (prime)
501	24379	1.406899129346e-5	2	1	prime	24379 (prime)
502	240	1.403119312440e-5	20	3	composite	2^4·3·5
503	16901	1.391067874361e-5	2	1	prime	16901 (prime)
504	10163	1.385105536730e-5	2	1	prime	10163 (prime)
505	625	1.381326054741e-5	5	1	composite	5^4
506	15107	1.375737358463e-5	2	1	prime	15107 (prime)
507	196	1.343001158763e-5	9	2	composite	2^2·7^2
508	6917	1.330432976594e-5	2	1	prime	6917 (prime)
509	91	1.306358386289e-5	4	2	composite	7·13
510	43003	1.289943847768e-5	2	1	prime	43003 (prime)
511	10079	1.271122712698e-5	2	1	prime	10079 (prime)
512	12541	1.218496232516e-5	2	1	prime	12541 (prime)
513	12896	1.215795910251e-5	24	3	composite	2^5·13·31
514	132	1.215408257096e-5	12	3	composite	2^2·3·11
515	3967	1.172004522193e-5	2	1	prime	3967 (prime)
516	113792	1.167891896510e-5	32	3	composite	2^7·7·127
517	6091	1.146167705264e-5	2	1	prime	6091 (prime)
518	109	1.145505770446e-5	2	1	prime	109 (prime)
519	30720	1.140268895057e-5	48	3	composite	2^11·3·5
520	1459	1.135157191828e-5	2	1	prime	1459 (prime)
521	1523	1.111352488683e-5	2	1	prime	1523 (prime)
522	1663200	1.099634884146e-5	288	5	composite	2^5·3^3·5^2·7·11
523	43013	1.091533469367e-5	2	1	prime	43013 (prime)
524	5077	1.086428321096e-5	2	1	prime	5077 (prime)
525	39679	1.056671670995e-5	2	1	prime	39679 (prime)
526	1693	1.042367921295e-5	2	1	prime	1693 (prime)
527	10753	1.026268695044e-5	2	1	prime	10753 (prime)
528	992	1.026230989033e-5	12	2	composite	2^5·31
529	89	1.014927612773e-5	2	1	prime	89 (prime)
530	2113	9.958419106587e-6	2	1	prime	2113 (prime)
531	28669	9.929206798743e-6	2	1	prime	28669 (prime)
532	9907	9.862734264132e-6	2	1	prime	9907 (prime)
533	19819	9.733180030363e-6	2	1	prime	19819 (prime)
534	5081	9.650237058772e-6	2	1	prime	5081 (prime)
535	389	9.585221001699e-6	2	1	prime	389 (prime)
536	7681	9.270412427385e-6	2	1	prime	7681 (prime)
537	1741	9.230965816079e-6	2	1	prime	1741 (prime)
538	1248	9.176465536536e-6	24	3	composite	2^5·3·13
539	156	9.117864775071e-6	12	3	composite	2^2·3·13
540	444416	8.983981933689e-6	48	3	composite	2^11·7·31
541	70	8.935335975984e-6	8	3	composite	2·5·7
542	25771	8.881881841989e-6	2	1	prime	25771 (prime)
543	554400	8.684393711939e-6	216	5	composite	2^5·3^2·5^2·7·11
544	59049	8.523787688401e-6	11	1	composite	3^10
545	108	8.517575917486e-6	12	2	composite	2^2·3^3
546	1117	8.505574195024e-6	2	1	prime	1117 (prime)
547	10091	8.499253715072e-6	2	1	prime	10091 (prime)
548	81280	8.355716404755e-6	32	3	composite	2^7·5·127
549	155	8.134276305283e-6	4	2	composite	5·31
550	32749	8.049775614341e-6	2	1	prime	32749 (prime)
551	7121	8.046078253557e-6	2	1	prime	7121 (prime)
552	2879	7.976703443381e-6	2	1	prime	2879 (prime)
553	103168	7.976317521747e-6	36	3	composite	2^8·13·31
554	35851	7.885122308822e-6	2	1	prime	35851 (prime)
555	140	7.788286309483e-6	12	3	composite	2^2·5·7
556	784	7.759756749939e-6	15	2	composite	2^4·7^2
557	227	7.664067584364e-6	2	1	prime	227 (prime)
558	8123	7.624651380645e-6	2	1	prime	8123 (prime)
559	1381	7.570861959371e-6	2	1	prime	1381 (prime)
560	16384	7.498222381549e-6	15	1	composite	2^14
561	2480	7.333543609726e-6	20	3	composite	2^4·5·31
562	6448	7.272499795595e-6	20	3	composite	2^4·13·31
563	2543	7.216512622962e-6	2	1	prime	2543 (prime)
564	503	7.143475714086e-6	2	1	prime	503 (prime)
565	24571	7.045159864056e-6	2	1	prime	24571 (prime)
566	397	6.967634533780e-6	2	1	prime	397 (prime)
567	169	6.690652607121e-6	3	1	composite	13^2
568	39680	6.602012568054e-6	36	3	composite	2^8·5·31
569	49146	6.574588408039e-6	8	3	composite	2·3·8191
570	32764	6.520954600747e-6	6	2	composite	2^2·8191
571	7168	6.466173823562e-6	22	2	composite	2^10·7
572	98	6.440679530029e-6	6	2	composite	2·7^2
573	33791	6.394895949169e-6	2	1	prime	33791 (prime)
574	43648	6.304263956904e-6	32	3	composite	2^7·11·31
575	182	6.298895591034e-6	8	3	composite	2·7·13
576	3359	6.250403655499e-6	2	1	prime	3359 (prime)
577	315392	6.184842283507e-6	52	3	composite	2^12·7·11
578	36	6.128711132614e-6	9	2	composite	2^2·3^2
579	5591	6.025262035856e-6	2	1	prime	5591 (prime)
580	665280	5.999128041681e-6	224	5	composite	2^6·3^3·5·7·11
581	181	5.965422748146e-6	2	1	prime	181 (prime)
582	487	5.954636556919e-6	2	1	prime	487 (prime)
583	307	5.856805532944e-6	2	1	prime	307 (prime)
584	33797	5.830716249489e-6	2	1	prime	33797 (prime)
585	28	5.805800223565e-6	6	2	composite	2^2·7
586	35	5.782231857131e-6	4	2	composite	5·7
587	512	5.774660454605e-6	10	1	composite	2^9
588	341	5.565171635947e-6	4	2	composite	11·31
589	6271	5.500714104678e-6	2	1	prime	6271 (prime)
590	1237	5.464818915967e-6	2	1	prime	1237 (prime)
591	81	5.454668391191e-6	5	1	composite	3^4
592	157696	5.402596274134e-6	48	3	composite	2^11·7·11
593	719	5.250304647683e-6	2	1	prime	719 (prime)
594	12288	5.213794859386e-6	26	2	composite	2^12·3
595	277	5.099631485409e-6	2	1	prime	277 (prime)
596	4993	5.073207724716e-6	2	1	prime	4993 (prime)
597	698368	5.044373700742e-6	48	3	composite	2^11·11·31
598	71680	5.020355425913e-6	48	3	composite	2^11·5·7
599	19717	5.018580520063e-6	2	1	prime	19717 (prime)
600	100352	4.951994405655e-6	36	2	composite	2^11·7^2
601	613	4.877948135454e-6	2	1	prime	613 (prime)
602	186	4.873462849628e-6	8	3	composite	2·3·31
603	126976	4.809928203537e-6	26	2	composite	2^12·31
604	773	4.729466931237e-6	2	1	prime	773 (prime)
605	641	4.706239474114e-6	2	1	prime	641 (prime)
606	107	4.672370895177e-6	2	1	prime	107 (prime)
607	6143	4.582386348801e-6	2	1	prime	6143 (prime)
608	32	4.482284642450e-6	6	1	composite	2^5
609	66	4.470347355535e-6	8	3	composite	2·3·11
610	78	4.469893745006e-6	8	3	composite	2·3·13
611	839	4.457387183167e-6	2	1	prime	839 (prime)
612	10080	4.425916449298e-6	72	4	composite	2^5·3^2·5·7
613	293	4.363458909987e-6	2	1	prime	293 (prime)
614	443520	4.271691991402e-6	192	5	composite	2^7·3^2·5·7·11
615	27	4.160325009385e-6	4	1	composite	3^3
616	44701	4.137007600921e-6	2	1	prime	44701 (prime)
617	825344	4.073862134589e-6	48	3	composite	2^11·13·31
618	173	4.011052670964e-6	2	1	prime	173 (prime)
619	3067	4.008508407427e-6	2	1	prime	3067 (prime)
620	122880	3.961116698729e-6	56	3	composite	2^13·3·5
621	508	3.907895608002e-6	6	2	composite	2^2·127
622	997	3.712122138568e-6	2	1	prime	997 (prime)
623	44711	3.695268572960e-6	2	1	prime	44711 (prime)
624	151	3.627856595515e-6	2	1	prime	151 (prime)
625	256	3.625668890632e-6	9	1	composite	2^8
626	124	3.598992924366e-6	6	2	composite	2^2·31
627	1778	3.591681805833e-6	8	3	composite	2·7·127
628	7680	3.547997463336e-6	40	3	composite	2^9·3·5
629	125	3.537828473652e-6	4	1	composite	5^3
630	631	3.513146565852e-6	2	1	prime	631 (prime)
631	283	3.510853673728e-6	2	1	prime	283 (prime)
632	372736	3.459312925967e-6	52	3	composite	2^12·7·13
633	217	3.390248973051e-6	4	2	composite	7·31
634	379	3.339029842510e-6	2	1	prime	379 (prime)
635	114688	3.324012516236e-6	30	2	composite	2^14·7
636	325120	3.319098012013e-6	40	3	composite	2^9·5·127
637	523	3.273337447916e-6	2	1	prime	523 (prime)
638	1984	3.231829292887e-6	14	2	composite	2^6·31
639	331	3.201791968450e-6	2	1	prime	331 (prime)
640	3547	3.174130916479e-6	2	1	prime	3547 (prime)
641	496	3.153583306797e-6	10	2	composite	2^4·31
642	3221	3.087317867910e-6	2	1	prime	3221 (prime)
643	65528	3.066309324316e-6	8	2	composite	2^3·8191
644	1487	3.022775261197e-6	2	1	prime	1487 (prime)
645	3469	3.016302267402e-6	2	1	prime	3469 (prime)
646	113	2.989136926158e-6	2	1	prime	113 (prime)
647	98292	2.978838234447e-6	12	3	composite	2^2·3·8191
648	344064	2.928362915257e-6	60	3	composite	2^14·3·7
649	127	2.900473399232e-6	2	1	prime	127 (prime)
650	761	2.883656980433e-6	2	1	prime	761 (prime)
651	787	2.720242860258e-6	2	1	prime	787 (prime)
652	1736	2.716425216749e-6	16	3	composite	2^3·7·31
653	1240	2.612621535844e-6	16	3	composite	2^3·5·31
654	2791	2.603504658612e-6	2	1	prime	2791 (prime)
655	2503	2.575037110441e-6	2	1	prime	2503 (prime)
656	1531	2.475273154805e-6	2	1	prime	1531 (prime)
657	372	2.444930506391e-6	12	3	composite	2^2·3·31
658	93	2.441678784261e-6	4	2	composite	3·31
659	1536	2.428117117666e-6	20	2	composite	2^9·3
660	161051	2.423537629716e-6	6	1	composite	11^5
661	56	2.379561884445e-6	8	2	composite	2^3·7
662	491	2.362856251462e-6	2	1	prime	491 (prime)
663	1669	2.236221666915e-6	2	1	prime	1669 (prime)
664	286720	2.185305793215e-6	56	3	composite	2^13·5·7
665	35839	2.140535097784e-6	2	1	prime	35839 (prime)
666	2494800	2.135284671867e-6	300	5	composite	2^4·3^4·5^2·7·11
667	733	2.131411653423e-6	2	1	prime	733 (prime)
668	16381	2.093883446761e-6	2	1	prime	16381 (prime)
669	251	2.086591255631e-6	2	1	prime	251 (prime)
670	8209	2.066000004827e-6	2	1	prime	8209 (prime)
671	32771	2.046016273451e-6	2	1	prime	32771 (prime)
672	1543	2.018398645936e-6	2	1	prime	1543 (prime)
673	620	2.012813118812e-6	12	3	composite	2^2·5·31
674	1260	1.957215560108e-6	36	4	composite	2^2·3^2·5·7
675	2039	1.946781424223e-6	2	1	prime	2039 (prime)
676	162560	1.893020748179e-6	36	3	composite	2^8·5·127
677	159744	1.874403039799e-6	52	3	composite	2^12·3·13
678	373	1.833141859962e-6	2	1	prime	373 (prime)
679	380928	1.815726217969e-6	52	3	composite	2^12·3·31
680	24	1.807598661418e-6	8	2	composite	2^3·3
681	5449	1.804485247709e-6	2	1	prime	5449 (prime)
682	42	1.799821424225e-6	8	3	composite	2·3·7
683	967	1.794140368247e-6	2	1	prime	967 (prime)
684	30	1.783316205327e-6	8	3	composite	2·3·5
685	98304	1.780970237109e-6	32	2	composite	2^15·3
686	677	1.771172314787e-6	2	1	prime	677 (prime)
687	62	1.750663800974e-6	4	2	composite	2·31
688	3989	1.731988387349e-6	2	1	prime	3989 (prime)
689	6101	1.713986798141e-6	2	1	prime	6101 (prime)
690	40289	1.666943702475e-6	2	1	prime	40289 (prime)
691	1913	1.608902571045e-6	2	1	prime	1913 (prime)
692	769	1.548734242481e-6	2	1	prime	769 (prime)
693	1987	1.547009333914e-6	2	1	prime	1987 (prime)
694	12544	1.541606530833e-6	27	2	composite	2^8·7^2
695	1995840	1.513349886559e-6	280	5	composite	2^6·3^4·5·7·11
696	147456	1.485664620914e-6	45	2	composite	2^14·3^2
697	2909	1.426684682958e-6	2	1	prime	2909 (prime)
698	16807	1.412644248176e-6	6	1	composite	7^5
699	130048	1.387605056072e-6	22	2	composite	2^10·127
700	1016	1.387375048511e-6	8	2	composite	2^3·127
701	310	1.375676629554e-6	8	3	composite	2·5·31
702	1013	1.370866695798e-6	2	1	prime	1013 (prime)
703	263	1.357000111005e-6	2	1	prime	263 (prime)
704	25097	1.339661956403e-6	2	1	prime	25097 (prime)
705	20161	1.312923935003e-6	2	1	prime	20161 (prime)
706	131	1.273503738735e-6	2	1	prime	131 (prime)
707	401408	1.254895527537e-6	42	2	composite	2^13·7^2
708	6947	1.249502176330e-6	2	1	prime	6947 (prime)
709	201600	1.248561490296e-6	144	4	composite	2^7·3^2·5^2·7
710	67584	1.230441980853e-6	48	3	composite	2^11·3·11
711	2162160	1.229542220898e-6	320	6	composite	2^4·3^3·5·7·11·13
712	1496880	1.226671560353e-6	240	5	composite	2^4·3^5·5·7·11
713	6427	1.225699694689e-6	2	1	prime	6427 (prime)
714	163820	1.178159559142e-6	12	3	composite	2^2·5·8191
715	19709	1.167459996576e-6	2	1	prime	19709 (prime)
716	1249	1.148318562376e-6	2	1	prime	1249 (prime)
717	367	1.128720335045e-6	2	1	prime	367 (prime)
718	105664	1.094151732206e-6	28	3	composite	2^6·13·127
719	1399	1.092285508840e-6	2	1	prime	1399 (prime)
720	257	1.074479049562e-6	2	1	prime	257 (prime)
721	73	1.070401206175e-6	2	1	prime	73 (prime)
722	8147	1.047605751318e-6	2	1	prime	8147 (prime)
723	8179	1.044721955331e-6	2	1	prime	8179 (prime)
724	120	1.024810734240e-6	16	3	composite	2^3·3·5
725	50176	1.012498360840e-6	33	2	composite	2^10·7^2
726	139	9.833791757735e-7	2	1	prime	139 (prime)
727	634880	9.809927424191e-7	52	3	composite	2^12·5·31
728	37	9.728108258185e-7	2	1	prime	37 (prime)
729	13901	9.596122768985e-7	2	1	prime	13901 (prime)
730	16256	9.505046112805e-7	16	2	composite	2^7·127
731	50159	8.992366503570e-7	2	1	prime	50159 (prime)
732	50177	8.985642070883e-7	2	1	prime	50177 (prime)
733	50387	8.907729589251e-7	2	1	prime	50387 (prime)
734	50411	8.898888111096e-7	2	1	prime	50411 (prime)
735	100800	8.864087944987e-7	126	4	composite	2^6·3^2·5^2·7
736	16	8.734044260433e-7	5	1	composite	2^4
737	49157	8.485274085714e-7	2	1	prime	49157 (prime)
738	51581	8.482926529620e-7	2	1	prime	51581 (prime)
739	51593	8.478808420603e-7	2	1	prime	51593 (prime)
740	248	8.474142601511e-7	8	2	composite	2^3·31
741	52817	8.073597679585e-7	2	1	prime	52817 (prime)
742	52837	8.067212880067e-7	2	1	prime	52837 (prime)
743	4324320	8.058682339889e-7	384	6	composite	2^5·3^3·5·7·11·13
744	6604	8.034886269856e-7	12	3	composite	2^2·13·127
745	97	7.991956201893e-7	2	1	prime	97 (prime)
746	167	7.865891733416e-7	2	1	prime	167 (prime)
747	715264	7.759402443386e-7	40	3	composite	2^9·11·127
748	126000	7.638623809876e-7	120	4	composite	2^4·3^2·5^3·7
749	9923	7.558728016384e-7	2	1	prime	9923 (prime)
750	308	7.494465909579e-7	12	3	composite	2^2·7·11
751	245760	7.410519165049e-7	60	3	composite	2^14·3·5
752	12	7.352343077064e-7	6	2	composite	2^2·3
753	55439	7.295394673353e-7	2	1	prime	55439 (prime)
754	55441	7.294843508546e-7	2	1	prime	55441 (prime)
755	55579	7.279047966355e-7	2	1	prime	55579 (prime)
756	55547	7.265718317158e-7	2	1	prime	55547 (prime)
757	101	7.197544461783e-7	2	1	prime	101 (prime)
758	10	7.103581322694e-7	4	2	composite	2·5
759	48	7.000611612981e-7	10	2	composite	2^4·3
760	56893	6.910142564526e-7	2	1	prime	56893 (prime)
761	56897	6.909123918195e-7	2	1	prime	56897 (prime)
762	57331	6.799885260304e-7	2	1	prime	57331 (prime)
763	57347	6.795906124723e-7	2	1	prime	57347 (prime)
764	1108800	6.710791034792e-7	252	5	composite	2^6·3^2·5^2·7·11
765	196584	6.649645546155e-7	16	3	composite	2^3·3·8191
766	71	6.638067821507e-7	2	1	prime	71 (prime)
767	455168	6.557049398941e-7	40	3	composite	2^9·7·127
768	3326400	6.348180626036e-7	336	5	composite	2^6·3^3·5^2·7·11
769	1439	6.329200947884e-7	2	1	prime	1439 (prime)
770	40343	6.219228864779e-7	2	1	prime	40343 (prime)
771	60457	6.082345858374e-7	2	1	prime	60457 (prime)
772	60493	6.074735067560e-7	2	1	prime	60493 (prime)
773	83	6.066021337312e-7	2	1	prime	83 (prime)
774	61417	5.884025033183e-7	2	1	prime	61417 (prime)
775	61441	5.879187849368e-7	2	1	prime	61441 (prime)
776	270336	5.853732113075e-7	56	3	composite	2^13·3·11
777	36857	5.495415324621e-7	2	1	prime	36857 (prime)
778	63487	5.487109019548e-7	2	1	prime	63487 (prime)
779	63493	5.486015641990e-7	2	1	prime	63493 (prime)
780	32768	5.335030041057e-7	16	1	composite	2^15
781	6096	5.255487827060e-7	20	3	composite	2^4·3·127
782	65011	5.219213508640e-7	2	1	prime	65011 (prime)
783	65027	5.216502279764e-7	2	1	prime	65027 (prime)
784	357632	5.173562976535e-7	36	3	composite	2^8·11·127
785	65521	5.133785909986e-7	2	1	prime	65521 (prime)
786	65537	5.131138664367e-7	2	1	prime	65537 (prime)
787	319488	5.083967573522e-7	56	3	composite	2^13·3·13
788	845312	5.081416888179e-7	40	3	composite	2^9·13·127
789	863	5.071814753774e-7	2	1	prime	863 (prime)
790	89408	5.067031952032e-7	28	3	composite	2^6·11·127
791	65536	4.928949815552e-7	17	1	composite	2^16
792	1447	4.904112585435e-7	2	1	prime	1447 (prime)
793	8951	4.824071119978e-7	2	1	prime	8951 (prime)
794	67579	4.808839633972e-7	2	1	prime	67579 (prime)
795	67589	4.807334126325e-7	2	1	prime	67589 (prime)
796	30241	4.740589107989e-7	2	1	prime	30241 (prime)
797	30223	4.675588734665e-7	2	1	prime	30223 (prime)
798	227584	4.656980768488e-7	36	3	composite	2^8·7·127
799	347	4.640950934655e-7	2	1	prime	347 (prime)
800	10810800	4.627969894523e-7	480	6	composite	2^4·3^3·5^2·7·11·13
801	390144	4.627004933016e-7	44	3	composite	2^10·3·127
802	6486480	4.586144742432e-7	400	6	composite	2^4·3^4·5·7·11·13
803	135168	4.525068572910e-7	52	3	composite	2^12·3·11
804	2464	4.393883436926e-7	24	3	composite	2^5·7·11
805	71671	4.245381868494e-7	2	1	prime	71671 (prime)
806	630784	4.244037781946e-7	56	3	composite	2^13·7·11
807	71693	4.242615745417e-7	2	1	prime	71693 (prime)
808	67	4.032905435743e-7	2	1	prime	67 (prime)
809	73727	3.997688411283e-7	2	1	prime	73727 (prime)
810	73751	3.994921304474e-7	2	1	prime	73751 (prime)
811	17	3.826015863402e-7	2	1	prime	17 (prime)
812	25	3.825351473726e-7	3	1	composite	5^2
813	75583	3.791576351858e-7	2	1	prime	75583 (prime)
814	75611	3.788585087939e-7	2	1	prime	75611 (prime)
815	371293	3.725544452340e-7	6	1	composite	13^5
816	21	3.701195691192e-7	4	2	composite	3·7
817	252000	3.687698801828e-7	144	4	composite	2^5·3^2·5^3·7
818	254	3.616092769097e-7	4	2	composite	2·127
819	73728	3.602648949735e-7	42	2	composite	2^13·3^2
820	211328	3.540530722804e-7	32	3	composite	2^7·13·127
821	1441440	3.504145101625e-7	288	6	composite	2^5·3^2·5·7·11·13
822	78839	3.465252570597e-7	2	1	prime	78839 (prime)
823	78853	3.463938032901e-7	2	1	prime	78853 (prime)
824	720720	3.436045820687e-7	240	6	composite	2^4·3^2·5·7·11·13
825	79357	3.417087204971e-7	2	1	prime	79357 (prime)
826	79367	3.416166862826e-7	2	1	prime	79367 (prime)
827	79867	3.370599091272e-7	2	1	prime	79867 (prime)
828	79873	3.370057581348e-7	2	1	prime	79873 (prime)
829	80629	3.302814542492e-7	2	1	prime	80629 (prime)
830	80651	3.300886670541e-7	2	1	prime	80651 (prime)
831	81239	3.249951922818e-7	2	1	prime	81239 (prime)
832	81281	3.246356957617e-7	2	1	prime	81281 (prime)
833	157	3.239934604105e-7	2	1	prime	157 (prime)
834	81901	3.193945170867e-7	2	1	prime	81901 (prime)
835	81919	3.192441719060e-7	2	1	prime	81919 (prime)
836	1330560	3.144637291618e-7	256	5	composite	2^7·3^3·5·7·11
837	18	3.124559004153e-7	6	2	composite	2·3^2
838	47	3.117836373334e-7	2	1	prime	47 (prime)
839	1081080	3.111226160471e-7	256	6	composite	2^3·3^3·5·7·11·13
840	83137	3.093018177908e-7	2	1	prime	83137 (prime)
841	83177	3.089828678740e-7	2	1	prime	83177 (prime)
842	41	3.058698860178e-7	2	1	prime	41 (prime)
843	21621600	2.953365478765e-7	576	6	composite	2^5·3^3·5^2·7·11·13
844	86011	2.875318022887e-7	2	1	prime	86011 (prime)
845	86017	2.874886779695e-7	2	1	prime	86017 (prime)
846	79	2.861204357204e-7	2	1	prime	79 (prime)
847	87293	2.785236376681e-7	2	1	prime	87293 (prime)
848	87299	2.784824314653e-7	2	1	prime	87299 (prime)
849	745472	2.733508343516e-7	56	3	composite	2^13·7·13
850	281	2.653401236478e-7	2	1	prime	281 (prime)
851	89399	2.645786767836e-7	2	1	prime	89399 (prime)
852	89413	2.644893436295e-7	2	1	prime	89413 (prime)
853	90089	2.602265058285e-7	2	1	prime	90089 (prime)
854	90107	2.601143430954e-7	2	1	prime	90107 (prime)
855	403	2.576121827840e-7	4	2	composite	13·31
856	422656	2.566314157279e-7	36	3	composite	2^8·13·127
857	90709	2.564024702387e-7	2	1	prime	90709 (prime)
858	90731	2.562682556512e-7	2	1	prime	90731 (prime)
859	112	2.480404721323e-7	10	2	composite	2^4·7
860	60	2.471414129070e-7	12	3	composite	2^2·3·5
861	5471	2.468608471746e-7	2	1	prime	5471 (prime)
862	93179	2.419376963946e-7	2	1	prime	93179 (prime)
863	93187	2.418927549459e-7	2	1	prime	93187 (prime)
864	178816	2.400909820563e-7	32	3	composite	2^7·11·127
865	12972960	2.381799303211e-7	480	6	composite	2^5·3^4·5·7·11·13
866	196608	2.356758322089e-7	34	2	composite	2^16·3
867	95231	2.307890573898e-7	2	1	prime	95231 (prime)
868	95233	2.307785513952e-7	2	1	prime	95233 (prime)
869	97523	2.191812303429e-7	2	1	prime	97523 (prime)
870	97547	2.190641135952e-7	2	1	prime	97547 (prime)
871	727	2.170524307141e-7	2	1	prime	727 (prime)
872	98269	2.155820464521e-7	2	1	prime	98269 (prime)
873	98297	2.154485962904e-7	2	1	prime	98297 (prime)
874	98299	2.154390680253e-7	2	1	prime	98299 (prime)
875	98317	2.153533453021e-7	2	1	prime	98317 (prime)
876	8	2.148042539567e-7	4	1	composite	2^3
877	7207200	2.132798301402e-7	432	6	composite	2^5·3^2·5^2·7·11·13
878	327640	2.080515349702e-7	16	3	composite	2^3·5·8191
879	100343	2.060059788927e-7	2	1	prime	100343 (prime)
880	100357	2.059434073789e-7	2	1	prime	100357 (prime)
881	100799	2.039816947349e-7	2	1	prime	100799 (prime)
882	100801	2.039728781077e-7	2	1	prime	100801 (prime)
883	103141	1.940168169401e-7	2	1	prime	103141 (prime)
884	103171	1.938936875182e-7	2	1	prime	103171 (prime)
885	1453	1.930511788056e-7	2	1	prime	1453 (prime)
886	105653	1.840779873848e-7	2	1	prime	105653 (prime)
887	105667	1.840246346564e-7	2	1	prime	105667 (prime)
888	106453	1.810639864118e-7	2	1	prime	106453 (prime)
889	106487	1.809374410974e-7	2	1	prime	106487 (prime)
890	16382	1.797253667818e-7	4	2	composite	2·8191
891	509	1.772865681768e-7	2	1	prime	509 (prime)
892	683	1.743902738266e-7	2	1	prime	683 (prime)
893	131071	1.678789973866e-7	2	1	prime	131071 (prime)
894	19	1.660455097730e-7	2	1	prime	19 (prime)
895	3603600	1.660107656968e-7	360	6	composite	2^4·3^2·5^2·7·11·13
896	110879	1.655862438964e-7	2	1	prime	110879 (prime)
897	110881	1.655796788351e-7	2	1	prime	110881 (prime)
898	111103	1.648532765065e-7	2	1	prime	111103 (prime)
899	1396736	1.648338630836e-7	52	3	composite	2^12·11·31
900	111109	1.648337071249e-7	2	1	prime	111109 (prime)
901	53	1.648331618510e-7	2	1	prime	53 (prime)
902	953	1.643427503324e-7	2	1	prime	953 (prime)
903	14	1.642563456403e-7	4	2	composite	2·7
904	8648640	1.635738178044e-7	448	6	composite	2^6·3^3·5·7·11·13
905	31	1.620041514020e-7	2	1	prime	31 (prime)
906	113783	1.564276405097e-7	2	1	prime	113783 (prime)
907	113797	1.563852342239e-7	2	1	prime	113797 (prime)
908	15	1.554113249083e-7	4	2	composite	3·5
909	253952	1.550381683807e-7	28	2	composite	2^13·31
910	114671	1.537695914375e-7	2	1	prime	114671 (prime)
911	114679	1.537459352423e-7	2	1	prime	114679 (prime)
912	114689	1.537163715556e-7	2	1	prime	114689 (prime)
913	2000000	1.481304058422e-7	56	2	composite	2^7·5^6
914	33792	1.461601953048e-7	44	3	composite	2^10·3·11
915	1386000	1.454533038025e-7	240	5	composite	2^4·3^2·5^3·7·11
916	20	1.411570987616e-7	6	2	composite	2^2·5
917	540672	1.379853971582e-7	60	3	composite	2^14·3·11
918	13	1.379137011729e-7	2	1	prime	13 (prime)
919	122869	1.319749174985e-7	2	1	prime	122869 (prime)
920	122887	1.319319716984e-7	2	1	prime	122887 (prime)
921	1650688	1.293802326464e-7	52	3	composite	2^12·13·31
922	125963	1.248710344233e-7	2	1	prime	125963 (prime)
923	126001	1.247871447094e-7	2	1	prime	126001 (prime)
924	126967	1.226807795405e-7	2	1	prime	126967 (prime)
925	126989	1.226333890998e-7	2	1	prime	126989 (prime)
926	5	1.182162842405e-7	2	1	prime	5 (prime)
927	3243240	1.177485568132e-7	320	6	composite	2^3·3^4·5·7·11·13
928	20149	1.171227788629e-7	2	1	prime	20149 (prime)
929	130043	1.162950192699e-7	2	1	prime	130043 (prime)
930	130051	1.162790223533e-7	2	1	prime	130051 (prime)
931	294912	1.150145542589e-7	48	2	composite	2^15·3^2
932	131041	1.143228474586e-7	2	1	prime	131041 (prime)
933	131059	1.142877061461e-7	2	1	prime	131059 (prime)
934	131063	1.142798990416e-7	2	1	prime	131063 (prime)
935	131101	1.142057688903e-7	2	1	prime	131101 (prime)
936	43	1.141237248738e-7	2	1	prime	43 (prime)
937	2772000	1.129414604939e-7	288	5	composite	2^5·3^2·5^3·7·11
938	25087	1.115905284585e-7	2	1	prime	25087 (prime)
939	573440	1.110660103590e-7	60	3	composite	2^14·5·7
940	72	1.095211673033e-7	12	2	composite	2^3·3^2
941	135151	1.066737691313e-7	2	1	prime	135151 (prime)
942	135173	1.066347670748e-7	2	1	prime	135173 (prime)
943	136069	1.050630302817e-7	2	1	prime	136069 (prime)
944	136093	1.050213736338e-7	2	1	prime	136093 (prime)
945	33	1.043440619345e-7	4	2	composite	3·11
946	888832	1.034552610407e-7	52	3	composite	2^12·7·31
947	638976	1.031340072080e-7	60	3	composite	2^14·3·13
948	138599	1.007949969499e-7	2	1	prime	138599 (prime)
949	138617	1.007655011519e-7	2	1	prime	138617 (prime)
950	6	9.763884464332e-8	4	2	composite	2·3
951	186368	9.546947082823e-8	48	3	composite	2^11·7·13
952	650240	9.472841560424e-8	44	3	composite	2^10·5·127
953	761856	9.431916965570e-8	56	3	composite	2^13·3·31
954	143357	9.339643099731e-8	2	1	prime	143357 (prime)
955	143387	9.335220384762e-8	2	1	prime	143387 (prime)
956	23	9.285730850797e-8	2	1	prime	23 (prime)
957	59	9.134583868808e-8	2	1	prime	59 (prime)
958	12281	8.948823163604e-8	2	1	prime	12281 (prime)
959	499	8.927464166509e-8	2	1	prime	499 (prime)
960	229348	8.809229259736e-8	12	3	composite	2^2·7·8191
961	797	8.799680774831e-8	2	1	prime	797 (prime)
962	3307	8.764142615879e-8	2	1	prime	3307 (prime)
963	147451	8.761880445756e-8	2	1	prime	147451 (prime)
964	147457	8.761070487681e-8	2	1	prime	147457 (prime)
965	224	8.595195469718e-8	12	2	composite	2^5·7
966	151189	8.276582519625e-8	2	1	prime	151189 (prime)
967	151201	8.275084920382e-8	2	1	prime	151201 (prime)
968	2029	7.991536322151e-8	2	1	prime	2029 (prime)
969	458696	7.714639602652e-8	16	3	composite	2^3·7·8191
970	802816	7.623588299189e-8	45	2	composite	2^14·7^2
971	157679	7.518097971549e-8	2	1	prime	157679 (prime)
972	157721	7.513506476244e-8	2	1	prime	157721 (prime)
973	158699	7.407668889544e-8	2	1	prime	158699 (prime)
974	158731	7.404240575273e-8	2	1	prime	158731 (prime)
975	159739	7.297351549068e-8	2	1	prime	159739 (prime)
976	159763	7.294832391920e-8	2	1	prime	159763 (prime)
977	5405400	7.280626111000e-8	384	6	composite	2^3·3^3·5^2·7·11·13
978	162557	7.009518467202e-8	2	1	prime	162557 (prime)
979	162563	7.008922328793e-8	2	1	prime	162563 (prime)
980	1931	7.006386570573e-8	2	1	prime	1931 (prime)
981	163819	6.885643740464e-8	2	1	prime	163819 (prime)
982	163841	6.883510869279e-8	2	1	prime	163841 (prime)
983	2000166	6.681807349217e-8	16	4	composite	2·3·7·47623
984	166319	6.648939668070e-8	2	1	prime	166319 (prime)
985	166349	6.646167170793e-8	2	1	prime	166349 (prime)
986	131056	6.405857386439e-8	10	2	composite	2^4·8191
987	1777664	6.174047477039e-8	56	3	composite	2^13·7·31
988	172031	6.148237455300e-8	2	1	prime	172031 (prime)
989	172049	6.146742121564e-8	2	1	prime	172049 (prime)
990	3641344	6.028858182749e-8	52	3	composite	2^12·7·127
991	174583	5.941069438973e-8	2	1	prime	174583 (prime)
992	174599	5.939800722579e-8	2	1	prime	174599 (prime)
993	178813	5.618052478151e-8	2	1	prime	178813 (prime)
994	178817	5.617758426102e-8	2	1	prime	178817 (prime)
995	180181	5.518690839555e-8	2	1	prime	180181 (prime)
996	180211	5.516538629046e-8	2	1	prime	180211 (prime)
997	181439	5.429407036023e-8	2	1	prime	181439 (prime)
998	181457	5.428143763250e-8	2	1	prime	181457 (prime)
999	2000313	5.239955346482e-8	12	3	composite	3^2·7·31751
1000	7673	5.178509368742e-8	2	1	prime	7673 (prime)
1001	43243200	5.100291893627e-8	672	6	composite	2^6·3^3·5^2·7·11·13
1002	186343	5.099410677741e-8	2	1	prime	186343 (prime)
1003	186377	5.097218524535e-8	2	1	prime	186377 (prime)
1004	910336	4.941559383330e-8	44	3	composite	2^10·7·127
1005	991	4.897814847090e-8	2	1	prime	991 (prime)
1006	190471	4.842277899811e-8	2	1	prime	190471 (prime)
1007	195071	4.575873359280e-8	2	1	prime	195071 (prime)
1008	195077	4.575538903271e-8	2	1	prime	195077 (prime)
1009	4	4.513321160604e-8	3	1	composite	2^2
1010	196583	4.492612305244e-8	2	1	prime	196583 (prime)
1011	196597	4.491850901025e-8	2	1	prime	196597 (prime)
1012	196613	4.490980940369e-8	2	1	prime	196613 (prime)
1013	1040384	4.425336465489e-8	28	2	composite	2^13·127
1014	25945920	4.393568243797e-8	560	6	composite	2^6·3^4·5·7·11·13
1015	1523712	4.343261485423e-8	60	3	composite	2^14·3·31
1016	14414400	4.321011328091e-8	504	6	composite	2^6·3^2·5^2·7·11·13
1017	200699	4.276000332632e-8	2	1	prime	200699 (prime)
1018	200713	4.275287678774e-8	2	1	prime	200713 (prime)
1019	201599	4.230506876426e-8	2	1	prime	201599 (prime)
1020	201611	4.229904680563e-8	2	1	prime	201611 (prime)
1021	390625	4.067320494685e-8	9	1	composite	5^8
1022	206303	4.002950509065e-8	2	1	prime	206303 (prime)
1023	206341	4.001179512706e-8	2	1	prime	206341 (prime)
1024	211319	3.777916570955e-8	2	1	prime	211319 (prime)
1025	211333	3.777312362907e-8	2	1	prime	211333 (prime)
1026	32432400	3.732479943402e-8	600	6	composite	2^4·3^4·5^2·7·11·13
1027	212923	3.709514222585e-8	2	1	prime	212923 (prime)
1028	212969	3.707576910026e-8	2	1	prime	212969 (prime)
1029	520192	3.558518299713e-8	26	2	composite	2^12·127
1030	222247	3.520703563228e-8	2	1	prime	222247 (prime)
1031	1690624	3.494029012805e-8	44	3	composite	2^10·13·127
1032	221747	3.361137654513e-8	2	1	prime	221747 (prime)
1033	221773	3.360176477391e-8	2	1	prime	221773 (prime)
1034	222199	3.344479616649e-8	2	1	prime	222199 (prime)
1035	491520	3.323142972256e-8	64	3	composite	2^15·3·5
1036	360404	3.276713982491e-8	12	3	composite	2^2·11·8191
1037	226799	3.180981757864e-8	2	1	prime	226799 (prime)
1038	226813	3.180500407944e-8	2	1	prime	226813 (prime)
1039	720808	3.156231359123e-8	16	3	composite	2^3·11·8191
1040	227581	3.154240883227e-8	2	1	prime	227581 (prime)
1041	227593	3.153832859443e-8	2	1	prime	227593 (prime)
1042	229343	3.095062749274e-8	2	1	prime	229343 (prime)
1043	229351	3.094797399571e-8	2	1	prime	229351 (prime)
1044	229373	3.094067860158e-8	2	1	prime	229373 (prime)
1045	229393	3.093404837101e-8	2	1	prime	229393 (prime)
1046	2001651	3.018569546165e-8	8	3	composite	3·53·12589
1047	9	3.009325214262e-8	3	1	composite	3^2
1048	1430528	2.897309607491e-8	44	3	composite	2^10·11·127
1049	507904	2.853484104115e-8	30	2	composite	2^14·31
1050	39	2.843406493160e-8	4	2	composite	3·13
1051	245759	2.607773983248e-8	2	1	prime	245759 (prime)
1052	245771	2.607455818187e-8	2	1	prime	245771 (prime)
1053	249463	2.511916890984e-8	2	1	prime	249463 (prime)
1054	249497	2.511058362505e-8	2	1	prime	249497 (prime)
1055	251983	2.449302437967e-8	2	1	prime	251983 (prime)
1056	252001	2.448862495391e-8	2	1	prime	252001 (prime)
1057	253951	2.401803366303e-8	2	1	prime	253951 (prime)
1058	253969	2.401374459107e-8	2	1	prime	253969 (prime)
1059	1269760	2.319092812177e-8	56	3	composite	2^13·5·31
1060	851864	2.316779155350e-8	16	3	composite	2^3·13·8191
1061	1261568	2.297499182027e-8	60	3	composite	2^14·7·11
1062	177147	2.278866194883e-8	12	1	composite	3^11
1063	1560576	2.271114831936e-8	52	3	composite	2^12·3·127
1064	425932	2.268822437328e-8	12	3	composite	2^2·13·8191
1065	260089	2.261101528198e-8	2	1	prime	260089 (prime)
1066	260111	2.260616637360e-8	2	1	prime	260111 (prime)
1067	393168	2.245360415389e-8	20	3	composite	2^4·3·8191
1068	262111	2.217088040980e-8	2	1	prime	262111 (prime)
1069	262121	2.216873115503e-8	2	1	prime	262121 (prime)
1070	262139	2.216486324680e-8	2	1	prime	262139 (prime)
1071	262147	2.216314454015e-8	2	1	prime	262147 (prime)
1072	3121152	2.186255000527e-8	56	3	composite	2^13·3·127
1073	2001301	2.158701855815e-8	4	2	composite	557·3593
1074	64864800	2.091972654083e-8	720	6	composite	2^5·3^4·5^2·7·11·13
1075	270329	2.049133496998e-8	2	1	prime	270329 (prime)
1076	270337	2.048978103375e-8	2	1	prime	270337 (prime)
1077	277183	1.921337991155e-8	2	1	prime	277183 (prime)
1078	277213	1.920801333416e-8	2	1	prime	277213 (prime)
1079	2661120	1.913360303219e-8	288	5	composite	2^8·3^3·5·7·11
1080	2001443	1.886520472971e-8	4	2	composite	337·5939
1081	114674	1.814902017230e-8	8	3	composite	2·7·8191
1082	1489	1.774767065586e-8	2	1	prime	1489 (prime)
1083	286711	1.760065896627e-8	2	1	prime	286711 (prime)
1084	286721	1.759905845450e-8	2	1	prime	286721 (prime)
1085	294911	1.634786116051e-8	2	1	prime	294911 (prime)
1086	294919	1.634669495716e-8	2	1	prime	294919 (prime)
1087	1490944	1.615891811314e-8	60	3	composite	2^14·7·13
1088	229376	1.578914190670e-8	32	2	composite	2^15·7
1089	458752	1.557615411979e-8	34	2	composite	2^16·7
1090	17297280	1.538324199712e-8	512	6	composite	2^7·3^3·5·7·11·13
1091	2002560	1.464248756633e-8	128	5	composite	2^7·3·5·7·149
1092	11	1.397864332099e-8	2	1	prime	11 (prime)
1093	315389	1.367538773030e-8	2	1	prime	315389 (prime)
1094	315407	1.367328929986e-8	2	1	prime	315407 (prime)
1095	317437	1.343918262403e-8	2	1	prime	317437 (prime)
1096	317453	1.343735730820e-8	2	1	prime	317453 (prime)
1097	319483	1.320824764510e-8	2	1	prime	319483 (prime)
1098	319489	1.320757764385e-8	2	1	prime	319489 (prime)
1099	2001081	1.270941471658e-8	8	3	composite	3·31·21517
1100	325093	1.259980320490e-8	2	1	prime	325093 (prime)
1101	325133	1.259559096973e-8	2	1	prime	325133 (prime)
1102	589824	1.253649986252e-8	51	2	composite	2^16·3^2
1103	327629	1.233615059749e-8	2	1	prime	327629 (prime)
1104	327647	1.233430368590e-8	2	1	prime	327647 (prime)
1105	131072	1.218599973147e-8	18	1	composite	2^17
1106	2000292	1.213094281971e-8	24	4	composite	2^2·3·7·23813
1107	332623	1.183655415882e-8	2	1	prime	332623 (prime)
1108	332641	1.183479898708e-8	2	1	prime	332641 (prime)
1109	393216	1.179590072655e-8	36	2	composite	2^17·3
1110	4987	1.140895065029e-8	2	1	prime	4987 (prime)
1111	344053	1.078346939581e-8	2	1	prime	344053 (prime)
1112	344083	1.078085980635e-8	2	1	prime	344083 (prime)
1113	349183	1.034820931245e-8	2	1	prime	349183 (prime)
1114	349187	1.034787837755e-8	2	1	prime	349187 (prime)
1115	357619	9.677913569951e-9	2	1	prime	357619 (prime)
1116	357649	9.675625401998e-9	2	1	prime	357649 (prime)
1117	524287	9.637537951081e-9	2	1	prime	524287 (prime)
1118	61	9.499111942345e-9	2	1	prime	61 (prime)
1119	360391	9.469219502840e-9	2	1	prime	360391 (prime)
1120	360407	9.468030781553e-9	2	1	prime	360407 (prime)
1121	2002383	9.091268488413e-9	12	3	composite	3^2·31·7177
1122	1019	8.791487854465e-9	2	1	prime	1019 (prime)
1123	372733	8.603325680364e-9	2	1	prime	372733 (prime)
1124	372739	8.602928437762e-9	2	1	prime	372739 (prime)
1125	2000320	8.347815772314e-9	112	5	composite	2^6·5·7·19·47
1126	380917	8.081280351207e-9	2	1	prime	380917 (prime)
1127	380929	8.080543082235e-9	2	1	prime	380929 (prime)
1128	1081344	7.777422948560e-9	64	3	composite	2^15·3·11
1129	3555328	7.771701074038e-9	60	3	composite	2^14·7·31
1130	780288	7.692175832763e-9	48	3	composite	2^11·3·127
1131	390119	7.538661474665e-9	2	1	prime	390119 (prime)
1132	390151	7.536851337602e-9	2	1	prime	390151 (prime)
1133	11531520	7.422133404345e-9	432	6	composite	2^8·3^2·5·7·11·13
1134	393161	7.368855455701e-9	2	1	prime	393161 (prime)
1135	393181	7.367754024475e-9	2	1	prime	393181 (prime)
1136	393209	7.366212443461e-9	2	1	prime	393209 (prime)
1137	393241	7.364451118282e-9	2	1	prime	393241 (prime)
1138	2000712	7.247809165212e-9	32	4	composite	2^3·3·7·11909
1139	2002200	7.109802350197e-9	96	5	composite	2^3·3·5^2·47·71
1140	2001000	7.088217756551e-9	128	5	composite	2^3·3·5^3·23·29
1141	1820672	6.966550309787e-9	48	3	composite	2^11·7·127
1142	401407	6.930763540902e-9	2	1	prime	401407 (prime)
1143	401411	6.930558641654e-9	2	1	prime	401411 (prime)
1144	2000756	6.774915958014e-9	12	3	composite	2^2·223·2243
1145	180202	6.528625102963e-9	8	3	composite	2·11·8191
1146	18018000	6.489882240810e-9	480	6	composite	2^4·3^2·5^3·7·11·13
1147	412667	6.380914610378e-9	2	1	prime	412667 (prime)
1148	412717	6.378589168850e-9	2	1	prime	412717 (prime)
1149	2000911	6.335759123128e-9	8	3	composite	11·101·1801
1150	415799	6.237136227699e-9	2	1	prime	415799 (prime)
1151	415801	6.237045643531e-9	2	1	prime	415801 (prime)
1152	7282688	6.229579756496e-9	56	3	composite	2^13·7·127
1153	2000088	6.021535157449e-9	24	3	composite	2^3·3^2·27779
1154	422627	5.936531092577e-9	2	1	prime	422627 (prime)
1155	422657	5.935247881719e-9	2	1	prime	422657 (prime)
1156	2217600	5.918395714688e-9	288	5	composite	2^7·3^2·5^2·7·11
1157	2001700	5.871583447901e-9	36	4	composite	2^2·5^2·37·541
1158	1376256	5.857297000492e-9	68	3	composite	2^16·3·7
1159	425911	5.797945754931e-9	2	1	prime	425911 (prime)
1160	425939	5.796780304867e-9	2	1	prime	425939 (prime)
1161	1277952	5.732955229274e-9	64	3	composite	2^15·3·13
1162	2000502	5.707765865066e-9	24	4	composite	2·3^2·7·15877
1163	2000077	5.521483832754e-9	4	2	composite	541·3697
1164	2000618	5.519015686771e-9	12	3	composite	2·43^2·541
1165	2002241	5.516019349960e-9	4	2	composite	541·3701
1166	2001159	5.498948100909e-9	16	3	composite	3^3·137·541
1167	2000971	5.480973833331e-9	8	3	composite	7·29·9857
1168	655280	5.410000666221e-9	20	3	composite	2^4·5·8191
1169	1300480	5.171116003500e-9	48	3	composite	2^11·5·127
1170	443501	5.116080381866e-9	2	1	prime	443501 (prime)
1171	443533	5.114926516734e-9	2	1	prime	443533 (prime)
1172	444403	5.083669174278e-9	2	1	prime	444403 (prime)
1173	444421	5.083024775270e-9	2	1	prime	444421 (prime)
1174	6242304	5.026912221880e-9	60	3	composite	2^14·3·127
1175	2001885	5.026613670546e-9	16	4	composite	3·5·37·3607
1176	2002363	4.950244501541e-9	8	3	composite	11·29·6277
1177	2793472	4.723989563449e-9	56	3	composite	2^13·11·31
1178	455167	4.714365007957e-9	2	1	prime	455167 (prime)
1179	455171	4.714233547296e-9	2	1	prime	455171 (prime)
1180	2000544	4.626184746977e-9	96	5	composite	2^5·3·7·13·229
1181	458683	4.600390139316e-9	2	1	prime	458683 (prime)
1182	458701	4.599814736319e-9	2	1	prime	458701 (prime)
1183	458747	4.598344536280e-9	2	1	prime	458747 (prime)
1184	458789	4.597002702165e-9	2	1	prime	458789 (prime)
1185	2000841	4.593445194246e-9	8	3	composite	3·41·16267
1186	3381248	4.571199107571e-9	48	3	composite	2^11·13·127
1187	212966	4.410870998667e-9	8	3	composite	2·13·8191
1188	2	4.345739873573e-9	2	1	prime	2 (prime)
1189	40639	4.224842085413e-9	2	1	prime	40639 (prime)
1190	1146880	4.177817016368e-9	64	3	composite	2^15·5·7
1191	2002067	3.937469306225e-9	4	2	composite	1201·1667
1192	2000866	3.913592433768e-9	24	4	composite	2·7^2·17·1201
1193	3301376	3.868155981329e-9	56	3	composite	2^13·13·31
1194	491503	3.673282853493e-9	2	1	prime	491503 (prime)
1195	491527	3.672685757125e-9	2	1	prime	491527 (prime)
1196	2000160	3.652933594077e-9	96	4	composite	2^5·3^3·5·463
1197	498947	3.493102460320e-9	2	1	prime	498947 (prime)
1198	498961	3.492772865496e-9	2	1	prime	498961 (prime)
1199	2002320	3.488129171248e-9	120	4	composite	2^4·3^5·5·103
1200	28828800	3.426960592905e-9	576	6	composite	2^7·3^2·5^2·7·11·13
1201	2000683	3.425584005059e-9	4	2	composite	179·11177
1202	49139	3.418424414910e-9	2	1	prime	49139 (prime)
1203	2000124	3.405884689821e-9	36	4	composite	2^2·3^2·7·7937
1204	1657	3.359928716013e-9	2	1	prime	1657 (prime)
1205	2002112	3.353556568413e-9	56	4	composite	2^6·7·41·109
1206	2001732	3.333222034105e-9	24	4	composite	2^2·3·31·5381
1207	260096	3.332702378050e-9	24	2	composite	2^11·127
1208	507901	3.289076687732e-9	2	1	prime	507901 (prime)
1209	507907	3.288944401795e-9	2	1	prime	507907 (prime)
1210	313	3.244865150619e-9	2	1	prime	313 (prime)
1211	7	3.205310747752e-9	2	1	prime	7 (prime)
1212	36036000	3.157542907420e-9	576	6	composite	2^5·3^2·5^3·7·11·13
1213	2080768	3.137419573217e-9	30	2	composite	2^14·127
1214	2000616	3.102154920822e-9	32	4	composite	2^3·3·31·2689
1215	520151	3.030641531909e-9	2	1	prime	520151 (prime)
1216	520193	3.029794145713e-9	2	1	prime	520193 (prime)
1217	2000062	2.960534546403e-9	8	3	composite	2·41·24391
1218	524221	2.949700350191e-9	2	1	prime	524221 (prime)
1219	524231	2.949504361751e-9	2	1	prime	524231 (prime)
1220	524269	2.948759738479e-9	2	1	prime	524269 (prime)
1221	983040	2.948666144064e-9	68	3	composite	2^16·3·5
1222	524309	2.947976151470e-9	2	1	prime	524309 (prime)
1223	2000876	2.925642574844e-9	12	3	composite	2^2·43·11633
1224	262142	2.826871455117e-9	4	2	composite	2·131071
1225	2001406	2.805903573506e-9	16	4	composite	2·11·29·3137
1226	2001986	2.698852284208e-9	16	4	composite	2·7·29·4931
1227	540629	2.646115798099e-9	2	1	prime	540629 (prime)
1228	540677	2.645278186616e-9	2	1	prime	540677 (prime)
1229	2001510	2.628443796809e-9	80	5	composite	2·3^4·5·7·353
1230	2001400	2.535175122767e-9	24	3	composite	2^3·5^2·10007
1231	3669568	2.511515122123e-9	28	3	composite	2^6·7·8191
1232	2001719	2.493064130199e-9	4	2	composite	101·19819
1233	2000295	2.474732558420e-9	40	4	composite	3^4·5·11·449
1234	393213	2.440826971051e-9	4	2	composite	3·131071
1235	2002309	2.423701161444e-9	4	2	composite	1123·1783
1236	554383	2.417191567587e-9	2	1	prime	554383 (prime)
1237	554417	2.416652274142e-9	2	1	prime	554417 (prime)
1238	2002540	2.343942762947e-9	24	4	composite	2^2·5·223·449
1239	36871	2.336898843618e-9	2	1	prime	36871 (prime)
1240	2000744	2.291448843466e-9	16	3	composite	2^3·449·557
1241	2000783	2.280615827902e-9	4	2	composite	479·4177
1242	2000957	2.239282808980e-9	8	3	composite	7·31·9221
1243	1179648	2.228628760291e-9	54	2	composite	2^17·3^2
1244	29	2.200934691502e-9	2	1	prime	29 (prime)
1245	2002434	2.191035116951e-9	40	4	composite	2·3·7^4·139
1246	2002091	2.181935052460e-9	16	3	composite	7^3·13·449
1247	2001193	2.163379857834e-9	4	2	composite	449·4457
1248	573437	2.133792548964e-9	2	1	prime	573437 (prime)
1249	573451	2.133597523777e-9	2	1	prime	573451 (prime)
1250	2001854	2.106634879507e-9	8	3	composite	2·839·1193
1251	2000893	2.019533283372e-9	4	2	composite	433·4621
1252	2000661	2.015435391746e-9	16	4	composite	3·13·43·1193
1253	2001642	2.009684968302e-9	16	4	composite	2·3·449·743
1254	2001600	1.930241935850e-9	126	4	composite	2^6·3^2·5^2·139
1255	589811	1.917779744794e-9	2	1	prime	589811 (prime)
1256	589829	1.917555059042e-9	2	1	prime	589829 (prime)
1257	2032	1.896879996634e-9	10	2	composite	2^4·127
1258	57337	1.870586881357e-9	4	2	composite	7·8191
1259	19459440	1.860186349398e-9	480	6	composite	2^4·3^5·5·7·11·13
1260	72072000	1.847448622287e-9	672	6	composite	2^6·3^2·5^3·7·11·13
1261	2001330	1.797795664241e-9	48	5	composite	2·3^2·5·37·601
1262	917392	1.750048880770e-9	20	3	composite	2^4·7·8191
1263	2002532	1.746739892544e-9	36	4	composite	2^2·7^2·17·601
1264	2000844	1.746393986513e-9	18	3	composite	2^2·3^2·55579
1265	2861056	1.746169318789e-9	48	3	composite	2^11·11·127
1266	2000504	1.741104032512e-9	32	4	composite	2^3·11·127·179
1267	2001062	1.717209529990e-9	16	3	composite	2·7^3·2917
1268	2000101	1.710575711063e-9	8	3	composite	17·29·4057
1269	2000729	1.691259891040e-9	4	2	composite	601·3329
1270	2001931	1.687242298916e-9	4	2	composite	601·3331
1271	2001467	1.674483768508e-9	8	2	composite	13^3·911
1272	2752512	1.653066801439e-9	72	3	composite	2^17·3·7
1273	2001903	1.632357129764e-9	12	3	composite	3·17^2·2309
1274	2000493	1.600819941659e-9	24	3	composite	3^2·11^3·167
1275	99876869	1.582488500062e-9	2	1	prime	99876869 (prime)
1276	99876851	1.582488493076e-9	2	1	prime	99876851 (prime)
1277	97517617	1.581533041104e-9	2	1	prime	97517617 (prime)
1278	97517543	1.581533010792e-9	2	1	prime	97517543 (prime)
1279	95420441	1.580644312008e-9	2	1	prime	95420441 (prime)
1280	95420401	1.580644294575e-9	2	1	prime	95420401 (prime)
1281	92274527	1.579235915612e-9	2	1	prime	92274527 (prime)
1282	92274467	1.579235888043e-9	2	1	prime	92274467 (prime)
1283	92273989	1.579235666874e-9	2	1	prime	92273989 (prime)
1284	92273959	1.579235652894e-9	2	1	prime	92273959 (prime)
1285	92263439	1.579230782867e-9	2	1	prime	92263439 (prime)
1286	92263387	1.579230758709e-9	2	1	prime	92263387 (prime)
1287	91553797	1.578899717443e-9	2	1	prime	91553797 (prime)
1288	91553771	1.578899705354e-9	2	1	prime	91553771 (prime)
1289	89391119	1.577858580817e-9	2	1	prime	89391119 (prime)
1290	89391103	1.577858572728e-9	2	1	prime	89391103 (prime)
1291	86486419	1.576378885638e-9	2	1	prime	86486419 (prime)
1292	86486399	1.576378875403e-9	2	1	prime	86486399 (prime)
1293	2882880	1.575189250343e-9	336	6	composite	2^6·3^2·5·7·11·13
1294	83885933	1.574967871297e-9	2	1	prime	83885933 (prime)
1295	83885917	1.574967862250e-9	2	1	prime	83885917 (prime)
1296	83885447	1.574967599613e-9	2	1	prime	83885447 (prime)
1297	83885413	1.574967580409e-9	2	1	prime	83885413 (prime)
1298	83875849	1.574962230504e-9	2	1	prime	83875849 (prime)
1299	83875829	1.574962219344e-9	2	1	prime	83875829 (prime)
1300	83230739	1.574598563579e-9	2	1	prime	83230739 (prime)
1301	83230717	1.574598551326e-9	2	1	prime	83230717 (prime)
1302	81264649	1.573454882158e-9	2	1	prime	81264649 (prime)
1303	80740391	1.573140586018e-9	2	1	prime	80740391 (prime)
1304	80740339	1.573140554921e-9	2	1	prime	80740339 (prime)
1305	2000561	1.572282462262e-9	4	2	composite	641·3121
1306	73513459	1.568355053176e-9	2	1	prime	73513459 (prime)
1307	73513421	1.568355025481e-9	2	1	prime	73513421 (prime)
1308	72072017	1.567286753923e-9	2	1	prime	72072017 (prime)
1309	72071983	1.567286728534e-9	2	1	prime	72071983 (prime)
1310	69189163	1.565017851819e-9	2	1	prime	69189163 (prime)
1311	69189119	1.565017816014e-9	2	1	prime	69189119 (prime)
1312	67108739	1.563260521698e-9	2	1	prime	67108739 (prime)
1313	67108729	1.563260512762e-9	2	1	prime	67108729 (prime)
1314	67108369	1.563260199502e-9	2	1	prime	67108369 (prime)
1315	67108351	1.563260183768e-9	2	1	prime	67108351 (prime)
1316	67100681	1.563253505202e-9	2	1	prime	67100681 (prime)
1317	67100669	1.563253494826e-9	2	1	prime	67100669 (prime)
1318	66584591	1.562800619293e-9	2	1	prime	66584591 (prime)
1319	66584561	1.562800592295e-9	2	1	prime	66584561 (prime)
1320	64864817	1.561239943148e-9	2	1	prime	64864817 (prime)
1321	64864799	1.561239926360e-9	2	1	prime	64864799 (prime)
1322	61261219	1.557688457255e-9	2	1	prime	61261219 (prime)
1323	61261199	1.557688436311e-9	2	1	prime	61261199 (prime)
1324	58720171	1.554924900440e-9	2	1	prime	58720171 (prime)
1325	58720141	1.554924866010e-9	2	1	prime	58720141 (prime)
1326	58719821	1.554924503223e-9	2	1	prime	58719821 (prime)
1327	58719803	1.554924482925e-9	2	1	prime	58719803 (prime)
1328	58713091	1.554916869611e-9	2	1	prime	58713091 (prime)
1329	58713077	1.554916853768e-9	2	1	prime	58713077 (prime)
1330	58261523	1.554400685186e-9	2	1	prime	58261523 (prime)
1331	58261501	1.554400659821e-9	2	1	prime	58261501 (prime)
1332	57657623	1.553697872255e-9	2	1	prime	57657623 (prime)
1333	57657583	1.553697825444e-9	2	1	prime	57657583 (prime)
1334	56885261	1.552777498167e-9	2	1	prime	56885261 (prime)
1335	56885219	1.552777447679e-9	2	1	prime	56885219 (prime)
1336	54525871	1.549806344976e-9	2	1	prime	54525871 (prime)
1337	54525841	1.549806305727e-9	2	1	prime	54525841 (prime)
1338	54525547	1.549805919744e-9	2	1	prime	54525547 (prime)
1339	54525533	1.549805901273e-9	2	1	prime	54525533 (prime)
1340	54519317	1.549797737967e-9	2	1	prime	54519317 (prime)
1341	54519281	1.549797690220e-9	2	1	prime	54519281 (prime)
1342	54099989	1.549242746391e-9	2	1	prime	54099989 (prime)
1343	54099959	1.549242706732e-9	2	1	prime	54099959 (prime)
1344	54054017	1.549181384022e-9	2	1	prime	54054017 (prime)
1345	54053983	1.549181338483e-9	2	1	prime	54053983 (prime)
1346	52822039	1.547497648725e-9	2	1	prime	52822039 (prime)
1347	52821983	1.547497570206e-9	2	1	prime	52821983 (prime)
1348	51891883	1.546174086484e-9	2	1	prime	51891883 (prime)
1349	51891811	1.546173982379e-9	2	1	prime	51891811 (prime)
1350	51380233	1.545425857080e-9	2	1	prime	51380233 (prime)
1351	51380179	1.545425776997e-9	2	1	prime	51380179 (prime)
1352	50331571	1.543845362430e-9	2	1	prime	50331571 (prime)
1353	50331517	1.543845279607e-9	2	1	prime	50331517 (prime)
1354	50331277	1.543844909969e-9	2	1	prime	50331277 (prime)
1355	50331241	1.543844854924e-9	2	1	prime	50331241 (prime)
1356	50325511	1.543836040074e-9	2	1	prime	50325511 (prime)
1357	50325497	1.543836018395e-9	2	1	prime	50325497 (prime)
1358	49938433	1.543235952287e-9	2	1	prime	49938433 (prime)
1359	49938431	1.543235949292e-9	2	1	prime	49938431 (prime)
1360	2001350	1.542298355063e-9	24	4	composite	2·5^2·13·3079
1361	48758789	1.541349145334e-9	2	1	prime	48758789 (prime)
1362	48758783	1.541349135509e-9	2	1	prime	48758783 (prime)
1363	47710213	1.539594685699e-9	2	1	prime	47710213 (prime)
1364	47710207	1.539594675039e-9	2	1	prime	47710207 (prime)
1365	46137271	1.536815372470e-9	2	1	prime	46137271 (prime)
1366	46137253	1.536815339554e-9	2	1	prime	46137253 (prime)
1367	46137001	1.536814879214e-9	2	1	prime	46137001 (prime)
1368	46136957	1.536814798879e-9	2	1	prime	46136957 (prime)
1369	46131713	1.536805220174e-9	2	1	prime	46131713 (prime)
1370	46131707	1.536805209060e-9	2	1	prime	46131707 (prime)
1371	45776911	1.536152113302e-9	2	1	prime	45776911 (prime)
1372	45776893	1.536152080028e-9	2	1	prime	45776893 (prime)
1373	44695561	1.534098549283e-9	2	1	prime	44695561 (prime)
1374	44695549	1.534098526143e-9	2	1	prime	44695549 (prime)
1375	43243201	1.531181168991e-9	2	1	prime	43243201 (prime)
1376	43243181	1.531181127379e-9	2	1	prime	43243181 (prime)
1377	41942963	1.528400541622e-9	2	1	prime	41942963 (prime)
1378	41942951	1.528400515129e-9	2	1	prime	41942951 (prime)
1379	41942741	1.528400052007e-9	2	1	prime	41942741 (prime)
1380	41942711	1.528399985899e-9	2	1	prime	41942711 (prime)
1381	41937923	1.528389432462e-9	2	1	prime	41937923 (prime)
1382	41937919	1.528389423493e-9	2	1	prime	41937919 (prime)
1383	41615381	1.527673004862e-9	2	1	prime	41615381 (prime)
1384	41615347	1.527672928714e-9	2	1	prime	41615347 (prime)
1385	40894481	1.526031523359e-9	2	1	prime	40894481 (prime)
1386	40894457	1.526031467772e-9	2	1	prime	40894457 (prime)
1387	40632343	1.525420423094e-9	2	1	prime	40632343 (prime)
1388	40632313	1.525420352846e-9	2	1	prime	40632313 (prime)
1389	40370177	1.524801444244e-9	2	1	prime	40370177 (prime)
1390	40370173	1.524801435139e-9	2	1	prime	40370173 (prime)
1391	36756749	1.515386076968e-9	2	1	prime	36756749 (prime)
1392	36756677	1.515385871060e-9	2	1	prime	36756677 (prime)
1393	2001792	1.515241656446e-9	64	4	composite	2^7·3·13·401
1394	36700201	1.515224253003e-9	2	1	prime	36700201 (prime)
1395	36700159	1.515224132852e-9	2	1	prime	36700159 (prime)
1396	36036001	1.513286161089e-9	2	1	prime	36036001 (prime)
1397	36035983	1.513286107769e-9	2	1	prime	36035983 (prime)
1398	34603013	1.508856042840e-9	2	1	prime	34603013 (prime)
1399	34602991	1.508855972173e-9	2	1	prime	34602991 (prime)
1400	34594561	1.508828844616e-9	2	1	prime	34594561 (prime)
1401	34594559	1.508828838001e-9	2	1	prime	34594559 (prime)
1402	33554371	1.505378930840e-9	2	1	prime	33554371 (prime)
1403	33554347	1.505378848896e-9	2	1	prime	33554347 (prime)
1404	33554201	1.505378350349e-9	2	1	prime	33554201 (prime)
1405	33554167	1.505378233477e-9	2	1	prime	33554167 (prime)
1406	33550337	1.505365143060e-9	2	1	prime	33550337 (prime)
1407	33550331	1.505365122218e-9	2	1	prime	33550331 (prime)
1408	33292289	1.504476356716e-9	2	1	prime	33292289 (prime)
1409	33292283	1.504476335187e-9	2	1	prime	33292283 (prime)
1410	32505901	1.501682507392e-9	2	1	prime	32505901 (prime)
1411	32505829	1.501682245551e-9	2	1	prime	32505829 (prime)
1412	32432443	1.501414746203e-9	2	1	prime	32432443 (prime)
1413	32432399	1.501414585172e-9	2	1	prime	32432399 (prime)
1414	2000223	1.501151752204e-9	6	2	composite	3^2·222247
1415	29360077	1.489041892078e-9	2	1	prime	29360077 (prime)
1416	29360063	1.489041829837e-9	2	1	prime	29360063 (prime)
1417	29359909	1.489041146306e-9	2	1	prime	29359909 (prime)
1418	29359903	1.489041120014e-9	2	1	prime	29359903 (prime)
1419	29356553	1.489026246015e-9	2	1	prime	29356553 (prime)
1420	29356531	1.489026148596e-9	2	1	prime	29356531 (prime)
1421	29130757	1.488016021605e-9	2	1	prime	29130757 (prime)
1422	29130727	1.488015886550e-9	2	1	prime	29130727 (prime)
1423	28828801	1.486640872491e-9	2	1	prime	28828801 (prime)
1424	28828799	1.486640863671e-9	2	1	prime	28828799 (prime)
1425	69189120	1.485854683457e-9	640	6	composite	2^9·3^3·5·7·11·13
1426	28442627	1.484840596609e-9	2	1	prime	28442627 (prime)
1427	2001116	1.483912529453e-9	24	4	composite	2^2·13·29·1327
1428	2001824	1.481010171856e-9	48	3	composite	2^5·11^3·47
1429	27262931	1.479032639008e-9	2	1	prime	27262931 (prime)
1430	27262877	1.479032361877e-9	2	1	prime	27262877 (prime)
1431	27262783	1.479031879460e-9	2	1	prime	27262783 (prime)
1432	27262759	1.479031756205e-9	2	1	prime	27262759 (prime)
1433	27259651	1.479015806456e-9	2	1	prime	27259651 (prime)
1434	27259643	1.479015765419e-9	2	1	prime	27259643 (prime)
1435	27049999	1.477931631804e-9	2	1	prime	27049999 (prime)
1436	27049969	1.477931475382e-9	2	1	prime	27049969 (prime)
1437	26411009	1.474523633489e-9	2	1	prime	26411009 (prime)
1438	26411003	1.474523600425e-9	2	1	prime	26411003 (prime)
1439	25945937	1.471940289198e-9	2	1	prime	25945937 (prime)
1440	25945919	1.471940187218e-9	2	1	prime	25945919 (prime)
1441	25690121	1.470480431422e-9	2	1	prime	25690121 (prime)
1442	25690097	1.470480293385e-9	2	1	prime	25690097 (prime)
1443	630737	1.469766461576e-9	2	1	prime	630737 (prime)
1444	630797	1.469193204838e-9	2	1	prime	630797 (prime)
1445	2000033	1.468455146636e-9	14	2	composite	7^6·17
1446	655355	1.467823785446e-9	4	2	composite	5·131071
1447	25165799	1.467397924838e-9	2	1	prime	25165799 (prime)
1448	25165771	1.467397756886e-9	2	1	prime	25165771 (prime)
1449	25165639	1.467396964848e-9	2	1	prime	25165639 (prime)
1450	25165603	1.467396749706e-9	2	1	prime	25165603 (prime)
1451	25162789	1.467379867596e-9	2	1	prime	25162789 (prime)
1452	25162729	1.467379507700e-9	2	1	prime	25162729 (prime)
1453	24969221	1.466209734140e-9	2	1	prime	24969221 (prime)
1454	24969193	1.466209563472e-9	2	1	prime	24969193 (prime)
1455	24379427	1.462532863476e-9	2	1	prime	24379427 (prime)
1456	24379391	1.462532634207e-9	2	1	prime	24379391 (prime)
1457	23855119	1.459115735241e-9	2	1	prime	23855119 (prime)
1458	23855101	1.459115615577e-9	2	1	prime	23855101 (prime)
1459	2002500	1.454560544043e-9	90	4	composite	2^2·3^2·5^4·89
1460	23068667	1.453707059739e-9	2	1	prime	23068667 (prime)
1461	23068607	1.453706633620e-9	2	1	prime	23068607 (prime)
1462	23068499	1.453705866222e-9	2	1	prime	23068499 (prime)
1463	23068459	1.453705581601e-9	2	1	prime	23068459 (prime)
1464	23065859	1.453687105765e-9	2	1	prime	23065859 (prime)
1465	23065853	1.453687063719e-9	2	1	prime	23065853 (prime)
1466	22888457	1.452416842864e-9	2	1	prime	22888457 (prime)
1467	22888441	1.452416726894e-9	2	1	prime	22888441 (prime)
1468	2000317	1.450418689512e-9	8	3	composite	11·43·4229
1469	22347791	1.448424701982e-9	2	1	prime	22347791 (prime)
1470	22347769	1.448424536108e-9	2	1	prime	22347769 (prime)
1471	22020127	1.445912729847e-9	2	1	prime	22020127 (prime)
1472	22020091	1.445912449795e-9	2	1	prime	22020091 (prime)
1473	21621629	1.442758212986e-9	2	1	prime	21621629 (prime)
1474	21621577	1.442757794415e-9	2	1	prime	21621577 (prime)
1475	117649	1.439071952246e-9	7	1	composite	7^6
1476	20971493	1.437362391136e-9	2	1	prime	20971493 (prime)
1477	20971451	1.437362032772e-9	2	1	prime	20971451 (prime)
1478	20971381	1.437361433876e-9	2	1	prime	20971381 (prime)
1479	20968979	1.437340897481e-9	2	1	prime	20968979 (prime)
1480	20968957	1.437340709725e-9	2	1	prime	20968957 (prime)
1481	20807687	1.435951368720e-9	2	1	prime	20807687 (prime)
1482	20447239	1.432769412214e-9	2	1	prime	20447239 (prime)
1483	20447191	1.432768981650e-9	2	1	prime	20447191 (prime)
1484	20316161	1.431585191250e-9	2	1	prime	20316161 (prime)
1485	20316151	1.431585100487e-9	2	1	prime	20316151 (prime)
1486	634871	1.430778328268e-9	2	1	prime	634871 (prime)
1487	634891	1.430592198726e-9	2	1	prime	634891 (prime)
1488	20185093	1.430386181807e-9	2	1	prime	20185093 (prime)
1489	20185051	1.430385794110e-9	2	1	prime	20185051 (prime)
1490	2002443	1.425654969340e-9	8	3	composite	3·503·1327
1491	19459459	1.423465681734e-9	2	1	prime	19459459 (prime)
1492	19459421	1.423465306275e-9	2	1	prime	19459421 (prime)
1493	61261200	1.421172250133e-9	720	7	composite	2^4·3^2·5^2·7·11·13·17
1494	18350093	1.411865287153e-9	2	1	prime	18350093 (prime)
1495	18350063	1.411864955257e-9	2	1	prime	18350063 (prime)
1496	18018017	1.408125197794e-9	2	1	prime	18018017 (prime)
1497	18017981	1.408124785387e-9	2	1	prime	18017981 (prime)
1498	36756720	1.406670585386e-9	640	7	composite	2^4·3^3·5·7·11·13·17
1499	17301517	1.399585026301e-9	2	1	prime	17301517 (prime)
1500	17301463	1.399584355963e-9	2	1	prime	17301463 (prime)
1501	17297297	1.399532710816e-9	2	1	prime	17297297 (prime)
1502	17297263	1.399532289356e-9	2	1	prime	17297263 (prime)
1503	638971	1.393116804459e-9	2	1	prime	638971 (prime)
1504	638977	1.393062405058e-9	2	1	prime	638977 (prime)
1505	16777199	1.392891552803e-9	2	1	prime	16777199 (prime)
1506	16777183	1.392891342733e-9	2	1	prime	16777183 (prime)
1507	16777099	1.392890238356e-9	2	1	prime	16777099 (prime)
1508	16777049	1.392889580969e-9	2	1	prime	16777049 (prime)
1509	16775177	1.392864962567e-9	2	1	prime	16775177 (prime)
1510	16775153	1.392864646222e-9	2	1	prime	16775153 (prime)
1511	16646167	1.391155560629e-9	2	1	prime	16646167 (prime)
1512	16646099	1.391154652841e-9	2	1	prime	16646099 (prime)
1513	2000128	1.388274645670e-9	36	3	composite	2^8·13·601
1514	16252967	1.385785048363e-9	2	1	prime	16252967 (prime)
1515	16252919	1.385784377603e-9	2	1	prime	16252919 (prime)
1516	62748517	1.381431749284e-9	8	1	composite	13^7
1517	15728681	1.378224059648e-9	2	1	prime	15728681 (prime)
1518	15728611	1.378223017564e-9	2	1	prime	15728611 (prime)
1519	2031616	1.373665419979e-9	34	2	composite	2^16·31
1520	90101	1.370861965166e-9	4	2	composite	11·8191
1521	14680037	1.361554264450e-9	2	1	prime	14680037 (prime)
1522	14679997	1.361553584964e-9	2	1	prime	14679997 (prime)
1523	14679949	1.361552769363e-9	2	1	prime	14679949 (prime)
1524	14678299	1.361524748630e-9	2	1	prime	14678299 (prime)
1525	14678269	1.361524239097e-9	2	1	prime	14678269 (prime)
1526	14565391	1.359592929469e-9	2	1	prime	14565391 (prime)
1527	14565367	1.359592516188e-9	2	1	prime	14565367 (prime)
1528	14414401	1.356964449487e-9	2	1	prime	14414401 (prime)
1529	14414377	1.356964027058e-9	2	1	prime	14414377 (prime)
1530	14221321	1.353525778622e-9	2	1	prime	14221321 (prime)
1531	14221309	1.353525562650e-9	2	1	prime	14221309 (prime)
1532	19487171	1.352698318210e-9	8	1	composite	11^7
1533	1605632	1.345918497937e-9	48	2	composite	2^15·7^2
1534	13631477	1.342447376264e-9	2	1	prime	13631477 (prime)
1535	13631459	1.342447024135e-9	2	1	prime	13631459 (prime)
1536	13631411	1.342446085450e-9	2	1	prime	13631411 (prime)
1537	13631383	1.342445538155e-9	2	1	prime	13631383 (prime)
1538	13629827	1.342415108002e-9	2	1	prime	13629827 (prime)
1539	13629817	1.342414911785e-9	2	1	prime	13629817 (prime)
1540	2001900	1.340629146575e-9	36	4	composite	2^2·3·5^2·6673
1541	13525007	1.340349853946e-9	2	1	prime	13525007 (prime)
1542	13524977	1.340349257787e-9	2	1	prime	13524977 (prime)
1543	13205509	1.333862924701e-9	2	1	prime	13205509 (prime)
1544	13205477	1.333862260720e-9	2	1	prime	13205477 (prime)
1545	2000100	1.333138218988e-9	72	5	composite	2^2·3·5^2·59·113
1546	12972959	1.328950924710e-9	2	1	prime	12972959 (prime)
1547	12845069	1.326177798267e-9	2	1	prime	12845069 (prime)
1548	12845033	1.326177010018e-9	2	1	prime	12845033 (prime)
1549	12582893	1.320326153286e-9	2	1	prime	12582893 (prime)
1550	12582853	1.320325243022e-9	2	1	prime	12582853 (prime)
1551	12582821	1.320324514240e-9	2	1	prime	12582821 (prime)
1552	12582803	1.320324104568e-9	2	1	prime	12582803 (prime)
1553	12581407	1.320292328856e-9	2	1	prime	12581407 (prime)
1554	12581357	1.320291190253e-9	2	1	prime	12581357 (prime)
1555	12484609	1.318072622483e-9	2	1	prime	12484609 (prime)
1556	12484603	1.318072483452e-9	2	1	prime	12484603 (prime)
1557	12189703	1.311104896374e-9	2	1	prime	12189703 (prime)
1558	12189677	1.311104267599e-9	2	1	prime	12189677 (prime)
1559	11927561	1.304638607831e-9	2	1	prime	11927561 (prime)
1560	11927551	1.304638356462e-9	2	1	prime	11927551 (prime)
1561	650227	1.294641779659e-9	2	1	prime	650227 (prime)
1562	11534329	1.294420321787e-9	2	1	prime	11534329 (prime)
1563	11534309	1.294419785723e-9	2	1	prime	11534309 (prime)
1564	11534287	1.294419195561e-9	2	1	prime	11534287 (prime)
1565	11534213	1.294417211307e-9	2	1	prime	11534213 (prime)
1566	11532929	1.294382772407e-9	2	1	prime	11532929 (prime)
1567	11532889	1.294381698999e-9	2	1	prime	11532889 (prime)
1568	650261	1.294354853796e-9	2	1	prime	650261 (prime)
1569	11531521	1.294344998728e-9	2	1	prime	11531521 (prime)
1570	11531519	1.294344944883e-9	2	1	prime	11531519 (prime)
1571	11444263	1.291987025004e-9	2	1	prime	11444263 (prime)
1572	11444197	1.291985229037e-9	2	1	prime	11444197 (prime)
1573	11173873	1.284460834586e-9	2	1	prime	11173873 (prime)
1574	11010059	1.279732601930e-9	2	1	prime	11010059 (prime)
1575	11010037	1.279731958796e-9	2	1	prime	11010037 (prime)
1576	10810763	1.273799402702e-9	2	1	prime	10810763 (prime)
1577	2001012	1.272798214884e-9	48	5	composite	2^2·3·13·101·127
1578	917504	1.270572991606e-9	36	2	composite	2^17·7
1579	3047424	1.267910213419e-9	64	3	composite	2^15·3·31
1580	10485751	1.263671741494e-9	2	1	prime	10485751 (prime)
1581	10485731	1.263671101042e-9	2	1	prime	10485731 (prime)
1582	10485697	1.263670011243e-9	2	1	prime	10485697 (prime)
1583	10485667	1.263669049767e-9	2	1	prime	10485667 (prime)
1584	10484483	1.263631082267e-9	2	1	prime	10484483 (prime)
1585	10484471	1.263630698067e-9	2	1	prime	10484471 (prime)
1586	10403857	1.261026723322e-9	2	1	prime	10403857 (prime)
1587	10403839	1.261026137292e-9	2	1	prime	10403839 (prime)
1588	10223617	1.255066242291e-9	2	1	prime	10223617 (prime)
1589	10223593	1.255065435663e-9	2	1	prime	10223593 (prime)
1590	10158097	1.252850703772e-9	2	1	prime	10158097 (prime)
1591	10158079	1.252850091319e-9	2	1	prime	10158079 (prime)
1592	655273	1.252727963488e-9	2	1	prime	655273 (prime)
1593	655283	1.252646213760e-9	2	1	prime	655283 (prime)
1594	655351	1.252090514963e-9	2	1	prime	655351 (prime)
1595	655357	1.252041486275e-9	2	1	prime	655357 (prime)
1596	10092547	1.250607361295e-9	2	1	prime	10092547 (prime)
1597	10092539	1.250607085483e-9	2	1	prime	10092539 (prime)
1598	106483	1.246647612156e-9	4	2	composite	13·8191
1599	786336	1.245473985736e-9	24	3	composite	2^5·3·8191
1600	2000102	1.230935197810e-9	16	4	composite	2·13·43·1789
1601	9437189	1.226592694325e-9	2	1	prime	9437189 (prime)
1602	9437179	1.226592302889e-9	2	1	prime	9437179 (prime)
1603	9175057	1.216100458571e-9	2	1	prime	9175057 (prime)
1604	9175037	1.216099635764e-9	2	1	prime	9175037 (prime)
1605	40353607	1.213252597848e-9	10	1	composite	7^9
1606	2001891	1.212681861813e-9	8	3	composite	3·373·1789
1607	917497	1.199556019826e-9	4	2	composite	7·131071
1608	8650753	1.193363006427e-9	2	1	prime	8650753 (prime)
1609	8650727	1.193361815914e-9	2	1	prime	8650727 (prime)
1610	8648677	1.193267950648e-9	2	1	prime	8648677 (prime)
1611	8388593	1.181018800560e-9	2	1	prime	8388593 (prime)
1612	8388587	1.181018510208e-9	2	1	prime	8388587 (prime)
1613	8388547	1.181016572472e-9	2	1	prime	8388547 (prime)
1614	8388539	1.181016185927e-9	2	1	prime	8388539 (prime)
1615	8387591	1.180970266818e-9	2	1	prime	8387591 (prime)
1616	8387581	1.180969782444e-9	2	1	prime	8387581 (prime)
1617	8323099	1.177824008034e-9	2	1	prime	8323099 (prime)
1618	8323069	1.177822533865e-9	2	1	prime	8323069 (prime)
1619	665279	1.173458754591e-9	2	1	prime	665279 (prime)
1620	665293	1.173351316813e-9	2	1	prime	665293 (prime)
1621	8126473	1.167950716779e-9	2	1	prime	8126473 (prime)
1622	8126453	1.167949690167e-9	2	1	prime	8126453 (prime)
1623	14565376	1.162403145463e-9	60	3	composite	2^14·7·127
1624	2001815	1.158115492065e-9	8	3	composite	5·149·2687
1625	7864331	1.154090445423e-9	2	1	prime	7864331 (prime)
1626	7864301	1.154088812529e-9	2	1	prime	7864301 (prime)
1627	2001780	1.136136405839e-9	96	5	composite	2^2·3^3·5·11·337
1628	7340033	1.123693429497e-9	2	1	prime	7340033 (prime)
1629	7340009	1.123691948602e-9	2	1	prime	7340009 (prime)
1630	7339991	1.123690837701e-9	2	1	prime	7339991 (prime)
1631	7339961	1.123688987103e-9	2	1	prime	7339961 (prime)
1632	7339141	1.123638384784e-9	2	1	prime	7339141 (prime)
1633	7339091	1.123635299112e-9	2	1	prime	7339091 (prime)
1634	7282679	1.120129454703e-9	2	1	prime	7282679 (prime)
1635	2001454	1.115836763813e-9	24	4	composite	2·7^2·13·1571
1636	2002033	1.115622792997e-9	8	3	composite	11·37·4919
1637	7207223	1.115363093586e-9	2	1	prime	7207223 (prime)
1638	7207181	1.115360415761e-9	2	1	prime	7207181 (prime)
1639	262112	1.112740619658e-9	12	2	composite	2^5·8191
1640	2002454	1.110485795567e-9	8	3	composite	2·337·2971
1641	7110659	1.109131220679e-9	2	1	prime	7110659 (prime)
1642	7110647	1.109130436617e-9	2	1	prime	7110647 (prime)
1643	2002176	1.097241633507e-9	108	4	composite	2^8·3^2·11·79
1644	48828125	1.096068284655e-9	12	1	composite	5^11
1645	6815741	1.089124362092e-9	2	1	prime	6815741 (prime)
1646	6815729	1.089123516133e-9	2	1	prime	6815729 (prime)
1647	6815693	1.089120980341e-9	2	1	prime	6815693 (prime)
1648	6815689	1.089120698501e-9	2	1	prime	6815689 (prime)
1649	6814933	1.089067430489e-9	2	1	prime	6814933 (prime)
1650	6814889	1.089064329768e-9	2	1	prime	6814889 (prime)
1651	6762517	1.085348389138e-9	2	1	prime	6762517 (prime)
1652	6762491	1.085346532137e-9	2	1	prime	6762491 (prime)
1653	2001214	1.076041229658e-9	8	3	composite	2·101·9907
1654	2000526	1.075710528077e-9	32	5	composite	2·3·11·17·1783
1655	6602753	1.073689959067e-9	2	1	prime	6602753 (prime)
1656	6602737	1.073688767726e-9	2	1	prime	6602737 (prime)
1657	6486499	1.064887580414e-9	2	1	prime	6486499 (prime)
1658	6486479	1.064886042406e-9	2	1	prime	6486479 (prime)
1659	6422531	1.059924263413e-9	2	1	prime	6422531 (prime)
1660	6422519	1.059923322745e-9	2	1	prime	6422519 (prime)
1661	6291449	1.049476330389e-9	2	1	prime	6291449 (prime)
1662	6291437	1.049475356795e-9	2	1	prime	6291437 (prime)
1663	6291421	1.049474058766e-9	2	1	prime	6291421 (prime)
1664	6291403	1.049472597494e-9	2	1	prime	6291403 (prime)
1665	6290693	1.049414963360e-9	2	1	prime	6290693 (prime)
1666	6290681	1.049413989744e-9	2	1	prime	6290681 (prime)
1667	6242263	1.045456575965e-9	2	1	prime	6242263 (prime)
1668	6094859	1.033070168321e-9	2	1	prime	6094859 (prime)
1669	6094807	1.033065707217e-9	2	1	prime	6094807 (prime)
1670	2001701	1.030497860471e-9	8	3	composite	13·31·4967
1671	5963791	1.021608526176e-9	2	1	prime	5963791 (prime)
1672	5963773	1.021606922351e-9	2	1	prime	5963773 (prime)
1673	2000063	1.019108832048e-9	8	3	composite	13·137·1123
1674	688111	1.010142301594e-9	2	1	prime	688111 (prime)
1675	688133	1.009995868733e-9	2	1	prime	688133 (prime)
1676	5767169	1.003568374987e-9	2	1	prime	5767169 (prime)
1677	5767129	1.003564597588e-9	2	1	prime	5767129 (prime)
1678	5767109	1.003562708914e-9	2	1	prime	5767109 (prime)
1679	5766469	1.003502249875e-9	2	1	prime	5766469 (prime)
1680	5766463	1.003501683564e-9	2	1	prime	5766463 (prime)
1681	5765779	1.003437055007e-9	2	1	prime	5765779 (prime)
1682	5765731	1.003432518977e-9	2	1	prime	5765731 (prime)
1683	1441781	1.001713004790e-9	4	2	composite	11·131071
1684	5722117	9.992840269994e-10	2	1	prime	5722117 (prime)
1685	5722111	9.992834521068e-10	2	1	prime	5722111 (prime)
1686	2001186	9.963143570067e-10	40	4	composite	2·3^4·11·1123
1687	2000448	9.893264285028e-10	84	4	composite	2^6·3^2·23·151
1688	1953125	9.867168621880e-10	10	1	composite	5^9
1689	5586961	9.860745383569e-10	2	1	prime	5586961 (prime)
1690	5586943	9.860727424998e-10	2	1	prime	5586943 (prime)
1691	5505037	9.777970848984e-10	2	1	prime	5505037 (prime)
1692	5505023	9.777956510125e-10	2	1	prime	5505023 (prime)
1693	5405447	9.674462513793e-10	2	1	prime	5405447 (prime)
1694	5405381	9.674392845858e-10	2	1	prime	5405381 (prime)
1695	1703923	9.539987607256e-10	4	2	composite	13·131071
1696	5242877	9.498328520529e-10	2	1	prime	5242877 (prime)
1697	5242859	9.498308531036e-10	2	1	prime	5242859 (prime)
1698	5242843	9.498290731690e-10	2	1	prime	5242843 (prime)
1699	5242837	9.498284050353e-10	2	1	prime	5242837 (prime)
1700	5242241	9.497621278325e-10	2	1	prime	5242241 (prime)
1701	5242231	9.497610164768e-10	2	1	prime	5242231 (prime)
1702	2000455	9.472888252313e-10	8	3	composite	5·347·1153
1703	5201923	9.452488766321e-10	2	1	prime	5201923 (prime)
1704	5201909	9.452472997722e-10	2	1	prime	5201909 (prime)
1705	698359	9.440442390446e-10	2	1	prime	698359 (prime)
1706	698371	9.439692760030e-10	2	1	prime	698371 (prime)
1707	2001274	9.394722973822e-10	16	4	composite	2·11·17·5351
1708	5111833	9.349473420626e-10	2	1	prime	5111833 (prime)
1709	5111791	9.349424691219e-10	2	1	prime	5111791 (prime)
1710	5079047	9.311220981942e-10	2	1	prime	5079047 (prime)
1711	5079037	9.311209256104e-10	2	1	prime	5079037 (prime)
1712	823543	9.303847667038e-10	8	1	composite	7^7
1713	5046277	9.272570388973e-10	2	1	prime	5046277 (prime)
1714	5046259	9.272549053853e-10	2	1	prime	5046259 (prime)
1715	34594560	9.229589088529e-10	576	6	composite	2^8·3^3·5·7·11·13
1716	2001666	9.171009310506e-10	16	4	composite	2·3·149·2239
1717	2002424	9.161548823080e-10	16	3	composite	2^3·43·5821
1718	43046721	8.900282957492e-10	17	1	composite	3^16
1719	4718617	8.861680453699e-10	2	1	prime	4718617 (prime)
1720	4718579	8.861630076929e-10	2	1	prime	4718579 (prime)
1721	2002262	8.698973535421e-10	8	3	composite	2·149·6719
1722	4587533	8.683812004143e-10	2	1	prime	4587533 (prime)
1723	4587503	8.683770329610e-10	2	1	prime	4587503 (prime)
1724	2001959	8.674574784051e-10	8	3	composite	37·61·887
1725	2001072	8.653633215738e-10	40	4	composite	2^4·3·47·887
1726	2000185	8.650526713982e-10	16	4	composite	5·11·41·887
1727	1966080	8.627858163311e-10	72	3	composite	2^17·3·5
1728	5764801	8.551964876798e-10	9	1	composite	7^8
1729	715259	8.437674274992e-10	2	1	prime	715259 (prime)
1730	715289	8.435985193254e-10	2	1	prime	715289 (prime)
1731	2002031	8.326417865603e-10	4	2	composite	1361·1471
1732	4325389	8.302028125567e-10	2	1	prime	4325389 (prime)
1733	4325359	8.301982290855e-10	2	1	prime	4325359 (prime)
1734	4324321	8.300396651345e-10	2	1	prime	4324321 (prime)
1735	4324303	8.300369152338e-10	2	1	prime	4324303 (prime)
1736	4826809	8.265518376085e-10	7	1	composite	13^6
1737	2001858	8.202995712782e-10	16	4	composite	2·3·557·599
1738	2000670	8.195588008897e-10	48	5	composite	2·3·5·7^2·1361
1739	67100672	8.145259392626e-10	28	2	composite	2^13·8191
1740	720703	8.136194487289e-10	2	1	prime	720703 (prime)
1741	720743	8.134016331026e-10	2	1	prime	720743 (prime)
1742	2001300	8.133608884659e-10	72	5	composite	2^2·3·5^2·7·953
1743	720793	8.131294329011e-10	2	1	prime	720793 (prime)
1744	720829	8.129335172766e-10	2	1	prime	720829 (prime)
1745	4194301	8.096844515590e-10	2	1	prime	4194301 (prime)
1746	4194287	8.096822064125e-10	2	1	prime	4194287 (prime)
1747	4194277	8.096806036027e-10	2	1	prime	4194277 (prime)
1748	4194271	8.096796419390e-10	2	1	prime	4194271 (prime)
1749	4193801	8.096042420896e-10	2	1	prime	4193801 (prime)
1750	4193789	8.096023188795e-10	2	1	prime	4193789 (prime)
1751	4161539	8.043965331189e-10	2	1	prime	4161539 (prime)
1752	4161527	8.043945866669e-10	2	1	prime	4161527 (prime)
1753	4063237	7.881283275363e-10	2	1	prime	4063237 (prime)
1754	4063217	7.881249559925e-10	2	1	prime	4063217 (prime)
1755	239	7.741794766560e-10	2	1	prime	239 (prime)
1756	2001608	7.732319011757e-10	32	4	composite	2^3·7·31·1153
1757	2000769	7.663855334945e-10	8	3	composite	3·337·1979
1758	3932167	7.654547112559e-10	2	1	prime	3932167 (prime)
1759	3932153	7.654522261653e-10	2	1	prime	3932153 (prime)
1760	1572861	7.646315487047e-10	4	2	composite	3·524287
1761	2000144	7.567954180441e-10	20	3	composite	2^4·41·3049
1762	66584576	7.497444206341e-10	40	2	composite	2^19·127
1763	2000061	7.466271400792e-10	24	4	composite	3^2·7·53·599
1764	2002457	7.430564613574e-10	4	2	composite	599·3343
1765	2000660	7.417209924080e-10	24	4	composite	2^2·5·167·599
1766	86486400	7.382507105964e-10	768	6	composite	2^7·3^3·5^2·7·11·13
1767	2001259	7.373135596601e-10	8	3	composite	13·257·599
1768	67108864	7.305007251973e-10	27	1	composite	2^26
1769	2002536	7.251100849386e-10	64	4	composite	2^3·3^3·73·127
1770	67108736	7.219094674768e-10	16	2	composite	2^7·524287
1771	67108352	7.218810631243e-10	20	2	composite	2^9·131071
1772	3670027	7.164265838235e-10	2	1	prime	3670027 (prime)
1773	3670013	7.164238250203e-10	2	1	prime	3670013 (prime)
1774	3670001	7.164214594735e-10	2	1	prime	3670001 (prime)
1775	3669961	7.164135758326e-10	2	1	prime	3669961 (prime)
1776	3669583	7.163390737884e-10	2	1	prime	3669583 (prime)
1777	3669557	7.163339501254e-10	2	1	prime	3669557 (prime)
1778	3641357	7.107433155178e-10	2	1	prime	3641357 (prime)
1779	3641311	7.107341435276e-10	2	1	prime	3641311 (prime)
1780	2002000	7.046698664696e-10	160	5	composite	2^4·5^3·7·11·13
1781	6815731	7.032751940272e-10	4	2	composite	13·524287
1782	3603619	7.031601419456e-10	2	1	prime	3603619 (prime)
1783	3603583	7.031528519619e-10	2	1	prime	3603583 (prime)
1784	5767157	7.010338475517e-10	4	2	composite	11·524287
1785	2621435	7.010136213102e-10	4	2	composite	5·524287
1786	2002140	6.999853821180e-10	108	5	composite	2^2·3^2·5·7^2·227
1787	2000333	6.972606112490e-10	8	3	composite	23·29·2999
1788	3670009	6.961366056808e-10	4	2	composite	7·524287
1789	3555353	6.932883626332e-10	2	1	prime	3555353 (prime)
1790	3555311	6.932796849232e-10	2	1	prime	3555311 (prime)
1791	745471	6.884393561793e-10	2	1	prime	745471 (prime)
1792	745477	6.884112618317e-10	2	1	prime	745477 (prime)
1793	2000156	6.840914584620e-10	12	3	composite	2^2·673·743
1794	2000978	6.766490035647e-10	16	4	composite	2·7·47·3041
1795	2000120	6.749893683502e-10	32	4	composite	2^3·5·31·1613
1796	2000691	6.619773421484e-10	24	4	composite	3^2·7·11·2887
1797	3407851	6.618640781551e-10	2	1	prime	3407851 (prime)
1798	3407813	6.618557279356e-10	2	1	prime	3407813 (prime)
1799	3407483	6.617832259244e-10	2	1	prime	3407483 (prime)
1800	3407447	6.617753155237e-10	2	1	prime	3407447 (prime)
1801	3381251	6.559875357053e-10	2	1	prime	3381251 (prime)
1802	3381239	6.559848700313e-10	2	1	prime	3381239 (prime)
1803	9765625	6.522328955617e-10	11	1	composite	5^10
1804	2000992	6.499589464390e-10	24	3	composite	2^5·7·8933
1805	2000096	6.496213280080e-10	24	3	composite	2^5·7·8929
1806	2001749	6.445001960735e-10	4	2	composite	907·2207
1807	2000842	6.441941213801e-10	8	3	composite	2·907·1103
1808	3326413	6.436621011570e-10	2	1	prime	3326413 (prime)
1809	3326399	6.436589178968e-10	2	1	prime	3326399 (prime)
1810	2000208	6.392543716398e-10	40	4	composite	2^4·3·7·5953
1811	3301379	6.379394119030e-10	2	1	prime	3301379 (prime)
1812	3301369	6.379371153598e-10	2	1	prime	3301369 (prime)
1813	2001920	6.369361065409e-10	88	4	composite	2^10·5·17·23
1814	58719808	6.367875209356e-10	28	3	composite	2^6·7·131071
1815	54519296	6.351311776392e-10	40	3	composite	2^9·13·8191
1816	54525848	6.280160580807e-10	16	3	composite	2^3·13·524287
1817	54525536	6.272042903674e-10	24	3	composite	2^5·13·131071
1818	52822016	6.250190298865e-10	72	3	composite	2^17·13·31
1819	3243271	6.244184293718e-10	2	1	prime	3243271 (prime)
1820	3243239	6.244108896987e-10	2	1	prime	3243239 (prime)
1821	2001626	6.186652070847e-10	16	4	composite	2·11·37·2459
1822	3211279	6.168296264213e-10	2	1	prime	3211279 (prime)
1823	761833	6.155149279622e-10	2	1	prime	761833 (prime)
1824	92274512	6.154817546468e-10	20	3	composite	2^4·11·524287
1825	761861	6.153962443956e-10	2	1	prime	761861 (prime)
1826	2001139	6.125961793309e-10	8	3	composite	7·127·2251
1827	91553792	6.118968050240e-10	68	3	composite	2^16·11·127
1828	92273984	6.094266148861e-10	28	3	composite	2^6·11·131071
1829	2000737	6.067712003467e-10	4	2	composite	811·2467
1830	2000343	6.024840222853e-10	8	3	composite	3·191·3491
1831	92263424	6.015484411097e-10	44	3	composite	2^10·11·8191
1832	3145739	6.009533947933e-10	2	1	prime	3145739 (prime)
1833	3145721	6.009489722396e-10	2	1	prime	3145721 (prime)
1834	3145711	6.009465164745e-10	2	1	prime	3145711 (prime)
1835	3145679	6.009386547163e-10	2	1	prime	3145679 (prime)
1836	3145361	6.008605234596e-10	2	1	prime	3145361 (prime)
1837	3145339	6.008551174662e-10	2	1	prime	3145339 (prime)
1838	2000338	5.951359431858e-10	8	3	composite	2·197·5077
1839	3121163	5.948836184042e-10	2	1	prime	3121163 (prime)
1840	3121121	5.948731899134e-10	2	1	prime	3121121 (prime)
1841	54099968	5.948020876957e-10	64	3	composite	2^15·13·127
1842	2000829	5.939009733724e-10	8	3	composite	3·673·991
1843	89391104	5.918440252324e-10	76	3	composite	2^18·11·31
1844	2002175	5.833550930595e-10	24	4	composite	5^2·7·17·673
1845	3047441	5.762838672515e-10	2	1	prime	3047441 (prime)
1846	3047423	5.762792545196e-10	2	1	prime	3047423 (prime)
1847	2001914	5.701667383849e-10	8	3	composite	2·197·5081
1848	58720144	5.664851784603e-10	20	3	composite	2^4·7·524287
1849	58713088	5.657884051979e-10	44	3	composite	2^10·7·8191
1850	95420416	5.657160355767e-10	84	3	composite	2^20·7·13
1851	40894464	5.656536688384e-10	84	3	composite	2^20·3·13
1852	2001733	5.646464614852e-10	8	3	composite	17·73·1613
1853	137	5.620756608700e-10	2	1	prime	137 (prime)
1854	2001578	5.614465119640e-10	8	3	composite	2·179·5591
1855	2000449	5.614306294888e-10	8	3	composite	11·29·6271
1856	2981897	5.592404398253e-10	2	1	prime	2981897 (prime)
1857	2981887	5.592378040174e-10	2	1	prime	2981887 (prime)
1858	51380224	5.576185526795e-10	63	2	composite	2^20·7^2
1859	2000687	5.567606764649e-10	8	3	composite	13·67·2297
1860	80740352	5.511591254814e-10	84	3	composite	2^20·7·11
1861	34603008	5.510030228428e-10	84	3	composite	2^20·3·11
1862	2000736	5.486361641476e-10	36	3	composite	2^5·3^2·6947
1863	2002193	5.428643915425e-10	4	2	composite	401·4993
1864	780287	5.415049507241e-10	2	1	prime	780287 (prime)
1865	780323	5.413685122806e-10	2	1	prime	780323 (prime)
1866	1310560	5.407278265632e-10	24	3	composite	2^5·5·8191
1867	2000200	5.359577211544e-10	48	4	composite	2^3·5^2·73·137
1868	2001800	5.347298861035e-10	24	3	composite	2^3·5^2·10009
1869	2883563	5.327418116603e-10	2	1	prime	2883563 (prime)
1870	2883553	5.327390614937e-10	2	1	prime	2883553 (prime)
1871	2883233	5.326509604636e-10	2	1	prime	2883233 (prime)
1872	2883229	5.326498601761e-10	2	1	prime	2883229 (prime)
1873	2882897	5.325584479407e-10	2	1	prime	2882897 (prime)
1874	2882863	5.325490834466e-10	2	1	prime	2882863 (prime)
1875	2001502	5.316133886241e-10	8	3	composite	2·673·1487
1876	786432	5.284287458504e-10	38	2	composite	2^18·3
1877	2001240	5.271808221027e-10	128	5	composite	2^3·3^3·5·17·109
1878	2861059	5.265163958499e-10	2	1	prime	2861059 (prime)
1879	2861051	5.265141695943e-10	2	1	prime	2861051 (prime)
1880	58261504	5.234593550393e-10	68	3	composite	2^16·7·127
1881	83885440	5.234110341338e-10	32	3	composite	2^7·5·131071
1882	786329	5.190183522233e-10	2	1	prime	786329 (prime)
1883	786337	5.189891275715e-10	2	1	prime	786337 (prime)
1884	786419	5.186895949232e-10	2	1	prime	786419 (prime)
1885	786431	5.186457673069e-10	2	1	prime	786431 (prime)
1886	786433	5.186384672363e-10	2	1	prime	786433 (prime)
1887	2000492	5.146567384554e-10	48	5	composite	2^2·13·17·31·73
1888	83885920	5.138423085617e-10	24	3	composite	2^5·5·524287
1889	83875840	5.118134035818e-10	48	3	composite	2^11·5·8191
1890	2000565	5.112704765897e-10	64	5	composite	3^3·5·7·29·73
1891	2793481	5.074515256189e-10	2	1	prime	2793481 (prime)
1892	2793467	5.074475169591e-10	2	1	prime	2793467 (prime)
1893	83230720	5.072749630500e-10	72	3	composite	2^17·5·127
1894	56885248	5.037116953954e-10	76	3	composite	2^18·7·31
1895	2002455	5.033612800425e-10	64	5	composite	3^3·5·7·13·163
1896	2772017	5.012781830042e-10	2	1	prime	2772017 (prime)
1897	2771999	5.012729811036e-10	2	1	prime	2771999 (prime)
1898	2000768	5.000078243362e-10	96	4	composite	2^7·7^2·11·29
1899	2001104	4.977468008311e-10	40	4	composite	2^4·7·17·1051
1900	81264640	4.956913660251e-10	80	3	composite	2^19·5·31
1901	2752513	4.956185574551e-10	2	1	prime	2752513 (prime)
1902	2752499	4.956144767658e-10	2	1	prime	2752499 (prime)
1903	2000988	4.945367623563e-10	72	5	composite	2^2·3^2·11·31·163
1904	2001314	4.779497949427e-10	16	4	composite	2·7·163·877
1905	2000437	4.758078735336e-10	4	2	composite	877·2281
1906	2001466	4.749060831424e-10	8	3	composite	2·809·1237
1907	2002051	4.748732308981e-10	4	2	composite	1223·1637
1908	2000414	4.732485431698e-10	16	4	composite	2·13·47·1637
1909	2000592	4.708185328124e-10	80	4	composite	2^4·3^3·11·421
1910	2661137	4.684595123668e-10	2	1	prime	2661137 (prime)
1911	2661119	4.684540543397e-10	2	1	prime	2661119 (prime)
1912	2002275	4.669789261162e-10	36	4	composite	3^2·5^2·11·809
1913	2001288	4.645711786223e-10	32	4	composite	2^3·3·61·1367
1914	802811	4.617062748551e-10	2	1	prime	802811 (prime)
1915	802829	4.616467644942e-10	2	1	prime	802829 (prime)
1916	15728640	4.566191340092e-10	84	3	composite	2^20·3·5
1917	2621447	4.563270161465e-10	2	1	prime	2621447 (prime)
1918	36700160	4.563242768556e-10	84	3	composite	2^20·5·7
1919	2621431	4.563220843703e-10	2	1	prime	2621431 (prime)
1920	2621387	4.563085204814e-10	2	1	prime	2621387 (prime)
1921	2621131	4.562295962192e-10	2	1	prime	2621131 (prime)
1922	2621119	4.562258957968e-10	2	1	prime	2621119 (prime)
1923	2523136	4.515263260698e-10	64	3	composite	2^15·7·11
1924	2000376	4.505321182691e-10	112	3	composite	2^3·3^6·7^3
1925	2600963	4.499847915882e-10	2	1	prime	2600963 (prime)
1926	2600957	4.499829256093e-10	2	1	prime	2600957 (prime)
1927	2001150	4.494129890004e-10	36	4	composite	2·3^2·5^2·4447
1928	2001216	4.468763815653e-10	56	4	composite	2^6·3·7·1489
1929	211	4.458093215676e-10	2	1	prime	211 (prime)
1930	2002191	4.455912104554e-10	8	3	composite	3·761·877
1931	2000902	4.426525695584e-10	8	3	composite	2·563·1777
1932	2001589	4.404253193256e-10	8	3	composite	37·47·1151
1933	2000438	4.401857459491e-10	16	4	composite	2·11·79·1151
1934	2000432	4.384876496183e-10	40	4	composite	2^4·7·53·337
1935	2001416	4.362317166009e-10	16	3	composite	2^3·101·2477
1936	2555911	4.358411730484e-10	2	1	prime	2555911 (prime)
1937	2555897	4.358367377672e-10	2	1	prime	2555897 (prime)
1938	2001228	4.337052049723e-10	24	4	composite	2^2·3·79·2111
1939	2001450	4.316446442780e-10	48	5	composite	2·3·5^2·11·1213
1940	2000850	4.316243993635e-10	24	4	composite	2·3·5^2·13339
1941	2000550	4.315028971829e-10	24	4	composite	2·3·5^2·13337
1942	2539529	4.306315128065e-10	2	1	prime	2539529 (prime)
1943	2539519	4.306283229228e-10	2	1	prime	2539519 (prime)
1944	2001901	4.288616401099e-10	8	3	composite	11·127·1433
1945	50331552	4.283620997056e-10	24	3	composite	2^5·3·524287
1946	2002155	4.279915122646e-10	16	4	composite	3·5·127·1051
1947	2523139	4.253835679463e-10	2	1	prime	2523139 (prime)
1948	2523133	4.253816391758e-10	2	1	prime	2523133 (prime)
1949	2001750	4.251954151746e-10	64	5	composite	2·3·5^3·17·157
1950	50331264	4.245679987738e-10	32	3	composite	2^7·3·131071
1951	2002336	4.210921407981e-10	36	3	composite	2^5·7^2·1277
1952	2001596	4.207286833065e-10	12	3	composite	2^2·311·1609
1953	2494819	4.162312879686e-10	2	1	prime	2494819 (prime)
1954	2494781	4.162189387616e-10	2	1	prime	2494781 (prime)
1955	9437184	4.128003291473e-10	63	2	composite	2^20·3^2
1956	2001615	4.069482814320e-10	32	5	composite	3·5·7·11·1733
1957	2000657	4.068723177342e-10	4	2	composite	809·2473
1958	1441616	4.051114947480e-10	20	3	composite	2^4·11·8191
1959	2000905	4.042730630071e-10	8	3	composite	5·139·2879
1960	99876864	4.013861518909e-10	76	3	composite	2^18·3·127
1961	2001341	4.013713678732e-10	4	2	composite	787·2543
1962	2000053	3.978003651172e-10	8	3	composite	11·173·1051
1963	2001132	3.965733610994e-10	48	4	composite	2^2·3^3·7·2647
1964	2002142	3.943866805962e-10	8	3	composite	2·61·16411
1965	2000409	3.926006721825e-10	8	3	composite	3·383·1741
1966	825343	3.920865513978e-10	2	1	prime	825343 (prime)
1967	825347	3.920750207887e-10	2	1	prime	825347 (prime)
1968	32505856	3.832138671734e-10	42	2	composite	2^20·31
1969	2002352	3.818232080344e-10	40	4	composite	2^4·11·31·367
1970	2001360	3.782212154314e-10	80	5	composite	2^4·3·5·31·269
1971	831599	3.743921736601e-10	2	1	prime	831599 (prime)
1972	831617	3.743422267230e-10	2	1	prime	831617 (prime)
1973	1594323	3.724627786953e-10	14	1	composite	3^13
1974	4325376	3.711181456678e-10	72	3	composite	2^17·3·11
1975	2359303	3.709527838797e-10	2	1	prime	2359303 (prime)
1976	2359267	3.709404312027e-10	2	1	prime	2359267 (prime)
1977	2001011	3.692485689381e-10	4	2	composite	947·2113
1978	2001312	3.647152168407e-10	36	3	composite	2^5·3^2·6949
1979	4782969	3.626819373512e-10	15	1	composite	3^14
1980	2002150	3.623000204224e-10	24	4	composite	2·5^2·23·1741
1981	2000304	3.547286634325e-10	60	4	composite	2^4·3^2·29·479
1982	97517568	3.517761494615e-10	84	3	composite	2^20·3·31
1983	2001086	3.499677347915e-10	8	3	composite	2·463·2161
1984	2000348	3.498675456283e-10	24	4	composite	2^2·7·199·359
1985	2293771	3.481841493603e-10	2	1	prime	2293771 (prime)
1986	2293757	3.481792236211e-10	2	1	prime	2293757 (prime)
1987	2000300	3.477831099084e-10	36	4	composite	2^2·5^2·83·241
1988	2002478	3.475854366339e-10	8	3	composite	2·251·3989
1989	2001784	3.450930845315e-10	32	4	composite	2^3·17·41·359
1990	2002502	3.447099919669e-10	8	3	composite	2·359·2789
1991	2001066	3.441333006830e-10	16	4	composite	2·3·359·929
1992	14348907	3.441065398472e-10	16	1	composite	3^15
1993	2000707	3.439603742897e-10	4	2	composite	359·5573
1994	2001456	3.438040260501e-10	80	4	composite	2^4·3^3·41·113
1995	2002143	3.409418275389e-10	24	4	composite	3·11·13^2·359
1996	2002117	3.394784758207e-10	8	3	composite	13·337·457
1997	2001106	3.391936561333e-10	8	3	composite	2·337·2969
1998	2000095	3.387176300689e-10	8	3	composite	5·337·1187
1999	2001776	3.380292106219e-10	40	4	composite	2^4·7·61·293
2000	845309	3.379032145374e-10	2	1	prime	845309 (prime)
2001	845333	3.378419871649e-10	2	1	prime	845333 (prime)
2002	2001810	3.374649697580e-10	32	5	composite	2·3·5·53·1259
2003	2001328	3.332178423911e-10	40	4	composite	2^4·7·107·167
2004	2000289	3.323590439067e-10	8	3	composite	3·457·1459
2005	2002450	3.313282378066e-10	24	4	composite	2·5^2·29·1381
2006	2001606	3.305413540762e-10	16	4	composite	2·3·271·1231
2007	2000375	3.304042653535e-10	16	3	composite	5^3·13·1231
2008	2001091	3.289748731020e-10	8	3	composite	43·173·269
2009	51891840	3.265921784168e-10	640	6	composite	2^7·3^4·5·7·11·13
2010	2002448	3.258367738865e-10	40	4	composite	2^4·7·19·941
2011	2000656	3.252706728528e-10	20	3	composite	2^4·7·17863
2012	2001147	3.245029918616e-10	8	3	composite	3·239·2791
2013	2000551	3.239163460475e-10	8	3	composite	7·227·1259
2014	2000553	3.236670389500e-10	16	4	composite	3·37·67·269
2015	50325504	3.230325133617e-10	48	3	composite	2^11·3·8191
2016	2002436	3.229950306375e-10	12	3	composite	2^2·269·1861
2017	2001629	3.229484501959e-10	8	3	composite	7·269·1063
2018	2001898	3.225237025108e-10	12	3	composite	2·61^2·269
2019	2002167	3.223827129740e-10	12	3	composite	3^2·269·827
2020	2000900	3.222765489016e-10	72	5	composite	2^2·5^2·11·17·107
2021	2000822	3.222118139216e-10	8	3	composite	2·269·3719
2022	851863	3.215149113842e-10	2	1	prime	851863 (prime)
2023	851881	3.214708035589e-10	2	1	prime	851881 (prime)
2024	2002464	3.210741875742e-10	72	4	composite	2^5·3^2·17·409
2025	2217617	3.210312879782e-10	2	1	prime	2217617 (prime)
2026	2217587	3.210204496716e-10	2	1	prime	2217587 (prime)
2027	2000284	3.190180126251e-10	36	4	composite	2^2·11·13^2·269
2028	5111808	3.185366589655e-10	72	3	composite	2^17·3·13
2029	2002300	3.182324534737e-10	18	3	composite	2^2·5^2·20023
2030	2002100	3.181524850489e-10	18	3	composite	2^2·5^2·20021
2031	2001100	3.177525734050e-10	18	3	composite	2^2·5^2·20011
2032	2001500	3.136714392179e-10	24	3	composite	2^2·5^3·4003
2033	2000280	3.135845044585e-10	64	5	composite	2^3·3·5·79·211
2034	2000500	3.132720033660e-10	24	3	composite	2^2·5^3·4001
2035	2000760	3.128557823436e-10	32	4	composite	2^3·3·5·16673
2036	2000308	3.128118019609e-10	12	3	composite	2^2·41·12197
2037	2001069	3.114599429790e-10	24	4	composite	3^2·7·23·1381
2038	2002440	3.109567633809e-10	128	6	composite	2^3·3·5·11·37·41
2039	22020096	3.101278865932e-10	84	3	composite	2^20·3·7
2040	2001262	3.060127577411e-10	8	3	composite	2·479·2089
2041	2001741	3.059147806248e-10	16	4	composite	3·7·199·479
2042	2002220	3.057586448437e-10	48	5	composite	2^2·5·11·19·479
2043	2000475	3.040249035434e-10	36	4	composite	3^2·5^2·17·523
2044	2002165	3.019005840104e-10	16	4	composite	5·11·59·617
2045	2001548	3.015220552259e-10	12	3	composite	2^2·617·811
2046	2001748	3.013745478643e-10	24	3	composite	2^2·7^3·1459
2047	2001138	3.012029408104e-10	32	5	composite	2·3·17·23·853
2048	2001991	3.011774683270e-10	4	2	composite	853·2347
2049	2162717	3.010139265502e-10	2	1	prime	2162717 (prime)
2050	2162681	3.010006844816e-10	2	1	prime	2162681 (prime)
2051	2000314	3.008981506598e-10	8	3	composite	2·617·1621
2052	2000664	3.008201658234e-10	48	4	composite	2^3·3^2·37·751
2053	2162177	3.008152679371e-10	2	1	prime	2162177 (prime)
2054	2162137	3.008005516284e-10	2	1	prime	2162137 (prime)
2055	2000931	3.007515552737e-10	16	4	composite	3·23·47·617
2056	2000285	2.999169744805e-10	16	4	composite	5·7·67·853
2057	2001480	2.998990251132e-10	64	5	composite	2^3·3·5·13·1283
2058	2000547	2.992544627676e-10	12	3	composite	3^2·199·1117
2059	2162688	2.950743301375e-10	68	3	composite	2^16·3·11
2060	2002166	2.949626185752e-10	16	4	composite	2·31·43·751
2061	2002385	2.949267840773e-10	24	4	composite	5·7^2·11·743
2062	2001415	2.944696485680e-10	16	4	composite	5·13·41·751
2063	2000899	2.944161854693e-10	4	2	composite	743·2693
2064	2000229	2.942359539829e-10	24	4	composite	3·7^2·11·1237
2065	2002476	2.938593106548e-10	48	5	composite	2^2·3·7·31·769
2066	2000990	2.924010503792e-10	16	4	composite	2·5·401·499
2067	2001131	2.922794268941e-10	8	3	composite	11·109·1669
2068	2002548	2.913724664033e-10	24	4	composite	2^2·3·109·1531
2069	2002386	2.898994683768e-10	16	4	composite	2·3·61·5471
2070	2000589	2.894220583564e-10	8	3	composite	3·401·1663
2071	2000188	2.891116714945e-10	24	4	composite	2^2·29·43·401
2072	2001175	2.889931129451e-10	24	4	composite	5^2·11·19·383
2073	2001391	2.865633830729e-10	16	4	composite	7·23·31·401
2074	2000925	2.858766795390e-10	18	3	composite	3^2·5^2·8893
2075	2000792	2.853776127372e-10	16	3	composite	2^3·383·653
2076	2002324	2.852698690835e-10	12	3	composite	2^2·383·1307
2077	2000059	2.850468857194e-10	8	3	composite	43·193·241
2078	2001941	2.849655978479e-10	4	2	composite	383·5227
2079	12189696	2.844612434349e-10	72	3	composite	2^17·3·31
2080	2002032	2.843241103683e-10	30	3	composite	2^4·3^2·13903
2081	2000041	2.842366327360e-10	8	3	composite	59·109·311
2082	2001558	2.838882376369e-10	32	5	composite	2·3·13·67·383
2083	2001017	2.835993285585e-10	4	2	composite	1307·1531
2084	2000016	2.833002109560e-10	120	5	composite	2^4·3^2·17·19·43
2085	2002425	2.829376956570e-10	12	3	composite	3·5^2·26699
2086	2000625	2.828494197994e-10	40	4	composite	3·5^4·11·97
2087	2001975	2.827603511708e-10	12	3	composite	3·5^2·26693
2088	2001525	2.825829799058e-10	12	3	composite	3·5^2·26687
2089	2001976	2.824908480504e-10	16	3	composite	2^3·251·997
2090	2001225	2.824647211881e-10	12	3	composite	3·5^2·26683
2091	2001075	2.824055853175e-10	12	3	composite	3·5^2·26681
2092	2001675	2.822708130489e-10	24	4	composite	3·5^2·13·2053
2093	2000175	2.820507276874e-10	12	3	composite	3·5^2·26669
2094	2001648	2.815551962484e-10	80	5	composite	2^4·3·11·17·223
2095	2001271	2.796462560773e-10	4	2	composite	1297·1543
2096	2001425	2.796135629454e-10	12	3	composite	5^2·223·359
2097	2002218	2.785403752016e-10	32	5	composite	2·3·29·37·311
2098	2002228	2.781614261847e-10	24	4	composite	2^2·31·67·241
2099	2000754	2.776850238120e-10	64	5	composite	2·3^3·7·67·79
2100	2000704	2.776693343540e-10	28	3	composite	2^6·43·727
2101	2000663	2.776594708079e-10	8	3	composite	7·311·919
2102	2002529	2.774380116551e-10	8	3	composite	47·137·311
2103	2000974	2.773983633656e-10	8	3	composite	2·311·3217
2104	1771561	2.772203702199e-10	7	1	composite	11^6
2105	2001393	2.769991187929e-10	24	4	composite	3^2·17·103·127
2106	2002266	2.767067527114e-10	32	4	composite	2·3^3·7·5297
2107	2000352	2.766723528869e-10	48	4	composite	2^5·3·67·311
2108	2097169	2.766617487861e-10	2	1	prime	2097169 (prime)
2109	2097143	2.766519991048e-10	2	1	prime	2097143 (prime)
2110	2097133	2.766482468547e-10	2	1	prime	2097133 (prime)
2111	2096909	2.765642338693e-10	2	1	prime	2096909 (prime)
2112	2096893	2.765582327255e-10	2	1	prime	2096893 (prime)
2113	2000026	2.761481262130e-10	16	4	composite	2·7·373·383
2114	2002125	2.759991068581e-10	32	4	composite	3·5^3·19·281
2115	2001907	2.756634560257e-10	8	3	composite	41·157·311
2116	1048574	2.752903800326e-10	4	2	composite	2·524287
2117	2001264	2.743055614590e-10	40	4	composite	2^4·3·173·241
2118	2001664	2.740491403414e-10	36	3	composite	2^8·7·1117
2119	2001505	2.732332257796e-10	16	4	composite	5·11·151·241
2120	2002496	2.731600767985e-10	28	3	composite	2^6·67·467
2121	2000015	2.721420229477e-10	8	3	composite	5·269·1487
2122	2001728	2.720777548991e-10	14	2	composite	2^6·31277
2123	2001344	2.719272409345e-10	14	2	composite	2^6·31271
2124	2000631	2.719179524965e-10	16	4	composite	3·59·89·127
2125	2001088	2.718268896593e-10	14	2	composite	2^6·31267
2126	2000576	2.716261622354e-10	14	2	composite	2^6·31259
2127	2000150	2.716240640128e-10	24	4	composite	2·5^2·109·367
2128	3407456	2.715417381347e-10	24	3	composite	2^5·13·8191
2129	2000192	2.714756009444e-10	14	2	composite	2^6·31253
2130	2001672	2.708340687714e-10	40	3	composite	2^3·3^4·3089
2131	2080777	2.705001995556e-10	2	1	prime	2080777 (prime)
2132	2080763	2.704949263011e-10	2	1	prime	2080763 (prime)
2133	2000782	2.690677384276e-10	16	4	composite	2·7·241·593
2134	2002469	2.687854991890e-10	8	3	composite	7·241·1187
2135	2001987	2.685786668596e-10	24	4	composite	3^2·13·71·241
2136	7339136	2.683222936793e-10	32	3	composite	2^7·7·8191
2137	2001746	2.681265573517e-10	8	3	composite	2·241·4153
2138	2001023	2.678066575157e-10	12	3	composite	19^2·23·241
2139	1703728	2.676398238753e-10	20	3	composite	2^4·13·8191
2140	2000541	2.676363678839e-10	8	3	composite	3·241·2767
2141	2000740	2.668589445970e-10	48	5	composite	2^2·5·7·31·461
2142	2000488	2.665700446864e-10	32	4	composite	2^3·7·139·257
2143	2000675	2.660134365501e-10	12	3	composite	5^2·79·1013
2144	2002077	2.659262436058e-10	48	4	composite	3^5·7·11·107
2145	2002368	2.646680940016e-10	28	3	composite	2^6·3·10429
2146	2001285	2.645299307769e-10	48	5	composite	3^2·5·11·13·311
2147	2001984	2.645182797310e-10	28	3	composite	2^6·3·10427
2148	2000627	2.644279164448e-10	8	3	composite	37·139·389
2149	2001195	2.642266307497e-10	24	4	composite	3^2·5·7·6353
2150	2001496	2.639159317969e-10	32	4	composite	2^3·7·103·347
2151	2002044	2.638179579078e-10	48	5	composite	2^2·3·11·29·523
2152	2002128	2.631916704430e-10	40	4	composite	2^4·3·53·787
2153	2000723	2.629548027024e-10	4	2	composite	967·2069
2154	2000146	2.626457203750e-10	16	4	composite	2·37·151·179
2155	2000554	2.624443853608e-10	16	4	composite	2·31·41·787
2156	2001016	2.622567040834e-10	16	3	composite	2^3·389·643
2157	2000244	2.619787811436e-10	48	5	composite	2^2·3·19·31·283
2158	2000808	2.619466954348e-10	64	4	composite	2^3·3^3·59·157
2159	2002183	2.618814366501e-10	4	2	composite	389·5147
2160	2000238	2.611480273133e-10	16	4	composite	2·3·389·857
2161	2883232	2.607936067729e-10	24	3	composite	2^5·11·8191
2162	2001640	2.607180715388e-10	32	4	composite	2^3·5·163·307
2163	2001794	2.604814582624e-10	16	4	composite	2·31·83·389
2164	2001015	2.604744514247e-10	24	4	composite	3^2·5·53·839
2165	2001250	2.601941960948e-10	20	3	composite	2·5^4·1601
2166	2002504	2.600442390812e-10	16	3	composite	2^3·7·35759
2167	2002168	2.599135407041e-10	16	3	composite	2^3·7·35753
2168	2001832	2.597828299827e-10	16	3	composite	2^3·7·35747
2169	2000936	2.594342151949e-10	16	3	composite	2^3·7·35731
2170	2000824	2.593906324632e-10	16	3	composite	2^3·7·35729
2171	2000638	2.593720210721e-10	16	4	composite	2·71·73·193
2172	2000264	2.592977806052e-10	32	4	composite	2^3·7·23·1553
2173	2000750	2.590306955591e-10	32	4	composite	2·5^3·53·151
2174	2002294	2.586621253007e-10	32	5	composite	2·7·17·47·179
2175	2001950	2.585491812638e-10	12	3	composite	2·5^2·40039
2176	2001850	2.585103086907e-10	12	3	composite	2·5^2·40037
2177	2001550	2.583936900442e-10	12	3	composite	2·5^2·40031
2178	2000650	2.580437829404e-10	12	3	composite	2·5^2·40013
2179	2000450	2.579660150203e-10	12	3	composite	2·5^2·40009
2180	2001796	2.575545236934e-10	12	3	composite	2^2·193·2593
2181	2001041	2.575347234007e-10	8	3	composite	7·179·1597
2182	2002115	2.575219670931e-10	8	3	composite	5·179·2237
2183	2001936	2.575184884662e-10	40	4	composite	2^4·3·179·233
2184	2000350	2.575147038700e-10	24	4	composite	2·5^2·11·3637
2185	2000831	2.574255025993e-10	8	3	composite	7·193·1481
2186	2001220	2.574174956159e-10	48	5	composite	2^2·5·13·43·179
2187	2001603	2.573381374068e-10	8	3	composite	3·193·3457
2188	2001410	2.573274777005e-10	32	5	composite	2·5·17·61·193
2189	2001399	2.572861262890e-10	8	3	composite	3·179·3727
2190	2001989	2.572068838407e-10	16	4	composite	11·23·41·193
2191	2001217	2.571835116629e-10	4	2	composite	193·10369
2192	2001688	2.571268645307e-10	32	4	composite	2^3·13·19·1013
2193	2001757	2.571154321426e-10	8	3	composite	53·179·211
2194	2001707	2.570572388814e-10	8	3	composite	19·137·769
2195	2000445	2.570445053230e-10	16	4	composite	3·5·193·691
2196	2293760	2.570008280941e-10	68	3	composite	2^16·5·7
2197	2001471	2.569842815901e-10	8	3	composite	3·61·10937
2198	2000938	2.569774842003e-10	8	3	composite	2·769·1301
2199	2001405	2.569590219657e-10	32	4	composite	3·5·7^3·389
2200	2000252	2.569545959900e-10	12	3	composite	2^2·193·2591
2201	2002375	2.568984845987e-10	16	3	composite	5^3·83·193
2202	2002566	2.567722227581e-10	32	5	composite	2·3·17·29·677
2203	2000169	2.565373269558e-10	18	3	composite	3^2·17^2·769
2204	2001889	2.563232565885e-10	4	2	composite	677·2957
2205	2001212	2.562060606602e-10	12	3	composite	2^2·677·739
2206	2000862	2.560696478876e-10	48	4	composite	2·3^5·23·179
2207	2001190	2.559737846846e-10	16	4	composite	2·5·293·683
2208	2000943	2.551468261348e-10	20	3	composite	3^4·7·3529
2209	2001280	2.551403547020e-10	64	4	composite	2^7·5·53·59
2210	2002182	2.549634025080e-10	64	6	composite	2·3·7·13·19·193
2211	2002250	2.548578549249e-10	16	3	composite	2·5^3·8009
2212	2000516	2.546826715956e-10	24	4	composite	2^2·7·37·1931
2213	2000735	2.542197846322e-10	12	3	composite	5·11^2·3307
2214	2002225	2.540639980680e-10	9	2	composite	5^2·283^2
2215	2002473	2.540283328197e-10	24	4	composite	3^2·11·113·179
2216	2002561	2.537744920027e-10	8	3	composite	11·307·593
2217	2001947	2.535327008000e-10	4	2	composite	307·6521
2218	2001026	2.531989129247e-10	8	3	composite	2·307·3259
2219	2000105	2.527812825875e-10	8	3	composite	5·307·1303
2220	2000325	2.527376318227e-10	24	4	composite	3·5^2·149·179
2221	2001333	2.525159814639e-10	16	4	composite	3·41·53·307
2222	2002362	2.523352640927e-10	32	5	composite	2·3·17·67·293
2223	2031611	2.518629484727e-10	2	1	prime	2031611 (prime)
2224	2001956	2.518447080667e-10	24	4	composite	2^2·11·173·263
2225	2001516	2.517861454192e-10	48	5	composite	2^2·3·11·59·257
2226	2001521	2.516885119181e-10	8	3	composite	43·89·523
2227	2002069	2.512610153066e-10	4	2	composite	293·6833
2228	2002475	2.509025778723e-10	12	3	composite	5^2·173·463
2229	2001725	2.508817004260e-10	24	4	composite	5^2·11·29·251
2230	2000604	2.508750745171e-10	24	4	composite	2^2·3·293·569
2231	2981888	2.508137415889e-10	64	3	composite	2^15·7·13
2232	2000897	2.508076520066e-10	4	2	composite	293·6829
2233	2002260	2.507549401263e-10	96	6	composite	2^2·3·5·13·17·151
2234	2000311	2.505809232522e-10	4	2	composite	293·6827
2235	57657600	2.505606292284e-10	648	6	composite	2^8·3^2·5^2·7·11·13
2236	2000018	2.504903888458e-10	8	3	composite	2·293·3413
2237	2000434	2.504547611597e-10	16	4	composite	2·19·61·863
2238	2001912	2.501842777742e-10	32	4	composite	2^3·3·11·7583
2239	2001591	2.500711311986e-10	12	2	composite	3^5·8237
2240	2002508	2.500019381576e-10	24	4	composite	2^2·29·61·283
2241	2000050	2.498694248463e-10	48	5	composite	2·5^2·13·17·181
2242	2002447	2.497060524972e-10	8	3	composite	17·61·1931
2243	2000619	2.496953656500e-10	12	2	composite	3^5·8233
2244	2001659	2.496634127299e-10	8	3	composite	11·283·643
2245	2000328	2.495719278714e-10	32	4	composite	2^3·3·11·7577
2246	2000133	2.495074518390e-10	12	2	composite	3^5·8231
2247	2001093	2.494453059450e-10	8	3	composite	3·283·2357
2248	2000719	2.494439606417e-10	16	3	composite	7^3·19·307
2249	2001952	2.493696702693e-10	24	3	composite	2^5·73·857
2250	2000527	2.492220015965e-10	4	2	composite	283·7069
2251	2002330	2.491908274522e-10	32	5	composite	2·5·11·109·167
2252	2001321	2.489425889375e-10	16	3	composite	3^3·7·10589
2253	2001484	2.489391584364e-10	12	3	composite	2^2·31·16141
2254	2001632	2.489351454412e-10	24	3	composite	2^5·71·881
2255	2001236	2.488433636970e-10	12	3	composite	2^2·31·16139
2256	2000904	2.484328547675e-10	32	4	composite	2^3·3·263·317
2257	2002016	2.480676010105e-10	12	2	composite	2^5·62563
2258	2001568	2.478947044654e-10	12	2	composite	2^5·62549
2259	2001223	2.478594270765e-10	16	4	composite	7·17·67·251
2260	2001248	2.477711943951e-10	12	2	composite	2^5·62539
2261	2002120	2.476993263429e-10	16	3	composite	2^3·5·50053
2262	2001056	2.476970875265e-10	12	2	composite	2^5·62533
2263	2002040	2.476684621047e-10	16	3	composite	2^3·5·50051
2264	2002409	2.476495906304e-10	4	2	composite	127·15767
2265	2002129	2.476264444750e-10	8	3	composite	71·163·173
2266	2000517	2.476199523355e-10	16	4	composite	3·23·79·367
2267	2001880	2.476067326764e-10	16	3	composite	2^3·5·50047
2268	2000288	2.475842841271e-10	24	3	composite	2^5·17·3677
2269	2000672	2.475468793027e-10	24	3	composite	2^5·103·607
2270	2001320	2.473906676450e-10	16	3	composite	2^3·5·50033
2271	2000224	2.473759097712e-10	12	2	composite	2^5·62507
2272	2001647	2.473556473181e-10	4	2	composite	127·15761
2273	2000032	2.473017840235e-10	12	2	composite	2^5·62501
2274	2001022	2.472899529113e-10	16	4	composite	2·67·109·137
2275	2001985	2.472810921528e-10	8	3	composite	5·367·1091
2276	2000920	2.472363166106e-10	16	3	composite	2^3·5·50023
2277	2000628	2.472173174530e-10	72	5	composite	2^2·3^2·7·17·467
2278	2000840	2.472054463354e-10	16	3	composite	2^3·5·50021
2279	2001483	2.472015387660e-10	32	4	composite	3^3·11·23·293
2280	2000944	2.471652974358e-10	20	3	composite	2^4·11·11369
2281	2001080	2.471629080341e-10	32	4	composite	2^3·5·19·2633
2282	2002439	2.471251149700e-10	4	2	composite	109·18371
2283	2000804	2.470138490091e-10	24	4	composite	2^2·13·109·353
2284	2001676	2.469739350948e-10	12	3	composite	2^2·109·4591
2285	2002003	2.469569992705e-10	4	2	composite	109·18367
2286	2001894	2.469391048294e-10	16	4	composite	2·3·109·3061
2287	2002227	2.469372811551e-10	8	3	composite	3·251·2659
2288	2001251	2.468869356685e-10	16	4	composite	7·19·41·367
2289	2001050	2.468687490474e-10	24	4	composite	2·5^2·31·1291
2290	2001785	2.468361155531e-10	8	3	composite	5·109·3673
2291	2001958	2.468019092600e-10	16	4	composite	2·7·151·947
2292	2001567	2.467934694207e-10	8	3	composite	3·109·6121
2293	2001458	2.467695666413e-10	8	3	composite	2·109·9181
2294	2000123	2.467676135493e-10	4	2	composite	127·15749
2295	2000360	2.467647975436e-10	32	4	composite	2^3·5·43·1163
2296	2000810	2.467536098372e-10	32	5	composite	2·5·7·101·283
2297	2000377	2.467301032722e-10	8	3	composite	19·127·829
2298	2001349	2.467300477998e-10	16	4	composite	7·43·61·109
2299	2001252	2.466813982610e-10	24	4	composite	2^2·3·11·15161
2300	2000724	2.465991437723e-10	48	5	composite	2^2·3·11·23·659
2301	2000913	2.465952140494e-10	16	4	composite	3·29·109·211
2302	2000972	2.465917224533e-10	12	3	composite	2^2·251·1993
2303	2000884	2.465526493221e-10	24	4	composite	2^2·29·47·367
2304	2001875	2.464679522360e-10	10	2	composite	5^4·3203
2305	2000297	2.464668616285e-10	8	3	composite	13·151·1019
2306	2000695	2.464157482603e-10	8	3	composite	5·109·3671
2307	2000472	2.464138846831e-10	64	5	composite	2^3·3·19·41·107
2308	2001149	2.463695954572e-10	8	3	composite	73·79·347
2309	2000477	2.463684713339e-10	4	2	composite	109·18353
2310	2000721	2.463565404806e-10	8	3	composite	3·251·2657
2311	2001431	2.462078772157e-10	4	2	composite	727·2753
2312	2000918	2.461687877144e-10	8	3	composite	2·173·5783
2313	2001296	2.461109732057e-10	40	4	composite	2^4·11·83·137
2314	2001783	2.460838476435e-10	32	5	composite	3·7·19·29·173
2315	2001916	2.460645367848e-10	48	5	composite	2^2·7·19·53·71
2316	2002025	2.459702950723e-10	12	3	composite	5^2·73·1097
2317	2001693	2.458055740136e-10	16	4	composite	3·43·59·263
2318	2002196	2.457957102746e-10	24	4	composite	2^2·7·23·3109
2319	2002562	2.456376701999e-10	16	4	composite	2·19·151·349
2320	2002084	2.456305490714e-10	12	3	composite	2^2·7·71503
2321	2002109	2.455756928065e-10	4	2	composite	151·13259
2322	2002302	2.455544935605e-10	24	4	composite	2·3^2·173·643
2323	2002248	2.454909105190e-10	24	3	composite	2^3·3^2·27809
2324	2001873	2.454477579501e-10	8	3	composite	3·683·977
2325	2002252	2.454408199541e-10	24	4	composite	2^2·7·43·1663
2326	2002184	2.454239356908e-10	16	3	composite	2^3·107·2339
2327	2001524	2.454148196147e-10	12	3	composite	2^2·7·71483
2328	2001412	2.453716688239e-10	12	3	composite	2^2·7·71479
2329	2002160	2.453390358288e-10	40	4	composite	2^4·5·29·863
2330	2000641	2.453380042316e-10	4	2	composite	263·7607
2331	2001816	2.453245213569e-10	24	3	composite	2^3·3^2·27803
2332	2001052	2.453110874238e-10	12	3	composite	2^2·151·3313
2333	2001244	2.453069422312e-10	12	3	composite	2^2·7·71473
2334	2001188	2.452853674375e-10	12	3	composite	2^2·7·71471
2335	2000151	2.452817269151e-10	24	4	composite	3^2·31·67·107
2336	2000378	2.452592733451e-10	8	3	composite	2·263·3803
2337	2001528	2.452135865766e-10	24	3	composite	2^3·3^2·27799
2338	2001203	2.452028063778e-10	8	3	composite	29·151·457
2339	2002287	2.451681386300e-10	24	4	composite	3·7^2·53·257
2340	2000684	2.450911715799e-10	12	3	composite	2^2·7·71453
2341	2001773	2.450760383772e-10	4	2	composite	257·7789
2342	2000226	2.450476206116e-10	32	5	composite	2·3·41·47·173
2343	2001096	2.450471729970e-10	24	3	composite	2^3·3^2·27793
2344	2000852	2.450211062911e-10	24	4	composite	2^2·7·19·3761
2345	2000599	2.449939587354e-10	4	2	composite	151·13249
2346	2000952	2.449916964995e-10	24	3	composite	2^3·3^2·27791
2347	2001002	2.449845810606e-10	16	4	composite	2·17·229·257
2348	2000404	2.449832748013e-10	12	3	composite	2^2·7·71443
2349	2002550	2.449243487146e-10	36	4	composite	2·5^2·11^2·331
2350	2000236	2.449185374641e-10	12	3	composite	2^2·7·71437
2351	2001575	2.449110262753e-10	18	3	composite	5^2·23·59^2
2352	2001354	2.448506069592e-10	24	4	composite	2·3·47^2·151
2353	2000012	2.448322118606e-10	12	3	composite	2^2·7·71429
2354	2002221	2.448319383016e-10	24	4	composite	3^2·13·109·157
2355	2002537	2.448228345427e-10	8	3	composite	29·199·347
2356	2001699	2.448095303571e-10	48	4	composite	3^3·7^2·17·89
2357	2000068	2.447484161612e-10	24	4	composite	2^2·7·61·1171
2358	2002398	2.447279199573e-10	16	4	composite	2·3·107·3119
2359	2002291	2.446626648865e-10	4	2	composite	107·18713
2360	2001756	2.446357643203e-10	24	4	composite	2^2·3·107·1559
2361	2002030	2.446330428097e-10	32	5	composite	2·5·19·41·257
2362	2001925	2.446141860905e-10	6	2	composite	5^2·80077
2363	2000586	2.446032894191e-10	64	6	composite	2·3·7·19·23·109
2364	2001221	2.445615001276e-10	8	3	composite	59·107·317
2365	2001775	2.445564442014e-10	6	2	composite	5^2·80071
2366	2001970	2.445276686719e-10	16	4	composite	2·5·107·1871
2367	2001656	2.445272615272e-10	16	3	composite	2^3·151·1657
2368	2001660	2.443876769593e-10	48	5	composite	2^2·3·5·73·457
2369	2000579	2.443859227501e-10	8	3	composite	7·107·2671
2370	2001275	2.443639500507e-10	6	2	composite	5^2·80051
2371	2002075	2.442963339842e-10	12	3	composite	5^2·53·1511
2372	2000975	2.442484447132e-10	6	2	composite	5^2·80039
2373	2001435	2.442133865940e-10	32	5	composite	3·5·29·43·107
2374	2000793	2.442122385594e-10	16	4	composite	3·23·107·271
2375	2001007	2.441683901748e-10	4	2	composite	107·18701
2376	2001863	2.441228917440e-10	8	3	composite	53·107·353
2377	887017	2.441081929597e-10	2	1	prime	887017 (prime)
2378	2000525	2.440751746032e-10	6	2	composite	5^2·80021
2379	2000686	2.440674343711e-10	8	3	composite	2·107·9349
2380	887057	2.440294295340e-10	2	1	prime	887057 (prime)
2381	2000044	2.439399392875e-10	12	3	composite	2^2·107·4673
2382	2001542	2.439397097659e-10	16	4	composite	2·47·107·199
2383	2000365	2.438845982051e-10	8	3	composite	5·107·3739
2384	2000575	2.438406691512e-10	12	3	composite	5^2·43·1861
2385	2000225	2.438249941911e-10	12	3	composite	5^2·19·4211
2386	2001636	2.437851576938e-10	108	5	composite	2^2·3^2·7·13^2·47
2387	2001988	2.437495923988e-10	24	4	composite	2^2·17·59·499
2388	2002488	2.436859265202e-10	16	3	composite	2^3·3·83437
2389	2002144	2.436621530533e-10	48	4	composite	2^5·19·37·89
2390	2002364	2.436563781079e-10	24	4	composite	2^2·7·13·5501
2391	2002344	2.436305482596e-10	16	3	composite	2^3·3·83431
2392	2001864	2.435607117598e-10	32	4	composite	2^3·3·239·349
2393	2002152	2.435567033456e-10	16	3	composite	2^3·3·83423
2394	2002008	2.435013184696e-10	16	3	composite	2^3·3·83417
2395	2002518	2.434906978870e-10	48	5	composite	2·3^2·7·23·691
2396	2002295	2.434884135461e-10	16	4	composite	5·43·67·139
2397	2002296	2.434775684422e-10	32	4	composite	2^3·3·19·4391
2398	2002380	2.434713395009e-10	48	5	composite	2^2·3·5·23·1451
2399	2001768	2.434090101758e-10	16	3	composite	2^3·3·83407
2400	2001440	2.434043142730e-10	48	4	composite	2^5·5·7·1787
2401	2000507	2.433994509159e-10	8	3	composite	29·101·683
2402	2001624	2.433536214811e-10	16	3	composite	2^3·3·83401
2403	2001576	2.433351582291e-10	16	3	composite	2^3·3·83399
2404	2000908	2.433330458767e-10	48	5	composite	2^2·7·13·23·239
2405	2002487	2.433072297940e-10	4	2	composite	499·4013
2406	2001336	2.432428398363e-10	16	3	composite	2^3·3·83389
2407	2001192	2.431874460525e-10	16	3	composite	2^3·3·83383
2408	2002014	2.431769851212e-10	24	4	composite	2·3^2·7·15889
2409	2001144	2.431679905292e-10	32	4	composite	2^3·3·199·419
2410	2002020	2.431084004169e-10	48	5	composite	2^2·3·5·61·547
2411	2002325	2.430923002934e-10	24	4	composite	5^2·13·61·101
2412	2001114	2.430901383541e-10	24	4	composite	2·3^2·107·1039
2413	2001762	2.430800817480e-10	24	4	composite	2·3^2·7·15887
2414	2000424	2.430739892478e-10	32	4	composite	2^3·3·17·4903
2415	2002520	2.430665774498e-10	32	4	composite	2^3·5·13·3851
2416	2000159	2.430616903235e-10	16	4	composite	7·29·59·167
2417	2001829	2.430371467558e-10	4	2	composite	167·11987
2418	2001540	2.430287359651e-10	24	4	composite	2^2·3·5·33359
2419	2000220	2.429585202206e-10	96	6	composite	2^2·3·5·17·37·53
2420	2001424	2.429555564822e-10	20	3	composite	2^4·67·1867
2421	2000568	2.429473912496e-10	16	3	composite	2^3·3·83357
2422	2002017	2.429354723837e-10	8	3	composite	3·139·4801
2423	2001044	2.429051266179e-10	24	4	composite	2^2·59·61·139
2424	2001161	2.429017405405e-10	8	3	composite	23·167·521
2425	2001307	2.428932230269e-10	24	4	composite	7^2·11·47·79
2426	2001180	2.428902875379e-10	24	4	composite	2^2·3·5·33353
2427	2001739	2.428239996397e-10	4	2	composite	139·14401
2428	2000184	2.427996469523e-10	16	3	composite	2^3·3·83341
2429	2000940	2.427979811195e-10	24	4	composite	2^2·3·5·33349
2430	2001495	2.427914761131e-10	32	5	composite	3·5·17·47·167
2431	2001006	2.427893481657e-10	24	4	composite	2·3^2·7·15881
2432	2000136	2.427811790841e-10	16	3	composite	2^3·3·83339
2433	2002546	2.427689180585e-10	16	4	composite	2·7·13·11003
2434	2000912	2.427540237117e-10	20	3	composite	2^4·79·1583
2435	2000820	2.427518273864e-10	24	4	composite	2^2·3·5·33347
2436	2000994	2.427400170297e-10	16	4	composite	2·3·167·1997
2437	2001662	2.427377263378e-10	16	4	composite	2·13·167·461
2438	2001324	2.426722221320e-10	24	4	composite	2^2·3·13·12829
2439	2002288	2.426705296488e-10	20	3	composite	2^4·23·5441
2440	2001818	2.426698980391e-10	32	5	composite	2·7·13·17·647
2441	2000580	2.426595154206e-10	24	4	composite	2^2·3·5·33343
2442	2000827	2.426518240089e-10	4	2	composite	167·11981
2443	2001183	2.426148169516e-10	8	3	composite	3·139·4799
2444	2002384	2.425860897821e-10	10	2	composite	2^4·125149
2445	2002256	2.425369013402e-10	10	2	composite	2^4·125141
2446	2001968	2.425025863663e-10	20	3	composite	2^4·211·593
2447	2001322	2.424978138019e-10	16	4	composite	2·23·139·313
2448	2000491	2.424828575322e-10	8	3	composite	19·211·499
2449	2002096	2.424754153790e-10	10	2	composite	2^4·125131
2450	2000766	2.424739786732e-10	16	4	composite	2·3·139·2399
2451	2002231	2.424676489885e-10	8	3	composite	7·11·26003
2452	2001560	2.424221558814e-10	32	4	composite	2^3·5·11·4549
2453	2001904	2.424016287922e-10	10	2	composite	2^4·125119
2454	2001872	2.423893303982e-10	10	2	composite	2^4·125117
2455	2000535	2.423798879263e-10	16	4	composite	3·5·197·677
2456	2002413	2.423741147356e-10	32	5	composite	3·7·17·71·79
2457	2001808	2.423647337695e-10	10	2	composite	2^4·125113
2458	2001923	2.423492898186e-10	8	3	composite	7·11·25999
2459	2001712	2.423278371056e-10	10	2	composite	2^4·125107
2460	2000388	2.423122908908e-10	24	4	composite	2^2·3·13·12823
2461	2001616	2.422909439062e-10	10	2	composite	2^4·125101
2462	2001769	2.422901088782e-10	8	3	composite	7·11·25997
2463	2001488	2.422417476642e-10	10	2	composite	2^4·125093
2464	2000054	2.422338738773e-10	32	5	composite	2·7·19·73·103
2465	2001948	2.422073722862e-10	48	5	composite	2^2·3·13·41·313
2466	2000076	2.421922993620e-10	24	4	composite	2^2·3·13·12821
2467	2000071	2.421825946709e-10	4	2	composite	139·14389
2468	2002329	2.421458711712e-10	24	4	composite	3^2·7·37·859
2469	2000470	2.421213999168e-10	16	4	composite	2·5·251·797
2470	2002342	2.421142679920e-10	16	4	composite	2·59·71·239
2471	2000816	2.421047234241e-10	20	3	composite	2^4·23·5437
2472	2000680	2.420838655759e-10	32	4	composite	2^3·5·11·4547
2473	2002244	2.420780238458e-10	12	3	composite	2^2·73·6857
2474	2000726	2.420693617469e-10	16	4	composite	2·7·13·10993
2475	2001034	2.420684381960e-10	16	4	composite	2·7·37·3863
2476	2001587	2.420642939477e-10	8	3	composite	7·73·3917
2477	2001008	2.420572495675e-10	10	2	composite	2^4·125063
2478	2000802	2.420428042295e-10	24	4	composite	2·3·31^2·347
2479	2002463	2.420204684228e-10	4	2	composite	73·27431
2480	2000848	2.419957470614e-10	10	2	composite	2^4·125053
2481	2002171	2.419083092914e-10	4	2	composite	73·27427
2482	2001848	2.419047931562e-10	16	3	composite	2^3·37·6763
2483	2002255	2.419031314636e-10	16	4	composite	5·37·79·137
2484	2001544	2.418883306050e-10	16	3	composite	2^3·79·3167
2485	2001398	2.418848064139e-10	16	4	composite	2·7·59·2423
2486	2001874	2.418799844936e-10	16	4	composite	2·7·23·6217
2487	2002539	2.418744327850e-10	16	4	composite	3·7·11·8669
2488	2000464	2.418481322534e-10	10	2	composite	2^4·125029
2489	2001461	2.418262185137e-10	24	4	composite	7·11^2·17·139
2490	2000537	2.418165793958e-10	8	3	composite	7·11·25981
2491	2002390	2.417995374274e-10	32	5	composite	2·5·13·73·211
2492	2001806	2.417906291124e-10	8	3	composite	2·73·13711
2493	2001441	2.417856584524e-10	32	5	composite	3·13·19·37·73
2494	2000624	2.417756284076e-10	20	3	composite	2^4·19·6581
2495	2000272	2.417743215019e-10	10	2	composite	2^4·125017
2496	2001902	2.417695800619e-10	8	3	composite	2·7·142993
2497	2002530	2.417451215753e-10	16	4	composite	2·3·5·66751
2498	2002470	2.417220813955e-10	16	4	composite	2·3·5·66749
2499	2002555	2.417129417180e-10	8	3	composite	5·71·5641
2500	2001734	2.417050437368e-10	8	3	composite	2·7·142981
2501	2001706	2.416942868704e-10	8	3	composite	2·7·142979
2502	2001419	2.416931897364e-10	8	3	composite	7·71·4027
2503	2000048	2.416882036264e-10	10	2	composite	2^4·125003
2504	2001514	2.416784539742e-10	8	3	composite	2·73·13709
2505	2001256	2.416773470130e-10	16	3	composite	2^3·37·6761
2506	2001622	2.416620197431e-10	8	3	composite	2·7·142973
2507	2001625	2.416511041800e-10	16	3	composite	5^3·67·239
2508	2000888	2.416411249499e-10	16	3	composite	2^3·67·3733
2509	2001566	2.416405071304e-10	8	3	composite	2·7·142969
2510	2002271	2.416403181811e-10	4	2	composite	71·28201
2511	2002328	2.416387270180e-10	16	3	composite	2^3·17·14723
2512	2002472	2.416336398093e-10	16	3	composite	2^3·23·10883
2513	2001482	2.416082379973e-10	8	3	composite	2·7·142963
2514	2002170	2.416068749828e-10	16	4	composite	2·3·5·66739
2515	2002197	2.416068102259e-10	8	3	composite	3·31·21529
2516	2002483	2.416014228937e-10	6	2	composite	7^2·40867
2517	2002492	2.415967456894e-10	12	3	composite	2^2·79·6337
2518	2002416	2.415869031087e-10	40	4	composite	2^4·3·13·3209
2519	2001752	2.415447120604e-10	16	3	composite	2^3·59·4241
2520	2001990	2.415377508219e-10	16	4	composite	2·3·5·66733
2521	2001295	2.415354130249e-10	8	3	composite	5·73·5483
2522	2001286	2.415329395695e-10	8	3	composite	2·7·142949
2523	2002456	2.415063967636e-10	8	2	composite	2^3·250307
2524	2002408	2.414879671447e-10	8	2	composite	2^3·250301
2525	2001146	2.414791548768e-10	8	3	composite	2·7·142939
2526	2002376	2.414766233869e-10	16	3	composite	2^3·229·1093
2527	2001930	2.414730498997e-10	32	5	composite	2·3·5·7·9533
2528	2002189	2.414650140834e-10	12	3	composite	7^2·29·1409
2529	2001003	2.414641874246e-10	8	3	composite	3·73·9137
2530	2001845	2.414402936214e-10	8	3	composite	5·71·5639
2531	2001206	2.414349728700e-10	16	4	composite	2·17·71·829
2532	2002232	2.414203885139e-10	8	2	composite	2^3·250279
2533	2000930	2.414203753145e-10	16	4	composite	2·5·73·2741
2534	2002216	2.414132387242e-10	16	3	composite	2^3·353·709
2535	2000857	2.414035086435e-10	4	2	composite	73·27409
2536	2001630	2.413994873658e-10	16	4	composite	2·3·5·66721
2537	2001639	2.413925113885e-10	8	3	composite	3·31·21523
2538	2002514	2.413860024363e-10	8	3	composite	2·37·27061
2539	2002136	2.413835279986e-10	8	2	composite	2^3·250267
2540	2002551	2.413822946682e-10	8	3	composite	3·37·18041
2541	2002334	2.413774895485e-10	32	5	composite	2·19·23·29·79
2542	2001561	2.413722064955e-10	8	3	composite	3·71·9397
2543	2002203	2.413621700416e-10	24	4	composite	3^2·7·61·521
2544	2001135	2.413599029860e-10	16	4	composite	3·5·71·1879
2545	2002072	2.413589551118e-10	8	2	composite	2^3·250259
2546	2002477	2.413492730814e-10	4	2	composite	37·54121
2547	2000711	2.413474132135e-10	4	2	composite	73·27407
2548	2001153	2.413420822758e-10	16	4	composite	3·7·11·8663
2549	2002024	2.413405243972e-10	8	2	composite	2^3·250253
2550	2001797	2.413380012025e-10	6	2	composite	7^2·40853
2551	2001118	2.413345499779e-10	16	4	composite	2·7·19·7523
2552	2002366	2.413291834314e-10	8	3	composite	2·37·27059
2553	2001490	2.413289500764e-10	16	4	composite	2·5·71·2819
2554	2001512	2.413253499164e-10	16	3	composite	2^3·17·14717
2555	2001453	2.413210735341e-10	8	3	composite	3·31·21521
2556	2001390	2.413073088742e-10	16	4	composite	2·3·5·66713
2557	2000698	2.413070307633e-10	8	3	composite	2·7·142907
2558	2002097	2.413035288235e-10	4	2	composite	79·25343
2559	2002018	2.412957072215e-10	8	3	composite	2·79·12671
2560	2000642	2.412855152287e-10	8	3	composite	2·7·142903
2561	2002027	2.412816471517e-10	4	2	composite	67·29881
2562	2001928	2.412799995168e-10	16	3	composite	2^3·29·8629
2563	2001293	2.412745347133e-10	8	3	composite	7·37·7727
2564	2001601	2.412627309700e-10	6	2	composite	7^2·40849
2565	2000558	2.412532385984e-10	8	3	composite	2·7·142897
2566	2000108	2.412500746466e-10	24	4	composite	2^2·11·131·347
2567	2000730	2.412350139558e-10	32	5	composite	2·3·5·17·3923
2568	2000346	2.412311403692e-10	16	4	composite	2·3·73·4567
2569	2001893	2.412301970258e-10	4	2	composite	67·29879
2570	2001826	2.412269777842e-10	8	3	composite	2·67·14939
2571	2001503	2.412250964225e-10	6	2	composite	7^2·40847
2572	2001573	2.412238014362e-10	12	3	composite	3^2·7·31771
2573	2001610	2.412065880069e-10	32	5	composite	2·5·13·89·173
2574	2000072	2.411971507631e-10	32	4	composite	2^3·29·37·233
2575	2001992	2.411944873747e-10	16	3	composite	2^3·19·13171
2576	2001781	2.411821952762e-10	4	2	composite	79·25339
2577	2001447	2.411754125567e-10	12	3	composite	3^2·7·31769
2578	2001592	2.411746365422e-10	8	2	composite	2^3·250199
2579	2002357	2.411727434362e-10	8	3	composite	7·23·12437
2580	2002552	2.411705677114e-10	16	3	composite	2^3·53·4723
2581	2001030	2.411690321691e-10	16	4	composite	2·3·5·66701
2582	2001025	2.411611564383e-10	24	4	composite	5^2·13·47·131
2583	2000993	2.411494752263e-10	4	2	composite	71·28183
2584	2000780	2.411452651482e-10	24	4	composite	2^2·5·71·1409
2585	2000127	2.411275877241e-10	8	3	composite	3·73·9133
2586	2001270	2.411272755611e-10	32	5	composite	2·3·5·19·3511
2587	2000222	2.411241312936e-10	8	3	composite	2·7·142873
2588	2000910	2.411229358908e-10	16	4	composite	2·3·5·66697
2589	2001951	2.411170656553e-10	24	4	composite	3^2·7·43·739
2590	2000968	2.411164042714e-10	16	3	composite	2^3·17·14713
2591	2000194	2.411133695621e-10	8	3	composite	2·7·142871
2592	2001209	2.411121848363e-10	6	2	composite	7^2·40841
2593	2002511	2.411108248332e-10	4	2	composite	7·286073
2594	2001464	2.411018235488e-10	16	3	composite	2^3·29·8627
2595	2002161	2.410992343316e-10	16	4	composite	3·7·67·1423
2596	2002460	2.410984046270e-10	24	4	composite	2^2·5·59·1697
2597	2000851	2.410949300734e-10	4	2	composite	71·28181
2598	2000138	2.410918531526e-10	8	3	composite	2·7·142867
2599	2002441	2.410839564138e-10	4	2	composite	7·286063
2600	2001352	2.410824727904e-10	8	2	composite	2^3·250169
2601	2001404	2.410788117003e-10	12	3	composite	2^2·37·13523
2602	2002427	2.410785824442e-10	4	2	composite	7·286061
2603	2001491	2.410758336404e-10	4	2	composite	67·29873
2604	2001937	2.410718178934e-10	8	3	composite	7·17·16823
2605	2002515	2.410707127671e-10	16	4	composite	3·5·17·7853
2606	2002052	2.410688872581e-10	12	3	composite	2^2·13·38501
2607	2001737	2.410651702719e-10	4	2	composite	37·54101
2608	2002343	2.410463413672e-10	4	2	composite	7·286049
2609	2002519	2.410427156513e-10	4	2	composite	59·33941
2610	2001623	2.410412461406e-10	8	3	composite	13·79·1949
2611	2001224	2.410333150046e-10	8	2	composite	2^3·250153
2612	2002301	2.410302200012e-10	4	2	composite	7·286043
2613	2001176	2.410148817421e-10	8	2	composite	2^3·250147
2614	2002564	2.410140243015e-10	12	3	composite	2^2·23·21767
2615	2001108	2.410020444836e-10	24	4	composite	2^2·3·37·4507
2616	2002217	2.409977448893e-10	8	3	composite	7·103·2777
2617	2000212	2.409909297141e-10	12	3	composite	2^2·71·7043
2618	2000496	2.409834879114e-10	40	4	composite	2^4·3·71·587
2619	2002133	2.409657357594e-10	4	2	composite	7·286019
2620	2001290	2.409630891961e-10	32	5	composite	2·5·29·67·103
2621	2000490	2.409615965037e-10	16	4	composite	2·3·5·66683
2622	2000446	2.409584553289e-10	16	4	composite	2·7·43·3323
2623	2000201	2.409551121814e-10	8	3	composite	7·79·3617
2624	2002283	2.409521377897e-10	4	2	composite	59·33937
2625	2000984	2.409411425421e-10	8	2	composite	2^3·250123
2626	2002063	2.409388656179e-10	4	2	composite	7·286009
2627	2002401	2.409382475562e-10	20	3	composite	3^4·59·419
2628	2002498	2.409300476218e-10	8	3	composite	2·17·58897
2629	2002549	2.409271069277e-10	4	2	composite	17·117797
2630	2000354	2.409265081414e-10	8	3	composite	2·71·14087
2631	2001713	2.409255159476e-10	8	3	composite	7·23·12433
2632	2001367	2.409231015257e-10	4	2	composite	37·54091
2633	2001089	2.409214559435e-10	4	2	composite	67·29867
2634	2002007	2.409173701483e-10	4	2	composite	7·286001
2635	2001478	2.409172526149e-10	24	4	composite	2·17·37^2·43
2636	2001979	2.409066221892e-10	4	2	composite	7·285997
2637	2002124	2.409054378145e-10	12	3	composite	2^2·17·29443
2638	2000849	2.409054359064e-10	8	3	composite	17·37·3181
2639	2001922	2.409019936331e-10	16	4	composite	2·13·37·2081
2640	2000872	2.408981284868e-10	8	2	composite	2^3·250109
2641	2002452	2.408870527938e-10	12	3	composite	2^2·3·166871
2642	2001740	2.408865316877e-10	24	4	composite	2^2·5·13·7699
2643	2000621	2.408863376653e-10	6	2	composite	7^2·40829
2644	2000991	2.408834326131e-10	8	3	composite	3·79·8443
2645	2000283	2.408812906463e-10	8	3	composite	3·71·9391
2646	2002485	2.408780130668e-10	8	3	composite	3·5·133499
2647	2000257	2.408765657248e-10	8	3	composite	7·37·7723
2648	2002553	2.408756316735e-10	8	3	composite	7·43·6653
2649	2002516	2.408746147554e-10	6	2	composite	2^2·500629
2650	2001182	2.408745778804e-10	8	3	composite	2·37·27043
2651	2002430	2.408705345253e-10	16	4	composite	2·5·17·11779
2652	2001881	2.408690019952e-10	4	2	composite	7·285983
2653	2002404	2.408686320873e-10	12	3	composite	2^2·3·166867
2654	2002047	2.408661430358e-10	8	3	composite	3·59·11311
2655	2002181	2.408625538640e-10	8	3	composite	37·53·1021
2656	2002379	2.408618666922e-10	4	2	composite	17·117787
2657	2001853	2.408582556301e-10	4	2	composite	7·285979
2658	2002407	2.408564523660e-10	8	3	composite	3·11·60679
2659	2001839	2.408528807386e-10	4	2	composite	7·285977
2660	2000567	2.408516888096e-10	8	3	composite	19·71·1483
2661	2001210	2.408452275964e-10	32	5	composite	2·3·5·41·1627
2662	2001704	2.408450530118e-10	16	3	composite	2^3·53·4721
2663	2002395	2.408434748324e-10	8	3	composite	3·5·133493
2664	2000728	2.408428190422e-10	8	2	composite	2^3·250091
2665	2002332	2.408410010992e-10	12	3	composite	2^2·3·166861
2666	2002412	2.408347069090e-10	6	2	composite	2^2·500603
2667	2002449	2.408330869538e-10	8	3	composite	3·23·29021
2668	2002226	2.408256589107e-10	8	3	composite	2·17·58889
2669	2000620	2.408202510442e-10	24	4	composite	2^2·5·67·1493
2670	2000821	2.408185313179e-10	4	2	composite	67·29863
2671	2001929	2.408162639793e-10	4	2	composite	59·33931
2672	2002345	2.408126063909e-10	8	3	composite	5·17·23557
2673	2002348	2.408101457293e-10	6	2	composite	2^2·500587
2674	2002243	2.408096742195e-10	4	2	composite	17·117779
2675	2001071	2.408094403174e-10	4	2	composite	37·54083
2676	2002236	2.408041594623e-10	12	3	composite	2^2·3·166853
2677	2001993	2.408002976058e-10	12	3	composite	3·7^2·13619
2678	2002049	2.407998705126e-10	8	3	composite	7·19·15053
2679	2002316	2.407978653539e-10	6	2	composite	2^2·500579
2680	2002495	2.407974604023e-10	16	4	composite	5·11·23·1583
2681	2001386	2.407956018664e-10	16	4	composite	2·53·79·239
2682	2001671	2.407883876075e-10	4	2	composite	7·285953
2683	2000701	2.407883460969e-10	8	3	composite	23·37·2351
2684	2000584	2.407875121295e-10	8	2	composite	2^3·250073
2685	2002188	2.407857378159e-10	12	3	composite	2^2·3·166849
2686	2001702	2.407831366406e-10	32	5	composite	2·3·41·79·103
2687	2002524	2.407810229726e-10	24	4	composite	2^2·3·19·8783
2688	2002268	2.407794458633e-10	6	2	composite	2^2·500567
2689	2001643	2.407776392178e-10	4	2	composite	7·285949
2690	2002396	2.407772479002e-10	24	4	composite	2^2·11·17·2677
2691	2002164	2.407765275146e-10	12	3	composite	2^2·3·166847
2692	2002215	2.407743957909e-10	8	3	composite	3·5·133481
2693	2000327	2.407734043128e-10	6	2	composite	7^2·40823
2694	2002558	2.407718227030e-10	4	2	composite	2·1001279
2695	2002141	2.407705274299e-10	4	2	composite	17·117773
2696	2001828	2.407684021783e-10	24	4	composite	2^2·3·23·7253
2697	2002542	2.407672960477e-10	8	3	composite	2·3·333757
2698	2002534	2.407626140298e-10	4	2	composite	2·1001267
2699	2000886	2.407624743247e-10	16	4	composite	2·3·37·9013
2700	2002512	2.407597501924e-10	20	3	composite	2^4·3·41719
2701	2002526	2.407594420406e-10	8	3	composite	2·103·9721
2702	2002116	2.407581052149e-10	12	3	composite	2^2·3·166843
2703	2002577	2.407566007322e-10	2	1	prime	2002577 (prime)
2704	2002557	2.407535627312e-10	4	2	composite	3·667519
2705	2002092	2.407488937373e-10	12	3	composite	2^2·3·166841
2706	2001716	2.407488293426e-10	12	3	composite	2^2·17·29437
2707	2000536	2.407454246799e-10	16	3	composite	2^3·29·8623
2708	2001559	2.407453944625e-10	4	2	composite	7·285937
2709	2002547	2.407450909204e-10	2	1	prime	2002547 (prime)
2710	2002172	2.407418985152e-10	12	3	composite	2^2·317·1579
2711	2000190	2.407418957937e-10	32	5	composite	2·3·5·61·1093
2712	2001663	2.407415548703e-10	12	3	composite	3^2·37·6011
2713	2002110	2.407408977973e-10	32	5	composite	2·3·5·11·6067
2714	2002090	2.407400513745e-10	16	4	composite	2·5·17·11777
2715	2002521	2.407397506066e-10	4	2	composite	3·667507
2716	2002474	2.407395893706e-10	4	2	composite	2·1001237
2717	2002531	2.407389492003e-10	2	1	prime	2002531 (prime)
2718	2000456	2.407383483120e-10	8	2	composite	2^3·250057
2719	2002517	2.407376010187e-10	4	2	composite	11·182047
2720	2002523	2.407358809361e-10	2	1	prime	2002523 (prime)
2721	2002126	2.407356063031e-10	16	4	composite	2·7·83·1723
2722	2002503	2.407328422043e-10	4	2	composite	3·667501
2723	2002148	2.407326431712e-10	12	3	composite	2^2·271·1847
2724	2002513	2.407311409146e-10	4	2	composite	881·2273
2725	2001357	2.407289774812e-10	12	3	composite	3^2·67·3319
2726	2000776	2.407275531075e-10	16	3	composite	2^3·19·13163
2727	2002173	2.407271686336e-10	8	3	composite	3·23·29017
2728	2002501	2.407265898209e-10	4	2	composite	919·2179
2729	2002438	2.407257766364e-10	4	2	composite	2·1001219
2730	2001634	2.407255186078e-10	8	3	composite	2·59·16963
2731	2002493	2.407241705598e-10	4	2	composite	607·3299
2732	2002489	2.407227400941e-10	4	2	composite	317·6317
2733	2002265	2.407213419673e-10	12	3	composite	5·23^2·757
2734	2002422	2.407212521657e-10	8	3	composite	2·3·333737
2735	2000408	2.407199141777e-10	8	2	composite	2^3·250051
2736	2002108	2.407180432638e-10	6	2	composite	2^2·500527
2737	2002461	2.407167275259e-10	4	2	composite	3·667487
2738	2002471	2.407159265377e-10	2	1	prime	2002471 (prime)
2739	2000392	2.407137652604e-10	8	2	composite	2^3·250049
2740	2000486	2.407123706815e-10	8	3	composite	2·67·14929
2741	2002451	2.407122777080e-10	4	2	composite	11·182041
2742	2002402	2.407117818530e-10	8	3	composite	2·233·4297
2743	2002459	2.407113225728e-10	2	1	prime	2002459 (prime)
2744	2002453	2.407090206114e-10	2	1	prime	2002453 (prime)
2745	2002394	2.407088938839e-10	4	2	composite	2·1001197
2746	2002076	2.407057605305e-10	6	2	composite	2^2·500519
2747	2001971	2.407052833523e-10	4	2	composite	17·117763
2748	2002431	2.407052182677e-10	4	2	composite	3·667477
2749	2002127	2.407048972886e-10	4	2	composite	23·87049
2750	2002382	2.407042874795e-10	4	2	composite	2·1001191
2751	2002479	2.407000940770e-10	8	3	composite	3·29·23017
2752	2000131	2.406981133391e-10	6	2	composite	7^2·40819
2753	2002423	2.406974711968e-10	4	2	composite	103·19441
2754	2000344	2.406953301423e-10	8	2	composite	2^3·250043
2755	2002417	2.406952072938e-10	2	1	prime	2002417 (prime)
2756	2002354	2.406935446853e-10	4	2	composite	2·1001177
2757	2002346	2.406904754549e-10	4	2	composite	2·1001173
2758	2002036	2.406904088321e-10	6	2	composite	2^2·500509
2759	2002103	2.406896552659e-10	4	2	composite	239·8377
2760	2002389	2.406891018819e-10	4	2	composite	3·667463
2761	2002277	2.406890772601e-10	8	3	composite	17·19·6199
2762	2002397	2.406875348228e-10	2	1	prime	2002397 (prime)
2763	2002372	2.406857916322e-10	12	3	composite	2^2·19·26347
2764	2002179	2.406853437176e-10	8	3	composite	3·211·3163
2765	2002326	2.406844150842e-10	8	3	composite	2·3·333721
2766	2002180	2.406837559738e-10	12	3	composite	2^2·5·100109
2767	2002387	2.406836952655e-10	2	1	prime	2002387 (prime)
2768	2001444	2.406813320457e-10	24	4	composite	2^2·3·17·9811
2769	2002314	2.406798079226e-10	8	3	composite	2·3·333719
2770	2002318	2.406797297091e-10	4	2	composite	2·1001159
2771	2002373	2.406783247001e-10	2	1	prime	2002373 (prime)
2772	2002004	2.406781284141e-10	6	2	composite	2^2·500501
2773	2002359	2.406771709604e-10	8	3	composite	3·811·823
2774	2000296	2.406768921394e-10	8	2	composite	2^3·250037
2775	2002369	2.406759515905e-10	4	2	composite	937·2137
2776	2002399	2.406756669390e-10	8	3	composite	7·41·6977
2777	2002306	2.406751262647e-10	4	2	composite	2·1001153
2778	2002361	2.406737195095e-10	2	1	prime	2002361 (prime)
2779	2002421	2.406725303216e-10	6	2	composite	29^2·2381
2780	2002559	2.406696492481e-10	4	2	composite	13·154043
2781	2002349	2.406691160169e-10	2	1	prime	2002349 (prime)
2782	2002370	2.406663526005e-10	8	3	composite	2·5·200237
2783	2001869	2.406661370575e-10	4	2	composite	17·117757
2784	2002278	2.406659962115e-10	8	3	composite	2·3·333713
2785	2001876	2.406659930334e-10	12	3	composite	2^2·3·166823
2786	2002339	2.406652767939e-10	2	1	prime	2002339 (prime)
2787	2001448	2.406651495523e-10	16	3	composite	2^3·47·5323
2788	2002337	2.406645098964e-10	2	1	prime	2002337 (prime)
2789	2002323	2.406637749623e-10	4	2	composite	3·667441
2790	2002333	2.406629746226e-10	2	1	prime	2002333 (prime)
2791	2002331	2.406622088872e-10	2	1	prime	2002331 (prime)
2792	2002319	2.406616265737e-10	4	2	composite	11·182029
2793	2002538	2.406612840426e-10	8	3	composite	2·31·32299
2794	2001644	2.406609163332e-10	12	3	composite	2^2·23·21757
2795	2002311	2.406608195574e-10	24	4	composite	3^2·17·23·569
2796	2002327	2.406606740350e-10	2	1	prime	2002327 (prime)
2797	2000248	2.406584549974e-10	8	2	composite	2^3·250031
2798	2001529	2.406565146609e-10	8	3	composite	17·23·5119
2799	2002313	2.406553019755e-10	2	1	prime	2002313 (prime)
2800	2002405	2.406544309500e-10	4	2	composite	5·400481
2801	2002297	2.406531845890e-10	4	2	composite	11·182027
2802	2002307	2.406529977910e-10	2	1	prime	2002307 (prime)
2803	2002246	2.406521014471e-10	4	2	composite	2·1001123
2804	2001377	2.406519217571e-10	8	3	composite	7·29·9859
2805	2002303	2.406514642161e-10	2	1	prime	2002303 (prime)
2806	2002039	2.406512443945e-10	8	3	composite	13·17·9059
2807	2001932	2.406504949815e-10	6	2	composite	2^2·500483
2808	2002281	2.406476585750e-10	4	2	composite	3·667427
2809	2000216	2.406461612945e-10	8	2	composite	2^3·250027
2810	2002289	2.406460930082e-10	2	1	prime	2002289 (prime)
2811	2001801	2.406446579313e-10	8	3	composite	3·17·39251
2812	2002310	2.406433297872e-10	8	3	composite	2·5·200231
2813	2002269	2.406430538422e-10	4	2	composite	3·667423
2814	2002263	2.406407513390e-10	4	2	composite	3·667421
2815	2001433	2.406405492773e-10	8	3	composite	7·137·2087
2816	2002214	2.406398233045e-10	4	2	composite	2·1001107
2817	2002206	2.406383668500e-10	8	3	composite	2·3·333701
2818	2002060	2.406377042127e-10	12	3	composite	2^2·5·100103
2819	2002267	2.406376509408e-10	2	1	prime	2002267 (prime)
2820	2002251	2.406361456670e-10	4	2	composite	3·667417
2821	2000359	2.406360983944e-10	4	2	composite	79·25321
2822	2001855	2.406353275835e-10	16	4	composite	3·5·317·421
2823	2002355	2.406352444842e-10	4	2	composite	5·400471
2824	2001892	2.406351428953e-10	6	2	composite	2^2·500473
2825	2001457	2.406350823076e-10	4	2	composite	59·33923
2826	2001943	2.406342826722e-10	4	2	composite	23·87041
2827	2002202	2.406338753845e-10	8	3	composite	2·971·1031
2828	2001884	2.406320726595e-10	6	2	composite	2^2·500471
2829	2002249	2.406307447243e-10	2	1	prime	2002249 (prime)
2830	2002186	2.406290779545e-10	4	2	composite	2·1001093
2831	2001813	2.406284849930e-10	8	3	composite	3·11·60661
2832	2002270	2.406279824627e-10	8	3	composite	2·5·200227
2833	2000218	2.406274271412e-10	32	5	composite	2·11·23·59·67
2834	2001767	2.406269852996e-10	4	2	composite	17·117751
2835	2002178	2.406260092873e-10	4	2	composite	2·1001089
2836	2002174	2.406244721255e-10	4	2	composite	2·1001087
2837	2002229	2.406230670613e-10	2	1	prime	2002229 (prime)
2838	2002223	2.406207655163e-10	2	1	prime	2002223 (prime)
2839	2002162	2.406198670409e-10	4	2	composite	2·1001081
2840	2000812	2.406182020658e-10	24	4	composite	2^2·11·37·1229
2841	2002213	2.406168144535e-10	4	2	composite	349·5737
2842	2002211	2.406161585227e-10	2	1	prime	2002211 (prime)
2843	2002146	2.406153421835e-10	8	3	composite	2·3·333691
2844	2002207	2.406146255201e-10	2	1	prime	2002207 (prime)
2845	2000590	2.406137328370e-10	16	4	composite	2·5·37·5407
2846	2002414	2.406137066822e-10	8	3	composite	2·31·32297
2847	2001836	2.406136501441e-10	6	2	composite	2^2·500459
2848	2002199	2.406115576900e-10	2	1	prime	2002199 (prime)
2849	2002486	2.406106729028e-10	8	3	composite	2·19·52697
2850	2002138	2.406106585360e-10	4	2	composite	2·1001069
2851	2002543	2.406100440796e-10	4	2	composite	19·105397
2852	2002285	2.406083865127e-10	4	2	composite	5·400457
2853	2001835	2.406048475462e-10	16	4	composite	5·11·17·2141
2854	2001747	2.406031528214e-10	8	3	composite	3·11·60659
2855	2000104	2.406031408350e-10	8	2	composite	2^3·250013
2856	2001765	2.406016894206e-10	8	3	composite	3·5·133451
2857	2002114	2.406013468305e-10	8	3	composite	2·103·9719
2858	2001851	2.405989756047e-10	4	2	composite	23·87037
2859	2002159	2.405962068306e-10	2	1	prime	2002159 (prime)
2860	2002157	2.405954402967e-10	2	1	prime	2002157 (prime)
2861	2001782	2.405949938088e-10	8	3	composite	2·23·43517
2862	2001428	2.405941197109e-10	24	4	composite	2^2·11·13·3499
2863	2002151	2.405931373104e-10	2	1	prime	2002151 (prime)
2864	2002137	2.405924007601e-10	4	2	composite	3·667379
2865	2001684	2.405923000703e-10	12	3	composite	2^2·3·166807
2866	2000442	2.405919570618e-10	16	4	composite	2·3·37·9011
2867	2001614	2.405906376703e-10	12	3	composite	2·17^2·3463
2868	2002351	2.405898408126e-10	4	2	composite	13·154027
2869	2002082	2.405891680389e-10	4	2	composite	2·1001041
2870	2001772	2.405890875073e-10	6	2	composite	2^2·500443
2871	2002139	2.405884666061e-10	4	2	composite	199·10061
2872	2001954	2.405883035578e-10	32	5	composite	2·3·17·19·1033
2873	2002074	2.405877136647e-10	8	3	composite	2·3·333679
2874	2002121	2.405856478250e-10	4	2	composite	11·182011
2875	2000056	2.405847026420e-10	8	2	composite	2^3·250007
2876	2002081	2.405839007031e-10	8	3	composite	23·61·1427
2877	2001812	2.405808759301e-10	12	3	composite	2^2·29·17257
2878	2000312	2.405799444754e-10	16	3	composite	2^3·61·4099
2879	2001705	2.405786621413e-10	8	3	composite	3·5·133447
2880	2002101	2.405785894200e-10	4	2	composite	3·667367
2881	2002054	2.405784247032e-10	4	2	composite	2·1001027
2882	2002205	2.405776874595e-10	4	2	composite	5·400441
2883	2002099	2.405772056620e-10	4	2	composite	11·182009
2884	2002046	2.405753554704e-10	4	2	composite	2·1001023
2885	2002089	2.405739823746e-10	4	2	composite	3·667363
2886	2002038	2.405738973186e-10	8	3	composite	2·3·333673
2887	2002102	2.405733163560e-10	8	3	composite	2·29·34519
2888	2002083	2.405716799124e-10	4	2	composite	3·667361
2889	2002093	2.405708813828e-10	2	1	prime	2002093 (prime)
2890	2002034	2.405707488682e-10	4	2	composite	2·1001017
2891	2001724	2.405706667298e-10	6	2	composite	2^2·500431
2892	2000738	2.405697755756e-10	16	4	composite	2·19·37·1423
2893	2001097	2.405680282366e-10	4	2	composite	7·285871
2894	2000122	2.405675667970e-10	8	3	composite	2·79·12659
2895	2002079	2.405655086248e-10	2	1	prime	2002079 (prime)
2896	888827	2.405640067543e-10	2	1	prime	888827 (prime)
2897	2001345	2.405612630605e-10	16	4	composite	3·5·23·5801
2898	2002053	2.405601661297e-10	4	2	composite	3·667351
2899	2002002	2.405600829519e-10	8	3	composite	2·3·333667
2900	2002006	2.405600037979e-10	4	2	composite	2·1001003
2901	2002061	2.405586003918e-10	2	1	prime	2002061 (prime)
2902	2001998	2.405569341051e-10	4	2	composite	2·1000999
2903	2001588	2.405554543376e-10	12	3	composite	2^2·3·166799
2904	2002145	2.405546667309e-10	4	2	composite	5·400429
2905	2002391	2.405517261723e-10	4	2	composite	19·105389
2906	2001665	2.405516310288e-10	8	3	composite	5·17·23549
2907	2002029	2.405506231307e-10	8	3	composite	3·467·1429
2908	2001982	2.405505455682e-10	8	3	composite	2·419·2389
2909	2001668	2.405491704867e-10	6	2	composite	2^2·500417
2910	2002118	2.405467015981e-10	8	3	composite	2·137·7307
2911	2001162	2.405458053767e-10	16	4	composite	2·3·59·5653
2912	2001962	2.405431182883e-10	4	2	composite	2·1000981
2913	2001652	2.405430313885e-10	6	2	composite	2^2·500413
2914	2002019	2.405424841348e-10	2	1	prime	2002019 (prime)
2915	2002353	2.405417654951e-10	8	3	composite	3·19·35129
2916	2001172	2.405399952104e-10	12	3	composite	2^2·17·29429
2917	2001999	2.405394444734e-10	4	2	composite	3·667333
2918	2002009	2.405386470420e-10	2	1	prime	2002009 (prime)
2919	2001946	2.405369781303e-10	4	2	composite	2·1000973
2920	2002001	2.405355759553e-10	2	1	prime	2002001 (prime)
2921	2001997	2.405340417349e-10	2	1	prime	2001997 (prime)
2922	2001938	2.405339082941e-10	4	2	composite	2·1000969
2923	2000294	2.405335540079e-10	8	3	composite	2·37·27031
2924	2001585	2.405326016418e-10	8	3	composite	3·5·133439
2925	2002085	2.405316420586e-10	4	2	composite	5·400417
2926	2002010	2.405282123349e-10	8	3	composite	2·5·200201
2927	2001967	2.405265506200e-10	4	2	composite	11·181997
2928	2001977	2.405263652375e-10	2	1	prime	2001977 (prime)
2929	2001963	2.405256319439e-10	4	2	composite	3·667321
2930	2000509	2.405235072929e-10	8	3	composite	7·17·16811
2931	2002258	2.405231904646e-10	8	3	composite	2·19·52691
2932	2001953	2.405171550240e-10	2	1	prime	2001953 (prime)
2933	2002045	2.405162924304e-10	4	2	composite	5·400409
2934	2001621	2.405153159538e-10	8	3	composite	3·23·29009
2935	2001882	2.405140320291e-10	8	3	composite	2·3·333647
2936	2001572	2.405123258603e-10	6	2	composite	2^2·500393
2937	2001927	2.405118142842e-10	4	2	composite	3·667309
2938	2000875	2.405114469816e-10	8	2	composite	5^3·16007
2939	2000017	2.405097251047e-10	4	2	composite	67·29851
2940	2001556	2.405061847204e-10	6	2	composite	2^2·500389
2941	888857	2.405056023067e-10	2	1	prime	888857 (prime)
2942	2001862	2.405047438115e-10	4	2	composite	2·1000931
2943	2000405	2.405045628920e-10	16	4	composite	5·11·37·983
2944	2001667	2.405045618888e-10	8	3	composite	23·29·3001
2945	2001919	2.405041093184e-10	2	1	prime	2001919 (prime)
2946	2000479	2.405018894390e-10	8	3	composite	13·37·4159
2947	2001911	2.405010384569e-10	2	1	prime	2001911 (prime)
2948	2002242	2.405006270155e-10	32	5	composite	2·3·11·23·1319
2949	2001957	2.404997911726e-10	8	3	composite	3·29·23011
2950	2001842	2.404970668983e-10	4	2	composite	2·1000921
2951	2001995	2.404968442303e-10	8	3	composite	5·431·929
2952	2001427	2.404964837969e-10	4	2	composite	17·117731
2953	2001838	2.404955332515e-10	4	2	composite	2·1000919
2954	2002132	2.404950387169e-10	12	3	composite	2^2·11·45503
2955	2000168	2.404940476283e-10	16	3	composite	2^3·19·13159
2956	2002195	2.404937691158e-10	8	3	composite	5·13·30803
2957	2001910	2.404898370515e-10	8	3	composite	2·5·200191
2958	2000887	2.404874011721e-10	4	2	composite	7·285841
2959	2001814	2.404863229670e-10	4	2	composite	2·1000907
2960	2002321	2.404863116734e-10	4	2	composite	31·64591
2961	2000747	2.404840250599e-10	24	4	composite	7·17^2·23·43
2962	2000873	2.404820278856e-10	4	2	composite	7·285839
2963	2001849	2.404818830636e-10	4	2	composite	3·667283
2964	2002506	2.404818226089e-10	16	4	composite	2·3·11·30341
2965	2001955	2.404817571672e-10	4	2	composite	5·400391
2966	2001396	2.404817566022e-10	12	3	composite	2^2·3·166783
2967	2002015	2.404812206488e-10	8	3	composite	5·29·13807
2968	2002201	2.404788265718e-10	4	2	composite	19·105379
2969	2001786	2.404771918399e-10	8	3	composite	2·3·333631
2970	2001417	2.404764908748e-10	8	3	composite	3·11·60649
2971	2001847	2.404764796939e-10	2	1	prime	2001847 (prime)
2972	2001981	2.404761472824e-10	8	3	composite	3·137·4871
2973	2001476	2.404754779198e-10	6	2	composite	2^2·500369
2974	2001899	2.404729265534e-10	4	2	composite	29·69031
2975	2001372	2.404725446690e-10	12	3	composite	2^2·3·166781
2976	2001778	2.404725075591e-10	4	2	composite	2·1000889
2977	2001833	2.404711064608e-10	2	1	prime	2001833 (prime)
2978	2002442	2.404710306721e-10	8	3	composite	2·13·77017
2979	2001359	2.404703830840e-10	4	2	composite	17·117727
2980	2001819	2.404703701630e-10	4	2	composite	3·667273
2981	2002510	2.404688787770e-10	16	4	composite	2·5·43·4657
2982	2001827	2.404686096284e-10	4	2	composite	691·2897
2983	2000183	2.404684144248e-10	4	2	composite	37·54059
2984	2001452	2.404662664226e-10	6	2	composite	2^2·500363
2985	2001817	2.404644077253e-10	4	2	composite	1289·1553
2986	2001905	2.404625710009e-10	4	2	composite	5·400381
2987	2001809	2.404618961531e-10	2	1	prime	2001809 (prime)
2988	2001111	2.404617324958e-10	12	3	composite	3·7^2·13613
2989	2002013	2.404601476077e-10	4	2	composite	13·154001
2990	2001830	2.404591372123e-10	8	3	composite	2·5·200183
2991	2001791	2.404590121927e-10	4	2	composite	11·181981
2992	2001738	2.404587696024e-10	8	3	composite	2·3·333623
2993	2001742	2.404583833610e-10	8	3	composite	2·569·1759
2994	2001308	2.404582294393e-10	24	4	composite	2^2·17·19·1549
2995	2001799	2.404580586623e-10	2	1	prime	2001799 (prime)
2996	2001793	2.404557571549e-10	2	1	prime	2001793 (prime)
2997	2001414	2.404553048698e-10	16	4	composite	2·3·23·14503
2998	2001787	2.404534518965e-10	2	1	prime	2001787 (prime)
2999	2001764	2.404524749496e-10	12	3	composite	2^2·19·26339
3000	2001351	2.404511580776e-10	8	3	composite	3·11·60647
3001	2001722	2.404510172138e-10	4	2	composite	2·1000861
3002	2001841	2.404506688616e-10	4	2	composite	29·69029
3003	2000789	2.404497729426e-10	4	2	composite	7·285827
3004	2001718	2.404494809312e-10	4	2	composite	2·1000859
3005	2001092	2.404490170920e-10	12	3	composite	2^2·23·21751
3006	2001291	2.404489003946e-10	8	3	composite	3·17·39241
3007	2001761	2.404433713422e-10	4	2	composite	883·2267
3008	2001698	2.404418058840e-10	4	2	composite	2·1000849
3009	2001631	2.404411689340e-10	8	3	composite	17·19·6197
3010	2001694	2.404402689060e-10	4	2	composite	2·1000847
3011	2001961	2.404401950516e-10	4	2	composite	13·153997
3012	2001754	2.404397716697e-10	8	3	composite	2·29·34513
3013	2001751	2.404396378297e-10	2	1	prime	2001751 (prime)
3014	2000761	2.404390229915e-10	4	2	composite	7·285823
3015	2001770	2.404361124503e-10	8	3	composite	2·5·200177
3016	2001729	2.404358315070e-10	4	2	composite	3·667243
3017	2002087	2.404350845057e-10	4	2	composite	19·105373
3018	2002239	2.404348206569e-10	20	3	composite	3^4·19·1301
3019	2001723	2.404335296835e-10	4	2	composite	3·667241
3020	2001364	2.404324893920e-10	6	2	composite	2^2·500341
3021	2001731	2.404319614852e-10	2	1	prime	2001731 (prime)
3022	2001257	2.404312293282e-10	4	2	composite	17·117721
3023	2001612	2.404310413400e-10	24	4	composite	2^2·3·19·8779
3024	2002381	2.404303728509e-10	4	2	composite	43·46567
3025	2002491	2.404287743089e-10	6	2	composite	3^2·222499
3026	2001721	2.404281265210e-10	2	1	prime	2001721 (prime)
3027	2001658	2.404264531283e-10	4	2	composite	2·1000829
3028	2001709	2.404235183443e-10	2	1	prime	2001709 (prime)
3029	2001332	2.404202060782e-10	6	2	composite	2^2·500333
3030	2001687	2.404197127771e-10	4	2	composite	3·667229
3031	2001103	2.404189731429e-10	8	3	composite	13·59·2609
3032	2001697	2.404189153218e-10	2	1	prime	2001697 (prime)
3033	2001124	2.404170936174e-10	12	3	composite	2^2·211·2371
3034	2001691	2.404166115280e-10	2	1	prime	2001691 (prime)
3035	2001689	2.404158134771e-10	4	2	composite	229·8741
3036	2001710	2.404130872843e-10	8	3	composite	2·5·200171
3037	2000867	2.404124277037e-10	8	3	composite	11·59·3083
3038	2001677	2.404112409316e-10	2	1	prime	2001677 (prime)
3039	2001883	2.404102648168e-10	4	2	composite	13·153991
3040	2001189	2.404097489152e-10	8	3	composite	3·17·39239
3041	2001673	2.404097039466e-10	2	1	prime	2001673 (prime)
3042	2002437	2.404080597237e-10	6	2	composite	3^2·222493
3043	2001255	2.404059372458e-10	8	3	composite	3·5·133417
3044	2001857	2.404041011797e-10	8	3	composite	11·13·13999
3045	2002378	2.404038885840e-10	16	4	composite	2·7·157·911
3046	2001653	2.404020268467e-10	2	1	prime	2001653 (prime)
3047	2001284	2.404017830108e-10	6	2	composite	2^2·500321
3048	2002533	2.404011782311e-10	8	3	composite	3·13·51347
3049	2002419	2.404007205676e-10	12	3	composite	3^2·271·821
3050	2001637	2.403999115935e-10	4	2	composite	11·181967
3051	2001633	2.403989903967e-10	4	2	composite	3·667211
3052	2001586	2.403988203852e-10	4	2	composite	2·1000793
3053	2001641	2.403974235005e-10	2	1	prime	2001641 (prime)
3054	2001268	2.403956428585e-10	6	2	composite	2^2·500317
3055	2001638	2.403952545296e-10	8	3	composite	2·29·34511
3056	2001460	2.403943683916e-10	48	5	composite	2^2·5·19·23·229
3057	2001868	2.403937365292e-10	12	3	composite	2^2·11·45497
3058	2001973	2.403913428519e-10	4	2	composite	19·105367
3059	2001562	2.403892811654e-10	8	3	composite	2·467·2143
3060	2001619	2.403889814064e-10	2	1	prime	2001619 (prime)
3061	2001617	2.403882129052e-10	2	1	prime	2001617 (prime)
3062	2001299	2.403871121028e-10	4	2	composite	23·87013
3063	2001554	2.403865415997e-10	4	2	composite	2·1000777
3064	2001611	2.403859114316e-10	2	1	prime	2001611 (prime)
3065	2000764	2.403833578181e-10	12	3	composite	2^2·17·29423
3066	2001695	2.403819836232e-10	4	2	composite	5·400339
3067	2001599	2.403812681432e-10	4	2	composite	103·19433
3068	2001534	2.403804790844e-10	8	3	composite	2·3·333589
3069	2002341	2.403768185461e-10	16	4	composite	3·11·47·1291
3070	2001380	2.403767287753e-10	12	3	composite	2^2·5·100069
3071	2001526	2.403757956059e-10	4	2	composite	2·1000763
3072	2001583	2.403751657717e-10	2	1	prime	2001583 (prime)
3073	2001837	2.403744603364e-10	8	3	composite	3·61·10939
3074	2001581	2.403743966405e-10	2	1	prime	2001581 (prime)
3075	2002065	2.403732128751e-10	16	4	composite	3·5·13·10267
3076	2002340	2.403722709531e-10	24	4	composite	2^2·5·53·1889
3077	2002388	2.403718641535e-10	12	3	composite	2^2·47·10651
3078	2000528	2.403698829512e-10	20	3	composite	2^4·97·1289
3079	2001253	2.403694542033e-10	4	2	composite	23·87011
3080	2001196	2.403680024750e-10	6	2	composite	2^2·500299
3081	2001590	2.403670340458e-10	8	3	composite	2·5·200159
3082	2001655	2.403666326119e-10	4	2	composite	5·400331
3083	2002522	2.403662111975e-10	8	3	composite	2·41·24421
3084	2002276	2.403661734619e-10	24	4	composite	2^2·29·41·421
3085	2000412	2.403644750137e-10	36	4	composite	2^2·3^2·181·307
3086	2001543	2.403644495610e-10	4	2	composite	3·667181
3087	2001553	2.403636521646e-10	2	1	prime	2001553 (prime)
3088	2000749	2.403632768955e-10	4	2	composite	59·33911
3089	2001486	2.403620576904e-10	8	3	composite	2·3·333581
3090	2001547	2.403613487887e-10	2	1	prime	2001547 (prime)
3091	2001084	2.403609300104e-10	24	4	composite	2^2·3·103·1619
3092	2000923	2.403599347957e-10	8	3	composite	37·41·1319
3093	2001541	2.403590479285e-10	2	1	prime	2001541 (prime)
3094	2001539	2.403582779527e-10	2	1	prime	2001539 (prime)
3095	2001527	2.403576962408e-10	4	2	composite	11·181957
3096	2000273	2.403559931422e-10	16	4	composite	11·47·53·73
3097	2001533	2.403559758170e-10	2	1	prime	2001533 (prime)
3098	2002499	2.403548030151e-10	4	2	composite	53·37783
3099	2001513	2.403529374909e-10	4	2	composite	3·667171
3100	2001053	2.403529223633e-10	4	2	composite	17·117709
3101	2001522	2.403522759833e-10	16	4	composite	2·3·29·11503
3102	2001523	2.403519536874e-10	4	2	composite	1163·1721
3103	2000926	2.403505954021e-10	16	4	composite	2·31·59·547
3104	2001507	2.403501804678e-10	8	3	composite	3·709·941
3105	2001148	2.403495782769e-10	6	2	composite	2^2·500287
3106	2002119	2.403480490149e-10	8	3	composite	3·7·95339
3107	2001859	2.403476001492e-10	4	2	composite	19·105361
3108	2001511	2.403475314635e-10	2	1	prime	2001511 (prime)
3109	2001605	2.403474443188e-10	4	2	composite	5·400321
3110	2001509	2.403467674517e-10	2	1	prime	2001509 (prime)
3111	2000356	2.403467549131e-10	24	4	composite	2^2·17·23·1279
3112	2002012	2.403465606970e-10	24	4	composite	2^2·23·47·463
3113	2001446	2.403450920232e-10	4	2	composite	2·1000723
3114	2001530	2.403440083816e-10	8	3	composite	2·5·200153
3115	2001949	2.403435820298e-10	4	2	composite	31·64579
3116	2001442	2.403435560104e-10	4	2	composite	2·1000721
3117	2002377	2.403413327314e-10	8	3	composite	3·13·51343
3118	2001434	2.403401852475e-10	8	3	composite	2·421·2377
3119	2001551	2.403393798659e-10	4	2	composite	29·69019
3120	2001477	2.403388963177e-10	8	3	composite	3·163·4093
3121	2001487	2.403383202469e-10	2	1	prime	2001487 (prime)
3122	2001481	2.403360173109e-10	2	1	prime	2001481 (prime)
3123	2001821	2.403330201599e-10	4	2	composite	19·105359
3124	2001473	2.403328273311e-10	4	2	composite	547·3659
3125	2001565	2.403320957742e-10	4	2	composite	5·400313
3126	2001469	2.403314122971e-10	2	1	prime	2001469 (prime)
3127	2002078	2.403313807856e-10	8	3	composite	2·13·77003
3128	2002467	2.403310159137e-10	18	3	composite	3·19^2·43^2
3129	2000690	2.403294914284e-10	16	4	composite	2·5·59·3391
3130	2001463	2.403291106441e-10	2	1	prime	2001463 (prime)
3131	2000383	2.403283531549e-10	16	4	composite	7·11·83·313
3132	2002261	2.403270380402e-10	4	2	composite	313·6397
3133	2000467	2.403261392684e-10	4	2	composite	7·285781
3134	2001045	2.403253279160e-10	8	3	composite	3·5·133403
3135	2001394	2.403251338297e-10	4	2	composite	2·1000697
3136	2001451	2.403245057470e-10	2	1	prime	2001451 (prime)
3137	2001021	2.403244842087e-10	8	3	composite	3·11·60637
3138	2001449	2.403237376952e-10	2	1	prime	2001449 (prime)
3139	2002106	2.403215825963e-10	24	4	composite	2·19^2·47·59
3140	2001378	2.403206073221e-10	8	3	composite	2·3·333563
3141	2001535	2.403205799792e-10	4	2	composite	5·400307
3142	2001382	2.403205278774e-10	4	2	composite	2·1000691
3143	2001470	2.403204299467e-10	16	4	composite	2·5·233·859
3144	2001887	2.403197943498e-10	4	2	composite	31·64577
3145	2001423	2.403183948017e-10	4	2	composite	3·667141
3146	2002130	2.403178417323e-10	16	4	composite	2·5·13·15401
3147	2002393	2.403141417227e-10	4	2	composite	53·37781
3148	2000951	2.403137658814e-10	4	2	composite	17·117703
3149	2001421	2.403129901405e-10	2	1	prime	2001421 (prime)
3150	2002299	2.403114111417e-10	8	3	composite	3·13·51341
3151	2001358	2.403113167139e-10	4	2	composite	2·1000679
3152	2001413	2.403099220021e-10	2	1	prime	2001413 (prime)
3153	2002418	2.403084651416e-10	8	3	composite	2·11·91019
3154	2001409	2.403083854950e-10	2	1	prime	2001409 (prime)
3155	2001407	2.403076181554e-10	2	1	prime	2001407 (prime)
3156	2000411	2.403046359556e-10	4	2	composite	7·285773
3157	2001387	2.403045784888e-10	4	2	composite	3·667129
3158	2000745	2.403043964219e-10	24	4	composite	3^2·5·173·257
3159	2001994	2.403043673818e-10	8	3	composite	2·43·23279
3160	2001397	2.403037811060e-10	2	1	prime	2001397 (prime)
3161	2001338	2.403036426527e-10	4	2	composite	2·1000669
3162	2001028	2.403035166008e-10	6	2	composite	2^2·500257
3163	2002358	2.403032996462e-10	8	3	composite	2·41·24419
3164	2001381	2.403022767160e-10	4	2	composite	3·667127
3165	2001334	2.403021060293e-10	4	2	composite	2·1000667
3166	2001485	2.403013922174e-10	4	2	composite	5·400297
3167	2002292	2.403011705626e-10	24	4	composite	2^2·37·83·163
3168	2000917	2.403007150948e-10	4	2	composite	17·117701
3169	2001373	2.402985918587e-10	4	2	composite	11·181943
3170	2002037	2.402983964716e-10	4	2	composite	43·46559
3171	2001383	2.402982371415e-10	4	2	composite	659·3037
3172	2001369	2.402976715533e-10	4	2	composite	3·667123
3173	2002149	2.402975727013e-10	6	2	composite	3^2·222461
3174	2001339	2.402946827022e-10	12	3	composite	3^2·59·3769
3175	2001571	2.402943489348e-10	8	3	composite	11·13·13997
3176	2001371	2.402938005676e-10	2	1	prime	2001371 (prime)
3177	2001604	2.402924308131e-10	12	3	composite	2^2·11·45491
3178	2000883	2.402922839543e-10	8	3	composite	3·17·39233
3179	2000996	2.402912311895e-10	6	2	composite	2^2·500249
3180	2001361	2.402899648671e-10	2	1	prime	2001361 (prime)
3181	2001455	2.402898782011e-10	4	2	composite	5·400291
3182	2001302	2.402898237005e-10	4	2	composite	2·1000651
3183	2000369	2.402885078197e-10	4	2	composite	7·285767
3184	2000892	2.402882908272e-10	12	3	composite	2^2·3·166741
3185	2001353	2.402868941560e-10	2	1	prime	2001353 (prime)
3186	2001715	2.402868232700e-10	8	3	composite	5·61·6563
3187	2001140	2.402846093227e-10	12	3	composite	2^2·5·100057
3188	2001347	2.402845913232e-10	2	1	prime	2001347 (prime)
3189	2001278	2.402806128770e-10	4	2	composite	2·1000639
3190	2001115	2.402802737123e-10	8	3	composite	5·23·17401
3191	2001669	2.402793128336e-10	8	3	composite	3·19·35117
3192	2000868	2.402790762446e-10	12	3	composite	2^2·3·166739
3193	2001331	2.402784498205e-10	2	1	prime	2001331 (prime)
3194	2000341	2.402777562991e-10	4	2	composite	7·285763
3195	2000954	2.402771773188e-10	8	3	composite	2·23·43499
3196	2000832	2.402759188464e-10	56	4	composite	2^6·3·17·613
3197	2000956	2.402758780059e-10	6	2	composite	2^2·500239
3198	2001155	2.402753593461e-10	16	4	composite	5·13·17·1811
3199	2001309	2.402746434339e-10	4	2	composite	3·667103
3200	2000454	2.402739796581e-10	16	4	composite	2·3·59·5651
3201	2000948	2.402728059427e-10	6	2	composite	2^2·500237
3202	2001763	2.402720918867e-10	6	2	composite	31^2·2083
3203	2001313	2.402715431369e-10	2	1	prime	2001313 (prime)
3204	2001745	2.402674259667e-10	12	3	composite	5·19^2·1109
3205	2001242	2.402667971121e-10	4	2	composite	2·1000621
3206	2000932	2.402666655303e-10	6	2	composite	2^2·500233
3207	2001234	2.402653389302e-10	8	3	composite	2·3·333539
3208	2001238	2.402652586222e-10	4	2	composite	2·1000619
3209	2000924	2.402635950154e-10	6	2	composite	2^2·500231
3210	2001385	2.402630145192e-10	4	2	composite	5·400277
3211	2000299	2.402616296709e-10	4	2	composite	7·285757
3212	2001273	2.402608258188e-10	4	2	composite	3·667091
3213	2001574	2.402607304933e-10	8	3	composite	2·19·52673
3214	2000833	2.402602099483e-10	16	4	composite	19·31·43·79
3215	2001935	2.402601459359e-10	16	4	composite	5·13·19·1621
3216	2001283	2.402597084278e-10	4	2	composite	1093·1831
3217	2001310	2.402595745782e-10	8	3	composite	2·5·200131
3218	2001281	2.402592596305e-10	2	1	prime	2001281 (prime)
3219	2001429	2.402577403098e-10	10	2	composite	3^4·24709
3220	2001218	2.402575850366e-10	4	2	composite	2·1000609
3221	2000865	2.402562311107e-10	8	3	composite	3·5·133391
3222	2001395	2.402550275175e-10	8	3	composite	5·11·36389
3223	2001269	2.402546567435e-10	2	1	prime	2001269 (prime)
3224	2000709	2.402530524501e-10	24	4	composite	3^2·31·71·101
3225	2001198	2.402515203912e-10	8	3	composite	2·3·333533
3226	2001867	2.402513629583e-10	8	3	composite	3·7·95327
3227	2001319	2.402503412298e-10	4	2	composite	29·69011
3228	2001243	2.402493117719e-10	4	2	composite	3·667081
3229	2000823	2.402484787025e-10	8	3	composite	3·11·60631
3230	2000696	2.402484503226e-10	32	4	composite	2^3·17·47·313
3231	2001241	2.402479301486e-10	4	2	composite	11·181931
3232	2001247	2.402462110443e-10	2	1	prime	2001247 (prime)
3233	2001239	2.402427883995e-10	4	2	composite	1171·1709
3234	2001178	2.402422309621e-10	4	2	composite	2·1000589
3235	2000035	2.402413382157e-10	16	4	composite	5·19·37·569
3236	2000243	2.402401246895e-10	4	2	composite	7·285749
3237	2001822	2.402398959062e-10	16	4	composite	2·3·43·7759
3238	2001229	2.402393018670e-10	2	1	prime	2001229 (prime)
3239	2001493	2.402369849029e-10	8	3	composite	13·29·5309
3240	2001158	2.402345561239e-10	4	2	composite	2·1000579
3241	2000805	2.402331966467e-10	8	3	composite	3·5·133387
3242	2001154	2.402330195858e-10	4	2	composite	2·1000577
3243	2001261	2.402326887281e-10	8	3	composite	3·29·23003
3244	2001506	2.402326264181e-10	16	4	composite	2·13·23·3347
3245	2001211	2.402323950831e-10	2	1	prime	2001211 (prime)
3246	2001305	2.402323119081e-10	4	2	composite	5·400261
3247	2001197	2.402310429135e-10	4	2	composite	11·181927
3248	2001681	2.402308234483e-10	12	3	composite	3^2·11·20219
3249	2000331	2.402301732857e-10	12	3	composite	3^2·37·6007
3250	2000836	2.402298126711e-10	6	2	composite	2^2·500209
3251	2001199	2.402277878590e-10	2	1	prime	2001199 (prime)
3252	2000815	2.402253609585e-10	8	3	composite	5·17·23539
3253	2001191	2.402247193861e-10	2	1	prime	2001191 (prime)
3254	2002198	2.402240707398e-10	8	3	composite	2·11·91009
3255	2000125	2.402234621969e-10	8	2	composite	5^3·16001
3256	2000980	2.402231930024e-10	12	3	composite	2^2·5·100049
3257	2001187	2.402231438542e-10	4	2	composite	103·19429
3258	2001597	2.402229067321e-10	16	4	composite	3·13·17·3019
3259	2001171	2.402212344512e-10	8	3	composite	3·647·1031
3260	2001389	2.402206940757e-10	4	2	composite	13·153953
3261	2001179	2.402201119676e-10	2	1	prime	2001179 (prime)
3262	2001173	2.402176349415e-10	4	2	composite	569·3517
3263	2001933	2.402147031847e-10	6	2	composite	3^2·222437
3264	2001102	2.402146764140e-10	8	3	composite	2·3·333517
3265	2001163	2.402139707507e-10	2	1	prime	2001163 (prime)
3266	2000679	2.402139692716e-10	8	3	composite	3·17·39229
3267	2002435	2.402124852128e-10	8	3	composite	5·47·8521
3268	2000173	2.402123866297e-10	8	3	composite	7·163·1753
3269	2001766	2.402116725139e-10	8	3	composite	2·13·76991
3270	2001157	2.402115282043e-10	4	2	composite	353·5669
3271	2000788	2.402113862716e-10	6	2	composite	2^2·500197
3272	2000839	2.402105373856e-10	4	2	composite	23·86993
3273	2001094	2.402099903102e-10	4	2	composite	2·1000547
3274	2001151	2.402093086367e-10	4	2	composite	163·12277
3275	2001245	2.402092848851e-10	4	2	composite	5·400249
3276	2001170	2.402058427293e-10	8	3	composite	2·5·200117
3277	2001235	2.402054441753e-10	4	2	composite	5·400247
3278	2001082	2.402053841394e-10	4	2	composite	2·1000541
3279	2000676	2.402053677715e-10	12	3	composite	2^2·3·166723
3280	2001133	2.402023354099e-10	4	2	composite	431·4643
3281	2001074	2.402023154178e-10	4	2	composite	2·1000537
3282	2001479	2.402017829003e-10	4	2	composite	19·105341
3283	2001577	2.402008429475e-10	4	2	composite	31·64567
3284	2001337	2.402007364947e-10	4	2	composite	13·153949
3285	2001127	2.402001562634e-10	2	1	prime	2001127 (prime)
3286	2001215	2.401977700842e-10	4	2	composite	5·400243
3287	2002235	2.401974380868e-10	8	3	composite	5·41·9767
3288	2001109	2.401972666467e-10	4	2	composite	11·181919
3289	2001865	2.401961994419e-10	8	3	composite	5·43·9311
3290	2000117	2.401917414950e-10	4	2	composite	7·285731
3291	2000395	2.401910799996e-10	8	3	composite	5·59·6781
3292	2001311	2.401907593626e-10	4	2	composite	13·153947
3293	2001101	2.401901760363e-10	2	1	prime	2001101 (prime)
3294	2000685	2.401871316593e-10	8	3	composite	3·5·133379
3295	2001185	2.401862570107e-10	4	2	composite	5·400237
3296	2000716	2.401837470057e-10	6	2	composite	2^2·500179
3297	2001018	2.401824326724e-10	8	3	composite	2·3·333503
3298	2001079	2.401817314854e-10	2	1	prime	2001079 (prime)
3299	2000708	2.401806771964e-10	6	2	composite	2^2·500177
3300	2001063	2.401802247335e-10	4	2	composite	3·667021
3301	2001073	2.401794283694e-10	2	1	prime	2001073 (prime)
3302	2001014	2.401792836692e-10	4	2	composite	2·1000507
3303	2001057	2.401779214819e-10	4	2	composite	3·667019
3304	2000860	2.401771331662e-10	12	3	composite	2^2·5·100043
3305	2001067	2.401771261391e-10	2	1	prime	2001067 (prime)
3306	2000748	2.401758702613e-10	24	4	composite	2^2·3·137·1217
3307	2000540	2.401749176363e-10	24	4	composite	2^2·5·23·4349
3308	2000577	2.401748110877e-10	8	3	composite	3·17·39227
3309	2000692	2.401745328952e-10	6	2	composite	2^2·500173
3310	2001346	2.401732337450e-10	8	3	composite	2·19·52667
3311	2000770	2.401731147764e-10	16	4	composite	2·5·23·8699
3312	2001058	2.401726527802e-10	8	3	composite	2·29·34501
3313	2001403	2.401726194983e-10	4	2	composite	19·105337
3314	2000652	2.401724097245e-10	24	4	composite	2^2·3·29·5749
3315	2001043	2.401719365750e-10	4	2	composite	11·181913
3316	2001039	2.401710148724e-10	4	2	composite	3·667013
3317	2001657	2.401707894518e-10	8	3	composite	3·7·95317
3318	2000976	2.401702767949e-10	20	3	composite	2^4·3·41687
3319	2001049	2.401702166752e-10	2	1	prime	2001049 (prime)
3320	2000982	2.401686158284e-10	8	3	composite	2·3·333497
3321	2001019	2.401676867419e-10	8	3	composite	17·31·3797
3322	2001037	2.401656120459e-10	2	1	prime	2001037 (prime)
3323	2000668	2.401653209319e-10	6	2	composite	2^2·500167
3324	2000047	2.401648621951e-10	4	2	composite	7·285721
3325	2001233	2.401608252806e-10	4	2	composite	13·153941
3326	2000645	2.401601004690e-10	8	3	composite	5·17·23537
3327	2000958	2.401594039799e-10	8	3	composite	2·3·333493
3328	2000543	2.401571365201e-10	4	2	composite	17·117679
3329	2000946	2.401547975811e-10	8	3	composite	2·3·333491
3330	2001771	2.401525487585e-10	6	2	composite	3^2·222419
3331	2001598	2.401520875282e-10	16	4	composite	2·23·53·821
3332	2001095	2.401513641330e-10	8	3	composite	5·467·857
3333	2001327	2.401480716174e-10	8	3	composite	3·19·35111
3334	2001085	2.401478769899e-10	4	2	composite	5·400217
3335	2000989	2.401471881309e-10	2	1	prime	2000989 (prime)
3336	2000559	2.401471287470e-10	8	3	composite	3·11·60623
3337	2000458	2.401468722016e-10	12	3	composite	2·17^2·3461
3338	2000713	2.401457037261e-10	16	4	composite	11·13·17·823
3339	2000981	2.401440806146e-10	4	2	composite	103·19427
3340	2000612	2.401438216429e-10	6	2	composite	2^2·500153
3341	2000967	2.401433790098e-10	4	2	composite	3·666989
3342	2000914	2.401409009541e-10	4	2	composite	2·1000457
3343	2000969	2.401395119175e-10	2	1	prime	2000969 (prime)
3344	2001029	2.401390400208e-10	4	2	composite	29·69001
3345	2000906	2.401378321505e-10	4	2	composite	2·1000453
3346	2000963	2.401372077636e-10	2	1	prime	2000963 (prime)
3347	2000949	2.401364702270e-10	4	2	composite	3·666983
3348	2000959	2.401356727641e-10	2	1	prime	2000959 (prime)
3349	2001607	2.401334122896e-10	4	2	composite	43·46549
3350	2000953	2.401333708325e-10	2	1	prime	2000953 (prime)
3351	2000172	2.401326443714e-10	24	4	composite	2^2·3·23·7247
3352	2001831	2.401318681961e-10	8	3	composite	3·13·51329
3353	2000937	2.401318634039e-10	4	2	composite	3·666979
3354	2000933	2.401297145054e-10	4	2	composite	11·181903
3355	2001289	2.401288701931e-10	4	2	composite	19·105331
3356	2000941	2.401287642183e-10	2	1	prime	2000941 (prime)
3357	2001035	2.401286850262e-10	4	2	composite	5·400207
3358	2001065	2.401283767065e-10	8	3	composite	5·11·36383
3359	2000942	2.401281318181e-10	8	3	composite	2·29·34499
3360	2000939	2.401279965813e-10	2	1	prime	2000939 (prime)
3361	2000874	2.401271628006e-10	8	3	composite	2·3·333479
3362	2000611	2.401268321600e-10	8	3	composite	17·137·859
3363	2001164	2.401235733618e-10	12	3	composite	2^2·11·45481
3364	2000927	2.401233897400e-10	2	1	prime	2000927 (prime)
3365	2001934	2.401227971495e-10	8	3	composite	2·11·90997
3366	2001531	2.401224404718e-10	8	3	composite	3·7·95311
3367	2001365	2.401218656429e-10	8	3	composite	5·19·21067
3368	2000858	2.401194061394e-10	4	2	composite	2·1000429
3369	2001779	2.401191228119e-10	8	3	composite	13·43·3581
3370	2000441	2.401179784508e-10	4	2	composite	17·117673
3371	2000854	2.401178731830e-10	4	2	composite	2·1000427
3372	2000846	2.401148008152e-10	4	2	composite	2·1000423
3373	2001866	2.401145558748e-10	8	3	composite	2·41·24413
3374	2000903	2.401141776054e-10	2	1	prime	2000903 (prime)
3375	2000995	2.401133327168e-10	4	2	composite	5·400199
3376	2000436	2.401132303695e-10	12	3	composite	2^2·3·166703
3377	2000877	2.401088350011e-10	4	2	composite	3·666959
3378	2000407	2.401049227771e-10	4	2	composite	17·117671
3379	2000563	2.401045863722e-10	4	2	composite	23·86981
3380	2002098	2.401044926199e-10	32	5	composite	2·3·7·73·653
3381	2000818	2.401040531499e-10	4	2	composite	2·1000409
3382	2001077	2.401009541528e-10	4	2	composite	13·153929
3383	2000806	2.400994473036e-10	4	2	composite	2·1000403
3384	2001422	2.400993140926e-10	16	4	composite	2·19·31·1699
3385	2000863	2.400988267149e-10	2	1	prime	2000863 (prime)
3386	2001627	2.400972973545e-10	6	2	composite	3^2·222403
3387	2000794	2.400948409659e-10	4	2	composite	2·1000397
3388	2000945	2.400939565419e-10	8	3	composite	5·199·2011
3389	2000786	2.400917705681e-10	4	2	composite	2·1000393
3390	2000476	2.400916138608e-10	6	2	composite	2^2·500119
3391	2000662	2.400913029372e-10	24	4	composite	2·17·19^2·163
3392	2000870	2.400906957545e-10	8	3	composite	2·5·200087
3393	2000935	2.400903042469e-10	4	2	composite	5·400187
3394	2000757	2.400894796834e-10	16	4	composite	3·11·19·3191
3395	2000468	2.400877168102e-10	12	3	composite	2^2·349·1433
3396	2000811	2.400834998357e-10	4	2	composite	3·666937
3397	2000803	2.400831135496e-10	8	3	composite	7·53·5393
3398	2000762	2.400825587254e-10	4	2	composite	2·1000381
3399	2000452	2.400823993305e-10	6	2	composite	2^2·500113
3400	2000813	2.400796340135e-10	2	1	prime	2000813 (prime)
3401	2000444	2.400793271124e-10	6	2	composite	2^2·500111
3402	2000801	2.400790492532e-10	4	2	composite	11·181891
3403	2000807	2.400773317384e-10	2	1	prime	2000807 (prime)
3404	2001620	2.400767876043e-10	24	4	composite	2^2·5·41·2441
3405	2000742	2.400764946092e-10	8	3	composite	2·3·333457
3406	2000787	2.400742884224e-10	4	2	composite	3·666929
3407	2000471	2.400732150922e-10	8	3	composite	11·23·7907
3408	2000428	2.400731856132e-10	6	2	composite	2^2·500107
3409	2000734	2.400718105762e-10	4	2	composite	2·1000367
3410	2000361	2.400711135594e-10	8	3	composite	3·11·60617
3411	2000779	2.400706029792e-10	4	2	composite	11·181889
3412	2001137	2.400705378408e-10	4	2	composite	19·105323
3413	2000254	2.400686800207e-10	8	3	composite	2·17·58831
3414	2000316	2.400671597234e-10	12	3	composite	2^2·3·166693
3415	2001609	2.400668093998e-10	12	3	composite	3^2·29·7669
3416	2000777	2.400656352657e-10	4	2	composite	821·2437
3417	2000402	2.400652694217e-10	8	3	composite	2·23·43487
3418	2000773	2.400642481393e-10	4	2	composite	229·8737
3419	2000714	2.400641319586e-10	4	2	composite	2·1000357
3420	2000706	2.400626772737e-10	8	3	composite	2·3·333451
3421	2000767	2.400619765102e-10	2	1	prime	2000767 (prime)
3422	2001099	2.400605721326e-10	8	3	composite	3·19·35107
3423	2000751	2.400601135681e-10	8	3	composite	3·757·881
3424	2000688	2.400597302502e-10	20	3	composite	2^4·3·41681
3425	2000694	2.400580677972e-10	8	3	composite	2·3·333449
3426	2000753	2.400566023618e-10	2	1	prime	2000753 (prime)
3427	2001758	2.400552736686e-10	8	3	composite	2·11·90989
3428	2001635	2.400502235486e-10	8	3	composite	5·313·1279
3429	2000797	2.400499934807e-10	4	2	composite	29·68993
3430	2001501	2.400489546248e-10	6	2	composite	3^2·222389
3431	2000731	2.400481592641e-10	2	1	prime	2000731 (prime)
3432	2000666	2.400457088338e-10	4	2	composite	2·1000333
3433	2001743	2.400448973713e-10	4	2	composite	41·48823
3434	2000717	2.400427855332e-10	2	1	prime	2000717 (prime)
3435	2000609	2.400421415876e-10	8	3	composite	13·23·6691
3436	2000983	2.400421335633e-10	4	2	composite	61·32803
3437	2000703	2.400420451196e-10	4	2	composite	3·666901
3438	2001306	2.400419037996e-10	16	4	composite	2·3·43·7757
3439	2001061	2.400413716753e-10	4	2	composite	19·105319
3440	2000654	2.400405336473e-10	8	3	composite	2·701·1427
3441	2001753	2.400392676169e-10	20	3	composite	3^4·13·1901
3442	2000332	2.400363305576e-10	6	2	composite	2^2·500083
3443	2000855	2.400360478915e-10	8	3	composite	5·29·13799
3444	2000699	2.400358778062e-10	2	1	prime	2000699 (prime)
3445	2000634	2.400350392665e-10	8	3	composite	2·3·333439
3446	2001143	2.400342965190e-10	4	2	composite	31·64553
3447	2000693	2.400335737836e-10	2	1	prime	2000693 (prime)
3448	2000785	2.400327309185e-10	4	2	composite	5·400157
3449	2000689	2.400320373183e-10	2	1	prime	2000689 (prime)
3450	2000626	2.400303541761e-10	4	2	composite	2·1000313
3451	2000667	2.400282269278e-10	4	2	composite	3·666889
3452	2000203	2.400266022562e-10	4	2	composite	17·117659
3453	2001318	2.400260132477e-10	16	4	composite	2·3·11·30323
3454	2000265	2.400258897196e-10	8	3	composite	3·5·133351
3455	2000671	2.400251283972e-10	2	1	prime	2000671 (prime)
3456	2000606	2.400226781092e-10	4	2	composite	2·1000303
3457	2000598	2.400212185461e-10	8	3	composite	2·3·333433
3458	2000755	2.400212176388e-10	4	2	composite	5·400151
3459	2000869	2.400211219030e-10	4	2	composite	13·153913
3460	2000659	2.400205226123e-10	2	1	prime	2000659 (prime)
3461	2000653	2.400182170688e-10	2	1	prime	2000653 (prime)
3462	2000118	2.400180351094e-10	16	4	composite	2·3·17·19609
3463	2000276	2.400148306403e-10	6	2	composite	2^2·500069
3464	2000677	2.400148025286e-10	8	3	composite	7·41·6971
3465	2001411	2.400144206565e-10	6	2	composite	3^2·222379
3466	2000235	2.400143723781e-10	8	3	composite	3·5·133349
3467	2000582	2.400134650921e-10	4	2	composite	2·1000291
3468	2001661	2.400134378273e-10	4	2	composite	41·48821
3469	2001292	2.400130606826e-10	12	3	composite	2^2·41·12203
3470	2000639	2.400128449306e-10	2	1	prime	2000639 (prime)
3471	2000578	2.400119301756e-10	4	2	composite	2·1000289
3472	2000843	2.400111444232e-10	4	2	composite	13·153911
3473	2000633	2.400105420887e-10	2	1	prime	2000633 (prime)
3474	2001890	2.400092992682e-10	16	4	composite	2·5·11·18199
3475	2000629	2.400090074215e-10	2	1	prime	2000629 (prime)
3476	2000613	2.400075002784e-10	4	2	composite	3·666871
3477	2000562	2.400074020352e-10	8	3	composite	2·3·333427
3478	2001121	2.400069512600e-10	8	3	composite	17·53·2221
3479	2000566	2.400064764451e-10	8	3	composite	2·941·1063
3480	2000710	2.400056136748e-10	16	4	composite	2·5·29·6899
3481	2001263	2.400052754865e-10	8	3	composite	11·43·4231
3482	2000603	2.400030464286e-10	4	2	composite	11·181873
3483	2000148	2.400026596112e-10	12	3	composite	2^2·3·166679
3484	2002286	2.400010172841e-10	16	4	composite	2·11·13·7001
3485	2001777	2.400008465389e-10	8	3	composite	3·47·14197
3486	2002035	2.400006795165e-10	32	5	composite	3·5·7·23·829
3487	2000546	2.399996462160e-10	4	2	composite	2·1000273
3488	2000287	2.399986285830e-10	4	2	composite	23·86969
3489	2000630	2.399985767075e-10	8	3	composite	2·5·200063
3490	2000597	2.399967237485e-10	2	1	prime	2000597 (prime)
3491	2000228	2.399964020224e-10	6	2	composite	2^2·500057
3492	2000861	2.399953112504e-10	4	2	composite	61·32801
3493	2000163	2.399950972645e-10	8	3	composite	3·11·60611
3494	2000581	2.399946026657e-10	4	2	composite	11·181871
3495	2000380	2.399928727362e-10	12	3	composite	2^2·5·100019
3496	2000587	2.399927922385e-10	4	2	composite	317·6311
3497	2000373	2.399927655948e-10	16	4	composite	3·17·61·643
3498	2000571	2.399913783116e-10	4	2	composite	3·666857
3499	2000522	2.399902592450e-10	8	3	composite	2·271·3691
3500	2000514	2.399889751917e-10	8	3	composite	2·3·333419
3501	2000573	2.399875095043e-10	2	1	prime	2000573 (prime)
3502	2001579	2.399865835571e-10	8	3	composite	3·41·16273
3503	2000569	2.399859361272e-10	4	2	composite	103·19423
3504	2000506	2.399842915908e-10	4	2	composite	2·1000253
3505	2000420	2.399842812441e-10	24	4	composite	2^2·5·29·3449
3506	2000498	2.399812215049e-10	4	2	composite	2·1000249
3507	2000067	2.399790059589e-10	8	3	composite	3·17·39217
3508	2000539	2.399744581894e-10	2	1	prime	2000539 (prime)
3509	2001134	2.399743753480e-10	8	3	composite	2·43·23269
3510	2001303	2.399729809356e-10	6	2	composite	3^2·222367
3511	2000164	2.399718292710e-10	6	2	composite	2^2·500041
3512	2000814	2.399706364548e-10	16	4	composite	2·3·19·17551
3513	2000521	2.399675499839e-10	2	1	prime	2000521 (prime)
3514	2000615	2.399674805865e-10	4	2	composite	5·400123
3515	2000462	2.399674006199e-10	4	2	composite	2·1000231
3516	2001730	2.399673199778e-10	16	4	composite	2·5·47·4259
3517	2000519	2.399667820257e-10	2	1	prime	2000519 (prime)
3518	2000678	2.399649462739e-10	24	4	composite	2·23^2·31·61
3519	2000890	2.399648914358e-10	16	4	composite	2·5·19·10531
3520	2000135	2.399643047564e-10	8	3	composite	5·17·23531
3521	2000499	2.399635193084e-10	8	3	composite	3·163·4091
3522	2002245	2.399611240295e-10	16	4	composite	3·5·7·19069
3523	2000503	2.399606403275e-10	2	1	prime	2000503 (prime)
3524	2001683	2.399602051772e-10	4	2	composite	47·42589
3525	2000126	2.399593079522e-10	8	3	composite	2·23·43481
3526	2000487	2.399591333990e-10	4	2	composite	3·666829
3527	2000497	2.399583379155e-10	2	1	prime	2000497 (prime)
3528	2000028	2.399565855350e-10	12	3	composite	2^2·3·166669
3529	2000191	2.399557443167e-10	4	2	composite	239·8369
3530	2001494	2.399539906696e-10	8	3	composite	2·11·90977
3531	2000426	2.399535810089e-10	4	2	composite	2·1000213
3532	2000116	2.399534015789e-10	6	2	composite	2^2·500029
3533	2001249	2.399522616196e-10	6	2	composite	3^2·222361
3534	2000469	2.399522223195e-10	4	2	composite	3·666823
3535	2000422	2.399520443302e-10	4	2	composite	2·1000211
3536	2001439	2.399520340934e-10	8	3	composite	11·53·3433
3537	2000478	2.399515650847e-10	16	4	composite	2·3·29·11497
3538	2001497	2.399505179353e-10	4	2	composite	41·48817
3539	2000463	2.399499215258e-10	4	2	composite	3·666821
3540	2000415	2.399499139083e-10	16	4	composite	3·5·19·7019
3541	2000473	2.399489767067e-10	4	2	composite	739·2707
3542	2000004	2.399473703565e-10	12	3	composite	2^2·3·166667
3543	2001068	2.399469692233e-10	12	3	composite	2^2·53·9439
3544	2000055	2.399452631468e-10	8	3	composite	3·5·133337
3545	2001231	2.399452607047e-10	12	3	composite	3^2·229·971
3546	2000765	2.399450074330e-10	8	3	composite	5·13·30781
3547	2000031	2.399444177523e-10	8	3	composite	3·11·60607
3548	2000451	2.399442561473e-10	8	3	composite	3·353·1889
3549	2000260	2.399436636494e-10	24	4	composite	2^2·5·103·971
3550	2000398	2.399428339958e-10	4	2	composite	2·1000199
3551	2000545	2.399406127201e-10	4	2	composite	5·400109
3552	2000447	2.399391451292e-10	2	1	prime	2000447 (prime)
3553	2001802	2.399386388542e-10	16	4	composite	2·11·19·4789
3554	2000433	2.399384040794e-10	4	2	composite	3·666811
3555	2000382	2.399383049726e-10	8	3	composite	2·3·333397
3556	2000386	2.399382272178e-10	4	2	composite	2·1000193
3557	2000443	2.399371711630e-10	4	2	composite	1049·1907
3558	2000374	2.399336207812e-10	4	2	composite	2·1000187
3559	2001038	2.399323227389e-10	8	3	composite	2·13·76963
3560	2000429	2.399322340535e-10	2	1	prime	2000429 (prime)
3561	2000366	2.399305470753e-10	4	2	composite	2·1000183
3562	2000423	2.399299321968e-10	2	1	prime	2000423 (prime)
3563	2001027	2.399290412659e-10	8	3	composite	3·7·95287
3564	2000417	2.399276279212e-10	2	1	prime	2000417 (prime)
3565	2000396	2.399274137692e-10	12	3	composite	2^2·19·26321
3566	2000195	2.399271125648e-10	8	3	composite	5·23·17393
3567	2000413	2.399260925764e-10	2	1	prime	2000413 (prime)
3568	2001374	2.399257936142e-10	8	3	composite	2·41·24407
3569	2001054	2.399247068952e-10	16	4	composite	2·3·11·30319
3570	2000036	2.399226895146e-10	6	2	composite	2^2·500009
3571	2000342	2.399213364833e-10	4	2	composite	2·1000171
3572	2000393	2.399184166854e-10	2	1	prime	2000393 (prime)
3573	2000947	2.399175741892e-10	8	3	composite	13·19·8101
3574	2000515	2.399172740891e-10	8	3	composite	5·11·36373
3575	2000389	2.399168801108e-10	2	1	prime	2000389 (prime)
3576	2000387	2.399161118302e-10	2	1	prime	2000387 (prime)
3577	2002335	2.399159248709e-10	16	4	composite	3·5·131·1019
3578	2000410	2.399141305533e-10	8	3	composite	2·5·200041
3579	2000381	2.399138089527e-10	2	1	prime	2000381 (prime)
3580	2000986	2.399123681990e-10	8	3	composite	2·13·76961
3581	2000318	2.399121235667e-10	4	2	composite	2·1000159
3582	2001141	2.399108203415e-10	6	2	composite	3^2·222349
3583	2000057	2.399103272452e-10	4	2	composite	23·86959
3584	2000371	2.399099702038e-10	2	1	prime	2000371 (prime)
3585	2000465	2.399099023926e-10	4	2	composite	5·400093
3586	2000363	2.399068621261e-10	4	2	composite	103·19421
3587	2000298	2.399060586657e-10	8	3	composite	2·3·333383
3588	2000302	2.399059807473e-10	4	2	composite	2·1000151
3589	2001123	2.399039140405e-10	6	2	composite	3^2·222347
3590	2001362	2.399033450030e-10	8	3	composite	2·11·90971
3591	2000795	2.399031196601e-10	8	3	composite	5·19·21061
3592	2000353	2.399030622832e-10	2	1	prime	2000353 (prime)
3593	2000351	2.399022924821e-10	2	1	prime	2000351 (prime)
3594	2000617	2.399016615037e-10	4	2	composite	61·32797
3595	2000557	2.399013721575e-10	4	2	composite	13·153889
3596	2000532	2.398988556235e-10	24	4	composite	2^2·3·43·3877
3597	2000391	2.398987585288e-10	8	3	composite	3·29·22993
3598	2000435	2.398983873835e-10	4	2	composite	5·400087
3599	2000319	2.398946430426e-10	4	2	composite	3·666773
3600	2000329	2.398938483657e-10	2	1	prime	2000329 (prime)
3601	2000266	2.398921601256e-10	4	2	composite	2·1000133
3602	2000531	2.398913915776e-10	4	2	composite	13·153887
3603	2000321	2.398907761879e-10	2	1	prime	2000321 (prime)
3604	2000307	2.398900384319e-10	4	2	composite	3·666769
3605	2000277	2.398870454472e-10	12	3	composite	3^2·59·3767
3606	2000309	2.398861703111e-10	2	1	prime	2000309 (prime)
3607	2000643	2.398855628651e-10	8	3	composite	3·19·35099
3608	2000457	2.398846815955e-10	10	2	composite	3^4·24697
3609	2000303	2.398838666415e-10	2	1	prime	2000303 (prime)
3610	2000330	2.398834178701e-10	8	3	composite	2·5·200033
3611	2000242	2.398829462895e-10	4	2	composite	2·1000121
3612	2000513	2.398806931324e-10	8	3	composite	41·59·827
3613	2000293	2.398800275298e-10	2	1	prime	2000293 (prime)
3614	2000234	2.398798770868e-10	4	2	composite	2·1000117
3615	2000291	2.398792600344e-10	2	1	prime	2000291 (prime)
3616	2001260	2.398772050447e-10	24	4	composite	2^2·5·47·2129
3617	2000281	2.398754231148e-10	2	1	prime	2000281 (prime)
3618	2000279	2.398745424689e-10	4	2	composite	461·4339
3619	2000919	2.398740023317e-10	8	3	composite	3·43·15511
3620	2000681	2.398718763179e-10	8	3	composite	19·29·3631
3621	2000069	2.398709673148e-10	4	2	composite	211·9479
3622	2000269	2.398708171002e-10	2	1	prime	2000269 (prime)
3623	2000060	2.398700221816e-10	12	3	composite	2^2·5·100003
3624	2001033	2.398693760002e-10	6	2	composite	3^2·222337
3625	2000253	2.398693067448e-10	4	2	composite	3·666751
3626	2000202	2.398692035204e-10	8	3	composite	2·3·333367
3627	2000290	2.398680640493e-10	8	3	composite	2·5·200029
3628	2000261	2.398677442453e-10	2	1	prime	2000261 (prime)
3629	2000247	2.398670053178e-10	4	2	composite	3·666749
3630	2000198	2.398660577433e-10	4	2	composite	2·1000099
3631	2000859	2.398645702407e-10	8	3	composite	3·7·95279
3632	2000345	2.398638417746e-10	4	2	composite	5·400069
3633	2000249	2.398631373798e-10	2	1	prime	2000249 (prime)
3634	2000246	2.398609681311e-10	8	3	composite	2·29·34487
3635	2000335	2.398600040357e-10	4	2	composite	5·400067
3636	2001194	2.398586598177e-10	16	4	composite	2·13·19·4051
3637	2000227	2.398546921881e-10	2	1	prime	2000227 (prime)
3638	2000211	2.398531847202e-10	4	2	composite	3·666737
3639	2000221	2.398523895001e-10	2	1	prime	2000221 (prime)
3640	2000162	2.398522371124e-10	4	2	composite	2·1000081
3641	2000315	2.398517276305e-10	8	3	composite	5·229·1747
3642	2001009	2.398511019879e-10	8	3	composite	3·313·2131
3643	2000207	2.398510351890e-10	4	2	composite	11·181837
3644	2000199	2.398485769627e-10	4	2	composite	3·666733
3645	2000209	2.398477840680e-10	2	1	prime	2000209 (prime)
3646	2000230	2.398450306883e-10	8	3	composite	2·5·200023
3647	2000197	2.398426010178e-10	4	2	composite	1283·1559
3648	2000961	2.398417490481e-10	6	2	composite	3^2·222329
3649	2000181	2.398416670209e-10	4	2	composite	3·666727
3650	2000401	2.398414935225e-10	4	2	composite	13·153877
3651	2000189	2.398399163788e-10	4	2	composite	593·3373
3652	2000112	2.398386155462e-10	20	3	composite	2^4·3·41669
3653	2000177	2.398354974511e-10	2	1	prime	2000177 (prime)
3654	2000171	2.398330661345e-10	4	2	composite	421·4751
3655	2000157	2.398323074981e-10	8	3	composite	3·103·6473
3656	2000985	2.398314671587e-10	64	6	composite	3·5·7·17·19·59
3657	2000605	2.398301996243e-10	8	3	composite	5·19·21059
3658	2000255	2.398292925910e-10	4	2	composite	5·400051
3659	2000161	2.398292076902e-10	4	2	composite	467·4283
3660	2000094	2.398277447749e-10	8	3	composite	2·3·333349
3661	2000098	2.398272617917e-10	8	3	composite	2·353·2833
3662	2000153	2.398262846761e-10	2	1	prime	2000153 (prime)
3663	2001169	2.398246716063e-10	4	2	composite	41·48809
3664	2000139	2.398246711176e-10	8	3	composite	3·653·1021
3665	2000147	2.398239806124e-10	2	1	prime	2000147 (prime)
3666	2000143	2.398224473655e-10	2	1	prime	2000143 (prime)
3667	2000170	2.398219986903e-10	8	3	composite	2·5·200017
3668	2000907	2.398210252816e-10	6	2	composite	3^2·222323
3669	2000078	2.398199904627e-10	4	2	composite	2·1000039
3670	2000510	2.398190472376e-10	16	4	composite	2·5·19·10529
3671	2000830	2.398190235589e-10	16	4	composite	2·5·13·15391
3672	2000121	2.398186357049e-10	4	2	composite	3·666707
3673	2000074	2.398184531573e-10	4	2	composite	2·1000037
3674	2000119	2.398170289653e-10	8	3	composite	11·349·521
3675	2000733	2.398162169495e-10	8	3	composite	3·7·95273
3676	2000066	2.398153842674e-10	4	2	composite	2·1000033
3677	2000011	2.398125794636e-10	8	3	composite	13·23·6689
3678	2000149	2.398118568014e-10	12	3	composite	19·23^2·199
3679	2000323	2.398115526954e-10	4	2	composite	13·153871
3680	2000113	2.398109298776e-10	2	1	prime	2000113 (prime)
3681	2000092	2.398107127112e-10	12	3	composite	2^2·19·26317
3682	2002059	2.398097785041e-10	12	3	composite	3^2·47·4733
3683	2000046	2.398093180446e-10	8	3	composite	2·3·333341
3684	2000107	2.398086254654e-10	2	1	prime	2000107 (prime)
3685	2000091	2.398071176684e-10	4	2	composite	3·666697
3686	2000093	2.398032525348e-10	2	1	prime	2000093 (prime)
3687	2000973	2.398026634855e-10	8	3	composite	3·13·51307
3688	2000853	2.398003032346e-10	6	2	composite	3^2·222317
3689	2000022	2.398001046014e-10	8	3	composite	2·3·333337
3690	2000083	2.397994133490e-10	2	1	prime	2000083 (prime)
3691	2000081	2.397986456227e-10	2	1	prime	2000081 (prime)
3692	2000165	2.397947444286e-10	4	2	composite	5·400033
3693	2000674	2.397926353049e-10	8	3	composite	2·13·76949
3694	2000006	2.397923460522e-10	4	2	composite	2·1000003
3695	2000090	2.397912866522e-10	8	3	composite	2·5·200009
3696	2000049	2.397909948006e-10	4	2	composite	3·666683
3697	2000155	2.397909065869e-10	4	2	composite	5·400031
3698	2000644	2.397842533108e-10	12	3	composite	2^2·53·9437
3699	2000039	2.397825218382e-10	2	1	prime	2000039 (prime)
3700	2000799	2.397795806529e-10	6	2	composite	3^2·222311
3701	2000029	2.397786820873e-10	2	1	prime	2000029 (prime)
3702	2000013	2.397771741337e-10	4	2	composite	3·666671
3703	2000505	2.397745715167e-10	16	4	composite	3·5·13·10259
3704	2000658	2.397727382253e-10	16	4	composite	2·3·11·30313
3705	2000001	2.397725660671e-10	4	2	composite	3·666667
3706	2000014	2.397719099972e-10	8	3	composite	2·29·34483
3707	2000003	2.397687013958e-10	2	1	prime	2000003 (prime)
3708	2000030	2.397682559482e-10	8	3	composite	2·5·200003
3709	2000607	2.397678612471e-10	8	3	composite	3·7·95267
3710	2001087	2.397666878053e-10	48	5	composite	3^2·11·17·29·41
3711	2000282	2.397648683705e-10	8	3	composite	2·19·52639
3712	1999993	2.397648614188e-10	2	1	prime	1999993 (prime)
3713	2000595	2.397606969023e-10	16	4	composite	3·5·41·3253
3714	2000182	2.397571215707e-10	8	3	composite	2·31·32261
3715	2000065	2.397559876103e-10	8	3	composite	5·607·659
3716	2000301	2.397535787019e-10	12	3	composite	3·19^2·1847
3717	2000548	2.397534958866e-10	24	4	composite	2^2·11·19·2393
3718	2000885	2.397529508195e-10	16	4	composite	5·23·127·137
3719	2000427	2.397516902055e-10	16	4	composite	3·11·13·4663
3720	2000045	2.397486785072e-10	4	2	composite	5·400009
3721	2002153	2.397483680246e-10	8	3	composite	41·47·1039
3722	2002541	2.397461937039e-10	8	3	composite	23·83·1049
3723	2000245	2.397454165692e-10	8	3	composite	5·13·30773
3724	2001119	2.397438218157e-10	4	2	composite	47·42577
3725	2001895	2.397399412656e-10	12	3	composite	5·7^2·8171
3726	2000263	2.397350925809e-10	4	2	composite	19·105277
3727	2000518	2.397327637986e-10	8	3	composite	2·13·76943
3728	2000702	2.397266282006e-10	16	4	composite	2·11·211·431
3729	2000481	2.397195032656e-10	8	3	composite	3·7·95261
3730	2000240	2.397184254814e-10	40	4	composite	2^4·5·11·2273
3731	2000637	2.397174126194e-10	6	2	composite	3^2·222293
3732	2000878	2.397172609567e-10	16	4	composite	2·11·103·883
3733	2000129	2.397143490075e-10	4	2	composite	61·32789
3734	2001519	2.397128676812e-10	12	3	composite	3^2·13·17107
3735	2000489	2.397043893346e-10	4	2	composite	43·46523
3736	2000601	2.397035990425e-10	6	2	composite	3^2·222289
3737	2000834	2.397007498063e-10	8	3	composite	2·11·90947
3738	2000397	2.396872634647e-10	8	3	composite	3·7·95257
3739	2001166	2.396813625724e-10	16	4	composite	2·47·61·349
3740	2000111	2.396767485941e-10	4	2	composite	19·105269
3741	2000871	2.396737926174e-10	12	3	composite	3^2·19·11701
3742	2001177	2.396737140526e-10	12	3	composite	3^2·43·5171
3743	2001010	2.396716932613e-10	16	4	composite	2·5·11·18191
3744	2002490	2.396697279575e-10	16	4	composite	2·5·7·28607
3745	2000697	2.396680040572e-10	8	3	composite	3·53·12583
3746	2000759	2.396673524498e-10	4	2	composite	41·48799
3747	2000073	2.396667770766e-10	8	3	composite	3·19·35089
3748	2000746	2.396666296210e-10	16	4	composite	2·11·199·457
3749	2000379	2.396661251469e-10	16	4	composite	3·23·53·547
3750	2000274	2.396458521812e-10	16	4	composite	2·3·43·7753
3751	2002554	2.396378644852e-10	12	3	composite	2·3^2·111253
3752	2000837	2.396356230811e-10	4	2	composite	47·42571
3753	2000421	2.396345188499e-10	6	2	composite	3^2·222269
3754	2000591	2.396227657666e-10	4	2	composite	53·37747
3755	2000262	2.396207597935e-10	16	4	composite	2·3·11·30307
3756	2002458	2.396183315166e-10	16	4	composite	2·3·83·4021
3757	2000966	2.396179196013e-10	16	4	composite	2·11·19·4787
3758	2000743	2.395995558875e-10	4	2	composite	47·42569
3759	2002209	2.395919161624e-10	32	5	composite	3·11·17·43·83
3760	2000739	2.395856192072e-10	24	4	composite	3·13·29^2·61
3761	2000602	2.395679076702e-10	8	3	composite	2·47·21283
3762	2000482	2.395656785777e-10	8	3	composite	2·11·90931
3763	2001304	2.395646875037e-10	16	3	composite	2^3·97·2579
3764	2002210	2.395623755373e-10	16	4	composite	2·5·7·28603
3765	2001142	2.395622069608e-10	16	4	composite	2·11·13·6997
3766	2000485	2.395458907890e-10	8	3	composite	5·53·7549
3767	2000529	2.395425631378e-10	12	3	composite	3^2·19·11699
3768	2000019	2.395421820986e-10	8	3	composite	3·7·95239
3769	2001013	2.395373517062e-10	12	3	composite	7^2·97·421
3770	2000636	2.395285360016e-10	24	4	composite	2^2·11·41·1109
3771	2000845	2.395210988518e-10	16	4	composite	5·7·11·5197
3772	2000132	2.395062204819e-10	12	3	composite	2^2·47·10639
3773	2000193	2.395033356569e-10	8	3	composite	3·13·51287
3774	2000085	2.395029930532e-10	16	4	composite	3·5·47·2837
3775	2000555	2.394912469547e-10	8	3	composite	5·47·8513
3776	2002272	2.394816640789e-10	24	3	composite	2^5·3·20857
3777	2000882	2.394807939042e-10	16	4	composite	2·13·41·1877
3778	2000206	2.394795291585e-10	16	4	composite	2·13·19·4049
3779	2000267	2.394785502669e-10	4	2	composite	41·48787
3780	2002122	2.394722401644e-10	12	3	composite	2·3^2·111229
3781	2000114	2.394621616723e-10	8	3	composite	2·53·18869
3782	2002086	2.394584384125e-10	12	3	composite	2·3^2·111227
3783	2000174	2.394474809250e-10	8	3	composite	2·11·90917
3784	2000037	2.394434675182e-10	8	3	composite	3·13·51283
3785	2002043	2.394353380752e-10	4	2	composite	83·24121
3786	2001628	2.394171706424e-10	12	3	composite	2^2·83·6029
3787	2001790	2.394013347060e-10	16	4	composite	2·5·7·28597
3788	2000042	2.393968232108e-10	8	3	composite	2·11·90911
3789	2001906	2.393894241263e-10	12	3	composite	2·3^2·111217
3790	2000021	2.393841436539e-10	4	2	composite	41·48781
3791	2000179	2.393831324570e-10	4	2	composite	47·42557
3792	2000167	2.393799375200e-10	8	3	composite	13·53·2903
3793	2000007	2.393728256322e-10	12	3	composite	3^2·61·3643
3794	2000020	2.393694857960e-10	24	4	composite	2^2·5·11·9091
3795	2000915	2.393640524063e-10	12	3	composite	5·7^2·8167
3796	2002426	2.393612757833e-10	16	4	composite	2·23·101·431
3797	2000583	2.393537930975e-10	12	3	composite	3^2·13·17099
3798	2000038	2.393514747729e-10	8	3	composite	2·47·21277
3799	2001798	2.393480131975e-10	12	3	composite	2·3^2·111211
3800	2000649	2.393308379863e-10	16	4	composite	3·7·47·2027
3801	2002105	2.393209730393e-10	8	3	composite	5·7·57203
3802	2000461	2.393190417842e-10	8	3	composite	31·47·1373
3803	2001711	2.393126051100e-10	8	3	composite	3·83·8039
3804	2000337	2.392908150737e-10	16	4	composite	3·31·137·157
3805	2002315	2.392685009271e-10	16	4	composite	5·7·19·3011
3806	2001370	2.392402826907e-10	16	4	composite	2·5·7·28591
3807	2001462	2.392364455413e-10	16	4	composite	2·3·83·4019
3808	2000355	2.392361229285e-10	16	4	composite	3·5·7·19051
3809	2001811	2.392260649155e-10	16	4	composite	7·37·59·131
3810	2002446	2.392245002171e-10	24	4	composite	2·3^2·53·2099
3811	2002565	2.392185836330e-10	8	3	composite	5·97·4129
3812	2001438	2.392099747841e-10	12	3	composite	2·3^2·111191
3813	2001886	2.391968816769e-10	16	4	composite	2·17·97·607
3814	2001654	2.391899100844e-10	24	4	composite	2·3^2·61·1823
3815	2001504	2.391872056896e-10	24	3	composite	2^5·3·20849
3816	2001755	2.391867910007e-10	8	3	composite	5·7·57193
3817	2001366	2.391823659386e-10	12	3	composite	2·3^2·111187
3818	2001379	2.391807397876e-10	4	2	composite	83·24113
3819	2002274	2.391656593796e-10	8	3	composite	2·97·10321
3820	2002535	2.391611916815e-10	8	3	composite	5·157·2551
3821	2000367	2.391607595348e-10	12	3	composite	3^2·47·4729
3822	2000798	2.391604214174e-10	16	4	composite	2·17·83·709
3823	2001685	2.391599545080e-10	8	3	composite	5·7·57191
3824	2002494	2.391407142974e-10	16	4	composite	2·3·13·25673
3825	2002194	2.391087295909e-10	24	4	composite	2·3^2·41·2713
3826	2002177	2.391060819866e-10	4	2	composite	97·20641
3827	2001335	2.391021305649e-10	16	4	composite	5·7·211·271
3828	2000715	2.390817228647e-10	16	4	composite	3·5·83·1607
3829	2001130	2.390741873419e-10	16	4	composite	2·5·83·2411
3830	2001047	2.390534288137e-10	4	2	composite	83·24109
3831	2001983	2.390317258764e-10	4	2	composite	97·20639
3832	2001265	2.389989222312e-10	8	3	composite	5·7·57179
3833	2000881	2.389897678795e-10	4	2	composite	83·24107
3834	2002527	2.389631777627e-10	12	3	composite	3^2·101·2203
3835	2002026	2.389613540521e-10	16	4	composite	2·3·13·25667
3836	2001978	2.389565631039e-10	24	4	composite	2·3^2·11·10111
3837	2001315	2.389494074431e-10	16	4	composite	3·5·101·1321
3838	2002371	2.389473685000e-10	16	4	composite	3·7·97·983
3839	2001042	2.389248410076e-10	24	4	composite	2·3^2·19·5851
3840	2000682	2.389200626636e-10	12	3	composite	2·3^2·111149
3841	2001055	2.389184026010e-10	8	3	composite	5·7·57173
3842	2000530	2.389181339391e-10	16	4	composite	2·5·7·28579
3843	2001436	2.389170099445e-10	12	3	composite	2^2·157·3187
3844	2000574	2.388786416101e-10	12	3	composite	2·3^2·111143
3845	2000549	2.388624451602e-10	4	2	composite	83·24103
3846	2002123	2.388527633427e-10	8	3	composite	43·101·461
3847	2001595	2.388468044058e-10	8	3	composite	5·97·4127
3848	2000928	2.388328544133e-10	48	4	composite	2^5·3·19·1097
3849	2000894	2.388267969502e-10	16	4	composite	2·7·131·1091
3850	2001965	2.388168654314e-10	16	4	composite	5·7·47·1217
3851	2000034	2.387919160099e-10	24	4	composite	2·3^2·23·4831
3852	2000705	2.387841941906e-10	8	3	composite	5·7·57163
3853	2000286	2.387681861961e-10	12	3	composite	2·3^2·111127
3854	2000110	2.387570396599e-10	16	4	composite	2·5·7·28573
3855	2000326	2.387281262641e-10	16	4	composite	2·53·113·167
3856	2000178	2.387267613086e-10	12	3	composite	2·3^2·111121
3857	2000134	2.387256811359e-10	8	3	composite	2·83·12049
3858	2001113	2.387159442941e-10	4	2	composite	101·19813
3859	2000142	2.387129565665e-10	12	3	composite	2·3^2·111119
3860	2000043	2.386977350678e-10	24	4	composite	3^2·29·79·97
3861	2001342	2.386940483338e-10	32	5	composite	2·3·7·17·2803
3862	2001110	2.386859500123e-10	16	4	composite	2·5·97·2063
3863	2001122	2.386782660696e-10	8	3	composite	2·157·6373
3864	2000051	2.386714414194e-10	4	2	composite	83·24097
3865	2001789	2.386632742785e-10	12	3	composite	3^2·97·2293
3866	2000358	2.386625493292e-10	24	4	composite	2·3^2·19·5849
3867	2001246	2.386623832325e-10	16	4	composite	2·3·13·25657
3868	2000390	2.386523941229e-10	48	5	composite	2·5·7·17·41^2
3869	2001678	2.386426324505e-10	16	4	composite	2·3·7·47659
3870	2001594	2.386104409501e-10	16	4	composite	2·3·7·47657
3871	2001593	2.386045956942e-10	16	4	composite	11·19·61·157
3872	2000495	2.386007732911e-10	16	4	composite	5·7·61·937
3873	2000215	2.385962877814e-10	8	3	composite	5·7·57149
3874	2000819	2.385855169362e-10	4	2	composite	97·20627
3875	2000722	2.385707140681e-10	8	3	composite	2·97·10313
3876	2001714	2.385646456787e-10	32	5	composite	2·3·11·13·2333
3877	2000965	2.385594271001e-10	8	3	composite	5·157·2549
3878	2000305	2.385498824774e-10	16	4	composite	5·17·101·233
3879	2001426	2.385460550726e-10	16	4	composite	2·3·7·47653
3880	2000718	2.385429285317e-10	24	4	composite	2·3^2·41·2711
3881	2000237	2.385423087257e-10	8	3	composite	17·97·1213
3882	2001703	2.385210093027e-10	12	3	composite	11^2·71·233
3883	2001207	2.385167459969e-10	24	4	composite	3·13·23^2·97
3884	2000005	2.385157484590e-10	8	3	composite	5·7·57143
3885	2000204	2.385082589709e-10	12	3	composite	2^2·101·4951
3886	2002022	2.384863040208e-10	32	5	composite	2·11·17·53·101
3887	2001279	2.384834800521e-10	16	4	composite	3·7·157·607
3888	2000651	2.384753435778e-10	4	2	composite	157·12743
3889	2001156	2.384382816079e-10	48	5	composite	2^2·3·19·67·131
3890	2001844	2.384328237600e-10	24	4	composite	2^2·13·137·281
3891	2000140	2.384029636948e-10	24	4	composite	2^2·5·97·1031
3892	2001432	2.383722916266e-10	32	4	composite	2^3·3·89·937
3893	2000394	2.383493607228e-10	24	4	composite	2·3^2·11·10103
3894	2002429	2.383214981178e-10	24	4	composite	11^2·13·19·67
3895	2000838	2.383206891636e-10	16	4	composite	2·3·7·47639
3896	2000002	2.383123687413e-10	8	3	composite	2·101·9901
3897	2000154	2.382437472275e-10	16	4	composite	2·3·13·25643
3898	2000023	2.382345634943e-10	4	2	composite	157·12739
3899	2002204	2.382045030573e-10	12	3	composite	2^2·131·3821
3900	2002466	2.381866785911e-10	8	3	composite	2·131·7643
3901	1995841	2.381702583443e-10	2	1	prime	1995841 (prime)
3902	1995827	2.381648798627e-10	2	1	prime	1995827 (prime)
3903	2000418	2.381596945335e-10	16	4	composite	2·3·7·47629
3904	2001563	2.380515919671e-10	8	3	composite	17·281·419
3905	2000999	2.380060939190e-10	16	4	composite	7·11·13·1999
3906	2002073	2.379989825389e-10	16	4	composite	17·29·31·131
3907	2001549	2.379759047406e-10	16	4	composite	3·11·131·463
3908	2001918	2.379346014475e-10	32	5	composite	2·3·31·47·229
3909	2000103	2.378250869956e-10	32	5	composite	3·7·23·41·101
3910	2001945	2.377875833120e-10	24	4	composite	3·5·11^2·1103
3911	2001282	2.377870923265e-10	16	4	composite	2·3·281·1187
3912	2001418	2.377853077765e-10	8	3	composite	2·131·7639
3913	2001287	2.377128079101e-10	4	2	composite	131·15277
3914	2002187	2.377116975374e-10	6	2	composite	11^2·16547
3915	2002338	2.376978232590e-10	48	5	composite	2·3^2·13·43·199
3916	2001805	2.376397485320e-10	24	4	composite	5·13^2·23·103
3917	2002259	2.376259832565e-10	8	3	composite	7·31·9227
3918	2002481	2.376054367917e-10	18	3	composite	13^2·17^2·41
3919	2002021	2.375538684171e-10	8	3	composite	7·113·2531
3920	2000349	2.374762430197e-10	32	4	composite	3^3·13·41·139
3921	2001974	2.374683772302e-10	12	3	composite	2·13^2·5923
3922	2000501	2.374117252516e-10	4	2	composite	131·15271
3923	2000552	2.374048109127e-10	16	3	composite	2^3·113·2213
3924	2002088	2.373744155533e-10	16	3	composite	2^3·11·22751
3925	2001546	2.373697806826e-10	48	5	composite	2·3^2·17·31·211
3926	2000158	2.373554828436e-10	8	3	composite	2·281·3559
3927	2000239	2.373113558773e-10	4	2	composite	131·15269
3928	2002066	2.372765614686e-10	12	3	composite	2·11^2·8273
3929	2000632	2.372608557774e-10	32	4	composite	2^3·23·83·131
3930	2001682	2.372495576993e-10	16	4	composite	2·17·113·521
3931	2001795	2.372450430216e-10	16	4	composite	3·5·113·1181
3932	2002134	2.372440452808e-10	16	4	composite	2·3·113·2953
3933	2001064	2.372425688130e-10	32	4	composite	2^3·13·71·271
3934	2000763	2.372183492756e-10	12	3	composite	3^2·131·1697
3935	2000817	2.371916261660e-10	36	4	composite	3^2·7^2·13·349
3936	2000791	2.371682500851e-10	6	2	composite	13^2·11839
3937	2001736	2.371093065801e-10	48	4	composite	2^3·11·23^2·43
3938	2001267	2.371085530426e-10	20	3	composite	3^4·31·797
3939	2002273	2.370502323317e-10	8	3	composite	7·13·22003
3940	2001129	2.370406956395e-10	12	3	composite	3·13^2·3947
3941	2002322	2.370397299437e-10	16	4	composite	2·7·89·1607
3942	2001208	2.370375468798e-10	16	3	composite	2^3·11·22741
3943	2001908	2.370245775557e-10	24	4	composite	2^2·43·103·113
3944	2000399	2.370172081865e-10	8	3	composite	31·173·373
3945	2001569	2.370041976252e-10	4	2	composite	113·17713
3946	2001340	2.369790973947e-10	36	4	composite	2^2·5·11^2·827
3947	2001032	2.369701660968e-10	16	3	composite	2^3·11·22739
3948	2000372	2.369222983239e-10	18	3	composite	2^2·11^2·4133
3949	2000130	2.369206081622e-10	96	6	composite	2·3·5·11^2·19·29
3950	2001098	2.369060295033e-10	12	3	composite	2·11^2·8269
3951	2000009	2.368776594029e-10	6	2	composite	11^2·16529
3952	2000251	2.368679903789e-10	12	3	composite	11^2·61·271
3953	2001727	2.368413017993e-10	8	3	composite	7·13·21997
3954	2002064	2.368397202565e-10	20	3	composite	2^4·157·797
3955	2001117	2.368356715541e-10	8	3	composite	3·113·5903
3956	2001004	2.367951994870e-10	24	4	composite	2^2·19·113·233
3957	2001388	2.367492085799e-10	12	3	composite	2^2·509·983
3958	2000891	2.367446730664e-10	4	2	composite	113·17707
3959	2000997	2.367145474984e-10	16	3	composite	3^3·37·2003
3960	2002247	2.367099302214e-10	16	4	composite	13·29·47·113
3961	2002509	2.366676804774e-10	8	2	composite	3^3·74167
3962	2001181	2.366323493882e-10	8	3	composite	7·13·21991
3963	2000665	2.366220817524e-10	8	3	composite	5·113·3541
3964	2002347	2.366057207226e-10	8	2	composite	3^3·74161
3965	2002293	2.365850655460e-10	8	2	composite	3^3·74159
3966	2000231	2.365805197463e-10	8	3	composite	43·181·257
3967	2001896	2.365692134238e-10	16	3	composite	2^3·13·19249
3968	2002131	2.364995285726e-10	16	3	composite	3^3·29·2557
3969	2001897	2.364984548507e-10	24	4	composite	3^2·19·23·509
3970	2002023	2.364817905715e-10	8	2	composite	3^3·74149
3971	2001861	2.364198244150e-10	8	2	composite	3^3·74143
3972	2000879	2.364145970936e-10	4	2	composite	509·3931
3973	2001537	2.362958824911e-10	8	2	composite	3^3·74131
3974	2000889	2.362401727312e-10	16	3	composite	3^3·11·6737
3975	2000466	2.361209856878e-10	48	5	composite	2·3^2·13·83·103
3976	2000648	2.360917220933e-10	16	3	composite	2^3·13·19237
3977	2001909	2.360423503516e-10	16	4	composite	3·7·13·7333
3978	2000727	2.359859987385e-10	8	2	composite	3^3·74101
3979	1834784	2.359855346052e-10	24	3	composite	2^5·7·8191
3980	2000673	2.359653381436e-10	8	2	composite	3^3·74099
3981	2002356	2.359316766441e-10	18	3	composite	2^2·3^2·55621
3982	2001852	2.359180302635e-10	36	4	composite	2^2·3^2·17·3271
3983	2001582	2.359146689130e-10	36	4	composite	2·3^2·11^2·919
3984	2002284	2.359041529061e-10	18	3	composite	2^2·3^2·55619
3985	2000511	2.359033529358e-10	8	2	composite	3^3·74093
3986	2000024	2.358529312548e-10	16	3	composite	2^3·13·19231
3987	2001363	2.358335531700e-10	16	4	composite	3·7·13·7331
3988	2002219	2.358202376127e-10	8	3	composite	23·263·331
3989	2001966	2.357878784682e-10	32	5	composite	2·3·23·89·163
3990	2002158	2.357785703034e-10	40	4	composite	2·3^4·17·727
3991	2002406	2.357764779017e-10	16	4	composite	2·7·281·509
3992	2001051	2.357694157046e-10	16	3	composite	3^3·13·5701
3993	2001924	2.357665275326e-10	18	3	composite	2^2·3^2·55609
3994	2002233	2.357516688329e-10	8	3	composite	3·89·7499
3995	2000079	2.357380554871e-10	8	2	composite	3^3·74077
3996	2001788	2.357168586698e-10	12	3	composite	2^2·89·5623
3997	2002068	2.356891801506e-10	36	4	composite	2^2·3^2·19·2927
3998	2001708	2.356839469768e-10	18	3	composite	2^2·3^2·55603
3999	2001112	2.356386322990e-10	16	3	composite	2^3·31·8069
4000	2001276	2.356380520647e-10	36	4	composite	2^2·3^2·23·2417
4001	2000403	2.356126161887e-10	16	3	composite	3^3·43·1723
4002	2000622	2.356089857943e-10	24	4	composite	2·3·13^2·1973
4003	2000271	2.355937066885e-10	32	5	composite	3·7·13·17·431
4004	2001165	2.354932031481e-10	16	4	composite	3·5·89·1499
4005	2001204	2.354912489616e-10	18	3	composite	2^2·3^2·55589
4006	2001254	2.353951454940e-10	8	3	composite	2·89·11243
4007	2000008	2.353151157579e-10	24	3	composite	2^3·53^2·89
4008	2001820	2.352996559923e-10	24	4	composite	2^2·5·101·991
4009	2000987	2.352708376679e-10	4	2	composite	89·22483
4010	2001492	2.352324608058e-10	36	4	composite	2^2·3^2·53·1049
4011	2000364	2.352081988904e-10	24	4	composite	2^2·3·89·1873
4012	2000809	2.352027827852e-10	4	2	composite	89·22481
4013	2000556	2.351404878701e-10	36	4	composite	2^2·3^2·61·911
4014	2001258	2.351304969189e-10	36	4	composite	2·3^2·7^2·2269
4015	2000542	2.351229150715e-10	8	3	composite	2·89·11239
4016	2000439	2.349345933122e-10	24	4	composite	3^2·7·113·281
4017	2002480	2.348717105903e-10	20	3	composite	2^4·5·25031
4018	2000635	2.348018752466e-10	16	4	composite	5·7·13·4397
4019	2002482	2.347210608477e-10	40	4	composite	2·3^4·47·263
4020	2000370	2.346827786328e-10	32	5	composite	2·3·5·131·509
4021	2000856	2.346253941749e-10	96	5	composite	2^3·3·11^2·13·53
4022	2001877	2.345060944989e-10	8	3	composite	83·89·271
4023	2001136	2.344945668736e-10	20	3	composite	2^4·181·691
4024	2001213	2.344849477049e-10	32	4	composite	3^3·19·47·83
4025	2002282	2.344122742291e-10	8	3	composite	2·127·7883
4026	2001040	2.343216733385e-10	20	3	composite	2^4·5·25013
4027	2000560	2.343159235181e-10	40	4	composite	2^4·5·17·1471
4028	2002238	2.341629906958e-10	12	3	composite	2·7^2·20431
4029	2001266	2.340243131595e-10	8	3	composite	2·127·7879
4030	2002312	2.339262923856e-10	24	3	composite	2^3·13^2·1481
4031	2000758	2.338303049149e-10	8	3	composite	2·127·7877
4032	2001325	2.337773198340e-10	18	3	composite	5^2·17^2·277
4033	2002403	2.337660804985e-10	16	4	composite	13·23·37·181
4034	2001545	2.336781332292e-10	32	5	composite	5·7·13·53·83
4035	2000955	2.334488376379e-10	32	5	composite	3·5·11·67·181
4036	2000278	2.334146372739e-10	12	3	composite	2·7^2·20411
4037	2000347	2.332698112969e-10	4	2	composite	953·2099
4038	2002222	2.330588028263e-10	8	3	composite	2·181·5531
4039	2000232	2.330283278952e-10	48	4	composite	2^3·3^2·13·2137
4040	2001679	2.328296229054e-10	4	2	composite	181·11059
4041	2000593	2.327881189078e-10	8	3	composite	7·181·1579
4042	2001670	2.327501643184e-10	32	5	composite	2·5·11·31·587
4043	2002156	2.327398266273e-10	24	4	composite	2^2·13·139·277
4044	2001317	2.326915421138e-10	4	2	composite	181·11057
4045	2002041	2.326769810389e-10	12	3	composite	3^2·181·1229
4046	2001515	2.326001440493e-10	16	4	composite	5·31·37·349
4047	2000774	2.325064695434e-10	8	3	composite	2·181·5527
4048	2002445	2.323351789876e-10	8	3	composite	5·31·12919
4049	2002011	2.322509034758e-10	32	5	composite	3·11·19·31·103
4050	2002135	2.322170274308e-10	8	3	composite	5·31·12917
4051	2001942	2.321630228715e-10	32	4	composite	2·3^3·131·283
4052	2001145	2.321164528209e-10	16	4	composite	5·29·37·373
4053	2001343	2.320759566553e-10	8	3	composite	89·113·199
4054	2001205	2.318625345171e-10	8	3	composite	5·31·12911
4055	2001518	2.317202942441e-10	8	3	composite	2·373·2683
4056	2000115	2.316583190837e-10	36	4	composite	3^2·5·13^2·263
4057	2000585	2.316261733636e-10	8	3	composite	5·31·12907
4058	2002392	2.314441031374e-10	96	5	composite	2^3·3^2·7·29·137
4059	2002505	2.313168805752e-10	16	4	composite	5·19·107·197
4060	2000825	2.312105857601e-10	12	3	composite	5^2·163·491
4061	2001232	2.312046741856e-10	40	4	composite	2^4·19·29·227
4062	2001498	2.311798925266e-10	32	5	composite	2·3·19·97·181
4063	2001879	2.308937419018e-10	24	4	composite	3^2·11·73·277
4064	2001878	2.308837642690e-10	16	4	composite	2·19·139·379
4065	2001329	2.308251377358e-10	8	3	composite	11·31·5869
4066	2000275	2.307215830408e-10	24	4	composite	5^2·29·31·89
4067	2001618	2.307133915171e-10	32	4	composite	2·3^3·101·367
4068	2000425	2.306032013968e-10	36	4	composite	5^2·7^2·23·71
4069	2000647	2.305653835863e-10	8	3	composite	11·31·5867
4070	2002420	2.305120641857e-10	24	4	composite	2^2·5·7·14303
4071	2002545	2.305087299375e-10	12	3	composite	3^2·5·44501
4072	2002005	2.304802172916e-10	24	4	composite	3^2·5·17·2617
4073	2000075	2.304577652705e-10	24	4	composite	5^2·7·11·1039
4074	2002365	2.304402364270e-10	12	3	composite	3^2·5·44497
4075	2001972	2.304071345460e-10	24	4	composite	2^2·3·7·23833
4076	2000594	2.303601899613e-10	16	4	composite	2·17·29·2029
4077	2000082	2.303495087251e-10	24	4	composite	2·3·7^2·6803
4078	2001580	2.303446154900e-10	72	5	composite	2^2·5·7·17·29^2
4079	2001804	2.303431925803e-10	24	4	composite	2^2·3·7·23831
4080	2002095	2.303374915028e-10	12	3	composite	3^2·5·44491
4081	2001557	2.302344575588e-10	4	2	composite	331·6047
4082	2001468	2.302153075591e-10	24	4	composite	2^2·3·7·23827
4083	2001735	2.302004931232e-10	12	3	composite	3^2·5·44483
4084	2001226	2.301304004816e-10	8	3	composite	2·331·3023
4085	2000362	2.300357113094e-10	32	5	composite	2·7·13·29·379
4086	2002433	2.300053942501e-10	4	2	composite	277·7229
4087	2001555	2.300012126188e-10	24	4	composite	3^2·5·19·2341
4088	2000564	2.299943673569e-10	12	3	composite	2^2·331·1511
4089	2001020	2.299792476193e-10	24	4	composite	2^2·5·7·14293
4090	2000796	2.299595138807e-10	24	4	composite	2^2·3·7·23819
4091	2002367	2.299314037678e-10	4	2	composite	227·8821
4092	2000655	2.299073814436e-10	24	4	composite	3^2·5·23·1933
4093	2000725	2.298986954377e-10	12	3	composite	5^2·191·419
4094	2002525	2.298192636294e-10	12	3	composite	5^2·7·11443
4095	2001913	2.297587137136e-10	4	2	composite	227·8819
4096	2000233	2.297304724388e-10	4	2	composite	331·6043
4097	2001602	2.297111973099e-10	8	3	composite	2·277·3613
4098	2001686	2.296942695127e-10	8	3	composite	2·227·4409
4099	2000385	2.296866682151e-10	12	3	composite	3^2·5·44453
4100	2000205	2.296181510884e-10	12	3	composite	3^2·5·44449
4101	2001459	2.295903464813e-10	8	3	composite	3·227·2939
4102	2001475	2.294199232704e-10	12	3	composite	5^2·7·11437
4103	2001584	2.294105850281e-10	20	3	composite	2^4·13·9623
4104	2000324	2.292913834256e-10	12	3	composite	2^2·227·2203
4105	2000781	2.292786270784e-10	20	3	composite	3^4·17·1453
4106	2000336	2.292349492487e-10	40	4	composite	2^4·13·59·163
4107	2000771	2.292049567976e-10	8	3	composite	31·233·277
4108	2001316	2.291493213569e-10	12	3	composite	2^2·491·1019
4109	2002234	2.291197703411e-10	16	4	composite	2·13·53·1453
4110	2000214	2.291007069555e-10	20	3	composite	2·3^4·12347
4111	2000752	2.290941240765e-10	20	3	composite	2^4·13·9619
4112	2000538	2.288596965723e-10	40	4	composite	2·3^4·53·233
4113	2001005	2.287498490902e-10	16	4	composite	5·41·43·227
4114	2002264	2.287449629057e-10	32	4	composite	2^3·11·61·373
4115	2000453	2.286111154094e-10	24	4	composite	7·13^2·19·89
4116	2002257	2.285189369905e-10	12	3	composite	3^2·379·587
4117	2001499	2.285188982717e-10	4	2	composite	379·5281
4118	2001489	2.284847009752e-10	16	4	composite	3·7·191·499
4119	2001807	2.284575184308e-10	16	3	composite	3^3·151·491
4120	2000741	2.282307983226e-10	4	2	composite	379·5279
4121	2000217	2.280531330030e-10	16	4	composite	3·29·83·277
4122	2000176	2.279843917475e-10	20	3	composite	2^4·149·839
4123	2000494	2.279000499507e-10	16	4	composite	2·23·157·277
4124	2000141	2.275789220104e-10	16	4	composite	11·13·71·197
4125	2002556	2.275023869020e-10	12	3	composite	2^2·683·733
4126	2000929	2.273489178082e-10	8	3	composite	7·197·1451
4127	2001717	2.269930087565e-10	12	3	composite	3^2·197·1129
4128	2000720	2.269428908028e-10	40	4	composite	2^4·5·89·281
4129	2002544	2.269024375215e-10	20	3	composite	2^4·257·487
4130	1966123	2.267206277969e-10	2	1	prime	1966123 (prime)
4131	2002444	2.267037433530e-10	12	3	composite	2^2·191·2621
4132	1966079	2.267036329935e-10	2	1	prime	1966079 (prime)
4133	2002062	2.264445875499e-10	16	4	composite	2·3·191·1747
4134	2000368	2.261341562760e-10	40	4	composite	2^4·31·37·109
4135	2001107	2.260596674037e-10	4	2	composite	191·10477
4136	2000534	2.258640699406e-10	8	3	composite	2·191·5237
4137	2002374	2.257430221837e-10	32	4	composite	2·3^3·11·3371
4138	2001125	2.256512575275e-10	16	3	composite	5^3·7·2287
4139	2001726	2.255014098013e-10	32	4	composite	2·3^3·19·1951
4140	2001294	2.254671390434e-10	16	3	composite	2·3^3·37061
4141	2001078	2.253852588491e-10	16	3	composite	2·3^3·37057
4142	2000322	2.252730322707e-10	32	4	composite	2·3^3·17·2179
4143	2000646	2.252214911994e-10	16	3	composite	2·3^3·37049
4144	2000106	2.250167625271e-10	16	3	composite	2·3^3·37039
4145	2001649	2.247873812656e-10	8	3	composite	13·107·1439
4146	2002304	2.247330560778e-10	16	2	composite	2^7·15643
4147	2000901	2.246646028078e-10	16	4	composite	3·7·151·631
4148	2002048	2.246361255241e-10	16	2	composite	2^7·15641
4149	2000778	2.245011660006e-10	32	5	composite	2·3·13·113·227
4150	2001536	2.243140356631e-10	32	3	composite	2^7·19·823
4151	2000097	2.241269719394e-10	24	4	composite	3^2·11·89·227
4152	2000512	2.240544631942e-10	16	2	composite	2^7·15629
4153	2001402	2.239494460500e-10	32	4	composite	2·3^3·13·2851
4154	2000334	2.238576769266e-10	32	5	composite	2·3·7·97·491
4155	2001860	2.235818102173e-10	48	5	composite	2^2·5·7·79·181
4156	2001430	2.235630336638e-10	16	4	composite	2·5·263·761
4157	2001437	2.234930117463e-10	8	3	composite	23·173·503
4158	2001277	2.234463609082e-10	6	2	composite	71^2·397
4159	2000572	2.233755436508e-10	36	4	composite	2^2·7^2·59·173
4160	2002462	2.232172445717e-10	16	4	composite	2·7·11·13003
4161	2002154	2.231007953311e-10	16	4	composite	2·7·11·13001
4162	2001201	2.230348888399e-10	8	3	composite	3·461·1447
4163	2000219	2.229484702606e-10	8	3	composite	13·251·613
4164	2002163	2.229113267478e-10	8	3	composite	19·167·631
4165	2000210	2.227510722913e-10	16	4	composite	2·5·139·1439
4166	2001538	2.224899268728e-10	32	5	composite	2·7·11·41·317
4167	2002071	2.224104104812e-10	12	3	composite	3·41^2·397
4168	2001690	2.223483726145e-10	48	5	composite	2·3^2·5·23·967
4169	2001090	2.223268127576e-10	64	6	composite	2·3·5·7·13·733
4170	2001823	2.223202684711e-10	4	2	composite	733·2731
4171	14678272	2.223034694363e-10	36	3	composite	2^8·7·8191
4172	2001297	2.221866261974e-10	8	3	composite	3·773·863
4173	2002468	2.219850241582e-10	24	4	composite	2^2·13·97·397
4174	2000086	2.216605451691e-10	16	4	composite	2·11·229·397
4175	2001570	2.211714501616e-10	32	5	composite	2·3·5·137·487
4176	2000596	2.210869952148e-10	24	4	composite	2^2·13·79·487
4177	2001532	2.207357764141e-10	24	4	composite	2^2·13·61·631
4178	2001843	2.206497583574e-10	12	3	composite	3^2·347·641
4179	2002057	2.204469721255e-10	4	2	composite	487·4111
4180	2001083	2.204426150329e-10	8	3	composite	7·487·587
4181	2001024	2.203470031607e-10	80	3	composite	2^7·3^4·193
4182	2000109	2.203196835552e-10	12	3	composite	3·37^2·487
4183	2002253	2.200628093606e-10	8	3	composite	11·191·953
4184	2000270	2.198557205000e-10	16	4	composite	2·5·317·631
4185	2000922	2.197342059345e-10	64	6	composite	2·3·7·11·61·71
4186	2000614	2.197278492592e-10	24	4	composite	2·7·11^2·1181
4187	2002058	2.188051267930e-10	16	4	composite	2·23·71·613
4188	11532928	2.184276136060e-10	32	3	composite	2^7·11·8191
4189	2002147	2.183667585533e-10	8	3	composite	7·229·1249
4190	2000669	2.183211365240e-10	8	3	composite	11·239·761
4191	2001680	2.181637750726e-10	40	4	composite	2^4·5·131·191
4192	2002484	2.181372648849e-10	24	4	composite	2^2·11·71·641
4193	2001940	2.179034141778e-10	24	4	composite	2^2·5·199·503
4194	2001356	2.176382396138e-10	18	3	composite	2^2·7^2·10211
4195	2001445	2.174512653555e-10	8	3	composite	5·613·653
4196	2001152	2.165006577914e-10	18	2	composite	2^8·7817
4197	2000258	2.157933676076e-10	16	4	composite	2·13·107·719
4198	2000431	2.154654207255e-10	8	3	composite	41·97·503
4199	2000998	2.152654233000e-10	8	3	composite	2·523·1913
4200	2000934	2.150375156942e-10	48	5	composite	2·3^2·13·17·503
4201	2000570	2.146636712141e-10	32	5	composite	2·5·11·13·1399
4202	2001230	2.144665507049e-10	64	6	composite	2·5·7·11·23·113
4203	2000979	2.129765163419e-10	12	3	composite	3^2·223·997
4204	2002507	2.124156536936e-10	8	3	composite	13·31·4969
4205	2002070	2.119730563598e-10	32	5	composite	2·5·7·37·773
4206	2000524	2.119255484760e-10	12	3	composite	2^2·647·773
4207	2000898	2.118491135556e-10	24	4	composite	2·3^2·89·1249
4208	2001969	2.117085485506e-10	16	3	composite	3^3·53·1399
4209	2001696	2.116658016338e-10	48	4	composite	2^5·3·29·719
4210	2001408	2.112016760576e-10	40	3	composite	2^9·3·1303
4211	2001760	2.109565047411e-10	24	3	composite	2^5·5·12511
4212	2000480	2.104781185129e-10	24	3	composite	2^5·5·12503
4213	2002056	2.103325218201e-10	64	5	composite	2^3·3·7·17·701
4214	2000977	2.098994668076e-10	12	3	composite	11^2·23·719
4215	2001376	2.084498088330e-10	48	4	composite	2^5·13·17·283
4216	2000187	2.072500322008e-10	32	4	composite	3^3·7·19·557
4217	5765760	2.061547679498e-10	384	6	composite	2^7·3^2·5·7·11·13
4218	2000419	2.061340947358e-10	8	3	composite	67·73·409
4219	2000089	2.052242946459e-10	16	4	composite	7·13·31·709
4220	2000010	2.050200608394e-10	32	5	composite	2·3·5·163·409
4221	2001646	2.047234808681e-10	8	3	composite	2·409·2447
4222	2000828	2.045288964346e-10	12	3	composite	2^2·409·1223
4223	2001237	2.043357785782e-10	16	4	composite	3·7·233·409
4224	2001174	2.041915014021e-10	64	6	composite	2·3·7·29·31·53
4225	6094848	2.038103111722e-10	68	3	composite	2^16·3·31
4226	2002563	2.028417096408e-10	28	3	composite	3^6·41·67
4227	2000950	2.027384717908e-10	24	4	composite	2·5^2·7·5717
4228	2002042	2.024036223727e-10	24	4	composite	2·7^2·31·659
4229	2000964	2.018247697879e-10	72	5	composite	2^2·3·7^2·41·83
4230	910307	2.014625196588e-10	2	1	prime	910307 (prime)
4231	2002230	2.014234501095e-10	24	4	composite	2·3^2·5·22247
4232	910361	2.013708093237e-10	2	1	prime	910361 (prime)
4233	2002410	2.013667794580e-10	48	5	composite	2·3^2·5·19·1171
4234	2000070	2.012528065990e-10	48	5	composite	2·3^2·5·71·313
4235	2000610	2.008243500280e-10	24	4	composite	2·3^2·5·22229
4236	2002055	2.003113203234e-10	16	4	composite	5·11·89·409
4237	2002208	2.001426579528e-10	24	3	composite	2^5·13·4813
4238	2001870	2.000645650884e-10	96	6	composite	2·3^2·5·13·29·59
4239	2001368	1.998541172125e-10	32	4	composite	2^3·23·73·149
4240	2001048	1.995738082743e-10	64	5	composite	2^3·3·7·43·277
4241	2000180	1.995285812688e-10	72	5	composite	2^2·5·7^2·13·157
4242	2001348	1.989800475087e-10	72	4	composite	2^2·3^5·29·71
4243	2000909	1.988368210740e-10	8	3	composite	19·53·1987
4244	2000259	1.987144424206e-10	12	3	composite	3^2·109·2039
4245	2001070	1.985404361799e-10	32	5	composite	2·5·17·79·149
4246	2002411	1.982835504667e-10	8	3	composite	89·149·151
4247	2002528	1.982734579408e-10	24	3	composite	2^5·11·5689
4248	2002113	1.978413365820e-10	12	3	composite	3^2·149·1493
4249	2000921	1.975976778069e-10	8	3	composite	13·149·1033
4250	2000623	1.975391320027e-10	8	3	composite	29·149·463
4251	2002169	1.975142539030e-10	8	3	composite	13·233·661
4252	2000416	1.974953411173e-10	24	3	composite	2^5·11·5683
4253	2001508	1.974713120500e-10	12	3	composite	2^2·661·757
4254	2001200	1.973773782586e-10	30	3	composite	2^4·5^2·5003
4255	2002280	1.971364593224e-10	32	4	composite	2^3·5·7·7151
4256	2000847	1.971042728905e-10	8	3	composite	3·661·1009
4257	2000025	1.970175626416e-10	24	3	composite	3^3·5^2·2963
4258	2001517	1.967691891280e-10	16	4	composite	7·19·101·149
4259	5242240	1.960184442848e-10	32	3	composite	2^7·5·8191
4260	2001219	1.958679685097e-10	24	4	composite	3·11^2·37·149
4261	2000895	1.957708499017e-10	32	5	composite	3·5·13·31·331
4262	2001650	1.955672557303e-10	72	5	composite	2·5^2·7^2·19·43
4263	2000790	1.951702800329e-10	96	6	composite	2·3^2·5·11·43·47
4264	2000306	1.949454573154e-10	32	5	composite	2·7·11·31·419
4265	10403840	1.945068915404e-10	60	3	composite	2^14·5·127
4266	2000608	1.942290358644e-10	24	3	composite	2^5·101·619
4267	2001375	1.941084853856e-10	32	3	composite	3^3·5^3·593
4268	2000186	1.926249465934e-10	16	4	composite	2·17·89·661
4269	2001834	1.925732342491e-10	28	3	composite	2·3^6·1373
4270	13629824	1.922743243392e-10	32	3	composite	2^7·13·8191
4271	2001996	1.919205373193e-10	60	4	composite	2^2·3^4·37·167
4272	2000474	1.915938707139e-10	24	4	composite	2·7^2·137·149
4273	917381	1.897153997731e-10	2	1	prime	917381 (prime)
4274	917407	1.896732027971e-10	2	1	prime	917407 (prime)
4275	917471	1.895693655649e-10	2	1	prime	917471 (prime)
4276	2002465	1.895280358695e-10	8	3	composite	5·619·647
4277	917503	1.895174628637e-10	2	1	prime	917503 (prime)
4278	917513	1.895012460365e-10	2	1	prime	917513 (prime)
4279	2001944	1.889177134600e-10	24	3	composite	2^3·7^2·5107
4280	2001227	1.886881102036e-10	8	3	composite	53·61·619
4281	2000052	1.883732298751e-10	30	3	composite	2^2·3^4·6173
4282	2001692	1.876189952740e-10	48	5	composite	2^2·7·11·67·97
4283	1572852	1.874253214654e-10	12	3	composite	2^2·3·131071
4284	6422528	1.863313448278e-10	54	2	composite	2^17·7^2
4285	2000772	1.855609864023e-10	36	4	composite	2^2·3^2·149·373
4286	2001392	1.854312691649e-10	20	3	composite	2^4·43·2909
4287	2001774	1.852683432070e-10	32	5	composite	2·3·37·71·127
4288	2002428	1.850919549600e-10	24	3	composite	2^2·3^3·18541
4289	2002212	1.850136694339e-10	24	3	composite	2^2·3^3·18539
4290	2001076	1.849019065142e-10	48	5	composite	2^2·7·11·73·89
4291	2001564	1.845575718258e-10	48	4	composite	2^2·3^3·43·431
4292	2002317	1.843988256458e-10	16	4	composite	3·41·73·223
4293	2000484	1.843873770034e-10	24	3	composite	2^2·3^3·18523
4294	12484608	1.843603435497e-10	64	3	composite	2^15·3·127
4295	2000268	1.843090907511e-10	24	3	composite	2^2·3^3·18521
4296	2002094	1.841777929803e-10	12	3	composite	2·67^2·223
4297	2000533	1.829505599776e-10	4	2	composite	223·8971
4298	2000087	1.827892263089e-10	4	2	composite	223·8969
4299	2000310	1.824464563783e-10	64	6	composite	2·3·5·13·23·223
4300	2002298	1.824454102933e-10	8	3	composite	2·491·2039
4301	2001803	1.811338476210e-10	4	2	composite	163·12281
4302	2097152	1.791766446569e-10	22	1	composite	2^21
4303	2002240	1.788290862211e-10	28	3	composite	2^6·5·6257
4304	5046272	1.779548375282e-10	68	3	composite	2^16·7·11
4305	1835017	1.757050448657e-10	2	1	prime	1835017 (prime)
4306	1835003	1.756995788952e-10	2	1	prime	1835003 (prime)
4307	1834999	1.756980175465e-10	2	1	prime	1834999 (prime)
4308	1834993	1.756956756528e-10	2	1	prime	1834993 (prime)
4309	1834799	1.756199401094e-10	2	1	prime	1834799 (prime)
4310	1834783	1.756136953713e-10	2	1	prime	1834783 (prime)
4311	2001825	1.752559362527e-10	72	5	composite	3^2·5^2·7·31·41
4312	2002415	1.751105361498e-10	8	3	composite	5·557·719
4313	2000800	1.747926660394e-10	72	4	composite	2^5·5^2·41·61
4314	22888448	1.725953371754e-10	60	3	composite	2^14·11·127
4315	531441	1.719193898996e-10	13	1	composite	3^12
4316	5963776	1.714285573877e-10	68	3	composite	2^16·7·13
4317	2000080	1.714071890573e-10	40	4	composite	2^4·5·23·1087
4318	2002432	1.713052128073e-10	20	2	composite	2^9·3911
4319	2000916	1.709135988054e-10	48	4	composite	2^2·3^3·97·191
4320	2001871	1.707331684244e-10	8	3	composite	47·191·223
4321	2000384	1.705773406176e-10	20	2	composite	2^9·3907
4322	1820677	1.701081302311e-10	2	1	prime	1820677 (prime)
4323	1820671	1.701057887592e-10	2	1	prime	1820671 (prime)
4324	2001059	1.692013312535e-10	4	2	composite	1277·1567
4325	2000084	1.670672624199e-10	24	4	composite	2^2·17·67·439
4326	2002279	1.669618285754e-10	4	2	composite	439·4561
4327	2000962	1.659972119757e-10	16	4	composite	2·43·53·439
4328	2001401	1.650298019849e-10	8	3	composite	47·97·439
4329	2000523	1.647084007342e-10	24	4	composite	3·7^2·31·439
4330	2001846	1.640488444571e-10	48	5	composite	2·3·7^2·11·619
4331	2001202	1.638486467760e-10	16	4	composite	2·7·223·641
4332	2002308	1.636299034096e-10	72	5	composite	2^2·3·7·11^2·197
4333	2002028	1.627171151307e-10	24	4	composite	2^2·7·127·563
4334	2000775	1.627093045071e-10	48	5	composite	3·5^2·7·37·103
4335	2000864	1.626444609906e-10	24	3	composite	2^5·31·2017
4336	2000256	1.624753088341e-10	32	3	composite	2^7·3·5209
4337	2001167	1.611455095422e-10	8	3	composite	7·263·1087
4338	2001222	1.606414001229e-10	24	4	composite	2·3^2·73·1523
4339	2621420	1.590482215393e-10	12	3	composite	2^2·5·131071
4340	2002107	1.588197204728e-10	16	4	composite	3·17·37·1061
4341	16777216	1.578817549337e-10	25	1	composite	2^24
4342	2001046	1.575869521893e-10	16	4	composite	2·23·41·1061
4343	786426	1.571560038637e-10	8	3	composite	2·3·131071
4344	3669988	1.569528733896e-10	12	3	composite	2^2·7·131071
4345	2555904	1.564984955547e-10	68	3	composite	2^16·3·13
4346	5767124	1.559411378547e-10	12	3	composite	2^2·11·131071
4347	6815692	1.558326385493e-10	12	3	composite	2^2·13·131071
4348	8388608	1.552432956040e-10	24	1	composite	2^23
4349	33554368	1.546689759758e-10	14	2	composite	2^6·524287
4350	2002254	1.545959974996e-10	16	4	composite	2·3·307·1087
4351	4194304	1.533780356203e-10	23	1	composite	2^22
4352	1777687	1.533619168430e-10	2	1	prime	1777687 (prime)
4353	1777661	1.533518135312e-10	2	1	prime	1777661 (prime)
4354	33554176	1.531532698789e-10	18	2	composite	2^8·131071
4355	2001915	1.529632653706e-10	20	3	composite	3^4·5·4943
4356	2000064	1.526900685105e-10	56	4	composite	2^6·3·11·947
4357	2002185	1.490066623097e-10	16	3	composite	3^3·5·14831
4358	2000241	1.488888643269e-10	16	3	composite	3^3·23·3221
4359	2001645	1.488218418331e-10	16	3	composite	3^3·5·14827
4360	4587520	1.485754616394e-10	72	3	composite	2^17·5·7
4361	2000835	1.485446402682e-10	16	3	composite	3^3·5·14821
4362	2002192	1.466217998093e-10	30	3	composite	2^4·17^2·433
4363	2001759	1.455239103707e-10	16	4	composite	3·23·67·433
4364	3211264	1.450135327461e-10	51	2	composite	2^16·7^2
4365	2001326	1.447255365184e-10	8	3	composite	2·433·2311
4366	2001126	1.444995872780e-10	16	4	composite	2·3·197·1693
4367	2000508	1.429575039703e-10	24	4	composite	2^2·3·47·3547
4368	2000250	1.424372175408e-10	96	5	composite	2·3^2·5^3·7·127
4369	10092544	1.418400111177e-10	72	3	composite	2^17·7·11
4370	2002497	1.415593581898e-10	16	4	composite	3·7·167·571
4371	23068628	1.404341210808e-10	12	3	composite	2^2·11·524287
4372	2000784	1.402205180988e-10	40	4	composite	2^4·3·73·571
4373	2001960	1.399314161237e-10	96	5	composite	2^3·3^2·5·67·83
4374	2000520	1.397409863508e-10	48	4	composite	2^3·3^2·5·5557
4375	2001926	1.396050283991e-10	8	3	composite	2·571·1753
4376	11927552	1.393802785416e-10	72	3	composite	2^17·7·13
4377	2001355	1.393688166468e-10	8	3	composite	5·571·701
4378	27049984	1.372098847938e-10	60	3	composite	2^14·13·127
4379	2000213	1.363248531042e-10	8	3	composite	31·113·571
4380	2002080	1.362654725596e-10	96	5	composite	2^5·3·5·43·97
4381	2001160	1.357340152099e-10	48	4	composite	2^3·5·7^2·1021
4382	28442624	1.353417129666e-10	72	3	composite	2^17·7·31
4383	23068496	1.353035872844e-10	20	3	composite	2^4·11·131071
4384	2000339	1.333901716545e-10	16	4	composite	11·17·19·563
4385	13631384	1.322418935955e-10	16	3	composite	2^3·13·131071
4386	14680036	1.314777080260e-10	12	3	composite	2^2·7·524287
4387	46131712	1.312760604064e-10	40	3	composite	2^9·11·8191
4388	2001840	1.310235521696e-10	80	5	composite	2^4·3·5·19·439
4389	524288	1.267411318873e-10	20	1	composite	2^19
4390	2001465	1.266505222210e-10	24	4	composite	3^2·5·79·563
4391	2001472	1.264556270701e-10	28	3	composite	2^6·11·2843
4392	33554432	1.261627368997e-10	26	1	composite	2^25
4393	11534248	1.250776267004e-10	16	3	composite	2^3·11·131071
4394	1703941	1.249194472136e-10	2	1	prime	1703941 (prime)
4395	1703903	1.249049406496e-10	2	1	prime	1703903 (prime)
4396	1703731	1.248392821857e-10	2	1	prime	1703731 (prime)
4397	20316160	1.248347294099e-10	72	3	composite	2^17·5·31
4398	1703719	1.248347002731e-10	2	1	prime	1703719 (prime)
4399	2001128	1.222555052664e-10	16	3	composite	2^3·41·6101
4400	14679952	1.220244032008e-10	20	3	composite	2^4·7·131071
4401	2002400	1.214404177019e-10	36	3	composite	2^5·5^2·2503
4402	10485740	1.207927402002e-10	12	3	composite	2^2·5·524287
4403	22347776	1.201582175956e-10	68	3	composite	2^16·11·31
4404	1690651	1.198583442520e-10	2	1	prime	1690651 (prime)
4405	1690621	1.198469499563e-10	2	1	prime	1690621 (prime)
4406	2001613	1.197427737293e-10	4	2	composite	577·3469
4407	2001323	1.195712910081e-10	4	2	composite	197·10159
4408	2001272	1.185281592381e-10	32	4	composite	2^3·7·13·2749
4409	2001298	1.179828755945e-10	24	4	composite	2·13^2·31·191
4410	33550336	1.156922211588e-10	26	2	composite	2^12·8191
4411	2002224	1.154211124396e-10	80	5	composite	2^4·3·7·59·101
4412	23855104	1.153624007653e-10	76	3	composite	2^18·7·13
4413	25162752	1.151822611970e-10	44	3	composite	2^10·3·8191
4414	27262924	1.148342972417e-10	12	3	composite	2^2·13·524287
4415	1835008	1.133379220046e-10	38	2	composite	2^18·7
4416	7339976	1.124702328314e-10	16	3	composite	2^3·7·131071
4417	2000027	1.116956782528e-10	8	3	composite	31·149·433
4418	2001720	1.106675729624e-10	64	5	composite	2^3·3·5·7·2383
4419	44695552	1.102395416404e-10	72	3	composite	2^17·11·31
4420	20968960	1.101547212639e-10	40	3	composite	2^9·5·8191
4421	2000040	1.101417832294e-10	64	5	composite	2^3·3·5·7·2381
4422	6291444	1.099450847507e-10	12	3	composite	2^2·3·524287
4423	1663217	1.094998065829e-10	2	1	prime	1663217 (prime)
4424	1663183	1.094870508402e-10	2	1	prime	1663183 (prime)
4425	20971360	1.090245520871e-10	24	3	composite	2^5·5·131071
4426	20971480	1.089062705059e-10	16	3	composite	2^3·5·524287
4427	27262768	1.089019894332e-10	20	3	composite	2^4·13·131071
4428	20185088	1.082657595531e-10	76	3	composite	2^18·7·11
4429	13205504	1.076245786808e-10	64	3	composite	2^15·13·31
4430	27259648	1.072645632950e-10	36	3	composite	2^8·13·8191
4431	20447232	1.069684568463e-10	80	3	composite	2^19·3·13
4432	10485680	1.065872910559e-10	20	3	composite	2^4·5·131071
4433	17301504	1.061695442198e-10	80	3	composite	2^19·3·11
4434	1650703	1.048208355982e-10	2	1	prime	1650703 (prime)
4435	1650673	1.048096552651e-10	2	1	prime	1650673 (prime)
4436	46136992	1.044472301583e-10	24	3	composite	2^5·11·131071
4437	46137256	1.044390478576e-10	16	3	composite	2^3·11·524287
4438	4718592	1.043652994500e-10	60	2	composite	2^19·3^2
4439	5242840	1.040122205066e-10	16	3	composite	2^3·5·131071
4440	41937920	1.037786201044e-10	44	3	composite	2^10·5·8191
4441	2001420	1.033164902740e-10	36	4	composite	2^2·3^2·5·11119
4442	983063	1.032743534720e-10	2	1	prime	983063 (prime)
4443	2001060	1.032063906851e-10	36	4	composite	2^2·3^2·5·11117
4444	2000340	1.029862472921e-10	36	4	composite	2^2·3^2·5·11113
4445	13524992	1.027478866804e-10	56	3	composite	2^13·13·127
4446	47710208	1.018199399361e-10	80	3	composite	2^19·7·13
4447	25690112	1.007490403960e-10	60	2	composite	2^19·7^2
4448	12845056	1.000969748565e-10	57	2	composite	2^18·7^2
4449	40370176	9.970987460325e-11	80	3	composite	2^19·7·11
4450	12581376	9.894418016121e-11	40	3	composite	2^9·3·8191
4451	26411008	9.888288291514e-11	68	3	composite	2^16·13·31
4452	11173888	9.787271544154e-11	64	3	composite	2^15·11·31
4453	23065856	9.642288416881e-11	36	3	composite	2^8·11·8191
4454	2002050	9.632131387445e-11	48	4	composite	2·3^3·5^2·1483
4455	49938432	9.467774457601e-11	72	3	composite	2^17·3·127
4456	2000896	9.446522779239e-11	24	2	composite	2^11·977
4457	29360072	9.430013181098e-11	16	3	composite	2^3·7·524287
4458	7864320	9.249012805290e-11	80	3	composite	2^19·3·5
4459	29359904	9.213994241334e-11	24	3	composite	2^5·7·131071
4460	73513440	9.149210270655e-11	768	7	composite	2^5·3^3·5·7·11·13·17
4461	13631462	9.000269191762e-11	8	3	composite	2·13·524287
4462	45776896	8.973828468244e-11	64	3	composite	2^15·11·127
4463	524224	8.947588860078e-11	14	2	composite	2^6·8191
4464	10223616	8.894881710011e-11	76	3	composite	2^18·3·13
4465	997897	8.859712626942e-11	2	1	prime	997897 (prime)
4466	12582816	8.859257530451e-11	24	3	composite	2^5·3·131071
4467	997933	8.856338399809e-11	2	1	prime	997933 (prime)
4468	2001964	8.829091762126e-11	12	3	composite	2^2·149·3359
4469	1605677	8.828228033482e-11	2	1	prime	1605677 (prime)
4470	1605631	8.826565553112e-11	2	1	prime	1605631 (prime)
4471	41615360	8.787739770412e-11	68	3	composite	2^16·5·127
4472	6291408	8.754841473540e-11	20	3	composite	2^4·3·131071
4473	10158080	8.743261158760e-11	68	3	composite	2^16·5·31
4474	12582888	8.676056521194e-11	16	3	composite	2^3·3·524287
4475	2001184	8.635120868531e-11	24	3	composite	2^5·23·2719
4476	2001744	8.586956335069e-11	30	3	composite	2^4·3^2·13901
4477	262144	8.569445735899e-11	19	1	composite	2^18
4478	41942960	8.568206693042e-11	20	3	composite	2^4·5·524287
4479	11010048	8.292540730103e-11	80	3	composite	2^19·3·7
4480	18350080	8.242910040258e-11	80	3	composite	2^19·5·7
4481	11534314	8.192801326488e-11	8	3	composite	2·11·524287
4482	41942720	8.137863311681e-11	28	3	composite	2^6·5·131071
4483	40632320	8.032946475655e-11	76	3	composite	2^18·5·31
4484	48758784	8.012203908424e-11	80	3	composite	2^19·3·31
4485	9175040	7.984153477249e-11	76	3	composite	2^18·5·7
4486	11444224	7.922592255156e-11	56	3	composite	2^13·11·127
4487	10484480	7.910221864839e-11	36	3	composite	2^8·5·8191
4488	2001939	7.801412394348e-11	8	3	composite	3·79·8447
4489	1572869	7.659269954806e-11	2	1	prime	1572869 (prime)
4490	1572853	7.658708508727e-11	2	1	prime	1572853 (prime)
4491	1572841	7.658287649511e-11	2	1	prime	1572841 (prime)
4492	1572677	7.652534738680e-11	2	1	prime	1572677 (prime)
4493	1572647	7.651482542017e-11	2	1	prime	1572647 (prime)
4494	3145704	7.603385482276e-11	16	3	composite	2^3·3·131071
4495	20807680	7.573912449653e-11	64	3	composite	2^15·5·127
4496	2000152	7.495346203423e-11	64	5	composite	2^3·7·11·17·191
4497	8650752	7.464532506806e-11	76	3	composite	2^18·3·11
4498	2001674	7.395316424435e-11	8	3	composite	2·397·2521
4499	1015769	7.290323365752e-11	2	1	prime	1015769 (prime)
4500	1015813	7.286713021936e-11	2	1	prime	1015813 (prime)
4501	1560589	7.231221540882e-11	2	1	prime	1560589 (prime)
4502	1560569	7.230529022213e-11	2	1	prime	1560569 (prime)
4503	6290688	7.183866652937e-11	36	3	composite	2^8·3·8191
4504	5722112	7.175761905052e-11	52	3	composite	2^12·11·127
4505	8323072	7.157389978532e-11	34	2	composite	2^16·127
4506	25165632	6.814285105781e-11	28	3	composite	2^6·3·131071
4507	25165776	6.737267216080e-11	20	3	composite	2^4·3·524287
4508	887040	6.669861223989e-11	216	5	composite	2^8·3^2·5·7·11
4509	3145344	6.421441687013e-11	32	3	composite	2^7·3·8191
4510	7340018	6.148494760382e-11	8	3	composite	2·7·524287
4511	2001168	6.147861594551e-11	60	4	composite	2^4·3^2·13·1069
4512	6602752	6.030396870898e-11	60	3	composite	2^14·13·31
4513	1523737	5.983351620125e-11	2	1	prime	1523737 (prime)
4514	1523707	5.982360454874e-11	2	1	prime	1523707 (prime)
4515	6814912	5.903985609684e-11	28	3	composite	2^6·13·8191
4516	2000459	5.792971559987e-11	4	2	composite	577·3467
4517	2001036	5.754396088500e-11	36	4	composite	2^2·3·17^2·577
4518	2002190	5.532939291269e-11	16	4	composite	2·5·347·577
4519	5079040	5.472736735201e-11	64	3	composite	2^15·5·31
4520	1040381	5.451650086945e-11	2	1	prime	1040381 (prime)
4521	1040387	5.451244219829e-11	2	1	prime	1040387 (prime)
4522	2000406	5.406173648694e-11	16	4	composite	2·3·101·3301
4523	5766464	5.349909869085e-11	28	3	composite	2^6·11·8191
4524	24379392	5.325519512991e-11	76	3	composite	2^18·3·31
4525	5586944	5.252539683309e-11	60	3	composite	2^14·11·31
4526	1496917	5.115350443437e-11	2	1	prime	1496917 (prime)
4527	1496837	5.112818482711e-11	2	1	prime	1496837 (prime)
4528	2000880	5.028346107395e-11	120	5	composite	2^4·3^2·5·7·397
4529	2000960	4.993826306027e-11	84	4	composite	2^6·5·13^2·37
4530	1490953	4.927569012478e-11	2	1	prime	1490953 (prime)
4531	1490941	4.927193119435e-11	2	1	prime	1490941 (prime)
4532	1048447	4.923637088035e-11	2	1	prime	1048447 (prime)
4533	1048559	4.916550213453e-11	2	1	prime	1048559 (prime)
4534	1048571	4.915791272768e-11	2	1	prime	1048571 (prime)
4535	1048573	4.915665000974e-11	2	1	prime	1048573 (prime)
4536	1048583	4.915032648223e-11	2	1	prime	1048583 (prime)
4537	4063232	4.824198581879e-11	36	2	composite	2^17·31
4538	2000826	4.598821053752e-11	24	4	composite	2·3^2·29·3833
4539	2001120	4.580338310083e-11	96	5	composite	2^5·3·5·11·379
4540	5242870	4.229137202469e-11	8	3	composite	2·5·524287
4541	2002237	4.197133072906e-11	4	2	composite	1069·1873
4542	2000099	4.150451038932e-11	4	2	composite	1069·1871
4543	1572672	4.107257707309e-11	28	3	composite	2^6·3·8191
4544	14221312	4.067641261113e-11	68	3	composite	2^16·7·31
4545	2000460	3.996863227125e-11	96	6	composite	2^2·3·5·7·11·433
4546	3407846	3.982073654213e-11	8	3	composite	2·13·131071
4547	1015808	3.971582668588e-11	32	2	composite	2^15·31
4548	29130752	3.876387856309e-11	64	3	composite	2^15·7·127
4549	5201920	3.681966462965e-11	56	3	composite	2^13·5·127
4550	2002111	3.603353451658e-11	4	2	composite	197·10163
4551	1441807	3.464550251830e-11	2	1	prime	1441807 (prime)
4552	1441771	3.463539416744e-11	2	1	prime	1441771 (prime)
4553	1441633	3.459665545884e-11	2	1	prime	1441633 (prime)
4554	1441603	3.458823487743e-11	2	1	prime	1441603 (prime)
4555	1441459	3.454783089320e-11	2	1	prime	1441459 (prime)
4556	1441439	3.454222030754e-11	2	1	prime	1441439 (prime)
4557	1430543	3.153104611423e-11	2	1	prime	1430543 (prime)
4558	1430521	3.152506005965e-11	2	1	prime	1430521 (prime)
4559	1081079	3.124044521396e-11	2	1	prime	1081079 (prime)
4560	1081097	3.123190909705e-11	2	1	prime	1081097 (prime)
4561	2000700	3.120894440280e-11	180	5	composite	2^2·3^4·5^2·13·19
4562	1081337	3.111823272081e-11	2	1	prime	1081337 (prime)
4563	1081351	3.111160921553e-11	2	1	prime	1081351 (prime)
4564	2883562	2.921786459569e-11	8	3	composite	2·11·131071
4565	3932160	2.686733025637e-11	76	3	composite	2^18·3·5
4566	2002305	2.504338901803e-11	16	4	composite	3·5·29·4603
4567	1396751	2.281657890013e-11	2	1	prime	1396751 (prime)
4568	1396723	2.280978148550e-11	2	1	prime	1396723 (prime)
4569	2002350	2.157042130530e-11	48	5	composite	2·3·5^2·7·1907
4570	2621120	2.104861327845e-11	28	3	composite	2^6·5·8191
4571	1386013	2.026471964859e-11	2	1	prime	1386013 (prime)
4572	1385987	2.025867831913e-11	2	1	prime	1385987 (prime)
4573	1048568	2.001076478021e-11	8	2	composite	2^3·131071
4574	688128	1.993355852674e-11	64	3	composite	2^15·3·7
4575	1108781	1.974365343955e-11	2	1	prime	1108781 (prime)
4576	1108801	1.973648604396e-11	2	1	prime	1108801 (prime)
4577	24969216	1.882201953936e-11	68	3	composite	2^16·3·127
4578	2002104	1.808794170742e-11	128	5	composite	2^3·3^3·13·23·31
4579	1376257	1.804577054646e-11	2	1	prime	1376257 (prime)
4580	1376237	1.804132216555e-11	2	1	prime	1376237 (prime)
4581	6762496	1.800845519415e-11	52	3	composite	2^12·13·127
4582	2001001	1.722665192862e-11	4	2	composite	281·7121
4583	2001856	1.717900065864e-11	28	3	composite	2^6·31·1009
4584	7340032	1.716828782400e-11	42	2	composite	2^20·7
4585	2096896	1.702859708571e-11	18	2	composite	2^8·8191
4586	2000357	1.571597331917e-11	4	2	composite	733·2729
4587	2000196	1.528936773470e-11	36	4	composite	2^2·3^2·11·5051
4588	33292288	1.502803840404e-11	38	2	composite	2^18·127
4589	2000058	1.447658268350e-11	16	4	composite	2·3·31·10753
4590	2001888	1.373862695040e-11	96	4	composite	2^5·3^3·7·331
4591	2000732	1.366496721928e-11	12	3	composite	2^2·197·2539
4592	524284	1.266407825096e-11	6	2	composite	2^2·131071
4593	2097136	1.234592161074e-11	10	2	composite	2^4·131071
4594	2001980	1.218126275801e-11	24	4	composite	2^2·5·31·3229
4595	16646144	1.142382835120e-11	36	2	composite	2^17·127
4596	2000440	1.058379430062e-11	32	4	composite	2^3·5·13·3847
4597	2001384	1.047152156656e-11	144	5	composite	2^3·3^2·7·11·19^2
4598	2600960	1.031592514368e-11	52	3	composite	2^12·5·127
4599	4161536	1.017420697617e-11	32	2	composite	2^15·127
4600	8126464	9.910558449166e-12	38	2	composite	2^18·31
4601	16252928	9.598594727178e-12	40	2	composite	2^19·31
4602	3145722	9.375823431821e-12	8	3	composite	2·3·524287
4603	1330577	9.066861986648e-12	2	1	prime	1330577 (prime)
4604	1330559	9.063826070038e-12	2	1	prime	1330559 (prime)
4605	1572864	8.783955482611e-12	40	2	composite	2^19·3
4606	1146877	8.749173339623e-12	2	1	prime	1146877 (prime)
4607	1146881	8.748280541419e-12	2	1	prime	1146881 (prime)
4608	2000600	8.416054989704e-12	48	4	composite	2^3·5^2·7·1429
4609	4194296	8.035236698225e-12	8	2	composite	2^3·524287
4610	2000400	7.725474493198e-12	60	4	composite	2^4·3·5^2·1667
4611	1048448	7.408677863644e-12	16	2	composite	2^7·8191
4612	4194272	6.936592126041e-12	12	2	composite	2^5·131071
4613	29356544	6.880307666812e-12	40	3	composite	2^9·7·8191
4614	4193792	6.400209406622e-12	20	2	composite	2^9·8191
4615	3	6.210139286628e-12	2	1	prime	3 (prime)
4616	1310719	5.985500474603e-12	2	1	prime	1310719 (prime)
4617	1310693	5.981829436072e-12	2	1	prime	1310693 (prime)
4618	1310579	5.965743453211e-12	2	1	prime	1310579 (prime)
4619	1310549	5.961512963887e-12	2	1	prime	1310549 (prime)
4620	2000970	5.397256592718e-12	32	4	composite	2·3^3·5·7411
4621	8388544	4.826405371422e-12	14	2	composite	2^6·131071
4622	1300487	4.617707392816e-12	2	1	prime	1300487 (prime)
4623	1300477	4.616447102381e-12	2	1	prime	1300477 (prime)
4624	2001520	4.240485784402e-12	40	4	composite	2^4·5·127·197
4625	1834994	4.104692179656e-12	8	3	composite	2·7·131071
4626	8388592	3.848039799363e-12	10	2	composite	2^4·524287
4627	2000430	3.587392385967e-12	64	5	composite	2·3^3·5·31·239
4628	1310710	3.515086237748e-12	8	3	composite	2·5·131071
4629	2001552	3.200379610552e-12	120	5	composite	2^4·3·7^2·23·37
4630	1179641	3.087298675383e-12	2	1	prime	1179641 (prime)
4631	1179649	3.086296954032e-12	2	1	prime	1179649 (prime)
4632	2097148	3.072460720507e-12	6	2	composite	2^2·524287
4633	1048576	2.303923064879e-12	21	1	composite	2^20
4634	2001921	2.201151455098e-12	8	3	composite	3·101·6607
4635	1277957	2.180638417858e-12	2	1	prime	1277957 (prime)
4636	1277911	2.176515482202e-12	2	1	prime	1277911 (prime)
4637	3670016	1.945774875502e-12	40	2	composite	2^19·7
4638	1269797	1.506410687552e-12	2	1	prime	1269797 (prime)
4639	1269757	1.503392579088e-12	2	1	prime	1269757 (prime)
4640	2000640	1.041149830662e-12	72	4	composite	2^8·3·5·521
4641	1261571	9.462202619328e-13	2	1	prime	1261571 (prime)
4642	1261567	9.459777763656e-13	2	1	prime	1261567 (prime)
4643	7110656	6.317729330212e-13	64	3	composite	2^15·7·31
4644	16777088	5.804229420078e-13	16	2	composite	2^7·131071
4645	2539520	5.486246699133e-13	60	3	composite	2^14·5·31
4646	16775168	4.983727169820e-13	24	2	composite	2^11·8191
4647	54054000	4.640974182295e-13	640	6	composite	2^4·3^3·5^3·7·11·13
4648	8387584	4.450720507104e-13	22	2	composite	2^10·8191
4649	16777184	2.357656896004e-13	12	2	composite	2^5·524287
4650	3145728	1.812227936069e-13	42	2	composite	2^20·3
4651	2000137	1.191223136060e-13	4	2	composite	929·2153
4652	2000483	8.080167678334e-14	4	2	composite	397·5039
4653	2001105	4.697779784850e-14	36	3	composite	3^8·5·61
4654	2359296	3.586730542552e-14	57	2	composite	2^18·3^2
4655	5505024	3.569560676037e-14	76	3	composite	2^18·3·7
4656	2000145	2.742390854009e-14	32	5	composite	3·5·7·43·443
4657	2000588	1.498160745861e-14	12	3	composite	2^2·443·1129
4658	2001031	1.392641548184e-14	4	2	composite	443·4517
4659	2001917	1.002649842691e-14	4	2	composite	443·4519
4660	2001474	3.278382695536e-15	24	4	composite	2·3^2·251·443
4661	2002360	7.622496251229e-16	32	4	composite	2^3·5·113·443
4662	2002290	2.885419372928e-18	32	5	composite	2·3·5·31·2153
