rank	k	weight	d_k	omega	is_prime	factors
1	448	1.505678078648e-1	14	2	composite	2^6·7
2	600	1.210621657151e-1	24	3	composite	2^3·3·5^2
3	540	7.049954805167e-2	24	3	composite	2^2·3^3·5
4	449	6.131545630007e-2	2	1	prime	449 (prime)
5	896	5.361879112375e-2	16	2	composite	2^7·7
6	541	3.799862702645e-2	2	1	prime	541 (prime)
7	1200	3.462859542203e-2	30	3	composite	2^4·3·5^2
8	1800	3.225663017897e-2	36	3	composite	2^3·3^2·5^2
9	1344	2.937519072681e-2	28	3	composite	2^6·3·7
10	2240	2.901564501568e-2	28	3	composite	2^6·5·7
11	601	2.852208903908e-2	2	1	prime	601 (prime)
12	4200	2.309822095890e-2	48	4	composite	2^3·3·5^2·7
13	1080	1.807936510122e-2	32	3	composite	2^3·3^3·5
14	3136	1.720057511804e-2	21	2	composite	2^6·7^2
15	4928	1.707462160540e-2	28	3	composite	2^6·7·11
16	599	1.641599535268e-2	2	1	prime	599 (prime)
17	13888	1.574757398795e-2	28	3	composite	2^6·7·31
18	5824	1.445624589598e-2	28	3	composite	2^6·7·13
19	2688	1.288651817058e-2	32	3	composite	2^7·3·7
20	3780	1.155590058628e-2	48	4	composite	2^2·3^3·5·7
21	900	9.077184255579e-3	27	3	composite	2^2·3^2·5^2
22	18432	7.600773993647e-3	36	2	composite	2^11·3^2
23	576	6.057741052316e-3	21	2	composite	2^6·3^2
24	4480	5.932792119784e-3	32	3	composite	2^7·5·7
25	7560	5.771468353905e-3	64	4	composite	2^3·3^3·5·7
26	8400	5.193894329148e-3	60	4	composite	2^4·3·5^2·7
27	577	5.149819568571e-3	2	1	prime	577 (prime)
28	1201	4.978240899549e-3	2	1	prime	1201 (prime)
29	12600	4.531844040671e-3	72	4	composite	2^3·3^2·5^2·7
30	3593	4.391917812057e-3	2	1	prime	3593 (prime)
31	9856	4.211993766616e-3	32	3	composite	2^7·7·11
32	1801	4.077100759438e-3	2	1	prime	1801 (prime)
33	443	3.993434802966e-3	2	1	prime	443 (prime)
34	3584	3.184330766179e-3	20	2	composite	2^9·7
35	15872	3.060710706412e-3	20	2	composite	2^9·31
36	27776	3.045588388615e-3	32	3	composite	2^7·7·31
37	2243	3.020579247158e-3	2	1	prime	2243 (prime)
38	6272	2.969839903881e-3	24	2	composite	2^7·7^2
39	31744	2.518666553943e-3	22	2	composite	2^10·31
40	45360	2.399872585174e-3	100	4	composite	2^4·3^4·5·7
41	18427	2.389579162305e-3	2	1	prime	18427 (prime)
42	18433	2.335304727213e-3	2	1	prime	18433 (prime)
43	11648	2.289044281573e-3	32	3	composite	2^7·7·13
44	1087	2.192299582691e-3	2	1	prime	1087 (prime)
45	36864	2.167488282895e-3	39	2	composite	2^12·3^2
46	3600	2.073003348494e-3	45	3	composite	2^4·3^2·5^2
47	1193	1.954258057128e-3	2	1	prime	1193 (prime)
48	15120	1.837614704133e-3	80	4	composite	2^4·3^3·5·7
49	7936	1.754463329582e-3	18	2	composite	2^8·31
50	15625	1.751374803302e-3	7	1	composite	5^6
51	3793	1.516161695304e-3	2	1	prime	3793 (prime)
52	5376	1.398575936537e-3	36	3	composite	2^8·3·7
53	47616	1.364015308557e-3	40	3	composite	2^9·3·31
54	2160	1.340591875733e-3	40	3	composite	2^4·3^3·5
55	2880	1.323998494011e-3	42	3	composite	2^6·3^2·5
56	6300	1.299144709337e-3	54	4	composite	2^2·3^2·5^2·7
57	5939	1.291655876837e-3	2	1	prime	5939 (prime)
58	6720	1.142318138438e-3	56	4	composite	2^6·3·5·7
59	2728	1.127052881792e-3	16	3	composite	2^3·11·31
60	23296	1.098307417002e-3	36	3	composite	2^8·7·13
61	37800	1.037132418371e-3	96	4	composite	2^3·3^3·5^2·7
62	1331	1.021077536247e-3	4	1	composite	11^3
63	560	9.865500017470e-4	20	3	composite	2^4·5·7
64	1327	9.662188042218e-4	2	1	prime	1327 (prime)
65	43008	9.203211971296e-4	48	3	composite	2^11·3·7
66	75600	9.186903330621e-4	120	4	composite	2^4·3^3·5^2·7
67	360	9.160355526911e-4	24	3	composite	2^3·3^2·5
68	6944	9.048885655221e-4	24	3	composite	2^5·7·31
69	11904	8.994166043675e-4	32	3	composite	2^7·3·31
70	95232	8.954812738379e-4	44	3	composite	2^10·3·31
71	6733	8.929823293233e-4	2	1	prime	6733 (prime)
72	28672	8.918154210947e-4	26	2	composite	2^12·7
73	11176	8.767535552218e-4	16	3	composite	2^3·11·127
74	4224	8.720824933048e-4	32	3	composite	2^7·3·11
75	39424	8.350599228529e-4	40	3	composite	2^9·7·11
76	2161	8.061009648336e-4	2	1	prime	2161 (prime)
77	887	7.931017477292e-4	2	1	prime	887 (prime)
78	22680	7.919038170418e-4	80	4	composite	2^3·3^4·5·7
79	22352	7.902813781231e-4	20	3	composite	2^4·11·127
80	384	7.895356068274e-4	16	2	composite	2^7·3
81	3607	7.580231220564e-4	2	1	prime	3607 (prime)
82	1440	7.401812591373e-4	36	3	composite	2^5·3^2·5
83	2689	7.195268783232e-4	2	1	prime	2689 (prime)
84	30240	6.993475987196e-4	96	4	composite	2^5·3^3·5·7
85	26416	6.986737739479e-4	20	3	composite	2^4·13·127
86	1120	6.946041460569e-4	24	3	composite	2^5·5·7
87	480	6.898667760468e-4	24	3	composite	2^5·3·5
88	1123	6.883867088573e-4	2	1	prime	1123 (prime)
89	46592	6.677159188857e-4	40	3	composite	2^9·7·13
90	5952	6.576248682079e-4	28	3	composite	2^6·3·31
91	1152	6.437961264886e-4	24	2	composite	2^7·3^2
92	2999	6.270963319118e-4	2	1	prime	2999 (prime)
93	1364	6.033645588517e-4	12	3	composite	2^2·11·31
94	2401	5.918724893988e-4	5	1	composite	7^4
95	673	5.743724189030e-4	2	1	prime	673 (prime)
96	1920	5.662763761770e-4	32	3	composite	2^7·3·5
97	1153	5.551810844583e-4	2	1	prime	1153 (prime)
98	39936	5.432437855058e-4	44	3	composite	2^10·3·13
99	8448	5.379117881140e-4	36	3	composite	2^8·3·11
100	1612	5.377231194442e-4	12	3	composite	2^2·13·31
101	9216	5.330731332066e-4	33	2	composite	2^10·3^2
102	10752	5.162909709295e-4	40	3	composite	2^9·3·7
103	26407	5.121066023180e-4	2	1	prime	26407 (prime)
104	12589	5.104517974127e-4	2	1	prime	12589 (prime)
105	23808	5.100158530932e-4	36	3	composite	2^8·3·31
106	26417	5.011123480446e-4	2	1	prime	26417 (prime)
107	4960	4.989777222467e-4	24	3	composite	2^5·5·31
108	889	4.980385949473e-4	4	2	composite	7·127
109	14336	4.947794579437e-4	24	2	composite	2^11·7
110	21504	4.866715999774e-4	44	3	composite	2^10·3·7
111	90720	4.851731236092e-4	120	4	composite	2^5·3^4·5·7
112	528	4.719247933635e-4	20	3	composite	2^4·3·11
113	48768	4.705795276822e-4	32	3	composite	2^7·3·127
114	3360	4.676738709725e-4	48	4	composite	2^5·3·5·7
115	3137	4.589156018626e-4	2	1	prime	3137 (prime)
116	63488	4.374336048144e-4	24	2	composite	2^11·31
117	1571	4.261296972268e-4	2	1	prime	1571 (prime)
118	2197	4.176127671973e-4	4	1	composite	13^3
119	19968	4.096153759302e-4	40	3	composite	2^9·3·13
120	7177	3.981461135212e-4	2	1	prime	7177 (prime)
121	1789	3.860405086113e-4	2	1	prime	1789 (prime)
122	907	3.818024513234e-4	2	1	prime	907 (prime)
123	6599	3.772609291941e-4	2	1	prime	6599 (prime)
124	2309	3.738608291173e-4	2	1	prime	2309 (prime)
125	37799	3.604963787868e-4	2	1	prime	37799 (prime)
126	52832	3.559578182980e-4	24	3	composite	2^5·13·127
127	3556	3.537329054274e-4	12	3	composite	2^2·7·127
128	5588	3.510328191089e-4	12	3	composite	2^2·11·127
129	1792	3.471337624651e-4	18	2	composite	2^8·7
130	37811	3.463296730133e-4	2	1	prime	37811 (prime)
131	1056	3.389072142554e-4	24	3	composite	2^5·3·11
132	3840	3.349159494999e-4	36	3	composite	2^8·3·5
133	11657	3.311885711811e-4	2	1	prime	11657 (prime)
134	20160	3.276914666798e-4	84	4	composite	2^6·3^2·5·7
135	1680	3.198573289432e-4	40	4	composite	2^4·3·5·7
136	27720	3.185874593773e-4	96	5	composite	2^3·3^2·5·7·11
137	5040	3.114077302547e-4	60	4	composite	2^4·3^2·5·7
138	1361	3.093887772374e-4	2	1	prime	1361 (prime)
139	806	3.078054488489e-4	8	3	composite	2·13·31
140	40320	3.039164972699e-4	96	4	composite	2^7·3^2·5·7
141	1783	3.028177437704e-4	2	1	prime	1783 (prime)
142	149	2.986985434769e-4	2	1	prime	149 (prime)
143	86016	2.979114444219e-4	52	3	composite	2^12·3·7
144	5456	2.962581317655e-4	20	3	composite	2^4·11·31
145	11903	2.924392439821e-4	2	1	prime	11903 (prime)
146	8389	2.824062023210e-4	2	1	prime	8389 (prime)
147	7937	2.797243690736e-4	2	1	prime	7937 (prime)
148	2719	2.726074172720e-4	2	1	prime	2719 (prime)
149	8419	2.681462503330e-4	2	1	prime	8419 (prime)
150	269	2.678409180223e-4	2	1	prime	269 (prime)
151	4096	2.658156509942e-4	13	1	composite	2^12
152	97536	2.626475219252e-4	36	3	composite	2^8·3·127
153	2917	2.611519961701e-4	2	1	prime	2917 (prime)
154	8192	2.587296994209e-4	14	1	composite	2^13
155	1232	2.532761969759e-4	20	3	composite	2^4·7·11
156	223	2.495094147229e-4	2	1	prime	223 (prime)
157	4992	2.463061122112e-4	32	3	composite	2^7·3·13
158	2304	2.458595014584e-4	27	2	composite	2^8·3^2
159	6277	2.457586061958e-4	2	1	prime	6277 (prime)
160	5581	2.440366260572e-4	2	1	prime	5581 (prime)
161	337	2.410902981207e-4	2	1	prime	337 (prime)
162	5351	2.389491669996e-4	2	1	prime	5351 (prime)
163	5827	2.387105357169e-4	2	1	prime	5827 (prime)
164	4957	2.339976438167e-4	2	1	prime	4957 (prime)
165	13217	2.334779593927e-4	2	1	prime	13217 (prime)
166	359	2.320526656447e-4	2	1	prime	359 (prime)
167	1069	2.299858711873e-4	2	1	prime	1069 (prime)
168	7933	2.289824048730e-4	2	1	prime	7933 (prime)
169	14641	2.289162546005e-4	5	1	composite	11^4
170	616	2.263096086685e-4	16	3	composite	2^3·7·11
171	11909	2.255546212389e-4	2	1	prime	11909 (prime)
172	166320	2.220469411851e-4	160	5	composite	2^4·3^3·5·7·11
173	4219	2.208364925121e-4	2	1	prime	4219 (prime)
174	55440	2.193013740456e-4	120	5	composite	2^4·3^2·5·7·11
175	20320	2.170856829093e-4	24	3	composite	2^5·5·127
176	2540	2.136846707720e-4	12	3	composite	2^2·5·127
177	7561	2.116209301076e-4	2	1	prime	7561 (prime)
178	433	2.069133487446e-4	2	1	prime	433 (prime)
179	3121	2.050726697368e-4	2	1	prime	3121 (prime)
180	13187	1.969579400564e-4	2	1	prime	13187 (prime)
181	10160	1.950450792061e-4	20	3	composite	2^4·5·127
182	5381	1.942203517875e-4	2	1	prime	5381 (prime)
183	31751	1.917759642394e-4	2	1	prime	31751 (prime)
184	12601	1.891436604106e-4	2	1	prime	12601 (prime)
185	2976	1.839070712123e-4	24	3	composite	2^5·3·31
186	3079	1.827477068129e-4	2	1	prime	3079 (prime)
187	5080	1.822346687868e-4	16	3	composite	2^3·5·127
188	9920	1.810950740104e-4	28	3	composite	2^6·5·31
189	39419	1.807576775771e-4	2	1	prime	39419 (prime)
190	2687	1.776692016693e-4	2	1	prime	2687 (prime)
191	3125	1.757046795900e-4	6	1	composite	5^5
192	4931	1.755089304889e-4	2	1	prime	4931 (prime)
193	10007	1.741182767301e-4	2	1	prime	10007 (prime)
194	6299	1.720196990268e-4	2	1	prime	6299 (prime)
195	4177	1.687117319750e-4	2	1	prime	4177 (prime)
196	2239	1.685510658927e-4	2	1	prime	2239 (prime)
197	877	1.670184476373e-4	2	1	prime	877 (prime)
198	3048	1.657843026541e-4	16	3	composite	2^3·3·127
199	15859	1.644872961876e-4	2	1	prime	15859 (prime)
200	31741	1.633787589411e-4	2	1	prime	31741 (prime)
201	48779	1.632462707549e-4	2	1	prime	48779 (prime)
202	4621	1.632267378943e-4	2	1	prime	4621 (prime)
203	8461	1.598722158212e-4	2	1	prime	8461 (prime)
204	24576	1.597176264919e-4	28	2	composite	2^13·3
205	2153	1.588167705506e-4	2	1	prime	2153 (prime)
206	563	1.573719823866e-4	2	1	prime	563 (prime)
207	21503	1.571521948310e-4	2	1	prime	21503 (prime)
208	40955	1.558543652251e-4	4	2	composite	5·8191
209	15360	1.551899716249e-4	44	3	composite	2^10·3·5
210	48767	1.545967726140e-4	2	1	prime	48767 (prime)
211	2729	1.533301751295e-4	2	1	prime	2729 (prime)
212	3301	1.532290228094e-4	2	1	prime	3301 (prime)
213	23297	1.531566487788e-4	2	1	prime	23297 (prime)
214	7559	1.517927383079e-4	2	1	prime	7559 (prime)
215	83160	1.508137078935e-4	128	5	composite	2^3·3^3·5·7·11
216	960	1.496531880829e-4	28	3	composite	2^6·3·5
217	336	1.493598843182e-4	20	3	composite	2^4·3·7
218	11177	1.439454349290e-4	2	1	prime	11177 (prime)
219	22367	1.407524129170e-4	2	1	prime	22367 (prime)
220	39439	1.397243799589e-4	2	1	prime	39439 (prime)
221	23293	1.384512086538e-4	2	1	prime	23293 (prime)
222	22349	1.371826836523e-4	2	1	prime	22349 (prime)
223	2520	1.360845999131e-4	48	4	composite	2^3·3^2·5·7
224	571	1.345864507655e-4	2	1	prime	571 (prime)
225	17911	1.328262800629e-4	2	1	prime	17911 (prime)
226	12899	1.307114305283e-4	2	1	prime	12899 (prime)
227	4057	1.304817280508e-4	2	1	prime	4057 (prime)
228	32512	1.297594915374e-4	18	2	composite	2^8·127
229	1270	1.292883745167e-4	8	3	composite	2·5·127
230	45343	1.277459715986e-4	2	1	prime	45343 (prime)
231	9984	1.263907779506e-4	36	3	composite	2^8·3·13
232	12192	1.248766270810e-4	24	3	composite	2^5·3·127
233	78848	1.236887532938e-4	44	3	composite	2^10·7·11
234	3224	1.194455374734e-4	16	3	composite	2^3·13·31
235	19840	1.188876216026e-4	32	3	composite	2^7·5·31
236	6151	1.187019543897e-4	2	1	prime	6151 (prime)
237	93184	1.184890669995e-4	44	3	composite	2^10·7·13
238	13883	1.184653442681e-4	2	1	prime	13883 (prime)
239	768	1.169778564017e-4	18	2	composite	2^8·3
240	21517	1.145446771436e-4	2	1	prime	21517 (prime)
241	9857	1.133896417876e-4	2	1	prime	9857 (prime)
242	11173	1.130989013157e-4	2	1	prime	11173 (prime)
243	288	1.125005494191e-4	18	2	composite	2^5·3^2
244	439	1.121419486442e-4	2	1	prime	439 (prime)
245	25088	1.119101728503e-4	30	2	composite	2^9·7^2
246	14224	1.116801483541e-4	20	3	composite	2^4·7·127
247	45361	1.108649204172e-4	2	1	prime	45361 (prime)
248	3302	1.095992344039e-4	8	3	composite	2·13·127
249	3833	1.082328980658e-4	2	1	prime	3833 (prime)
250	809	1.075600830782e-4	2	1	prime	809 (prime)
251	47623	1.071469373774e-4	2	1	prime	47623 (prime)
252	24384	1.061598754695e-4	28	3	composite	2^6·3·127
253	24593	1.038528491201e-4	2	1	prime	24593 (prime)
254	3968	1.027527953450e-4	16	2	composite	2^7·31
255	79872	1.010198151790e-4	48	3	composite	2^11·3·13
256	158720	1.009874686112e-4	44	3	composite	2^10·5·31
257	762	9.908833527171e-5	8	3	composite	2·3·127
258	4481	9.761201328038e-5	2	1	prime	4481 (prime)
259	6301	9.588250544019e-5	2	1	prime	6301 (prime)
260	672	9.481400012486e-5	24	3	composite	2^5·3·7
261	190464	9.451986430178e-5	48	3	composite	2^11·3·31
262	47609	9.428870445196e-5	2	1	prime	47609 (prime)
263	381	9.203989746627e-5	4	2	composite	3·127
264	4229	9.178597258153e-5	2	1	prime	4229 (prime)
265	25200	9.158208558931e-5	90	4	composite	2^4·3^2·5^2·7
266	1777	9.155745706067e-5	2	1	prime	1777 (prime)
267	40961	9.085853649822e-5	2	1	prime	40961 (prime)
268	78125	8.947238208923e-5	8	1	composite	5^7
269	13208	8.912652041738e-5	16	3	composite	2^3·13·127
270	23813	8.893142524235e-5	2	1	prime	23813 (prime)
271	10739	8.642514400632e-5	2	1	prime	10739 (prime)
272	21821	8.640108175488e-5	2	1	prime	21821 (prime)
273	16267	8.444745765318e-5	2	1	prime	16267 (prime)
274	1613	8.339825436448e-5	2	1	prime	1613 (prime)
275	21839	8.325561271318e-5	2	1	prime	21839 (prime)
276	8963	8.294036816979e-5	2	1	prime	8963 (prime)
277	4064	8.291806228844e-5	12	2	composite	2^5·127
278	40949	8.238298510782e-5	2	1	prime	40949 (prime)
279	23801	8.140351908969e-5	2	1	prime	23801 (prime)
280	46591	8.091814040676e-5	2	1	prime	46591 (prime)
281	2971	8.090023910295e-5	2	1	prime	2971 (prime)
282	25793	8.049330306573e-5	2	1	prime	25793 (prime)
283	15361	7.961137577370e-5	2	1	prime	15361 (prime)
284	868	7.952282261290e-5	12	3	composite	2^2·7·31
285	15359	7.873492268058e-5	2	1	prime	15359 (prime)
286	8960	7.765621100453e-5	36	3	composite	2^8·5·7
287	498960	7.756923942925e-5	200	5	composite	2^4·3^4·5·7·11
288	16896	7.755814300035e-5	40	3	composite	2^9·3·11
289	3847	7.694790783156e-5	2	1	prime	3847 (prime)
290	27701	7.654209513442e-5	2	1	prime	27701 (prime)
291	65024	7.605372678296e-5	20	2	composite	2^9·127
292	28447	7.575218009111e-5	2	1	prime	28447 (prime)
293	57344	7.549041448538e-5	28	2	composite	2^13·7
294	28463	7.486339657587e-5	2	1	prime	28463 (prime)
295	3779	7.472244419525e-5	2	1	prime	3779 (prime)
296	44704	7.471866450177e-5	24	3	composite	2^5·11·127
297	1151	7.281869498810e-5	2	1	prime	1151 (prime)
298	28448	7.172024474790e-5	24	3	composite	2^5·7·127
299	22679	7.169263109459e-5	2	1	prime	22679 (prime)
300	39929	7.168719004001e-5	2	1	prime	39929 (prime)
301	19712	7.065705514225e-5	36	3	composite	2^8·7·11
302	1979	7.055139022329e-5	2	1	prime	1979 (prime)
303	35840	7.035913616695e-5	44	3	composite	2^10·5·7
304	840	7.016323982170e-5	32	4	composite	2^3·3·5·7
305	434	7.011789851973e-5	8	3	composite	2·7·31
306	2794	7.006120832036e-5	8	3	composite	2·11·127
307	25792	6.829631962549e-5	28	3	composite	2^6·13·31
308	46601	6.815646879104e-5	2	1	prime	46601 (prime)
309	6449	6.812206055293e-5	2	1	prime	6449 (prime)
310	3072	6.698333404519e-5	22	2	composite	2^10·3
311	17921	6.658719504924e-5	2	1	prime	17921 (prime)
312	1397	6.652145861295e-5	4	2	composite	11·127
313	87296	6.568826765118e-5	36	3	composite	2^8·11·31
314	144	6.539663728951e-5	15	2	composite	2^4·3^2
315	2539	6.439915161600e-5	2	1	prime	2539 (prime)
316	16253	6.437568043678e-5	2	1	prime	16253 (prime)
317	151200	6.400461242029e-5	144	4	composite	2^5·3^3·5^2·7
318	22691	6.399700472190e-5	2	1	prime	22691 (prime)
319	14341	6.392614533316e-5	2	1	prime	14341 (prime)
320	56896	6.321105454642e-5	28	3	composite	2^6·7·127
321	19973	6.254161994416e-5	2	1	prime	19973 (prime)
322	831600	6.160403888820e-5	240	5	composite	2^4·3^3·5^2·7·11
323	1367	6.115769582019e-5	2	1	prime	1367 (prime)
324	4201	5.967496624445e-5	2	1	prime	4201 (prime)
325	9851	5.962970187501e-5	2	1	prime	9851 (prime)
326	364	5.873508580499e-5	12	3	composite	2^2·7·13
327	20323	5.865077656125e-5	2	1	prime	20323 (prime)
328	2048	5.863433013568e-5	12	1	composite	2^11
329	39937	5.708896007397e-5	2	1	prime	39937 (prime)
330	24573	5.694281253593e-5	4	2	composite	3·8191
331	14221	5.654389704956e-5	2	1	prime	14221 (prime)
332	479	5.564254397376e-5	2	1	prime	479 (prime)
333	27733	5.556947718989e-5	2	1	prime	27733 (prime)
334	12893	5.546317825503e-5	2	1	prime	12893 (prime)
335	12547	5.533781910992e-5	2	1	prime	12547 (prime)
336	2187	5.530755071651e-5	8	1	composite	3^7
337	79360	5.465085011197e-5	40	3	composite	2^9·5·31
338	332640	5.386011468136e-5	192	5	composite	2^5·3^3·5·7·11
339	222208	5.335485182431e-5	44	3	composite	2^10·7·31
340	55552	5.291686283815e-5	36	3	composite	2^8·7·31
341	1051	5.290916848760e-5	2	1	prime	1051 (prime)
342	81910	5.283516704702e-5	8	3	composite	2·5·8191
343	1567	5.183616957840e-5	2	1	prime	1567 (prime)
344	720	5.180559257180e-5	30	3	composite	2^4·3^2·5
345	415800	5.048023933716e-5	192	5	composite	2^3·3^3·5^2·7·11
346	2496	5.038400082278e-5	28	3	composite	2^6·3·13
347	168	5.024527542783e-5	16	3	composite	2^3·3·7
348	3049	4.955013545631e-5	2	1	prime	3049 (prime)
349	1568	4.773637056312e-5	18	2	composite	2^5·7^2
350	5051	4.752546650574e-5	2	1	prime	5051 (prime)
351	1637	4.736946187984e-5	2	1	prime	1637 (prime)
352	12163	4.706120426769e-5	2	1	prime	12163 (prime)
353	2459	4.659157854686e-5	2	1	prime	2459 (prime)
354	401	4.620782254620e-5	2	1	prime	401 (prime)
355	392	4.594278540055e-5	12	2	composite	2^3·7^2
356	3229	4.580557283385e-5	2	1	prime	3229 (prime)
357	15877	4.571483049394e-5	2	1	prime	15877 (prime)
358	311	4.457777241961e-5	2	1	prime	311 (prime)
359	277200	4.450330362856e-5	180	5	composite	2^4·3^2·5^2·7·11
360	51584	4.435835571567e-5	32	3	composite	2^7·13·31
361	2467	4.408150825301e-5	2	1	prime	2467 (prime)
362	28561	4.400188372622e-5	5	1	composite	13^4
363	1651	4.390519555026e-5	4	2	composite	13·127
364	7112	4.385968243291e-5	16	3	composite	2^3·7·127
365	111104	4.271937139412e-5	40	3	composite	2^9·7·31
366	4919	4.252773023411e-5	2	1	prime	4919 (prime)
367	80640	4.247881371269e-5	108	4	composite	2^8·3^2·5·7
368	7159	4.206976288384e-5	2	1	prime	7159 (prime)
369	136080	4.187831811092e-5	120	4	composite	2^4·3^5·5·7
370	21824	4.185139296575e-5	28	3	composite	2^6·11·31
371	14327	4.184755548182e-5	2	1	prime	14327 (prime)
372	241	4.170927737651e-5	2	1	prime	241 (prime)
373	10909	4.138605882837e-5	2	1	prime	10909 (prime)
374	383	4.128158508066e-5	2	1	prime	383 (prime)
375	27773	4.105931415278e-5	2	1	prime	27773 (prime)
376	226800	4.083619412579e-5	150	4	composite	2^4·3^4·5^2·7
377	2887	4.039237417833e-5	2	1	prime	2887 (prime)
378	4967	4.008956171216e-5	2	1	prime	4967 (prime)
379	3472	4.007475703005e-5	20	3	composite	2^4·7·31
380	77	3.991663107736e-5	4	2	composite	7·11
381	300	3.991288109351e-5	18	3	composite	2^2·3·5^2
382	2297	3.978849166343e-5	2	1	prime	2297 (prime)
383	729	3.964387027155e-5	7	1	composite	3^6
384	9221	3.886269331473e-5	2	1	prime	9221 (prime)
385	180	3.883448287900e-5	18	3	composite	2^2·3^2·5
386	25189	3.874242730388e-5	2	1	prime	25189 (prime)
387	1456	3.838389212887e-5	20	3	composite	2^4·7·13
388	3041	3.824200844569e-5	2	1	prime	3041 (prime)
389	20297	3.742198380685e-5	2	1	prime	20297 (prime)
390	27779	3.670433806229e-5	2	1	prime	27779 (prime)
391	40640	3.661088881593e-5	28	3	composite	2^6·5·127
392	138600	3.642461787529e-5	144	5	composite	2^3·3^2·5^2·7·11
393	172032	3.609934689360e-5	56	3	composite	2^13·3·7
394	32531	3.607218318848e-5	2	1	prime	32531 (prime)
395	8128	3.578909220088e-5	14	2	composite	2^6·127
396	11633	3.543535489517e-5	2	1	prime	11633 (prime)
397	10912	3.483036975273e-5	24	3	composite	2^5·11·31
398	25219	3.438421799381e-5	2	1	prime	25219 (prime)
399	174592	3.395835796365e-5	40	3	composite	2^9·11·31
400	9973	3.258841011085e-5	2	1	prime	9973 (prime)
401	3557	3.172429245342e-5	2	1	prime	3557 (prime)
402	50400	3.080733388487e-5	108	4	composite	2^5·3^2·5^2·7
403	8191	3.013263211440e-5	2	1	prime	8191 (prime)
404	264	3.007827721817e-5	16	3	composite	2^3·3·11
405	2797	2.991956898257e-5	2	1	prime	2797 (prime)
406	2912	2.935498910984e-5	24	3	composite	2^5·7·13
407	32507	2.916232278395e-5	2	1	prime	32507 (prime)
408	39703	2.911911208817e-5	2	1	prime	39703 (prime)
409	179	2.910534610483e-5	2	1	prime	179 (prime)
410	617	2.910287223111e-5	2	1	prime	617 (prime)
411	143360	2.851132537211e-5	52	3	composite	2^12·5·7
412	1277	2.850412175006e-5	2	1	prime	1277 (prime)
413	19841	2.796527183395e-5	2	1	prime	19841 (prime)
414	409	2.756412954975e-5	2	1	prime	409 (prime)
415	5039	2.706579594650e-5	2	1	prime	5039 (prime)
416	249480	2.706078075901e-5	160	5	composite	2^3·3^4·5·7·11
417	8447	2.688830894788e-5	2	1	prime	8447 (prime)
418	10937	2.673523650739e-5	2	1	prime	10937 (prime)
419	24391	2.658953145463e-5	2	1	prime	24391 (prime)
420	317440	2.628156622416e-5	48	3	composite	2^11·5·31
421	14243	2.621371731540e-5	2	1	prime	14243 (prime)
422	1488	2.619682482439e-5	20	3	composite	2^4·3·31
423	84	2.613854181100e-5	12	3	composite	2^2·3·7
424	128	2.565483678091e-5	8	1	composite	2^7
425	619	2.564476745694e-5	2	1	prime	619 (prime)
426	154	2.542814844670e-5	8	3	composite	2·7·11
427	1733	2.538323547867e-5	2	1	prime	1733 (prime)
428	193	2.493190076511e-5	2	1	prime	193 (prime)
429	202697	2.488835507212e-5	4	2	composite	11·18427
430	192	2.486535276822e-5	14	2	composite	2^6·3
431	28687	2.471053498734e-5	2	1	prime	28687 (prime)
432	1061	2.463789651186e-5	2	1	prime	1061 (prime)
433	3491	2.389213040575e-5	2	1	prime	3491 (prime)
434	12197	2.374948526507e-5	2	1	prime	12197 (prime)
435	19963	2.371535924175e-5	2	1	prime	19963 (prime)
436	15121	2.296264805132e-5	2	1	prime	15121 (prime)
437	17920	2.281753968008e-5	40	3	composite	2^9·5·7
438	19683	2.278284936090e-5	10	1	composite	3^9
439	195072	2.272934498849e-5	40	3	composite	2^9·3·127
440	349184	2.216731468627e-5	44	3	composite	2^10·11·31
441	30727	2.178027359609e-5	2	1	prime	30727 (prime)
442	997920	2.170104383042e-5	240	5	composite	2^5·3^4·5·7·11
443	7109	2.157149378264e-5	2	1	prime	7109 (prime)
444	64	2.130621450549e-5	7	1	composite	2^6
445	624	2.118237502543e-5	20	3	composite	2^4·3·13
446	9209	2.108688834539e-5	2	1	prime	9209 (prime)
447	10159	2.105122758465e-5	2	1	prime	10159 (prime)
448	30713	2.091619129376e-5	2	1	prime	30713 (prime)
449	49152	2.073898689221e-5	30	2	composite	2^14·3
450	5821	2.059817502862e-5	2	1	prime	5821 (prime)
451	2111	2.025217651849e-5	2	1	prime	2111 (prime)
452	2521	2.023504260812e-5	2	1	prime	2521 (prime)
453	206336	2.009174063119e-5	40	3	composite	2^9·13·31
454	2112	2.007237834985e-5	28	3	composite	2^6·3·11
455	121	1.962385946015e-5	3	1	composite	11^2
456	6144	1.956877737169e-5	24	2	composite	2^11·3
457	557	1.923093753328e-5	2	1	prime	557 (prime)
458	5953	1.916481223428e-5	2	1	prime	5953 (prime)
459	110880	1.895205005432e-5	144	5	composite	2^5·3^2·5·7·11
460	221760	1.893744351902e-5	168	5	composite	2^6·3^2·5·7·11
461	191	1.888189107615e-5	2	1	prime	191 (prime)
462	60480	1.872682345921e-5	112	4	composite	2^6·3^3·5·7
463	1609	1.838026619905e-5	2	1	prime	1609 (prime)
464	343	1.754417211884e-5	4	1	composite	7^3
465	3583	1.732894354853e-5	2	1	prime	3583 (prime)
466	12289	1.724842167063e-5	2	1	prime	12289 (prime)
467	412672	1.696714077334e-5	44	3	composite	2^10·13·31
468	6719	1.693955053464e-5	2	1	prime	6719 (prime)
469	4603	1.676385107681e-5	2	1	prime	4603 (prime)
470	6561	1.666268503443e-5	9	1	composite	3^8
471	1259	1.641309125122e-5	2	1	prime	1259 (prime)
472	243	1.636349489265e-5	6	1	composite	3^5
473	4463	1.631920299372e-5	2	1	prime	4463 (prime)
474	49	1.627527655568e-5	3	1	composite	7^2
475	61440	1.623511391285e-5	52	3	composite	2^12·3·5
476	16889	1.613707995318e-5	2	1	prime	16889 (prime)
477	743	1.610526453749e-5	2	1	prime	743 (prime)
478	4073	1.606796570377e-5	2	1	prime	4073 (prime)
479	744	1.601570753736e-5	16	3	composite	2^3·3·31
480	751	1.599370029494e-5	2	1	prime	751 (prime)
481	43633	1.596959739973e-5	2	1	prime	43633 (prime)
482	1524	1.584243567665e-5	12	3	composite	2^2·3·127
483	1024	1.581560387260e-5	11	1	composite	2^10
484	682	1.577515059131e-5	8	3	composite	2·11·31
485	200704	1.572540250416e-5	39	2	composite	2^12·7^2
486	661	1.557594492521e-5	2	1	prime	661 (prime)
487	181440	1.553707959792e-5	140	4	composite	2^6·3^4·5·7
488	635	1.539519777084e-5	4	2	composite	5·127
489	312	1.537642080872e-5	16	3	composite	2^3·3·13
490	197	1.533671540194e-5	2	1	prime	197 (prime)
491	2477	1.529994797371e-5	2	1	prime	2477 (prime)
492	1231	1.519971669043e-5	2	1	prime	1231 (prime)
493	280	1.517136138276e-5	16	3	composite	2^3·5·7
494	3361	1.509208871387e-5	2	1	prime	3361 (prime)
495	16411	1.507714545502e-5	2	1	prime	16411 (prime)
496	853	1.505773117461e-5	2	1	prime	853 (prime)
497	4608	1.461396944411e-5	30	2	composite	2^9·3^2
498	96	1.453305808896e-5	12	2	composite	2^5·3
499	43649	1.441232530224e-5	2	1	prime	43649 (prime)
500	6607	1.440846808052e-5	2	1	prime	6607 (prime)
501	24379	1.423737017658e-5	2	1	prime	24379 (prime)
502	728	1.416040235882e-5	16	3	composite	2^3·7·13
503	240	1.402869000346e-5	20	3	composite	2^4·3·5
504	10163	1.383451112269e-5	2	1	prime	10163 (prime)
505	625	1.379999884192e-5	5	1	composite	5^4
506	16901	1.376532782245e-5	2	1	prime	16901 (prime)
507	15107	1.370050598966e-5	2	1	prime	15107 (prime)
508	196	1.343045113016e-5	9	2	composite	2^2·7^2
509	6917	1.329413650999e-5	2	1	prime	6917 (prime)
510	91	1.306874888081e-5	4	2	composite	7·13
511	10079	1.276619902919e-5	2	1	prime	10079 (prime)
512	43003	1.258769958828e-5	2	1	prime	43003 (prime)
513	132	1.215063865629e-5	12	3	composite	2^2·3·11
514	12541	1.211067045258e-5	2	1	prime	12541 (prime)
515	12896	1.207140628200e-5	24	3	composite	2^5·13·31
516	3967	1.171429142597e-5	2	1	prime	3967 (prime)
517	30720	1.161054485782e-5	48	3	composite	2^11·3·5
518	6091	1.147447146490e-5	2	1	prime	6091 (prime)
519	109	1.145853552595e-5	2	1	prime	109 (prime)
520	1459	1.135659267167e-5	2	1	prime	1459 (prime)
521	113792	1.126621612763e-5	32	3	composite	2^7·7·127
522	1523	1.110710013661e-5	2	1	prime	1523 (prime)
523	5077	1.087503637180e-5	2	1	prime	5077 (prime)
524	39679	1.078036785284e-5	2	1	prime	39679 (prime)
525	1663200	1.063266670476e-5	288	5	composite	2^5·3^3·5^2·7·11
526	43013	1.062864459356e-5	2	1	prime	43013 (prime)
527	1693	1.042692131481e-5	2	1	prime	1693 (prime)
528	10753	1.028387263660e-5	2	1	prime	10753 (prime)
529	992	1.025724476399e-5	12	2	composite	2^5·31
530	89	1.015209181300e-5	2	1	prime	89 (prime)
531	28669	9.977916824373e-6	2	1	prime	28669 (prime)
532	2113	9.966397344177e-6	2	1	prime	2113 (prime)
533	9907	9.874218686486e-6	2	1	prime	9907 (prime)
534	19819	9.703701581686e-6	2	1	prime	19819 (prime)
535	5081	9.652938926878e-6	2	1	prime	5081 (prime)
536	389	9.582961697728e-6	2	1	prime	389 (prime)
537	7681	9.263151964814e-6	2	1	prime	7681 (prime)
538	444416	9.237991539647e-6	48	3	composite	2^11·7·31
539	1741	9.236494201209e-6	2	1	prime	1741 (prime)
540	1248	9.189781225628e-6	24	3	composite	2^5·3·13
541	25771	9.137759292468e-6	2	1	prime	25771 (prime)
542	156	9.122382929932e-6	12	3	composite	2^2·3·13
543	70	8.936239551648e-6	8	3	composite	2·5·7
544	10091	8.534785726541e-6	2	1	prime	10091 (prime)
545	108	8.527004776338e-6	12	2	composite	2^2·3^3
546	1117	8.496346822357e-6	2	1	prime	1117 (prime)
547	32749	8.370528855068e-6	2	1	prime	32749 (prime)
548	554400	8.279254853738e-6	216	5	composite	2^5·3^2·5^2·7·11
549	155	8.141792474521e-6	4	2	composite	5·31
550	7121	8.052392553348e-6	2	1	prime	7121 (prime)
551	2879	7.975773634056e-6	2	1	prime	2879 (prime)
552	59049	7.962771377651e-6	11	1	composite	3^10
553	140	7.784890052587e-6	12	3	composite	2^2·5·7
554	35851	7.751704703413e-6	2	1	prime	35851 (prime)
555	784	7.737309696791e-6	15	2	composite	2^4·7^2
556	227	7.668814320724e-6	2	1	prime	227 (prime)
557	81280	7.665779681327e-6	32	3	composite	2^7·5·127
558	8123	7.655199993932e-6	2	1	prime	8123 (prime)
559	103168	7.648032209505e-6	36	3	composite	2^8·13·31
560	1381	7.574692836050e-6	2	1	prime	1381 (prime)
561	16384	7.436042973359e-6	15	1	composite	2^14
562	2480	7.361061653651e-6	20	3	composite	2^4·5·31
563	6448	7.257338896140e-6	20	3	composite	2^4·13·31
564	24571	7.250494349586e-6	2	1	prime	24571 (prime)
565	2543	7.234840926517e-6	2	1	prime	2543 (prime)
566	503	7.137941211776e-6	2	1	prime	503 (prime)
567	397	6.965220546101e-6	2	1	prime	397 (prime)
568	169	6.687664841942e-6	3	1	composite	13^2
569	49146	6.582231965501e-6	8	3	composite	2·3·8191
570	315392	6.483067203877e-6	52	3	composite	2^12·7·11
571	7168	6.459376802154e-6	22	2	composite	2^10·7
572	98	6.447046480864e-6	6	2	composite	2·7^2
573	182	6.307898021553e-6	8	3	composite	2·7·13
574	39680	6.282130441450e-6	36	3	composite	2^8·5·31
575	3359	6.235765837019e-6	2	1	prime	3359 (prime)
576	33791	6.199485980358e-6	2	1	prime	33791 (prime)
577	36	6.132525169223e-6	9	2	composite	2^2·3^2
578	43648	6.001289466239e-6	32	3	composite	2^7·11·31
579	32764	5.985788165922e-6	6	2	composite	2^2·8191
580	5591	5.984591526620e-6	2	1	prime	5591 (prime)
581	181	5.981667409899e-6	2	1	prime	181 (prime)
582	487	5.962181141437e-6	2	1	prime	487 (prime)
583	307	5.853647159334e-6	2	1	prime	307 (prime)
584	28	5.809291937067e-6	6	2	composite	2^2·7
585	35	5.783756105038e-6	4	2	composite	5·7
586	512	5.781368334421e-6	10	1	composite	2^9
587	33797	5.644803934975e-6	2	1	prime	33797 (prime)
588	341	5.567980167374e-6	4	2	composite	11·31
589	665280	5.516861464802e-6	224	5	composite	2^6·3^3·5·7·11
590	6271	5.478917813839e-6	2	1	prime	6271 (prime)
591	1237	5.463217984067e-6	2	1	prime	1237 (prime)
592	81	5.454866446376e-6	5	1	composite	3^4
593	698368	5.256542129164e-6	48	3	composite	2^11·11·31
594	719	5.238921695019e-6	2	1	prime	719 (prime)
595	157696	5.177527851175e-6	48	3	composite	2^11·7·11
596	277	5.098358056279e-6	2	1	prime	277 (prime)
597	4993	5.078899867293e-6	2	1	prime	4993 (prime)
598	12288	5.048216991906e-6	26	2	composite	2^12·3
599	19717	4.995370480067e-6	2	1	prime	19717 (prime)
600	186	4.878459628072e-6	8	3	composite	2·3·31
601	613	4.878430607723e-6	2	1	prime	613 (prime)
602	126976	4.834934615280e-6	26	2	composite	2^12·31
603	202048	4.814010332218e-6	56	4	composite	2^6·7·11·41
604	773	4.733823138124e-6	2	1	prime	773 (prime)
605	641	4.697563092257e-6	2	1	prime	641 (prime)
606	100352	4.686746307715e-6	36	2	composite	2^11·7^2
607	107	4.678421256833e-6	2	1	prime	107 (prime)
608	6143	4.542961401428e-6	2	1	prime	6143 (prime)
609	32	4.482360687255e-6	6	1	composite	2^5
610	71680	4.477945703080e-6	48	3	composite	2^11·5·7
611	78	4.470854139233e-6	8	3	composite	2·3·13
612	66	4.467818267072e-6	8	3	composite	2·3·11
613	839	4.457971722071e-6	2	1	prime	839 (prime)
614	10080	4.380729768514e-6	72	4	composite	2^5·3^2·5·7
615	293	4.362212499846e-6	2	1	prime	293 (prime)
616	825344	4.270794113180e-6	48	3	composite	2^11·13·31
617	443520	4.218532489264e-6	192	5	composite	2^7·3^2·5·7·11
618	27	4.161374876194e-6	4	1	composite	3^3
619	173	4.008733300543e-6	2	1	prime	173 (prime)
620	3067	4.008456783783e-6	2	1	prime	3067 (prime)
621	508	3.910458672309e-6	6	2	composite	2^2·127
622	44701	3.884187958512e-6	2	1	prime	44701 (prime)
623	122880	3.733146202822e-6	56	3	composite	2^13·3·5
624	997	3.715502514913e-6	2	1	prime	997 (prime)
625	372736	3.683833943743e-6	52	3	composite	2^12·7·13
626	256	3.635034612160e-6	9	1	composite	2^8
627	151	3.627272259984e-6	2	1	prime	151 (prime)
628	1778	3.603843606224e-6	8	3	composite	2·7·127
629	124	3.599692409017e-6	6	2	composite	2^2·31
630	125	3.540621368634e-6	4	1	composite	5^3
631	7680	3.529649770890e-6	40	3	composite	2^9·3·5
632	631	3.517499484965e-6	2	1	prime	631 (prime)
633	283	3.507176373613e-6	2	1	prime	283 (prime)
634	325120	3.463857049822e-6	40	3	composite	2^9·5·127
635	44711	3.457165187657e-6	2	1	prime	44711 (prime)
636	217	3.374282330715e-6	4	2	composite	7·31
637	379	3.341411736679e-6	2	1	prime	379 (prime)
638	523	3.275419244253e-6	2	1	prime	523 (prime)
639	114688	3.268189723187e-6	30	2	composite	2^14·7
640	1984	3.214999375573e-6	14	2	composite	2^6·31
641	331	3.204212770060e-6	2	1	prime	331 (prime)
642	3547	3.179848603139e-6	2	1	prime	3547 (prime)
643	496	3.161427998634e-6	10	2	composite	2^4·31
644	3221	3.112326994589e-6	2	1	prime	3221 (prime)
645	344064	3.101883639844e-6	60	3	composite	2^14·3·7
646	1487	3.025563141645e-6	2	1	prime	1487 (prime)
647	3469	3.007601739872e-6	2	1	prime	3469 (prime)
648	113	2.987970298759e-6	2	1	prime	113 (prime)
649	161051	2.918703248806e-6	6	1	composite	11^5
650	127	2.903751369657e-6	2	1	prime	127 (prime)
651	761	2.884862524944e-6	2	1	prime	761 (prime)
652	65528	2.862469202586e-6	8	2	composite	2^3·8191
653	201168	2.732860669546e-6	60	4	composite	2^4·3^2·11·127
654	787	2.723294709937e-6	2	1	prime	787 (prime)
655	1736	2.706138407437e-6	16	3	composite	2^3·7·31
656	1240	2.624267656681e-6	16	3	composite	2^3·5·31
657	2791	2.602081752314e-6	2	1	prime	2791 (prime)
658	2503	2.571730552590e-6	2	1	prime	2503 (prime)
659	98292	2.563195767710e-6	12	3	composite	2^2·3·8191
660	1531	2.478900925651e-6	2	1	prime	1531 (prime)
661	372	2.453684979438e-6	12	3	composite	2^2·3·31
662	93	2.441847831540e-6	4	2	composite	3·31
663	1536	2.438938123366e-6	20	2	composite	2^9·3
664	2494800	2.416684915183e-6	300	5	composite	2^4·3^4·5^2·7·11
665	201424	2.387015874515e-6	10	2	composite	2^4·12589
666	56	2.381540603965e-6	8	2	composite	2^3·7
667	491	2.361841525660e-6	2	1	prime	491 (prime)
668	1669	2.243061409474e-6	2	1	prime	1669 (prime)
669	733	2.126312123215e-6	2	1	prime	733 (prime)
670	251	2.085784211810e-6	2	1	prime	251 (prime)
671	201303	2.071851701019e-6	6	2	composite	3^2·22367
672	35839	2.070579383560e-6	2	1	prime	35839 (prime)
673	286720	2.054733467351e-6	56	3	composite	2^13·5·7
674	8209	2.048287494299e-6	2	1	prime	8209 (prime)
675	16381	2.036260799891e-6	2	1	prime	16381 (prime)
676	1543	2.020716769882e-6	2	1	prime	1543 (prime)
677	201141	2.017553457902e-6	6	2	composite	3^2·22349
678	620	2.014363733707e-6	12	3	composite	2^2·5·31
679	159744	2.011167274600e-6	52	3	composite	2^12·3·13
680	40289	1.972954516805e-6	2	1	prime	40289 (prime)
681	2039	1.943491230903e-6	2	1	prime	2039 (prime)
682	1260	1.939960547650e-6	36	4	composite	2^2·3^2·5·7
683	32771	1.886332745189e-6	2	1	prime	32771 (prime)
684	373	1.832931550033e-6	2	1	prime	373 (prime)
685	5449	1.807021603315e-6	2	1	prime	5449 (prime)
686	24	1.806648771597e-6	8	2	composite	2^3·3
687	42	1.803581619844e-6	8	3	composite	2·3·7
688	967	1.792814787331e-6	2	1	prime	967 (prime)
689	30	1.783174082530e-6	8	3	composite	2·3·5
690	677	1.766934602318e-6	2	1	prime	677 (prime)
691	62	1.750108532739e-6	4	2	composite	2·31
692	3989	1.742153792583e-6	2	1	prime	3989 (prime)
693	162560	1.713378096024e-6	36	3	composite	2^8·5·127
694	6101	1.711537980448e-6	2	1	prime	6101 (prime)
695	380928	1.677696130443e-6	52	3	composite	2^12·3·31
696	201208	1.677075006875e-6	16	3	composite	2^3·7·3593
697	147456	1.653815669888e-6	45	2	composite	2^14·3^2
698	1913	1.610496435489e-6	2	1	prime	1913 (prime)
699	12544	1.551873111639e-6	27	2	composite	2^8·7^2
700	769	1.548283431906e-6	2	1	prime	769 (prime)
701	1987	1.544875472700e-6	2	1	prime	1987 (prime)
702	1496880	1.518772762264e-6	240	5	composite	2^4·3^5·5·7·11
703	98304	1.517099866590e-6	32	2	composite	2^15·3
704	2909	1.422861682297e-6	2	1	prime	2909 (prime)
705	130048	1.407430345253e-6	22	2	composite	2^10·127
706	1016	1.387921103032e-6	8	2	composite	2^3·127
707	16807	1.377173907289e-6	6	1	composite	7^5
708	1013	1.375626246848e-6	2	1	prime	1013 (prime)
709	310	1.374889235446e-6	8	3	composite	2·5·31
710	263	1.353806605945e-6	2	1	prime	263 (prime)
711	202351	1.328620131531e-6	4	2	composite	17·11903
712	201926	1.320034805627e-6	8	3	composite	2·17·5939
713	20161	1.303005336724e-6	2	1	prime	20161 (prime)
714	131	1.272483714973e-6	2	1	prime	131 (prime)
715	6947	1.270866095227e-6	2	1	prime	6947 (prime)
716	25097	1.239471462746e-6	2	1	prime	25097 (prime)
717	6427	1.234538628822e-6	2	1	prime	6427 (prime)
718	105664	1.215008290930e-6	28	3	composite	2^6·13·127
719	200340	1.213941746383e-6	96	5	composite	2^2·3^3·5·7·53
720	1995840	1.212504381738e-6	280	5	composite	2^6·3^4·5·7·11
721	202368	1.183051570062e-6	64	4	composite	2^7·3·17·31
722	201990	1.169094623261e-6	16	4	composite	2·3·5·6733
723	19709	1.156771634276e-6	2	1	prime	19709 (prime)
724	1249	1.148568258780e-6	2	1	prime	1249 (prime)
725	401408	1.144061510326e-6	42	2	composite	2^13·7^2
726	367	1.127108395219e-6	2	1	prime	367 (prime)
727	1399	1.089525659074e-6	2	1	prime	1399 (prime)
728	257	1.073694018196e-6	2	1	prime	257 (prime)
729	73	1.069558294245e-6	2	1	prime	73 (prime)
730	8147	1.054092086745e-6	2	1	prime	8147 (prime)
731	163820	1.035859395079e-6	12	3	composite	2^2·5·8191
732	8179	1.032348596909e-6	2	1	prime	8179 (prime)
733	202453	1.031915568463e-6	4	2	composite	17·11909
734	120	1.022986891207e-6	16	3	composite	2^3·3·5
735	67584	1.009736288249e-6	48	3	composite	2^11·3·11
736	100800	1.008051431791e-6	126	4	composite	2^6·3^2·5^2·7
737	49157	1.004082083414e-6	2	1	prime	49157 (prime)
738	201600	1.000048913450e-6	144	4	composite	2^7·3^2·5^2·7
739	139	9.822074954788e-7	2	1	prime	139 (prime)
740	13901	9.777172842513e-7	2	1	prime	13901 (prime)
741	37	9.730525512339e-7	2	1	prime	37 (prime)
742	126000	9.277219399138e-7	120	4	composite	2^4·3^2·5^3·7
743	50176	9.086956567847e-7	33	2	composite	2^10·7^2
744	634880	8.810600541175e-7	52	3	composite	2^12·5·31
745	16256	8.734368301854e-7	16	2	composite	2^7·127
746	16	8.733472517072e-7	5	1	composite	2^4
747	715264	8.662369252660e-7	40	3	composite	2^9·11·127
748	201616	8.624527828021e-7	10	2	composite	2^4·12601
749	245760	8.539668801809e-7	60	3	composite	2^14·3·5
750	248	8.482961269294e-7	8	2	composite	2^3·31
751	6604	8.123367623926e-7	12	3	composite	2^2·13·127
752	97	7.984694001379e-7	2	1	prime	97 (prime)
753	50159	7.891712364276e-7	2	1	prime	50159 (prime)
754	50177	7.884891448422e-7	2	1	prime	50177 (prime)
755	167	7.858738468746e-7	2	1	prime	167 (prime)
756	50387	7.805890200376e-7	2	1	prime	50387 (prime)
757	50411	7.796928576849e-7	2	1	prime	50411 (prime)
758	9923	7.531555685228e-7	2	1	prime	9923 (prime)
759	308	7.530639130587e-7	12	3	composite	2^2·7·11
760	200928	7.453798473254e-7	96	5	composite	2^5·3·7·13·23
761	12	7.355335991769e-7	6	2	composite	2^2·3
762	455168	7.304606815614e-7	40	3	composite	2^9·7·127
763	201029	7.256734611948e-7	4	2	composite	53·3793
764	101	7.196769651254e-7	2	1	prime	101 (prime)
765	10	7.104757057270e-7	4	2	composite	2·5
766	48	7.019639864772e-7	10	2	composite	2^4·3
767	201512	7.009494374009e-7	8	2	composite	2^3·25189
768	196584	7.007693914419e-7	16	3	composite	2^3·3·8191
769	71	6.637358086249e-7	2	1	prime	71 (prime)
770	51581	6.383862138734e-7	2	1	prime	51581 (prime)
771	51593	6.380027637948e-7	2	1	prime	51593 (prime)
772	1439	6.296131265365e-7	2	1	prime	1439 (prime)
773	2162160	6.277400514138e-7	320	6	composite	2^4·3^3·5·7·11·13
774	1108800	6.208255479507e-7	252	5	composite	2^6·3^2·5^2·7·11
775	201752	6.197621685756e-7	8	2	composite	2^3·25219
776	40343	6.120308184643e-7	2	1	prime	40343 (prime)
777	83	6.074876959609e-7	2	1	prime	83 (prime)
778	201186	6.019568794998e-7	12	3	composite	2·3^2·11177
779	52817	6.003830812494e-7	2	1	prime	52817 (prime)
780	371293	5.999189298013e-7	6	1	composite	13^5
781	52837	5.997921169991e-7	2	1	prime	52837 (prime)
782	200140	5.918280908631e-7	12	3	composite	2^2·5·10007
783	200956	5.850135870045e-7	12	3	composite	2^2·7·7177
784	845312	5.840273437988e-7	40	3	composite	2^9·13·127
785	200809	5.781985636168e-7	4	2	composite	7·28687
786	201336	5.637439159510e-7	16	3	composite	2^3·3·8389
787	73728	5.554175034135e-7	42	2	composite	2^13·3^2
788	30241	5.525727324838e-7	2	1	prime	30241 (prime)
789	30223	5.446353973787e-7	2	1	prime	30223 (prime)
790	36857	5.355645724578e-7	2	1	prime	36857 (prime)
791	202056	5.355082280353e-7	16	3	composite	2^3·3·8419
792	55439	5.287972621325e-7	2	1	prime	55439 (prime)
793	55441	5.287468942202e-7	2	1	prime	55441 (prime)
794	201376	5.268995596241e-7	48	4	composite	2^5·7·29·31
795	55547	5.260860112418e-7	2	1	prime	55547 (prime)
796	55579	5.252860343104e-7	2	1	prime	55579 (prime)
797	135168	5.241858530647e-7	52	3	composite	2^12·3·11
798	863	5.082699074818e-7	2	1	prime	863 (prime)
799	270336	4.995446571379e-7	56	3	composite	2^13·3·11
800	56893	4.937155394868e-7	2	1	prime	56893 (prime)
801	56897	4.936231190750e-7	2	1	prime	56897 (prime)
802	1447	4.893747602122e-7	2	1	prime	1447 (prime)
803	57331	4.837227888332e-7	2	1	prime	57331 (prime)
804	57347	4.833625643631e-7	2	1	prime	57347 (prime)
805	8951	4.809009816285e-7	2	1	prime	8951 (prime)
806	201114	4.781136996595e-7	12	3	composite	2·3^2·11173
807	6096	4.778756205411e-7	20	3	composite	2^4·3·127
808	347	4.674338643320e-7	2	1	prime	347 (prime)
809	202200	4.618626120990e-7	48	4	composite	2^3·3·5^2·337
810	3326400	4.536102174192e-7	336	5	composite	2^6·3^3·5^2·7·11
811	200254	4.516908112603e-7	8	3	composite	2·223·449
812	2464	4.442606940662e-7	24	3	composite	2^5·7·11
813	200703	4.419290186402e-7	8	3	composite	3·149·449
814	319488	4.287047685469e-7	56	3	composite	2^13·3·13
815	357632	4.283058223568e-7	36	3	composite	2^8·11·127
816	201000	4.251321748265e-7	64	4	composite	2^3·3·5^3·67
817	202272	4.236924027301e-7	72	4	composite	2^5·3·7^2·43
818	32768	4.204188717768e-7	16	1	composite	2^15
819	60457	4.192561907885e-7	2	1	prime	60457 (prime)
820	60493	4.185780050704e-7	2	1	prime	60493 (prime)
821	202499	4.131495483536e-7	8	3	composite	11·41·449
822	201936	4.075678919158e-7	40	4	composite	2^4·3·7·601
823	201870	4.064917452139e-7	24	4	composite	2·3^2·5·2243
824	67	4.038696461911e-7	2	1	prime	67 (prime)
825	61417	4.016254098458e-7	2	1	prime	61417 (prime)
826	61441	4.011964727549e-7	2	1	prime	61441 (prime)
827	67579	3.981523524638e-7	2	1	prime	67579 (prime)
828	201712	3.974188266622e-7	20	3	composite	2^4·7·1801
829	390144	3.967547671283e-7	44	3	composite	2^10·3·127
830	65536	3.879063141905e-7	17	1	composite	2^16
831	25	3.828841942592e-7	3	1	composite	5^2
832	17	3.825721709688e-7	2	1	prime	17 (prime)
833	227584	3.779429443582e-7	36	3	composite	2^8·7·127
834	21	3.695953861192e-7	4	2	composite	3·7
835	89408	3.668961566074e-7	28	3	composite	2^6·11·127
836	63487	3.666106053839e-7	2	1	prime	63487 (prime)
837	200774	3.666012022796e-7	8	3	composite	2·7·14341
838	63493	3.665146766002e-7	2	1	prime	63493 (prime)
839	630784	3.611658858406e-7	56	3	composite	2^13·7·11
840	254	3.593676874612e-7	4	2	composite	2·127
841	200133	3.586263037137e-7	12	3	composite	3^2·37·601
842	200734	3.548251316451e-7	8	3	composite	2·167·601
843	201335	3.526260573395e-7	8	3	composite	5·67·601
844	202050	3.458805867762e-7	36	4	composite	2·3^2·5^2·449
845	65011	3.431982436902e-7	2	1	prime	65011 (prime)
846	65027	3.429622652844e-7	2	1	prime	65027 (prime)
847	65521	3.357724623959e-7	2	1	prime	65521 (prime)
848	65537	3.355426708181e-7	2	1	prime	65537 (prime)
849	157	3.242380678507e-7	2	1	prime	157 (prime)
850	720720	3.144695335991e-7	240	6	composite	2^4·3^2·5·7·11·13
851	202537	3.139477224274e-7	4	2	composite	337·601
852	18	3.130342929054e-7	6	2	composite	2·3^2
853	47	3.120607147670e-7	2	1	prime	47 (prime)
854	201420	3.113618768914e-7	48	4	composite	2^2·3^3·5·373
855	201252	3.104193853167e-7	24	4	composite	2^2·3·31·541
856	200170	3.080665594143e-7	16	4	composite	2·5·37·541
857	67589	3.075862573909e-7	2	1	prime	67589 (prime)
858	200711	3.069088471499e-7	8	3	composite	7·53·541
859	41	3.057179970652e-7	2	1	prime	41 (prime)
860	202334	3.039618333802e-7	16	4	composite	2·11·17·541
861	201793	3.019317992454e-7	4	2	composite	373·541
862	4324320	2.874353727620e-7	384	6	composite	2^5·3^3·5·7·11·13
863	79	2.862466754312e-7	2	1	prime	79 (prime)
864	211328	2.856176400399e-7	32	3	composite	2^7·13·127
865	1081080	2.783008120616e-7	256	6	composite	2^3·3^3·5·7·11·13
866	201992	2.746332686023e-7	16	3	composite	2^3·7·3607
867	200864	2.672583057588e-7	12	2	composite	2^5·6277
868	281	2.657060930760e-7	2	1	prime	281 (prime)
869	252000	2.599308290874e-7	144	4	composite	2^5·3^2·5^3·7
870	71671	2.598501319582e-7	2	1	prime	71671 (prime)
871	71693	2.596178569236e-7	2	1	prime	71693 (prime)
872	403	2.567869861605e-7	4	2	composite	13·31
873	201264	2.541357964274e-7	40	4	composite	2^4·3·7·599
874	112	2.492028630224e-7	10	2	composite	2^4·7
875	5471	2.476466694914e-7	2	1	prime	5471 (prime)
876	60	2.467789118082e-7	12	3	composite	2^2·3·5
877	327640	2.459083221779e-7	16	3	composite	2^3·5·8191
878	73727	2.391659971597e-7	2	1	prime	73727 (prime)
879	73751	2.389362784262e-7	2	1	prime	73751 (prime)
880	1330560	2.379277476548e-7	256	5	composite	2^7·3^3·5·7·11
881	200752	2.373414179795e-7	10	2	composite	2^4·12547
882	200578	2.338191534252e-7	8	3	composite	2·7·14327
883	745472	2.223520060677e-7	56	3	composite	2^13·7·13
884	200683	2.221544168839e-7	4	2	composite	7·28669
885	75583	2.221417110638e-7	2	1	prime	75583 (prime)
886	75611	2.218959689040e-7	2	1	prime	75611 (prime)
887	727	2.165739981262e-7	2	1	prime	727 (prime)
888	6486480	2.151905093185e-7	400	6	composite	2^4·3^4·5·7·11·13
889	8	2.148165278207e-7	4	1	composite	2^3
890	200066	2.119385420446e-7	8	3	composite	2·167·599
891	200665	2.106208193842e-7	8	3	composite	5·67·599
892	196608	2.070606328156e-7	34	2	composite	2^16·3
893	202462	2.060856959818e-7	12	3	composite	2·13^2·599
894	200916	2.030946211870e-7	18	3	composite	2^2·3^2·5581
895	200933	2.014908223718e-7	4	2	composite	67·2999
896	422656	1.962452161804e-7	36	3	composite	2^8·13·127
897	78839	1.955736566412e-7	2	1	prime	78839 (prime)
898	78853	1.954676586718e-7	2	1	prime	78853 (prime)
899	200567	1.933983412022e-7	4	2	composite	167·1201
900	1453	1.924915402865e-7	2	1	prime	1453 (prime)
901	79357	1.916955048615e-7	2	1	prime	79357 (prime)
902	79367	1.916215155158e-7	2	1	prime	79367 (prime)
903	178816	1.879891645290e-7	32	3	composite	2^7·11·127
904	79867	1.879636083886e-7	2	1	prime	79867 (prime)
905	79873	1.879202037539e-7	2	1	prime	79873 (prime)
906	1441440	1.838675828305e-7	288	6	composite	2^5·3^2·5·7·11·13
907	540672	1.838543264203e-7	60	3	composite	2^14·3·11
908	201568	1.836776707667e-7	12	2	composite	2^5·6299
909	201768	1.829041880876e-7	32	4	composite	2^3·3·7·1201
910	80629	1.825423191796e-7	2	1	prime	80629 (prime)
911	80651	1.823884880368e-7	2	1	prime	80651 (prime)
912	201863	1.815838725373e-7	4	2	composite	337·599
913	2772000	1.784197728623e-7	288	5	composite	2^5·3^2·5^3·7·11
914	81239	1.783315201279e-7	2	1	prime	81239 (prime)
915	81281	1.780457145825e-7	2	1	prime	81281 (prime)
916	509	1.771134933866e-7	2	1	prime	509 (prime)
917	683	1.748441804051e-7	2	1	prime	683 (prime)
918	81901	1.738870295867e-7	2	1	prime	81901 (prime)
919	81919	1.737679628021e-7	2	1	prime	81919 (prime)
920	253952	1.724993740772e-7	28	2	composite	2^13·31
921	131071	1.709312896918e-7	2	1	prime	131071 (prime)
922	200256	1.699102306381e-7	56	4	composite	2^6·3·7·149
923	19	1.660673231365e-7	2	1	prime	19 (prime)
924	83137	1.659228078626e-7	2	1	prime	83137 (prime)
925	25087	1.657967112354e-7	2	1	prime	25087 (prime)
926	83177	1.656720893040e-7	2	1	prime	83177 (prime)
927	53	1.652552008450e-7	2	1	prime	53 (prime)
928	953	1.650314881945e-7	2	1	prime	953 (prime)
929	100343	1.647307859342e-7	2	1	prime	100343 (prime)
930	100357	1.646679069880e-7	2	1	prime	100357 (prime)
931	14	1.645141258558e-7	4	2	composite	2·7
932	100799	1.626978062578e-7	2	1	prime	100799 (prime)
933	100801	1.626889574529e-7	2	1	prime	100801 (prime)
934	31	1.617055645019e-7	2	1	prime	31 (prime)
935	15	1.555014686097e-7	4	2	composite	3·5
936	86011	1.489532445384e-7	2	1	prime	86011 (prime)
937	86017	1.489199287160e-7	2	1	prime	86017 (prime)
938	201675	1.451846995629e-7	12	3	composite	3·5^2·2689
939	573440	1.443360035402e-7	60	3	composite	2^14·5·7
940	638976	1.428348215870e-7	60	3	composite	2^14·3·13
941	87293	1.420210395768e-7	2	1	prime	87293 (prime)
942	87299	1.419894565369e-7	2	1	prime	87299 (prime)
943	888832	1.419676558536e-7	52	3	composite	2^12·7·31
944	20	1.411417630012e-7	6	2	composite	2^2·5
945	16382	1.400288863470e-7	4	2	composite	2·8191
946	200973	1.386324730382e-7	8	3	composite	3·31·2161
947	13	1.379872663114e-7	2	1	prime	13 (prime)
948	202496	1.338663122337e-7	36	3	composite	2^8·7·113
949	89399	1.314015926897e-7	2	1	prime	89399 (prime)
950	89413	1.313340200523e-7	2	1	prime	89413 (prime)
951	294912	1.291839236740e-7	48	2	composite	2^15·3^2
952	90089	1.281165567719e-7	2	1	prime	90089 (prime)
953	90107	1.280320862367e-7	2	1	prime	90107 (prime)
954	186368	1.260495275069e-7	48	3	composite	2^11·7·13
955	90709	1.252421331978e-7	2	1	prime	90709 (prime)
956	90731	1.251414544390e-7	2	1	prime	90731 (prime)
957	200200	1.234026692457e-7	96	5	composite	2^3·5^2·7·11·13
958	200768	1.233004401110e-7	14	2	composite	2^6·3137
959	1396736	1.225922636149e-7	52	3	composite	2^12·11·31
960	201445	1.189246280862e-7	4	2	composite	5·40289
961	5	1.182729296108e-7	2	1	prime	5 (prime)
962	202668	1.182420192672e-7	12	3	composite	2^2·3·16889
963	202720	1.150009534140e-7	48	4	composite	2^5·5·7·181
964	200880	1.147470168278e-7	100	4	composite	2^4·3^4·5·31
965	93179	1.144752754052e-7	2	1	prime	93179 (prime)
966	93187	1.144420941640e-7	2	1	prime	93187 (prime)
967	43	1.141432276700e-7	2	1	prime	43 (prime)
968	200480	1.140275221643e-7	48	4	composite	2^5·5·7·179
969	72	1.094031701534e-7	12	2	composite	2^3·3^2
970	202171	1.089332468168e-7	4	2	composite	41·4931
971	20149	1.088474573204e-7	2	1	prime	20149 (prime)
972	802816	1.079168873116e-7	45	2	composite	2^14·7^2
973	95231	1.062981589060e-7	2	1	prime	95231 (prime)
974	95233	1.062905056660e-7	2	1	prime	95233 (prime)
975	33	1.042539220565e-7	4	2	composite	3·11
976	458696	1.041890794439e-7	16	3	composite	2^3·7·8191
977	33792	1.021135968798e-7	44	3	composite	2^10·3·11
978	200008	1.004063518133e-7	16	3	composite	2^3·23·1087
979	202512	9.956153450631e-8	20	3	composite	2^4·3·4219
980	201095	9.861670494942e-8	8	3	composite	5·37·1087
981	97523	9.790569098709e-8	2	1	prime	97523 (prime)
982	97547	9.782167922551e-8	2	1	prime	97547 (prime)
983	201632	9.781522659765e-8	12	2	composite	2^5·6301
984	6	9.774437414019e-8	4	2	composite	2·3
985	202182	9.729930895731e-8	16	4	composite	2·3·31·1087
986	98269	9.533014185168e-8	2	1	prime	98269 (prime)
987	98297	9.523489708903e-8	2	1	prime	98297 (prime)
988	98299	9.522809739102e-8	2	1	prime	98299 (prime)
989	98317	9.516692661970e-8	2	1	prime	98317 (prime)
990	23	9.279763919911e-8	2	1	prime	23 (prime)
991	1650688	9.199108535983e-8	52	3	composite	2^12·13·31
992	59	9.123563451241e-8	2	1	prime	59 (prime)
993	12281	9.052050189178e-8	2	1	prime	12281 (prime)
994	499	8.997349783794e-8	2	1	prime	499 (prime)
995	224	8.760324420111e-8	12	2	composite	2^5·7
996	3307	8.758954786717e-8	2	1	prime	3307 (prime)
997	797	8.744340543840e-8	2	1	prime	797 (prime)
998	3641344	8.442880333171e-8	52	3	composite	2^12·7·127
999	200452	8.383412435409e-8	12	3	composite	2^2·7·7159
1000	200000	8.340257079772e-8	42	2	composite	2^6·5^5
1001	202692	8.197073006748e-8	48	5	composite	2^2·3·7·19·127
1002	2029	8.061060199048e-8	2	1	prime	2029 (prime)
1003	103141	8.018639175851e-8	2	1	prime	103141 (prime)
1004	103171	8.010143442719e-8	2	1	prime	103171 (prime)
1005	201206	7.864747069808e-8	8	3	composite	2·37·2719
1006	1386000	7.613535950191e-8	240	5	composite	2^4·3^2·5^3·7·11
1007	201950	7.394877963542e-8	24	4	composite	2·5^2·7·577
1008	105653	7.338840568871e-8	2	1	prime	105653 (prime)
1009	105667	7.335224790105e-8	2	1	prime	105667 (prime)
1010	202728	7.281628135100e-8	16	3	composite	2^3·3·8447
1011	200496	7.256449873238e-8	20	3	composite	2^4·3·4177
1012	201900	7.162846256668e-8	36	4	composite	2^2·3·5^2·673
1013	7207200	7.154593294205e-8	432	6	composite	2^5·3^2·5^2·7·11·13
1014	106453	7.135157911358e-8	2	1	prime	106453 (prime)
1015	106487	7.126632168502e-8	2	1	prime	106487 (prime)
1016	1931	7.000738634741e-8	2	1	prime	1931 (prime)
1017	761856	6.982450228200e-8	56	3	composite	2^13·3·31
1018	131056	6.908111174881e-8	10	2	composite	2^4·8191
1019	200219	6.886388320369e-8	4	2	composite	347·577
1020	200796	6.876862592076e-8	24	4	composite	2^2·3·29·577
1021	201373	6.806686585461e-8	4	2	composite	349·577
1022	201617	6.751377760993e-8	6	2	composite	13^2·1193
1023	202527	6.732592258197e-8	16	3	composite	3^3·13·577
1024	201361	6.653701714198e-8	4	2	composite	61·3301
1025	650240	6.533892394585e-8	44	3	composite	2^10·5·127
1026	1523712	6.524415674512e-8	60	3	composite	2^14·3·31
1027	5765760	6.515142823144e-8	384	6	composite	2^7·3^2·5·7·11·13
1028	201422	6.443932252824e-8	16	4	composite	2·13·61·127
1029	202230	6.384255147350e-8	64	5	composite	2·3^3·5·7·107
1030	200424	6.291001133625e-8	32	4	composite	2^3·3·7·1193
1031	110879	6.108782274485e-8	2	1	prime	110879 (prime)
1032	110881	6.108354266158e-8	2	1	prime	110881 (prime)
1033	111103	6.061036550903e-8	2	1	prime	111103 (prime)
1034	111109	6.059762909439e-8	2	1	prime	111109 (prime)
1035	177147	5.835473136003e-8	12	1	composite	3^11
1036	202500	5.750545403005e-8	75	3	composite	2^2·3^4·5^4
1037	113783	5.518195874986e-8	2	1	prime	113783 (prime)
1038	113797	5.515492523887e-8	2	1	prime	113797 (prime)
1039	114671	5.349325105235e-8	2	1	prime	114671 (prime)
1040	114679	5.347827489210e-8	2	1	prime	114679 (prime)
1041	114689	5.345956020752e-8	2	1	prime	114689 (prime)
1042	201580	5.313474458966e-8	12	3	composite	2^2·5·10079
1043	201273	5.281628574448e-8	8	3	composite	3·23·2917
1044	229348	5.244739600993e-8	12	3	composite	2^2·7·8191
1045	201152	5.220516002424e-8	28	3	composite	2^6·7·449
1046	720808	5.187639041400e-8	16	3	composite	2^3·11·8191
1047	7673	5.169562686409e-8	2	1	prime	7673 (prime)
1048	9437189	5.162757161231e-8	2	1	prime	9437189 (prime)
1049	9437179	5.162756888710e-8	2	1	prime	9437179 (prime)
1050	9175057	5.155437503954e-8	2	1	prime	9175057 (prime)
1051	9175037	5.155436928967e-8	2	1	prime	9175037 (prime)
1052	2661120	5.145160726004e-8	288	5	composite	2^8·3^3·5·7·11
1053	8650753	5.139484143302e-8	2	1	prime	8650753 (prime)
1054	8650727	5.139483304695e-8	2	1	prime	8650727 (prime)
1055	8648677	5.139417183547e-8	2	1	prime	8648677 (prime)
1056	8388593	5.130769808729e-8	2	1	prime	8388593 (prime)
1057	8388587	5.130769603299e-8	2	1	prime	8388587 (prime)
1058	8388547	5.130768232398e-8	2	1	prime	8388547 (prime)
1059	8388539	5.130767958878e-8	2	1	prime	8388539 (prime)
1060	8387591	5.130735471537e-8	2	1	prime	8387591 (prime)
1061	8387581	5.130735128838e-8	2	1	prime	8387581 (prime)
1062	8323099	5.128508259789e-8	2	1	prime	8323099 (prime)
1063	8323069	5.128507215659e-8	2	1	prime	8323069 (prime)
1064	8126473	5.121502806646e-8	2	1	prime	8126473 (prime)
1065	8126453	5.121502076955e-8	2	1	prime	8126453 (prime)
1066	7864331	5.111626439661e-8	2	1	prime	7864331 (prime)
1067	7864301	5.111625273127e-8	2	1	prime	7864301 (prime)
1068	7340033	5.089790660259e-8	2	1	prime	7340033 (prime)
1069	7340009	5.089789590467e-8	2	1	prime	7340009 (prime)
1070	7339991	5.089788787966e-8	2	1	prime	7339991 (prime)
1071	7339961	5.089787451039e-8	2	1	prime	7339961 (prime)
1072	7339141	5.089750895278e-8	2	1	prime	7339141 (prime)
1073	7339091	5.089748666110e-8	2	1	prime	7339091 (prime)
1074	7282679	5.087214310639e-8	2	1	prime	7282679 (prime)
1075	7207223	5.083763379819e-8	2	1	prime	7207223 (prime)
1076	7207181	5.083761439267e-8	2	1	prime	7207181 (prime)
1077	7110659	5.079242023165e-8	2	1	prime	7110659 (prime)
1078	7110647	5.079241453658e-8	2	1	prime	7110647 (prime)
1079	6815741	5.064653849740e-8	2	1	prime	6815741 (prime)
1080	6815729	5.064653230550e-8	2	1	prime	6815729 (prime)
1081	6815693	5.064651374416e-8	2	1	prime	6815693 (prime)
1082	6815689	5.064651168120e-8	2	1	prime	6815689 (prime)
1083	6814933	5.064612177335e-8	2	1	prime	6814933 (prime)
1084	6814889	5.064609907672e-8	2	1	prime	6814889 (prime)
1085	6762517	5.061887946628e-8	2	1	prime	6762517 (prime)
1086	6762491	5.061886585366e-8	2	1	prime	6762491 (prime)
1087	6602753	5.053322436616e-8	2	1	prime	6602753 (prime)
1088	6602737	5.053321559267e-8	2	1	prime	6602737 (prime)
1089	6486499	5.046829267350e-8	2	1	prime	6486499 (prime)
1090	6486479	5.046828130836e-8	2	1	prime	6486479 (prime)
1091	6422531	5.043158036361e-8	2	1	prime	6422531 (prime)
1092	6422519	5.043157339941e-8	2	1	prime	6422519 (prime)
1093	6291449	5.035406178338e-8	2	1	prime	6291449 (prime)
1094	6291437	5.035405454425e-8	2	1	prime	6291437 (prime)
1095	6291421	5.035404489333e-8	2	1	prime	6291421 (prime)
1096	6291403	5.035403402859e-8	2	1	prime	6291403 (prime)
1097	6290693	5.035360550940e-8	2	1	prime	6290693 (prime)
1098	6290681	5.035359827016e-8	2	1	prime	6290681 (prime)
1099	6242263	5.032415038334e-8	2	1	prime	6242263 (prime)
1100	6094859	5.023167473332e-8	2	1	prime	6094859 (prime)
1101	6094807	5.023164134245e-8	2	1	prime	6094807 (prime)
1102	5963791	5.014568457487e-8	2	1	prime	5963791 (prime)
1103	5963773	5.014567251369e-8	2	1	prime	5963773 (prime)
1104	5767169	5.000950751256e-8	2	1	prime	5767169 (prime)
1105	5767129	5.000947889016e-8	2	1	prime	5767129 (prime)
1106	5767109	5.000946457879e-8	2	1	prime	5767109 (prime)
1107	5766469	5.000900646345e-8	2	1	prime	5766469 (prime)
1108	5766463	5.000900217207e-8	2	1	prime	5766463 (prime)
1109	5765779	5.000851245014e-8	2	1	prime	5765779 (prime)
1110	5765731	5.000847807815e-8	2	1	prime	5765731 (prime)
1111	5722117	4.997701482899e-8	2	1	prime	5722117 (prime)
1112	5722111	4.997701046509e-8	2	1	prime	5722111 (prime)
1113	5586961	4.987645956780e-8	2	1	prime	5586961 (prime)
1114	5586943	4.987644585858e-8	2	1	prime	5586943 (prime)
1115	5505037	4.981315712907e-8	2	1	prime	5505037 (prime)
1116	5505023	4.981314614440e-8	2	1	prime	5505023 (prime)
1117	5405447	4.973367711921e-8	2	1	prime	5405447 (prime)
1118	5405381	4.973362350212e-8	2	1	prime	5405381 (prime)
1119	5242877	4.959759460621e-8	2	1	prime	5242877 (prime)
1120	5242859	4.959757910026e-8	2	1	prime	5242859 (prime)
1121	5242843	4.959756529467e-8	2	1	prime	5242843 (prime)
1122	5242837	4.959756011289e-8	2	1	prime	5242837 (prime)
1123	5242241	4.959704603113e-8	2	1	prime	5242241 (prime)
1124	5242231	4.959703741037e-8	2	1	prime	5242231 (prime)
1125	5201923	4.956200277505e-8	2	1	prime	5201923 (prime)
1126	5201909	4.956199051877e-8	2	1	prime	5201909 (prime)
1127	5111833	4.948174819923e-8	2	1	prime	5111833 (prime)
1128	5111791	4.948171014707e-8	2	1	prime	5111791 (prime)
1129	5079047	4.945185160674e-8	2	1	prime	5079047 (prime)
1130	5079037	4.945184243439e-8	2	1	prime	5079037 (prime)
1131	5046277	4.942159059995e-8	2	1	prime	5046277 (prime)
1132	5046259	4.942157388016e-8	2	1	prime	5046259 (prime)
1133	4718617	4.909649186015e-8	2	1	prime	4718617 (prime)
1134	4718579	4.909645161075e-8	2	1	prime	4718579 (prime)
1135	202124	4.900767695606e-8	24	3	composite	2^2·13^3·23
1136	200448	4.896878882660e-8	72	3	composite	2^8·3^3·29
1137	200044	4.896722742598e-8	12	3	composite	2^2·13·3847
1138	4587533	4.895376677648e-8	2	1	prime	4587533 (prime)
1139	4587503	4.895373319103e-8	2	1	prime	4587503 (prime)
1140	991	4.874171856323e-8	2	1	prime	991 (prime)
1141	202040	4.868360588122e-8	16	3	composite	2^3·5·5051
1142	4325389	4.864311541959e-8	2	1	prime	4325389 (prime)
1143	4325359	4.864307776173e-8	2	1	prime	4325359 (prime)
1144	4324321	4.864177490554e-8	2	1	prime	4324321 (prime)
1145	4324303	4.864175230930e-8	2	1	prime	4324303 (prime)
1146	4194301	4.847362491170e-8	2	1	prime	4194301 (prime)
1147	4194287	4.847360626482e-8	2	1	prime	4194287 (prime)
1148	4194277	4.847359295271e-8	2	1	prime	4194277 (prime)
1149	4194271	4.847358496545e-8	2	1	prime	4194271 (prime)
1150	4193801	4.847295874265e-8	2	1	prime	4193801 (prime)
1151	4193789	4.847294276838e-8	2	1	prime	4193789 (prime)
1152	4161539	4.842964582383e-8	2	1	prime	4161539 (prime)
1153	4161527	4.842962961114e-8	2	1	prime	4161527 (prime)
1154	4063237	4.829355721779e-8	2	1	prime	4063237 (prime)
1155	4063217	4.829352888842e-8	2	1	prime	4063217 (prime)
1156	3932167	4.810184605484e-8	2	1	prime	3932167 (prime)
1157	3932153	4.810182490978e-8	2	1	prime	3932153 (prime)
1158	3670027	4.767870031479e-8	2	1	prime	3670027 (prime)
1159	3670013	4.767867615728e-8	2	1	prime	3670013 (prime)
1160	3670001	4.767865544371e-8	2	1	prime	3670001 (prime)
1161	3669961	4.767858641055e-8	2	1	prime	3669961 (prime)
1162	3669583	4.767793401337e-8	2	1	prime	3669583 (prime)
1163	3669557	4.767788914498e-8	2	1	prime	3669557 (prime)
1164	3641357	4.762884870967e-8	2	1	prime	3641357 (prime)
1165	3641311	4.762876811658e-8	2	1	prime	3641311 (prime)
1166	3603619	4.756206128044e-8	2	1	prime	3603619 (prime)
1167	3603583	4.756199692505e-8	2	1	prime	3603583 (prime)
1168	3555353	4.747464634050e-8	2	1	prime	3555353 (prime)
1169	3555311	4.747456926269e-8	2	1	prime	3555311 (prime)
1170	3407851	4.719270777195e-8	2	1	prime	3407851 (prime)
1171	3407813	4.719263208852e-8	2	1	prime	3407813 (prime)
1172	3407483	4.719197492973e-8	2	1	prime	3407483 (prime)
1173	3407447	4.719190322783e-8	2	1	prime	3407447 (prime)
1174	201946	4.718448860365e-8	8	3	composite	2·37·2729
1175	6815731	4.716265964954e-8	4	2	composite	13·524287
1176	3381251	4.713934066742e-8	2	1	prime	3381251 (prime)
1177	3381239	4.713931641189e-8	2	1	prime	3381239 (prime)
1178	3326413	4.702672587333e-8	2	1	prime	3326413 (prime)
1179	3326399	4.702669666749e-8	2	1	prime	3326399 (prime)
1180	3243240	4.701467151718e-8	320	6	composite	2^3·3^4·5·7·11·13
1181	3301379	4.697411870510e-8	2	1	prime	3301379 (prime)
1182	3301369	4.697409755100e-8	2	1	prime	3301369 (prime)
1183	3243271	4.684899707250e-8	2	1	prime	3243271 (prime)
1184	3243239	4.684892697259e-8	2	1	prime	3243239 (prime)
1185	3211279	4.677825114430e-8	2	1	prime	3211279 (prime)
1186	3145739	4.662900051002e-8	2	1	prime	3145739 (prime)
1187	3145721	4.662895869532e-8	2	1	prime	3145721 (prime)
1188	3145711	4.662893547514e-8	2	1	prime	3145711 (prime)
1189	3145679	4.662886114159e-8	2	1	prime	3145679 (prime)
1190	3145361	4.662812238070e-8	2	1	prime	3145361 (prime)
1191	3145339	4.662807126380e-8	2	1	prime	3145339 (prime)
1192	200883	4.661843217711e-8	8	3	composite	3·29·2309
1193	3121163	4.657148281370e-8	2	1	prime	3121163 (prime)
1194	3121121	4.657138377147e-8	2	1	prime	3121121 (prime)
1195	200636	4.642350196369e-8	6	2	composite	2^2·50159
1196	200708	4.641833946166e-8	6	2	composite	2^2·50177
1197	3047441	4.639360352094e-8	2	1	prime	3047441 (prime)
1198	3047423	4.639355909485e-8	2	1	prime	3047423 (prime)
1199	201548	4.635840381074e-8	6	2	composite	2^2·50387
1200	201644	4.635158826206e-8	6	2	composite	2^2·50411
1201	2981897	4.622837609461e-8	2	1	prime	2981897 (prime)
1202	2981887	4.622835037050e-8	2	1	prime	2981887 (prime)
1203	200287	4.622761330478e-8	4	2	composite	53·3779
1204	491520	4.607571143960e-8	64	3	composite	2^15·3·5
1205	5767157	4.605438272653e-8	4	2	composite	11·524287
1206	2883563	4.596700590286e-8	2	1	prime	2883563 (prime)
1207	2883553	4.596697848079e-8	2	1	prime	2883553 (prime)
1208	2883233	4.596610003351e-8	2	1	prime	2883233 (prime)
1209	2883229	4.596608906154e-8	2	1	prime	2883229 (prime)
1210	2882897	4.596517752604e-8	2	1	prime	2882897 (prime)
1211	2882863	4.596508414362e-8	2	1	prime	2882863 (prime)
1212	2861059	4.590477376875e-8	2	1	prime	2861059 (prime)
1213	2861051	4.590475145734e-8	2	1	prime	2861051 (prime)
1214	2793481	4.571213633175e-8	2	1	prime	2793481 (prime)
1215	2793467	4.571209549386e-8	2	1	prime	2793467 (prime)
1216	2772017	4.564907396957e-8	2	1	prime	2772017 (prime)
1217	2771999	4.564902068660e-8	2	1	prime	2771999 (prime)
1218	2752513	4.559095587299e-8	2	1	prime	2752513 (prime)
1219	2752499	4.559091386339e-8	2	1	prime	2752499 (prime)
1220	200981	4.531299963826e-8	8	2	composite	11^3·151
1221	2661137	4.530785943418e-8	2	1	prime	2661137 (prime)
1222	2661119	4.530780182021e-8	2	1	prime	2661119 (prime)
1223	2621447	4.517903868128e-8	2	1	prime	2621447 (prime)
1224	2621431	4.517898600801e-8	2	1	prime	2621431 (prime)
1225	2621387	4.517884113920e-8	2	1	prime	2621387 (prime)
1226	2621131	4.517799815439e-8	2	1	prime	2621131 (prime)
1227	2621119	4.517795862870e-8	2	1	prime	2621119 (prime)
1228	4	4.515259259183e-8	3	1	composite	2^2
1229	2600963	4.511109017894e-8	2	1	prime	2600963 (prime)
1230	2600957	4.511107012488e-8	2	1	prime	2600957 (prime)
1231	2555911	4.495800179507e-8	2	1	prime	2555911 (prime)
1232	2555897	4.495795344172e-8	2	1	prime	2555897 (prime)
1233	2539529	4.490105501613e-8	2	1	prime	2539529 (prime)
1234	2539519	4.490102005288e-8	2	1	prime	2539519 (prime)
1235	2523139	4.484337721920e-8	2	1	prime	2523139 (prime)
1236	2523133	4.484335596405e-8	2	1	prime	2523133 (prime)
1237	202384	4.482764912253e-8	40	4	composite	2^4·7·13·139
1238	2494819	4.474202065181e-8	2	1	prime	2494819 (prime)
1239	2494781	4.474188321793e-8	2	1	prime	2494781 (prime)
1240	200656	4.449382818280e-8	10	2	composite	2^4·12541
1241	201645	4.435309859968e-8	12	3	composite	3^2·5·4481
1242	202312	4.425059289242e-8	32	3	composite	2^3·11^3·19
1243	2359303	4.422512713286e-8	2	1	prime	2359303 (prime)
1244	2359267	4.422498235742e-8	2	1	prime	2359267 (prime)
1245	2293771	4.395446749579e-8	2	1	prime	2293771 (prime)
1246	2293757	4.395440809158e-8	2	1	prime	2293757 (prime)
1247	4826809	4.385702822246e-8	7	1	composite	13^6
1248	1040384	4.379697944370e-8	28	2	composite	2^13·127
1249	2217617	4.362098978885e-8	2	1	prime	2217617 (prime)
1250	2217587	4.362085417782e-8	2	1	prime	2217587 (prime)
1251	2162717	4.336687187152e-8	2	1	prime	2162717 (prime)
1252	2162681	4.336670126323e-8	2	1	prime	2162681 (prime)
1253	2162177	4.336431203311e-8	2	1	prime	2162177 (prime)
1254	2162137	4.336412237377e-8	2	1	prime	2162137 (prime)
1255	2097169	4.304710175435e-8	2	1	prime	2097169 (prime)
1256	2097143	4.304697121252e-8	2	1	prime	2097143 (prime)
1257	2097133	4.304692097376e-8	2	1	prime	2097133 (prime)
1258	2096909	4.304579600959e-8	2	1	prime	2096909 (prime)
1259	2096893	4.304571564637e-8	2	1	prime	2096893 (prime)
1260	2080777	4.296417954616e-8	2	1	prime	2080777 (prime)
1261	2080763	4.296410821001e-8	2	1	prime	2080763 (prime)
1262	2031611	4.270794460992e-8	2	1	prime	2031611 (prime)
1263	1995841	4.251410235448e-8	2	1	prime	1995841 (prime)
1264	1995827	4.251402522156e-8	2	1	prime	1995827 (prime)
1265	1966123	4.234804426963e-8	2	1	prime	1966123 (prime)
1266	1966079	4.234779495250e-8	2	1	prime	1966079 (prime)
1267	202737	4.204388231177e-8	4	2	composite	3·67579
1268	1835017	4.155576539250e-8	2	1	prime	1835017 (prime)
1269	1835003	4.155567516402e-8	2	1	prime	1835003 (prime)
1270	1834999	4.155564938900e-8	2	1	prime	1834999 (prime)
1271	1834993	4.155561072994e-8	2	1	prime	1834993 (prime)
1272	1834799	4.155436037976e-8	2	1	prime	1834799 (prime)
1273	1834783	4.155425727019e-8	2	1	prime	1834783 (prime)
1274	851864	4.150068598456e-8	16	3	composite	2^3·13·8191
1275	1820677	4.146267953684e-8	2	1	prime	1820677 (prime)
1276	1820671	4.146264029924e-8	2	1	prime	1820671 (prime)
1277	1261568	4.135418409433e-8	60	3	composite	2^14·7·11
1278	202598	4.119027574323e-8	8	3	composite	2·11·9209
1279	1777687	4.117527826096e-8	2	1	prime	1777687 (prime)
1280	1777661	4.117510056119e-8	2	1	prime	1777661 (prime)
1281	1703941	4.065108274700e-8	2	1	prime	1703941 (prime)
1282	1703903	4.065080184687e-8	2	1	prime	1703903 (prime)
1283	1703731	4.064953026628e-8	2	1	prime	1703731 (prime)
1284	1703719	4.064944152001e-8	2	1	prime	1703719 (prime)
1285	1690651	4.055213105102e-8	2	1	prime	1690651 (prime)
1286	1690621	4.055190608029e-8	2	1	prime	1690621 (prime)
1287	5764801	4.054418907490e-8	9	1	composite	7^8
1288	1663217	4.034326490649e-8	2	1	prime	1663217 (prime)
1289	1663183	4.034300209308e-8	2	1	prime	1663183 (prime)
1290	1650703	4.024586989140e-8	2	1	prime	1650703 (prime)
1291	1650673	4.024563473783e-8	2	1	prime	1650673 (prime)
1292	1269760	4.019850248407e-8	56	3	composite	2^13·5·31
1293	122869	4.012721578415e-8	2	1	prime	122869 (prime)
1294	122887	4.010179933276e-8	2	1	prime	122887 (prime)
1295	1605677	3.988391666594e-8	2	1	prime	1605677 (prime)
1296	1605631	3.988353735761e-8	2	1	prime	1605631 (prime)
1297	1572869	3.960823317283e-8	2	1	prime	1572869 (prime)
1298	1572853	3.960809612837e-8	2	1	prime	1572853 (prime)
1299	1572841	3.960799339306e-8	2	1	prime	1572841 (prime)
1300	1572677	3.960658881768e-8	2	1	prime	1572677 (prime)
1301	1572647	3.960633186798e-8	2	1	prime	1572647 (prime)
1302	200135	3.958736739847e-8	8	3	composite	5·13·3079
1303	1777664	3.952978984827e-8	56	3	composite	2^13·7·31
1304	1560589	3.950231885052e-8	2	1	prime	1560589 (prime)
1305	1560569	3.950214510996e-8	2	1	prime	1560569 (prime)
1306	200377	3.942187174409e-8	4	2	composite	151·1327
1307	1523737	3.917512361325e-8	2	1	prime	1523737 (prime)
1308	1523707	3.917485137358e-8	2	1	prime	1523707 (prime)
1309	201704	3.896515838865e-8	16	3	composite	2^3·19·1327
1310	1496917	3.892777789756e-8	2	1	prime	1496917 (prime)
1311	1496837	3.892702807775e-8	2	1	prime	1496837 (prime)
1312	1490953	3.887167513684e-8	2	1	prime	1490953 (prime)
1313	1490941	3.887156181459e-8	2	1	prime	1490941 (prime)
1314	1560576	3.856840030778e-8	52	3	composite	2^12·3·127
1315	1441807	3.839334605466e-8	2	1	prime	1441807 (prime)
1316	1441771	3.839298483672e-8	2	1	prime	1441771 (prime)
1317	1441633	3.839160004928e-8	2	1	prime	1441633 (prime)
1318	1441603	3.839129894333e-8	2	1	prime	1441603 (prime)
1319	1441459	3.838985365622e-8	2	1	prime	1441459 (prime)
1320	1441439	3.838965289612e-8	2	1	prime	1441439 (prime)
1321	1430543	3.827952421120e-8	2	1	prime	1430543 (prime)
1322	1430521	3.827930032351e-8	2	1	prime	1430521 (prime)
1323	1771561	3.821493123936e-8	7	1	composite	11^6
1324	1396751	3.792811559008e-8	2	1	prime	1396751 (prime)
1325	1396723	3.792781808818e-8	2	1	prime	1396723 (prime)
1326	1386013	3.781321461326e-8	2	1	prime	1386013 (prime)
1327	1385987	3.781293447515e-8	2	1	prime	1385987 (prime)
1328	1376257	3.770742138171e-8	2	1	prime	1376257 (prime)
1329	1376237	3.770720310591e-8	2	1	prime	1376237 (prime)
1330	200686	3.768086529279e-8	4	2	composite	2·100343
1331	200714	3.767844698351e-8	4	2	composite	2·100357
1332	201598	3.760248160801e-8	4	2	composite	2·100799
1333	201602	3.760213953864e-8	4	2	composite	2·100801
1334	201820	3.757470111536e-8	12	3	composite	2^2·5·10091
1335	1330577	3.719355756882e-8	2	1	prime	1330577 (prime)
1336	1330559	3.719334884008e-8	2	1	prime	1330559 (prime)
1337	1310719	3.696017298643e-8	2	1	prime	1310719 (prime)
1338	1310693	3.695986329576e-8	2	1	prime	1310693 (prime)
1339	1310579	3.695850517525e-8	2	1	prime	1310579 (prime)
1340	1310549	3.695814770289e-8	2	1	prime	1310549 (prime)
1341	1300487	3.683743298082e-8	2	1	prime	1300487 (prime)
1342	1300477	3.683731215072e-8	2	1	prime	1300477 (prime)
1343	9765625	3.657743396846e-8	11	1	composite	5^10
1344	1277957	3.656099238311e-8	2	1	prime	1277957 (prime)
1345	1277911	3.656041908285e-8	2	1	prime	1277911 (prime)
1346	1269797	3.645871492739e-8	2	1	prime	1269797 (prime)
1347	1269757	3.645821069055e-8	2	1	prime	1269757 (prime)
1348	1261571	3.635441889710e-8	2	1	prime	1261571 (prime)
1349	1261567	3.635436787773e-8	2	1	prime	1261567 (prime)
1350	201122	3.631840462143e-8	8	3	composite	2·227·443
1351	200236	3.609257200765e-8	12	3	composite	2^2·113·443
1352	125963	3.597767509666e-8	2	1	prime	125963 (prime)
1353	126001	3.592934968415e-8	2	1	prime	126001 (prime)
1354	200368	3.548027545948e-8	20	3	composite	2^4·7·1789
1355	201565	3.528854328952e-8	16	4	composite	5·7·13·443
1356	1179649	3.524575387253e-8	2	1	prime	1179649 (prime)
1357	1179641	3.524563897843e-8	2	1	prime	1179641 (prime)
1358	1146881	3.476339101117e-8	2	1	prime	1146881 (prime)
1359	1146877	3.476333060600e-8	2	1	prime	1146877 (prime)
1360	200679	3.475163387713e-8	8	3	composite	3·151·443
1361	126967	3.472132787884e-8	2	1	prime	126967 (prime)
1362	126989	3.469426884071e-8	2	1	prime	126989 (prime)
1363	1108801	3.417160982058e-8	2	1	prime	1108801 (prime)
1364	1108781	3.417128972796e-8	2	1	prime	1108781 (prime)
1365	202451	3.398215700573e-8	4	2	composite	443·457
1366	202008	3.397710015454e-8	32	4	composite	2^3·3·19·443
1367	520192	3.386402530624e-8	26	2	composite	2^12·127
1368	200229	3.379362028264e-8	8	3	composite	3·31·2153
1369	1081351	3.372259948603e-8	2	1	prime	1081351 (prime)
1370	1081337	3.372236543115e-8	2	1	prime	1081337 (prime)
1371	1081097	3.371835245044e-8	2	1	prime	1081097 (prime)
1372	1081079	3.371805141554e-8	2	1	prime	1081079 (prime)
1373	1048583	3.316005916051e-8	2	1	prime	1048583 (prime)
1374	1048573	3.315988286355e-8	2	1	prime	1048573 (prime)
1375	1048571	3.315984765691e-8	2	1	prime	1048571 (prime)
1376	1048559	3.315963608875e-8	2	1	prime	1048559 (prime)
1377	1048447	3.315766130114e-8	2	1	prime	1048447 (prime)
1378	1040387	3.301459028817e-8	2	1	prime	1040387 (prime)
1379	1040381	3.301448307872e-8	2	1	prime	1040381 (prime)
1380	1015813	3.256638817386e-8	2	1	prime	1015813 (prime)
1381	1015769	3.256556902014e-8	2	1	prime	1015769 (prime)
1382	201300	3.253773483616e-8	72	5	composite	2^2·3·5^2·11·61
1383	201525	3.242018622332e-8	12	3	composite	3·5^2·2687
1384	202382	3.234661976915e-8	8	3	composite	2·47·2153
1385	1490944	3.226223002447e-8	60	3	composite	2^14·7·13
1386	997933	3.222844684070e-8	2	1	prime	997933 (prime)
1387	997897	3.222775600107e-8	2	1	prime	997897 (prime)
1388	6242304	3.201398574237e-8	60	3	composite	2^14·3·127
1389	983063	3.193944120277e-8	2	1	prime	983063 (prime)
1390	200100	3.171016854357e-8	72	5	composite	2^2·3·5^2·23·29
1391	130043	3.112441087339e-8	2	1	prime	130043 (prime)
1392	130051	3.111552818461e-8	2	1	prime	130051 (prime)
1393	200700	3.069902157388e-8	54	4	composite	2^2·3^2·5^2·223
1394	917513	3.057186131682e-8	2	1	prime	917513 (prime)
1395	917503	3.057164022837e-8	2	1	prime	917503 (prime)
1396	917471	3.057093269644e-8	2	1	prime	917471 (prime)
1397	917407	3.056951751106e-8	2	1	prime	917407 (prime)
1398	917381	3.056894253495e-8	2	1	prime	917381 (prime)
1399	910361	3.041270223128e-8	2	1	prime	910361 (prime)
1400	910307	3.041149261294e-8	2	1	prime	910307 (prime)
1401	201560	3.030346639482e-8	16	3	composite	2^3·5·5039
1402	9	3.007209691722e-8	3	1	composite	3^2
1403	131041	3.003430543070e-8	2	1	prime	131041 (prime)
1404	131059	3.001497338796e-8	2	1	prime	131059 (prime)
1405	131063	3.001067895451e-8	2	1	prime	131063 (prime)
1406	131101	2.996991043691e-8	2	1	prime	131101 (prime)
1407	888857	2.992137394684e-8	2	1	prime	888857 (prime)
1408	888827	2.992067475103e-8	2	1	prime	888827 (prime)
1409	887057	2.987935332939e-8	2	1	prime	887057 (prime)
1410	887017	2.987841791505e-8	2	1	prime	887017 (prime)
1411	200593	2.985490162724e-8	4	2	composite	29·6917
1412	4782969	2.974519021956e-8	15	1	composite	3^14
1413	851881	2.902897278815e-8	2	1	prime	851881 (prime)
1414	851863	2.902852290881e-8	2	1	prime	851863 (prime)
1415	823543	2.902358516662e-8	8	1	composite	7^7
1416	845333	2.886429473131e-8	2	1	prime	845333 (prime)
1417	845309	2.886368729594e-8	2	1	prime	845309 (prime)
1418	831617	2.851252149790e-8	2	1	prime	831617 (prime)
1419	831599	2.851205362580e-8	2	1	prime	831599 (prime)
1420	910336	2.845617226840e-8	44	3	composite	2^10·7·127
1421	825347	2.834856257814e-8	2	1	prime	825347 (prime)
1422	825343	2.834845733708e-8	2	1	prime	825343 (prime)
1423	39	2.833981461716e-8	4	2	composite	3·13
1424	802829	2.774275882169e-8	2	1	prime	802829 (prime)
1425	802811	2.774226365490e-8	2	1	prime	802811 (prime)
1426	786433	2.728423954638e-8	2	1	prime	786433 (prime)
1427	786431	2.728418271046e-8	2	1	prime	786431 (prime)
1428	786419	2.728384151176e-8	2	1	prime	786419 (prime)
1429	786337	2.728151006307e-8	2	1	prime	786337 (prime)
1430	786329	2.728128262706e-8	2	1	prime	786329 (prime)
1431	507904	2.721433729832e-8	30	2	composite	2^14·31
1432	780323	2.710945663553e-8	2	1	prime	780323 (prime)
1433	780287	2.710842036486e-8	2	1	prime	780287 (prime)
1434	761861	2.656790611332e-8	2	1	prime	761861 (prime)
1435	761833	2.656706911931e-8	2	1	prime	761833 (prime)
1436	200070	2.649082862931e-8	80	5	composite	2·3^4·5·13·19
1437	202157	2.641112767322e-8	4	2	composite	113·1789
1438	745477	2.606974065857e-8	2	1	prime	745477 (prime)
1439	745471	2.606955508706e-8	2	1	prime	745471 (prime)
1440	201684	2.595215807705e-8	36	3	composite	2^2·3·7^5
1441	135151	2.590572515513e-8	2	1	prime	135151 (prime)
1442	135173	2.588509683538e-8	2	1	prime	135173 (prime)
1443	229376	2.568830540460e-8	32	2	composite	2^15·7
1444	8323072	2.530949095767e-8	34	2	composite	2^16·127
1445	720829	2.528735097792e-8	2	1	prime	720829 (prime)
1446	720793	2.528617819509e-8	2	1	prime	720793 (prime)
1447	720743	2.528454904773e-8	2	1	prime	720743 (prime)
1448	720703	2.528324563009e-8	2	1	prime	720703 (prime)
1449	200400	2.521286569340e-8	60	4	composite	2^4·3·5^2·167
1450	715289	2.510579896169e-8	2	1	prime	715289 (prime)
1451	715259	2.510480995717e-8	2	1	prime	715259 (prime)
1452	136069	2.505752575144e-8	2	1	prime	136069 (prime)
1453	136093	2.503569187073e-8	2	1	prime	136093 (prime)
1454	698371	2.453782782527e-8	2	1	prime	698371 (prime)
1455	698359	2.453741759049e-8	2	1	prime	698359 (prime)
1456	8388608	2.442868932769e-8	24	1	composite	2^23
1457	8388544	2.440467992622e-8	14	2	composite	2^6·131071
1458	8388592	2.432614992062e-8	10	2	composite	2^4·524287
1459	8387584	2.428041431055e-8	22	2	composite	2^10·8191
1460	688133	2.418388327732e-8	2	1	prime	688133 (prime)
1461	688111	2.418311418770e-8	2	1	prime	688111 (prime)
1462	201690	2.401204430155e-8	48	4	composite	2·3^5·5·83
1463	200198	2.397525304637e-8	8	3	composite	2·31·3229
1464	1953125	2.371058584767e-8	10	1	composite	5^9
1465	665293	2.336506890574e-8	2	1	prime	665293 (prime)
1466	665279	2.336455430111e-8	2	1	prime	665279 (prime)
1467	1703923	2.303373205958e-8	4	2	composite	13·131071
1468	8126464	2.301825867810e-8	38	2	composite	2^18·31
1469	5111808	2.301369868209e-8	72	3	composite	2^17·3·13
1470	655357	2.299574025521e-8	2	1	prime	655357 (prime)
1471	655351	2.299551472228e-8	2	1	prime	655351 (prime)
1472	655283	2.299295885596e-8	2	1	prime	655283 (prime)
1473	655273	2.299258292161e-8	2	1	prime	655273 (prime)
1474	138599	2.284800134509e-8	2	1	prime	138599 (prime)
1475	138617	2.283292904643e-8	2	1	prime	138617 (prime)
1476	1441781	2.282281199485e-8	4	2	composite	11·131071
1477	650261	2.280311630753e-8	2	1	prime	650261 (prime)
1478	650227	2.280182370942e-8	2	1	prime	650227 (prime)
1479	638977	2.236866708029e-8	2	1	prime	638977 (prime)
1480	638971	2.236843310240e-8	2	1	prime	638971 (prime)
1481	393213	2.227341454300e-8	4	2	composite	3·131071
1482	634891	2.220860430130e-8	2	1	prime	634891 (prime)
1483	634871	2.220781715979e-8	2	1	prime	634871 (prime)
1484	202659	2.211629094522e-8	8	3	composite	3·43·1571
1485	201648	2.205694873574e-8	20	3	composite	2^4·3·4201
1486	630797	2.204673602621e-8	2	1	prime	630797 (prime)
1487	630737	2.204435269610e-8	2	1	prime	630737 (prime)
1488	917497	2.203831681070e-8	4	2	composite	7·131071
1489	200610	2.169796202058e-8	32	4	composite	2·3^3·5·743
1490	655355	2.167927503730e-8	4	2	composite	5·131071
1491	200384	2.151401219847e-8	28	3	composite	2^6·31·101
1492	6815692	2.150487465793e-8	12	3	composite	2^2·13·131071
1493	201679	2.141070336660e-8	4	2	composite	41·4919
1494	200550	2.121435726727e-8	48	5	composite	2·3·5^2·7·191
1495	200581	2.120303842917e-8	4	2	composite	79·2539
1496	5767124	2.102094839459e-8	12	3	composite	2^2·11·131071
1497	201715	2.061871317688e-8	4	2	composite	5·40343
1498	201088	2.043257147285e-8	16	2	composite	2^7·1571
1499	6814912	2.036861352170e-8	28	3	composite	2^6·13·8191
1500	589829	2.034073203989e-8	2	1	prime	589829 (prime)
1501	589811	2.033994657999e-8	2	1	prime	589811 (prime)
1502	8650752	2.008596085349e-8	76	3	composite	2^18·3·11
1503	5963776	1.998921802566e-8	68	3	composite	2^16·7·13
1504	5766464	1.989106542987e-8	28	3	composite	2^6·11·8191
1505	5046272	1.964497289452e-8	68	3	composite	2^16·7·11
1506	573451	1.961225596738e-8	2	1	prime	573451 (prime)
1507	573437	1.961162130982e-8	2	1	prime	573437 (prime)
1508	131072	1.950420210360e-8	18	1	composite	2^17
1509	201479	1.944888548746e-8	4	2	composite	113·1783
1510	5722112	1.930858612083e-8	52	3	composite	2^12·11·127
1511	6602752	1.925963449101e-8	60	3	composite	2^14·13·31
1512	6422528	1.916669203324e-8	54	2	composite	2^17·7^2
1513	143357	1.915739307731e-8	2	1	prime	143357 (prime)
1514	49139	1.915028302750e-8	2	1	prime	49139 (prime)
1515	143387	1.913589618083e-8	2	1	prime	143387 (prime)
1516	7340032	1.886772380965e-8	42	2	composite	2^20·7
1517	201017	1.877202836225e-8	4	2	composite	179·1123
1518	6762496	1.874107368716e-8	52	3	composite	2^12·13·127
1519	7339976	1.873647833166e-8	16	3	composite	2^3·7·131071
1520	554417	1.872993370657e-8	2	1	prime	554417 (prime)
1521	554383	1.872832228776e-8	2	1	prime	554383 (prime)
1522	5586944	1.862517536209e-8	60	3	composite	2^14·11·31
1523	200835	1.840328300618e-8	12	3	composite	3^2·5·4463
1524	1081344	1.832513502990e-8	64	3	composite	2^15·3·11
1525	1489	1.821762753194e-8	2	1	prime	1489 (prime)
1526	540677	1.806813263633e-8	2	1	prime	540677 (prime)
1527	540629	1.806578316439e-8	2	1	prime	540629 (prime)
1528	202532	1.790370466136e-8	12	3	composite	2^2·11·4603
1529	5242240	1.787119773378e-8	32	3	composite	2^7·5·8191
1530	3670009	1.781666110089e-8	4	2	composite	7·524287
1531	3555328	1.761532700157e-8	60	3	composite	2^14·7·31
1532	7864320	1.748197132331e-8	80	3	composite	2^19·3·5
1533	202650	1.738531104778e-8	48	5	composite	2·3·5^2·7·193
1534	524309	1.725141998587e-8	2	1	prime	524309 (prime)
1535	524269	1.724938551978e-8	2	1	prime	524269 (prime)
1536	524231	1.724745258030e-8	2	1	prime	524231 (prime)
1537	524221	1.724694388029e-8	2	1	prime	524221 (prime)
1538	520193	1.704107062408e-8	2	1	prime	520193 (prime)
1539	520151	1.703891370935e-8	2	1	prime	520151 (prime)
1540	5242840	1.703297202409e-8	16	3	composite	2^3·5·131071
1541	1690624	1.691869750071e-8	44	3	composite	2^10·13·127
1542	201488	1.678309033690e-8	30	3	composite	2^4·7^2·257
1543	7340018	1.669816421603e-8	8	3	composite	2·7·524287
1544	2621435	1.651769336892e-8	4	2	composite	5·524287
1545	106483	1.648373873608e-8	4	2	composite	13·8191
1546	147451	1.641010867035e-8	2	1	prime	147451 (prime)
1547	147457	1.640634629419e-8	2	1	prime	147457 (prime)
1548	507907	1.640102781608e-8	2	1	prime	507907 (prime)
1549	507901	1.640071073701e-8	2	1	prime	507901 (prime)
1550	5201920	1.633451533823e-8	56	3	composite	2^13·5·127
1551	1572861	1.595028565001e-8	4	2	composite	3·524287
1552	498961	1.592333194400e-8	2	1	prime	498961 (prime)
1553	498947	1.592257658897e-8	2	1	prime	498947 (prime)
1554	5079040	1.580986851494e-8	64	3	composite	2^15·5·31
1555	201024	1.570371332120e-8	42	3	composite	2^6·3^2·349
1556	1277952	1.566844084864e-8	64	3	composite	2^15·3·13
1557	9175040	1.558397513083e-8	76	3	composite	2^18·5·7
1558	491527	1.551877867941e-8	2	1	prime	491527 (prime)
1559	491503	1.551746131044e-8	2	1	prime	491503 (prime)
1560	90101	1.527754249745e-8	4	2	composite	11·8191
1561	200776	1.520770722375e-8	8	2	composite	2^3·25097
1562	5242870	1.497979227922e-8	8	3	composite	2·5·524287
1563	201570	1.493983492618e-8	16	4	composite	2·3·5·6719
1564	200972	1.490559951888e-8	12	3	composite	2^2·47·1069
1565	1300480	1.468948263361e-8	48	3	composite	2^11·5·127
1566	151189	1.420329936047e-8	2	1	prime	151189 (prime)
1567	151201	1.419664069136e-8	2	1	prime	151201 (prime)
1568	6291444	1.417968218587e-8	12	3	composite	2^2·3·524287
1569	7110656	1.412323587974e-8	64	3	composite	2^15·7·31
1570	200622	1.408336149211e-8	16	4	composite	2·3·29·1153
1571	11	1.396941304298e-8	2	1	prime	11 (prime)
1572	6291408	1.379246268548e-8	20	3	composite	2^4·3·131071
1573	202041	1.377462910700e-8	16	3	composite	3^3·7·1069
1574	6290688	1.374832789441e-8	36	3	composite	2^8·3·8191
1575	202028	1.371658641519e-8	12	3	composite	2^2·17·2971
1576	458789	1.365337012405e-8	2	1	prime	458789 (prime)
1577	458747	1.365088821857e-8	2	1	prime	458747 (prime)
1578	458701	1.364816956549e-8	2	1	prime	458701 (prime)
1579	458683	1.364710573237e-8	2	1	prime	458683 (prime)
1580	201510	1.359363134696e-8	24	4	composite	2·3^2·5·2239
1581	360404	1.354967033633e-8	12	3	composite	2^2·11·8191
1582	202664	1.350289384894e-8	48	4	composite	2^3·7^2·11·47
1583	200816	1.345982591905e-8	40	4	composite	2^4·7·11·163
1584	455171	1.343872597030e-8	2	1	prime	455171 (prime)
1585	455167	1.343848772781e-8	2	1	prime	455167 (prime)
1586	201775	1.340819940842e-8	12	3	composite	5^2·7·1153
1587	3381248	1.335518202625e-8	48	3	composite	2^11·13·127
1588	2793472	1.334950909713e-8	56	3	composite	2^13·11·31
1589	201384	1.314685804500e-8	24	3	composite	2^3·3^2·2797
1590	1430528	1.298020804189e-8	44	3	composite	2^10·11·127
1591	9437184	1.293131558797e-8	63	2	composite	2^20·3^2
1592	202402	1.291527003746e-8	8	3	composite	2·17·5953
1593	444421	1.279095278580e-8	2	1	prime	444421 (prime)
1594	444403	1.278985560921e-8	2	1	prime	444403 (prime)
1595	443533	1.273677532876e-8	2	1	prime	443533 (prime)
1596	443501	1.273482108666e-8	2	1	prime	443501 (prime)
1597	201432	1.220746144526e-8	64	5	composite	2^3·3·7·11·109
1598	7339136	1.208991701279e-8	32	3	composite	2^7·7·8191
1599	3301376	1.203516191630e-8	56	3	composite	2^13·13·31
1600	200648	1.193864181287e-8	16	3	composite	2^3·7·3583
1601	458752	1.187267319549e-8	34	2	composite	2^16·7
1602	425939	1.164253480677e-8	2	1	prime	425939 (prime)
1603	425911	1.164076208990e-8	2	1	prime	425911 (prime)
1604	200660	1.162253080184e-8	24	4	composite	2^2·5·79·127
1605	3121152	1.160693622833e-8	56	3	composite	2^13·3·127
1606	202236	1.156084401359e-8	24	4	composite	2^2·3·19·887
1607	1594323	1.155919872614e-8	14	1	composite	3^13
1608	4987	1.147691576695e-8	2	1	prime	4987 (prime)
1609	422657	1.143408327759e-8	2	1	prime	422657 (prime)
1610	422627	1.143217169906e-8	2	1	prime	422627 (prime)
1611	57337	1.114771990379e-8	4	2	composite	7·8191
1612	200462	1.109175177625e-8	8	3	composite	2·113·887
1613	202317	1.103435354107e-8	8	3	composite	3·17·3967
1614	415801	1.099434319998e-8	2	1	prime	415801 (prime)
1615	415799	1.099421410712e-8	2	1	prime	415799 (prime)
1616	202680	1.098472643912e-8	48	4	composite	2^3·3^2·5·563
1617	157679	1.095957962995e-8	2	1	prime	157679 (prime)
1618	157721	1.094076778647e-8	2	1	prime	157721 (prime)
1619	531441	1.087331478057e-8	13	1	composite	3^12
1620	412717	1.079467408625e-8	2	1	prime	412717 (prime)
1621	412667	1.079142747946e-8	2	1	prime	412667 (prime)
1622	201349	1.070747700573e-8	4	2	composite	227·887
1623	201150	1.055517725619e-8	48	4	composite	2·3^3·5^2·149
1624	158699	1.051004734919e-8	2	1	prime	158699 (prime)
1625	201660	1.050104501639e-8	24	4	composite	2^2·3·5·3361
1626	158731	1.049618924130e-8	2	1	prime	158731 (prime)
1627	202719	1.034610812638e-8	8	3	composite	3·11·6143
1628	393216	1.030832667540e-8	36	2	composite	2^17·3
1629	201428	1.030070231449e-8	12	3	composite	2^2·37·1361
1630	393168	1.012349379058e-8	20	3	composite	2^4·3·8191
1631	200576	1.009358502749e-8	16	2	composite	2^7·1567
1632	117649	1.009175993383e-8	7	1	composite	7^6
1633	200067	1.008751438393e-8	12	3	composite	3·7^2·1361
1634	159739	1.006711646525e-8	2	1	prime	159739 (prime)
1635	159763	1.005707473883e-8	2	1	prime	159763 (prime)
1636	401411	1.005310959871e-8	2	1	prime	401411 (prime)
1637	401407	1.005284471038e-8	2	1	prime	401407 (prime)
1638	5505024	9.901854161201e-9	76	3	composite	2^18·3·7
1639	393241	9.508290775407e-9	2	1	prime	393241 (prime)
1640	393209	9.506142821694e-9	2	1	prime	393209 (prime)
1641	393181	9.504263259467e-9	2	1	prime	393181 (prime)
1642	393161	9.502920586915e-9	2	1	prime	393161 (prime)
1643	61	9.476681000308e-9	2	1	prime	61 (prime)
1644	6094848	9.306907099188e-9	68	3	composite	2^16·3·31
1645	390151	9.300388228625e-9	2	1	prime	390151 (prime)
1646	390119	9.298230131223e-9	2	1	prime	390119 (prime)
1647	201610	9.262494867343e-9	8	3	composite	2·5·20161
1648	3669568	9.238296927323e-9	28	3	composite	2^6·7·8191
1649	201680	9.153658189630e-9	20	3	composite	2^4·5·2521
1650	1019	8.965257654501e-9	2	1	prime	1019 (prime)
1651	162557	8.941402152788e-9	2	1	prime	162557 (prime)
1652	162563	8.939116864322e-9	2	1	prime	162563 (prime)
1653	380929	8.674303032209e-9	2	1	prime	380929 (prime)
1654	380917	8.673483139179e-9	2	1	prime	380917 (prime)
1655	200900	8.617899802864e-9	54	4	composite	2^2·5^2·7^2·41
1656	202143	8.610690537671e-9	8	3	composite	3·43·1567
1657	163819	8.470754212739e-9	2	1	prime	163819 (prime)
1658	163841	8.462725651141e-9	2	1	prime	163841 (prime)
1659	200970	8.303551308144e-9	96	6	composite	2·3^2·5·7·11·29
1660	372739	8.111870747391e-9	2	1	prime	372739 (prime)
1661	372733	8.111456714009e-9	2	1	prime	372733 (prime)
1662	1179648	7.971178277975e-9	54	2	composite	2^17·3^2
1663	2861056	7.946202129522e-9	48	3	composite	2^11·11·127
1664	200696	7.899861688880e-9	8	2	composite	2^3·25087
1665	524287	7.881863538568e-9	2	1	prime	524287 (prime)
1666	201234	7.622908050245e-9	16	4	composite	2·3·11·3049
1667	166319	7.595664596909e-9	2	1	prime	166319 (prime)
1668	166349	7.585608405951e-9	2	1	prime	166349 (prime)
1669	425932	7.532266957196e-9	12	3	composite	2^2·13·8191
1670	360407	7.255643911246e-9	2	1	prime	360407 (prime)
1671	360391	7.254527018100e-9	2	1	prime	360391 (prime)
1672	357649	7.062933814511e-9	2	1	prime	357649 (prime)
1673	357619	7.060835659515e-9	2	1	prime	357619 (prime)
1674	201780	7.020081098612e-9	72	5	composite	2^2·3^2·5·19·59
1675	200992	6.891421428640e-9	24	3	composite	2^5·11·571
1676	200520	6.847052533198e-9	48	4	composite	2^3·3^2·5·557
1677	201003	6.833868013911e-9	8	3	composite	3·11·6091
1678	201696	6.805846210699e-9	48	4	composite	2^5·3·11·191
1679	200760	6.707890408591e-9	64	5	composite	2^3·3·5·7·239
1680	202300	6.636967980846e-9	54	4	composite	2^2·5^2·7·17^2
1681	887040	6.583569511305e-9	216	5	composite	2^8·3^2·5·7·11
1682	262142	6.503785684948e-9	4	2	composite	2·131071
1683	3145728	6.477067228668e-9	42	2	composite	2^20·3
1684	5405400	6.471409197992e-9	384	6	composite	2^3·3^3·5^2·7·11·13
1685	349187	6.469781343184e-9	2	1	prime	349187 (prime)
1686	349183	6.469500470404e-9	2	1	prime	349183 (prime)
1687	201656	6.445640250210e-9	32	4	composite	2^3·7·13·277
1688	200745	6.339304852693e-9	16	3	composite	3^3·5·1487
1689	202140	6.296252699743e-9	36	4	composite	2^2·3^2·5·1123
1690	2097152	6.176806134727e-9	22	1	composite	2^21
1691	786336	6.144664734618e-9	24	3	composite	2^5·3·8191
1692	344083	6.111171446682e-9	2	1	prime	344083 (prime)
1693	344053	6.109062828366e-9	2	1	prime	344053 (prime)
1694	390625	6.033613612915e-9	9	1	composite	5^8
1695	1966080	5.913268574092e-9	72	3	composite	2^17·3·5
1696	201540	5.901575562228e-9	24	4	composite	2^2·3·5·3359
1697	172031	5.856491839963e-9	2	1	prime	172031 (prime)
1698	172049	5.851538812364e-9	2	1	prime	172049 (prime)
1699	200512	5.790008853372e-9	28	3	composite	2^6·13·241
1700	201333	5.728492327822e-9	8	3	composite	3·11·6101
1701	200046	5.615596786199e-9	32	5	composite	2·3·7·11·433
1702	200694	5.552204199456e-9	32	5	composite	2·3·13·31·83
1703	200428	5.406819289885e-9	12	3	composite	2^2·89·563
1704	114674	5.354936134617e-9	8	3	composite	2·7·8191
1705	332641	5.307601606475e-9	2	1	prime	332641 (prime)
1706	332623	5.306340065836e-9	2	1	prime	332623 (prime)
1707	1310560	5.276955455238e-9	24	3	composite	2^5·5·8191
1708	200706	5.206204392421e-9	16	4	composite	2·3·11·3041
1709	2882880	5.189538074323e-9	336	6	composite	2^6·3^2·5·7·11·13
1710	174583	5.184753560830e-9	2	1	prime	174583 (prime)
1711	174599	5.180731119291e-9	2	1	prime	174599 (prime)
1712	201240	5.178563883668e-9	96	5	composite	2^3·3^2·5·13·43
1713	201613	5.108492995728e-9	4	2	composite	37·5449
1714	202176	5.077814639500e-9	84	3	composite	2^6·3^5·13
1715	200991	5.064941081594e-9	16	4	composite	3·7·17·563
1716	200421	5.041195797992e-9	16	3	composite	3^3·13·571
1717	202440	5.004346166633e-9	64	5	composite	2^3·3·5·7·241
1718	202090	4.966361449832e-9	16	4	composite	2·5·7·2887
1719	327647	4.958203588744e-9	2	1	prime	327647 (prime)
1720	327629	4.956946804708e-9	2	1	prime	327629 (prime)
1721	4161536	4.854045181427e-9	32	2	composite	2^15·127
1722	201120	4.817485164286e-9	48	4	composite	2^5·3·5·419
1723	325133	4.782894386626e-9	2	1	prime	325133 (prime)
1724	325093	4.780108881070e-9	2	1	prime	325093 (prime)
1725	3047424	4.760905916677e-9	64	3	composite	2^15·3·31
1726	2752512	4.757323350784e-9	72	3	composite	2^17·3·7
1727	201880	4.747908941130e-9	48	4	composite	2^3·5·7^2·103
1728	4194296	4.716638807772e-9	8	2	composite	2^3·524287
1729	202400	4.710647915901e-9	72	4	composite	2^5·5^2·11·23
1730	202306	4.709806995970e-9	16	4	composite	2·13·31·251
1731	4194272	4.689751525567e-9	12	2	composite	2^5·131071
1732	201345	4.660871012618e-9	16	4	composite	3·5·31·433
1733	201824	4.643259422670e-9	48	4	composite	2^5·7·17·53
1734	4325376	4.628831488535e-9	72	3	composite	2^17·3·11
1735	202080	4.619929896318e-9	48	4	composite	2^5·3·5·421
1736	200640	4.612109947667e-9	112	5	composite	2^6·3·5·11·19
1737	201563	4.606208917594e-9	4	2	composite	353·571
1738	200592	4.581095645344e-9	60	4	composite	2^4·3^2·7·199
1739	200556	4.558799707044e-9	30	3	composite	2^2·3^4·619
1740	1834784	4.553961821387e-9	24	3	composite	2^5·7·8191
1741	4193792	4.552168243411e-9	20	2	composite	2^9·8191
1742	200479	4.528280888919e-9	4	2	composite	433·463
1743	201354	4.483115945481e-9	16	4	composite	2·3·37·907
1744	201060	4.479964693183e-9	36	4	composite	2^2·3^2·5·1117
1745	202134	4.476362089501e-9	16	4	composite	2·3·59·571
1746	200032	4.439668511843e-9	48	4	composite	2^5·7·19·47
1747	201728	4.392191287424e-9	22	2	composite	2^10·197
1748	319489	4.391265709460e-9	2	1	prime	319489 (prime)
1749	319483	4.390851046214e-9	2	1	prime	319483 (prime)
1750	3603600	4.388114223268e-9	360	6	composite	2^4·3^2·5^2·7·11·13
1751	200205	4.362130379013e-9	16	3	composite	3^3·5·1483
1752	200912	4.359980703806e-9	20	3	composite	2^4·29·433
1753	200447	4.359542239309e-9	8	3	composite	13·17·907
1754	201015	4.350414057992e-9	16	3	composite	3^3·5·1489
1755	2	4.346530583509e-9	2	1	prime	2 (prime)
1756	202705	4.338635044739e-9	8	3	composite	5·71·571
1757	2293760	4.322042442759e-9	68	3	composite	2^16·5·7
1758	201778	4.270595931254e-9	8	3	composite	2·233·433
1759	202179	4.270069290536e-9	8	3	composite	3·19·3547
1760	317453	4.250804248571e-9	2	1	prime	317453 (prime)
1761	317437	4.249702385178e-9	2	1	prime	317437 (prime)
1762	201202	4.230090349581e-9	8	3	composite	2·29·3469
1763	201554	4.218608389645e-9	8	3	composite	2·179·563
1764	202644	4.208787218759e-9	36	4	composite	2^2·3^2·13·433
1765	178813	4.198186859879e-9	2	1	prime	178813 (prime)
1766	178817	4.197324082001e-9	2	1	prime	178817 (prime)
1767	3407456	4.190965520210e-9	24	3	composite	2^5·13·8191
1768	202211	4.188883923884e-9	4	2	composite	433·467
1769	4194304	4.153350812983e-9	23	1	composite	2^22
1770	315407	4.110170862395e-9	2	1	prime	315407 (prime)
1771	315389	4.108936074310e-9	2	1	prime	315389 (prime)
1772	201555	4.101661658886e-9	16	3	composite	3^3·5·1493
1773	202478	4.101078506759e-9	8	3	composite	2·29·3491
1774	201984	4.065111543644e-9	36	3	composite	2^8·3·263
1775	202578	4.064075192427e-9	16	4	composite	2·3·19·1777
1776	2883232	4.054739848538e-9	24	3	composite	2^5·11·8191
1777	202651	4.012819612275e-9	4	2	composite	191·1061
1778	202365	3.950861297620e-9	16	3	composite	3^3·5·1499
1779	180181	3.910444579376e-9	2	1	prime	180181 (prime)
1780	180211	3.904296974118e-9	2	1	prime	180211 (prime)
1781	200475	3.881393751531e-9	42	3	composite	3^6·5^2·11
1782	202635	3.872706486920e-9	32	4	composite	3^3·5·19·79
1783	201638	3.803642094272e-9	8	3	composite	2·41·2459
1784	201467	3.773022210497e-9	8	3	composite	7·17·1693
1785	4063232	3.770567507930e-9	36	2	composite	2^17·31
1786	200801	3.745789112722e-9	4	2	composite	113·1777
1787	201858	3.739074611769e-9	16	4	composite	2·3·17·1979
1788	8648640	3.716080786682e-9	448	6	composite	2^6·3^3·5·7·11·13
1789	200960	3.703140302118e-9	36	3	composite	2^8·5·157
1790	3670016	3.699678334371e-9	40	2	composite	2^19·7
1791	202095	3.695636410729e-9	20	3	composite	3^4·5·499
1792	1572852	3.679820896549e-9	12	3	composite	2^2·3·131071
1793	200064	3.666984646737e-9	32	3	composite	2^7·3·521
1794	181439	3.658492148832e-9	2	1	prime	181439 (prime)
1795	181457	3.654972923727e-9	2	1	prime	181457 (prime)
1796	201500	3.646360783656e-9	48	4	composite	2^2·5^3·13·31
1797	201590	3.643042042656e-9	16	4	composite	2·5·19·1061
1798	202294	3.599180174926e-9	8	3	composite	2·41·2467
1799	3211264	3.509815173673e-9	51	2	composite	2^16·7^2
1800	3669988	3.496364623690e-9	12	3	composite	2^2·7·131071
1801	200529	3.492430315453e-9	16	3	composite	3^3·7·1061
1802	36871	3.482061390168e-9	2	1	prime	36871 (prime)
1803	202573	3.481982156952e-9	8	3	composite	7·43·673
1804	7282688	3.435143180602e-9	56	3	composite	2^13·7·127
1805	201920	3.419974076683e-9	28	3	composite	2^6·5·631
1806	201740	3.402124050679e-9	48	5	composite	2^2·5·7·11·131
1807	589824	3.401426176659e-9	51	2	composite	2^16·3^2
1808	200623	3.397782187893e-9	4	2	composite	439·457
1809	201501	3.395307095410e-9	16	3	composite	3^3·17·439
1810	201285	3.384200841771e-9	40	4	composite	3^4·5·7·71
1811	202125	3.375205635297e-9	48	4	composite	3·5^3·7^2·11
1812	200184	3.365252097990e-9	32	4	composite	2^3·3·19·439
1813	201036	3.365075143247e-9	24	4	composite	2^2·3·11·1523
1814	202356	3.353267434310e-9	72	5	composite	2^2·3^2·7·11·73
1815	201227	3.342843082903e-9	8	3	composite	13·23·673
1816	202559	3.338574371064e-9	8	3	composite	7·19·1523
1817	1657	3.326991979544e-9	2	1	prime	1657 (prime)
1818	2031616	3.323803648992e-9	34	2	composite	2^16·31
1819	201062	3.323110904629e-9	8	3	composite	2·229·439
1820	201803	3.291427213778e-9	8	3	composite	7·127·227
1821	200240	3.272763456052e-9	20	3	composite	2^4·5·2503
1822	2621420	3.258812864246e-9	12	3	composite	2^2·5·131071
1823	201760	3.257717899252e-9	48	4	composite	2^5·5·13·97
1824	200192	3.249222661263e-9	40	3	composite	2^9·17·23
1825	313	3.213959786330e-9	2	1	prime	313 (prime)
1826	7	3.191398137208e-9	2	1	prime	7 (prime)
1827	201940	3.172337695025e-9	24	4	composite	2^2·5·23·439
1828	201960	3.165443100200e-9	128	5	composite	2^3·3^3·5·11·17
1829	202379	3.109740484511e-9	4	2	composite	439·461
1830	201320	3.054930295075e-9	32	4	composite	2^3·5·7·719
1831	202160	2.945149752469e-9	60	4	composite	2^4·5·7·19^2
1832	200832	2.935317350918e-9	32	3	composite	2^7·3·523
1833	524288	2.930524515028e-9	20	1	composite	2^19
1834	201200	2.867669281479e-9	30	3	composite	2^4·5^2·503
1835	200031	2.800507640872e-9	16	4	composite	3·13·23·223
1836	202484	2.790400270830e-9	12	3	composite	2^2·223·227
1837	201815	2.787815676659e-9	8	3	composite	5·181·223
1838	186343	2.784204780085e-9	2	1	prime	186343 (prime)
1839	186377	2.778708766676e-9	2	1	prime	186377 (prime)
1840	200800	2.775705118076e-9	36	3	composite	2^5·5^2·251
1841	4718592	2.762587844621e-9	60	2	composite	2^19·3^2
1842	201280	2.760903916760e-9	56	4	composite	2^6·5·17·37
1843	1572672	2.760088987258e-9	28	3	composite	2^6·3·8191
1844	294919	2.744484706277e-9	2	1	prime	294919 (prime)
1845	294911	2.743971824426e-9	2	1	prime	294911 (prime)
1846	200477	2.733255406124e-9	8	3	composite	29·31·223
1847	202600	2.699543347102e-9	24	3	composite	2^3·5^2·1013
1848	4587520	2.694917734234e-9	72	3	composite	2^17·5·7
1849	200012	2.671625057668e-9	12	3	composite	2^2·31·1613
1850	200923	2.669093327116e-9	8	3	composite	17·53·223
1851	200672	2.668534976042e-9	12	2	composite	2^5·6271
1852	200721	2.658112049653e-9	8	3	composite	3·23·2909
1853	201146	2.650132596096e-9	16	4	composite	2·11·41·223
1854	201592	2.649457761352e-9	16	3	composite	2^3·113·223
1855	201096	2.646205298737e-9	96	4	composite	2^3·3^3·7^2·19
1856	200312	2.644424331865e-9	32	3	composite	2^3·7^3·73
1857	201369	2.612333294448e-9	16	4	composite	3·7·43·223
1858	200988	2.599474088397e-9	24	3	composite	2^2·3^3·1861
1859	201625	2.553931018749e-9	8	2	composite	5^3·1613
1860	200406	2.548043560523e-9	16	4	composite	2·3·127·263
1861	200124	2.508259740996e-9	48	4	composite	2^2·3^3·17·109
1862	201636	2.507290512251e-9	24	3	composite	2^2·3^3·1867
1863	202592	2.488548026844e-9	24	3	composite	2^5·13·487
1864	200772	2.473892852042e-9	72	4	composite	2^2·3^3·11·13^2
1865	202707	2.467980587938e-9	12	3	composite	3^2·101·223
1866	201124	2.451655877108e-9	24	4	composite	2^2·7·11·653
1867	202068	2.446777970425e-9	24	3	composite	2^2·3^3·1871
1868	202284	2.417047385428e-9	24	3	composite	2^2·3^3·1873
1869	3407846	2.403527002186e-9	8	3	composite	2·13·131071
1870	202716	2.358318451375e-9	24	3	composite	2^2·3^3·1877
1871	1834994	2.355877553204e-9	8	3	composite	2·7·131071
1872	202136	2.353915621890e-9	16	3	composite	2^3·11·2297
1873	2621120	2.350021717924e-9	28	3	composite	2^6·5·8191
1874	202038	2.346021425254e-9	16	4	composite	2·3·151·223
1875	200819	2.332863953679e-9	4	2	composite	409·491
1876	201794	2.325039927637e-9	8	3	composite	2·163·619
1877	202261	2.309489694547e-9	4	2	composite	223·907
1878	3145704	2.306289876568e-9	16	3	composite	2^3·3·131071
1879	200283	2.293443729074e-9	8	3	composite	3·101·661
1880	201175	2.285429662257e-9	12	3	composite	5^2·13·619
1881	201448	2.281182658813e-9	24	3	composite	2^3·13^2·149
1882	200410	2.256996349441e-9	24	4	composite	2·5·7^2·409
1883	200096	2.255060655334e-9	36	3	composite	2^5·13^2·37
1884	2883562	2.250765524208e-9	8	3	composite	2·11·131071
1885	3145344	2.237249510296e-9	32	3	composite	2^7·3·8191
1886	286721	2.230466515641e-9	2	1	prime	286721 (prime)
1887	286711	2.229854977095e-9	2	1	prime	286711 (prime)
1888	200288	2.229279065875e-9	24	3	composite	2^5·11·569
1889	200107	2.225692318606e-9	8	3	composite	17·79·149
1890	201634	2.214696893354e-9	8	3	composite	2·181·557
1891	29	2.210361539442e-9	2	1	prime	29 (prime)
1892	201933	2.200275295231e-9	14	2	composite	3^6·277
1893	200025	2.194431728194e-9	36	4	composite	3^2·5^2·7·127
1894	202000	2.189919465586e-9	40	3	composite	2^4·5^3·101
1895	202240	2.176053384639e-9	40	3	composite	2^9·5·79
1896	200430	2.174208221235e-9	48	5	composite	2·3^2·5·17·131
1897	201861	2.169782361589e-9	12	3	composite	3^2·11·2039
1898	190471	2.169266763316e-9	2	1	prime	190471 (prime)
1899	200687	2.167379224244e-9	4	2	composite	101·1987
1900	2359296	2.161303691197e-9	57	2	composite	2^18·3^2
1901	202709	2.152738474177e-9	8	3	composite	13·31·503
1902	201001	2.111809270087e-9	8	3	composite	19·71·149
1903	200944	2.109369872451e-9	20	3	composite	2^4·19·661
1904	200865	2.099231081425e-9	16	4	composite	3·5·7·1913
1905	200790	2.098529206002e-9	48	5	composite	2·3^2·5·23·97
1906	202044	2.094245296479e-9	24	4	composite	2^2·3·113·149
1907	202640	2.088760393392e-9	40	4	composite	2^4·5·17·149
1908	201075	2.081883686451e-9	24	4	composite	3·5^2·7·383
1909	201605	2.081690580353e-9	8	3	composite	5·61·661
1910	202455	2.073269416593e-9	24	4	composite	3^2·5·11·409
1911	201597	2.066138591208e-9	16	4	composite	3·11·41·149
1912	201077	2.064146226014e-9	6	2	composite	19^2·557
1913	201840	2.057076399747e-9	60	4	composite	2^4·3·5·29^2
1914	201810	2.056783656947e-9	48	5	composite	2·3·5·7·31^2
1915	202413	2.054550124250e-9	8	3	composite	3·109·619
1916	201825	2.049586181242e-9	48	4	composite	3^3·5^2·13·23
1917	200001	2.046133355768e-9	8	3	composite	3·163·409
1918	202662	2.034757493500e-9	28	3	composite	2·3^6·139
1919	201895	2.025256911716e-9	8	3	composite	5·149·271
1920	202266	2.021478519222e-9	24	4	composite	2·3^2·17·661
1921	202191	2.000461195420e-9	12	3	composite	3·11^2·557
1922	201800	1.995148232349e-9	24	3	composite	2^3·5^2·1009
1923	201330	1.991937000276e-9	24	4	composite	2·3^2·5·2237
1924	201750	1.985671890941e-9	32	4	composite	2·3·5^3·269
1925	202193	1.975595393601e-9	8	3	composite	23·59·149
1926	780288	1.974579621127e-9	48	3	composite	2^11·3·127
1927	202342	1.971484949573e-9	16	4	composite	2·7·97·149
1928	202232	1.960709880719e-9	16	3	composite	2^3·17·1487
1929	200291	1.947355104520e-9	16	4	composite	7·13·31·71
1930	201400	1.945358118489e-9	48	4	composite	2^3·5^2·19·53
1931	200600	1.911249840548e-9	48	4	composite	2^3·5^2·17·59
1932	201228	1.901441807102e-9	24	4	composite	2^2·3·41·409
1933	201250	1.897666640729e-9	40	4	composite	2·5^4·7·23
1934	200074	1.889660162946e-9	16	4	composite	2·7·31·461
1935	201676	1.876062160972e-9	12	3	composite	2^2·127·397
1936	202674	1.872986308857e-9	16	4	composite	2·3·17·1987
1937	201637	1.843185905582e-9	8	3	composite	17·29·409
1938	202590	1.840453414796e-9	24	4	composite	2·3^2·5·2251
1939	200554	1.839212010388e-9	8	3	composite	2·149·673
1940	201276	1.825756474824e-9	18	3	composite	2^2·3^2·5591
1941	202491	1.821017205667e-9	12	3	composite	3^2·149·151
1942	3932160	1.811704508936e-9	76	3	composite	2^18·3·5
1943	202046	1.809588259577e-9	16	4	composite	2·13·19·409
1944	2539520	1.793158041492e-9	60	3	composite	2^14·5·31
1945	200942	1.787362378254e-9	16	4	composite	2·7·31·463
1946	201216	1.767870463281e-9	40	3	composite	2^9·3·131
1947	200207	1.766760648660e-9	8	3	composite	7·37·773
1948	200088	1.760278786130e-9	48	4	composite	2^3·3^2·7·397
1949	1310710	1.754322065954e-9	8	3	composite	2·5·131071
1950	202410	1.742008216986e-9	48	5	composite	2·3^2·5·13·173
1951	200601	1.713482156354e-9	12	3	composite	3^2·31·719
1952	200057	1.710165871354e-9	8	3	composite	11·13·1399
1953	200980	1.693529018462e-9	24	4	composite	2^2·5·13·773
1954	202338	1.684179135785e-9	20	3	composite	2·3^4·1249
1955	201460	1.676950047473e-9	24	4	composite	2^2·5·7·1439
1956	277213	1.669622355028e-9	2	1	prime	277213 (prime)
1957	277183	1.667924586038e-9	2	1	prime	277183 (prime)
1958	200116	1.647399327487e-9	18	3	composite	2^2·7^2·1021
1959	200109	1.641364083691e-9	16	4	composite	3·7·13·733
1960	200194	1.638888886245e-9	8	3	composite	2·199·503
1961	202039	1.637332233386e-9	4	2	composite	281·719
1962	201753	1.628192117290e-9	12	3	composite	3^2·29·773
1963	201097	1.627993753470e-9	8	3	composite	13·31·499
1964	201299	1.626864306493e-9	8	3	composite	7·149·193
1965	1703728	1.623102637210e-9	20	3	composite	2^4·13·8191
1966	200633	1.619765623054e-9	4	2	composite	313·641
1967	201586	1.618295791857e-9	36	4	composite	2·7^2·11^2·17
1968	201746	1.617079397855e-9	8	3	composite	2·149·677
1969	202526	1.600952179855e-9	8	3	composite	2·131·773
1970	2600960	1.599170106515e-9	52	3	composite	2^12·5·127
1971	195071	1.598884448273e-9	2	1	prime	195071 (prime)
1972	195077	1.598213439249e-9	2	1	prime	195077 (prime)
1973	200697	1.593735719074e-9	16	4	composite	3·7·19·503
1974	202678	1.593647928831e-9	16	4	composite	2·7·31·467
1975	200027	1.586077292157e-9	4	2	composite	317·631
1976	201274	1.581260938495e-9	8	3	composite	2·157·641
1977	200157	1.575648427909e-9	8	3	composite	3·137·487
1978	202122	1.564824935116e-9	32	4	composite	2·3^3·19·197
1979	201292	1.553454688148e-9	36	4	composite	2^2·7^2·13·79
1980	200725	1.551112125515e-9	24	4	composite	5^2·7·31·37
1981	202117	1.542319776315e-9	4	2	composite	359·563
1982	201064	1.538907227460e-9	16	3	composite	2^3·41·613
1983	201089	1.527688420155e-9	8	3	composite	7·23·1249
1984	200658	1.527086066157e-9	16	4	composite	2·3·53·631
1985	201903	1.518959384221e-9	16	4	composite	3·13·31·167
1986	200644	1.518471596235e-9	12	3	composite	2^2·103·487
1987	200485	1.515749355648e-9	8	3	composite	5·101·397
1988	200021	1.507995352092e-9	4	2	composite	139·1439
1989	202580	1.499484333158e-9	24	4	composite	2^2·5·7·1447
1990	200143	1.487639038643e-9	4	2	composite	263·761
1991	201677	1.487065087836e-9	8	3	composite	7·47·613
1992	200354	1.484491763239e-9	16	4	composite	2·7·11·1301
1993	200548	1.476271878381e-9	12	3	composite	2^2·181·277
1994	201279	1.473907937157e-9	12	3	composite	3·13^2·397
1995	201665	1.470547691068e-9	8	3	composite	5·53·761
1996	200349	1.464640638516e-9	12	3	composite	3^2·113·197
1997	200168	1.460916840551e-9	16	3	composite	2^3·131·191
1998	201531	1.454918136247e-9	16	4	composite	3·11·31·197
1999	201131	1.454685562311e-9	8	3	composite	7·59·487
2000	200451	1.454644317092e-9	8	3	composite	3·109·613
2001	200214	1.454064569045e-9	36	4	composite	2·3^2·7^2·227
2002	201289	1.453289610167e-9	8	3	composite	11·29·631
2003	200662	1.452567542840e-9	16	4	composite	2·7·11·1303
2004	200842	1.450942383892e-9	8	3	composite	2·137·733
2005	201618	1.445385283476e-9	24	4	composite	2·3^2·23·487
2006	200546	1.444834742506e-9	8	3	composite	2·197·509
2007	200882	1.443614298389e-9	16	4	composite	2·11·23·397
2008	202076	1.439109460739e-9	18	3	composite	2^2·7^2·1031
2009	196583	1.435463223409e-9	2	1	prime	196583 (prime)
2010	196597	1.434002647174e-9	2	1	prime	196597 (prime)
2011	196613	1.432334590554e-9	2	1	prime	196613 (prime)
2012	200286	1.423426038269e-9	16	3	composite	2·3^3·3709
2013	201894	1.418955135677e-9	64	6	composite	2·3·7·11·19·23
2014	202290	1.418333936949e-9	32	5	composite	2·3·5·11·613
2015	202206	1.408381230385e-9	16	4	composite	2·3·67·503
2016	200375	1.407886591064e-9	16	3	composite	5^3·7·229
2017	202073	1.406144774461e-9	4	2	composite	397·509
2018	202105	1.400382844558e-9	8	3	composite	5·83·487
2019	202468	1.399611203979e-9	18	3	composite	2^2·7^2·1033
2020	200359	1.399160917241e-9	4	2	composite	191·1049
2021	200502	1.393765374178e-9	32	4	composite	2·3^3·47·79
2022	3145722	1.391988666573e-9	8	3	composite	2·3·524287
2023	201278	1.390045239722e-9	16	4	composite	2·7·11·1307
2024	202556	1.389500737202e-9	12	3	composite	2^2·79·641
2025	200255	1.381789080410e-9	12	3	composite	5·11^2·331
2026	260096	1.379570524416e-9	24	2	composite	2^11·127
2027	200826	1.369055039072e-9	16	3	composite	2·3^3·3719
2028	200934	1.360504996562e-9	24	3	composite	2·3^3·61^2
2029	202426	1.356505613803e-9	16	4	composite	2·7·19·761
2030	200367	1.345003212392e-9	16	3	composite	3^3·41·181
2031	201133	1.340444683945e-9	4	2	composite	139·1447
2032	200004	1.335955631920e-9	24	4	composite	2^2·3·7·2381
2033	201123	1.332460451853e-9	20	3	composite	3^4·13·191
2034	200060	1.332111615597e-9	24	4	composite	2^2·5·7·1429
2035	200115	1.328326994923e-9	12	3	composite	3^2·5·4447
2036	200491	1.326829569742e-9	6	2	composite	23^2·379
2037	201258	1.326525304692e-9	16	3	composite	2·3^3·3727
2038	201856	1.323588359564e-9	32	3	composite	2^7·19·83
2039	200172	1.319480203081e-9	24	4	composite	2^2·3·7·2383
2040	202475	1.318343875454e-9	24	4	composite	5^2·7·13·89
2041	201102	1.316355997774e-9	24	4	composite	2·3·11^2·277
2042	202202	1.314359918743e-9	32	5	composite	2·7·11·13·101
2043	200586	1.313458451845e-9	16	4	composite	2·3·101·331
2044	201360	1.310795588638e-9	40	4	composite	2^4·3·5·839
2045	200295	1.310744445218e-9	12	3	composite	3^2·5·4451
2046	201366	1.310520574425e-9	40	4	composite	2·3^4·11·113
2047	200441	1.308575437355e-9	4	2	composite	227·883
2048	200904	1.307456157999e-9	32	4	composite	2^3·3·11·761
2049	200167	1.304455376578e-9	8	3	composite	11·31·587
2050	200870	1.302306626815e-9	16	4	composite	2·5·53·379
2051	200606	1.301873871593e-9	24	4	composite	2·7^2·23·89
2052	200514	1.301630028303e-9	16	4	composite	2·3·23·1453
2053	200570	1.300602810475e-9	16	4	composite	2·5·31·647
2054	201314	1.300065502413e-9	16	4	composite	2·17·31·191
2055	201137	1.298530188966e-9	4	2	composite	197·1021
2056	200743	1.297995614451e-9	4	2	composite	197·1019
2057	202308	1.297140108985e-9	24	4	composite	2^2·3·23·733
2058	200328	1.296477884390e-9	32	4	composite	2^3·3·17·491
2059	201582	1.295185602810e-9	16	3	composite	2·3^3·3733
2060	270337	1.294388784792e-9	2	1	prime	270337 (prime)
2061	270329	1.293969597050e-9	2	1	prime	270329 (prime)
2062	201798	1.293502537543e-9	32	4	composite	2·3^3·37·101
2063	1441616	1.292379209514e-9	20	3	composite	2^4·11·8191
2064	201505	1.285316552499e-9	8	3	composite	5·191·211
2065	200105	1.284751911734e-9	8	3	composite	5·31·1291
2066	200565	1.284648610479e-9	12	3	composite	3^2·5·4457
2067	201310	1.284349043684e-9	16	4	composite	2·5·41·491
2068	201575	1.280610344605e-9	12	3	composite	5^2·11·733
2069	200620	1.277796375391e-9	24	4	composite	2^2·5·7·1433
2070	201465	1.277058315120e-9	36	4	composite	3^2·5·11^2·37
2071	200385	1.274099534069e-9	24	4	composite	3^2·5·61·73
2072	200005	1.273513694172e-9	16	4	composite	5·13·17·181
2073	202510	1.272645383415e-9	32	5	composite	2·5·7·11·263
2074	200676	1.271154334025e-9	24	4	composite	2^2·3·7·2389
2075	202112	1.270661725683e-9	16	2	composite	2^7·1579
2076	200668	1.270383690596e-9	24	4	composite	2^2·13·17·227
2077	202030	1.269160557532e-9	16	4	composite	2·5·89·227
2078	200018	1.265952591492e-9	24	4	composite	2·7^2·13·157
2079	201906	1.264319388102e-9	16	3	composite	2·3^3·3739
2080	202386	1.259963695971e-9	16	4	composite	2·3·89·379
2081	201249	1.256278076327e-9	12	3	composite	3^2·59·379
2082	200895	1.254020169135e-9	16	4	composite	3·5·59·227
2083	202470	1.252974703606e-9	32	5	composite	2·3·5·17·397
2084	200940	1.251896201447e-9	48	5	composite	2^2·3·5·17·197
2085	200871	1.250815589441e-9	12	3	composite	3^2·11·2029
2086	200917	1.248659215484e-9	4	2	composite	331·607
2087	200072	1.245647506393e-9	16	3	composite	2^3·89·281
2088	200616	1.242789900113e-9	32	4	composite	2^3·3·13·643
2089	200849	1.242237864560e-9	12	3	composite	11·19·31^2
2090	200037	1.240888019206e-9	8	3	composite	3·131·509
2091	202713	1.240776664727e-9	16	3	composite	3·7^3·197
2092	201012	1.239351566485e-9	24	4	composite	2^2·3·7·2393
2093	200080	1.237331383116e-9	40	4	composite	2^4·5·41·61
2094	202554	1.235898347972e-9	48	4	composite	2·3^3·11^2·31
2095	202551	1.235422089718e-9	8	3	composite	3·107·631
2096	202539	1.233801866671e-9	8	3	composite	3·181·373
2097	201801	1.230002894236e-9	8	3	composite	3·137·491
2098	202078	1.229146178144e-9	12	3	composite	2·23^2·191
2099	200415	1.224256378070e-9	16	4	composite	3·5·31·431
2100	200160	1.223333467352e-9	72	4	composite	2^5·3^2·5·139
2101	202624	1.222755113776e-9	16	2	composite	2^7·1583
2102	201334	1.220940800906e-9	16	4	composite	2·7·73·197
2103	200130	1.220145937880e-9	32	5	composite	2·3·5·7·953
2104	201042	1.217356041972e-9	40	4	composite	2·3^4·17·73
2105	200932	1.216979272635e-9	12	3	composite	2^2·191·263
2106	202269	1.214429918598e-9	8	3	composite	3·191·353
2107	202446	1.210738203823e-9	32	4	composite	2·3^3·23·163
2108	200186	1.209045956443e-9	16	4	composite	2·7·79·181
2109	200729	1.207877291644e-9	4	2	composite	181·1109
2110	201091	1.207311211956e-9	8	3	composite	11·101·181
2111	200052	1.206167345511e-9	18	3	composite	2^2·3^2·5557
2112	202460	1.204928557086e-9	24	4	composite	2^2·5·53·191
2113	200182	1.204427202749e-9	8	3	composite	2·101·991
2114	200196	1.200807508531e-9	36	4	composite	2^2·3^2·67·83
2115	201035	1.197287368160e-9	8	3	composite	5·31·1297
2116	202572	1.197004389237e-9	36	4	composite	2^2·3^2·17·331
2117	202007	1.196734981251e-9	8	3	composite	13·41·379
2118	201516	1.192596650101e-9	24	4	composite	2^2·3·7·2399
2119	201579	1.192594727889e-9	16	4	composite	3·7·29·331
2120	200097	1.186734639432e-9	8	2	composite	3^3·7411
2121	200268	1.186204075708e-9	18	3	composite	2^2·3^2·5563
2122	200339	1.182309703597e-9	4	2	composite	89·2251
2123	201140	1.181750783628e-9	24	4	composite	2^2·5·89·113
2124	202292	1.180437682381e-9	12	3	composite	2^2·103·491
2125	200825	1.178990028499e-9	12	3	composite	5^2·29·277
2126	201735	1.175367030645e-9	12	3	composite	3^2·5·4483
2127	200024	1.173641586339e-9	16	3	composite	2^3·11·2273
2128	202319	1.173496366263e-9	8	3	composite	13·79·197
2129	200408	1.172567508357e-9	32	4	composite	2^3·13·41·47
2130	200259	1.171883037935e-9	8	2	composite	3^3·7417
2131	202370	1.170935321831e-9	32	4	composite	2·5·7^3·59
2132	201968	1.170155477686e-9	20	3	composite	2^4·13·971
2133	200013	1.169683100865e-9	24	4	composite	3·11^2·19·29
2134	200043	1.167012328147e-9	16	3	composite	3^3·31·239
2135	200484	1.166449828403e-9	18	3	composite	2^2·3^2·5569
2136	202014	1.166203413606e-9	40	4	composite	2·3^4·29·43
2137	200134	1.165704025689e-9	12	3	composite	2·11^2·827
2138	200497	1.160507164099e-9	6	2	composite	11^2·1657
2139	201190	1.160065632159e-9	32	5	composite	2·5·11·31·59
2140	201910	1.159479270360e-9	16	4	composite	2·5·61·331
2141	200695	1.158619038255e-9	16	4	composite	5·11·41·89
2142	201453	1.156597981051e-9	16	4	composite	3·7·53·181
2143	202188	1.154708845792e-9	48	5	composite	2^2·3·7·29·83
2144	200628	1.153395896722e-9	18	3	composite	2^2·3^2·5573
2145	200910	1.152862165630e-9	32	5	composite	2·3·5·37·181
2146	201083	1.152694877728e-9	4	2	composite	211·953
2147	200784	1.151211973417e-9	40	4	composite	2^4·3·47·89
2148	201047	1.150847062416e-9	12	3	composite	7^2·11·373
2149	200010	1.149007091502e-9	32	5	composite	2·3·5·59·113
2150	201925	1.142551774760e-9	12	3	composite	5^2·41·197
2151	200473	1.141743181911e-9	8	3	composite	7·13·2203
2152	201655	1.141025954623e-9	8	3	composite	5·31·1301
2153	201194	1.140380969804e-9	12	3	composite	2·7^2·2053
2154	200552	1.139221088840e-9	32	4	composite	2^3·11·43·53
2155	202241	1.139113174763e-9	8	3	composite	13·47·331
2156	202257	1.138683809884e-9	20	3	composite	3^4·11·227
2157	200583	1.138079693968e-9	32	4	composite	3^3·17·19·23
2158	200634	1.137718966988e-9	32	5	composite	2·3·7·17·281
2159	200014	1.136598052951e-9	8	3	composite	2·97·1031
2160	202005	1.135984569318e-9	18	3	composite	3^2·5·67^2
2161	202185	1.134952479262e-9	12	3	composite	3^2·5·4493
2162	200802	1.134121106036e-9	24	4	composite	2·3·7^2·683
2163	200434	1.133650045139e-9	12	3	composite	2·13^2·593
2164	200691	1.132850856098e-9	8	2	composite	3^3·7433
2165	201887	1.131810406920e-9	8	3	composite	7·151·191
2166	200265	1.131587789554e-9	24	4	composite	3·5·13^2·79
2167	200305	1.131440162888e-9	16	4	composite	5·7·59·97
2168	200353	1.129919038287e-9	8	3	composite	23·31·281
2169	201390	1.129832574414e-9	48	5	composite	2·3·5·7^2·137
2170	201318	1.128933941567e-9	32	5	composite	2·3·13·29·89
2171	201864	1.128790497505e-9	32	4	composite	2^3·3·13·647
2172	200111	1.128521640701e-9	4	2	composite	97·2063
2173	202430	1.128424111422e-9	16	4	composite	2·5·31·653
2174	200034	1.127290425265e-9	12	3	composite	2·3^2·11113
2175	200152	1.126678302476e-9	16	3	composite	2^3·127·197
2176	200962	1.125860588927e-9	8	3	composite	2·89·1129
2177	200095	1.124961519645e-9	8	3	composite	5·7·5717
2178	200860	1.124540155270e-9	36	4	composite	2^2·5·11^2·83
2179	200123	1.124500665765e-9	16	4	composite	7·11·23·113
2180	200873	1.122944266344e-9	8	3	composite	37·61·89
2181	201576	1.122602504689e-9	32	4	composite	2^3·3·37·227
2182	200618	1.122174735999e-9	12	3	composite	2·11^2·829
2183	200106	1.120862261852e-9	12	3	composite	2·3^2·11117
2184	200113	1.120022831992e-9	4	2	composite	83·2411
2185	202487	1.119586746550e-9	8	3	composite	17·43·277
2186	200208	1.118772717197e-9	40	4	composite	2^4·3·43·97
2187	200079	1.117801992623e-9	24	4	composite	3^2·11·43·47
2188	200142	1.117656815568e-9	12	3	composite	2·3^2·11119
2189	201967	1.117482193208e-9	4	2	composite	139·1453
2190	200538	1.116876177601e-9	24	4	composite	2·3^2·13·857
2191	200603	1.115391595518e-9	6	2	composite	13^2·1187
2192	202213	1.115291887104e-9	8	3	composite	11·31·593
2193	202210	1.114672852103e-9	16	4	composite	2·5·73·277
2194	200002	1.114492084592e-9	8	3	composite	2·11·9091
2195	202566	1.113781149304e-9	48	5	composite	2·3·7^2·13·53
2196	201628	1.113750285575e-9	24	4	composite	2^2·7·19·379
2197	201965	1.113545381026e-9	8	3	composite	5·31·1303
2198	202438	1.112251235666e-9	8	3	composite	2·127·797
2199	202711	1.112227059512e-9	8	3	composite	19·47·227
2200	200332	1.112035976131e-9	24	4	composite	2^2·11·29·157
2201	200728	1.110631076477e-9	16	3	composite	2^3·11·2281
2202	200165	1.110273190756e-9	24	4	composite	5·7^2·19·43
2203	200837	1.109580258741e-9	8	3	composite	7·13·2207
2204	200499	1.109093882037e-9	16	4	composite	3·13·53·97
2205	200061	1.107281860018e-9	6	2	composite	3^2·22229
2206	200019	1.106613472229e-9	8	3	composite	3·61·1093
2207	199999	1.106438597611e-9	2	1	prime	199999 (prime)
2208	200003	1.106084555584e-9	2	1	prime	200003 (prime)
2209	200009	1.105553615314e-9	2	1	prime	200009 (prime)
2210	200006	1.105336013943e-9	4	2	composite	2·100003
2211	200036	1.105076966954e-9	12	3	composite	2^2·43·1163
2212	200270	1.105036131008e-9	16	4	composite	2·5·7·2861
2213	201195	1.104917639291e-9	24	4	composite	3^2·5·17·263
2214	200017	1.104845948425e-9	2	1	prime	200017 (prime)
2215	200051	1.104699940704e-9	4	2	composite	19·10529
2216	201128	1.104615936178e-9	16	3	composite	2^3·31·811
2217	200023	1.104315383905e-9	2	1	prime	200023 (prime)
2218	200035	1.104271641086e-9	8	3	composite	5·11·3637
2219	200126	1.104184760965e-9	8	3	composite	2·47·2129
2220	200121	1.103788693847e-9	8	3	composite	3·41·1627
2221	200029	1.103784989451e-9	2	1	prime	200029 (prime)
2222	200033	1.103431438392e-9	2	1	prime	200033 (prime)
2223	200026	1.103237163803e-9	8	3	composite	2·103·971
2224	200045	1.103146724412e-9	4	2	composite	5·40009
2225	201019	1.103118786248e-9	12	3	composite	7·13·47^2
2226	200041	1.102724637440e-9	2	1	prime	200041 (prime)
2227	200042	1.102643648018e-9	8	3	composite	2·29·3449
2228	200038	1.102507323252e-9	4	2	composite	2·100019
2229	200068	1.102270173018e-9	12	3	composite	2^2·11·4547
2230	202524	1.102092703185e-9	24	4	composite	2^2·3·7·2411
2231	200402	1.102069147817e-9	8	3	composite	2·97·1033
2232	200049	1.101918705092e-9	4	2	composite	3·66683
2233	201105	1.101785378556e-9	24	4	composite	3^2·5·41·109
2234	200065	1.101380608026e-9	4	2	composite	5·40013
2235	200089	1.101343200771e-9	4	2	composite	19·10531
2236	200445	1.101217883584e-9	32	5	composite	3·5·7·23·83
2237	202166	1.101086987009e-9	8	3	composite	2·271·373
2238	200688	1.101020987724e-9	40	4	composite	2^4·3·37·113
2239	200063	1.100782367656e-9	2	1	prime	200063 (prime)
2240	200173	1.100781971605e-9	4	2	composite	47·4259
2241	200083	1.100728843870e-9	4	2	composite	13·15391
2242	200058	1.100706966763e-9	8	3	composite	2·3·33343
2243	200071	1.100575311526e-9	4	2	composite	29·6899
2244	200352	1.099742888069e-9	24	3	composite	2^5·3·2087
2245	200235	1.099674423721e-9	16	4	composite	3·5·7·1907
2246	201032	1.099622297291e-9	16	3	composite	2^3·13·1933
2247	200162	1.099582923771e-9	8	3	composite	2·41·2441
2248	200039	1.098786100424e-9	12	3	composite	7·17·41^2
2249	200087	1.098665925704e-9	2	1	prime	200087 (prime)
2250	200082	1.098590536357e-9	8	3	composite	2·3·33347
2251	200358	1.098544419281e-9	12	3	composite	2·3^2·11131
2252	200054	1.098496483439e-9	8	3	composite	2·23·4349
2253	200086	1.098272769594e-9	4	2	composite	2·100043
2254	200091	1.098214250393e-9	4	2	composite	3·66697
2255	200055	1.098144706333e-9	8	3	composite	3·5·13337
2256	200127	1.097883603129e-9	8	3	composite	3·19·3511
2257	200094	1.097533277931e-9	8	3	composite	2·3·33349
2258	200101	1.097342349298e-9	4	2	composite	11·18191
2259	200011	1.097252110236e-9	4	2	composite	7·28573
2260	200098	1.097215720615e-9	4	2	composite	2·100049
2261	200103	1.097157261967e-9	4	2	composite	3·66701
2262	200007	1.097016100668e-9	12	3	composite	3^2·71·313
2263	200077	1.096958469148e-9	4	2	composite	23·8699
2264	200110	1.096873629585e-9	8	3	composite	2·5·20011
2265	200108	1.096634763643e-9	12	3	composite	2^2·19·2633
2266	200187	1.096517433763e-9	24	4	composite	3^2·13·29·59
2267	200596	1.096051994985e-9	24	4	composite	2^2·11·47·97
2268	200117	1.096023987382e-9	2	1	prime	200117 (prime)
2269	200174	1.095993417121e-9	8	3	composite	2·13·7699
2270	200073	1.095913919300e-9	8	3	composite	3·17·3923
2271	200084	1.095909299715e-9	6	2	composite	2^2·50021
2272	200076	1.095825373568e-9	12	3	composite	2^2·3·16673
2273	200114	1.095807317834e-9	4	2	composite	2·100057
2274	200085	1.095503037189e-9	8	3	composite	3·5·13339
2275	200118	1.095420776004e-9	8	3	composite	2·3·33353
2276	200092	1.095205371952e-9	6	2	composite	2^2·50023
2277	200131	1.094792428403e-9	2	1	prime	200131 (prime)
2278	200156	1.094516693842e-9	12	3	composite	2^2·11·4549
2279	200941	1.094359303991e-9	12	3	composite	13^2·29·41
2280	200193	1.094302368041e-9	8	3	composite	3·7·9533
2281	200241	1.094069608440e-9	12	3	composite	3^2·19·1171
2282	200022	1.093991656346e-9	32	5	composite	2·3·17·37·53
2283	200139	1.093990081819e-9	4	2	composite	3·66713
2284	200138	1.093696814328e-9	4	2	composite	2·100069
2285	200069	1.093661606462e-9	4	2	composite	59·3391
2286	201229	1.093618732089e-9	16	4	composite	7·17·19·89
2287	200053	1.093555799687e-9	4	2	composite	7·28579
2288	200155	1.093454746006e-9	4	2	composite	5·40031
2289	200147	1.093229889383e-9	4	2	composite	233·859
2290	200146	1.093032483754e-9	16	4	composite	2·19·23·229
2291	200234	1.093017933711e-9	8	3	composite	2·53·1889
2292	200223	1.092997892296e-9	6	2	composite	3^2·22247
2293	200153	1.092858853015e-9	2	1	prime	200153 (prime)
2294	200267	1.092511739200e-9	4	2	composite	47·4261
2295	200159	1.092331920581e-9	2	1	prime	200159 (prime)
2296	200154	1.092256615967e-9	8	3	composite	2·3·33359
2297	200163	1.091881834308e-9	4	2	composite	3·66721
2298	200132	1.091689993216e-9	6	2	composite	2^2·50033
2299	200171	1.091278431966e-9	2	1	prime	200171 (prime)
2300	200266	1.091181598522e-9	8	3	composite	2·11·9103
2301	201379	1.090915766135e-9	4	2	composite	277·727
2302	200185	1.090820744527e-9	4	2	composite	5·40037
2303	200177	1.090751975740e-9	2	1	prime	200177 (prime)
2304	200285	1.090238237258e-9	8	3	composite	5·41·977
2305	200183	1.090225650206e-9	2	1	prime	200183 (prime)
2306	200195	1.089943654963e-9	4	2	composite	5·40039
2307	201177	1.089924744434e-9	8	2	composite	3^3·7451
2308	200202	1.089898212191e-9	16	4	composite	2·3·61·547
2309	200145	1.089666933497e-9	16	4	composite	3·5·11·1213
2310	200189	1.089609683693e-9	4	2	composite	11·18199
2311	200251	1.089599044462e-9	4	2	composite	43·4657
2312	200191	1.089524136093e-9	2	1	prime	200191 (prime)
2313	200213	1.089296747643e-9	4	2	composite	13·15401
2314	200720	1.088819965084e-9	40	4	composite	2^4·5·13·193
2315	200180	1.088808251113e-9	12	3	composite	2^2·5·10009
2316	200199	1.088724176551e-9	4	2	composite	3·66733
2317	200201	1.088647607558e-9	2	1	prime	200201 (prime)
2318	201272	1.088161990370e-9	16	3	composite	2^3·139·181
2319	200210	1.088091650933e-9	8	3	composite	2·5·20021
2320	201027	1.087881042106e-9	8	3	composite	3·113·593
2321	200206	1.087730834700e-9	4	2	composite	2·100103
2322	200059	1.087668641583e-9	4	2	composite	37·5407
2323	200314	1.087652334905e-9	8	3	composite	2·47·2131
2324	200217	1.087147477882e-9	4	2	composite	3·66739
2325	200278	1.086868085759e-9	8	3	composite	2·13·7703
2326	200188	1.086780297955e-9	6	2	composite	2^2·50047
2327	200218	1.086680136810e-9	4	2	composite	2·100109
2328	200125	1.086540341059e-9	8	2	composite	5^3·1601
2329	200227	1.086370754956e-9	2	1	prime	200227 (prime)
2330	200230	1.086340564580e-9	8	3	composite	2·5·20023
2331	200137	1.086186438871e-9	4	2	composite	7·28591
2332	200231	1.086020721791e-9	2	1	prime	200231 (prime)
2333	200237	1.085495817404e-9	2	1	prime	200237 (prime)
2334	2162688	1.085493678397e-9	68	3	composite	2^16·3·11
2335	200204	1.085380065800e-9	6	2	composite	2^2·50051
2336	200212	1.084680384367e-9	6	2	composite	2^2·50053
2337	200247	1.084522881015e-9	4	2	composite	3·66749
2338	200646	1.084484783287e-9	24	4	composite	2·3^2·71·157
2339	200062	1.084419266522e-9	8	3	composite	2·67·1493
2340	202587	1.084296484890e-9	16	4	composite	3·7·11·877
2341	200211	1.084256545564e-9	8	3	composite	3·11·6067
2342	200209	1.084094186127e-9	4	2	composite	17·11777
2343	200253	1.083998396766e-9	4	2	composite	3·66751
2344	200257	1.083747306600e-9	2	1	prime	200257 (prime)
2345	200331	1.083539405164e-9	6	2	composite	3^2·22259
2346	200299	1.083276078917e-9	8	3	composite	11·131·139
2347	200319	1.083263452267e-9	8	3	composite	3·7·9539
2348	200258	1.083182374870e-9	4	2	composite	2·100129
2349	200544	1.082917545810e-9	24	3	composite	2^5·3·2089
2350	200317	1.082903789334e-9	8	3	composite	13·19·811
2351	200262	1.082798546286e-9	8	3	composite	2·3·33377
2352	200393	1.082591570431e-9	8	3	composite	19·53·199
2353	200269	1.082568580675e-9	4	2	composite	271·739
2354	200179	1.082513396234e-9	4	2	composite	7·28597
2355	200273	1.082349750119e-9	2	1	prime	200273 (prime)
2356	200238	1.082164829875e-9	16	4	composite	2·3·23·1451
2357	200294	1.082125253099e-9	16	4	composite	2·17·43·137
2358	200028	1.082084673088e-9	24	4	composite	2^2·3·79·211
2359	200337	1.081812510265e-9	8	3	composite	3·43·1553
2360	200915	1.081768473603e-9	16	4	composite	5·11·13·281
2361	200243	1.081124492866e-9	4	2	composite	17·11779
2362	200290	1.081097749116e-9	8	3	composite	2·5·20029
2363	200289	1.080854987914e-9	4	2	composite	3·66763
2364	200261	1.080830250884e-9	4	2	composite	23·8707
2365	200293	1.080604370948e-9	2	1	prime	200293 (prime)
2366	200056	1.080411253986e-9	16	3	composite	2^3·17·1471
2367	200297	1.080255525862e-9	2	1	prime	200297 (prime)
2368	200104	1.080237886596e-9	8	2	composite	2^3·25013
2369	200303	1.080225879699e-9	4	2	composite	29·6907
2370	200313	1.080116510171e-9	10	2	composite	3^4·2473
2371	200343	1.079905528905e-9	16	4	composite	3·11·13·467
2372	200277	1.079756221923e-9	36	4	composite	3^2·7·11·17^2
2373	200398	1.079641546526e-9	8	3	composite	2·11·9109
2374	200690	1.079626646420e-9	32	5	composite	2·5·7·47·61
2375	200129	1.079562830476e-9	8	3	composite	29·67·103
2376	200315	1.079452519025e-9	4	2	composite	5·40063
2377	200302	1.079342944381e-9	4	2	composite	2·100151
2378	200276	1.079092929690e-9	6	2	composite	2^2·50069
2379	200306	1.078994302341e-9	4	2	composite	2·100153
2380	200221	1.078848144340e-9	4	2	composite	7·28603
2381	200446	1.078630929424e-9	16	4	composite	2·31·53·61
2382	200282	1.078288356151e-9	8	3	composite	2·239·419
2383	200321	1.078074574143e-9	4	2	composite	11·18211
2384	200323	1.077989642545e-9	2	1	prime	200323 (prime)
2385	200420	1.077867749528e-9	24	4	composite	2^2·5·11·911
2386	201055	1.077737888488e-9	8	3	composite	5·79·509
2387	200078	1.077559120459e-9	8	3	composite	2·71·1409
2388	200327	1.077529790629e-9	4	2	composite	163·1229
2389	200246	1.077521474703e-9	8	3	composite	2·59·1697
2390	200329	1.077467180237e-9	2	1	prime	200329 (prime)
2391	200693	1.077453293008e-9	4	2	composite	97·2069
2392	200361	1.077394421705e-9	24	4	composite	3·7^2·29·47
2393	200486	1.077289211511e-9	16	4	composite	2·11·13·701
2394	200292	1.076918425683e-9	12	3	composite	2^2·3·16691
2395	200324	1.076863701137e-9	12	3	composite	2^2·61·821
2396	200307	1.076711433981e-9	8	3	composite	3·23·2903
2397	200611	1.076556241885e-9	4	2	composite	83·2417
2398	200341	1.076422690503e-9	2	1	prime	200341 (prime)
2399	200249	1.076408949389e-9	4	2	composite	7·28607
2400	200308	1.076305964143e-9	6	2	composite	2^2·50077
2401	201173	1.076267977063e-9	8	3	composite	7·29·991
2402	200338	1.076207921372e-9	4	2	composite	2·100169
2403	200380	1.076047201835e-9	24	4	composite	2^2·5·43·233
2404	202027	1.076037916734e-9	16	3	composite	7^3·19·31
2405	200374	1.075890985176e-9	8	3	composite	2·19·5273
2406	201339	1.075845583012e-9	8	2	composite	3^3·7457
2407	200020	1.075816865563e-9	24	4	composite	2^2·5·73·137
2408	201006	1.075781342895e-9	24	4	composite	2·3^2·13·859
2409	200369	1.075676393832e-9	4	2	composite	13·15413
2410	200351	1.075552777484e-9	2	1	prime	200351 (prime)
2411	200346	1.075477712839e-9	8	3	composite	2·3·33391
2412	200310	1.075390738217e-9	32	5	composite	2·3·5·11·607
2413	200365	1.075337424262e-9	8	3	composite	5·11·3643
2414	200449	1.075294581794e-9	4	2	composite	41·4889
2415	200311	1.075200315770e-9	4	2	composite	17·11783
2416	202036	1.075106539853e-9	12	3	composite	2^2·53·953
2417	200954	1.075086659858e-9	16	4	composite	2·13·59·131
2418	200357	1.075031034752e-9	2	1	prime	200357 (prime)
2419	200316	1.074830308258e-9	12	3	composite	2^2·3·16693
2420	200363	1.074509470919e-9	2	1	prime	200363 (prime)
2421	200395	1.074169865167e-9	8	3	composite	5·13·3083
2422	200439	1.074132250630e-9	6	2	composite	3^2·22271
2423	200371	1.073814274620e-9	2	1	prime	200371 (prime)
2424	200366	1.073773488723e-9	4	2	composite	2·100183
2425	200373	1.073542578884e-9	4	2	composite	3·66791
2426	200252	1.073302029547e-9	12	3	composite	2^2·13·3851
2427	202560	1.072949127527e-9	56	4	composite	2^6·3·5·211
2428	200381	1.072945638594e-9	2	1	prime	200381 (prime)
2429	200442	1.072848962202e-9	16	4	composite	2·3·11·3037
2430	200348	1.072828538583e-9	6	2	composite	2^2·50087
2431	200383	1.072771980499e-9	2	1	prime	200383 (prime)
2432	200378	1.072731210217e-9	4	2	composite	2·100189
2433	200345	1.072701145547e-9	8	3	composite	5·17·2357
2434	200390	1.072694561681e-9	16	4	composite	2·5·29·691
2435	200457	1.072569336598e-9	6	2	composite	3^2·22273
2436	200362	1.072538523639e-9	16	4	composite	2·17·71·83
2437	200387	1.072335723975e-9	4	2	composite	11·18217
2438	202358	1.072223566255e-9	16	4	composite	2·13·43·181
2439	200386	1.072036726691e-9	4	2	composite	2·100193
2440	201674	1.072022915539e-9	16	4	composite	2·11·89·103
2441	200149	1.071981991279e-9	4	2	composite	71·2819
2442	200391	1.071979634137e-9	4	2	composite	3·66797
2443	200401	1.071209754080e-9	2	1	prime	200401 (prime)
2444	201393	1.071177870158e-9	8	2	composite	3^3·7459
2445	201253	1.071168642032e-9	8	3	composite	13·113·137
2446	200372	1.070745461749e-9	6	2	composite	2^2·50093
2447	200407	1.070689349060e-9	2	1	prime	200407 (prime)
2448	201110	1.070593865381e-9	48	5	composite	2·5·7·13^2·17
2449	200093	1.070403464008e-9	4	2	composite	73·2741
2450	200102	1.070366365843e-9	8	3	composite	2·7·14293
2451	200682	1.070260746447e-9	12	3	composite	2·3^2·11149
2452	200161	1.070232973484e-9	8	3	composite	13·89·173
2453	200419	1.070139910223e-9	4	2	composite	29·6911
2454	200530	1.070017331420e-9	16	4	composite	2·5·11·1823
2455	200414	1.069608180616e-9	4	2	composite	2·100207
2456	200493	1.069447765980e-9	6	2	composite	3^2·22277
2457	200418	1.069227351574e-9	8	3	composite	2·3·33403
2458	200379	1.069187959210e-9	8	3	composite	3·17·3929
2459	200889	1.069147414210e-9	24	4	composite	3^2·13·17·101
2460	200333	1.069112009754e-9	4	2	composite	7·28619
2461	200435	1.069024598745e-9	4	2	composite	5·40087
2462	200427	1.068858008046e-9	4	2	composite	3·66809
2463	200399	1.068831737568e-9	4	2	composite	23·8713
2464	200803	1.068814489199e-9	4	2	composite	157·1279
2465	202020	1.068733990011e-9	96	6	composite	2^2·3·5·7·13·37
2466	200487	1.068653314674e-9	8	3	composite	3·7·9547
2467	200388	1.068581098493e-9	12	3	composite	2^2·3·16699
2468	200426	1.068568450299e-9	4	2	composite	2·100213
2469	202516	1.068370698625e-9	12	3	composite	2^2·197·257
2470	200190	1.068354984141e-9	16	4	composite	2·3·5·6673
2471	200281	1.068319468929e-9	4	2	composite	37·5413
2472	200437	1.068089597688e-9	2	1	prime	200437 (prime)
2473	200469	1.068018058606e-9	8	3	composite	3·19·3517
2474	200404	1.067971979609e-9	6	2	composite	2^2·50101
2475	200347	1.067898838468e-9	4	2	composite	7·28621
2476	200511	1.067889146736e-9	6	2	composite	3^2·22279
2477	200248	1.067713671238e-9	8	2	composite	2^3·25031
2478	200443	1.067570112327e-9	2	1	prime	200443 (prime)
2479	201782	1.067498261108e-9	24	4	composite	2·7^2·29·71
2480	200509	1.067131498475e-9	4	2	composite	43·4663
2481	200409	1.067032399750e-9	8	3	composite	3·11·6073
2482	200585	1.067030499015e-9	16	4	composite	5·7·11·521
2483	200453	1.066615938922e-9	4	2	composite	11·18223
2484	200886	1.066483305976e-9	16	4	composite	2·3·7·4783
2485	200754	1.066434883167e-9	24	4	composite	2·3^2·19·587
2486	200465	1.066427504079e-9	4	2	composite	5·40093
2487	200422	1.066359724087e-9	8	3	composite	2·23·4357
2488	200413	1.066352063032e-9	4	2	composite	17·11789
2489	200264	1.066327708722e-9	8	2	composite	2^3·25033
2490	2217600	1.066124179138e-9	288	5	composite	2^7·3^2·5^2·7·11
2491	200454	1.066110668962e-9	8	3	composite	2·3·33409
2492	200461	1.066012594951e-9	2	1	prime	200461 (prime)
2493	200463	1.065742081644e-9	4	2	composite	3·66821
2494	200467	1.065493745552e-9	2	1	prime	200467 (prime)
2495	200470	1.065464145173e-9	8	3	composite	2·5·20047
2496	200613	1.065408462814e-9	16	4	composite	3·7·41·233
2497	200823	1.065331363527e-9	16	4	composite	3·7·73·131
2498	201066	1.064829969539e-9	32	5	composite	2·3·23·31·47
2499	200547	1.064776097176e-9	6	2	composite	3^2·22283
2500	200318	1.064637730709e-9	8	3	composite	2·37·2707
2501	201256	1.064572940392e-9	16	3	composite	2^3·11·2287
2502	200444	1.064511393195e-9	6	2	composite	2^2·50111
2503	200436	1.064427573623e-9	12	3	composite	2^2·3·16703
2504	200474	1.064415734913e-9	4	2	composite	2·100237
2505	200356	1.064287028882e-9	12	3	composite	2^2·13·3853
2506	200389	1.064264509098e-9	4	2	composite	7·28627
2507	200330	1.064137655778e-9	32	5	composite	2·5·13·23·67
2508	200483	1.064110931266e-9	2	1	prime	200483 (prime)
2509	200478	1.064036037480e-9	8	3	composite	2·3·33413
2510	200777	1.063923853967e-9	8	3	composite	41·59·83
2511	200495	1.063834286206e-9	4	2	composite	5·40099
2512	200296	1.063559142849e-9	8	2	composite	2^3·25037
2513	200795	1.063526067725e-9	8	3	composite	5·7·5737
2514	201407	1.063425958935e-9	8	3	composite	31·73·89
2515	200739	1.063386075445e-9	24	4	composite	3·7·11^2·79
2516	200166	1.063199184439e-9	16	4	composite	2·3·73·457
2517	200539	1.062879939670e-9	4	2	composite	31·6469
2518	200526	1.062492675605e-9	16	4	composite	2·3·19·1759
2519	200605	1.062197221485e-9	8	3	composite	5·53·757
2520	200506	1.062132233005e-9	8	3	composite	2·29·3457
2521	201383	1.062024397514e-9	8	3	composite	7·13·2213
2522	200510	1.062009296245e-9	8	3	composite	2·5·20051
2523	200417	1.061845885793e-9	4	2	composite	7·28631
2524	200048	1.061793475340e-9	10	2	composite	2^4·12503
2525	200476	1.061747963848e-9	6	2	composite	2^2·50119
2526	200513	1.061521114289e-9	2	1	prime	200513 (prime)
2527	200572	1.061465416888e-9	12	3	composite	2^2·41·1223
2528	200158	1.061399911589e-9	24	4	composite	2·7·17·29^2
2529	200571	1.061394579114e-9	8	3	composite	3·7·9551
2530	201341	1.061382733663e-9	8	2	composite	7^3·587
2531	201223	1.061161354943e-9	6	2	composite	11^2·1663
2532	200519	1.060915170610e-9	4	2	composite	11·18229
2533	200355	1.060785515349e-9	24	4	composite	3·5·19^2·37
2534	200523	1.060561440920e-9	4	2	composite	3·66841
2535	200481	1.060370552839e-9	8	3	composite	3·17·3931
2536	200492	1.060367933289e-9	6	2	composite	2^2·50123
2537	200551	1.059920776880e-9	4	2	composite	13·15427
2538	202585	1.059833804147e-9	8	3	composite	5·31·1307
2539	200468	1.059623622834e-9	12	3	composite	2^2·23·2179
2540	200643	1.059595863336e-9	8	3	composite	3·47·1423
2541	200534	1.059238990543e-9	4	2	composite	2·100267
2542	200505	1.058935227480e-9	8	3	composite	3·5·13367
2543	201248	1.058920013921e-9	24	3	composite	2^5·19·331
2544	200555	1.058659673989e-9	4	2	composite	5·40111
2545	200619	1.058566996768e-9	6	2	composite	3^2·22291
2546	200542	1.058549961995e-9	4	2	composite	2·100271
2547	200498	1.058539874291e-9	8	3	composite	2·17·5897
2548	200516	1.058299961742e-9	6	2	composite	2^2·50129
2549	200242	1.058251495492e-9	8	3	composite	2·7·14303
2550	200553	1.057977042792e-9	4	2	composite	3·66851
2551	200326	1.057795234085e-9	16	4	composite	2·7·41·349
2552	200239	1.057779548486e-9	8	3	composite	13·73·211
2553	200524	1.057611215546e-9	6	2	composite	2^2·50131
2554	200559	1.057460617441e-9	4	2	composite	3·66853
2555	200558	1.057172686661e-9	4	2	composite	2·100279
2556	200563	1.057125258062e-9	4	2	composite	11·18233
2557	200482	1.057088158605e-9	8	3	composite	2·59·1699
2558	200654	1.057071082578e-9	8	3	composite	2·41·2447
2559	200537	1.056916621660e-9	4	2	composite	23·8719
2560	200562	1.056794586413e-9	8	3	composite	2·3·33427
2561	200569	1.056697350028e-9	2	1	prime	200569 (prime)
2562	200535	1.056643074190e-9	16	4	composite	3·5·29·461
2563	201763	1.056544566592e-9	4	2	composite	89·2267
2564	200573	1.056353296441e-9	2	1	prime	200573 (prime)
2565	200602	1.056174353497e-9	8	3	composite	2·19·5279
2566	200579	1.055837384046e-9	2	1	prime	200579 (prime)
2567	200047	1.055576799963e-9	4	2	composite	251·797
2568	200429	1.055540104221e-9	4	2	composite	37·5417
2569	200638	1.055520572281e-9	8	3	composite	2·43·2333
2570	200642	1.055303180229e-9	8	3	composite	2·13·7717
2571	200587	1.055149719588e-9	2	1	prime	200587 (prime)
2572	200582	1.055108915760e-9	4	2	composite	2·100291
2573	200621	1.055015779595e-9	4	2	composite	19·10559
2574	200589	1.054880904317e-9	4	2	composite	3·66863
2575	200591	1.054806033200e-9	2	1	prime	200591 (prime)
2576	200862	1.054745859658e-9	12	3	composite	2·3^2·11159
2577	200501	1.054610658423e-9	4	2	composite	7·28643
2578	202174	1.054506296652e-9	12	3	composite	2·7^2·2063
2579	200597	1.054290561063e-9	2	1	prime	200597 (prime)
2580	200594	1.054077961014e-9	4	2	composite	2·100297
2581	200615	1.053500806209e-9	4	2	composite	5·40123
2582	201201	1.053339447169e-9	32	5	composite	3·7·11·13·67
2583	200609	1.053260127731e-9	2	1	prime	200609 (prime)
2584	200403	1.053140176406e-9	12	3	composite	3^2·7·3181
2585	200370	1.052817733483e-9	16	4	composite	2·3·5·6679
2586	200423	1.052748005919e-9	8	3	composite	43·59·79
2587	201438	1.052443925363e-9	36	4	composite	2·3^2·19^2·31
2588	200629	1.052258032767e-9	16	4	composite	11·13·23·61
2589	200663	1.052210820414e-9	4	2	composite	31·6473
2590	200588	1.052111171403e-9	6	2	composite	2^2·50147
2591	201054	1.052041781481e-9	16	4	composite	2·3·7·4787
2592	200532	1.051989059621e-9	24	4	composite	2^2·3·17·983
2593	200635	1.051784657973e-9	4	2	composite	5·40127
2594	200737	1.051741953809e-9	4	2	composite	47·4271
2595	200630	1.051686536435e-9	8	3	composite	2·5·20063
2596	200898	1.051659802872e-9	12	3	composite	2·3^2·11161
2597	200673	1.051527553378e-9	12	3	composite	3^2·11·2027
2598	201347	1.051507578558e-9	8	3	composite	29·53·131
2599	200935	1.051496320047e-9	8	3	composite	5·7·5741
2600	200990	1.051425267385e-9	16	4	composite	2·5·101·199
2601	200626	1.051331825377e-9	4	2	composite	2·100313
2602	200631	1.051275877381e-9	4	2	composite	3·66877
2603	200263	1.051207187564e-9	12	3	composite	7^2·61·67
2604	200543	1.051004614210e-9	4	2	composite	7·28649
2605	200645	1.050927207108e-9	4	2	composite	5·40129
2606	200176	1.050760681967e-9	10	2	composite	2^4·12511
2607	200639	1.050686834523e-9	2	1	prime	200639 (prime)
2608	200490	1.050207258202e-9	32	5	composite	2·3·5·41·163
2609	200612	1.050053224663e-9	6	2	composite	2^2·50153
2610	200607	1.049979657049e-9	8	3	composite	3·11·6079
2611	200456	1.049783511167e-9	8	2	composite	2^3·25057
2612	200649	1.049733209721e-9	4	2	composite	3·66883
2613	200488	1.049711362382e-9	16	3	composite	2^3·19·1319
2614	200733	1.049683542266e-9	8	3	composite	3·13·5147
2615	200678	1.049652554445e-9	8	3	composite	2·19·5281
2616	200817	1.049505729704e-9	12	3	composite	3^2·53·421
2617	200727	1.049295668106e-9	6	2	composite	3^2·22303
2618	200503	1.049186266410e-9	4	2	composite	37·5419
2619	200657	1.049144730747e-9	2	1	prime	200657 (prime)
2620	201747	1.048886428493e-9	16	4	composite	3·7·13·739
2621	200541	1.048815595688e-9	16	4	composite	3·11·59·103
2622	200617	1.048791962803e-9	4	2	composite	17·11801
2623	200684	1.048709887359e-9	12	3	composite	2^2·11·4561
2624	201117	1.048594131200e-9	16	4	composite	3·7·61·157
2625	200667	1.048191977272e-9	4	2	composite	3·66889
2626	200671	1.047946268581e-9	2	1	prime	200671 (prime)
2627	200666	1.047905429313e-9	4	2	composite	2·100333
2628	200459	1.047742953395e-9	6	2	composite	7^2·4091
2629	200433	1.047271224582e-9	8	3	composite	3·71·941
2630	201641	1.047037899468e-9	8	3	composite	11·23·797
2631	200661	1.046932165011e-9	8	3	composite	3·211·317
2632	200707	1.046531024404e-9	4	2	composite	13·15439
2633	200689	1.046406680326e-9	2	1	prime	200689 (prime)
2634	200763	1.046216503538e-9	6	2	composite	3^2·22307
2635	200599	1.046208430018e-9	4	2	composite	7·28657
2636	200699	1.045551950767e-9	2	1	prime	200699 (prime)
2637	201005	1.045513356476e-9	8	3	composite	5·7·5743
2638	200794	1.045478792225e-9	8	3	composite	2·11·9127
2639	200811	1.045431904642e-9	16	4	composite	3·13·19·271
2640	201138	1.044866894369e-9	16	4	composite	2·3·7·4789
2641	200710	1.044839520432e-9	8	3	composite	2·5·20071
2642	200764	1.044633770847e-9	12	3	composite	2^2·53·947
2643	200713	1.044356087196e-9	2	1	prime	200713 (prime)
2644	201786	1.044085222467e-9	24	4	composite	2·3·13^2·199
2645	200540	1.044040346604e-9	24	4	composite	2^2·5·37·271
2646	201081	1.043853674289e-9	8	3	composite	3·97·691
2647	200344	1.043843717826e-9	16	3	composite	2^3·79·317
2648	200627	1.043815501890e-9	4	2	composite	7·28661
2649	200831	1.043703582529e-9	4	2	composite	47·4273
2650	200723	1.043502402047e-9	2	1	prime	200723 (prime)
2651	200560	1.043471520768e-9	40	4	composite	2^4·5·23·109
2652	200722	1.043120171398e-9	4	2	composite	2·100361
2653	200751	1.043060879922e-9	8	3	composite	3·61·1097
2654	200731	1.042819749407e-9	2	1	prime	200731 (prime)
2655	200726	1.042778875998e-9	4	2	composite	2·100363
2656	201978	1.042648715350e-9	36	4	composite	2·3^2·7^2·229
2657	200698	1.042646124744e-9	8	3	composite	2·23·4363
2658	200641	1.042620278724e-9	4	2	composite	7·28663
2659	200272	1.042533126189e-9	10	2	composite	2^4·12517
2660	200148	1.042370294915e-9	24	4	composite	2^2·3·13·1283
2661	200738	1.042229771263e-9	8	3	composite	2·29·3461
2662	200759	1.042091294921e-9	4	2	composite	13·15443
2663	200773	1.042006549823e-9	4	2	composite	19·10567
2664	200798	1.041952291978e-9	8	3	composite	2·13·7723
2665	200755	1.041524279556e-9	4	2	composite	5·40151
2666	201941	1.041393579749e-9	4	2	composite	89·2269
2667	200742	1.041380771323e-9	8	3	composite	2·3·33457
2668	200810	1.041317926259e-9	16	4	composite	2·5·43·467
2669	200747	1.041232134795e-9	4	2	composite	103·1949
2670	200702	1.041059725544e-9	8	3	composite	2·17·5903
2671	200715	1.040940503500e-9	8	3	composite	3·5·13381
2672	200765	1.040672078304e-9	4	2	composite	5·40153
2673	200785	1.040615657555e-9	8	3	composite	5·13·3089
2674	200757	1.040506859687e-9	4	2	composite	3·66919
2675	200740	1.040413932841e-9	12	3	composite	2^2·5·10037
2676	200761	1.040174850350e-9	4	2	composite	11·18251
2677	200719	1.040079826234e-9	4	2	composite	17·11807
2678	200758	1.040051079980e-9	4	2	composite	2·100379
2679	200336	1.039658895329e-9	20	3	composite	2^4·19·659
2680	200769	1.039484846750e-9	4	2	composite	3·66923
2681	200771	1.039410726637e-9	2	1	prime	200771 (prime)
2682	200557	1.039369767895e-9	6	2	composite	7^2·4093
2683	200766	1.039336207715e-9	8	3	composite	2·3·33461
2684	202293	1.039277591769e-9	36	4	composite	3^2·7·13^2·19
2685	200614	1.039228688879e-9	8	3	composite	2·37·2711
2686	200878	1.039220462401e-9	8	3	composite	2·47·2137
2687	201705	1.039068490193e-9	32	5	composite	3·5·7·17·113
2688	201162	1.038973776194e-9	16	4	composite	2·3·13·2579
2689	200584	1.038843297780e-9	8	2	composite	2^3·25073
2690	200779	1.038729741053e-9	2	1	prime	200779 (prime)
2691	200458	1.038409670002e-9	8	3	composite	2·73·1373
2692	200783	1.038301979894e-9	4	2	composite	11·18253
2693	200782	1.038008167632e-9	4	2	composite	2·100391
2694	200789	1.037878926520e-9	2	1	prime	200789 (prime)
2695	200791	1.037762428470e-9	4	2	composite	199·1009
2696	200748	1.037674609342e-9	12	3	composite	2^2·3·16729
2697	200786	1.037667930084e-9	4	2	composite	2·100393
2698	200793	1.037442660861e-9	4	2	composite	3·66931
2699	200797	1.037198564612e-9	2	1	prime	200797 (prime)
2700	200780	1.037009468853e-9	12	3	composite	2^2·5·10039
2701	200494	1.036660533363e-9	8	3	composite	2·7·14321
2702	200815	1.036417520389e-9	4	2	composite	5·40163
2703	200982	1.036391227946e-9	32	5	composite	2·3·19·41·43
2704	200807	1.036348556264e-9	2	1	prime	200807 (prime)
2705	201078	1.036313726424e-9	12	3	composite	2·3^2·11171
2706	200806	1.035967728715e-9	4	2	composite	2·100403
2707	200770	1.035865268528e-9	16	4	composite	2·5·17·1181
2708	200814	1.035254597008e-9	8	3	composite	2·3·33469
2709	200812	1.034911066494e-9	12	3	composite	2^2·61·823
2710	200767	1.034743068596e-9	16	4	composite	7·23·29·43
2711	201159	1.034726955830e-9	24	4	composite	3^2·7·31·103
2712	200822	1.034608869300e-9	4	2	composite	2·100411
2713	200827	1.034562546965e-9	4	2	composite	11·18257
2714	201564	1.034515049721e-9	36	4	composite	2^2·3^2·11·509
2715	200829	1.034384055534e-9	4	2	composite	3·66943
2716	200522	1.034278610443e-9	8	3	composite	2·7·14323
2717	200926	1.034242801872e-9	8	3	composite	2·11·9133
2718	200845	1.033869982832e-9	4	2	composite	5·40169
2719	201109	1.033818723156e-9	4	2	composite	83·2423
2720	200431	1.033618571044e-9	16	4	composite	7·11·19·137
2721	200834	1.033590434422e-9	4	2	composite	2·100417
2722	201178	1.033566468678e-9	16	4	composite	2·17·61·97
2723	200841	1.033365765474e-9	4	2	composite	3·66947
2724	200813	1.033335109643e-9	4	2	composite	23·8731
2725	200843	1.033291972716e-9	2	1	prime	200843 (prime)
2726	200863	1.033246984493e-9	4	2	composite	13·15451
2727	200902	1.033110359597e-9	8	3	composite	2·13·7727
2728	200651	1.032882597880e-9	16	4	composite	11·17·29·37
2729	200847	1.032856869265e-9	4	2	composite	3·66949
2730	200805	1.032816578093e-9	16	4	composite	3·5·11·1217
2731	200846	1.032394763861e-9	8	3	composite	2·233·431
2732	200854	1.032366218624e-9	8	3	composite	2·29·3463
2733	201818	1.032240467526e-9	16	4	composite	2·19·47·113
2734	200857	1.031968148594e-9	4	2	composite	353·569
2735	201593	1.031886473193e-9	8	3	composite	7·31·929
2736	200861	1.031765798226e-9	2	1	prime	200861 (prime)
2737	200828	1.031644525707e-9	6	2	composite	2^2·50207
2738	200821	1.031412837121e-9	4	2	composite	17·11813
2739	200867	1.031257412512e-9	2	1	prime	200867 (prime)
2740	200869	1.031087953475e-9	2	1	prime	200869 (prime)
2741	200911	1.031072984661e-9	4	2	composite	31·6481
2742	201306	1.030608662757e-9	16	4	composite	2·3·7·4793
2743	200885	1.030479362720e-9	4	2	composite	5·40177
2744	200939	1.030331027887e-9	4	2	composite	43·4673
2745	200877	1.030314645619e-9	4	2	composite	3·66959
2746	200874	1.030166631736e-9	8	3	composite	2·3·33479
2747	200881	1.030071686543e-9	2	1	prime	200881 (prime)
2748	200868	1.029961237172e-9	24	4	composite	2^2·3·19·881
2749	200804	1.029922332880e-9	12	3	composite	2^2·17·2953
2750	200818	1.029875565601e-9	16	4	composite	2·31·41·79
2751	200967	1.029765834896e-9	8	3	composite	3·13·5153
2752	201879	1.029735215193e-9	8	2	composite	3^3·7477
2753	200890	1.029535296308e-9	8	3	composite	2·5·20089
2754	200891	1.029225259810e-9	2	1	prime	200891 (prime)
2755	200432	1.028909737252e-9	10	2	composite	2^4·12527
2756	200979	1.028623940189e-9	12	3	composite	3^2·137·163
2757	200899	1.028548428038e-9	2	1	prime	200899 (prime)
2758	200894	1.028507544646e-9	4	2	composite	2·100447
2759	201477	1.028441202802e-9	8	3	composite	3·239·281
2760	200903	1.028210149937e-9	2	1	prime	200903 (prime)
2761	200909	1.027702819748e-9	2	1	prime	200909 (prime)
2762	201215	1.027691625605e-9	8	3	composite	5·7·5749
2763	200670	1.027236172152e-9	16	4	composite	2·3·5·6689
2764	200884	1.026904901632e-9	6	2	composite	2^2·50221
2765	201014	1.026793988530e-9	8	3	composite	2·11·9137
2766	200919	1.026762108605e-9	4	2	composite	3·66973
2767	200762	1.026667008563e-9	8	3	composite	2·37·2713
2768	200918	1.026478732912e-9	4	2	composite	2·100459
2769	200948	1.026262038804e-9	12	3	composite	2^2·11·4567
2770	202119	1.026200370173e-9	8	3	composite	3·89·757
2771	200927	1.026181801121e-9	2	1	prime	200927 (prime)
2772	200905	1.026122984215e-9	8	3	composite	5·23·1747
2773	201023	1.026122943987e-9	4	2	composite	41·4903
2774	200922	1.026107458575e-9	8	3	composite	2·3·33487
2775	200929	1.026012859751e-9	2	1	prime	200929 (prime)
2776	200931	1.025748451742e-9	4	2	composite	3·66977
2777	201293	1.025735924910e-9	4	2	composite	101·1993
2778	200531	1.025646510717e-9	8	3	composite	41·67·73
2779	201294	1.025583506782e-9	24	4	composite	2·3^2·53·211
2780	200892	1.025469584095e-9	12	3	composite	2^2·3·16741
2781	200945	1.025406368092e-9	4	2	composite	5·40189
2782	200908	1.024877774145e-9	6	2	composite	2^2·50227
2783	200938	1.024789993293e-9	4	2	composite	2·100469
2784	200504	1.024675181500e-9	16	3	composite	2^3·71·353
2785	201495	1.024646496586e-9	32	5	composite	3·5·7·19·101
2786	200998	1.024450654321e-9	16	3	composite	2·7^3·293
2787	202212	1.024296368546e-9	36	4	composite	2^2·3^2·41·137
2788	201609	1.024161909004e-9	20	3	composite	3^4·19·131
2789	200953	1.023972386754e-9	4	2	composite	103·1951
2790	200792	1.023850707943e-9	16	3	composite	2^3·19·1321
2791	200965	1.023718822199e-9	4	2	composite	5·40193
2792	200997	1.023700556540e-9	12	3	composite	3^2·23·971
2793	200924	1.023527738786e-9	6	2	composite	2^2·50231
2794	200959	1.023394426225e-9	4	2	composite	11·18269
2795	200995	1.023209371704e-9	8	3	composite	5·61·659
2796	201145	1.023166532614e-9	12	3	composite	5·7^2·821
2797	200958	1.023069591338e-9	8	3	composite	2·3·33493
2798	200744	1.022617954841e-9	16	3	composite	2^3·23·1091
2799	200971	1.022469506020e-9	2	1	prime	200971 (prime)
2800	200604	1.022466310203e-9	24	4	composite	2^2·3·73·229
2801	200879	1.022431813932e-9	4	2	composite	7·28697
2802	200966	1.022428601290e-9	4	2	composite	2·100483
2803	200993	1.022257338967e-9	4	2	composite	13·15461
2804	200730	1.022166714080e-9	16	4	composite	2·3·5·6691
2805	200875	1.022099496758e-9	8	2	composite	5^3·1607
2806	200937	1.021937164324e-9	8	3	composite	3·11·6089
2807	200951	1.021668129774e-9	4	2	composite	23·8737
2808	200983	1.021458557540e-9	2	1	prime	200983 (prime)
2809	200978	1.021321797206e-9	6	2	composite	2·317^2
2810	200987	1.021121708805e-9	2	1	prime	200987 (prime)
2811	200781	1.020971092843e-9	12	3	composite	3^2·7·3187
2812	200090	1.020960045079e-9	32	5	composite	2·5·11·17·107
2813	200989	1.020953274624e-9	2	1	prime	200989 (prime)
2814	200986	1.020743984016e-9	4	2	composite	2·100493
2815	200575	1.020664236984e-9	12	3	composite	5^2·71·113
2816	201987	1.020663475255e-9	8	2	composite	3^3·7481
2817	200955	1.020609352174e-9	8	3	composite	3·5·13397
2818	200677	1.020429458795e-9	4	2	composite	73·2749
2819	201707	1.020016432471e-9	6	2	composite	11^2·1667
2820	200957	1.019926879131e-9	4	2	composite	17·11821
2821	200876	1.019919221211e-9	12	3	composite	2^2·13·3863
2822	201045	1.019900708302e-9	16	4	composite	3·5·13·1031
2823	201784	1.019723608749e-9	16	3	composite	2^3·11·2293
2824	200220	1.019634300668e-9	48	5	composite	2^2·3·5·47·71
2825	201608	1.019480103029e-9	32	4	composite	2^3·11·29·79
2826	201007	1.019438452690e-9	2	1	prime	201007 (prime)
2827	201010	1.019410279595e-9	8	3	composite	2·5·20101
2828	200964	1.019400696399e-9	12	3	composite	2^2·3·16747
2829	201002	1.019397523230e-9	4	2	composite	2·100501
2830	201039	1.019376447248e-9	8	3	composite	3·19·3527
2831	201009	1.019175117594e-9	4	2	composite	3·67003
2832	201011	1.019102010641e-9	2	1	prime	201011 (prime)
2833	200921	1.018894530876e-9	4	2	composite	7·28703
2834	201087	1.018756493452e-9	6	2	composite	3^2·22343
2835	201344	1.018536655761e-9	48	3	composite	2^7·11^2·13
2836	201472	1.018359711348e-9	18	2	composite	2^8·787
2837	200985	1.018085441811e-9	8	3	composite	3·5·13399
2838	201018	1.018018925419e-9	8	3	composite	2·3·33503
2839	200999	1.017954153934e-9	6	2	composite	29^2·239
2840	200963	1.017950785698e-9	8	3	composite	7·19·1511
2841	201022	1.017716010106e-9	4	2	composite	2·100511
2842	201058	1.017613246108e-9	32	5	composite	2·11·13·19·37
2843	201031	1.017420859163e-9	2	1	prime	201031 (prime)
2844	201037	1.016916826345e-9	2	1	prime	201037 (prime)
2845	201034	1.016707897137e-9	4	2	composite	2·100517
2846	201020	1.016617693930e-9	36	4	composite	2^2·5·19·23^2
2847	200859	1.016604783684e-9	16	4	composite	3·23·41·71
2848	201038	1.016372058025e-9	4	2	composite	2·100519
2849	202480	1.016144616788e-9	20	3	composite	2^4·5·2531
2850	201049	1.015909272877e-9	2	1	prime	201049 (prime)
2851	201046	1.015700450574e-9	4	2	composite	2·100523
2852	201071	1.015698550307e-9	4	2	composite	13·15467
2853	201057	1.015610335099e-9	8	3	composite	3·29·2311
2854	201111	1.015583131349e-9	8	3	composite	3·43·1559
2855	200866	1.015487884088e-9	8	3	composite	2·67·1499
2856	201065	1.015306947191e-9	4	2	composite	5·40213
2857	201431	1.015275486080e-9	4	2	composite	157·1283
2858	201063	1.014639674467e-9	4	2	composite	3·67021
2859	200851	1.014500077639e-9	6	2	composite	7^2·4099
2860	200976	1.014383038484e-9	40	4	composite	2^4·3·53·79
2861	201070	1.014371091538e-9	8	3	composite	2·5·20107
2862	200977	1.014190030402e-9	4	2	composite	7·28711
2863	201043	1.013935809571e-9	4	2	composite	23·8741
2864	201073	1.013895990024e-9	2	1	prime	201073 (prime)
2865	201044	1.013437687894e-9	6	2	composite	2^2·50261
2866	201074	1.013352111459e-9	4	2	composite	2·100537
2867	200888	1.013145077552e-9	8	2	composite	2^3·25111
2868	201086	1.012813493049e-9	8	3	composite	2·29·3467
2869	201052	1.012767202871e-9	6	2	composite	2^2·50263
2870	200624	1.012708248499e-9	10	2	composite	2^4·12539
2871	201013	1.012620797342e-9	4	2	composite	59·3407
2872	201708	1.012502929262e-9	36	4	composite	2^2·3^2·13·431
2873	201358	1.012208791669e-9	8	3	composite	2·83·1213
2874	201154	1.011755964277e-9	8	3	composite	2·43·2339
2875	201207	1.011717612836e-9	8	3	composite	3·47·1427
2876	201094	1.011676800171e-9	4	2	composite	2·100547
2877	201099	1.011622996856e-9	4	2	composite	3·67033
2878	200947	1.011562450923e-9	4	2	composite	37·5431
2879	201101	1.011550289425e-9	2	1	prime	201101 (prime)
2880	201059	1.011364707758e-9	4	2	composite	17·11827
2881	201098	1.011341927409e-9	4	2	composite	2·100549
2882	200226	1.011304931741e-9	32	5	composite	2·3·13·17·151
2883	202297	1.011187869642e-9	4	2	composite	89·2273
2884	201107	1.011048074196e-9	2	1	prime	201107 (prime)
2885	201931	1.010952579834e-9	4	2	composite	113·1787
2886	201135	1.010934284675e-9	32	5	composite	3·5·11·23·53
2887	201119	1.010044124909e-9	2	1	prime	201119 (prime)
2888	201121	1.009876868345e-9	2	1	prime	201121 (prime)
2889	201153	1.009816728548e-9	8	3	composite	3·19·3529
2890	200799	1.009776232922e-9	20	3	composite	3^4·37·67
2891	201118	1.009668691645e-9	4	2	composite	2·100559
2892	201558	1.009448871813e-9	16	4	composite	2·3·7·4799
2893	201092	1.009418983593e-9	6	2	composite	2^2·50273
2894	201130	1.009347307528e-9	8	3	composite	2·5·20113
2895	201149	1.009165934619e-9	4	2	composite	13·15473
2896	200936	1.009123902254e-9	8	2	composite	2^3·25117
2897	201129	1.009113387441e-9	4	2	composite	3·67043
2898	201126	1.008966777278e-9	8	3	composite	2·3·33521
2899	200836	1.008799925843e-9	24	4	composite	2^2·23·37·59
2900	201630	1.008682480932e-9	64	6	composite	2·3·5·11·13·47
2901	201197	1.008634764865e-9	4	2	composite	43·4679
2902	201093	1.008415614592e-9	8	3	composite	3·17·3943
2903	201139	1.008372282138e-9	2	1	prime	201139 (prime)
2904	201155	1.007773007775e-9	4	2	composite	5·40231
2905	201147	1.007609474436e-9	4	2	composite	3·67049
2906	201254	1.007533748995e-9	8	3	composite	2·47·2141
2907	201241	1.007436239696e-9	4	2	composite	53·3797
2908	201151	1.007369956701e-9	2	1	prime	201151 (prime)
2909	201108	1.007329856017e-9	12	3	composite	2^2·3·16759
2910	201061	1.007158580795e-9	4	2	composite	7·28723
2911	202149	1.007149098233e-9	8	2	composite	3^3·7487
2912	201076	1.007046763961e-9	12	3	composite	2^2·17·2957
2913	201710	1.006899327149e-9	16	4	composite	2·5·23·877
2914	201157	1.006783131623e-9	4	2	composite	11·18287
2915	201191	1.006746619183e-9	4	2	composite	19·10589
2916	200968	1.006448663575e-9	8	2	composite	2^3·25121
2917	201163	1.006368270505e-9	2	1	prime	201163 (prime)
2918	201167	1.006034523068e-9	2	1	prime	201167 (prime)
2919	201170	1.006006739106e-9	8	3	composite	2·5·20117
2920	200858	1.005960181322e-9	8	3	composite	2·7·14347
2921	201127	1.005681423988e-9	4	2	composite	17·11831
2922	201171	1.005606400770e-9	4	2	composite	3·67057
2923	201269	1.005485621562e-9	4	2	composite	41·4909
2924	201172	1.005444639339e-9	12	3	composite	2^2·19·2647
2925	201929	1.005425921742e-9	12	3	composite	7^2·13·317
2926	201185	1.005269426886e-9	4	2	composite	5·40237
2927	201021	1.005257411944e-9	8	3	composite	3·37·1811
2928	200197	1.005214719348e-9	4	2	composite	107·1871
2929	201221	1.005024286990e-9	4	2	composite	31·6491
2930	201174	1.004959672106e-9	8	3	composite	2·3·33529
2931	201179	1.004947814293e-9	4	2	composite	11·18289
2932	201148	1.004743048227e-9	6	2	composite	2^2·50287
2933	201183	1.004605781505e-9	4	2	composite	3·67061
2934	201259	1.004496697444e-9	4	2	composite	313·643
2935	201182	1.004325761424e-9	4	2	composite	2·100591
2936	201187	1.004206691995e-9	8	3	composite	7·41·701
2937	201301	1.004084675508e-9	4	2	composite	47·4283
2938	201924	1.004021050769e-9	36	4	composite	2^2·3^2·71·79
2939	200472	1.003882763411e-9	16	3	composite	2^3·3·8353
2940	201193	1.003866731186e-9	2	1	prime	201193 (prime)
2941	201158	1.003857115729e-9	8	3	composite	2·23·4373
2942	201103	1.003654199302e-9	4	2	composite	7·28729
2943	201205	1.003602520198e-9	4	2	composite	5·40241
2944	201164	1.003409529819e-9	6	2	composite	2^2·50291
2945	201156	1.003326040457e-9	12	3	composite	2^2·3·16763
2946	201295	1.003278690106e-9	8	3	composite	5·127·317
2947	200203	1.003276694303e-9	8	3	composite	19·41·257
2948	201357	1.003147996072e-9	12	3	composite	3^2·13·1721
2949	201203	1.003033779579e-9	2	1	prime	201203 (prime)
2950	201165	1.003023339589e-9	8	3	composite	3·5·13411
2951	201198	1.002959833856e-9	8	3	composite	2·3·33533
2952	201161	1.002847255288e-9	4	2	composite	17·11833
2953	202203	1.002669121331e-9	8	2	composite	3^3·7489
2954	201566	1.002647844221e-9	8	3	composite	2·97·1039
2955	201209	1.002534157472e-9	2	1	prime	201209 (prime)
2956	201266	1.002530991604e-9	8	3	composite	2·13·7741
2957	202657	1.002477558989e-9	16	4	composite	7·13·17·131
2958	201642	1.002456035222e-9	16	4	composite	2·3·7·4801
2959	201016	1.002443991450e-9	8	2	composite	2^3·25127
2960	201181	1.002405519272e-9	4	2	composite	23·8747
2961	201211	1.002367676753e-9	2	1	prime	201211 (prime)
2962	201239	1.002111298953e-9	4	2	composite	61·3299
2963	201219	1.001607685216e-9	4	2	composite	3·67073
2964	201504	1.001417110523e-9	24	3	composite	2^5·3·2099
2965	200225	1.001370899593e-9	6	2	composite	5^2·8009
2966	201218	1.001328101703e-9	4	2	composite	2·100609
2967	201230	1.001008719827e-9	8	3	composite	2·5·20123
2968	201322	1.000985755133e-9	8	3	composite	2·11·9151
2969	200580	1.000942407314e-9	24	4	composite	2^2·3·5·3343
2970	201226	1.000662721285e-9	4	2	composite	2·100613
2971	202111	1.000620519953e-9	8	3	composite	7·13·2221
2972	201233	1.000537395935e-9	2	1	prime	201233 (prime)
2973	201245	1.000501991374e-9	8	3	composite	5·11·3659
2974	201237	1.000110674908e-9	4	2	composite	3·67079
2975	201220	1.000016393990e-9	12	3	composite	2^2·5·10061
2976	200746	9.999053350017e-10	16	4	composite	2·7·13·1103
2977	201033	9.998682095566e-10	12	3	composite	3^2·7·3191
2978	201469	9.998393853186e-10	8	3	composite	31·67·97
2979	201067	9.993903695802e-10	4	2	composite	67·3001
2980	201247	9.993737226879e-10	2	1	prime	201247 (prime)
2981	200577	9.993706044561e-10	16	4	composite	3·13·37·139
2982	201242	9.993327409589e-10	4	2	composite	2·100621
2983	201321	9.992054474133e-10	6	2	composite	3^2·22369
2984	201251	9.990413938982e-10	2	1	prime	201251 (prime)
2985	201305	9.989823347027e-10	16	4	composite	5·13·19·163
2986	200568	9.987187700219e-10	32	4	composite	2^3·3·61·137
2987	200466	9.986808994371e-10	48	5	composite	2·3^2·7·37·43
2988	201265	9.986120910692e-10	4	2	composite	5·40253
2989	201286	9.983778736937e-10	8	3	composite	2·19·5297
2990	200853	9.981190036523e-10	16	3	composite	3^3·43·173
2991	202428	9.978724602206e-10	18	3	composite	2^2·3^2·5623
2992	201955	9.975567347093e-10	12	3	composite	5·13^2·239
2993	201262	9.975304246452e-10	8	3	composite	2·103·977
2994	201327	9.974427405196e-10	8	3	composite	3·7·9587
2995	201326	9.974226778437e-10	8	3	composite	2·43·2341
2996	200564	9.972220443961e-10	48	5	composite	2^2·7·13·19·29
2997	200275	9.971960305775e-10	6	2	composite	5^2·8011
2998	201546	9.970671994911e-10	12	3	composite	2·3^2·11197
2999	201030	9.970523246496e-10	16	4	composite	2·3·5·6701
3000	201238	9.969757373168e-10	8	3	composite	2·239·421
3001	201395	9.969022119392e-10	8	3	composite	5·47·857
3002	201277	9.967675482241e-10	4	2	composite	431·467
3003	201244	9.967583788781e-10	6	2	composite	2^2·50311
3004	201281	9.965511914609e-10	2	1	prime	201281 (prime)
3005	201287	9.960535778199e-10	2	1	prime	201287 (prime)
3006	201290	9.960261583715e-10	8	3	composite	2·5·20129
3007	201192	9.960066736427e-10	32	4	composite	2^3·3·83·101
3008	200969	9.959967349095e-10	4	2	composite	73·2753
3009	201082	9.959836445252e-10	16	4	composite	2·7·53·271
3010	201282	9.959797667560e-10	8	3	composite	2·3·33547
3011	201524	9.959793885649e-10	12	3	composite	2^2·83·607
3012	202072	9.957843859788e-10	32	4	composite	2^3·13·29·67
3013	201410	9.956250594320e-10	16	4	composite	2·5·11·1831
3014	201255	9.955443575793e-10	8	3	composite	3·5·13417
3015	201246	9.952628604902e-10	16	4	composite	2·3·17·1973
3016	201298	9.946865073990e-10	4	2	composite	2·100649
3017	200716	9.946050069743e-10	18	3	composite	2^2·19^2·139
3018	201370	9.945467601263e-10	16	4	composite	2·5·13·1549
3019	201307	9.943961386952e-10	2	1	prime	201307 (prime)
3020	201263	9.943743913372e-10	4	2	composite	17·11839
3021	201309	9.941366855612e-10	4	2	composite	3·67103
3022	201343	9.941110218010e-10	4	2	composite	19·10597
3023	200848	9.940076912370e-10	10	2	composite	2^4·12553
3024	201311	9.939795610642e-10	4	2	composite	11·18301
3025	201051	9.938526474821e-10	12	3	composite	3^2·89·251
3026	201284	9.934430894657e-10	6	2	composite	2^2·50321
3027	201169	9.930693030739e-10	4	2	composite	37·5437
3028	201329	9.925748480720e-10	2	1	prime	201329 (prime)
3029	202164	9.922379857386e-10	24	4	composite	2^2·3·17·991
3030	201090	9.920758553240e-10	16	4	composite	2·3·5·6703
3031	201697	9.920325878792e-10	4	2	composite	101·1997
3032	201442	9.919180009189e-10	8	3	composite	2·47·2143
3033	201324	9.919133115184e-10	24	4	composite	2^2·3·19·883
3034	201337	9.919131222111e-10	2	1	prime	201337 (prime)
3035	201112	9.917906030421e-10	16	3	composite	2^3·23·1093
3036	201297	9.914560363487e-10	8	3	composite	3·17·3947
3037	200893	9.914125930891e-10	8	3	composite	7·11·2609
3038	201338	9.913759456560e-10	4	2	composite	2·100669
3039	201132	9.913278843693e-10	36	4	composite	2^2·3^2·37·151
3040	201319	9.909568523160e-10	4	2	composite	23·8753
3041	201257	9.908695530461e-10	4	2	composite	7·28751
3042	201381	9.908643835809e-10	8	3	composite	3·19·3533
3043	201316	9.907957974834e-10	6	2	composite	2^2·50329
3044	200438	9.907156997432e-10	16	4	composite	2·7·103·139
3045	201346	9.907146353410e-10	4	2	composite	2·100673
3046	201315	9.905776557063e-10	8	3	composite	3·5·13421
3047	201429	9.902609574926e-10	6	2	composite	3^2·22381
3048	201331	9.902482481024e-10	8	3	composite	13·17·911
3049	201231	9.901716079332e-10	16	3	composite	3^3·29·257
3050	201359	9.900946317476e-10	2	1	prime	201359 (prime)
3051	201340	9.900716562398e-10	12	3	composite	2^2·5·10067
3052	201454	9.900494888126e-10	8	3	composite	2·11·9157
3053	201271	9.897123500106e-10	4	2	composite	7·28753
3054	201363	9.896706699596e-10	4	2	composite	3·67121
3055	201332	9.894737780006e-10	6	2	composite	2^2·50333
3056	201176	9.891665673392e-10	8	2	composite	2^3·25147
3057	200298	9.888659110720e-10	32	5	composite	2·3·7·19·251
3058	201385	9.886773916687e-10	4	2	composite	5·40277
3059	201377	9.885233244543e-10	4	2	composite	11·18307
3060	201489	9.882640179151e-10	8	3	composite	3·47·1429
3061	201433	9.881223102231e-10	8	2	composite	17^3·41
3062	201378	9.880395561511e-10	8	3	composite	2·3·33563
3063	201455	9.878434375146e-10	8	3	composite	5·43·937
3064	201419	9.878302798807e-10	4	2	composite	19·10601
3065	201143	9.877578479031e-10	4	2	composite	71·2833
3066	201412	9.877215134375e-10	12	3	composite	2^2·43·1171
3067	201387	9.876897681223e-10	4	2	composite	3·67129
3068	201389	9.876182588939e-10	2	1	prime	201389 (prime)
3069	201409	9.875788744227e-10	4	2	composite	13·15493
3070	201115	9.875741709899e-10	16	4	composite	5·19·29·73
3071	201435	9.874201746036e-10	16	4	composite	3·5·13·1033
3072	201386	9.874123353506e-10	4	2	composite	2·100693
3073	200411	9.873825764502e-10	4	2	composite	107·1873
3074	201364	9.868330453818e-10	6	2	composite	2^2·50341
3075	201380	9.867703940311e-10	12	3	composite	2^2·5·10069
3076	201388	9.866729366070e-10	24	4	composite	2^2·11·23·199
3077	201401	9.866288029547e-10	2	1	prime	201401 (prime)
3078	201403	9.864639368311e-10	2	1	prime	201403 (prime)
3079	201398	9.864229349449e-10	4	2	composite	2·100699
3080	201072	9.862544228288e-10	40	4	composite	2^4·3·59·71
3081	201313	9.862457311890e-10	4	2	composite	7·28759
3082	201415	9.862033546647e-10	4	2	composite	5·40283
3083	202564	9.860211078285e-10	12	3	composite	2^2·89·569
3084	201406	9.857636952594e-10	4	2	composite	2·100703
3085	201515	9.857011325026e-10	8	3	composite	5·41·983
3086	201413	9.856399194680e-10	2	1	prime	201413 (prime)
3087	202616	9.853476813307e-10	32	4	composite	2^3·19·31·43
3088	201417	9.852170818559e-10	4	2	composite	3·67139
3089	201224	9.852047116147e-10	8	2	composite	2^3·25153
3090	200598	9.851530236534e-10	16	4	composite	2·3·67·499
3091	201414	9.850720910535e-10	8	3	composite	2·3·33569
3092	201506	9.850231325664e-10	8	3	composite	2·53·1901
3093	201421	9.848962042770e-10	4	2	composite	11·18311
3094	200425	9.847360805620e-10	6	2	composite	5^2·8017
3095	201423	9.847230506774e-10	4	2	composite	3·67141
3096	201624	9.845176228063e-10	32	4	composite	2^3·3·31·271
3097	201430	9.844599098184e-10	8	3	composite	2·5·20143
3098	201210	9.843986625357e-10	32	5	composite	2·3·5·19·353
3099	201654	9.842895093515e-10	24	4	composite	2·3^2·17·659
3100	201513	9.842080731334e-10	8	3	composite	3·13·5167
3101	201365	9.841010949526e-10	16	4	composite	5·17·23·103
3102	201382	9.840911496454e-10	8	3	composite	2·17·5923
3103	200712	9.839379962464e-10	16	3	composite	2^3·3·8363
3104	201591	9.837917540613e-10	12	3	composite	3^2·13·1723
3105	201437	9.836640485427e-10	2	1	prime	201437 (prime)
3106	201405	9.835256490001e-10	16	4	composite	3·5·29·463
3107	201461	9.832960703628e-10	4	2	composite	13·15497
3108	201367	9.832239716330e-10	4	2	composite	59·3413
3109	201443	9.830856848944e-10	4	2	composite	11·18313
3110	201519	9.828452273750e-10	6	2	composite	3^2·22391
3111	201542	9.827999297408e-10	8	3	composite	2·11·9161
3112	1820672	9.826963626324e-10	48	3	composite	2^11·7·127
3113	201449	9.826770083640e-10	2	1	prime	201449 (prime)
3114	202653	9.825864281575e-10	24	4	composite	3^2·11·23·89
3115	201451	9.825125966984e-10	2	1	prime	201451 (prime)
3116	201635	9.824080124989e-10	12	3	composite	5·7^2·823
3117	201457	9.821409372082e-10	8	3	composite	19·23·461
3118	200382	9.819842235101e-10	32	5	composite	2·3·7·13·367
3119	200228	9.819143532353e-10	12	3	composite	2^2·7·7151
3120	201871	9.819134175251e-10	8	3	composite	23·67·131
3121	201459	9.817618276077e-10	4	2	composite	3·67153
3122	201243	9.813021965792e-10	18	3	composite	3·7^2·37^2
3123	201470	9.811706697601e-10	8	3	composite	2·5·20147
3124	201462	9.811240983192e-10	8	3	composite	2·3·33577
3125	201559	9.811103124065e-10	4	2	composite	53·3803
3126	200820	9.810411428945e-10	24	4	composite	2^2·3·5·3347
3127	201134	9.809727713842e-10	16	4	composite	2·19·67·79
3128	201487	9.809370860663e-10	8	3	composite	11·13·1409
3129	201436	9.809072570156e-10	6	2	composite	2^2·50359
3130	201317	9.808576981493e-10	4	2	composite	37·5441
3131	201466	9.808280791164e-10	4	2	composite	2·100733
3132	201471	9.807759772113e-10	4	2	composite	3·67157
3133	201583	9.807680832046e-10	4	2	composite	47·4289
3134	201473	9.807048357925e-10	2	1	prime	201473 (prime)
3135	202473	9.804543860137e-10	8	2	composite	3^3·7499
3136	201166	9.804284127935e-10	8	3	composite	2·7·14369
3137	200855	9.803863311476e-10	12	3	composite	5·17^2·139
3138	201452	9.795934352477e-10	6	2	composite	2^2·50363
3139	201514	9.795589100881e-10	8	3	composite	2·19·5303
3140	201482	9.795144586086e-10	4	2	composite	2·100741
3141	201444	9.795101294612e-10	12	3	composite	2^2·3·16787
3142	201520	9.794440778970e-10	40	4	composite	2^4·5·11·229
3143	201397	9.793350960171e-10	4	2	composite	7·28771
3144	201491	9.792272778959e-10	2	1	prime	201491 (prime)
3145	201857	9.792232404129e-10	4	2	composite	97·2081
3146	201486	9.791537383715e-10	8	3	composite	2·3·33581
3147	201493	9.790631836051e-10	2	1	prime	201493 (prime)
3148	202383	9.790545763566e-10	12	3	composite	3^2·113·199
3149	201497	9.787350626643e-10	2	1	prime	201497 (prime)
3150	201556	9.786989644615e-10	12	3	composite	2^2·41·1229
3151	201304	9.786234568489e-10	8	2	composite	2^3·25163
3152	201627	9.786159751903e-10	12	3	composite	3^2·43·521
3153	201499	9.785710458132e-10	2	1	prime	201499 (prime)
3154	201494	9.785300267590e-10	4	2	composite	2·100747
3155	201533	9.784552878964e-10	4	2	composite	19·10607
3156	201573	9.784123332787e-10	6	2	composite	3^2·22397
3157	200518	9.781937910539e-10	8	3	composite	2·107·937
3158	201507	9.778221123204e-10	4	2	composite	3·67169
3159	201771	9.776865946582e-10	20	3	composite	3^4·47·53
3160	201426	9.776036450610e-10	16	4	composite	2·3·59·569
3161	201511	9.775871701321e-10	2	1	prime	201511 (prime)
3162	201270	9.772387352412e-10	16	4	composite	2·3·5·6709
3163	201521	9.772343290324e-10	4	2	composite	29·6949
3164	201527	9.772243695471e-10	4	2	composite	137·1471
3165	201517	9.770954925003e-10	2	1	prime	201517 (prime)
3166	201468	9.770341709459e-10	24	4	composite	2^2·3·103·163
3167	201008	9.768001183869e-10	20	3	composite	2^4·17·739
3168	201578	9.767718691016e-10	8	3	composite	2·13·7753
3169	201522	9.762028206876e-10	8	3	composite	2·3·33587
3170	201773	9.760039807702e-10	16	4	composite	11·13·17·83
3171	201902	9.758522605726e-10	8	3	composite	2·157·643
3172	201503	9.758183911387e-10	4	2	composite	23·8761
3173	201899	9.754417609673e-10	4	2	composite	101·1999
3174	201670	9.753713538907e-10	32	5	composite	2·5·7·43·67
3175	201571	9.753281709434e-10	6	2	composite	19·103^2
3176	201534	9.752204513661e-10	8	3	composite	2·3·33589
3177	200260	9.752023284241e-10	48	5	composite	2^2·5·17·19·31
3178	201508	9.750035553935e-10	6	2	composite	2^2·50377
3179	201562	9.749801623844e-10	8	3	composite	2·31·3251
3180	201538	9.749255347181e-10	4	2	composite	2·100769
3181	201543	9.748737943723e-10	4	2	composite	3·67181
3182	201188	9.748313632419e-10	24	4	composite	2^2·13·53·73
3183	201391	9.747869456396e-10	4	2	composite	37·5443
3184	201352	9.746877402186e-10	8	2	composite	2^3·25169
3185	201547	9.746392635942e-10	2	1	prime	201547 (prime)
3186	201371	9.744151723021e-10	4	2	composite	79·2549
3187	201557	9.738213926483e-10	2	1	prime	201557 (prime)
3188	202059	9.737810777038e-10	24	4	composite	3^2·11·13·157
3189	200844	9.737469891429e-10	36	4	composite	2^2·3^2·7·797
3190	201612	9.736282750748e-10	24	4	composite	2^2·3·53·317
3191	201561	9.734016524300e-10	4	2	composite	3·67187
3192	201834	9.733805428991e-10	12	3	composite	2·3^2·11213
3193	201368	9.733780255852e-10	8	2	composite	2^3·25171
3194	201484	9.733283111419e-10	12	3	composite	2^2·17·2963
3195	201621	9.732351577764e-10	8	3	composite	3·7·9601
3196	201532	9.730405990005e-10	6	2	composite	2^2·50383
3197	201518	9.729350127749e-10	8	3	composite	2·17·5927
3198	201567	9.729112548164e-10	4	2	composite	3·67189
3199	201104	9.728992484053e-10	10	2	composite	2^4·12569
3200	201535	9.727100608007e-10	8	3	composite	5·17·2371
3201	201577	9.721869094581e-10	2	1	prime	201577 (prime)
3202	200856	9.720898109012e-10	16	3	composite	2^3·3·8369
3203	201574	9.719825406774e-10	4	2	composite	2·100787
3204	201581	9.718601917862e-10	2	1	prime	201581 (prime)
3205	201261	9.717233459333e-10	8	3	composite	3·73·919
3206	201080	9.714601609838e-10	32	4	composite	2^3·5·11·457
3207	201669	9.714253492107e-10	8	3	composite	3·13·5171
3208	201589	9.712070069953e-10	2	1	prime	201589 (prime)
3209	201599	9.703909088141e-10	2	1	prime	201599 (prime)
3210	201594	9.703175248734e-10	8	3	composite	2·3·33599
3211	202722	9.698248260607e-10	32	5	composite	2·3·13·23·113
3212	201681	9.695836366158e-10	6	2	composite	3^2·22409
3213	201611	9.694121506274e-10	2	1	prime	201611 (prime)
3214	201606	9.693387878018e-10	8	3	composite	2·3·33601
3215	201666	9.691925151230e-10	32	5	composite	2·3·19·29·61
3216	201647	9.691354881669e-10	4	2	composite	19·10613
3217	201523	9.690253468767e-10	4	2	composite	7·28789
3218	201595	9.690141970718e-10	8	3	composite	5·23·1753
3219	201619	9.686759139805e-10	4	2	composite	11·18329
3220	200566	9.685331697069e-10	12	3	composite	2·17^2·347
3221	201623	9.684339917381e-10	2	1	prime	201623 (prime)
3222	201643	9.683968889386e-10	4	2	composite	13·15511
3223	201682	9.682775211150e-10	8	3	composite	2·13·7757
3224	201498	9.681313342120e-10	32	5	composite	2·3·11·43·71
3225	201622	9.680670488678e-10	4	2	composite	2·100811
3226	201629	9.679451295867e-10	2	1	prime	201629 (prime)
3227	201652	9.678659243161e-10	12	3	composite	2^2·11·4583
3228	201633	9.675269131956e-10	4	2	composite	3·67211
3229	201356	9.673527894558e-10	12	3	composite	2^2·71·709
3230	201275	9.672497525313e-10	12	3	composite	5^2·83·97
3231	201639	9.670383867720e-10	4	2	composite	3·67213
3232	201362	9.669090773887e-10	16	4	composite	2·7·19·757
3233	201585	9.668150429172e-10	16	4	composite	3·5·89·151
3234	201551	9.667434428225e-10	4	2	composite	7·28793
3235	201646	9.661129593819e-10	4	2	composite	2·100823
3236	201713	9.660969330665e-10	4	2	composite	43·4691
3237	201651	9.660616917099e-10	4	2	composite	3·67217
3238	201653	9.659912550542e-10	2	1	prime	201653 (prime)
3239	201615	9.659741423364e-10	8	3	composite	3·5·13441
3240	201439	9.658753860165e-10	6	2	composite	7^2·4111
3241	201416	9.657943637891e-10	16	3	composite	2^3·17·1481
3242	201657	9.655735683356e-10	4	2	composite	3·67219
3243	201464	9.655426105609e-10	8	2	composite	2^3·25183
3244	201661	9.653405331108e-10	2	1	prime	201661 (prime)
3245	201658	9.651368752739e-10	4	2	composite	2·100829
3246	201686	9.648671049224e-10	8	3	composite	2·31·3253
3247	201667	9.648526313578e-10	2	1	prime	201667 (prime)
3248	201939	9.647552816619e-10	8	3	composite	3·83·811
3249	201084	9.645334825915e-10	24	4	composite	2^2·3·13·1289
3250	201427	9.644744195547e-10	4	2	composite	71·2837
3251	201673	9.643649141285e-10	2	1	prime	201673 (prime)
3252	201539	9.641862409933e-10	8	3	composite	13·37·419
3253	201734	9.640475177206e-10	8	3	composite	2·13·7759
3254	200396	9.639941034717e-10	24	4	composite	2^2·7·17·421
3255	201843	9.639425825920e-10	12	3	composite	3^2·41·547
3256	201985	9.638858980745e-10	16	4	composite	5·7·29·199
3257	201683	9.635523652638e-10	2	1	prime	201683 (prime)
3258	201678	9.634791059475e-10	8	3	composite	2·3·33613
3259	202582	9.634156974530e-10	8	3	composite	2·199·509
3260	202051	9.634144745843e-10	4	2	composite	97·2083
3261	201620	9.633216392260e-10	24	4	composite	2^2·5·17·593
3262	201799	9.630687858122e-10	12	3	composite	13·19^2·43
3263	202689	9.629037376695e-10	8	2	composite	3^3·7507
3264	201723	9.628514008664e-10	8	3	composite	3·19·3539
3265	201693	9.626481051742e-10	4	2	composite	3·67231
3266	201232	9.624499357464e-10	10	2	composite	2^4·12577
3267	200279	9.622708974533e-10	8	3	composite	19·83·127
3268	201694	9.622121791116e-10	4	2	composite	2·100847
3269	201701	9.620908362669e-10	2	1	prime	201701 (prime)
3270	201668	9.619630724607e-10	6	2	composite	2^2·50417
3271	200675	9.615665836217e-10	12	3	composite	5^2·23·349
3272	201529	9.615326072880e-10	4	2	composite	79·2551
3273	201702	9.615307346052e-10	8	3	composite	2·3·33617
3274	2032	9.615108811179e-10	10	2	composite	2^4·127
3275	201709	9.614417487315e-10	2	1	prime	201709 (prime)
3276	202098	9.613332220615e-10	16	4	composite	2·3·13·2591
3277	201806	9.612485286925e-10	8	3	composite	2·11·9173
3278	201706	9.612384527176e-10	4	2	composite	2·100853
3279	202146	9.611287493209e-10	16	4	composite	2·3·7·4813
3280	201742	9.609608974182e-10	8	3	composite	2·19·5309
3281	201671	9.609265225545e-10	4	2	composite	17·11863
3282	201714	9.605574686303e-10	8	3	composite	2·3·33619
3283	201692	9.600163162765e-10	6	2	composite	2^2·50423
3284	201730	9.599558288824e-10	8	3	composite	2·5·20173
3285	201418	9.598399862255e-10	8	3	composite	2·7·14387
3286	201604	9.597601499234e-10	12	3	composite	2^2·13·3877
3287	201731	9.596580531395e-10	2	1	prime	201731 (prime)
3288	202154	9.595448846053e-10	8	3	composite	2·61·1657
3289	202696	9.593493373905e-10	16	3	composite	2^3·13·1949
3290	201649	9.587829671356e-10	4	2	composite	7·28807
3291	201741	9.587560219128e-10	4	2	composite	3·67247
3292	201743	9.586859905727e-10	2	1	prime	201743 (prime)
3293	201662	9.586764363385e-10	8	3	composite	2·59·1709
3294	201738	9.586128030310e-10	8	3	composite	2·3·33623
3295	201755	9.584311719936e-10	4	2	composite	5·40351
3296	201865	9.583627553634e-10	8	3	composite	5·47·859
3297	202101	9.581047560343e-10	16	4	composite	3·23·29·101
3298	201749	9.580909184614e-10	4	2	composite	229·881
3299	201751	9.579547385191e-10	4	2	composite	11·18341
3300	202022	9.576864604335e-10	8	3	composite	2·83·1217
3301	201446	9.575690403841e-10	8	3	composite	2·7·14389
3302	201757	9.575526597206e-10	2	1	prime	201757 (prime)
3303	200376	9.574399190615e-10	72	4	composite	2^3·3^2·11^2·23
3304	200830	9.570152011732e-10	32	5	composite	2·5·7·19·151
3305	201767	9.567437100332e-10	2	1	prime	201767 (prime)
3306	201770	9.567174014709e-10	8	3	composite	2·5·20177
3307	201769	9.565819553058e-10	2	1	prime	201769 (prime)
3308	201729	9.565433184557e-10	8	3	composite	3·11·6113
3309	201048	9.564300137771e-10	16	3	composite	2^3·3·8377
3310	201915	9.562528832896e-10	24	4	composite	3^2·5·7·641
3311	201722	9.562313977784e-10	12	3	composite	2·17^2·349
3312	201732	9.560470669535e-10	12	3	composite	2^2·3·16811
3313	201785	9.560041559395e-10	4	2	composite	5·40357
3314	202158	9.559567789433e-10	24	4	composite	2·3^2·11·1021
3315	201777	9.557216577728e-10	8	3	composite	3·103·653
3316	201774	9.557003053533e-10	8	3	composite	2·3·33629
3317	201807	9.556343372545e-10	12	3	composite	3^2·17·1319
3318	201781	9.556117838885e-10	2	1	prime	201781 (prime)
3319	201739	9.554205112786e-10	4	2	composite	17·11867
3320	201691	9.553837794000e-10	4	2	composite	7·28813
3321	201783	9.553584089398e-10	4	2	composite	3·67261
3322	201762	9.552612774117e-10	24	4	composite	2·3^2·11·1019
3323	201842	9.551791626145e-10	8	3	composite	2·43·2347
3324	201787	9.551269520097e-10	2	1	prime	201787 (prime)
3325	201791	9.548038101103e-10	2	1	prime	201791 (prime)
3326	201885	9.547704424865e-10	16	4	composite	3·5·43·313
3327	201328	9.546585861430e-10	10	2	composite	2^4·12583
3328	202609	9.545458482259e-10	8	3	composite	11·113·163
3329	2096896	9.545077838520e-10	18	2	composite	2^8·8191
3330	201296	9.544171461181e-10	20	3	composite	2^4·23·547
3331	201805	9.543882951663e-10	4	2	composite	5·40361
3332	201797	9.543192274690e-10	2	1	prime	201797 (prime)
3333	201764	9.541907603612e-10	6	2	composite	2^2·50441
3334	201724	9.541285793517e-10	24	4	composite	2^2·29·37·47
3335	201788	9.540244755154e-10	12	3	composite	2^2·61·827
3336	201716	9.538576893160e-10	12	3	composite	2^2·211·239
3337	201765	9.538154910652e-10	8	3	composite	3·5·13451
3338	201811	9.536493675858e-10	4	2	composite	29·6959
3339	201837	9.536238400959e-10	8	3	composite	3·19·3541
3340	200412	9.533640323804e-10	36	4	composite	2^2·3^2·19·293
3341	201809	9.533504863724e-10	2	1	prime	201809 (prime)
3342	201719	9.531217891548e-10	4	2	composite	7·28817
3343	202395	9.529890396360e-10	16	4	composite	3·5·103·131
3344	201813	9.529361059903e-10	4	2	composite	3·67271
3345	201873	9.527776045500e-10	8	3	composite	3·7·9613
3346	262144	9.526439790579e-10	19	1	composite	2^18
3347	201814	9.525026444636e-10	4	2	composite	2·100907
3348	201819	9.524521151490e-10	4	2	composite	3·67273
3349	201821	9.523823912087e-10	2	1	prime	201821 (prime)
3350	200839	9.523085579861e-10	4	2	composite	107·1877
3351	201823	9.522211075881e-10	2	1	prime	201823 (prime)
3352	202148	9.521816670793e-10	12	3	composite	2^2·97·521
3353	201897	9.520744014591e-10	6	2	composite	3^2·22433
3354	201552	9.519935966812e-10	80	5	composite	2^4·3·13·17·19
3355	201849	9.519718833162e-10	8	3	composite	3·61·1103
3356	201890	9.519236383820e-10	16	4	composite	2·5·13·1553
3357	201827	9.518985957410e-10	2	1	prime	201827 (prime)
3358	201830	9.518724426420e-10	8	3	composite	2·5·20183
3359	201756	9.518361213945e-10	48	5	composite	2^2·3·17·23·43
3360	201822	9.518255384243e-10	8	3	composite	2·3·33637
3361	201829	9.517373368419e-10	2	1	prime	201829 (prime)
3362	201851	9.515410341805e-10	4	2	composite	13·15527
3363	201826	9.515350396195e-10	4	2	composite	2·100913
3364	201790	9.514151574824e-10	16	4	composite	2·5·17·1187
3365	201833	9.514149124906e-10	2	1	prime	201833 (prime)
3366	201351	9.512536142299e-10	8	3	composite	3·41·1637
3367	201795	9.509403154288e-10	16	4	composite	3·5·11·1223
3368	201847	9.502869091641e-10	2	1	prime	201847 (prime)
3369	201951	9.502390823009e-10	12	3	composite	3^2·19·1181
3370	201959	9.502045097376e-10	4	2	composite	47·4297
3371	200120	9.500718746183e-10	16	3	composite	2^3·5·5003
3372	202194	9.500203016323e-10	24	4	composite	2·3^2·47·239
3373	201846	9.498917796694e-10	8	3	composite	2·3·33641
3374	200833	9.497504875487e-10	4	2	composite	229·877
3375	200946	9.494702160285e-10	16	4	composite	2·3·107·313
3376	201854	9.492796806071e-10	4	2	composite	2·100927
3377	201869	9.489749935155e-10	4	2	composite	29·6961
3378	202254	9.487543038963e-10	16	4	composite	2·3·13·2593
3379	201222	9.487381312711e-10	24	4	composite	2·3^2·7·1597
3380	201862	9.486358905571e-10	4	2	composite	2·100931
3381	201867	9.485855359500e-10	4	2	composite	3·67289
3382	201836	9.483870146124e-10	6	2	composite	2^2·50459
3383	201537	9.482704407942e-10	18	3	composite	3^2·7^2·457
3384	201844	9.477435094557e-10	6	2	composite	2^2·50461
3385	201966	9.476983392968e-10	16	4	composite	2·3·41·821
3386	201860	9.476853980507e-10	12	3	composite	2^2·5·10093
3387	201874	9.476707159525e-10	4	2	composite	2·100937
3388	201913	9.476031786293e-10	4	2	composite	19·10627
3389	202314	9.475912503623e-10	16	4	composite	2·3·7·4817
3390	201881	9.475509274076e-10	2	1	prime	201881 (prime)
3391	202070	9.473940655668e-10	24	4	composite	2·5·11^2·167
3392	201883	9.473071418965e-10	4	2	composite	11·18353
3393	201982	9.470445512639e-10	8	3	composite	2·11·9181
3394	201882	9.469956304030e-10	8	3	composite	2·3·33647
3395	201761	9.469768014366e-10	16	4	composite	7·19·37·41
3396	201889	9.469078863065e-10	2	1	prime	201889 (prime)
3397	201886	9.467061148348e-10	4	2	composite	2·100943
3398	201893	9.465864611698e-10	2	1	prime	201893 (prime)
3399	201855	9.465658884586e-10	8	3	composite	3·5·13457
3400	201905	9.465553125171e-10	8	3	composite	5·11·3671
3401	202504	9.463419523160e-10	16	3	composite	2^3·17·1489
3402	201969	9.462816910026e-10	6	2	composite	3^2·22441
3403	201981	9.461689307077e-10	8	3	composite	3·13·5179
3404	201831	9.461454915632e-10	12	3	composite	3·7^2·1373
3405	201596	9.456460347278e-10	12	3	composite	2^2·101·499
3406	201603	9.456095289265e-10	16	4	composite	3·17·59·67
3407	201907	9.454620259072e-10	2	1	prime	201907 (prime)
3408	200788	9.453900149608e-10	24	4	composite	2^2·7·71·101
3409	201911	9.451408743124e-10	2	1	prime	201911 (prime)
3410	200342	9.450119183040e-10	8	3	composite	2·109·919
3411	201934	9.448359993615e-10	8	3	composite	2·31·3257
3412	200507	9.446736489899e-10	8	3	composite	19·61·173
3413	201737	9.446273480272e-10	4	2	composite	67·3011
3414	201919	9.444988411314e-10	2	1	prime	201919 (prime)
3415	201914	9.444577964558e-10	4	2	composite	2·100957
3416	201876	9.444469602366e-10	12	3	composite	2^2·3·16823
3417	201144	9.442719843961e-10	48	4	composite	2^3·3·17^2·29
3418	201921	9.442472362283e-10	4	2	composite	3·67307
3419	201923	9.441779356785e-10	2	1	prime	201923 (prime)
3420	201614	9.440129368988e-10	8	3	composite	2·7·14401
3421	201935	9.439261141818e-10	4	2	composite	5·40387
3422	201688	9.435507625697e-10	16	3	composite	2^3·17·1483
3423	201932	9.432893887673e-10	12	3	composite	2^2·19·2657
3424	201970	9.431441282844e-10	16	4	composite	2·5·19·1063
3425	201937	9.430552324173e-10	2	1	prime	201937 (prime)
3426	201812	9.429855381015e-10	12	3	composite	2^2·13·3881
3427	200528	9.427323150265e-10	20	3	composite	2^4·83·151
3428	202303	9.427119290194e-10	4	2	composite	101·2003
3429	201999	9.426492889544e-10	8	3	composite	3·7·9619
3430	201402	9.424656179299e-10	24	4	composite	2·3^2·67·167
3431	202053	9.424266485649e-10	8	3	composite	3·47·1433
3432	201917	9.422815751458e-10	4	2	composite	23·8779
3433	201947	9.422538271356e-10	2	1	prime	201947 (prime)
3434	202023	9.419514249284e-10	6	2	composite	3^2·22447
3435	201859	9.418613578050e-10	4	2	composite	7·28837
3436	201953	9.417731662294e-10	2	1	prime	201953 (prime)
3437	201989	9.415058713401e-10	4	2	composite	19·10631
3438	202265	9.414098847673e-10	8	3	composite	5·7·5779
3439	201711	9.413341298923e-10	8	3	composite	3·71·947
3440	201509	9.411779430869e-10	8	3	composite	7·11·2617
3441	201961	9.411325371480e-10	2	1	prime	201961 (prime)
3442	202026	9.407610061937e-10	16	4	composite	2·3·11·3061
3443	201962	9.406112428584e-10	4	2	composite	2·100981
3444	2555904	9.403598246102e-10	68	3	composite	2^16·3·13
3445	201892	9.403168350931e-10	12	3	composite	2^2·17·2969
3446	201973	9.401720996153e-10	2	1	prime	201973 (prime)
3447	201898	9.399590998508e-10	12	3	composite	2·29·59^2
3448	200975	9.398747977329e-10	6	2	composite	5^2·8039
3449	201979	9.396921023755e-10	2	1	prime	201979 (prime)
3450	201974	9.396510625775e-10	4	2	composite	2·100987
3451	201957	9.395371010397e-10	16	4	composite	3·7·59·163
3452	201835	9.394883296436e-10	8	3	composite	5·37·1091
3453	202335	9.394576215679e-10	32	5	composite	3·5·7·41·47
3454	202004	9.394574223016e-10	12	3	composite	2^2·11·4591
3455	201945	9.393503510929e-10	8	3	composite	3·5·13463
3456	201927	9.392970899014e-10	16	4	composite	3·11·29·211
3457	201994	9.392636180098e-10	16	4	composite	2·13·17·457
3458	201396	9.392048693957e-10	24	4	composite	2^2·3·13·1291
3459	201916	9.388405168236e-10	24	4	composite	2^2·11·13·353
3460	201948	9.386796845846e-10	12	3	composite	2^2·3·16829
3461	200808	9.385614502744e-10	24	3	composite	2^3·3^2·2789
3462	201901	9.384993354889e-10	4	2	composite	7·28843
3463	201963	9.384979153887e-10	8	3	composite	3·23·2927
3464	202373	9.383526889463e-10	4	2	composite	157·1289
3465	201997	9.382530609786e-10	2	1	prime	201997 (prime)
3466	202271	9.382355861491e-10	4	2	composite	83·2437
3467	201789	9.381865366771e-10	12	3	composite	3^2·7·3203
3468	201980	9.380661330745e-10	12	3	composite	2^2·5·10099
3469	202001	9.379334162289e-10	2	1	prime	202001 (prime)
3470	201996	9.378987036003e-10	36	4	composite	2^2·3^2·31·181
3471	202015	9.377431868022e-10	8	3	composite	5·11·3673
3472	201998	9.377326089382e-10	4	2	composite	2·100999
3473	202077	9.376334770942e-10	6	2	composite	3^2·22453
3474	202010	9.374284351149e-10	8	3	composite	2·5·20201
3475	201698	9.372794908803e-10	8	3	composite	2·7·14407
3476	201288	9.370754517884e-10	16	3	composite	2^3·3·8387
3477	202033	9.369416847624e-10	4	2	composite	13·15541
3478	201025	9.368751912465e-10	24	4	composite	5^2·11·17·43
3479	201938	9.368542483555e-10	16	4	composite	2·11·67·137
3480	201972	9.367620892494e-10	12	3	composite	2^2·3·16831
3481	202017	9.365649180409e-10	4	2	composite	3·67339
3482	200549	9.364976952013e-10	8	3	composite	17·47·251
3483	202114	9.364770992284e-10	8	3	composite	2·11·9187
3484	202021	9.363363996094e-10	2	1	prime	202021 (prime)
3485	201986	9.363156163962e-10	8	3	composite	2·23·4391
3486	201988	9.362063354389e-10	6	2	composite	2^2·50497
3487	200824	9.361777454694e-10	16	3	composite	2^3·13·1931
3488	202018	9.361357488766e-10	4	2	composite	2·101009
3489	202083	9.359341151451e-10	8	3	composite	3·7·9623
3490	201832	9.358678873480e-10	8	2	composite	2^3·25229
3491	202354	9.357786829128e-10	16	4	composite	2·23·53·83
3492	202302	9.356372106972e-10	12	3	composite	2·3^2·11239
3493	202029	9.356073857809e-10	4	2	composite	3·67343
3494	202031	9.355384846806e-10	2	1	prime	202031 (prime)
3495	200244	9.354226177040e-10	48	5	composite	2^2·3·11·37·41
3496	201053	9.353493993686e-10	4	2	composite	107·1879
3497	201993	9.353366660372e-10	8	3	composite	3·11·6121
3498	202488	9.351573215529e-10	64	5	composite	2^3·3·11·13·59
3499	202043	9.350367998912e-10	4	2	composite	29·6967
3500	202037	9.349775483272e-10	4	2	composite	11·18367
3501	202009	9.349270079437e-10	4	2	composite	23·8783
3502	202058	9.349174853911e-10	8	3	composite	2·31·3259
3503	201845	9.348521426222e-10	16	4	composite	5·7·73·79
3504	202012	9.342919219282e-10	6	2	composite	2^2·50503
3505	202042	9.342217049416e-10	4	2	composite	2·101021
3506	202047	9.341721271742e-10	4	2	composite	3·67349
3507	202049	9.341033430890e-10	2	1	prime	202049 (prime)
3508	201983	9.340835394501e-10	8	3	composite	37·53·103
3509	200887	9.338116739620e-10	8	3	composite	19·97·109
3510	201687	9.337654061748e-10	16	4	composite	3·23·37·79
3511	200224	9.337281071659e-10	12	2	composite	2^5·6257
3512	202085	9.334921834876e-10	8	3	composite	5·13·3109
3513	202142	9.333249767143e-10	8	3	composite	2·53·1907
3514	202011	9.333197389328e-10	12	3	composite	3·17^2·233
3515	202054	9.332655788318e-10	4	2	composite	2·101027
3516	200081	9.332117652856e-10	8	3	composite	7·101·283
3517	202061	9.331473395168e-10	2	1	prime	202061 (prime)
3518	202063	9.329880595022e-10	2	1	prime	202063 (prime)
3519	201754	9.328070676302e-10	8	3	composite	2·7·14411
3520	201928	9.327920429589e-10	16	3	composite	2^3·43·587
3521	202067	9.326695430512e-10	2	1	prime	202067 (prime)
3522	202093	9.325919682255e-10	4	2	composite	61·3313
3523	202065	9.322539969948e-10	16	4	composite	3·5·19·709
3524	202035	9.321688021833e-10	8	3	composite	3·5·13469
3525	201848	9.320699154586e-10	16	3	composite	2^3·23·1097
3526	202439	9.320292968476e-10	4	2	composite	97·2087
3527	202130	9.319913753890e-10	32	5	composite	2·5·17·29·41
3528	202060	9.316868326900e-10	12	3	composite	2^2·5·10103
3529	202074	9.316417224253e-10	8	3	composite	2·3·33679
3530	202045	9.315802459999e-10	8	3	composite	5·17·2377
3531	202081	9.314730748738e-10	4	2	composite	11·18371
3532	201943	9.314290768632e-10	8	3	composite	7·17·1697
3533	202180	9.313428680613e-10	24	4	composite	2^2·5·11·919
3534	202601	9.312406536695e-10	8	3	composite	7·103·281
3535	202084	9.311511470415e-10	12	3	composite	2^2·19·2659
3536	202052	9.311066097021e-10	6	2	composite	2^2·50513
3537	202113	9.311044016674e-10	12	3	composite	3^2·17·1321
3538	202087	9.310780344411e-10	2	1	prime	202087 (prime)
3539	201896	9.307653119105e-10	8	2	composite	2^3·25237
3540	200360	9.307007542310e-10	16	3	composite	2^3·5·5009
3541	200717	9.306142517342e-10	8	3	composite	11·71·257
3542	202437	9.304751813805e-10	12	3	composite	3^2·83·271
3543	202405	9.302572007540e-10	8	3	composite	5·7·5783
3544	201853	9.301899079929e-10	4	2	composite	71·2843
3545	202099	9.301239308100e-10	2	1	prime	202099 (prime)
3546	202374	9.299120699298e-10	12	3	composite	2·3^2·11243
3547	202013	9.295700628536e-10	4	2	composite	7·28859
3548	202115	9.295572135208e-10	4	2	composite	5·40423
3549	202102	9.294471547094e-10	4	2	composite	2·101051
3550	202107	9.293978495052e-10	4	2	composite	3·67369
3551	202141	9.293838958102e-10	4	2	composite	19·10639
3552	202151	9.293358039836e-10	4	2	composite	31·6521
3553	202109	9.293293158760e-10	2	1	prime	202109 (prime)
3554	202147	9.288578100442e-10	16	4	composite	11·17·23·47
3555	202121	9.283763216730e-10	2	1	prime	202121 (prime)
3556	202079	9.281824691954e-10	4	2	composite	17·11887
3557	202398	9.280222123841e-10	32	5	composite	2·3·7·61·79
3558	202135	9.279690451430e-10	4	2	composite	5·40427
3559	202127	9.279000220337e-10	2	1	prime	202127 (prime)
3560	202129	9.277413024327e-10	2	1	prime	202129 (prime)
3561	201772	9.277285780902e-10	12	3	composite	2^2·73·691
3562	202186	9.276413995256e-10	8	3	composite	2·43·2351
3563	202126	9.275415490069e-10	4	2	composite	2·101063
3564	202128	9.272420557056e-10	20	3	composite	2^4·3·4211
3565	202145	9.271756155588e-10	4	2	composite	5·40429
3566	201944	9.269496106661e-10	8	2	composite	2^3·25243
3567	202198	9.266937738033e-10	16	4	composite	2·17·19·313
3568	202108	9.266584275445e-10	6	2	composite	2^2·50527
3569	202163	9.265986101946e-10	4	2	composite	13·15551
3570	202246	9.262096126883e-10	16	4	composite	2·11·29·317
3571	202221	9.261785055781e-10	6	2	composite	3^2·22469
3572	202089	9.261683006020e-10	16	4	composite	3·31·41·53
3573	2097136	9.259507280276e-10	10	2	composite	2^4·131071
3574	202209	9.259167509778e-10	8	3	composite	3·7·9629
3575	202159	9.258151351555e-10	4	2	composite	29·6971
3576	202165	9.255899216567e-10	4	2	composite	5·40433
3577	202253	9.255119330533e-10	4	2	composite	41·4933
3578	202116	9.253071534254e-10	12	3	composite	2^2·3·16843
3579	202069	9.251251083400e-10	4	2	composite	7·28867
3580	200652	9.250711770435e-10	24	4	composite	2^2·3·23·727
3581	202162	9.246876624695e-10	4	2	composite	2·101081
3582	202229	9.246855819223e-10	4	2	composite	43·4703
3583	201267	9.244892761532e-10	24	4	composite	3^2·11·19·107
3584	202169	9.244884016901e-10	4	2	composite	11·18379
3585	201976	9.244111706318e-10	8	2	composite	2^3·25247
3586	200440	9.242982939091e-10	16	3	composite	2^3·5·5011
3587	202173	9.241635411651e-10	4	2	composite	3·67391
3588	201866	9.239016510594e-10	8	3	composite	2·7·14419
3589	202003	9.235173871157e-10	4	2	composite	79·2557
3590	202183	9.234620612023e-10	2	1	prime	202183 (prime)
3591	202178	9.234209943260e-10	4	2	composite	2·101089
3592	200974	9.232336829400e-10	16	4	composite	2·17·23·257
3593	202187	9.231455562127e-10	2	1	prime	202187 (prime)
3594	202190	9.231202906399e-10	8	3	composite	2·5·20219
3595	202097	9.229075742184e-10	4	2	composite	7·28871
3596	202156	9.228561593889e-10	6	2	composite	2^2·50539
3597	202155	9.226461777396e-10	8	3	composite	3·5·13477
3598	202251	9.225923269871e-10	8	3	composite	3·7·9631
3599	202215	9.224764554764e-10	32	5	composite	3·5·13·17·61
3600	202239	9.222667911303e-10	12	3	composite	3^2·23·977
3601	202197	9.222646697480e-10	4	2	composite	3·67399
3602	202201	9.220383552256e-10	2	1	prime	202201 (prime)
3603	200075	9.217528319679e-10	12	3	composite	5^2·53·151
3604	202172	9.215908745240e-10	6	2	composite	2^2·50543
3605	202433	9.214826777167e-10	12	3	composite	7·11^2·239
3606	202207	9.214488448241e-10	4	2	composite	229·883
3607	202255	9.207910349433e-10	8	3	composite	5·19·2129
3608	202131	9.206897039778e-10	12	3	composite	3^2·37·607
3609	202219	9.206160002261e-10	2	1	prime	202219 (prime)
3610	202024	9.206115592033e-10	8	2	composite	2^3·25253
3611	202214	9.205749506670e-10	4	2	composite	2·101107
3612	202235	9.202709471763e-10	8	3	composite	5·11·3677
3613	202218	9.202276139186e-10	8	3	composite	2·3·33703
3614	202730	9.199495282083e-10	32	5	composite	2·5·11·19·97
3615	202222	9.199432244831e-10	4	2	composite	2·101111
3616	202227	9.198944260393e-10	4	2	composite	3·67409
3617	200533	9.198652331300e-10	4	2	composite	127·1579
3618	202196	9.196949317665e-10	6	2	composite	2^2·50549
3619	202231	9.196685171727e-10	2	1	prime	202231 (prime)
3620	202226	9.196274745715e-10	4	2	composite	2·101113
3621	201995	9.195343626816e-10	8	3	composite	5·71·569
3622	201922	9.194686558423e-10	8	3	composite	2·7·14423
3623	202233	9.194208197422e-10	4	2	composite	3·67411
3624	201588	9.192452614021e-10	24	4	composite	2^2·3·107·157
3625	202204	9.190634792896e-10	6	2	composite	2^2·50551
3626	202220	9.190086036040e-10	12	3	composite	2^2·5·10111
3627	202234	9.189961160277e-10	4	2	composite	2·101117
3628	201776	9.188136942326e-10	10	2	composite	2^4·12611
3629	202243	9.187216089842e-10	2	1	prime	202243 (prime)
3630	202238	9.186805615091e-10	4	2	composite	2·101119
3631	201411	9.185745769564e-10	24	4	composite	3^2·7·23·139
3632	202518	9.185266232862e-10	12	3	composite	2·3^2·11251
3633	202268	9.184924068263e-10	12	3	composite	2^2·11·4597
3634	202153	9.184822861235e-10	4	2	composite	7·28879
3635	202315	9.184735787179e-10	8	3	composite	5·43·941
3636	202274	9.184174219461e-10	8	3	composite	2·19·5323
3637	202267	9.183750076518e-10	4	2	composite	13·15559
3638	200416	9.183695676753e-10	12	2	composite	2^5·6263
3639	201918	9.183204241885e-10	16	4	composite	2·3·73·461
3640	202094	9.178295300081e-10	8	3	composite	2·37·2731
3641	202329	9.176440924697e-10	6	2	composite	3^2·22481
3642	2981888	9.173071493877e-10	64	3	composite	2^15·7·13
3643	202263	9.170551184090e-10	4	2	composite	3·67421
3644	202082	9.167313269815e-10	8	3	composite	2·79·1279
3645	202633	9.166977634586e-10	4	2	composite	97·2089
3646	201817	9.166623767651e-10	8	3	composite	7·11·2621
3647	200301	9.165184746345e-10	8	3	composite	3·179·373
3648	201808	9.162856350011e-10	10	2	composite	2^4·12613
3649	202347	9.162264198159e-10	6	2	composite	3^2·22483
3650	201689	9.162023635175e-10	4	2	composite	139·1451
3651	202277	9.160420359986e-10	2	1	prime	202277 (prime)
3652	202281	9.156374756362e-10	4	2	composite	3·67427
3653	201260	9.155842198038e-10	24	4	composite	2^2·5·29·347
3654	202378	9.155607224675e-10	8	3	composite	2·11·9199
3655	202088	9.155603490072e-10	8	2	composite	2^3·25261
3656	202278	9.154972445972e-10	8	3	composite	2·3·33713
3657	202295	9.153238068752e-10	4	2	composite	5·40459
3658	202282	9.152137300562e-10	4	2	composite	2·101141
3659	202371	9.151731770989e-10	8	3	composite	3·13·5189
3660	202287	9.151652796867e-10	4	2	composite	3·67429
3661	202276	9.151595362364e-10	12	3	composite	2^2·61·829
3662	202289	9.150974065093e-10	2	1	prime	202289 (prime)
3663	202291	9.149400369757e-10	2	1	prime	202291 (prime)
3664	202249	9.147449890818e-10	4	2	composite	17·11897
3665	202262	9.144437485503e-10	8	3	composite	2·23·4397
3666	202299	9.142211982580e-10	4	2	composite	3·67433
3667	202298	9.139551056328e-10	4	2	composite	2·101149
3668	202310	9.136566840503e-10	8	3	composite	2·5·20231
3669	202285	9.135962861643e-10	8	3	composite	5·23·1759
3670	202309	9.135244564304e-10	2	1	prime	202309 (prime)
3671	202687	9.134128768138e-10	4	2	composite	157·1291
3672	201991	9.133431379590e-10	4	2	composite	73·2767
3673	202066	9.127768111026e-10	8	3	composite	2·71·1423
3674	202181	9.126022668931e-10	8	3	composite	7·17·1699
3675	202417	9.125786237721e-10	4	2	composite	41·4937
3676	202318	9.123832833699e-10	4	2	composite	2·101159
3677	202327	9.121101334623e-10	2	1	prime	202327 (prime)
3678	202333	9.120879922485e-10	4	2	composite	29·6977
3679	202330	9.120852429942e-10	8	3	composite	2·5·20233
3680	202322	9.120691172579e-10	4	2	composite	2·101161
3681	201325	9.119954438531e-10	6	2	composite	5^2·8053
3682	202331	9.119190223552e-10	8	3	composite	19·23·463
3683	202326	9.117237795318e-10	8	3	composite	2·3·33721
3684	202603	9.116428921763e-10	4	2	composite	83·2441
3685	201838	9.114499011205e-10	16	4	composite	2·7·13·1109
3686	202369	9.113818570140e-10	4	2	composite	19·10651
3687	201971	9.112156655233e-10	16	4	composite	7·11·43·61
3688	202339	9.111681020506e-10	2	1	prime	202339 (prime)
3689	202341	9.109217732597e-10	4	2	composite	3·67447
3690	202343	9.108541676036e-10	2	1	prime	202343 (prime)
3691	202305	9.108273832637e-10	8	3	composite	3·5·13487
3692	202034	9.106419618007e-10	8	3	composite	2·7·14431
3693	202355	9.106093055803e-10	4	2	composite	5·40471
3694	202530	9.104522956726e-10	32	5	composite	2·3·5·43·157
3695	202346	9.101855194863e-10	4	2	composite	2·101173
3696	202205	9.100971944538e-10	8	3	composite	5·37·1093
3697	202626	9.100441096704e-10	12	3	composite	2·3^2·11257
3698	202228	9.099811667846e-10	12	3	composite	2^2·13·3889
3699	202110	9.098129077755e-10	16	4	composite	2·3·5·6737
3700	202399	9.097664973368e-10	4	2	composite	31·6529
3701	202357	9.097560478042e-10	2	1	prime	202357 (prime)
3702	202377	9.097319974059e-10	16	4	composite	3·7·23·419
3703	202324	9.096237855489e-10	6	2	composite	2^2·50581
3704	202359	9.095100216877e-10	4	2	composite	3·67453
3705	202361	9.094424615540e-10	2	1	prime	202361 (prime)
3706	201374	9.093086688192e-10	8	3	composite	2·107·941
3707	202323	9.092389079194e-10	8	3	composite	3·11·6131
3708	202252	9.091018094283e-10	12	3	composite	2^2·59·857
3709	202362	9.089467514360e-10	16	4	composite	2·3·29·1163
3710	202606	9.089024246932e-10	16	4	composite	2·17·59·101
3711	202367	9.088910698095e-10	4	2	composite	11·18397
3712	201904	9.087270872115e-10	10	2	composite	2^4·12619
3713	202458	9.086653582473e-10	16	4	composite	2·3·41·823
3714	202466	9.086531145296e-10	8	3	composite	2·11·9203
3715	202366	9.086177170355e-10	4	2	composite	2·101183
3716	201726	9.084510998722e-10	24	4	composite	2·3^2·7·1601
3717	202167	9.082495709155e-10	12	3	composite	3^2·7·3209
3718	202685	9.081967112377e-10	8	3	composite	5·7·5791
3719	202397	9.081588238706e-10	4	2	composite	13·15569
3720	202381	9.078754480694e-10	2	1	prime	202381 (prime)
3721	202348	9.077430232964e-10	6	2	composite	2^2·50587
3722	202387	9.074056684125e-10	2	1	prime	202387 (prime)
3723	202388	9.071642583837e-10	12	3	composite	2^2·19·2663
3724	202393	9.069360548022e-10	2	1	prime	202393 (prime)
3725	202364	9.064905138385e-10	6	2	composite	2^2·50591
3726	202394	9.064255275992e-10	4	2	composite	2·101197
3727	202307	9.063801124362e-10	4	2	composite	7·28901
3728	201283	9.063121326341e-10	8	3	composite	31·43·151
3729	202403	9.061536582784e-10	2	1	prime	202403 (prime)
3730	200749	9.060903712187e-10	4	2	composite	367·547
3731	200464	9.059450894084e-10	40	4	composite	2^4·11·17·67
3732	202415	9.059098078186e-10	4	2	composite	5·40483
3733	202242	9.059082027897e-10	16	4	composite	2·3·37·911
3734	202372	9.058646678046e-10	6	2	composite	2^2·50593
3735	202445	9.058622225458e-10	8	3	composite	5·19·2131
3736	202409	9.056844321891e-10	2	1	prime	202409 (prime)
3737	202406	9.054870339614e-10	4	2	composite	2·101203
3738	202411	9.054471171033e-10	4	2	composite	11·18401
3739	202139	9.052754384271e-10	8	3	composite	7·67·431
3740	202414	9.048616676347e-10	4	2	composite	2·101207
3741	202513	9.046970476711e-10	4	2	composite	53·3821
3742	202416	9.045665151462e-10	20	3	composite	2^4·3·4217
3743	202418	9.045491353325e-10	4	2	composite	2·101209
3744	202385	9.044225963240e-10	8	3	composite	5·17·2381
3745	202698	9.044159709792e-10	12	3	composite	2·3^2·11261
3746	202435	9.043465983106e-10	4	2	composite	5·40487
3747	202389	9.040738014697e-10	8	3	composite	3·11·6133
3748	202118	9.040562278514e-10	8	3	composite	2·7·14437
3749	202396	9.039886871608e-10	6	2	composite	2^2·50599
3750	202615	9.038985601720e-10	12	3	composite	5·7^2·827
3751	202431	9.038762546399e-10	4	2	composite	3·67477
3752	202420	9.038672438227e-10	24	4	composite	2^2·5·29·349
3753	202459	9.037364596060e-10	4	2	composite	61·3319
3754	201607	9.036945820209e-10	8	3	composite	7·83·347
3755	200233	9.036154106500e-10	8	3	composite	11·109·167
3756	202509	9.035278675773e-10	6	2	composite	3^2·22501
3757	202511	9.034962569224e-10	4	2	composite	313·647
3758	202223	9.033199978925e-10	6	2	composite	7^2·4127
3759	202434	9.032683943670e-10	8	3	composite	2·3·33739
3760	202441	9.031844097957e-10	2	1	prime	202441 (prime)
3761	200608	9.031673906701e-10	12	2	composite	2^5·6269
3762	202443	9.029394015486e-10	4	2	composite	3·67481
3763	202503	9.028001994594e-10	8	3	composite	3·7·9643
3764	202442	9.026750809558e-10	4	2	composite	2·101221
3765	202349	9.024986905155e-10	8	3	composite	7·137·211
3766	202483	9.024619226845e-10	4	2	composite	19·10657
3767	202273	9.021795370081e-10	4	2	composite	67·3019
3768	202581	9.021270481359e-10	20	3	composite	3^4·41·61
3769	202465	9.020049263824e-10	4	2	composite	5·40493
3770	202363	9.020037458624e-10	4	2	composite	7·28909
3771	202514	9.019605751332e-10	8	3	composite	2·13·7789
3772	202570	9.015802389728e-10	16	4	composite	2·5·47·431
3773	202407	9.012891525039e-10	16	4	composite	3·19·53·67
3774	202467	9.010674583884e-10	4	2	composite	3·67489
3775	202471	9.008444714345e-10	2	1	prime	202471 (prime)
3776	201236	9.007298390630e-10	12	3	composite	2^2·7·7187
3777	202375	9.004394031128e-10	8	2	composite	5^3·1619
3778	201475	9.002048969570e-10	6	2	composite	5^2·8059
3779	202479	9.001323877537e-10	4	2	composite	3·67493
3780	202486	9.000715278343e-10	8	3	composite	2·137·739
3781	202481	9.000653279951e-10	2	1	prime	202481 (prime)
3782	202495	8.996669902106e-10	4	2	composite	5·40499
3783	202490	8.995734932362e-10	8	3	composite	2·5·20249
3784	201569	8.994172627507e-10	8	3	composite	17·71·167
3785	201745	8.993388287835e-10	8	3	composite	5·157·257
3786	202493	8.991309548625e-10	2	1	prime	202493 (prime)
3787	202452	8.989152585911e-10	12	3	composite	2^2·3·16871
3788	202497	8.987308739528e-10	4	2	composite	3·67499
3789	202469	8.986845761668e-10	4	2	composite	23·8803
3790	202494	8.985918914767e-10	8	3	composite	2·3·33749
3791	202507	8.984867007773e-10	4	2	composite	29·6983
3792	202245	8.984538593276e-10	16	4	composite	3·5·97·139
3793	202498	8.980212801777e-10	8	3	composite	2·103·983
3794	202353	8.976798544936e-10	8	3	composite	3·37·1823
3795	202506	8.976583858398e-10	8	3	composite	2·3·33751
3796	202002	8.973147470422e-10	16	4	composite	2·3·131·257
3797	202686	8.972832914902e-10	32	5	composite	2·3·11·37·83
3798	202519	8.971083729376e-10	2	1	prime	202519 (prime)
3799	202485	8.967682649547e-10	8	3	composite	3·5·13499
3800	201372	8.966873079799e-10	24	4	composite	2^2·3·97·173
3801	202535	8.965555585412e-10	4	2	composite	5·40507
3802	202599	8.965201487366e-10	6	2	composite	3^2·22511
3803	202619	8.964411967461e-10	4	2	composite	53·3823
3804	202529	8.963312202026e-10	2	1	prime	202529 (prime)
3805	202553	8.959919047194e-10	4	2	composite	13·15581
3806	202533	8.959319357669e-10	4	2	composite	3·67511
3807	202321	8.956812121325e-10	6	2	composite	7^2·4129
3808	201026	8.956743404154e-10	16	4	composite	2·7·83·173
3809	202534	8.955133933983e-10	4	2	composite	2·101267
3810	202447	8.954636580669e-10	4	2	composite	7·28921
3811	202508	8.952657106305e-10	6	2	composite	2^2·50627
3812	202390	8.951961244440e-10	16	4	composite	2·5·37·547
3813	202543	8.951634210929e-10	4	2	composite	11·18413
3814	202542	8.948614027201e-10	8	3	composite	2·3·33757
3815	202549	8.947781214910e-10	2	1	prime	202549 (prime)
3816	202546	8.945818901497e-10	4	2	composite	2·101273
3817	202540	8.940709836788e-10	48	5	composite	2^2·5·13·19·41
3818	202579	8.939739339764e-10	4	2	composite	13·15583
3819	202618	8.938737537552e-10	8	3	composite	2·13·7793
3820	202605	8.938545299213e-10	16	4	composite	3·5·13·1039
3821	202558	8.936509016922e-10	4	2	composite	2·101279
3822	202597	8.935958471787e-10	4	2	composite	19·10663
3823	202663	8.933880208252e-10	4	2	composite	41·4943
3824	202567	8.933817425900e-10	2	1	prime	202567 (prime)
3825	202562	8.933407343684e-10	4	2	composite	2·101281
3826	202258	8.931452722451e-10	8	3	composite	2·7·14447
3827	202569	8.931383512599e-10	4	2	composite	3·67523
3828	202629	8.930028874673e-10	8	3	composite	3·7·9649
3829	200840	8.926923828420e-10	16	3	composite	2^3·5·5021
3830	202577	8.926065817514e-10	2	1	prime	202577 (prime)
3831	202521	8.924881112717e-10	24	4	composite	3·11·17·19^2
3832	202574	8.924105769588e-10	4	2	composite	2·101287
3833	202489	8.922045019178e-10	4	2	composite	7·28927
3834	202595	8.919007312392e-10	4	2	composite	5·40519
3835	202515	8.918867947868e-10	16	4	composite	3·5·23·587
3836	202561	8.915415230575e-10	4	2	composite	23·8807
3837	202591	8.915220381664e-10	2	1	prime	202591 (prime)
3838	202586	8.914810178160e-10	4	2	composite	2·101293
3839	202548	8.914607517959e-10	12	3	composite	2^2·3·16879
3840	202593	8.912788893183e-10	4	2	composite	3·67531
3841	202555	8.912003307306e-10	8	3	composite	5·17·2383
3842	202286	8.909728089771e-10	8	3	composite	2·7·14449
3843	202683	8.908322593496e-10	8	3	composite	3·13·5197
3844	200996	8.907460076615e-10	12	3	composite	2^2·109·461
3845	201954	8.905618027340e-10	16	4	composite	2·3·97·347
3846	202408	8.905600164796e-10	8	2	composite	2^3·25301
3847	202670	8.903300443040e-10	16	4	composite	2·5·13·1559
3848	202610	8.902592796612e-10	8	3	composite	2·5·20261
3849	202602	8.902116647173e-10	8	3	composite	2·3·33767
3850	202436	8.900195221878e-10	24	4	composite	2^2·13·17·229
3851	202611	8.898859194763e-10	4	2	composite	3·67537
3852	202613	8.898193609517e-10	2	1	prime	202613 (prime)
3853	262147	8.896328018925e-10	2	1	prime	262147 (prime)
3854	202424	8.893211454963e-10	8	2	composite	2^3·25303
3855	202614	8.892834740612e-10	8	3	composite	2·3·33769
3856	262139	8.892632351063e-10	2	1	prime	262139 (prime)
3857	202621	8.892007374388e-10	2	1	prime	202621 (prime)
3858	202588	8.890667761903e-10	6	2	composite	2^2·50647
3859	202547	8.890622451363e-10	4	2	composite	59·3433
3860	202137	8.890043431342e-10	16	4	composite	3·13·71·73
3861	202531	8.889526756943e-10	4	2	composite	7·28933
3862	202654	8.887519187655e-10	8	3	composite	2·19·5333
3863	202627	8.887368857261e-10	2	1	prime	202627 (prime)
3864	262121	8.884318689959e-10	2	1	prime	262121 (prime)
3865	202589	8.881417322962e-10	6	2	composite	17^2·701
3866	202645	8.880331031565e-10	4	2	composite	5·40529
3867	262111	8.879701091125e-10	2	1	prime	262111 (prime)
3868	202637	8.879641861153e-10	2	1	prime	202637 (prime)
3869	202501	8.878955466113e-10	8	3	composite	13·37·421
3870	202604	8.878301649802e-10	6	2	composite	2^2·50651
3871	202639	8.878096997500e-10	2	1	prime	202639 (prime)
3872	202596	8.877477709357e-10	12	3	composite	2^2·3·16883
3873	202673	8.877149198487e-10	4	2	composite	19·10667
3874	201404	8.876163062824e-10	12	3	composite	2^2·7·7193
3875	202641	8.875671757833e-10	4	2	composite	3·67547
3876	202704	8.874602460054e-10	40	4	composite	2^4·3·41·103
3877	202638	8.874289177887e-10	8	3	composite	2·3·33773
3878	201695	8.873756203213e-10	16	4	composite	5·13·29·107
3879	202655	8.872608190972e-10	4	2	composite	5·40531
3880	202283	8.869731850954e-10	8	3	composite	17·73·163
3881	202702	8.869622355724e-10	8	3	composite	2·43·2357
3882	202456	8.868465703978e-10	8	2	composite	2^3·25307
3883	202646	8.868420820622e-10	4	2	composite	2·101323
3884	200920	8.864520890891e-10	16	3	composite	2^3·5·5023
3885	202623	8.864507864069e-10	16	4	composite	3·17·29·137
3886	202192	8.862816593011e-10	10	2	composite	2^4·12637
3887	202477	8.862552660566e-10	8	3	composite	11·79·233
3888	202630	8.861886260992e-10	16	4	composite	2·5·23·881
3889	202661	8.861113927319e-10	2	1	prime	202661 (prime)
3890	202474	8.860265434212e-10	8	3	composite	2·67·1511
3891	202421	8.856593660828e-10	4	2	composite	71·2851
3892	202667	8.856485852847e-10	2	1	prime	202667 (prime)
3893	202472	8.856108415697e-10	8	2	composite	2^3·25309
3894	202666	8.852990495975e-10	4	2	composite	2·101333
3895	201199	8.851925518230e-10	4	2	composite	173·1163
3896	202703	8.848082229511e-10	4	2	composite	61·3323
3897	202677	8.847896249767e-10	4	2	composite	3·67559
3898	202679	8.847233401028e-10	2	1	prime	202679 (prime)
3899	202660	8.846922143621e-10	12	3	composite	2^2·5·10133
3900	201434	8.846329174978e-10	16	4	composite	2·23·29·151
3901	202652	8.843747863628e-10	12	3	composite	2^2·29·1747
3902	202690	8.840828028054e-10	8	3	composite	2·5·20269
3903	202682	8.840658351984e-10	4	2	composite	2·101341
3904	202693	8.836446911793e-10	2	1	prime	202693 (prime)
3905	202694	8.831416242275e-10	4	2	composite	2·101347
3906	202701	8.829408539176e-10	4	2	composite	3·67567
3907	202715	8.826356853760e-10	4	2	composite	5·40543
3908	202735	8.825991720637e-10	8	3	composite	5·13·3119
3909	202429	8.820038157199e-10	8	3	composite	47·59·73
3910	202717	8.817974144731e-10	2	1	prime	202717 (prime)
3911	202684	8.816629092670e-10	6	2	composite	2^2·50671
3912	202541	8.814038097841e-10	4	2	composite	67·3023
3913	202256	8.813405573991e-10	10	2	composite	2^4·12641
3914	202718	8.812949716194e-10	4	2	composite	2·101359
3915	201802	8.811116157403e-10	16	4	composite	2·23·41·107
3916	202625	8.810816240250e-10	8	2	composite	5^3·1621
3917	202729	8.808746694745e-10	2	1	prime	202729 (prime)
3918	201725	8.807628424680e-10	6	2	composite	5^2·8069
3919	202708	8.806884093184e-10	24	4	composite	2^2·11·17·271
3920	202726	8.806799376675e-10	4	2	composite	2·101363
3921	202731	8.806332638442e-10	4	2	composite	3·67577
3922	202733	8.805672030679e-10	2	1	prime	202733 (prime)
3923	202404	8.805433825891e-10	24	4	composite	2^2·3·101·167
3924	202695	8.805352842347e-10	8	3	composite	3·5·13513
3925	202517	8.805228463711e-10	6	2	composite	7^2·4133
3926	202691	8.803692267854e-10	4	2	composite	17·11923
3927	202643	8.803167119052e-10	4	2	composite	7·28949
3928	202563	8.801383137405e-10	12	3	composite	3^2·71·317
3929	201041	8.799700282281e-10	4	2	composite	127·1583
3930	200364	8.798233019718e-10	24	4	composite	2^2·3·59·283
3931	201496	8.798199345314e-10	16	3	composite	2^3·89·283
3932	202676	8.796997559653e-10	12	3	composite	2^2·23·2203
3933	202747	8.794916747934e-10	2	1	prime	202747 (prime)
3934	202568	8.782188540196e-10	8	2	composite	2^3·25321
3935	202454	8.780061852171e-10	8	3	composite	2·7·14461
3936	202732	8.779751757263e-10	6	2	composite	2^2·50683
3937	201485	8.779208403992e-10	8	3	composite	5·59·683
3938	201572	8.773454539893e-10	24	4	composite	2^2·7·23·313
3939	202665	8.765588861883e-10	16	4	composite	3·5·59·229
3940	202502	8.756323132709e-10	12	3	composite	2·19·73^2
3941	201116	8.756309126618e-10	12	3	composite	2^2·137·367
3942	200460	8.755355157060e-10	48	5	composite	2^2·3·5·13·257
3943	202612	8.751731797959e-10	12	2	composite	2^2·37^3
3944	202649	8.751088278945e-10	4	2	composite	37·5477
3945	202352	8.739605566374e-10	10	2	composite	2^4·12647
3946	202727	8.738736603475e-10	4	2	composite	7·28961
3947	202724	8.725134963694e-10	12	3	composite	2^2·59·859
3948	200756	8.711556477470e-10	12	3	composite	2^2·31·1619
3949	202622	8.708571301402e-10	16	4	composite	2·7·41·353
3950	201672	8.706688631772e-10	24	3	composite	2^3·3^2·2801
3951	201056	8.698382515175e-10	24	3	composite	2^5·61·103
3952	202723	8.694501384489e-10	4	2	composite	37·5479
3953	202152	8.694018509536e-10	16	3	composite	2^3·3·8423
3954	202671	8.692571893713e-10	12	3	composite	3^2·7·3217
3955	202634	8.687654824159e-10	8	3	composite	2·71·1427
3956	201323	8.683489176411e-10	4	2	composite	109·1847
3957	202647	8.681461815452e-10	8	3	composite	3·31·2179
3958	201068	8.676922512007e-10	24	4	composite	2^2·7·43·167
3959	200647	8.675825379231e-10	4	2	composite	283·709
3960	202714	8.673839991527e-10	8	3	composite	2·79·1283
3961	202712	8.672018638816e-10	8	2	composite	2^3·25339
3962	202260	8.667574957356e-10	24	4	composite	2^2·3·5·3371
3963	202448	8.666185402934e-10	10	2	composite	2^4·12653
3964	202332	8.660593974865e-10	24	4	composite	2^2·3·13·1297
3965	202710	8.634712495922e-10	32	5	composite	2·3·5·29·233
3966	202523	8.634481917537e-10	8	3	composite	31·47·139
3967	201214	8.620071063769e-10	16	4	composite	2·13·71·109
3968	201816	8.596563397143e-10	24	3	composite	2^3·3^2·2803
3969	201718	8.596385538407e-10	16	4	composite	2·11·53·173
3970	202544	8.593144342423e-10	10	2	composite	2^4·12659
3971	201348	8.592665481403e-10	72	5	composite	2^2·3^2·7·17·47
3972	201545	8.591486040812e-10	8	3	composite	5·173·233
3973	202706	8.587742273296e-10	8	3	composite	2·7·14479
3974	201184	8.584911689095e-10	12	2	composite	2^5·6287
3975	202296	8.584242442492e-10	16	3	composite	2^3·3·8429
3976	200907	8.583869281447e-10	16	3	composite	3^3·7·1063
3977	200216	8.580084422875e-10	16	3	composite	2^3·29·863
3978	202025	8.577749410650e-10	6	2	composite	5^2·8081
3979	202380	8.576239746236e-10	24	4	composite	2^2·3·5·3373
3980	201796	8.574752975725e-10	12	3	composite	2^2·7·7207
3981	202721	8.569799405435e-10	4	2	composite	73·2777
3982	201483	8.566631152681e-10	12	3	composite	3^2·61·367
3983	201541	8.563986154828e-10	6	2	composite	43^2·109
3984	202344	8.547840257668e-10	16	3	composite	2^3·3·8431
3985	201721	8.540024196921e-10	8	3	composite	13·59·263
3986	202672	8.538025039444e-10	20	3	composite	2^4·53·239
3987	202208	8.533626600809e-10	24	3	composite	2^5·71·89
3988	202538	8.532261131170e-10	32	5	composite	2·7·17·23·37
3989	201909	8.525130500397e-10	16	4	composite	3·17·37·107
3990	201004	8.521524554172e-10	12	3	composite	2^2·31·1621
3991	239	8.521141433193e-10	2	1	prime	239 (prime)
3992	202123	8.518008189605e-10	4	2	composite	107·1889
3993	202675	8.514231488526e-10	18	3	composite	5^2·11^2·67
3994	200732	8.503654194260e-10	24	4	composite	2^2·7·67·107
3995	202482	8.502263177759e-10	24	4	composite	2·3^2·7·1607
3996	202279	8.498614806184e-10	16	4	composite	7·11·37·71
3997	202075	8.492685464784e-10	12	3	composite	5^2·59·137
3998	201908	8.489803944712e-10	12	3	composite	2^2·7·7211
3999	202175	8.464202056320e-10	6	2	composite	5^2·8087
4000	202736	8.448194388708e-10	10	2	composite	2^4·12671
4001	202571	8.447935347456e-10	4	2	composite	167·1213
4002	201964	8.447523048921e-10	12	3	composite	2^2·7·7213
4003	202301	8.434032425185e-10	8	3	composite	11·53·347
4004	202225	8.426558153194e-10	6	2	composite	5^2·8089
4005	200015	8.420084154647e-10	8	3	composite	5·109·367
4006	202337	8.407592800148e-10	8	3	composite	31·61·107
4007	202316	8.407292341323e-10	12	3	composite	2^2·37·1367
4008	202248	8.401564789135e-10	36	3	composite	2^3·3^2·53^2
4009	201828	8.392188979866e-10	36	4	composite	2^2·3·11^2·139
4010	202195	8.386124454947e-10	16	4	composite	5·7·53·109
4011	200705	8.381147541621e-10	8	3	composite	5·137·293
4012	202055	8.356657962702e-10	16	4	composite	5·7·23·251
4013	200961	8.355160768103e-10	12	2	composite	3^5·827
4014	202325	8.351577931934e-10	6	2	composite	5^2·8093
4015	202444	8.334741421503e-10	24	4	composite	2^2·11·43·107
4016	201875	8.333947405302e-10	20	3	composite	5^4·17·19
4017	202632	8.331407014503e-10	16	3	composite	2^3·3·8443
4018	200164	8.324369707259e-10	12	3	composite	2^2·163·307
4019	202132	8.321453620079e-10	12	3	composite	2^2·7·7219
4020	202536	8.310850763271e-10	48	4	composite	2^3·3^2·29·97
4021	202086	8.306091089102e-10	24	4	composite	2·3^2·103·109
4022	202189	8.303786638475e-10	8	3	composite	13·103·151
4023	201553	8.284531017394e-10	8	3	composite	11·73·251
4024	200930	8.274372721339e-10	16	4	composite	2·5·71·283
4025	201868	8.243269599628e-10	12	3	composite	2^2·109·463
4026	202631	8.230218557840e-10	12	3	composite	11·13^2·109
4027	202525	8.202842189068e-10	6	2	composite	5^2·8101
4028	202594	8.194321151057e-10	16	4	composite	2·7·29·499
4029	201804	8.174235015180e-10	24	4	composite	2^2·3·67·251
4030	201213	8.165127440508e-10	12	3	composite	3^2·79·283
4031	201977	8.154271205664e-10	6	2	composite	17·109^2
4032	201085	8.140614138427e-10	8	3	composite	5·131·307
4033	201640	8.129396690447e-10	24	3	composite	2^3·5·71^2
4034	2097148	8.123894344373e-10	6	2	composite	2^2·524287
4035	200471	8.122577348724e-10	4	2	composite	307·653
4036	200669	8.118469469073e-10	8	3	composite	7·109·263
4037	202658	8.114489003733e-10	8	3	composite	2·107·947
4038	202412	8.113900993081e-10	12	3	composite	2^2·7·7229
4039	201079	8.075656934050e-10	4	2	composite	233·863
4040	202642	8.058513851653e-10	16	4	composite	2·11·61·151
4041	202168	8.050409575079e-10	16	3	composite	2^3·37·683
4042	202340	8.043728849181e-10	24	4	composite	2^2·5·67·151
4043	201160	8.022474484684e-10	32	4	composite	2^3·5·47·107
4044	201952	8.010636859195e-10	12	2	composite	2^5·6311
4045	201736	8.005307014465e-10	16	3	composite	2^3·151·167
4046	200151	8.000419382837e-10	20	3	composite	3^4·7·353
4047	201447	7.994396881479e-10	12	2	composite	3^5·829
4048	202217	7.976296335967e-10	8	3	composite	19·29·367
4049	260111	7.973569256014e-10	2	1	prime	260111 (prime)
4050	201748	7.966491704748e-10	12	3	composite	2^2·31·1627
4051	202057	7.965372117473e-10	8	3	composite	37·43·127
4052	260089	7.963797875294e-10	2	1	prime	260089 (prime)
4053	202636	7.950152901165e-10	12	3	composite	2^2·7·7237
4054	200320	7.948999944481e-10	32	3	composite	2^7·5·313
4055	201942	7.934684676532e-10	24	4	composite	2·3^2·13·863
4056	200680	7.929560011631e-10	32	4	composite	2^3·5·29·173
4057	201291	7.928649673481e-10	8	3	composite	3·229·293
4058	201136	7.913941429232e-10	20	3	composite	2^4·13·967
4059	202062	7.905938354769e-10	32	5	composite	2·3·7·17·283
4060	201069	7.895774983846e-10	16	3	composite	3^3·11·677
4061	200119	7.894357786608e-10	4	2	composite	293·683
4062	202520	7.884179054922e-10	32	4	composite	2^3·5·61·83
4063	202144	7.870837969687e-10	12	2	composite	2^5·6317
4064	201779	7.839382434970e-10	8	3	composite	23·31·283
4065	202583	7.816509956245e-10	4	2	composite	173·1171
4066	202360	7.786589565907e-10	16	3	composite	2^3·5·5059
4067	202522	7.786331954110e-10	8	3	composite	2·109·929
4068	201663	7.764859626381e-10	32	4	composite	3^3·7·11·97
4069	200122	7.762516502251e-10	16	4	composite	2·13·43·179
4070	202106	7.756065894032e-10	8	3	composite	2·139·727
4071	202336	7.732531869555e-10	12	2	composite	2^5·6323
4072	202648	7.730527261387e-10	16	3	composite	2^3·73·347
4073	200271	7.677682208257e-10	8	3	composite	3·241·277
4074	200141	7.658187437503e-10	8	3	composite	17·61·193
4075	202064	7.618890874468e-10	20	3	composite	2^4·73·173
4076	202528	7.595710425108e-10	12	2	composite	2^5·6329
4077	201877	7.588694498463e-10	8	3	composite	13·53·293
4078	200655	7.557011540693e-10	48	4	composite	3^2·5·7^3·13
4079	200050	7.553207265263e-10	12	3	composite	2·5^2·4001
4080	201492	7.546372508850e-10	36	4	composite	2^2·3^2·29·193
4081	202237	7.543615677439e-10	8	3	composite	7·167·173
4082	200750	7.538772146500e-10	32	4	composite	2·5^3·11·73
4083	200949	7.533410494352e-10	12	3	composite	3·7^2·1367
4084	200150	7.481880813319e-10	12	3	composite	2·5^2·4003
4085	202345	7.447152931837e-10	16	4	composite	5·11·13·283
4086	200392	7.435033850641e-10	16	3	composite	2^3·37·677
4087	201584	7.421965510955e-10	20	3	composite	2^4·43·293
4088	200527	7.397003707507e-10	4	2	composite	193·1039
4089	200709	7.345280188656e-10	12	3	composite	3^2·29·769
4090	200350	7.340453825442e-10	12	3	composite	2·5^2·4007
4091	201196	7.329842881801e-10	12	3	composite	2^2·179·281
4092	200450	7.277866067184e-10	24	4	composite	2·5^2·19·211
4093	200659	7.267243631963e-10	8	3	composite	19·59·179
4094	202492	7.235454512428e-10	24	4	composite	2^2·23·31·71
4095	202016	7.202478956857e-10	24	3	composite	2^5·59·107
4096	201478	7.192843695482e-10	8	3	composite	2·131·769
4097	200838	7.185655658607e-10	32	5	composite	2·3·11·17·179
4098	201392	7.178855368842e-10	20	3	composite	2^4·41·307
4099	202584	7.142522013609e-10	32	4	composite	2^3·3·23·367
4100	200650	7.131361743268e-10	12	3	composite	2·5^2·4013
4101	202170	7.109099242256e-10	32	5	composite	2·3·5·23·293
4102	202463	7.102093101468e-10	4	2	composite	293·691
4103	202184	7.091862852325e-10	16	3	composite	2^3·127·199
4104	201699	7.067122592470e-10	12	3	composite	3^2·73·307
4105	200536	6.999006678696e-10	16	3	composite	2^3·7·3581
4106	202576	6.997713131251e-10	20	3	composite	2^4·11·1151
4107	201106	6.990267345337e-10	8	3	composite	2·193·521
4108	201355	6.972095440540e-10	16	4	composite	5·7·11·523
4109	200574	6.970811549513e-10	24	4	composite	2·3^2·11·1013
4110	200950	6.925901833338e-10	12	3	composite	2·5^2·4019
4111	202006	6.891553876110e-10	16	4	composite	2·7·47·307
4112	201050	6.858216993940e-10	12	3	composite	2·5^2·4021
4113	200984	6.837189061923e-10	32	4	composite	2^3·7·37·97
4114	202313	6.822931395222e-10	4	2	composite	307·659
4115	200335	6.820913116775e-10	8	3	composite	5·103·389
4116	200778	6.779358257823e-10	16	4	composite	2·3·109·307
4117	202270	6.756960214497e-10	16	4	composite	2·5·113·179
4118	1376256	6.753502585022e-10	68	3	composite	2^16·3·7
4119	201456	6.753328912497e-10	30	3	composite	2^4·3^2·1399
4120	200872	6.725437180010e-10	32	4	composite	2^3·7·17·211
4121	200169	6.694149430871e-10	12	3	composite	3^2·23·967
4122	201350	6.657553700364e-10	12	3	composite	2·5^2·4027
4123	201685	6.634078797422e-10	16	4	composite	5·11·19·193
4124	200724	6.564395116342e-10	24	4	composite	2^2·3·43·389
4125	201727	6.554670671396e-10	4	2	composite	61·3307
4126	202264	6.513070998674e-10	16	3	composite	2^3·131·193
4127	200334	6.504099634691e-10	16	4	composite	2·3·173·193
4128	201040	6.492044135650e-10	40	4	composite	2^4·5·7·359
4129	200913	6.439655673311e-10	8	3	composite	3·193·347
4130	201733	6.399093731323e-10	12	3	composite	7^2·23·179
4131	201113	6.375160621814e-10	8	3	composite	11·47·389
4132	202071	6.356195581049e-10	8	3	composite	3·193·349
4133	202091	6.337511269598e-10	4	2	composite	179·1129
4134	206303	6.315844942529e-10	2	1	prime	206303 (prime)
4135	202423	6.299665632430e-10	8	3	composite	13·23·677
4136	200664	6.297190474187e-10	32	3	composite	2^3·3^3·929
4137	201544	6.293968348808e-10	32	4	composite	2^3·7·59·61
4138	206341	6.291986901266e-10	2	1	prime	206341 (prime)
4139	202401	6.277478269539e-10	12	3	composite	3^2·43·523
4140	200685	6.260850100997e-10	16	4	composite	3·5·17·787
4141	200030	6.192653217377e-10	16	4	composite	2·5·83·241
4142	202449	6.163694558173e-10	16	4	composite	3·13·29·179
4143	201550	6.149892551708e-10	24	4	composite	2·5^2·29·139
4144	202457	6.109955161454e-10	4	2	composite	193·1049
4145	202216	6.103497445389e-10	32	4	composite	2^3·7·23·157
4146	786426	6.049039951040e-10	8	3	composite	2·3·131071
4147	201587	6.046698032076e-10	4	2	composite	199·1013
4148	201912	6.042209284403e-10	32	4	composite	2^3·3·47·179
4149	202450	5.952051790011e-10	12	3	composite	2·5^2·4049
4150	40639	5.919434014856e-10	2	1	prime	40639 (prime)
4151	202550	5.890241467343e-10	12	3	composite	2·5^2·4051
4152	2523136	5.868535657399e-10	64	3	composite	2^15·7·11
4153	202328	5.836538933804e-10	16	3	composite	2^3·7·3613
4154	201852	5.769306845658e-10	60	4	composite	2^2·3^4·7·89
4155	201502	5.758987244160e-10	16	4	composite	2·7·37·389
4156	201408	5.707523366677e-10	28	3	composite	2^6·3·1049
4157	202552	5.700012597228e-10	16	3	composite	2^3·7·3617
4158	202620	5.581955413910e-10	48	5	composite	2^2·3·5·11·307
4159	2080768	5.565185490952e-10	30	2	composite	2^14·127
4160	202103	5.467731592890e-10	8	3	composite	11·19·967
4161	201717	5.465084168450e-10	16	3	composite	3^3·31·241
4162	201703	5.460308125337e-10	4	2	composite	401·503
4163	202247	5.445529636663e-10	4	2	composite	263·769
4164	253969	5.423768440275e-10	2	1	prime	253969 (prime)
4165	253951	5.416852026060e-10	2	1	prime	253951 (prime)
4166	200753	5.411725496417e-10	12	3	composite	7^2·17·241
4167	200128	5.393091783490e-10	28	3	composite	2^6·53·59
4168	201650	5.368940373681e-10	24	4	composite	2·5^2·37·109
4169	201850	5.349639702748e-10	24	4	composite	2·5^2·11·367
4170	202669	5.347576673170e-10	4	2	composite	389·521
4171	137	5.289754323085e-10	2	1	prime	137 (prime)
4172	202392	5.240183965696e-10	32	3	composite	2^3·3^3·937
4173	202280	5.229071485829e-10	32	4	composite	2^3·5·13·389
4174	201476	5.180441190700e-10	24	4	composite	2^2·11·19·241
4175	200521	5.140032687831e-10	4	2	composite	239·839
4176	200405	5.089003171751e-10	8	3	composite	5·149·269
4177	200994	5.073316051161e-10	16	4	composite	2·3·139·241
4178	180202	5.039975887103e-10	8	3	composite	2·11·8191
4179	202545	5.038017469981e-10	24	4	composite	3^2·5·7·643
4180	202350	4.985007011521e-10	48	5	composite	2·3·5^2·19·71
4181	1048574	4.927474246865e-10	4	2	composite	2·524287
4182	201891	4.926003710221e-10	8	3	composite	3·173·389
4183	201235	4.919443358329e-10	8	3	composite	5·167·241
4184	202656	4.914078942274e-10	24	3	composite	2^5·3·2111
4185	201958	4.871137785467e-10	8	3	composite	2·241·419
4186	655280	4.783972435164e-10	20	3	composite	2^4·5·8191
4187	200896	4.772359035049e-10	28	3	composite	2^6·43·73
4188	200274	4.763856077332e-10	16	4	composite	2·3·29·1151
4189	200397	4.749561717488e-10	8	3	composite	3·67·997
4190	202259	4.688599979162e-10	4	2	composite	257·787
4191	252001	4.688250236353e-10	2	1	prime	252001 (prime)
4192	251983	4.681718905026e-10	2	1	prime	251983 (prime)
4193	202628	4.630920206726e-10	12	3	composite	2^2·179·283
4194	200637	4.602034474938e-10	10	2	composite	3^4·2477
4195	202419	4.583919059348e-10	36	3	composite	3^5·7^2·17
4196	201450	4.580131001255e-10	48	5	composite	2·3·5^2·17·79
4197	201536	4.548413953263e-10	28	3	composite	2^6·47·67
4198	201394	4.510058357287e-10	8	3	composite	2·101·997
4199	201664	4.498324778502e-10	28	3	composite	2^6·23·137
4200	202681	4.484695415957e-10	6	2	composite	29^2·241
4201	200250	4.467091740373e-10	48	4	composite	2·3^2·5^3·89
4202	200595	4.387994572080e-10	16	4	composite	3·5·43·311
4203	201312	4.324869899261e-10	48	3	composite	2^5·3^3·233
4204	200906	4.203953545953e-10	16	4	composite	2·17·19·311
4205	201474	4.194670569642e-10	64	5	composite	2·3^3·7·13·41
4206	202250	4.187386378491e-10	16	3	composite	2·5^3·809
4207	200175	4.159821060317e-10	24	4	composite	3·5^2·17·157
4208	200590	4.145663448258e-10	16	4	composite	2·5·13·1543
4209	200787	4.143823918970e-10	16	4	composite	3·17·31·127
4210	202432	4.115588775630e-10	14	2	composite	2^6·3163
4211	200545	4.107418416205e-10	8	3	composite	5·19·2111
4212	201878	4.087122055887e-10	8	3	composite	2·193·523
4213	202311	4.061984227171e-10	16	3	composite	3^3·59·127
4214	200394	4.057047550157e-10	20	3	composite	2·3^4·1237
4215	211	4.055141724539e-10	2	1	prime	211 (prime)
4216	201217	4.054284265840e-10	4	2	composite	311·647
4217	202688	3.986885698259e-10	14	2	composite	2^6·3167
4218	200850	3.983267592289e-10	48	5	composite	2·3·5^2·13·103
4219	200561	3.970594472022e-10	4	2	composite	131·1531
4220	201549	3.924179443917e-10	12	3	composite	3·23^2·127
4221	200325	3.910265369588e-10	12	3	composite	3·5^2·2671
4222	200284	3.856757007942e-10	24	4	composite	2^2·7·23·311
4223	201930	3.822309168041e-10	32	5	composite	2·3·5·53·127
4224	249497	3.815255575727e-10	2	1	prime	249497 (prime)
4225	249463	3.803905937529e-10	2	1	prime	249463 (prime)
4226	201425	3.801287453967e-10	12	3	composite	5^2·7·1151
4227	200232	3.787518568653e-10	48	3	composite	2^3·3^5·103
4228	200692	3.777621631049e-10	12	3	composite	2^2·131·383
4229	202391	3.765878858063e-10	8	3	composite	7·29·997
4230	202461	3.749460210587e-10	16	4	composite	3·7·31·311
4231	201839	3.707805174126e-10	8	3	composite	11·59·311
4232	200775	3.689535682823e-10	12	3	composite	3·5^2·2677
4233	202133	3.670494928017e-10	4	2	composite	131·1543
4234	202565	3.667269769347e-10	16	4	composite	5·11·29·127
4235	211319	3.612879529420e-10	2	1	prime	211319 (prime)
4236	211333	3.606539812378e-10	2	1	prime	211333 (prime)
4237	201792	3.561766643463e-10	28	3	composite	2^6·3·1051
4238	201225	3.476162888859e-10	12	3	composite	3·5^2·2683
4239	1146880	3.475538055591e-10	64	3	composite	2^15·5·7
4240	202275	3.474805728682e-10	36	4	composite	3^2·5^2·29·31
4241	202104	3.381336606523e-10	48	4	composite	2^3·3^2·7·401
4242	202304	3.376189196396e-10	28	3	composite	2^6·29·109
4243	200925	3.297491793817e-10	36	4	composite	3^2·5^2·19·47
4244	201949	3.171618728443e-10	6	2	composite	11^2·1669
4245	200304	3.165785526904e-10	60	4	composite	2^4·3^2·13·107
4246	201975	3.136640481335e-10	12	3	composite	3·5^2·2693
4247	200625	3.066772867914e-10	20	3	composite	3·5^4·107
4248	200517	3.040462601903e-10	8	3	composite	3·89·751
4249	202608	3.039719899167e-10	80	4	composite	2^4·3^3·7·67
4250	200852	3.009065304578e-10	12	3	composite	2^2·149·337
4251	201841	2.964312530743e-10	8	3	composite	17·31·383
4252	202425	2.942439449338e-10	12	3	composite	3·5^2·2699
4253	202032	2.937864643275e-10	60	4	composite	2^4·3^2·23·61
4254	212923	2.927596881302e-10	2	1	prime	212923 (prime)
4255	200099	2.921414066405e-10	4	2	composite	401·499
4256	212969	2.909150031002e-10	2	1	prime	212969 (prime)
4257	201028	2.757257663873e-10	12	3	composite	2^2·29·1733
4258	202575	2.671197484359e-10	24	4	composite	3·5^2·37·73
4259	245771	2.656439853612e-10	2	1	prime	245771 (prime)
4260	245759	2.652994024228e-10	2	1	prime	245759 (prime)
4261	202607	2.638712223985e-10	6	2	composite	23^2·383
4262	200901	2.592155188066e-10	8	3	composite	3·167·401
4263	201458	2.560187861638e-10	8	3	composite	2·263·383
4264	202725	2.552165365018e-10	36	4	composite	3^2·5^2·17·53
4265	202244	2.527879271880e-10	24	4	composite	2^2·7·31·233
4266	202505	2.381284581436e-10	8	3	composite	5·101·401
4267	202224	2.327030168082e-10	40	4	composite	2^4·3·11·383
4268	202092	2.296359883036e-10	24	4	composite	2^2·3·11·1531
4269	786432	2.289126273971e-10	38	2	composite	2^18·3
4270	201631	2.281926237192e-10	4	2	composite	163·1237
4271	201353	2.233622147501e-10	4	2	composite	271·743
4272	1605632	2.211702965040e-10	48	2	composite	2^15·7^2
4273	202177	2.209856764737e-10	4	2	composite	181·1117
4274	202427	2.208530603830e-10	4	2	composite	37·5471
4275	201441	2.179974148278e-10	8	3	composite	3·83·809
4276	201268	2.146800450942e-10	12	3	composite	2^2·67·751
4277	688128	2.112442468573e-10	64	3	composite	2^15·3·7
4278	201302	2.076780405602e-10	8	3	composite	2·251·401
4279	200455	2.070108616377e-10	8	3	composite	5·47·853
4280	201180	1.977641461462e-10	48	5	composite	2^2·3·5·7·479
4281	200309	1.923144480640e-10	4	2	composite	383·523
4282	200508	1.867915772052e-10	72	5	composite	2^2·3·7^2·11·31
4283	201530	1.807271688910e-10	16	4	composite	2·5·7·2879
4284	202150	1.793466236802e-10	24	4	composite	2·5^2·13·311
4285	202096	1.785152540849e-10	20	3	composite	2^4·17·743
4286	201142	1.762369312697e-10	8	3	composite	2·163·617
4287	201375	1.761269693640e-10	24	3	composite	3^2·5^3·179
4288	200222	1.747499712426e-10	16	4	composite	2·11·19·479
4289	201308	1.700122051584e-10	12	3	composite	2^2·59·853
4290	262112	1.660516032739e-10	12	2	composite	2^5·8191
4291	201440	1.653467080421e-10	24	3	composite	2^5·5·1259
4292	200632	1.630835289623e-10	16	3	composite	2^3·31·809
4293	200525	1.625491630630e-10	12	3	composite	5^2·13·617
4294	524224	1.589248660441e-10	14	2	composite	2^6·8191
4295	200701	1.553641107841e-10	4	2	composite	419·479
4296	201463	1.450329833283e-10	4	2	composite	29·6947
4297	202199	1.439913775476e-10	4	2	composite	241·839
4298	202161	1.418492620073e-10	8	3	composite	3·79·853
4299	200245	1.386169102621e-10	8	3	composite	5·29·1381
4300	917392	1.365640148458e-10	20	3	composite	2^4·7·8191
4301	202376	1.356470803578e-10	16	3	composite	2^3·41·617
4302	917504	1.341301643969e-10	36	2	composite	2^17·7
4303	201659	1.276683454740e-10	4	2	composite	421·479
4304	200040	1.268764969695e-10	32	4	composite	2^3·3·5·1667
4305	200718	1.234545630442e-10	48	4	composite	2·3^5·7·59
4306	202320	1.154836471613e-10	60	4	composite	2^4·3^2·5·281
4307	202138	1.142572880834e-10	8	3	composite	2·211·479
4308	200674	1.140784285144e-10	8	3	composite	2·269·373
4309	201759	1.100004668521e-10	8	3	composite	3·109·617
4310	202617	1.077898790593e-10	12	3	composite	3^2·47·479
4311	202019	1.062282350680e-10	4	2	composite	269·751
4312	201528	1.059592649795e-10	40	3	composite	2^3·3^4·311
4313	201626	9.319320951645e-11	8	3	composite	2·73·1381
4314	200300	9.234585402431e-11	18	3	composite	2^2·5^2·2003
4315	201720	8.723687002734e-11	48	4	composite	2^3·3·5·41^2
4316	202734	8.343557640871e-11	24	4	composite	2·3^2·7·1609
4317	201480	8.194193203788e-11	64	5	composite	2^3·3·5·23·73
4318	212966	7.827609177748e-11	8	3	composite	2·13·8191
4319	200178	7.788386962628e-11	32	4	composite	2·3^3·11·337
4320	200136	7.744485988502e-11	32	4	composite	2^3·3·31·269
4321	201100	7.479642539109e-11	18	3	composite	2^2·5^2·2011
4322	200943	6.424522567466e-11	12	3	composite	3^2·83·269
4323	201700	6.288621943125e-11	18	3	composite	2^2·5^2·2017
4324	202120	6.259968828017e-11	32	4	composite	2^3·5·31·163
4325	202100	5.877853966877e-11	36	4	composite	2^2·5^2·43·47
4326	200144	5.858363201297e-11	20	3	composite	2^4·7·1787
4327	201212	5.205775221763e-11	24	4	composite	2^2·11·17·269
4328	221747	5.131229273473e-11	2	1	prime	221747 (prime)
4329	1048568	5.094372137162e-11	8	2	composite	2^3·131071
4330	221773	5.090994439625e-11	2	1	prime	221773 (prime)
4331	201872	4.996930011027e-11	40	4	composite	2^4·11·31·37
4332	201766	4.923108324920e-11	8	3	composite	2·79·1277
4333	202700	4.540778911264e-11	18	3	composite	2^2·5^2·2027
4334	222199	4.455572950077e-11	2	1	prime	222199 (prime)
4335	201125	4.395601120417e-11	8	2	composite	5^3·1609
4336	222247	4.386776941261e-11	2	1	prime	222247 (prime)
4337	200897	3.789605842971e-11	4	2	composite	79·2543
4338	1048448	3.708942568857e-11	16	2	composite	2^7·8191
4339	202464	3.272458933242e-11	72	4	composite	2^5·3^2·19·37
4340	200653	3.253778321620e-11	4	2	composite	163·1231
4341	200741	3.141346525549e-11	4	2	composite	191·1051
4342	201481	3.050080761605e-11	8	3	composite	7·107·269
4343	201490	3.046190083894e-11	8	3	composite	2·5·20149
4344	202288	3.028057708882e-11	20	3	composite	2^4·47·269
4345	200952	2.965678350087e-11	24	3	composite	2^3·3^2·2791
4346	201888	2.384647700131e-11	36	3	composite	2^5·3^2·701
4347	200489	2.340368233516e-11	4	2	composite	157·1277
4348	200735	2.248432959614e-11	8	3	composite	5·19·2113
4349	200181	2.214473955217e-11	8	3	composite	3·53·1259
4350	200112	2.136429342347e-11	40	4	composite	2^4·3·11·379
4351	200500	2.121577561256e-11	24	3	composite	2^2·5^3·401
4352	201884	1.873043625157e-11	12	3	composite	2^2·41·1231
4353	201342	1.755603085722e-11	16	4	composite	2·3·23·1459
4354	200515	1.483313616325e-11	16	4	composite	5·7·17·337
4355	200736	1.368761577953e-11	72	4	composite	2^5·3^2·17·41
4356	202422	1.365570580251e-11	16	4	composite	2·3·11·3067
4357	202557	1.331577246211e-11	8	3	composite	3·251·269
4358	200215	1.195311599448e-11	8	3	composite	5·23·1741
4359	200322	1.169435654178e-11	24	4	composite	2·3^2·31·359
4360	200280	8.732310365761e-12	32	4	composite	2^3·3·5·1669
4361	201189	7.173742412562e-12	8	3	composite	3·199·337
4362	3	6.066844566866e-12	2	1	prime	3 (prime)
4363	1572864	5.682132779046e-12	40	2	composite	2^19·3
4364	201526	5.316376878151e-12	16	4	composite	2·13·23·337
4365	983040	5.092989359122e-12	68	3	composite	2^16·3·5
4366	200681	4.217600905700e-12	8	3	composite	13·43·359
4367	226799	3.300608142365e-12	2	1	prime	226799 (prime)
4368	226813	3.248186183758e-12	2	1	prime	226813 (prime)
4369	1015808	2.922394049516e-12	32	2	composite	2^15·31
4370	200016	2.553553130312e-12	40	3	composite	2^4·3^3·463
4371	1048576	2.392493238196e-12	21	1	composite	2^20
4372	201758	2.213168841123e-12	8	3	composite	2·281·359
4373	202699	2.181232350185e-12	8	3	composite	7·23·1259
4374	201956	1.985166116596e-12	12	3	composite	2^2·29·1741
4375	524284	1.693990720324e-12	6	2	composite	2^2·131071
4376	227581	1.020880846400e-12	2	1	prime	227581 (prime)
4377	201399	1.000506541286e-12	16	4	composite	3·11·17·359
4378	227593	9.961159102964e-13	2	1	prime	227593 (prime)
4379	229393	7.004942976158e-13	2	1	prime	229393 (prime)
4380	229373	6.670391545446e-13	2	1	prime	229373 (prime)
4381	201204	6.465838964946e-13	48	3	composite	2^2·3^7·23
4382	229351	6.311775371624e-13	2	1	prime	229351 (prime)
4383	229343	6.183806550023e-13	2	1	prime	229343 (prime)
4384	200914	4.082904135480e-13	16	4	composite	2·7·113·127
4385	1835008	2.617701142550e-13	38	2	composite	2^18·7
4386	201744	1.667521745377e-13	40	3	composite	2^4·3^3·467
4387	202476	2.383263792847e-15	24	4	composite	2^2·3·47·359
