rank	k	weight	d_k	omega	is_prime	factors
1	448	1.416845107572e-1	14	2	composite	2^6·7
2	600	1.248661631466e-1	24	3	composite	2^3·3·5^2
3	540	8.791969586785e-2	24	3	composite	2^2·3^3·5
4	449	5.792755015625e-2	2	1	prime	449 (prime)
5	896	5.013323397530e-2	16	2	composite	2^7·7
6	541	4.889344056764e-2	2	1	prime	541 (prime)
7	1200	3.583728743999e-2	30	3	composite	2^4·3·5^2
8	1800	3.372513690556e-2	36	3	composite	2^3·3^2·5^2
9	601	2.919103159981e-2	2	1	prime	601 (prime)
10	1344	2.860828181550e-2	28	3	composite	2^6·3·7
11	2240	2.545775087945e-2	28	3	composite	2^6·5·7
12	4200	2.240173729159e-2	48	4	composite	2^3·3·5^2·7
13	1080	2.041515229012e-2	32	3	composite	2^3·3^3·5
14	599	1.717024176583e-2	2	1	prime	599 (prime)
15	3136	1.550415636352e-2	21	2	composite	2^6·7^2
16	4928	1.490206462201e-2	28	3	composite	2^6·7·11
17	13888	1.404528771797e-2	28	3	composite	2^6·7·31
18	3780	1.367415528929e-2	48	4	composite	2^2·3^3·5·7
19	5824	1.312669337935e-2	28	3	composite	2^6·7·13
20	2688	1.207556079843e-2	32	3	composite	2^7·3·7
21	900	8.648083826695e-3	27	3	composite	2^2·3^2·5^2
22	18432	7.238790021757e-3	36	2	composite	2^11·3^2
23	4480	5.095478097297e-3	32	3	composite	2^7·5·7
24	8400	4.958062716270e-3	60	4	composite	2^4·3·5^2·7
25	7560	4.948897626936e-3	64	4	composite	2^3·3^3·5·7
26	1201	4.863639272925e-3	2	1	prime	1201 (prime)
27	576	4.359019351324e-3	21	2	composite	2^6·3^2
28	12600	4.244723860697e-3	72	4	composite	2^3·3^2·5^2·7
29	3593	4.076404626448e-3	2	1	prime	3593 (prime)
30	1801	3.967924062391e-3	2	1	prime	1801 (prime)
31	443	3.765168648470e-3	2	1	prime	443 (prime)
32	577	3.595203299788e-3	2	1	prime	577 (prime)
33	9856	3.470009186341e-3	32	3	composite	2^7·7·11
34	3584	3.147381494532e-3	20	2	composite	2^9·7
35	1087	2.744672428962e-3	2	1	prime	1087 (prime)
36	2243	2.627084058578e-3	2	1	prime	2243 (prime)
37	15872	2.460605306656e-3	20	2	composite	2^9·31
38	6272	2.426143707301e-3	24	2	composite	2^7·7^2
39	18427	2.421733468662e-3	2	1	prime	18427 (prime)
40	18433	2.403363549884e-3	2	1	prime	18433 (prime)
41	27776	2.336857674524e-3	32	3	composite	2^7·7·31
42	3600	2.329252006746e-3	45	3	composite	2^4·3^2·5^2
43	2160	2.052592718190e-3	40	3	composite	2^4·3^3·5
44	11648	2.012544359039e-3	32	3	composite	2^7·7·13
45	1193	1.948648252663e-3	2	1	prime	1193 (prime)
46	36864	1.879333284948e-3	39	2	composite	2^12·3^2
47	3793	1.876283115750e-3	2	1	prime	3793 (prime)
48	31744	1.843088053070e-3	22	2	composite	2^10·31
49	15625	1.779851948390e-3	7	1	composite	5^6
50	45360	1.618323718571e-3	100	4	composite	2^4·3^4·5·7
51	5939	1.495781544031e-3	2	1	prime	5939 (prime)
52	7936	1.460752298907e-3	18	2	composite	2^8·31
53	6300	1.255951380397e-3	54	4	composite	2^2·3^2·5^2·7
54	5376	1.212387349889e-3	36	3	composite	2^8·3·7
55	15120	1.143274355545e-3	80	4	composite	2^4·3^3·5·7
56	1331	1.117776076259e-3	4	1	composite	11^3
57	2728	1.092049166306e-3	16	3	composite	2^3·11·31
58	2880	1.010403862468e-3	42	3	composite	2^6·3^2·5
59	1327	1.005717798137e-3	2	1	prime	1327 (prime)
60	6720	9.731559162356e-4	56	4	composite	2^6·3·5·7
61	11904	9.494457432276e-4	32	3	composite	2^7·3·31
62	47616	9.404901315705e-4	40	3	composite	2^9·3·31
63	2161	9.207929706259e-4	2	1	prime	2161 (prime)
64	4224	8.924454576063e-4	32	3	composite	2^7·3·11
65	37800	8.684685441987e-4	96	4	composite	2^3·3^3·5^2·7
66	3607	8.168380856909e-4	2	1	prime	3607 (prime)
67	11176	7.568860398636e-4	16	3	composite	2^3·11·127
68	6944	7.510838377509e-4	24	3	composite	2^5·7·31
69	887	7.180187263574e-4	2	1	prime	887 (prime)
70	2689	6.993138396251e-4	2	1	prime	2689 (prime)
71	39424	6.956123107046e-4	40	3	composite	2^9·7·11
72	2401	6.914555487782e-4	5	1	composite	7^4
73	528	6.861471789125e-4	20	3	composite	2^4·3·11
74	6733	6.646593299419e-4	2	1	prime	6733 (prime)
75	1612	6.568556570834e-4	12	3	composite	2^2·13·31
76	5952	6.540038385663e-4	28	3	composite	2^6·3·31
77	384	6.421284252599e-4	16	2	composite	2^7·3
78	75600	6.275028950050e-4	120	4	composite	2^4·3^3·5^2·7
79	480	6.219680523230e-4	24	3	composite	2^5·3·5
80	95232	6.140998865201e-4	44	3	composite	2^10·3·31
81	28672	6.097571329507e-4	26	2	composite	2^12·7
82	43008	5.936014588398e-4	48	3	composite	2^11·3·7
83	1440	5.895582656522e-4	36	3	composite	2^5·3^2·5
84	26416	5.769186184331e-4	20	3	composite	2^4·13·127
85	1920	5.766753241170e-4	32	3	composite	2^7·3·5
86	39936	5.463660898006e-4	44	3	composite	2^10·3·13
87	30240	5.420648019120e-4	96	4	composite	2^5·3^3·5·7
88	8448	5.304639058069e-4	36	3	composite	2^8·3·11
89	2999	5.297130754094e-4	2	1	prime	2999 (prime)
90	1364	5.280432941242e-4	12	3	composite	2^2·11·31
91	9216	5.232510255723e-4	33	2	composite	2^10·3^2
92	673	5.116866947816e-4	2	1	prime	673 (prime)
93	19968	5.079753167364e-4	40	3	composite	2^9·3·13
94	12589	5.015032965889e-4	2	1	prime	12589 (prime)
95	23296	4.988646859895e-4	36	3	composite	2^8·7·13
96	46592	4.742768530958e-4	40	3	composite	2^9·7·13
97	4960	4.693162052231e-4	24	3	composite	2^5·5·31
98	360	4.641109130969e-4	24	3	composite	2^3·3^2·5
99	7177	4.616689514901e-4	2	1	prime	7177 (prime)
100	889	4.609364045244e-4	4	2	composite	7·127
101	1152	4.596421939994e-4	24	2	composite	2^7·3^2
102	48768	4.492549203078e-4	32	3	composite	2^7·3·127
103	907	4.469173010384e-4	2	1	prime	907 (prime)
104	10752	4.303994658258e-4	40	3	composite	2^9·3·7
105	3137	4.290277821312e-4	2	1	prime	3137 (prime)
106	26407	4.251362961475e-4	2	1	prime	26407 (prime)
107	26417	4.196452478906e-4	2	1	prime	26417 (prime)
108	3556	4.179852145344e-4	12	3	composite	2^2·7·127
109	14336	4.175482018996e-4	24	2	composite	2^11·7
110	433	4.148395929688e-4	2	1	prime	433 (prime)
111	1789	4.110025343759e-4	2	1	prime	1789 (prime)
112	1123	4.064653035118e-4	2	1	prime	1123 (prime)
113	1153	4.028491337387e-4	2	1	prime	1153 (prime)
114	1056	3.957445955898e-4	24	3	composite	2^5·3·11
115	6599	3.897585302343e-4	2	1	prime	6599 (prime)
116	11903	3.784298515847e-4	2	1	prime	11903 (prime)
117	90720	3.764032095648e-4	120	4	composite	2^5·3^4·5·7
118	1792	3.629625485446e-4	18	2	composite	2^8·7
119	11177	3.599464018642e-4	2	1	prime	11177 (prime)
120	37799	3.524545609962e-4	2	1	prime	37799 (prime)
121	1571	3.508348841684e-4	2	1	prime	1571 (prime)
122	806	3.427193827667e-4	8	3	composite	2·13·31
123	37811	3.373429026772e-4	2	1	prime	37811 (prime)
124	2197	3.326477882115e-4	4	1	composite	13^3
125	1069	3.125808704257e-4	2	1	prime	1069 (prime)
126	269	3.093528390528e-4	2	1	prime	269 (prime)
127	11173	3.028210477695e-4	2	1	prime	11173 (prime)
128	2309	3.012759303732e-4	2	1	prime	2309 (prime)
129	11909	2.912451455425e-4	2	1	prime	11909 (prime)
130	1361	2.891722420639e-4	2	1	prime	1361 (prime)
131	8389	2.878172021951e-4	2	1	prime	8389 (prime)
132	8419	2.867978127203e-4	2	1	prime	8419 (prime)
133	7937	2.865138007418e-4	2	1	prime	7937 (prime)
134	149	2.859831426111e-4	2	1	prime	149 (prime)
135	52832	2.771715184012e-4	24	3	composite	2^5·13·127
136	2719	2.740907721990e-4	2	1	prime	2719 (prime)
137	7561	2.722994960206e-4	2	1	prime	7561 (prime)
138	1783	2.719257062393e-4	2	1	prime	1783 (prime)
139	3840	2.699113598780e-4	36	3	composite	2^8·3·5
140	63488	2.679260399621e-4	24	2	composite	2^11·31
141	2917	2.672484926994e-4	2	1	prime	2917 (prime)
142	23808	2.670802914908e-4	36	3	composite	2^8·3·31
143	223	2.659013813531e-4	2	1	prime	223 (prime)
144	337	2.656824036056e-4	2	1	prime	337 (prime)
145	5456	2.492056510814e-4	20	3	composite	2^4·11·31
146	1232	2.478011304001e-4	20	3	composite	2^4·7·11
147	40320	2.446691102614e-4	96	4	composite	2^7·3^2·5·7
148	4219	2.428855001387e-4	2	1	prime	4219 (prime)
149	7933	2.424540347279e-4	2	1	prime	7933 (prime)
150	4957	2.389475993413e-4	2	1	prime	4957 (prime)
151	27720	2.364777321938e-4	96	5	composite	2^3·3^2·5·7·11
152	97536	2.361890667798e-4	36	3	composite	2^8·3·127
153	11657	2.356442890772e-4	2	1	prime	11657 (prime)
154	86016	2.354541393842e-4	52	3	composite	2^12·3·7
155	2540	2.330952035912e-4	12	3	composite	2^2·5·127
156	6277	2.237256026785e-4	2	1	prime	6277 (prime)
157	3048	2.234099376074e-4	16	3	composite	2^3·3·127
158	616	2.195255694562e-4	16	3	composite	2^3·7·11
159	5588	2.139092233789e-4	12	3	composite	2^2·11·127
160	8192	2.099687241717e-4	14	1	composite	2^13
161	22680	2.085162809644e-4	80	4	composite	2^3·3^4·5·7
162	3121	2.058727126265e-4	2	1	prime	3121 (prime)
163	12601	2.024742677053e-4	2	1	prime	12601 (prime)
164	2687	2.001795849153e-4	2	1	prime	2687 (prime)
165	3125	1.997524749525e-4	6	1	composite	5^5
166	5381	1.984200047385e-4	2	1	prime	5381 (prime)
167	7559	1.962312365949e-4	2	1	prime	7559 (prime)
168	2153	1.954480718617e-4	2	1	prime	2153 (prime)
169	4096	1.941212263813e-4	13	1	composite	2^12
170	22200	1.941029955556e-4	48	4	composite	2^3·3·5^2·37
171	24576	1.856368199260e-4	28	2	composite	2^13·3
172	3079	1.851604690616e-4	2	1	prime	3079 (prime)
173	3301	1.844743854956e-4	2	1	prime	3301 (prime)
174	5581	1.829249826523e-4	2	1	prime	5581 (prime)
175	4931	1.804241705241e-4	2	1	prime	4931 (prime)
176	5827	1.802234410897e-4	2	1	prime	5827 (prime)
177	31751	1.790119182643e-4	2	1	prime	31751 (prime)
178	336	1.790090380770e-4	20	3	composite	2^4·3·7
179	3224	1.780402590933e-4	16	3	composite	2^3·13·31
180	48779	1.758763352043e-4	2	1	prime	48779 (prime)
181	10007	1.745714161665e-4	2	1	prime	10007 (prime)
182	39419	1.728635379189e-4	2	1	prime	39419 (prime)
183	13217	1.720425467775e-4	2	1	prime	13217 (prime)
184	877	1.697170030351e-4	2	1	prime	877 (prime)
185	48767	1.683152370376e-4	2	1	prime	48767 (prime)
186	2976	1.681719128879e-4	24	3	composite	2^5·3·31
187	15859	1.677603142590e-4	2	1	prime	15859 (prime)
188	2729	1.641769160172e-4	2	1	prime	2729 (prime)
189	2239	1.622899812084e-4	2	1	prime	2239 (prime)
190	22352	1.620119731288e-4	20	3	composite	2^4·11·127
191	3833	1.610586805944e-4	2	1	prime	3833 (prime)
192	20160	1.598997622612e-4	84	4	composite	2^6·3^2·5·7
193	4992	1.566760649226e-4	32	3	composite	2^7·3·13
194	45343	1.555063875652e-4	2	1	prime	45343 (prime)
195	31741	1.532370896077e-4	2	1	prime	31741 (prime)
196	3360	1.519004970412e-4	48	4	composite	2^5·3·5·7
197	20654	1.475867887730e-4	8	3	composite	2·23·449
198	22181	1.429402927169e-4	4	2	composite	41·541
199	13187	1.428965442899e-4	2	1	prime	13187 (prime)
200	4229	1.424180058388e-4	2	1	prime	4229 (prime)
201	45361	1.417167462656e-4	2	1	prime	45361 (prime)
202	6299	1.399712082974e-4	2	1	prime	6299 (prime)
203	15360	1.363871658451e-4	44	3	composite	2^10·3·5
204	23813	1.359323138555e-4	2	1	prime	23813 (prime)
205	24593	1.359229969224e-4	2	1	prime	24593 (prime)
206	9920	1.356061737769e-4	28	3	composite	2^6·5·31
207	3302	1.355703339044e-4	8	3	composite	2·13·127
208	32512	1.354804627820e-4	18	2	composite	2^8·127
209	19840	1.339535138493e-4	32	3	composite	2^7·5·31
210	2304	1.335892382517e-4	27	2	composite	2^8·3^2
211	25200	1.314038173393e-4	90	4	composite	2^4·3^2·5^2·7
212	809	1.311782430506e-4	2	1	prime	809 (prime)
213	23801	1.311719003473e-4	2	1	prime	23801 (prime)
214	39439	1.286148358607e-4	2	1	prime	39439 (prime)
215	4177	1.277798714829e-4	2	1	prime	4177 (prime)
216	25792	1.273644777148e-4	28	3	composite	2^6·13·31
217	4621	1.269111018998e-4	2	1	prime	4621 (prime)
218	8461	1.254688625172e-4	2	1	prime	8461 (prime)
219	14641	1.251647754214e-4	5	1	composite	11^4
220	22140	1.247984644929e-4	48	4	composite	2^2·3^3·5·41
221	21000	1.241230074711e-4	64	4	composite	2^3·3·5^3·7
222	19973	1.238789930088e-4	2	1	prime	19973 (prime)
223	1613	1.233769299036e-4	2	1	prime	1613 (prime)
224	46591	1.228310298928e-4	2	1	prime	46591 (prime)
225	13883	1.221214592005e-4	2	1	prime	13883 (prime)
226	20558	1.217553462971e-4	8	3	composite	2·19·541
227	47623	1.204980363696e-4	2	1	prime	47623 (prime)
228	93184	1.178099270326e-4	44	3	composite	2^10·7·13
229	17911	1.171393676957e-4	2	1	prime	17911 (prime)
230	5080	1.167818076254e-4	16	3	composite	2^3·5·127
231	12192	1.167671960552e-4	24	3	composite	2^5·3·127
232	9857	1.166988381308e-4	2	1	prime	9857 (prime)
233	5351	1.161876839442e-4	2	1	prime	5351 (prime)
234	20205	1.155478491787e-4	12	3	composite	3^2·5·449
235	55440	1.144984540014e-4	120	5	composite	2^4·3^2·5·7·11
236	960	1.144399582669e-4	28	3	composite	2^6·3·5
237	439	1.118778779077e-4	2	1	prime	439 (prime)
238	5040	1.100628112869e-4	60	4	composite	2^4·3^2·5·7
239	22354	1.090750552902e-4	4	2	composite	2·11177
240	40955	1.085098848613e-4	4	2	composite	5·8191
241	47609	1.084443121926e-4	2	1	prime	47609 (prime)
242	359	1.083340994957e-4	2	1	prime	359 (prime)
243	762	1.078744040353e-4	8	3	composite	2·3·127
244	46601	1.068752071100e-4	2	1	prime	46601 (prime)
245	1979	1.064774552551e-4	2	1	prime	1979 (prime)
246	21552	1.050971412542e-4	20	3	composite	2^4·3·449
247	5051	1.028506418327e-4	2	1	prime	5051 (prime)
248	3968	1.024371680291e-4	16	2	composite	2^7·31
249	4481	9.602756681918e-5	2	1	prime	4481 (prime)
250	2971	9.446074410582e-5	2	1	prime	2971 (prime)
251	78848	9.378018515422e-5	44	3	composite	2^10·7·11
252	22346	9.348843882263e-5	4	2	composite	2·11173
253	22001	9.341649191553e-5	6	2	composite	7^2·449
254	1693	9.323578426136e-5	2	1	prime	1693 (prime)
255	22899	9.275410055426e-5	8	3	composite	3·17·449
256	768	9.243728270952e-5	18	2	composite	2^8·3
257	25793	9.191947388980e-5	2	1	prime	25793 (prime)
258	1568	9.158219560924e-5	18	2	composite	2^5·7^2
259	14224	9.138522761577e-5	20	3	composite	2^4·7·127
260	166320	8.920100761561e-5	160	5	composite	2^4·3^3·5·7·11
261	288	8.904100931125e-5	18	2	composite	2^5·3^2
262	1270	8.774829384747e-5	8	3	composite	2·5·127
263	20653	8.648450417329e-5	4	2	composite	19·1087
264	1120	8.557481445760e-5	24	3	composite	2^5·5·7
265	12899	8.522757407594e-5	2	1	prime	12899 (prime)
266	22722	8.444407806733e-5	16	4	composite	2·3·7·541
267	3041	8.436800076797e-5	2	1	prime	3041 (prime)
268	8963	8.405220964937e-5	2	1	prime	8963 (prime)
269	20384	8.404898170290e-5	36	3	composite	2^5·7^2·13
270	4201	8.352472110422e-5	2	1	prime	4201 (prime)
271	4057	8.340831214962e-5	2	1	prime	4057 (prime)
272	22758	8.187190643011e-5	8	3	composite	2·3·3793
273	83160	8.149051109050e-5	128	5	composite	2^3·3^3·5·7·11
274	78125	8.130862435582e-5	8	1	composite	5^7
275	20017	7.988145316369e-5	4	2	composite	37·541
276	24573	7.981442757197e-5	4	2	composite	3·8191
277	672	7.895065312683e-5	24	3	composite	2^5·3·7
278	4064	7.702786544689e-5	12	2	composite	2^5·127
279	79872	7.695568238507e-5	48	3	composite	2^11·3·13
280	3779	7.674957822593e-5	2	1	prime	3779 (prime)
281	9984	7.592903972329e-5	36	3	composite	2^8·3·13
282	571	7.587807128636e-5	2	1	prime	571 (prime)
283	6301	7.524020648070e-5	2	1	prime	6301 (prime)
284	55552	7.430376687240e-5	36	3	composite	2^8·7·31
285	2539	7.300292962848e-5	2	1	prime	2539 (prime)
286	1777	7.194241191298e-5	2	1	prime	1777 (prime)
287	21640	7.193581818554e-5	16	3	composite	2^3·5·541
288	40961	7.078516212914e-5	2	1	prime	40961 (prime)
289	27701	7.072120386414e-5	2	1	prime	27701 (prime)
290	144	7.024562369609e-5	15	2	composite	2^4·3^2
291	6151	6.983361825533e-5	2	1	prime	6151 (prime)
292	16896	6.775664168245e-5	40	3	composite	2^9·3·11
293	557	6.740689579945e-5	2	1	prime	557 (prime)
294	20832	6.732278695534e-5	48	4	composite	2^5·3·7·31
295	3847	6.673066046994e-5	2	1	prime	3847 (prime)
296	14221	6.665024333511e-5	2	1	prime	14221 (prime)
297	20434	6.520525269070e-5	8	3	composite	2·17·601
298	21564	6.451777539835e-5	18	3	composite	2^2·3^2·599
299	40949	6.442259506861e-5	2	1	prime	40949 (prime)
300	19963	6.392429078853e-5	2	1	prime	19963 (prime)
301	21952	6.389728205178e-5	28	2	composite	2^6·7^3
302	39929	6.355802857368e-5	2	1	prime	39929 (prime)
303	22450	6.353436630533e-5	12	3	composite	2·5^2·449
304	9851	6.347948777287e-5	2	1	prime	9851 (prime)
305	1367	6.331846634038e-5	2	1	prime	1367 (prime)
306	12547	6.221074925733e-5	2	1	prime	12547 (prime)
307	65024	6.172384255605e-5	20	2	composite	2^9·127
308	2467	6.168968815083e-5	2	1	prime	2467 (prime)
309	6449	6.083706649442e-5	2	1	prime	6449 (prime)
310	158720	5.974610082712e-5	44	3	composite	2^10·5·31
311	35840	5.966687579931e-5	44	3	composite	2^10·5·7
312	2520	5.963425076602e-5	48	4	composite	2^3·3^2·5·7
313	479	5.957701269696e-5	2	1	prime	479 (prime)
314	22203	5.945441291906e-5	6	2	composite	3^2·2467
315	22199	5.905973487124e-5	4	2	composite	79·281
316	16267	5.892540890306e-5	2	1	prime	16267 (prime)
317	28463	5.880238962359e-5	2	1	prime	28463 (prime)
318	20204	5.856886413177e-5	6	2	composite	2^2·5051
319	1397	5.798863816786e-5	4	2	composite	11·127
320	21612	5.794132718718e-5	12	3	composite	2^2·3·1801
321	24384	5.783497471531e-5	28	3	composite	2^6·3·127
322	21642	5.770031448101e-5	8	3	composite	2·3·3607
323	3049	5.727814673586e-5	2	1	prime	3049 (prime)
324	28447	5.695711552098e-5	2	1	prime	28447 (prime)
325	51584	5.684878138153e-5	32	3	composite	2^7·13·31
326	22198	5.665582171646e-5	8	3	composite	2·11·1009
327	401	5.636906341254e-5	2	1	prime	401 (prime)
328	311	5.625045271238e-5	2	1	prime	311 (prime)
329	22683	5.516862866779e-5	4	2	composite	3·7561
330	22197	5.466922248270e-5	12	3	composite	3·7^2·151
331	21558	5.411116696249e-5	8	3	composite	2·3·3593
332	28561	5.397014025842e-5	5	1	composite	13^4
333	22196	5.356071598633e-5	12	3	composite	2^2·31·179
334	15361	5.313079020025e-5	2	1	prime	15361 (prime)
335	10160	5.312589926613e-5	20	3	composite	2^4·5·127
336	17921	5.305363895261e-5	2	1	prime	17921 (prime)
337	300	5.303079402455e-5	18	3	composite	2^2·3·5^2
338	43003	5.286236967892e-5	2	1	prime	43003 (prime)
339	27733	5.243893117543e-5	2	1	prime	27733 (prime)
340	14341	5.238698665726e-5	2	1	prime	14341 (prime)
341	381	5.236962059857e-5	4	2	composite	3·127
342	2048	5.182743711740e-5	12	1	composite	2^11
343	15877	5.146556421054e-5	2	1	prime	15877 (prime)
344	22195	5.103608759882e-5	8	3	composite	5·23·193
345	15359	5.100269959494e-5	2	1	prime	15359 (prime)
346	39937	5.093278236234e-5	2	1	prime	39937 (prime)
347	22202	5.066572898600e-5	8	3	composite	2·17·653
348	840	5.018275697284e-5	32	4	composite	2^3·3·5·7
349	4603	4.999752877224e-5	2	1	prime	4603 (prime)
350	1151	4.940203162357e-5	2	1	prime	1151 (prime)
351	4967	4.896503040432e-5	2	1	prime	4967 (prime)
352	22237	4.839955482222e-5	4	2	composite	37·601
353	22194	4.803976872654e-5	20	3	composite	2·3^4·137
354	25088	4.773367818963e-5	30	2	composite	2^9·7^2
355	43013	4.772024705951e-5	2	1	prime	43013 (prime)
356	3072	4.758323048219e-5	22	2	composite	2^10·3
357	4608	4.702889359454e-5	30	2	composite	2^9·3^2
358	22193	4.678800970374e-5	2	1	prime	22193 (prime)
359	21035	4.630485611518e-5	8	3	composite	5·7·601
360	19841	4.574919635150e-5	2	1	prime	19841 (prime)
361	868	4.564695366759e-5	12	3	composite	2^2·7·31
362	22677	4.564407835509e-5	4	2	composite	3·7559
363	21531	4.563502942621e-5	4	2	composite	3·7177
364	22192	4.525919983167e-5	20	3	composite	2^4·19·73
365	21099	4.460094176695e-5	8	3	composite	3·13·541
366	77	4.451556185591e-5	4	2	composite	7·11
367	168	4.451437402759e-5	16	3	composite	2^3·3·7
368	20366	4.418651981435e-5	8	3	composite	2·17·599
369	7680	4.414341488396e-5	40	3	composite	2^9·3·5
370	16253	4.396532340155e-5	2	1	prime	16253 (prime)
371	22191	4.373901937059e-5	8	3	composite	3·13·569
372	21103	4.336876617834e-5	4	2	composite	47·449
373	20655	4.332106944797e-5	24	3	composite	3^5·5·17
374	180	4.323674577030e-5	18	3	composite	2^2·3^2·5
375	13208	4.297331798827e-5	16	3	composite	2^3·13·127
376	8128	4.280820488858e-5	14	2	composite	2^6·127
377	190464	4.269972697136e-5	48	3	composite	2^11·3·31
378	1567	4.262219911282e-5	2	1	prime	1567 (prime)
379	10091	4.219520748466e-5	2	1	prime	10091 (prime)
380	22190	4.204680168598e-5	16	4	composite	2·5·7·317
381	8960	4.163556747921e-5	36	3	composite	2^8·5·7
382	22204	4.144594082851e-5	24	4	composite	2^2·7·13·61
383	24391	4.136536273472e-5	2	1	prime	24391 (prime)
384	30720	4.129935185091e-5	48	3	composite	2^11·3·5
385	7681	4.129665295482e-5	2	1	prime	7681 (prime)
386	22189	4.120143673851e-5	2	1	prime	22189 (prime)
387	1277	4.094458141662e-5	2	1	prime	1277 (prime)
388	22188	4.036743794120e-5	18	3	composite	2^2·3·43^2
389	383	4.020312274903e-5	2	1	prime	383 (prime)
390	27773	3.957617029478e-5	2	1	prime	27773 (prime)
391	21060	3.957567053791e-5	60	4	composite	2^2·3^4·5·13
392	22187	3.938448773998e-5	4	2	composite	11·2017
393	21618	3.936882160348e-5	12	3	composite	2·3^2·1201
394	80640	3.926431640648e-5	108	4	composite	2^8·3^2·5·7
395	22186	3.894550963010e-5	4	2	composite	2·11093
396	3229	3.854053216302e-5	2	1	prime	3229 (prime)
397	20417	3.832731521976e-5	4	2	composite	17·1201
398	241	3.832169015322e-5	2	1	prime	241 (prime)
399	22184	3.825464719231e-5	16	3	composite	2^3·47·59
400	8191	3.822681893051e-5	2	1	prime	8191 (prime)
401	22182	3.813914032971e-5	8	3	composite	2·3·3697
402	22185	3.813379959431e-5	24	4	composite	3^2·5·17·29
403	22183	3.812712066065e-5	4	2	composite	7·3169
404	392	3.811990583584e-5	12	2	composite	2^3·7^2
405	22838	3.808073830111e-5	8	3	composite	2·19·601
406	3557	3.788410081558e-5	2	1	prime	3557 (prime)
407	30727	3.776931320691e-5	2	1	prime	30727 (prime)
408	22205	3.717436200744e-5	4	2	composite	5·4441
409	14327	3.714878656786e-5	2	1	prime	14327 (prime)
410	3472	3.681168774320e-5	20	3	composite	2^4·7·31
411	617	3.681151986783e-5	2	1	prime	617 (prime)
412	6561	3.652374969475e-5	9	1	composite	3^8
413	20652	3.635552222907e-5	12	3	composite	2^2·3·1721
414	20656	3.625234807914e-5	10	2	composite	2^4·1291
415	21900	3.624010903862e-5	36	4	composite	2^2·3·5^2·73
416	4919	3.622994628415e-5	2	1	prime	4919 (prime)
417	21504	3.618088178163e-5	44	3	composite	2^10·3·7
418	32531	3.594405437371e-5	2	1	prime	32531 (prime)
419	27779	3.574335015722e-5	2	1	prime	27779 (prime)
420	12163	3.548179818008e-5	2	1	prime	12163 (prime)
421	21296	3.498555327667e-5	20	2	composite	2^4·11^3
422	1651	3.485988583314e-5	4	2	composite	13·127
423	28448	3.485767653629e-5	24	3	composite	2^5·7·127
424	136080	3.477290724217e-5	120	4	composite	2^4·3^5·5·7
425	2496	3.436811506577e-5	28	3	composite	2^6·3·13
426	179	3.417807732241e-5	2	1	prime	179 (prime)
427	30713	3.410423844566e-5	2	1	prime	30713 (prime)
428	19712	3.383321682103e-5	36	3	composite	2^8·7·11
429	20657	3.374708304314e-5	8	3	composite	7·13·227
430	22141	3.362537513855e-5	4	2	composite	7·3163
431	1051	3.359235696098e-5	2	1	prime	1051 (prime)
432	22180	3.353458360994e-5	12	3	composite	2^2·5·1109
433	3491	3.344459219905e-5	2	1	prime	3491 (prime)
434	79360	3.340169568184e-5	40	3	composite	2^9·5·31
435	22206	3.334647301388e-5	8	3	composite	2·3·3701
436	2187	3.322039937390e-5	8	1	composite	3^7
437	21959	3.315808667866e-5	4	2	composite	7·3137
438	22139	3.311216922730e-5	6	2	composite	13^2·131
439	2112	3.308161506761e-5	28	3	composite	2^6·3·11
440	21300	3.306085785986e-5	36	4	composite	2^2·3·5^2·71
441	81910	3.304009358831e-5	8	3	composite	2·5·8191
442	619	3.302048801515e-5	2	1	prime	619 (prime)
443	20014	3.288976223439e-5	4	2	composite	2·10007
444	19997	3.275970560572e-5	2	1	prime	19997 (prime)
445	56896	3.274976232209e-5	28	3	composite	2^6·7·127
446	20651	3.216286150514e-5	4	2	composite	107·193
447	2794	3.169472452537e-5	8	3	composite	2·11·127
448	22209	3.166481036341e-5	8	3	composite	3·11·673
449	10159	3.153074389747e-5	2	1	prime	10159 (prime)
450	20965	3.143075924338e-5	8	3	composite	5·7·599
451	25189	3.139447826700e-5	2	1	prime	25189 (prime)
452	22142	3.133039855714e-5	4	2	composite	2·11071
453	22150	3.115335335187e-5	12	3	composite	2·5^2·443
454	20650	3.112758198457e-5	24	4	composite	2·5^2·7·59
455	12197	3.065524383947e-5	2	1	prime	12197 (prime)
456	8447	3.049750182483e-5	2	1	prime	8447 (prime)
457	20658	3.031463008576e-5	16	4	composite	2·3·11·313
458	22138	3.027631264147e-5	4	2	composite	2·11069
459	222208	3.022343788527e-5	44	3	composite	2^10·7·31
460	32507	3.012665412373e-5	2	1	prime	32507 (prime)
461	25219	3.004160594880e-5	2	1	prime	25219 (prime)
462	22163	2.983170786320e-5	4	2	composite	37·599
463	22207	2.982664885013e-5	4	2	composite	53·419
464	20199	2.977873576737e-5	4	2	composite	3·6733
465	1488	2.956076706717e-5	20	3	composite	2^4·3·31
466	22143	2.926529930722e-5	12	3	composite	3·11^2·61
467	364	2.921011079735e-5	12	3	composite	2^2·7·13
468	22179	2.919640668613e-5	4	2	composite	3·7393
469	40640	2.911519154720e-5	28	3	composite	2^6·5·127
470	9221	2.857124686531e-5	2	1	prime	9221 (prime)
471	22762	2.856661004857e-5	8	3	composite	2·19·599
472	20401	2.836515116493e-5	4	2	composite	23·887
473	151200	2.821769854257e-5	144	4	composite	2^5·3^3·5^2·7
474	264	2.799791830503e-5	16	3	composite	2^3·3·11
475	22137	2.776514363779e-5	8	3	composite	3·47·157
476	21560	2.774862694592e-5	48	4	composite	2^3·5·7^2·11
477	22208	2.769723216783e-5	14	2	composite	2^6·347
478	10912	2.763646953612e-5	24	3	composite	2^5·11·31
479	20659	2.762914623202e-5	4	2	composite	73·283
480	22144	2.748911445975e-5	16	2	composite	2^7·173
481	22178	2.735773943852e-5	8	3	composite	2·13·853
482	415800	2.733892381503e-5	192	5	composite	2^3·3^3·5^2·7·11
483	84	2.729570317573e-5	12	3	composite	2^2·3·7
484	111104	2.723684130937e-5	40	3	composite	2^9·7·31
485	20649	2.698595943837e-5	4	2	composite	3·6883
486	24379	2.696835079150e-5	2	1	prime	24379 (prime)
487	6144	2.683402351968e-5	24	2	composite	2^11·3
488	226800	2.676632264262e-5	150	4	composite	2^4·3^4·5^2·7
489	192	2.657083731915e-5	14	2	composite	2^6·3
490	61440	2.643243980390e-5	52	3	composite	2^12·3·5
491	14243	2.605147399846e-5	2	1	prime	14243 (prime)
492	20187	2.585829809048e-5	6	2	composite	3^2·2243
493	12893	2.577080513126e-5	2	1	prime	12893 (prime)
494	20660	2.565148021766e-5	12	3	composite	2^2·5·1033
495	22145	2.545552353185e-5	8	3	composite	5·43·103
496	22136	2.528435313736e-5	8	2	composite	2^3·2767
497	154	2.505179365288e-5	8	3	composite	2·7·11
498	20195	2.500485935471e-5	8	3	composite	5·7·577
499	1259	2.497987339842e-5	2	1	prime	1259 (prime)
500	22175	2.497443809995e-5	6	2	composite	5^2·887
501	21907	2.486414034039e-5	4	2	composite	19·1153
502	1524	2.482403623907e-5	12	3	composite	2^2·3·127
503	312	2.461354136365e-5	16	3	composite	2^3·3·13
504	20648	2.459115232666e-5	16	3	composite	2^3·29·89
505	21056	2.415096394797e-5	28	3	composite	2^6·7·47
506	22146	2.379243027279e-5	8	3	composite	2·3·3691
507	20700	2.368279180396e-5	54	4	composite	2^2·3^2·5^2·23
508	20557	2.365743554376e-5	4	2	composite	61·337
509	60480	2.363621504383e-5	112	4	composite	2^6·3^3·5·7
510	20206	2.352324766210e-5	4	2	composite	2·10103
511	624	2.351913176224e-5	20	3	composite	2^4·3·13
512	1733	2.342036874176e-5	2	1	prime	1733 (prime)
513	498960	2.338161837331e-5	200	5	composite	2^4·3^4·5·7·11
514	3583	2.331622588778e-5	2	1	prime	3583 (prime)
515	10163	2.331100319658e-5	2	1	prime	10163 (prime)
516	20661	2.321816151694e-5	8	3	composite	3·71·97
517	4463	2.320954140379e-5	2	1	prime	4463 (prime)
518	22135	2.313197655298e-5	8	3	composite	5·19·233
519	853	2.312279509162e-5	2	1	prime	853 (prime)
520	23297	2.288968349470e-5	2	1	prime	23297 (prime)
521	729	2.269788223629e-5	7	1	composite	3^6
522	1061	2.269058990070e-5	2	1	prime	1061 (prime)
523	20203	2.256800989423e-5	4	2	composite	89·227
524	87296	2.248612279557e-5	36	3	composite	2^8·11·31
525	409	2.245696027900e-5	2	1	prime	409 (prime)
526	10909	2.241260817384e-5	2	1	prime	10909 (prime)
527	22147	2.231301227244e-5	2	1	prime	22147 (prime)
528	21551	2.229682650616e-5	4	2	composite	23·937
529	20647	2.208346600204e-5	4	2	composite	11·1877
530	21609	2.202470657989e-5	15	2	composite	3^2·7^4
531	1609	2.191671866433e-5	2	1	prime	1609 (prime)
532	22148	2.173542694163e-5	18	3	composite	2^2·7^2·113
533	22627	2.170376531174e-5	8	2	composite	11^3·17
534	57344	2.168433797777e-5	28	2	composite	2^13·7
535	138600	2.158024430919e-5	144	5	composite	2^3·3^2·5^2·7·11
536	744	2.156085480517e-5	16	3	composite	2^3·3·31
537	20559	2.153038704001e-5	16	4	composite	3·7·11·89
538	22177	2.144007014568e-5	4	2	composite	67·331
539	21554	2.134381454895e-5	8	3	composite	2·13·829
540	22134	2.132299893078e-5	32	5	composite	2·3·7·17·31
541	20662	2.129048920123e-5	4	2	composite	2·10331
542	174592	2.109889377025e-5	40	3	composite	2^9·11·31
543	7673	2.105446513745e-5	2	1	prime	7673 (prime)
544	22819	2.092469610773e-5	4	2	composite	19·1201
545	22210	2.080870922092e-5	8	3	composite	2·5·2221
546	20207	2.073179770128e-5	6	2	composite	11^2·167
547	21005	2.073106294633e-5	4	2	composite	5·4201
548	992	2.068871598831e-5	12	2	composite	2^5·31
549	1637	2.067535339858e-5	2	1	prime	1637 (prime)
550	39703	2.065554205573e-5	2	1	prime	39703 (prime)
551	22430	2.058249980087e-5	8	3	composite	2·5·2243
552	9907	2.049464805187e-5	2	1	prime	9907 (prime)
553	64	2.024557607849e-5	7	1	composite	2^6
554	20000	2.017364896225e-5	30	2	composite	2^5·5^4
555	6091	2.003695630979e-5	2	1	prime	6091 (prime)
556	21287	1.996217119712e-5	4	2	composite	7·3041
557	20100	1.995904026412e-5	36	4	composite	2^2·3·5^2·67
558	20202	1.983266885320e-5	32	5	composite	2·3·7·13·37
559	20646	1.981207515734e-5	24	4	composite	2·3^2·31·37
560	1459	1.964545250581e-5	2	1	prime	1459 (prime)
561	22149	1.961453001265e-5	12	3	composite	3^2·23·107
562	20663	1.952683099954e-5	2	1	prime	20663 (prime)
563	22133	1.944759941090e-5	2	1	prime	22133 (prime)
564	20560	1.944424355536e-5	20	3	composite	2^4·5·257
565	1456	1.940175076451e-5	20	3	composite	2^4·7·13
566	21550	1.934775112454e-5	12	3	composite	2·5^2·431
567	22898	1.932034086484e-5	6	2	composite	2·107^2
568	10739	1.922274723333e-5	2	1	prime	10739 (prime)
569	128	1.920412045698e-5	8	1	composite	2^7
570	20281	1.902261583711e-5	4	2	composite	17·1193
571	21556	1.879834602583e-5	12	3	composite	2^2·17·317
572	81280	1.874531087839e-5	32	3	composite	2^7·5·127
573	21288	1.874392994191e-5	16	3	composite	2^3·3·887
574	22900	1.868550764296e-5	18	3	composite	2^2·5^2·229
575	193	1.867372550205e-5	2	1	prime	193 (prime)
576	121	1.865627423853e-5	3	1	composite	11^2
577	22901	1.864354180838e-5	2	1	prime	22901 (prime)
578	21512	1.862455684885e-5	8	2	composite	2^3·2689
579	49	1.860217432146e-5	3	1	composite	7^2
580	21555	1.857288929331e-5	12	3	composite	3^2·5·479
581	20208	1.852356081749e-5	20	3	composite	2^4·3·421
582	15121	1.840112010261e-5	2	1	prime	15121 (prime)
583	240	1.835896903137e-5	20	3	composite	2^4·3·5
584	22132	1.826003041841e-5	12	3	composite	2^2·11·503
585	22211	1.817944767031e-5	8	3	composite	7·19·167
586	20645	1.807423188377e-5	4	2	composite	5·4129
587	191	1.805859681972e-5	2	1	prime	191 (prime)
588	2459	1.800625007709e-5	2	1	prime	2459 (prime)
589	20320	1.799869389175e-5	24	3	composite	2^5·5·127
590	20561	1.799010448512e-5	4	2	composite	29·709
591	22000	1.787010651367e-5	40	3	composite	2^4·5^3·11
592	20664	1.778229729198e-5	48	4	composite	2^3·3^2·7·41
593	20201	1.777246641844e-5	2	1	prime	20201 (prime)
594	21905	1.767785093734e-5	8	3	composite	5·13·337
595	21557	1.763297390043e-5	2	1	prime	21557 (prime)
596	21549	1.761811581684e-5	8	3	composite	3·11·653
597	143360	1.761341801625e-5	52	3	composite	2^12·5·7
598	22002	1.745097282254e-5	16	4	composite	2·3·19·193
599	24571	1.744330884436e-5	2	1	prime	24571 (prime)
600	22903	1.738912104564e-5	4	2	composite	37·619
601	1741	1.738583290219e-5	2	1	prime	1741 (prime)
602	6719	1.736803078393e-5	2	1	prime	6719 (prime)
603	22897	1.735873477678e-5	4	2	composite	7·3271
604	21899	1.732656727010e-5	4	2	composite	61·359
605	22902	1.723267825123e-5	16	4	composite	2·3·11·347
606	22212	1.707046804102e-5	18	3	composite	2^2·3^2·617
607	21563	1.704692793242e-5	2	1	prime	21563 (prime)
608	21562	1.690476618123e-5	4	2	composite	2·10781
609	21561	1.681043221236e-5	4	2	composite	3·7187
610	28687	1.675656024911e-5	2	1	prime	28687 (prime)
611	21120	1.673843101627e-5	64	4	composite	2^7·3·5·11
612	22151	1.672733501741e-5	4	2	composite	17·1303
613	21559	1.670055506916e-5	2	1	prime	21559 (prime)
614	20644	1.668621297850e-5	12	3	composite	2^2·13·397
615	20665	1.644649778530e-5	4	2	composite	5·4133
616	23293	1.634391401110e-5	2	1	prime	23293 (prime)
617	8123	1.626843611711e-5	2	1	prime	8123 (prime)
618	22003	1.626026169352e-5	2	1	prime	22003 (prime)
619	3967	1.625480216237e-5	2	1	prime	3967 (prime)
620	20556	1.620963947745e-5	18	3	composite	2^2·3^2·571
621	22005	1.618483235159e-5	16	3	composite	3^3·5·163
622	21901	1.615873197290e-5	6	2	composite	11^2·181
623	227	1.615066024330e-5	2	1	prime	227 (prime)
624	20555	1.610270224061e-5	4	2	composite	5·4111
625	21902	1.602153195088e-5	8	3	composite	2·47·233
626	508	1.598744686117e-5	6	2	composite	2^2·127
627	12289	1.595955132184e-5	2	1	prime	12289 (prime)
628	343	1.592793792442e-5	4	1	composite	7^3
629	20399	1.587911104149e-5	2	1	prime	20399 (prime)
630	5953	1.577654100797e-5	2	1	prime	5953 (prime)
631	17920	1.573158483029e-5	40	3	composite	2^9·5·7
632	2477	1.564469791635e-5	2	1	prime	2477 (prime)
633	21565	1.563491290938e-5	8	3	composite	5·19·227
634	21548	1.552843471490e-5	6	2	composite	2^2·5387
635	21904	1.551654023554e-5	15	2	composite	2^4·37^2
636	6947	1.547036959576e-5	2	1	prime	6947 (prime)
637	20563	1.539602600371e-5	2	1	prime	20563 (prime)
638	20562	1.537387936855e-5	16	4	composite	2·3·23·149
639	21636	1.537178792066e-5	18	3	composite	2^2·3^2·601
640	21330	1.537002100321e-5	32	4	composite	2·3^3·5·79
641	21095	1.536383844515e-5	4	2	composite	5·4219
642	22904	1.531806066513e-5	16	3	composite	2^3·7·409
643	21999	1.530533062483e-5	4	2	composite	3·7333
644	16889	1.524298247145e-5	2	1	prime	16889 (prime)
645	20402	1.523869161435e-5	6	2	composite	2·101^2
646	22152	1.523256684653e-5	32	4	composite	2^3·3·13·71
647	12541	1.520507918635e-5	2	1	prime	12541 (prime)
648	21474	1.519618952294e-5	12	3	composite	2·3^2·1193
649	19819	1.517324552496e-5	2	1	prime	19819 (prime)
650	22009	1.511917274341e-5	4	2	composite	13·1693
651	21906	1.505943617057e-5	12	3	composite	2·3^2·1217
652	631	1.505923035942e-5	2	1	prime	631 (prime)
653	22130	1.504549517896e-5	8	3	composite	2·5·2213
654	20001	1.495663949902e-5	8	3	composite	3·59·113
655	22004	1.489803107711e-5	6	2	composite	2^2·5501
656	7159	1.482372145075e-5	2	1	prime	7159 (prime)
657	20643	1.480419702212e-5	8	3	composite	3·7·983
658	21824	1.477294852386e-5	28	3	composite	2^6·11·31
659	20182	1.476988291258e-5	4	2	composite	2·10091
660	277200	1.473817130386e-5	180	5	composite	2^4·3^2·5^2·7·11
661	20666	1.472243120743e-5	4	2	composite	2·10333
662	12544	1.470854935999e-5	27	2	composite	2^8·7^2
663	21903	1.465276825429e-5	12	3	composite	3·7^2·149
664	243	1.455254979579e-5	6	1	composite	3^5
665	9973	1.449942499890e-5	2	1	prime	9973 (prime)
666	25771	1.449293816487e-5	2	1	prime	25771 (prime)
667	22449	1.447838241004e-5	8	3	composite	3·7·1069
668	21898	1.444069179854e-5	4	2	composite	2·10949
669	20564	1.443398550214e-5	12	3	composite	2^2·53·97
670	20419	1.442065583636e-5	4	2	composite	7·2917
671	20209	1.441333101512e-5	4	2	composite	7·2887
672	21349	1.441008620220e-5	4	2	composite	37·577
673	21908	1.435429284983e-5	6	2	composite	2^2·5477
674	206336	1.428682406194e-5	40	3	composite	2^9·13·31
675	20554	1.415848155211e-5	8	3	composite	2·43·239
676	20398	1.415385893459e-5	16	4	composite	2·7·31·47
677	21299	1.413848725542e-5	6	2	composite	19^2·59
678	20403	1.409989800508e-5	6	2	composite	3^2·2267
679	21909	1.406204969116e-5	8	3	composite	3·67·109
680	22624	1.393690954736e-5	24	3	composite	2^5·7·101
681	22905	1.384645510697e-5	12	3	composite	3^2·5·509
682	22129	1.383854329126e-5	2	1	prime	22129 (prime)
683	20285	1.383448425651e-5	4	2	composite	5·4057
684	172032	1.374426874161e-5	56	3	composite	2^13·3·7
685	181	1.370948973626e-5	2	1	prime	181 (prime)
686	21298	1.369717495957e-5	8	3	composite	2·23·463
687	195072	1.366851405492e-5	40	3	composite	2^9·3·127
688	317440	1.365857270249e-5	48	3	composite	2^11·5·31
689	197	1.362478510244e-5	2	1	prime	197 (prime)
690	20609	1.361916833877e-5	4	2	composite	37·557
691	20210	1.361142111634e-5	16	4	composite	2·5·43·47
692	2111	1.360345492266e-5	2	1	prime	2111 (prime)
693	20600	1.358978639723e-5	24	3	composite	2^3·5^2·103
694	21301	1.357722372096e-5	8	3	composite	7·17·179
695	21998	1.352823494072e-5	8	3	composite	2·17·647
696	21910	1.350801606834e-5	16	4	composite	2·5·7·313
697	21566	1.350429795297e-5	8	3	composite	2·41·263
698	22896	1.349584497866e-5	40	3	composite	2^4·3^3·53
699	20640	1.349264612425e-5	48	4	composite	2^5·3·5·43
700	20642	1.332849366250e-5	4	2	composite	2·10321
701	21297	1.332754796424e-5	8	3	composite	3·31·229
702	6607	1.331280197975e-5	2	1	prime	6607 (prime)
703	22213	1.329200370046e-5	4	2	composite	97·229
704	20565	1.326195938781e-5	12	3	composite	3^2·5·457
705	22153	1.325761072620e-5	2	1	prime	22153 (prime)
706	22895	1.325034557406e-5	8	3	composite	5·19·241
707	20566	1.307544895617e-5	16	4	composite	2·7·13·113
708	20198	1.306853892714e-5	4	2	composite	2·10099
709	21524	1.306370911185e-5	6	2	composite	2^2·5381
710	44704	1.305016097869e-5	24	3	composite	2^5·11·127
711	21897	1.299025229427e-5	8	2	composite	3^3·811
712	21547	1.292057052829e-5	4	2	composite	29·743
713	20607	1.286795777663e-5	4	2	composite	3·6869
714	20404	1.285383950711e-5	6	2	composite	2^2·5101
715	3361	1.285362143189e-5	2	1	prime	3361 (prime)
716	22128	1.283304764237e-5	20	3	composite	2^4·3·461
717	20667	1.283150313800e-5	6	2	composite	3·83^2
718	332640	1.278913619131e-5	192	5	composite	2^5·3^3·5·7·11
719	20397	1.273797738253e-5	8	3	composite	3·13·523
720	831600	1.273208033779e-5	240	5	composite	2^4·3^3·5^2·7·11
721	96	1.269991256258e-5	12	2	composite	2^5·3
722	22906	1.263154028540e-5	8	3	composite	2·13·881
723	349184	1.261021796458e-5	44	3	composite	2^10·11·31
724	21911	1.254764142168e-5	2	1	prime	21911 (prime)
725	22131	1.251834653629e-5	6	2	composite	3^2·2459
726	22006	1.250055129057e-5	4	2	composite	2·11003
727	21953	1.248958484936e-5	4	2	composite	29·757
728	661	1.247074416612e-5	2	1	prime	661 (prime)
729	21295	1.246224380113e-5	4	2	composite	5·4259
730	108	1.236817333326e-5	12	2	composite	2^2·3^3
731	21951	1.235061952096e-5	10	2	composite	3^4·271
732	21896	1.232503244848e-5	32	4	composite	2^3·7·17·23
733	22894	1.231552211902e-5	4	2	composite	2·11447
734	91	1.223601577465e-5	4	2	composite	7·13
735	109	1.216196739135e-5	2	1	prime	109 (prime)
736	20567	1.211567275078e-5	4	2	composite	131·157
737	20606	1.211090895725e-5	4	2	composite	2·10303
738	20196	1.206781155065e-5	48	4	composite	2^2·3^3·11·17
739	20641	1.206509700396e-5	2	1	prime	20641 (prime)
740	21294	1.204276121472e-5	36	4	composite	2·3^2·7·13^2
741	22214	1.201975785674e-5	8	3	composite	2·29·383
742	221760	1.197222373536e-5	168	5	composite	2^6·3^2·5·7·11
743	21567	1.196384247070e-5	16	4	composite	3·7·13·79
744	5039	1.195720850873e-5	2	1	prime	5039 (prime)
745	20197	1.194223260178e-5	4	2	composite	19·1063
746	22721	1.193839442838e-5	2	1	prime	22721 (prime)
747	20405	1.186198348474e-5	16	4	composite	5·7·11·53
748	21302	1.185200204091e-5	4	2	composite	2·10651
749	20553	1.184995510892e-5	16	4	composite	3·13·17·31
750	22154	1.182363646346e-5	16	4	composite	2·11·19·53
751	22324	1.181375970250e-5	6	2	composite	2^2·5581
752	21997	1.179202127834e-5	2	1	prime	21997 (prime)
753	20568	1.175745861419e-5	16	3	composite	2^3·3·857
754	20592	1.175143347711e-5	60	4	composite	2^4·3^2·11·13
755	20211	1.172566987569e-5	4	2	composite	3·6737
756	20318	1.165272588050e-5	4	2	composite	2·10159
757	22907	1.164730798260e-5	2	1	prime	22907 (prime)
758	21293	1.160305734002e-5	4	2	composite	107·199
759	22127	1.159757530863e-5	8	3	composite	7·29·109
760	22723	1.157025776767e-5	4	2	composite	31·733
761	9209	1.154934749831e-5	2	1	prime	9209 (prime)
762	20002	1.151510022587e-5	8	3	composite	2·73·137
763	20569	1.148009727080e-5	4	2	composite	67·307
764	21912	1.145416920986e-5	32	4	composite	2^3·3·11·83
765	22007	1.142036143126e-5	4	2	composite	59·373
766	22174	1.138766201410e-5	4	2	composite	2·11087
767	277	1.138029346483e-5	2	1	prime	277 (prime)
768	16901	1.135547655831e-5	2	1	prime	16901 (prime)
769	21954	1.127065547800e-5	8	3	composite	2·3·3659
770	20406	1.123747333163e-5	16	4	composite	2·3·19·179
771	341	1.121867582002e-5	4	2	composite	11·31
772	20200	1.119179325633e-5	24	3	composite	2^3·5^2·101
773	10079	1.117501940981e-5	2	1	prime	10079 (prime)
774	20605	1.115874055405e-5	8	3	composite	5·13·317
775	20552	1.114302134111e-5	16	3	composite	2^3·7·367
776	1016	1.113316078867e-5	8	2	composite	2^3·127
777	21546	1.112494893060e-5	40	4	composite	2·3^4·7·19
778	21292	1.107909931552e-5	6	2	composite	2^2·5323
779	20396	1.106959362681e-5	6	2	composite	2^2·5099
780	20668	1.104665811952e-5	6	2	composite	2^2·5167
781	22008	1.102373496732e-5	32	4	composite	2^3·3·7·131
782	22908	1.101679105254e-5	24	4	composite	2^2·3·23·83
783	35851	1.101309344786e-5	2	1	prime	35851 (prime)
784	22893	1.099456993115e-5	8	3	composite	3·13·587
785	39680	1.092808353273e-5	36	3	composite	2^8·5·31
786	21895	1.081715904604e-5	8	3	composite	5·29·151
787	20415	1.076865529365e-5	8	3	composite	3·5·1361
788	21291	1.076663665454e-5	8	3	composite	3·47·151
789	22126	1.075381236411e-5	16	4	composite	2·13·23·37
790	22827	1.073558138922e-5	8	3	composite	3·7·1087
791	20604	1.072492145375e-5	24	4	composite	2^2·3·17·101
792	21545	1.070625663322e-5	8	3	composite	5·31·139
793	89	1.069742312367e-5	2	1	prime	89 (prime)
794	21303	1.066488870293e-5	10	2	composite	3^4·263
795	21342	1.063201100858e-5	8	3	composite	2·3·3557
796	20550	1.062131954278e-5	24	4	composite	2·3·5^2·137
797	15107	1.052396765397e-5	2	1	prime	15107 (prime)
798	2113	1.050868755772e-5	2	1	prime	2113 (prime)
799	22724	1.050063283005e-5	24	4	composite	2^2·13·19·23
800	20326	1.049710707922e-5	4	2	composite	2·10163
801	4073	1.047560429251e-5	2	1	prime	4073 (prime)
802	2521	1.047351065196e-5	2	1	prime	2521 (prime)
803	21996	1.042996436237e-5	36	4	composite	2^2·3^2·13·47
804	20570	1.038807450920e-5	24	4	composite	2·5·11^2·17
805	21290	1.038434232148e-5	8	3	composite	2·5·2129
806	21001	1.036104133048e-5	2	1	prime	21001 (prime)
807	22155	1.034645240541e-5	16	4	composite	3·5·7·211
808	156	1.027847608675e-5	12	3	composite	2^2·3·13
809	20999	1.025796817263e-5	8	3	composite	11·23·83
810	20571	1.021305255695e-5	4	2	composite	3·6857
811	22725	1.021013626210e-5	18	3	composite	3^2·5^2·101
812	20603	1.018946252654e-5	4	2	composite	11·1873
813	487	1.018434702437e-5	2	1	prime	487 (prime)
814	21875	1.017967463052e-5	12	2	composite	5^5·7
815	21955	1.016374365990e-5	4	2	composite	5·4391
816	20772	1.016292080410e-5	18	3	composite	2^2·3^2·577
817	21289	1.009079082526e-5	4	2	composite	61·349
818	412672	1.003044001789e-5	44	3	composite	2^10·13·31
819	22909	1.001226561559e-5	4	2	composite	31·739
820	98	9.996719013916e-6	6	2	composite	2·7^2
821	20407	9.977922093761e-6	2	1	prime	20407 (prime)
822	21913	9.960955725696e-6	4	2	composite	17·1289
823	21950	9.913564177296e-6	12	3	composite	2·5^2·439
824	21949	9.882669659090e-6	4	2	composite	47·467
825	20572	9.864621445782e-6	12	3	composite	2^2·37·139
826	22674	9.849183646306e-6	8	3	composite	2·3·3779
827	20212	9.842266500584e-6	12	3	composite	2^2·31·163
828	1024	9.809055398316e-6	11	1	composite	2^10
829	6448	9.807562779128e-6	20	3	composite	2^4·13·31
830	20194	9.799259417511e-6	8	3	composite	2·23·439
831	22892	9.765722221492e-6	12	3	composite	2^2·59·97
832	20395	9.744530157959e-6	4	2	composite	5·4079
833	20601	9.740014100878e-6	16	3	composite	3^3·7·109
834	20610	9.684516188359e-6	24	4	composite	2·3^2·5·229
835	40639	9.672390352730e-6	2	1	prime	40639 (prime)
836	22719	9.661041620654e-6	4	2	composite	3·7573
837	20602	9.659758593542e-6	4	2	composite	2·10301
838	22720	9.605857496453e-6	28	3	composite	2^6·5·71
839	155	9.597984943342e-6	4	2	composite	5·31
840	20597	9.592668679791e-6	4	2	composite	43·479
841	20639	9.567878411483e-6	2	1	prime	20639 (prime)
842	21145	9.562543841375e-6	4	2	composite	5·4229
843	20573	9.511257255778e-6	4	2	composite	7·2939
844	21894	9.492622861266e-6	16	4	composite	2·3·41·89
845	196	9.492316719223e-6	9	2	composite	2^2·7^2
846	20669	9.456515028296e-6	4	2	composite	11·1879
847	21304	9.448560056567e-6	8	2	composite	2^3·2663
848	22215	9.385977761312e-6	8	3	composite	3·5·1481
849	22156	9.336008139799e-6	12	3	composite	2^2·29·191
850	22500	9.319067699393e-6	45	3	composite	2^2·3^2·5^4
851	21002	9.311834928506e-6	4	2	composite	2·10501
852	22910	9.291753319663e-6	16	4	composite	2·5·29·79
853	625	9.220975198760e-6	5	1	composite	5^4
854	21569	9.205094558401e-6	2	1	prime	21569 (prime)
855	21544	9.175669353947e-6	8	2	composite	2^3·2693
856	21956	9.135966142431e-6	12	3	composite	2^2·11·499
857	22124	9.119440079408e-6	6	2	composite	2^2·5531
858	20551	9.110337555171e-6	2	1	prime	20551 (prime)
859	50400	9.110266883235e-6	108	4	composite	2^5·3^2·5^2·7
860	20400	9.108173124828e-6	60	4	composite	2^4·3·5^2·17
861	20408	9.104256729885e-6	8	2	composite	2^3·2551
862	2297	9.103900242446e-6	2	1	prime	2297 (prime)
863	21312	9.097391707178e-6	42	3	composite	2^6·3^2·37
864	22125	9.077860645899e-6	16	3	composite	3·5^3·59
865	1931	9.057987575376e-6	2	1	prime	1931 (prime)
866	22010	9.000830083334e-6	16	4	composite	2·5·31·71
867	21948	8.980173485761e-6	24	4	composite	2^2·3·31·59
868	20575	8.919935853363e-6	6	2	composite	5^2·823
869	200704	8.912804778287e-6	39	2	composite	2^12·7^2
870	20998	8.909323204208e-6	4	2	composite	2·10499
871	21286	8.907725567905e-6	8	3	composite	2·29·367
872	22718	8.901227172437e-6	8	3	composite	2·37·307
873	19683	8.892014328336e-6	10	1	composite	3^9
874	21995	8.889876601029e-6	8	3	composite	5·53·83
875	21970	8.882701568530e-6	16	3	composite	2·5·13^3
876	21914	8.806724051513e-6	4	2	composite	2·10957
877	20576	8.767492581766e-6	12	2	composite	2^5·643
878	70	8.743297632561e-6	8	3	composite	2·5·7
879	132	8.686495002561e-6	12	3	composite	2^2·3·11
880	22173	8.670170564081e-6	8	3	composite	3·19·389
881	21468	8.639434569174e-6	12	3	composite	2^2·3·1789
882	21281	8.616172613550e-6	4	2	composite	13·1637
883	22891	8.606487198010e-6	4	2	composite	11·2081
884	22911	8.605474096108e-6	8	3	composite	3·7·1091
885	21893	8.573404295479e-6	2	1	prime	21893 (prime)
886	20394	8.552552560072e-6	24	4	composite	2·3^2·11·103
887	1231	8.542770130697e-6	2	1	prime	1231 (prime)
888	20213	8.533634372965e-6	8	3	composite	17·29·41
889	20599	8.528234391989e-6	2	1	prime	20599 (prime)
890	22726	8.486320953143e-6	8	3	composite	2·11·1033
891	20611	8.470341469825e-6	2	1	prime	20611 (prime)
892	20598	8.464786617092e-6	8	3	composite	2·3·3433
893	20412	8.463885812111e-6	42	3	composite	2^2·3^6·7
894	3221	8.421344473742e-6	2	1	prime	3221 (prime)
895	20577	8.376141999136e-6	8	2	composite	3·19^3
896	22123	8.372618757387e-6	2	1	prime	22123 (prime)
897	21570	8.361933778253e-6	16	4	composite	2·3·5·719
898	21305	8.360012575537e-6	4	2	composite	5·4261
899	20519	8.352092570280e-6	6	2	composite	17^2·71
900	21003	8.340744999778e-6	4	2	composite	3·7001
901	20638	8.328127600713e-6	8	3	composite	2·17·607
902	20596	8.320128644307e-6	12	3	composite	2^2·19·271
903	20003	8.268777983868e-6	4	2	composite	83·241
904	20578	8.242020371294e-6	4	2	composite	2·10289
905	20594	8.228440896839e-6	8	3	composite	2·7·1471
906	20595	8.209477500694e-6	8	3	composite	3·5·1373
907	21496	8.208427399742e-6	8	2	composite	2^3·2687
908	22944	8.208191119977e-6	24	3	composite	2^5·3·239
909	20593	8.202923374178e-6	2	1	prime	20593 (prime)
910	21957	8.193006199154e-6	8	3	composite	3·13·563
911	20409	8.177032715314e-6	4	2	composite	3·6803
912	22912	8.175757542370e-6	16	2	composite	2^7·179
913	20579	8.140726956266e-6	4	2	composite	13·1583
914	21568	8.132995722384e-6	14	2	composite	2^6·337
915	20670	8.126049671581e-6	32	5	composite	2·3·5·13·53
916	21947	8.076371049789e-6	4	2	composite	17·1291
917	20591	8.073852959827e-6	4	2	composite	59·349
918	751	8.041762033577e-6	2	1	prime	751 (prime)
919	49152	8.039839636487e-6	30	2	composite	2^14·3
920	20585	8.027673771716e-6	8	3	composite	5·23·179
921	21285	8.011810530903e-6	24	4	composite	3^2·5·11·43
922	20516	7.981586933391e-6	12	3	composite	2^2·23·223
923	20701	7.954760823115e-6	4	2	composite	127·163
924	22157	7.939103149888e-6	2	1	prime	22157 (prime)
925	20581	7.928113978361e-6	4	2	composite	11·1871
926	21543	7.922412001035e-6	8	3	composite	3·43·167
927	20590	7.887890829835e-6	16	4	composite	2·5·29·71
928	22943	7.865951888717e-6	2	1	prime	22943 (prime)
929	20518	7.857413225139e-6	4	2	composite	2·10259
930	20582	7.855204053409e-6	8	3	composite	2·41·251
931	22216	7.847249889498e-6	8	2	composite	2^3·2777
932	20587	7.827271067547e-6	8	3	composite	7·17·173
933	20589	7.822240382013e-6	4	2	composite	3·6863
934	22623	7.821324035025e-6	4	2	composite	3·7541
935	20580	7.813114167633e-6	48	4	composite	2^2·3·5·7^3
936	21892	7.805997434135e-6	12	3	composite	2^2·13·421
937	20997	7.782664775024e-6	6	2	composite	3^2·2333
938	22011	7.782164021296e-6	16	4	composite	3·11·23·29
939	182	7.770081440835e-6	8	3	composite	2·7·13
940	20583	7.758480286250e-6	6	2	composite	3^2·2287
941	39679	7.756928063543e-6	2	1	prime	39679 (prime)
942	20588	7.752198710020e-6	6	2	composite	2^2·5147
943	20574	7.751595862533e-6	20	3	composite	2·3^4·127
944	21284	7.750048328201e-6	12	3	composite	2^2·17·313
945	21404	7.744560233919e-6	6	2	composite	2^2·5351
946	22717	7.714374412056e-6	2	1	prime	22717 (prime)
947	22122	7.710547079125e-6	12	3	composite	2·3^2·1229
948	20586	7.700394456204e-6	16	4	composite	2·3·47·73
949	22400	7.693678477839e-6	48	3	composite	2^7·5^2·7
950	22802	7.683636589102e-6	8	3	composite	2·13·877
951	743	7.674752147609e-6	2	1	prime	743 (prime)
952	21818	7.657866535154e-6	4	2	composite	2·10909
953	181440	7.636886200557e-6	140	4	composite	2^6·3^4·5·7
954	22890	7.625414038406e-6	32	5	composite	2·3·5·7·109
955	20521	7.615856045856e-6	2	1	prime	20521 (prime)
956	22913	7.614292864617e-6	4	2	composite	11·2083
957	20584	7.608571885370e-6	16	3	composite	2^3·31·83
958	11633	7.602154170566e-6	2	1	prime	11633 (prime)
959	22120	7.598068732585e-6	32	4	composite	2^3·5·7·79
960	21728	7.594424520838e-6	24	3	composite	2^5·7·97
961	22448	7.558179574169e-6	20	3	composite	2^4·23·61
962	22942	7.546449580701e-6	4	2	composite	2·11471
963	22625	7.507130090448e-6	8	2	composite	5^3·181
964	22451	7.483579384012e-6	8	3	composite	11·13·157
965	22941	7.472399889305e-6	6	2	composite	3^2·2549
966	20841	7.453965571878e-6	4	2	composite	3·6947
967	20410	7.440667334850e-6	16	4	composite	2·5·13·157
968	126000	7.433894452904e-6	120	4	composite	2^4·3^2·5^3·7
969	21958	7.398996082409e-6	4	2	composite	2·10979
970	20393	7.396804679667e-6	2	1	prime	20393 (prime)
971	21306	7.396160334059e-6	16	4	composite	2·3·53·67
972	21004	7.395538024218e-6	12	3	composite	2^2·59·89
973	20517	7.389166432999e-6	8	3	composite	3·7·977
974	36	7.325754617428e-6	9	2	composite	2^2·3^2
975	22622	7.280156302713e-6	4	2	composite	2·11311
976	21553	7.275679941190e-6	4	2	composite	7·3079
977	21283	7.274192264257e-6	2	1	prime	21283 (prime)
978	20363	7.248679119865e-6	4	2	composite	7·2909
979	280	7.243747973572e-6	16	3	composite	2^3·5·7
980	5471	7.242049061396e-6	2	1	prime	5471 (prime)
981	21915	7.228569096680e-6	12	3	composite	3^2·5·487
982	22727	7.220974600016e-6	2	1	prime	22727 (prime)
983	21571	7.220260243768e-6	8	3	composite	11·37·53
984	20699	7.216211950387e-6	4	2	composite	7·2957
985	20702	7.214638696761e-6	8	3	composite	2·11·941
986	33791	7.196746013147e-6	2	1	prime	33791 (prime)
987	2464	7.127447620596e-6	24	3	composite	2^5·7·11
988	2797	7.122358598500e-6	2	1	prime	2797 (prime)
989	20637	7.119933099149e-6	6	2	composite	3^2·2293
990	22121	7.112511278060e-6	4	2	composite	11·2011
991	22889	7.093331357154e-6	4	2	composite	47·487
992	21946	7.049876973027e-6	4	2	composite	2·10973
993	21740	7.045431935629e-6	12	3	composite	2^2·5·1087
994	32764	7.036556137777e-6	6	2	composite	2^2·8191
995	20636	7.022112304665e-6	24	4	composite	2^2·7·11·67
996	20612	7.000022328592e-6	6	2	composite	2^2·5153
997	22012	6.995298096241e-6	6	2	composite	2^2·5503
998	21282	6.950082970998e-6	8	3	composite	2·3·3547
999	21916	6.937989310848e-6	6	2	composite	2^2·5479
1000	22914	6.936943732062e-6	24	4	composite	2·3^2·19·67
1001	6271	6.902224816385e-6	2	1	prime	6271 (prime)
1002	20157	6.893099551579e-6	4	2	composite	3·6719
1003	997920	6.851388537432e-6	240	5	composite	2^5·3^4·5·7·11
1004	21542	6.846825931016e-6	4	2	composite	2·10771
1005	22447	6.838353891827e-6	2	1	prime	22447 (prime)
1006	307	6.821356823803e-6	2	1	prime	307 (prime)
1007	21891	6.809150429120e-6	4	2	composite	3·7297
1008	839	6.800299382535e-6	2	1	prime	839 (prime)
1009	22940	6.798332142219e-6	24	4	composite	2^2·5·31·37
1010	22626	6.789835798189e-6	16	3	composite	2·3^3·419
1011	59049	6.789647503847e-6	11	1	composite	3^10
1012	22939	6.783873048843e-6	8	3	composite	7·29·113
1013	20671	6.783825921476e-6	4	2	composite	7·2953
1014	22621	6.782924447490e-6	2	1	prime	22621 (prime)
1015	20703	6.764129257569e-6	8	3	composite	3·67·103
1016	21752	6.742941843157e-6	8	2	composite	2^3·2719
1017	8209	6.741595642715e-6	2	1	prime	8209 (prime)
1018	22915	6.681506620016e-6	4	2	composite	5·4583
1019	1523	6.662588968803e-6	2	1	prime	1523 (prime)
1020	389	6.660879183073e-6	2	1	prime	389 (prime)
1021	21232	6.653594620503e-6	10	2	composite	2^4·1327
1022	20392	6.638544793983e-6	8	2	composite	2^3·2549
1023	28669	6.627226206999e-6	2	1	prime	28669 (prime)
1024	33797	6.623943986538e-6	2	1	prime	33797 (prime)
1025	635	6.602642951512e-6	4	2	composite	5·127
1026	20996	6.597939455789e-6	12	3	composite	2^2·29·181
1027	21993	6.594682777207e-6	4	2	composite	3·7331
1028	2039	6.591517218778e-6	2	1	prime	2039 (prime)
1029	22620	6.591378863642e-6	48	5	composite	2^2·3·5·13·29
1030	20549	6.561149383577e-6	2	1	prime	20549 (prime)
1031	21641	6.533424301520e-6	8	3	composite	17·19·67
1032	22217	6.522534085592e-6	4	2	composite	13·1709
1033	22938	6.515432938885e-6	8	3	composite	2·3·3823
1034	20522	6.512963428543e-6	8	3	composite	2·31·331
1035	21541	6.494359287899e-6	4	2	composite	13·1657
1036	20411	6.493637976613e-6	2	1	prime	20411 (prime)
1037	20704	6.489349398718e-6	12	2	composite	2^5·647
1038	20004	6.455441814197e-6	12	3	composite	2^2·3·1667
1039	21331	6.452384903206e-6	4	2	composite	83·257
1040	169	6.443896797078e-6	3	1	composite	13^2
1041	3989	6.437992689008e-6	2	1	prime	3989 (prime)
1042	6604	6.434670743201e-6	12	3	composite	2^2·13·127
1043	21332	6.409478794293e-6	6	2	composite	2^2·5333
1044	20435	6.398849588394e-6	8	3	composite	5·61·67
1045	20433	6.385848429584e-6	12	3	composite	3·7^2·139
1046	22715	6.385032211151e-6	16	4	composite	5·7·11·59
1047	20515	6.384783807476e-6	8	3	composite	5·11·373
1048	20193	6.360958939968e-6	8	3	composite	3·53·127
1049	1543	6.360024463643e-6	2	1	prime	1543 (prime)
1050	21572	6.353397077764e-6	6	2	composite	2^2·5393
1051	12288	6.348537037682e-6	26	2	composite	2^12·3
1052	21333	6.345669973284e-6	8	3	composite	3·13·547
1053	22716	6.335084998651e-6	18	3	composite	2^2·3^2·631
1054	16411	6.308086334369e-6	2	1	prime	16411 (prime)
1055	22172	6.307494432040e-6	12	3	composite	2^2·23·241
1056	21334	6.303832651584e-6	4	2	composite	2·10667
1057	22937	6.302485877762e-6	2	1	prime	22937 (prime)
1058	22728	6.294396396424e-6	16	3	composite	2^3·3·947
1059	2909	6.271605686741e-6	2	1	prime	2909 (prime)
1060	22013	6.258425223678e-6	2	1	prime	22013 (prime)
1061	434	6.255393830081e-6	8	3	composite	2·7·31
1062	21335	6.220584220887e-6	8	3	composite	5·17·251
1063	98304	6.191786349209e-6	32	2	composite	2^15·3
1064	43648	6.190961534088e-6	32	3	composite	2^7·11·31
1065	22446	6.171161691164e-6	24	4	composite	2·3^2·29·43
1066	21945	6.158364726399e-6	32	5	composite	3·5·7·11·19
1067	21917	6.150260495893e-6	8	3	composite	7·31·101
1068	22917	6.138169317176e-6	4	2	composite	3·7639
1069	22936	6.133294906311e-6	16	3	composite	2^3·47·61
1070	21329	6.123482229975e-6	8	3	composite	7·11·277
1071	249480	6.091214958196e-6	160	5	composite	2^3·3^4·5·7·11
1072	22452	6.085832323633e-6	12	3	composite	2^2·3·1871
1073	20698	6.071426222943e-6	8	3	composite	2·79·131
1074	21890	6.048775602961e-6	16	4	composite	2·5·11·199
1075	22158	6.001117630584e-6	12	3	composite	2·3^2·1231
1076	22888	5.989133240668e-6	8	2	composite	2^3·2861
1077	22119	5.988774632218e-6	8	3	composite	3·73·101
1078	20192	5.975352355317e-6	12	2	composite	2^5·631
1079	1536	5.974695136357e-6	20	2	composite	2^9·3
1080	22935	5.959808334204e-6	16	4	composite	3·5·11·139
1081	140	5.954876710366e-6	12	3	composite	2^2·5·7
1082	22159	5.915026871793e-6	2	1	prime	22159 (prime)
1083	22619	5.906194688434e-6	2	1	prime	22619 (prime)
1084	103168	5.902127829029e-6	36	3	composite	2^8·13·31
1085	32749	5.894737643110e-6	2	1	prime	32749 (prime)
1086	21006	5.888832760601e-6	16	3	composite	2·3^3·389
1087	16381	5.881776209110e-6	2	1	prime	16381 (prime)
1088	22919	5.881601969464e-6	8	3	composite	13·41·43
1089	20514	5.865856623023e-6	16	4	composite	2·3·13·263
1090	21307	5.863350781001e-6	8	3	composite	11·13·149
1091	20995	5.862110823349e-6	16	4	composite	5·13·17·19
1092	20018	5.856977077753e-6	4	2	composite	2·10009
1093	20705	5.842090240055e-6	8	3	composite	5·41·101
1094	641	5.823279779496e-6	2	1	prime	641 (prime)
1095	22628	5.803077890585e-6	6	2	composite	2^2·5657
1096	682	5.795993214342e-6	8	3	composite	2·11·31
1097	2912	5.792300113988e-6	24	3	composite	2^5·7·13
1098	22934	5.784651502796e-6	4	2	composite	2·11467
1099	1487	5.776841055271e-6	2	1	prime	1487 (prime)
1100	22617	5.769699630702e-6	12	3	composite	3^2·7·359
1101	22927	5.721463502541e-6	4	2	composite	101·227
1102	28	5.714414190961e-6	6	2	composite	2^2·7
1103	20367	5.710488593827e-6	12	3	composite	3^2·31·73
1104	20613	5.697122774499e-6	4	2	composite	3·6871
1105	21992	5.692870033928e-6	8	2	composite	2^3·2749
1106	22921	5.690094893415e-6	2	1	prime	22921 (prime)
1107	22848	5.683532987023e-6	56	4	composite	2^6·3·7·17
1108	20364	5.678771219110e-6	12	3	composite	2^2·3·1697
1109	22925	5.648583575505e-6	12	3	composite	5^2·7·131
1110	81	5.634666326480e-6	5	1	composite	3^4
1111	35	5.631198591210e-6	4	2	composite	5·7
1112	22922	5.618297683625e-6	8	3	composite	2·73·157
1113	20215	5.610369005141e-6	8	3	composite	5·13·311
1114	21643	5.608430777356e-6	4	2	composite	23·941
1115	21573	5.607450225876e-6	16	3	composite	3^3·17·47
1116	22559	5.594957167030e-6	4	2	composite	17·1327
1117	21338	5.594168631793e-6	8	3	composite	2·47·227
1118	21530	5.592345641852e-6	8	3	composite	2·5·2153
1119	22924	5.589961010493e-6	12	3	composite	2^2·11·521
1120	22933	5.589034614925e-6	8	3	composite	17·19·71
1121	21308	5.588184837896e-6	12	3	composite	2^2·7·761
1122	22014	5.578851706605e-6	12	3	composite	2·3^2·1223
1123	20391	5.571340362091e-6	8	3	composite	3·7·971
1124	20520	5.547709009913e-6	64	4	composite	2^3·3^3·5·19
1125	21328	5.544674966149e-6	20	3	composite	2^4·31·43
1126	967	5.544585204302e-6	2	1	prime	967 (prime)
1127	66	5.537370815657e-6	8	3	composite	2·3·11
1128	22618	5.517993901222e-6	8	3	composite	2·43·263
1129	397	5.507878352704e-6	2	1	prime	397 (prime)
1130	22928	5.507807206568e-6	10	2	composite	2^4·1433
1131	22445	5.493430231982e-6	6	2	composite	5·67^2
1132	22926	5.490809462350e-6	8	3	composite	2·3·3821
1133	20548	5.488555804849e-6	12	3	composite	2^2·11·467
1134	21918	5.484346609827e-6	16	4	composite	2·3·13·281
1135	22929	5.482678903463e-6	4	2	composite	3·7643
1136	19717	5.479415064729e-6	2	1	prime	19717 (prime)
1137	22923	5.472299373074e-6	10	2	composite	3^4·283
1138	21616	5.469109077192e-6	20	3	composite	2^4·7·193
1139	107	5.466155528705e-6	2	1	prime	107 (prime)
1140	22118	5.447170707140e-6	4	2	composite	2·11059
1141	21944	5.440350580473e-6	16	3	composite	2^3·13·211
1142	20351	5.420816254104e-6	4	2	composite	47·433
1143	89408	5.397434143468e-6	28	3	composite	2^6·11·127
1144	98292	5.391923709803e-6	12	3	composite	2^2·3·8191
1145	20513	5.389746381157e-6	4	2	composite	73·281
1146	20706	5.379966285210e-6	32	5	composite	2·3·7·17·29
1147	22931	5.372792870936e-6	4	2	composite	23·997
1148	21889	5.352912347035e-6	8	3	composite	7·53·59
1149	22160	5.352322672675e-6	20	3	composite	2^4·5·277
1150	22930	5.348288823728e-6	8	3	composite	2·5·2293
1151	21840	5.316819561384e-6	80	5	composite	2^4·3·5·7·13
1152	21648	5.314868305513e-6	40	4	composite	2^4·3·11·41
1153	22729	5.313660132113e-6	8	3	composite	7·17·191
1154	22932	5.309035468198e-6	54	4	composite	2^2·3^2·7^2·13
1155	20672	5.301030126525e-6	28	3	composite	2^6·17·19
1156	20523	5.297004682140e-6	4	2	composite	3·6841
1157	20019	5.293716080376e-6	4	2	composite	3·6673
1158	20436	5.287869725507e-6	24	4	composite	2^2·3·13·131
1159	20016	5.287485506491e-6	30	3	composite	2^4·3^2·139
1160	20635	5.278914883337e-6	4	2	composite	5·4127
1161	310	5.277003033920e-6	8	3	composite	2·5·31
1162	20216	5.252518646922e-6	24	3	composite	2^3·7·19^2
1163	20512	5.231600534881e-6	12	2	composite	2^5·641
1164	22016	5.230852929154e-6	20	2	composite	2^9·43
1165	21309	5.214203922668e-6	4	2	composite	3·7103
1166	22714	5.211447964724e-6	8	3	composite	2·41·277
1167	21007	5.210759374251e-6	4	2	composite	7·3001
1168	22218	5.204024211557e-6	24	4	composite	2·3·7·23^2
1169	21279	5.202106466392e-6	8	3	composite	3·41·173
1170	113792	5.199720133826e-6	32	3	composite	2^7·7·127
1171	21327	5.196727113270e-6	4	2	composite	3·7109
1172	20707	5.188138803831e-6	2	1	prime	20707 (prime)
1173	21339	5.171537874751e-6	6	2	composite	3^2·2371
1174	22799	5.166738452724e-6	4	2	composite	7·3257
1175	22453	5.132308879466e-6	2	1	prime	22453 (prime)
1176	22920	5.128847522188e-6	32	4	composite	2^3·3·5·191
1177	20099	5.124658406369e-6	4	2	composite	101·199
1178	21961	5.118227040283e-6	2	1	prime	21961 (prime)
1179	50176	5.114105835722e-6	33	2	composite	2^10·7^2
1180	613	5.100410716238e-6	2	1	prime	613 (prime)
1181	22410	5.096415822849e-6	32	4	composite	2·3^3·5·83
1182	125	5.077031756032e-6	4	1	composite	5^3
1183	20697	5.075272179827e-6	4	2	composite	3·6899
1184	20994	5.070643391647e-6	8	3	composite	2·3·3499
1185	20371	5.038811833656e-6	4	2	composite	13·1567
1186	22916	5.014933412682e-6	12	3	composite	2^2·17·337
1187	20430	5.010774880684e-6	24	4	composite	2·3^2·5·227
1188	22444	5.009486289883e-6	12	3	composite	2^2·31·181
1189	20708	5.006205859371e-6	12	3	composite	2^2·31·167
1190	22015	4.998581670047e-6	16	4	composite	5·7·17·37
1191	21336	4.991026942985e-6	32	4	composite	2^3·3·7·127
1192	20362	4.990497758256e-6	4	2	composite	2·10181
1193	20101	4.989100358154e-6	2	1	prime	20101 (prime)
1194	21340	4.982708206562e-6	24	4	composite	2^2·5·11·97
1195	22117	4.978786787743e-6	4	2	composite	17·1301
1196	22629	4.949065699617e-6	8	3	composite	3·19·397
1197	20437	4.905841467970e-6	4	2	composite	107·191
1198	21991	4.897872274537e-6	2	1	prime	21991 (prime)
1199	21639	4.897370053708e-6	4	2	composite	3·7213
1200	20431	4.889277628326e-6	2	1	prime	20431 (prime)
1201	21919	4.879504357114e-6	4	2	composite	23·953
1202	21644	4.836839772714e-6	12	3	composite	2^2·7·773
1203	22730	4.835768075171e-6	8	3	composite	2·5·2273
1204	21574	4.835567857969e-6	16	4	composite	2·7·23·67
1205	21341	4.804143252402e-6	2	1	prime	21341 (prime)
1206	22713	4.780477925005e-6	8	3	composite	3·67·113
1207	6917	4.775392885942e-6	2	1	prime	6917 (prime)
1208	21943	4.762269012667e-6	2	1	prime	21943 (prime)
1209	20414	4.748897132169e-6	8	3	composite	2·59·173
1210	21832	4.744871342583e-6	8	2	composite	2^3·2729
1211	21960	4.738580137789e-6	48	4	composite	2^3·3^2·5·61
1212	21884	4.736204970413e-6	6	2	composite	2^2·5471
1213	21645	4.734083109734e-6	24	4	composite	3^2·5·13·37
1214	124	4.712059430437e-6	6	2	composite	2^2·31
1215	20151	4.709018686302e-6	6	2	composite	3^2·2239
1216	20217	4.665620690750e-6	8	3	composite	3·23·293
1217	20368	4.654501005215e-6	20	3	composite	2^4·19·67
1218	20511	4.625482108898e-6	12	3	composite	3^2·43·53
1219	20634	4.596549875171e-6	16	4	composite	2·3·19·181
1220	20713	4.594758881076e-6	8	3	composite	7·11·269
1221	20633	4.586853973063e-6	4	2	composite	47·439
1222	20614	4.581146793027e-6	8	3	composite	2·11·937
1223	22116	4.575736442390e-6	24	4	composite	2^2·3·19·97
1224	1248	4.564915198060e-6	24	3	composite	2^5·3·13
1225	20709	4.543104404410e-6	16	3	composite	3^3·13·59
1226	20005	4.541199138729e-6	4	2	composite	5·4001
1227	21310	4.535280101553e-6	8	3	composite	2·5·2131
1228	773	4.531768851445e-6	2	1	prime	773 (prime)
1229	20413	4.511035516616e-6	4	2	composite	137·149
1230	21870	4.493529826548e-6	32	3	composite	2·3^7·5
1231	21962	4.489430212043e-6	8	3	composite	2·79·139
1232	20358	4.483309903198e-6	32	4	composite	2·3^3·13·29
1233	21617	4.481414287921e-6	2	1	prime	21617 (prime)
1234	22803	4.475284548939e-6	8	3	composite	3·11·691
1235	32	4.467490593572e-6	6	1	composite	2^5
1236	22630	4.458098469925e-6	16	4	composite	2·5·31·73
1237	22918	4.451909541538e-6	8	3	composite	2·7·1637
1238	22633	4.438391281205e-6	4	2	composite	13·1741
1239	22887	4.436509854224e-6	6	2	composite	3^2·2543
1240	22443	4.431949918325e-6	4	2	composite	3·7481
1241	22616	4.421336178824e-6	16	3	composite	2^3·11·257
1242	21646	4.407740535281e-6	8	3	composite	2·79·137
1243	22961	4.407014529398e-6	2	1	prime	22961 (prime)
1244	20524	4.405738585871e-6	12	3	composite	2^2·7·733
1245	21539	4.401053374508e-6	8	3	composite	7·17·181
1246	20710	4.392750280235e-6	16	4	composite	2·5·19·109
1247	22886	4.380802596986e-6	4	2	composite	2·11443
1248	444416	4.379766741453e-6	48	3	composite	2^11·7·31
1249	5821	4.378573983377e-6	2	1	prime	5821 (prime)
1250	22798	4.369609468211e-6	4	2	composite	2·11399
1251	20250	4.363284070936e-6	40	3	composite	2·3^4·5^3
1252	21348	4.342458579861e-6	18	3	composite	2^2·3^2·593
1253	20021	4.339344368925e-6	2	1	prime	20021 (prime)
1254	21008	4.333015303785e-6	20	3	composite	2^4·13·101
1255	22161	4.322259237965e-6	8	3	composite	3·83·89
1256	20352	4.315934473134e-6	32	3	composite	2^7·3·53
1257	27	4.315058566591e-6	4	1	composite	3^3
1258	21345	4.308746665037e-6	8	3	composite	3·5·1423
1259	22454	4.294270700756e-6	8	3	composite	2·103·109
1260	78	4.291296207353e-6	8	3	composite	2·3·13
1261	21990	4.278853049036e-6	16	4	composite	2·3·5·733
1262	20359	4.274005551609e-6	2	1	prime	20359 (prime)
1263	21346	4.270619588974e-6	8	3	composite	2·13·821
1264	22712	4.267826284052e-6	16	3	composite	2^3·17·167
1265	20102	4.265837449515e-6	12	3	composite	2·19·23^2
1266	21344	4.262855115822e-6	24	3	composite	2^5·23·29
1267	20360	4.261261027062e-6	16	3	composite	2^3·5·509
1268	21347	4.256316214948e-6	2	1	prime	21347 (prime)
1269	512	4.253580314966e-6	10	1	composite	2^9
1270	21350	4.252094595087e-6	24	4	composite	2·5^2·7·61
1271	21278	4.232754238450e-6	4	2	composite	2·10639
1272	20098	4.223876876269e-6	8	3	composite	2·13·773
1273	21615	4.206753722834e-6	16	4	composite	3·5·11·131
1274	21540	4.206631910375e-6	24	4	composite	2^2·3·5·359
1275	21619	4.201284432858e-6	4	2	composite	13·1663
1276	20712	4.188916197610e-6	16	3	composite	2^3·3·863
1277	22731	4.176525740088e-6	4	2	composite	3·7577
1278	20547	4.161979446368e-6	8	2	composite	3^3·761
1279	22115	4.156398101915e-6	4	2	composite	5·4423
1280	20510	4.151976202074e-6	16	4	composite	2·5·7·293
1281	1237	4.148177064778e-6	2	1	prime	1237 (prime)
1282	20097	4.143920151976e-6	24	4	composite	3^2·7·11·29
1283	20696	4.139937613269e-6	16	3	composite	2^3·13·199
1284	20218	4.134662564806e-6	8	3	composite	2·11·919
1285	20191	4.130677417087e-6	4	2	composite	61·331
1286	40289	4.118358968501e-6	2	1	prime	40289 (prime)
1287	21614	4.116089776233e-6	8	3	composite	2·101·107
1288	720	4.113165284035e-6	30	3	composite	2^4·3^2·5
1289	22615	4.098999595926e-6	4	2	composite	5·4523
1290	21942	4.093563813340e-6	24	4	composite	2·3^2·23·53
1291	20369	4.087773259051e-6	2	1	prime	20369 (prime)
1292	22442	4.062410247959e-6	12	3	composite	2·7^2·229
1293	22219	4.056567522774e-6	4	2	composite	17·1307
1294	20438	4.053576146764e-6	8	3	composite	2·11·929
1295	20378	4.052093012222e-6	8	3	composite	2·23·443
1296	110880	4.043340554514e-6	144	5	composite	2^5·3^2·5·7·11
1297	21647	4.040215691945e-6	2	1	prime	21647 (prime)
1298	20389	4.025716058613e-6	2	1	prime	20389 (prime)
1299	20104	4.010906205807e-6	16	3	composite	2^3·7·359
1300	20361	4.000196434471e-6	8	3	composite	3·11·617
1301	22631	3.991382682289e-6	8	3	composite	7·53·61
1302	22804	3.979906064727e-6	6	2	composite	2^2·5701
1303	21613	3.969489368015e-6	2	1	prime	21613 (prime)
1304	93	3.955375786535e-6	4	2	composite	3·31
1305	20357	3.952657911798e-6	2	1	prime	20357 (prime)
1306	20022	3.935240238287e-6	16	4	composite	2·3·47·71
1307	21925	3.932828861262e-6	6	2	composite	5^2·877
1308	21575	3.927548913383e-6	6	2	composite	5^2·863
1309	22667	3.925743746223e-6	4	2	composite	19·1193
1310	21311	3.895413154051e-6	4	2	composite	101·211
1311	21887	3.885889645642e-6	4	2	composite	43·509
1312	20020	3.880796172066e-6	48	5	composite	2^2·5·7·11·13
1313	20885	3.877797484471e-6	4	2	composite	5·4177
1314	21888	3.859340760327e-6	48	3	composite	2^7·3^2·19
1315	122880	3.857133784062e-6	56	3	composite	2^13·3·5
1316	21924	3.850106795920e-6	48	4	composite	2^2·3^3·7·29
1317	22171	3.844225652995e-6	2	1	prime	22171 (prime)
1318	21920	3.840522559031e-6	24	3	composite	2^5·5·137
1319	22455	3.840025020416e-6	12	3	composite	3^2·5·499
1320	3359	3.838641565522e-6	2	1	prime	3359 (prime)
1321	151	3.832620139607e-6	2	1	prime	151 (prime)
1322	20440	3.830957331975e-6	32	4	composite	2^3·5·7·73
1323	20509	3.821450424827e-6	2	1	prime	20509 (prime)
1324	21885	3.818533209267e-6	8	3	composite	3·5·1459
1325	21963	3.811490716060e-6	4	2	composite	3·7321
1326	21620	3.804666676920e-6	24	4	composite	2^2·5·23·47
1327	173	3.802677813019e-6	2	1	prime	173 (prime)
1328	22711	3.788360496169e-6	4	2	composite	13·1747
1329	22114	3.787673388160e-6	4	2	composite	2·11057
1330	20674	3.778957853858e-6	4	2	composite	2·10337
1331	22885	3.769473007046e-6	8	3	composite	5·23·199
1332	35839	3.754394877149e-6	2	1	prime	35839 (prime)
1333	22176	3.748381983653e-6	72	4	composite	2^5·3^2·7·11
1334	4993	3.743428907200e-6	2	1	prime	4993 (prime)
1335	761	3.737652210895e-6	2	1	prime	761 (prime)
1336	20355	3.723861971001e-6	16	4	composite	3·5·23·59
1337	20432	3.715559091379e-6	10	2	composite	2^4·1277
1338	22017	3.709384539665e-6	8	3	composite	3·41·179
1339	21921	3.702973905994e-6	4	2	composite	3·7307
1340	20103	3.698310027024e-6	4	2	composite	3·6701
1341	21538	3.691912302300e-6	12	3	composite	2·11^2·89
1342	20356	3.685404360055e-6	12	3	composite	2^2·7·727
1343	20354	3.683110030595e-6	4	2	composite	2·10177
1344	20546	3.679871053445e-6	4	2	composite	2·10273
1345	22614	3.674698155154e-6	8	3	composite	2·3·3769
1346	20390	3.671047117888e-6	8	3	composite	2·5·2039
1347	5077	3.662318177213e-6	2	1	prime	5077 (prime)
1348	224	3.651552225781e-6	12	2	composite	2^5·7
1349	21576	3.650193084910e-6	32	4	composite	2^3·3·29·31
1350	20353	3.637618973462e-6	2	1	prime	20353 (prime)
1351	22238	3.626756525308e-6	4	2	composite	2·11119
1352	22632	3.605303488929e-6	32	4	composite	2^3·3·23·41
1353	315392	3.603782139209e-6	52	3	composite	2^12·7·11
1354	22732	3.585739997508e-6	6	2	composite	2^2·5683
1355	20439	3.584184798625e-6	8	2	composite	3^3·757
1356	503	3.578146459631e-6	2	1	prime	503 (prime)
1357	20219	3.562320712596e-6	2	1	prime	20219 (prime)
1358	20508	3.560423579742e-6	12	3	composite	2^2·3·1709
1359	21941	3.559950127542e-6	4	2	composite	37·593
1360	20023	3.552732571172e-6	2	1	prime	20023 (prime)
1361	20711	3.544943616389e-6	4	2	composite	139·149
1362	22162	3.536463482904e-6	8	3	composite	2·7·1583
1363	22805	3.526092450538e-6	4	2	composite	5·4561
1364	22441	3.524719307422e-6	2	1	prime	22441 (prime)
1365	21989	3.516578282711e-6	4	2	composite	11·1999
1366	21010	3.498746380293e-6	16	4	composite	2·5·11·191
1367	21621	3.468394510800e-6	4	2	composite	3·7207
1368	20096	3.463947580003e-6	16	2	composite	2^7·157
1369	21009	3.456597725707e-6	8	3	composite	3·47·149
1370	20288	3.447678871256e-6	14	2	composite	2^6·317
1371	21277	3.445032918437e-6	2	1	prime	21277 (prime)
1372	20615	3.437980794723e-6	16	4	composite	5·7·19·31
1373	20525	3.435320576861e-6	6	2	composite	5^2·821
1374	21396	3.434552764290e-6	12	3	composite	2^2·3·1783
1375	496	3.429092430341e-6	10	2	composite	2^4·31
1376	20991	3.424778785926e-6	4	2	composite	3·6997
1377	186	3.424073374536e-6	8	3	composite	2·3·31
1378	379	3.419430557439e-6	2	1	prime	379 (prime)
1379	22018	3.417018480614e-6	8	3	composite	2·101·109
1380	22405	3.416599777563e-6	4	2	composite	5·4481
1381	20370	3.393433295876e-6	32	5	composite	2·3·5·7·97
1382	20695	3.393266754677e-6	4	2	composite	5·4139
1383	20350	3.388527152735e-6	24	4	composite	2·5^2·11·37
1384	20388	3.388170542497e-6	12	3	composite	2^2·3·1699
1385	21638	3.382325911765e-6	8	3	composite	2·31·349
1386	20496	3.371273742865e-6	40	4	composite	2^4·3·7·61
1387	1669	3.359099321799e-6	2	1	prime	1669 (prime)
1388	20784	3.356617293119e-6	20	3	composite	2^4·3·433
1389	21611	3.353166512657e-6	2	1	prime	21611 (prime)
1390	22710	3.351254387396e-6	16	4	composite	2·3·5·757
1391	21351	3.348218216280e-6	8	3	composite	3·11·647
1392	20429	3.347056180442e-6	4	2	composite	31·659
1393	20025	3.326065299336e-6	18	3	composite	3^2·5^2·89
1394	100352	3.321021423432e-6	36	2	composite	2^11·7^2
1395	21264	3.318409266066e-6	20	3	composite	2^4·3·443
1396	22733	3.314732011655e-6	4	2	composite	127·179
1397	21649	3.310429217519e-6	2	1	prime	21649 (prime)
1398	20608	3.304725933060e-6	32	3	composite	2^7·7·23
1399	71680	3.302576041171e-6	48	3	composite	2^11·5·7
1400	20287	3.294813660711e-6	2	1	prime	20287 (prime)
1401	21011	3.293545412890e-6	2	1	prime	21011 (prime)
1402	20095	3.291580224358e-6	4	2	composite	5·4019
1403	20718	3.288864026963e-6	12	3	composite	2·3^2·1151
1404	21886	3.287308174109e-6	8	3	composite	2·31·353
1405	22613	3.279426126264e-6	2	1	prime	22613 (prime)
1406	22679	3.277111836757e-6	2	1	prime	22679 (prime)
1407	22681	3.257089943649e-6	4	2	composite	37·613
1408	22240	3.255177198141e-6	24	3	composite	2^5·5·139
1409	21964	3.252814303103e-6	18	3	composite	2^2·17^2·19
1410	22019	3.235663250255e-6	4	2	composite	97·227
1411	20480	3.228599892901e-6	26	2	composite	2^12·5
1412	20833	3.226441218807e-6	4	2	composite	83·251
1413	20673	3.225653076438e-6	6	2	composite	3^2·2297
1414	22113	3.223758704146e-6	24	3	composite	3^5·7·13
1415	22239	3.223580021776e-6	12	3	composite	3^2·7·353
1416	22236	3.220578723152e-6	24	4	composite	2^2·3·17·109
1417	1240	3.219965896530e-6	16	3	composite	2^3·5·31
1418	22797	3.214890803866e-6	12	3	composite	3^2·17·149
1419	728	3.214461785929e-6	16	3	composite	2^3·7·13
1420	20831	3.214025829858e-6	4	2	composite	37·563
1421	20715	3.205792971113e-6	8	3	composite	3·5·1381
1422	20714	3.204152038305e-6	4	2	composite	2·10357
1423	20507	3.196386116136e-6	2	1	prime	20507 (prime)
1424	22884	3.187908318166e-6	12	3	composite	2^2·3·1907
1425	20340	3.186133620338e-6	36	4	composite	2^2·3^2·5·113
1426	21922	3.177934130596e-6	8	3	composite	2·97·113
1427	20830	3.170571241505e-6	8	3	composite	2·5·2083
1428	21326	3.167737863379e-6	4	2	composite	2·10663
1429	20024	3.161869383010e-6	8	2	composite	2^3·2503
1430	2032	3.160557326656e-6	10	2	composite	2^4·127
1431	21622	3.158845801616e-6	8	3	composite	2·19·569
1432	20286	3.138081594635e-6	36	4	composite	2·3^2·7^2·23
1433	21577	3.133005679085e-6	2	1	prime	21577 (prime)
1434	20365	3.129618178517e-6	4	2	composite	5·4073
1435	1913	3.120966388949e-6	2	1	prime	1913 (prime)
1436	22678	3.119925411807e-6	16	4	composite	2·17·23·29
1437	22796	3.116147249226e-6	12	3	composite	2^2·41·139
1438	21727	3.108883604897e-6	2	1	prime	21727 (prime)
1439	22112	3.095629190482e-6	12	2	composite	2^5·691
1440	20015	3.093012688468e-6	4	2	composite	5·4003
1441	20992	3.080983045857e-6	20	2	composite	2^9·41
1442	8179	3.055041788912e-6	2	1	prime	8179 (prime)
1443	21012	3.049574550389e-6	24	4	composite	2^2·3·17·103
1444	6427	3.041775969049e-6	2	1	prime	6427 (prime)
1445	22806	3.034864329166e-6	24	4	composite	2·3^2·7·181
1446	20284	3.028143324915e-6	12	3	composite	2^2·11·461
1447	20990	3.026804677050e-6	8	3	composite	2·5·2099
1448	22220	3.023263231574e-6	24	4	composite	2^2·5·11·101
1449	21940	3.010248857995e-6	12	3	composite	2^2·5·1097
1450	21352	3.000979066807e-6	16	3	composite	2^3·17·157
1451	20675	3.000487662655e-6	6	2	composite	5^2·827
1452	22880	2.983047554422e-6	48	4	composite	2^5·5·11·13
1453	20006	2.978787816639e-6	8	3	composite	2·7·1429
1454	25087	2.976291173493e-6	2	1	prime	25087 (prime)
1455	32771	2.970970968722e-6	2	1	prime	32771 (prime)
1456	21729	2.947568145198e-6	4	2	composite	3·7243
1457	113	2.939268787030e-6	2	1	prime	113 (prime)
1458	20545	2.936632164310e-6	8	3	composite	5·7·587
1459	20349	2.935235060778e-6	24	4	composite	3^2·7·17·19
1460	20506	2.927574933250e-6	4	2	composite	2·10253
1461	20829	2.921024383946e-6	8	3	composite	3·53·131
1462	22612	2.919174589713e-6	6	2	composite	2^2·5653
1463	21537	2.914154293800e-6	6	2	composite	3^2·2393
1464	20834	2.913760492593e-6	8	3	composite	2·11·947
1465	20221	2.906084882770e-6	4	2	composite	73·277
1466	1439	2.902869432579e-6	2	1	prime	1439 (prime)
1467	20837	2.889817394876e-6	4	2	composite	67·311
1468	21988	2.885360492877e-6	12	3	composite	2^2·23·239
1469	22111	2.878280681045e-6	2	1	prime	22111 (prime)
1470	21623	2.872678777378e-6	4	2	composite	7·3089
1471	56	2.865920376670e-6	8	2	composite	2^3·7
1472	20423	2.857813284264e-6	4	2	composite	13·1571
1473	22676	2.856359368485e-6	6	2	composite	2^2·5669
1474	22709	2.840725055955e-6	2	1	prime	22709 (prime)
1475	49146	2.835110021004e-6	8	3	composite	2·3·8191
1476	698368	2.828479203955e-6	48	3	composite	2^11·11·31
1477	21726	2.828441341712e-6	24	4	composite	2·3^2·17·71
1478	20632	2.798842235674e-6	8	2	composite	2^3·2579
1479	21923	2.796825955236e-6	4	2	composite	11·1993
1480	22439	2.796734525981e-6	4	2	composite	19·1181
1481	20283	2.782409965311e-6	4	2	composite	3·6761
1482	20094	2.778009367939e-6	16	4	composite	2·3·17·197
1483	20616	2.771816359167e-6	16	3	composite	2^3·3·859
1484	22807	2.762225809217e-6	2	1	prime	22807 (prime)
1485	20387	2.755792192622e-6	8	3	composite	19·29·37
1486	21651	2.752130400517e-6	8	3	composite	3·7·1031
1487	21013	2.752073146729e-6	2	1	prime	21013 (prime)
1488	20989	2.729873125262e-6	4	2	composite	139·151
1489	22110	2.711600374955e-6	32	5	composite	2·3·5·11·67
1490	22634	2.709227897167e-6	4	2	composite	2·11317
1491	49157	2.707364586908e-6	2	1	prime	49157 (prime)
1492	157696	2.706664428161e-6	48	3	composite	2^11·7·11
1493	21624	2.704420187916e-6	32	4	composite	2^3·3·17·53
1494	20790	2.704198140133e-6	64	5	composite	2·3^3·5·7·11
1495	20694	2.695646598400e-6	8	3	composite	2·3·3449
1496	20835	2.689394121934e-6	12	3	composite	3^2·5·463
1497	21578	2.689241629709e-6	4	2	composite	2·10789
1498	22682	2.682221043030e-6	8	3	composite	2·11·1031
1499	22883	2.673889628583e-6	6	2	composite	7^2·467
1500	62	2.672955761880e-6	4	2	composite	2·31
1501	20026	2.672312435777e-6	16	4	composite	2·17·19·31
1502	20348	2.667394550878e-6	6	2	composite	2^2·5087
1503	22020	2.654713996466e-6	24	4	composite	2^2·3·5·367
1504	22457	2.650912184621e-6	4	2	composite	17·1321
1505	2480	2.650137295736e-6	20	3	composite	2^4·5·31
1506	20836	2.648228145835e-6	6	2	composite	2^2·5209
1507	20282	2.645368861134e-6	4	2	composite	2·10141
1508	22734	2.640130057091e-6	16	3	composite	2·3^3·421
1509	20289	2.614144023560e-6	4	2	composite	3·6763
1510	22235	2.613751273870e-6	4	2	composite	5·4447
1511	22795	2.612914977140e-6	8	3	composite	5·47·97
1512	21353	2.606192755858e-6	4	2	composite	131·163
1513	20093	2.603000384385e-6	4	2	composite	71·283
1514	20280	2.598359388735e-6	48	4	composite	2^3·3·5·13^2
1515	42	2.595579211807e-6	8	3	composite	2·3·7
1516	22611	2.590631439605e-6	4	2	composite	3·7537
1517	20105	2.584520554300e-6	4	2	composite	5·4021
1518	20504	2.576829743426e-6	16	3	composite	2^3·11·233
1519	21014	2.574441257181e-6	16	4	composite	2·7·19·79
1520	21652	2.569713074065e-6	6	2	composite	2^2·5413
1521	20736	2.566986967277e-6	45	2	composite	2^8·3^4
1522	20027	2.565848703611e-6	4	2	composite	7·2861
1523	20962	2.561008567300e-6	8	3	composite	2·47·223
1524	21965	2.558230128266e-6	8	3	composite	5·23·191
1525	21939	2.556492128419e-6	8	3	composite	3·71·103
1526	22390	2.556479288191e-6	8	3	composite	2·5·2239
1527	325120	2.553051193574e-6	40	3	composite	2^9·5·127
1528	21654	2.550349702235e-6	16	3	composite	2·3^3·401
1529	20544	2.545393089535e-6	28	3	composite	2^6·3·107
1530	21313	2.527224484829e-6	2	1	prime	21313 (prime)
1531	21723	2.523926650854e-6	8	3	composite	3·13·557
1532	20716	2.521395117838e-6	6	2	composite	2^2·5179
1533	22763	2.505653257848e-6	8	3	composite	13·17·103
1534	22456	2.503746113462e-6	16	3	composite	2^3·7·401
1535	22440	2.496128858337e-6	64	5	composite	2^3·3·5·11·17
1536	21725	2.495759912732e-6	12	3	composite	5^2·11·79
1537	16256	2.487181955279e-6	16	2	composite	2^7·127
1538	20503	2.486594950192e-6	8	3	composite	7·29·101
1539	21653	2.480832626118e-6	4	2	composite	59·367
1540	22761	2.474606635152e-6	10	2	composite	3^4·281
1541	21730	2.474072636510e-6	16	4	composite	2·5·41·53
1542	22708	2.467322704980e-6	12	3	composite	2^2·7·811
1543	20416	2.459949795903e-6	28	3	composite	2^6·11·29
1544	20347	2.456070843199e-6	2	1	prime	20347 (prime)
1545	20222	2.451681891951e-6	4	2	composite	2·10111
1546	1657	2.450828345202e-6	2	1	prime	1657 (prime)
1547	21610	2.448217478307e-6	8	3	composite	2·5·2161
1548	21625	2.441859696053e-6	8	2	composite	5^3·173
1549	65528	2.436926210590e-6	8	2	composite	2^3·8191
1550	22808	2.436293031491e-6	8	2	composite	2^3·2851
1551	331	2.428835183694e-6	2	1	prime	331 (prime)
1552	20988	2.418476838580e-6	36	4	composite	2^2·3^2·11·53
1553	21987	2.415926461300e-6	12	3	composite	3^2·7·349
1554	20676	2.407732881117e-6	12	3	composite	2^2·3·1723
1555	22109	2.401763241750e-6	2	1	prime	22109 (prime)
1556	825344	2.398264539024e-6	48	3	composite	2^11·13·31
1557	20828	2.392099532855e-6	12	3	composite	2^2·41·127
1558	20372	2.392055094604e-6	12	3	composite	2^2·11·463
1559	20964	2.391952925650e-6	12	3	composite	2^2·3·1747
1560	20418	2.387932856579e-6	16	4	composite	2·3·41·83
1561	20171	2.386119281897e-6	4	2	composite	23·877
1562	22458	2.385202716564e-6	16	4	composite	2·3·19·197
1563	20526	2.379224265392e-6	16	4	composite	2·3·11·311
1564	22021	2.374714335211e-6	6	2	composite	19^2·61
1565	3067	2.353996047882e-6	2	1	prime	3067 (prime)
1566	22437	2.353453942103e-6	10	2	composite	3^4·277
1567	20502	2.348196950116e-6	24	4	composite	2·3^2·17·67
1568	22438	2.347161448235e-6	8	3	composite	2·13·863
1569	21707	2.332946634031e-6	6	2	composite	7^2·443
1570	20441	2.318116849379e-6	2	1	prime	20441 (prime)
1571	21735	2.306942049537e-6	32	4	composite	3^3·5·7·23
1572	372736	2.300714851244e-6	52	3	composite	2^12·7·13
1573	20838	2.300192111127e-6	16	4	composite	2·3·23·151
1574	21966	2.292943793184e-6	16	4	composite	2·3·7·523
1575	21579	2.288205390579e-6	4	2	composite	3·7193
1576	620	2.279326427201e-6	12	3	composite	2^2·5·31
1577	22610	2.279260504368e-6	32	5	composite	2·5·7·17·19
1578	21847	2.268922241315e-6	4	2	composite	7·3121
1579	20092	2.268246835735e-6	6	2	composite	2^2·5023
1580	20346	2.263237217223e-6	8	3	composite	2·3·3391
1581	21608	2.261148600922e-6	16	3	composite	2^3·37·73
1582	21354	2.256959573724e-6	8	3	composite	2·3·3559
1583	20428	2.256495495353e-6	6	2	composite	2^2·5107
1584	20161	2.253475697388e-6	2	1	prime	20161 (prime)
1585	20501	2.247181531543e-6	8	3	composite	13·19·83
1586	22022	2.242133763381e-6	24	4	composite	2·7·11^2·13
1587	22704	2.235448658954e-6	40	4	composite	2^4·3·11·43
1588	22241	2.231445515909e-6	4	2	composite	23·967
1589	13901	2.228745783096e-6	2	1	prime	13901 (prime)
1590	20386	2.226449414382e-6	4	2	composite	2·10193
1591	20717	2.219771045155e-6	2	1	prime	20717 (prime)
1592	22170	2.215684512269e-6	16	4	composite	2·3·5·739
1593	21637	2.211801759204e-6	8	3	composite	7·11·281
1594	22764	2.210835965203e-6	24	4	composite	2^2·3·7·271
1595	21626	2.202141905774e-6	8	3	composite	2·11·983
1596	21015	2.200532185172e-6	12	3	composite	3^2·5·467
1597	22735	2.197450704710e-6	4	2	composite	5·4547
1598	22108	2.193774074451e-6	6	2	composite	2^2·5527
1599	20617	2.192855574732e-6	4	2	composite	53·389
1600	21600	2.192124269273e-6	72	3	composite	2^5·3^3·5^2
1601	20987	2.188346506604e-6	4	2	composite	31·677
1602	22794	2.185759113575e-6	16	4	composite	2·3·29·131
1603	22600	2.184387385166e-6	24	3	composite	2^3·5^2·113
1604	20963	2.168391336818e-6	2	1	prime	20963 (prime)
1605	20214	2.167593041952e-6	12	3	composite	2·3^2·1123
1606	20498	2.158564313998e-6	8	3	composite	2·37·277
1607	20189	2.155984927818e-6	4	2	composite	13·1553
1608	20800	2.155632092173e-6	42	3	composite	2^6·5^2·13
1609	20527	2.154959067961e-6	4	2	composite	13·1579
1610	20631	2.154816211187e-6	12	3	composite	3·13·23^2
1611	21275	2.151748299424e-6	12	3	composite	5^2·23·37
1612	21724	2.151664409439e-6	6	2	composite	2^2·5431
1613	20224	2.149960965432e-6	18	2	composite	2^8·79
1614	20162	2.146970094380e-6	8	3	composite	2·17·593
1615	20345	2.141292942500e-6	8	3	composite	5·13·313
1616	22635	2.138956762823e-6	12	3	composite	3^2·5·503
1617	22760	2.129009413387e-6	16	3	composite	2^3·5·569
1618	40343	2.128383864634e-6	2	1	prime	40343 (prime)
1619	22809	2.122758348430e-6	4	2	composite	3·7603
1620	22315	2.122446303284e-6	4	2	composite	5·4463
1621	20220	2.112891279289e-6	24	4	composite	2^2·3·5·337
1622	22243	2.111464396976e-6	8	3	composite	13·29·59
1623	21016	2.107012352380e-6	16	3	composite	2^3·37·71
1624	20993	2.098482415069e-6	4	2	composite	7·2999
1625	20499	2.096823776482e-6	4	2	composite	3·6833
1626	21036	2.093951365161e-6	12	3	composite	2^2·3·1753
1627	22582	2.089858029439e-6	8	3	composite	2·7·1613
1628	20693	2.088673463804e-6	2	1	prime	20693 (prime)
1629	127	2.083570480906e-6	2	1	prime	127 (prime)
1630	22707	2.079842952521e-6	12	2	composite	3^3·29^2
1631	20839	2.076091881067e-6	8	3	composite	7·13·229
1632	22636	2.068622223360e-6	6	2	composite	2^2·5659
1633	523	2.067399543140e-6	2	1	prime	523 (prime)
1634	21731	2.059953854489e-6	4	2	composite	31·701
1635	20789	2.058503641212e-6	2	1	prime	20789 (prime)
1636	20328	2.044116273010e-6	48	4	composite	2^3·3·7·11^2
1637	20163	2.044028650716e-6	16	4	composite	3·11·13·47
1638	21655	2.040301032567e-6	8	3	composite	5·61·71
1639	21276	2.039060577680e-6	24	3	composite	2^2·3^3·197
1640	22609	2.038444922431e-6	4	2	composite	23·983
1641	22234	2.038230968322e-6	4	2	composite	2·11117
1642	20029	2.030342120907e-6	2	1	prime	20029 (prime)
1643	21627	2.028317238907e-6	12	2	composite	3^5·89
1644	20223	2.017829738728e-6	16	3	composite	3^3·7·107
1645	20840	2.016999250868e-6	16	3	composite	2^3·5·521
1646	22107	2.008048837949e-6	4	2	composite	3·7369
1647	22608	2.000256342570e-6	30	3	composite	2^4·3^2·157
1648	20788	1.996072574635e-6	6	2	composite	2^2·5197
1649	22221	1.996009787140e-6	8	2	composite	3^3·823
1650	22860	1.986511676918e-6	36	4	composite	2^2·3^2·5·127
1651	20787	1.981900215590e-6	12	3	composite	3·13^2·41
1652	20106	1.980096784194e-6	12	3	composite	2·3^2·1117
1653	21274	1.974417969662e-6	8	3	composite	2·11·967
1654	101	1.973792694212e-6	2	1	prime	101 (prime)
1655	21986	1.973087176007e-6	4	2	composite	2·10993
1656	22083	1.963235680051e-6	8	3	composite	3·17·433
1657	20827	1.958992230786e-6	4	2	composite	59·353
1658	22244	1.958733778705e-6	12	3	composite	2^2·67·83
1659	21607	1.956024376261e-6	8	3	composite	17·31·41
1660	21355	1.955495140632e-6	4	2	composite	5·4271
1661	22435	1.954869351594e-6	8	3	composite	5·7·641
1662	21535	1.953380867629e-6	8	3	composite	5·59·73
1663	22436	1.950149633262e-6	12	3	composite	2^2·71·79
1664	22673	1.947519653570e-6	8	3	composite	7·41·79
1665	22881	1.945825033133e-6	8	3	composite	3·29·263
1666	20497	1.943868764033e-6	4	2	composite	103·199
1667	22759	1.931396287908e-6	4	2	composite	11·2069
1668	20785	1.925941687657e-6	4	2	composite	5·4157
1669	20776	1.924821333936e-6	24	3	composite	2^3·7^2·53
1670	20786	1.918145908943e-6	8	3	composite	2·19·547
1671	443520	1.911787028086e-6	192	5	composite	2^7·3^2·5·7·11
1672	21580	1.909943010614e-6	24	4	composite	2^2·5·13·83
1673	21469	1.902311737059e-6	4	2	composite	7·3067
1674	21017	1.901440977943e-6	2	1	prime	21017 (prime)
1675	21020	1.897769249508e-6	12	3	composite	2^2·5·1051
1676	20091	1.896990644006e-6	8	3	composite	3·37·181
1677	22800	1.896529055271e-6	60	4	composite	2^4·3·5^2·19
1678	22684	1.889858268118e-6	12	3	composite	2^2·53·107
1679	20966	1.887448015842e-6	8	3	composite	2·11·953
1680	21967	1.883793289359e-6	4	2	composite	11·1997
1681	20030	1.882947706242e-6	8	3	composite	2·5·2003
1682	20373	1.882154308377e-6	4	2	composite	3·6791
1683	20850	1.878700191484e-6	24	4	composite	2·3·5^2·139
1684	20164	1.869208906405e-6	9	2	composite	2^2·71^2
1685	20034	1.867521983523e-6	32	4	composite	2·3^3·7·53
1686	22459	1.863038368946e-6	4	2	composite	37·607
1687	22810	1.862563618608e-6	8	3	composite	2·5·2281
1688	1381	1.856724186324e-6	2	1	prime	1381 (prime)
1689	21864	1.855329944393e-6	16	3	composite	2^3·3·911
1690	20032	1.855034326697e-6	14	2	composite	2^6·313
1691	21863	1.851245180042e-6	2	1	prime	21863 (prime)
1692	20442	1.848100950623e-6	8	3	composite	2·3·3407
1693	367	1.846891335650e-6	2	1	prime	367 (prime)
1694	20427	1.834184374323e-6	8	3	composite	3·11·619
1695	21656	1.829989972892e-6	8	2	composite	2^3·2707
1696	21628	1.827788463962e-6	6	2	composite	2^2·5407
1697	20773	1.824673933213e-6	2	1	prime	20773 (prime)
1698	21868	1.824490031507e-6	24	4	composite	2^2·7·11·71
1699	21314	1.819143267012e-6	4	2	composite	2·10657
1700	20677	1.819135931393e-6	8	3	composite	23·29·31
1701	677	1.815847510062e-6	2	1	prime	677 (prime)
1702	20961	1.813704467910e-6	12	3	composite	3^2·17·137
1703	22106	1.811088256869e-6	8	3	composite	2·7·1579
1704	1260	1.809158186605e-6	36	4	composite	2^2·3^2·5·7
1705	20791	1.808778733680e-6	4	2	composite	17·1223
1706	1680	1.806232640191e-6	40	4	composite	2^4·3·5·7
1707	20279	1.805997294654e-6	4	2	composite	7·2897
1708	22245	1.802189463258e-6	8	3	composite	3·5·1483
1709	20290	1.801846014450e-6	8	3	composite	2·5·2029
1710	22637	1.800310983230e-6	2	1	prime	22637 (prime)
1711	20986	1.799706831696e-6	8	3	composite	2·7·1499
1712	32768	1.798719771389e-6	16	1	composite	2^15
1713	20343	1.795927767542e-6	4	2	composite	3·6781
1714	19709	1.789821760241e-6	2	1	prime	19709 (prime)
1715	22793	1.786681305127e-6	4	2	composite	23·991
1716	22568	1.785179515300e-6	32	4	composite	2^3·7·13·31
1717	20543	1.781202897984e-6	2	1	prime	20543 (prime)
1718	21650	1.780356859158e-6	12	3	composite	2·5^2·433
1719	5081	1.779909319338e-6	2	1	prime	5081 (prime)
1720	20165	1.778910637842e-6	8	3	composite	5·37·109
1721	2029	1.777793583654e-6	2	1	prime	2029 (prime)
1722	560	1.777673455434e-6	20	3	composite	2^4·5·7
1723	22765	1.777358266749e-6	8	3	composite	5·29·157
1724	21937	1.776223908436e-6	2	1	prime	21937 (prime)
1725	22706	1.775977807442e-6	4	2	composite	2·11353
1726	22023	1.774747069311e-6	6	2	composite	3^2·2447
1727	20783	1.773510244911e-6	4	2	composite	7·2969
1728	683	1.772193681220e-6	2	1	prime	683 (prime)
1729	251	1.771543094741e-6	2	1	prime	251 (prime)
1730	20249	1.768336902979e-6	2	1	prime	20249 (prime)
1731	863	1.766772429597e-6	2	1	prime	863 (prime)
1732	20247	1.765359197120e-6	8	3	composite	3·17·397
1733	20031	1.762921650910e-6	8	3	composite	3·11·607
1734	21862	1.759727775458e-6	8	3	composite	2·17·643
1735	21865	1.758331134663e-6	4	2	composite	5·4373
1736	20028	1.752266622192e-6	12	3	composite	2^2·3·1669
1737	21994	1.745023499406e-6	8	3	composite	2·7·1571
1738	20495	1.744617357294e-6	4	2	composite	5·4099
1739	22246	1.741154678491e-6	12	3	composite	2·7^2·227
1740	30	1.736449497320e-6	8	3	composite	2·3·5
1741	20090	1.734465619919e-6	24	4	composite	2·5·7^2·41
1742	20491	1.730973589120e-6	4	2	composite	31·661
1743	1987	1.724851178071e-6	2	1	prime	1987 (prime)
1744	20960	1.718214729771e-6	24	3	composite	2^5·5·131
1745	20291	1.716152335103e-6	4	2	composite	103·197
1746	20342	1.714636791063e-6	8	3	composite	2·7·1453
1747	20771	1.713428115749e-6	2	1	prime	20771 (prime)
1748	20861	1.701507771985e-6	4	2	composite	23·907
1749	22105	1.700274536686e-6	4	2	composite	5·4421
1750	20248	1.695665584497e-6	8	2	composite	2^3·2531
1751	20528	1.688445729022e-6	10	2	composite	2^4·1283
1752	20774	1.688036725098e-6	16	4	composite	2·13·17·47
1753	21356	1.672607746439e-6	12	3	composite	2^2·19·281
1754	20188	1.672426975503e-6	18	3	composite	2^2·7^2·103
1755	21732	1.668162572823e-6	12	3	composite	2^2·3·1811
1756	20719	1.662249278572e-6	2	1	prime	20719 (prime)
1757	21632	1.659622302244e-6	24	2	composite	2^7·13^2
1758	21480	1.657898524702e-6	32	4	composite	2^3·3·5·179
1759	21866	1.657268876089e-6	12	3	composite	2·13·29^2
1760	21931	1.657091390612e-6	8	3	composite	7·13·241
1761	21934	1.653420572637e-6	8	3	composite	2·11·997
1762	20246	1.650858939418e-6	8	3	composite	2·53·191
1763	20107	1.649720582247e-6	2	1	prime	20107 (prime)
1764	21867	1.647082718422e-6	8	3	composite	3·37·197
1765	20782	1.646802551134e-6	4	2	composite	2·10391
1766	20007	1.646505986260e-6	20	3	composite	3^4·13·19
1767	20494	1.641022779288e-6	4	2	composite	2·10247
1768	21534	1.639954946354e-6	16	4	composite	2·3·37·97
1769	21325	1.637102318015e-6	6	2	composite	5^2·853
1770	21506	1.634778026467e-6	4	2	composite	2·10753
1771	21657	1.632674173655e-6	4	2	composite	3·7219
1772	161051	1.630179473500e-6	6	1	composite	11^5
1773	20312	1.630155327814e-6	8	2	composite	2^3·2539
1774	20226	1.626807450711e-6	8	3	composite	2·3·3371
1775	21018	1.626419797349e-6	16	4	composite	2·3·31·113
1776	20770	1.625128262574e-6	16	4	composite	2·5·31·67
1777	21935	1.623614474566e-6	8	3	composite	5·41·107
1778	21857	1.621352077409e-6	4	2	composite	11·1987
1779	8147	1.620022469384e-6	2	1	prime	8147 (prime)
1780	257	1.610949180459e-6	2	1	prime	257 (prime)
1781	20985	1.607170231836e-6	8	3	composite	3·5·1399
1782	21722	1.602735517232e-6	4	2	composite	2·10861
1783	21420	1.601992936204e-6	72	5	composite	2^2·3^2·5·7·17
1784	21581	1.599037562597e-6	4	2	composite	7·3083
1785	20692	1.597292019243e-6	12	3	composite	2^2·7·739
1786	22685	1.595556358736e-6	8	3	composite	5·13·349
1787	20792	1.589757461826e-6	16	3	composite	2^3·23·113
1788	21854	1.586861536340e-6	12	3	composite	2·7^2·223
1789	22607	1.578393175200e-6	8	3	composite	13·37·47
1790	21985	1.578108913390e-6	4	2	composite	5·4397
1791	22098	1.572423996528e-6	16	4	composite	2·3·29·127
1792	21475	1.566423722351e-6	6	2	composite	5^2·859
1793	21037	1.562258695342e-6	4	2	composite	109·193
1794	21478	1.562194277530e-6	4	2	composite	2·10739
1795	20229	1.561223088923e-6	8	3	composite	3·11·613
1796	21861	1.561095044357e-6	12	3	composite	3^2·7·347
1797	20341	1.559984296286e-6	2	1	prime	20341 (prime)
1798	20089	1.558867525171e-6	2	1	prime	20089 (prime)
1799	22672	1.552989751700e-6	20	3	composite	2^4·13·109
1800	21630	1.550941511318e-6	32	5	composite	2·3·5·7·103
1801	21629	1.549189260390e-6	4	2	composite	43·503
1802	20630	1.546221055932e-6	8	3	composite	2·5·2063
1803	20500	1.545865817887e-6	24	3	composite	2^2·5^3·41
1804	22233	1.542799391016e-6	4	2	composite	3·7411
1805	21936	1.541760132433e-6	20	3	composite	2^4·3·457
1806	22247	1.541191982857e-6	2	1	prime	22247 (prime)
1807	20033	1.540336969096e-6	8	3	composite	13·23·67
1808	22811	1.538121896079e-6	2	1	prime	22811 (prime)
1809	20088	1.534506851620e-6	40	3	composite	2^3·3^4·31
1810	21968	1.530484288659e-6	10	2	composite	2^4·1373
1811	22164	1.529937272166e-6	12	3	composite	2^2·3·1847
1812	21927	1.529911597579e-6	4	2	composite	3·7309
1813	22434	1.527870116317e-6	8	3	composite	2·3·3739
1814	22737	1.526859091828e-6	16	4	composite	3·11·13·53
1815	21860	1.526553714900e-6	12	3	composite	2^2·5·1093
1816	22840	1.521406324871e-6	16	3	composite	2^3·5·571
1817	21933	1.519425402608e-6	6	2	composite	3^2·2437
1818	22024	1.518090553496e-6	8	2	composite	2^3·2753
1819	22242	1.517482242688e-6	16	4	composite	2·3·11·337
1820	20278	1.516803250300e-6	4	2	composite	2·10139
1821	21473	1.515200350814e-6	4	2	composite	109·197
1822	20493	1.513272848083e-6	20	3	composite	3^4·11·23
1823	22705	1.512218155430e-6	8	3	composite	5·19·239
1824	21658	1.509656004178e-6	24	4	composite	2·7^2·13·17
1825	21883	1.509291678024e-6	4	2	composite	79·277
1826	20251	1.506277826540e-6	8	3	composite	7·11·263
1827	20780	1.506166281696e-6	12	3	composite	2^2·5·1039
1828	20277	1.505938906715e-6	8	2	composite	3^3·751
1829	21606	1.501085096487e-6	16	4	composite	2·3·13·277
1830	20778	1.497679632716e-6	8	3	composite	2·3·3463
1831	21932	1.496509903872e-6	6	2	composite	2^2·5483
1832	20040	1.495087919692e-6	32	4	composite	2^3·3·5·167
1833	20777	1.493924275353e-6	4	2	composite	79·263
1834	21337	1.487555668608e-6	4	2	composite	19·1123
1835	20292	1.487435879693e-6	24	4	composite	2^2·3·19·89
1836	21930	1.486023472900e-6	32	5	composite	2·3·5·17·43
1837	21720	1.485388374351e-6	32	4	composite	2^3·3·5·181
1838	162560	1.483018673168e-6	36	3	composite	2^8·5·127
1839	20779	1.478647910161e-6	4	2	composite	11·1889
1840	20982	1.474747660906e-6	16	4	composite	2·3·13·269
1841	20339	1.472916478537e-6	6	2	composite	11·43^2
1842	6143	1.471815805577e-6	2	1	prime	6143 (prime)
1843	293	1.468643247555e-6	2	1	prime	293 (prime)
1844	20843	1.466573883183e-6	4	2	composite	19·1097
1845	22879	1.465865184174e-6	4	2	composite	137·167
1846	20048	1.465745840529e-6	20	3	composite	2^4·7·179
1847	20344	1.464240813022e-6	8	2	composite	2^3·2543
1848	22766	1.460161179205e-6	4	2	composite	2·11383
1849	22103	1.459992355035e-6	6	2	composite	23·31^2
1850	20374	1.458708106031e-6	8	3	composite	2·61·167
1851	21928	1.456252938939e-6	8	2	composite	2^3·2741
1852	20167	1.455033754743e-6	8	3	composite	7·43·67
1853	21038	1.453509793380e-6	8	3	composite	2·67·157
1854	22689	1.452439931475e-6	6	2	composite	3^2·2521
1855	21859	1.450939415868e-6	2	1	prime	21859 (prime)
1856	73728	1.449722882876e-6	42	2	composite	2^13·3^2
1857	21476	1.446566931743e-6	24	4	composite	2^2·7·13·59
1858	22839	1.443760064233e-6	8	3	composite	3·23·331
1859	20443	1.440761553399e-6	2	1	prime	20443 (prime)
1860	20245	1.439637445215e-6	4	2	composite	5·4049
1861	21471	1.437833875957e-6	8	3	composite	3·17·421
1862	22104	1.437065307501e-6	24	3	composite	2^3·3^2·307
1863	20492	1.433097914823e-6	12	3	composite	2^2·47·109
1864	20842	1.429183448585e-6	8	3	composite	2·17·613
1865	20488	1.422923604606e-6	16	3	composite	2^3·13·197
1866	21929	1.421872086964e-6	2	1	prime	21929 (prime)
1867	20775	1.416334034927e-6	12	3	composite	3·5^2·277
1868	22429	1.416144663342e-6	4	2	composite	11·2039
1869	20227	1.411404610738e-6	4	2	composite	113·179
1870	21659	1.389011121348e-6	6	2	composite	11^2·179
1871	20678	1.388235717478e-6	12	3	composite	2·7^2·211
1872	21721	1.386421187722e-6	8	3	composite	7·29·107
1873	20826	1.386066304567e-6	24	4	composite	2·3^2·13·89
1874	21019	1.385015157134e-6	2	1	prime	21019 (prime)
1875	21500	1.384934054015e-6	24	3	composite	2^2·5^3·43
1876	20768	1.384038257654e-6	24	3	composite	2^5·11·59
1877	21858	1.378433348607e-6	8	3	composite	2·3·3643
1878	21602	1.363204617574e-6	8	3	composite	2·7·1543
1879	21533	1.362495950837e-6	4	2	composite	61·353
1880	22248	1.361339668464e-6	32	3	composite	2^3·3^3·103
1881	20316	1.360620123949e-6	12	3	composite	2^2·3·1693
1882	3469	1.360492447230e-6	2	1	prime	3469 (prime)
1883	22836	1.355110085132e-6	24	4	composite	2^2·3·11·173
1884	21273	1.353911242851e-6	8	3	composite	3·7·1013
1885	21357	1.353271531463e-6	16	3	composite	3^3·7·113
1886	20230	1.353022393394e-6	24	4	composite	2·5·7·17^2
1887	21633	1.352179341911e-6	4	2	composite	3·7211
1888	22639	1.351372477998e-6	2	1	prime	22639 (prime)
1889	20984	1.349927615598e-6	16	3	composite	2^3·43·61
1890	21634	1.341562538318e-6	8	3	composite	2·29·373
1891	22461	1.335551186751e-6	4	2	composite	3·7487
1892	20618	1.335418108868e-6	12	3	composite	2·13^2·61
1893	22102	1.333469704129e-6	8	3	composite	2·43·257
1894	20529	1.332327686904e-6	6	2	composite	3^2·2281
1895	20252	1.331927164358e-6	12	3	composite	2^2·61·83
1896	20542	1.331239965984e-6	4	2	composite	2·10271
1897	22249	1.330631796751e-6	4	2	composite	19·1171
1898	21470	1.330310598542e-6	16	4	composite	2·5·19·113
1899	22433	1.328995348437e-6	2	1	prime	22433 (prime)
1900	20489	1.326414594540e-6	4	2	composite	7·2927
1901	22686	1.326354623623e-6	16	4	composite	2·3·19·199
1902	20228	1.325989199753e-6	12	3	composite	2^2·13·389
1903	1013	1.323097886547e-6	2	1	prime	1013 (prime)
1904	22606	1.317906013156e-6	8	3	composite	2·89·127
1905	22638	1.317083964409e-6	32	4	composite	2·3·7^3·11
1906	491	1.312677469230e-6	2	1	prime	491 (prime)
1907	20959	1.312144482067e-6	2	1	prime	20959 (prime)
1908	21635	1.310781495979e-6	4	2	composite	5·4327
1909	20035	1.305387694560e-6	4	2	composite	5·4007
1910	21733	1.304659906704e-6	4	2	composite	103·211
1911	20793	1.301274703173e-6	8	3	composite	3·29·239
1912	308	1.299867804983e-6	12	3	composite	2^2·7·11
1913	20243	1.298259321922e-6	4	2	composite	31·653
1914	22222	1.294298478679e-6	8	3	composite	2·41·271
1915	21582	1.294176057390e-6	24	4	composite	2·3^2·11·109
1916	20769	1.289783052547e-6	16	4	composite	3·7·23·43
1917	719	1.286876907917e-6	2	1	prime	719 (prime)
1918	22086	1.286864601972e-6	16	3	composite	2·3^3·409
1919	22812	1.285531581728e-6	12	3	composite	2^2·3·1901
1920	217	1.284249171857e-6	4	2	composite	7·31
1921	21855	1.283053891820e-6	16	4	composite	3·5·31·47
1922	20169	1.282395107248e-6	12	2	composite	3^5·83
1923	20231	1.281660651669e-6	2	1	prime	20231 (prime)
1924	20159	1.280828145307e-6	4	2	composite	19·1061
1925	22835	1.279392100841e-6	4	2	composite	5·4567
1926	22757	1.279266526241e-6	4	2	composite	7·3251
1927	36857	1.277518111356e-6	2	1	prime	36857 (prime)
1928	21984	1.276116145323e-6	24	3	composite	2^5·3·229
1929	10937	1.269251541817e-6	2	1	prime	10937 (prime)
1930	22101	1.266953934588e-6	8	3	composite	3·53·139
1931	22671	1.262965334350e-6	12	3	composite	3^2·11·229
1932	22025	1.261035514794e-6	6	2	composite	5^2·881
1933	22791	1.260924393730e-6	8	3	composite	3·71·107
1934	20244	1.258730406811e-6	24	4	composite	2^2·3·7·241
1935	22085	1.257668534562e-6	8	3	composite	5·7·631
1936	21969	1.254374449876e-6	6	2	composite	3^2·2441
1937	2887	1.253100981942e-6	2	1	prime	2887 (prime)
1938	20242	1.251370999646e-6	8	3	composite	2·29·349
1939	21033	1.250341945402e-6	16	3	composite	3^3·19·41
1940	24	1.244059999412e-6	8	2	composite	2^3·3
1941	22878	1.243343873602e-6	24	4	composite	2·3^2·31·41
1942	21358	1.242609552096e-6	8	3	composite	2·59·181
1943	20487	1.241414550401e-6	4	2	composite	3·6829
1944	22269	1.237963543776e-6	8	3	composite	3·13·571
1945	20108	1.234075655223e-6	12	3	composite	2^2·11·457
1946	20821	1.229361159948e-6	4	2	composite	47·443
1947	20490	1.226883503920e-6	16	4	composite	2·3·5·683
1948	22250	1.226272476051e-6	16	3	composite	2·5^3·89
1949	20338	1.226270934428e-6	4	2	composite	2·10169
1950	20036	1.224278141285e-6	6	2	composite	2^2·5009
1951	21472	1.219678535047e-6	24	3	composite	2^5·11·61
1952	50159	1.218339822012e-6	2	1	prime	50159 (prime)
1953	50177	1.217190836268e-6	2	1	prime	50177 (prime)
1954	20484	1.208954139426e-6	18	3	composite	2^2·3^2·569
1955	21882	1.204092096867e-6	16	4	composite	2·3·7·521
1956	50387	1.203886367556e-6	2	1	prime	50387 (prime)
1957	21039	1.203253324485e-6	4	2	composite	3·7013
1958	22703	1.202613641261e-6	4	2	composite	73·311
1959	50411	1.202377542547e-6	2	1	prime	50411 (prime)
1960	20233	1.202163616810e-6	2	1	prime	20233 (prime)
1961	20721	1.197220558782e-6	4	2	composite	3·6907
1962	797	1.196112184966e-6	2	1	prime	797 (prime)
1963	22767	1.195640827948e-6	4	2	composite	3·7589
1964	21315	1.194702764373e-6	24	4	composite	3·5·7^2·29
1965	22738	1.191250969682e-6	4	2	composite	2·11369
1966	20967	1.190020200110e-6	8	3	composite	3·29·241
1967	20050	1.187820605075e-6	12	3	composite	2·5^2·401
1968	20241	1.186387509462e-6	12	3	composite	3^2·13·173
1969	22462	1.185270372244e-6	8	3	composite	2·11·1021
1970	2543	1.185155520830e-6	2	1	prime	2543 (prime)
1971	21780	1.183430370151e-6	54	4	composite	2^2·3^2·5·11^2
1972	20232	1.178931121604e-6	24	3	composite	2^3·3^2·281
1973	20628	1.176705816592e-6	24	3	composite	2^2·3^3·191
1974	20486	1.176284915705e-6	4	2	composite	2·10243
1975	30223	1.171954753952e-6	2	1	prime	30223 (prime)
1976	22837	1.165212868575e-6	4	2	composite	41·557
1977	20238	1.159750478462e-6	8	3	composite	2·3·3373
1978	20235	1.159382277168e-6	16	4	composite	3·5·19·71
1979	20944	1.159067725017e-6	40	4	composite	2^4·7·11·17
1980	22834	1.157252377996e-6	12	3	composite	2·7^2·233
1981	20239	1.156512268260e-6	4	2	composite	37·547
1982	20237	1.156074678835e-6	8	2	composite	7^3·59
1983	20236	1.156010116778e-6	6	2	composite	2^2·5059
1984	20845	1.153138526003e-6	8	3	composite	5·11·379
1985	20311	1.151923014275e-6	4	2	composite	19·1069
1986	22272	1.151627302591e-6	36	3	composite	2^8·3·29
1987	21583	1.149265071254e-6	4	2	composite	113·191
1988	20037	1.149187983070e-6	4	2	composite	3·6679
1989	20983	1.146687713026e-6	2	1	prime	20983 (prime)
1990	21660	1.145211516045e-6	36	4	composite	2^2·3·5·19^2
1991	20505	1.143148413213e-6	8	3	composite	3·5·1367
1992	21467	1.141712512978e-6	2	1	prime	21467 (prime)
1993	20958	1.139225514272e-6	16	4	composite	2·3·7·499
1994	21604	1.139170767666e-6	12	3	composite	2^2·11·491
1995	21479	1.138061977059e-6	4	2	composite	47·457
1996	22640	1.137029054404e-6	20	3	composite	2^4·5·283
1997	20234	1.135270383407e-6	8	3	composite	2·67·151
1998	22251	1.134317051134e-6	4	2	composite	3·7417
1999	22605	1.133882879203e-6	16	4	composite	3·5·11·137
2000	51581	1.131620453493e-6	2	1	prime	51581 (prime)
2001	51593	1.130922227018e-6	2	1	prime	51593 (prime)
2002	22099	1.128136886853e-6	12	3	composite	7^2·11·41
2003	22095	1.127012175142e-6	12	3	composite	3^2·5·491
2004	20846	1.125738604442e-6	8	3	composite	2·7·1489
2005	20240	1.121213812845e-6	40	4	composite	2^4·5·11·23
2006	20691	1.118012427780e-6	18	3	composite	3^2·11^2·19
2007	20253	1.117545208220e-6	8	3	composite	3·43·157
2008	20336	1.113501916878e-6	20	3	composite	2^4·31·41
2009	20294	1.112036790431e-6	8	3	composite	2·73·139
2010	22877	1.111716411753e-6	2	1	prime	22877 (prime)
2011	20375	1.111283937971e-6	8	2	composite	5^3·163
2012	20794	1.107629359926e-6	8	3	composite	2·37·281
2013	20629	1.104201739409e-6	6	2	composite	7^2·421
2014	20863	1.104176353862e-6	4	2	composite	31·673
2015	22432	1.103268870432e-6	12	2	composite	2^5·701
2016	20337	1.101964219831e-6	4	2	composite	3·6779
2017	21359	1.099911316009e-6	8	3	composite	13·31·53
2018	22790	1.099450512952e-6	16	4	composite	2·5·43·53
2019	22026	1.098771881626e-6	8	3	composite	2·3·3671
2020	2791	1.093044138521e-6	2	1	prime	2791 (prime)
2021	20052	1.089376152609e-6	18	3	composite	2^2·3^2·557
2022	21856	1.088462256207e-6	12	2	composite	2^5·683
2023	30241	1.087459712623e-6	2	1	prime	30241 (prime)
2024	20087	1.086626230564e-6	4	2	composite	53·379
2025	20038	1.084743146888e-6	8	3	composite	2·43·233
2026	21605	1.077212058936e-6	8	3	composite	5·29·149
2027	256	1.074651648686e-6	9	1	composite	2^8
2028	22604	1.070250508399e-6	6	2	composite	2^2·5651
2029	21104	1.069800332618e-6	10	2	composite	2^4·1319
2030	22232	1.064304837141e-6	16	3	composite	2^3·7·397
2031	22813	1.062782551666e-6	4	2	composite	7·3259
2032	52817	1.062449289892e-6	2	1	prime	52817 (prime)
2033	20619	1.061469927688e-6	12	3	composite	3^2·29·79
2034	52837	1.061374122480e-6	2	1	prime	52837 (prime)
2035	20482	1.059008077441e-6	24	4	composite	2·7^2·11·19
2036	71	1.058390795444e-6	2	1	prime	71 (prime)
2037	22687	1.056324306460e-6	6	2	composite	7^2·463
2038	22097	1.055439722971e-6	4	2	composite	19·1163
2039	20295	1.054082669376e-6	24	4	composite	3^2·5·11·41
2040	22169	1.051974631148e-6	4	2	composite	7·3167
2041	20844	1.047541367054e-6	24	3	composite	2^2·3^3·193
2042	16	1.038298743503e-6	5	1	composite	2^4
2043	21466	1.037822328419e-6	4	2	composite	2·10733
2044	147456	1.036414503325e-6	45	2	composite	2^14·3^2
2045	21450	1.035658504339e-6	48	5	composite	2·3·5^2·11·13
2046	22503	1.031871135529e-6	8	3	composite	3·13·577
2047	20039	1.030165701519e-6	4	2	composite	29·691
2048	22252	1.030098035285e-6	6	2	composite	2^2·5563
2049	21150	1.028891661463e-6	36	4	composite	2·3^2·5^2·47
2050	2879	1.028269829914e-6	2	1	prime	2879 (prime)
2051	20276	1.026969903212e-6	12	3	composite	2^2·37·137
2052	20847	1.026566466229e-6	4	2	composite	3·6949
2053	20483	1.026208335606e-6	2	1	prime	20483 (prime)
2054	21853	1.023027044755e-6	6	2	composite	13·41^2
2055	20013	1.021268815660e-6	8	3	composite	3·7·953
2056	21040	1.019636657834e-6	20	3	composite	2^4·5·263
2057	1984	1.017693468048e-6	14	2	composite	2^6·31
2058	20751	1.017559169313e-6	4	2	composite	3·6917
2059	254	1.014588764283e-6	4	2	composite	2·127
2060	21503	1.013009287449e-6	2	1	prime	21503 (prime)
2061	21481	1.009414795533e-6	2	1	prime	21481 (prime)
2062	21631	1.008705588282e-6	4	2	composite	97·223
2063	20420	1.008093206857e-6	12	3	composite	2^2·5·1021
2064	22833	1.005079701744e-6	12	3	composite	3^2·43·59
2065	20679	1.004253685074e-6	8	3	composite	3·61·113
2066	22087	1.002712566666e-6	4	2	composite	13·1699
2067	21532	1.001929223047e-6	12	3	composite	2^2·7·769
2068	21983	9.999480861685e-7	8	3	composite	13·19·89
2069	48	9.990875629050e-7	10	2	composite	2^4·3
2070	22641	9.934439175515e-7	4	2	composite	3·7547
2071	21603	9.911939154012e-7	8	3	composite	3·19·379
2072	21505	9.905585880947e-7	16	4	composite	5·11·17·23
2073	21502	9.885114349742e-7	8	3	composite	2·13·827
2074	21734	9.870499410636e-7	4	2	composite	2·10867
2075	21112	9.856964893654e-7	32	4	composite	2^3·7·13·29
2076	22431	9.850591682507e-7	4	2	composite	3·7477
2077	22094	9.822096572978e-7	4	2	composite	2·11047
2078	159744	9.821553479143e-7	52	3	composite	2^12·3·13
2079	21055	9.802293541806e-7	4	2	composite	5·4211
2080	21661	9.793418288634e-7	2	1	prime	21661 (prime)
2081	22084	9.758736527359e-7	6	2	composite	2^2·5521
2082	21360	9.741306270708e-7	40	4	composite	2^4·3·5·89
2083	22093	9.679435805638e-7	2	1	prime	22093 (prime)
2084	20541	9.677353839483e-7	8	3	composite	3·41·167
2085	20825	9.620332545824e-7	18	3	composite	5^2·7^2·17
2086	21400	9.601005835023e-7	24	3	composite	2^3·5^2·107
2087	22756	9.597759938113e-7	6	2	composite	2^2·5689
2088	20848	9.592300801027e-7	10	2	composite	2^4·1303
2089	22088	9.585097780381e-7	16	3	composite	2^3·11·251
2090	22281	9.582191803624e-7	8	3	composite	3·7·1061
2091	22092	9.577114918979e-7	24	4	composite	2^2·3·7·263
2092	22090	9.576665099375e-7	12	3	composite	2·5·47^2
2093	22091	9.553221200817e-7	2	1	prime	22091 (prime)
2094	22089	9.549687820565e-7	8	3	composite	3·37·199
2095	20957	9.533030957896e-7	4	2	composite	19·1103
2096	21501	9.512462459971e-7	6	2	composite	3^2·2389
2097	83	9.472697295497e-7	2	1	prime	83 (prime)
2098	22417	9.452674446988e-7	4	2	composite	29·773
2099	20153	9.450352710321e-7	4	2	composite	7·2879
2100	21852	9.449621685202e-7	18	3	composite	2^2·3^2·607
2101	21938	9.444548776221e-7	8	3	composite	2·7·1567
2102	20968	9.418565547539e-7	8	2	composite	2^3·2621
2103	20385	9.401740158389e-7	16	3	composite	3^3·5·151
2104	733	9.400353201197e-7	2	1	prime	733 (prime)
2105	20109	9.399048843165e-7	4	2	composite	3·6703
2106	20042	9.396350317025e-7	8	3	composite	2·11·911
2107	22082	9.362353746534e-7	8	3	composite	2·61·181
2108	22428	9.356415972526e-7	36	4	composite	2^2·3^2·7·89
2109	20485	9.350297961923e-7	8	3	composite	5·17·241
2110	20530	9.335353046096e-7	8	3	composite	2·5·2053
2111	22768	9.325916721248e-7	10	2	composite	2^4·1423
2112	55439	9.323251325081e-7	2	1	prime	55439 (prime)
2113	55441	9.322336649790e-7	2	1	prime	55441 (prime)
2114	21482	9.315087073048e-7	8	3	composite	2·23·467
2115	665280	9.302081581286e-7	224	5	composite	2^6·3^3·5·7·11
2116	22670	9.288802424249e-7	8	3	composite	2·5·2267
2117	22739	9.280714513849e-7	2	1	prime	22739 (prime)
2118	20795	9.278313602786e-7	4	2	composite	5·4159
2119	20155	9.278189732388e-7	8	3	composite	5·29·139
2120	55547	9.274016696907e-7	2	1	prime	55547 (prime)
2121	22463	9.273208450498e-7	4	2	composite	7·3209
2122	55579	9.259490334047e-7	2	1	prime	55579 (prime)
2123	22876	9.252735071260e-7	24	4	composite	2^2·7·19·43
2124	20722	9.239877944386e-7	8	3	composite	2·13·797
2125	22027	9.218902164581e-7	2	1	prime	22027 (prime)
2126	21021	9.218247401796e-7	24	4	composite	3·7^2·11·13
2127	37	9.202263144662e-7	2	1	prime	37 (prime)
2128	21719	9.199062261881e-7	4	2	composite	37·587
2129	20175	9.168049263620e-7	12	3	composite	3·5^2·269
2130	22593	9.162743425618e-7	8	3	composite	3·17·443
2131	44711	9.156560271198e-7	2	1	prime	44711 (prime)
2132	20254	9.131815583136e-7	16	4	composite	2·13·19·41
2133	21497	9.129304699931e-7	8	3	composite	7·37·83
2134	20767	9.123439582942e-7	4	2	composite	19·1093
2135	21323	9.120420859333e-7	2	1	prime	21323 (prime)
2136	21343	9.106105173213e-7	4	2	composite	7·3049
2137	21495	9.103223513773e-7	8	3	composite	3·5·1433
2138	21499	9.089534358454e-7	2	1	prime	21499 (prime)
2139	21168	9.088595169249e-7	60	3	composite	2^4·3^3·7^2
2140	22225	9.080420722921e-7	12	3	composite	5^2·7·127
2141	20754	9.059993079655e-7	12	3	composite	2·3^2·1153
2142	22165	9.059085956925e-7	16	4	composite	5·11·13·31
2143	20086	9.052449325806e-7	12	3	composite	2·11^2·83
2144	20170	9.028882706129e-7	8	3	composite	2·5·2017
2145	6096	9.017389396768e-7	20	3	composite	2^4·3·127
2146	22789	9.014696211965e-7	4	2	composite	13·1753
2147	20043	9.001634154525e-7	12	3	composite	3^2·17·131
2148	20190	8.986662945234e-7	16	4	composite	2·3·5·673
2149	22501	8.972973985531e-7	2	1	prime	22501 (prime)
2150	20041	8.963839888439e-7	6	2	composite	7^2·409
2151	20335	8.952780384411e-7	12	3	composite	5·7^2·83
2152	769	8.936358478685e-7	2	1	prime	769 (prime)
2153	20445	8.934695330602e-7	16	4	composite	3·5·29·47
2154	22253	8.910193815965e-7	12	3	composite	7·11·17^2
2155	21507	8.891143994819e-7	8	3	composite	3·67·107
2156	20008	8.867474276938e-7	16	3	composite	2^3·41·61
2157	6101	8.817175669450e-7	2	1	prime	6101 (prime)
2158	22814	8.813349388797e-7	16	4	composite	2·11·17·61
2159	21041	8.798890070057e-7	4	2	composite	53·397
2160	22498	8.778737140809e-7	8	3	composite	2·7·1607
2161	21494	8.778196900323e-7	8	3	composite	2·11·977
2162	20296	8.759571352382e-7	16	3	composite	2^3·43·59
2163	20044	8.742155380963e-7	6	2	composite	2^2·5011
2164	20045	8.727890891889e-7	8	3	composite	5·19·211
2165	22275	8.725028888610e-7	30	3	composite	3^4·5^2·11
2166	56893	8.686492613269e-7	2	1	prime	56893 (prime)
2167	20046	8.685353437168e-7	16	4	composite	2·3·13·257
2168	56897	8.684816014685e-7	2	1	prime	56897 (prime)
2169	21490	8.635546067527e-7	16	4	composite	2·5·7·307
2170	22254	8.634164007205e-7	8	3	composite	2·3·3709
2171	20085	8.606169147278e-7	16	4	composite	3·5·13·103
2172	21464	8.582094051608e-7	8	2	composite	2^3·2683
2173	21881	8.556469343051e-7	2	1	prime	21881 (prime)
2174	21483	8.549921116239e-7	24	4	composite	3^2·7·11·31
2175	22096	8.523802553656e-7	10	2	composite	2^4·1381
2176	20879	8.507074664716e-7	2	1	prime	20879 (prime)
2177	57331	8.505242433226e-7	2	1	prime	57331 (prime)
2178	57347	8.498709712506e-7	2	1	prime	57347 (prime)
2179	22427	8.476290430867e-7	4	2	composite	41·547
2180	22426	8.474433768991e-7	4	2	composite	2·11213
2181	21662	8.461739171219e-7	4	2	composite	2·10831
2182	21493	8.451347055712e-7	2	1	prime	21493 (prime)
2183	21272	8.446740968602e-7	8	2	composite	2^3·2659
2184	20293	8.445386584434e-7	8	3	composite	7·13·223
2185	22080	8.438286881201e-7	56	4	composite	2^6·3·5·23
2186	22642	8.403525362014e-7	4	2	composite	2·11321
2187	22416	8.402018229289e-7	20	3	composite	2^4·3·467
2188	22832	8.401660874190e-7	10	2	composite	2^4·1427
2189	22412	8.388340363871e-7	12	3	composite	2^2·13·431
2190	22770	8.356676859290e-7	48	5	composite	2·3^2·5·11·23
2191	21601	8.345598435741e-7	2	1	prime	21601 (prime)
2192	22424	8.334861419822e-7	8	2	composite	2^3·2803
2193	20047	8.325624523952e-7	2	1	prime	20047 (prime)
2194	22602	8.306319063356e-7	8	3	composite	2·3·3767
2195	20383	8.297919994842e-7	8	3	composite	11·17·109
2196	21032	8.294818793344e-7	16	3	composite	2^3·11·239
2197	22422	8.274675629934e-7	16	4	composite	2·3·37·101
2198	20723	8.256185751997e-7	8	3	composite	17·23·53
2199	20275	8.249872960942e-7	6	2	composite	5^2·811
2200	20481	8.244057297182e-7	4	2	composite	3·6827
2201	22100	8.227306794477e-7	36	4	composite	2^2·5^2·13·17
2202	22284	8.212777486977e-7	18	3	composite	2^2·3^2·619
2203	22688	8.197746676813e-7	12	2	composite	2^5·709
2204	20852	8.185152026580e-7	12	3	composite	2^2·13·401
2205	21491	8.179474882939e-7	2	1	prime	21491 (prime)
2206	21851	8.171317359382e-7	2	1	prime	21851 (prime)
2207	21106	8.162052371455e-7	8	3	composite	2·61·173
2208	21105	8.153391127341e-7	24	4	composite	3^2·5·7·67
2209	22828	8.151312538951e-7	12	3	composite	2^2·13·439
2210	22499	8.147128364751e-7	4	2	composite	149·151
2211	22423	8.124841394298e-7	4	2	composite	17·1319
2212	22420	8.121927583465e-7	24	4	composite	2^2·5·19·59
2213	20849	8.113278907915e-7	2	1	prime	20849 (prime)
2214	22411	8.110877389616e-7	4	2	composite	73·307
2215	20690	8.107851208981e-7	8	3	composite	2·5·2069
2216	21484	8.102652135234e-7	12	3	composite	2^2·41·131
2217	22830	8.097458194922e-7	16	4	composite	2·3·5·761
2218	22261	8.079252832915e-7	4	2	composite	113·197
2219	715264	8.071148001991e-7	40	3	composite	2^9·11·127
2220	21488	8.058318236781e-7	20	3	composite	2^4·17·79
2221	67584	8.038353792747e-7	48	3	composite	2^11·3·11
2222	20334	8.030318788606e-7	8	3	composite	2·3·3389
2223	22263	8.029022609134e-7	8	3	composite	3·41·181
2224	21874	8.018682219931e-7	4	2	composite	2·10937
2225	21508	8.003137644530e-7	12	3	composite	2^2·19·283
2226	22421	7.993604005222e-7	4	2	composite	7·3203
2227	22255	7.991447975576e-7	4	2	composite	5·4451
2228	21322	7.977080863205e-7	8	3	composite	2·7·1523
2229	22419	7.955127443070e-7	12	3	composite	3^2·47·53
2230	20049	7.932795297261e-7	8	3	composite	3·41·163
2231	22256	7.923534256507e-7	20	3	composite	2^4·13·107
2232	22415	7.911897407307e-7	4	2	composite	5·4483
2233	22414	7.897965142246e-7	8	3	composite	2·7·1601
2234	21585	7.883122345437e-7	8	3	composite	3·5·1439
2235	21489	7.865451187710e-7	16	4	composite	3·13·19·29
2236	21871	7.827050810333e-7	2	1	prime	21871 (prime)
2237	20878	7.780638222201e-7	16	4	composite	2·11·13·73
2238	21584	7.691809420166e-7	20	3	composite	2^4·19·71
2239	20766	7.670337179758e-7	8	3	composite	2·3·3461
2240	22579	7.638580677187e-7	4	2	composite	67·337
2241	21034	7.631690042734e-7	8	3	composite	2·13·809
2242	22028	7.617149493122e-7	6	2	composite	2^2·5507
2243	12	7.611993497570e-7	6	2	composite	2^2·3
2244	371293	7.600395471888e-7	6	1	composite	13^5
2245	21487	7.598978329890e-7	2	1	prime	21487 (prime)
2246	21971	7.590789113665e-7	4	2	composite	127·173
2247	21485	7.570610948106e-7	4	2	composite	5·4297
2248	22418	7.569804341707e-7	8	3	composite	2·11·1019
2249	22264	7.558831175827e-7	24	3	composite	2^3·11^2·23
2250	248	7.540288252027e-7	8	2	composite	2^3·31
2251	22769	7.516669472675e-7	2	1	prime	22769 (prime)
2252	21982	7.496997695608e-7	8	3	composite	2·29·379
2253	20299	7.493110989305e-7	4	2	composite	53·383
2254	21107	7.491756262125e-7	2	1	prime	21107 (prime)
2255	20172	7.467700210454e-7	18	3	composite	2^2·3·41^2
2256	20084	7.466972257317e-7	6	2	composite	2^2·5021
2257	22077	7.451790814833e-7	12	3	composite	3^2·11·223
2258	20376	7.436153320358e-7	24	3	composite	2^3·3^2·283
2259	21486	7.434449287839e-7	8	3	composite	2·3·3581
2260	20724	7.434198615282e-7	24	4	composite	2^2·3·11·157
2261	20255	7.420590176448e-7	4	2	composite	5·4051
2262	20110	7.403864760077e-7	8	3	composite	2·5·2011
2263	20981	7.392177691264e-7	2	1	prime	20981 (prime)
2264	20297	7.370223034489e-7	2	1	prime	20297 (prime)
2265	22262	7.349155770808e-7	4	2	composite	2·11131
2266	21718	7.348310726521e-7	4	2	composite	2·10859
2267	22497	7.341214718943e-7	4	2	composite	3·7499
2268	22831	7.338499756717e-7	6	2	composite	17^2·79
2269	60457	7.337437101432e-7	2	1	prime	60457 (prime)
2270	60493	7.325166824415e-7	2	1	prime	60493 (prime)
2271	22601	7.308255057840e-7	4	2	composite	97·233
2272	20051	7.284778561992e-7	2	1	prime	20051 (prime)
2273	22223	7.282287778446e-7	4	2	composite	71·313
2274	21061	7.264469739427e-7	2	1	prime	21061 (prime)
2275	20333	7.261493256901e-7	2	1	prime	20333 (prime)
2276	20186	7.247260427134e-7	4	2	composite	2·10093
2277	21509	7.232209722264e-7	4	2	composite	137·157
2278	10	7.218663216744e-7	4	2	composite	2·5
2279	20475	7.215813169651e-7	36	4	composite	3^2·5^2·7·13
2280	22265	7.181861174033e-7	8	3	composite	5·61·73
2281	21316	7.164809823096e-7	9	2	composite	2^2·73^2
2282	21664	7.164679548739e-7	12	2	composite	2^5·677
2283	21663	7.159781602995e-7	12	3	composite	3^2·29·83
2284	21054	7.125980956288e-7	24	4	composite	2·3·11^2·29
2285	22270	7.122338295067e-7	16	4	composite	2·5·17·131
2286	167	7.099717563350e-7	2	1	prime	167 (prime)
2287	22257	7.098550354430e-7	6	2	composite	3^2·2473
2288	22231	7.094927516662e-7	8	3	composite	11·43·47
2289	22267	7.066380631496e-7	4	2	composite	7·3181
2290	22650	7.062493213491e-7	24	4	composite	2·3·5^2·151
2291	22260	7.059175938680e-7	48	5	composite	2^2·3·5·7·53
2292	22643	7.029177027763e-7	2	1	prime	22643 (prime)
2293	21459	7.025846358488e-7	8	3	composite	3·23·311
2294	61417	7.018558958978e-7	2	1	prime	61417 (prime)
2295	22702	7.017660787022e-7	4	2	composite	2·11351
2296	61441	7.010803951091e-7	2	1	prime	61441 (prime)
2297	20781	7.000583963263e-7	6	2	composite	3^2·2309
2298	22425	6.986295406363e-7	24	4	composite	3·5^2·13·23
2299	20540	6.959644956241e-7	24	4	composite	2^2·5·13·79
2300	22755	6.936402819454e-7	16	4	composite	3·5·37·41
2301	20446	6.919903959722e-7	4	2	composite	2·10223
2302	22259	6.919566573505e-7	2	1	prime	22259 (prime)
2303	21850	6.908617621252e-7	24	4	composite	2·5^2·19·23
2304	21043	6.889799739630e-7	4	2	composite	11·1913
2305	20332	6.877326076981e-7	24	4	composite	2^2·13·17·23
2306	22268	6.807942428624e-7	12	3	composite	2^2·19·293
2307	22874	6.788127874121e-7	4	2	composite	2·11437
2308	44701	6.779439037371e-7	2	1	prime	44701 (prime)
2309	131	6.757025247956e-7	2	1	prime	131 (prime)
2310	20824	6.755942000108e-7	16	3	composite	2^3·19·137
2311	22271	6.751902109169e-7	2	1	prime	22271 (prime)
2312	22413	6.737668219509e-7	8	3	composite	3·31·241
2313	22409	6.674256094071e-7	2	1	prime	22409 (prime)
2314	21462	6.667925686700e-7	24	4	composite	2·3·7^2·73
2315	21717	6.665460766962e-7	12	3	composite	3^2·19·127
2316	20225	6.655033245666e-7	6	2	composite	5^2·809
2317	20479	6.638047268802e-7	2	1	prime	20479 (prime)
2318	20274	6.620582613776e-7	16	4	composite	2·3·31·109
2319	21108	6.566017391425e-7	12	3	composite	2^2·3·1759
2320	509	6.552695183212e-7	2	1	prime	509 (prime)
2321	21024	6.507265224540e-7	36	3	composite	2^5·3^2·73
2322	20680	6.485540909377e-7	32	4	composite	2^3·5·11·47
2323	20444	6.470312496543e-7	12	3	composite	2^2·19·269
2324	21022	6.459629859301e-7	8	3	composite	2·23·457
2325	22740	6.445797061496e-7	24	4	composite	2^2·3·5·379
2326	73	6.438187197474e-7	2	1	prime	73 (prime)
2327	20881	6.427019945616e-7	8	3	composite	7·19·157
2328	21849	6.418436438010e-7	4	2	composite	3·7283
2329	20298	6.394350614366e-7	16	4	composite	2·3·17·199
2330	63487	6.385999921367e-7	2	1	prime	63487 (prime)
2331	63493	6.384268347696e-7	2	1	prime	63493 (prime)
2332	21461	6.383289939987e-7	4	2	composite	11·1951
2333	16382	6.368643256360e-7	4	2	composite	2·8191
2334	20256	6.366465458323e-7	24	3	composite	2^5·3·211
2335	20083	6.348192140330e-7	8	3	composite	7·19·151
2336	22273	6.344166928551e-7	2	1	prime	22273 (prime)
2337	22538	6.334674179759e-7	8	3	composite	2·59·191
2338	20765	6.333033775592e-7	4	2	composite	5·4153
2339	21062	6.320099087474e-7	4	2	composite	2·10531
2340	21762	6.315173383237e-7	32	4	composite	2·3^3·13·31
2341	347	6.292073688991e-7	2	1	prime	347 (prime)
2342	22079	6.251101606397e-7	2	1	prime	22079 (prime)
2343	22875	6.241077624691e-7	16	3	composite	3·5^3·61
2344	22029	6.234058073621e-7	8	3	composite	3·7·1049
2345	1531	6.204094517071e-7	2	1	prime	1531 (prime)
2346	22496	6.164522962256e-7	24	3	composite	2^5·19·37
2347	22230	6.132145469898e-7	48	5	composite	2·3^2·5·13·19
2348	21880	6.127378036579e-7	16	3	composite	2^3·5·547
2349	20620	6.106504815106e-7	12	3	composite	2^2·5·1031
2350	20725	6.088059554504e-7	6	2	composite	5^2·829
2351	22597	6.087495492548e-7	4	2	composite	59·383
2352	21042	6.083571999189e-7	24	4	composite	2·3^2·7·167
2353	344064	6.082356941230e-7	60	3	composite	2^14·3·7
2354	22652	6.075016322004e-7	12	3	composite	2^2·7·809
2355	294912	6.059768570372e-7	48	2	composite	2^15·3^2
2356	22882	6.059510192534e-7	8	3	composite	2·17·673
2357	22502	6.047785630687e-7	4	2	composite	2·11251
2358	22596	6.043479114967e-7	24	4	composite	2^2·3·7·269
2359	239	6.029308292404e-7	2	1	prime	239 (prime)
2360	22274	6.009056589319e-7	16	4	composite	2·7·37·43
2361	20877	6.007788781133e-7	4	2	composite	3·6959
2362	21109	5.997744337156e-7	8	3	composite	11·19·101
2363	22787	5.995909710450e-7	2	1	prime	22787 (prime)
2364	20531	5.981399508511e-7	6	2	composite	7^2·419
2365	65011	5.963646609339e-7	2	1	prime	65011 (prime)
2366	65027	5.959392272617e-7	2	1	prime	65027 (prime)
2367	1447	5.956819072787e-7	2	1	prime	1447 (prime)
2368	20053	5.952944093649e-7	4	2	composite	11·1823
2369	20152	5.930718467735e-7	16	3	composite	2^3·11·229
2370	22276	5.928733700664e-7	6	2	composite	2^2·5569
2371	22540	5.913373336033e-7	36	4	composite	2^2·5·7^2·23
2372	126976	5.903168442596e-7	26	2	composite	2^12·31
2373	22669	5.900508722752e-7	2	1	prime	22669 (prime)
2374	403	5.888315460729e-7	4	2	composite	13·31
2375	20478	5.886134146972e-7	8	3	composite	2·3·3413
2376	20954	5.881085394030e-7	4	2	composite	2·10477
2377	22305	5.879214459597e-7	8	3	composite	3·5·1487
2378	196584	5.855997956813e-7	16	3	composite	2^3·3·8191
2379	22081	5.841992134621e-7	4	2	composite	71·311
2380	65521	5.829797656202e-7	2	1	prime	65521 (prime)
2381	845312	5.827738911818e-7	40	3	composite	2^9·13·127
2382	65537	5.825656570900e-7	2	1	prime	65537 (prime)
2383	20173	5.813674585703e-7	2	1	prime	20173 (prime)
2384	20882	5.795473988117e-7	8	3	composite	2·53·197
2385	20726	5.782040783837e-7	8	3	composite	2·43·241
2386	20331	5.769424010728e-7	10	2	composite	3^4·251
2387	22817	5.764644416636e-7	2	1	prime	22817 (prime)
2388	22465	5.760401303477e-7	4	2	composite	5·4493
2389	22282	5.741895799975e-7	8	3	composite	2·13·857
2390	20304	5.741032307561e-7	40	3	composite	2^4·3^3·47
2391	22277	5.734948201030e-7	2	1	prime	22277 (prime)
2392	21599	5.733813990070e-7	2	1	prime	21599 (prime)
2393	49139	5.693927550943e-7	2	1	prime	49139 (prime)
2394	20798	5.682639712056e-7	4	2	composite	2·10399
2395	21869	5.646106467934e-7	4	2	composite	19·1151
2396	20851	5.646066902164e-7	4	2	composite	29·719
2397	22841	5.636908838397e-7	8	3	composite	7·13·251
2398	22700	5.618746428779e-7	18	3	composite	2^2·5^2·227
2399	21529	5.599861486733e-7	2	1	prime	21529 (prime)
2400	21536	5.587662310957e-7	12	2	composite	2^5·673
2401	21848	5.575621055877e-7	8	2	composite	2^3·2731
2402	22873	5.566817053859e-7	4	2	composite	89·257
2403	22644	5.546658320205e-7	36	4	composite	2^2·3^2·17·37
2404	22537	5.527934508990e-7	4	2	composite	31·727
2405	22278	5.523397688501e-7	16	4	composite	2·3·47·79
2406	20377	5.517183582229e-7	8	3	composite	7·41·71
2407	20082	5.494945295917e-7	8	3	composite	2·3·3347
2408	21460	5.487684402776e-7	24	4	composite	2^2·5·29·37
2409	20980	5.477956109303e-7	12	3	composite	2^2·5·1049
2410	21063	5.477796168002e-7	16	4	composite	3·7·17·59
2411	22283	5.475344554577e-7	2	1	prime	22283 (prime)
2412	21031	5.450612318765e-7	2	1	prime	21031 (prime)
2413	21231	5.441047451461e-7	12	3	composite	3^2·7·337
2414	21072	5.410762789345e-7	20	3	composite	2^4·3·439
2415	20330	5.396207083291e-7	16	4	composite	2·5·19·107
2416	22279	5.387955385658e-7	2	1	prime	22279 (prime)
2417	455168	5.381856219276e-7	40	3	composite	2^9·7·127
2418	20970	5.354128113352e-7	24	4	composite	2·3^2·5·233
2419	22675	5.348150768164e-7	6	2	composite	5^2·907
2420	21380	5.345939596483e-7	12	3	composite	2^2·5·1069
2421	67579	5.324597471296e-7	2	1	prime	67579 (prime)
2422	22078	5.324179629844e-7	16	4	composite	2·7·19·83
2423	67589	5.322271942530e-7	2	1	prime	67589 (prime)
2424	21271	5.309604179366e-7	4	2	composite	89·239
2425	20477	5.297527133789e-7	2	1	prime	20477 (prime)
2426	20272	5.289271909403e-7	20	3	composite	2^4·7·181
2427	7168	5.285745160254e-7	22	2	composite	2^10·7
2428	20329	5.283149624963e-7	4	2	composite	29·701
2429	20168	5.280156682350e-7	8	2	composite	2^3·2521
2430	270336	5.268457393256e-7	56	3	composite	2^13·3·11
2431	22266	5.243655510608e-7	12	3	composite	2·3^2·1237
2432	227584	5.215516559368e-7	36	3	composite	2^8·7·127
2433	67	5.210452668969e-7	2	1	prime	67 (prime)
2434	20054	5.160475787511e-7	8	3	composite	2·37·271
2435	21053	5.134600016024e-7	4	2	composite	37·569
2436	22741	5.127236643486e-7	2	1	prime	22741 (prime)
2437	21492	5.114776840719e-7	24	3	composite	2^2·3^3·199
2438	20421	5.102761831612e-7	6	2	composite	3^2·2269
2439	20953	5.101454915578e-7	4	2	composite	23·911
2440	22299	5.092416751768e-7	4	2	composite	3·7433
2441	22818	5.088462716659e-7	8	3	composite	2·3·3803
2442	22598	5.068550192197e-7	4	2	composite	2·11299
2443	21510	5.035836891587e-7	24	4	composite	2·3^2·5·239
2444	21769	5.016782607455e-7	4	2	composite	11·1979
2445	22030	4.961487984064e-7	8	3	composite	2·5·2203
2446	22466	4.956185764497e-7	8	3	composite	2·47·239
2447	20799	4.953415479132e-7	6	2	composite	3^2·2311
2448	8951	4.933704500867e-7	2	1	prime	8951 (prime)
2449	20689	4.925490407852e-7	4	2	composite	17·1217
2450	22690	4.913034474744e-7	8	3	composite	2·5·2269
2451	21111	4.906469524603e-7	8	3	composite	3·31·227
2452	21064	4.897427305803e-7	8	2	composite	2^3·2633
2453	20273	4.888944724807e-7	8	3	composite	11·19·97
2454	21448	4.882586504266e-7	16	3	composite	2^3·7·383
2455	22285	4.875390069153e-7	4	2	composite	5·4457
2456	22298	4.874119821107e-7	4	2	composite	2·11149
2457	20476	4.858232252050e-7	6	2	composite	2^2·5119
2458	997	4.855336452501e-7	2	1	prime	997 (prime)
2459	21777	4.848737546682e-7	16	4	composite	3·7·17·61
2460	21463	4.844398051402e-7	6	2	composite	13^2·127
2461	21846	4.835669680013e-7	16	4	composite	2·3·11·331
2462	22536	4.805851881864e-7	24	3	composite	2^3·3^2·313
2463	20880	4.804276495285e-7	60	4	composite	2^4·3^2·5·29
2464	21361	4.795856435878e-7	4	2	composite	41·521
2465	22786	4.794696933474e-7	4	2	composite	2·11393
2466	20450	4.787941539567e-7	12	3	composite	2·5^2·409
2467	79	4.754301205360e-7	2	1	prime	79 (prime)
2468	20257	4.736382349781e-7	4	2	composite	47·431
2469	22788	4.731364366368e-7	24	3	composite	2^2·3^3·211
2470	20797	4.723395833033e-7	4	2	composite	7·2971
2471	22297	4.713210517715e-7	4	2	composite	11·2027
2472	20185	4.692770794180e-7	8	3	composite	5·11·367
2473	22792	4.685237086396e-7	32	4	composite	2^3·7·11·37
2474	21981	4.684562760754e-7	8	3	composite	3·17·431
2475	22300	4.679813351559e-7	18	3	composite	2^2·5^2·223
2476	20627	4.672260377389e-7	2	1	prime	20627 (prime)
2477	20111	4.668029650441e-7	12	3	composite	7·13^2·17
2478	21513	4.660522569432e-7	8	3	composite	3·71·101
2479	21800	4.633380394977e-7	24	3	composite	2^3·5^2·109
2480	20081	4.629968315183e-7	4	2	composite	43·467
2481	21023	4.628168326374e-7	2	1	prime	21023 (prime)
2482	22295	4.624344618052e-7	16	3	composite	5·7^3·13
2483	21768	4.623167908741e-7	16	3	composite	2^3·3·907
2484	22701	4.607356193555e-7	16	4	composite	3·7·23·47
2485	22645	4.606870364377e-7	8	3	composite	5·7·647
2486	20978	4.603410851272e-7	8	3	composite	2·17·617
2487	21736	4.601637298584e-7	32	4	composite	2^3·11·13·19
2488	65536	4.599647260202e-7	17	1	composite	2^16
2489	21972	4.588666056342e-7	12	3	composite	2^2·3·1831
2490	47	4.587553084906e-7	2	1	prime	47 (prime)
2491	20327	4.582684761368e-7	2	1	prime	20327 (prime)
2492	22535	4.576099530115e-7	4	2	composite	5·4507
2493	20764	4.575755556151e-7	12	3	composite	2^2·29·179
2494	20059	4.568521661499e-7	4	2	composite	13·1543
2495	20454	4.538048367391e-7	16	4	composite	2·3·7·487
2496	20979	4.521755837210e-7	20	3	composite	3^4·7·37
2497	20822	4.507931693844e-7	8	3	composite	2·29·359
2498	21528	4.492204322737e-7	48	4	composite	2^3·3^2·13·23
2499	21148	4.489505189312e-7	12	3	composite	2^2·17·311
2500	21844	4.465698955776e-7	12	3	composite	2^2·43·127
2501	71671	4.464911530780e-7	2	1	prime	71671 (prime)
2502	21465	4.463959434884e-7	20	3	composite	3^4·5·53
2503	71693	4.460747422837e-7	2	1	prime	71693 (prime)
2504	20853	4.456047893633e-7	12	3	composite	3^2·7·331
2505	20258	4.453722055276e-7	8	3	composite	2·7·1447
2506	20449	4.447185591113e-7	9	2	composite	11^2·13^2
2507	20308	4.443618858316e-7	6	2	composite	2^2·5077
2508	245760	4.436784064145e-7	60	3	composite	2^14·3·5
2509	22467	4.427924053580e-7	4	2	composite	3·7489
2510	22408	4.415874224268e-7	8	2	composite	2^3·2801
2511	25	4.407658960426e-7	3	1	composite	5^2
2512	22754	4.403652817003e-7	8	3	composite	2·31·367
2513	21458	4.395320357430e-7	4	2	composite	2·10729
2514	22599	4.392868926408e-7	14	2	composite	3^6·31
2515	21102	4.389854179786e-7	8	3	composite	2·3·3517
2516	22872	4.375477165308e-7	16	3	composite	2^3·3·953
2517	21048	4.365708311673e-7	16	3	composite	2^3·3·877
2518	21598	4.356321455184e-7	4	2	composite	2·10799
2519	22301	4.301630807135e-7	4	2	composite	29·769
2520	157	4.280871819557e-7	2	1	prime	157 (prime)
2521	21666	4.278947686158e-7	16	4	composite	2·3·23·157
2522	22849	4.255286701941e-7	4	2	composite	73·313
2523	22547	4.229985920874e-7	4	2	composite	7·3221
2524	20055	4.210479694280e-7	16	4	composite	3·5·7·191
2525	18	4.196870499309e-7	6	2	composite	2·3^2
2526	22771	4.195366632633e-7	4	2	composite	7·3253
2527	21716	4.185164537702e-7	12	3	composite	2^2·61·89
2528	21775	4.167549587214e-7	12	3	composite	5^2·13·67
2529	20453	4.165961024223e-7	4	2	composite	113·181
2530	22494	4.150628488249e-7	16	4	composite	2·3·23·163
2531	22296	4.149746791997e-7	16	3	composite	2^3·3·929
2532	22258	4.147461306972e-7	8	3	composite	2·31·359
2533	21845	4.131719560971e-7	8	3	composite	5·17·257
2534	20056	4.128400762294e-7	16	3	composite	2^3·23·109
2535	135168	4.125271109904e-7	52	3	composite	2^12·3·11
2536	22303	4.120132623791e-7	2	1	prime	22303 (prime)
2537	22289	4.114064792318e-7	4	2	composite	31·719
2538	20876	4.113238625468e-7	12	3	composite	2^2·17·307
2539	73727	4.094426842774e-7	2	1	prime	73727 (prime)
2540	73751	4.090316129014e-7	2	1	prime	73751 (prime)
2541	20474	4.083008070773e-7	8	3	composite	2·29·353
2542	20763	4.068759116896e-7	8	2	composite	3^3·769
2543	21096	4.061419644266e-7	24	3	composite	2^3·3^2·293
2544	22539	4.057834753750e-7	8	3	composite	3·11·683
2545	20883	4.057584904800e-7	4	2	composite	3·6961
2546	22287	4.054816583781e-7	16	4	composite	3·17·19·23
2547	20801	4.043681596548e-7	8	3	composite	11·31·61
2548	20174	4.043218357899e-7	16	4	composite	2·7·11·131
2549	21066	4.042815465872e-7	8	3	composite	2·3·3511
2550	20854	4.038629083006e-7	4	2	composite	2·10427
2551	21778	4.034043833509e-7	4	2	composite	2·10889
2552	22545	4.028233795141e-7	16	3	composite	3^3·5·167
2553	20080	4.008223698145e-7	20	3	composite	2^4·5·251
2554	22294	4.007310143793e-7	8	3	composite	2·71·157
2555	21195	4.000776798093e-7	16	3	composite	3^3·5·157
2556	22534	3.995203700420e-7	8	3	composite	2·19·593
2557	21514	3.994886166415e-7	8	3	composite	2·31·347
2558	22581	3.990574109467e-7	12	3	composite	3^2·13·193
2559	20946	3.967307917124e-7	8	3	composite	2·3·3491
2560	21097	3.961396250862e-7	6	2	composite	17^2·73
2561	357632	3.948845897480e-7	36	3	composite	2^8·11·127
2562	20681	3.927330627072e-7	2	1	prime	20681 (prime)
2563	97	3.918752629234e-7	2	1	prime	97 (prime)
2564	21057	3.915985334456e-7	4	2	composite	3·7019
2565	33	3.908518703322e-7	4	2	composite	3·11
2566	22468	3.889575993889e-7	12	3	composite	2^2·41·137
2567	21586	3.886607241450e-7	8	3	composite	2·43·251
2568	22495	3.878998594642e-7	8	3	composite	5·11·409
2569	319488	3.862683295961e-7	56	3	composite	2^13·3·13
2570	17	3.856381411053e-7	2	1	prime	17 (prime)
2571	22031	3.856209546377e-7	2	1	prime	22031 (prime)
2572	163820	3.855137023769e-7	12	3	composite	2^2·5·8191
2573	22668	3.816490731035e-7	12	3	composite	2^2·3·1889
2574	20951	3.794660844455e-7	8	3	composite	7·41·73
2575	75583	3.790036273940e-7	2	1	prime	75583 (prime)
2576	75611	3.785646321595e-7	2	1	prime	75611 (prime)
2577	20539	3.744910617771e-7	8	3	composite	19·23·47
2578	21067	3.732389561276e-7	2	1	prime	21067 (prime)
2579	22076	3.716312411993e-7	6	2	composite	2^2·5519
2580	22580	3.714202973068e-7	12	3	composite	2^2·5·1129
2581	16384	3.706343999018e-7	15	1	composite	2^14
2582	22286	3.706269138699e-7	8	3	composite	2·11·1013
2583	21667	3.702595746102e-7	4	2	composite	47·461
2584	21980	3.700244534515e-7	24	4	composite	2^2·5·7·157
2585	20166	3.696483592595e-7	8	3	composite	2·3·3361
2586	20452	3.689886212772e-7	6	2	composite	2^2·5113
2587	21774	3.667291320232e-7	16	4	composite	2·3·19·191
2588	139	3.660220705663e-7	2	1	prime	139 (prime)
2589	20012	3.643225916709e-7	6	2	composite	2^2·5003
2590	21457	3.624396290964e-7	4	2	composite	43·499
2591	21841	3.623403650113e-7	2	1	prime	21841 (prime)
2592	22785	3.622638735683e-7	24	4	composite	3·5·7^2·31
2593	21760	3.617505221542e-7	36	3	composite	2^8·5·17
2594	21113	3.608125895228e-7	4	2	composite	43·491
2595	20952	3.605737958787e-7	32	3	composite	2^3·3^3·97
2596	22304	3.603993309519e-7	24	3	composite	2^5·17·41
2597	22292	3.583143711208e-7	6	2	composite	2^2·5573
2598	1117	3.579777424743e-7	2	1	prime	1117 (prime)
2599	20184	3.579232669746e-7	24	3	composite	2^3·3·29^2
2600	21449	3.577519737264e-7	4	2	composite	89·241
2601	22646	3.569499237690e-7	12	3	composite	2·13^2·67
2602	20762	3.559535499877e-7	8	3	composite	2·7·1483
2603	21452	3.555630542965e-7	12	3	composite	2^2·31·173
2604	21879	3.550730160966e-7	24	4	composite	3^2·11·13·17
2605	22291	3.548181232382e-7	2	1	prime	22291 (prime)
2606	20884	3.547833580323e-7	12	3	composite	2^2·23·227
2607	20301	3.545193100494e-7	8	3	composite	3·67·101
2608	21842	3.543326377977e-7	8	3	composite	2·67·163
2609	20875	3.541026670800e-7	8	2	composite	5^3·167
2610	20473	3.530613719245e-7	4	2	composite	59·347
2611	22533	3.530030466379e-7	16	4	composite	3·7·29·37
2612	20133	3.528666522734e-7	6	2	composite	3^2·2237
2613	10753	3.512390723815e-7	2	1	prime	10753 (prime)
2614	22742	3.502025399876e-7	8	3	composite	2·83·137
2615	21098	3.476246958810e-7	16	4	composite	2·7·11·137
2616	727	3.460499142140e-7	2	1	prime	727 (prime)
2617	20532	3.446922389920e-7	24	4	composite	2^2·3·29·59
2618	21317	3.446858305803e-7	2	1	prime	21317 (prime)
2619	20727	3.445938560318e-7	18	3	composite	3^2·7^2·47
2620	20856	3.444672103975e-7	32	4	composite	2^3·3·11·79
2621	22578	3.436961943252e-7	16	4	composite	2·3·53·71
2622	22736	3.414889858668e-7	30	3	composite	2^4·7^2·29
2623	22871	3.408556762565e-7	2	1	prime	22871 (prime)
2624	20466	3.386303228656e-7	16	3	composite	2·3^3·379
2625	20855	3.383507575618e-7	8	3	composite	5·43·97
2626	130048	3.359773358159e-7	22	2	composite	2^10·127
2627	20112	3.357693240862e-7	20	3	composite	2^4·3·419
2628	12896	3.349873642203e-7	24	3	composite	2^5·13·31
2629	20382	3.343313823335e-7	16	4	composite	2·3·43·79
2630	21068	3.342610771983e-7	12	3	composite	2^2·23·229
2631	21597	3.340993834306e-7	8	3	composite	3·23·313
2632	20134	3.339432172681e-7	4	2	composite	2·10067
2633	22493	3.334189832141e-7	4	2	composite	83·271
2634	22850	3.329521066410e-7	12	3	composite	2·5^2·457
2635	20079	3.323295840066e-7	12	3	composite	3^2·23·97
2636	22469	3.319422604433e-7	2	1	prime	22469 (prime)
2637	78839	3.316128522963e-7	2	1	prime	78839 (prime)
2638	78853	3.314240809331e-7	2	1	prime	78853 (prime)
2639	21839	3.305444529404e-7	2	1	prime	21839 (prime)
2640	20057	3.301040645823e-7	4	2	composite	31·647
2641	22577	3.293118379503e-7	4	2	composite	107·211
2642	7112	3.278439925271e-7	16	3	composite	2^3·7·127
2643	20470	3.260202700756e-7	16	4	composite	2·5·23·89
2644	20471	3.255399103298e-7	4	2	composite	11·1861
2645	22168	3.253074443797e-7	16	3	composite	2^3·17·163
2646	79357	3.247079998171e-7	2	1	prime	79357 (prime)
2647	372	3.247051399941e-7	12	3	composite	2^2·3·31
2648	22583	3.246888232590e-7	4	2	composite	11·2053
2649	79367	3.245762986062e-7	2	1	prime	79367 (prime)
2650	7109	3.236442822303e-7	2	1	prime	7109 (prime)
2651	22691	3.235286303687e-7	2	1	prime	22691 (prime)
2652	21070	3.230310738629e-7	24	4	composite	2·5·7^2·43
2653	22306	3.225123739797e-7	8	3	composite	2·19·587
2654	41	3.212504557557e-7	2	1	prime	41 (prime)
2655	21737	3.202772786059e-7	2	1	prime	21737 (prime)
2656	21114	3.200696212199e-7	32	4	composite	2·3^3·17·23
2657	22541	3.193164444396e-7	2	1	prime	22541 (prime)
2658	79867	3.180668975446e-7	2	1	prime	79867 (prime)
2659	79873	3.179896778281e-7	2	1	prime	79873 (prime)
2660	22302	3.178324910236e-7	32	4	composite	2·3^3·7·59
2661	21069	3.174530049627e-7	6	2	composite	3^2·2341
2662	22829	3.161936216511e-7	4	2	composite	37·617
2663	20688	3.153594670917e-7	20	3	composite	2^4·3·431
2664	22308	3.145011147475e-7	36	4	composite	2^2·3·11·13^2
2665	21668	3.141282461904e-7	6	2	composite	2^2·5417
2666	21715	3.130902135348e-7	8	3	composite	5·43·101
2667	20132	3.129997734193e-7	12	3	composite	2^2·7·719
2668	22816	3.115476671668e-7	24	3	composite	2^5·23·31
2669	5449	3.103472843558e-7	2	1	prime	5449 (prime)
2670	60	3.103331635693e-7	12	3	composite	2^2·3·5
2671	20621	3.099857241962e-7	4	2	composite	17·1213
2672	21511	3.095548885018e-7	6	2	composite	7^2·439
2673	21146	3.092950021580e-7	8	3	composite	2·97·109
2674	80629	3.084254957063e-7	2	1	prime	80629 (prime)
2675	80651	3.081520240884e-7	2	1	prime	80651 (prime)
2676	22532	3.077302401084e-7	12	3	composite	2^2·43·131
2677	53	3.076550626732e-7	2	1	prime	53 (prime)
2678	21270	3.072844915366e-7	16	4	composite	2·3·5·709
2679	22504	3.050706440845e-7	16	3	composite	2^3·29·97
2680	20802	3.049534301323e-7	8	3	composite	2·3·3467
2681	20761	3.047743141066e-7	4	2	composite	13·1597
2682	22842	3.041086318218e-7	24	3	composite	2·3^5·47
2683	21595	3.039880679967e-7	8	3	composite	5·7·617
2684	22224	3.032823504026e-7	20	3	composite	2^4·3·463
2685	540672	3.030638433329e-7	60	3	composite	2^14·3·11
2686	21453	3.024770924997e-7	4	2	composite	3·7151
2687	21362	3.023329940261e-7	8	3	composite	2·11·971
2688	21835	3.015460835815e-7	8	3	composite	5·11·397
2689	81239	3.009420052328e-7	2	1	prime	81239 (prime)
2690	888832	3.008766173957e-7	52	3	composite	2^12·7·31
2691	81281	3.004342343102e-7	2	1	prime	81281 (prime)
2692	21147	2.988804800037e-7	16	4	composite	3·7·19·53
2693	22307	2.979668471113e-7	2	1	prime	22307 (prime)
2694	21052	2.970439507504e-7	12	3	composite	2^2·19·277
2695	21451	2.942130804124e-7	4	2	composite	19·1129
2696	22772	2.941097330773e-7	6	2	composite	2^2·5693
2697	20259	2.939057205379e-7	6	2	composite	3^2·2251
2698	81901	2.930482589598e-7	2	1	prime	81901 (prime)
2699	81919	2.928368599190e-7	2	1	prime	81919 (prime)
2700	21149	2.926937942011e-7	2	1	prime	21149 (prime)
2701	20455	2.920300708186e-7	4	2	composite	5·4091
2702	22753	2.917878724724e-7	4	2	composite	61·373
2703	20469	2.915446656700e-7	4	2	composite	3·6823
2704	20302	2.912581740947e-7	4	2	composite	2·10151
2705	20323	2.911393237677e-7	2	1	prime	20323 (prime)
2706	20874	2.904303584059e-7	24	4	composite	2·3·7^2·71
2707	21065	2.903828938138e-7	8	3	composite	5·11·383
2708	21071	2.898224512694e-7	4	2	composite	19·1109
2709	22647	2.890234989199e-7	4	2	composite	3·7549
2710	21665	2.889900400843e-7	8	3	composite	5·7·619
2711	20144	2.889620325645e-7	10	2	composite	2^4·1259
2712	21030	2.868636558889e-7	16	4	composite	2·3·5·701
2713	20158	2.867315901853e-7	4	2	composite	2·10079
2714	1736	2.865805425418e-7	16	3	composite	2^3·7·31
2715	21754	2.861544125357e-7	8	3	composite	2·73·149
2716	22344	2.859517895889e-7	48	4	composite	2^3·3·7^2·19
2717	20949	2.823009206299e-7	4	2	composite	3·6983
2718	22870	2.822403943196e-7	8	3	composite	2·5·2287
2719	22492	2.819181931917e-7	6	2	composite	2^2·5623
2720	21456	2.818061885426e-7	30	3	composite	2^4·3^2·149
2721	22815	2.816396293136e-7	24	3	composite	3^3·5·13^2
2722	20154	2.814738124767e-7	8	3	composite	2·3·3359
2723	20950	2.813256238592e-7	12	3	composite	2·5^2·419
2724	22576	2.804435959815e-7	20	3	composite	2^4·17·83
2725	20131	2.797517854323e-7	4	2	composite	41·491
2726	20009	2.794793213177e-7	8	3	composite	11·17·107
2727	21144	2.789901152080e-7	16	3	composite	2^3·3·881
2728	83137	2.789168535456e-7	2	1	prime	83137 (prime)
2729	83177	2.784722822003e-7	2	1	prime	83177 (prime)
2730	21527	2.764223978380e-7	8	3	composite	11·19·103
2731	21973	2.748355230191e-7	8	3	composite	7·43·73
2732	20058	2.746619751802e-7	8	3	composite	2·3·3343
2733	22491	2.729137350011e-7	24	3	composite	3^3·7^2·17
2734	131071	2.723053307443e-7	2	1	prime	131071 (prime)
2735	20322	2.713448359753e-7	12	3	composite	2·3^2·1129
2736	22075	2.703758820434e-7	6	2	composite	5^2·883
2737	21836	2.694388510172e-7	12	3	composite	2^2·53·103
2738	22743	2.693426611472e-7	18	3	composite	3^2·7·19^2
2739	20113	2.688194752104e-7	2	1	prime	20113 (prime)
2740	31	2.681153034565e-7	2	1	prime	31 (prime)
2741	21515	2.669436825810e-7	8	3	composite	5·13·331
2742	20078	2.668416651743e-7	4	2	composite	2·10039
2743	22523	2.668372614688e-7	4	2	composite	101·223
2744	21392	2.666067183749e-7	20	3	composite	2^4·7·191
2745	21773	2.665343554710e-7	2	1	prime	21773 (prime)
2746	21587	2.656093297373e-7	2	1	prime	21587 (prime)
2747	21669	2.653003950002e-7	8	3	composite	3·31·233
2748	22584	2.643818872931e-7	16	3	composite	2^3·3·941
2749	22531	2.640836663515e-7	2	1	prime	22531 (prime)
2750	22319	2.632954189368e-7	4	2	composite	11·2029
2751	21837	2.624908640905e-7	8	3	composite	3·29·251
2752	21447	2.622568221158e-7	6	2	composite	3^2·2383
2753	22229	2.621120599096e-7	2	1	prime	22229 (prime)
2754	20425	2.617260109259e-7	12	3	composite	5^2·19·43
2755	20468	2.615141047396e-7	24	4	composite	2^2·7·17·43
2756	22595	2.607997601537e-7	4	2	composite	5·4519
2757	20426	2.606080901725e-7	8	3	composite	2·7·1459
2758	21525	2.587322664511e-7	24	4	composite	3·5^2·7·41
2759	22309	2.586932646533e-7	4	2	composite	7·3187
2760	22542	2.572572826128e-7	24	4	composite	2·3·13·17^2
2761	21044	2.570029734360e-7	6	2	composite	2^2·5261
2762	22585	2.569021861012e-7	4	2	composite	5·4517
2763	20467	2.564533182517e-7	4	2	composite	97·211
2764	20149	2.563401920334e-7	2	1	prime	20149 (prime)
2765	20823	2.550228019552e-7	8	3	composite	3·11·631
2766	20456	2.545539568132e-7	8	2	composite	2^3·2557
2767	21094	2.527913594223e-7	8	3	composite	2·53·199
2768	20457	2.525742956624e-7	6	2	composite	3^2·2273
2769	21700	2.524167342279e-7	36	4	composite	2^2·5^2·7·31
2770	638976	2.517763885777e-7	60	3	composite	2^14·3·13
2771	22280	2.510426088132e-7	16	3	composite	2^3·5·557
2772	22407	2.495288418770e-7	16	4	composite	3·7·11·97
2773	86011	2.488705786050e-7	2	1	prime	86011 (prime)
2774	86017	2.488116821359e-7	2	1	prime	86017 (prime)
2775	253952	2.486978348245e-7	28	2	composite	2^13·31
2776	20303	2.481771937111e-7	4	2	composite	79·257
2777	22474	2.478906020881e-7	8	3	composite	2·17·661
2778	21838	2.478454228190e-7	8	3	composite	2·61·179
2779	12281	2.466979350170e-7	2	1	prime	12281 (prime)
2780	22505	2.460550233294e-7	8	3	composite	5·7·643
2781	787	2.459020302728e-7	2	1	prime	787 (prime)
2782	21446	2.453822373851e-7	4	2	composite	2·10723
2783	22290	2.453375162513e-7	16	4	composite	2·3·5·743
2784	21834	2.450884004323e-7	12	3	composite	2·3^2·1213
2785	22471	2.442908860717e-7	4	2	composite	23·977
2786	22310	2.434149989713e-7	16	4	composite	2·5·23·97
2787	22470	2.422200257231e-7	32	5	composite	2·3·5·7·107
2788	21516	2.420020002066e-7	24	4	composite	2^2·3·11·163
2789	20720	2.403886920549e-7	40	4	composite	2^4·5·7·37
2790	21185	2.397449906142e-7	8	3	composite	5·19·223
2791	20728	2.393601665377e-7	8	2	composite	2^3·2591
2792	20325	2.392532628787e-7	12	3	composite	3·5^2·271
2793	22851	2.386366540228e-7	6	2	composite	3^2·2539
2794	20135	2.382048310189e-7	4	2	composite	5·4027
2795	20948	2.376744998500e-7	6	2	composite	2^2·5237
2796	20626	2.375453784618e-7	4	2	composite	2·10313
2797	22826	2.367403466298e-7	8	3	composite	2·101·113
2798	87293	2.366241024233e-7	2	1	prime	87293 (prime)
2799	87299	2.365683479749e-7	2	1	prime	87299 (prime)
2800	22033	2.357750231708e-7	4	2	composite	11·2003
2801	114688	2.346159775543e-7	30	2	composite	2^14·7
2802	22847	2.337703538996e-7	8	3	composite	11·31·67
2803	21115	2.320971843210e-7	8	3	composite	5·41·103
2804	22574	2.316286744044e-7	4	2	composite	2·11287
2805	21445	2.283695142825e-7	4	2	composite	5·4289
2806	21455	2.279411010207e-7	8	3	composite	5·7·613
2807	21217	2.278850740889e-7	6	2	composite	7^2·433
2808	20857	2.269763236712e-7	2	1	prime	20857 (prime)
2809	20803	2.267579646674e-7	4	2	composite	71·293
2810	20321	2.263448807523e-7	4	2	composite	7·2903
2811	21873	2.258716897232e-7	8	3	composite	3·23·317
2812	20183	2.250266630698e-7	2	1	prime	20183 (prime)
2813	21403	2.244770869496e-7	4	2	composite	17·1259
2814	21833	2.235390451047e-7	4	2	composite	7·3119
2815	22516	2.223941542683e-7	12	3	composite	2^2·13·433
2816	20538	2.218173066100e-7	24	4	composite	2·3^2·7·163
2817	21756	2.215828855116e-7	36	4	composite	2^2·3·7^2·37
2818	491520	2.213097498195e-7	64	3	composite	2^15·3·5
2819	21384	2.212948407208e-7	48	3	composite	2^3·3^5·11
2820	20077	2.200967625282e-7	4	2	composite	17·1181
2821	22506	2.198812842113e-7	24	4	composite	2·3·11^2·31
2822	21073	2.196346268212e-7	4	2	composite	13·1621
2823	22490	2.188446769929e-7	16	4	composite	2·5·13·173
2824	21596	2.180430625480e-7	6	2	composite	2^2·5399
2825	89399	2.178987158676e-7	2	1	prime	89399 (prime)
2826	89413	2.177797081805e-7	2	1	prime	89413 (prime)
2827	22311	2.176196627108e-7	12	3	composite	3^2·37·67
2828	8	2.174938189072e-7	4	1	composite	2^3
2829	21779	2.170099879316e-7	4	2	composite	29·751
2830	20451	2.164434329615e-7	8	3	composite	3·17·401
2831	22573	2.150336708337e-7	2	1	prime	22573 (prime)
2832	22820	2.146231722142e-7	24	4	composite	2^2·5·7·163
2833	21443	2.142348196150e-7	4	2	composite	41·523
2834	22050	2.140630181424e-7	54	4	composite	2·3^2·5^2·7^2
2835	22587	2.140300981162e-7	4	2	composite	3·7529
2836	22472	2.138479196987e-7	12	2	composite	2^3·53^2
2837	21	2.137912485635e-7	4	2	composite	3·7
2838	90089	2.121154242615e-7	2	1	prime	90089 (prime)
2839	90107	2.119667746885e-7	2	1	prime	90107 (prime)
2840	21051	2.116395844848e-7	6	2	composite	3^2·2339
2841	22784	2.114020128382e-7	18	2	composite	2^8·89
2842	21143	2.104430191748e-7	2	1	prime	21143 (prime)
2843	21142	2.099260801080e-7	12	3	composite	2·11·31^2
2844	20271	2.098666207203e-7	8	3	composite	3·29·233
2845	20061	2.091380304601e-7	8	2	composite	3^3·743
2846	20	2.091368369297e-7	6	2	composite	2^2·5
2847	21772	2.091342364483e-7	6	2	composite	2^2·5443
2848	21781	2.085819637749e-7	4	2	composite	23·947
2849	21444	2.084504562921e-7	12	3	composite	2^2·3·1787
2850	20805	2.080588195677e-7	16	4	composite	3·5·19·73
2851	22312	2.078245156539e-7	8	2	composite	2^3·2789
2852	90709	2.070588338020e-7	2	1	prime	90709 (prime)
2853	90731	2.068817892297e-7	2	1	prime	90731 (prime)
2854	22586	2.065330975018e-7	8	3	composite	2·23·491
2855	22783	2.054100049679e-7	2	1	prime	22783 (prime)
2856	20465	2.053410470702e-7	4	2	composite	5·4093
2857	21151	2.052630784425e-7	4	2	composite	13·1627
2858	21324	2.050453863506e-7	12	3	composite	2^2·3·1777
2859	20971	2.019658061207e-7	4	2	composite	67·313
2860	20759	2.016863642558e-7	2	1	prime	20759 (prime)
2861	22473	2.015709634692e-7	12	3	composite	3^2·11·227
2862	21370	2.004496918201e-7	8	3	composite	2·5·2137
2863	22074	2.002689538014e-7	16	4	composite	2·3·13·283
2864	22571	2.001860032504e-7	2	1	prime	22571 (prime)
2865	21321	1.995243864443e-7	12	3	composite	3^2·23·103
2866	22570	1.993049190478e-7	16	4	composite	2·5·37·61
2867	20947	1.991449062434e-7	2	1	prime	20947 (prime)
2868	21776	1.986960974744e-7	10	2	composite	2^4·1361
2869	20076	1.984110736407e-7	24	4	composite	2^2·3·7·239
2870	22588	1.980467407786e-7	6	2	composite	2^2·5647
2871	22313	1.980345520029e-7	4	2	composite	53·421
2872	20796	1.977337029166e-7	12	3	composite	2^2·3·1733
2873	22527	1.965718806650e-7	6	2	composite	3^2·2503
2874	22569	1.958670905382e-7	4	2	composite	3·7523
2875	286720	1.953239667970e-7	56	3	composite	2^13·5·7
2876	21709	1.953073090219e-7	4	2	composite	17·1277
2877	21230	1.948908594895e-7	16	4	composite	2·5·11·193
2878	21363	1.940515613637e-7	4	2	composite	3·7121
2879	22316	1.937391342860e-7	12	3	composite	2^2·7·797
2880	21100	1.935866520129e-7	18	3	composite	2^2·5^2·211
2881	196608	1.925493914555e-7	34	2	composite	2^16·3
2882	22543	1.923595041304e-7	2	1	prime	22543 (prime)
2883	20459	1.919897423693e-7	4	2	composite	41·499
2884	22773	1.914500232502e-7	4	2	composite	3·7591
2885	422656	1.913674533500e-7	36	3	composite	2^8·13·127
2886	20873	1.901616109318e-7	2	1	prime	20873 (prime)
2887	22562	1.899279706636e-7	8	3	composite	2·29·389
2888	20148	1.891754227565e-7	24	4	composite	2^2·3·23·73
2889	21671	1.891251006146e-7	4	2	composite	13·1667
2890	93179	1.881520585808e-7	2	1	prime	93179 (prime)
2891	93187	1.880938801900e-7	2	1	prime	93187 (prime)
2892	21093	1.872936205603e-7	8	3	composite	3·79·89
2893	21116	1.870315294005e-7	6	2	composite	2^2·5279
2894	22567	1.865610554397e-7	2	1	prime	22567 (prime)
2895	22589	1.854886968514e-7	6	2	composite	7^2·461
2896	22314	1.851245947739e-7	8	3	composite	2·3·3719
2897	22852	1.849715199939e-7	12	3	composite	2^2·29·197
2898	20925	1.836427898223e-7	24	3	composite	3^3·5^2·31
2899	20319	1.836092425260e-7	8	3	composite	3·13·521
2900	22288	1.823923809441e-7	20	3	composite	2^4·7·199
2901	21454	1.822713702609e-7	8	3	composite	2·17·631
2902	688128	1.822282322784e-7	64	3	composite	2^15·3·7
2903	22592	1.821885340970e-7	14	2	composite	2^6·353
2904	21588	1.813831702462e-7	24	4	composite	2^2·3·7·257
2905	20060	1.813547891429e-7	24	4	composite	2^2·5·17·59
2906	22666	1.810382989781e-7	8	3	composite	2·7·1619
2907	21371	1.808782996014e-7	8	3	composite	7·43·71
2908	36871	1.807884704883e-7	2	1	prime	36871 (prime)
2909	22692	1.807064232223e-7	24	4	composite	2^2·3·31·61
2910	22566	1.803541480992e-7	8	3	composite	2·3·3761
2911	21878	1.792515817301e-7	4	2	composite	2·10939
2912	22853	1.790424296526e-7	2	1	prime	22853 (prime)
2913	327640	1.783556737658e-7	16	3	composite	2^3·5·8191
2914	14	1.781127145841e-7	4	2	composite	2·7
2915	22392	1.778985864443e-7	24	3	composite	2^3·3^2·311
2916	22489	1.777079490969e-7	4	2	composite	43·523
2917	21670	1.776256181522e-7	16	4	composite	2·5·11·197
2918	20464	1.770832600553e-7	10	2	composite	2^4·1279
2919	20858	1.769426990832e-7	4	2	composite	2·10429
2920	22699	1.765636064968e-7	2	1	prime	22699 (prime)
2921	20422	1.765036466148e-7	4	2	composite	2·10211
2922	21263	1.763553395123e-7	4	2	composite	11·1933
2923	22565	1.760115101298e-7	4	2	composite	5·4513
2924	21442	1.757182181604e-7	8	3	composite	2·71·151
2925	22561	1.757047672833e-7	8	3	composite	7·11·293
2926	21738	1.756051500313e-7	8	3	composite	2·3·3623
2927	21395	1.753056534675e-7	8	3	composite	5·11·389
2928	20533	1.746107139081e-7	2	1	prime	20533 (prime)
2929	95231	1.738321695693e-7	2	1	prime	95231 (prime)
2930	95233	1.738187846691e-7	2	1	prime	95233 (prime)
2931	22058	1.734903625691e-7	8	3	composite	2·41·269
2932	20130	1.734160311629e-7	32	5	composite	2·3·5·11·61
2933	21074	1.731932602575e-7	8	3	composite	2·41·257
2934	20941	1.713766315064e-7	4	2	composite	43·487
2935	21375	1.709081628875e-7	24	3	composite	3^2·5^3·19
2936	22564	1.709080219468e-7	6	2	composite	2^2·5641
2937	22507	1.705824309880e-7	4	2	composite	71·317
2938	22857	1.698968243901e-7	8	3	composite	3·19·401
2939	21241	1.692680548353e-7	4	2	composite	11·1931
2940	22649	1.688556557380e-7	8	3	composite	11·29·71
2941	22594	1.686673584330e-7	16	4	composite	2·11·13·79
2942	21127	1.685139866158e-7	4	2	composite	37·571
2943	21926	1.679131990465e-7	8	3	composite	2·19·577
2944	120	1.675754956735e-7	16	3	composite	2^3·3·5
2945	22563	1.665214439902e-7	12	3	composite	3^2·23·109
2946	19	1.662988747838e-7	2	1	prime	19 (prime)
2947	20739	1.651165669411e-7	8	3	composite	3·31·223
2948	20176	1.647791921512e-7	20	3	composite	2^4·13·97
2949	20458	1.638481485890e-7	8	3	composite	2·53·193
2950	21520	1.634596310174e-7	20	3	composite	2^4·5·269
2951	21979	1.624997299563e-7	4	2	composite	31·709
2952	21526	1.623905692491e-7	8	3	composite	2·47·229
2953	887040	1.622692556348e-7	216	5	composite	2^8·3^2·5·7·11
2954	21698	1.622323797318e-7	8	3	composite	2·19·571
2955	21714	1.614694144518e-7	32	5	composite	2·3·7·11·47
2956	22376	1.608074917644e-7	8	2	composite	2^3·2797
2957	20260	1.599833117436e-7	12	3	composite	2^2·5·1013
2958	21517	1.592850337117e-7	2	1	prime	21517 (prime)
2959	97523	1.591750176841e-7	2	1	prime	97523 (prime)
2960	97547	1.590285157995e-7	2	1	prime	97547 (prime)
2961	13	1.585701667918e-7	2	1	prime	13 (prime)
2962	21755	1.583365330086e-7	8	3	composite	5·19·229
2963	20448	1.579145303486e-7	36	3	composite	2^5·3^2·71
2964	22854	1.573892787209e-7	16	4	composite	2·3·13·293
2965	21771	1.572291206518e-7	12	3	composite	3^2·41·59
2966	20129	1.569143197249e-7	2	1	prime	20129 (prime)
2967	20472	1.558949542989e-7	16	3	composite	2^3·3·853
2968	20729	1.554889528393e-7	4	2	composite	19·1091
2969	20261	1.553454400611e-7	2	1	prime	20261 (prime)
2970	21782	1.548971500296e-7	4	2	composite	2·10891
2971	9923	1.547105814335e-7	2	1	prime	9923 (prime)
2972	98269	1.546857903913e-7	2	1	prime	98269 (prime)
2973	21713	1.546296922385e-7	2	1	prime	21713 (prime)
2974	98297	1.545198610245e-7	2	1	prime	98297 (prime)
2975	20871	1.545125595491e-7	8	2	composite	3^3·773
2976	98299	1.545080154093e-7	2	1	prime	98299 (prime)
2977	98317	1.544014518271e-7	2	1	prime	98317 (prime)
2978	21117	1.540900197230e-7	4	2	composite	3·7039
2979	21753	1.538876414130e-7	6	2	composite	3^2·2417
2980	21830	1.538028366571e-7	16	4	composite	2·5·37·59
2981	21092	1.536677698098e-7	6	2	composite	2^2·5273
2982	20461	1.536366843385e-7	8	3	composite	7·37·79
2983	20687	1.531675533848e-7	4	2	composite	137·151
2984	20114	1.526684939736e-7	8	3	composite	2·89·113
2985	21675	1.519649999398e-7	18	3	composite	3·5^2·17^2
2986	1019	1.513163700251e-7	2	1	prime	1019 (prime)
2987	20118	1.512861221814e-7	16	4	composite	2·3·7·479
2988	21050	1.512319655550e-7	12	3	composite	2·5^2·421
2989	20758	1.510722626180e-7	8	3	composite	2·97·107
2990	21369	1.508157328093e-7	8	3	composite	3·17·419
2991	20886	1.499503314445e-7	12	3	composite	2·3·59^2
2992	22406	1.488012526032e-7	8	3	composite	2·17·659
2993	22530	1.486228216952e-7	16	4	composite	2·3·5·751
2994	21046	1.484365586693e-7	8	3	composite	2·17·619
2995	20806	1.481149000640e-7	8	3	composite	2·101·103
2996	22073	1.480274406068e-7	2	1	prime	22073 (prime)
2997	21025	1.471128667957e-7	9	2	composite	5^2·29^2
2998	22591	1.466533104113e-7	8	3	composite	19·29·41
2999	21059	1.465954556105e-7	2	1	prime	21059 (prime)
3000	21229	1.456391398728e-7	8	3	composite	13·23·71
3001	21372	1.449048153660e-7	24	4	composite	2^2·3·13·137
3002	21757	1.448498127445e-7	2	1	prime	21757 (prime)
3003	22318	1.443864586169e-7	4	2	composite	2·11159
3004	20147	1.441011355616e-7	2	1	prime	20147 (prime)
3005	22869	1.438952974671e-7	24	3	composite	3^3·7·11^2
3006	20977	1.437399436390e-7	4	2	composite	11·1907
3007	21829	1.431383085691e-7	4	2	composite	83·263
3008	20462	1.429165803822e-7	8	3	composite	2·13·787
3009	100343	1.428769379872e-7	2	1	prime	100343 (prime)
3010	100357	1.428004438574e-7	2	1	prime	100357 (prime)
3011	20682	1.424914962125e-7	16	3	composite	2·3^3·383
3012	22782	1.423127638012e-7	8	3	composite	2·3·3797
3013	15	1.413978739184e-7	4	2	composite	3·5
3014	105664	1.406324856696e-7	28	3	composite	2^6·13·127
3015	22317	1.406238367173e-7	8	3	composite	3·43·173
3016	22035	1.405038011222e-7	16	4	composite	3·5·13·113
3017	21262	1.404972376330e-7	4	2	composite	2·10631
3018	21233	1.404763693560e-7	4	2	composite	17·1249
3019	100799	1.404067670312e-7	2	1	prime	100799 (prime)
3020	100801	1.403960293895e-7	2	1	prime	100801 (prime)
3021	21758	1.403557265357e-7	16	4	composite	2·11·23·43
3022	20945	1.399510448043e-7	8	3	composite	5·59·71
3023	22665	1.377783807862e-7	8	3	composite	3·5·1511
3024	22544	1.374981997083e-7	10	2	composite	2^4·1409
3025	21759	1.371043641362e-7	4	2	composite	3·7253
3026	21761	1.369104533157e-7	4	2	composite	47·463
3027	1249	1.368336095080e-7	2	1	prime	1249 (prime)
3028	21373	1.367964642966e-7	8	3	composite	11·29·67
3029	21269	1.357971538804e-7	2	1	prime	21269 (prime)
3030	21441	1.357133305948e-7	8	3	composite	3·7·1021
3031	20264	1.351442262774e-7	16	3	composite	2^3·17·149
3032	21672	1.345657903452e-7	48	4	composite	2^3·3^2·7·43
3033	20894	1.327384830832e-7	8	3	composite	2·31·337
3034	20270	1.314517598020e-7	8	3	composite	2·5·2027
3035	22744	1.314351476240e-7	8	2	composite	2^3·2843
3036	21974	1.309154495125e-7	4	2	composite	2·10987
3037	20955	1.306132028798e-7	16	4	composite	3·5·11·127
3038	21389	1.288415309317e-7	4	2	composite	73·293
3039	22651	1.284946886632e-7	2	1	prime	22651 (prime)
3040	103141	1.283869166965e-7	2	1	prime	103141 (prime)
3041	103171	1.282398952074e-7	2	1	prime	103171 (prime)
3042	20872	1.282235198997e-7	8	2	composite	2^3·2609
3043	21118	1.275009760329e-7	4	2	composite	2·10559
3044	22321	1.267675999543e-7	8	3	composite	13·17·101
3045	22525	1.267400303430e-7	12	3	composite	5^2·17·53
3046	20892	1.261853039364e-7	12	3	composite	2^2·3·1741
3047	22055	1.256068147894e-7	8	3	composite	5·11·401
3048	22653	1.255753249904e-7	8	2	composite	3^3·839
3049	21394	1.243749112781e-7	8	3	composite	2·19·563
3050	401408	1.239026676607e-7	42	2	composite	2^13·7^2
3051	20317	1.238271342645e-7	4	2	composite	11·1847
3052	21975	1.236937814129e-7	12	3	composite	3·5^2·293
3053	22475	1.230027844413e-7	12	3	composite	5^2·29·31
3054	20757	1.223540586425e-7	16	4	composite	3·11·17·37
3055	5	1.221571931591e-7	2	1	prime	5 (prime)
3056	21397	1.221268563800e-7	2	1	prime	21397 (prime)
3057	22347	1.219562361014e-7	12	3	composite	3^2·13·191
3058	22648	1.218801080013e-7	16	3	composite	2^3·19·149
3059	21234	1.218775435114e-7	8	3	composite	2·3·3539
3060	21393	1.217666031756e-7	6	2	composite	3^2·2377
3061	22166	1.212711162325e-7	4	2	composite	2·11083
3062	20128	1.211608218216e-7	24	3	composite	2^5·17·37
3063	21045	1.205025499170e-7	16	4	composite	3·5·23·61
3064	21763	1.200983780506e-7	4	2	composite	7·3109
3065	22508	1.197989994685e-7	12	3	composite	2^2·17·331
3066	20972	1.195652543747e-7	18	3	composite	2^2·7^2·107
3067	22072	1.194956604592e-7	16	3	composite	2^3·31·89
3068	21828	1.192577483588e-7	24	4	composite	2^2·3·17·107
3069	21318	1.188911258278e-7	32	5	composite	2·3·11·17·19
3070	21673	1.181608969212e-7	2	1	prime	21673 (prime)
3071	21783	1.180228726966e-7	8	3	composite	3·53·137
3072	22821	1.175677067746e-7	4	2	composite	3·7607
3073	720808	1.168593098521e-7	16	3	composite	2^3·11·8191
3074	21091	1.168356868576e-7	8	3	composite	7·23·131
3075	105653	1.166436048990e-7	2	1	prime	105653 (prime)
3076	105667	1.165812612977e-7	2	1	prime	105667 (prime)
3077	59	1.159656707736e-7	2	1	prime	59 (prime)
3078	20307	1.152586304534e-7	8	3	composite	3·7·967
3079	21391	1.145639352505e-7	2	1	prime	21391 (prime)
3080	22509	1.145636522256e-7	12	3	composite	3^2·41·61
3081	22488	1.144315060930e-7	16	3	composite	2^3·3·937
3082	21827	1.143903740554e-7	8	3	composite	13·23·73
3083	21265	1.143858249839e-7	4	2	composite	5·4253
3084	22855	1.143367947449e-7	8	3	composite	5·7·653
3085	20807	1.137837076593e-7	2	1	prime	20807 (prime)
3086	106453	1.131337429533e-7	2	1	prime	106453 (prime)
3087	106487	1.129869200593e-7	2	1	prime	106487 (prime)
3088	21388	1.123136340754e-7	6	2	composite	2^2·5347
3089	21374	1.121807054127e-7	4	2	composite	2·10687
3090	22843	1.118833957553e-7	4	2	composite	53·431
3091	22228	1.118335472177e-7	6	2	composite	2^2·5557
3092	20177	1.115452738381e-7	2	1	prime	20177 (prime)
3093	21386	1.110769837351e-7	12	3	composite	2·17^2·37
3094	22513	1.099604765670e-7	4	2	composite	47·479
3095	21764	1.098604588357e-7	6	2	composite	2^2·5441
3096	21387	1.098360888636e-7	4	2	composite	3·7129
3097	21751	1.095563697454e-7	2	1	prime	21751 (prime)
3098	20938	1.095445932570e-7	12	3	composite	2·19^2·29
3099	6	1.090169836782e-7	4	2	composite	2·3
3100	22868	1.083515209852e-7	6	2	composite	2^2·5717
3101	380928	1.079906465717e-7	52	3	composite	2^12·3·31
3102	20939	1.079201170492e-7	2	1	prime	20939 (prime)
3103	20062	1.078687437383e-7	8	3	composite	2·7·1433
3104	21518	1.074508714701e-7	16	4	composite	2·7·29·53
3105	21261	1.073619106715e-7	8	3	composite	3·19·373
3106	22558	1.073433534639e-7	4	2	composite	2·11279
3107	20942	1.073212509257e-7	8	3	composite	2·37·283
3108	20064	1.071600618786e-7	48	4	composite	2^5·3·11·19
3109	22356	1.062867380542e-7	36	3	composite	2^2·3^5·23
3110	21228	1.054671900813e-7	24	4	composite	2^2·3·29·61
3111	851864	1.051337483534e-7	16	3	composite	2^3·13·8191
3112	20804	1.049933073471e-7	12	3	composite	2^2·7·743
3113	21826	1.046443759794e-7	8	3	composite	2·7·1559
3114	20936	1.046083909792e-7	8	2	composite	2^3·2617
3115	21399	1.035845631202e-7	8	3	composite	3·7·1019
3116	20935	1.031607375360e-7	8	3	composite	5·53·79
3117	22751	1.030837753366e-7	2	1	prime	22751 (prime)
3118	22572	1.030418742193e-7	48	4	composite	2^2·3^3·11·19
3119	20075	1.029498512961e-7	12	3	composite	5^2·11·73
3120	20306	1.029437225676e-7	16	4	composite	2·11·13·71
3121	21225	1.023227129724e-7	12	3	composite	3·5^2·283
3122	21712	1.022602766515e-7	20	3	composite	2^4·23·59
3123	20934	1.021484950402e-7	12	3	composite	2·3^2·1163
3124	22349	1.013986516197e-7	2	1	prime	22349 (prime)
3125	20887	1.006547823630e-7	2	1	prime	20887 (prime)
3126	21398	1.004139470445e-7	8	3	composite	2·13·823
3127	21765	9.959238758317e-8	8	3	composite	3·5·1451
3128	20940	9.918704894901e-8	24	4	composite	2^2·3·5·349
3129	21130	9.888842252354e-8	8	3	composite	2·5·2113
3130	21119	9.887978987226e-8	6	2	composite	7^2·431
3131	22340	9.852778452398e-8	12	3	composite	2^2·5·1117
3132	22856	9.831796102910e-8	8	2	composite	2^3·2857
3133	21110	9.763319671786e-8	8	3	composite	2·5·2111
3134	20756	9.758978170207e-8	6	2	composite	2^2·5189
3135	20137	9.656882244703e-8	4	2	composite	13·1549
3136	22825	9.646090787587e-8	12	3	composite	5^2·11·83
3137	458696	9.625837976477e-8	16	3	composite	2^3·7·8191
3138	917497	9.624629128430e-8	4	2	composite	7·131071
3139	22399	9.619544835987e-8	4	2	composite	13·1723
3140	22476	9.611027414221e-8	12	3	composite	2^2·3·1873
3141	21674	9.604095112240e-8	4	2	composite	2·10837
3142	22664	9.595539805224e-8	8	2	composite	2^3·2833
3143	22524	9.592481542303e-8	12	3	composite	2^2·3·1877
3144	110879	9.551702443937e-8	2	1	prime	110879 (prime)
3145	110881	9.550970485658e-8	2	1	prime	110881 (prime)
3146	20305	9.486101151282e-8	8	3	composite	5·31·131
3147	22693	9.481790251880e-8	4	2	composite	11·2063
3148	111103	9.470063709677e-8	2	1	prime	111103 (prime)
3149	111109	9.467886343460e-8	2	1	prime	111109 (prime)
3150	20622	9.413207559783e-8	16	4	composite	2·3·7·491
3151	22590	9.264509114602e-8	24	4	composite	2·3^2·5·251
3152	21077	9.237344845756e-8	4	2	composite	7·3011
3153	20379	9.226739365737e-8	4	2	composite	3·6793
3154	21139	9.186425513694e-8	2	1	prime	21139 (prime)
3155	21439	9.172327671712e-8	4	2	composite	11·1949
3156	21831	9.170276843209e-8	8	3	composite	3·19·383
3157	21766	9.136686985300e-8	4	2	composite	2·10883
3158	823543	9.126253727417e-8	8	1	composite	7^7
3159	22348	9.049250353702e-8	12	3	composite	2^2·37·151
3160	21385	9.034488713359e-8	16	4	composite	5·7·13·47
3161	20127	9.028598222750e-8	4	2	composite	3·6709
3162	21189	8.996928838057e-8	8	3	composite	3·7·1009
3163	22781	8.969772998850e-8	8	3	composite	11·19·109
3164	655355	8.917744838432e-8	4	2	composite	5·131071
3165	21978	8.809557220635e-8	32	4	composite	2·3^3·11·37
3166	20074	8.796241061798e-8	4	2	composite	2·10037
3167	1399	8.794022878156e-8	2	1	prime	1399 (prime)
3168	22398	8.706586356169e-8	8	3	composite	2·3·3733
3169	21200	8.650499682876e-8	30	3	composite	2^4·5^2·53
3170	22774	8.644606970061e-8	8	3	composite	2·59·193
3171	21187	8.621321074255e-8	2	1	prime	21187 (prime)
3172	22522	8.617051072254e-8	4	2	composite	2·11261
3173	113783	8.544100059904e-8	2	1	prime	113783 (prime)
3174	113797	8.539499529337e-8	2	1	prime	113797 (prime)
3175	22397	8.522470412833e-8	2	1	prime	22397 (prime)
3176	21251	8.521652976167e-8	4	2	composite	79·269
3177	554400	8.500424233940e-8	216	5	composite	2^5·3^2·5^2·7·11
3178	20932	8.448999650995e-8	6	2	composite	2^2·5233
3179	22396	8.433707097541e-8	12	3	composite	2^2·11·509
3180	22351	8.430497397126e-8	8	3	composite	7·31·103
3181	22393	8.424456990054e-8	6	2	composite	7^2·457
3182	22394	8.414312577451e-8	4	2	composite	2·11197
3183	20943	8.398805646733e-8	12	3	composite	3^2·13·179
3184	22395	8.388421763779e-8	8	3	composite	3·5·1493
3185	20937	8.377129583789e-8	8	3	composite	3·7·997
3186	20116	8.349840969070e-8	12	3	composite	2^2·47·107
3187	21697	8.347422824297e-8	4	2	composite	13·1669
3188	784	8.333070255282e-8	15	2	composite	2^4·7^2
3189	21141	8.315526154833e-8	14	2	composite	3^6·29
3190	21767	8.295795086412e-8	2	1	prime	21767 (prime)
3191	20933	8.295529757514e-8	6	2	composite	11^2·173
3192	114671	8.256934051094e-8	2	1	prime	114671 (prime)
3193	22846	8.254604846757e-8	4	2	composite	2·11423
3194	114679	8.254389363402e-8	2	1	prime	114679 (prime)
3195	114689	8.251209470647e-8	2	1	prime	114689 (prime)
3196	21188	8.222018168119e-8	6	2	composite	2^2·5297
3197	22575	8.215438564157e-8	24	4	composite	3·5^2·7·43
3198	22510	8.160860555532e-8	8	3	composite	2·5·2251
3199	21823	8.145625159080e-8	4	2	composite	139·157
3200	22557	8.103437757508e-8	8	3	composite	3·73·103
3201	22069	8.030111891733e-8	4	2	composite	29·761
3202	20808	8.004402750083e-8	36	3	composite	2^3·3^2·17^2
3203	22698	7.955902534858e-8	24	4	composite	2·3^2·13·97
3204	21194	7.948001650215e-8	4	2	composite	2·10597
3205	33792	7.946370860843e-8	44	3	composite	2^10·3·11
3206	22343	7.940708061894e-8	2	1	prime	22343 (prime)
3207	21191	7.935617913501e-8	2	1	prime	21191 (prime)
3208	22345	7.899700086537e-8	8	3	composite	5·41·109
3209	20862	7.879208668899e-8	24	4	composite	2·3^2·19·61
3210	21390	7.869814010375e-8	32	5	composite	2·3·5·23·31
3211	21196	7.869437835333e-8	12	3	composite	2^2·7·757
3212	21193	7.853067353352e-8	2	1	prime	21193 (prime)
3213	22487	7.838757438856e-8	4	2	composite	113·199
3214	21152	7.813369343917e-8	12	2	composite	2^5·661
3215	21383	7.807181265636e-8	2	1	prime	21383 (prime)
3216	20537	7.801848458363e-8	4	2	composite	11·1867
3217	21227	7.751828098359e-8	2	1	prime	21227 (prime)
3218	20262	7.733829675276e-8	16	4	composite	2·3·11·307
3219	21190	7.709210344100e-8	16	4	composite	2·5·13·163
3220	21186	7.702890301467e-8	24	4	composite	2·3^2·11·107
3221	21140	7.698858548138e-8	24	4	composite	2^2·5·7·151
3222	21260	7.693581487714e-8	12	3	composite	2^2·5·1063
3223	21368	7.682974050596e-8	8	2	composite	2^3·2671
3224	20755	7.673409137405e-8	8	3	composite	5·7·593
3225	22322	7.673338725455e-8	4	2	composite	2·11161
3226	20145	7.667439065612e-8	16	4	composite	3·5·17·79
3227	22342	7.614388436063e-8	4	2	composite	2·11171
3228	20931	7.608100537596e-8	4	2	composite	3·6977
3229	21589	7.587375551752e-8	2	1	prime	21589 (prime)
3230	20820	7.587222306856e-8	24	4	composite	2^2·3·5·347
3231	21078	7.577533387505e-8	12	3	composite	2·3^2·1171
3232	20730	7.555614654055e-8	16	4	composite	2·3·5·691
3233	20814	7.540306145902e-8	8	3	composite	2·3·3469
3234	997933	7.534949719989e-8	2	1	prime	997933 (prime)
3235	997897	7.534805247178e-8	2	1	prime	997897 (prime)
3236	20683	7.524352024461e-8	8	3	composite	13·37·43
3237	21364	7.506525827394e-8	18	3	composite	2^2·7^2·109
3238	20136	7.497701864931e-8	16	3	composite	2^3·3·839
3239	983063	7.474498012434e-8	2	1	prime	983063 (prime)
3240	21739	7.461883596927e-8	2	1	prime	21739 (prime)
3241	20315	7.393822284305e-8	8	3	composite	5·17·239
3242	22391	7.364966260396e-8	2	1	prime	22391 (prime)
3243	20859	7.353222865986e-8	8	3	composite	3·17·409
3244	21192	7.352069039805e-8	16	3	composite	2^3·3·883
3245	22036	7.320335300082e-8	12	3	composite	2^2·7·787
3246	21822	7.283689188909e-8	8	3	composite	2·3·3637
3247	21197	7.283135780469e-8	8	3	composite	11·41·47
3248	21594	7.267260720020e-8	16	4	composite	2·3·59·61
3249	21079	7.265698502181e-8	4	2	composite	107·197
3250	802816	7.237170292350e-8	45	2	composite	2^14·7^2
3251	917513	7.188039448824e-8	2	1	prime	917513 (prime)
3252	917503	7.187993084324e-8	2	1	prime	917503 (prime)
3253	917471	7.187844704684e-8	2	1	prime	917471 (prime)
3254	917407	7.187547926582e-8	2	1	prime	917407 (prime)
3255	917381	7.187427344978e-8	2	1	prime	917381 (prime)
3256	21377	7.166350054810e-8	2	1	prime	21377 (prime)
3257	910361	7.154657202179e-8	2	1	prime	910361 (prime)
3258	910307	7.154403457972e-8	2	1	prime	910307 (prime)
3259	22750	7.117549913556e-8	32	4	composite	2·5^3·7·13
3260	283	7.101060743945e-8	2	1	prime	283 (prime)
3261	22654	7.083870973009e-8	8	3	composite	2·47·241
3262	21235	7.073200072965e-8	8	3	composite	5·31·137
3263	21121	7.067579730333e-8	2	1	prime	21121 (prime)
3264	888857	7.051545320258e-8	2	1	prime	888857 (prime)
3265	888827	7.051398522247e-8	2	1	prime	888827 (prime)
3266	887057	7.042722468734e-8	2	1	prime	887057 (prime)
3267	10080	7.042642422945e-8	72	4	composite	2^5·3^2·5·7
3268	887017	7.042526056265e-8	2	1	prime	887017 (prime)
3269	21236	6.970894829869e-8	6	2	composite	2^2·5309
3270	720720	6.910703483985e-8	240	6	composite	2^4·3^2·5·7·11·13
3271	851881	6.864024892426e-8	2	1	prime	851881 (prime)
3272	851863	6.863930285086e-8	2	1	prime	851863 (prime)
3273	21075	6.859321479624e-8	12	3	composite	3·5^2·281
3274	22353	6.853636938111e-8	4	2	composite	3·7451
3275	845333	6.829386623752e-8	2	1	prime	845333 (prime)
3276	845309	6.829258837586e-8	2	1	prime	845309 (prime)
3277	21813	6.827510653477e-8	8	3	composite	3·11·661
3278	22477	6.808149227108e-8	12	3	composite	7·13^2·19
3279	20809	6.789649873018e-8	2	1	prime	20809 (prime)
3280	20381	6.786438107212e-8	4	2	composite	89·229
3281	20900	6.778100671164e-8	36	4	composite	2^2·5^2·11·19
3282	22068	6.769706497126e-8	18	3	composite	2^2·3^2·613
3283	20930	6.768328481613e-8	32	5	composite	2·5·7·13·23
3284	831617	6.755358069189e-8	2	1	prime	831617 (prime)
3285	831599	6.755259576253e-8	2	1	prime	831599 (prime)
3286	21138	6.755030847104e-8	16	4	composite	2·3·13·271
3287	20269	6.728758868198e-8	2	1	prime	20269 (prime)
3288	825347	6.720836558512e-8	2	1	prime	825347 (prime)
3289	825343	6.720814395782e-8	2	1	prime	825343 (prime)
3290	20263	6.672618002923e-8	4	2	composite	23·881
3291	1453	6.665691436656e-8	2	1	prime	1453 (prime)
3292	802829	6.593187186129e-8	2	1	prime	802829 (prime)
3293	802811	6.593082783936e-8	2	1	prime	802811 (prime)
3294	531441	6.558790617735e-8	13	1	composite	3^12
3295	22037	6.549920256653e-8	2	1	prime	22037 (prime)
3296	21821	6.540677482473e-8	2	1	prime	21821 (prime)
3297	499	6.539615189289e-8	2	1	prime	499 (prime)
3298	786433	6.496467886427e-8	2	1	prime	786433 (prime)
3299	786431	6.496455890687e-8	2	1	prime	786431 (prime)
3300	786419	6.496383885776e-8	2	1	prime	786419 (prime)
3301	786337	6.495891861147e-8	2	1	prime	786337 (prime)
3302	786329	6.495843860349e-8	2	1	prime	786329 (prime)
3303	22546	6.474820207085e-8	4	2	composite	2·11273
3304	780323	6.459575259077e-8	2	1	prime	780323 (prime)
3305	780287	6.459356486370e-8	2	1	prime	780287 (prime)
3306	22339	6.458371714985e-8	4	2	composite	89·251
3307	21154	6.388563805484e-8	8	3	composite	2·7·1511
3308	22330	6.384691981786e-8	32	5	composite	2·5·7·11·29
3309	21877	6.383802389343e-8	4	2	composite	131·167
3310	761861	6.345179805836e-8	2	1	prime	761861 (prime)
3311	761833	6.345002896008e-8	2	1	prime	761833 (prime)
3312	22338	6.337691323192e-8	24	4	composite	2·3^2·17·73
3313	22521	6.329317618799e-8	4	2	composite	3·7507
3314	3307	6.323132628929e-8	2	1	prime	3307 (prime)
3315	745477	6.239830474768e-8	2	1	prime	745477 (prime)
3316	745471	6.239791210414e-8	2	1	prime	745471 (prime)
3317	20929	6.213703701137e-8	2	1	prime	20929 (prime)
3318	21382	6.177987967597e-8	4	2	composite	2·10691
3319	20125	6.141226282842e-8	16	3	composite	5^3·7·23
3320	21749	6.134883872783e-8	8	3	composite	7·13·239
3321	20917	6.134385608918e-8	4	2	composite	13·1609
3322	720829	6.074137833339e-8	2	1	prime	720829 (prime)
3323	720793	6.073889235416e-8	2	1	prime	720793 (prime)
3324	720743	6.073543909088e-8	2	1	prime	720743 (prime)
3325	720703	6.073267628676e-8	2	1	prime	720703 (prime)
3326	21708	6.045141599679e-8	30	3	composite	2^2·3^4·67
3327	715289	6.035646550884e-8	2	1	prime	715289 (prime)
3328	715259	6.035436827870e-8	2	1	prime	715259 (prime)
3329	22486	6.026899687198e-8	4	2	composite	2·11243
3330	122869	6.002239186729e-8	2	1	prime	122869 (prime)
3331	122887	5.997987898354e-8	2	1	prime	122887 (prime)
3332	177147	5.976386508442e-8	12	1	composite	3^11
3333	43	5.956735426039e-8	2	1	prime	43 (prime)
3334	21090	5.926205422130e-8	32	5	composite	2·3·5·19·37
3335	20073	5.925445008574e-8	4	2	composite	3·6691
3336	22663	5.918111440742e-8	4	2	composite	131·173
3337	698371	5.915122822875e-8	2	1	prime	698371 (prime)
3338	698359	5.915035708683e-8	2	1	prime	698359 (prime)
3339	21378	5.906440183221e-8	16	4	composite	2·3·7·509
3340	20070	5.901921863921e-8	24	4	composite	2·3^2·5·223
3341	22867	5.898799343859e-8	4	2	composite	13·1759
3342	22745	5.875600794194e-8	4	2	composite	5·4549
3343	22556	5.868053330138e-8	6	2	composite	2^2·5639
3344	20126	5.865860272343e-8	8	3	composite	2·29·347
3345	21259	5.844452245511e-8	4	2	composite	7·3037
3346	21676	5.842782540144e-8	6	2	composite	2^2·5419
3347	688133	5.839931890128e-8	2	1	prime	688133 (prime)
3348	688111	5.839768434050e-8	2	1	prime	688111 (prime)
3349	953	5.805787448012e-8	2	1	prime	953 (prime)
3350	20534	5.792456218753e-8	4	2	composite	2·10267
3351	20760	5.751535004431e-8	32	4	composite	2^3·3·5·173
3352	263	5.749225751088e-8	2	1	prime	263 (prime)
3353	524224	5.731192246766e-8	14	2	composite	2^6·8191
3354	57337	5.723127787079e-8	4	2	composite	7·8191
3355	22388	5.670664410065e-8	12	3	composite	2^2·29·193
3356	665293	5.665729951140e-8	2	1	prime	665293 (prime)
3357	665279	5.665620353977e-8	2	1	prime	665279 (prime)
3358	21820	5.641427187396e-8	12	3	composite	2^2·5·1091
3359	22511	5.630359237653e-8	2	1	prime	22511 (prime)
3360	21785	5.625672745437e-8	4	2	composite	5·4357
3361	655357	5.587035068667e-8	2	1	prime	655357 (prime)
3362	655351	5.586986994573e-8	2	1	prime	655351 (prime)
3363	655283	5.586442126989e-8	2	1	prime	655283 (prime)
3364	655273	5.586361986530e-8	2	1	prime	655273 (prime)
3365	21376	5.575517854982e-8	16	2	composite	2^7·167
3366	524288	5.556396696929e-8	20	1	composite	2^19
3367	21226	5.554105227462e-8	4	2	composite	2·10613
3368	650261	5.545960994856e-8	2	1	prime	650261 (prime)
3369	650227	5.545685300093e-8	2	1	prime	650227 (prime)
3370	22337	5.543563878534e-8	4	2	composite	7·3191
3371	22858	5.484589201915e-8	8	3	composite	2·11·1039
3372	21137	5.479978715100e-8	4	2	composite	23·919
3373	21126	5.470320646974e-8	16	4	composite	2·3·7·503
3374	573440	5.459382555940e-8	60	3	composite	2^14·5·7
3375	524284	5.455588052973e-8	6	2	composite	2^2·131071
3376	638977	5.453242630309e-8	2	1	prime	638977 (prime)
3377	638971	5.453192669293e-8	2	1	prime	638971 (prime)
3378	21705	5.430597395751e-8	8	3	composite	3·5·1447
3379	634891	5.419054690989e-8	2	1	prime	634891 (prime)
3380	634871	5.418886527861e-8	2	1	prime	634871 (prime)
3381	21437	5.405672736190e-8	8	3	composite	13·17·97
3382	22056	5.390041771154e-8	16	3	composite	2^3·3·919
3383	630797	5.384465519057e-8	2	1	prime	630797 (prime)
3384	630737	5.383956103136e-8	2	1	prime	630737 (prime)
3385	21401	5.375494716614e-8	2	1	prime	21401 (prime)
3386	137	5.362923692443e-8	2	1	prime	137 (prime)
3387	20740	5.358752990351e-8	24	4	composite	2^2·5·17·61
3388	21153	5.341789463054e-8	8	3	composite	3·11·641
3389	22051	5.338405077802e-8	2	1	prime	22051 (prime)
3390	125963	5.310388670022e-8	2	1	prime	125963 (prime)
3391	126001	5.302359302687e-8	2	1	prime	126001 (prime)
3392	21819	5.299968456092e-8	8	3	composite	3·7·1039
3393	21477	5.295163935644e-8	4	2	composite	3·7159
3394	22775	5.292294495364e-8	6	2	composite	5^2·911
3395	21182	5.284576009991e-8	16	4	composite	2·7·17·89
3396	22320	5.279631050638e-8	60	4	composite	2^4·3^2·5·31
3397	21123	5.248890369589e-8	6	2	composite	3^2·2347
3398	21220	5.243048794704e-8	12	3	composite	2^2·5·1061
3399	20138	5.241375039572e-8	4	2	composite	2·10069
3400	21089	5.225430624848e-8	2	1	prime	21089 (prime)
3401	21198	5.223639691545e-8	8	3	composite	2·3·3533
3402	21237	5.221360036915e-8	4	2	composite	3·7079
3403	22341	5.183339902900e-8	8	3	composite	3·11·677
3404	20975	5.183221390592e-8	6	2	composite	5^2·839
3405	22049	5.179215791914e-8	4	2	composite	17·1297
3406	22323	5.167980049016e-8	8	3	composite	3·7·1063
3407	22034	5.139537470012e-8	8	3	composite	2·23·479
3408	22070	5.126125545489e-8	8	3	composite	2·5·2207
3409	313	5.119059520481e-8	2	1	prime	313 (prime)
3410	22335	5.107488730203e-8	8	3	composite	3·5·1489
3411	20753	5.105240938107e-8	2	1	prime	20753 (prime)
3412	21379	5.102065312998e-8	2	1	prime	21379 (prime)
3413	126967	5.101867865612e-8	2	1	prime	126967 (prime)
3414	126989	5.097381991579e-8	2	1	prime	126989 (prime)
3415	20748	5.097072214130e-8	48	5	composite	2^2·3·7·13·19
3416	20926	5.062828850436e-8	4	2	composite	2·10463
3417	20117	5.052404126832e-8	2	1	prime	20117 (prime)
3418	21381	5.033526525606e-8	4	2	composite	3·7127
3419	589829	5.018914476774e-8	2	1	prime	589829 (prime)
3420	589811	5.018745727008e-8	2	1	prime	589811 (prime)
3421	21770	4.916262097364e-8	16	4	composite	2·5·7·311
3422	20314	4.912120374248e-8	8	3	composite	2·7·1451
3423	20745	4.880893148401e-8	12	3	composite	3^2·5·461
3424	20752	4.877704383275e-8	10	2	composite	2^4·1297
3425	20746	4.865911439730e-8	16	4	composite	2·11·23·41
3426	573451	4.862229541314e-8	2	1	prime	573451 (prime)
3427	573437	4.862092870908e-8	2	1	prime	573437 (prime)
3428	21184	4.844283791044e-8	14	2	composite	2^6·331
3429	20011	4.839418792743e-8	2	1	prime	20011 (prime)
3430	22780	4.828950076230e-8	24	4	composite	2^2·5·17·67
3431	21101	4.827731207436e-8	2	1	prime	21101 (prime)
3432	20063	4.820256791002e-8	2	1	prime	20063 (prime)
3433	21125	4.816441238021e-8	12	2	composite	5^3·13^2
3434	21049	4.775932538991e-8	8	3	composite	7·31·97
3435	252000	4.755600730655e-8	144	4	composite	2^5·3^2·5^3·7
3436	117649	4.751797825892e-8	7	1	composite	7^6
3437	21402	4.750495754405e-8	24	4	composite	2·3^2·29·41
3438	22054	4.707608952318e-8	4	2	composite	2·11027
3439	20870	4.688580259141e-8	8	3	composite	2·5·2087
3440	554417	4.671939584938e-8	2	1	prime	554417 (prime)
3441	554383	4.671591508608e-8	2	1	prime	554383 (prime)
3442	21124	4.663514980504e-8	6	2	composite	2^2·5281
3443	21029	4.649686479072e-8	4	2	composite	17·1237
3444	4	4.643809472729e-8	3	1	composite	2^2
3445	21166	4.638709986998e-8	8	3	composite	2·19·557
3446	22334	4.618827005776e-8	8	3	composite	2·13·859
3447	21434	4.600760345921e-8	8	3	composite	2·7·1531
3448	21711	4.567611623922e-8	4	2	composite	3·7237
3449	20324	4.557866485806e-8	6	2	composite	2^2·5081
3450	22053	4.547712176261e-8	4	2	composite	3·7351
3451	520192	4.528869921553e-8	26	2	composite	2^12·127
3452	540677	4.528816491457e-8	2	1	prime	540677 (prime)
3453	540629	4.528307754704e-8	2	1	prime	540629 (prime)
3454	20741	4.513222811958e-8	4	2	composite	7·2963
3455	130043	4.507643973916e-8	2	1	prime	130043 (prime)
3456	130051	4.506182009741e-8	2	1	prime	130051 (prime)
3457	21436	4.502033251258e-8	12	3	composite	2^2·23·233
3458	20749	4.490399195237e-8	2	1	prime	20749 (prime)
3459	20924	4.431067249542e-8	6	2	composite	2^2·5231
3460	21177	4.417085401236e-8	12	3	composite	3^2·13·181
3461	507904	4.407017061511e-8	30	2	composite	2^14·31
3462	20742	4.396903594032e-8	8	3	composite	2·3·3457
3463	22555	4.386890518909e-8	8	3	composite	5·13·347
3464	21238	4.354751209368e-8	16	4	composite	2·7·37·41
3465	524309	4.351696860020e-8	2	1	prime	524309 (prime)
3466	524287	4.351453801862e-8	2	1	prime	524287 (prime)
3467	524269	4.351254930249e-8	2	1	prime	524269 (prime)
3468	524231	4.350835053690e-8	2	1	prime	524231 (prime)
3469	524221	4.350724560577e-8	2	1	prime	524221 (prime)
3470	131041	4.328442001724e-8	2	1	prime	131041 (prime)
3471	131059	4.325268059908e-8	2	1	prime	131059 (prime)
3472	131063	4.324563007277e-8	2	1	prime	131063 (prime)
3473	131101	4.317870107723e-8	2	1	prime	131101 (prime)
3474	20976	4.310378322193e-8	40	4	composite	2^4·3·19·23
3475	520193	4.305985760874e-8	2	1	prime	520193 (prime)
3476	520151	4.305516840835e-8	2	1	prime	520151 (prime)
3477	22038	4.285999528168e-8	8	3	composite	2·3·3673
3478	20463	4.279227566848e-8	8	3	composite	3·19·359
3479	21817	4.264684962102e-8	2	1	prime	21817 (prime)
3480	20743	4.263522239543e-8	2	1	prime	20743 (prime)
3481	22032	4.244433033061e-8	50	3	composite	2^4·3^4·17
3482	21136	4.243265129518e-8	10	2	composite	2^4·1321
3483	20686	4.236204944899e-8	4	2	composite	2·10343
3484	1778	4.197339226906e-8	8	3	composite	2·7·127
3485	507907	4.166652327148e-8	2	1	prime	507907 (prime)
3486	507901	4.166583208264e-8	2	1	prime	507901 (prime)
3487	21183	4.153017003372e-8	8	3	composite	3·23·307
3488	22355	4.140259160837e-8	8	3	composite	5·17·263
3489	22518	4.131693153964e-8	20	3	composite	2·3^4·139
3490	22520	4.084609556207e-8	16	3	composite	2^3·5·563
3491	20923	4.083727528610e-8	8	2	composite	7^3·61
3492	458752	4.071106201728e-8	34	2	composite	2^16·7
3493	20744	4.062544216738e-8	8	2	composite	2^3·2593
3494	498961	4.062410168211e-8	2	1	prime	498961 (prime)
3495	498947	4.062245163902e-8	2	1	prime	498947 (prime)
3496	20178	4.054948269794e-8	24	4	composite	2·3^2·19·59
3497	21519	4.042753667930e-8	8	2	composite	3^3·797
3498	634880	4.028926856805e-8	52	3	composite	2^12·5·31
3499	20072	4.025709474530e-8	16	3	composite	2^3·13·193
3500	20150	3.976088981058e-8	24	4	composite	2·5^2·13·31
3501	491527	3.973953493960e-8	2	1	prime	491527 (prime)
3502	491503	3.973665179323e-8	2	1	prime	491503 (prime)
3503	22057	3.969451238186e-8	8	3	composite	7·23·137
3504	21748	3.968670501518e-8	6	2	composite	2^2·5437
3505	20747	3.964306336831e-8	2	1	prime	20747 (prime)
3506	21258	3.959248098351e-8	12	3	composite	2·3^2·1181
3507	21088	3.956349729487e-8	12	2	composite	2^5·659
3508	22387	3.919192980876e-8	4	2	composite	61·367
3509	20738	3.897785035639e-8	4	2	composite	2·10369
3510	20888	3.820623309881e-8	16	3	composite	2^3·7·373
3511	22485	3.808326250690e-8	8	3	composite	3·5·1499
3512	22694	3.797957829935e-8	8	3	composite	2·7·1621
3513	20810	3.796974039301e-8	8	3	composite	2·5·2081
3514	20811	3.796783540905e-8	8	3	composite	3·7·991
3515	20424	3.788725465785e-8	32	4	composite	2^3·3·23·37
3516	20146	3.773572029555e-8	8	3	composite	2·7·1439
3517	23	3.761491038187e-8	2	1	prime	23 (prime)
3518	21026	3.750583104615e-8	4	2	composite	2·10513
3519	393213	3.734719095135e-8	4	2	composite	3·131071
3520	21825	3.711978683680e-8	18	3	composite	3^2·5^2·97
3521	100800	3.708976087776e-8	126	4	composite	2^6·3^2·5^2·7
3522	22776	3.702015251107e-8	32	4	composite	2^3·3·13·73
3523	21155	3.698938932609e-8	4	2	composite	5·4231
3524	21216	3.672808256566e-8	48	4	composite	2^5·3·13·17
3525	22333	3.662401990850e-8	4	2	composite	23·971
3526	135151	3.654075973587e-8	2	1	prime	135151 (prime)
3527	135173	3.650725395218e-8	2	1	prime	135173 (prime)
3528	917504	3.647073664328e-8	36	2	composite	2^17·7
3529	20922	3.629405113236e-8	16	4	composite	2·3·11·317
3530	21408	3.619708496880e-8	24	3	composite	2^5·3·223
3531	20181	3.612042526247e-8	12	3	composite	3·7·31^2
3532	21122	3.579970868778e-8	8	3	composite	2·59·179
3533	21786	3.578862507357e-8	8	3	composite	2·3·3631
3534	21435	3.570653815589e-8	8	3	composite	3·5·1429
3535	458789	3.563796086723e-8	2	1	prime	458789 (prime)
3536	458747	3.563247673503e-8	2	1	prime	458747 (prime)
3537	458701	3.562646948761e-8	2	1	prime	458701 (prime)
3538	458683	3.562411866803e-8	2	1	prime	458683 (prime)
3539	761856	3.561878327382e-8	56	3	composite	2^13·3·31
3540	21257	3.561309112560e-8	4	2	composite	29·733
3541	20889	3.552866187678e-8	12	3	composite	3^2·11·211
3542	21266	3.550905261201e-8	16	3	composite	2·7^3·31
3543	20731	3.529984487759e-8	2	1	prime	20731 (prime)
3544	136069	3.516475683826e-8	2	1	prime	136069 (prime)
3545	455171	3.516339323431e-8	2	1	prime	455171 (prime)
3546	455167	3.516286617251e-8	2	1	prime	455167 (prime)
3547	136093	3.512938329662e-8	2	1	prime	136093 (prime)
3548	22386	3.502457428184e-8	32	5	composite	2·3·7·13·41
3549	20737	3.458533155748e-8	4	2	composite	89·233
3550	21199	3.451667005422e-8	8	3	composite	17·29·43
3551	20313	3.450837896230e-8	12	3	composite	3^2·37·61
3552	22660	3.439333151553e-8	24	4	composite	2^2·5·11·103
3553	229348	3.435117858745e-8	12	3	composite	2^2·7·8191
3554	21706	3.432495661187e-8	4	2	composite	2·10853
3555	21784	3.426511644378e-8	16	3	composite	2^3·7·389
3556	444421	3.372758730561e-8	2	1	prime	444421 (prime)
3557	444403	3.372515062399e-8	2	1	prime	444403 (prime)
3558	917392	3.363120015294e-8	20	3	composite	2^4·7·8191
3559	443533	3.360724702038e-8	2	1	prime	443533 (prime)
3560	443501	3.360290543845e-8	2	1	prime	443501 (prime)
3561	390144	3.355661880704e-8	44	3	composite	2^10·3·127
3562	22822	3.324109942585e-8	4	2	composite	2·11411
3563	21789	3.321869840669e-8	10	2	composite	3^4·269
3564	21201	3.317811933638e-8	8	3	composite	3·37·191
3565	20115	3.312497211539e-8	16	3	composite	3^3·5·149
3566	786336	3.278679341602e-8	24	3	composite	2^5·3·8191
3567	21750	3.225964518756e-8	32	4	composite	2·3·5^3·29
3568	786432	3.206606646899e-8	38	2	composite	2^18·3
3569	21678	3.191089206431e-8	8	3	composite	2·3·3613
3570	20735	3.176229232465e-8	16	4	composite	5·11·13·29
3571	21593	3.170266132329e-8	8	3	composite	11·13·151
3572	21438	3.167737136673e-8	16	3	composite	2·3^3·397
3573	138599	3.159769124837e-8	2	1	prime	138599 (prime)
3574	138617	3.157345016519e-8	2	1	prime	138617 (prime)
3575	22401	3.152801597477e-8	12	3	composite	3^2·19·131
3576	21081	3.119177468457e-8	4	2	composite	3·7027
3577	425939	3.116765926245e-8	2	1	prime	425939 (prime)
3578	425911	3.116369245965e-8	2	1	prime	425911 (prime)
3579	20300	3.109543161237e-8	36	4	composite	2^2·5^2·7·29
3580	21180	3.079092218321e-8	24	4	composite	2^2·3·5·353
3581	422657	3.070085621960e-8	2	1	prime	422657 (prime)
3582	422627	3.069657219089e-8	2	1	prime	422627 (prime)
3583	21179	3.052176684046e-8	2	1	prime	21179 (prime)
3584	114674	3.036836478967e-8	8	3	composite	2·7·8191
3585	21704	3.036056263968e-8	8	2	composite	2^3·2713
3586	21815	3.028761331552e-8	4	2	composite	5·4363
3587	20921	3.025480198083e-8	2	1	prime	20921 (prime)
3588	9	3.025338376667e-8	3	1	composite	3^2
3589	22866	3.024286633464e-8	16	4	composite	2·3·37·103
3590	20750	3.017012789977e-8	16	3	composite	2·5^3·83
3591	22519	2.996688309206e-8	4	2	composite	7·3217
3592	22325	2.989407353684e-8	12	3	composite	5^2·19·47
3593	20812	2.986620946241e-8	18	3	composite	2^2·11^2·43
3594	22859	2.977716367837e-8	2	1	prime	22859 (prime)
3595	415801	2.971377553936e-8	2	1	prime	415801 (prime)
3596	415799	2.971348528135e-8	2	1	prime	415799 (prime)
3597	22047	2.936055075575e-8	4	2	composite	3·7349
3598	211328	2.934796618406e-8	32	3	composite	2^7·13·127
3599	412717	2.926449452352e-8	2	1	prime	412717 (prime)
3600	412667	2.925718346608e-8	2	1	prime	412667 (prime)
3601	21703	2.918626324763e-8	4	2	composite	11·1973
3602	22332	2.906768574197e-8	12	3	composite	2^2·3·1861
3603	21178	2.876287310822e-8	4	2	composite	2·10589
3604	22554	2.873976529132e-8	24	4	composite	2·3^2·7·179
3605	21224	2.850160337056e-8	16	3	composite	2^3·7·379
3606	22478	2.817044173672e-8	4	2	composite	2·11239
3607	21252	2.788185792146e-8	48	5	composite	2^2·3·7·11·23
3608	21175	2.764379044614e-8	18	3	composite	5^2·7·11^2
3609	22697	2.760629086867e-8	2	1	prime	22697 (prime)
3610	401411	2.758955242613e-8	2	1	prime	401411 (prime)
3611	401407	2.758895221999e-8	2	1	prime	401407 (prime)
3612	20124	2.724110156818e-8	36	4	composite	2^2·3^2·13·43
3613	20865	2.716695009938e-8	16	4	composite	3·5·13·107
3614	21702	2.707396590010e-8	8	3	composite	2·3·3617
3615	2503	2.664928977518e-8	2	1	prime	2503 (prime)
3616	22331	2.658551348979e-8	4	2	composite	137·163
3617	20819	2.654906512764e-8	4	2	composite	109·191
3618	20864	2.635911016576e-8	16	2	composite	2^7·163
3619	393241	2.635216236269e-8	2	1	prime	393241 (prime)
3620	393209	2.634727172945e-8	2	1	prime	393209 (prime)
3621	393181	2.634299209012e-8	2	1	prime	393181 (prime)
3622	393161	2.633993495469e-8	2	1	prime	393161 (prime)
3623	20869	2.617723854002e-8	4	2	composite	41·509
3624	20915	2.615189054108e-8	8	3	composite	5·47·89
3625	20973	2.614029089005e-8	4	2	composite	3·6991
3626	390151	2.587833141756e-8	2	1	prime	390151 (prime)
3627	390119	2.587340793214e-8	2	1	prime	390119 (prime)
3628	143357	2.570446313333e-8	2	1	prime	143357 (prime)
3629	143387	2.567040923383e-8	2	1	prime	143387 (prime)
3630	21239	2.547970395567e-8	4	2	composite	67·317
3631	21135	2.521983413680e-8	8	3	composite	3·5·1409
3632	21701	2.513086323752e-8	2	1	prime	21701 (prime)
3633	22512	2.503084277439e-8	40	4	composite	2^4·3·7·67
3634	22039	2.497582182700e-8	2	1	prime	22039 (prime)
3635	21156	2.493894077196e-8	24	4	composite	2^2·3·41·43
3636	22329	2.493505860051e-8	8	2	composite	3^3·827
3637	20460	2.482188318594e-8	48	5	composite	2^2·3·5·11·31
3638	20956	2.473263519164e-8	18	3	composite	2^2·13^2·31
3639	21682	2.469916493011e-8	8	3	composite	2·37·293
3640	380929	2.444551657933e-8	2	1	prime	380929 (prime)
3641	380917	2.444363414682e-8	2	1	prime	380917 (prime)
3642	21747	2.443367824773e-8	8	3	composite	3·11·659
3643	22046	2.442952778008e-8	8	3	composite	2·73·151
3644	786426	2.432277223099e-8	8	3	composite	2·3·131071
3645	21796	2.398163515243e-8	6	2	composite	2^2·5449
3646	20139	2.382969207842e-8	12	3	composite	3·7^2·137
3647	655280	2.376421982893e-8	20	3	composite	2^4·5·8191
3648	21679	2.365284346301e-8	8	3	composite	7·19·163
3649	21816	2.356835188199e-8	32	3	composite	2^3·3^3·101
3650	22326	2.354309630753e-8	12	3	composite	2·3·61^2
3651	21367	2.352546318423e-8	4	2	composite	23·929
3652	21843	2.333058924120e-8	8	2	composite	3^3·809
3653	22357	2.329984450819e-8	4	2	composite	79·283
3654	20928	2.323998539477e-8	28	3	composite	2^6·3·109
3655	201600	2.316421575935e-8	144	4	composite	2^7·3^2·5^2·7
3656	372739	2.315019501811e-8	2	1	prime	372739 (prime)
3657	372733	2.314923842821e-8	2	1	prime	372733 (prime)
3658	21320	2.313288071077e-8	32	4	composite	2^3·5·13·41
3659	21253	2.303124383560e-8	4	2	composite	53·401
3660	21440	2.291537512193e-8	28	3	composite	2^6·5·67
3661	21699	2.287850125440e-8	6	2	composite	3^2·2411
3662	22779	2.283809852212e-8	6	2	composite	3^2·2531
3663	22067	2.271094272143e-8	2	1	prime	22067 (prime)
3664	21082	2.223086308754e-8	8	3	composite	2·83·127
3665	22404	2.221350542082e-8	12	3	composite	2^2·3·1867
3666	390625	2.218579394101e-8	9	1	composite	5^8
3667	22661	2.217333138566e-8	8	3	composite	17·31·43
3668	22824	2.205642135141e-8	24	3	composite	2^3·3^2·317
3669	20180	2.182863687648e-8	12	3	composite	2^2·5·1009
3670	180202	2.169038435769e-8	8	3	composite	2·11·8191
3671	22336	2.163814674897e-8	14	2	composite	2^6·349
3672	21076	2.160666445822e-8	12	3	composite	2^2·11·479
3673	21176	2.148801855273e-8	8	2	composite	2^3·2647
3674	147451	2.138258972150e-8	2	1	prime	147451 (prime)
3675	147457	2.137671587118e-8	2	1	prime	147457 (prime)
3676	360407	2.116142898799e-8	2	1	prime	360407 (prime)
3677	360391	2.115882024958e-8	2	1	prime	360391 (prime)
3678	22749	2.107755289001e-8	4	2	composite	3·7583
3679	20918	2.081503910035e-8	4	2	composite	2·10459
3680	357649	2.071071686821e-8	2	1	prime	357649 (prime)
3681	357619	2.070580295539e-8	2	1	prime	357619 (prime)
3682	22227	2.068011892320e-8	8	3	composite	3·31·239
3683	21787	2.010772788793e-8	2	1	prime	21787 (prime)
3684	212966	1.972197600014e-8	8	3	composite	2·13·8191
3685	349187	1.931543264186e-8	2	1	prime	349187 (prime)
3686	349183	1.931476886211e-8	2	1	prime	349183 (prime)
3687	22059	1.930415137300e-8	16	3	composite	3^3·19·43
3688	131056	1.915973825786e-8	10	2	composite	2^4·8191
3689	22293	1.908157447241e-8	6	2	composite	3^2·2477
3690	22460	1.906545842822e-8	12	3	composite	2^2·5·1123
3691	25097	1.898540932646e-8	2	1	prime	25097 (prime)
3692	983040	1.887993053801e-8	68	3	composite	2^16·3·5
3693	20914	1.882769976920e-8	4	2	composite	2·10457
3694	20625	1.864256941328e-8	20	3	composite	3·5^4·11
3695	22656	1.852700270666e-8	32	3	composite	2^7·3·59
3696	344083	1.846547570250e-8	2	1	prime	344083 (prime)
3697	344053	1.846046266163e-8	2	1	prime	344053 (prime)
3698	22358	1.824484096246e-8	8	3	composite	2·7·1597
3699	151189	1.796199816704e-8	2	1	prime	151189 (prime)
3700	151201	1.795175730652e-8	2	1	prime	151201 (prime)
3701	20969	1.738728195112e-8	4	2	composite	13·1613
3702	22385	1.738191827789e-8	12	3	composite	5·11^2·37
3703	21681	1.719339417529e-8	16	3	composite	3^3·11·73
3704	20143	1.694902341766e-8	2	1	prime	20143 (prime)
3705	20071	1.694730635344e-8	2	1	prime	20071 (prime)
3706	20734	1.683755223719e-8	8	3	composite	2·7·1481
3707	11	1.680391390830e-8	2	1	prime	11 (prime)
3708	22548	1.675117513530e-8	12	3	composite	2^2·3·1879
3709	21683	1.673052968633e-8	2	1	prime	21683 (prime)
3710	22844	1.655100443108e-8	6	2	composite	2^2·5711
3711	332641	1.654074438871e-8	2	1	prime	332641 (prime)
3712	332623	1.653769850164e-8	2	1	prime	332623 (prime)
3713	20860	1.626683907117e-8	24	4	composite	2^2·5·7·149
3714	21746	1.619052415300e-8	8	3	composite	2·83·131
3715	20913	1.618880423878e-8	4	2	composite	3·6971
3716	563	1.612057076202e-8	2	1	prime	563 (prime)
3717	21250	1.604113086780e-8	20	3	composite	2·5^4·17
3718	21433	1.591091878025e-8	2	1	prime	21433 (prime)
3719	229376	1.588075402272e-8	32	2	composite	2^15·7
3720	20010	1.579873406016e-8	32	5	composite	2·3·5·23·29
3721	20536	1.579751331657e-8	16	3	composite	2^3·17·151
3722	327647	1.569392748072e-8	2	1	prime	327647 (prime)
3723	327629	1.569086935375e-8	2	1	prime	327629 (prime)
3724	20890	1.547297593731e-8	8	3	composite	2·5·2089
3725	7121	1.540239921650e-8	2	1	prime	7121 (prime)
3726	22064	1.536028200728e-8	20	3	composite	2^4·7·197
3727	20684	1.532879463896e-8	6	2	composite	2^2·5171
3728	373	1.531104743088e-8	2	1	prime	373 (prime)
3729	325133	1.526647299989e-8	2	1	prime	325133 (prime)
3730	325093	1.525966649325e-8	2	1	prime	325093 (prime)
3731	22372	1.522083049456e-8	24	4	composite	2^2·7·17·47
3732	22371	1.520963497918e-8	4	2	composite	3·7457
3733	20919	1.516585446234e-8	8	3	composite	3·19·367
3734	22865	1.516514095272e-8	8	3	composite	5·17·269
3735	21872	1.513309212959e-8	10	2	composite	2^4·1367
3736	20268	1.491422732795e-8	18	3	composite	2^2·3^2·563
3737	21202	1.484095230074e-8	4	2	composite	2·10601
3738	21058	1.469931127051e-8	4	2	composite	2·10529
3739	21710	1.468356163906e-8	16	4	composite	2·5·13·167
3740	22361	1.454939348341e-8	4	2	composite	59·379
3741	21134	1.440503337536e-8	4	2	composite	2·10567
3742	22048	1.437651625408e-8	24	3	composite	2^5·13·53
3743	319489	1.430475854228e-8	2	1	prime	319489 (prime)
3744	319483	1.430373500814e-8	2	1	prime	319483 (prime)
3745	22384	1.421864815356e-8	10	2	composite	2^4·1399
3746	20912	1.412743856290e-8	10	2	composite	2^4·1307
3747	16807	1.410721603812e-8	6	1	composite	7^5
3748	21174	1.401949830946e-8	8	3	composite	2·3·3529
3749	21240	1.400514825269e-8	48	4	composite	2^3·3^2·5·59
3750	317453	1.395735412251e-8	2	1	prime	317453 (prime)
3751	317437	1.395462340766e-8	2	1	prime	317437 (prime)
3752	21128	1.368620915313e-8	16	3	composite	2^3·19·139
3753	22517	1.361512109787e-8	8	3	composite	11·23·89
3754	315407	1.360811103028e-8	2	1	prime	315407 (prime)
3755	315389	1.360503820354e-8	2	1	prime	315389 (prime)
3756	22066	1.332936895174e-8	16	4	composite	2·11·17·59
3757	4987	1.324520714619e-8	2	1	prime	4987 (prime)
3758	21365	1.310065523598e-8	4	2	composite	5·4273
3759	157679	1.304290429897e-8	2	1	prime	157679 (prime)
3760	157721	1.301484010523e-8	2	1	prime	157721 (prime)
3761	991	1.298606054409e-8	2	1	prime	991 (prime)
3762	20916	1.296966886987e-8	36	4	composite	2^2·3^2·7·83
3763	21684	1.295231142691e-8	24	4	composite	2^2·3·13·139
3764	21680	1.290089314263e-8	20	3	composite	2^4·5·271
3765	22752	1.283917796911e-8	36	3	composite	2^5·3^2·79
3766	22044	1.275779030859e-8	24	4	composite	2^2·3·11·167
3767	21685	1.274604738099e-8	4	2	composite	5·4337
3768	21268	1.270833100461e-8	12	3	composite	2^2·13·409
3769	20911	1.270364978071e-8	4	2	composite	11·1901
3770	21432	1.246455816840e-8	32	4	composite	2^3·3·19·47
3771	158699	1.237398375715e-8	2	1	prime	158699 (prime)
3772	158731	1.235342015319e-8	2	1	prime	158731 (prime)
3773	21242	1.232249066272e-8	16	4	composite	2·13·19·43
3774	131072	1.228097281696e-8	18	1	composite	2^17
3775	21087	1.209874520160e-8	16	3	composite	3^3·11·71
3776	22359	1.208580406524e-8	8	3	composite	3·29·257
3777	21423	1.201995527242e-8	8	3	composite	3·37·193
3778	21686	1.199330350583e-8	8	3	composite	2·7·1549
3779	22060	1.197748513527e-8	12	3	composite	2^2·5·1103
3780	22483	1.192868046617e-8	2	1	prime	22483 (prime)
3781	20920	1.180842287685e-8	16	3	composite	2^3·5·523
3782	21521	1.178331431033e-8	2	1	prime	21521 (prime)
3783	21677	1.174195406634e-8	4	2	composite	53·409
3784	159739	1.171852139623e-8	2	1	prime	159739 (prime)
3785	159763	1.170370512486e-8	2	1	prime	159763 (prime)
3786	21811	1.159468260254e-8	4	2	composite	17·1283
3787	21256	1.150521327687e-8	8	2	composite	2^3·2657
3788	61	1.150028832571e-8	2	1	prime	61 (prime)
3789	22549	1.135643597676e-8	2	1	prime	22549 (prime)
3790	20123	1.087253725929e-8	2	1	prime	20123 (prime)
3791	21977	1.071380606845e-8	2	1	prime	21977 (prime)
3792	20813	1.066914346518e-8	4	2	composite	13·1601
3793	21203	1.063023886691e-8	8	3	composite	7·13·233
3794	22845	1.061642984767e-8	8	3	composite	3·5·1523
3795	21788	1.028100409405e-8	12	3	composite	2^2·13·419
3796	22045	1.024741687913e-8	4	2	composite	5·4409
3797	294919	1.012458770816e-8	2	1	prime	294919 (prime)
3798	294911	1.012324039653e-8	2	1	prime	294911 (prime)
3799	162557	1.007061668933e-8	2	1	prime	162557 (prime)
3800	162563	1.006729985950e-8	2	1	prime	162563 (prime)
3801	22167	1.006128221436e-8	8	2	composite	3^3·821
3802	5591	1.003359033069e-8	2	1	prime	5591 (prime)
3803	22695	9.720418681702e-9	16	4	composite	3·5·17·89
3804	20817	9.717011372521e-9	10	2	composite	3^4·257
3805	22553	9.567737513320e-9	4	2	composite	19·1187
3806	22370	9.561965489831e-9	8	3	composite	2·5·2237
3807	22065	9.468920473741e-9	8	3	composite	3·5·1471
3808	21812	9.436020188377e-9	24	4	composite	2^2·7·19·41
3809	163819	9.390157925764e-9	2	1	prime	163819 (prime)
3810	163841	9.378598010957e-9	2	1	prime	163841 (prime)
3811	21431	9.242835251538e-9	4	2	composite	29·739
3812	20156	9.224264337998e-9	6	2	composite	2^2·5039
3813	211	9.157289360538e-9	2	1	prime	211 (prime)
3814	3547	9.007784114339e-9	2	1	prime	3547 (prime)
3815	21687	8.981407770509e-9	4	2	composite	3·7229
3816	22327	8.837666659733e-9	4	2	composite	83·269
3817	286721	8.754195503863e-9	2	1	prime	286721 (prime)
3818	286711	8.752538541865e-9	2	1	prime	286711 (prime)
3819	910336	8.748058461622e-9	44	3	composite	2^10·7·127
3820	20732	8.563197024148e-9	12	3	composite	2^2·71·73
3821	21243	8.412397313692e-9	8	3	composite	3·73·97
3822	20535	8.338256208423e-9	12	3	composite	3·5·37^2
3823	20624	8.296680676375e-9	10	2	composite	2^4·1289
3824	22040	8.162354382138e-9	32	4	composite	2^3·5·19·29
3825	166319	8.140321528984e-9	2	1	prime	166319 (prime)
3826	21158	8.129200387077e-9	8	3	composite	2·71·149
3827	166349	8.126084997029e-9	2	1	prime	166349 (prime)
3828	43633	7.969353587723e-9	2	1	prime	43633 (prime)
3829	22655	7.952984686642e-9	8	3	composite	5·23·197
3830	21405	7.939240413243e-9	8	3	composite	3·5·1427
3831	21688	7.847367585167e-9	8	2	composite	2^3·2711
3832	21157	7.516841738745e-9	2	1	prime	21157 (prime)
3833	20265	7.355373370663e-9	16	4	composite	3·5·7·193
3834	21223	7.342990654796e-9	4	2	composite	19·1117
3835	22662	7.291111049526e-9	12	3	composite	2·3^2·1259
3836	277213	7.200579547769e-9	2	1	prime	277213 (prime)
3837	277183	7.195757107823e-9	2	1	prime	277183 (prime)
3838	22061	7.187316122610e-9	4	2	composite	13·1697
3839	21204	7.127839074713e-9	36	4	composite	2^2·3^2·19·31
3840	20309	7.125024835036e-9	4	2	composite	23·883
3841	21741	7.118208761815e-9	4	2	composite	3·7247
3842	22369	7.096587067707e-9	2	1	prime	22369 (prime)
3843	21430	7.075387823253e-9	8	3	composite	2·5·2143
3844	22514	6.994742560532e-9	4	2	composite	2·11257
3845	22052	6.951671036660e-9	12	3	composite	2^2·37·149
3846	21498	6.943892745121e-9	8	3	composite	2·3·3583
3847	21805	6.934275161635e-9	12	3	composite	5·7^2·89
3848	20069	6.906951959336e-9	8	3	composite	7·47·61
3849	21133	6.825042017939e-9	4	2	composite	7·3019
3850	20447	6.809006863906e-9	8	3	composite	7·23·127
3851	20065	6.737288132904e-9	4	2	composite	5·4013
3852	21208	6.717535820989e-9	16	3	composite	2^3·11·241
3853	21172	6.684764059757e-9	12	3	composite	2^2·67·79
3854	360404	6.562908880920e-9	12	3	composite	2^2·11·8191
3855	22659	6.490309501821e-9	16	4	composite	3·7·13·83
3856	1489	6.481562394688e-9	2	1	prime	1489 (prime)
3857	20866	6.232995278134e-9	4	2	composite	2·10433
3858	21744	6.227587370227e-9	30	3	composite	2^4·3^2·151
3859	22374	6.215495051151e-9	24	4	composite	2·3^2·11·113
3860	21808	6.198687933471e-9	20	3	composite	2^4·29·47
3861	20868	6.186620007000e-9	24	4	composite	2^2·3·37·47
3862	262142	6.126141924432e-9	4	2	composite	2·131071
3863	21171	6.116564964809e-9	4	2	composite	3·7057
3864	21794	6.112352231420e-9	8	3	composite	2·17·641
3865	270337	6.111705074266e-9	2	1	prime	270337 (prime)
3866	270329	6.110459278224e-9	2	1	prime	270329 (prime)
3867	21523	5.986406780783e-9	2	1	prime	21523 (prime)
3868	22861	5.971811521311e-9	2	1	prime	22861 (prime)
3869	20909	5.965398767873e-9	8	3	composite	7·29·103
3870	20897	5.757947888818e-9	2	1	prime	20897 (prime)
3871	172031	5.729247817328e-9	2	1	prime	172031 (prime)
3872	172049	5.722548292786e-9	2	1	prime	172049 (prime)
3873	21745	5.713770564050e-9	4	2	composite	5·4349
3874	20895	5.680967559700e-9	16	4	composite	3·5·7·199
3875	21129	5.658823858596e-9	4	2	composite	3·7043
3876	20267	5.590108800595e-9	4	2	composite	13·1559
3877	21807	5.586595111468e-9	6	2	composite	3^2·2423
3878	20623	5.554190796484e-9	4	2	composite	41·503
3879	21319	5.547299047671e-9	2	1	prime	21319 (prime)
3880	21695	5.533025757728e-9	4	2	composite	5·4339
3881	21429	5.478460252468e-9	6	2	composite	3^2·2381
3882	22383	5.465361758660e-9	8	2	composite	3^3·829
3883	21689	5.422210728987e-9	6	2	composite	23^2·41
3884	20896	5.386120572190e-9	12	2	composite	2^5·653
3885	21170	5.380659746929e-9	16	4	composite	2·5·29·73
3886	186368	5.276983543685e-9	48	3	composite	2^11·7·13
3887	650240	5.088933217431e-9	44	3	composite	2^10·5·127
3888	21425	5.088924027533e-9	6	2	composite	5^2·857
3889	22360	5.025269734810e-9	32	4	composite	2^3·5·13·43
3890	20898	4.929745896512e-9	24	3	composite	2·3^5·43
3891	21691	4.905318446722e-9	4	2	composite	109·199
3892	262147	4.867161400005e-9	2	1	prime	262147 (prime)
3893	262139	4.865979100803e-9	2	1	prime	262139 (prime)
3894	262121	4.863319134192e-9	2	1	prime	262121 (prime)
3895	262111	4.861841442523e-9	2	1	prime	262111 (prime)
3896	174583	4.831162571032e-9	2	1	prime	174583 (prime)
3897	174599	4.825852601572e-9	2	1	prime	174599 (prime)
3898	589824	4.802912653340e-9	51	2	composite	2^16·3^2
3899	20907	4.759891915672e-9	12	3	composite	3^2·23·101
3900	21806	4.722077949001e-9	4	2	composite	2·10903
3901	260111	4.568617934477e-9	2	1	prime	260111 (prime)
3902	260089	4.565418550952e-9	2	1	prime	260089 (prime)
3903	21876	4.534157317157e-9	12	3	composite	2^2·3·1823
3904	21244	4.441986490668e-9	12	3	composite	2^2·47·113
3905	21427	4.389268661234e-9	4	2	composite	7·3061
3906	20908	4.366804714303e-9	6	2	composite	2^2·5227
3907	20891	4.365783071662e-9	4	2	composite	13·1607
3908	2	4.278268805148e-9	2	1	prime	2 (prime)
3909	20179	4.237401523125e-9	4	2	composite	17·1187
3910	21245	4.209226899902e-9	8	3	composite	5·7·607
3911	90101	4.202846995055e-9	4	2	composite	11·8191
3912	21426	4.198586579275e-9	8	3	composite	2·3·3571
3913	22362	4.175631641737e-9	8	3	composite	2·3·3727
3914	21810	4.157206675416e-9	16	4	composite	2·3·5·727
3915	21083	4.091384511927e-9	4	2	composite	29·727
3916	20899	4.010843299542e-9	2	1	prime	20899 (prime)
3917	22380	4.008529168817e-9	24	4	composite	2^2·3·5·373
3918	20815	3.990276840402e-9	8	3	composite	5·23·181
3919	22382	3.865735857273e-9	12	3	composite	2·19^2·31
3920	22480	3.781447428795e-9	20	3	composite	2^4·5·281
3921	22373	3.748142421706e-9	4	2	composite	13·1721
3922	22748	3.711304616697e-9	18	3	composite	2^2·11^2·47
3923	253969	3.699516098861e-9	2	1	prime	253969 (prime)
3924	253951	3.697045234943e-9	2	1	prime	253951 (prime)
3925	21221	3.641942567835e-9	2	1	prime	21221 (prime)
3926	21246	3.625830267898e-9	8	3	composite	2·3·3541
3927	178813	3.557316550384e-9	2	1	prime	178813 (prime)
3928	178817	3.556230349659e-9	2	1	prime	178817 (prime)
3929	21169	3.554886334689e-9	2	1	prime	21169 (prime)
3930	21411	3.551721631108e-9	16	3	composite	3^3·13·61
3931	21592	3.536669822207e-9	8	2	composite	2^3·2699
3932	22367	3.502864136697e-9	2	1	prime	22367 (prime)
3933	252001	3.432238362465e-9	2	1	prime	252001 (prime)
3934	251983	3.429821058481e-9	2	1	prime	251983 (prime)
3935	22368	3.427683779722e-9	24	3	composite	2^5·3·233
3936	780288	3.340390727973e-9	48	3	composite	2^11·3·127
3937	21976	3.286387346582e-9	16	3	composite	2^3·41·67
3938	21696	3.232486479394e-9	28	3	composite	2^6·3·113
3939	22777	3.231905589946e-9	2	1	prime	22777 (prime)
3940	180181	3.198186172159e-9	2	1	prime	180181 (prime)
3941	180211	3.190583992188e-9	2	1	prime	180211 (prime)
3942	249497	3.100963202743e-9	2	1	prime	249497 (prime)
3943	43649	3.097938353492e-9	2	1	prime	43649 (prime)
3944	249463	3.096536143819e-9	2	1	prime	249463 (prime)
3945	22366	3.086118530913e-9	8	3	composite	2·53·211
3946	21792	2.969132800802e-9	24	3	composite	2^5·3·227
3947	21247	2.956857926057e-9	2	1	prime	21247 (prime)
3948	20904	2.924609576351e-9	32	4	composite	2^3·3·13·67
3949	21809	2.893597534650e-9	4	2	composite	113·193
3950	181439	2.889216487847e-9	2	1	prime	181439 (prime)
3951	181457	2.884939794663e-9	2	1	prime	181457 (prime)
3952	21422	2.866375400196e-9	4	2	composite	2·10711
3953	21047	2.859296561379e-9	4	2	composite	13·1619
3954	21802	2.851546622208e-9	8	3	composite	2·11·991
3955	21742	2.821096919650e-9	8	3	composite	2·7·1553
3956	21173	2.804166966181e-9	4	2	composite	31·683
3957	20122	2.766027876387e-9	4	2	composite	2·10061
3958	20310	2.754267080921e-9	16	4	composite	2·3·5·677
3959	425932	2.704616767445e-9	12	3	composite	2^2·13·8191
3960	21804	2.682599042005e-9	24	4	composite	2^2·3·23·79
3961	21591	2.671338550314e-9	6	2	composite	3^2·2399
3962	22381	2.657845670202e-9	2	1	prime	22381 (prime)
3963	245771	2.627910755125e-9	2	1	prime	245771 (prime)
3964	245759	2.626428235617e-9	2	1	prime	245759 (prime)
3965	21222	2.553752336352e-9	20	3	composite	2·3^4·131
3966	21803	2.548593155227e-9	2	1	prime	21803 (prime)
3967	22041	2.533745264361e-9	12	3	composite	3^2·31·79
3968	21814	2.518169472189e-9	8	3	composite	2·13·839
3969	21249	2.508096281973e-9	8	2	composite	3^3·787
3970	20140	2.475436064693e-9	24	4	composite	2^2·5·19·53
3971	21205	2.453774656724e-9	4	2	composite	5·4241
3972	21412	2.432177335011e-9	12	3	composite	2^2·53·101
3973	20910	2.428844925669e-9	32	5	composite	2·3·5·17·41
3974	260096	2.376791701792e-9	24	2	composite	2^11·127
3975	21086	2.370170596150e-9	8	3	composite	2·13·811
3976	22552	2.272042778582e-9	8	2	composite	2^3·2819
3977	7	2.270698401569e-9	2	1	prime	7 (prime)
3978	22479	2.269072011031e-9	8	3	composite	3·59·127
3979	21801	2.245861542331e-9	12	3	composite	3·13^2·43
3980	20119	2.210034232443e-9	8	3	composite	11·31·59
3981	21084	2.140040502297e-9	24	4	composite	2^2·3·7·251
3982	20893	2.139248802081e-9	4	2	composite	17·1229
3983	21132	2.139076036017e-9	18	3	composite	2^2·3^2·587
3984	20816	2.087240471930e-9	10	2	composite	2^4·1301
3985	21209	2.038307932398e-9	4	2	composite	127·167
3986	20818	2.017535260615e-9	8	3	composite	2·7·1487
3987	22696	1.942366988834e-9	8	2	composite	2^3·2837
3988	22464	1.934359058459e-9	56	3	composite	2^6·3^3·13
3989	186343	1.865653857104e-9	2	1	prime	186343 (prime)
3990	186377	1.859502870444e-9	2	1	prime	186377 (prime)
3991	22862	1.801730075316e-9	16	4	composite	2·7·23·71
3992	21694	1.779568545414e-9	4	2	composite	2·10847
3993	20120	1.739106249947e-9	16	3	composite	2^3·5·503
3994	20068	1.694522227932e-9	12	3	composite	2^2·29·173
3995	21690	1.686631553524e-9	24	4	composite	2·3^2·5·241
3996	22746	1.686232174477e-9	16	4	composite	2·3·17·223
3997	21421	1.678482472249e-9	4	2	composite	31·691
3998	20906	1.633089312980e-9	4	2	composite	2·10453
3999	21797	1.632725754158e-9	4	2	composite	71·307
4000	22529	1.559504537515e-9	4	2	composite	13·1733
4001	22823	1.530552260646e-9	4	2	composite	29·787
4002	22778	1.501777953452e-9	8	3	composite	2·7·1627
4003	21028	1.408956962868e-9	12	3	composite	2^2·7·751
4004	20905	1.393522004854e-9	8	3	composite	5·37·113
4005	393216	1.388315845906e-9	36	2	composite	2^17·3
4006	22403	1.375936001901e-9	4	2	composite	43·521
4007	22747	1.370748303765e-9	6	2	composite	23^2·43
4008	262144	1.303401646810e-9	19	1	composite	2^18
4009	22528	1.214927143815e-9	24	2	composite	2^11·11
4010	21414	1.206547035345e-9	16	4	composite	2·3·43·83
4011	190471	1.205975006421e-9	2	1	prime	190471 (prime)
4012	21424	1.171812594476e-9	20	3	composite	2^4·13·103
4013	20927	1.152104625821e-9	4	2	composite	17·1231
4014	262112	1.135953353086e-9	12	2	composite	2^5·8191
4015	20901	1.116314447191e-9	4	2	composite	3·6967
4016	21413	1.111034038236e-9	12	3	composite	7^2·19·23
4017	21790	1.106573682200e-9	8	3	composite	2·5·2179
4018	21254	1.077353831080e-9	4	2	composite	2·10627
4019	21248	1.064700644295e-9	18	2	composite	2^8·83
4020	22071	1.057563681110e-9	8	3	composite	3·7·1051
4021	21255	9.774452437701e-10	16	4	composite	3·5·13·109
4022	20867	9.073157496296e-10	8	3	composite	7·11·271
4023	229393	9.070261742851e-10	2	1	prime	229393 (prime)
4024	229373	9.053603471025e-10	2	1	prime	229373 (prime)
4025	229351	9.035293647131e-10	2	1	prime	229351 (prime)
4026	229343	9.028639181820e-10	2	1	prime	229343 (prime)
4027	22658	8.849361387101e-10	4	2	composite	2·11329
4028	20974	8.327913685684e-10	4	2	composite	2·10487
4029	21410	8.313305856400e-10	8	3	composite	2·5·2141
4030	22062	7.929751951981e-10	8	3	composite	2·3·3677
4031	22379	7.876755434995e-10	8	3	composite	7·23·139
4032	22484	7.625705324700e-10	24	4	composite	2^2·7·11·73
4033	227593	7.621575605916e-10	2	1	prime	227593 (prime)
4034	227581	7.612267142055e-10	2	1	prime	227581 (prime)
4035	22482	7.564451072572e-10	12	3	composite	2·3^2·1249
4036	112	7.560831262785e-10	10	2	composite	2^4·7
4037	22363	7.241532790940e-10	8	3	composite	11·19·107
4038	745472	7.177810350531e-10	56	3	composite	2^13·7·13
4039	21406	7.177376727135e-10	16	4	composite	2·7·11·139
4040	226813	7.026372432946e-10	2	1	prime	226813 (prime)
4041	226799	7.015873757642e-10	2	1	prime	226799 (prime)
4042	21160	6.907372253465e-10	24	3	composite	2^3·5·23^2
4043	195071	6.612701244928e-10	2	1	prime	195071 (prime)
4044	195077	6.606799966455e-10	2	1	prime	195077 (prime)
4045	178816	6.213442478462e-10	32	3	composite	2^7·11·127
4046	21080	5.916566862457e-10	32	4	composite	2^3·5·17·31
4047	22043	5.867725718921e-10	8	3	composite	7·47·67
4048	21206	5.806479842719e-10	8	3	composite	2·23·461
4049	21415	5.798322584382e-10	4	2	composite	5·4283
4050	21159	5.507754336941e-10	6	2	composite	3^2·2351
4051	22377	5.235960131859e-10	4	2	composite	3·7459
4052	196583	5.218973785986e-10	2	1	prime	196583 (prime)
4053	196597	5.206932843076e-10	2	1	prime	196597 (prime)
4054	196613	5.193191007839e-10	2	1	prime	196613 (prime)
4055	29	5.133280024163e-10	2	1	prime	29 (prime)
4056	21407	5.059344797083e-10	2	1	prime	21407 (prime)
4057	21522	4.513187849596e-10	16	4	composite	2·3·17·211
4058	20902	4.307893835522e-10	8	3	composite	2·7·1493
4059	21795	4.027976241605e-10	8	3	composite	3·5·1453
4060	22657	4.019753277986e-10	4	2	composite	139·163
4061	222247	3.965597156490e-10	2	1	prime	222247 (prime)
4062	222199	3.937467884489e-10	2	1	prime	222199 (prime)
4063	22364	3.926278437442e-10	6	2	composite	2^2·5591
4064	22375	3.712741104395e-10	8	2	composite	5^3·179
4065	221773	3.691691744552e-10	2	1	prime	221773 (prime)
4066	221747	3.676917696939e-10	2	1	prime	221747 (prime)
4067	21419	3.670455197707e-10	2	1	prime	21419 (prime)
4068	21590	3.596605624170e-10	16	4	composite	2·5·17·127
4069	106483	3.555334251715e-10	4	2	composite	13·8191
4070	21798	3.477597380837e-10	24	4	composite	2·3^2·7·173
4071	21409	3.469631033665e-10	4	2	composite	79·271
4072	21692	3.432048906730e-10	24	4	composite	2^2·11·17·29
4073	281	3.231502895133e-10	2	1	prime	281 (prime)
4074	22515	3.183368286759e-10	16	4	composite	3·5·19·79
4075	20141	3.031838790629e-10	4	2	composite	11·1831
4076	21167	2.862739969211e-10	4	2	composite	61·347
4077	630784	2.795805764468e-10	56	3	composite	2^13·7·11
4078	21027	2.730962375701e-10	8	3	composite	3·43·163
4079	20266	2.729989281438e-10	4	2	composite	2·10133
4080	200699	2.325966037885e-10	2	1	prime	200699 (prime)
4081	200713	2.318255941349e-10	2	1	prime	200713 (prime)
4082	21218	2.288592095297e-10	6	2	composite	2·103^2
4083	21416	2.277109585072e-10	8	2	composite	2^3·2677
4084	21417	2.273950175486e-10	12	3	composite	3·11^2·59
4085	22365	2.271729099348e-10	24	4	composite	3^2·5·7·71
4086	21280	2.220240583924e-10	48	4	composite	2^5·5·7·19
4087	21799	2.200040982197e-10	2	1	prime	21799 (prime)
4088	21211	2.152712169660e-10	2	1	prime	21211 (prime)
4089	20380	2.137702343538e-10	12	3	composite	2^2·5·1019
4090	20733	2.090326856991e-10	4	2	composite	3·6911
4091	22603	2.057268786125e-10	4	2	composite	7·3229
4092	72	1.891224237573e-10	12	2	composite	2^3·3^2
4093	22864	1.861118786462e-10	10	2	composite	2^4·1429
4094	201599	1.858299707356e-10	2	1	prime	201599 (prime)
4095	201611	1.852445008452e-10	2	1	prime	201611 (prime)
4096	21085	1.798786865434e-10	4	2	composite	5·4217
4097	21366	1.650400576168e-10	12	3	composite	2·3^2·1187
4098	20067	1.628784130779e-10	4	2	composite	3·6689
4099	22526	1.626742634749e-10	8	3	composite	2·7·1609
4100	21212	1.503947020929e-10	6	2	composite	2^2·5303
4101	22063	1.274775934828e-10	2	1	prime	22063 (prime)
4102	22226	1.217870152222e-10	4	2	composite	2·11113
4103	21215	1.106154808887e-10	4	2	composite	5·4243
4104	20142	1.085835325268e-10	16	3	composite	2·3^3·373
4105	21428	1.051200528052e-10	12	3	composite	2^2·11·487
4106	21210	9.987138207520e-11	32	5	composite	2·3·5·7·101
4107	21791	8.814220615619e-11	8	3	composite	7·11·283
4108	21164	7.613579099172e-11	24	4	composite	2^2·11·13·37
4109	21161	7.199958592398e-11	4	2	composite	7·3023
4110	22863	6.915939455631e-11	4	2	composite	3·7621
4111	21267	6.656808232751e-11	12	3	composite	3^2·17·139
4112	22550	6.035738089884e-11	24	4	composite	2·5^2·11·41
4113	22378	5.863127941302e-11	8	3	composite	2·67·167
4114	21131	4.574486471991e-11	8	3	composite	11·17·113
4115	22551	4.395881100829e-11	4	2	composite	3·7517
4116	21213	3.524234182932e-11	6	2	composite	3^2·2357
4117	22328	3.439834309136e-11	8	2	composite	2^3·2791
4118	21207	3.415245255566e-11	4	2	composite	3·7069
4119	212969	3.186667425185e-11	2	1	prime	212969 (prime)
4120	212923	3.103844471769e-11	2	1	prime	212923 (prime)
4121	206303	2.914880527554e-11	2	1	prime	206303 (prime)
4122	206341	2.845138077598e-11	2	1	prime	206341 (prime)
4123	21219	2.750726408513e-11	8	3	composite	3·11·643
4124	21418	2.342524735733e-11	4	2	composite	2·10709
4125	21163	2.279768723234e-11	2	1	prime	21163 (prime)
4126	21165	2.014895482281e-11	16	4	composite	3·5·17·83
4127	21743	1.949009055107e-11	4	2	composite	17·1279
4128	21693	1.596581188292e-11	8	3	composite	3·7·1033
4129	22042	1.570280923712e-11	8	3	composite	2·103·107
4130	22560	1.466175460801e-11	48	4	composite	2^5·3·5·47
4131	20121	1.102235059922e-11	8	3	composite	3·19·353
4132	211333	8.994577760106e-12	2	1	prime	211333 (prime)
4133	211319	8.858227520583e-12	2	1	prime	211319 (prime)
4134	20685	8.210245283443e-12	16	4	composite	3·5·7·197
4135	22350	8.031187883937e-12	24	4	composite	2·3·5^2·149
4136	20066	6.549918028496e-12	8	3	composite	2·79·127
4137	393168	5.005854714547e-12	20	3	composite	2^4·3·8191
4138	21793	2.089055823010e-12	8	3	composite	19·31·37
4139	20903	2.016340562203e-12	2	1	prime	20903 (prime)
4140	21181	1.418464452049e-12	4	2	composite	59·359
4141	22481	3.629912244359e-13	2	1	prime	22481 (prime)
4142	21214	3.353702407005e-13	4	2	composite	2·10607
4143	21162	2.776890229604e-13	8	3	composite	2·3·3527
4144	3	2.636287293981e-13	2	1	prime	3 (prime)
4145	22402	8.499728592161e-14	8	3	composite	2·23·487
4146	22389	5.214899055960e-14	8	3	composite	3·17·439
4147	39	5.094326151769e-14	4	2	composite	3·13
