a	b	M	s_combined	ftc_sum	correction_sum	strip	formula	target	ftc_error	ftc_error_x_aM	alg_error	alg_error_x_aM
1	2	100	2.693050653407397e-1	2.693050653407397e-1	0.000000000000000e0	0.000000000000000e0	2.722092559908731e-1	2.722092559908731e-1	-2.904191e-3	2.904191e-1	-2.904191e-3	2.904191e-1
1	2	500	2.716264224680520e-1	2.716264224680520e-1	0.000000000000000e0	0.000000000000000e0	2.722092559908731e-1	2.722092559908731e-1	-5.828335e-4	2.914168e-1	-5.828335e-4	2.914168e-1
1	2	1000	2.719177143005583e-1	2.719177143005583e-1	0.000000000000000e0	0.000000000000000e0	2.722092559908731e-1	2.722092559908731e-1	-2.915417e-4	2.915417e-1	-2.915417e-4	2.915417e-1
1	2	5000	2.721509276573510e-1	2.721509276573510e-1	0.000000000000000e0	0.000000000000000e0	2.722092559908731e-1	2.722092559908731e-1	-5.832833e-5	2.916417e-1	-5.832833e-5	2.916417e-1
1	2	10000	2.721800905741839e-1	2.721800905741839e-1	0.000000000000000e0	0.000000000000000e0	2.722092559908731e-1	2.722092559908731e-1	-2.916542e-5	2.916542e-1	-2.916542e-5	2.916542e-1
1	2	50000	2.722034227075373e-1	2.722034227075373e-1	0.000000000000000e0	0.000000000000000e0	2.722092559908731e-1	2.722092559908731e-1	-5.833283e-6	2.916642e-1	-5.833283e-6	2.916642e-1
1	2	100000	2.722063393367020e-1	2.722063393367020e-1	0.000000000000000e0	0.000000000000000e0	2.722092559908731e-1	2.722092559908731e-1	-2.916654e-6	2.916654e-1	-2.916654e-6	2.916654e-1
1	3	100	2.388924307747538e-1	2.388924307747538e-1	0.000000000000000e0	0.000000000000000e0	2.416701361288506e-1	2.416701361288506e-1	-2.777705e-3	2.777705e-1	-2.777705e-3	2.777705e-1
1	3	500	2.411145802634324e-1	2.411145802634324e-1	0.000000000000000e0	0.000000000000000e0	2.416701361288506e-1	2.416701361288506e-1	-5.555559e-4	2.777779e-1	-5.555559e-4	2.777779e-1
1	3	1000	2.413923584233170e-1	2.413923584233170e-1	0.000000000000000e0	0.000000000000000e0	2.416701361288506e-1	2.416701361288506e-1	-2.777777e-4	2.777777e-1	-2.777777e-4	2.777777e-1
1	3	5000	2.416145805729844e-1	2.416145805729844e-1	0.000000000000000e0	0.000000000000000e0	2.416701361288506e-1	2.416701361288506e-1	-5.555556e-5	2.777778e-1	-5.555556e-5	2.777778e-1
1	3	10000	2.416423583511453e-1	2.416423583511453e-1	0.000000000000000e0	0.000000000000000e0	2.416701361288506e-1	2.416701361288506e-1	-2.777778e-5	2.777778e-1	-2.777778e-5	2.777778e-1
1	3	50000	2.416645805732959e-1	2.416645805732959e-1	0.000000000000000e0	0.000000000000000e0	2.416701361288506e-1	2.416701361288506e-1	-5.555556e-6	2.777778e-1	-5.555556e-6	2.777778e-1
1	3	100000	2.416673583510720e-1	2.416673583510720e-1	0.000000000000000e0	0.000000000000000e0	2.416701361288506e-1	2.416701361288506e-1	-2.777778e-6	2.777778e-1	-2.777778e-6	2.777778e-1
2	3	100	1.843517932149761e-1	1.064538599064782e-1	-7.789793330849785e-2	1.666666666666667e-1	2.744368426127355e-1	1.077701759460688e-1	-1.316316e-3	2.632632e-1	7.658162e-2	1.531632e1
2	3	500	1.859089979495033e-1	1.075062455312134e-1	-7.840275241828955e-2	1.666666666666667e-1	2.744368426127355e-1	1.077701759460688e-1	-2.639304e-4	2.639304e-1	7.813882e-2	7.813882e1
2	3	1000	1.861031510553955e-1	1.076382627552464e-1	-7.846488830014929e-2	1.666666666666667e-1	2.744368426127355e-1	1.077701759460688e-1	-1.319132e-4	2.638264e-1	7.833298e-2	1.566660e2
2	3	5000	1.862587232605891e-1	1.077437866406539e-1	-7.851493661993518e-2	1.666666666666667e-1	2.744368426127355e-1	1.077701759460688e-1	-2.638931e-5	2.638931e-1	7.848855e-2	7.848855e2
2	3	10000	1.862781647886941e-1	1.077569818141287e-1	-7.852118297456634e-2	1.666666666666667e-1	2.744368426127355e-1	1.077701759460688e-1	-1.319413e-5	2.638826e-1	7.850799e-2	1.570160e3
2	3	50000	1.862937205108990e-1	1.077675370530138e-1	-7.852618345788616e-2	1.666666666666667e-1	2.744368426127355e-1	1.077701759460688e-1	-2.638893e-6	2.638893e-1	7.852354e-2	7.852354e3
2	3	100000	1.862956649261744e-1	1.077688565047483e-1	-7.852680842142767e-2	1.666666666666667e-1	2.744368426127355e-1	1.077701759460688e-1	-1.319441e-6	2.638883e-1	7.852549e-2	1.570510e4
1	4	100	2.117149752120293e-1	2.117149752120293e-1	0.000000000000000e0	0.000000000000000e0	2.144025313717860e-1	2.144025313717860e-1	-2.687556e-3	2.687556e-1	-2.687556e-3	2.687556e-1
1	4	500	2.138616976063478e-1	2.138616976063478e-1	0.000000000000000e0	0.000000000000000e0	2.144025313717860e-1	2.144025313717860e-1	-5.408338e-4	2.704169e-1	-5.408338e-4	2.704169e-1
1	4	1000	2.141319063180431e-1	2.141319063180431e-1	0.000000000000000e0	0.000000000000000e0	2.144025313717860e-1	2.144025313717860e-1	-2.706251e-4	2.706251e-1	-2.706251e-4	2.706251e-1
1	4	5000	2.143483730380246e-1	2.143483730380246e-1	0.000000000000000e0	0.000000000000000e0	2.144025313717860e-1	2.144025313717860e-1	-5.415833e-5	2.707917e-1	-5.415833e-5	2.707917e-1
1	4	10000	2.143754501217334e-1	2.143754501217334e-1	0.000000000000000e0	0.000000000000000e0	2.144025313717860e-1	2.144025313717860e-1	-2.708125e-5	2.708125e-1	-2.708125e-5	2.708125e-1
1	4	50000	2.143971147884521e-1	2.143971147884521e-1	0.000000000000000e0	0.000000000000000e0	2.144025313717860e-1	2.144025313717860e-1	-5.416583e-6	2.708292e-1	-5.416583e-6	2.708292e-1
1	4	100000	2.143998230592852e-1	2.143998230592852e-1	0.000000000000000e0	0.000000000000000e0	2.144025313717860e-1	2.144025313717860e-1	-2.708313e-6	2.708313e-1	-2.708313e-6	2.708313e-1
3	4	100	1.410907872126450e-1	6.459470325476242e-2	-7.649608395788250e-2	1.666666666666667e-1	2.321146333077535e-1	6.544796664108682e-2	-8.532634e-4	2.559790e-1	7.564282e-2	2.269285e1
3	4	500	1.422534176795536e-1	6.527679979348398e-2	-7.697661788606951e-2	1.666666666666667e-1	2.321146333077535e-1	6.544796664108682e-2	-1.711668e-4	2.567503e-1	7.680545e-2	1.152082e2
3	4	1000	1.423991257556917e-1	6.536235087773344e-2	-7.703677487795826e-2	1.666666666666667e-1	2.321146333077535e-1	6.544796664108682e-2	-8.561576e-5	2.568473e-1	7.695116e-2	2.308535e2
3	4	5000	1.425157523858766e-1	6.543083830757286e-2	-7.708491407830398e-2	1.666666666666667e-1	2.321146333077535e-1	6.544796664108682e-2	-1.712833e-5	2.569250e-1	7.706779e-2	1.156017e3
3	4	10000	1.425303344689522e-1	6.543940215032323e-2	-7.709093231862921e-2	1.666666666666667e-1	2.321146333077535e-1	6.544796664108682e-2	-8.564491e-6	2.569347e-1	7.708237e-2	2.312471e3
3	4	50000	1.425420007355825e-1	6.544625369108693e-2	-7.709574704449622e-2	1.666666666666667e-1	2.321146333077535e-1	6.544796664108682e-2	-1.712950e-6	2.569425e-1	7.709403e-2	1.156411e4
3	4	100000	1.425434590564153e-1	6.544711016284603e-2	-7.709634889357034e-2	1.666666666666667e-1	2.321146333077535e-1	6.544796664108682e-2	-8.564782e-7	2.569435e-1	7.709549e-2	2.312865e4
1	5	100	1.898371226857588e-1	1.898371226857588e-1	0.000000000000000e0	0.000000000000000e0	1.924788623380489e-1	1.924788623380489e-1	-2.641740e-3	2.641740e-1	-2.641740e-3	2.641740e-1
1	5	500	1.919465284541054e-1	1.919465284541054e-1	0.000000000000000e0	0.000000000000000e0	1.924788623380489e-1	1.924788623380489e-1	-5.323339e-4	2.661669e-1	-5.323339e-4	2.661669e-1
1	5	1000	1.922124456030798e-1	1.922124456030798e-1	0.000000000000000e0	0.000000000000000e0	1.924788623380489e-1	1.924788623380489e-1	-2.664167e-4	2.664167e-1	-2.664167e-4	2.664167e-1
1	5	5000	1.924255390041715e-1	1.924255390041715e-1	0.000000000000000e0	0.000000000000000e0	1.924788623380489e-1	1.924788623380489e-1	-5.332333e-5	2.666167e-1	-5.332333e-5	2.666167e-1
1	5	10000	1.924521981713131e-1	1.924521981713131e-1	0.000000000000000e0	0.000000000000000e0	1.924788623380489e-1	1.924788623380489e-1	-2.666417e-5	2.666417e-1	-2.666417e-5	2.666417e-1
1	5	50000	1.924735291047143e-1	1.924735291047143e-1	0.000000000000000e0	0.000000000000000e0	1.924788623380489e-1	1.924788623380489e-1	-5.333233e-6	2.666617e-1	-5.333233e-6	2.666617e-1
1	5	100000	1.924761956963804e-1	1.924761956963804e-1	0.000000000000000e0	0.000000000000000e0	1.924788623380489e-1	1.924788623380489e-1	-2.666642e-6	2.666642e-1	-2.666642e-6	2.666642e-1
2	5	100	1.459260543328791e-1	1.151208165473567e-1	-3.080523778552229e-2	1.000000000000000e-1	2.164052341247139e-1	1.164052341247139e-1	-1.284418e-3	2.568835e-1	2.952082e-2	5.904164e0
2	5	500	1.472513567203910e-1	1.161471921194458e-1	-3.110416460094519e-2	1.000000000000000e-1	2.164052341247139e-1	1.164052341247139e-1	-2.580420e-4	2.580420e-1	3.084612e-2	3.084612e1
2	5	1000	1.474177731629888e-1	1.162761403324225e-1	-3.114163283056623e-2	1.000000000000000e-1	2.164052341247139e-1	1.164052341247139e-1	-1.290938e-4	2.581876e-1	3.101254e-2	6.202508e1
2	5	5000	1.475510264644551e-1	1.163794037077089e-1	-3.117162275674712e-2	1.000000000000000e-1	2.164052341247139e-1	1.164052341247139e-1	-2.583042e-5	2.583042e-1	3.114579e-2	3.114579e2
2	5	10000	1.475676906308954e-1	1.163923181871714e-1	-3.117537244372586e-2	1.000000000000000e-1	2.164052341247139e-1	1.164052341247139e-1	-1.291594e-5	2.583188e-1	3.116246e-2	6.232491e2
2	5	50000	1.475810231641949e-1	1.164026508205464e-1	-3.117837234365191e-2	1.000000000000000e-1	2.164052341247139e-1	1.164052341247139e-1	-2.583304e-6	2.583304e-1	3.117579e-2	3.117579e3
2	5	100000	1.475826898058599e-1	1.164039424653388e-1	-3.117874734052620e-2	1.000000000000000e-1	2.164052341247139e-1	1.164052341247139e-1	-1.291659e-6	2.583319e-1	3.117746e-2	6.235491e3
3	5	100	1.189097688120458e-1	7.270826294845802e-2	-4.620150586358784e-2	1.333333333333333e-1	2.068897702963464e-1	7.355643696301309e-2	-8.481740e-4	2.544522e-1	4.535333e-2	1.360600e1
3	5	500	1.199705489426324e-1	7.338621453425044e-2	-4.658433440838185e-2	1.333333333333333e-1	2.068897702963464e-1	7.355643696301309e-2	-1.702224e-4	2.553336e-1	4.641411e-2	6.962117e1
3	5	1000	1.201036987964507e-1	7.347128878905466e-2	-4.663241000739594e-2	1.333333333333333e-1	2.068897702963464e-1	7.355643696301309e-2	-8.514817e-5	2.554445e-1	4.654726e-2	1.396418e2
3	5	5000	1.202103067756144e-1	7.353940140725081e-2	-4.667090536836351e-2	1.333333333333333e-1	2.068897702963464e-1	7.355643696301309e-2	-1.703556e-5	2.555333e-1	4.665387e-2	6.998080e2
3	5	10000	1.202236382754664e-1	7.354791881483881e-2	-4.667571946062778e-2	1.333333333333333e-1	2.068897702963464e-1	7.355643696301309e-2	-8.518148e-6	2.555444e-1	4.666720e-2	1.400016e3
3	5	50000	1.202343043554463e-1	7.355473327412318e-2	-4.667957108132208e-2	1.333333333333333e-1	2.068897702963464e-1	7.355643696301309e-2	-1.703689e-6	2.555533e-1	4.667787e-2	7.001680e3
3	5	100000	1.202356376704447e-1	7.355558511486290e-2	-4.668005255558137e-2	1.333333333333333e-1	2.068897702963464e-1	7.355643696301309e-2	-8.518482e-7	2.555544e-1	4.667920e-2	1.400376e4
4	5	100	1.146860731040342e-1	4.674274210823283e-2	-6.794333099580134e-2	1.500000000000000e-1	1.973758381245246e-1	4.737583812452464e-2	-6.330960e-4	2.532384e-1	6.731023e-2	2.692409e1
4	5	500	1.156169579536434e-1	4.724884835647670e-2	-6.836810959716677e-2	1.500000000000000e-1	1.973758381245246e-1	4.737583812452464e-2	-1.269898e-4	2.539795e-1	6.824112e-2	1.364822e2
4	5	1000	1.157335492780625e-1	4.731231987227130e-2	-6.842122940579123e-2	1.500000000000000e-1	1.973758381245246e-1	4.737583812452464e-2	-6.351825e-5	2.540730e-1	6.835771e-2	2.734308e2
4	5	5000	1.158268585628961e-1	4.736313072850676e-2	-6.846372783438941e-2	1.500000000000000e-1	1.973758381245246e-1	4.737583812452464e-2	-1.270740e-5	2.541479e-1	6.845102e-2	1.369020e3
4	5	10000	1.158385244792203e-1	4.736948419221018e-2	-6.846904028701033e-2	1.500000000000000e-1	1.973758381245246e-1	4.737583812452464e-2	-6.353932e-6	2.541573e-1	6.846269e-2	2.738507e3
4	5	50000	1.158478575725059e-1	4.737456730056636e-2	-6.847329027193939e-2	1.500000000000000e-1	1.973758381245246e-1	4.737583812452464e-2	-1.270824e-6	2.541648e-1	6.847202e-2	1.369440e4
4	5	100000	1.158490242316711e-1	4.737520271020233e-2	-6.847382152147055e-2	1.500000000000000e-1	1.973758381245246e-1	4.737583812452464e-2	-6.354143e-7	2.541657e-1	6.847319e-2	2.738927e4
1	6	100	1.721926720983328e-1	1.721926720983328e-1	0.000000000000000e0	0.000000000000000e0	1.748359150800768e-1	1.748359150800768e-1	-2.643243e-3	2.643243e-1	-2.643243e-3	2.643243e-1
1	6	500	1.743079726517371e-1	1.743079726517371e-1	0.000000000000000e0	0.000000000000000e0	1.748359150800768e-1	1.748359150800768e-1	-5.279424e-4	2.639712e-1	-5.279424e-4	2.639712e-1
1	6	1000	1.745719843320082e-1	1.745719843320082e-1	0.000000000000000e0	0.000000000000000e0	1.748359150800768e-1	1.748359150800768e-1	-2.639307e-4	2.639307e-1	-2.639307e-4	2.639307e-1
1	6	5000	1.747831356376435e-1	1.747831356376435e-1	0.000000000000000e0	0.000000000000000e0	1.748359150800768e-1	1.748359150800768e-1	-5.277944e-5	2.638972e-1	-5.277944e-5	2.638972e-1
1	6	10000	1.748095257743285e-1	1.748095257743285e-1	0.000000000000000e0	0.000000000000000e0	1.748359150800768e-1	1.748359150800768e-1	-2.638931e-5	2.638931e-1	-2.638931e-5	2.638931e-1
1	6	50000	1.748306372856337e-1	1.748306372856337e-1	0.000000000000000e0	0.000000000000000e0	1.748359150800768e-1	1.748359150800768e-1	-5.277794e-6	2.638897e-1	-5.277794e-6	2.638897e-1
1	6	100000	1.748332761870233e-1	1.748332761870233e-1	0.000000000000000e0	0.000000000000000e0	1.748359150800768e-1	1.748359150800768e-1	-2.638893e-6	2.638893e-1	-2.638893e-6	2.638893e-1
5	6	100	9.682016301532391e-2	3.701601104930490e-2	-5.980415196601903e-2	1.333333333333333e-1	1.708554534552582e-1	3.752212012192485e-2	-5.061091e-4	2.530545e-1	5.929804e-2	2.964902e1
5	6	500	9.759328500052465e-2	3.742107174958988e-2	-6.017221325093458e-2	1.333333333333333e-1	1.708554534552582e-1	3.752212012192485e-2	-1.010484e-4	2.526209e-1	6.007116e-2	1.501779e2
5	6	1000	9.769049931122635e-2	3.747155891242070e-2	-6.021894039880556e-2	1.333333333333333e-1	1.708554534552582e-1	3.752212012192485e-2	-5.056121e-5	2.528060e-1	6.016838e-2	3.008419e2
5	6	5000	9.776823043178633e-2	3.751200963755318e-2	-6.025622079423297e-2	1.333333333333333e-1	1.708554534552582e-1	3.752212012192485e-2	-1.011048e-5	2.527621e-1	6.024611e-2	1.506153e3
5	6	10000	9.777795257109866e-2	3.751706450971507e-2	-6.026088806138316e-2	1.333333333333333e-1	1.708554534552582e-1	3.752212012192485e-2	-5.055612e-6	2.527806e-1	6.025583e-2	3.012792e3
5	6	50000	9.778572988221830e-2	3.752110901708043e-2	-6.026462086513816e-2	1.333333333333333e-1	1.708554534552582e-1	3.752212012192485e-2	-1.011105e-6	2.527762e-1	6.026361e-2	1.506590e4
5	6	100000	9.778670210360703e-2	3.752161456580293e-2	-6.026508753780509e-2	1.333333333333333e-1	1.708554534552582e-1	3.752212012192485e-2	-5.055561e-7	2.527781e-1	6.026458e-2	3.013229e4
1	7	100	1.577849903768634e-1	1.577849903768634e-1	0.000000000000000e0	0.000000000000000e0	1.604060376407710e-1	1.604060376407710e-1	-2.621047e-3	2.621047e-1	-2.621047e-3	2.621047e-1
1	7	500	1.598818486990034e-1	1.598818486990034e-1	0.000000000000000e0	0.000000000000000e0	1.604060376407710e-1	1.604060376407710e-1	-5.241889e-4	2.620945e-1	-5.241889e-4	2.620945e-1
1	7	1000	1.601442515441329e-1	1.601442515441329e-1	0.000000000000000e0	0.000000000000000e0	1.604060376407710e-1	1.604060376407710e-1	-2.617861e-4	2.617861e-1	-2.617861e-4	2.617861e-1
1	7	5000	1.603536557390511e-1	1.603536557390511e-1	0.000000000000000e0	0.000000000000000e0	1.604060376407710e-1	1.604060376407710e-1	-5.238190e-5	2.619095e-1	-5.238190e-5	2.619095e-1
1	7	10000	1.603798462121042e-1	1.603798462121042e-1	0.000000000000000e0	0.000000000000000e0	1.604060376407710e-1	1.604060376407710e-1	-2.619143e-5	2.619143e-1	-2.619143e-5	2.619143e-1
1	7	50000	1.604007995931479e-1	1.604007995931479e-1	0.000000000000000e0	0.000000000000000e0	1.604060376407710e-1	1.604060376407710e-1	-5.238048e-6	2.619024e-1	-5.238048e-6	2.619024e-1
1	7	100000	1.604034185907712e-1	1.604034185907712e-1	0.000000000000000e0	0.000000000000000e0	1.604060376407710e-1	1.604060376407710e-1	-2.619050e-6	2.619050e-1	-2.619050e-6	2.619050e-1
2	7	100	1.225230135748684e-1	1.061448653874231e-1	-1.637814818744529e-2	7.142857142857142e-2	1.788527593842831e-1	1.074241879557117e-1	-1.279323e-3	2.558645e-1	1.509883e-2	3.019765e0
2	7	500	1.237652243798828e-1	1.071685033789869e-1	-1.659672100089592e-2	7.142857142857142e-2	1.788527593842831e-1	1.074241879557117e-1	-2.556846e-4	2.556846e-1	1.634104e-2	1.634104e1
2	7	1000	1.239200406196158e-1	1.072962072351965e-1	-1.662383338441936e-2	7.142857142857142e-2	1.788527593842831e-1	1.074241879557117e-1	-1.279807e-4	2.559614e-1	1.649585e-2	3.299171e1
2	7	5000	1.240438187160498e-1	1.073985928961365e-1	-1.664522581991321e-2	7.142857142857142e-2	1.788527593842831e-1	1.074241879557117e-1	-2.559506e-5	2.559506e-1	1.661963e-2	1.661963e2
2	7	10000	1.240592975848164e-1	1.074113904706752e-1	-1.664790711414133e-2	7.142857142857142e-2	1.788527593842831e-1	1.074241879557117e-1	-1.279749e-5	2.559497e-1	1.663511e-2	3.327022e2
2	7	50000	1.240716775372944e-1	1.074216284301166e-1	-1.665004910717795e-2	7.142857142857142e-2	1.788527593842831e-1	1.074241879557117e-1	-2.559526e-6	2.559526e-1	1.664749e-2	1.664749e3
2	7	100000	1.240732251474119e-1	1.074229081906814e-1	-1.665031695673089e-2	7.142857142857142e-2	1.788527593842831e-1	1.074241879557117e-1	-1.279765e-6	2.559530e-1	1.664904e-2	3.329807e3
3	7	100	1.055790272198745e-1	7.705644720165182e-2	-2.852258001822268e-2	9.523809523809523e-2	1.731367423916173e-1	7.789864715352210e-2	-8.422000e-4	2.526600e-1	2.768038e-2	8.304114e0
3	7	500	1.065340088748298e-1	7.772934056466863e-2	-2.880466831016119e-2	9.523809523809523e-2	1.731367423916173e-1	7.789864715352210e-2	-1.693066e-4	2.539599e-1	2.863536e-2	4.295304e1
3	7	1000	1.066528905141883e-1	7.781397914518255e-2	-2.883891136900571e-2	9.523809523809523e-2	1.731367423916173e-1	7.789864715352210e-2	-8.466801e-5	2.540040e-1	2.875424e-2	8.626273e1
3	7	5000	1.067481038006064e-1	7.788171768259707e-2	-2.886638611800881e-2	9.523809523809523e-2	1.731367423916173e-1	7.789864715352210e-2	-1.692947e-5	2.539421e-1	2.884946e-2	4.327418e2
3	7	10000	1.067600097531988e-1	7.789018166411360e-2	-2.886982808908471e-2	9.523809523809523e-2	1.731367423916173e-1	7.789864715352210e-2	-8.465489e-6	2.539647e-1	2.886136e-2	8.658409e2
3	7	50000	1.067695333342007e-1	7.789695402706640e-2	-2.887257930713288e-2	9.523809523809523e-2	1.731367423916173e-1	7.789864715352210e-2	-1.693126e-6	2.539690e-1	2.887089e-2	4.330633e3
3	7	100000	1.067707238080104e-1	7.789780059280739e-2	-2.887292321520092e-2	9.523809523809523e-2	1.731367423916173e-1	7.789864715352210e-2	-8.465607e-7	2.539682e-1	2.887208e-2	8.661623e3
4	7	100	8.608678773827072e-2	5.593882086727216e-2	-3.014796687099858e-2	1.071428571428571e-1	1.637126947704327e-1	5.656983762757554e-2	-6.310168e-4	2.524067e-1	2.951695e-2	1.180678e1
4	7	500	8.689413305958144e-2	5.644341509935635e-2	-3.045071796022500e-2	1.071428571428571e-1	1.637126947704327e-1	5.656983762757554e-2	-1.264225e-4	2.528451e-1	3.032430e-2	6.064859e1
4	7	1000	8.699543946691686e-2	5.650658427335134e-2	-3.048885519356553e-2	1.071428571428571e-1	1.637126947704327e-1	5.656983762757554e-2	-6.325335e-5	2.530134e-1	3.042560e-2	1.217024e2
4	7	5000	8.707633618243771e-2	5.655718938361307e-2	-3.051914679882483e-2	1.071428571428571e-1	1.637126947704327e-1	5.656983762757554e-2	-1.264824e-5	2.529649e-1	3.050650e-2	6.101300e2
4	7	10000	8.708645460474092e-2	5.656351318563327e-2	-3.052294141910717e-2	1.071428571428571e-1	1.637126947704327e-1	5.656983762757554e-2	-6.324442e-6	2.529777e-1	3.051662e-2	1.220665e3
4	7	50000	8.709454965715838e-2	5.656857274290282e-2	-3.052597691425519e-2	1.071428571428571e-1	1.637126947704327e-1	5.656983762757554e-2	-1.264885e-6	2.529769e-1	3.052471e-2	6.104942e3
4	7	100000	8.709556153959706e-2	5.656920518873679e-2	-3.052635635086272e-2	1.071428571428571e-1	1.637126947704327e-1	5.656983762757554e-2	-6.324388e-7	2.529755e-1	3.052572e-2	1.221029e4
5	7	100	8.320764109259397e-2	3.923255883752898e-2	-4.397508225506497e-2	1.142857142857143e-1	1.540228560106704e-1	3.973714172495611e-2	-5.045829e-4	2.522914e-1	4.347050e-2	2.173525e1
5	7	500	8.392962202060988e-2	3.963621225041872e-2	-4.429340977019118e-2	1.142857142857143e-1	1.540228560106704e-1	3.973714172495611e-2	-1.009295e-4	2.523237e-1	4.419248e-2	1.104812e2
5	7	1000	8.402006963420022e-2	3.968665982167221e-2	-4.433340981252792e-2	1.142857142857143e-1	1.540228560106704e-1	3.973714172495611e-2	-5.048190e-5	2.524095e-1	4.428293e-2	2.214146e2
5	7	5000	8.409240373989380e-2	3.972704655549419e-2	-4.436535718439977e-2	1.142857142857143e-1	1.540228560106704e-1	3.973714172495611e-2	-1.009517e-5	2.523792e-1	4.435526e-2	1.108882e3
5	7	10000	8.410145050178497e-2	3.973209427733711e-2	-4.436935622444790e-2	1.142857142857143e-1	1.540228560106704e-1	3.973714172495611e-2	-5.047448e-6	2.523724e-1	4.436431e-2	2.218215e3
5	7	50000	8.410868871132830e-2	3.973613219886062e-2	-4.437255651246814e-2	1.142857142857143e-1	1.540228560106704e-1	3.973714172495611e-2	-1.009526e-6	2.523815e-1	4.437155e-2	1.109289e4
5	7	100000	8.410959345751894e-2	3.973663696345024e-2	-4.437295649406768e-2	1.142857142857143e-1	1.540228560106704e-1	3.973714172495611e-2	-5.047615e-7	2.523808e-1	4.437245e-2	2.218623e4
6	7	100	8.388320703930718e-2	3.090065112236174e-2	-5.298255591694545e-2	1.190476190476190e-1	1.503665696081029e-1	3.131895056048384e-2	-4.182994e-4	2.509797e-1	5.256426e-2	3.153855e1
6	7	500	8.454945169396862e-2	3.123498708453120e-2	-5.331446460943744e-2	1.190476190476190e-1	1.503665696081029e-1	3.131895056048384e-2	-8.396348e-5	2.518904e-1	5.323050e-2	1.596915e2
6	7	1000	8.463269631101662e-2	3.127695071473825e-2	-5.335574559627854e-2	1.190476190476190e-1	1.503665696081029e-1	3.131895056048384e-2	-4.199985e-5	2.519991e-1	5.331375e-2	3.198825e2
6	7	5000	8.469933339875324e-2	3.131055175761271e-2	-5.338878164114071e-2	1.190476190476190e-1	1.503665696081029e-1	3.131895056048384e-2	-8.398803e-6	2.519641e-1	5.338038e-2	1.601411e3
6	7	10000	8.470766691107606e-2	3.131475081017301e-2	-5.339291610090303e-2	1.190476190476190e-1	1.503665696081029e-1	3.131895056048384e-2	-4.199750e-6	2.519850e-1	5.338872e-2	3.203323e3
6	7	50000	8.471433317301391e-2	3.131811061240115e-2	-5.339622256061174e-2	1.190476190476190e-1	1.503665696081029e-1	3.131895056048384e-2	-8.399481e-7	2.519844e-1	5.339538e-2	1.601861e4
6	7	100000	8.471516649860851e-2	3.131853058629443e-2	-5.339663591231480e-2	1.190476190476190e-1	1.503665696081029e-1	3.131895056048384e-2	-4.199742e-7	2.519845e-1	5.339622e-2	3.203773e4
1	8	100	1.457794967155035e-1	1.457794967155035e-1	0.000000000000000e0	0.000000000000000e0	1.483960883474764e-1	1.483960883474764e-1	-2.616592e-3	2.616592e-1	-2.616592e-3	2.616592e-1
1	8	500	1.478747554966765e-1	1.478747554966765e-1	0.000000000000000e0	0.000000000000000e0	1.483960883474764e-1	1.483960883474764e-1	-5.213329e-4	2.606664e-1	-5.213329e-4	2.606664e-1
1	8	1000	1.481360465686042e-1	1.481360465686042e-1	0.000000000000000e0	0.000000000000000e0	1.483960883474764e-1	1.483960883474764e-1	-2.600418e-4	2.600418e-1	-2.600418e-4	2.600418e-1
1	8	5000	1.483440200132589e-1	1.483440200132589e-1	0.000000000000000e0	0.000000000000000e0	1.483960883474764e-1	1.483960883474764e-1	-5.206833e-5	2.603417e-1	-5.206833e-5	2.603417e-1
1	8	10000	1.483700504306989e-1	1.483700504306989e-1	0.000000000000000e0	0.000000000000000e0	1.483960883474764e-1	1.483960883474764e-1	-2.603792e-5	2.603792e-1	-2.603792e-5	2.603792e-1
1	8	50000	1.483908801641431e-1	1.483908801641431e-1	0.000000000000000e0	0.000000000000000e0	1.483960883474764e-1	1.483960883474764e-1	-5.208183e-6	2.604092e-1	-5.208183e-6	2.604092e-1
1	8	100000	1.483934842183108e-1	1.483934842183108e-1	0.000000000000000e0	0.000000000000000e0	1.483960883474764e-1	1.483960883474764e-1	-2.604129e-6	2.604129e-1	-2.604129e-6	2.604129e-1
3	8	100	9.448659535607988e-2	7.540089305203836e-2	-1.908570230404152e-2	8.333333333333333e-2	1.595795760003710e-1	7.624624266703768e-2	-8.453496e-4	2.536049e-1	1.824035e-2	5.472106e0
3	8	500	9.540460245650623e-2	7.607724283208016e-2	-1.932735962442613e-2	8.333333333333333e-2	1.595795760003710e-1	7.624624266703768e-2	-1.689998e-4	2.534998e-1	1.915836e-2	2.873754e1
3	8	1000	9.551931090733012e-2	7.616180280899885e-2	-1.935750809833131e-2	8.333333333333333e-2	1.595795760003710e-1	7.624624266703768e-2	-8.443986e-5	2.533196e-1	1.927307e-2	5.781920e1
3	8	5000	9.561091086176383e-2	7.622934655558120e-2	-1.938156430618293e-2	8.333333333333333e-2	1.595795760003710e-1	7.624624266703768e-2	-1.689611e-5	2.534417e-1	1.936467e-2	2.904700e2
3	8	10000	9.562236711144122e-2	7.623779410217967e-2	-1.938457300926127e-2	8.333333333333333e-2	1.595795760003710e-1	7.624624266703768e-2	-8.448565e-6	2.534569e-1	1.937612e-2	5.812837e2
3	8	50000	9.563153311139623e-2	7.624455287259303e-2	-1.938698023880217e-2	8.333333333333333e-2	1.595795760003710e-1	7.624624266703768e-2	-1.689794e-6	2.534692e-1	1.938529e-2	2.907794e3
3	8	100000	9.563267892389671e-2	7.624539776472404e-2	-1.938728115917183e-2	8.333333333333333e-2	1.595795760003710e-1	7.624624266703768e-2	-8.449023e-7	2.534707e-1	1.938644e-2	5.815931e3
5	8	100	7.616564304481233e-2	4.230788257581162e-2	-3.385776046900069e-2	1.000000000000000e-1	1.428118747466716e-1	4.281187474667161e-2	-5.039922e-4	2.519961e-1	3.335377e-2	1.667688e1
5	8	500	7.684583178102644e-2	4.271104814262531e-2	-3.413478363840117e-2	1.000000000000000e-1	1.428118747466716e-1	4.281187474667161e-2	-1.008266e-4	2.520665e-1	3.403396e-2	8.508489e1
5	8	1000	7.693114893898402e-2	4.276147972702487e-2	-3.416966921195918e-2	1.000000000000000e-1	1.428118747466716e-1	4.281187474667161e-2	-5.039502e-5	2.519751e-1	3.411927e-2	1.705964e2
5	8	5000	7.699945022862667e-2	4.280179227984802e-2	-3.419765794877926e-2	1.000000000000000e-1	1.428118747466716e-1	4.281187474667161e-2	-1.008247e-5	2.520617e-1	3.418758e-2	8.546894e2
5	8	10000	7.700799089498495e-2	4.280683329665221e-2	-3.420115759833317e-2	1.000000000000000e-1	1.428118747466716e-1	4.281187474667161e-2	-5.041450e-6	2.520725e-1	3.419612e-2	1.709806e3
5	8	50000	7.701482390827406e-2	4.281086642200473e-2	-3.420395748627000e-2	1.000000000000000e-1	1.428118747466716e-1	4.281187474667161e-2	-1.008325e-6	2.520812e-1	3.420295e-2	8.550737e3
5	8	100000	7.701567806494057e-2	4.281137058217092e-2	-3.420430748276928e-2	1.000000000000000e-1	1.428118747466716e-1	4.281187474667161e-2	-5.041645e-7	2.520823e-1	3.420380e-2	1.710190e4
7	8	100	7.407264351097108e-2	2.667465462419711e-2	-4.739798888677389e-2	1.071428571428571e-1	1.341765022096846e-1	2.703364506682750e-2	-3.589904e-4	2.512933e-1	4.703900e-2	3.292730e1
7	8	500	7.465260153971062e-2	2.696180171506702e-2	-4.769079982464347e-2	1.071428571428571e-1	1.341765022096846e-1	2.703364506682750e-2	-7.184335e-5	2.514517e-1	4.761896e-2	1.666663e2
7	8	1000	7.472537583547240e-2	2.699773092267398e-2	-4.772764491279807e-2	1.071428571428571e-1	1.341765022096846e-1	2.703364506682750e-2	-3.591414e-5	2.513990e-1	4.769173e-2	3.338421e2
7	8	5000	7.478370910216670e-2	2.702646020265388e-2	-4.775724889951270e-2	1.071428571428571e-1	1.341765022096846e-1	2.703364506682750e-2	-7.184864e-6	2.514702e-1	4.775006e-2	1.671252e3
7	8	10000	7.479100076836415e-2	2.703005250727517e-2	-4.776094826108881e-2	1.071428571428571e-1	1.341765022096846e-1	2.703364506682750e-2	-3.592560e-6	2.514792e-1	4.775736e-2	3.343015e3
7	8	50000	7.479683410163138e-2	2.703292653451432e-2	-4.776390756711678e-2	1.071428571428571e-1	1.341765022096846e-1	2.703364506682750e-2	-7.185323e-7	2.514863e-1	4.776319e-2	1.671712e4
7	8	100000	7.479756326829891e-2	2.703328579939538e-2	-4.776427746890204e-2	1.071428571428571e-1	1.341765022096846e-1	2.703364506682750e-2	-3.592674e-7	2.514872e-1	4.776392e-2	3.343474e4
1	9	100	1.356674682617385e-1	1.356674682617385e-1	0.000000000000000e0	0.000000000000000e0	1.382401728541656e-1	1.382401728541656e-1	-2.572705e-3	2.572705e-1	-2.572705e-3	2.572705e-1
1	9	500	1.377210978293087e-1	1.377210978293087e-1	0.000000000000000e0	0.000000000000000e0	1.382401728541656e-1	1.382401728541656e-1	-5.190750e-4	2.595375e-1	-5.190750e-4	2.595375e-1
1	9	1000	1.379811085054483e-1	1.379811085054483e-1	0.000000000000000e0	0.000000000000000e0	1.382401728541656e-1	1.382401728541656e-1	-2.590643e-4	2.590643e-1	-2.590643e-4	2.590643e-1
1	9	5000	1.381883154457700e-1	1.381883154457700e-1	0.000000000000000e0	0.000000000000000e0	1.382401728541656e-1	1.382401728541656e-1	-5.185741e-5	2.592870e-1	-5.185741e-5	2.592870e-1
1	9	10000	1.382142488731528e-1	1.382142488731528e-1	0.000000000000000e0	0.000000000000000e0	1.382401728541656e-1	1.382401728541656e-1	-2.592398e-5	2.592398e-1	-2.592398e-5	2.592398e-1
1	9	50000	1.382349876134264e-1	1.382349876134264e-1	0.000000000000000e0	0.000000000000000e0	1.382401728541656e-1	1.382401728541656e-1	-5.185241e-6	2.592620e-1	-5.185241e-6	2.592620e-1
1	9	100000	1.382375802810236e-1	1.382375802810236e-1	0.000000000000000e0	0.000000000000000e0	1.382401728541656e-1	1.382401728541656e-1	-2.592573e-6	2.592573e-1	-2.592573e-6	2.592573e-1
2	9	100	1.064880843340424e-1	9.635540531347812e-2	-1.013267902056423e-2	5.555555555555555e-2	1.531816374839429e-1	9.762608192838731e-2	-1.270677e-3	2.541353e-1	8.862002e-3	1.772400e0
2	9	500	1.076726511668149e-1	9.737157823359659e-2	-1.030107293321827e-2	5.555555555555555e-2	1.531816374839429e-1	9.762608192838731e-2	-2.545037e-4	2.545037e-1	1.004657e-2	1.004657e1
2	9	1000	1.078203282610142e-1	9.749879146181382e-2	-1.032153679920042e-2	5.555555555555555e-2	1.531816374839429e-1	9.762608192838731e-2	-1.272905e-4	2.545809e-1	1.019425e-2	2.038849e1
2	9	5000	1.079388421617767e-1	9.760062021635967e-2	-1.033822194541704e-2	5.555555555555555e-2	1.531816374839429e-1	9.762608192838731e-2	-2.546171e-5	2.546171e-1	1.031276e-2	1.031276e2
2	9	10000	1.079536522555342e-1	9.761335069000381e-2	-1.034030156553047e-2	5.555555555555555e-2	1.531816374839429e-1	9.762608192838731e-2	-1.273124e-5	2.546248e-1	1.032757e-2	2.065514e2
2	9	50000	1.079655040627684e-1	9.762353564459127e-2	-1.034196841817693e-2	5.555555555555555e-2	1.531816374839429e-1	9.762608192838731e-2	-2.546284e-6	2.546284e-1	1.033942e-2	1.033942e3
2	9	100000	1.079669854970285e-1	9.762480878266917e-2	-1.034217671435953e-2	5.555555555555555e-2	1.531816374839429e-1	9.762608192838731e-2	-1.273146e-6	2.546291e-1	1.034090e-2	2.068181e3
4	9	100	8.292415772621739e-2	5.837888891166101e-2	-2.454526881455642e-2	8.333333333333333e-2	1.423422470703690e-1	5.900891373703564e-2	-6.300248e-4	2.520099e-1	2.391524e-2	9.566098e0
4	9	500	8.366783345067565e-2	5.888274968681256e-2	-2.478508376386316e-2	8.333333333333333e-2	1.423422470703690e-1	5.900891373703564e-2	-1.261641e-4	2.523281e-1	2.465892e-2	4.931784e1
4	9	1000	8.376017658301017e-2	5.894584282751953e-2	-2.481433375549072e-2	8.333333333333333e-2	1.423422470703690e-1	5.900891373703564e-2	-6.307091e-5	2.522836e-1	2.475126e-2	9.900505e1
4	9	5000	8.383428059514485e-2	5.899629792715155e-2	-2.483798266799371e-2	8.333333333333333e-2	1.423422470703690e-1	5.900891373703564e-2	-1.261581e-5	2.523162e-1	2.482537e-2	4.965073e2
4	9	10000	8.384353735493950e-2	5.900260594477198e-2	-2.484093141016806e-2	8.333333333333333e-2	1.423422470703690e-1	5.900891373703564e-2	-6.307792e-6	2.523117e-1	2.483462e-2	9.933849e2
4	9	50000	8.385094506228356e-2	5.900765216226670e-2	-2.484329290001818e-2	8.333333333333333e-2	1.423422470703690e-1	5.900891373703564e-2	-1.261575e-6	2.523150e-1	2.484203e-2	4.968406e3
4	9	100000	8.385187096320985e-2	5.900828295077908e-2	-2.484358801243228e-2	8.333333333333333e-2	1.423422470703690e-1	5.900891373703564e-2	-6.307863e-7	2.523145e-1	2.484296e-2	9.937183e3
5	9	100	6.695993845774953e-2	4.567108714654117e-2	-2.128885131120834e-2	8.888888888888889e-2	1.350626974853238e-1	4.617380859643487e-2	-5.027214e-4	2.513607e-1	2.078613e-2	1.039306e1
5	9	500	6.761074554123760e-2	4.607311687238994e-2	-2.153762866884759e-2	8.888888888888889e-2	1.350626974853238e-1	4.617380859643487e-2	-1.006917e-4	2.517293e-1	2.143694e-2	5.359234e1
5	9	1000	6.769228842043701e-2	4.612344820890685e-2	-2.156884021153012e-2	8.888888888888889e-2	1.350626974853238e-1	4.617380859643487e-2	-5.036039e-5	2.518019e-1	2.151848e-2	1.075924e2
5	9	5000	6.775746375926620e-2	4.616373501137720e-2	-2.159372874788934e-2	8.888888888888889e-2	1.350626974853238e-1	4.617380859643487e-2	-1.007359e-5	2.518396e-1	2.158366e-2	5.395914e2
5	9	10000	6.776561251881585e-2	4.616877165938095e-2	-2.159684085943532e-2	8.888888888888889e-2	1.350626974853238e-1	4.617380859643487e-2	-5.036937e-6	2.518469e-1	2.159180e-2	1.079590e3
5	9	50000	6.777213093948706e-2	4.617280119391682e-2	-2.159932974557173e-2	8.888888888888889e-2	1.350626974853238e-1	4.617380859643487e-2	-1.007403e-6	2.518506e-1	2.159832e-2	5.399581e3
5	9	100000	6.777294576041212e-2	4.617330489373155e-2	-2.159964086668334e-2	8.888888888888889e-2	1.350626974853238e-1	4.617380859643487e-2	-5.037027e-7	2.518514e-1	2.159914e-2	1.079957e4
7	9	100	6.478859350364750e-2	2.676852892576528e-2	-3.802006457788220e-2	9.523809523809523e-2	1.223641884838073e-1	2.712609324571207e-2	-3.575643e-4	2.502950e-1	3.766250e-2	2.636375e1
7	9	500	6.533996559646578e-2	2.705434114637754e-2	-3.828562445008827e-2	9.523809523809523e-2	1.223641884838073e-1	2.712609324571207e-2	-7.175210e-5	2.511323e-1	3.821387e-2	1.337486e2
7	9	1000	6.540878455888528e-2	2.709020472928536e-2	-3.831857982960005e-2	9.523809523809523e-2	1.223641884838073e-1	2.712609324571207e-2	-3.588852e-5	2.512196e-1	3.828269e-2	2.679788e2
7	9	5000	6.546382240762288e-2	2.711891313987125e-2	-3.834490926775144e-2	9.523809523809523e-2	1.223641884838073e-1	2.712609324571207e-2	-7.180106e-6	2.513037e-1	3.833773e-2	1.341821e3
7	9	10000	6.547070107182473e-2	2.712250306808004e-2	-3.834819800374482e-2	9.523809523809523e-2	1.223641884838073e-1	2.712609324571207e-2	-3.590178e-6	2.513124e-1	3.834461e-2	2.684123e3
7	9	50000	6.547620383157744e-2	2.712537518615027e-2	-3.835082864542801e-2	9.523809523809523e-2	1.223641884838073e-1	2.712609324571207e-2	-7.180596e-7	2.513208e-1	3.835011e-2	1.342254e4
7	9	100000	6.547689166583570e-2	2.712573421468405e-2	-3.835115745115358e-2	9.523809523809523e-2	1.223641884838073e-1	2.712609324571207e-2	-3.590310e-7	2.513217e-1	3.835080e-2	2.684556e4
8	9	100	6.635360686648488e-2	2.356569267876519e-2	-4.278791418771966e-2	9.722222222222222e-2	1.211002129634582e-1	2.387799074123598e-2	-3.122981e-4	2.498384e-1	4.247562e-2	3.398049e1
8	9	500	6.687549545994782e-2	2.381519811393088e-2	-4.306029734601682e-2	9.722222222222222e-2	1.211002129634582e-1	2.387799074123598e-2	-6.279263e-5	2.511705e-1	4.299750e-2	1.719900e2
8	9	1000	6.694012999109716e-2	2.384661275374269e-2	-4.309351723735450e-2	9.722222222222222e-2	1.211002129634582e-1	2.387799074123598e-2	-3.137799e-5	2.510239e-1	4.306214e-2	3.444971e2
8	9	5000	6.699201571639234e-2	2.387171177152483e-2	-4.312030394486810e-2	9.722222222222222e-2	1.211002129634582e-1	2.387799074123598e-2	-6.278970e-6	2.511588e-1	4.311402e-2	1.724561e3
8	9	10000	6.699849539258532e-2	2.387485144072261e-2	-4.312364395186355e-2	9.722222222222222e-2	1.211002129634582e-1	2.387799074123598e-2	-3.139301e-6	2.511440e-1	4.312050e-2	3.449640e3
8	9	50000	6.700368091664363e-2	2.387736284737069e-2	-4.312631806927448e-2	9.722222222222222e-2	1.211002129634582e-1	2.387799074123598e-2	-6.278939e-7	2.511575e-1	4.312569e-2	1.725028e4
8	9	100000	6.700432904673659e-2	2.387767679614812e-2	-4.312665225059029e-2	9.722222222222222e-2	1.211002129634582e-1	2.387799074123598e-2	-3.139451e-7	2.511561e-1	4.312634e-2	3.450107e4
1	10	100	1.269945258851063e-1	1.269945258851063e-1	0.000000000000000e0	0.000000000000000e0	1.295322051740821e-1	1.295322051740821e-1	-2.537679e-3	2.537679e-1	-2.537679e-3	2.537679e-1
1	10	500	1.290173706696731e-1	1.290173706696731e-1	0.000000000000000e0	0.000000000000000e0	1.295322051740821e-1	1.295322051740821e-1	-5.148345e-4	2.574173e-1	-5.148345e-4	2.574173e-1
1	10	1000	1.292743300318588e-1	1.292743300318588e-1	0.000000000000000e0	0.000000000000000e0	1.295322051740821e-1	1.295322051740821e-1	-2.578751e-4	2.578751e-1	-2.578751e-4	2.578751e-1
1	10	5000	1.294805568396383e-1	1.294805568396383e-1	0.000000000000000e0	0.000000000000000e0	1.295322051740821e-1	1.295322051740821e-1	-5.164833e-5	2.582417e-1	-5.164833e-5	2.582417e-1
1	10	10000	1.295063764239444e-1	1.295063764239444e-1	0.000000000000000e0	0.000000000000000e0	1.295322051740821e-1	1.295322051740821e-1	-2.582875e-5	2.582875e-1	-2.582875e-5	2.582875e-1
1	10	50000	1.295270386907472e-1	1.295270386907472e-1	0.000000000000000e0	0.000000000000000e0	1.295322051740821e-1	1.295322051740821e-1	-5.166483e-6	2.583242e-1	-5.166483e-6	2.583242e-1
1	10	100000	1.295296218865830e-1	1.295296218865830e-1	0.000000000000000e0	0.000000000000000e0	1.295322051740821e-1	1.295322051740821e-1	-2.583287e-6	2.583287e-1	-2.583287e-6	2.583287e-1
3	10	100	8.655494248122284e-2	7.173956764983946e-2	-1.481537483138338e-2	6.666666666666667e-2	1.392428661869980e-1	7.257619952033136e-2	-8.366319e-4	2.509896e-1	1.397874e-2	4.193623e0
3	10	500	8.741592301609573e-2	7.240792128257294e-2	-1.500800173352286e-2	6.666666666666667e-2	1.392428661869980e-1	7.257619952033136e-2	-1.682782e-4	2.524174e-1	1.483972e-2	2.225959e1
3	10	1000	8.752408074062570e-2	7.249200038880867e-2	-1.503208035181706e-2	6.666666666666667e-2	1.392428661869980e-1	7.257619952033136e-2	-8.419913e-5	2.525974e-1	1.494788e-2	4.484364e1
3	10	5000	8.761069132102683e-2	7.255935007542723e-2	-1.505134124559976e-2	6.666666666666667e-2	1.392428661869980e-1	7.257619952033136e-2	-1.684944e-5	2.527417e-1	1.503449e-2	2.255174e2
3	10	10000	8.762152290375158e-2	7.256777419619928e-2	-1.505374870755221e-2	6.666666666666667e-2	1.392428661869980e-1	7.257619952033136e-2	-8.425324e-6	2.527597e-1	1.504532e-2	4.513597e2
3	10	50000	8.763018901033205e-2	7.257451435921861e-2	-1.505567465111280e-2	6.666666666666667e-2	1.392428661869980e-1	7.257619952033136e-2	-1.685161e-6	2.527742e-1	1.505399e-2	2.258098e3
3	10	100000	8.763127232616391e-2	7.257535693375471e-2	-1.505591539240808e-2	6.666666666666667e-2	1.392428661869980e-1	7.257619952033136e-2	-8.425866e-7	2.527760e-1	1.505507e-2	4.516522e3
7	10	100	5.835563810182907e-2	2.836941601760307e-2	-2.998622208422599e-2	8.571428571428572e-2	1.144411158488240e-1	2.872683013453831e-2	-3.574141e-4	2.501899e-1	2.962881e-2	2.074017e1
7	10	500	5.887655587710966e-2	2.865511912086095e-2	-3.022143675624871e-2	8.571428571428572e-2	1.144411158488240e-1	2.872683013453831e-2	-7.171101e-5	2.509885e-1	3.014973e-2	1.055240e2
7	10	1000	5.894194252625324e-2	2.869096022041520e-2	-3.025098230583804e-2	8.571428571428572e-2	1.144411158488240e-1	2.872683013453831e-2	-3.586991e-5	2.510894e-1	3.021511e-2	2.115058e2
7	10	5000	5.899429487075498e-2	2.871965384189209e-2	-3.027464102886320e-2	8.571428571428572e-2	1.144411158488240e-1	2.872683013453831e-2	-7.176293e-6	2.511702e-1	3.026746e-2	1.059361e3
7	10	10000	5.900084159668721e-2	2.872324184370590e-2	-3.027759975298159e-2	8.571428571428572e-2	1.144411158488240e-1	2.872683013453831e-2	-3.588291e-6	2.511804e-1	3.027401e-2	2.119181e3
7	10	50000	5.900607940617380e-2	2.872611245324560e-2	-3.027996695292900e-2	8.571428571428572e-2	1.144411158488240e-1	2.872683013453831e-2	-7.176813e-7	2.511885e-1	3.027925e-2	1.059774e4
7	10	100000	5.900673415914958e-2	2.872647129244627e-2	-3.028026286670381e-2	8.571428571428572e-2	1.144411158488240e-1	2.872683013453831e-2	-3.588421e-7	2.511895e-1	3.027990e-2	2.119593e4
9	10	100	6.012886314126283e-2	2.116701153970870e-2	-3.896185160155408e-2	8.888888888888889e-2	1.103337628007506e-1	2.144487391186171e-2	-2.778624e-4	2.500761e-1	3.868399e-2	3.481559e1
9	10	500	6.059625439093124e-2	2.138915142377817e-2	-3.920710296715296e-2	8.888888888888889e-2	1.103337628007506e-1	2.144487391186171e-2	-5.572249e-5	2.507512e-1	3.915138e-2	1.761812e2
9	10	1000	6.065461220819900e-2	2.141700299385372e-2	-3.923760921434506e-2	8.888888888888889e-2	1.103337628007506e-1	2.144487391186171e-2	-2.787092e-5	2.508383e-1	3.920974e-2	3.528876e2
9	10	5000	6.070128680208096e-2	2.143929817085511e-2	-3.926198863122567e-2	8.888888888888889e-2	1.103337628007506e-1	2.144487391186171e-2	-5.575741e-6	2.509083e-1	3.925641e-2	1.766539e3
9	10	10000	6.070712038490243e-2	2.144208594372140e-2	-3.926503444118057e-2	8.888888888888889e-2	1.103337628007506e-1	2.144487391186171e-2	-2.787968e-6	2.509171e-1	3.926225e-2	3.533602e3
9	10	50000	6.071178713149653e-2	2.144431630260215e-2	-3.926747082889414e-2	8.888888888888889e-2	1.103337628007506e-1	2.144487391186171e-2	-5.576093e-7	2.509242e-1	3.926691e-2	1.767011e4
9	10	100000	6.071237046732988e-2	2.144459510625477e-2	-3.926777536107499e-2	8.888888888888889e-2	1.103337628007506e-1	2.144487391186171e-2	-2.788056e-7	2.509250e-1	3.926750e-2	3.534075e4
1	11	100	1.194278178155918e-1	1.194278178155918e-1	0.000000000000000e0	0.000000000000000e0	1.219757461225714e-1	1.219757461225714e-1	-2.547928e-3	2.547928e-1	-2.547928e-3	2.547928e-1
1	11	500	1.214598698274872e-1	1.214598698274872e-1	0.000000000000000e0	0.000000000000000e0	1.219757461225714e-1	1.219757461225714e-1	-5.158763e-4	2.579381e-1	-5.158763e-4	2.579381e-1
1	11	1000	1.217184423301387e-1	1.217184423301387e-1	0.000000000000000e0	0.000000000000000e0	1.219757461225714e-1	1.219757461225714e-1	-2.573038e-4	2.573038e-1	-2.573038e-4	2.573038e-1
1	11	5000	1.219242236971206e-1	1.219242236971206e-1	0.000000000000000e0	0.000000000000000e0	1.219757461225714e-1	1.219757461225714e-1	-5.152243e-5	2.576121e-1	-5.152243e-5	2.576121e-1
1	11	10000	1.219499912746917e-1	1.219499912746917e-1	0.000000000000000e0	0.000000000000000e0	1.219757461225714e-1	1.219757461225714e-1	-2.575485e-5	2.575485e-1	-2.575485e-5	2.575485e-1
1	11	50000	1.219705945346954e-1	1.219705945346954e-1	0.000000000000000e0	0.000000000000000e0	1.219757461225714e-1	1.219757461225714e-1	-5.151588e-6	2.575794e-1	-5.151588e-6	2.575794e-1
1	11	100000	1.219731703922684e-1	1.219731703922684e-1	0.000000000000000e0	0.000000000000000e0	1.219757461225714e-1	1.219757461225714e-1	-2.575730e-6	2.575730e-1	-2.575730e-6	2.575730e-1
2	11	100	9.466460788516130e-2	8.779224910780831e-2	-6.872358777352985e-3	4.545454545454546e-2	1.345117905802274e-1	8.905724512568196e-2	-1.264996e-3	2.529992e-1	5.607363e-3	1.121473e0
2	11	500	9.581334936102309e-2	8.880388511727426e-2	-7.009464243748816e-3	4.545454545454546e-2	1.345117905802274e-1	8.905724512568196e-2	-2.533600e-4	2.533600e-1	6.756104e-3	6.756104e0
2	11	1000	9.595723372354922e-2	8.893037847400986e-2	-7.026855249539350e-3	4.545454545454546e-2	1.345117905802274e-1	8.905724512568196e-2	-1.268667e-4	2.537333e-1	6.899989e-3	1.379998e1
2	11	5000	9.607234163244503e-2	8.903186834658894e-2	-7.040473285855986e-3	4.545454545454546e-2	1.345117905802274e-1	8.905724512568196e-2	-2.537678e-5	2.537678e-1	7.015097e-3	7.015097e1
2	11	10000	9.608673023237316e-2	8.904455612006455e-2	-7.042174112308764e-3	4.545454545454546e-2	1.345117905802274e-1	8.905724512568196e-2	-1.268901e-5	2.537801e-1	7.029485e-3	1.405897e2
2	11	50000	9.609824512911387e-2	8.905470728969665e-2	-7.043537839417149e-3	4.545454545454546e-2	1.345117905802274e-1	8.905724512568196e-2	-2.537836e-6	2.537836e-1	7.041000e-3	7.041000e2
2	11	100000	9.609968451737369e-2	8.905597618903406e-2	-7.043708328339413e-3	4.545454545454546e-2	1.345117905802274e-1	8.905724512568196e-2	-1.268937e-6	2.537873e-1	7.042439e-3	1.408488e3
3	11	100	7.971258319556274e-2	6.937207998976717e-2	-1.034050320579552e-2	6.060606060606061e-2	1.308187981174722e-1	7.021273751141155e-2	-8.406575e-4	2.521973e-1	9.499846e-3	2.849954e0
3	11	500	8.056038299287117e-2	7.004435072390568e-2	-1.051603226896543e-2	6.060606060606061e-2	1.308187981174722e-1	7.021273751141155e-2	-1.683868e-4	2.525802e-1	1.034765e-2	1.552147e1
3	11	1000	8.066651928199815e-2	7.012855983504176e-2	-1.053795944695631e-2	6.060606060606061e-2	1.308187981174722e-1	7.021273751141155e-2	-8.417768e-5	2.525330e-1	1.045378e-2	3.136135e1
3	11	5000	8.075133139366686e-2	7.019590239360753e-2	-1.055542900005925e-2	6.060606060606061e-2	1.308187981174722e-1	7.021273751141155e-2	-1.683512e-5	2.525268e-1	1.053859e-2	1.580789e2
3	11	10000	8.076193851550795e-2	7.020432011242170e-2	-1.055761840308612e-2	6.060606060606061e-2	1.308187981174722e-1	7.021273751141155e-2	-8.417399e-6	2.525220e-1	1.054920e-2	3.164760e2
3	11	50000	8.077042330930641e-2	7.021105400602495e-2	-1.055936930328171e-2	6.060606060606061e-2	1.308187981174722e-1	7.021273751141155e-2	-1.683505e-6	2.525258e-1	1.055769e-2	1.583653e3
3	11	100000	8.077148392294323e-2	7.021189576031776e-2	-1.055958816262562e-2	6.060606060606061e-2	1.308187981174722e-1	7.021273751141155e-2	-8.417511e-7	2.525253e-1	1.055875e-2	3.167624e3
4	11	100	6.914874578943496e-2	5.646344595737790e-2	-1.268529983205705e-2	6.818181818181818e-2	1.252743768417936e-1	5.709255865997540e-2	-6.291127e-4	2.516451e-1	1.205619e-2	4.822475e0
4	11	500	6.984497568493071e-2	5.696671408453322e-2	-1.287826160039745e-2	6.818181818181818e-2	1.252743768417936e-1	5.709255865997540e-2	-1.258446e-4	2.516892e-1	1.275242e-2	2.550483e1
4	11	1000	6.993220502149664e-2	5.702957732669014e-2	-1.290262769480639e-2	6.818181818181818e-2	1.252743768417936e-1	5.709255865997540e-2	-6.298133e-5	2.519253e-1	1.283965e-2	5.135859e1
4	11	5000	7.000186336294659e-2	5.707996402018504e-2	-1.292189934276127e-2	6.818181818181818e-2	1.252743768417936e-1	5.709255865997540e-2	-1.259464e-5	2.518928e-1	1.290930e-2	2.581861e2
4	11	10000	7.001057440520700e-2	5.708626137539509e-2	-1.292431302981215e-2	6.818181818181818e-2	1.252743768417936e-1	5.709255865997540e-2	-6.297285e-6	2.518914e-1	1.291802e-2	5.167206e2
4	11	50000	7.001754403843397e-2	5.709129920050604e-2	-1.292624483792873e-2	6.818181818181818e-2	1.252743768417936e-1	5.709255865997540e-2	-1.259459e-6	2.518919e-1	1.292499e-2	2.584997e3
4	11	100000	7.001841526135145e-2	5.709192892434515e-2	-1.292648633700575e-2	6.818181818181818e-2	1.252743768417936e-1	5.709255865997540e-2	-6.297356e-7	2.518943e-1	1.292586e-2	5.170343e3
5	11	100	6.837149050095521e-2	4.719027949402660e-2	-2.118121100692862e-2	7.272727272727272e-2	1.204199428165691e-1	4.769267008929642e-2	-5.023906e-4	2.511953e-1	2.067882e-2	1.033941e1
5	11	500	6.898068515050035e-2	4.759206918477205e-2	-2.138861596572820e-2	7.272727272727272e-2	1.204199428165691e-1	4.769267008929642e-2	-1.006009e-4	2.515023e-1	2.128802e-2	5.322004e1
5	11	1000	6.905627992690822e-2	4.764235915064993e-2	-2.141392077625822e-2	7.272727272727272e-2	1.204199428165691e-1	4.769267008929642e-2	-5.031094e-5	2.515547e-1	2.136361e-2	1.068180e2
5	11	5000	6.911688079369743e-2	4.768260982282176e-2	-2.143427097087527e-2	7.272727272727272e-2	1.204199428165691e-1	4.769267008929642e-2	-1.006027e-5	2.515067e-1	2.142421e-2	5.356053e2
5	11	10000	6.912445527899809e-2	4.768763985290664e-2	-2.143681542609154e-2	7.272727272727272e-2	1.204199428165691e-1	4.769267008929642e-2	-5.030236e-6	2.515118e-1	2.143179e-2	1.071589e3
5	11	50000	6.913051620499720e-2	4.769166402917482e-2	-2.143885217582239e-2	7.272727272727272e-2	1.204199428165691e-1	4.769267008929642e-2	-1.006060e-6	2.515150e-1	2.143785e-2	5.359462e3
5	11	100000	6.913127376439253e-2	4.769216705820435e-2	-2.143910670618709e-2	7.272727272727272e-2	1.204199428165691e-1	4.769267008929642e-2	-5.030311e-7	2.515155e-1	2.143860e-2	1.071930e4
6	11	100	5.457625655653059e-2	3.867733853893767e-2	-1.589891801759294e-2	7.575757575757576e-2	1.148528992986479e-1	3.909532354107211e-2	-4.179850e-4	2.507910e-1	1.548093e-2	9.288560e0
6	11	500	5.512018471472187e-2	3.901161453860344e-2	-1.610857017611845e-2	7.575757575757576e-2	1.148528992986479e-1	3.909532354107211e-2	-8.370900e-5	2.511270e-1	1.602486e-2	4.807458e1
6	11	1000	5.518848382217023e-2	3.905343978673523e-2	-1.613504403543497e-2	7.575757575757576e-2	1.148528992986479e-1	3.909532354107211e-2	-4.188375e-5	2.513025e-1	1.609316e-2	9.655896e1
6	11	5000	5.524297781273124e-2	3.908694803205349e-2	-1.615602978067767e-2	7.575757575757576e-2	1.148528992986479e-1	3.909532354107211e-2	-8.375509e-6	2.512653e-1	1.614765e-2	4.844296e2
6	11	10000	5.524979588127484e-2	3.909113591162963e-2	-1.615865996964507e-2	7.575757575757576e-2	1.148528992986479e-1	3.909532354107211e-2	-4.187629e-6	2.512578e-1	1.615447e-2	9.692683e2
6	11	50000	5.525525028119988e-2	3.909448600348874e-2	-1.616076427771146e-2	7.575757575757576e-2	1.148528992986479e-1	3.909532354107211e-2	-8.375376e-7	2.512613e-1	1.615993e-2	4.847978e3
6	11	100000	5.525593211112383e-2	3.909490476936651e-2	-1.616102734175827e-2	7.575757575757576e-2	1.148528992986479e-1	3.909532354107211e-2	-4.187717e-7	2.512630e-1	1.616061e-2	9.696365e3
7	11	100	5.610285838374570e-2	2.995407588917147e-2	-2.614878249457424e-2	7.792207792207792e-2	1.082338770475516e-1	3.031179912547373e-2	-3.577232e-4	2.504063e-1	2.579106e-2	1.805374e1
7	11	500	5.660637590015856e-2	3.024007441912518e-2	-2.636630148103340e-2	7.792207792207792e-2	1.082338770475516e-1	3.031179912547373e-2	-7.172471e-5	2.510365e-1	2.629458e-2	9.203102e1
7	11	1000	5.666906892593937e-2	3.027592512618174e-2	-2.639314379975774e-2	7.792207792207792e-2	1.082338770475516e-1	3.031179912547373e-2	-3.587400e-5	2.511180e-1	2.635727e-2	1.845009e2
7	11	5000	5.671925962758403e-2	3.030462577363592e-2	-2.641463385394810e-2	7.792207792207792e-2	1.082338770475516e-1	3.031179912547373e-2	-7.173352e-6	2.510673e-1	2.640746e-2	9.242611e2
7	11	10000	5.672553629454478e-2	3.030821233356731e-2	-2.641732396097743e-2	7.792207792207792e-2	1.082338770475516e-1	3.031179912547373e-2	-3.586792e-6	2.510754e-1	2.641374e-2	1.848962e3
7	11	50000	5.673055807977859e-2	3.031108174891276e-2	-2.641947633086631e-2	7.792207792207792e-2	1.082338770475516e-1	3.031179912547373e-2	-7.173766e-7	2.510818e-1	2.641876e-2	9.246566e3
7	11	100000	5.673118577761376e-2	3.031144043603373e-2	-2.641974534158115e-2	7.792207792207792e-2	1.082338770475516e-1	3.031179912547373e-2	-3.586894e-7	2.510826e-1	2.641939e-2	1.849357e4
8	11	100	5.377215528215893e-2	2.420364021782133e-2	-2.956851506433762e-2	7.954545454545454e-2	1.040616534323719e-1	2.451619888691740e-2	-3.125587e-4	2.500469e-1	2.925596e-2	2.340477e1
8	11	500	5.424292313277740e-2	2.445348822536146e-2	-2.978943490741595e-2	7.954545454545454e-2	1.040616534323719e-1	2.451619888691740e-2	-6.271066e-5	2.508426e-1	2.972672e-2	1.189069e2
8	11	1000	5.430159309019592e-2	2.448482690382300e-2	-2.981676618637301e-2	7.954545454545454e-2	1.040616534323719e-1	2.451619888691740e-2	-3.137198e-5	2.509759e-1	2.978539e-2	2.382832e2
8	11	5000	5.434853458298419e-2	2.450992514644638e-2	-2.983860943653781e-2	7.954545454545454e-2	1.040616534323719e-1	2.451619888691740e-2	-6.273740e-6	2.509496e-1	2.983234e-2	1.193293e3
8	11	10000	5.435440451701464e-2	2.451306216283566e-2	-2.984134235417905e-2	7.954545454545454e-2	1.040616534323719e-1	2.451619888691740e-2	-3.136724e-6	2.509379e-1	2.983821e-2	2.387056e3
8	11	50000	5.435910159803386e-2	2.451557152209788e-2	-2.984353007593619e-2	7.954545454545454e-2	1.040616534323719e-1	2.451619888691740e-2	-6.273648e-7	2.509459e-1	2.984290e-2	1.193716e4
8	11	100000	5.435968871498478e-2	2.451588520284488e-2	-2.984380351214054e-2	7.954545454545454e-2	1.040616534323719e-1	2.451619888691740e-2	-3.136841e-7	2.509473e-1	2.984349e-2	2.387479e4
9	11	100	5.333175289707080e-2	2.050557473110381e-2	-3.282617816596695e-2	8.080808080808081e-2	1.015911038051899e-1	2.078302299710910e-2	-2.774483e-4	2.497034e-1	3.254873e-2	2.929386e1
9	11	500	5.377753725764298e-2	2.072729532548547e-2	-3.305024193215742e-2	8.080808080808081e-2	1.015911038051899e-1	2.078302299710910e-2	-5.572767e-5	2.507745e-1	3.299451e-2	1.484753e2
9	11	1000	5.383309279116270e-2	2.075514944257238e-2	-3.307794334859025e-2	8.080808080808081e-2	1.015911038051899e-1	2.078302299710910e-2	-2.787355e-5	2.508620e-1	3.305007e-2	2.974506e2
9	11	5000	5.387750973110952e-2	2.077744918487328e-2	-3.310006054623597e-2	8.080808080808081e-2	1.015911038051899e-1	2.078302299710910e-2	-5.573812e-6	2.508216e-1	3.309449e-2	1.489252e3
9	11	10000	5.388306569087716e-2	2.078023599373534e-2	-3.310282969714178e-2	8.080808080808081e-2	1.015911038051899e-1	2.078302299710910e-2	-2.787003e-6	2.508303e-1	3.310004e-2	2.979004e3
9	11	50000	5.388751027266231e-2	2.078246557249255e-2	-3.310504470016962e-2	8.080808080808081e-2	1.015911038051899e-1	2.078302299710910e-2	-5.574246e-7	2.508411e-1	3.310449e-2	1.489702e4
9	11	100000	5.388806582821676e-2	2.078274428382836e-2	-3.310532154438980e-2	8.080808080808081e-2	1.015911038051899e-1	2.078302299710910e-2	-2.787133e-7	2.508420e-1	3.310504e-2	2.979454e4
10	11	100	5.498871740283683e-2	1.925393590295286e-2	-3.573478149988392e-2	8.181818181818182e-2	1.013215065959788e-1	1.950332477779695e-2	-2.493889e-4	2.493889e-1	3.548539e-2	3.548539e1
10	11	500	5.541646642133459e-2	1.945319121970887e-2	-3.596327520162568e-2	8.181818181818182e-2	1.013215065959788e-1	1.950332477779695e-2	-5.013356e-5	2.506678e-1	3.591314e-2	1.795657e2
10	11	1000	5.546938602374241e-2	1.947824797080278e-2	-3.599113805293960e-2	8.181818181818182e-2	1.013215065959788e-1	1.950332477779695e-2	-2.507681e-5	2.507681e-1	3.596606e-2	3.596606e2
10	11	5000	5.551180471477527e-2	1.949830960378880e-2	-3.601349511098683e-2	8.181818181818182e-2	1.013215065959788e-1	1.950332477779695e-2	-5.015174e-6	2.507587e-1	3.600848e-2	1.800424e3
10	11	10000	5.551710604079475e-2	1.950081734178375e-2	-3.601628869901122e-2	8.181818181818182e-2	1.013215065959788e-1	1.950332477779695e-2	-2.507436e-6	2.507436e-1	3.601378e-2	3.601378e3
10	11	50000	5.552134881774886e-2	1.950282326441818e-2	-3.601852555333154e-2	8.181818181818182e-2	1.013215065959788e-1	1.950332477779695e-2	-5.015134e-7	2.507567e-1	3.601802e-2	1.800901e4
10	11	100000	5.552187910964339e-2	1.950307402011872e-2	-3.601880508952628e-2	8.181818181818182e-2	1.013215065959788e-1	1.950332477779695e-2	-2.507577e-7	2.507577e-1	3.601855e-2	3.601855e4
1	12	100	1.127691908400820e-1	1.127691908400820e-1	0.000000000000000e0	0.000000000000000e0	1.153501646217912e-1	1.153501646217912e-1	-2.580974e-3	2.580974e-1	-2.580974e-3	2.580974e-1
1	12	500	1.148357691355746e-1	1.148357691355746e-1	0.000000000000000e0	0.000000000000000e0	1.153501646217912e-1	1.153501646217912e-1	-5.143955e-4	2.571977e-1	-5.143955e-4	2.571977e-1
1	12	1000	1.150930961254583e-1	1.150930961254583e-1	0.000000000000000e0	0.000000000000000e0	1.153501646217912e-1	1.153501646217912e-1	-2.570685e-4	2.570685e-1	-2.570685e-4	2.570685e-1
1	12	5000	1.152987707262472e-1	1.152987707262472e-1	0.000000000000000e0	0.000000000000000e0	1.153501646217912e-1	1.153501646217912e-1	-5.139390e-5	2.569695e-1	-5.139390e-5	2.569695e-1
1	12	10000	1.153244689282919e-1	1.153244689282919e-1	0.000000000000000e0	0.000000000000000e0	1.153501646217912e-1	1.153501646217912e-1	-2.569569e-5	2.569569e-1	-2.569569e-5	2.569569e-1
1	12	50000	1.153450256828946e-1	1.153450256828946e-1	0.000000000000000e0	0.000000000000000e0	1.153501646217912e-1	1.153501646217912e-1	-5.138939e-6	2.569469e-1	-5.138939e-6	2.569469e-1
1	12	100000	1.153475951648477e-1	1.153475951648477e-1	0.000000000000000e0	0.000000000000000e0	1.153501646217912e-1	1.153501646217912e-1	-2.569457e-6	2.569457e-1	-2.569457e-6	2.569457e-1
5	12	100	6.244222537531124e-2	4.574344189559786e-2	-1.669878347971341e-2	6.666666666666667e-2	1.129124510056426e-1	4.624578433897590e-2	-5.023424e-4	2.511712e-1	1.619644e-2	8.098221e0
5	12	500	6.303097411810830e-2	4.614522491714292e-2	-1.688574920096547e-2	6.666666666666667e-2	1.129124510056426e-1	4.624578433897590e-2	-1.005594e-4	2.513986e-1	1.678519e-2	4.196297e1
5	12	1000	6.310444425153482e-2	4.619551089689491e-2	-1.690893335464013e-2	6.666666666666667e-2	1.129124510056426e-1	4.624578433897590e-2	-5.027344e-5	2.513672e-1	1.685866e-2	8.429330e1
5	12	5000	6.316333180266488e-2	4.623572874355356e-2	-1.692760305911201e-2	6.666666666666667e-2	1.129124510056426e-1	4.624578433897590e-2	-1.005560e-5	2.513899e-1	1.691755e-2	4.229387e2
5	12	10000	6.317069149779672e-2	4.624075660453396e-2	-1.692993489326305e-2	6.666666666666667e-2	1.129124510056426e-1	4.624578433897590e-2	-5.027734e-6	2.513867e-1	1.692491e-2	8.462454e2
5	12	50000	6.317658037334649e-2	4.624477878302025e-2	-1.693180159032797e-2	6.666666666666667e-2	1.129124510056426e-1	4.624578433897590e-2	-1.005556e-6	2.513890e-1	1.693080e-2	4.232699e3
5	12	100000	6.317731647029130e-2	4.624528156163024e-2	-1.693203490866234e-2	6.666666666666667e-2	1.129124510056426e-1	4.624578433897590e-2	-5.027773e-7	2.513887e-1	1.693153e-2	8.465766e3
7	12	100	5.114848988549704e-2	3.141300545452284e-2	-1.973548443097422e-2	7.142857142857142e-2	1.032003585973751e-1	3.177178716880365e-2	-3.587817e-4	2.511472e-1	1.937670e-2	1.356369e1
7	12	500	5.163207479122651e-2	3.170010482445041e-2	-1.993196996677617e-2	7.142857142857142e-2	1.032003585973751e-1	3.177178716880365e-2	-7.168234e-5	2.508882e-1	1.986029e-2	6.951101e1
7	12	1000	5.169257278060618e-2	3.173592886097967e-2	-1.995664391962661e-2	7.142857142857142e-2	1.032003585973751e-1	3.177178716880365e-2	-3.585831e-5	2.510082e-1	1.992079e-2	1.394455e2
7	12	5000	5.174097979651230e-2	3.176461626342698e-2	-1.997636353308531e-2	7.142857142857142e-2	1.032003585973751e-1	3.177178716880365e-2	-7.170905e-6	2.509817e-1	1.996919e-2	6.989217e2
7	12	10000	5.174703120521309e-2	3.176820154482517e-2	-1.997882966038799e-2	7.142857142857142e-2	1.032003585973751e-1	3.177178716880365e-2	-3.585624e-6	2.509937e-1	1.997524e-2	1.398267e3
7	12	50000	5.175187241794392e-2	3.177107005158575e-2	-1.998080236635743e-2	7.142857142857142e-2	1.032003585973751e-1	3.177178716880365e-2	-7.171172e-7	2.509910e-1	1.998009e-2	6.993030e3
7	12	100000	5.175247757488813e-2	3.177142860848082e-2	-1.998104896640593e-2	7.142857142857142e-2	1.032003585973751e-1	3.177178716880365e-2	-3.585603e-7	2.509922e-1	1.998069e-2	1.398648e4
11	12	100	5.068012411226853e-2	1.768572773441843e-2	-3.299439637785007e-2	7.575757575757576e-2	9.367009205790590e-2	1.791251630033014e-2	-2.267886e-4	2.494674e-1	3.276761e-2	3.604437e1
11	12	500	5.106760227214118e-2	1.786692470856903e-2	-3.320067756357208e-2	7.575757575757576e-2	9.367009205790590e-2	1.791251630033014e-2	-4.559159e-5	2.507538e-1	3.315509e-2	1.823530e2
11	12	1000	5.111610314513280e-2	1.788974207717897e-2	-3.322636106795378e-2	7.575757575757576e-2	9.367009205790590e-2	1.791251630033014e-2	-2.277422e-5	2.505165e-1	3.320359e-2	3.652395e2
11	12	5000	5.115497698751530e-2	1.790795914337160e-2	-3.324701784414332e-2	7.575757575757576e-2	9.367009205790590e-2	1.791251630033014e-2	-4.557157e-6	2.506436e-1	3.324246e-2	1.828335e3
11	12	10000	5.115983699974415e-2	1.791023793810941e-2	-3.324959906163455e-2	7.575757575757576e-2	9.367009205790590e-2	1.791251630033014e-2	-2.278362e-6	2.506198e-1	3.324732e-2	3.657205e3
11	12	50000	5.116372573722295e-2	1.791206060479263e-2	-3.325166513243012e-2	7.575757575757576e-2	9.367009205790590e-2	1.791251630033014e-2	-4.556955e-7	2.506325e-1	3.325121e-2	1.828817e4
11	12	100000	5.116421183734852e-2	1.791228845472430e-2	-3.325192338262380e-2	7.575757575757576e-2	9.367009205790590e-2	1.791251630033014e-2	-2.278456e-7	2.506302e-1	3.325170e-2	3.657687e4
1	13	100	1.069120749838721e-1	1.069120749838721e-1	0.000000000000000e0	0.000000000000000e0	1.094881333946786e-1	1.094881333946786e-1	-2.576058e-3	2.576058e-1	-2.576058e-3	2.576058e-1
1	13	500	1.089744184363155e-1	1.089744184363155e-1	0.000000000000000e0	0.000000000000000e0	1.094881333946786e-1	1.094881333946786e-1	-5.137150e-4	2.568575e-1	-5.137150e-4	2.568575e-1
1	13	1000	1.092320747459154e-1	1.092320747459154e-1	0.000000000000000e0	0.000000000000000e0	1.094881333946786e-1	1.094881333946786e-1	-2.560586e-4	2.560586e-1	-2.560586e-4	2.560586e-1
1	13	5000	1.094368439019672e-1	1.094368439019672e-1	0.000000000000000e0	0.000000000000000e0	1.094881333946786e-1	1.094881333946786e-1	-5.128949e-5	2.564475e-1	-5.128949e-5	2.564475e-1
1	13	10000	1.094624924344980e-1	1.094624924344980e-1	0.000000000000000e0	0.000000000000000e0	1.094881333946786e-1	1.094881333946786e-1	-2.564096e-5	2.564096e-1	-2.564096e-5	2.564096e-1
1	13	50000	1.094830052536620e-1	1.094830052536620e-1	0.000000000000000e0	0.000000000000000e0	1.094881333946786e-1	1.094881333946786e-1	-5.128141e-6	2.564071e-1	-5.128141e-6	2.564071e-1
1	13	100000	1.094855692812164e-1	1.094855692812164e-1	0.000000000000000e0	0.000000000000000e0	1.094881333946786e-1	1.094881333946786e-1	-2.564113e-6	2.564113e-1	-2.564113e-6	2.564113e-1
2	13	100	8.551226119596995e-2	8.054552049247453e-2	-4.966740703495415e-3	3.846153846153846e-2	1.202784805416941e-1	8.181694208015566e-2	-1.271422e-3	2.542843e-1	3.695319e-3	7.390638e-1
2	13	500	8.663994471067289e-2	8.156424635039690e-2	-5.075698360275960e-3	3.846153846153846e-2	1.202784805416941e-1	8.181694208015566e-2	-2.526957e-4	2.526957e-1	4.823003e-3	4.823003e0
2	13	1000	8.678085727413737e-2	8.169038495813440e-2	-5.090472316002939e-3	3.846153846153846e-2	1.202784805416941e-1	8.181694208015566e-2	-1.265571e-4	2.531142e-1	4.963915e-3	9.927830e0
2	13	5000	8.689361630116252e-2	8.179162108835908e-2	-5.101995212803497e-3	3.846153846153846e-2	1.202784805416941e-1	8.181694208015566e-2	-2.532099e-5	2.532099e-1	5.076674e-3	5.076674e1
2	13	10000	8.690771559596167e-2	8.180428151127661e-2	-5.103434084684979e-3	3.846153846153846e-2	1.202784805416941e-1	8.181694208015566e-2	-1.266057e-5	2.532114e-1	5.090774e-3	1.018155e2
2	13	50000	8.691899833942462e-2	8.181441002598841e-2	-5.104588313436339e-3	3.846153846153846e-2	1.202784805416941e-1	8.181694208015566e-2	-2.532054e-6	2.532054e-1	5.102056e-3	5.102056e2
2	13	100000	8.692040860160155e-2	8.181567605282998e-2	-5.104732548771625e-3	3.846153846153846e-2	1.202784805416941e-1	8.181694208015566e-2	-1.266027e-6	2.532055e-1	5.103467e-3	1.020693e3
3	13	100	7.423602435094213e-2	6.518229349081218e-2	-9.053730860129946e-3	5.128205128205128e-2	1.173021782651799e-1	6.602012698312866e-2	-8.378335e-4	2.513500e-1	8.215897e-3	2.464769e0
3	13	500	7.504703251424341e-2	6.585197938128588e-2	-9.195053132957551e-3	5.128205128205128e-2	1.173021782651799e-1	6.602012698312866e-2	-1.681476e-4	2.522214e-1	9.026906e-3	1.354036e1
3	13	1000	7.514953962126771e-2	6.593608557547354e-2	-9.213454045794149e-3	5.128205128205128e-2	1.173021782651799e-1	6.602012698312866e-2	-8.404141e-5	2.521242e-1	9.129413e-3	2.738824e1
3	13	5000	7.523157287754925e-2	6.600331929075211e-2	-9.228253586797278e-3	5.128205128205128e-2	1.173021782651799e-1	6.602012698312866e-2	-1.680769e-5	2.521154e-1	9.211446e-3	1.381717e2
3	13	10000	7.524182755774950e-2	6.601172256713386e-2	-9.230104990615950e-3	5.128205128205128e-2	1.173021782651799e-1	6.602012698312866e-2	-8.404416e-6	2.521325e-1	9.221701e-3	2.766510e2
3	13	50000	7.525003311676731e-2	6.601844606973808e-2	-9.231587047029683e-3	5.128205128205128e-2	1.173021782651799e-1	6.602012698312866e-2	-1.680913e-6	2.521370e-1	9.229906e-3	1.384486e3
3	13	100000	7.525105877509951e-2	6.601928653441015e-2	-9.231772240689827e-3	5.128205128205128e-2	1.173021782651799e-1	6.602012698312866e-2	-8.404487e-7	2.521346e-1	9.230932e-3	2.769280e3
4	13	100	6.702951025935085e-2	5.443360952989827e-2	-1.259590072945256e-2	5.769230769230770e-2	1.127541636202808e-1	5.506185592797307e-2	-6.282464e-4	2.512986e-1	1.196765e-2	4.787062e0
4	13	500	6.769367693243569e-2	5.493617660712505e-2	-1.275750032531066e-2	5.769230769230770e-2	1.127541636202808e-1	5.506185592797307e-2	-1.256793e-4	2.513586e-1	1.263182e-2	2.526364e1
4	13	1000	6.777695361201741e-2	5.499895022214243e-2	-1.277800338987509e-2	5.769230769230770e-2	1.127541636202808e-1	5.506185592797307e-2	-6.290571e-5	2.516228e-1	1.271510e-2	5.086039e1
4	13	5000	6.784361478542715e-2	5.504927528721795e-2	-1.279433949820932e-2	5.769230769230770e-2	1.127541636202808e-1	5.506185592797307e-2	-1.258064e-5	2.516128e-1	1.278176e-2	2.556352e2
4	13	10000	6.785194686878417e-2	5.505556634262288e-2	-1.279638052616130e-2	5.769230769230770e-2	1.127541636202808e-1	5.506185592797307e-2	-6.289585e-6	2.515834e-1	1.279009e-2	5.116036e2
4	13	50000	6.785861374322638e-2	5.506059791843820e-2	-1.279801582478937e-2	5.769230769230770e-2	1.127541636202808e-1	5.506185592797307e-2	-1.258010e-6	2.516019e-1	1.279676e-2	2.559352e3
4	13	100000	6.785944709675221e-2	5.506122692244471e-2	-1.279822017430805e-2	5.769230769230770e-2	1.127541636202808e-1	5.506185592797307e-2	-6.290055e-7	2.516022e-1	1.279759e-2	5.119036e3
5	13	100	5.894422253145948e-2	4.519316269596470e-2	-1.375105983549477e-2	6.153846153846154e-2	1.072344701549426e-1	4.569600861648110e-2	-5.028459e-4	2.514230e-1	1.324821e-2	6.624107e0
5	13	500	5.951808186858373e-2	4.559549287868157e-2	-1.392258898990217e-2	6.153846153846154e-2	1.072344701549426e-1	4.569600861648110e-2	-1.005157e-4	2.512893e-1	1.382207e-2	3.455518e1
5	13	1000	5.958975060937870e-2	4.564574526066847e-2	-1.394400534871018e-2	6.153846153846154e-2	1.072344701549426e-1	4.569600861648110e-2	-5.026336e-5	2.513168e-1	1.389374e-2	6.946871e1
5	13	5000	5.964716645600519e-2	4.568595789454224e-2	-1.396120856146278e-2	6.153846153846154e-2	1.072344701549426e-1	4.569600861648110e-2	-1.005072e-5	2.512680e-1	1.395116e-2	3.487789e2
5	13	10000	5.965434428954716e-2	4.569098305085736e-2	-1.396336123868962e-2	6.153846153846154e-2	1.072344701549426e-1	4.569600861648110e-2	-5.025566e-6	2.512783e-1	1.395834e-2	6.979168e2
5	13	50000	5.966008773159988e-2	4.569500349596835e-2	-1.396508423563095e-2	6.153846153846154e-2	1.072344701549426e-1	4.569600861648110e-2	-1.005121e-6	2.512801e-1	1.396408e-2	3.491020e3
5	13	100000	5.966080568531746e-2	4.569550605220898e-2	-1.396529963310742e-2	6.153846153846154e-2	1.072344701549426e-1	4.569600861648110e-2	-5.025643e-7	2.512821e-1	1.396480e-2	6.982399e3
6	13	100	5.822279143933708e-2	3.969606037411431e-2	-1.852673106522278e-2	6.410256410256410e-2	1.042173595919240e-1	4.011479548935989e-2	-4.187351e-4	2.512411e-1	1.810800e-2	1.086480e1
6	13	500	5.873117386162940e-2	4.003115932986017e-2	-1.870001453176930e-2	6.410256410256410e-2	1.042173595919240e-1	4.011479548935989e-2	-8.363616e-5	2.509085e-1	1.861638e-2	5.584914e1
6	13	1000	5.879520031507567e-2	4.007294404731353e-2	-1.872225626776215e-2	6.410256410256410e-2	1.042173595919240e-1	4.011479548935989e-2	-4.185144e-5	2.511087e-1	1.868040e-2	1.120824e2
6	13	5000	5.884648327257613e-2	4.010642661134123e-2	-1.874005666123505e-2	6.410256410256410e-2	1.042173595919240e-1	4.011479548935989e-2	-8.368878e-6	2.510663e-1	1.873169e-2	5.619506e2
6	13	10000	5.885289256739248e-2	4.011061109388483e-2	-1.874228147350764e-2	6.410256410256410e-2	1.042173595919240e-1	4.011479548935989e-2	-4.184395e-6	2.510637e-1	1.873810e-2	1.124286e3
6	13	50000	5.885802069569191e-2	4.011395860599110e-2	-1.874406208970089e-2	6.410256410256410e-2	1.042173595919240e-1	4.011479548935989e-2	-8.368834e-7	2.510650e-1	1.874323e-2	5.622968e3
6	13	100000	5.885866173415289e-2	4.011437704442580e-2	-1.874428468972741e-2	6.410256410256410e-2	1.042173595919240e-1	4.011479548935989e-2	-4.184449e-7	2.510670e-1	1.874387e-2	1.124632e4
7	13	100	4.595075503721308e-2	3.358543972521261e-2	-1.236531531200046e-2	6.593406593406594e-2	9.987728792142402e-2	3.394322198735808e-2	-3.577823e-4	2.504476e-1	1.200753e-2	8.405273e0
7	13	500	4.642016733064384e-2	3.387154041936621e-2	-1.254862691127769e-2	6.593406593406594e-2	9.987728792142402e-2	3.394322198735808e-2	-7.168157e-5	2.508855e-1	1.247695e-2	4.366931e1
7	13	1000	4.647882200503609e-2	3.390737109614040e-2	-1.257145090889586e-2	6.593406593406594e-2	9.987728792142402e-2	3.394322198735808e-2	-3.585089e-5	2.509562e-1	1.253560e-2	8.774920e1
7	13	5000	4.652565839381640e-2	3.393605275830822e-2	-1.258960563550842e-2	6.593406593406594e-2	9.987728792142402e-2	3.394322198735808e-2	-7.169229e-6	2.509230e-1	1.258244e-2	4.403853e2
7	13	10000	4.653151889813719e-2	3.393963759062936e-2	-1.259188130750806e-2	6.593406593406594e-2	9.987728792142402e-2	3.394322198735808e-2	-3.584397e-6	2.509078e-1	1.258830e-2	8.811808e2
7	13	50000	4.653620759767329e-2	3.394250509165605e-2	-1.259370250601673e-2	6.593406593406594e-2	9.987728792142402e-2	3.394322198735808e-2	-7.168957e-7	2.509135e-1	1.259299e-2	4.407545e3
7	13	100000	4.653679366974237e-2	3.394286353730148e-2	-1.259393013243990e-2	6.593406593406594e-2	9.987728792142402e-2	3.394322198735808e-2	-3.584501e-7	2.509150e-1	1.259357e-2	8.815500e3
8	13	100	4.703386515490204e-2	2.661001510222853e-2	-2.042385005267354e-2	6.730769230769230e-2	9.423098820867080e-2	2.692329590097850e-2	-3.132808e-4	2.506246e-1	2.011057e-2	1.608846e1
8	13	500	4.746722564267061e-2	2.686062566047532e-2	-2.060659998219539e-2	6.730769230769230e-2	9.423098820867080e-2	2.692329590097850e-2	-6.267024e-5	2.506810e-1	2.054393e-2	8.217572e1
8	13	1000	4.752177535985172e-2	2.689194107960704e-2	-2.062983428024484e-2	6.730769230769230e-2	9.423098820867080e-2	2.692329590097850e-2	-3.135482e-5	2.508386e-1	2.059848e-2	1.647878e2
8	13	5000	4.756533451401805e-2	2.691702633767095e-2	-2.064830817634738e-2	6.730769230769230e-2	9.423098820867080e-2	2.692329590097850e-2	-6.269563e-6	2.507825e-1	2.064204e-2	8.256815e2
8	13	10000	4.757078328044741e-2	2.692016099838392e-2	-2.065062228206370e-2	6.730769230769230e-2	9.423098820867080e-2	2.692329590097850e-2	-3.134903e-6	2.507922e-1	2.064749e-2	1.651799e3
8	13	50000	4.757514233748408e-2	2.692266889882534e-2	-2.065247343865844e-2	6.730769230769230e-2	9.423098820867080e-2	2.692329590097850e-2	-6.270022e-7	2.508009e-1	2.065185e-2	8.260739e3
8	13	100000	4.757568720831705e-2	2.692298239936871e-2	-2.065270480894817e-2	6.730769230769230e-2	9.423098820867080e-2	2.692329590097850e-2	-3.135016e-7	2.508013e-1	2.065239e-2	1.652191e4
9	13	100	4.476377698434560e-2	2.226510048565302e-2	-2.249867649869260e-2	6.837606837606838e-2	9.091992395412843e-2	2.254385557806005e-2	-2.787551e-4	2.508796e-1	2.221992e-2	1.999793e1
9	13	500	4.517261186161561e-2	2.248815353167836e-2	-2.268445832993733e-2	6.837606837606838e-2	9.091992395412843e-2	2.254385557806005e-2	-5.570205e-5	2.506592e-1	2.262876e-2	1.018294e2
9	13	1000	4.522390460862633e-2	2.251599509466426e-2	-2.270790951396220e-2	6.837606837606838e-2	9.091992395412843e-2	2.254385557806005e-2	-2.786048e-5	2.507444e-1	2.268005e-2	2.041204e2
9	13	5000	4.526489436116238e-2	2.253828424437130e-2	-2.272661011679127e-2	6.837606837606838e-2	9.091992395412843e-2	2.254385557806005e-2	-5.571334e-6	2.507100e-1	2.272104e-2	1.022447e3
9	13	10000	4.527002224624203e-2	2.254106996895187e-2	-2.272895227729027e-2	6.837606837606838e-2	9.091992395412843e-2	2.254385557806005e-2	-2.785609e-6	2.507048e-1	2.272617e-2	2.045355e3
9	13	50000	4.527412470943951e-2	2.254329844003114e-2	-2.273082626940857e-2	6.837606837606838e-2	9.091992395412843e-2	2.254385557806005e-2	-5.571380e-7	2.507121e-1	2.273027e-2	1.022862e4
9	13	100000	4.527463752290012e-2	2.254357700992458e-2	-2.273106051297674e-2	6.837606837606838e-2	9.091992395412843e-2	2.254385557806005e-2	-2.785681e-7	2.507113e-1	2.273078e-2	2.045770e4
10	13	100	4.482839608436875e-2	1.882541698076606e-2	-2.600297910360271e-2	6.923076923076923e-2	8.830594097955301e-2	1.907517174878377e-2	-2.497548e-4	2.497548e-1	2.575322e-2	2.575322e1
10	13	500	4.521871169415533e-2	1.902506346759355e-2	-2.619364822656188e-2	6.923076923076923e-2	8.830594097955301e-2	1.907517174878377e-2	-5.010828e-5	2.505414e-1	2.614354e-2	1.307177e2
10	13	1000	4.526743370619042e-2	1.905010511109797e-2	-2.621732859509258e-2	6.923076923076923e-2	8.830594097955301e-2	1.907517174878377e-2	-2.506664e-5	2.506664e-1	2.619226e-2	2.619226e2
10	13	5000	4.530637897595237e-2	1.907015895316543e-2	-2.623622002278721e-2	6.923076923076923e-2	8.830594097955301e-2	1.907517174878377e-2	-5.012796e-6	2.506398e-1	2.623121e-2	1.311560e3
10	13	10000	4.531125050180643e-2	1.907266533051771e-2	-2.623858517128894e-2	6.923076923076923e-2	8.830594097955301e-2	1.907517174878377e-2	-2.506418e-6	2.506418e-1	2.623608e-2	2.623608e3
10	13	50000	4.531514780075585e-2	1.907467046821203e-2	-2.624047733254397e-2	6.923076923076923e-2	8.830594097955301e-2	1.907517174878377e-2	-5.012806e-7	2.506403e-1	2.623998e-2	1.311999e4
10	13	100000	4.531563497678136e-2	1.907492110832428e-2	-2.624071386845747e-2	6.923076923076923e-2	8.830594097955301e-2	1.907517174878377e-2	-2.506405e-7	2.506405e-1	2.624046e-2	2.624046e4
11	13	100	4.545159195496124e-2	1.676583701878540e-2	-2.868575493617587e-2	6.993006993006994e-2	8.692319913100360e-2	1.699312920093367e-2	-2.272922e-4	2.500214e-1	2.845846e-2	3.130431e1
11	13	500	4.582257500572162e-2	1.694758136934666e-2	-2.887499363637506e-2	6.993006993006994e-2	8.692319913100360e-2	1.699312920093367e-2	-4.554783e-5	2.505131e-1	2.882945e-2	1.585620e2
11	13	1000	4.586920376158481e-2	1.697034735511953e-2	-2.889885640646539e-2	6.993006993006994e-2	8.692319913100360e-2	1.699312920093367e-2	-2.278185e-5	2.506003e-1	2.887607e-2	3.176368e2
11	13	5000	4.590647961725892e-2	1.698857352196052e-2	-2.891790609529836e-2	6.993006993006994e-2	8.692319913100360e-2	1.699312920093367e-2	-4.555679e-6	2.505623e-1	2.891335e-2	1.590234e3
11	13	10000	4.591114149994496e-2	1.699085120974633e-2	-2.892029029019855e-2	6.993006993006994e-2	8.692319913100360e-2	1.699312920093367e-2	-2.277991e-6	2.505790e-1	2.891801e-2	3.180981e3
11	13	50000	4.591487097081993e-2	1.699267359933084e-2	-2.892219737148842e-2	6.993006993006994e-2	8.692319913100360e-2	1.699312920093367e-2	-4.556016e-7	2.505809e-1	2.892174e-2	1.590696e4
11	13	100000	4.591533717181116e-2	1.699290139831215e-2	-2.892243577349872e-2	6.993006993006994e-2	8.692319913100360e-2	1.699312920093367e-2	-2.278026e-7	2.505829e-1	2.892221e-2	3.181443e4
12	13	100	4.700666324272015e-2	1.637217442290027e-2	-3.063448881981987e-2	7.051282051282051e-2	8.709438164205288e-2	1.658156112923237e-2	-2.093867e-4	2.512640e-1	3.042510e-2	3.651012e1
12	13	500	4.736281633733062e-2	1.653982030161989e-2	-3.082299603571085e-2	7.051282051282051e-2	8.709438164205288e-2	1.658156112923237e-2	-4.174083e-5	2.504450e-1	3.078126e-2	1.846875e2
12	13	1000	4.740757343164934e-2	1.656068251236281e-2	-3.084689091928662e-2	7.051282051282051e-2	8.709438164205288e-2	1.658156112923237e-2	-2.087862e-5	2.505434e-1	3.082601e-2	3.699121e2
12	13	5000	4.744347204085030e-2	1.657738540384787e-2	-3.086608663700252e-2	7.051282051282051e-2	8.709438164205288e-2	1.658156112923237e-2	-4.175725e-6	2.505435e-1	3.086191e-2	1.851715e3
12	13	10000	4.744795793806830e-2	1.657947347787623e-2	-3.086848446019186e-2	7.051282051282051e-2	8.709438164205288e-2	1.658156112923237e-2	-2.087651e-6	2.505182e-1	3.086640e-2	3.703968e3
12	13	50000	4.745154767535068e-2	1.658114357778969e-2	-3.087040409756023e-2	7.051282051282051e-2	8.709438164205288e-2	1.658156112923237e-2	-4.175514e-7	2.505309e-1	3.086999e-2	1.852199e4
12	13	100000	4.745199640099163e-2	1.658135235185359e-2	-3.087064404913853e-2	7.051282051282051e-2	8.709438164205288e-2	1.658156112923237e-2	-2.087774e-7	2.505329e-1	3.087044e-2	3.704452e4
1	14	100	1.017219458363638e-1	1.017219458363638e-1	0.000000000000000e0	0.000000000000000e0	1.042605257355054e-1	1.042605257355054e-1	-2.538580e-3	2.538580e-1	-2.538580e-3	2.538580e-1
1	14	500	1.037482528159459e-1	1.037482528159459e-1	0.000000000000000e0	0.000000000000000e0	1.042605257355054e-1	1.042605257355054e-1	-5.122729e-4	2.561365e-1	-5.122729e-4	2.561365e-1
1	14	1000	1.040043418837920e-1	1.040043418837920e-1	0.000000000000000e0	0.000000000000000e0	1.042605257355054e-1	1.042605257355054e-1	-2.561839e-4	2.561839e-1	-2.561839e-4	2.561839e-1
1	14	5000	1.042093431274674e-1	1.042093431274674e-1	0.000000000000000e0	0.000000000000000e0	1.042605257355054e-1	1.042605257355054e-1	-5.118261e-5	2.559130e-1	-5.118261e-5	2.559130e-1
1	14	10000	1.042349296060267e-1	1.042349296060267e-1	0.000000000000000e0	0.000000000000000e0	1.042605257355054e-1	1.042605257355054e-1	-2.559613e-5	2.559613e-1	-2.559613e-5	2.559613e-1
1	14	50000	1.042554065950360e-1	1.042554065950360e-1	0.000000000000000e0	0.000000000000000e0	1.042605257355054e-1	1.042605257355054e-1	-5.119140e-6	2.559570e-1	-5.119140e-6	2.559570e-1
1	14	100000	1.042579662313398e-1	1.042579662313398e-1	0.000000000000000e0	0.000000000000000e0	1.042605257355054e-1	1.042605257355054e-1	-2.559504e-6	2.559504e-1	-2.559504e-6	2.559504e-1
3	14	100	6.952220241119249e-2	6.306379842577867e-2	-6.458403985413734e-3	4.761904761904762e-2	1.115233935127542e-1	6.390434589370660e-2	-8.405475e-4	2.521642e-1	5.617857e-3	1.685357e0
3	14	500	7.033451782353828e-2	6.373639676988366e-2	-6.598121053654533e-3	4.761904761904762e-2	1.115233935127542e-1	6.390434589370660e-2	-1.679491e-4	2.519237e-1	6.430172e-3	9.645258e0
3	14	1000	7.043533449389530e-2	6.382034532176578e-2	-6.614989172129404e-3	4.761904761904762e-2	1.115233935127542e-1	6.390434589370660e-2	-8.400057e-5	2.520017e-1	6.530989e-3	1.959297e1
3	14	5000	7.051628779745377e-2	6.388754671378509e-2	-6.628741083668432e-3	4.761904761904762e-2	1.115233935127542e-1	6.390434589370660e-2	-1.679918e-5	2.519877e-1	6.611942e-3	9.917913e1
3	14	10000	7.052640785570112e-2	6.389594694526381e-2	-6.630460910436910e-3	4.761904761904762e-2	1.115233935127542e-1	6.390434589370660e-2	-8.398948e-6	2.519685e-1	6.622062e-3	1.986619e2
3	14	50000	7.053450311286179e-2	6.390266599714739e-2	-6.631837115714767e-3	4.761904761904762e-2	1.115233935127542e-1	6.390434589370660e-2	-1.679897e-6	2.519845e-1	6.630157e-3	9.945236e2
3	14	100000	7.053551502059906e-2	6.390350594390493e-2	-6.632009076694126e-3	4.761904761904762e-2	1.115233935127542e-1	6.390434589370660e-2	-8.399498e-7	2.519849e-1	6.631169e-3	1.989351e3
5	14	100	5.430390759617255e-2	4.525939359687706e-2	-9.044513999295482e-3	5.714285714285714e-2	1.029032117351571e-1	4.576035459229994e-2	-5.009610e-4	2.504805e-1	8.543553e-3	4.271777e0
5	14	500	5.486559567691303e-2	4.565984054322877e-2	-9.205755133684315e-3	5.714285714285714e-2	1.029032117351571e-1	4.576035459229994e-2	-1.005140e-4	2.512851e-1	9.105241e-3	2.276310e1
5	14	1000	5.493584525659186e-2	4.571012535149648e-2	-9.225719905095487e-3	5.714285714285714e-2	1.029032117351571e-1	4.576035459229994e-2	-5.022924e-5	2.511462e-1	9.175491e-3	4.587745e1
5	14	5000	5.499202030534989e-2	4.575030755396051e-2	-9.241712751389493e-3	5.714285714285714e-2	1.029032117351571e-1	4.576035459229994e-2	-1.004704e-5	2.511760e-1	9.231666e-3	2.307916e2
5	14	10000	5.499904393556641e-2	4.575533082517128e-2	-9.243713110395289e-3	5.714285714285714e-2	1.029032117351571e-1	4.576035459229994e-2	-5.023767e-6	2.511884e-1	9.238689e-3	4.619345e2
5	14	50000	5.500466312023411e-2	4.575934983391919e-2	-9.245313286314942e-3	5.714285714285714e-2	1.029032117351571e-1	4.576035459229994e-2	-1.004758e-6	2.511896e-1	9.244309e-3	2.311077e3
5	14	100000	5.500536550082983e-2	4.575985221051438e-2	-9.245513290315255e-3	5.714285714285714e-2	1.029032117351571e-1	4.576035459229994e-2	-5.023818e-7	2.511909e-1	9.245011e-3	4.622505e3
9	14	100	4.444701313794273e-2	2.322603658520165e-2	-2.122097655274112e-2	6.349206349206349e-2	8.699650998634427e-2	2.350444649428078e-2	-2.784099e-4	2.505689e-1	2.094257e-2	1.884831e1
9	14	500	4.484440095670592e-2	2.344873175728614e-2	-2.139566919941987e-2	6.349206349206349e-2	8.699650998634427e-2	2.350444649428078e-2	-5.571474e-5	2.507163e-1	2.133995e-2	9.602980e1
9	14	1000	4.489389884606269e-2	2.347660550050019e-2	-2.141729334556255e-2	6.349206349206349e-2	8.699650998634427e-2	2.350444649428078e-2	-2.784099e-5	2.505689e-1	2.138945e-2	1.925051e2
9	14	5000	4.493357794742985e-2	2.349887628360369e-2	-2.143470166382612e-2	6.349206349206349e-2	8.699650998634427e-2	2.350444649428078e-2	-5.570211e-6	2.506595e-1	2.142913e-2	9.643109e2
9	14	10000	4.493853856240770e-2	2.350166142349226e-2	-2.143687713891550e-2	6.349206349206349e-2	8.699650998634427e-2	2.350444649428078e-2	-2.785071e-6	2.506564e-1	2.143409e-2	1.929068e3
9	14	50000	4.494250670532845e-2	2.350388947310721e-2	-2.143861723222156e-2	6.349206349206349e-2	8.699650998634427e-2	2.350444649428078e-2	-5.570212e-7	2.506595e-1	2.143806e-2	9.647127e3
9	14	100000	4.494300273608307e-2	2.350416798213889e-2	-2.143883475394473e-2	6.349206349206349e-2	8.699650998634427e-2	2.350444649428078e-2	-2.785121e-7	2.506609e-1	2.143856e-2	1.929470e4
11	14	100	4.208873172625184e-2	1.694954248300704e-2	-2.513918924324480e-2	6.493506493506493e-2	8.211193868530307e-2	1.717687375023814e-2	-2.273313e-4	2.500644e-1	2.491186e-2	2.740304e1
11	14	500	4.244763941130036e-2	1.713135480862822e-2	-2.531628460267218e-2	6.493506493506493e-2	8.211193868530307e-2	1.717687375023814e-2	-4.551894e-5	2.503542e-1	2.527077e-2	1.389892e2
11	14	1000	4.249257385598524e-2	1.715410460798638e-2	-2.533846924799888e-2	6.493506493506493e-2	8.211193868530307e-2	1.717687375023814e-2	-2.276914e-5	2.504606e-1	2.531570e-2	2.784727e2
11	14	5000	4.252849451465966e-2	1.717231862968680e-2	-2.535617588497315e-2	6.493506493506493e-2	8.211193868530307e-2	1.717687375023814e-2	-4.555121e-6	2.505316e-1	2.535162e-2	1.394339e3
11	14	10000	4.253298574294537e-2	1.717459611996578e-2	-2.535838962298001e-2	6.493506493506493e-2	8.211193868530307e-2	1.717687375023814e-2	-2.277630e-6	2.505393e-1	2.535611e-2	2.789172e3
11	14	50000	4.253657878277627e-2	1.717641822384786e-2	-2.536016055892985e-2	6.493506493506493e-2	8.211193868530307e-2	1.717687375023814e-2	-4.555264e-7	2.505395e-1	2.535971e-2	1.394784e4
11	14	100000	4.253702791518991e-2	1.717664598545218e-2	-2.536038192973907e-2	6.493506493506493e-2	8.211193868530307e-2	1.717687375023814e-2	-2.277648e-7	2.505413e-1	2.536015e-2	2.789617e4
13	14	100	4.383236233738336e-2	1.525768889755302e-2	-2.857467343983035e-2	6.593406593406594e-2	8.138311819305660e-2	1.544905225899067e-2	-1.913634e-4	2.487724e-1	2.838331e-2	3.689830e1
13	14	500	4.416764109069031e-2	1.541049368150285e-2	-2.875714740918739e-2	6.593406593406594e-2	8.138311819305660e-2	1.544905225899067e-2	-3.855858e-5	2.506308e-1	2.871859e-2	1.866708e2
13	14	1000	4.420922877028714e-2	1.542979152846002e-2	-2.877943724182700e-2	6.593406593406594e-2	8.138311819305660e-2	1.544905225899067e-2	-1.926073e-5	2.503895e-1	2.876018e-2	3.738823e2
13	14	5000	4.424253537893472e-2	1.544519958968330e-2	-2.879733578925141e-2	6.593406593406594e-2	8.138311819305660e-2	1.544905225899067e-2	-3.852669e-6	2.504235e-1	2.879348e-2	1.871576e3
13	14	10000	4.424670285642136e-2	1.544712577529463e-2	-2.879957708112675e-2	6.593406593406594e-2	8.138311819305660e-2	1.544905225899067e-2	-1.926484e-6	2.504429e-1	2.879765e-2	3.743695e3
13	14	50000	4.425003610416180e-2	1.544866694127310e-2	-2.880136916288800e-2	6.593406593406594e-2	8.138311819305660e-2	1.544905225899067e-2	-3.853177e-7	2.504565e-1	2.880098e-2	1.872064e4
13	14	100000	4.425045276135117e-2	1.544885959858813e-2	-2.880159316276265e-2	6.593406593406594e-2	8.138311819305660e-2	1.544905225899067e-2	-1.926604e-7	2.504585e-1	2.880140e-2	3.744182e4
1	15	100	9.699265292881785e-2	9.699265292881785e-2	0.000000000000000e0	0.000000000000000e0	9.956611045250592e-2	9.956611045250592e-2	-2.573458e-3	2.573458e-1	-2.573458e-3	2.573458e-1
1	15	500	9.905434443947665e-2	9.905434443947665e-2	0.000000000000000e0	0.000000000000000e0	9.956611045250592e-2	9.956611045250592e-2	-5.117660e-4	2.558830e-1	-5.117660e-4	2.558830e-1
1	15	1000	9.931038691895475e-2	9.931038691895475e-2	0.000000000000000e0	0.000000000000000e0	9.956611045250592e-2	9.956611045250592e-2	-2.557235e-4	2.557235e-1	-2.557235e-4	2.557235e-1
1	15	5000	9.951499268640895e-2	9.951499268640895e-2	0.000000000000000e0	0.000000000000000e0	9.956611045250592e-2	9.956611045250592e-2	-5.111777e-5	2.555888e-1	-5.111777e-5	2.555888e-1
1	15	10000	9.954055322896574e-2	9.954055322896574e-2	0.000000000000000e0	0.000000000000000e0	9.956611045250592e-2	9.956611045250592e-2	-2.555722e-5	2.555722e-1	-2.555722e-5	2.555722e-1
1	15	50000	9.956099927473967e-2	9.956099927473967e-2	0.000000000000000e0	0.000000000000000e0	9.956611045250592e-2	9.956611045250592e-2	-5.111178e-6	2.555589e-1	-5.111178e-6	2.555589e-1
1	15	100000	9.956355488027981e-2	9.956355488027981e-2	0.000000000000000e0	0.000000000000000e0	9.956611045250592e-2	9.956611045250592e-2	-2.555572e-6	2.555572e-1	-2.555572e-6	2.555572e-1
2	15	100	7.818255752877512e-2	7.443203768113170e-2	-3.750519847643444e-3	3.333333333333333e-2	1.090342416824683e-1	7.570090834913495e-2	-1.268871e-3	2.537741e-1	2.481649e-3	4.963298e-1
2	15	500	7.929190553896232e-2	7.544808786375105e-2	-3.843817675211311e-3	3.333333333333333e-2	1.090342416824683e-1	7.570090834913495e-2	-2.528205e-4	2.528205e-1	3.590997e-3	3.590997e0
2	15	1000	7.943108756265127e-2	7.557446759529006e-2	-3.856619967361292e-3	3.333333333333333e-2	1.090342416824683e-1	7.570090834913495e-2	-1.264408e-4	2.528815e-1	3.730179e-3	7.460358e0
2	15	5000	7.954218190324634e-2	7.567563015365168e-2	-3.866551749594843e-3	3.333333333333333e-2	1.090342416824683e-1	7.570090834913495e-2	-2.527820e-5	2.527820e-1	3.841274e-3	3.841274e1
2	15	10000	7.955607371029789e-2	7.568826893963033e-2	-3.867804770667666e-3	3.333333333333333e-2	1.090342416824683e-1	7.570090834913495e-2	-1.263941e-5	2.527882e-1	3.855165e-3	7.710331e1
2	15	50000	7.956718465463723e-2	7.569838056718925e-2	-3.868804087448224e-3	3.333333333333333e-2	1.090342416824683e-1	7.570090834913495e-2	-2.527782e-6	2.527782e-1	3.866276e-3	3.866276e2
2	15	100000	7.956857357269344e-2	7.569964445503680e-2	-3.868929117656795e-3	3.333333333333333e-2	1.090342416824683e-1	7.570090834913495e-2	-1.263894e-6	2.527788e-1	3.867665e-3	7.735330e2
4	15	100	5.867025867149859e-2	5.174453124534256e-2	-6.925727426156019e-3	5.000000000000000e-2	1.023735226469430e-1	5.237352264694303e-2	-6.289914e-4	2.515966e-1	6.296736e-3	2.518694e0
4	15	500	5.931601529006511e-2	5.224782853758045e-2	-7.068186752484628e-3	5.000000000000000e-2	1.023735226469430e-1	5.237352264694303e-2	-1.256941e-4	2.513882e-1	6.942493e-3	1.388499e1
4	15	1000	5.939660757163538e-2	5.231067021563327e-2	-7.085937356002073e-3	5.000000000000000e-2	1.023735226469430e-1	5.237352264694303e-2	-6.285243e-5	2.514097e-1	7.023085e-3	2.809234e1
4	15	5000	5.946106412995725e-2	5.236095320283723e-2	-7.100110927120030e-3	5.000000000000000e-2	1.023735226469430e-1	5.237352264694303e-2	-1.256944e-5	2.513889e-1	7.087541e-3	1.417508e2
4	15	10000	5.946912005974939e-2	5.236723787263645e-2	-7.101882187112837e-3	5.000000000000000e-2	1.023735226469430e-1	5.237352264694303e-2	-6.284774e-6	2.513910e-1	7.095597e-3	2.838239e2
4	15	50000	5.947556462430806e-2	5.237226570249928e-2	-7.103298921808791e-3	5.000000000000000e-2	1.023735226469430e-1	5.237352264694303e-2	-1.256944e-6	2.513889e-1	7.102042e-3	1.420408e3
4	15	100000	5.947637018361286e-2	5.237289417420034e-2	-7.103476009412522e-3	5.000000000000000e-2	1.023735226469430e-1	5.237352264694303e-2	-6.284727e-7	2.513891e-1	7.102848e-3	2.841139e3
7	15	100	5.072088545751787e-2	3.430800607657691e-2	-1.641287938094096e-2	5.714285714285714e-2	9.180933722468813e-2	3.466648008183099e-2	-3.584740e-4	2.509318e-1	1.605441e-2	1.123808e1
7	15	500	5.116301193575926e-2	3.459484731615076e-2	-1.656816461960850e-2	5.714285714285714e-2	9.180933722468813e-2	3.466648008183099e-2	-7.163277e-5	2.507147e-1	1.649653e-2	5.773786e1
7	15	1000	5.121849717799079e-2	3.463065024994578e-2	-1.658784692804505e-2	5.714285714285714e-2	9.180933722468813e-2	3.466648008183099e-2	-3.582983e-5	2.508088e-1	1.655202e-2	1.158641e2
7	15	5000	5.126291872522356e-2	3.465931477268424e-2	-1.660360395253928e-2	5.714285714285714e-2	9.180933722468813e-2	3.466648008183099e-2	-7.165309e-6	2.507858e-1	1.659644e-2	5.808754e2
7	15	10000	5.126847356761111e-2	3.466289729354398e-2	-1.660557627406702e-2	5.714285714285714e-2	9.180933722468813e-2	3.466648008183099e-2	-3.582788e-6	2.507952e-1	1.660199e-2	1.162140e3
7	15	50000	5.127291778344285e-2	3.466576353077831e-2	-1.660715425266499e-2	5.714285714285714e-2	9.180933722468813e-2	3.466648008183099e-2	-7.165511e-7	2.507929e-1	1.660644e-2	5.812253e3
7	15	100000	5.127347333185683e-2	3.466612180496896e-2	-1.660735152688884e-2	5.714285714285714e-2	9.180933722468813e-2	3.466648008183099e-2	-3.582769e-7	2.507938e-1	1.660699e-2	1.162490e4
8	15	100	3.962359921843681e-2	2.970180605425360e-2	-9.921793164183235e-3	5.833333333333333e-2	8.834916598261366e-2	3.001583264928033e-2	-3.140266e-4	2.512213e-1	9.607767e-3	7.686213e0
8	15	500	4.003398972703742e-2	2.995320214307181e-2	-1.008078758396558e-2	5.833333333333333e-2	8.834916598261366e-2	3.001583264928033e-2	-6.263051e-5	2.505220e-1	1.001816e-2	4.007263e1
8	15	1000	4.008543827646774e-2	2.998448903092235e-2	-1.010094924554531e-2	5.833333333333333e-2	8.834916598261366e-2	3.001583264928033e-2	-3.134362e-5	2.507489e-1	1.006961e-2	8.055685e1
8	15	5000	4.012654132066273e-2	3.000956571799611e-2	-1.011697560266619e-2	5.833333333333333e-2	8.834916598261366e-2	3.001583264928033e-2	-6.266931e-6	2.506773e-1	1.011071e-2	4.044283e2
8	15	10000	4.013168081296893e-2	3.001269890038827e-2	-1.011898191258050e-2	5.833333333333333e-2	8.834916598261366e-2	3.001583264928033e-2	-3.133749e-6	2.506999e-1	1.011585e-2	8.092679e2
8	15	50000	4.013579184251367e-2	3.001520591746614e-2	-1.012058592504710e-2	5.833333333333333e-2	8.834916598261366e-2	3.001583264928033e-2	-6.267318e-7	2.506927e-1	1.011996e-2	4.047984e3
8	15	100000	4.013630573744393e-2	3.001551928054117e-2	-1.012078645690196e-2	5.833333333333333e-2	8.834916598261366e-2	3.001583264928033e-2	-3.133687e-7	2.506950e-1	1.012047e-2	8.096378e3
11	15	100	3.975945066037505e-2	1.753095421535293e-2	-2.222849644502210e-2	6.060606060606061e-2	7.836496035881071e-2	1.775889975275011e-2	-2.279455e-4	2.507401e-1	2.200055e-2	2.420061e1
11	15	500	4.010444910966861e-2	1.771337869774930e-2	-2.239107041191928e-2	6.060606060606061e-2	7.836496035881071e-2	1.775889975275011e-2	-4.552106e-5	2.503658e-1	2.234555e-2	1.229005e2
11	15	1000	4.014786874283071e-2	1.773612438015010e-2	-2.241174436268053e-2	6.060606060606061e-2	7.836496035881071e-2	1.775889975275011e-2	-2.277537e-5	2.505291e-1	2.238897e-2	2.462787e2
11	15	5000	4.018259137473085e-2	1.775434536843507e-2	-2.242824600629552e-2	6.060606060606061e-2	7.836496035881071e-2	1.775889975275011e-2	-4.554384e-6	2.504911e-1	2.242369e-2	1.233303e3
11	15	10000	4.018693465800319e-2	1.775662241220100e-2	-2.243031224580191e-2	6.060606060606061e-2	7.836496035881071e-2	1.775889975275011e-2	-2.277341e-6	2.505075e-1	2.242803e-2	2.467084e3
11	15	50000	4.019040915699870e-2	1.775844429155140e-2	-2.243196486544657e-2	6.060606060606061e-2	7.836496035881071e-2	1.775889975275011e-2	-4.554612e-7	2.505037e-1	2.243151e-2	1.233733e4
11	15	100000	4.019084349891847e-2	1.775867202066738e-2	-2.243217147825100e-2	6.060606060606061e-2	7.836496035881071e-2	1.775889975275011e-2	-2.277321e-7	2.505053e-1	2.243194e-2	2.467514e4
13	15	100	3.966691360712068e-2	1.427504682627014e-2	-2.539186678085058e-2	6.153846153846154e-2	7.600551672831049e-2	1.446705518984895e-2	-1.920084e-4	2.496109e-1	2.519986e-2	3.275982e1
13	15	500	3.998686079143760e-2	1.442851886201695e-2	-2.555834192942069e-2	6.153846153846154e-2	7.600551672831049e-2	1.446705518984895e-2	-3.853633e-5	2.504861e-1	2.551981e-2	1.658787e2
13	15	1000	4.002698548710577e-2	1.444779777430999e-2	-2.557918771279579e-2	6.153846153846154e-2	7.600551672831049e-2	1.446705518984895e-2	-1.925742e-5	2.503464e-1	2.555993e-2	3.322791e2
13	15	5000	4.005910752579781e-2	1.446320237040753e-2	-2.559590515539028e-2	6.153846153846154e-2	7.600551672831049e-2	1.446705518984895e-2	-3.852819e-6	2.504333e-1	2.559205e-2	1.663483e3
13	15	10000	4.006312415818676e-2	1.446512888782711e-2	-2.559799527036001e-2	6.153846153846154e-2	7.600551672831049e-2	1.446705518984895e-2	-1.926302e-6	2.504193e-1	2.559607e-2	3.327489e3
13	15	50000	4.006633768576345e-2	1.446666991609187e-2	-2.559966776967218e-2	6.153846153846154e-2	7.600551672831049e-2	1.446705518984895e-2	-3.852738e-7	2.504279e-1	2.559928e-2	1.663953e4
13	15	100000	4.006673939054932e-2	1.446686255404770e-2	-2.559987683650249e-2	6.153846153846154e-2	7.600551672831049e-2	1.446705518984895e-2	-1.926358e-7	2.504265e-1	2.559968e-2	3.327959e4
14	15	100	4.107445278723585e-2	1.429251398355647e-2	-2.678193880367936e-2	6.190476190476191e-2	7.637667392936624e-2	1.447191202460434e-2	-1.793980e-4	2.511573e-1	2.660254e-2	3.724356e1
14	15	500	4.138276120908126e-2	1.443617923889629e-2	-2.694658197018497e-2	6.190476190476191e-2	7.637667392936624e-2	1.447191202460434e-2	-3.573279e-5	2.501295e-1	2.691085e-2	1.883759e2
14	15	1000	4.142161425276590e-2	1.445402088066480e-2	-2.696759337210112e-2	6.190476190476191e-2	7.637667392936624e-2	1.447191202460434e-2	-1.789114e-5	2.504760e-1	2.694970e-2	3.772958e2
14	15	5000	4.145269778253247e-2	1.446833530749287e-2	-2.698436247503970e-2	6.190476190476191e-2	7.637667392936624e-2	1.447191202460434e-2	-3.576717e-6	2.503702e-1	2.698079e-2	1.888655e3
14	15	10000	4.145658630343300e-2	1.447012341908335e-2	-2.698646288434972e-2	6.190476190476191e-2	7.637667392936624e-2	1.447191202460434e-2	-1.788606e-6	2.504048e-1	2.698467e-2	3.777854e3
14	15	50000	4.145969713924783e-2	1.447155431865622e-2	-2.698814282059167e-2	6.190476190476191e-2	7.637667392936624e-2	1.447191202460434e-2	-3.577059e-7	2.503942e-1	2.698779e-2	1.889145e4
14	15	100000	4.146008602444778e-2	1.447173316916114e-2	-2.698835285528658e-2	6.190476190476191e-2	7.637667392936624e-2	1.447191202460434e-2	-1.788554e-7	2.503976e-1	2.698817e-2	3.778344e4
1	16	100	9.277015121874946e-2	9.277015121874946e-2	0.000000000000000e0	0.000000000000000e0	9.532438929047633e-2	9.532438929047633e-2	-2.554238e-3	2.554238e-1	-2.554238e-3	2.554238e-1
1	16	500	9.481382217726901e-2	9.481382217726901e-2	0.000000000000000e0	0.000000000000000e0	9.532438929047633e-2	9.532438929047633e-2	-5.105671e-4	2.552836e-1	-5.105671e-4	2.552836e-1
1	16	1000	9.506888941702540e-2	9.506888941702540e-2	0.000000000000000e0	0.000000000000000e0	9.532438929047633e-2	9.532438929047633e-2	-2.554999e-4	2.554999e-1	-2.554999e-4	2.554999e-1
1	16	5000	9.527333595805976e-2	9.527333595805976e-2	0.000000000000000e0	0.000000000000000e0	9.532438929047633e-2	9.532438929047633e-2	-5.105333e-5	2.552667e-1	-5.105333e-5	2.552667e-1
1	16	10000	9.529887554025278e-2	9.529887554025278e-2	0.000000000000000e0	0.000000000000000e0	9.532438929047633e-2	9.532438929047633e-2	-2.551375e-5	2.551375e-1	-2.551375e-5	2.551375e-1
1	16	50000	9.531928540714187e-2	9.531928540714187e-2	0.000000000000000e0	0.000000000000000e0	9.532438929047633e-2	9.532438929047633e-2	-5.103883e-6	2.551942e-1	-5.103883e-6	2.551942e-1
1	16	100000	9.532183727797647e-2	9.532183727797647e-2	0.000000000000000e0	0.000000000000000e0	9.532438929047633e-2	9.532438929047633e-2	-2.552012e-6	2.552012e-1	-2.552012e-6	2.552012e-1
3	16	100	6.542832150684619e-2	5.934845439837226e-2	-6.079867108473995e-3	4.166666666666666e-2	1.018519949510583e-1	6.018532828439162e-2	-8.368739e-4	2.510622e-1	5.242993e-3	1.572898e0
3	16	500	6.622408896539790e-2	6.001759628524763e-2	-6.206492680150257e-3	4.166666666666666e-2	1.018519949510583e-1	6.018532828439162e-2	-1.677320e-4	2.515980e-1	6.038761e-3	9.058141e0
3	16	1000	6.632321478124431e-2	6.010139314774511e-2	-6.221821633499136e-3	4.166666666666666e-2	1.018519949510583e-1	6.018532828439162e-2	-8.393514e-5	2.518054e-1	6.137886e-3	1.841366e1
3	16	5000	6.640238153556835e-2	6.016854495144534e-2	-6.233836584122528e-3	4.166666666666666e-2	1.018519949510583e-1	6.018532828439162e-2	-1.678333e-5	2.517500e-1	6.217053e-3	9.325580e1
3	16	10000	6.641227820307390e-2	6.017693796022591e-2	-6.235340242847625e-3	4.166666666666666e-2	1.018519949510583e-1	6.018532828439162e-2	-8.390324e-6	2.517097e-1	6.226950e-3	1.868085e2
3	16	50000	6.642019406960722e-2	6.018365007883544e-2	-6.236543990771756e-3	4.166666666666666e-2	1.018519949510583e-1	6.018532828439162e-2	-1.678206e-6	2.517308e-1	6.234866e-3	9.352299e2
3	16	100000	6.642118362793940e-2	6.018448917281774e-2	-6.236694455122011e-3	4.166666666666666e-2	1.018519949510583e-1	6.018532828439162e-2	-8.391116e-7	2.517335e-1	6.235855e-3	1.870757e3
5	16	100	5.474781710297356e-2	4.395737870261521e-2	-1.079043840035835e-2	5.000000000000000e-2	9.445854581883949e-2	4.445854581883948e-2	-5.011671e-4	2.505836e-1	1.028927e-2	5.144636e0
5	16	500	5.528760205740135e-2	4.435816530550021e-2	-1.092943675190115e-2	5.000000000000000e-2	9.445854581883949e-2	4.445854581883948e-2	-1.003805e-4	2.509513e-1	1.082906e-2	2.707264e1
5	16	1000	5.535524882266203e-2	4.440833252957069e-2	-1.094691629309133e-2	5.000000000000000e-2	9.445854581883949e-2	4.445854581883948e-2	-5.021329e-5	2.510664e-1	1.089670e-2	5.448352e1
5	16	5000	5.540939556737400e-2	4.444850395252511e-2	-1.096089161484901e-2	5.000000000000000e-2	9.445854581883949e-2	4.445854581883948e-2	-1.004187e-5	2.510467e-1	1.095085e-2	2.737712e2
5	16	10000	5.541616577645442e-2	4.445352533544224e-2	-1.096264044101197e-2	5.000000000000000e-2	9.445854581883949e-2	4.445854581883948e-2	-5.020483e-6	2.510242e-1	1.095762e-2	5.478810e2
5	16	50000	5.542158224300051e-2	4.445754166617256e-2	-1.096404057682768e-2	5.000000000000000e-2	9.445854581883949e-2	4.445854581883948e-2	-1.004153e-6	2.510382e-1	1.096304e-2	2.740759e3
5	16	100000	5.542225932008292e-2	4.445804373900652e-2	-1.096421558107639e-2	5.000000000000000e-2	9.445854581883949e-2	4.445854581883948e-2	-5.020798e-7	2.510399e-1	1.096371e-2	5.481857e3
7	16	100	4.695560902640776e-2	3.309147864921897e-2	-1.386413037718878e-2	5.357142857142857e-2	8.702009964081354e-2	3.344867106938498e-2	-3.571924e-4	2.500347e-1	1.350694e-2	9.454857e0
7	16	500	4.738984637165919e-2	3.337707028846824e-2	-1.401277608319097e-2	5.357142857142857e-2	8.702009964081354e-2	3.344867106938498e-2	-7.160078e-5	2.506027e-1	1.394118e-2	4.879411e1
7	16	1000	4.744413506102865e-2	3.341284963954635e-2	-1.403128542148234e-2	5.357142857142857e-2	8.702009964081354e-2	3.344867106938498e-2	-3.582143e-5	2.507500e-1	1.399546e-2	9.796825e1
7	16	5000	4.748760174138734e-2	3.344150691971488e-2	-1.404609482167244e-2	5.357142857142857e-2	8.702009964081354e-2	3.344867106938498e-2	-7.164150e-6	2.507452e-1	1.403893e-2	4.913626e2
7	16	10000	4.749303409277133e-2	3.344508920711273e-2	-1.404794488565852e-2	5.357142857142857e-2	8.702009964081354e-2	3.344867106938498e-2	-3.581862e-6	2.507304e-1	1.404436e-2	9.831054e2
7	16	50000	4.749737913078646e-2	3.344795466564335e-2	-1.404942446514275e-2	5.357142857142857e-2	8.702009964081354e-2	3.344867106938498e-2	-7.164037e-7	2.507413e-1	1.404871e-2	4.917048e3
7	16	100000	4.749792227929813e-2	3.344831286555877e-2	-1.404960941373895e-2	5.357142857142857e-2	8.702009964081354e-2	3.344867106938498e-2	-3.582038e-7	2.507427e-1	1.404925e-2	9.834476e3
9	16	100	3.818989283380977e-2	2.507418659987476e-2	-1.311570623393500e-2	5.555555555555555e-2	8.090806583765332e-2	2.535251028209777e-2	-2.783237e-4	2.504913e-1	1.283738e-2	1.155364e1
9	16	500	3.856488574272017e-2	2.529682964846800e-2	-1.326805609425217e-2	5.555555555555555e-2	8.090806583765332e-2	2.535251028209777e-2	-5.568063e-5	2.505629e-1	1.321238e-2	5.945569e1
9	16	1000	3.861178842878023e-2	2.532466871590024e-2	-1.328711971288009e-2	5.555555555555555e-2	8.090806583765332e-2	2.535251028209777e-2	-2.784157e-5	2.505741e-1	1.325928e-2	1.193335e2
9	16	5000	3.864926182368477e-2	2.534694188701684e-2	-1.330231993666803e-2	5.555555555555555e-2	8.090806583765332e-2	2.535251028209777e-2	-5.568395e-6	2.505778e-1	1.329675e-2	5.983538e2
9	16	10000	3.865394849089634e-2	2.534972620286054e-2	-1.330422228803612e-2	5.555555555555555e-2	8.090806583765332e-2	2.535251028209777e-2	-2.784079e-6	2.505671e-1	1.330144e-2	1.197129e3
9	16	50000	3.865769822418132e-2	2.535195344567853e-2	-1.330574477850337e-2	5.555555555555555e-2	8.090806583765332e-2	2.535251028209777e-2	-5.568364e-7	2.505764e-1	1.330519e-2	5.987335e3
9	16	100000	3.865816696584787e-2	2.535223186260262e-2	-1.330593510324563e-2	5.555555555555555e-2	8.090806583765332e-2	2.535251028209777e-2	-2.784195e-7	2.505775e-1	1.330566e-2	1.197509e4
11	16	100	3.624174665220676e-2	1.834308196665338e-2	-1.789866468555337e-2	5.681818181818182e-2	7.538809441526810e-2	1.856991259708628e-2	-2.268306e-4	2.495137e-1	1.767183e-2	1.943902e1
11	16	500	3.657953509082626e-2	1.852440689826498e-2	-1.805512819256134e-2	5.681818181818182e-2	7.538809441526810e-2	1.856991259708628e-2	-4.550570e-5	2.502813e-1	1.800962e-2	9.905292e1
11	16	1000	3.662170883390108e-2	1.854714332503235e-2	-1.807456550886880e-2	5.681818181818182e-2	7.538809441526810e-2	1.856991259708628e-2	-2.276927e-5	2.504620e-1	1.805180e-2	1.985698e2
11	16	5000	3.665541734236389e-2	1.856535857514120e-2	-1.809005876722262e-2	5.681818181818182e-2	7.538809441526810e-2	1.856991259708628e-2	-4.554022e-6	2.504712e-1	1.808550e-2	9.947028e2
11	16	10000	3.665963147138156e-2	1.856763565836390e-2	-1.809199581301726e-2	5.681818181818182e-2	7.538809441526810e-2	1.856991259708628e-2	-2.276939e-6	2.504633e-1	1.808972e-2	1.989869e3
11	16	50000	3.666300242892070e-2	1.856945719446877e-2	-1.809354523445232e-2	5.681818181818182e-2	7.538809441526810e-2	1.856991259708628e-2	-4.554026e-7	2.504714e-1	1.809309e-2	9.951199e3
11	16	100000	3.666342382248167e-2	1.856968489484769e-2	-1.809373892763346e-2	5.681818181818182e-2	7.538809441526810e-2	1.856991259708628e-2	-2.277022e-7	2.504725e-1	1.809351e-2	1.990286e4
13	16	100	3.662410262835412e-2	1.421040044105126e-2	-2.241370218730282e-2	5.769230769230770e-2	7.209543796826984e-2	1.440313027596214e-2	-1.927298e-4	2.505488e-1	2.222097e-2	2.888726e1
13	16	500	3.693389456845397e-2	1.436460248752755e-2	-2.256929208092644e-2	5.769230769230770e-2	7.209543796826984e-2	1.440313027596214e-2	-3.852779e-5	2.504306e-1	2.253076e-2	1.464500e2
13	16	1000	3.697272284172985e-2	1.438386992884633e-2	-2.258885291288369e-2	5.769230769230770e-2	7.209543796826984e-2	1.440313027596214e-2	-1.926035e-5	2.503845e-1	2.256959e-2	2.934047e2
13	16	5000	3.700380184585884e-2	1.439927800778092e-2	-2.260452383807844e-2	5.769230769230770e-2	7.209543796826984e-2	1.440313027596214e-2	-3.852268e-6	2.503974e-1	2.260067e-2	1.469044e3
13	16	10000	3.700768772755703e-2	1.440120418867251e-2	-2.260648353888500e-2	5.769230769230770e-2	7.209543796826984e-2	1.440313027596214e-2	-1.926087e-6	2.503913e-1	2.260456e-2	2.938592e3
13	16	50000	3.701079659417732e-2	1.440274504706671e-2	-2.260805154711117e-2	5.769230769230770e-2	7.209543796826984e-2	1.440313027596214e-2	-3.852289e-7	2.503988e-1	2.260767e-2	1.469498e4
13	16	100000	3.701118521260729e-2	1.440293766079949e-2	-2.260824755180771e-2	5.769230769230770e-2	7.209543796826984e-2	1.440313027596214e-2	-1.926152e-7	2.503997e-1	2.260805e-2	2.939047e4
15	16	100	3.864187649802617e-2	1.345325038148946e-2	-2.518862611653672e-2	5.833333333333333e-2	7.195229409422206e-2	1.361896076088873e-2	-1.657104e-4	2.485656e-1	2.502292e-2	3.753437e1
15	16	500	3.893327160725508e-2	1.358562869919657e-2	-2.534764290805855e-2	5.833333333333333e-2	7.195229409422206e-2	1.361896076088873e-2	-3.333206e-5	2.499905e-1	2.531431e-2	1.898573e2
15	16	1000	3.896974345794648e-2	1.360227228429606e-2	-2.536747117365041e-2	5.833333333333333e-2	7.195229409422206e-2	1.361896076088873e-2	-1.668848e-5	2.503271e-1	2.535078e-2	3.802617e2
15	16	5000	3.899888217632090e-2	1.361562285011306e-2	-2.538325932620793e-2	5.833333333333333e-2	7.195229409422206e-2	1.361896076088873e-2	-3.337911e-6	2.503433e-1	2.537992e-2	1.903494e3
15	16	10000	3.900252663514754e-2	1.361729183676587e-2	-2.538523479838182e-2	5.833333333333333e-2	7.195229409422206e-2	1.361896076088873e-2	-1.668924e-6	2.503386e-1	2.538357e-2	3.807535e3
15	16	50000	3.900544350173290e-2	1.361862696688830e-2	-2.538681653484437e-2	5.833333333333333e-2	7.195229409422206e-2	1.361896076088873e-2	-3.337940e-7	2.503455e-1	2.538648e-2	1.903986e4
15	16	100000	3.900580809131630e-2	1.361879386331466e-2	-2.538701422800093e-2	5.833333333333333e-2	7.195229409422206e-2	1.361896076088873e-2	-1.668976e-7	2.503464e-1	2.538685e-2	3.808027e4
1	17	100	8.895027638052982e-2	8.895027638052982e-2	0.000000000000000e0	0.000000000000000e0	9.147052600520057e-2	9.147052600520057e-2	-2.520250e-3	2.520250e-1	-2.520250e-3	2.520250e-1
1	17	500	9.095961376887279e-2	9.095961376887279e-2	0.000000000000000e0	0.000000000000000e0	9.147052600520057e-2	9.147052600520057e-2	-5.109122e-4	2.554561e-1	-5.109122e-4	2.554561e-1
1	17	1000	9.121575409673503e-2	9.121575409673503e-2	0.000000000000000e0	0.000000000000000e0	9.147052600520057e-2	9.147052600520057e-2	-2.547719e-4	2.547719e-1	-2.547719e-4	2.547719e-1
1	17	5000	9.141955798054688e-2	9.141955798054688e-2	0.000000000000000e0	0.000000000000000e0	9.147052600520057e-2	9.147052600520057e-2	-5.096802e-5	2.548401e-1	-5.096802e-5	2.548401e-1
1	17	10000	9.144503566437670e-2	9.144503566437670e-2	0.000000000000000e0	0.000000000000000e0	9.147052600520057e-2	9.147052600520057e-2	-2.549034e-5	2.549034e-1	-2.549034e-5	2.549034e-1
1	17	50000	9.146542801894397e-2	9.146542801894397e-2	0.000000000000000e0	0.000000000000000e0	9.147052600520057e-2	9.147052600520057e-2	-5.097986e-6	2.548993e-1	-5.097986e-6	2.548993e-1
1	17	100000	9.146797696353479e-2	9.146797696353479e-2	0.000000000000000e0	0.000000000000000e0	9.147052600520057e-2	9.147052600520057e-2	-2.549042e-6	2.549042e-1	-2.549042e-6	2.549042e-1
2	17	100	7.215471819138354e-2	6.922904011819718e-2	-2.925678073186350e-3	2.941176470588235e-2	9.990346926292633e-2	7.049170455704398e-2	-1.262664e-3	2.525329e-1	1.663014e-3	3.326027e-1
2	17	500	7.325044187833993e-2	7.023952893285712e-2	-3.010912945482781e-3	2.941176470588235e-2	9.990346926292633e-2	7.049170455704398e-2	-2.521756e-4	2.521756e-1	2.758737e-3	2.758737e0
2	17	1000	7.338770012684753e-2	7.036542307310562e-2	-3.022277053741980e-3	2.941176470588235e-2	9.990346926292633e-2	7.049170455704398e-2	-1.262815e-4	2.525630e-1	2.895996e-3	5.791991e0
2	17	5000	7.349752355305193e-2	7.046646002447302e-2	-3.031063528579066e-3	2.941176470588235e-2	9.990346926292633e-2	7.049170455704398e-2	-2.524453e-5	2.524453e-1	3.005819e-3	3.005819e1
2	17	10000	7.351124830450485e-2	7.047908148723553e-2	-3.032166817269463e-3	2.941176470588235e-2	9.990346926292633e-2	7.049170455704398e-2	-1.262307e-5	2.524614e-1	3.019544e-3	6.039087e1
2	17	50000	7.352222960238887e-2	7.048918003375984e-2	-3.033049568628683e-3	2.941176470588235e-2	9.990346926292633e-2	7.049170455704398e-2	-2.524523e-6	2.524523e-1	3.030525e-3	3.030525e2
2	17	100000	7.352360217052138e-2	7.049044230207765e-2	-3.033159868443294e-3	2.941176470588235e-2	9.990346926292633e-2	7.049170455704398e-2	-1.262255e-6	2.524510e-1	3.031898e-3	6.063795e2
3	17	100	6.197274420740654e-2	5.756096875654772e-2	-4.411775450858814e-3	3.921568627450980e-2	9.761792663785623e-2	5.840224036334643e-2	-8.412716e-4	2.523815e-1	3.570504e-3	1.071151e0
3	17	500	6.275530633129289e-2	5.823448976122111e-2	-4.520816570071783e-3	3.921568627450980e-2	9.761792663785623e-2	5.840224036334643e-2	-1.677506e-4	2.516259e-1	4.353066e-3	6.529599e0
3	17	1000	6.285333040834190e-2	5.831832423906545e-2	-4.535006169276552e-3	3.921568627450980e-2	9.761792663785623e-2	5.840224036334643e-2	-8.391612e-5	2.517484e-1	4.451090e-3	1.335327e1
3	17	5000	6.293174296074969e-2	5.838546450292991e-2	-4.546278457819963e-3	3.921568627450980e-2	9.761792663785623e-2	5.840224036334643e-2	-1.677586e-5	2.516379e-1	4.529503e-3	6.794254e1
3	17	10000	6.294154741973189e-2	5.839385268353955e-2	-4.547694736192790e-3	3.921568627450980e-2	9.761792663785623e-2	5.840224036334643e-2	-8.387680e-6	2.516304e-1	4.539307e-3	1.361792e2
3	17	50000	6.294939085107863e-2	5.840056279864052e-2	-4.548828052439683e-3	3.921568627450980e-2	9.761792663785623e-2	5.840224036334643e-2	-1.677565e-6	2.516347e-1	4.547150e-3	6.820726e2
3	17	100000	6.295037126725263e-2	5.840140158894674e-2	-4.548969678309711e-3	3.921568627450980e-2	9.761792663785623e-2	5.840224036334643e-2	-8.387744e-7	2.516323e-1	4.548131e-3	1.364439e3
4	17	100	5.704814666986755e-2	4.940476342140096e-2	-7.643383248466584e-3	4.411764705882353e-2	9.415258011696510e-2	5.003493305814157e-2	-6.301696e-4	2.520679e-1	7.013214e-3	2.805285e0
4	17	500	5.767544839697066e-2	4.990933148232665e-2	-7.766116914643984e-3	4.411764705882353e-2	9.415258011696510e-2	5.003493305814157e-2	-1.256016e-4	2.512032e-1	7.640515e-3	1.528103e1
4	17	1000	5.775390311990392e-2	4.997211245437672e-2	-7.781790665527172e-3	4.411764705882353e-2	9.415258011696510e-2	5.003493305814157e-2	-6.282060e-5	2.512824e-1	7.718970e-3	3.087588e1
4	17	5000	5.781662424410750e-2	5.002237169146911e-2	-7.794252552638280e-3	4.411764705882353e-2	9.415258011696510e-2	5.003493305814157e-2	-1.256137e-5	2.512273e-1	7.781691e-3	1.556338e2
4	17	10000	5.782446899824487e-2	5.002865300450898e-2	-7.795815993735727e-3	4.411764705882353e-2	9.415258011696510e-2	5.003493305814157e-2	-6.280054e-6	2.512021e-1	7.789536e-3	3.115814e2
4	17	50000	5.783074363759760e-2	5.003367693602043e-2	-7.797066701576616e-3	4.411764705882353e-2	9.415258011696510e-2	5.003493305814157e-2	-1.256122e-6	2.512244e-1	7.795811e-3	1.559162e3
4	17	100000	5.783152796970630e-2	5.003430499386465e-2	-7.797222975841087e-3	4.411764705882353e-2	9.415258011696510e-2	5.003493305814157e-2	-6.280643e-7	2.512257e-1	7.796595e-3	3.118638e3
5	17	100	5.132384124296344e-2	4.259211289573701e-2	-8.731728347226431e-3	4.705882352941176e-2	9.015429045486339e-2	4.309546692545163e-2	-5.033540e-4	2.516770e-1	8.228374e-3	4.114187e0
5	17	500	5.185479862895206e-2	4.299515569930858e-2	-8.859642929643441e-3	4.705882352941176e-2	9.015429045486339e-2	4.309546692545163e-2	-1.003112e-4	2.507781e-1	8.759332e-3	2.189833e1
5	17	1000	5.192140360245867e-2	4.304527576877681e-2	-8.876127833681845e-3	4.705882352941176e-2	9.015429045486339e-2	4.309546692545163e-2	-5.019116e-5	2.509558e-1	8.825937e-3	4.412968e1
5	17	5000	5.197467624745045e-2	4.308542790568674e-2	-8.889248341763781e-3	4.705882352941176e-2	9.015429045486339e-2	4.309546692545163e-2	-1.003902e-5	2.509755e-1	8.879209e-3	2.219802e2
5	17	10000	5.198134411934237e-2	4.309044738548184e-2	-8.890896733860508e-3	4.705882352941176e-2	9.015429045486339e-2	4.309546692545163e-2	-5.019540e-6	2.509770e-1	8.885877e-3	4.442939e2
5	17	50000	5.198667714444087e-2	4.309446301713771e-2	-8.892214127303304e-3	4.705882352941176e-2	9.015429045486339e-2	4.309546692545163e-2	-1.003908e-6	2.509771e-1	8.891210e-3	2.222803e3
5	17	100000	5.198734381551937e-2	4.309496496569853e-2	-8.892378849820755e-3	4.705882352941176e-2	9.015429045486339e-2	4.309546692545163e-2	-5.019598e-7	2.509799e-1	8.891877e-3	4.445938e3
6	17	100	4.461958697893952e-2	3.781827341513518e-2	-6.801313563804329e-3	4.901960784313725e-2	8.725666937286533e-2	3.823706152972808e-2	-4.187881e-4	2.512729e-1	6.382525e-3	3.829515e0
6	17	500	4.508464664923810e-2	3.815345806557417e-2	-6.931188583663891e-3	4.901960784313725e-2	8.725666937286533e-2	3.823706152972808e-2	-8.360346e-5	2.508104e-1	6.847585e-3	2.054276e1
6	17	1000	4.514355796148479e-2	3.819527603471992e-2	-6.948281926764815e-3	4.901960784313725e-2	8.725666937286533e-2	3.823706152972808e-2	-4.178550e-5	2.507130e-1	6.906496e-3	4.143898e1
6	17	5000	4.519060083280261e-2	3.822870142864753e-2	-6.961899404155030e-3	4.901960784313725e-2	8.725666937286533e-2	3.823706152972808e-2	-8.360101e-6	2.508030e-1	6.953539e-3	2.086062e2
6	17	10000	4.519648284175024e-2	3.823288130165422e-2	-6.963601540095883e-3	4.901960784313725e-2	8.725666937286533e-2	3.823706152972808e-2	-4.180228e-6	2.508137e-1	6.959421e-3	4.175653e2
6	17	50000	4.520118881612757e-2	3.823622548220603e-2	-6.964963333921147e-3	4.901960784313725e-2	8.725666937286533e-2	3.823706152972808e-2	-8.360475e-7	2.508143e-1	6.964127e-3	2.089238e3
6	17	100000	4.520177704210752e-2	3.823664350269256e-2	-6.965133539414332e-3	4.901960784313725e-2	8.725666937286533e-2	3.823706152972808e-2	-4.180270e-7	2.508162e-1	6.964716e-3	4.178829e3
7	17	100	4.408631124978358e-2	3.260521613706118e-2	-1.148109511272242e-2	5.042016806722689e-2	8.338370457076312e-2	3.296353650353623e-2	-3.583204e-4	2.508243e-1	1.112277e-2	7.785942e0
7	17	500	4.450762947227488e-2	3.289198301434303e-2	-1.161564645793183e-2	5.042016806722689e-2	8.338370457076312e-2	3.296353650353623e-2	-7.155349e-5	2.504372e-1	1.154409e-2	4.040433e1
7	17	1000	4.456093276938064e-2	3.292773006125581e-2	-1.163320270812486e-2	5.042016806722689e-2	8.338370457076312e-2	3.296353650353623e-2	-3.580644e-5	2.506451e-1	1.159740e-2	8.118177e1
7	17	5000	4.460348649072560e-2	3.295637433457813e-2	-1.164711215614752e-2	5.042016806722689e-2	8.338370457076312e-2	3.296353650353623e-2	-7.162169e-6	2.506759e-1	1.163995e-2	4.073982e2
7	17	10000	4.460880889222642e-2	3.295995509411148e-2	-1.164885379811487e-2	5.042016806722689e-2	8.338370457076312e-2	3.296353650353623e-2	-3.581409e-6	2.506987e-1	1.164527e-2	8.151691e2
7	17	50000	4.461306658180989e-2	3.296282021770754e-2	-1.165024636410231e-2	5.042016806722689e-2	8.338370457076312e-2	3.296353650353623e-2	-7.162858e-7	2.507000e-1	1.164953e-2	4.077336e3
7	17	100000	4.461359878566082e-2	3.296317836041557e-2	-1.165042042524507e-2	5.042016806722689e-2	8.338370457076312e-2	3.296353650353623e-2	-3.581431e-7	2.507002e-1	1.165006e-2	8.155044e3
8	17	100	4.495038547493276e-2	3.023809920588992e-2	-1.471228626904282e-2	5.147058823529412e-2	8.202168939566211e-2	3.055110116036799e-2	-3.130020e-4	2.504016e-1	1.439928e-2	1.151943e1
8	17	500	4.534080834855417e-2	3.048846057584879e-2	-1.485234777270542e-2	5.147058823529412e-2	8.202168939566211e-2	3.055110116036799e-2	-6.264058e-5	2.505623e-1	1.478971e-2	5.915883e1
8	17	1000	4.538971145894451e-2	3.051976709867415e-2	-1.486994436027052e-2	5.147058823529412e-2	8.202168939566211e-2	3.055110116036799e-2	-3.133406e-5	2.506725e-1	1.483861e-2	1.187089e2
8	17	5000	4.542891582939351e-2	3.054483673144407e-2	-1.488407909794958e-2	5.147058823529412e-2	8.202168939566211e-2	3.055110116036799e-2	-6.264429e-6	2.505772e-1	1.487781e-2	5.951126e2
8	17	10000	4.543381907704827e-2	3.054796871953127e-2	-1.488585035751707e-2	5.147058823529412e-2	8.202168939566211e-2	3.055110116036799e-2	-3.132441e-6	2.505953e-1	1.488272e-2	1.190617e3
8	17	50000	4.543774072962841e-2	3.055047463163761e-2	-1.488726609799092e-2	5.147058823529412e-2	8.202168939566211e-2	3.055110116036799e-2	-6.265287e-7	2.506115e-1	1.488664e-2	5.954656e3
8	17	100000	4.543823092864872e-2	3.055078789613908e-2	-1.488744303250999e-2	5.147058823529412e-2	8.202168939566211e-2	3.055110116036799e-2	-3.132642e-7	2.506114e-1	1.488713e-2	1.190970e4
9	17	100	3.479394651345948e-2	2.664033560010752e-2	-8.153610913351938e-3	5.228758169934641e-2	7.920570419245916e-2	2.691812249311275e-2	-2.777869e-4	2.500082e-1	7.875824e-3	7.088242e0
9	17	500	3.515776352528034e-2	2.686248190456713e-2	-8.295281620713154e-3	5.228758169934641e-2	7.920570419245916e-2	2.691812249311275e-2	-5.564059e-5	2.503826e-1	8.239641e-3	3.707838e1
9	17	1000	3.520360777368095e-2	2.689027581149627e-2	-8.313331962184615e-3	5.228758169934641e-2	7.920570419245916e-2	2.691812249311275e-2	-2.784668e-5	2.506201e-1	8.285485e-3	7.456937e1
9	17	5000	3.524018463385704e-2	2.691255542032524e-2	-8.327629213531784e-3	5.228758169934641e-2	7.920570419245916e-2	2.691812249311275e-2	-5.567073e-6	2.505183e-1	8.322062e-3	3.744928e2
9	17	10000	3.524475886508720e-2	2.691533878557747e-2	-8.329420079509630e-3	5.228758169934641e-2	7.920570419245916e-2	2.691812249311275e-2	-2.783708e-6	2.505337e-1	8.326636e-3	7.493973e2
9	17	50000	3.524841890418015e-2	2.691756573107766e-2	-8.330853173102322e-3	5.228758169934641e-2	7.920570419245916e-2	2.691812249311275e-2	-5.567620e-7	2.505429e-1	8.330296e-3	3.748633e3
9	17	100000	3.524887641937517e-2	2.691784411089083e-2	-8.331032308484032e-3	5.228758169934641e-2	7.920570419245916e-2	2.691812249311275e-2	-2.783822e-7	2.505440e-1	8.330754e-3	7.497679e3
10	17	100	3.641444236721121e-2	2.187220255903075e-2	-1.454223980818044e-2	5.294117647058823e-2	7.506328619597455e-2	2.212210972538631e-2	-2.499072e-4	2.499072e-1	1.429233e-2	1.429233e1
10	17	500	3.675929322100326e-2	2.207203497230546e-2	-1.468725824869779e-2	5.294117647058823e-2	7.506328619597455e-2	2.212210972538631e-2	-5.007475e-5	2.503738e-1	1.463718e-2	7.318592e1
10	17	1000	3.680236322490209e-2	2.209706025401649e-2	-1.470530297088556e-2	5.294117647058823e-2	7.506328619597455e-2	2.212210972538631e-2	-2.504947e-5	2.504947e-1	1.468025e-2	1.468025e2
10	17	5000	3.683685829047807e-2	2.211710009264358e-2	-1.471975819783479e-2	5.294117647058823e-2	7.506328619597455e-2	2.212210972538631e-2	-5.009633e-6	2.504816e-1	1.471475e-2	7.357374e2
10	17	10000	3.684117201565805e-2	2.211960480798801e-2	-1.472156720767048e-2	5.294117647058823e-2	7.506328619597455e-2	2.212210972538631e-2	-2.504917e-6	2.504917e-1	1.471906e-2	1.471906e3
10	17	50000	3.684462299019750e-2	2.212160874805894e-2	-1.472301424213895e-2	5.294117647058823e-2	7.506328619597455e-2	2.212210972538631e-2	-5.009773e-7	2.504887e-1	1.472251e-2	7.361257e3
10	17	100000	3.684505437039358e-2	2.212185923546818e-2	-1.472319513492560e-2	5.294117647058823e-2	7.506328619597455e-2	2.212210972538631e-2	-2.504899e-7	2.504899e-1	1.472294e-2	1.472294e4
11	17	100	3.682100732245090e-2	1.898523799916690e-2	-1.783576932328401e-2	5.347593582887700e-2	7.268846998346885e-2	1.921253415459185e-2	-2.272962e-4	2.500258e-1	1.760847e-2	1.936932e1
11	17	500	3.714895078368429e-2	1.916700912724969e-2	-1.798194165643465e-2	5.347593582887700e-2	7.268846998346885e-2	1.921253415459185e-2	-4.552503e-5	2.503877e-1	1.793642e-2	9.865029e1
11	17	1000	3.718989216961598e-2	1.918977074624031e-2	-1.800012142337578e-2	5.347593582887700e-2	7.268846998346885e-2	1.921253415459185e-2	-2.276341e-5	2.503975e-1	1.797736e-2	1.977509e2
11	17	5000	3.722267121300411e-2	1.920798062970171e-2	-1.801469058330241e-2	5.347593582887700e-2	7.268846998346885e-2	1.921253415459185e-2	-4.553525e-6	2.504439e-1	1.801014e-2	9.905575e2
11	17	10000	3.722677139560595e-2	1.921025743165010e-2	-1.801651396395601e-2	5.347593582887700e-2	7.268846998346885e-2	1.921253415459185e-2	-2.276723e-6	2.504395e-1	1.801424e-2	1.981566e3
11	17	50000	3.723005118889813e-2	1.921207880330060e-2	-1.801797238559784e-2	5.347593582887700e-2	7.268846998346885e-2	1.921253415459185e-2	-4.553513e-7	2.504432e-1	1.801752e-2	9.909634e3
11	17	100000	3.723046117735704e-2	1.921230647770580e-2	-1.801815469965058e-2	5.347593582887700e-2	7.268846998346885e-2	1.921253415459185e-2	-2.276769e-7	2.504446e-1	1.801793e-2	1.981972e4
12	17	100	3.467744968381500e-2	1.642677071142186e-2	-1.825067897239313e-2	5.392156862745098e-2	7.055685025805587e-2	1.663528163060489e-2	-2.085109e-4	2.502131e-1	1.804217e-2	2.165060e1
12	17	500	3.498936211426634e-2	1.659357825192722e-2	-1.839578386233912e-2	5.392156862745098e-2	7.055685025805587e-2	1.663528163060489e-2	-4.170338e-5	2.502203e-1	1.835408e-2	1.101245e2
12	17	1000	3.502859530186601e-2	1.661442089210555e-2	-1.841417440976041e-2	5.392156862745098e-2	7.055685025805587e-2	1.663528163060489e-2	-2.086074e-5	2.503289e-1	1.839331e-2	2.207198e2
12	17	5000	3.505996725855053e-2	1.663110818970321e-2	-1.842885906884752e-2	5.392156862745098e-2	7.055685025805587e-2	1.663528163060489e-2	-4.173441e-6	2.504065e-1	1.842469e-2	1.105481e3
12	17	10000	3.506388848378806e-2	1.663319496972585e-2	-1.843069351406222e-2	5.392156862745098e-2	7.055685025805587e-2	1.663528163060489e-2	-2.086661e-6	2.503993e-1	1.842861e-2	2.211433e3
12	17	50000	3.506702585437024e-2	1.663486428471676e-2	-1.843216156965311e-2	5.392156862745098e-2	7.055685025805587e-2	1.663528163060489e-2	-4.173459e-7	2.504075e-1	1.843174e-2	1.105905e4
12	17	100000	3.506741801049822e-2	1.663507295678743e-2	-1.843234505370960e-2	5.392156862745098e-2	7.055685025805587e-2	1.663528163060489e-2	-2.086738e-7	2.504086e-1	1.843214e-2	2.211856e4
13	17	100	3.419661659547129e-2	1.453374466396197e-2	-1.966287193150933e-2	5.429864253393665e-2	6.902502718188108e-2	1.472638464794443e-2	-1.926400e-4	2.504320e-1	1.947023e-2	2.531130e1
13	17	500	3.449573422523648e-2	1.468786255824430e-2	-1.980787166699218e-2	5.429864253393665e-2	6.902502718188108e-2	1.472638464794443e-2	-3.852209e-5	2.503936e-1	1.976935e-2	1.285008e2
13	17	1000	3.453342685808230e-2	1.470712972431503e-2	-1.982629713376725e-2	5.429864253393665e-2	6.902502718188108e-2	1.472638464794443e-2	-1.925492e-5	2.503140e-1	1.980704e-2	2.574915e2
13	17	5000	3.456357625872555e-2	1.472253280032065e-2	-1.984104345840502e-2	5.429864253393665e-2	6.902502718188108e-2	1.472638464794443e-2	-3.851848e-6	2.503701e-1	1.983719e-2	1.289417e3
13	17	10000	3.456734664686072e-2	1.472445872513657e-2	-1.984288792172434e-2	5.429864253393665e-2	6.902502718188108e-2	1.472638464794443e-2	-1.925923e-6	2.503700e-1	1.984096e-2	2.579325e3
13	17	50000	3.457036318648192e-2	1.472599945224529e-2	-1.984436373423611e-2	5.429864253393665e-2	6.902502718188108e-2	1.472638464794443e-2	-3.851957e-7	2.503772e-1	1.984398e-2	1.289859e4
13	17	100000	3.457074025575009e-2	1.472619205056407e-2	-1.984454820518558e-2	5.429864253393665e-2	6.902502718188108e-2	1.472638464794443e-2	-1.925974e-7	2.503766e-1	1.984436e-2	2.579766e4
14	17	100	3.477359784274127e-2	1.316432555437827e-2	-2.160927228836297e-2	5.462184873949580e-2	6.796520340533177e-2	1.334335466583597e-2	-1.790291e-4	2.506408e-1	2.143024e-2	3.000234e1
14	17	500	3.506288710871980e-2	1.330761887215874e-2	-2.175526823656109e-2	5.462184873949580e-2	6.796520340533177e-2	1.334335466583597e-2	-3.573579e-5	2.501506e-1	2.171953e-2	1.520367e2
14	17	1000	3.509929788640417e-2	1.332547383416363e-2	-2.177382405224061e-2	5.462184873949580e-2	6.796520340533177e-2	1.334335466583597e-2	-1.788083e-5	2.503316e-1	2.175594e-2	3.045832e2
14	17	5000	3.512841138982933e-2	1.333977845043065e-2	-2.178863293939894e-2	5.462184873949580e-2	6.796520340533177e-2	1.334335466583597e-2	-3.576215e-6	2.503351e-1	2.178506e-2	1.524954e3
14	17	10000	3.513205286735491e-2	1.334156643692262e-2	-2.179048643043278e-2	5.462184873949580e-2	6.796520340533177e-2	1.334335466583597e-2	-1.788229e-6	2.503520e-1	2.178870e-2	3.050418e3
14	17	50000	3.513496595867142e-2	1.334299702320266e-2	-2.179196893546964e-2	5.462184873949580e-2	6.796520340533177e-2	1.334335466583597e-2	-3.576426e-7	2.503498e-1	2.179161e-2	1.525413e4
14	17	100000	3.513533010012809e-2	1.334317584503934e-2	-2.179215425508949e-2	5.462184873949580e-2	6.796520340533177e-2	1.334335466583597e-2	-1.788208e-7	2.503491e-1	2.179198e-2	3.050877e4
15	17	100	3.522927773585535e-2	1.248675122058716e-2	-2.274252651526816e-2	5.490196078431372e-2	6.755593484516098e-2	1.265397406084726e-2	-1.672228e-4	2.508343e-1	2.257530e-2	3.386296e1
15	17	500	3.550969698395179e-2	1.262058887293124e-2	-2.288910811102053e-2	5.490196078431372e-2	6.755593484516098e-2	1.265397406084726e-2	-3.338519e-5	2.503889e-1	2.285572e-2	1.714179e2
15	17	1000	3.554498409206601e-2	1.263728295723699e-2	-2.290770113482902e-2	5.490196078431372e-2	6.755593484516098e-2	1.265397406084726e-2	-1.669110e-5	2.503666e-1	2.289101e-2	3.433652e2
15	17	5000	3.557319608225040e-2	1.265063670762723e-2	-2.292255937462327e-2	5.490196078431372e-2	6.755593484516098e-2	1.265397406084726e-2	-3.337353e-6	2.503015e-1	2.291922e-2	1.718942e3
15	17	10000	3.557672571954396e-2	1.265230523924640e-2	-2.292442048029748e-2	5.490196078431372e-2	6.755593484516098e-2	1.265397406084726e-2	-1.668822e-6	2.503232e-1	2.292275e-2	3.438413e3
15	17	50000	3.557954911799113e-2	1.265364029413714e-2	-2.292590882385384e-2	5.490196078431372e-2	6.755593484516098e-2	1.265397406084726e-2	-3.337667e-7	2.503250e-1	2.292558e-2	1.719418e4
15	17	100000	3.557990205750108e-2	1.265380717603679e-2	-2.292609488146427e-2	5.490196078431372e-2	6.755593484516098e-2	1.265397406084726e-2	-1.668848e-7	2.503272e-1	2.292593e-2	3.438889e4
16	17	100	3.648739537750418e-2	1.271012645398248e-2	-2.377726892352171e-2	5.514705882352941e-2	6.801408627070750e-2	1.286702744717809e-2	-1.569010e-4	2.510416e-1	2.362037e-2	3.779259e1
16	17	500	3.676167029669269e-2	1.283576194337072e-2	-2.392590835332204e-2	5.514705882352941e-2	6.801408627070750e-2	1.286702744717809e-2	-3.126550e-5	2.501240e-1	2.389464e-2	1.911571e2
16	17	1000	3.679590047112181e-2	1.285137684039580e-2	-2.394452363072611e-2	5.514705882352941e-2	6.801408627070750e-2	1.286702744717809e-2	-1.565061e-5	2.504097e-1	2.392887e-2	3.828620e2
16	17	5000	3.682333939745702e-2	1.286389908053569e-2	-2.395944031692142e-2	5.514705882352941e-2	6.801408627070750e-2	1.286702744717809e-2	-3.128367e-6	2.502693e-1	2.395631e-2	1.916505e3
16	17	10000	3.682677167111194e-2	1.286546315140216e-2	-2.396130851970980e-2	5.514705882352941e-2	6.801408627070750e-2	1.286702744717809e-2	-1.564296e-6	2.502873e-1	2.395974e-2	3.833559e3
16	17	50000	3.682951674723054e-2	1.286671456915532e-2	-2.396280217807608e-2	5.514705882352941e-2	6.801408627070750e-2	1.286702744717809e-2	-3.128780e-7	2.503024e-1	2.396249e-2	1.916999e4
16	17	100000	3.682985989000114e-2	1.286687100652454e-2	-2.396298888347727e-2	5.514705882352941e-2	6.801408627070750e-2	1.286702744717809e-2	-1.564407e-7	2.503050e-1	2.396283e-2	3.834053e4
1	18	100	8.537304074280380e-2	8.537304074280380e-2	0.000000000000000e0	0.000000000000000e0	8.795169282204596e-2	8.795169282204596e-2	-2.578652e-3	2.578652e-1	-2.578652e-3	2.578652e-1
1	18	500	8.744246844393073e-2	8.744246844393073e-2	0.000000000000000e0	0.000000000000000e0	8.795169282204596e-2	8.795169282204596e-2	-5.092244e-4	2.546122e-1	-5.092244e-4	2.546122e-1
1	18	1000	8.769674314864159e-2	8.769674314864159e-2	0.000000000000000e0	0.000000000000000e0	8.795169282204596e-2	8.795169282204596e-2	-2.549497e-4	2.549497e-1	-2.549497e-4	2.549497e-1
1	18	5000	8.790076743101057e-2	8.790076743101057e-2	0.000000000000000e0	0.000000000000000e0	8.795169282204596e-2	8.795169282204596e-2	-5.092539e-5	2.546270e-1	-5.092539e-5	2.546270e-1
1	18	10000	8.792622666402086e-2	8.792622666402086e-2	0.000000000000000e0	0.000000000000000e0	8.795169282204596e-2	8.795169282204596e-2	-2.546616e-5	2.546616e-1	-2.546616e-5	2.546616e-1
1	18	50000	8.794660023498893e-2	8.794660023498893e-2	0.000000000000000e0	0.000000000000000e0	8.795169282204596e-2	8.795169282204596e-2	-5.092587e-6	2.546294e-1	-5.092587e-6	2.546294e-1
1	18	100000	8.794914649380718e-2	8.794914649380718e-2	0.000000000000000e0	0.000000000000000e0	8.795169282204596e-2	8.795169282204596e-2	-2.546328e-6	2.546328e-1	-2.546328e-6	2.546328e-1
5	18	100	4.915603992109523e-2	4.176173461859754e-2	-7.394305302497677e-3	4.444444444444445e-2	8.670687103698357e-2	4.226242659253913e-2	-5.006920e-4	2.503460e-1	6.893613e-3	3.446807e0
5	18	500	4.967995075015492e-2	4.216216328589718e-2	-7.517787464257708e-3	4.444444444444445e-2	8.670687103698357e-2	4.226242659253913e-2	-1.002633e-4	2.506583e-1	7.417524e-3	1.854381e1
5	18	1000	4.974567213070142e-2	4.221225306707731e-2	-7.533419063624060e-3	4.444444444444445e-2	8.670687103698357e-2	4.226242659253913e-2	-5.017353e-5	2.508676e-1	7.483246e-3	3.741623e1
5	18	5000	4.979824390464602e-2	4.225239062656354e-2	-7.545853278082483e-3	4.444444444444445e-2	8.670687103698357e-2	4.226242659253913e-2	-1.003597e-5	2.508991e-1	7.535817e-3	1.883954e2
5	18	10000	4.980481778435097e-2	4.225740819068004e-2	-7.547409593671097e-3	4.444444444444445e-2	8.670687103698357e-2	4.226242659253913e-2	-5.018402e-6	2.509201e-1	7.542391e-3	3.771196e2
5	18	50000	4.981007683479133e-2	4.226142289954588e-2	-7.548653935245076e-3	4.444444444444445e-2	8.670687103698357e-2	4.226242659253913e-2	-1.003693e-6	2.509232e-1	7.547650e-3	1.886913e3
5	18	100000	4.981073424025381e-2	4.226192474185363e-2	-7.548809498400705e-3	4.444444444444445e-2	8.670687103698357e-2	4.226242659253913e-2	-5.018507e-7	2.509253e-1	7.548308e-3	3.774154e3
7	18	100	4.287424021559475e-2	3.233178781581683e-2	-1.054245239977792e-2	4.761904761904762e-2	8.030724219940748e-2	3.268819458035986e-2	-3.564068e-4	2.494847e-1	1.018605e-2	7.130232e0
7	18	500	4.329171988214646e-2	3.261656879952547e-2	-1.067515108262093e-2	4.761904761904762e-2	8.030724219940748e-2	3.268819458035986e-2	-7.162578e-5	2.506902e-1	1.060353e-2	3.711234e1
7	18	1000	4.334395017878231e-2	3.265240254417728e-2	-1.069154763460496e-2	4.761904761904762e-2	8.030724219940748e-2	3.268819458035986e-2	-3.579204e-5	2.505443e-1	1.065576e-2	7.459029e1
7	18	5000	4.338574346431537e-2	3.268103274417856e-2	-1.070471072013677e-2	4.761904761904762e-2	8.030724219940748e-2	3.268819458035986e-2	-7.161836e-6	2.506643e-1	1.069755e-2	3.744142e2
7	18	10000	4.339096815293791e-2	3.268461387080654e-2	-1.070635428213143e-2	4.761904761904762e-2	8.030724219940748e-2	3.268819458035986e-2	-3.580710e-6	2.506497e-1	1.070277e-2	7.491942e2
7	18	50000	4.339514799003218e-2	3.268747840417360e-2	-1.070766958585785e-2	4.761904761904762e-2	8.030724219940748e-2	3.268819458035986e-2	-7.161762e-7	2.506617e-1	1.070695e-2	3.747434e3
7	18	100000	4.339567047501822e-2	3.268783649435181e-2	-1.070783398066624e-2	4.761904761904762e-2	8.030724219940748e-2	3.268819458035986e-2	-3.580860e-7	2.506602e-1	1.070748e-2	7.495233e3
11	18	100	3.389808686773614e-2	1.943420456049646e-2	-1.446388230723967e-2	5.050505050505050e-2	7.016648961462582e-2	1.966143910957532e-2	-2.272345e-4	2.499580e-1	1.423665e-2	1.566031e1
11	18	500	3.421684964593608e-2	1.961591592627405e-2	-1.460093371966200e-2	5.050505050505050e-2	7.016648961462582e-2	1.966143910957532e-2	-4.552318e-5	2.503775e-1	1.455541e-2	8.005476e1
11	18	1000	3.425675623538196e-2	1.963867772456304e-2	-1.461807851081888e-2	5.050505050505050e-2	7.016648961462582e-2	1.966143910957532e-2	-2.276139e-5	2.503752e-1	1.459532e-2	1.605485e2
11	18	5000	3.428873148547301e-2	1.965688608163302e-2	-1.463184540384003e-2	5.050505050505050e-2	7.016648961462582e-2	1.966143910957532e-2	-4.553028e-6	2.504165e-1	1.462729e-2	8.045011e2
11	18	10000	3.429272903220911e-2	1.965916259759553e-2	-1.463356643461351e-2	5.050505050505050e-2	7.016648961462582e-2	1.966143910957532e-2	-2.276512e-6	2.504163e-1	1.463129e-2	1.609442e3
11	18	50000	3.429592757230778e-2	1.966098379968170e-2	-1.463494377262621e-2	5.050505050505050e-2	7.016648961462582e-2	1.966143910957532e-2	-4.553099e-7	2.504204e-1	1.463449e-2	8.048969e3
11	18	100000	3.429632739625628e-2	1.966121145464867e-2	-1.463511594160792e-2	5.050505050505050e-2	7.016648961462582e-2	1.966143910957532e-2	-2.276549e-7	2.504204e-1	1.463489e-2	1.609838e4
13	18	100	3.286295672682960e-2	1.493961993702706e-2	-1.792333678980255e-2	5.128205128205128e-2	6.641430417693647e-2	1.513225289488519e-2	-1.926330e-4	2.504228e-1	1.773070e-2	2.304991e1
13	18	500	3.315597165611907e-2	1.509374671281347e-2	-1.806222494330562e-2	5.128205128205128e-2	6.641430417693647e-2	1.513225289488519e-2	-3.850618e-5	2.502902e-1	1.802372e-2	1.171542e2
13	18	1000	3.319258532209005e-2	1.511299418500474e-2	-1.807959113708536e-2	5.128205128205128e-2	6.641430417693647e-2	1.513225289488519e-2	-1.925871e-5	2.503632e-1	1.806033e-2	2.347843e2
13	18	5000	3.322192546670604e-2	1.512840136359274e-2	-1.809352410311352e-2	5.128205128205128e-2	6.641430417693647e-2	1.513225289488519e-2	-3.851531e-6	2.503495e-1	1.808967e-2	1.175829e3
13	18	10000	3.322559288485458e-2	1.513032707303996e-2	-1.809526581181465e-2	5.128205128205128e-2	6.641430417693647e-2	1.513225289488519e-2	-1.925822e-6	2.503568e-1	1.809334e-2	2.352134e3
13	18	50000	3.322852731166601e-2	1.513186773262945e-2	-1.809665957903672e-2	5.128205128205128e-2	6.641430417693647e-2	1.513225289488519e-2	-3.851623e-7	2.503555e-1	1.809627e-2	1.176258e4
13	18	100000	3.322889411405147e-2	1.513206031319532e-2	-1.809683380085707e-2	5.128205128205128e-2	6.641430417693647e-2	1.513225289488519e-2	-1.925817e-7	2.503562e-1	1.809664e-2	2.352563e4
17	18	100	3.456621154773279e-2	1.205117606573645e-2	-2.251503548199631e-2	5.228758169934641e-2	6.448608268576655e-2	1.219850098642015e-2	-1.473249e-4	2.504524e-1	2.236771e-2	3.802511e1
17	18	500	3.482264216684663e-2	1.216902857582061e-2	-2.265361359102595e-2	5.228758169934641e-2	6.448608268576655e-2	1.219850098642015e-2	-2.947241e-5	2.505155e-1	2.262414e-2	1.923052e2
17	18	1000	3.485501333482577e-2	1.218377761671932e-2	-2.267123571810630e-2	5.228758169934641e-2	6.448608268576655e-2	1.219850098642015e-2	-1.472337e-5	2.502973e-1	2.265651e-2	3.851607e2
17	18	5000	3.488091077408257e-2	1.219555632026575e-2	-2.268535445381667e-2	5.228758169934641e-2	6.448608268576655e-2	1.219850098642015e-2	-2.944666e-6	2.502966e-1	2.268241e-2	1.928005e3
17	18	10000	3.488415116240234e-2	1.219702878115706e-2	-2.268712238124560e-2	5.228758169934641e-2	6.448608268576655e-2	1.219850098642015e-2	-1.472205e-6	2.502749e-1	2.268565e-2	3.856561e3
17	18	50000	3.488674347003656e-2	1.219820654552596e-2	-2.268853692451091e-2	5.228758169934641e-2	6.448608268576655e-2	1.219850098642015e-2	-2.944409e-7	2.502748e-1	2.268824e-2	1.928501e4
17	18	100000	3.488706754059660e-2	1.219835376725053e-2	-2.268871377334589e-2	5.228758169934641e-2	6.448608268576655e-2	1.219850098642015e-2	-1.472192e-7	2.502726e-1	2.268857e-2	3.857056e4
1	19	100	8.217456144049286e-2	8.217456144049286e-2	0.000000000000000e0	0.000000000000000e0	8.472439474188743e-2	8.472439474188743e-2	-2.549833e-3	2.549833e-1	-2.549833e-3	2.549833e-1
1	19	500	8.421487082383766e-2	8.421487082383766e-2	0.000000000000000e0	0.000000000000000e0	8.472439474188743e-2	8.472439474188743e-2	-5.095239e-4	2.547620e-1	-5.095239e-4	2.547620e-1
1	19	1000	8.446973512898531e-2	8.446973512898531e-2	0.000000000000000e0	0.000000000000000e0	8.472439474188743e-2	8.472439474188743e-2	-2.546596e-4	2.546596e-1	-2.546596e-4	2.546596e-1
1	19	5000	8.467352564052780e-2	8.467352564052780e-2	0.000000000000000e0	0.000000000000000e0	8.472439474188743e-2	8.472439474188743e-2	-5.086910e-5	2.543455e-1	-5.086910e-5	2.543455e-1
1	19	10000	8.469895421804595e-2	8.469895421804595e-2	0.000000000000000e0	0.000000000000000e0	8.472439474188743e-2	8.472439474188743e-2	-2.544052e-5	2.544052e-1	-2.544052e-5	2.544052e-1
1	19	50000	8.471930689275756e-2	8.471930689275756e-2	0.000000000000000e0	0.000000000000000e0	8.472439474188743e-2	8.472439474188743e-2	-5.087849e-6	2.543925e-1	-5.087849e-6	2.543925e-1
1	19	100000	8.472185090241854e-2	8.472185090241854e-2	0.000000000000000e0	0.000000000000000e0	8.472439474188743e-2	8.472439474188743e-2	-2.543839e-6	2.543839e-1	-2.543839e-6	2.543839e-1
2	19	100	6.708097170499419e-2	6.474244093679879e-2	-2.338530768195389e-3	2.631578947368421e-2	9.232530883742561e-2	6.600951936374140e-2	-1.267078e-3	2.534157e-1	1.071452e-3	2.142905e-1
2	19	500	6.817897836617676e-2	6.575717359311127e-2	-2.421804773065465e-3	2.631578947368421e-2	9.232530883742561e-2	6.600951936374140e-2	-2.523458e-4	2.523458e-1	2.169459e-3	2.169459e0
2	19	1000	6.831535957498985e-2	6.588338875273164e-2	-2.431970822258225e-3	2.631578947368421e-2	9.232530883742561e-2	6.600951936374140e-2	-1.261306e-4	2.522612e-1	2.305840e-3	4.611680e0
2	19	5000	6.842409184388651e-2	6.598429894907286e-2	-2.439792894813558e-3	2.631578947368421e-2	9.232530883742561e-2	6.600951936374140e-2	-2.522041e-5	2.522041e-1	2.414572e-3	2.414572e1
2	19	10000	6.843768958111436e-2	6.599690933614502e-2	-2.440780244969188e-3	2.631578947368421e-2	9.232530883742561e-2	6.600951936374140e-2	-1.261003e-5	2.522006e-1	2.428170e-3	4.856340e1
2	19	50000	6.844856776378266e-2	6.600699744773772e-2	-2.441570316044909e-3	2.631578947368421e-2	9.232530883742561e-2	6.600951936374140e-2	-2.521916e-6	2.521916e-1	2.439048e-3	2.439048e2
2	19	100000	6.844992736093269e-2	6.600825839603587e-2	-2.441668964896852e-3	2.631578947368421e-2	9.232530883742561e-2	6.600951936374140e-2	-1.260968e-6	2.521935e-1	2.440408e-3	4.880816e2
3	19	100	5.876434318055932e-2	5.440305112452468e-2	-4.361292056034637e-3	3.508771929824561e-2	9.032571059640081e-2	5.523799129815520e-2	-8.349402e-4	2.504821e-1	3.526352e-3	1.057906e0
3	19	500	5.954002447047062e-2	5.507074559631742e-2	-4.469278874153200e-3	3.508771929824561e-2	9.032571059640081e-2	5.523799129815520e-2	-1.672457e-4	2.508686e-1	4.302033e-3	6.453050e0
3	19	1000	5.963650009061464e-2	5.515423249727627e-2	-4.482267593338366e-3	3.508771929824561e-2	9.032571059640081e-2	5.523799129815520e-2	-8.375880e-5	2.512764e-1	4.398509e-3	1.319553e1
3	19	5000	5.971363814010586e-2	5.522122644423332e-2	-4.492411695872561e-3	3.508771929824561e-2	9.032571059640081e-2	5.523799129815520e-2	-1.676485e-5	2.514728e-1	4.475647e-3	6.713470e1
3	19	10000	5.972328989338523e-2	5.522961022114774e-2	-4.493679672237553e-3	3.508771929824561e-2	9.032571059640081e-2	5.523799129815520e-2	-8.381077e-6	2.514323e-1	4.485299e-3	1.345590e2
3	19	50000	5.973100901996247e-2	5.523631488704349e-2	-4.494694132919533e-3	3.508771929824561e-2	9.032571059640081e-2	5.523799129815520e-2	-1.676411e-6	2.514617e-1	4.493018e-3	6.739527e2
3	19	100000	5.973197392259582e-2	5.523715308972466e-2	-4.494820832871838e-3	3.508771929824561e-2	9.032571059640081e-2	5.523799129815520e-2	-8.382084e-7	2.514625e-1	4.493983e-3	1.348195e3
4	19	100	5.136065759322857e-2	4.701556740737070e-2	-4.345090185857895e-3	3.947368421052631e-2	8.711274654088799e-2	4.763906233036168e-2	-6.234949e-4	2.493980e-1	3.721595e-3	1.488638e0
4	19	500	5.196986269606426e-2	4.751352885696037e-2	-4.456333839103916e-3	3.947368421052631e-2	8.711274654088799e-2	4.763906233036168e-2	-1.255335e-4	2.510669e-1	4.330800e-3	8.661601e0
4	19	1000	5.204661929450764e-2	4.757626877361789e-2	-4.470350520889742e-3	3.947368421052631e-2	8.711274654088799e-2	4.763906233036168e-2	-6.279356e-5	2.511742e-1	4.407557e-3	1.763023e1
4	19	5000	5.210804081302937e-2	4.762650763148798e-2	-4.481533181541326e-3	3.947368421052631e-2	8.711274654088799e-2	4.763906233036168e-2	-1.255470e-5	2.510940e-1	4.468978e-3	8.937957e1
4	19	10000	5.211571694144778e-2	4.763278495378251e-2	-4.482931987665113e-3	3.947368421052631e-2	8.711274654088799e-2	4.763906233036168e-2	-6.277377e-6	2.510951e-1	4.476655e-3	1.790662e2
4	19	50000	5.212185734746910e-2	4.763780684242350e-2	-4.484050505045374e-3	3.947368421052631e-2	8.711274654088799e-2	4.763906233036168e-2	-1.255488e-6	2.510976e-1	4.482795e-3	8.965590e2
4	19	100000	5.212262488902718e-2	4.763843458944851e-2	-4.484190299578065e-3	3.947368421052631e-2	8.711274654088799e-2	4.763906233036168e-2	-6.277409e-7	2.510964e-1	4.483563e-3	1.793425e3
5	19	100	4.629440666616667e-2	4.133638532822941e-2	-4.958021337937273e-3	4.210526315789474e-2	8.394298176022488e-2	4.183771860233015e-2	-5.013333e-4	2.506666e-1	4.456688e-3	2.228344e0
5	19	500	4.681433526321427e-2	4.173737961463791e-2	-5.076955648576334e-3	4.210526315789474e-2	8.394298176022488e-2	4.183771860233015e-2	-1.003390e-4	2.508475e-1	4.976617e-3	1.244154e1
5	19	1000	4.687937823457852e-2	4.178754448738831e-2	-5.091833747190207e-3	4.210526315789474e-2	8.394298176022488e-2	4.183771860233015e-2	-5.017411e-5	2.508706e-1	5.041660e-3	2.520830e1
5	19	5000	4.693127494071861e-2	4.182768435635068e-2	-5.103590584367951e-3	4.210526315789474e-2	8.394298176022488e-2	4.183771860233015e-2	-1.003425e-5	2.508561e-1	5.093556e-3	1.273389e2
5	19	10000	4.693776585205436e-2	4.183270108795745e-2	-5.105064764096849e-3	4.210526315789474e-2	8.394298176022488e-2	4.183771860233015e-2	-5.017514e-6	2.508757e-1	5.100047e-3	2.550024e2
5	19	50000	4.694295907652354e-2	4.183671510492646e-2	-5.106243971596746e-3	4.210526315789474e-2	8.394298176022488e-2	4.183771860233015e-2	-1.003497e-6	2.508744e-1	5.105240e-3	1.276310e3
5	19	100000	4.694360820301641e-2	4.183721685004874e-2	-5.106391352966598e-3	4.210526315789474e-2	8.394298176022488e-2	4.183771860233015e-2	-5.017523e-7	2.508761e-1	5.105890e-3	2.552945e3
6	19	100	4.629561529013388e-2	3.690923078854859e-2	-9.386384501585306e-3	4.385964912280702e-2	8.118611512916352e-2	3.732646600635650e-2	-4.172352e-4	2.503411e-1	8.969149e-3	5.381490e0
6	19	500	4.675255469729984e-2	3.724301119656381e-2	-9.509543500736066e-3	4.385964912280702e-2	8.118611512916352e-2	3.732646600635650e-2	-8.345481e-5	2.503644e-1	9.426089e-3	2.827827e1
6	19	1000	4.680958897511087e-2	3.728468478145361e-2	-9.524904193657332e-3	4.385964912280702e-2	8.118611512916352e-2	3.732646600635650e-2	-4.178122e-5	2.506873e-1	9.483123e-3	5.689874e1
6	19	5000	4.685517773934687e-2	3.731810971221667e-2	-9.537068027130403e-3	4.385964912280702e-2	8.118611512916352e-2	3.732646600635650e-2	-8.356294e-6	2.506888e-1	9.528712e-3	2.858614e2
6	19	10000	4.686088065647193e-2	3.732228746165893e-2	-9.538593194813266e-3	4.385964912280702e-2	8.118611512916352e-2	3.732646600635650e-2	-4.178545e-6	2.507127e-1	9.534415e-3	5.720649e2
6	19	50000	4.686544204787248e-2	3.732563023318407e-2	-9.539811814688460e-3	4.385964912280702e-2	8.118611512916352e-2	3.732646600635650e-2	-8.357732e-7	2.507320e-1	9.538976e-3	2.861693e3
6	19	100000	4.686601221081099e-2	3.732604812488007e-2	-9.539964085930351e-3	4.385964912280702e-2	8.118611512916352e-2	3.732646600635650e-2	-4.178815e-7	2.507289e-1	9.539546e-3	5.723728e3
7	19	100	4.043536499713961e-2	3.220071430547890e-2	-8.234650691660706e-3	4.511278195488722e-2	7.766991833395850e-2	3.255713637907129e-2	-3.564221e-4	2.494955e-1	7.878229e-3	5.514760e0
7	19	500	4.084807142646624e-2	3.248552777797881e-2	-8.362543648487474e-3	4.511278195488722e-2	7.766991833395850e-2	3.255713637907129e-2	-7.160860e-5	2.506301e-1	8.290935e-3	2.901827e1
7	19	1000	4.089941645502398e-2	3.252133306698118e-2	-8.378083388042796e-3	4.511278195488722e-2	7.766991833395850e-2	3.255713637907129e-2	-3.580331e-5	2.506232e-1	8.342280e-3	5.839596e1
7	19	5000	4.094051334340781e-2	3.254997607172736e-2	-8.390537271680390e-3	4.511278195488722e-2	7.766991833395850e-2	3.255713637907129e-2	-7.160307e-6	2.506108e-1	8.383377e-3	2.934182e2
7	19	10000	4.094565088679485e-2	3.255355599663087e-2	-8.392094890164053e-3	4.511278195488722e-2	7.766991833395850e-2	3.255713637907129e-2	-3.580382e-6	2.506268e-1	8.388515e-3	5.871960e2
7	19	50000	4.094976107682276e-2	3.255642030915706e-2	-8.393340767665704e-3	4.511278195488722e-2	7.766991833395850e-2	3.255713637907129e-2	-7.160699e-7	2.506245e-1	8.392625e-3	2.937419e3
7	19	100000	4.095027484774974e-2	3.255677834224834e-2	-8.393496505501703e-3	4.511278195488722e-2	7.766991833395850e-2	3.255713637907129e-2	-3.580368e-7	2.506258e-1	8.393138e-3	5.875197e3
8	19	100	3.975529699961819e-2	2.863166448805243e-2	-1.112363251156578e-2	4.605263157894737e-2	7.499689400754969e-2	2.894426242860233e-2	-3.125979e-4	2.500784e-1	1.081103e-2	8.648828e0
8	19	500	4.013151029592480e-2	2.888161982087290e-2	-1.124989047505195e-2	4.605263157894737e-2	7.499689400754969e-2	2.894426242860233e-2	-6.264261e-5	2.505704e-1	1.118725e-2	4.474899e1
8	19	1000	4.017874022940331e-2	2.891295392309503e-2	-1.126578630630835e-2	4.605263157894737e-2	7.499689400754969e-2	2.894426242860233e-2	-3.130851e-5	2.504680e-1	1.123448e-2	8.987582e1
8	19	5000	4.021643413597782e-2	2.893799878214798e-2	-1.127843535382982e-2	4.605263157894737e-2	7.499689400754969e-2	2.894426242860233e-2	-6.263646e-6	2.505459e-1	1.127217e-2	4.508869e2
8	19	10000	4.022114853825747e-2	2.894113056165546e-2	-1.128001797660209e-2	4.605263157894737e-2	7.499689400754969e-2	2.894426242860233e-2	-3.131867e-6	2.505494e-1	1.127689e-2	9.021509e2
8	19	50000	4.022492061153176e-2	2.894363605757735e-2	-1.128128455395445e-2	4.605263157894737e-2	7.499689400754969e-2	2.894426242860233e-2	-6.263710e-7	2.505484e-1	1.128066e-2	4.512263e3
8	19	100000	4.022539209733239e-2	2.894394924344459e-2	-1.128144285388785e-2	4.605263157894737e-2	7.499689400754969e-2	2.894426242860233e-2	-3.131852e-7	2.505481e-1	1.128113e-2	9.024904e3
9	19	100	4.037004986800825e-2	2.705006424412113e-2	-1.331998562388714e-2	4.678362573099415e-2	7.411127079055178e-2	2.732764505955763e-2	-2.775808e-4	2.498227e-1	1.304240e-2	1.173816e1
9	19	500	4.071993426318324e-2	2.727205138948356e-2	-1.344788287369971e-2	4.678362573099415e-2	7.411127079055178e-2	2.732764505955763e-2	-5.559367e-5	2.501715e-1	1.339229e-2	6.026530e1
9	19	1000	4.076379522837023e-2	2.729981201200400e-2	-1.346398321636628e-2	4.678362573099415e-2	7.411127079055178e-2	2.732764505955763e-2	-2.783305e-5	2.504974e-1	1.343615e-2	1.209254e2
9	19	5000	4.079885916685262e-2	2.732207897893319e-2	-1.347678018791939e-2	4.678362573099415e-2	7.411127079055178e-2	2.732764505955763e-2	-5.566081e-6	2.504736e-1	1.347121e-2	6.062046e2
9	19	10000	4.080324554175700e-2	2.732486204210556e-2	-1.347838349965126e-2	4.678362573099415e-2	7.411127079055178e-2	2.732764505955763e-2	-2.783017e-6	2.504716e-1	1.347560e-2	1.212804e3
9	19	50000	4.080675427057207e-2	2.732708842002293e-2	-1.347966585054891e-2	4.678362573099415e-2	7.411127079055178e-2	2.732764505955763e-2	-5.566395e-7	2.504878e-1	1.347911e-2	6.065599e3
9	19	100000	4.080719285098205e-2	2.732736674106427e-2	-1.347982610991696e-2	4.678362573099415e-2	7.411127079055178e-2	2.732764505955763e-2	-2.783185e-7	2.504866e-1	1.347955e-2	1.213159e4
10	19	100	3.098807950732045e-2	2.416029054422584e-2	-6.827788963094610e-3	4.736842105263158e-2	7.177812492859827e-2	2.440970387596669e-2	-2.494133e-4	2.494133e-1	6.578376e-3	6.578376e0
10	19	500	3.131851407309407e-2	2.435965161883138e-2	-6.958862454262710e-3	4.736842105263158e-2	7.177812492859827e-2	2.440970387596669e-2	-5.005226e-5	2.502613e-1	6.908810e-3	3.454405e1
10	19	1000	3.135973983018761e-2	2.438465447694832e-2	-6.975085353239333e-3	4.736842105263158e-2	7.177812492859827e-2	2.440970387596669e-2	-2.504940e-5	2.504940e-1	6.950036e-3	6.950036e1
10	19	5000	3.139272218170322e-2	2.440469546506906e-2	-6.988026716634328e-3	4.736842105263158e-2	7.177812492859827e-2	2.440970387596669e-2	-5.008411e-6	2.504205e-1	6.983018e-3	3.491509e2
10	19	10000	3.139684476398506e-2	2.440719957822706e-2	-6.989645185758337e-3	4.736842105263158e-2	7.177812492859827e-2	2.440970387596669e-2	-2.504298e-6	2.504298e-1	6.987141e-3	6.987141e2
10	19	50000	3.140014299896189e-2	2.440920300055496e-2	-6.990939998407459e-3	4.736842105263158e-2	7.177812492859827e-2	2.440970387596669e-2	-5.008754e-7	2.504377e-1	6.990439e-3	3.495220e3
10	19	100000	3.140055528637539e-2	2.440945343827345e-2	-6.991101848101851e-3	4.736842105263158e-2	7.177812492859827e-2	2.440970387596669e-2	-2.504377e-7	2.504377e-1	6.990851e-3	6.990851e3
11	19	100	3.228807889893937e-2	2.008170925891115e-2	-1.220636964002826e-2	4.784688995215311e-2	6.815542634726707e-2	2.030853639511396e-2	-2.268271e-4	2.495098e-1	1.197954e-2	1.317750e1
11	19	500	3.260113333929010e-2	2.026300773581570e-2	-1.233812560347443e-2	4.784688995215311e-2	6.815542634726707e-2	2.030853639511396e-2	-4.552866e-5	2.504076e-1	1.229260e-2	6.760928e1
11	19	1000	3.264014850199835e-2	2.028578160108626e-2	-1.235436690091206e-2	4.784688995215311e-2	6.815542634726707e-2	2.030853639511396e-2	-2.275479e-5	2.503027e-1	1.233161e-2	1.356477e2
11	19	5000	3.267140738462595e-2	2.030398396112249e-2	-1.236742342350347e-2	4.784688995215311e-2	6.815542634726707e-2	2.030853639511396e-2	-4.552434e-6	2.503839e-1	1.236287e-2	6.799579e2
11	19	10000	3.267531538269140e-2	2.030626003902409e-2	-1.236905534366734e-2	4.784688995215311e-2	6.815542634726707e-2	2.030853639511396e-2	-2.276356e-6	2.503992e-1	1.236678e-2	1.360346e3
11	19	50000	3.267844123022855e-2	2.030808112358749e-2	-1.237036010664125e-2	4.784688995215311e-2	6.815542634726707e-2	2.030853639511396e-2	-4.552715e-7	2.503993e-1	1.236990e-2	6.803448e3
11	19	100000	3.267883197672028e-2	2.030830876058574e-2	-1.237052321613499e-2	4.784688995215311e-2	6.815542634726707e-2	2.030853639511396e-2	-2.276345e-7	2.503980e-1	1.237030e-2	1.360733e4
12	19	100	3.251364074210847e-2	1.750765093429298e-2	-1.500598980781550e-2	4.824561403508772e-2	6.596163478399948e-2	1.771602074891176e-2	-2.083698e-4	2.500438e-1	1.479762e-2	1.775714e1
12	19	500	3.281067075952716e-2	1.767431676033587e-2	-1.513635399919132e-2	4.824561403508772e-2	6.596163478399948e-2	1.771602074891176e-2	-4.170399e-5	2.502239e-1	1.509465e-2	9.056790e1
12	19	1000	3.284797001433672e-2	1.769516038624214e-2	-1.515280962809465e-2	4.824561403508772e-2	6.596163478399948e-2	1.771602074891176e-2	-2.086036e-5	2.503244e-1	1.513195e-2	1.815834e2
12	19	5000	3.287778007623778e-2	1.771184834270346e-2	-1.516593173353430e-2	4.824561403508772e-2	6.596163478399948e-2	1.771602074891176e-2	-4.172406e-6	2.503444e-1	1.516176e-2	9.097056e2
12	19	10000	3.288150844234156e-2	1.771393442870846e-2	-1.516757401363334e-2	4.824561403508772e-2	6.596163478399948e-2	1.771602074891176e-2	-2.086320e-6	2.503584e-1	1.516549e-2	1.819859e3
12	19	50000	3.288449090725092e-2	1.771560347654364e-2	-1.516888743070766e-2	4.824561403508772e-2	6.596163478399948e-2	1.771602074891176e-2	-4.172724e-7	2.503634e-1	1.516847e-2	9.101082e3
12	19	100000	3.288486371569430e-2	1.771581211187792e-2	-1.516905160381663e-2	4.824561403508772e-2	6.596163478399948e-2	1.771602074891176e-2	-2.086370e-7	2.503644e-1	1.516884e-2	1.820261e4
13	19	100	3.041827324188275e-2	1.560346038283698e-2	-1.481481285904575e-2	4.858299595141700e-2	6.437887644209248e-2	1.579588049067547e-2	-1.924201e-4	2.501461e-1	1.462239e-2	1.900911e1
13	19	500	3.070378622429165e-2	1.575738709907462e-2	-1.494639912521698e-2	4.858299595141700e-2	6.437887644209248e-2	1.579588049067547e-2	-3.849339e-5	2.502070e-1	1.490791e-2	9.690139e1
13	19	1000	3.073954011588800e-2	1.577662287684343e-2	-1.496291723904453e-2	4.858299595141700e-2	6.437887644209248e-2	1.579588049067547e-2	-1.925761e-5	2.503490e-1	1.494366e-2	1.942676e2
13	19	5000	3.076814522174046e-2	1.579202943741978e-2	-1.497611578432066e-2	4.858299595141700e-2	6.437887644209248e-2	1.579588049067547e-2	-3.851053e-6	2.503185e-1	1.497226e-2	9.731972e2
13	19	10000	3.077172104437163e-2	1.579395486854056e-2	-1.497776617583106e-2	4.858299595141700e-2	6.437887644209248e-2	1.579588049067547e-2	-1.925622e-6	2.503309e-1	1.497584e-2	1.946859e3
13	19	50000	3.077458201057938e-2	1.579549535648005e-2	-1.497908665409937e-2	4.858299595141700e-2	6.437887644209248e-2	1.579588049067547e-2	-3.851342e-7	2.503372e-1	1.497870e-2	9.736156e3
13	19	100000	3.077493963520878e-2	1.579568792418684e-2	-1.497925171102212e-2	4.858299595141700e-2	6.437887644209248e-2	1.579588049067547e-2	-1.925665e-7	2.503364e-1	1.497906e-2	1.947278e4
14	19	100	3.155280075388896e-2	1.375423765540731e-2	-1.779856309848168e-2	4.887218045112782e-2	6.280463898195093e-2	1.393245853082312e-2	-1.782209e-4	2.495092e-1	1.762034e-2	2.466848e1
14	19	500	3.182806234167986e-2	1.389670227387014e-2	-1.793136006780980e-2	4.887218045112782e-2	6.280463898195093e-2	1.393245853082312e-2	-3.575626e-5	2.502938e-1	1.789560e-2	1.252692e2
14	19	1000	3.186247601316542e-2	1.391458487776754e-2	-1.794789113539788e-2	4.887218045112782e-2	6.280463898195093e-2	1.393245853082312e-2	-1.787365e-5	2.502311e-1	1.793002e-2	2.510202e2
14	19	5000	3.189004140107959e-2	1.392888265035613e-2	-1.796115875072332e-2	4.887218045112782e-2	6.280463898195093e-2	1.393245853082312e-2	-3.575880e-6	2.503116e-1	1.795758e-2	1.257031e3
14	19	10000	3.189348773252795e-2	1.393067058566251e-2	-1.796281714686555e-2	4.887218045112782e-2	6.280463898195093e-2	1.393245853082312e-2	-1.787945e-6	2.503123e-1	1.796103e-2	2.514544e3
14	19	50000	3.189624450301095e-2	1.393210094139484e-2	-1.796414356161575e-2	4.887218045112782e-2	6.280463898195093e-2	1.393245853082312e-2	-3.575894e-7	2.503126e-1	1.796379e-2	1.257465e4
14	19	100000	3.189658910767863e-2	1.393227973567987e-2	-1.796430937199868e-2	4.887218045112782e-2	6.280463898195093e-2	1.393245853082312e-2	-1.787951e-7	2.503132e-1	1.796413e-2	2.514978e4
15	19	100	3.118457423415765e-2	1.241349081342139e-2	-1.877108342073626e-2	4.912280701754386e-2	6.170247080274634e-2	1.257966378520248e-2	-1.661730e-4	2.492595e-1	1.860491e-2	2.790737e1
15	19	500	3.145233988768892e-2	1.254631619228782e-2	-1.890602369540105e-2	4.912280701754386e-2	6.170247080274634e-2	1.257966378520248e-2	-3.334759e-5	2.501069e-1	1.887268e-2	1.415451e2
15	19	1000	3.148567187861191e-2	1.256297772869920e-2	-1.892269414991266e-2	4.912280701754386e-2	6.170247080274634e-2	1.257966378520248e-2	-1.668606e-5	2.502908e-1	1.890601e-2	2.835901e2
15	19	5000	3.151231940443931e-2	1.257632653999185e-2	-1.893599286444747e-2	4.912280701754386e-2	6.170247080274634e-2	1.257966378520248e-2	-3.337245e-6	2.502934e-1	1.893266e-2	1.419949e3
15	19	10000	3.151565264999153e-2	1.257799523101277e-2	-1.893765741897881e-2	4.912280701754386e-2	6.170247080274634e-2	1.257966378520248e-2	-1.668554e-6	2.502831e-1	1.893599e-2	2.840398e3
15	19	50000	3.151831926899249e-2	1.257933006377870e-2	-1.893898920521368e-2	4.912280701754386e-2	6.170247080274634e-2	1.257966378520248e-2	-3.337214e-7	2.502911e-1	1.893866e-2	1.420399e4
15	19	100000	3.151865259776479e-2	1.257949692357083e-2	-1.893915567419348e-2	4.912280701754386e-2	6.170247080274634e-2	1.257966378520248e-2	-1.668616e-7	2.502924e-1	1.893899e-2	2.840848e4
16	19	100	3.105738839647507e-2	1.151897025579474e-2	-1.953841814068032e-2	4.934210526315790e-2	6.101761444455139e-2	1.167550918139349e-2	-1.565389e-4	2.504623e-1	1.938188e-2	3.101101e1
16	19	500	3.131527973051110e-2	1.164423895160553e-2	-1.967104077890558e-2	4.934210526315790e-2	6.101761444455139e-2	1.167550918139349e-2	-3.127023e-5	2.501618e-1	1.963977e-2	1.571182e2
16	19	1000	3.134762844283526e-2	1.165986787934158e-2	-1.968776056349364e-2	4.934210526315790e-2	6.101761444455139e-2	1.167550918139349e-2	-1.564130e-5	2.502608e-1	1.967212e-2	3.147539e2
16	19	5000	3.137350249364936e-2	1.167238083858927e-2	-1.970112165506004e-2	4.934210526315790e-2	6.101761444455139e-2	1.167550918139349e-2	-3.128343e-6	2.502674e-1	1.969799e-2	1.575839e3
16	19	10000	3.137673673971921e-2	1.167394500330729e-2	-1.970279173641189e-2	4.934210526315790e-2	6.101761444455139e-2	1.167550918139349e-2	-1.564178e-6	2.502685e-1	1.970123e-2	3.152196e3
16	19	50000	3.137932446030504e-2	1.167519633795269e-2	-1.970412812235206e-2	4.934210526315790e-2	6.101761444455139e-2	1.167550918139349e-2	-3.128434e-7	2.502748e-1	1.970382e-2	1.576305e4
16	19	100000	3.137964792217438e-2	1.167535276027570e-2	-1.970429516189856e-2	4.934210526315790e-2	6.101761444455139e-2	1.167550918139349e-2	-1.564211e-7	2.502738e-1	1.970414e-2	3.152662e4
17	19	100	3.170878238089945e-2	1.113525168385067e-2	-2.057353069704878e-2	4.953560371517028e-2	6.081799737065746e-2	1.128239365548718e-2	-1.471420e-4	2.501414e-1	2.042639e-2	3.472486e1
17	19	500	3.195921131571978e-2	1.125294392851730e-2	-2.070626738720248e-2	4.953560371517028e-2	6.081799737065746e-2	1.128239365548718e-2	-2.944973e-5	2.503227e-1	2.067682e-2	1.757530e2
17	19	1000	3.199063742395456e-2	1.126767962670122e-2	-2.072295779725340e-2	4.953560371517028e-2	6.081799737065746e-2	1.128239365548718e-2	-1.471403e-5	2.501385e-1	2.070824e-2	3.520401e2
17	19	5000	3.201581003711344e-2	1.127944970003299e-2	-2.073636033708060e-2	4.953560371517028e-2	6.081799737065746e-2	1.128239365548718e-2	-2.943955e-6	2.502362e-1	2.073342e-2	1.762340e3
17	19	10000	3.201895755020175e-2	1.128092153039779e-2	-2.073803601980427e-2	4.953560371517028e-2	6.081799737065746e-2	1.128239365548718e-2	-1.472125e-6	2.502613e-1	2.073656e-2	3.525216e3
17	19	50000	3.202147546454121e-2	1.128209923748607e-2	-2.073937622705538e-2	4.953560371517028e-2	6.081799737065746e-2	1.128239365548718e-2	-2.944180e-7	2.502553e-1	2.073908e-2	1.762822e4
17	19	100000	3.202179022357194e-2	1.128224644554049e-2	-2.073954377803118e-2	4.953560371517028e-2	6.081799737065746e-2	1.128239365548718e-2	-1.472099e-7	2.502569e-1	2.073940e-2	3.525697e4
18	19	100	3.283537124693255e-2	1.146180399283329e-2	-2.137356725409928e-2	4.970760233918128e-2	6.130733660331492e-2	1.159973426413364e-2	-1.379303e-4	2.482745e-1	2.123564e-2	3.822415e1
18	19	500	3.308053768198621e-2	1.157196715269583e-2	-2.150857052929043e-2	4.970760233918128e-2	6.130733660331492e-2	1.159973426413364e-2	-2.776711e-5	2.499040e-1	2.148080e-2	1.933272e2
18	19	1000	3.311121223490124e-2	1.158582721962518e-2	-2.152538501527612e-2	4.970760233918128e-2	6.130733660331492e-2	1.159973426413364e-2	-1.390704e-5	2.503268e-1	2.151148e-2	3.872066e2
18	19	5000	3.313574603767661e-2	1.159695424776517e-2	-2.153879178991142e-2	4.970760233918128e-2	6.130733660331492e-2	1.159973426413364e-2	-2.780016e-6	2.502015e-1	2.153601e-2	1.938241e3
18	19	10000	3.313881684986768e-2	1.159834411549770e-2	-2.154047273436989e-2	4.970760233918128e-2	6.130733660331492e-2	1.159973426413364e-2	-1.390149e-6	2.502268e-1	2.153908e-2	3.877035e3
18	19	50000	3.314127286288866e-2	1.159945621458238e-2	-2.154181664830684e-2	4.970760233918128e-2	6.130733660331492e-2	1.159973426413364e-2	-2.780496e-7	2.502446e-1	2.154154e-2	1.938738e4
18	19	100000	3.314157986778569e-2	1.159959524104788e-2	-2.154198462673849e-2	4.970760233918128e-2	6.130733660331492e-2	1.159973426413364e-2	-1.390231e-7	2.502416e-1	2.154185e-2	3.877532e4
1	20	100	7.929771103043062e-2	7.929771103043062e-2	0.000000000000000e0	0.000000000000000e0	8.175248016572000e-2	8.175248016572000e-2	-2.454769e-3	2.454769e-1	-2.454769e-3	2.454769e-1
1	20	500	8.124764408121544e-2	8.124764408121544e-2	0.000000000000000e0	0.000000000000000e0	8.175248016572000e-2	8.175248016572000e-2	-5.048361e-4	2.524180e-1	-5.048361e-4	2.524180e-1
1	20	1000	8.149918818838321e-2	8.149918818838321e-2	0.000000000000000e0	0.000000000000000e0	8.175248016572000e-2	8.175248016572000e-2	-2.532920e-4	2.532920e-1	-2.532920e-4	2.532920e-1
1	20	5000	8.170168183011461e-2	8.170168183011461e-2	0.000000000000000e0	0.000000000000000e0	8.175248016572000e-2	8.175248016572000e-2	-5.079834e-5	2.539917e-1	-5.079834e-5	2.539917e-1
1	20	10000	8.172707224877329e-2	8.172707224877329e-2	0.000000000000000e0	0.000000000000000e0	8.175248016572000e-2	8.175248016572000e-2	-2.540792e-5	2.540792e-1	-2.540792e-5	2.540792e-1
1	20	50000	8.174739718238469e-2	8.174739718238469e-2	0.000000000000000e0	0.000000000000000e0	8.175248016572000e-2	8.175248016572000e-2	-5.082983e-6	2.541492e-1	-5.082983e-6	2.541492e-1
1	20	100000	8.174993858655330e-2	8.174993858655330e-2	0.000000000000000e0	0.000000000000000e0	8.175248016572000e-2	8.175248016572000e-2	-2.541579e-6	2.541579e-1	-2.541579e-6	2.541579e-1
3	20	100	5.610954523380080e-2	5.291523792802240e-2	-3.194307305778394e-3	3.333333333333333e-2	8.707600078361534e-2	5.374266745028201e-2	-8.274295e-4	2.482289e-1	2.366878e-3	7.100633e-1
3	20	500	5.686462193561952e-2	5.357549988517518e-2	-3.289122050444300e-3	3.333333333333333e-2	8.707600078361534e-2	5.374266745028201e-2	-1.671676e-4	2.507513e-1	3.121954e-3	4.682932e0
3	20	1000	5.696009597337696e-2	5.365897752354638e-2	-3.301118449830540e-3	3.333333333333333e-2	8.707600078361534e-2	5.374266745028201e-2	-8.368993e-5	2.510698e-1	3.217429e-3	9.652286e0
3	20	5000	5.703664783529455e-2	5.372591244938931e-2	-3.310735385905189e-3	3.333333333333333e-2	8.707600078361534e-2	5.374266745028201e-2	-1.675500e-5	2.513250e-1	3.293980e-3	4.940971e1
3	20	10000	5.704622758431194e-2	5.373428888535579e-2	-3.311938698956115e-3	3.333333333333333e-2	8.707600078361534e-2	5.374266745028201e-2	-8.378565e-6	2.513569e-1	3.303560e-3	9.910680e1
3	20	50000	5.705389310417240e-2	5.374099156694773e-2	-3.312901537224552e-3	3.333333333333333e-2	8.707600078361534e-2	5.374266745028201e-2	-1.675883e-6	2.513825e-1	3.311226e-3	4.966838e2
3	20	100000	5.705485140167184e-2	5.374182949796746e-2	-3.313021903704274e-3	3.333333333333333e-2	8.707600078361534e-2	5.374266745028201e-2	-8.379523e-7	2.513857e-1	3.312184e-3	9.936552e2
7	20	100	3.781900440924693e-2	3.251007813793242e-2	-5.308926271314501e-3	4.285714285714286e-2	7.572298176096023e-2	3.286583890381738e-2	-3.557608e-4	2.490325e-1	4.953166e-3	3.467216e0
7	20	500	3.821857991766892e-2	3.279433158925119e-2	-5.424248328417729e-3	4.285714285714286e-2	7.572298176096023e-2	3.286583890381738e-2	-7.150731e-5	2.502756e-1	5.352741e-3	1.873459e1
7	20	1000	3.826901404451156e-2	3.283006247928729e-2	-5.438951565224229e-3	4.285714285714286e-2	7.572298176096023e-2	3.286583890381738e-2	-3.577642e-5	2.504350e-1	5.403175e-3	3.782223e1
7	20	5000	3.830943874835169e-2	3.285867995772729e-2	-5.450758790624310e-3	4.285714285714286e-2	7.572298176096023e-2	3.286583890381738e-2	-7.158946e-6	2.505631e-1	5.443600e-3	1.905260e2
7	20	10000	3.831449666459991e-2	3.286225920137242e-2	-5.452237463227259e-3	4.285714285714286e-2	7.572298176096023e-2	3.286583890381738e-2	-3.579702e-6	2.505792e-1	5.448658e-3	3.814060e2
7	20	50000	3.831854376930181e-2	3.286512292660575e-2	-5.453420842696094e-3	4.285714285714286e-2	7.572298176096023e-2	3.286583890381738e-2	-7.159772e-7	2.505920e-1	5.452705e-3	1.908447e3
7	20	100000	3.831904970561078e-2	3.286548091291593e-2	-5.453568792695174e-3	4.285714285714286e-2	7.572298176096023e-2	3.286583890381738e-2	-3.579909e-7	2.505936e-1	5.453211e-3	3.817248e3
9	20	100	3.774010809475432e-2	2.604853393619312e-2	-1.169157415856123e-2	4.444444444444445e-2	7.076980528017537e-2	2.632536083573093e-2	-2.768269e-4	2.491442e-1	1.141475e-2	1.027327e1
9	20	500	3.808331156851597e-2	2.626976185780361e-2	-1.181354971071237e-2	4.444444444444445e-2	7.076980528017537e-2	2.632536083573093e-2	-5.559898e-5	2.501954e-1	1.175795e-2	5.291078e1
9	20	1000	3.812633040198107e-2	2.629754650875928e-2	-1.182878389322179e-2	4.444444444444445e-2	7.076980528017537e-2	2.632536083573093e-2	-2.781433e-5	2.503289e-1	1.180097e-2	1.062087e2
9	20	5000	3.816076320418763e-2	2.631979558860500e-2	-1.184096761558283e-2	4.444444444444445e-2	7.076980528017537e-2	2.632536083573093e-2	-5.565247e-6	2.504361e-1	1.183540e-2	5.325931e2
9	20	10000	3.816506839802008e-2	2.632257806307065e-2	-1.184249033494947e-2	4.444444444444445e-2	7.076980528017537e-2	2.632536083573093e-2	-2.782773e-6	2.504495e-1	1.183971e-2	1.065574e3
9	20	50000	3.816851272682147e-2	2.632480425733548e-2	-1.184370846948670e-2	4.444444444444445e-2	7.076980528017537e-2	2.632536083573093e-2	-5.565784e-7	2.504603e-1	1.184315e-2	5.329418e3
9	20	100000	3.816894327876538e-2	2.632508254504166e-2	-1.184386073372460e-2	4.444444444444445e-2	7.076980528017537e-2	2.632536083573093e-2	-2.782907e-7	2.504616e-1	1.184358e-2	1.065922e4
11	20	100	3.034380961927095e-2	2.091340376304071e-2	-9.430405856230237e-3	4.545454545454546e-2	6.659451917864818e-2	2.113997372410273e-2	-2.265700e-4	2.492270e-1	9.203836e-3	1.012422e1
11	20	500	3.064727759600716e-2	2.109449284434384e-2	-9.552784751663330e-3	4.545454545454546e-2	6.659451917864818e-2	2.113997372410273e-2	-4.548088e-5	2.501448e-1	9.507304e-3	5.229017e1
11	20	1000	3.068545527772863e-2	2.111722267060665e-2	-9.568232607121967e-3	4.545454545454546e-2	6.659451917864818e-2	2.113997372410273e-2	-2.275105e-5	2.502616e-1	9.545482e-3	1.050003e2
11	20	5000	3.071603583412488e-2	2.113542180933861e-2	-9.580614024786284e-3	4.545454545454546e-2	6.659451917864818e-2	2.113997372410273e-2	-4.551915e-6	2.503553e-1	9.576062e-3	5.266834e2
11	20	10000	3.071986079589434e-2	2.113769766003259e-2	-9.582163135861729e-3	4.545454545454546e-2	6.659451917864818e-2	2.113997372410273e-2	-2.276064e-6	2.503670e-1	9.579887e-3	1.053788e3
11	20	50000	3.072292114735994e-2	2.113951849421285e-2	-9.583402653146899e-3	4.545454545454546e-2	6.659451917864818e-2	2.113997372410273e-2	-4.552299e-7	2.503764e-1	9.582947e-3	5.270621e3
11	20	100000	3.072330371516262e-2	2.113974610809065e-2	-9.583557607072040e-3	4.545454545454546e-2	6.659451917864818e-2	2.113997372410273e-2	-2.276160e-7	2.503776e-1	9.583330e-3	1.054166e4
13	20	100	3.143921906154161e-2	1.606353761223422e-2	-1.537568144930739e-2	4.615384615384616e-2	6.240914382355800e-2	1.625529766971184e-2	-1.917601e-4	2.492881e-1	1.518392e-2	1.973910e1
13	20	500	3.171844601915683e-2	1.621681920932381e-2	-1.550162680983304e-2	4.615384615384616e-2	6.240914382355800e-2	1.625529766971184e-2	-3.847846e-5	2.501100e-1	1.546315e-2	1.005105e2
13	20	1000	3.175337564317401e-2	1.623605036215951e-2	-1.551732528101455e-2	4.615384615384616e-2	6.240914382355800e-2	1.625529766971184e-2	-1.924731e-5	2.502150e-1	1.549808e-2	2.014750e2
13	20	5000	3.178132244420025e-2	1.625144691018642e-2	-1.552987553401384e-2	4.615384615384616e-2	6.240914382355800e-2	1.625529766971184e-2	-3.850760e-6	2.502994e-1	1.552602e-2	1.009192e3
13	20	10000	3.178481597575565e-2	1.625337220864687e-2	-1.553144376710863e-2	4.615384615384616e-2	6.240914382355800e-2	1.625529766971184e-2	-1.925461e-6	2.503099e-1	1.552952e-2	2.018837e3
13	20	50000	3.178761082901903e-2	1.625491256448496e-2	-1.553269826453377e-2	4.615384615384616e-2	6.240914382355800e-2	1.625529766971184e-2	-3.851052e-7	2.503184e-1	1.553231e-2	1.009600e4
13	20	100000	3.178796018741561e-2	1.625510511628491e-2	-1.553285507113066e-2	4.615384615384616e-2	6.240914382355800e-2	1.625529766971184e-2	-1.925534e-7	2.503195e-1	1.553266e-2	2.019246e4
17	20	100	2.971260252725689e-2	1.085358814534550e-2	-1.885901438191140e-2	4.705882352941176e-2	5.805909224591203e-2	1.100026871650027e-2	-1.466806e-4	2.493570e-1	1.871233e-2	3.181097e1
17	20	500	2.995741128622729e-2	1.097084936626353e-2	-1.898656191996378e-2	4.705882352941176e-2	5.805909224591203e-2	1.100026871650027e-2	-2.941935e-5	2.500645e-1	1.895714e-2	1.611357e2
17	20	1000	2.998804080898313e-2	1.098555374005005e-2	-1.900248706893311e-2	4.705882352941176e-2	5.805909224591203e-2	1.100026871650027e-2	-1.471498e-5	2.501546e-1	1.898777e-2	3.227921e2
17	20	5000	3.001254820630466e-2	1.099732486981440e-2	-1.901522333649032e-2	4.705882352941176e-2	5.805909224591203e-2	1.100026871650027e-2	-2.943847e-6	2.502270e-1	1.901228e-2	1.616044e3
17	20	10000	3.001561185788729e-2	1.099879673984562e-2	-1.901681511804177e-2	4.705882352941176e-2	5.805909224591203e-2	1.100026871650027e-2	-1.471977e-6	2.502360e-1	1.901534e-2	3.232608e3
17	20	50000	3.001806281469653e-2	1.099997431263623e-2	-1.901808850206021e-2	4.705882352941176e-2	5.805909224591203e-2	1.100026871650027e-2	-2.944039e-7	2.502433e-1	1.901779e-2	1.616512e4
17	20	100000	3.001836918650970e-2	1.100012151403499e-2	-1.901824767247497e-2	4.705882352941176e-2	5.805909224591203e-2	1.100026871650027e-2	-1.472025e-7	2.502442e-1	1.901810e-2	3.233077e4
19	20	100	3.127079829654415e-2	1.092866921934835e-2	-2.034212907719580e-2	4.736842105263158e-2	5.842839340389207e-2	1.105997235126049e-2	-1.313031e-4	2.494760e-1	2.021083e-2	3.840057e1
19	20	500	3.150643229428978e-2	1.103365100708075e-2	-2.047278128720906e-2	4.736842105263158e-2	5.842839340389207e-2	1.105997235126049e-2	-2.632134e-5	2.500528e-1	2.044646e-2	1.942414e2
19	20	1000	3.153567334128746e-2	1.104680735634848e-2	-2.048886598493895e-2	4.736842105263158e-2	5.842839340389207e-2	1.105997235126049e-2	-1.316499e-5	2.501349e-1	2.047570e-2	3.890383e2
19	20	5000	3.155903058857633e-2	1.105733864348952e-2	-2.050169194508683e-2	4.736842105263158e-2	5.842839340389207e-2	1.105997235126049e-2	-2.633708e-6	2.502022e-1	2.049906e-2	1.947411e3
19	20	10000	3.156194800464478e-2	1.105865545253987e-2	-2.050329255210489e-2	4.736842105263158e-2	5.842839340389207e-2	1.105997235126049e-2	-1.316899e-6	2.502108e-1	2.050198e-2	3.895375e3
19	20	50000	3.156428157789351e-2	1.105970896432566e-2	-2.050457261356748e-2	4.736842105263158e-2	5.842839340389207e-2	1.105997235126049e-2	-2.633869e-7	2.502176e-1	2.050431e-2	1.947909e4
19	20	100000	3.156457325205957e-2	1.105984065734329e-2	-2.050473259471616e-2	4.736842105263158e-2	5.842839340389207e-2	1.105997235126049e-2	-1.316939e-7	2.502184e-1	2.050460e-2	3.895874e4
