a	b	abs_V	ratio_to_a_lna
2	1	2.742293602448380e-78	1.978146690456904e-78
3	1	1.924500897298753e-1	5.839187361332904e-2
3	2	1.924500897298753e-1	5.839187361332904e-2
4	1	5.000000000000000e-1	9.016844005556021e-2
4	3	5.000000000000000e-1	9.016844005556021e-2
5	1	8.908130915292853e-1	1.106986587860388e-1
5	2	8.032456635449091e-2	9.981691835879361e-3
5	3	8.032456635449091e-2	9.981691835879361e-3
5	4	8.908130915292853e-1	1.106986587860388e-1
6	1	1.347150628109127e0	1.253098468521485e-1
6	5	1.347150628109127e0	1.253098468521485e-1
7	1	1.857610089128435e0	1.363746779389182e-1
7	2	6.129819184119795e-1	4.500148453922086e-2
7	3	1.751593035241762e-1	1.285915367595917e-2
7	4	1.751593035241762e-1	1.285915367595917e-2
7	5	6.129819184119795e-1	4.500148453922086e-2
7	6	1.857610089128435e0	1.363746779389182e-1
8	1	2.414213562373095e0	1.451239139201059e-1
8	3	4.142135623730950e-1	2.489932717935898e-2
8	5	4.142135623730950e-1	2.489932717935898e-2
8	7	2.414213562373095e0	1.451239139201059e-1
9	1	3.011054187492305e0	1.522655352752498e-1
9	2	1.329200113037688e0	6.721611571798497e-2
9	4	5.271535360753661e-1	2.665754594393577e-2
9	5	5.271535360753661e-1	2.665754594393577e-2
9	7	1.329200113037688e0	6.721611571798497e-2
9	8	3.011054187492305e0	1.522655352752498e-1
10	1	3.643576932471632e0	1.582385356162407e-1
10	3	5.695148261113218e-1	2.473371463422370e-2
10	7	5.695148261113218e-1	2.473371463422370e-2
10	9	3.643576932471632e0	1.582385356162407e-1
11	1	4.308159528295663e0	1.633310973383903e-1
11	2	2.187633520285043e0	8.293763986584675e-2
11	3	1.268033496071481e0	4.807373102479429e-2
11	4	8.805173531469863e-1	3.338220522485776e-2
11	5	9.524520668736870e-1	3.610939665139090e-2
11	6	9.524520668736870e-1	3.610939665139090e-2
11	7	8.805173531469863e-1	3.338220522485776e-2
11	8	1.268033496071481e0	4.807373102479429e-2
11	9	2.187633520285043e0	8.293763986584675e-2
11	10	4.308159528295663e0	1.633310973383903e-1
12	1	5.001851166488378e0	1.677410821755655e-1
12	5	1.851166488378313e-3	6.208034979691775e-5
12	7	1.851166488378313e-3	6.208034979691775e-5
12	11	5.001851166488378e0	1.677410821755655e-1
13	1	5.722200844896040e0	1.716093514598112e-1
13	2	3.162212612165591e0	9.483505914263862e-2
13	3	1.603568296691410e0	4.809116682127339e-2
13	4	4.240803878994122e-1	1.271821145515305e-2
13	5	3.644694417893711e-1	1.093047347126623e-2
13	6	1.437018840129331e0	4.309633266544403e-2
13	7	1.437018840129331e0	4.309633266544403e-2
13	8	3.644694417893711e-1	1.093047347126623e-2
13	9	4.240803878994122e-1	1.271821145515305e-2
13	10	1.603568296691410e0	4.809116682127339e-2
13	11	3.162212612165591e0	9.483505914263862e-2
13	12	5.722200844896040e0	1.716093514598112e-1
14	1	6.467139831053408e0	1.750392286583265e-1
14	3	2.382936711855689e0	6.449642575872487e-2
14	5	1.438451808133128e0	3.893305256039059e-2
14	9	1.438451808133128e0	3.893305256039059e-2
14	11	2.382936711855689e0	6.449642575872487e-2
14	13	6.467139831053408e0	1.750392286583265e-1
15	1	7.234898413360283e0	1.781084267545604e-1
15	2	4.234969777880674e0	1.042563089895697e-1
15	4	2.050668996893553e0	5.048328365697467e-2
15	7	1.971396196695158e0	4.853174917492974e-2
15	8	1.971396196695158e0	4.853174917492974e-2
15	11	2.050668996893553e0	5.048328365697467e-2
15	13	4.234969777880674e0	1.042563089895697e-1
15	14	7.234898413360283e0	1.781084267545604e-1
16	1	8.023945254791338e0	1.808766566789374e-1
16	3	2.859160854206549e0	6.445151852293189e-2
16	5	2.023066047141690e-1	4.560417740003366e-3
16	7	6.329089947010431e-1	1.426710418733147e-2
16	9	6.329089947010431e-1	1.426710418733147e-2
16	11	2.023066047141690e-1	4.560417740003366e-3
16	13	2.859160854206549e0	6.445151852293189e-2
16	15	8.023945254791338e0	1.808766566789374e-1
17	1	8.832942148062134e0	1.833906484059817e-1
17	2	5.392762080187484e0	1.119652000439906e-1
17	3	3.702840034695210e0	7.687882740807522e-2
17	4	1.772989858903527e0	3.681103695588932e-2
17	5	1.281081635921008e0	2.659797697464742e-2
17	6	2.066894143523475e0	4.291311443157771e-2
17	7	3.223712602158517e-1	6.693112379481487e-3
17	8	2.548759745566135e0	5.291766826220928e-2
17	9	2.548759745566135e0	5.291766826220928e-2
17	10	3.223712602158517e-1	6.693112379481487e-3
17	11	2.066894143523475e0	4.291311443157771e-2
17	12	1.281081635921008e0	2.659797697464742e-2
17	13	1.772989858903527e0	3.681103695588932e-2
17	14	3.702840034695210e0	7.687882740807522e-2
17	15	5.392762080187484e0	1.119652000439906e-1
17	16	8.832942148062134e0	1.833906484059817e-1
18	1	9.660709564780801e0	1.856875626694203e-1
18	5	1.755960182884535e0	3.375114056767289e-2
18	7	1.781543867584938e-1	3.424288209289580e-3
18	11	1.781543867584938e-1	3.424288209289580e-3
18	13	1.755960182884535e0	3.375114056767289e-2
18	17	9.660709564780801e0	1.856875626694203e-1
19	1	1.050619995476381e1	1.877973686221646e-1
19	2	6.625554905250471e0	1.184311913179922e-1
19	3	4.294384703025417e0	7.676173597988402e-2
19	4	3.561534568857378e0	6.366210648646724e-2
19	5	2.922683081171002e0	5.224269424946174e-2
19	6	8.068063034967432e-2	1.442158929364010e-3
19	7	1.206740563993190e0	2.157037782483769e-2
19	8	3.263060007033016e-1	5.832690084098048e-3
19	9	3.163944987322445e0	5.655522887845140e-2
19	10	3.163944987322445e0	5.655522887845140e-2
19	11	3.263060007033016e-1	5.832690084098048e-3
19	12	1.206740563993190e0	2.157037782483769e-2
19	13	8.068063034967432e-2	1.442158929364010e-3
19	14	2.922683081171002e0	5.224269424946174e-2
19	15	3.561534568857378e0	6.366210648646724e-2
19	16	4.294384703025417e0	7.676173597988402e-2
19	17	6.625554905250471e0	1.184311913179922e-1
19	18	1.050619995476381e1	1.877973686221646e-1
20	1	1.136847672841356e1	1.897445380679254e-1
20	3	5.191490173576714e0	8.664809968845752e-2
20	7	2.752781736422445e0	4.594505591710769e-2
20	9	1.424204818414400e0	2.377056239282679e-2
20	11	1.424204818414400e0	2.377056239282679e-2
20	13	2.752781736422445e0	4.594505591710769e-2
20	17	5.191490173576714e0	8.664809968845752e-2
20	19	1.136847672841356e1	1.897445380679254e-1
21	1	1.224669748415600e1	1.915492766445736e-1
21	2	7.925434547956502e0	1.239608683662690e-1
21	4	3.423864378140237e0	5.355229406216389e-2
21	5	1.864455037783662e0	2.916174048439018e-2
21	8	9.130681093747205e-1	1.428119998099303e-2
21	10	3.812903628802105e0	5.963721509063195e-2
21	11	3.812903628802105e0	5.963721509063195e-2
21	13	9.130681093747205e-1	1.428119998099303e-2
21	16	1.864455037783662e0	2.916174048439018e-2
21	17	3.423864378140237e0	5.355229406216389e-2
21	19	7.925434547956502e0	1.239608683662690e-1
21	20	1.224669748415600e1	1.915492766445736e-1
22	1	1.314010045915024e1	1.932284342936849e-1
22	3	5.880716623706208e0	8.647739560714750e-2
22	5	3.034418252943877e0	4.462187255198824e-2
22	7	4.148358680893394e-1	6.100264265783889e-3
22	9	7.463023285981397e-1	1.097456072828803e-2
22	13	7.463023285981397e-1	1.097456072828803e-2
22	15	4.148358680893394e-1	6.100264265783889e-3
22	17	3.034418252943877e0	4.462187255198824e-2
22	19	5.880716623706208e0	8.647739560714750e-2
22	21	1.314010045915024e1	1.932284342936849e-1
23	1	1.404799346344219e1	1.947961891922967e-1
23	2	9.285999424907439e0	1.287641046759568e-1
23	3	6.823530554382505e0	9.461833480275675e-2
23	4	5.341160283290900e0	7.406308037926550e-2
23	5	3.589905017801718e0	4.977933815600799e-2
23	6	3.863887503152981e0	5.357851020080924e-2
23	7	1.066056150678977e0	1.478244392394453e-2
23	8	3.487193700729839e0	4.835509396023790e-2
23	9	1.016801197808750e-1	1.409945121449211e-3
23	10	5.779849741179998e-1	8.014615799871446e-3
23	11	4.492375094052188e0	6.229341941402967e-2
23	12	4.492375094052188e0	6.229341941402967e-2
23	13	5.779849741179998e-1	8.014615799871446e-3
23	14	1.016801197808750e-1	1.409945121449211e-3
23	15	3.487193700729839e0	4.835509396023790e-2
23	16	1.066056150678977e0	1.478244392394453e-2
23	17	3.863887503152981e0	5.357851020080924e-2
23	18	3.589905017801718e0	4.977933815600799e-2
23	19	5.341160283290900e0	7.406308037926550e-2
23	20	6.823530554382505e0	9.461833480275675e-2
23	21	9.285999424907439e0	1.287641046759568e-1
23	22	1.404799346344219e1	1.947961891922967e-1
24	1	1.496974475280708e1	1.962645688200963e-1
24	5	4.828214218325631e0	6.330150562874801e-2
24	7	2.141317628060891e0	2.807427834729349e-2
24	11	2.343358656928179e0	3.072318760188656e-2
24	13	2.343358656928179e0	3.072318760188656e-2
24	17	2.141317628060891e0	2.807427834729349e-2
24	19	4.828214218325631e0	6.330150562874801e-2
24	23	1.496974475280708e1	1.962645688200963e-1
25	1	1.590477543305128e1	1.976438520576048e-1
25	2	1.070196413490855e1	1.329900837084543e-1
25	3	7.597470530600558e0	9.441147709898554e-2
25	4	5.318441719491068e0	6.609067275478184e-2
25	6	1.893684338632272e0	2.353224469241290e-2
25	7	2.105447869084397e0	2.616376627912455e-2
25	8	7.929801446475765e-1	9.854125325633470e-3
25	9	2.252373513685682e0	2.798956699459393e-2
25	11	1.319513623213952e0	1.639719821460315e-2
25	12	5.199675954495053e0	6.461480637834742e-2
25	13	5.199675954495053e0	6.461480637834742e-2
25	14	1.319513623213952e0	1.639719821460315e-2
25	16	2.252373513685682e0	2.798956699459393e-2
25	17	7.929801446475765e-1	9.854125325633470e-3
25	18	2.105447869084397e0	2.616376627912455e-2
25	19	1.893684338632272e0	2.353224469241290e-2
25	21	5.318441719491068e0	6.609067275478184e-2
25	22	7.597470530600558e0	9.441147709898554e-2
25	23	1.070196413490855e1	1.329900837084543e-1
25	24	1.590477543305128e1	1.976438520576048e-1
26	1	1.685255308715990e1	1.989428831137494e-1
26	3	8.580230910473713e0	1.012888590994507e-1
26	5	3.909606839647719e0	4.615255934801681e-2
26	7	3.233011109004105e0	3.816540721382474e-2
26	9	4.263634230944162e0	5.033182106352602e-2
26	11	7.803683709708721e-1	9.212178879294586e-3
26	15	7.803683709708721e-1	9.212178879294586e-3
26	17	4.263634230944162e0	5.033182106352602e-2
26	19	3.233011109004105e0	3.816540721382474e-2
26	21	3.909606839647719e0	4.615255934801681e-2
26	23	8.580230910473713e0	1.012888590994507e-1
26	25	1.685255308715990e1	1.989428831137494e-1
27	1	1.781258638848524e1	2.001693192404758e-1
27	2	1.216889075167916e1	1.367481692187026e-1
27	4	7.342664710890404e0	8.251335120766730e-2
27	5	5.150377649821119e0	5.787747862727560e-2
27	7	4.861667919360844e0	5.463309687698173e-2
27	8	1.703635659622237e0	1.914464204035119e-2
27	10	1.380024126901199e0	1.550805054317190e-2
27	11	1.245328115097434e0	1.399440123929563e-2
27	13	5.932558546711107e0	6.666725312934262e-2
27	14	5.932558546711107e0	6.666725312934262e-2
27	16	1.245328115097434e0	1.399440123929563e-2
27	17	1.380024126901199e0	1.550805054317190e-2
27	19	1.703635659622237e0	1.914464204035119e-2
27	20	4.861667919360844e0	5.463309687698173e-2
27	22	5.150377649821119e0	5.787747862727560e-2
27	23	7.342664710890404e0	8.251335120766730e-2
27	25	1.216889075167916e1	1.367481692187026e-1
27	26	1.781258638848524e1	2.001693192404758e-1
28	1	1.878442051619773e1	2.013298281195539e-1
28	3	9.428951142105422e0	1.010586997427381e-1
28	5	5.770053006328752e0	6.184293941903438e-2
28	9	1.209718063027721e0	1.296565574074944e-2
28	11	4.531143123656860e-1	4.856440822778116e-3
28	13	3.368918629759028e0	3.610778453843087e-2
28	15	3.368918629759028e0	3.610778453843087e-2
28	17	4.531143123656860e-1	4.856440822778116e-3
28	19	1.209718063027721e0	1.296565574074944e-2
28	23	5.770053006328752e0	6.184293941903438e-2
28	25	9.428951142105422e0	1.010586997427381e-1
28	27	1.878442051619773e1	2.013298281195539e-1
29	1	1.976763322888144e1	2.024302465686779e-1
29	2	1.368300001050068e1	1.401206221227329e-1
29	3	1.044718999037290e1	1.069843425975320e-1
29	4	7.417405731073387e0	7.595786777586189e-2
29	5	7.066719321796452e0	7.236666717656630e-2
29	6	6.163317686599028e0	6.311539194062298e-2
29	7	1.871038321456175e0	1.916034885746667e-2
29	8	3.160319670761122e0	3.236322137206190e-2
29	9	6.837138803903799e-1	7.001565022343538e-3
29	10	5.077155056459778e0	5.199255459904743e-2
29	11	1.596646832526811e0	1.635044561223832e-2
29	12	2.242557212676918e-1	2.296488427574104e-3
29	13	1.729235404897802e0	1.770821753599266e-2
29	14	6.689112432977769e0	6.849978768095140e-2
29	15	6.689112432977769e0	6.849978768095140e-2
29	16	1.729235404897802e0	1.770821753599266e-2
29	17	2.242557212676918e-1	2.296488427574104e-3
29	18	1.596646832526811e0	1.635044561223832e-2
29	19	5.077155056459778e0	5.199255459904743e-2
29	20	6.837138803903799e-1	7.001565022343538e-3
29	21	3.160319670761122e0	3.236322137206190e-2
29	22	1.871038321456175e0	1.916034885746667e-2
29	23	6.163317686599028e0	6.311539194062298e-2
29	24	7.066719321796452e0	7.236666717656630e-2
29	25	7.417405731073387e0	7.595786777586189e-2
29	26	1.044718999037290e1	1.069843425975320e-1
29	27	1.368300001050068e1	1.401206221227329e-1
29	28	1.976763322888144e1	2.024302465686779e-1
30	1	2.076183148217014e1	2.034757092125783e-1
30	7	3.450651620366758e0	3.381800812238693e-2
30	11	2.238659764882295e0	2.193991814914182e-2
30	13	4.194132879085770e-1	4.110447398808033e-3
30	17	4.194132879085770e-1	4.110447398808033e-3
30	19	2.238659764882295e0	2.193991814914182e-2
30	23	3.450651620366758e0	3.381800812238693e-2
30	29	2.076183148217014e1	2.034757092125783e-1
31	1	2.176664849928091e1	2.044707536104460e-1
31	2	1.524103473421321e1	1.431706795839751e-1
31	3	1.136283959716572e1	1.067398306939099e-1
31	4	9.533092362304284e0	8.955161744917874e-2
31	5	6.262852869502491e0	5.883176025104757e-2
31	6	4.332483013868455e0	4.069832187897027e-2
31	7	4.612720890117032e0	4.333081028197960e-2
31	8	5.907354552600323e0	5.549229304889044e-2
31	9	3.100326018359186e0	2.912373016144028e-2
31	10	1.660842337039800e0	1.560156053854048e-2
31	11	3.451745593896590e0	3.242488263082343e-2
31	12	6.325450373871222e-1	5.941978641836637e-3
31	13	2.010023877748514e-1	1.888168943748081e-3
31	14	2.542391044638843e0	2.388262083098953e-2
31	15	7.467693575314447e0	7.014974919666091e-2
31	16	7.467693575314447e0	7.014974919666091e-2
31	17	2.542391044638843e0	2.388262083098953e-2
31	18	2.010023877748514e-1	1.888168943748081e-3
31	19	6.325450373871222e-1	5.941978641836637e-3
31	20	3.451745593896590e0	3.242488263082343e-2
31	21	1.660842337039800e0	1.560156053854048e-2
31	22	3.100326018359186e0	2.912373016144028e-2
31	23	5.907354552600323e0	5.549229304889044e-2
31	24	4.612720890117032e0	4.333081028197960e-2
31	25	4.332483013868455e0	4.069832187897027e-2
31	26	6.262852869502491e0	5.883176025104757e-2
31	27	9.533092362304284e0	8.955161744917874e-2
31	28	1.136283959716572e1	1.067398306939099e-1
31	29	1.524103473421321e1	1.431706795839751e-1
31	30	2.176664849928091e1	2.044707536104460e-1
32	1	2.278174122104383e1	2.054194067650976e-1
32	3	1.241299010345762e1	1.119259954053881e-1
32	5	7.561511497895505e0	6.818096962274202e-2
32	7	4.657372637842962e0	4.199480255117494e-2
32	9	2.360581491900944e0	2.128499507487352e-2
32	11	5.923857954292639e0	5.341450308492893e-2
32	13	1.804773811377613e0	1.627336392250472e-2
32	15	4.485612673375327e0	4.044606974517043e-2
32	17	4.485612673375327e0	4.044606974517043e-2
32	19	1.804773811377613e0	1.627336392250472e-2
32	21	5.923857954292639e0	5.341450308492893e-2
32	23	2.360581491900944e0	2.128499507487352e-2
32	25	4.657372637842962e0	4.199480255117494e-2
32	27	7.561511497895505e0	6.818096962274202e-2
32	29	1.241299010345762e1	1.119259954053881e-1
32	31	2.278174122104383e1	2.054194067650976e-1
33	1	2.380678807586307e1	2.063252567879840e-1
33	2	1.684015859269820e1	1.459478714607269e-1
33	4	9.692402788756601e0	8.400072651170852e-2
33	5	8.234542903003559e0	7.136595552410681e-2
33	7	5.860101997549285e0	5.078749160093494e-2
33	8	1.803883859620658e0	1.563364194136210e-2
33	10	1.867416461601534e0	1.618425718506241e-2
33	13	8.627090496471849e-1	7.476803071231607e-3
33	14	1.324760228552405e0	1.148124196626529e-2
33	16	8.266872096537538e0	7.164614154232946e-2
33	17	8.266872096537538e0	7.164614154232946e-2
33	19	1.324760228552405e0	1.148124196626529e-2
33	20	8.627090496471849e-1	7.476803071231607e-3
33	23	1.867416461601534e0	1.618425718506241e-2
33	25	1.803883859620658e0	1.563364194136210e-2
33	26	5.860101997549285e0	5.078749160093494e-2
33	28	8.234542903003559e0	7.136595552410681e-2
33	29	9.692402788756601e0	8.400072651170852e-2
33	31	1.684015859269820e1	1.459478714607269e-1
33	32	2.380678807586307e1	2.063252567879840e-1
34	1	2.484148702092878e1	2.071915126384634e-1
34	3	1.338920851568907e1	1.116732811952934e-1
34	5	9.580486090946835e0	7.990646467027873e-2
34	7	7.554488347400632e0	6.300854158162474e-2
34	9	4.908076552009458e0	4.093602786739264e-2
34	11	2.142978140624489e0	1.787360322403714e-2
34	13	1.144804979194727e0	9.548296167438203e-3
34	15	2.132174165722142e0	1.778349219724397e-2
34	19	2.132174165722142e0	1.778349219724397e-2
34	21	1.144804979194727e0	9.548296167438203e-3
34	23	2.142978140624489e0	1.787360322403714e-2
34	25	4.908076552009458e0	4.093602786739264e-2
34	27	7.554488347400632e0	6.300854158162474e-2
34	29	9.580486090946835e0	7.990646467027873e-2
34	31	1.338920851568907e1	1.116732811952934e-1
34	33	2.484148702092878e1	2.071915126384634e-1
35	1	2.588555381463081e1	2.080210542133996e-1
35	2	1.847787945896689e1	1.484916255687704e-1
35	3	1.446835687400687e1	1.162703672951925e-1
35	4	1.188801353053847e1	9.553425531610714e-2
35	6	8.860200783980407e0	7.120219721102695e-2
35	8	4.492290730574506e0	3.610087156331216e-2
35	9	6.994606941031448e0	5.620994320234814e-2
35	11	1.690631668785911e-1	1.358622591372285e-3
35	12	6.800590852329242e0	5.465079435835542e-2
35	13	1.452764433907700e0	1.167468122294538e-2
35	16	3.078866614382953e0	2.474233634299847e-2
35	17	9.085392893019902e0	7.301188226773445e-2
35	18	9.085392893019902e0	7.301188226773445e-2
35	19	3.078866614382953e0	2.474233634299847e-2
35	22	1.452764433907700e0	1.167468122294538e-2
35	23	6.800590852329242e0	5.465079435835542e-2
35	24	1.690631668785911e-1	1.358622591372285e-3
35	26	6.994606941031448e0	5.620994320234814e-2
35	27	4.492290730574506e0	3.610087156331216e-2
35	29	8.860200783980407e0	7.120219721102695e-2
35	31	1.188801353053847e1	9.553425531610714e-2
35	32	1.446835687400687e1	1.162703672951925e-1
35	33	1.847787945896689e1	1.484916255687704e-1
35	34	2.588555381463081e1	2.080210542133996e-1
36	1	2.693872048702112e1	2.088164745763928e-1
36	5	8.873952251029145e0	6.878676459455177e-2
36	7	4.703049852841942e0	3.645586250099122e-2
36	11	1.332032079732592e0	1.032529525841553e-2
36	13	2.904418591641740e0	2.251370666594809e-2
36	17	5.682009397117473e0	4.404430312076816e-2
36	19	5.682009397117473e0	4.404430312076816e-2
36	23	2.904418591641740e0	2.251370666594809e-2
36	25	1.332032079732592e0	1.032529525841553e-2
36	29	4.703049852841942e0	3.645586250099122e-2
36	31	8.873952251029145e0	6.878676459455177e-2
36	35	2.693872048702112e1	2.088164745763928e-1
37	1	2.800073398072059e1	2.095801157438532e-1
37	2	2.015199031725513e1	1.508337769312521e-1
37	3	1.549988660023576e1	1.160136741390667e-1
37	4	1.212200544753972e1	9.073088250087416e-2
37	5	1.022157266026469e1	7.650650810430466e-2
37	6	7.143970144560596e0	5.347124438946978e-2
37	7	6.358134261216776e0	4.758941373816367e-2
37	8	6.110270977306842e0	4.573420466520640e-2
37	9	1.697737722786670e0	1.270724077052138e-2
37	10	4.261473425034395e0	3.189631008505010e-2
37	11	1.995753388623995e0	1.493783078943562e-2
37	12	2.653357132769266e0	1.985986850839153e-2
37	13	4.774816387190834e0	3.573858355899245e-2
37	14	2.373027261802170e0	1.776165326716979e-2
37	15	2.414835617857968e0	1.807458078211519e-2
37	16	1.835868231773697e-1	1.374112109955815e-3
37	17	3.950383621982813e0	2.956786266023709e-2
37	18	9.922145368082926e0	7.426535233333345e-2
37	19	9.922145368082926e0	7.426535233333345e-2
37	20	3.950383621982813e0	2.956786266023709e-2
37	21	1.835868231773697e-1	1.374112109955815e-3
37	22	2.414835617857968e0	1.807458078211519e-2
37	23	2.373027261802170e0	1.776165326716979e-2
37	24	4.774816387190834e0	3.573858355899245e-2
37	25	2.653357132769266e0	1.985986850839153e-2
37	26	1.995753388623995e0	1.493783078943562e-2
37	27	4.261473425034395e0	3.189631008505010e-2
37	28	1.697737722786670e0	1.270724077052138e-2
37	29	6.110270977306842e0	4.573420466520640e-2
37	30	6.358134261216776e0	4.758941373816367e-2
37	31	7.143970144560596e0	5.347124438946978e-2
37	32	1.022157266026469e1	7.650650810430466e-2
37	33	1.212200544753972e1	9.073088250087416e-2
37	34	1.549988660023576e1	1.160136741390667e-1
37	35	2.015199031725513e1	1.508337769312521e-1
37	36	2.800073398072059e1	2.095801157438532e-1
38	1	2.907135493915987e1	2.103140991583347e-1
38	3	1.660560744104474e1	1.201317715410615e-1
38	5	1.094026846534794e1	7.914638693845766e-2
38	7	7.588284076444415e0	5.489675775466497e-2
38	9	3.695786167816035e0	2.673683219075050e-2
38	11	4.133908437502545e0	2.990638829376529e-2
38	13	7.704751363456340e0	5.573932985357782e-2
38	15	1.321334465631870e0	9.559075193013931e-3
38	17	1.928285142616891e0	1.395000520404337e-2
38	21	1.928285142616891e0	1.395000520404337e-2
38	23	1.321334465631870e0	9.559075193013931e-3
38	25	7.704751363456340e0	5.573932985357782e-2
38	27	4.133908437502545e0	2.990638829376529e-2
38	29	3.695786167816035e0	2.673683219075050e-2
38	31	7.588284076444415e0	5.489675775466497e-2
38	33	1.094026846534794e1	7.914638693845766e-2
38	35	1.660560744104474e1	1.201317715410615e-1
38	37	2.907135493915987e1	2.103140991583347e-1
39	1	3.015035662270692e1	2.110203517567716e-1
39	2	2.186052296925703e1	1.530003543336346e-1
39	4	1.438859500601289e1	1.007048247372262e-1
39	5	1.232886250233317e1	8.628889318157727e-2
39	7	7.697080533360601e0	5.387135754230851e-2
39	8	8.993201943374544e0	6.294282556118561e-2
39	10	8.118579816758446e0	5.682140314743592e-2
39	11	2.543636781502263e0	1.780274558907952e-2
39	14	3.851521313676151e0	2.695654292190178e-2
39	16	9.974674501181975e-1	6.981208707539811e-3
39	17	1.311206943646143e0	9.177050670961156e-3
39	19	1.077613978570153e1	7.542148959015263e-2
39	20	1.077613978570153e1	7.542148959015263e-2
39	22	1.311206943646143e0	9.177050670961156e-3
39	23	9.974674501181975e-1	6.981208707539811e-3
39	25	3.851521313676151e0	2.695654292190178e-2
39	28	2.543636781502263e0	1.780274558907952e-2
39	29	8.118579816758446e0	5.682140314743592e-2
39	31	8.993201943374544e0	6.294282556118561e-2
39	32	7.697080533360601e0	5.387135754230851e-2
39	34	1.232886250233317e1	8.628889318157727e-2
39	35	1.438859500601289e1	1.007048247372262e-1
39	37	2.186052296925703e1	1.530003543336346e-1
39	38	3.015035662270692e1	2.110203517567716e-1
40	1	3.123752393623587e1	2.117006283669622e-1
40	3	1.768803020607777e1	1.198740052778873e-1
40	7	8.960489805343869e0	6.072636634514374e-2
40	9	6.289283703083965e0	4.262326664042917e-2
40	11	4.698949111798300e0	3.184536910360345e-2
40	13	3.189666792568554e0	2.161677300820547e-2
40	17	1.938900836006446e0	1.314017481544519e-2
40	19	6.949229112475098e0	4.709579967925717e-2
40	21	6.949229112475098e0	4.709579967925717e-2
40	23	1.938900836006446e0	1.314017481544519e-2
40	27	3.189666792568554e0	2.161677300820547e-2
40	29	4.698949111798300e0	3.184536910360345e-2
40	31	6.289283703083965e0	4.262326664042917e-2
40	33	8.960489805343869e0	6.072636634514374e-2
40	37	1.768803020607777e1	1.198740052778873e-1
40	39	3.123752393623587e1	2.117006283669622e-1
41	1	3.233265255416771e1	2.123565310283126e-1
41	2	2.360171125074314e1	1.550128780539431e-1
41	3	1.881827311441932e1	1.235958971144276e-1
41	4	1.468944567379439e1	9.647831153938953e-2
41	5	1.170681568905855e1	7.688879732188408e-2
41	6	1.188587634998405e1	7.806484375773008e-2
41	7	1.070941538842363e1	7.033800574873415e-2
41	8	5.028790596772444e0	3.302842303486608e-2
41	9	5.630015760309925e0	3.697718937508063e-2
41	10	1.556890264545057e0	1.022544671262747e-2
41	11	5.436059701958135e0	3.570331196417201e-2
41	12	3.327095917161126e0	2.185192032058398e-2
41	13	4.550527932353575e-1	2.988725791807898e-3
41	14	8.634153977164496e0	5.670796678012176e-2
41	15	3.399442768658722e0	2.232708475038483e-2
41	16	1.441653149082249e-1	9.468584774238914e-4
41	17	2.345566261048640e-2	1.540536501479010e-4
41	18	1.828952153272061e0	1.201231275519193e-2
41	19	4.592632333591674e0	3.016379398554105e-2
41	20	1.164648852527721e1	7.649257659097067e-2
41	21	1.164648852527721e1	7.649257659097067e-2
41	22	4.592632333591674e0	3.016379398554105e-2
41	23	1.828952153272061e0	1.201231275519193e-2
41	24	2.345566261048640e-2	1.540536501479010e-4
41	25	1.441653149082249e-1	9.468584774238914e-4
41	26	3.399442768658722e0	2.232708475038483e-2
41	27	8.634153977164496e0	5.670796678012176e-2
41	28	4.550527932353575e-1	2.988725791807898e-3
41	29	3.327095917161126e0	2.185192032058398e-2
41	30	5.436059701958135e0	3.570331196417201e-2
41	31	1.556890264545057e0	1.022544671262747e-2
41	32	5.630015760309925e0	3.697718937508063e-2
41	33	5.028790596772444e0	3.302842303486608e-2
41	34	1.070941538842363e1	7.033800574873415e-2
41	35	1.188587634998405e1	7.806484375773008e-2
41	36	1.170681568905855e1	7.688879732188408e-2
41	37	1.468944567379439e1	9.647831153938953e-2
41	38	1.881827311441932e1	1.235958971144276e-1
41	39	2.360171125074314e1	1.550128780539431e-1
41	40	3.233265255416771e1	2.123565310283126e-1
42	1	3.343554813106331e1	2.129895257239605e-1
42	5	1.309685999868619e1	8.342898966868444e-2
42	11	6.733827106619739e0	4.289550259873296e-2
42	13	1.331001280997930e0	8.478680548812569e-3
42	17	3.068479692726777e0	1.954668222831663e-2
42	19	3.784478845373764e0	2.410770570378819e-2
42	23	3.784478845373764e0	2.410770570378819e-2
42	25	3.068479692726777e0	1.954668222831663e-2
42	29	1.331001280997930e0	8.478680548812569e-3
42	31	6.733827106619739e0	4.289550259873296e-2
42	37	1.309685999868619e1	8.342898966868444e-2
42	41	3.343554813106331e1	2.129895257239605e-1
43	1	3.454602558755804e1	2.136009569245036e-1
43	2	2.537396143505764e1	1.568893194314594e-1
43	3	1.994782388974833e1	1.233390585152087e-1
43	4	1.701987447724186e1	1.052353031424585e-1
43	5	1.385547281117276e1	8.566954376870030e-2
43	6	1.026689581123500e1	6.348107293458967e-2
43	7	7.972484611673336e0	4.929453716182694e-2
43	8	7.864636109688265e0	4.862770088080531e-2
43	9	8.325240377076005e0	5.147565547483436e-2
43	10	5.287009964848381e0	3.269002348471971e-2
43	11	9.275446854716055e0	5.735086136169840e-2
43	12	3.952183228653388e0	2.443667846657817e-2
43	13	2.771914263833601e0	1.713897703708009e-2
43	14	3.749946008312740e0	2.318622886909764e-2
43	15	6.201401075504387e0	3.834377997095720e-2
43	16	1.449948225921320e0	8.965150788845720e-3
43	17	1.822366271353156e0	1.126784261886750e-2
43	18	6.195525049519267e-2	3.830744801230240e-4
43	19	3.033487985684108e0	1.875630917133564e-2
43	20	5.513414545171133e0	3.408990188423227e-2
43	21	1.253239102833309e1	7.748881877654036e-2
43	22	1.253239102833309e1	7.748881877654036e-2
43	23	5.513414545171133e0	3.408990188423227e-2
43	24	3.033487985684108e0	1.875630917133564e-2
43	25	6.195525049519267e-2	3.830744801230240e-4
43	26	1.822366271353156e0	1.126784261886750e-2
43	27	1.449948225921320e0	8.965150788845720e-3
43	28	6.201401075504387e0	3.834377997095720e-2
43	29	3.749946008312740e0	2.318622886909764e-2
43	30	2.771914263833601e0	1.713897703708009e-2
43	31	3.952183228653388e0	2.443667846657817e-2
43	32	9.275446854716055e0	5.735086136169840e-2
43	33	5.287009964848381e0	3.269002348471971e-2
43	34	8.325240377076005e0	5.147565547483436e-2
43	35	7.864636109688265e0	4.862770088080531e-2
43	36	7.972484611673336e0	4.929453716182694e-2
43	37	1.026689581123500e1	6.348107293458967e-2
43	38	1.385547281117276e1	8.566954376870030e-2
43	39	1.701987447724186e1	1.052353031424585e-1
43	40	1.994782388974833e1	1.233390585152087e-1
43	41	2.537396143505764e1	1.568893194314594e-1
43	42	3.454602558755804e1	2.136009569245036e-1
44	1	3.566390846285563e1	2.141920602738266e-1
44	3	2.110083259173895e1	1.267284210036855e-1
44	5	1.528166659413023e1	9.177938687296573e-2
44	7	9.688628216085659e0	5.818844115170072e-2
44	9	1.047320852277707e1	6.290051225056896e-2
44	13	3.112732167814428e0	1.869460036325480e-2
44	15	9.586936982149044e0	5.757769892384432e-2
44	17	1.239089448607350e0	7.441784518294972e-3
44	19	1.140330890570759e-1	6.848655499988940e-4
44	21	8.280174317153985e0	4.972947926514580e-2
44	23	8.280174317153985e0	4.972947926514580e-2
44	25	1.140330890570759e-1	6.848655499988940e-4
44	27	1.239089448607350e0	7.441784518294972e-3
44	29	9.586936982149044e0	5.757769892384432e-2
44	31	3.112732167814428e0	1.869460036325480e-2
44	35	1.047320852277707e1	6.290051225056896e-2
44	37	9.688628216085659e0	5.818844115170072e-2
44	39	1.528166659413023e1	9.177938687296573e-2
44	41	2.110083259173895e1	1.267284210036855e-1
44	43	3.566390846285563e1	2.141920602738266e-1
45	1	3.678902832619993e1	2.147639736912347e-1
45	2	2.717582814960258e1	1.586448217661210e-1
45	4	1.738124170796710e1	1.014667879725547e-1
45	7	1.097480461455703e1	6.406781469214817e-2
45	8	9.611033924186282e0	5.610650595437228e-2
45	11	1.384775719493768e0	8.083930174851118e-3
45	13	5.227577077212254e0	3.051712091780820e-2
45	14	7.211617519040043e-1	4.209938956249524e-3
45	16	4.669084631277917e0	2.725679950073029e-2
45	17	3.220593895830242e0	1.880091902893925e-2
45	19	1.020012732524156e0	5.954546711866634e-3
45	22	1.343312156960517e1	7.841877588572446e-2
45	23	1.343312156960517e1	7.841877588572446e-2
45	26	1.020012732524156e0	5.954546711866634e-3
45	28	3.220593895830242e0	1.880091902893925e-2
45	29	4.669084631277917e0	2.725679950073029e-2
45	31	7.211617519040043e-1	4.209938956249524e-3
45	32	5.227577077212254e0	3.051712091780820e-2
45	34	1.384775719493768e0	8.083930174851118e-3
45	37	9.611033924186282e0	5.610650595437228e-2
45	38	1.097480461455703e1	6.406781469214817e-2
45	41	1.738124170796710e1	1.014667879725547e-1
45	43	2.717582814960258e1	1.586448217661210e-1
45	44	3.678902832619993e1	2.147639736912347e-1
46	1	3.792122424075696e1	2.153177471184467e-1
46	3	2.227426476614104e1	1.264738837996320e-1
46	5	1.473424480576312e1	8.366144449679462e-2
46	7	1.113693188439471e1	6.323580346285781e-2
46	9	5.315296840036172e0	3.018040065363517e-2
46	11	3.806268093539401e0	2.161209420947138e-2
46	13	2.668219377692931e0	1.515022251325812e-2
46	15	4.332510387016534e0	2.460011232699191e-2
46	17	2.683886190205276e0	1.523917910266748e-2
46	19	6.945514173811186e-1	3.943681920682665e-3
46	21	3.706850489454474e0	2.104759833772489e-2
46	25	3.706850489454474e0	2.104759833772489e-2
46	27	6.945514173811186e-1	3.943681920682665e-3
46	29	2.683886190205276e0	1.523917910266748e-2
46	31	4.332510387016534e0	2.460011232699191e-2
46	33	2.668219377692931e0	1.515022251325812e-2
46	35	3.806268093539401e0	2.161209420947138e-2
46	37	5.315296840036172e0	3.018040065363517e-2
46	39	1.113693188439471e1	6.323580346285781e-2
46	41	1.473424480576312e1	8.366144449679462e-2
46	43	2.227426476614104e1	1.264738837996320e-1
46	45	3.792122424075696e1	2.153177471184467e-1
47	1	3.906034227419812e1	2.158543511027623e-1
47	2	2.900599457852907e1	1.602922497167793e-1
47	3	2.344851800596286e1	1.295806524932060e-1
47	4	1.976967817116355e1	1.092507337286142e-1
47	5	1.616171718401694e1	8.931250399633006e-2
47	6	1.519193883245031e1	8.395333752202096e-2
47	7	1.245124706153477e1	6.880779067476668e-2
47	8	1.260593382930054e1	6.966261707761466e-2
47	9	7.392438611656865e0	4.085192158288521e-2
47	10	8.004246778116935e0	4.423288158173919e-2
47	11	5.066252471660995e0	2.799700607118144e-2
47	12	1.046210820034843e1	5.781545796245739e-2
47	13	4.784284787103232e0	2.643880283898987e-2
47	14	2.197155338198740e0	1.214186850871869e-2
47	15	1.172535473974421e0	6.479638148150725e-3
47	16	1.056149525687242e1	5.836468839273372e-2
47	17	3.452347584206910e0	1.907828257978239e-2
47	18	1.240954630608645e0	6.857734493405592e-3
47	19	3.760404842708901e0	2.078066140610332e-2
47	20	2.609986672039905e0	1.442324738286225e-2
47	21	2.048823628782261e0	1.132216128087886e-2
47	22	6.246400962421023e0	3.451871509486766e-2
47	23	1.434801921894879e1	7.928968866619424e-2
47	24	1.434801921894879e1	7.928968866619424e-2
47	25	6.246400962421023e0	3.451871509486766e-2
47	26	2.048823628782261e0	1.132216128087886e-2
47	27	2.609986672039905e0	1.442324738286225e-2
47	28	3.760404842708901e0	2.078066140610332e-2
47	29	1.240954630608645e0	6.857734493405592e-3
47	30	3.452347584206910e0	1.907828257978239e-2
47	31	1.056149525687242e1	5.836468839273372e-2
47	32	1.172535473974421e0	6.479638148150725e-3
47	33	2.197155338198740e0	1.214186850871869e-2
47	34	4.784284787103232e0	2.643880283898987e-2
47	35	1.046210820034843e1	5.781545796245739e-2
47	36	5.066252471660995e0	2.799700607118144e-2
47	37	8.004246778116935e0	4.423288158173919e-2
47	38	7.392438611656865e0	4.085192158288521e-2
47	39	1.260593382930054e1	6.966261707761466e-2
47	40	1.245124706153477e1	6.880779067476668e-2
47	41	1.519193883245031e1	8.395333752202096e-2
47	42	1.616171718401694e1	8.931250399633006e-2
47	43	1.976967817116355e1	1.092507337286142e-1
47	44	2.344851800596286e1	1.295806524932060e-1
47	45	2.900599457852907e1	1.602922497167793e-1
47	46	3.906034227419812e1	2.158543511027623e-1
48	1	4.020623505100632e1	2.163746843772187e-1
48	5	1.695578782300570e1	9.124960926870271e-2
48	7	1.424676361694447e1	7.667067003668744e-2
48	11	5.819275955826215e0	3.131713269467940e-2
48	13	5.189008250562173e0	2.792527131729217e-2
48	17	5.685195437677662e0	3.059556227758558e-2
48	19	2.360771383273586e0	1.270477482645586e-2
48	23	9.669041627245250e0	5.203510917327277e-2
48	25	9.669041627245250e0	5.203510917327277e-2
48	29	2.360771383273586e0	1.270477482645586e-2
48	31	5.685195437677662e0	3.059556227758558e-2
48	35	5.189008250562173e0	2.792527131729217e-2
48	37	5.819275955826215e0	3.131713269467940e-2
48	41	1.424676361694447e1	7.667067003668744e-2
48	43	1.695578782300570e1	9.124960926870271e-2
48	47	4.020623505100632e1	2.163746843772187e-1
49	1	4.135876134215022e1	2.168795805734401e-1
49	2	3.086325603854580e1	1.618426134524682e-1
49	3	2.466300325600416e1	1.293293519502072e-1
49	4	2.018631698776432e1	1.058542330465553e-1
49	5	1.841560212890794e1	9.656885109986368e-2
49	6	1.365739177934525e1	7.161745914795699e-2
49	8	8.755958652622386e0	4.591502691266040e-2
49	9	1.012412760536450e1	5.308951422792499e-2
49	10	1.198972306655229e1	6.287243683034273e-2
49	11	8.040134477699800e0	4.216134469918172e-2
49	12	1.184206414482660e0	6.209813402308825e-3
49	13	6.731028086147807e0	3.529657322362851e-2
49	15	1.471486103984912e0	7.716268057734376e-3
49	16	4.935897385849455e0	2.588315800709409e-2
49	17	7.716991705537103e0	4.046682903629217e-2
49	18	3.319017288062462e0	1.740446410848821e-2
49	19	6.601148864369274e-1	3.461550468505441e-3
49	20	1.935089912295833e0	1.014734181903321e-2
49	22	3.256155073170540e0	1.707482341429791e-2
49	23	7.209815970465606e0	3.780727016340030e-2
49	24	1.527647952390545e1	8.010772963857600e-2
49	25	1.527647952390545e1	8.010772963857600e-2
49	26	7.209815970465606e0	3.780727016340030e-2
49	27	3.256155073170540e0	1.707482341429791e-2
49	29	1.935089912295833e0	1.014734181903321e-2
49	30	6.601148864369274e-1	3.461550468505441e-3
49	31	3.319017288062462e0	1.740446410848821e-2
49	32	7.716991705537103e0	4.046682903629217e-2
49	33	4.935897385849455e0	2.588315800709409e-2
49	34	1.471486103984912e0	7.716268057734376e-3
49	36	6.731028086147807e0	3.529657322362851e-2
49	37	1.184206414482660e0	6.209813402308825e-3
49	38	8.040134477699800e0	4.216134469918172e-2
49	39	1.198972306655229e1	6.287243683034273e-2
49	40	1.012412760536450e1	5.308951422792499e-2
49	41	8.755958652622386e0	4.591502691266040e-2
49	43	1.365739177934525e1	7.161745914795699e-2
49	44	1.841560212890794e1	9.656885109986368e-2
49	45	2.018631698776432e1	1.058542330465553e-1
49	46	2.466300325600416e1	1.293293519502072e-1
49	47	3.086325603854580e1	1.618426134524682e-1
49	48	4.135876134215022e1	2.168795805734401e-1
50	1	4.251778568830648e1	2.173698141821289e-1
50	3	2.585717053734205e1	1.321933460077500e-1
50	7	1.160702488049500e1	5.934026903415250e-2
50	9	9.528981634531974e0	4.871638853508781e-2
50	11	6.530311775913543e0	3.338585569078902e-2
50	13	8.681297062193472e0	4.438264831340561e-2
50	17	1.155643050388676e1	5.908160809817109e-2
50	19	2.420527752176972e0	1.237481348559739e-2
50	21	6.628187527947548e-1	3.388624002849970e-3
50	23	5.679863954040550e0	2.903798850957383e-2
50	27	5.679863954040550e0	2.903798850957383e-2
50	29	6.628187527947548e-1	3.388624002849970e-3
50	31	2.420527752176972e0	1.237481348559739e-2
50	33	1.155643050388676e1	5.908160809817109e-2
50	37	8.681297062193472e0	4.438264831340561e-2
50	39	6.530311775913543e0	3.338585569078902e-2
50	41	9.528981634531974e0	4.871638853508781e-2
50	43	1.160702488049500e1	5.934026903415250e-2
50	47	2.585717053734205e1	1.321933460077500e-1
50	49	4.251778568830648e1	2.173698141821289e-1
51	1	4.368317805326904e1	2.178461058589192e-1
51	2	3.274650623867500e1	1.633053999844294e-1
51	4	2.262790761788979e1	1.128443894874487e-1
51	5	1.793499870854357e1	8.944105720688458e-2
51	7	1.337442691393873e1	6.669768435216306e-2
51	8	1.171153792947042e1	5.840492943171366e-2
51	10	5.566909974848747e0	2.776193751766690e-2
51	11	8.764504691342644e0	4.370820306304018e-2
51	13	1.167600060919518e1	5.822770636371291e-2
51	14	6.330057797306562e0	3.156772246111626e-2
51	16	5.890476301618665e-1	2.937554869284160e-3
51	19	1.386417006689455e0	6.914001211989996e-3
51	20	5.004881842747182e-1	2.495912770808333e-3
51	22	4.632227638805412e-1	2.310071742800540e-3
51	23	3.845358836141093e0	1.917663698968975e-2
51	25	1.621794755899746e1	8.087819792881039e-2
51	26	1.621794755899746e1	8.087819792881039e-2
51	28	3.845358836141093e0	1.917663698968975e-2
51	29	4.632227638805412e-1	2.310071742800540e-3
51	31	5.004881842747182e-1	2.495912770808333e-3
51	32	1.386417006689455e0	6.914001211989996e-3
51	35	5.890476301618665e-1	2.937554869284160e-3
51	37	6.330057797306562e0	3.156772246111626e-2
51	38	1.167600060919518e1	5.822770636371291e-2
51	40	8.764504691342644e0	4.370820306304018e-2
51	41	5.566909974848747e0	2.776193751766690e-2
51	43	1.171153792947042e1	5.840492943171366e-2
51	44	1.337442691393873e1	6.669768435216306e-2
51	46	1.793499870854357e1	8.944105720688458e-2
51	47	2.262790761788979e1	1.128443894874487e-1
51	49	3.274650623867500e1	1.633053999844294e-1
51	50	4.368317805326904e1	2.178461058589192e-1
52	1	4.485481350458089e1	2.183091271589477e-1
52	3	2.711022291399709e1	1.319459081205361e-1
52	5	1.939595696959505e1	9.440044681073897e-2
52	7	1.470821380296143e1	7.158512245433309e-2
52	9	1.234387261529968e1	6.007783436959558e-2
52	11	9.574580728158262e0	4.659964446098176e-2
52	15	6.371628987710569e0	3.101082479689023e-2
52	17	5.558825084275798e0	2.705489461133482e-2
52	19	4.650207047203672e0	2.263263543565383e-2
52	21	4.486468494582921e0	2.183571716285229e-2
52	23	4.003564134514938e0	1.948541356975129e-2
52	25	1.111099715426666e1	5.407740889092724e-2
52	27	1.111099715426666e1	5.407740889092724e-2
52	29	4.003564134514938e0	1.948541356975129e-2
52	31	4.486468494582921e0	2.183571716285229e-2
52	33	4.650207047203672e0	2.263263543565383e-2
52	35	5.558825084275798e0	2.705489461133482e-2
52	37	6.371628987710569e0	3.101082479689023e-2
52	41	9.574580728158262e0	4.659964446098176e-2
52	43	1.234387261529968e1	6.007783436959558e-2
52	45	1.470821380296143e1	7.158512245433309e-2
52	47	1.939595696959505e1	9.440044681073897e-2
52	49	2.711022291399709e1	1.319459081205361e-1
52	51	4.485481350458089e1	2.183091271589477e-1
53	1	4.603257191876639e1	2.187595047714899e-1
53	2	3.465472569714619e1	1.646888347858945e-1
53	3	2.832313070703766e1	1.345993453935993e-1
53	4	2.309540855940661e1	1.097557648498736e-1
53	5	2.022192423740667e1	9.610017314496862e-2
53	6	1.874242297918986e1	8.906917424428895e-2
53	7	1.491598964092518e1	7.088490542704635e-2
53	8	1.356467106514937e1	6.446306606193548e-2
53	9	1.454356540797121e1	6.911504253714125e-2
53	10	9.450674000807867e0	4.491221493819431e-2
53	11	1.093928948465637e1	5.198652715817069e-2
53	12	7.552361361467671e0	3.589090859849305e-2
53	13	9.575283629520464e-1	4.550439433488393e-3
53	14	7.992043464367179e0	3.798039947588571e-2
53	15	2.743551007200939e0	1.303811268051093e-2
53	16	3.753389841787612e0	1.783714593337896e-2
53	17	1.971422284493234e0	9.368743580356014e-3
53	18	1.257051360123376e1	5.973855501669457e-2
53	19	5.576295581218409e0	2.650009784288145e-2
53	20	4.126050721409793e0	1.960813343365855e-2
53	21	2.932592577367372e0	1.393649047143281e-2
53	22	3.703272984900915e-1	1.759897677757805e-3
53	23	1.070783090108449e0	5.088657199584241e-3
53	24	5.114186529341860e0	2.430402790533090e-2
53	25	8.022240505026245e0	3.812390415930420e-2
53	26	1.717191207181575e1	8.160567233651653e-2
53	27	1.717191207181575e1	8.160567233651653e-2
53	28	8.022240505026245e0	3.812390415930420e-2
53	29	5.114186529341860e0	2.430402790533090e-2
53	30	1.070783090108449e0	5.088657199584241e-3
53	31	3.703272984900915e-1	1.759897677757805e-3
53	32	2.932592577367372e0	1.393649047143281e-2
53	33	4.126050721409793e0	1.960813343365855e-2
53	34	5.576295581218409e0	2.650009784288145e-2
53	35	1.257051360123376e1	5.973855501669457e-2
53	36	1.971422284493234e0	9.368743580356014e-3
53	37	3.753389841787612e0	1.783714593337896e-2
53	38	2.743551007200939e0	1.303811268051093e-2
53	39	7.992043464367179e0	3.798039947588571e-2
53	40	9.575283629520464e-1	4.550439433488393e-3
53	41	7.552361361467671e0	3.589090859849305e-2
53	42	1.093928948465637e1	5.198652715817069e-2
53	43	9.450674000807867e0	4.491221493819431e-2
53	44	1.454356540797121e1	6.911504253714125e-2
53	45	1.356467106514937e1	6.446306606193548e-2
53	46	1.491598964092518e1	7.088490542704635e-2
53	47	1.874242297918986e1	8.906917424428895e-2
53	48	2.022192423740667e1	9.610017314496862e-2
53	49	2.309540855940661e1	1.097557648498736e-1
53	50	2.832313070703766e1	1.345993453935993e-1
53	51	3.465472569714619e1	1.646888347858945e-1
53	52	4.603257191876639e1	2.187595047714899e-1
54	1	4.721633770883960e1	2.191978243159117e-1
54	5	2.171214270257815e1	1.007967723161791e-1
54	7	1.627416138453466e1	7.555140743980615e-2
54	11	1.353896142945533e1	6.285347472593272e-2
54	13	3.805688040362504e0	1.766758242912965e-2
54	17	8.100912732340217e-2	3.760779704796133e-4
54	19	6.625458668194427e0	3.075812728464382e-2
54	23	3.329241680581055e0	1.545572080378852e-2
54	25	5.707725518855755e0	2.649762934263665e-2
54	29	5.707725518855755e0	2.649762934263665e-2
54	31	3.329241680581055e0	1.545572080378852e-2
54	35	6.625458668194427e0	3.075812728464382e-2
54	37	8.100912732340217e-2	3.760779704796133e-4
54	41	3.805688040362504e0	1.766758242912965e-2
54	43	1.353896142945533e1	6.285347472593272e-2
54	47	1.627416138453466e1	7.555140743980615e-2
54	49	2.171214270257815e1	1.007967723161791e-1
54	53	4.721633770883960e1	2.191978243159117e-1
55	1	4.840599957202283e1	2.196246337516932e-1
55	2	3.658697190803259e1	1.660000904108870e-1
55	3	2.961254803762332e1	1.343561763979428e-1
55	4	2.558605055790731e1	1.160874071936425e-1
55	6	1.728246424903889e1	7.841290159444760e-2
55	7	1.811033640351317e1	8.216907067115697e-2
55	8	1.665478542354108e1	7.556503700364334e-2
55	9	9.500034604577124e0	4.310295498710374e-2
55	12	8.338534378118796e0	3.783306976432537e-2
55	13	5.692555360648565e0	2.582790144294987e-2
55	14	1.291496867996549e1	5.859697746829273e-2
55	16	5.170961989632865e0	2.346136105354650e-2
55	17	2.083949029310575e0	9.455161475150289e-3
55	18	6.200160597386113e0	2.813097575593976e-2
55	19	9.310653352111473e0	4.224370636957813e-2
55	21	2.191236312319405e0	9.941938536782279e-3
55	23	4.189173134333135e-1	1.900685087561141e-3
55	24	2.192411167222999e0	9.947269013999865e-3
55	26	9.023235180382743e0	4.093965085460872e-2
55	27	1.813790051757006e1	8.229413282270757e-2
55	28	1.813790051757006e1	8.229413282270757e-2
55	29	9.023235180382743e0	4.093965085460872e-2
55	31	2.192411167222999e0	9.947269013999865e-3
55	32	4.189173134333135e-1	1.900685087561141e-3
55	34	2.191236312319405e0	9.941938536782279e-3
55	36	9.310653352111473e0	4.224370636957813e-2
55	37	6.200160597386113e0	2.813097575593976e-2
55	38	2.083949029310575e0	9.455161475150289e-3
55	39	5.170961989632865e0	2.346136105354650e-2
55	41	1.291496867996549e1	5.859697746829273e-2
55	42	5.692555360648565e0	2.582790144294987e-2
55	43	8.338534378118796e0	3.783306976432537e-2
55	46	9.500034604577124e0	4.310295498710374e-2
55	47	1.665478542354108e1	7.556503700364334e-2
55	48	1.811033640351317e1	8.216907067115697e-2
55	49	1.728246424903889e1	7.841290159444760e-2
55	51	2.558605055790731e1	1.160874071936425e-1
55	52	2.961254803762332e1	1.343561763979428e-1
55	53	3.658697190803259e1	1.660000904108870e-1
55	54	4.840599957202283e1	2.196246337516932e-1
56	1	4.960145025583550e1	2.200404464480859e-1
56	3	3.084315352866366e1	1.368254604917638e-1
56	5	2.129202597009891e1	9.445503863455305e-2
56	9	1.164068695157132e1	5.164006174365466e-2
56	11	5.787100643162660e0	2.567256002785331e-2
56	13	7.226233270086643e0	3.205679645830132e-2
56	15	7.767628127015938e0	3.445851587192682e-2
56	17	2.833684468914026e0	1.257070493739229e-2
56	19	1.360265558741594e1	6.034368739011655e-2
56	23	1.088717561050164e0	4.829735762840227e-3
56	25	2.106777616046651e0	9.346022844305857e-3
56	27	1.260195214684862e1	5.590439719418797e-2
56	29	1.260195214684862e1	5.590439719418797e-2
56	31	2.106777616046651e0	9.346022844305857e-3
56	33	1.088717561050164e0	4.829735762840227e-3
56	37	1.360265558741594e1	6.034368739011655e-2
56	39	2.833684468914026e0	1.257070493739229e-2
56	41	7.767628127015938e0	3.445851587192682e-2
56	43	7.226233270086643e0	3.205679645830132e-2
56	45	5.787100643162660e0	2.567256002785331e-2
56	47	1.164068695157132e1	5.164006174365466e-2
56	51	2.129202597009891e1	9.445503863455305e-2
56	53	3.084315352866366e1	1.368254604917638e-1
56	55	4.960145025583550e1	2.200404464480859e-1
57	1	5.080258634091061e1	2.204457439528693e-1
57	2	3.854237093921523e1	1.672454543630319e-1
57	4	2.610065498294483e1	1.132575862725123e-1
57	5	2.278327983468748e1	9.886262559824747e-2
57	7	1.555499347526651e1	6.749719563147130e-2
57	8	1.290195915413954e1	5.598498401435604e-2
57	10	1.242504321274788e1	5.391552068432861e-2
57	11	8.290643277563015e0	3.597527521346809e-2
57	13	7.655191917963749e0	3.321788513154000e-2
57	14	7.067287766941812e-1	3.066681485580002e-3
57	16	4.534201040880881e0	1.967508730719760e-2
57	17	2.328582569342304e0	1.010433038604914e-2
57	20	7.698186793597801e0	3.340445117134173e-2
57	22	1.945854382064400e0	8.443572419711746e-3
57	23	5.243342237705631e0	2.275223691632630e-2
57	25	2.199356625121903e0	9.543585127520090e-3
57	26	4.255501289985709e0	1.846573600540983e-2
57	28	1.911547481955974e1	8.294705783939138e-2
57	29	1.911547481955974e1	8.294705783939138e-2
57	31	4.255501289985709e0	1.846573600540983e-2
57	32	2.199356625121903e0	9.543585127520090e-3
57	34	5.243342237705631e0	2.275223691632630e-2
57	35	1.945854382064400e0	8.443572419711746e-3
57	37	7.698186793597801e0	3.340445117134173e-2
57	40	2.328582569342304e0	1.010433038604914e-2
57	41	4.534201040880881e0	1.967508730719760e-2
57	43	7.067287766941812e-1	3.066681485580002e-3
57	44	7.655191917963749e0	3.321788513154000e-2
57	46	8.290643277563015e0	3.597527521346809e-2
57	47	1.242504321274788e1	5.391552068432861e-2
57	49	1.290195915413954e1	5.598498401435604e-2
57	50	1.555499347526651e1	6.749719563147130e-2
57	52	2.278327983468748e1	9.886262559824747e-2
57	53	2.610065498294483e1	1.132575862725123e-1
57	55	3.854237093921523e1	1.672454543630319e-1
57	56	5.080258634091061e1	2.204457439528693e-1
58	1	5.200930803906956e1	2.208409784944853e-1
58	3	3.216697146509696e1	1.365868095806968e-1
58	5	2.363823367326141e1	1.003722381840351e-1
58	7	1.736655938385609e1	7.374156880788174e-2
58	9	1.448581246700789e1	6.150939360889959e-2
58	11	9.625053412344180e0	4.086972685825797e-2
58	13	9.850887712303932e0	4.182866035807041e-2
58	15	1.073089314594198e1	4.556532343574685e-2
58	17	4.362893166330836e0	1.852563766461989e-2
58	19	6.858895462636587e0	2.912411724882367e-2
58	21	3.922768184000088e0	1.665678696418805e-2
58	23	3.534635044382626e0	1.500870308130179e-2
58	25	8.566967674689273e-1	3.637690243038371e-3
58	27	7.779327853166431e0	3.303244053606934e-2
58	31	7.779327853166431e0	3.303244053606934e-2
58	33	8.566967674689273e-1	3.637690243038371e-3
58	35	3.534635044382626e0	1.500870308130179e-2
58	37	3.922768184000088e0	1.665678696418805e-2
58	39	6.858895462636587e0	2.912411724882367e-2
58	41	4.362893166330836e0	1.852563766461989e-2
58	43	1.073089314594198e1	4.556532343574685e-2
58	45	9.850887712303932e0	4.182866035807041e-2
58	47	9.625053412344180e0	4.086972685825797e-2
58	49	1.448581246700789e1	6.150939360889959e-2
58	51	1.736655938385609e1	7.374156880788174e-2
58	53	2.363823367326141e1	1.003722381840351e-1
58	55	3.216697146509696e1	1.365868095806968e-1
58	57	5.200930803906956e1	2.208409784944853e-1
59	1	5.322151900533817e1	2.212265752473937e-1
59	2	4.052011021036017e1	1.684304653083243e-1
59	3	3.341434185423592e1	1.388938262325211e-1
59	4	2.863683435742627e1	1.190350991332074e-1
59	5	2.515620232108846e1	1.045671110057332e-1
59	6	2.250955117983812e1	9.356574203325628e-2
59	7	1.874174449447880e1	7.790405133418637e-2
59	8	1.595832738056274e1	6.633418547720335e-2
59	9	1.394398423263991e1	5.796113930497133e-2
59	10	1.651756464246109e1	6.865877422462513e-2
59	11	1.044772377440114e1	4.342818831438670e-2
59	12	1.511785446259497e1	6.284058084687434e-2
59	13	7.371960199484685e0	3.064312214817679e-2
59	14	5.395842078342021e0	2.242896643832459e-2
59	15	1.417717436539660e1	5.893044374075930e-2
59	16	6.040774709987253e0	2.510976623567448e-2
59	17	7.559091158338215e0	3.142097182108401e-2
59	18	2.522041939610218e0	1.048340429506156e-2
59	19	2.842471836017281e0	1.181533938285756e-2
59	20	1.465188493489906e1	6.090367929448778e-2
59	21	5.780143374105790e0	2.402639659653610e-2
59	22	1.272064141263855e0	5.287605440923123e-3
59	23	5.514195305939603e-1	2.292092682766001e-3
59	24	3.003203768994365e0	1.248345588403911e-2
59	25	2.039293806002048e0	8.476758894833604e-3
59	26	3.366736022658671e0	1.399455509678527e-2
59	27	5.526530223945454e0	2.297219954060378e-2
59	28	9.906297360227196e0	4.117763414767523e-2
59	29	2.010422772747665e1	8.356750298121431e-2
59	30	2.010422772747665e1	8.356750298121431e-2
59	31	9.906297360227196e0	4.117763414767523e-2
59	32	5.526530223945454e0	2.297219954060378e-2
59	33	3.366736022658671e0	1.399455509678527e-2
59	34	2.039293806002048e0	8.476758894833604e-3
59	35	3.003203768994365e0	1.248345588403911e-2
59	36	5.514195305939603e-1	2.292092682766001e-3
59	37	1.272064141263855e0	5.287605440923123e-3
59	38	5.780143374105790e0	2.402639659653610e-2
59	39	1.465188493489906e1	6.090367929448778e-2
59	40	2.842471836017281e0	1.181533938285756e-2
59	41	2.522041939610218e0	1.048340429506156e-2
59	42	7.559091158338215e0	3.142097182108401e-2
59	43	6.040774709987253e0	2.510976623567448e-2
59	44	1.417717436539660e1	5.893044374075930e-2
59	45	5.395842078342021e0	2.242896643832459e-2
59	46	7.371960199484685e0	3.064312214817679e-2
59	47	1.511785446259497e1	6.284058084687434e-2
59	48	1.044772377440114e1	4.342818831438670e-2
59	49	1.651756464246109e1	6.865877422462513e-2
59	50	1.394398423263991e1	5.796113930497133e-2
59	51	1.595832738056274e1	6.633418547720335e-2
59	52	1.874174449447880e1	7.790405133418637e-2
59	53	2.250955117983812e1	9.356574203325628e-2
59	54	2.515620232108846e1	1.045671110057332e-1
59	55	2.863683435742627e1	1.190350991332074e-1
59	56	3.341434185423592e1	1.388938262325211e-1
59	57	4.052011021036017e1	1.684304653083243e-1
59	58	5.322151900533817e1	2.212265752473937e-1
60	1	5.443912616272090e1	2.216029343867087e-1
60	7	1.898942675971029e1	7.729941659414331e-2
60	11	1.273407822839987e1	5.183604699473876e-2
60	13	9.568598614345975e0	3.895046964144147e-2
60	17	2.776312210218935e0	1.130141087715459e-2
60	19	3.218988249164115e-1	1.310339257905988e-3
60	23	1.244027884852942e0	5.064009090048255e-3
60	29	1.413840293923911e1	5.755256925895630e-2
60	31	1.413840293923911e1	5.755256925895630e-2
60	37	1.244027884852942e0	5.064009090048255e-3
60	41	3.218988249164115e-1	1.310339257905988e-3
60	43	2.776312210218935e0	1.130141087715459e-2
60	47	9.568598614345975e0	3.895046964144147e-2
60	49	1.273407822839987e1	5.183604699473876e-2
60	53	1.898942675971029e1	7.729941659414331e-2
60	59	5.443912616272090e1	2.216029343867087e-1
61	1	5.566203953866879e1	2.219704329549131e-1
61	2	4.251943225075512e1	1.695600244604858e-1
61	3	3.477079733165176e1	1.386598299642339e-1
61	4	2.919530039616486e1	1.164257278909699e-1
61	5	2.479133445411909e1	9.886348556250689e-2
61	6	2.111638456778202e1	8.420843116423686e-2
61	7	2.038612668798028e1	8.129629105776949e-2
61	8	1.790280388594805e1	7.139323608345503e-2
61	9	1.685949719903843e1	6.723271234200641e-2
61	10	1.020908839825144e1	4.071205062941625e-2
61	11	1.128836351355482e1	4.501601014306157e-2
61	12	5.978708071804967e0	2.384203723414841e-2
61	13	1.004724311909652e1	4.006664009499325e-2
61	14	7.055335968384204e0	2.813544010468121e-2
61	15	4.335127880077940e-1	1.728772823330197e-3
61	16	9.435877122785339e0	3.762861992864937e-2
61	17	5.950725853919109e0	2.373044906615023e-2
61	18	4.659162239836141e0	1.857992032191253e-2
61	19	6.344098369934053e-1	2.529914953807133e-3
61	20	7.534126173019743e0	3.004477130954463e-2
61	21	1.097384714436253e1	4.376177412836218e-2
61	22	5.257587074258166e0	2.096633340861499e-2
61	23	5.080347108363388e0	2.025953156857019e-2
61	24	1.270471045851673e0	5.066415288438451e-3
61	25	1.902425885444027e0	7.586540143993151e-3
61	26	4.090259523439173e0	1.631123625437789e-2
61	27	5.029932453415952e0	2.005848678331433e-2
61	28	6.174003904525990e0	2.462084269838693e-2
61	29	1.094089244608366e1	4.363035658230228e-2
61	30	2.110377967166924e1	8.415816505342427e-2
61	31	2.110377967166924e1	8.415816505342427e-2
61	32	1.094089244608366e1	4.363035658230228e-2
61	33	6.174003904525990e0	2.462084269838693e-2
61	34	5.029932453415952e0	2.005848678331433e-2
61	35	4.090259523439173e0	1.631123625437789e-2
61	36	1.902425885444027e0	7.586540143993151e-3
61	37	1.270471045851673e0	5.066415288438451e-3
61	38	5.080347108363388e0	2.025953156857019e-2
61	39	5.257587074258166e0	2.096633340861499e-2
61	40	1.097384714436253e1	4.376177412836218e-2
61	41	7.534126173019743e0	3.004477130954463e-2
61	42	6.344098369934053e-1	2.529914953807133e-3
61	43	4.659162239836141e0	1.857992032191253e-2
61	44	5.950725853919109e0	2.373044906615023e-2
61	45	9.435877122785339e0	3.762861992864937e-2
61	46	4.335127880077940e-1	1.728772823330197e-3
61	47	7.055335968384204e0	2.813544010468121e-2
61	48	1.004724311909652e1	4.006664009499325e-2
61	49	5.978708071804967e0	2.384203723414841e-2
61	50	1.128836351355482e1	4.501601014306157e-2
61	51	1.020908839825144e1	4.071205062941625e-2
61	52	1.685949719903843e1	6.723271234200641e-2
61	53	1.790280388594805e1	7.139323608345503e-2
61	54	2.038612668798028e1	8.129629105776949e-2
61	55	2.111638456778202e1	8.420843116423686e-2
61	56	2.479133445411909e1	9.886348556250689e-2
61	57	2.919530039616486e1	1.164257278909699e-1
61	58	3.477079733165176e1	1.386598299642339e-1
61	59	4.251943225075512e1	1.695600244604858e-1
61	60	5.566203953866879e1	2.219704329549131e-1
62	1	5.689017211228153e1	2.223294265606536e-1
62	3	3.603409328551675e1	1.408229048945436e-1
62	5	2.631024903950006e1	1.028216713789345e-1
62	7	2.225836467988121e1	8.698671970422053e-2
62	9	1.910379287345507e1	7.465850703186477e-2
62	11	1.358562371986594e1	5.309324649511024e-2
62	13	1.165949535512146e1	4.556584766828539e-2
62	15	3.710583303223764e0	1.450113134449772e-2
62	17	8.032166361623714e0	3.139007802077037e-2
62	19	1.522064988071389e0	5.948300443142901e-3
62	21	1.571732949326759e1	6.142405135295154e-2
62	23	2.904460089521721e0	1.135076450282463e-2
62	25	6.028292176244744e0	2.355884492736892e-2
62	27	1.742945428190400e0	6.811511429624041e-3
62	29	7.897749575986728e0	3.086477099916715e-2
62	33	7.897749575986728e0	3.086477099916715e-2
62	35	1.742945428190400e0	6.811511429624041e-3
62	37	6.028292176244744e0	2.355884492736892e-2
62	39	2.904460089521721e0	1.135076450282463e-2
62	41	1.571732949326759e1	6.142405135295154e-2
62	43	1.522064988071389e0	5.948300443142901e-3
62	45	8.032166361623714e0	3.139007802077037e-2
62	47	3.710583303223764e0	1.450113134449772e-2
62	49	1.165949535512146e1	4.556584766828539e-2
62	51	1.358562371986594e1	5.309324649511024e-2
62	53	1.910379287345507e1	7.465850703186477e-2
62	55	2.225836467988121e1	8.698671970422053e-2
62	57	2.631024903950006e1	1.028216713789345e-1
62	59	3.603409328551675e1	1.408229048945436e-1
62	61	5.689017211228153e1	2.223294265606536e-1
63	1	5.812343967137674e1	2.226802509271953e-1
63	2	4.453962927625981e1	1.706384873214243e-1
63	4	3.177397355094561e1	1.217312059176529e-1
63	5	2.719176667720333e1	1.041760339902121e-1
63	8	2.107574234597165e1	8.074456055272065e-2
63	10	1.421679402525466e1	5.446682575606375e-2
63	11	1.445496185583910e1	5.537928504232045e-2
63	13	1.367390066290336e1	5.238691391948622e-2
63	16	1.546103148406336e1	5.923369969034987e-2
63	17	7.592000762863687e0	2.908617666938396e-2
63	19	4.796483691459408e0	1.837610089872856e-2
63	20	1.042533424744904e0	3.994113320456291e-3
63	22	8.741381541429076e0	3.348963939679508e-2
63	23	5.970515947702675e0	2.287400740417608e-2
63	25	4.164264429813031e0	1.595396716713265e-2
63	26	1.294940788797941e0	4.961126550935858e-3
63	29	7.496263294205273e0	2.871939102034935e-2
63	31	2.211377603165566e1	8.472143464871168e-2
63	32	2.211377603165566e1	8.472143464871168e-2
63	34	7.496263294205273e0	2.871939102034935e-2
63	37	1.294940788797941e0	4.961126550935858e-3
63	38	4.164264429813031e0	1.595396716713265e-2
63	40	5.970515947702675e0	2.287400740417608e-2
63	41	8.741381541429076e0	3.348963939679508e-2
63	43	1.042533424744904e0	3.994113320456291e-3
63	44	4.796483691459408e0	1.837610089872856e-2
63	46	7.592000762863687e0	2.908617666938396e-2
63	47	1.546103148406336e1	5.923369969034987e-2
63	50	1.367390066290336e1	5.238691391948622e-2
63	52	1.445496185583910e1	5.537928504232045e-2
63	53	1.421679402525466e1	5.446682575606375e-2
63	55	2.107574234597165e1	8.074456055272065e-2
63	58	2.719176667720333e1	1.041760339902121e-1
63	59	3.177397355094561e1	1.217312059176529e-1
63	61	4.453962927625981e1	1.706384873214243e-1
63	62	5.812343967137674e1	2.226802509271953e-1
64	1	5.936176067864290e1	2.230232233060302e-1
64	3	3.742159510027846e1	1.405936189409543e-1
64	5	2.873525811591302e1	1.079588916210731e-1
64	7	1.977758424577457e1	7.430474664620486e-2
64	9	1.415737764365684e1	5.318952739191669e-2
64	11	1.587500645027328e1	5.964269031221243e-2
64	13	1.672386198215630e1	6.283185610981344e-2
64	15	6.555083228610870e0	2.462756788159197e-2
64	17	8.449643412529502e0	3.174546523056357e-2
64	19	3.786445028232750e0	1.422574339799495e-2
64	21	8.225038576325609e0	3.090162074267025e-2
64	23	5.980869665455153e0	2.247023699623798e-2
64	25	1.177242949993655e-1	4.422923348638908e-4
64	27	1.106174666240657e0	4.155918503495832e-3
64	29	6.512043605138923e0	2.446586722704847e-2
64	31	1.571731369594975e1	5.905023574282003e-2
64	33	1.571731369594975e1	5.905023574282003e-2
64	35	6.512043605138923e0	2.446586722704847e-2
64	37	1.106174666240657e0	4.155918503495832e-3
64	39	1.177242949993655e-1	4.422923348638908e-4
64	41	5.980869665455153e0	2.247023699623798e-2
64	43	8.225038576325609e0	3.090162074267025e-2
64	45	3.786445028232750e0	1.422574339799495e-2
64	47	8.449643412529502e0	3.174546523056357e-2
64	49	6.555083228610870e0	2.462756788159197e-2
64	51	1.672386198215630e1	6.283185610981344e-2
64	53	1.587500645027328e1	5.964269031221243e-2
64	55	1.415737764365684e1	5.318952739191669e-2
64	57	1.977758424577457e1	7.430474664620486e-2
64	59	2.873525811591302e1	1.079588916210731e-1
64	61	3.742159510027846e1	1.405936189409543e-1
64	63	5.936176067864290e1	2.230232233060302e-1
65	1	6.060505614616510e1	2.233586437693121e-1
65	2	4.658003845526646e1	1.716697397490829e-1
65	3	3.870005736662180e1	1.426282372605340e-1
65	4	3.237347647349516e1	1.193117581110460e-1
65	6	2.647122139818095e1	9.755912272657830e-2
65	7	2.162794204799126e1	7.970931982489853e-2
65	8	1.740728389303861e1	6.415417407879953e-2
65	9	1.635105768036597e1	6.026147486559889e-2
65	11	1.852417511777128e1	6.827045290201321e-2
65	12	1.264421535425801e1	4.659998641438248e-2
65	14	1.151103443354251e1	4.242367226353271e-2
65	16	1.393596954446996e-1	5.136071897295340e-4
65	17	1.076466240587358e1	3.967293405044663e-2
65	18	6.272390954611345e0	2.311676328512965e-2
65	19	5.616738552939146e0	2.070037032167125e-2
65	21	3.778329215724590e0	1.392495186049941e-2
65	22	1.679820195949133e1	6.190941558384151e-2
65	23	8.042267573350621e0	2.963960587184732e-2
65	24	4.137001252138762e0	1.524683001235252e-2
65	27	7.919890093317195e-1	2.918858627535938e-3
65	28	1.288990849533856e0	4.750548325350464e-3
65	29	2.112616073139417e0	7.786001546861507e-3
65	31	1.188754523898777e1	4.381129481875190e-2
65	32	2.313388475282450e1	8.525943959270481e-2
65	33	2.313388475282450e1	8.525943959270481e-2
65	34	1.188754523898777e1	4.381129481875190e-2
65	36	2.112616073139417e0	7.786001546861507e-3
65	37	1.288990849533856e0	4.750548325350464e-3
65	38	7.919890093317195e-1	2.918858627535938e-3
65	41	4.137001252138762e0	1.524683001235252e-2
65	42	8.042267573350621e0	2.963960587184732e-2
65	43	1.679820195949133e1	6.190941558384151e-2
65	44	3.778329215724590e0	1.392495186049941e-2
65	46	5.616738552939146e0	2.070037032167125e-2
65	47	6.272390954611345e0	2.311676328512965e-2
65	48	1.076466240587358e1	3.967293405044663e-2
65	49	1.393596954446996e-1	5.136071897295340e-4
65	51	1.151103443354251e1	4.242367226353271e-2
65	53	1.264421535425801e1	4.659998641438248e-2
65	54	1.852417511777128e1	6.827045290201321e-2
65	56	1.635105768036597e1	6.026147486559889e-2
65	57	1.740728389303861e1	6.415417407879953e-2
65	58	2.162794204799126e1	7.970931982489853e-2
65	59	2.647122139818095e1	9.755912272657830e-2
65	61	3.237347647349516e1	1.193117581110460e-1
65	62	3.870005736662180e1	1.426282372605340e-1
65	63	4.658003845526646e1	1.716697397490829e-1
65	64	6.060505614616510e1	2.233586437693121e-1
66	1	6.185324951767902e1	2.236867963932217e-1
66	5	2.842123469330789e1	1.027828770139042e-1
66	7	2.303975011945517e1	8.332121487729176e-2
66	13	6.144098722163615e0	2.221958863279521e-2
66	17	1.286846802952840e1	4.653767442228013e-2
66	19	8.784702006304629e0	3.176909644007860e-2
66	23	9.862129009248168e0	3.566551573114763e-2
66	25	3.902398042493030e0	1.411267674994096e-2
66	29	3.285410110009347e0	1.188139456013288e-2
66	31	1.005465543031005e1	3.636177047417573e-2
66	35	1.005465543031005e1	3.636177047417573e-2
66	37	3.285410110009347e0	1.188139456013288e-2
66	41	3.902398042493030e0	1.411267674994096e-2
66	43	9.862129009248168e0	3.566551573114763e-2
66	47	8.784702006304629e0	3.176909644007860e-2
66	49	1.286846802952840e1	4.653767442228013e-2
66	53	6.144098722163615e0	2.221958863279521e-2
66	59	2.303975011945517e1	8.332121487729176e-2
66	61	2.842123469330789e1	1.027828770139042e-1
66	65	6.185324951767902e1	2.236867963932217e-1
67	1	6.310626655796717e1	2.240079503429851e-1
67	2	4.864003775760359e1	1.726572614254994e-1
67	3	4.011716222081238e1	1.424036593007206e-1
67	4	3.499198158661216e1	1.242108351704868e-1
67	5	2.996559702203379e1	1.063687068786387e-1
67	6	2.513852205354081e1	8.923406671020474e-2
67	7	2.332288279288509e1	8.278910250101415e-2
67	8	2.055067022842460e1	7.294859555374544e-2
67	9	1.929240728327825e1	6.848214683623413e-2
67	10	1.740480482942529e1	6.178173529530440e-2
67	11	1.088661527239034e1	3.864415542790360e-2
67	12	1.355869939745809e1	4.812923703149732e-2
67	13	9.076805280831389e0	3.221988334159694e-2
67	14	1.331508078654416e1	4.726446545376333e-2
67	15	1.171189580050104e1	4.157364895752383e-2
67	16	5.888784612761317e0	2.090338476772765e-2
67	17	1.676515713619714e1	5.951118156875745e-2
67	18	8.543044655572187e0	3.032519632936061e-2
67	19	2.771573095248573e0	9.838237027096207e-3
67	20	2.402915498010161e0	8.529615280951723e-3
67	21	1.116336304185337e0	3.962652538861837e-3
67	22	8.930895224788008e0	3.170194725740973e-2
67	23	1.269971968180860e1	4.508012169028006e-2
67	24	7.389518140557930e0	2.623052991366838e-2
67	25	1.113977364187538e0	3.954279023160293e-3
67	26	5.585327869479281e-1	1.982620611673068e-3
67	27	6.839032066825929e0	2.427647267347668e-2
67	28	8.477574747948210e-1	3.009279817596138e-3
67	29	6.609022653547467e-1	2.346000958607834e-3
67	30	3.732174774421318e0	1.324807926597842e-2
67	31	6.742906167008737e0	2.393525512144253e-2
67	32	1.295252522598515e1	4.597750407201726e-2
67	33	2.416379425752087e1	8.577408107584311e-2
67	34	2.416379425752087e1	8.577408107584311e-2
67	35	1.295252522598515e1	4.597750407201726e-2
67	36	6.742906167008737e0	2.393525512144253e-2
67	37	3.732174774421318e0	1.324807926597842e-2
67	38	6.609022653547467e-1	2.346000958607834e-3
67	39	8.477574747948210e-1	3.009279817596138e-3
67	40	6.839032066825929e0	2.427647267347668e-2
67	41	5.585327869479281e-1	1.982620611673068e-3
67	42	1.113977364187538e0	3.954279023160293e-3
67	43	7.389518140557930e0	2.623052991366838e-2
67	44	1.269971968180860e1	4.508012169028006e-2
67	45	8.930895224788008e0	3.170194725740973e-2
67	46	1.116336304185337e0	3.962652538861837e-3
67	47	2.402915498010161e0	8.529615280951723e-3
67	48	2.771573095248573e0	9.838237027096207e-3
67	49	8.543044655572187e0	3.032519632936061e-2
67	50	1.676515713619714e1	5.951118156875745e-2
67	51	5.888784612761317e0	2.090338476772765e-2
67	52	1.171189580050104e1	4.157364895752383e-2
67	53	1.331508078654416e1	4.726446545376333e-2
67	54	9.076805280831389e0	3.221988334159694e-2
67	55	1.355869939745809e1	4.812923703149732e-2
67	56	1.088661527239034e1	3.864415542790360e-2
67	57	1.740480482942529e1	6.178173529530440e-2
67	58	1.929240728327825e1	6.848214683623413e-2
67	59	2.055067022842460e1	7.294859555374544e-2
67	60	2.332288279288509e1	8.278910250101415e-2
67	61	2.513852205354081e1	8.923406671020474e-2
67	62	2.996559702203379e1	1.063687068786387e-1
67	63	3.499198158661216e1	1.242108351704868e-1
67	64	4.011716222081238e1	1.424036593007206e-1
67	65	4.864003775760359e1	1.726572614254994e-1
67	66	6.310626655796717e1	2.240079503429851e-1
68	1	6.436403524886366e1	2.243223608690728e-1
68	3	4.141010068382418e1	1.443230138275932e-1
68	5	3.087162990129048e1	1.075942003411914e-1
68	7	2.475394019241182e1	8.627274973210579e-2
68	9	1.879621941307780e1	6.550882488725175e-2
68	11	1.345566377756593e1	4.689585191440194e-2
68	13	1.104043606720201e1	3.847826933229051e-2
68	15	8.164234403404182e0	2.845409441746376e-2
68	19	5.907406905917779e0	2.058857028814296e-2
68	21	2.915236432616047e0	1.016021939158190e-2
68	23	1.789378805301694e1	6.236365954097690e-2
68	25	4.261432696172234e0	1.485199986908668e-2
68	27	4.819270676759005e0	1.679618395114157e-2
68	29	4.888151190654838e0	1.703624720129743e-2
68	31	4.741053309541664e0	1.652357978008058e-2
68	33	1.733602853872721e1	6.041974893066649e-2
68	35	1.733602853872721e1	6.041974893066649e-2
68	37	4.741053309541664e0	1.652357978008058e-2
68	39	4.888151190654838e0	1.703624720129743e-2
68	41	4.819270676759005e0	1.679618395114157e-2
68	43	4.261432696172234e0	1.485199986908668e-2
68	45	1.789378805301694e1	6.236365954097690e-2
68	47	2.915236432616047e0	1.016021939158190e-2
68	49	5.907406905917779e0	2.058857028814296e-2
68	53	8.164234403404182e0	2.845409441746376e-2
68	55	1.104043606720201e1	3.847826933229051e-2
68	57	1.345566377756593e1	4.689585191440194e-2
68	59	1.879621941307780e1	6.550882488725175e-2
68	61	2.475394019241182e1	8.627274973210579e-2
68	63	3.087162990129048e1	1.075942003411914e-1
68	65	4.141010068382418e1	1.443230138275932e-1
68	67	6.436403524886366e1	2.243223608690728e-1
69	1	6.562648569138123e1	2.246302702230574e-1
69	2	5.071904229932648e1	1.736041791225862e-1
69	4	3.563003821709979e1	1.219566312053200e-1
69	5	3.243874803181960e1	1.110332918077050e-1
69	7	2.665857729515615e1	9.124857682817593e-2
69	8	2.257499048530359e1	7.727103104139972e-2
69	10	2.158906842304636e1	7.389635789030029e-2
69	11	1.485042686607638e1	5.083093151661155e-2
69	13	1.264590913627677e1	4.328517604701094e-2
69	14	1.835484635316068e1	6.282606866383926e-2
69	16	9.242286043820851e0	3.163505084312209e-2
69	17	1.744348475221327e-1	5.970660553039556e-4
69	19	7.770411252063959e0	2.659702955150997e-2
69	20	7.178024342724542e0	2.456937211839236e-2
69	22	1.376363432699899e0	4.711099284920523e-3
69	25	4.331235199002110e0	1.482521154228493e-2
69	26	6.076907398473868e0	2.080040301806006e-2
69	28	4.179538285179489e0	1.430597424982612e-2
69	29	1.259203085524851e0	4.310075823613736e-3
69	31	4.930106690961586e0	1.687506479361345e-2
69	32	8.066986311962985e0	2.761216444932893e-2
69	34	2.520321160639881e1	8.626706388420514e-2
69	35	2.520321160639881e1	8.626706388420514e-2
69	37	8.066986311962985e0	2.761216444932893e-2
69	38	4.930106690961586e0	1.687506479361345e-2
69	40	1.259203085524851e0	4.310075823613736e-3
69	41	4.179538285179489e0	1.430597424982612e-2
69	43	6.076907398473868e0	2.080040301806006e-2
69	44	4.331235199002110e0	1.482521154228493e-2
69	47	1.376363432699899e0	4.711099284920523e-3
69	49	7.178024342724542e0	2.456937211839236e-2
69	50	7.770411252063959e0	2.659702955150997e-2
69	52	1.744348475221327e-1	5.970660553039556e-4
69	53	9.242286043820851e0	3.163505084312209e-2
69	55	1.835484635316068e1	6.282606866383926e-2
69	56	1.264590913627677e1	4.328517604701094e-2
69	58	1.485042686607638e1	5.083093151661155e-2
69	59	2.158906842304636e1	7.389635789030029e-2
69	61	2.257499048530359e1	7.727103104139972e-2
69	62	2.665857729515615e1	9.124857682817593e-2
69	64	3.243874803181960e1	1.110332918077050e-1
69	65	3.563003821709979e1	1.219566312053200e-1
69	67	5.071904229932648e1	1.736041791225862e-1
69	68	6.562648569138123e1	2.246302702230574e-1
70	1	6.689355001351655e1	2.249319085006836e-1
70	3	4.285549348328115e1	1.441031001790945e-1
70	9	2.179856373892129e1	7.329843525091168e-2
70	11	1.573019880608055e1	5.289334529012047e-2
70	13	1.314379101041943e1	4.419645834778373e-2
70	17	3.533196124614099e0	1.188049591113172e-2
70	19	6.831691044673959e0	2.297180078879120e-2
70	23	9.651025008234745e0	3.245191014158211e-2
70	27	2.727997524395956e0	9.172987372079007e-3
70	29	2.965014644213461e-1	9.969965751864714e-4
70	31	6.104004473645578e0	2.052492916695832e-2
70	33	1.025239667606748e1	3.447404347037875e-2
70	37	1.025239667606748e1	3.447404347037875e-2
70	39	6.104004473645578e0	2.052492916695832e-2
70	41	2.965014644213461e-1	9.969965751864714e-4
70	43	2.727997524395956e0	9.172987372079007e-3
70	47	9.651025008234745e0	3.245191014158211e-2
70	51	6.831691044673959e0	2.297180078879120e-2
70	53	3.533196124614099e0	1.188049591113172e-2
70	57	1.314379101041943e1	4.419645834778373e-2
70	59	1.573019880608055e1	5.289334529012047e-2
70	61	2.179856373892129e1	7.329843525091168e-2
70	67	4.285549348328115e1	1.441031001790945e-1
70	69	6.689355001351655e1	2.249319085006836e-1
71	1	6.816516228332756e1	2.252274944189002e-1
71	2	5.281650111148772e1	1.745133116513243e-1
71	3	4.416227812731742e1	1.459185149314773e-1
71	4	3.828602758366150e1	1.265025384679541e-1
71	5	3.217181406452774e1	1.063002981280454e-1
71	6	3.060942779717431e1	1.011379493193112e-1
71	7	2.424457050530054e1	8.010754592609248e-2
71	8	2.582121709370109e1	8.531701288538140e-2
71	9	2.408203883428693e1	7.957051792234540e-2
71	10	1.537768120563573e1	5.081006913065146e-2
71	11	1.807080272855681e1	5.970852975855912e-2
71	12	2.056034790088500e1	6.793434486152251e-2
71	13	1.540381496962597e1	5.089641884340929e-2
71	14	6.285275718172652e0	2.076745443445125e-2
71	15	1.341738104296835e1	4.433295561463882e-2
71	16	1.083161096956678e1	3.578919960691553e-2
71	17	5.530880798924713e0	1.827482518260070e-2
71	18	1.808833488828768e1	5.976645853442739e-2
71	19	1.018901628283154e1	3.366597439373833e-2
71	20	4.958832791085003e0	1.638469633705442e-2
71	21	4.681190416707698e0	1.546732602308673e-2
71	22	1.912330406070847e0	6.318614544922187e-3
71	23	4.773001329270524e0	1.577068247532972e-2
71	24	1.900343679347466e1	6.279008676825376e-2
71	25	8.368369060022935e0	2.765029426508988e-2
71	26	5.551796269848533e0	1.834393290497630e-2
71	27	3.091956554787502e0	1.021626890276199e-2
71	28	2.145105560242644e0	7.087737114001882e-3
71	29	2.458628231360292e0	8.123661085925294e-3
71	30	1.952347438033967e0	6.450836570678870e-3
71	31	3.172098977664856e0	1.048107098782563e-2
71	32	5.008450214485961e0	1.654863943610654e-2
71	33	8.763670070733777e0	2.895642562605692e-2
71	34	1.395699892343886e1	4.611593065776780e-2
71	35	2.625186087362886e1	8.673992183610124e-2
71	36	2.625186087362886e1	8.673992183610124e-2
71	37	1.395699892343886e1	4.611593065776780e-2
71	38	8.763670070733777e0	2.895642562605692e-2
71	39	5.008450214485961e0	1.654863943610654e-2
71	40	3.172098977664856e0	1.048107098782563e-2
71	41	1.952347438033967e0	6.450836570678870e-3
71	42	2.458628231360292e0	8.123661085925294e-3
71	43	2.145105560242644e0	7.087737114001882e-3
71	44	3.091956554787502e0	1.021626890276199e-2
71	45	5.551796269848533e0	1.834393290497630e-2
71	46	8.368369060022935e0	2.765029426508988e-2
71	47	1.900343679347466e1	6.279008676825376e-2
71	48	4.773001329270524e0	1.577068247532972e-2
71	49	1.912330406070847e0	6.318614544922187e-3
71	50	4.681190416707698e0	1.546732602308673e-2
71	51	4.958832791085003e0	1.638469633705442e-2
71	52	1.018901628283154e1	3.366597439373833e-2
71	53	1.808833488828768e1	5.976645853442739e-2
71	54	5.530880798924713e0	1.827482518260070e-2
71	55	1.083161096956678e1	3.578919960691553e-2
71	56	1.341738104296835e1	4.433295561463882e-2
71	57	6.285275718172652e0	2.076745443445125e-2
71	58	1.540381496962597e1	5.089641884340929e-2
71	59	2.056034790088500e1	6.793434486152251e-2
71	60	1.807080272855681e1	5.970852975855912e-2
71	61	1.537768120563573e1	5.081006913065146e-2
71	62	2.408203883428693e1	7.957051792234540e-2
71	63	2.582121709370109e1	8.531701288538140e-2
71	64	2.424457050530054e1	8.010754592609248e-2
71	65	3.060942779717431e1	1.011379493193112e-1
71	66	3.217181406452774e1	1.063002981280454e-1
71	67	3.828602758366150e1	1.265025384679541e-1
71	68	4.416227812731742e1	1.459185149314773e-1
71	69	5.281650111148772e1	1.745133116513243e-1
71	70	6.816516228332756e1	2.252274944189002e-1
72	1	6.944125842691165e1	2.255172360328871e-1
72	5	3.373973919662987e1	1.095730823499253e-1
72	7	2.612951194550051e1	8.485812968150228e-2
72	11	1.667839770703429e1	5.416471759806060e-2
72	13	1.298898594411140e1	4.218299430833485e-2
72	17	7.794816048298233e0	2.531442272819981e-2
72	19	1.120143450720652e1	3.637774727725319e-2
72	23	2.140608788224628e0	6.951835094639364e-3
72	25	1.099396061458693e1	3.570395564570031e-2
72	29	7.673621307649726e0	2.492083102851106e-2
72	31	1.755850558282356e0	5.702295346611697e-3
72	35	1.899220439161125e1	6.167902969494494e-2
72	37	1.899220439161125e1	6.167902969494494e-2
72	41	1.755850558282356e0	5.702295346611697e-3
72	43	7.673621307649726e0	2.492083102851106e-2
72	47	1.099396061458693e1	3.570395564570031e-2
72	49	2.140608788224628e0	6.951835094639364e-3
72	53	1.120143450720652e1	3.637774727725319e-2
72	55	7.794816048298233e0	2.531442272819981e-2
72	59	1.298898594411140e1	4.218299430833485e-2
72	61	1.667839770703429e1	5.416471759806060e-2
72	65	2.612951194550051e1	8.485812968150228e-2
72	67	3.373973919662987e1	1.095730823499253e-1
72	71	6.944125842691165e1	2.255172360328871e-1
73	1	7.072177615094364e1	2.258013313984871e-1
73	2	5.493189427314189e1	1.753872079887075e-1
73	3	4.563475562944829e1	1.457031927080148e-1
73	4	3.896043792359840e1	1.243933514373316e-1
73	5	3.466853240663612e1	1.106901042522188e-1
73	6	2.933196254803515e1	9.365144028256316e-2
73	7	2.757415711798676e1	8.803909811517656e-2
73	8	2.222730194534847e1	7.096759507204342e-2
73	9	1.921996978804567e1	6.136574904901485e-2
73	10	1.948921682803272e1	6.222540421342160e-2
73	11	1.902822752717274e1	6.075355206886468e-2
73	12	1.153547260358012e1	3.683059467623973e-2
73	13	1.524977838154944e1	4.868967451745460e-2
73	14	1.113792951846010e1	3.556131436692210e-2
73	15	1.650982308207012e1	5.271276028373851e-2
73	16	1.035583007419064e1	3.306421792204295e-2
73	17	8.638153747115526e0	2.758000043381957e-2
73	18	5.067265587068300e-1	1.617882607568661e-3
73	19	1.232926434862201e1	3.936502243864537e-2
73	20	9.792043075781990e0	3.126415206122348e-2
73	21	1.004434623201137e1	3.206970859123826e-2
73	22	5.891026103819230e0	1.880893849026832e-2
73	23	4.537438843296991e-1	1.448718892139987e-3
73	24	1.038481457713165e1	3.315675998914313e-2
73	25	1.448264840852203e1	4.624037277911072e-2
73	26	6.812530828226482e0	2.175112977823949e-2
73	27	3.916342409618686e0	1.250414481130730e-2
73	28	1.175756486023345e0	3.753969348533332e-3
73	29	5.497772810579285e0	1.755335467969071e-2
73	30	1.076620749168023e0	3.437447584100763e-3
73	31	3.210553742476205e0	1.025069432688237e-2
73	32	2.475143016117610e0	7.902666178068918e-3
73	33	6.242971223657532e0	1.993263307153951e-2
73	34	1.013165355615698e1	3.234846445832566e-2
73	35	1.504971104970696e1	4.805089715130142e-2
73	36	2.730948170573060e1	8.719403929837975e-2
73	37	2.730948170573060e1	8.719403929837975e-2
73	38	1.504971104970696e1	4.805089715130142e-2
73	39	1.013165355615698e1	3.234846445832566e-2
73	40	6.242971223657532e0	1.993263307153951e-2
73	41	2.475143016117610e0	7.902666178068918e-3
73	42	3.210553742476205e0	1.025069432688237e-2
73	43	1.076620749168023e0	3.437447584100763e-3
73	44	5.497772810579285e0	1.755335467969071e-2
73	45	1.175756486023345e0	3.753969348533332e-3
73	46	3.916342409618686e0	1.250414481130730e-2
73	47	6.812530828226482e0	2.175112977823949e-2
73	48	1.448264840852203e1	4.624037277911072e-2
73	49	1.038481457713165e1	3.315675998914313e-2
73	50	4.537438843296991e-1	1.448718892139987e-3
73	51	5.891026103819230e0	1.880893849026832e-2
73	52	1.004434623201137e1	3.206970859123826e-2
73	53	9.792043075781990e0	3.126415206122348e-2
73	54	1.232926434862201e1	3.936502243864537e-2
73	55	5.067265587068300e-1	1.617882607568661e-3
73	56	8.638153747115526e0	2.758000043381957e-2
73	57	1.035583007419064e1	3.306421792204295e-2
73	58	1.650982308207012e1	5.271276028373851e-2
73	59	1.113792951846010e1	3.556131436692210e-2
73	60	1.524977838154944e1	4.868967451745460e-2
73	61	1.153547260358012e1	3.683059467623973e-2
73	62	1.902822752717274e1	6.075355206886468e-2
73	63	1.948921682803272e1	6.222540421342160e-2
73	64	1.921996978804567e1	6.136574904901485e-2
73	65	2.222730194534847e1	7.096759507204342e-2
73	66	2.757415711798676e1	8.803909811517656e-2
73	67	2.933196254803515e1	9.365144028256316e-2
73	68	3.466853240663612e1	1.106901042522188e-1
73	69	3.896043792359840e1	1.243933514373316e-1
73	70	4.563475562944829e1	1.457031927080148e-1
73	71	5.493189427314189e1	1.753872079887075e-1
73	72	7.072177615094364e1	2.258013313984871e-1
74	1	7.200665486946136e1	2.260799691848923e-1
74	3	4.695480901241681e1	1.474244539460177e-1
74	5	3.625764356966961e1	1.138384633449232e-1
74	7	2.788918101878087e1	8.756392303945155e-2
74	9	2.145915078283394e1	6.737549684139837e-2
74	11	1.994748194673561e1	6.262929602839803e-2
74	13	1.578830467184880e1	4.957068815603445e-2
74	15	2.000898350989663e1	6.282239306268567e-2
74	17	8.221298962373297e0	2.581248940730089e-2
74	19	1.508332293718446e1	4.735725039618066e-2
74	21	2.733316587058475e0	8.581819706733973e-3
74	23	1.526421752438205e0	4.792520682706173e-3
74	25	2.012655243300743e1	6.319152531250584e-2
74	27	7.347635242374604e0	2.306943923710014e-2
74	29	3.806598373252944e-1	1.195161259031452e-3
74	31	2.294645105401346e-1	7.204518744272575e-4
74	33	2.073770178341771e0	6.511035665606160e-3
74	35	1.248448786003964e1	3.919766354656713e-2
74	39	1.248448786003964e1	3.919766354656713e-2
74	41	2.073770178341771e0	6.511035665606160e-3
74	43	2.294645105401346e-1	7.204518744272575e-4
74	45	3.806598373252944e-1	1.195161259031452e-3
74	47	7.347635242374604e0	2.306943923710014e-2
74	49	2.012655243300743e1	6.319152531250584e-2
74	51	1.526421752438205e0	4.792520682706173e-3
74	53	2.733316587058475e0	8.581819706733973e-3
74	55	1.508332293718446e1	4.735725039618066e-2
74	57	8.221298962373297e0	2.581248940730089e-2
74	59	2.000898350989663e1	6.282239306268567e-2
74	61	1.578830467184880e1	4.957068815603445e-2
74	63	1.994748194673561e1	6.262929602839803e-2
74	65	2.145915078283394e1	6.737549684139837e-2
74	67	2.788918101878087e1	8.756392303945155e-2
74	69	3.625764356966961e1	1.138384633449232e-1
74	71	4.695480901241681e1	1.474244539460177e-1
74	73	7.200665486946136e1	2.260799691848923e-1
75	1	7.329583563461127e1	2.263533292419485e-1
75	2	5.706473035866513e1	1.762281797750384e-1
75	4	4.165182540662955e1	1.286298091585292e-1
75	7	2.935124174146534e1	9.064295710722012e-2
75	8	2.544724521901590e1	7.858657487821211e-2
75	11	2.141468108681821e1	6.613314817529604e-2
75	13	1.745803922344057e1	5.391418579306373e-2
75	14	1.293975481796919e1	3.996075025630484e-2
75	16	1.201434948472557e1	3.710289924383840e-2
75	17	1.034180978420822e1	3.193773636352515e-2
75	19	1.942948635949851e1	6.000243922257370e-2
75	22	5.299369529641783e0	1.636559465530293e-2
75	23	1.503750428903170e0	4.643905250334701e-3
75	26	1.215640599915315e1	3.754160036106810e-2
75	28	9.174929004055955e-1	2.833415715429676e-3
75	29	1.774844472065098e0	5.481102052527735e-3
75	31	7.911478556509046e-1	2.443235000988887e-3
75	32	5.719059791571069e0	1.766168859045768e-2
75	34	7.965785159870550e0	2.460006049936303e-2
75	37	2.837582803878901e1	8.763066947754278e-2
75	38	2.837582803878901e1	8.763066947754278e-2
75	41	7.965785159870550e0	2.460006049936303e-2
75	43	5.719059791571069e0	1.766168859045768e-2
75	44	7.911478556509046e-1	2.443235000988887e-3
75	46	1.774844472065098e0	5.481102052527735e-3
75	47	9.174929004055955e-1	2.833415715429676e-3
75	49	1.215640599915315e1	3.754160036106810e-2
75	52	1.503750428903170e0	4.643905250334701e-3
75	53	5.299369529641783e0	1.636559465530293e-2
75	56	1.942948635949851e1	6.000243922257370e-2
75	58	1.034180978420822e1	3.193773636352515e-2
75	59	1.201434948472557e1	3.710289924383840e-2
75	61	1.293975481796919e1	3.996075025630484e-2
75	62	1.745803922344057e1	5.391418579306373e-2
75	64	2.141468108681821e1	6.613314817529604e-2
75	67	2.544724521901590e1	7.858657487821211e-2
75	68	2.935124174146534e1	9.064295710722012e-2
75	71	4.165182540662955e1	1.286298091585292e-1
75	73	5.706473035866513e1	1.762281797750384e-1
75	74	7.329583563461127e1	2.263533292419485e-1
76	1	7.458926107109015e1	2.266215831260001e-1
76	3	4.845326614102763e1	1.472136299894385e-1
76	5	3.603455989933288e1	1.094823691020666e-1
76	7	3.128528891027022e1	9.505284808549601e-2
76	9	2.448405752177371e1	7.438893745902761e-2
76	11	2.410687527683332e1	7.324295965675469e-2
76	13	1.952594300834278e1	5.932489547471557e-2
76	15	6.403956820873465e0	1.945688711989918e-2
76	17	1.361621918122503e1	4.136961678838529e-2
76	21	8.078249941191647e0	2.454382526749452e-2
76	23	4.566225545686189e0	1.387338133149660e-2
76	25	1.113170118478323e1	3.382100464806598e-2
76	27	8.223853528229743e0	2.498620685070861e-2
76	29	3.373022875864678e0	1.024812115138299e-2
76	31	3.345633732478945e0	1.016490580717112e-2
76	33	1.881147799716890e0	5.715416486825410e-3
76	35	9.380394217100489e0	2.850007839331207e-2
76	37	2.068375877602173e1	6.284264103851156e-2
76	39	2.068375877602173e1	6.284264103851156e-2
76	41	9.380394217100489e0	2.850007839331207e-2
76	43	1.881147799716890e0	5.715416486825410e-3
76	45	3.345633732478945e0	1.016490580717112e-2
76	47	3.373022875864678e0	1.024812115138299e-2
76	49	8.223853528229743e0	2.498620685070861e-2
76	51	1.113170118478323e1	3.382100464806598e-2
76	53	4.566225545686189e0	1.387338133149660e-2
76	55	8.078249941191647e0	2.454382526749452e-2
76	59	1.361621918122503e1	4.136961678838529e-2
76	61	6.403956820873465e0	1.945688711989918e-2
76	63	1.952594300834278e1	5.932489547471557e-2
76	65	2.410687527683332e1	7.324295965675469e-2
76	67	2.448405752177371e1	7.438893745902761e-2
76	69	3.128528891027022e1	9.505284808549601e-2
76	71	3.603455989933288e1	1.094823691020666e-1
76	73	4.845326614102763e1	1.472136299894385e-1
76	75	7.458926107109015e1	2.266215831260001e-1
77	1	7.588687531403940e1	2.268848945878179e-1
77	2	5.921454415746208e1	1.770383291397157e-1
77	3	4.978605707468434e1	1.488492478388168e-1
77	4	4.236062683656567e1	1.266488614100312e-1
77	5	3.762442299743614e1	1.124886643490709e-1
77	6	3.490921787278579e1	1.043708043641753e-1
77	8	2.754248795580875e1	8.234591885197602e-2
77	9	2.402777059614959e1	7.183769494168528e-2
77	10	2.286002161921574e1	6.834638498274627e-2
77	12	1.844209780842216e1	5.513777448243396e-2
77	13	2.262355800826167e1	6.763941132988271e-2
77	15	9.767733895224945e0	2.920335388707156e-2
77	16	1.554715082405371e1	4.648252627689554e-2
77	17	8.913846493237525e0	2.665042029495751e-2
77	18	8.641115200325142e0	2.583501433197438e-2
77	19	8.564974118678040e-1	2.560736941693715e-3
77	20	1.371383372309601e1	4.100131552107623e-2
77	23	2.428973249857589e0	7.262090282014987e-3
77	24	4.598942344309907e-1	1.374981569192593e-3
77	25	5.821510445531463e0	1.740502265128751e-2
77	26	2.126258770521097e1	6.357041254100144e-2
77	27	1.074381651291394e1	3.212162402149096e-2
77	29	7.110730569639187e0	2.125950434852719e-2
77	30	1.062607140631165e0	3.176959231654672e-3
77	31	8.530391824874217e0	2.550397604289433e-2
77	32	1.273875519077661e0	3.808604737879706e-3
77	34	5.100815050394437e0	1.525030356344889e-2
77	36	9.468755113279681e0	2.830947376425807e-2
77	37	1.610719509178349e1	4.815693419160481e-2
77	38	2.945066695286823e1	8.805095004229616e-2
77	39	2.945066695286823e1	8.805095004229616e-2
77	40	1.610719509178349e1	4.815693419160481e-2
77	41	9.468755113279681e0	2.830947376425807e-2
77	43	5.100815050394437e0	1.525030356344889e-2
77	45	1.273875519077661e0	3.808604737879706e-3
77	46	8.530391824874217e0	2.550397604289433e-2
77	47	1.062607140631165e0	3.176959231654672e-3
77	48	7.110730569639187e0	2.125950434852719e-2
77	50	1.074381651291394e1	3.212162402149096e-2
77	51	2.126258770521097e1	6.357041254100144e-2
77	52	5.821510445531463e0	1.740502265128751e-2
77	53	4.598942344309907e-1	1.374981569192593e-3
77	54	2.428973249857589e0	7.262090282014987e-3
77	57	1.371383372309601e1	4.100131552107623e-2
77	58	8.564974118678040e-1	2.560736941693715e-3
77	59	8.641115200325142e0	2.583501433197438e-2
77	60	8.913846493237525e0	2.665042029495751e-2
77	61	1.554715082405371e1	4.648252627689554e-2
77	62	9.767733895224945e0	2.920335388707156e-2
77	64	2.262355800826167e1	6.763941132988271e-2
77	65	1.844209780842216e1	5.513777448243396e-2
77	67	2.286002161921574e1	6.834638498274627e-2
77	68	2.402777059614959e1	7.183769494168528e-2
77	69	2.754248795580875e1	8.234591885197602e-2
77	71	3.490921787278579e1	1.043708043641753e-1
77	72	3.762442299743614e1	1.124886643490709e-1
77	73	4.236062683656567e1	1.266488614100312e-1
77	74	4.978605707468434e1	1.488492478388168e-1
77	75	5.921454415746208e1	1.770383291397157e-1
77	76	7.588687531403940e1	2.268848945878179e-1
78	1	7.718862395016757e1	2.271434200258005e-1
78	5	3.857445630528196e1	1.135132806159906e-1
78	7	2.893173572000265e1	8.513758974336205e-2
78	11	1.656638280971521e1	4.874999263213544e-2
78	17	1.217130829075312e1	3.581658086216010e-2
78	19	3.282957113417686e0	9.660777306007463e-3
78	23	6.299453552915696e0	1.853743921159570e-2
78	25	2.555560969485664e0	7.520264373001091e-3
78	29	2.959545523334091e0	8.709072107907339e-3
78	31	6.198150311354205e0	1.823933356376303e-2
78	35	4.840132142162947e0	1.424308546888287e-2
78	37	1.275278362560139e1	3.752769176761362e-2
78	41	1.275278362560139e1	3.752769176761362e-2
78	43	4.840132142162947e0	1.424308546888287e-2
78	47	6.198150311354205e0	1.823933356376303e-2
78	49	2.959545523334091e0	8.709072107907339e-3
78	53	2.555560969485664e0	7.520264373001091e-3
78	55	6.299453552915696e0	1.853743921159570e-2
78	59	3.282957113417686e0	9.660777306007463e-3
78	61	1.217130829075312e1	3.581658086216010e-2
78	67	1.656638280971521e1	4.874999263213544e-2
78	71	2.893173572000265e1	8.513758974336205e-2
78	73	3.857445630528196e1	1.135132806159906e-1
78	77	7.718862395016757e1	2.271434200258005e-1
79	1	7.849445396189414e1	2.273973089073387e-1
79	2	6.138089463066986e1	1.778195726301276e-1
79	3	5.130947537948249e1	1.486428153052168e-1
79	4	4.508554642850753e1	1.306121822751526e-1
79	5	4.018413828551805e1	1.164128730842968e-1
79	6	3.368258557397938e1	9.757796799608738e-2
79	7	3.084787539260767e1	8.936585320019248e-2
79	8	3.085443629276125e1	8.938486003397031e-2
79	9	2.710649164850505e1	7.852711807870712e-2
79	10	2.712452911525700e1	7.857937236154969e-2
79	11	1.918989616566487e1	5.559285434868893e-2
79	12	1.946325590465026e1	5.638477359739238e-2
79	13	1.215804063490218e1	3.522166958833779e-2
79	14	1.765239139499128e1	5.113872504863548e-2
79	15	1.276504830760537e1	3.698016212241952e-2
79	16	2.168469847392625e1	6.282026090444204e-2
79	17	1.432845803248041e1	4.150933770377630e-2
79	18	1.095525254445808e1	3.173720971700008e-2
79	19	5.913481925252263e0	1.713127244285762e-2
79	20	2.078764893824444e1	6.022152124737471e-2
79	21	1.009063140303190e1	2.923241465364245e-2
79	22	8.049346260435636e0	2.331884083141719e-2
79	23	7.081460794635517e0	2.051489049932978e-2
79	24	3.651761881442807e0	1.057910186895013e-2
79	25	8.028448923830347e-2	2.325830154656937e-4
79	26	1.189116666652794e1	3.444853952420377e-2
79	27	1.631793712394342e1	4.727283013784980e-2
79	28	9.015993457457517e0	2.611920391658889e-2
79	29	5.693486747931233e0	1.649394956499314e-2
79	30	4.168069407184296e0	1.207483737631754e-2
79	31	1.119835724122941e0	3.244148054173087e-3
79	32	5.448333430223276e0	1.578374391474990e-2
79	33	1.334939852859034e0	3.867301634338012e-3
79	34	2.253867312002465e0	6.529421322331727e-3
79	35	7.219490260938927e0	2.091475988631283e-2
79	36	5.174136332050365e0	1.498939884847311e-2
79	37	1.083829385845465e1	3.139838207876427e-2
79	38	1.722541328558366e1	4.990177558098556e-2
79	39	3.053377764574969e1	8.845591652614369e-2
79	40	3.053377764574969e1	8.845591652614369e-2
79	41	1.722541328558366e1	4.990177558098556e-2
79	42	1.083829385845465e1	3.139838207876427e-2
79	43	5.174136332050365e0	1.498939884847311e-2
79	44	7.219490260938927e0	2.091475988631283e-2
79	45	2.253867312002465e0	6.529421322331727e-3
79	46	1.334939852859034e0	3.867301634338012e-3
79	47	5.448333430223276e0	1.578374391474990e-2
79	48	1.119835724122941e0	3.244148054173087e-3
79	49	4.168069407184296e0	1.207483737631754e-2
79	50	5.693486747931233e0	1.649394956499314e-2
79	51	9.015993457457517e0	2.611920391658889e-2
79	52	1.631793712394342e1	4.727283013784980e-2
79	53	1.189116666652794e1	3.444853952420377e-2
79	54	8.028448923830347e-2	2.325830154656937e-4
79	55	3.651761881442807e0	1.057910186895013e-2
79	56	7.081460794635517e0	2.051489049932978e-2
79	57	8.049346260435636e0	2.331884083141719e-2
79	58	1.009063140303190e1	2.923241465364245e-2
79	59	2.078764893824444e1	6.022152124737471e-2
79	60	5.913481925252263e0	1.713127244285762e-2
79	61	1.095525254445808e1	3.173720971700008e-2
79	62	1.432845803248041e1	4.150933770377630e-2
79	63	2.168469847392625e1	6.282026090444204e-2
79	64	1.276504830760537e1	3.698016212241952e-2
79	65	1.765239139499128e1	5.113872504863548e-2
79	66	1.215804063490218e1	3.522166958833779e-2
79	67	1.946325590465026e1	5.638477359739238e-2
79	68	1.918989616566487e1	5.559285434868893e-2
79	69	2.712452911525700e1	7.857937236154969e-2
79	70	2.710649164850505e1	7.852711807870712e-2
79	71	3.085443629276125e1	8.938486003397031e-2
79	72	3.084787539260767e1	8.936585320019248e-2
79	73	3.368258557397938e1	9.757796799608738e-2
79	74	4.018413828551805e1	1.164128730842968e-1
79	75	4.508554642850753e1	1.306121822751526e-1
79	76	5.130947537948249e1	1.486428153052168e-1
79	77	6.138089463066986e1	1.778195726301276e-1
79	78	7.849445396189414e1	2.273973089073387e-1
80	1	7.980431367432303e1	2.276467041609567e-1
80	3	5.265451358396280e1	1.502002326027665e-1
80	7	3.232228221047630e1	9.220129435863693e-2
80	9	2.942488639656457e1	8.393629492040511e-2
80	11	2.063540857510441e1	5.886376982462174e-2
80	13	1.515793443493269e1	4.323893856267252e-2
80	17	1.396209202536313e1	3.982772467334116e-2
80	19	6.971541386071941e0	1.988674980575163e-2
80	21	1.203150437914522e1	3.432060488845198e-2
80	23	1.133471502223548e1	3.233297047006378e-2
80	27	2.241103813236201e1	6.392886214745100e-2
80	29	4.688021764740014e0	1.337286989439107e-2
80	31	1.419341947399918e0	4.048760042239987e-3
80	33	1.985886461945711e0	5.664863051698179e-3
80	37	7.714626893194830e0	2.200644683487007e-2
80	39	2.240882861379334e1	6.392255936008548e-2
80	41	2.240882861379334e1	6.392255936008548e-2
80	43	7.714626893194830e0	2.200644683487007e-2
80	47	1.985886461945711e0	5.664863051698179e-3
80	49	1.419341947399918e0	4.048760042239987e-3
80	51	4.688021764740014e0	1.337286989439107e-2
80	53	2.241103813236201e1	6.392886214745100e-2
80	57	1.133471502223548e1	3.233297047006378e-2
80	59	1.203150437914522e1	3.432060488845198e-2
80	61	6.971541386071941e0	1.988674980575163e-2
80	63	1.396209202536313e1	3.982772467334116e-2
80	67	1.515793443493269e1	4.323893856267252e-2
80	69	2.063540857510441e1	5.886376982462174e-2
80	71	2.942488639656457e1	8.393629492040511e-2
80	73	3.232228221047630e1	9.220129435863693e-2
80	77	5.265451358396280e1	1.502002326027665e-1
80	79	7.980431367432303e1	2.276467041609567e-1
81	1	8.111815270486905e1	2.278917425415978e-1
81	2	6.356336307484721e1	1.785736618736105e-1
81	4	4.582697727520717e1	1.287454084988587e-1
81	5	4.000208223739453e1	1.123810629605838e-1
81	7	3.266628862743591e1	9.177202869446394e-2
81	8	2.732728106321969e1	7.677272586666453e-2
81	10	2.099747085272746e1	5.898988157440185e-2
81	11	2.156357451411109e1	6.058028206492179e-2
81	13	1.718350205417870e1	4.827499265597620e-2
81	14	1.957244221537323e1	5.498643415222158e-2
81	16	6.501631521337896e0	1.826555570307183e-2
81	17	1.488928623834566e1	4.182966787227582e-2
81	19	7.954920920014953e0	2.234839835219771e-2
81	20	1.222835796016085e0	3.435410831041031e-3
81	22	7.571691745820588e0	2.127176184868068e-2
81	23	2.664756079334374e0	7.486313311118778e-3
81	25	3.809000641864818e0	1.070093147676592e-2
81	26	3.358143016000986e0	9.434300931441519e-3
81	28	1.336606004756451e1	3.755034617513267e-2
81	29	9.271381737979517e0	2.604683747821191e-2
81	31	2.475227677695721e0	6.953855947750294e-3
81	32	3.109585200873324e0	8.736007494978991e-3
81	34	7.315165681738712e-1	2.055108257034885e-3
81	35	1.173836229944071e-1	3.297752413984116e-4
81	37	6.861202415451522e0	1.927572709990982e-2
81	38	1.157757464130166e1	3.252581045590402e-2
81	40	3.162495051084601e1	8.884651387377925e-2
81	41	3.162495051084601e1	8.884651387377925e-2
81	43	1.157757464130166e1	3.252581045590402e-2
81	44	6.861202415451522e0	1.927572709990982e-2
81	46	1.173836229944071e-1	3.297752413984116e-4
81	47	7.315165681738712e-1	2.055108257034885e-3
81	49	3.109585200873324e0	8.736007494978991e-3
81	50	2.475227677695721e0	6.953855947750294e-3
81	52	9.271381737979517e0	2.604683747821191e-2
81	53	1.336606004756451e1	3.755034617513267e-2
81	55	3.358143016000986e0	9.434300931441519e-3
81	56	3.809000641864818e0	1.070093147676592e-2
81	58	2.664756079334374e0	7.486313311118778e-3
81	59	7.571691745820588e0	2.127176184868068e-2
81	61	1.222835796016085e0	3.435410831041031e-3
81	62	7.954920920014953e0	2.234839835219771e-2
81	64	1.488928623834566e1	4.182966787227582e-2
81	65	6.501631521337896e0	1.826555570307183e-2
81	67	1.957244221537323e1	5.498643415222158e-2
81	68	1.718350205417870e1	4.827499265597620e-2
81	70	2.156357451411109e1	6.058028206492179e-2
81	71	2.099747085272746e1	5.898988157440185e-2
81	73	2.732728106321969e1	7.677272586666453e-2
81	74	3.266628862743591e1	9.177202869446394e-2
81	76	4.000208223739453e1	1.123810629605838e-1
81	77	4.582697727520717e1	1.287454084988587e-1
81	79	6.356336307484721e1	1.785736618736105e-1
81	80	8.111815270486905e1	2.278917425415978e-1
82	1	8.243592191537327e1	2.281325549712066e-1
82	3	5.420195144050987e1	1.499980758296442e-1
82	5	4.161246818514501e1	1.151580338420989e-1
82	7	3.415659625130906e1	9.452470950625613e-2
82	9	2.463734582432821e1	6.818120693043422e-2
82	11	2.395049201155831e1	6.628041281594890e-2
82	13	1.884753955004628e1	5.215854026460612e-2
82	15	1.812372519012231e1	5.015546180781615e-2
82	17	1.726978457230394e1	4.779227291624793e-2
82	19	1.131986318396889e1	3.132650487895774e-2
82	21	1.736708207603125e1	4.806153330179221e-2
82	23	6.869024444649546e0	1.900928697475195e-2
82	25	3.850904173602062e0	1.065696346521102e-2
82	27	1.266273233857536e1	3.504275095365916e-2
82	29	1.048682469393408e1	2.902116037979521e-2
82	31	5.539581794659659e0	1.533019730870523e-2
82	33	9.407894275407228e0	2.603533639316758e-2
82	35	6.579863253936425e0	1.820906445399673e-2
82	37	6.525569596918823e0	1.805881259283757e-2
82	39	1.505209422084277e1	4.165505319141485e-2
82	43	1.505209422084277e1	4.165505319141485e-2
82	45	6.525569596918823e0	1.805881259283757e-2
82	47	6.579863253936425e0	1.820906445399673e-2
82	49	9.407894275407228e0	2.603533639316758e-2
82	51	5.539581794659659e0	1.533019730870523e-2
82	53	1.048682469393408e1	2.902116037979521e-2
82	55	1.266273233857536e1	3.504275095365916e-2
82	57	3.850904173602062e0	1.065696346521102e-2
82	59	6.869024444649546e0	1.900928697475195e-2
82	61	1.736708207603125e1	4.806153330179221e-2
82	63	1.131986318396889e1	3.132650487895774e-2
82	65	1.726978457230394e1	4.779227291624793e-2
82	67	1.812372519012231e1	5.015546180781615e-2
82	69	1.884753955004628e1	5.215854026460612e-2
82	71	2.395049201155831e1	6.628041281594890e-2
82	73	2.463734582432821e1	6.818120693043422e-2
82	75	3.415659625130906e1	9.452470950625613e-2
82	77	4.161246818514501e1	1.151580338420989e-1
82	79	5.420195144050987e1	1.499980758296442e-1
82	81	8.243592191537327e1	2.281325549712066e-1
83	1	8.375757336655546e1	2.283692668565587e-1
83	2	6.576155146708527e1	1.793022014876663e-1
83	3	5.555878299226688e1	1.514838363793015e-1
83	4	4.858374997915663e1	1.324660555210475e-1
83	5	4.258241187710990e1	1.161031031641924e-1
83	6	3.935797605704878e1	1.073115155541887e-1
83	7	3.611756876960261e1	9.847638092926156e-2
83	8	3.061556488641987e1	8.347488861589783e-2
83	9	2.691636473739283e1	7.338883201189525e-2
83	10	2.519832507382191e1	6.870450983504427e-2
83	11	2.260372230798898e1	6.163019395408939e-2
83	12	2.665417881880339e1	7.267396882279178e-2
83	13	1.940202884673169e1	5.290061453746886e-2
83	14	2.471167952675689e1	6.737764609800785e-2
83	15	1.464015539460062e1	3.991712533861502e-2
83	16	1.241854742834984e1	3.385979867425434e-2
83	17	1.943311934143761e1	5.298538434629711e-2
83	18	1.289091319957936e1	3.514772787907646e-2
83	19	1.039883650810227e1	2.835295453371843e-2
83	20	5.504317197755312e0	1.500779968273600e-2
83	21	2.216195805765512e1	6.042570134623089e-2
83	22	1.174012614655439e1	3.201004868131369e-2
83	23	7.667298094429822e0	2.090527667190983e-2
83	24	9.314814630042751e0	2.539731396775413e-2
83	25	7.029763837264737e0	1.916700722291853e-2
83	26	1.722841410012262e0	4.697414381774854e-3
83	27	6.919656152094699e0	1.886679304136017e-2
83	28	2.357143719119160e1	6.426871760658344e-2
83	29	1.117258888272081e1	3.046262958061651e-2
83	30	6.430407105447264e0	1.753283073082171e-2
83	31	6.867774127248664e-1	1.872533407232736e-3
83	32	3.570741829337573e0	9.735808487802710e-3
83	33	6.918992376934215e0	1.886498322475894e-2
83	34	2.933715150270835e0	7.998922976209931e-3
83	35	1.091571267275146e0	2.976224358105009e-3
83	36	1.332497125788081e0	3.633120916397081e-3
83	37	1.995798081519659e0	5.441644574344416e-3
83	38	8.120599506018445e0	2.214122593439017e-2
83	39	1.298552399662257e1	3.540568901010060e-2
83	40	1.833183559227728e1	4.998267841430776e-2
83	41	3.272398630639378e1	8.922360642792042e-2
83	42	3.272398630639378e1	8.922360642792042e-2
83	43	1.833183559227728e1	4.998267841430776e-2
83	44	1.298552399662257e1	3.540568901010060e-2
83	45	8.120599506018445e0	2.214122593439017e-2
83	46	1.995798081519659e0	5.441644574344416e-3
83	47	1.332497125788081e0	3.633120916397081e-3
83	48	1.091571267275146e0	2.976224358105009e-3
83	49	2.933715150270835e0	7.998922976209931e-3
83	50	6.918992376934215e0	1.886498322475894e-2
83	51	3.570741829337573e0	9.735808487802710e-3
83	52	6.867774127248664e-1	1.872533407232736e-3
83	53	6.430407105447264e0	1.753283073082171e-2
83	54	1.117258888272081e1	3.046262958061651e-2
83	55	2.357143719119160e1	6.426871760658344e-2
83	56	6.919656152094699e0	1.886679304136017e-2
83	57	1.722841410012262e0	4.697414381774854e-3
83	58	7.029763837264737e0	1.916700722291853e-2
83	59	9.314814630042751e0	2.539731396775413e-2
83	60	7.667298094429822e0	2.090527667190983e-2
83	61	1.174012614655439e1	3.201004868131369e-2
83	62	2.216195805765512e1	6.042570134623089e-2
83	63	5.504317197755312e0	1.500779968273600e-2
83	64	1.039883650810227e1	2.835295453371843e-2
83	65	1.289091319957936e1	3.514772787907646e-2
83	66	1.943311934143761e1	5.298538434629711e-2
83	67	1.241854742834984e1	3.385979867425434e-2
83	68	1.464015539460062e1	3.991712533861502e-2
83	69	2.471167952675689e1	6.737764609800785e-2
83	70	1.940202884673169e1	5.290061453746886e-2
83	71	2.665417881880339e1	7.267396882279178e-2
83	72	2.260372230798898e1	6.163019395408939e-2
83	73	2.519832507382191e1	6.870450983504427e-2
83	74	2.691636473739283e1	7.338883201189525e-2
83	75	3.061556488641987e1	8.347488861589783e-2
83	76	3.611756876960261e1	9.847638092926156e-2
83	77	3.935797605704878e1	1.073115155541887e-1
83	78	4.258241187710990e1	1.161031031641924e-1
83	79	4.858374997915663e1	1.324660555210475e-1
83	80	5.555878299226688e1	1.514838363793015e-1
83	81	6.576155146708527e1	1.793022014876663e-1
83	82	8.375757336655546e1	2.283692668565587e-1
84	1	8.508306027466290e1	2.286019983861189e-1
84	5	4.421141532422070e1	1.187876630432541e-1
84	11	2.499863447067046e1	6.716657556123652e-2
84	13	2.171549883407608e1	5.834541462655325e-2
84	17	2.338061746191625e1	6.281927163928189e-2
84	19	1.231362669332810e1	3.308437261645752e-2
84	23	1.160067297891015e1	3.116880160447684e-2
84	25	4.258969934728666e0	1.144304206974211e-2
84	29	1.456535749133492e1	3.913434494455933e-2
84	31	5.689133301795719e0	1.528561899016241e-2
84	37	4.447114594956756e0	1.194855098273812e-2
84	41	2.416573728127831e1	6.492873924774969e-2
84	43	2.416573728127831e1	6.492873924774969e-2
84	47	4.447114594956756e0	1.194855098273812e-2
84	53	5.689133301795719e0	1.528561899016241e-2
84	55	1.456535749133492e1	3.913434494455933e-2
84	59	4.258969934728666e0	1.144304206974211e-2
84	61	1.160067297891015e1	3.116880160447684e-2
84	65	1.231362669332810e1	3.308437261645752e-2
84	67	2.338061746191625e1	6.281927163928189e-2
84	71	2.171549883407608e1	5.834541462655325e-2
84	73	2.499863447067046e1	6.716657556123652e-2
84	79	4.421141532422070e1	1.187876630432541e-1
84	83	8.508306027466290e1	2.286019983861189e-1
85	1	8.641233697018440e1	2.288308648075422e-1
85	2	6.797508096967387e1	1.800066646620167e-1
85	3	5.712936722624806e1	1.512858344844982e-1
85	4	4.935622017190653e1	1.307015519030086e-1
85	6	3.817842409371017e1	1.011013254434630e-1
85	7	3.381923927974606e1	8.955764932254644e-2
85	8	3.277460585170402e1	8.679132706895197e-2
85	9	3.001511407680374e1	7.948384168642368e-2
85	11	2.596101549432773e1	6.874807273061924e-2
85	12	1.772635290408192e1	4.694163827931591e-2
85	13	1.935397403832415e1	5.125178616776142e-2
85	14	1.275633320531517e1	3.378039365088133e-2
85	16	1.591788134756609e1	4.215257545834222e-2
85	18	1.530886225053962e1	4.053981538792587e-2
85	19	1.555861808372429e1	4.120120061719119e-2
85	21	1.604920631601782e0	4.250034068672623e-3
85	22	1.538000270237837e1	4.072820435746244e-2
85	23	9.522366775386622e0	2.521643900196995e-2
85	24	5.257423024607202e0	1.392232520913134e-2
85	26	2.888696148791560e0	7.649635006657297e-3
85	27	1.751583608323849e0	4.638416294814001e-3
85	28	1.344595464719989e1	3.560659898763498e-2
85	29	1.820160433853170e1	4.820016455645722e-2
85	31	8.772827751122822e0	2.323156428218929e-2
85	32	8.177881680630732e0	2.165607137691665e-2
85	33	3.668343295368470e-1	9.714239865769999e-4
85	36	2.591625137200680e0	6.862953163819881e-3
85	37	2.043993137188121e0	5.412753938188519e-3
85	38	4.035796230023165e0	1.068730199742043e-2
85	39	8.257180095299201e0	2.186606367017813e-2
85	41	1.947366505764331e1	5.156874321834956e-2
85	42	3.383069540489858e1	8.958798659981393e-2
85	43	3.383069540489858e1	8.958798659981393e-2
85	44	1.947366505764331e1	5.156874321834956e-2
85	46	8.257180095299201e0	2.186606367017813e-2
85	47	4.035796230023165e0	1.068730199742043e-2
85	48	2.043993137188121e0	5.412753938188519e-3
85	49	2.591625137200680e0	6.862953163819881e-3
85	52	3.668343295368470e-1	9.714239865769999e-4
85	53	8.177881680630732e0	2.165607137691665e-2
85	54	8.772827751122822e0	2.323156428218929e-2
85	56	1.820160433853170e1	4.820016455645722e-2
85	57	1.344595464719989e1	3.560659898763498e-2
85	58	1.751583608323849e0	4.638416294814001e-3
85	59	2.888696148791560e0	7.649635006657297e-3
85	61	5.257423024607202e0	1.392232520913134e-2
85	62	9.522366775386622e0	2.521643900196995e-2
85	63	1.538000270237837e1	4.072820435746244e-2
85	64	1.604920631601782e0	4.250034068672623e-3
85	66	1.555861808372429e1	4.120120061719119e-2
85	67	1.530886225053962e1	4.053981538792587e-2
85	69	1.591788134756609e1	4.215257545834222e-2
85	71	1.275633320531517e1	3.378039365088133e-2
85	72	1.935397403832415e1	5.125178616776142e-2
85	73	1.772635290408192e1	4.694163827931591e-2
85	74	2.596101549432773e1	6.874807273061924e-2
85	76	3.001511407680374e1	7.948384168642368e-2
85	77	3.277460585170402e1	8.679132706895197e-2
85	78	3.381923927974606e1	8.955764932254644e-2
85	79	3.817842409371017e1	1.011013254434630e-1
85	81	4.935622017190653e1	1.307015519030086e-1
85	82	5.712936722624806e1	1.512858344844982e-1
85	83	6.797508096967387e1	1.800066646620167e-1
85	84	8.641233697018440e1	2.288308648075422e-1
86	1	8.774535885850835e1	2.290559766872979e-1
86	3	5.849757065741605e1	1.527057197677570e-1
86	5	4.406790530847445e1	1.150376181978221e-1
86	7	3.576379495599647e1	9.336004878502684e-2
86	9	2.959427371510252e1	7.725474439160862e-2
86	11	2.746929284237378e1	7.170756132031263e-2
86	13	2.166809293499002e1	5.656374598887419e-2
86	15	2.007762654922567e1	5.241189298925261e-2
86	17	6.579603819330586e0	1.717580962296224e-2
86	19	9.625887325743108e0	2.512801875293910e-2
86	21	2.967355183657811e0	7.746169696187285e-3
86	23	1.267985422063297e1	3.310028508109533e-2
86	25	8.430175140497905e0	2.200665682575285e-2
86	27	6.540324609751932e-1	1.707327271581879e-3
86	29	2.474335218109324e1	6.459159520331173e-2
86	31	7.758546693540548e0	2.025339589104219e-2
86	33	1.049491217780865e0	2.739657561845252e-3
86	35	4.031152741651990e0	1.052317342394959e-2
86	37	2.780247763210059e0	7.257732774922761e-3
86	39	9.466938929163907e0	2.471308991003543e-2
86	41	1.538392008787262e1	4.015914786660327e-2
86	45	1.538392008787262e1	4.015914786660327e-2
86	47	9.466938929163907e0	2.471308991003543e-2
86	49	2.780247763210059e0	7.257732774922761e-3
86	51	4.031152741651990e0	1.052317342394959e-2
86	53	1.049491217780865e0	2.739657561845252e-3
86	55	7.758546693540548e0	2.025339589104219e-2
86	57	2.474335218109324e1	6.459159520331173e-2
86	59	6.540324609751932e-1	1.707327271581879e-3
86	61	8.430175140497905e0	2.200665682575285e-2
86	63	1.267985422063297e1	3.310028508109533e-2
86	65	2.967355183657811e0	7.746169696187285e-3
86	67	9.625887325743108e0	2.512801875293910e-2
86	69	6.579603819330586e0	1.717580962296224e-2
86	71	2.007762654922567e1	5.241189298925261e-2
86	73	2.166809293499002e1	5.656374598887419e-2
86	75	2.746929284237378e1	7.170756132031263e-2
86	77	2.959427371510252e1	7.725474439160862e-2
86	79	3.576379495599647e1	9.336004878502684e-2
86	81	4.406790530847445e1	1.150376181978221e-1
86	83	5.849757065741605e1	1.527057197677570e-1
86	85	8.774535885850835e1	2.290559766872979e-1
87	1	8.908208238241147e1	2.292774401537625e-1
87	2	7.020359057554552e1	1.806884067625021e-1
87	4	5.214332721319046e1	1.342053111558246e-1
87	5	4.569757055540399e1	1.176153690841163e-1
87	7	3.726541535476478e1	9.591287956346820e-2
87	8	3.614612581939794e1	9.303207758178404e-2
87	10	2.872888903983168e1	7.394176203961997e-2
87	11	3.019949100647774e1	7.772676397693738e-2
87	13	2.225696993841797e1	5.728448366477868e-2
87	14	1.773961588578769e1	4.565782041493315e-2
87	16	1.764220012533126e1	4.540709394345033e-2
87	17	1.037584390686346e1	2.670511136221902e-2
87	19	1.284588571526105e1	3.306244886215590e-2
87	20	9.330087053073157e0	2.401356612609607e-2
87	22	2.355163291906968e1	6.061665783636350e-2
87	23	1.277730464736627e1	3.288593646741386e-2
87	25	1.265308904559826e1	3.256623317311649e-2
87	26	2.413188805456347e0	6.211010532371544e-3
87	28	3.845061831124958e0	9.896332801121533e-3
87	31	7.782233442030646e0	2.002973566118706e-2
87	32	5.109715180659014e0	1.315126886579866e-2
87	34	5.054080453196853e-1	1.300807746798851e-3
87	35	1.030485756798521e1	2.652240833565501e-2
87	37	4.504373508666228e0	1.159325422064138e-2
87	38	4.226199625202575e0	1.087729659804801e-2
87	40	9.547062682593173e0	2.457201307279567e-2
87	41	1.240187728020673e1	3.191967003757790e-2
87	43	3.494489711336715e1	8.994038242387724e-2
87	44	3.494489711336715e1	8.994038242387724e-2
87	46	1.240187728020673e1	3.191967003757790e-2
87	47	9.547062682593173e0	2.457201307279567e-2
87	49	4.226199625202575e0	1.087729659804801e-2
87	50	4.504373508666228e0	1.159325422064138e-2
87	52	1.030485756798521e1	2.652240833565501e-2
87	53	5.054080453196853e-1	1.300807746798851e-3
87	55	5.109715180659014e0	1.315126886579866e-2
87	56	7.782233442030646e0	2.002973566118706e-2
87	59	3.845061831124958e0	9.896332801121533e-3
87	61	2.413188805456347e0	6.211010532371544e-3
87	62	1.265308904559826e1	3.256623317311649e-2
87	64	1.277730464736627e1	3.288593646741386e-2
87	65	2.355163291906968e1	6.061665783636350e-2
87	67	9.330087053073157e0	2.401356612609607e-2
87	68	1.284588571526105e1	3.306244886215590e-2
87	70	1.037584390686346e1	2.670511136221902e-2
87	71	1.764220012533126e1	4.540709394345033e-2
87	73	1.773961588578769e1	4.565782041493315e-2
87	74	2.225696993841797e1	5.728448366477868e-2
87	76	3.019949100647774e1	7.772676397693738e-2
87	77	2.872888903983168e1	7.394176203961997e-2
87	79	3.614612581939794e1	9.303207758178404e-2
87	80	3.726541535476478e1	9.591287956346820e-2
87	82	4.569757055540399e1	1.176153690841163e-1
87	83	5.214332721319046e1	1.342053111558246e-1
87	85	7.020359057554552e1	1.806884067625021e-1
87	86	8.908208238241147e1	2.292774401537625e-1
88	1	9.042246498627301e1	2.294953571250138e-1
88	3	6.009048934357426e1	1.525117493071433e-1
88	5	4.668625171059655e1	1.184913285739133e-1
88	7	3.763598244988768e1	9.552143081256352e-2
88	9	3.274116984323374e1	8.309822638659926e-2
88	13	2.397536959926424e1	6.085032087128611e-2
88	15	2.327765475731491e1	5.907949636601641e-2
88	17	1.245425097920628e1	3.160932160643264e-2
88	19	1.478610541224996e1	3.752764915873003e-2
88	21	8.078490549330521e0	2.050348963535896e-2
88	23	1.491898689964600e1	3.786490698962289e-2
88	25	2.568539808609238e0	6.519043257182588e-3
88	27	1.429056678889126e0	3.626995491920442e-3
88	29	1.424042143510259e1	3.614268426939810e-2
88	31	1.003183627081025e1	2.546114892951402e-2
88	35	7.659059590678270e0	1.943895929259737e-2
88	37	1.948202150633638e0	4.944604732676346e-3
88	39	8.371578160036616e0	2.124735617226573e-2
88	41	1.255140777596911e1	3.185590893153590e-2
88	43	2.595296794684904e1	6.586953417295523e-2
88	45	2.595296794684904e1	6.586953417295523e-2
88	47	1.255140777596911e1	3.185590893153590e-2
88	49	8.371578160036616e0	2.124735617226573e-2
88	51	1.948202150633638e0	4.944604732676346e-3
88	53	7.659059590678270e0	1.943895929259737e-2
88	57	1.003183627081025e1	2.546114892951402e-2
88	59	1.424042143510259e1	3.614268426939810e-2
88	61	1.429056678889126e0	3.626995491920442e-3
88	63	2.568539808609238e0	6.519043257182588e-3
88	65	1.491898689964600e1	3.786490698962289e-2
88	67	8.078490549330521e0	2.050348963535896e-2
88	69	1.478610541224996e1	3.752764915873003e-2
88	71	1.245425097920628e1	3.160932160643264e-2
88	73	2.327765475731491e1	5.907949636601641e-2
88	75	2.397536959926424e1	6.085032087128611e-2
88	79	3.274116984323374e1	8.309822638659926e-2
88	81	3.763598244988768e1	9.552143081256352e-2
88	83	4.668625171059655e1	1.184913285739133e-1
88	85	6.009048934357426e1	1.525117493071433e-1
88	87	9.042246498627301e1	2.294953571250138e-1
89	1	9.176646508191641e1	2.297098255224523e-1
89	2	7.244673587831043e1	1.813486772474285e-1
89	3	6.146967228022110e1	1.538708904370170e-1
89	4	5.294539438573112e1	1.325329170705998e-1
89	5	4.833347041242991e1	1.209883484715572e-1
89	6	4.394491527424189e1	1.100029167652258e-1
89	7	3.915223134337370e1	9.800586982044880e-2
89	8	3.267941403456783e1	8.180311281856111e-2
89	9	3.509105344682333e1	8.783992886152152e-2
89	10	3.306469190973391e1	8.276754043820471e-2
89	11	2.274331344431330e1	5.693106472426571e-2
89	12	2.483573470251744e1	6.216881384876870e-2
89	13	2.608913116330396e1	6.530631600776238e-2
89	14	1.965771292212120e1	4.920718915651857e-2
89	15	2.682289762286626e1	6.714308029033361e-2
89	16	1.729467678261105e1	4.329203683125925e-2
89	17	1.479382077376678e1	3.703189379386987e-2
89	18	2.509553155906583e1	6.281913736875763e-2
89	19	1.392052824149841e1	3.484586783069960e-2
89	20	1.427338996343318e1	3.572915133199642e-2
89	21	9.975325859264018e0	2.497023679200972e-2
89	22	2.002008502612642e0	5.011427904726392e-3
89	23	1.681199194922493e1	4.208378010304721e-2
89	24	1.107162343271788e1	2.771448899889134e-2
89	25	6.734786142676639e0	1.685851741574976e-2
89	26	8.036332671960402e0	2.011654883152066e-2
89	27	4.847564064266437e0	1.213442290075731e-2
89	28	2.080069860601634e-1	5.206831104661035e-4
89	29	8.063846368768122e0	2.018542112040677e-2
89	30	2.592638067155066e1	6.489891895884074e-2
89	31	1.364412916965202e1	3.415398564354414e-2
89	32	7.971016358976422e0	1.995304902964939e-2
89	33	4.515873843186739e0	1.130413590273787e-2
89	34	3.202919036743491e0	8.017547286322074e-3
89	35	1.507061349127200e0	3.772476135488197e-3
89	36	6.797843466198436e0	1.701636251494994e-2
89	37	1.806242050993184e0	4.521385301423400e-3
89	38	7.467981667412603e0	1.869385253420068e-2
89	39	2.678700142292401e0	6.705322491867586e-3
89	40	6.702140518430038e0	1.677679888553217e-2
89	41	1.132013087910184e1	2.833655286611051e-2
89	42	1.381118552807994e1	3.457216113840098e-2
89	43	2.062553419352760e1	5.162983946993346e-2
89	44	3.606641905617046e1	9.028146416250241e-2
89	45	3.606641905617046e1	9.028146416250241e-2
89	46	2.062553419352760e1	5.162983946993346e-2
89	47	1.381118552807994e1	3.457216113840098e-2
89	48	1.132013087910184e1	2.833655286611051e-2
89	49	6.702140518430038e0	1.677679888553217e-2
89	50	2.678700142292401e0	6.705322491867586e-3
89	51	7.467981667412603e0	1.869385253420068e-2
89	52	1.806242050993184e0	4.521385301423400e-3
89	53	6.797843466198436e0	1.701636251494994e-2
89	54	1.507061349127200e0	3.772476135488197e-3
89	55	3.202919036743491e0	8.017547286322074e-3
89	56	4.515873843186739e0	1.130413590273787e-2
89	57	7.971016358976422e0	1.995304902964939e-2
89	58	1.364412916965202e1	3.415398564354414e-2
89	59	2.592638067155066e1	6.489891895884074e-2
89	60	8.063846368768122e0	2.018542112040677e-2
89	61	2.080069860601634e-1	5.206831104661035e-4
89	62	4.847564064266437e0	1.213442290075731e-2
89	63	8.036332671960402e0	2.011654883152066e-2
89	64	6.734786142676639e0	1.685851741574976e-2
89	65	1.107162343271788e1	2.771448899889134e-2
89	66	1.681199194922493e1	4.208378010304721e-2
89	67	2.002008502612642e0	5.011427904726392e-3
89	68	9.975325859264018e0	2.497023679200972e-2
89	69	1.427338996343318e1	3.572915133199642e-2
89	70	1.392052824149841e1	3.484586783069960e-2
89	71	2.509553155906583e1	6.281913736875763e-2
89	72	1.479382077376678e1	3.703189379386987e-2
89	73	1.729467678261105e1	4.329203683125925e-2
89	74	2.682289762286626e1	6.714308029033361e-2
89	75	1.965771292212120e1	4.920718915651857e-2
89	76	2.608913116330396e1	6.530631600776238e-2
89	77	2.483573470251744e1	6.216881384876870e-2
89	78	2.274331344431330e1	5.693106472426571e-2
89	79	3.306469190973391e1	8.276754043820471e-2
89	80	3.509105344682333e1	8.783992886152152e-2
89	81	3.267941403456783e1	8.180311281856111e-2
89	82	3.915223134337370e1	9.800586982044880e-2
89	83	4.394491527424189e1	1.100029167652258e-1
89	84	4.833347041242991e1	1.209883484715572e-1
89	85	5.294539438573112e1	1.325329170705998e-1
89	86	6.146967228022110e1	1.538708904370170e-1
89	87	7.244673587831043e1	1.813486772474285e-1
89	88	9.176646508191641e1	2.297098255224523e-1
90	1	9.311404201598680e1	2.299209394712828e-1
90	7	4.113803124127580e1	1.015796821425621e-1
90	11	2.541341223924072e1	6.275182014130611e-2
90	13	2.922846483888069e1	7.217210153872393e-2
90	17	1.570947480662275e1	3.879046734453881e-2
90	19	1.734990783888491e1	4.284109059911394e-2
90	23	1.971300939120827e1	4.867615604373238e-2
90	29	4.681847753951357e0	1.156060687243277e-2
90	31	1.584436832566780e1	3.912355184990376e-2
90	37	9.874323504669774e-1	2.438207694224307e-3
90	41	5.562276608476935e0	1.373459722863911e-2
90	43	1.774401423804337e1	4.381423397882675e-2
90	47	1.774401423804337e1	4.381423397882675e-2
90	49	5.562276608476935e0	1.373459722863911e-2
90	53	9.874323504669774e-1	2.438207694224307e-3
90	59	1.584436832566780e1	3.912355184990376e-2
90	61	4.681847753951357e0	1.156060687243277e-2
90	67	1.971300939120827e1	4.867615604373238e-2
90	71	1.734990783888491e1	4.284109059911394e-2
90	73	1.570947480662275e1	3.879046734453881e-2
90	77	2.922846483888069e1	7.217210153872393e-2
90	79	2.541341223924072e1	6.275182014130611e-2
90	83	4.113803124127580e1	1.015796821425621e-1
90	89	9.311404201598680e1	2.299209394712828e-1
91	1	9.446515603877918e1	2.301287894888031e-1
91	2	7.470418795287897e1	1.819886301387434e-1
91	3	6.308416851702937e1	1.536808273600058e-1
91	4	5.576145530950470e1	1.358417934041465e-1
91	5	4.822630767409521e1	1.174852429397155e-1
91	6	4.280920625063663e1	1.042885146920340e-1
91	8	3.602941441059133e1	8.777210425499207e-2
91	9	3.037026218561242e1	7.398571035402145e-2
91	10	2.701215030983897e1	6.580493499360734e-2
91	11	2.690270412120837e1	6.553831055810244e-2
91	12	2.594819773164158e1	6.321301508195713e-2
91	15	1.333207657345318e1	3.247858545812719e-2
91	16	1.907559725230784e1	4.647051133486144e-2
91	17	1.536161218187514e1	3.742278491087393e-2
91	18	6.639024918387433e0	1.617348482680011e-2
91	19	1.843022761650248e1	4.489831117886159e-2
91	20	1.221511483771244e1	2.975752869042537e-2
91	22	5.792836219941978e0	1.411206462682269e-2
91	23	2.495596486285779e1	6.079581324204826e-2
91	24	1.449917708727812e1	3.532178648293720e-2
91	25	1.096191780487552e1	2.670458590971023e-2
91	27	5.730457839043830e0	1.396010318528895e-2
91	29	1.470873546984524e0	3.583229658983425e-3
91	30	1.504574871917104e1	3.665330249678681e-2
91	31	2.013023157313647e1	4.903973082046739e-2
91	32	1.150479420981087e1	2.802709989421601e-2
91	33	5.000442769982612e0	1.218169629754001e-2
91	34	4.251766038279690e-1	1.035782729430141e-3
91	36	4.152780426718495e0	1.011668611674346e-2
91	37	4.977619024721059e0	1.212609483464203e-2
91	38	1.871281167146476e0	4.558672084465002e-3
91	40	4.875912470903348e0	1.187832510562640e-2
91	41	6.076551282998254e0	1.480322956804268e-2
91	43	1.458802145570263e1	3.553822233945594e-2
91	44	2.178934250140934e1	5.308152999342743e-2
91	45	3.719509661348469e1	9.061185009916733e-2
91	46	3.719509661348469e1	9.061185009916733e-2
91	47	2.178934250140934e1	5.308152999342743e-2
91	48	1.458802145570263e1	3.553822233945594e-2
91	50	6.076551282998254e0	1.480322956804268e-2
91	51	4.875912470903348e0	1.187832510562640e-2
91	53	1.871281167146476e0	4.558672084465002e-3
91	54	4.977619024721059e0	1.212609483464203e-2
91	55	4.152780426718495e0	1.011668611674346e-2
91	57	4.251766038279690e-1	1.035782729430141e-3
91	58	5.000442769982612e0	1.218169629754001e-2
91	59	1.150479420981087e1	2.802709989421601e-2
91	60	2.013023157313647e1	4.903973082046739e-2
91	61	1.504574871917104e1	3.665330249678681e-2
91	62	1.470873546984524e0	3.583229658983425e-3
91	64	5.730457839043830e0	1.396010318528895e-2
91	66	1.096191780487552e1	2.670458590971023e-2
91	67	1.449917708727812e1	3.532178648293720e-2
91	68	2.495596486285779e1	6.079581324204826e-2
91	69	5.792836219941978e0	1.411206462682269e-2
91	71	1.221511483771244e1	2.975752869042537e-2
91	72	1.843022761650248e1	4.489831117886159e-2
91	73	6.639024918387433e0	1.617348482680011e-2
91	74	1.536161218187514e1	3.742278491087393e-2
91	75	1.907559725230784e1	4.647051133486144e-2
91	76	1.333207657345318e1	3.247858545812719e-2
91	79	2.594819773164158e1	6.321301508195713e-2
91	80	2.690270412120837e1	6.553831055810244e-2
91	81	2.701215030983897e1	6.580493499360734e-2
91	82	3.037026218561242e1	7.398571035402145e-2
91	83	3.602941441059133e1	8.777210425499207e-2
91	85	4.280920625063663e1	1.042885146920340e-1
91	86	4.822630767409521e1	1.174852429397155e-1
91	87	5.576145530950470e1	1.358417934041465e-1
91	88	6.308416851702937e1	1.536808273600058e-1
91	89	7.470418795287897e1	1.819886301387434e-1
91	90	9.446515603877918e1	2.301287894888031e-1
92	1	9.581976827443721e1	2.303334626613662e-1
92	3	6.447396476631729e1	1.549837974310214e-1
92	5	4.987415080932041e1	1.198884745818221e-1
92	7	3.889052661217524e1	9.348582052140168e-2
92	9	3.268470541273752e1	7.856814422907504e-2
92	11	2.787286470774800e1	6.700134594397812e-2
92	13	1.885998165014768e1	4.533599858816667e-2
92	15	1.676449328403973e1	4.029882202195056e-2
92	17	1.754982139758523e1	4.218660934366662e-2
92	19	1.962149271815571e1	4.716653402263857e-2
92	21	1.201248614479634e1	2.887585285092758e-2
92	25	8.267889252799364e0	1.987451644679067e-2
92	27	6.160966482049433e0	1.480985363152504e-2
92	29	9.134983695418369e-1	2.195885529481254e-3
92	31	2.712014743064619e1	6.519194919879576e-2
92	33	9.343074087611958e0	2.245906711376867e-2
92	35	3.663042145486020e0	8.805293484198531e-3
92	37	1.122015781303108e1	2.697123826557918e-2
92	39	3.525088624045652e0	8.473678068591582e-3
92	41	1.883018378128644e0	4.526436987899384e-3
92	43	1.097603318948186e1	2.638440664538629e-2
92	45	2.776914176170622e1	6.675201466558454e-2
92	47	2.776914176170622e1	6.675201466558454e-2
92	49	1.097603318948186e1	2.638440664538629e-2
92	51	1.883018378128644e0	4.526436987899384e-3
92	53	3.525088624045652e0	8.473678068591582e-3
92	55	1.122015781303108e1	2.697123826557918e-2
92	57	3.663042145486020e0	8.805293484198531e-3
92	59	9.343074087611958e0	2.245906711376867e-2
92	61	2.712014743064619e1	6.519194919879576e-2
92	63	9.134983695418369e-1	2.195885529481254e-3
92	65	6.160966482049433e0	1.480985363152504e-2
92	67	8.267889252799364e0	1.987451644679067e-2
92	71	1.201248614479634e1	2.887585285092758e-2
92	73	1.962149271815571e1	4.716653402263857e-2
92	75	1.754982139758523e1	4.218660934366662e-2
92	77	1.676449328403973e1	4.029882202195056e-2
92	79	1.885998165014768e1	4.533599858816667e-2
92	81	2.787286470774800e1	6.700134594397812e-2
92	83	3.268470541273752e1	7.856814422907504e-2
92	85	3.889052661217524e1	9.348582052140168e-2
92	87	4.987415080932041e1	1.198884745818221e-1
92	89	6.447396476631729e1	1.549837974310214e-1
92	91	9.581976827443721e1	2.303334626613662e-1
93	1	9.717784069244841e1	2.305350428108162e-1
93	2	7.697563233451557e1	1.826093332510751e-1
93	4	5.659180514085368e1	1.342527692313902e-1
93	5	5.088052709492155e1	1.207039013059295e-1
93	7	4.086117132599954e1	9.693497832239252e-2
93	8	3.824643224875587e1	9.073203142815962e-2
93	10	3.129136255952286e1	7.423251593023869e-2
93	11	3.030019224168452e1	7.188116206162543e-2
93	13	2.191554969847326e1	5.199027012701173e-2
93	14	2.458387935210349e1	5.832034997391676e-2
93	16	2.272155660656622e1	5.390236074086976e-2
93	17	2.088689048788980e1	4.954998133833494e-2
93	19	2.243322868881848e1	5.321836026928187e-2
93	20	1.720358027860166e1	4.081206258305905e-2
93	22	9.286130660454646e0	2.202949267137917e-2
93	23	2.413423120287653e0	5.725364943197009e-3
93	25	1.151195409347055e1	2.730981477735816e-2
93	26	7.733351414753520e0	1.834583364651598e-2
93	28	8.207253436919922e0	1.947007166404947e-2
93	29	2.171437247945605e-1	5.151301730406133e-4
93	32	1.707668369495191e1	4.051102575063111e-2
93	34	7.984019503712341e0	1.894049368637337e-2
93	35	9.275182050662458e0	2.200351927858535e-2
93	37	8.417254413733188e0	1.996825709228076e-2
93	38	2.876375335463830e0	6.823626727823139e-3
93	40	3.332660341416880e0	7.906071888487159e-3
93	41	5.651605412129651e0	1.340730650476777e-2
93	43	8.633631043274132e0	2.048156748484598e-2
93	44	1.603146953611733e1	3.803146364947274e-2
93	46	3.833077240918910e1	9.093211163530973e-2
93	47	3.833077240918910e1	9.093211163530973e-2
93	49	1.603146953611733e1	3.803146364947274e-2
93	50	8.633631043274132e0	2.048156748484598e-2
93	52	5.651605412129651e0	1.340730650476777e-2
93	53	3.332660341416880e0	7.906071888487159e-3
93	55	2.876375335463830e0	6.823626727823139e-3
93	56	8.417254413733188e0	1.996825709228076e-2
93	58	9.275182050662458e0	2.200351927858535e-2
93	59	7.984019503712341e0	1.894049368637337e-2
93	61	1.707668369495191e1	4.051102575063111e-2
93	64	2.171437247945605e-1	5.151301730406133e-4
93	65	8.207253436919922e0	1.947007166404947e-2
93	67	7.733351414753520e0	1.834583364651598e-2
93	68	1.151195409347055e1	2.730981477735816e-2
93	70	2.413423120287653e0	5.725364943197009e-3
93	71	9.286130660454646e0	2.202949267137917e-2
93	73	1.720358027860166e1	4.081206258305905e-2
93	74	2.243322868881848e1	5.321836026928187e-2
93	76	2.088689048788980e1	4.954998133833494e-2
93	77	2.272155660656622e1	5.390236074086976e-2
93	79	2.458387935210349e1	5.832034997391676e-2
93	80	2.191554969847326e1	5.199027012701173e-2
93	82	3.030019224168452e1	7.188116206162543e-2
93	83	3.129136255952286e1	7.423251593023869e-2
93	85	3.824643224875587e1	9.073203142815962e-2
93	86	4.086117132599954e1	9.693497832239252e-2
93	88	5.088052709492155e1	1.207039013059295e-1
93	89	5.659180514085368e1	1.342527692313902e-1
93	91	7.697563233451557e1	1.826093332510751e-1
93	92	9.717784069244841e1	2.305350428108162e-1
94	1	9.853933608036581e1	2.307336106511292e-1
94	3	6.610933126655907e1	1.547975185100124e-1
94	5	5.254497470038631e1	1.230360606885404e-1
94	7	4.238785956386054e1	9.925278852057628e-2
94	9	3.584960950143662e1	8.394322683434087e-2
94	11	2.899332011028229e1	6.788896393977606e-2
94	13	2.399301068804449e1	5.618054887165712e-2
94	15	1.988519620205406e1	4.656194470870054e-2
94	17	1.624860417598203e1	3.804672589338021e-2
94	19	2.682836865888995e1	6.281964761257086e-2
94	21	1.753499224309436e1	4.105885257526980e-2
94	23	2.592481799099802e0	6.070394929044177e-3
94	25	1.166959078704322e1	2.732479154233043e-2
94	27	1.399719318285872e1	3.277496125433985e-2
94	29	4.754806229218157e0	1.113355998582361e-2
94	31	1.586157789491416e1	3.714048910714048e-2
94	33	1.235346792756568e1	2.892611592862247e-2
94	35	2.883464082455692e0	6.751741034516793e-3
94	37	2.303539416473765e0	5.393825328868745e-3
94	39	3.228837180026483e-1	7.560445304243972e-4
94	41	3.408611117527094e0	7.981392829876342e-3
94	43	8.460789698295512e0	1.981126150936772e-2
94	45	1.813361559455651e1	4.246055196555484e-2
94	49	1.813361559455651e1	4.246055196555484e-2
94	51	8.460789698295512e0	1.981126150936772e-2
94	53	3.408611117527094e0	7.981392829876342e-3
94	55	3.228837180026483e-1	7.560445304243972e-4
94	57	2.303539416473765e0	5.393825328868745e-3
94	59	2.883464082455692e0	6.751741034516793e-3
94	61	1.235346792756568e1	2.892611592862247e-2
94	63	1.586157789491416e1	3.714048910714048e-2
94	65	4.754806229218157e0	1.113355998582361e-2
94	67	1.399719318285872e1	3.277496125433985e-2
94	69	1.166959078704322e1	2.732479154233043e-2
94	71	2.592481799099802e0	6.070394929044177e-3
94	73	1.753499224309436e1	4.105885257526980e-2
94	75	2.682836865888995e1	6.281964761257086e-2
94	77	1.624860417598203e1	3.804672589338021e-2
94	79	1.988519620205406e1	4.656194470870054e-2
94	81	2.399301068804449e1	5.618054887165712e-2
94	83	2.899332011028229e1	6.788896393977606e-2
94	85	3.584960950143662e1	8.394322683434087e-2
94	87	4.238785956386054e1	9.925278852057628e-2
94	89	5.254497470038631e1	1.230360606885404e-1
94	91	6.610933126655907e1	1.547975185100124e-1
94	93	9.853933608036581e1	2.307336106511292e-1
95	1	9.990421801769091e1	2.309292439359355e-1
95	2	7.926076808573690e1	1.832117763494187e-1
95	3	6.750939828028498e1	1.560484092941453e-1
95	4	5.943555972978299e1	1.373856794402559e-1
95	6	4.866070607788605e1	1.124795357686013e-1
95	7	4.278293944710039e1	9.889304031313570e-2
95	8	4.167242636786703e1	9.632608217205986e-2
95	9	3.546065756794958e1	8.196753854964990e-2
95	11	3.142770110447191e1	7.264533368766374e-2
95	12	3.330390056314643e1	7.698218083047402e-2
95	13	2.570650249838128e1	5.942074623052673e-2
95	14	2.660199164384829e1	6.149067516264562e-2
95	16	2.895564472075229e1	6.693115942168544e-2
95	17	1.957180530199667e1	4.524035411649068e-2
95	18	1.610755867078642e1	3.723272569772529e-2
95	21	1.030435421320981e1	2.381858118626423e-2
95	22	1.344882386491085e1	3.108704305559421e-2
95	23	5.339554656635172e0	1.234241500787300e-2
95	24	2.637430779935961e1	6.096438248844754e-2
95	26	1.345150233829614e1	3.109323436408991e-2
95	27	2.446888479101752e0	5.655998492220409e-3
95	28	8.011540847302372e0	1.851872831136907e-2
95	29	3.717318483325586e0	8.592605636244961e-3
95	31	9.250974057319434e0	2.138368616577764e-2
95	32	2.832430175582477e1	6.547180608858427e-2
95	33	1.416137304586841e1	3.273410508050854e-2
95	34	1.120945694534131e1	2.591073198592783e-2
95	36	5.270182928251257e0	1.218206181053963e-2
95	37	1.651204311497578e0	3.816769409779782e-3
95	39	2.186188586773275e0	5.053389010617397e-3
95	41	5.365069946339589e-1	1.240139376449771e-3
95	42	6.984588192139801e0	1.614492062916792e-2
95	43	8.834431441402257e0	2.042084522402865e-2
95	44	1.037642953373504e1	2.398518375425976e-2
95	46	2.298363180652873e1	5.312681307453644e-2
95	47	3.947329584289164e1	9.124277778786384e-2
95	48	3.947329584289164e1	9.124277778786384e-2
95	49	2.298363180652873e1	5.312681307453644e-2
95	51	1.037642953373504e1	2.398518375425976e-2
95	52	8.834431441402257e0	2.042084522402865e-2
95	53	6.984588192139801e0	1.614492062916792e-2
95	54	5.365069946339589e-1	1.240139376449771e-3
95	56	2.186188586773275e0	5.053389010617397e-3
95	58	1.651204311497578e0	3.816769409779782e-3
95	59	5.270182928251257e0	1.218206181053963e-2
95	61	1.120945694534131e1	2.591073198592783e-2
95	62	1.416137304586841e1	3.273410508050854e-2
95	63	2.832430175582477e1	6.547180608858427e-2
95	64	9.250974057319434e0	2.138368616577764e-2
95	66	3.717318483325586e0	8.592605636244961e-3
95	67	8.011540847302372e0	1.851872831136907e-2
95	68	2.446888479101752e0	5.655998492220409e-3
95	69	1.345150233829614e1	3.109323436408991e-2
95	71	2.637430779935961e1	6.096438248844754e-2
95	72	5.339554656635172e0	1.234241500787300e-2
95	73	1.344882386491085e1	3.108704305559421e-2
95	74	1.030435421320981e1	2.381858118626423e-2
95	77	1.610755867078642e1	3.723272569772529e-2
95	78	1.957180530199667e1	4.524035411649068e-2
95	79	2.895564472075229e1	6.693115942168544e-2
95	81	2.660199164384829e1	6.149067516264562e-2
95	82	2.570650249838128e1	5.942074623052673e-2
95	83	3.330390056314643e1	7.698218083047402e-2
95	84	3.142770110447191e1	7.264533368766374e-2
95	86	3.546065756794958e1	8.196753854964990e-2
95	87	4.167242636786703e1	9.632608217205986e-2
95	88	4.278293944710039e1	9.889304031313570e-2
95	89	4.866070607788605e1	1.124795357686013e-1
95	91	5.943555972978299e1	1.373856794402559e-1
95	92	6.750939828028498e1	1.560484092941453e-1
95	93	7.926076808573690e1	1.832117763494187e-1
95	94	9.990421801769091e1	2.309292439359355e-1
96	1	1.012724508508567e2	2.311220175975463e-1
96	5	5.247219760872934e1	1.197510288061136e-1
96	7	4.432317240783325e1	1.011534819899705e-1
96	11	3.242804966488307e1	7.400666422439804e-2
96	13	2.630902689912882e1	6.004194948248681e-2
96	17	2.178998449776171e1	4.972867880879708e-2
96	19	6.680918648580123e0	1.524706259690414e-2
96	23	7.132723057248842e0	1.627816183083857e-2
96	25	1.586940006061568e1	3.621683616083920e-2
96	29	6.467575745023207e0	1.476017557189465e-2
96	31	5.233432509070716e0	1.194363788270836e-2
96	35	1.023971121073648e1	2.336886976426529e-2
96	37	4.464228527721851e0	1.018817551737832e-2
96	41	8.381246803822846e0	1.912751844166646e-2
96	43	5.694525246642183e0	1.299593476020801e-2
96	47	2.961299984755437e1	6.758221228359554e-2
96	49	2.961299984755437e1	6.758221228359554e-2
96	53	5.694525246642183e0	1.299593476020801e-2
96	55	8.381246803822846e0	1.912751844166646e-2
96	59	4.464228527721851e0	1.018817551737832e-2
96	61	1.023971121073648e1	2.336886976426529e-2
96	65	5.233432509070716e0	1.194363788270836e-2
96	67	6.467575745023207e0	1.476017557189465e-2
96	71	1.586940006061568e1	3.621683616083920e-2
96	73	7.132723057248842e0	1.627816183083857e-2
96	77	6.680918648580123e0	1.524706259690414e-2
96	79	2.178998449776171e1	4.972867880879708e-2
96	83	2.630902689912882e1	6.004194948248681e-2
96	85	3.242804966488307e1	7.400666422439804e-2
96	89	4.432317240783325e1	1.011534819899705e-1
96	91	5.247219760872934e1	1.197510288061136e-1
96	95	1.012724508508567e2	2.311220175975463e-1
97	1	1.026439996692536e2	2.313120038780545e-1
97	2	8.155930694180493e1	1.837968783796848e-1
97	3	6.916497264812894e1	1.558657931585049e-1
97	4	6.029298962436918e1	1.358724552311962e-1
97	5	5.413723630181783e1	1.220002401869020e-1
97	6	4.756601865528276e1	1.071917611073971e-1
97	7	4.633200476281944e1	1.044108657097233e-1
97	8	3.826093056005740e1	8.622240507583218e-2
97	9	3.866912115292698e1	8.714227749219434e-2
97	10	3.496382173846119e1	7.879224986963478e-2
97	11	3.397271472885121e1	7.655875400831612e-2
97	12	2.446037787404503e1	5.512235532414268e-2
97	13	2.866822385587637e1	6.460488999936910e-2
97	14	3.182761573743131e1	7.172469504899090e-2
97	15	2.541031223945223e1	5.726306712729726e-2
97	16	1.388676708425010e1	3.129433704840211e-2
97	17	2.148342373449599e1	4.841368039242695e-2
97	18	1.855999595850217e1	4.182562907684234e-2
97	19	1.091068226831970e1	2.458762116922620e-2
97	20	2.139942237469710e1	4.822438025870095e-2
97	21	1.581267515375215e1	3.563444125592432e-2
97	22	1.303184947253227e1	2.936774897160947e-2
97	23	9.213336913623776e0	2.076259139122712e-2
97	24	2.838546612596072e0	6.396768512300465e-3
97	25	1.856578334703798e1	4.183867116837962e-2
97	26	1.311754640237471e1	2.956087013438494e-2
97	27	1.022326590709193e1	2.303850328092760e-2
97	28	1.155930083461213e1	2.604930680896218e-2
97	29	2.360468839443617e0	5.319402781485347e-3
97	30	3.340469533843206e0	7.527870155651360e-3
97	31	3.229434768848507e0	7.277649255512899e-3
97	32	1.668757329916339e1	3.760605619548601e-2
97	33	2.210085177307324e1	4.980507703825136e-2
97	34	1.387626978049581e1	3.127068099081914e-2
97	35	8.015957909021234e0	1.806425405199064e-2
97	36	4.198773192594078e0	9.462088813159502e-3
97	37	4.647780992470445e0	1.047394429697684e-2
97	38	1.546685821022073e-1	3.485513013748591e-4
97	39	1.215279410202364e1	2.738676557338533e-2
97	40	2.746713625566683e0	6.189819520441974e-3
97	41	3.013347262576720e0	6.790688164267435e-3
97	42	1.303847016420329e0	2.938266894221095e-3
97	43	9.556465366415573e0	2.153584389754603e-2
97	44	1.100928738751187e1	2.480983140836799e-2
97	45	1.168730212319637e1	2.633776238996835e-2
97	46	1.551832981163624e1	3.497112327205391e-2
97	47	2.416799787667676e1	5.446346631647500e-2
97	48	4.062252266142828e1	9.154433916911472e-2
97	49	4.062252266142828e1	9.154433916911472e-2
97	50	2.416799787667676e1	5.446346631647500e-2
97	51	1.551832981163624e1	3.497112327205391e-2
97	52	1.168730212319637e1	2.633776238996835e-2
97	53	1.100928738751187e1	2.480983140836799e-2
97	54	9.556465366415573e0	2.153584389754603e-2
97	55	1.303847016420329e0	2.938266894221095e-3
97	56	3.013347262576720e0	6.790688164267435e-3
97	57	2.746713625566683e0	6.189819520441974e-3
97	58	1.215279410202364e1	2.738676557338533e-2
97	59	1.546685821022073e-1	3.485513013748591e-4
97	60	4.647780992470445e0	1.047394429697684e-2
97	61	4.198773192594078e0	9.462088813159502e-3
97	62	8.015957909021234e0	1.806425405199064e-2
97	63	1.387626978049581e1	3.127068099081914e-2
97	64	2.210085177307324e1	4.980507703825136e-2
97	65	1.668757329916339e1	3.760605619548601e-2
97	66	3.229434768848507e0	7.277649255512899e-3
97	67	3.340469533843206e0	7.527870155651360e-3
97	68	2.360468839443617e0	5.319402781485347e-3
97	69	1.155930083461213e1	2.604930680896218e-2
97	70	1.022326590709193e1	2.303850328092760e-2
97	71	1.311754640237471e1	2.956087013438494e-2
97	72	1.856578334703798e1	4.183867116837962e-2
97	73	2.838546612596072e0	6.396768512300465e-3
97	74	9.213336913623776e0	2.076259139122712e-2
97	75	1.303184947253227e1	2.936774897160947e-2
97	76	1.581267515375215e1	3.563444125592432e-2
97	77	2.139942237469710e1	4.822438025870095e-2
97	78	1.091068226831970e1	2.458762116922620e-2
97	79	1.855999595850217e1	4.182562907684234e-2
97	80	2.148342373449599e1	4.841368039242695e-2
97	81	1.388676708425010e1	3.129433704840211e-2
97	82	2.541031223945223e1	5.726306712729726e-2
97	83	3.182761573743131e1	7.172469504899090e-2
97	84	2.866822385587637e1	6.460488999936910e-2
97	85	2.446037787404503e1	5.512235532414268e-2
97	86	3.397271472885121e1	7.655875400831612e-2
97	87	3.496382173846119e1	7.879224986963478e-2
97	88	3.866912115292698e1	8.714227749219434e-2
97	89	3.826093056005740e1	8.622240507583218e-2
97	90	4.633200476281944e1	1.044108657097233e-1
97	91	4.756601865528276e1	1.071917611073971e-1
97	92	5.413723630181783e1	1.220002401869020e-1
97	93	6.029298962436918e1	1.358724552311962e-1
97	94	6.916497264812894e1	1.558657931585049e-1
97	95	8.155930694180493e1	1.837968783796848e-1
97	96	1.026439996692536e2	2.313120038780545e-1
98	1	1.040188302822442e2	2.314992724530438e-1
98	3	7.057498930374018e1	1.570682792035403e-1
98	5	5.516037530273838e1	1.227622606038911e-1
98	9	4.104767295798720e1	9.135371355244488e-2
98	11	3.673692275684359e1	8.175991661602709e-2
98	13	2.635233095025055e1	5.864847187640583e-2
98	15	2.198004271345078e1	4.891771886728528e-2
98	17	2.246765815443441e1	5.000293218412691e-2
98	19	1.362356623141733e1	3.031994939984749e-2
98	23	9.285795546437354e0	2.066601698283953e-2
98	25	2.211556958243689e1	4.921934090517007e-2
98	27	1.068928711917382e1	2.378955987503385e-2
98	29	6.114958878556758e0	1.360915641547847e-2
98	31	2.411579723313436e-1	5.367095072062833e-4
98	33	2.953851514310549e1	6.573948915227704e-2
98	37	7.301478376854416e0	1.624981676382067e-2
98	39	9.192598096097464e0	2.045860124965333e-2
98	41	4.129019791896341e-1	9.189346536339443e-4
98	43	4.119354190890022e0	9.167835242713926e-3
98	45	1.026279722134328e1	2.284038460755156e-2
98	47	2.054918448211844e1	4.573327006471661e-2
98	51	2.054918448211844e1	4.573327006471661e-2
98	53	1.026279722134328e1	2.284038460755156e-2
98	55	4.119354190890022e0	9.167835242713926e-3
98	57	4.129019791896341e-1	9.189346536339443e-4
98	59	9.192598096097464e0	2.045860124965333e-2
98	61	7.301478376854416e0	1.624981676382067e-2
98	65	2.953851514310549e1	6.573948915227704e-2
98	67	2.411579723313436e-1	5.367095072062833e-4
98	69	6.114958878556758e0	1.360915641547847e-2
98	71	1.068928711917382e1	2.378955987503385e-2
98	73	2.211556958243689e1	4.921934090517007e-2
98	75	9.285795546437354e0	2.066601698283953e-2
98	79	1.362356623141733e1	3.031994939984749e-2
98	81	2.246765815443441e1	5.000293218412691e-2
98	83	2.198004271345078e1	4.891771886728528e-2
98	85	2.635233095025055e1	5.864847187640583e-2
98	87	3.673692275684359e1	8.175991661602709e-2
98	89	4.104767295798720e1	9.135371355244488e-2
98	93	5.516037530273838e1	1.227622606038911e-1
98	95	7.057498930374018e1	1.570682792035403e-1
98	97	1.040188302822442e2	2.314992724530438e-1
99	1	1.053969091971165e2	2.316838905483903e-1
99	2	8.387097252671033e1	1.843654938943601e-1
99	4	6.316328283797278e1	1.388457708977131e-1
99	5	5.684116683438798e1	1.249484712200785e-1
99	7	4.413157405050930e1	9.701019555444525e-2
99	8	4.166719392708538e1	9.159298570328010e-2
99	10	3.936376087820729e1	8.652957032945988e-2
99	13	2.871208956567481e1	6.311502554508852e-2
99	14	1.996929059344121e1	4.389657126972382e-2
99	16	1.993697360755520e1	4.382553194724365e-2
99	17	2.490253542040105e1	5.474084899327821e-2
99	19	1.475896711056453e1	3.244321818067959e-2
99	20	2.857817144044779e1	6.282064620793437e-2
99	23	1.244028774816976e1	2.734628830193719e-2
99	25	2.780607026257377e1	6.112341043366423e-2
99	26	1.454838430400026e1	3.198031424659777e-2
99	28	5.450866276522464e0	1.198211518178270e-2
99	29	7.785855375142414e0	1.711489718532887e-2
99	31	2.392372453639378e0	5.258922314916742e-3
99	32	6.101095718089147e0	1.341145203728318e-2
99	34	1.841824495508581e1	4.048705679107607e-2
99	35	1.299945092226311e1	2.857544293855987e-2
99	37	1.354372102682774e-1	2.977185957255128e-4
99	38	8.743130607769071e-1	1.921918327787234e-3
99	40	8.218974298227630e0	1.806698086534306e-2
99	41	7.662799814267826e-1	1.684439597884929e-3
99	43	2.794495775541336e0	6.142871345378799e-3
99	46	1.187307298396526e1	2.609943462901202e-2
99	47	1.696298534240556e1	3.728809952191044e-2
99	49	4.177831456575833e1	9.183725151794288e-2
99	50	4.177831456575833e1	9.183725151794288e-2
99	52	1.696298534240556e1	3.728809952191044e-2
99	53	1.187307298396526e1	2.609943462901202e-2
99	56	2.794495775541336e0	6.142871345378799e-3
99	58	7.662799814267826e-1	1.684439597884929e-3
99	59	8.218974298227630e0	1.806698086534306e-2
99	61	8.743130607769071e-1	1.921918327787234e-3
99	62	1.354372102682774e-1	2.977185957255128e-4
99	64	1.299945092226311e1	2.857544293855987e-2
99	65	1.841824495508581e1	4.048705679107607e-2
99	67	6.101095718089147e0	1.341145203728318e-2
99	68	2.392372453639378e0	5.258922314916742e-3
99	70	7.785855375142414e0	1.711489718532887e-2
99	71	5.450866276522464e0	1.198211518178270e-2
99	73	1.454838430400026e1	3.198031424659777e-2
99	74	2.780607026257377e1	6.112341043366423e-2
99	76	1.244028774816976e1	2.734628830193719e-2
99	79	2.857817144044779e1	6.282064620793437e-2
99	80	1.475896711056453e1	3.244321818067959e-2
99	82	2.490253542040105e1	5.474084899327821e-2
99	83	1.993697360755520e1	4.382553194724365e-2
99	85	1.996929059344121e1	4.389657126972382e-2
99	86	2.871208956567481e1	6.311502554508852e-2
99	89	3.936376087820729e1	8.652957032945988e-2
99	91	4.166719392708538e1	9.159298570328010e-2
99	92	4.413157405050930e1	9.701019555444525e-2
99	94	5.684116683438798e1	1.249484712200785e-1
99	95	6.316328283797278e1	1.388457708977131e-1
99	97	8.387097252671033e1	1.843654938943601e-1
99	98	1.053969091971165e2	2.316838905483903e-1
100	1	1.067782035979287e2	2.318659230506119e-1
100	3	7.225014989276832e1	1.568892070755605e-1
100	7	4.612633286811233e1	1.001620591752689e-1
100	9	3.638731729316106e1	7.901405555841309e-2
100	11	2.935525222509598e1	6.374412028118670e-2
100	13	2.934441462156794e1	6.372058672414029e-2
100	17	2.711634165085927e1	5.888238774185747e-2
100	19	1.581597697248885e1	3.434395762530404e-2
100	21	1.804138075130512e1	3.917636053103678e-2
100	23	1.039054269134112e1	2.256277677414805e-2
100	27	1.170607023768622e1	2.541940854499507e-2
100	29	1.005577232350200e1	2.183583215686180e-2
100	31	2.346497286516418e0	5.095354116675171e-3
100	33	1.752342007539262e1	3.805162321407839e-2
100	37	5.018578281784155e0	1.089770427389181e-2
100	39	5.949778750139102e-1	1.291978039865319e-3
100	41	2.776137782404530e0	6.028306599507090e-3
100	43	3.909129084301121e0	8.488565951797443e-3
100	47	1.598359119539878e1	3.470792728579545e-2
100	49	3.148338828919466e1	6.836530902807350e-2
100	51	3.148338828919466e1	6.836530902807350e-2
100	53	1.598359119539878e1	3.470792728579545e-2
100	57	3.909129084301121e0	8.488565951797443e-3
100	59	2.776137782404530e0	6.028306599507090e-3
100	61	5.949778750139102e-1	1.291978039865319e-3
100	63	5.018578281784155e0	1.089770427389181e-2
100	67	1.752342007539262e1	3.805162321407839e-2
100	69	2.346497286516418e0	5.095354116675171e-3
100	71	1.005577232350200e1	2.183583215686180e-2
100	73	1.170607023768622e1	2.541940854499507e-2
100	77	1.039054269134112e1	2.256277677414805e-2
100	79	1.804138075130512e1	3.917636053103678e-2
100	81	1.581597697248885e1	3.434395762530404e-2
100	83	2.711634165085927e1	5.888238774185747e-2
100	87	2.934441462156794e1	6.372058672414029e-2
100	89	2.935525222509598e1	6.374412028118670e-2
100	91	3.638731729316106e1	7.901405555841309e-2
100	93	4.612633286811233e1	1.001620591752689e-1
100	97	7.225014989276832e1	1.568892070755605e-1
100	99	1.067782035979287e2	2.318659230506119e-1
101	1	1.081626813252000e2	2.320454326111812e-1
101	2	8.619549963252388e1	1.849184187772717e-1
101	3	7.366981454367911e1	1.580465995917460e-1
101	4	6.404668826518538e1	1.374017480310548e-1
101	5	5.680101451215600e1	1.218573340059795e-1
101	6	5.349719976788020e1	1.147695370670545e-1
101	7	4.767625713576103e1	1.022816518304275e-1
101	8	4.393734223566342e1	9.426041830644485e-2
101	9	3.873364914495100e1	8.309674152239999e-2
101	10	3.337796014101013e1	7.160698223921493e-2
101	11	3.206603637389064e1	6.879246327237411e-2
101	12	3.174467968800925e1	6.810304479379882e-2
101	13	3.110501327800213e1	6.673074459729508e-2
101	14	2.506122473958024e1	5.376477973005891e-2
101	15	2.757181890376802e1	5.915085098682176e-2
101	16	2.355495906673382e1	5.053333182768903e-2
101	17	3.110855306454927e1	6.673833863333986e-2
101	18	2.075241052318903e1	4.452091995667180e-2
101	19	1.925131938296757e1	4.130057317205166e-2
101	20	6.706201535850525e0	1.438706416574058e-2
101	21	2.004850611310728e1	4.301080758377999e-2
101	22	1.610407949334699e1	3.454868210601514e-2
101	23	1.434909650367239e1	3.078365167153544e-2
101	24	8.459401483884404e0	1.814826937451567e-2
101	25	3.276812259993236e0	7.029867502726194e-3
101	26	2.003901834221915e1	4.299045311518437e-2
101	27	1.522743985248749e1	3.266799440287144e-2
101	28	8.990789926435484e0	1.928827681077381e-2
101	29	1.536509552335153e1	3.296331224545517e-2
101	30	5.630399788254919e0	1.207910657014308e-2
101	31	1.306597100290862e0	2.803091469912277e-3
101	32	8.822218218617979e-1	1.892663364154696e-3
101	33	1.047832515276775e1	2.247954158795553e-2
101	34	3.076247924271262e1	6.599589356153134e-2
101	35	1.671634465758776e1	3.586219738844282e-2
101	36	8.699751477465528e0	1.866390117612516e-2
101	37	7.550521898915381e0	1.619841611735098e-2
101	38	1.040000938210257e1	2.231152784549252e-2
101	39	3.113452020865640e0	6.679404691566229e-3
101	40	5.266018441071235e0	1.129738568169296e-2
101	41	5.770692478062840e0	1.238008170777663e-2
101	42	2.382090345837938e0	5.110387224563939e-3
101	43	5.900909563057784e0	1.265944127478080e-2
101	44	3.182431372598917e0	6.827388666427786e-3
101	45	1.738885457376408e0	3.730495798315531e-3
101	46	5.911093324753554e0	1.268128887840298e-2
101	47	1.321007320172319e1	2.834006251844887e-2
101	48	1.777340414114715e1	3.812994650628151e-2
101	49	2.540205849109116e1	5.449598308364493e-2
101	50	4.294053884967430e1	9.212193884110409e-2
101	51	4.294053884967430e1	9.212193884110409e-2
101	52	2.540205849109116e1	5.449598308364493e-2
101	53	1.777340414114715e1	3.812994650628151e-2
101	54	1.321007320172319e1	2.834006251844887e-2
101	55	5.911093324753554e0	1.268128887840298e-2
101	56	1.738885457376408e0	3.730495798315531e-3
101	57	3.182431372598917e0	6.827388666427786e-3
101	58	5.900909563057784e0	1.265944127478080e-2
101	59	2.382090345837938e0	5.110387224563939e-3
101	60	5.770692478062840e0	1.238008170777663e-2
101	61	5.266018441071235e0	1.129738568169296e-2
101	62	3.113452020865640e0	6.679404691566229e-3
101	63	1.040000938210257e1	2.231152784549252e-2
101	64	7.550521898915381e0	1.619841611735098e-2
101	65	8.699751477465528e0	1.866390117612516e-2
101	66	1.671634465758776e1	3.586219738844282e-2
101	67	3.076247924271262e1	6.599589356153134e-2
101	68	1.047832515276775e1	2.247954158795553e-2
101	69	8.822218218617979e-1	1.892663364154696e-3
101	70	1.306597100290862e0	2.803091469912277e-3
101	71	5.630399788254919e0	1.207910657014308e-2
101	72	1.536509552335153e1	3.296331224545517e-2
101	73	8.990789926435484e0	1.928827681077381e-2
101	74	1.522743985248749e1	3.266799440287144e-2
101	75	2.003901834221915e1	4.299045311518437e-2
101	76	3.276812259993236e0	7.029867502726194e-3
101	77	8.459401483884404e0	1.814826937451567e-2
101	78	1.434909650367239e1	3.078365167153544e-2
101	79	1.610407949334699e1	3.454868210601514e-2
101	80	2.004850611310728e1	4.301080758377999e-2
101	81	6.706201535850525e0	1.438706416574058e-2
101	82	1.925131938296757e1	4.130057317205166e-2
101	83	2.075241052318903e1	4.452091995667180e-2
101	84	3.110855306454927e1	6.673833863333986e-2
101	85	2.355495906673382e1	5.053333182768903e-2
101	86	2.757181890376802e1	5.915085098682176e-2
101	87	2.506122473958024e1	5.376477973005891e-2
101	88	3.110501327800213e1	6.673074459729508e-2
101	89	3.174467968800925e1	6.810304479379882e-2
101	90	3.206603637389064e1	6.879246327237411e-2
101	91	3.337796014101013e1	7.160698223921493e-2
101	92	3.873364914495100e1	8.309674152239999e-2
101	93	4.393734223566342e1	9.426041830644485e-2
101	94	4.767625713576103e1	1.022816518304275e-1
101	95	5.349719976788020e1	1.147695370670545e-1
101	96	5.680101451215600e1	1.218573340059795e-1
101	97	6.404668826518538e1	1.374017480310548e-1
101	98	7.366981454367911e1	1.580465995917460e-1
101	99	8.619549963252388e1	1.849184187772717e-1
101	100	1.081626813252000e2	2.320454326111812e-1
102	1	1.095503108564062e2	2.322224797451905e-1
102	5	5.848236718704335e1	1.239697105683730e-1
102	7	4.809409538620946e1	1.019488671860229e-1
102	11	3.359381963294059e1	7.121148300071603e-2
102	13	3.325888889116218e1	7.050150375199780e-2
102	19	1.839976389627673e1	3.900343837745984e-2
102	23	1.521367895859232e1	3.224964152262775e-2
102	25	2.163389035669580e0	4.585907265706018e-3
102	29	2.301691413224388e0	4.879077780872610e-3
102	31	4.371267995453722e0	9.266123350992667e-3
102	35	1.968046833160393e1	4.171824911115255e-2
102	37	5.273981474792313e0	1.117967668582702e-2
102	41	1.310186933341744e1	2.777307122288044e-2
102	43	1.001288851940240e0	2.122511367800287e-3
102	47	1.330708006473875e1	2.820807268043197e-2
102	49	2.099176123027213e1	4.449790063583082e-2
102	53	2.099176123027213e1	4.449790063583082e-2
102	55	1.330708006473875e1	2.820807268043197e-2
102	59	1.001288851940240e0	2.122511367800287e-3
102	61	1.310186933341744e1	2.777307122288044e-2
102	65	5.273981474792313e0	1.117967668582702e-2
102	67	1.968046833160393e1	4.171824911115255e-2
102	71	4.371267995453722e0	9.266123350992667e-3
102	73	2.301691413224388e0	4.879077780872610e-3
102	77	2.163389035669580e0	4.585907265706018e-3
102	79	1.521367895859232e1	3.224964152262775e-2
102	83	1.839976389627673e1	3.900343837745984e-2
102	89	3.325888889116218e1	7.050150375199780e-2
102	91	3.359381963294059e1	7.121148300071603e-2
102	95	4.809409538620946e1	1.019488671860229e-1
102	97	5.848236718704335e1	1.239697105683730e-1
102	101	1.095503108564062e2	2.322224797451905e-1
103	1	1.109410612872407e2	2.323971229247263e-1
103	2	8.853263355584060e1	1.854563953562317e-1
103	3	7.536397680921513e1	1.578709557976954e-1
103	4	6.694245759471006e1	1.402297252794565e-1
103	5	5.952142988149733e1	1.246843044074674e-1
103	6	5.244105338751419e1	1.098524729166433e-1
103	7	4.965663012405416e1	1.040197185881320e-1
103	8	4.741351667727233e1	9.932088926941683e-2
103	9	4.195847183714253e1	8.789377011657938e-2
103	10	3.772696133009300e1	7.902968628635593e-2
103	11	3.460107238449164e1	7.248163645601317e-2
103	12	3.293696078216463e1	6.899568865526925e-2
103	13	3.643525160983219e1	7.632383852215179e-2
103	14	2.707760921419968e1	5.672163583118519e-2
103	15	3.086397700814381e1	6.465324358252245e-2
103	16	2.539053101745178e1	5.318757806642196e-2
103	17	1.442171434669295e1	3.021031963211580e-2
103	18	2.328976495695633e1	4.878693521397069e-2
103	19	2.038118237697063e1	4.269409442504455e-2
103	20	1.360759004037405e1	2.850490826957497e-2
103	21	2.550187093977194e1	5.342081071548482e-2
103	22	1.577573749886607e1	3.304670033090666e-2
103	23	1.954204365829501e1	4.093628337030765e-2
103	24	1.184099556108830e1	2.480428138177422e-2
103	25	5.546082465824177e0	1.161782295577378e-2
103	26	2.925070875622738e1	6.127380141835865e-2
103	27	1.627287429797054e1	3.408809258433711e-2
103	28	8.925635830318726e0	1.869724395252821e-2
103	29	7.541095701337582e0	1.579693689925457e-2
103	30	8.888525149732361e0	1.861950523885465e-2
103	31	9.419254684416188e0	1.973126688490883e-2
103	32	2.471441329085827e0	5.177126013512045e-3
103	33	3.029720502327324e0	6.346598093053441e-3
103	34	1.836882229607529e1	3.847864265576865e-2
103	35	2.411086539407888e1	5.050696003620900e-2
103	36	1.352380332493701e1	2.832939352885632e-2
103	37	9.969509477948407e0	2.088392965384823e-2
103	38	7.315975680421929e0	1.532535996852650e-2
103	39	6.435818971627960e0	1.348162524602354e-2
103	40	1.055120132152708e-1	2.210244612834324e-4
103	41	9.984212348290788e0	2.091472893345362e-2
103	42	4.880255661255362e0	1.022306224271980e-2
103	43	2.450124403483666e0	5.132471742838394e-3
103	44	9.317810529986685e0	1.951876369309323e-2
103	45	5.340282986469248e0	1.118671831023896e-2
103	46	4.203964985747818e0	8.806382021481925e-3
103	47	8.021550214207522e0	1.680338343214001e-2
103	48	1.502656511992016e1	3.147734897062968e-2
103	49	1.924878363409500e1	4.032196811946955e-2
103	50	2.660573400752745e1	5.573316105784400e-2
103	51	4.410906806717040e1	9.239879621451093e-2
103	52	4.410906806717040e1	9.239879621451093e-2
103	53	2.660573400752745e1	5.573316105784400e-2
103	54	1.924878363409500e1	4.032196811946955e-2
103	55	1.502656511992016e1	3.147734897062968e-2
103	56	8.021550214207522e0	1.680338343214001e-2
103	57	4.203964985747818e0	8.806382021481925e-3
103	58	5.340282986469248e0	1.118671831023896e-2
103	59	9.317810529986685e0	1.951876369309323e-2
103	60	2.450124403483666e0	5.132471742838394e-3
103	61	4.880255661255362e0	1.022306224271980e-2
103	62	9.984212348290788e0	2.091472893345362e-2
103	63	1.055120132152708e-1	2.210244612834324e-4
103	64	6.435818971627960e0	1.348162524602354e-2
103	65	7.315975680421929e0	1.532535996852650e-2
103	66	9.969509477948407e0	2.088392965384823e-2
103	67	1.352380332493701e1	2.832939352885632e-2
103	68	2.411086539407888e1	5.050696003620900e-2
103	69	1.836882229607529e1	3.847864265576865e-2
103	70	3.029720502327324e0	6.346598093053441e-3
103	71	2.471441329085827e0	5.177126013512045e-3
103	72	9.419254684416188e0	1.973126688490883e-2
103	73	8.888525149732361e0	1.861950523885465e-2
103	74	7.541095701337582e0	1.579693689925457e-2
103	75	8.925635830318726e0	1.869724395252821e-2
103	76	1.627287429797054e1	3.408809258433711e-2
103	77	2.925070875622738e1	6.127380141835865e-2
103	78	5.546082465824177e0	1.161782295577378e-2
103	79	1.184099556108830e1	2.480428138177422e-2
103	80	1.954204365829501e1	4.093628337030765e-2
103	81	1.577573749886607e1	3.304670033090666e-2
103	82	2.550187093977194e1	5.342081071548482e-2
103	83	1.360759004037405e1	2.850490826957497e-2
103	84	2.038118237697063e1	4.269409442504455e-2
103	85	2.328976495695633e1	4.878693521397069e-2
103	86	1.442171434669295e1	3.021031963211580e-2
103	87	2.539053101745178e1	5.318757806642196e-2
103	88	3.086397700814381e1	6.465324358252245e-2
103	89	2.707760921419968e1	5.672163583118519e-2
103	90	3.643525160983219e1	7.632383852215179e-2
103	91	3.293696078216463e1	6.899568865526925e-2
103	92	3.460107238449164e1	7.248163645601317e-2
103	93	3.772696133009300e1	7.902968628635593e-2
103	94	4.195847183714253e1	8.789377011657938e-2
103	95	4.741351667727233e1	9.932088926941683e-2
103	96	4.965663012405416e1	1.040197185881320e-1
103	97	5.244105338751419e1	1.098524729166433e-1
103	98	5.952142988149733e1	1.246843044074674e-1
103	99	6.694245759471006e1	1.402297252794565e-1
103	100	7.536397680921513e1	1.578709557976954e-1
103	101	8.853263355584060e1	1.854563953562317e-1
103	102	1.109410612872407e2	2.323971229247263e-1
104	1	1.123349023136027e2	2.325694186672873e-1
104	3	7.679300556476421e1	1.589862482103065e-1
104	5	6.121776686563241e1	1.267404890094042e-1
104	7	5.168694186985538e1	1.070086124239816e-1
104	9	4.159850031862464e1	8.612229002100627e-2
104	11	3.706424490992558e1	7.673492133352355e-2
104	15	3.444982323235251e1	7.132222663951930e-2
104	17	1.828787218320047e1	3.786178395771450e-2
104	19	2.368808490119537e1	4.904196310628964e-2
104	21	3.034407983951499e1	6.282201580207550e-2
104	23	1.095247094469154e1	2.267514145751674e-2
104	25	8.129653095384453e0	1.683099958623749e-2
104	27	1.886853553813126e1	3.906394407105711e-2
104	29	9.806265661803863e0	2.030212745363773e-2
104	31	4.578992181887876e0	9.479988212842053e-3
104	33	1.378765505627524e0	2.854488547353934e-3
104	35	3.199590405841533e1	6.624182380847531e-2
104	37	1.052404402345198e1	2.178815978074509e-2
104	41	2.794814744649214e0	5.786166427877182e-3
104	43	7.502783193142590e-1	1.553317704184778e-3
104	45	6.798911239821206e-1	1.407593545772134e-3
104	47	8.546847333452364e0	1.769472599201589e-2
104	49	1.448742427027673e1	2.999363306622660e-2
104	51	3.337924553040109e1	6.910578607961283e-2
104	53	3.337924553040109e1	6.910578607961283e-2
104	55	1.448742427027673e1	2.999363306622660e-2
104	57	8.546847333452364e0	1.769472599201589e-2
104	59	6.798911239821206e-1	1.407593545772134e-3
104	61	7.502783193142590e-1	1.553317704184778e-3
104	63	2.794814744649214e0	5.786166427877182e-3
104	67	1.052404402345198e1	2.178815978074509e-2
104	69	3.199590405841533e1	6.624182380847531e-2
104	71	1.378765505627524e0	2.854488547353934e-3
104	73	4.578992181887876e0	9.479988212842053e-3
104	75	9.806265661803863e0	2.030212745363773e-2
104	77	1.886853553813126e1	3.906394407105711e-2
104	79	8.129653095384453e0	1.683099958623749e-2
104	81	1.095247094469154e1	2.267514145751674e-2
104	83	3.034407983951499e1	6.282201580207550e-2
104	85	2.368808490119537e1	4.904196310628964e-2
104	87	1.828787218320047e1	3.786178395771450e-2
104	89	3.444982323235251e1	7.132222663951930e-2
104	93	3.706424490992558e1	7.673492133352355e-2
104	95	4.159850031862464e1	8.612229002100627e-2
104	97	5.168694186985538e1	1.070086124239816e-1
104	99	6.121776686563241e1	1.267404890094042e-1
104	101	7.679300556476421e1	1.589862482103065e-1
104	103	1.123349023136027e2	2.325694186672873e-1
105	1	1.137318042142795e2	2.327394216195531e-1
105	2	9.088212948577207e1	1.859801169795935e-1
105	4	6.785082056752888e1	1.388491182778235e-1
105	8	4.405283971973979e1	9.014921118945753e-2
105	11	3.579281697781261e1	7.324599815417959e-2
105	13	2.615106178305509e1	5.351522413781661e-2
105	16	2.514965097445043e1	5.146594888004351e-2
105	17	2.043089133388752e1	4.180953485325878e-2
105	19	1.781943641559615e1	3.646548433486948e-2
105	22	2.008588886699849e1	4.110352587753035e-2
105	23	1.524273321925770e1	3.119254933006483e-2
105	26	3.727698388935489e0	7.628317980240547e-3
105	29	1.150746660651872e1	2.354874382597041e-2
105	31	7.681623538350421e0	1.571958373267726e-2
105	32	5.274303972033334e0	1.079327338889281e-2
105	34	6.711389242510809e0	1.373410772260958e-2
105	37	1.163213598468466e1	2.380386576981421e-2
105	38	7.433176831150650e0	1.521116532380357e-2
105	41	1.496400404805822e-1	3.062216124432548e-4
105	43	4.053788653680184e0	8.295625248746170e-3
105	44	6.728366341928960e-1	1.376884945845608e-3
105	46	2.823686325850656e0	5.778358365575025e-3
105	47	5.503316073013059e0	1.126192104900975e-2
105	52	4.528377972568275e1	9.266819228723179e-2
105	53	4.528377972568275e1	9.266819228723179e-2
105	58	5.503316073013059e0	1.126192104900975e-2
105	59	2.823686325850656e0	5.778358365575025e-3
105	61	6.728366341928960e-1	1.376884945845608e-3
105	62	4.053788653680184e0	8.295625248746170e-3
105	64	1.496400404805822e-1	3.062216124432548e-4
105	67	7.433176831150650e0	1.521116532380357e-2
105	68	1.163213598468466e1	2.380386576981421e-2
105	71	6.711389242510809e0	1.373410772260958e-2
105	73	5.274303972033334e0	1.079327338889281e-2
105	74	7.681623538350421e0	1.571958373267726e-2
105	76	1.150746660651872e1	2.354874382597041e-2
105	79	3.727698388935489e0	7.628317980240547e-3
105	82	1.524273321925770e1	3.119254933006483e-2
105	83	2.008588886699849e1	4.110352587753035e-2
105	86	1.781943641559615e1	3.646548433486948e-2
105	88	2.043089133388752e1	4.180953485325878e-2
105	89	2.514965097445043e1	5.146594888004351e-2
105	92	2.615106178305509e1	5.351522413781661e-2
105	94	3.579281697781261e1	7.324599815417959e-2
105	97	4.405283971973979e1	9.014921118945753e-2
105	101	6.785082056752888e1	1.388491182778235e-1
105	103	9.088212948577207e1	1.859801169795935e-1
105	104	1.137318042142795e2	2.327394216195531e-1
106	1	1.151317378342879e2	2.329071846367916e-1
106	3	7.850561883890830e1	1.588139205216949e-1
106	5	6.120864989013509e1	1.238228015097745e-1
106	7	4.953034891911665e1	1.001980369429795e-1
106	9	4.486309343367089e1	9.075635426239329e-2
106	11	3.826230008238084e1	7.740319704669141e-2
106	13	2.925412696644352e1	5.918000091832584e-2
106	15	2.105601210113212e1	4.259552222873151e-2
106	17	2.283163364571300e1	4.618753797267870e-2
106	19	2.110588876308811e1	4.269642084395062e-2
106	21	6.715698858762110e0	1.358560674480652e-2
106	23	1.611995929489326e1	3.261007265639605e-2
106	25	1.221825561566705e1	2.471707254791550e-2
106	27	2.457013309440070e1	4.970445710986105e-2
106	29	1.533954460289612e1	3.103132302418029e-2
106	31	8.816322755301902e0	1.783509004912388e-2
106	33	1.439616753024512e0	2.912290661203258e-3
106	35	1.922350130449940e1	3.888842166299035e-2
106	37	1.504837534051567e1	3.044229853423981e-2
106	39	5.886045929407888e0	1.190725000637456e-2
106	41	2.161213983167181e0	4.372054775561861e-3
106	43	6.767203192991665e0	1.368979807994700e-2
106	45	4.314477299996652e0	8.728025651518489e-3
106	47	1.077106914121646e1	2.178946862436602e-2
106	49	9.507511778184691e0	1.923333950144425e-2
106	51	2.345835039164536e1	4.745536242843330e-2
106	55	2.345835039164536e1	4.745536242843330e-2
106	57	9.507511778184691e0	1.923333950144425e-2
106	59	1.077106914121646e1	2.178946862436602e-2
106	61	4.314477299996652e0	8.728025651518489e-3
106	63	6.767203192991665e0	1.368979807994700e-2
106	65	2.161213983167181e0	4.372054775561861e-3
106	67	5.886045929407888e0	1.190725000637456e-2
106	69	1.504837534051567e1	3.044229853423981e-2
106	71	1.922350130449940e1	3.888842166299035e-2
106	73	1.439616753024512e0	2.912290661203258e-3
106	75	8.816322755301902e0	1.783509004912388e-2
106	77	1.533954460289612e1	3.103132302418029e-2
106	79	2.457013309440070e1	4.970445710986105e-2
106	81	1.221825561566705e1	2.471707254791550e-2
106	83	1.611995929489326e1	3.261007265639605e-2
106	85	6.715698858762110e0	1.358560674480652e-2
106	87	2.110588876308811e1	4.269642084395062e-2
106	89	2.283163364571300e1	4.618753797267870e-2
106	91	2.105601210113212e1	4.259552222873151e-2
106	93	2.925412696644352e1	5.918000091832584e-2
106	95	3.826230008238084e1	7.740319704669141e-2
106	97	4.486309343367089e1	9.075635426239329e-2
106	99	4.953034891911665e1	1.001980369429795e-1
106	101	6.120864989013509e1	1.238228015097745e-1
106	103	7.850561883890830e1	1.588139205216949e-1
106	105	1.151317378342879e2	2.329071846367916e-1
107	1	1.165346745688447e2	2.330727588581702e-1
107	2	9.324375193857664e1	1.864902321220457e-1
107	3	7.994374404110842e1	1.598898271784761e-1
107	4	7.077108534056494e1	1.415442413920150e-1
107	5	6.290552097676454e1	1.258128825236771e-1
107	6	5.844721748340696e1	1.168961450902191e-1
107	7	5.154752471097603e1	1.030965576653259e-1
107	8	4.751079795597780e1	9.502298604361767e-2
107	9	4.726795434338087e1	9.453729171299495e-2
107	10	4.152705355665127e1	8.305532216492163e-2
107	11	3.929656199299441e1	7.859427377503440e-2
107	12	4.043856325377893e1	8.087830971073622e-2
107	13	3.137623251811145e1	6.275338308214375e-2
107	14	3.218649952679046e1	6.437394080732971e-2
107	15	2.454514673338743e1	4.909101164005530e-2
107	16	2.703311083561410e1	5.406701264054282e-2
107	17	2.380620774436674e1	4.761311204119235e-2
107	18	3.328041871315511e1	6.656181118734497e-2
107	19	2.310810814081603e1	4.621689240820031e-2
107	20	1.772624414898876e1	3.545300695508918e-2
107	21	1.137982006389241e1	2.275997309310766e-2
107	22	2.385189604631502e1	4.770448998189565e-2
107	23	2.012740649712894e1	4.025540190764706e-2
107	24	1.784447661613776e1	3.568947534878386e-2
107	25	1.235473361282181e1	2.470982871623335e-2
107	26	5.054074103702372e0	1.010829608596575e-2
107	27	3.070772213949189e1	6.141634276477338e-2
107	28	1.737767987551334e1	3.475586820939926e-2
107	29	1.128674970805332e1	2.257382965825801e-2
107	30	9.307701071980093e0	1.861567448057666e-2
107	31	1.147729865883666e1	2.295493313514950e-2
107	32	2.274682572263606e0	4.549431700097754e-3
107	33	5.745241893336407e0	1.149065188830456e-2
107	34	2.547120640751615e0	5.094315808415050e-3
107	35	1.174350841791785e1	2.348736044241731e-2
107	36	3.323851635529086e1	6.647800524558373e-2
107	37	1.731129953933474e1	3.462310559480131e-2
107	38	1.192553271024772e1	2.385141435297649e-2
107	39	1.174341258649727e1	2.348716877677220e-2
107	40	1.801447235318120e-1	3.602947179682334e-4
107	41	2.552417574110803e0	5.104909830117875e-3
107	42	1.862915114254102e0	3.725884736060076e-3
107	43	1.406657483382360e1	2.813356124547570e-2
107	44	8.365536720255263e-1	1.673131821007798e-3
107	45	2.708279425112856e0	5.416638092527262e-3
107	46	4.507957794674985e0	9.016047488941878e-3
107	47	4.982601433847823e0	9.965348655017910e-3
107	48	6.293065683381217e0	1.258631549732294e-2
107	49	1.081248531050201e1	2.162528698652139e-2
107	50	1.243041161534910e1	2.486118693557166e-2
107	51	1.879913940890590e1	3.759882886706453e-2
107	52	2.787722831507058e1	5.575527229772408e-2
107	53	4.646455600273324e1	9.293047152484400e-2
107	54	4.646455600273324e1	9.293047152484400e-2
107	55	2.787722831507058e1	5.575527229772408e-2
107	56	1.879913940890590e1	3.759882886706453e-2
107	57	1.243041161534910e1	2.486118693557166e-2
107	58	1.081248531050201e1	2.162528698652139e-2
107	59	6.293065683381217e0	1.258631549732294e-2
107	60	4.982601433847823e0	9.965348655017910e-3
107	61	4.507957794674985e0	9.016047488941878e-3
107	62	2.708279425112856e0	5.416638092527262e-3
107	63	8.365536720255263e-1	1.673131821007798e-3
107	64	1.406657483382360e1	2.813356124547570e-2
107	65	1.862915114254102e0	3.725884736060076e-3
107	66	2.552417574110803e0	5.104909830117875e-3
107	67	1.801447235318120e-1	3.602947179682334e-4
107	68	1.174341258649727e1	2.348716877677220e-2
107	69	1.192553271024772e1	2.385141435297649e-2
107	70	1.731129953933474e1	3.462310559480131e-2
107	71	3.323851635529086e1	6.647800524558373e-2
107	72	1.174350841791785e1	2.348736044241731e-2
107	73	2.547120640751615e0	5.094315808415050e-3
107	74	5.745241893336407e0	1.149065188830456e-2
107	75	2.274682572263606e0	4.549431700097754e-3
107	76	1.147729865883666e1	2.295493313514950e-2
107	77	9.307701071980093e0	1.861567448057666e-2
107	78	1.128674970805332e1	2.257382965825801e-2
107	79	1.737767987551334e1	3.475586820939926e-2
107	80	3.070772213949189e1	6.141634276477338e-2
107	81	5.054074103702372e0	1.010829608596575e-2
107	82	1.235473361282181e1	2.470982871623335e-2
107	83	1.784447661613776e1	3.568947534878386e-2
107	84	2.012740649712894e1	4.025540190764706e-2
107	85	2.385189604631502e1	4.770448998189565e-2
107	86	1.137982006389241e1	2.275997309310766e-2
107	87	1.772624414898876e1	3.545300695508918e-2
107	88	2.310810814081603e1	4.621689240820031e-2
107	89	3.328041871315511e1	6.656181118734497e-2
107	90	2.380620774436674e1	4.761311204119235e-2
107	91	2.703311083561410e1	5.406701264054282e-2
107	92	2.454514673338743e1	4.909101164005530e-2
107	93	3.218649952679046e1	6.437394080732971e-2
107	94	3.137623251811145e1	6.275338308214375e-2
107	95	4.043856325377893e1	8.087830971073622e-2
107	96	3.929656199299441e1	7.859427377503440e-2
107	97	4.152705355665127e1	8.305532216492163e-2
107	98	4.726795434338087e1	9.453729171299495e-2
107	99	4.751079795597780e1	9.502298604361767e-2
107	100	5.154752471097603e1	1.030965576653259e-1
107	101	5.844721748340696e1	1.168961450902191e-1
107	102	6.290552097676454e1	1.258128825236771e-1
107	103	7.077108534056494e1	1.415442413920150e-1
107	104	7.994374404110842e1	1.598898271784761e-1
107	105	9.324375193857664e1	1.864902321220457e-1
107	106	1.165346745688447e2	2.330727588581702e-1
108	1	1.179405863479368e2	2.332361937782201e-1
108	5	6.395974836748935e1	1.264851119209897e-1
108	7	5.311910288426289e1	1.050469372527067e-1
108	11	4.087388488265206e1	8.083111700695446e-2
108	13	3.313252280736928e1	6.552200348625843e-2
108	17	2.351500080673658e1	4.650264556659938e-2
108	19	2.230191197952521e1	4.410367308787205e-2
108	23	1.812349761380299e1	3.584055101203089e-2
108	25	1.562193208963728e1	3.089352099115264e-2
108	29	1.411505266170198e1	2.791355596692008e-2
108	31	1.675513491434640e1	3.313451301771556e-2
108	35	7.607194012496971e0	1.504378629739022e-2
108	37	2.107898906222779e1	4.168525297188967e-2
108	41	6.044653552497058e0	1.195374748378189e-2
108	43	1.079130460497439e1	2.134059944844114e-2
108	47	2.254206815154089e0	4.457859960136284e-3
108	49	1.258806714318100e1	2.489382966809008e-2
108	53	3.529959171045108e1	6.980754180907839e-2
108	55	3.529959171045108e1	6.980754180907839e-2
108	59	1.258806714318100e1	2.489382966809008e-2
108	61	2.254206815154089e0	4.457859960136284e-3
108	65	1.079130460497439e1	2.134059944844114e-2
108	67	6.044653552497058e0	1.195374748378189e-2
108	71	2.107898906222779e1	4.168525297188967e-2
108	73	7.607194012496971e0	1.504378629739022e-2
108	77	1.675513491434640e1	3.313451301771556e-2
108	79	1.411505266170198e1	2.791355596692008e-2
108	83	1.562193208963728e1	3.089352099115264e-2
108	85	1.812349761380299e1	3.584055101203089e-2
108	89	2.230191197952521e1	4.410367308787205e-2
108	91	2.351500080673658e1	4.650264556659938e-2
108	95	3.313252280736928e1	6.552200348625843e-2
108	97	4.087388488265206e1	8.083111700695446e-2
108	101	5.311910288426289e1	1.050469372527067e-1
108	103	6.395974836748935e1	1.264851119209897e-1
108	107	1.179405863479368e2	2.332361937782201e-1
109	1	1.193494456214625e2	2.333975373146836e-1
109	2	9.561727423456779e1	1.869873480759399e-1
109	3	8.167428867097652e1	1.597207070252740e-1
109	4	7.170346463047029e1	1.402219505464781e-1
109	5	6.567090673790757e1	1.284247934796739e-1
109	6	5.742741419873123e1	1.123039740866952e-1
109	7	5.355817963665528e1	1.047373715492555e-1
109	8	4.982997900550433e1	9.744657232187137e-2
109	9	4.266280868641295e1	8.343058847477082e-2
109	10	4.598527287988247e1	8.992793713470085e-2
109	11	4.366885671801353e1	8.539799713572596e-2
109	12	3.166953958803388e1	6.193235761798768e-2
109	13	3.377676936926831e1	6.605321665453631e-2
109	14	3.428955208300543e1	6.705600491166301e-2
109	15	2.776928472995154e1	5.430509237150086e-2
109	16	3.077512776069383e1	6.018326262421290e-2
109	17	2.575897405475450e1	5.037376652088431e-2
109	18	1.493807421359597e1	2.921261775052857e-2
109	19	2.578995701729386e1	5.043435622130350e-2
109	20	2.280229275418174e1	4.459173602560432e-2
109	21	1.665357048285187e1	3.256741007848598e-2
109	22	3.212531692136283e1	6.282366722239274e-2
109	23	2.135182963086719e1	4.175523754683381e-2
109	24	1.394795891661454e1	2.727636684655699e-2
109	25	1.294079569737247e1	2.530677734556683e-2
109	26	1.034735196061220e1	2.023508741712040e-2
109	27	4.190723201119284e0	8.195299690046126e-3
109	28	2.186984870283693e1	4.276826592790603e-2
109	29	1.319681790249660e1	2.580744956790267e-2
109	30	1.262039470648422e1	2.468020717729238e-2
109	31	2.134575798380397e0	4.174336394771805e-3
109	32	6.962281383817361e0	1.361530688821751e-2
109	33	6.201424064972521e0	1.212738858628026e-2
109	34	8.154823124123001e-2	1.594741914800207e-4
109	35	4.864982701193331e0	9.513868921841641e-3
109	36	2.008719424487061e1	3.928214030573925e-2
109	37	2.615797607998059e1	5.115404739765275e-2
109	38	1.594501733866093e1	3.118177683947409e-2
109	39	1.319517831107279e1	2.580424321366678e-2
109	40	8.202414739393973e0	1.604048841818790e-2
109	41	1.155016287143744e1	2.258728187416242e-2
109	42	5.401390687160927e0	1.056285831822181e-2
109	43	3.639802817085314e0	7.117930120204862e-3
109	44	9.704475635979954e0	1.897789053458960e-2
109	45	1.902599039747857e0	3.720686996593611e-3
109	46	2.223537030668460e0	4.348307312059247e-3
109	47	1.284422518767131e0	2.511792586809152e-3
109	48	5.426442070172655e0	1.061184833297068e-2
109	49	8.548362717906791e0	1.671701779629642e-2
109	50	1.024511611834478e1	2.003515692153863e-2
109	51	1.422065808996071e1	2.780965223515120e-2
109	52	2.027560582388972e1	3.965059445578285e-2
109	53	2.909910800210143e1	5.690566982007950e-2
109	54	4.765128348378641e1	9.318595622365926e-2
109	55	4.765128348378641e1	9.318595622365926e-2
109	56	2.909910800210143e1	5.690566982007950e-2
109	57	2.027560582388972e1	3.965059445578285e-2
109	58	1.422065808996071e1	2.780965223515120e-2
109	59	1.024511611834478e1	2.003515692153863e-2
109	60	8.548362717906791e0	1.671701779629642e-2
109	61	5.426442070172655e0	1.061184833297068e-2
109	62	1.284422518767131e0	2.511792586809152e-3
109	63	2.223537030668460e0	4.348307312059247e-3
109	64	1.902599039747857e0	3.720686996593611e-3
109	65	9.704475635979954e0	1.897789053458960e-2
109	66	3.639802817085314e0	7.117930120204862e-3
109	67	5.401390687160927e0	1.056285831822181e-2
109	68	1.155016287143744e1	2.258728187416242e-2
109	69	8.202414739393973e0	1.604048841818790e-2
109	70	1.319517831107279e1	2.580424321366678e-2
109	71	1.594501733866093e1	3.118177683947409e-2
109	72	2.615797607998059e1	5.115404739765275e-2
109	73	2.008719424487061e1	3.928214030573925e-2
109	74	4.864982701193331e0	9.513868921841641e-3
109	75	8.154823124123001e-2	1.594741914800207e-4
109	76	6.201424064972521e0	1.212738858628026e-2
109	77	6.962281383817361e0	1.361530688821751e-2
109	78	2.134575798380397e0	4.174336394771805e-3
109	79	1.262039470648422e1	2.468020717729238e-2
109	80	1.319681790249660e1	2.580744956790267e-2
109	81	2.186984870283693e1	4.276826592790603e-2
109	82	4.190723201119284e0	8.195299690046126e-3
109	83	1.034735196061220e1	2.023508741712040e-2
109	84	1.294079569737247e1	2.530677734556683e-2
109	85	1.394795891661454e1	2.727636684655699e-2
109	86	2.135182963086719e1	4.175523754683381e-2
109	87	3.212531692136283e1	6.282366722239274e-2
109	88	1.665357048285187e1	3.256741007848598e-2
109	89	2.280229275418174e1	4.459173602560432e-2
109	90	2.578995701729386e1	5.043435622130350e-2
109	91	1.493807421359597e1	2.921261775052857e-2
109	92	2.575897405475450e1	5.037376652088431e-2
109	93	3.077512776069383e1	6.018326262421290e-2
109	94	2.776928472995154e1	5.430509237150086e-2
109	95	3.428955208300543e1	6.705600491166301e-2
109	96	3.377676936926831e1	6.605321665453631e-2
109	97	3.166953958803388e1	6.193235761798768e-2
109	98	4.366885671801353e1	8.539799713572596e-2
109	99	4.598527287988247e1	8.992793713470085e-2
109	100	4.266280868641295e1	8.343058847477082e-2
109	101	4.982997900550433e1	9.744657232187137e-2
109	102	5.355817963665528e1	1.047373715492555e-1
109	103	5.742741419873123e1	1.123039740866952e-1
109	104	6.567090673790757e1	1.284247934796739e-1
109	105	7.170346463047029e1	1.402219505464781e-1
109	106	8.167428867097652e1	1.597207070252740e-1
109	107	9.561727423456779e1	1.869873480759399e-1
109	108	1.193494456214625e2	2.333975373146836e-1
110	1	1.207612253449186e2	2.335568358729582e-1
110	3	8.312125754068889e1	1.607596962479931e-1
110	7	5.514155459964121e1	1.066458789286380e-1
110	9	4.503813364256124e1	8.710547576124483e-2
110	13	3.617592924761581e1	6.996563297287441e-2
110	17	2.914833913378465e1	5.637400448359332e-2
110	19	2.692624124298424e1	5.207638203985786e-2
110	21	1.862539866854734e1	3.602223451669678e-2
110	23	2.151762783757611e1	4.161591652355345e-2
110	27	1.684334861673553e0	3.257568145068053e-3
110	29	1.786550340520479e1	3.455256796773440e-2
110	31	7.336377021616412e0	1.418883419778007e-2
110	37	3.449005824658723e1	6.670509387544814e-2
110	39	1.220680557511739e1	2.360842959400102e-2
110	41	2.698698604734460e0	5.219386481846999e-3
110	43	9.816201816204005e-1	1.898491034630316e-3
110	47	1.027607858871683e1	1.987432964105432e-2
110	49	1.566226542790140e0	3.029142131917757e-3
110	51	1.251547299202299e1	2.420540420256137e-2
110	53	2.394983793017737e1	4.631990401443666e-2
110	57	2.394983793017737e1	4.631990401443666e-2
110	59	1.251547299202299e1	2.420540420256137e-2
110	61	1.566226542790140e0	3.029142131917757e-3
110	63	1.027607858871683e1	1.987432964105432e-2
110	67	9.816201816204005e-1	1.898491034630316e-3
110	69	2.698698604734460e0	5.219386481846999e-3
110	71	1.220680557511739e1	2.360842959400102e-2
110	73	3.449005824658723e1	6.670509387544814e-2
110	79	7.336377021616412e0	1.418883419778007e-2
110	81	1.786550340520479e1	3.455256796773440e-2
110	83	1.684334861673553e0	3.257568145068053e-3
110	87	2.151762783757611e1	4.161591652355345e-2
110	89	1.862539866854734e1	3.602223451669678e-2
110	91	2.692624124298424e1	5.207638203985786e-2
110	93	2.914833913378465e1	5.637400448359332e-2
110	97	3.617592924761581e1	6.996563297287441e-2
110	101	4.503813364256124e1	8.710547576124483e-2
110	103	5.514155459964121e1	1.066458789286380e-1
110	107	8.312125754068889e1	1.607596962479931e-1
110	109	1.207612253449186e2	2.335568358729582e-1
111	1	1.221758989656083e2	2.337141344073404e-1
111	2	9.800247801342124e1	1.874720342768146e-1
111	4	7.464731690333262e1	1.427952092319270e-1
111	5	6.569138327579601e1	1.256631210435805e-1
111	7	5.719198875937433e1	1.094043609345090e-1
111	8	5.335266741178481e1	1.020600019155826e-1
111	10	4.005990148841122e1	7.663185030824168e-2
111	11	3.635392015927773e1	6.954256162036380e-2
111	13	3.389993162331280e1	6.484824947382475e-2
111	14	3.959143274991188e1	7.573570166810692e-2
111	16	3.709352500335146e1	7.095737507702454e-2
111	17	2.456335008600452e1	4.698800788125171e-2
111	19	2.817054610082635e1	5.388832702258257e-2
111	20	2.087224297545479e1	3.992717255570404e-2
111	22	6.710157649182197e0	1.283607241684275e-2
111	23	2.372369097341511e1	4.538179745548428e-2
111	25	1.727990879131567e1	3.305528307949640e-2
111	26	1.170663391046194e1	2.239398960328008e-2
111	28	3.217664685673998e1	6.155172363716777e-2
111	29	1.916073201432684e1	3.665316920319921e-2
111	31	9.986404168048729e0	1.910330781878969e-2
111	32	1.389586471747237e1	2.658183833130421e-2
111	34	3.058529412765041e0	5.850757476030441e-3
111	35	1.441044583976468e0	2.756619680623352e-3
111	38	2.236854692017165e1	4.278949961210845e-2
111	40	1.035790934923116e1	1.981397180884829e-2
111	41	6.725333080546949e0	1.286510197861147e-2
111	43	2.316399451729831e0	4.431113643412346e-3
111	44	6.442349740147860e0	1.232377421255437e-2
111	46	1.248868177871141e-1	2.388999366087643e-4
111	47	3.039713508628065e0	5.814763938960559e-3
111	49	7.005516367198500e0	1.340107343345301e-2
111	50	7.072210685502400e0	1.352865510057602e-2
111	52	1.557581760177090e1	2.979547324230631e-2
111	53	2.111639654738934e1	4.039422163175142e-2
111	55	4.884385291937018e1	9.343494832301937e-2
111	56	4.884385291937018e1	9.343494832301937e-2
111	58	2.111639654738934e1	4.039422163175142e-2
111	59	1.557581760177090e1	2.979547324230631e-2
111	61	7.072210685502400e0	1.352865510057602e-2
111	62	7.005516367198500e0	1.340107343345301e-2
111	64	3.039713508628065e0	5.814763938960559e-3
111	65	1.248868177871141e-1	2.388999366087643e-4
111	67	6.442349740147860e0	1.232377421255437e-2
111	68	2.316399451729831e0	4.431113643412346e-3
111	70	6.725333080546949e0	1.286510197861147e-2
111	71	1.035790934923116e1	1.981397180884829e-2
111	73	2.236854692017165e1	4.278949961210845e-2
111	76	1.441044583976468e0	2.756619680623352e-3
111	77	3.058529412765041e0	5.850757476030441e-3
111	79	1.389586471747237e1	2.658183833130421e-2
111	80	9.986404168048729e0	1.910330781878969e-2
111	82	1.916073201432684e1	3.665316920319921e-2
111	83	3.217664685673998e1	6.155172363716777e-2
111	85	1.170663391046194e1	2.239398960328008e-2
111	86	1.727990879131567e1	3.305528307949640e-2
111	88	2.372369097341511e1	4.538179745548428e-2
111	89	6.710157649182197e0	1.283607241684275e-2
111	91	2.087224297545479e1	3.992717255570404e-2
111	92	2.817054610082635e1	5.388832702258257e-2
111	94	2.456335008600452e1	4.698800788125171e-2
111	95	3.709352500335146e1	7.095737507702454e-2
111	97	3.959143274991188e1	7.573570166810692e-2
111	98	3.389993162331280e1	6.484824947382475e-2
111	100	3.635392015927773e1	6.954256162036380e-2
111	101	4.005990148841122e1	7.663185030824168e-2
111	103	5.335266741178481e1	1.020600019155826e-1
111	104	5.719198875937433e1	1.094043609345090e-1
111	106	6.569138327579601e1	1.256631210435805e-1
111	107	7.464731690333262e1	1.427952092319270e-1
111	109	9.800247801342124e1	1.874720342768146e-1
111	110	1.221758989656083e2	2.337141344073404e-1
112	1	1.235934404093457e2	2.338694764792529e-1
112	3	8.486924234012972e1	1.605936788355325e-1
112	5	6.740305120687313e1	1.275433085012149e-1
112	9	4.831771440438659e1	9.142911254029208e-2
112	11	3.910080907576674e1	7.398843917749955e-2
112	13	3.629958665273938e1	6.868783083286918e-2
112	15	3.343603188297762e1	6.326927421161332e-2
112	17	2.794097988379977e1	5.287127145339560e-2
112	19	3.103153346890623e1	5.871936619520418e-2
112	23	2.567689306215296e1	4.858705703288597e-2
112	25	2.157706103875393e1	4.082915689037401e-2
112	27	7.081297940869480e0	1.339957393159135e-2
112	29	1.992026549586849e1	3.769408835466168e-2
112	31	1.114626921872969e1	2.109150888791027e-2
112	33	9.781916805294797e0	1.850981536431858e-2
112	37	2.095965275470211e1	3.966086711959881e-2
112	39	1.751247063287504e1	3.313794263841108e-2
112	41	9.103356634431920e0	1.722581104019125e-2
112	43	6.568163128747543e-1	1.242859545994454e-3
112	45	1.504617787838473e1	2.847110438690782e-2
112	47	6.644695279541196e-1	1.257341329154355e-3
112	51	6.224946660865021e0	1.177914468491235e-2
112	53	1.964546949031408e1	3.717410608258682e-2
112	55	3.724351958160086e1	7.047398630498168e-2
112	57	3.724351958160086e1	7.047398630498168e-2
112	59	1.964546949031408e1	3.717410608258682e-2
112	61	6.224946660865021e0	1.177914468491235e-2
112	65	6.644695279541196e-1	1.257341329154355e-3
112	67	1.504617787838473e1	2.847110438690782e-2
112	69	6.568163128747543e-1	1.242859545994454e-3
112	71	9.103356634431920e0	1.722581104019125e-2
112	73	1.751247063287504e1	3.313794263841108e-2
112	75	2.095965275470211e1	3.966086711959881e-2
112	79	9.781916805294797e0	1.850981536431858e-2
112	81	1.114626921872969e1	2.109150888791027e-2
112	83	1.992026549586849e1	3.769408835466168e-2
112	85	7.081297940869480e0	1.339957393159135e-2
112	87	2.157706103875393e1	4.082915689037401e-2
112	89	2.567689306215296e1	4.858705703288597e-2
112	93	3.103153346890623e1	5.871936619520418e-2
112	95	2.794097988379977e1	5.287127145339560e-2
112	97	3.343603188297762e1	6.326927421161332e-2
112	99	3.629958665273938e1	6.868783083286918e-2
112	101	3.910080907576674e1	7.398843917749955e-2
112	103	4.831771440438659e1	9.142911254029208e-2
112	107	6.740305120687313e1	1.275433085012149e-1
112	109	8.486924234012972e1	1.605936788355325e-1
112	111	1.235934404093457e2	2.338694764792529e-1
113	1	1.250138240676357e2	2.340229043126316e-1
113	2	1.003991527844205e2	1.879448253052874e-1
113	3	8.632481576974106e1	1.615980012719063e-1
113	4	7.560283967638493e1	1.415267171235207e-1
113	5	6.847175338873475e1	1.281774932565907e-1
113	6	6.350438671999053e1	1.188787010368090e-1
113	7	5.507641317175751e1	1.031017350737452e-1
113	8	5.003905960199580e1	9.367192904039451e-2
113	9	4.798430194665622e1	8.982547159660796e-2
113	10	4.447180928452664e1	8.325016890269429e-2
113	11	4.066293458512202e1	7.612004608655422e-2
113	12	3.910764248188060e1	7.320857627295874e-2
113	13	3.697012671680131e1	6.920719761672904e-2
113	14	2.781739252600920e1	5.207349697437572e-2
113	15	3.005139176244318e1	5.625549039343657e-2
113	16	2.212164744288058e1	4.141119769252190e-2
113	17	3.021030878512238e1	5.655297927892158e-2
113	18	2.466353504367775e1	4.616955080435845e-2
113	19	3.547017371253375e1	6.639932127977898e-2
113	20	2.598523136627228e1	4.864373487431822e-2
113	21	2.087354426702888e1	3.907477824232886e-2
113	22	1.468212458049703e1	2.748458789604624e-2
113	23	2.863237900294901e1	5.359913226896351e-2
113	24	2.006894198951441e1	3.756858192200336e-2
113	25	1.157289351672220e1	2.166418131981054e-2
113	26	1.140911327351651e1	2.135758860120616e-2
113	27	9.591092676332931e0	1.795429729781478e-2
113	28	4.665440365665246e0	8.733593363880018e-3
113	29	2.337958245169526e1	4.376602210010164e-2
113	30	1.525443255923508e1	2.855593481583255e-2
113	31	1.430830523885783e1	2.678480698244655e-2
113	32	5.554099876542542e0	1.039714282516225e-2
113	33	1.054641681598847e1	1.974264135807807e-2
113	34	1.066236917814000e1	1.995970142127500e-2
113	35	3.388725504946770e0	6.343613520348579e-3
113	36	1.485104489451240e0	2.780080270491322e-3
113	37	1.304440106020805e1	2.441880843095462e-2
113	38	3.575028593517946e1	6.692368469611244e-2
113	39	1.993999978598075e1	3.732720518479473e-2
113	40	1.364370175505979e1	2.554068507309223e-2
113	41	5.512905333330951e0	1.032002762037504e-2
113	42	4.635238587796040e0	8.677056354272723e-3
113	43	4.158681703660865e0	7.784953205462924e-3
113	44	2.301692690746989e0	4.308713954965041e-3
113	45	1.161315604047957e1	2.173955180635417e-2
113	46	4.951708040643418e0	9.269479640528681e-3
113	47	2.996142371226047e0	5.608707234402378e-3
113	48	5.316235798126650e0	9.951866929654744e-3
113	49	1.467548743125731e0	2.747216331058123e-3
113	50	8.989435032065998e0	1.682800850244870e-2
113	51	9.339506014941438e0	1.748333305346608e-2
113	52	1.311231103237959e1	2.454593428313857e-2
113	53	1.580417263208120e1	2.958503515272716e-2
113	54	2.262079256797531e1	4.234558549098621e-2
113	55	3.040595783528348e1	5.691922964592049e-2
113	56	5.004215899972251e1	9.367773103919773e-2
113	57	5.004215899972251e1	9.367773103919773e-2
113	58	3.040595783528348e1	5.691922964592049e-2
113	59	2.262079256797531e1	4.234558549098621e-2
113	60	1.580417263208120e1	2.958503515272716e-2
113	61	1.311231103237959e1	2.454593428313857e-2
113	62	9.339506014941438e0	1.748333305346608e-2
113	63	8.989435032065998e0	1.682800850244870e-2
113	64	1.467548743125731e0	2.747216331058123e-3
113	65	5.316235798126650e0	9.951866929654744e-3
113	66	2.996142371226047e0	5.608707234402378e-3
113	67	4.951708040643418e0	9.269479640528681e-3
113	68	1.161315604047957e1	2.173955180635417e-2
113	69	2.301692690746989e0	4.308713954965041e-3
113	70	4.158681703660865e0	7.784953205462924e-3
113	71	4.635238587796040e0	8.677056354272723e-3
113	72	5.512905333330951e0	1.032002762037504e-2
113	73	1.364370175505979e1	2.554068507309223e-2
113	74	1.993999978598075e1	3.732720518479473e-2
113	75	3.575028593517946e1	6.692368469611244e-2
113	76	1.304440106020805e1	2.441880843095462e-2
113	77	1.485104489451240e0	2.780080270491322e-3
113	78	3.388725504946770e0	6.343613520348579e-3
113	79	1.066236917814000e1	1.995970142127500e-2
113	80	1.054641681598847e1	1.974264135807807e-2
113	81	5.554099876542542e0	1.039714282516225e-2
113	82	1.430830523885783e1	2.678480698244655e-2
113	83	1.525443255923508e1	2.855593481583255e-2
113	84	2.337958245169526e1	4.376602210010164e-2
113	85	4.665440365665246e0	8.733593363880018e-3
113	86	9.591092676332931e0	1.795429729781478e-2
113	87	1.140911327351651e1	2.135758860120616e-2
113	88	1.157289351672220e1	2.166418131981054e-2
113	89	2.006894198951441e1	3.756858192200336e-2
113	90	2.863237900294901e1	5.359913226896351e-2
113	91	1.468212458049703e1	2.748458789604624e-2
113	92	2.087354426702888e1	3.907477824232886e-2
113	93	2.598523136627228e1	4.864373487431822e-2
113	94	3.547017371253375e1	6.639932127977898e-2
113	95	2.466353504367775e1	4.616955080435845e-2
113	96	3.021030878512238e1	5.655297927892158e-2
113	97	2.212164744288058e1	4.141119769252190e-2
113	98	3.005139176244318e1	5.625549039343657e-2
113	99	2.781739252600920e1	5.207349697437572e-2
113	100	3.697012671680131e1	6.920719761672904e-2
113	101	3.910764248188060e1	7.320857627295874e-2
113	102	4.066293458512202e1	7.612004608655422e-2
113	103	4.447180928452664e1	8.325016890269429e-2
113	104	4.798430194665622e1	8.982547159660796e-2
113	105	5.003905960199580e1	9.367192904039451e-2
113	106	5.507641317175751e1	1.031017350737452e-1
113	107	6.350438671999053e1	1.188787010368090e-1
113	108	6.847175338873475e1	1.281774932565907e-1
113	109	7.560283967638493e1	1.415267171235207e-1
113	110	8.632481576974106e1	1.615980012719063e-1
113	111	1.003991527844205e2	1.879448253052874e-1
113	112	1.250138240676357e2	2.340229043126316e-1
114	1	1.264370247853077e2	2.341744588466344e-1
114	5	7.019707354603061e1	1.300122471101462e-1
114	7	5.711453187412807e1	1.057820256100883e-1
114	11	4.170340320359892e1	7.723901992986941e-2
114	13	3.876797772596950e1	7.180230806579548e-2
114	17	2.995404610227045e1	5.547799426771562e-2
114	23	3.392117736707015e1	6.282553205330883e-2
114	25	1.582596905654067e1	2.931133301999084e-2
114	29	2.707277049071670e1	5.014157356128653e-2
114	31	9.549109161182860e0	1.768593870414516e-2
114	35	1.142677108904681e0	2.116356297283614e-3
114	37	8.271243318237753e0	1.531919887648479e-2
114	41	9.866470769877449e0	1.827372525718171e-2
114	43	9.167597024196565e0	1.697933873175661e-2
114	47	3.564573611981241e0	6.601959339221163e-3
114	49	5.127674390212399e0	9.496983794965623e-3
114	53	1.441591889920932e1	2.669977415817516e-2
114	55	2.646365609209489e1	4.901343063863266e-2
114	59	2.646365609209489e1	4.901343063863266e-2
114	61	1.441591889920932e1	2.669977415817516e-2
114	65	5.127674390212399e0	9.496983794965623e-3
114	67	3.564573611981241e0	6.601959339221163e-3
114	71	9.167597024196565e0	1.697933873175661e-2
114	73	9.866470769877449e0	1.827372525718171e-2
114	77	8.271243318237753e0	1.531919887648479e-2
114	79	1.142677108904681e0	2.116356297283614e-3
114	83	9.549109161182860e0	1.768593870414516e-2
114	85	2.707277049071670e1	5.014157356128653e-2
114	89	1.582596905654067e1	2.931133301999084e-2
114	91	3.392117736707015e1	6.282553205330883e-2
114	97	2.995404610227045e1	5.547799426771562e-2
114	101	3.876797772596950e1	7.180230806579548e-2
114	103	4.170340320359892e1	7.723901992986941e-2
114	107	5.711453187412807e1	1.057820256100883e-1
114	109	7.019707354603061e1	1.300122471101462e-1
114	113	1.264370247853077e2	2.341744588466344e-1
115	1	1.278630178485836e2	2.343241797858230e-1
115	2	1.028070955085488e2	1.884062236019744e-1
115	3	8.808977574275519e1	1.614349856256491e-1
115	4	7.856943643006780e1	1.439878321150852e-1
115	6	6.251896554304803e1	1.145734362322119e-1
115	7	5.870638368887249e1	1.075864267678807e-1
115	8	5.354483060031813e1	9.812726715905033e-2
115	9	5.130047058323488e1	9.401421063186974e-2
115	11	4.419878444654331e1	8.099952658110504e-2
115	12	4.037082804585991e1	7.398434143266561e-2
115	13	4.095749608335149e1	7.505948035089892e-2
115	14	3.300228622747111e1	6.048061262300949e-2
115	16	2.828242062617733e1	5.183089783970760e-2
115	17	3.098663542080780e1	5.678669291148403e-2
115	18	2.722949471282062e1	4.990128593804950e-2
115	19	1.543687441193774e1	2.828990740166656e-2
115	21	2.652321768940758e1	4.860694933472595e-2
115	22	1.833077115585229e1	3.359331719374316e-2
115	24	2.363366964518407e1	4.331150905178019e-2
115	26	1.720476567282089e1	3.152977829340118e-2
115	27	1.056024480103806e1	1.935290393560937e-2
115	28	5.187951881792283e0	9.507538535566955e-3
115	29	3.365705285833722e1	6.168055030874844e-2
115	31	1.465019711449671e1	2.684822773869092e-2
115	32	1.245773625693837e1	2.283028259079629e-2
115	33	1.816586761494673e1	3.329111185230321e-2
115	34	7.926353677381165e0	1.452598535054253e-2
115	36	3.114322493596372e0	5.707366181241693e-3
115	37	4.737147123192246e0	8.681385226503089e-3
115	38	2.184064179768471e1	4.002557237698677e-2
115	39	2.824014052791054e1	5.175341453363264e-2
115	41	9.572534642809931e0	1.754280765767692e-2
115	42	1.056774856128661e1	1.936665546826626e-2
115	43	5.196209426038307e-1	9.522671467004458e-4
115	44	3.861838615447121e0	7.077278334705671e-3
115	47	3.215712679800515e0	5.893175750109779e-3
115	48	3.066414930489670e0	5.619569876888785e-3
115	49	7.385861697170519e0	1.353546954640552e-2
115	51	1.201283909026295e1	2.201495564619290e-2
115	52	1.018059559607744e1	1.865715163712941e-2
115	53	1.533507363781194e1	2.810334538162386e-2
115	54	1.718219223013566e1	3.148840977628684e-2
115	56	3.164505618700696e1	5.799332723460220e-2
115	57	5.124610014541069e1	9.391457034132977e-2
115	58	5.124610014541069e1	9.391457034132977e-2
115	59	3.164505618700696e1	5.799332723460220e-2
115	61	1.718219223013566e1	3.148840977628684e-2
115	62	1.533507363781194e1	2.810334538162386e-2
115	63	1.018059559607744e1	1.865715163712941e-2
115	64	1.201283909026295e1	2.201495564619290e-2
115	66	7.385861697170519e0	1.353546954640552e-2
115	67	3.066414930489670e0	5.619569876888785e-3
115	68	3.215712679800515e0	5.893175750109779e-3
115	71	3.861838615447121e0	7.077278334705671e-3
115	72	5.196209426038307e-1	9.522671467004458e-4
115	73	1.056774856128661e1	1.936665546826626e-2
115	74	9.572534642809931e0	1.754280765767692e-2
115	76	2.824014052791054e1	5.175341453363264e-2
115	77	2.184064179768471e1	4.002557237698677e-2
115	78	4.737147123192246e0	8.681385226503089e-3
115	79	3.114322493596372e0	5.707366181241693e-3
115	81	7.926353677381165e0	1.452598535054253e-2
115	82	1.816586761494673e1	3.329111185230321e-2
115	83	1.245773625693837e1	2.283028259079629e-2
115	84	1.465019711449671e1	2.684822773869092e-2
115	86	3.365705285833722e1	6.168055030874844e-2
115	87	5.187951881792283e0	9.507538535566955e-3
115	88	1.056024480103806e1	1.935290393560937e-2
115	89	1.720476567282089e1	3.152977829340118e-2
115	91	2.363366964518407e1	4.331150905178019e-2
115	93	1.833077115585229e1	3.359331719374316e-2
115	94	2.652321768940758e1	4.860694933472595e-2
115	96	1.543687441193774e1	2.828990740166656e-2
115	97	2.722949471282062e1	4.990128593804950e-2
115	98	3.098663542080780e1	5.678669291148403e-2
115	99	2.828242062617733e1	5.183089783970760e-2
115	101	3.300228622747111e1	6.048061262300949e-2
115	102	4.095749608335149e1	7.505948035089892e-2
115	103	4.037082804585991e1	7.398434143266561e-2
115	104	4.419878444654331e1	8.099952658110504e-2
115	106	5.130047058323488e1	9.401421063186974e-2
115	107	5.354483060031813e1	9.812726715905033e-2
115	108	5.870638368887249e1	1.075864267678807e-1
115	109	6.251896554304803e1	1.145734362322119e-1
115	111	7.856943643006780e1	1.439878321150852e-1
115	112	8.808977574275519e1	1.614349856256491e-1
115	113	1.028070955085488e2	1.884062236019744e-1
115	114	1.278630178485836e2	2.343241797858230e-1
116	1	1.292917789735600e2	2.344721056479619e-1
116	3	8.955372721605899e1	1.624066986754554e-1
116	5	7.024582971859078e1	1.273916078645216e-1
116	7	5.916536951076775e1	1.072970677699962e-1
116	9	5.372963883096802e1	9.743930861201829e-2
116	11	4.295924322086485e1	7.790707417753898e-2
116	13	4.416711344752240e1	8.009756051504845e-2
116	15	3.577590456615324e1	6.488000816201867e-2
116	17	3.346799222887576e1	6.069458299679587e-2
116	19	1.973769685140490e1	3.579453680760679e-2
116	21	1.935665862242933e1	3.510351966336482e-2
116	23	6.690257331896954e0	1.213285745149649e-2
116	25	2.020855637948114e1	3.664844589516772e-2
116	27	1.407174265879668e1	2.551926470142419e-2
116	31	1.782305405046106e1	3.232231040106302e-2
116	33	1.946957847458664e0	3.530830109428778e-3
116	35	8.502162136229403e0	1.541876733747901e-2
116	37	2.655053455093270e0	4.814969514426151e-3
116	39	3.701896858903169e1	6.713431884761253e-2
116	41	1.556790812101703e1	2.823257771412781e-2
116	43	6.230556848340852e0	1.129918541757059e-2
116	45	1.305091788511064e0	2.366798741153000e-3
116	47	7.652323236541751e0	1.387757486682656e-2
116	49	2.846183276282767e0	5.161585610068120e-3
116	51	6.558791381744278e0	1.189444246178851e-2
116	53	1.017366633086197e1	1.845005912746239e-2
116	55	1.821977866358303e1	3.304177498063313e-2
116	57	3.921018672495536e1	7.110811775689270e-2
116	59	3.921018672495536e1	7.110811775689270e-2
116	61	1.821977866358303e1	3.304177498063313e-2
116	63	1.017366633086197e1	1.845005912746239e-2
116	65	6.558791381744278e0	1.189444246178851e-2
116	67	2.846183276282767e0	5.161585610068120e-3
116	69	7.652323236541751e0	1.387757486682656e-2
116	71	1.305091788511064e0	2.366798741153000e-3
116	73	6.230556848340852e0	1.129918541757059e-2
116	75	1.556790812101703e1	2.823257771412781e-2
116	77	3.701896858903169e1	6.713431884761253e-2
116	79	2.655053455093270e0	4.814969514426151e-3
116	81	8.502162136229403e0	1.541876733747901e-2
116	83	1.946957847458664e0	3.530830109428778e-3
116	85	1.782305405046106e1	3.232231040106302e-2
116	89	1.407174265879668e1	2.551926470142419e-2
116	91	2.020855637948114e1	3.664844589516772e-2
116	93	6.690257331896954e0	1.213285745149649e-2
116	95	1.935665862242933e1	3.510351966336482e-2
116	97	1.973769685140490e1	3.579453680760679e-2
116	99	3.346799222887576e1	6.069458299679587e-2
116	101	3.577590456615324e1	6.488000816201867e-2
116	103	4.416711344752240e1	8.009756051504845e-2
116	105	4.295924322086485e1	7.790707417753898e-2
116	107	5.372963883096802e1	9.743930861201829e-2
116	109	5.916536951076775e1	1.072970677699962e-1
116	111	7.024582971859078e1	1.273916078645216e-1
116	113	8.955372721605899e1	1.624066986754554e-1
116	115	1.292917789735600e2	2.344721056479619e-1
117	1	1.307232842950892e2	2.346182738095655e-1
117	2	1.052261102096572e2	1.888567019273727e-1
117	4	7.954729105525119e1	1.427691188624093e-1
117	5	7.197163706105805e1	1.291725597438063e-1
117	7	6.076830307950457e1	1.090651481695175e-1
117	8	5.590953411834537e1	1.003447737339014e-1
117	10	4.838788272358344e1	8.684513687920950e-2
117	11	4.546033376424236e1	8.159085882891885e-2
117	14	3.510379677619130e1	6.300325338522104e-2
117	16	3.200041634864384e1	5.743339823040430e-2
117	17	3.572551544014899e1	6.411909560506360e-2
117	19	2.251629623949331e1	4.041158072780445e-2
117	20	3.040650012078181e1	5.457268465520160e-2
117	22	2.263610040525980e1	4.062660169150575e-2
117	23	1.178940894822584e1	2.115928154332411e-2
117	25	1.758710387217829e1	3.156481245135763e-2
117	28	9.457213726088149e0	1.697352672423855e-2
117	29	5.151435238419911e0	9.245643190478272e-3
117	31	1.689692558975278e1	3.032610093858694e-2
117	32	1.726087489729425e1	3.097930636216558e-2
117	34	1.181563917524800e1	2.120635877687709e-2
117	35	2.158961030667837e0	3.874839229819111e-3
117	37	6.260078236677123e-1	1.123540276487063e-3
117	38	9.192899971957100e0	1.649914423704241e-2
117	40	2.381935293450703e1	4.275026823943395e-2
117	41	1.707639759305590e1	3.064821196753776e-2
117	43	7.670998847795723e0	1.376768123421918e-2
117	44	1.272376880282088e1	2.283624290016388e-2
117	46	1.636001502434702e0	2.936246977888274e-3
117	47	1.604001145702279e1	2.878813686655295e-2
117	49	1.713417137843837e-2	3.075190264415266e-5
117	50	1.125466151264387e1	2.019953270487599e-2
117	53	1.157416755664423e1	2.077297267709909e-2
117	55	1.903690758978304e1	3.416687716707634e-2
117	56	2.222889786046429e1	3.989576664045912e-2
117	58	5.245557831253269e1	9.414571628714218e-2
117	59	5.245557831253269e1	9.414571628714218e-2
117	61	2.222889786046429e1	3.989576664045912e-2
117	62	1.903690758978304e1	3.416687716707634e-2
117	64	1.157416755664423e1	2.077297267709909e-2
117	67	1.125466151264387e1	2.019953270487599e-2
117	68	1.713417137843837e-2	3.075190264415266e-5
117	70	1.604001145702279e1	2.878813686655295e-2
117	71	1.636001502434702e0	2.936246977888274e-3
117	73	1.272376880282088e1	2.283624290016388e-2
117	74	7.670998847795723e0	1.376768123421918e-2
117	76	1.707639759305590e1	3.064821196753776e-2
117	77	2.381935293450703e1	4.275026823943395e-2
117	79	9.192899971957100e0	1.649914423704241e-2
117	80	6.260078236677123e-1	1.123540276487063e-3
117	82	2.158961030667837e0	3.874839229819111e-3
117	83	1.181563917524800e1	2.120635877687709e-2
117	85	1.726087489729425e1	3.097930636216558e-2
117	86	1.689692558975278e1	3.032610093858694e-2
117	88	5.151435238419911e0	9.245643190478272e-3
117	89	9.457213726088149e0	1.697352672423855e-2
117	92	1.758710387217829e1	3.156481245135763e-2
117	94	1.178940894822584e1	2.115928154332411e-2
117	95	2.263610040525980e1	4.062660169150575e-2
117	97	3.040650012078181e1	5.457268465520160e-2
117	98	2.251629623949331e1	4.041158072780445e-2
117	100	3.572551544014899e1	6.411909560506360e-2
117	101	3.200041634864384e1	5.743339823040430e-2
117	103	3.510379677619130e1	6.300325338522104e-2
117	106	4.546033376424236e1	8.159085882891885e-2
117	107	4.838788272358344e1	8.684513687920950e-2
117	109	5.590953411834537e1	1.003447737339014e-1
117	110	6.076830307950457e1	1.090651481695175e-1
117	112	7.197163706105805e1	1.291725597438063e-1
117	113	7.954729105525119e1	1.427691188624093e-1
117	115	1.052261102096572e2	1.888567019273727e-1
117	116	1.307232842950892e2	2.346182738095655e-1
118	1	1.321575103560392e2	2.347627205493190e-1
118	3	9.133522151665117e1	1.622465876321186e-1
118	5	7.305418419400183e1	1.297724131053231e-1
118	7	6.283766385425584e1	1.116239317738826e-1
118	9	4.917530737894533e1	8.735431617188194e-2
118	11	4.652523849432941e1	8.264677152065886e-2
118	13	3.395741588178534e1	6.032147029522402e-2
118	15	3.914859801663749e1	6.954301235939943e-2
118	17	3.975735757556239e1	7.062440417609298e-2
118	19	2.371402589983479e1	4.212525811377641e-2
118	21	2.499472098272681e1	4.440026663235302e-2
118	23	1.462172220108096e1	2.597381922370092e-2
118	25	2.090499132530815e1	3.713532907337330e-2
118	27	1.513163084528115e1	2.687961368230983e-2
118	29	1.158956826224782e0	2.058754411994724e-3
118	31	1.700253174335691e1	3.020305541125247e-2
118	33	9.469119995125258e0	1.682080999615302e-2
118	35	7.775170074811345e0	1.381170146576503e-2
118	37	1.630016618350246e0	2.895538322669514e-3
118	39	2.272993861865679e1	4.037713947288395e-2
118	41	1.724838117624499e1	3.063977884494022e-2
118	43	1.328008614512192e1	2.359055602787142e-2
118	45	5.993823315362318e0	1.064734243415698e-2
118	47	1.244911172170928e1	2.211442488843264e-2
118	49	1.105968992768391e0	1.964627578758204e-3
118	51	5.188660974111520e-1	9.217063510116559e-4
118	53	8.091666548285660e0	1.437392129691139e-2
118	55	1.754878962842199e1	3.117342014401649e-2
118	57	2.700056847333810e1	4.796342556773479e-2
118	61	2.700056847333810e1	4.796342556773479e-2
118	63	1.754878962842199e1	3.117342014401649e-2
118	65	8.091666548285660e0	1.437392129691139e-2
118	67	5.188660974111520e-1	9.217063510116559e-4
118	69	1.105968992768391e0	1.964627578758204e-3
118	71	1.244911172170928e1	2.211442488843264e-2
118	73	5.993823315362318e0	1.064734243415698e-2
118	75	1.328008614512192e1	2.359055602787142e-2
118	77	1.724838117624499e1	3.063977884494022e-2
118	79	2.272993861865679e1	4.037713947288395e-2
118	81	1.630016618350246e0	2.895538322669514e-3
118	83	7.775170074811345e0	1.381170146576503e-2
118	85	9.469119995125258e0	1.682080999615302e-2
118	87	1.700253174335691e1	3.020305541125247e-2
118	89	1.158956826224782e0	2.058754411994724e-3
118	91	1.513163084528115e1	2.687961368230983e-2
118	93	2.090499132530815e1	3.713532907337330e-2
118	95	1.462172220108096e1	2.597381922370092e-2
118	97	2.499472098272681e1	4.440026663235302e-2
118	99	2.371402589983479e1	4.212525811377641e-2
118	101	3.975735757556239e1	7.062440417609298e-2
118	103	3.914859801663749e1	6.954301235939943e-2
118	105	3.395741588178534e1	6.032147029522402e-2
118	107	4.652523849432941e1	8.264677152065886e-2
118	109	4.917530737894533e1	8.735431617188194e-2
118	111	6.283766385425584e1	1.116239317738826e-1
118	113	7.305418419400183e1	1.297724131053231e-1
118	115	9.133522151665117e1	1.622465876321186e-1
118	117	1.321575103560392e2	2.347627205493190e-1
119	1	1.335944340969180e2	2.349054810894896e-1
119	2	1.076560076122233e2	1.892967055946118e-1
119	3	9.280733613960743e1	1.631875765774241e-1
119	4	8.253584746971450e1	1.451267269333737e-1
119	5	7.479306276060650e1	1.315122183697470e-1
119	6	6.866301264696489e1	1.207334581558072e-1
119	8	5.947556941864138e1	1.045787374436702e-1
119	9	5.157721095378902e1	9.069067610679303e-2
119	10	5.289950391716099e1	9.301572704773867e-2
119	11	4.813218241579198e1	8.463311770957621e-2
119	12	4.800333186615875e1	8.440655362736092e-2
119	13	3.710187828990157e1	6.523800656762599e-2
119	15	4.277064059148054e1	7.520566236583331e-2
119	16	3.393062676336829e1	5.966184337990182e-2
119	18	2.963533321341415e1	5.210922335801847e-2
119	19	2.483084948398468e1	4.366126989740127e-2
119	20	3.767686424458928e1	6.624903186384178e-2
119	22	2.235596331083928e1	3.930955920620070e-2
119	23	1.649502194996932e1	2.900398577928946e-2
119	24	3.573101799495243e1	6.282755736539433e-2
119	25	2.113140313912956e1	3.715635650578122e-2
119	26	1.722388620525788e1	3.028558264891116e-2
119	27	1.564696092840231e1	2.751279953630631e-2
119	29	4.661429684157484e0	8.196414692901508e-3
119	30	3.514854009160851e1	6.180335861764007e-2
119	31	1.933003982007915e1	3.398893325241786e-2
119	32	1.438667117669433e1	2.529677180701975e-2
119	33	1.025624168821893e1	1.803404014716154e-2
119	36	7.495961625522212e0	1.318050773428344e-2
119	37	2.109885210818167e0	3.709912047168695e-3
119	38	3.195169610633753e0	5.618219498605248e-3
119	39	1.437910591765176e1	2.528346945032373e-2
119	40	3.829588733328380e1	6.733748975835104e-2
119	41	2.060423280176234e1	3.622940769573186e-2
119	43	9.567353665982925e0	1.682273539951959e-2
119	44	6.728019347353190e0	1.183019810857416e-2
119	45	7.691250250640056e0	1.352389306125995e-2
119	46	3.161639629682861e0	5.559262129913700e-3
119	47	4.220543585688688e0	7.421183585658322e-3
119	48	1.124843137203127e1	1.977865470826580e-2
119	50	1.833025804382056e0	3.223096915216087e-3
119	52	6.504677301920030e0	1.143748511132514e-2
119	53	1.367398974724327e0	2.404362997382561e-3
119	54	1.419950921476267e1	2.496767598048768e-2
119	55	1.034193113795298e1	1.818471200374105e-2
119	57	2.373428249656650e1	4.173312373272312e-2
119	58	3.298540191702382e1	5.799980933807036e-2
119	59	5.367049881125234e1	9.437140423398042e-2
119	60	5.367049881125234e1	9.437140423398042e-2
119	61	3.298540191702382e1	5.799980933807036e-2
119	62	2.373428249656650e1	4.173312373272312e-2
119	64	1.034193113795298e1	1.818471200374105e-2
119	65	1.419950921476267e1	2.496767598048768e-2
119	66	1.367398974724327e0	2.404362997382561e-3
119	67	6.504677301920030e0	1.143748511132514e-2
119	69	1.833025804382056e0	3.223096915216087e-3
119	71	1.124843137203127e1	1.977865470826580e-2
119	72	4.220543585688688e0	7.421183585658322e-3
119	73	3.161639629682861e0	5.559262129913700e-3
119	74	7.691250250640056e0	1.352389306125995e-2
119	75	6.728019347353190e0	1.183019810857416e-2
119	76	9.567353665982925e0	1.682273539951959e-2
119	78	2.060423280176234e1	3.622940769573186e-2
119	79	3.829588733328380e1	6.733748975835104e-2
119	80	1.437910591765176e1	2.528346945032373e-2
119	81	3.195169610633753e0	5.618219498605248e-3
119	82	2.109885210818167e0	3.709912047168695e-3
119	83	7.495961625522212e0	1.318050773428344e-2
119	86	1.025624168821893e1	1.803404014716154e-2
119	87	1.438667117669433e1	2.529677180701975e-2
119	88	1.933003982007915e1	3.398893325241786e-2
119	89	3.514854009160851e1	6.180335861764007e-2
119	90	4.661429684157484e0	8.196414692901508e-3
119	92	1.564696092840231e1	2.751279953630631e-2
119	93	1.722388620525788e1	3.028558264891116e-2
119	94	2.113140313912956e1	3.715635650578122e-2
119	95	3.573101799495243e1	6.282755736539433e-2
119	96	1.649502194996932e1	2.900398577928946e-2
119	97	2.235596331083928e1	3.930955920620070e-2
119	99	3.767686424458928e1	6.624903186384178e-2
119	100	2.483084948398468e1	4.366126989740127e-2
119	101	2.963533321341415e1	5.210922335801847e-2
119	103	3.393062676336829e1	5.966184337990182e-2
119	104	4.277064059148054e1	7.520566236583331e-2
119	106	3.710187828990157e1	6.523800656762599e-2
119	107	4.800333186615875e1	8.440655362736092e-2
119	108	4.813218241579198e1	8.463311770957621e-2
119	109	5.289950391716099e1	9.301572704773867e-2
119	110	5.157721095378902e1	9.069067610679303e-2
119	111	5.947556941864138e1	1.045787374436702e-1
119	113	6.866301264696489e1	1.207334581558072e-1
119	114	7.479306276060650e1	1.315122183697470e-1
119	115	8.253584746971450e1	1.451267269333737e-1
119	116	9.280733613960743e1	1.631875765774241e-1
119	117	1.076560076122233e2	1.892967055946118e-1
119	118	1.335944340969180e2	2.349054810894896e-1
120	1	1.350340328458476e2	2.350465896354361e-1
120	7	6.076062579667004e1	1.057628034698911e-1
120	11	5.095523106134941e1	8.869507214324537e-2
120	13	3.926315229151403e1	6.834328983562545e-2
120	17	2.316751025652042e1	4.032645816299903e-2
120	19	2.832380441788315e1	4.930174633475188e-2
120	23	1.865217704693210e1	3.246685677500717e-2
120	29	7.984344077196401e0	1.389792488804141e-2
120	31	2.301429286981257e1	4.005976077227794e-2
120	37	6.774762266786818e0	1.179246988954937e-2
120	41	2.513408018778421e1	4.374956229372456e-2
120	43	1.290108799146183e1	2.245624063114121e-2
120	47	1.499312583129783e-1	2.609774010559653e-4
120	49	4.496237677514503e0	7.826362806601430e-3
120	53	8.295778001437593e0	1.444002142657284e-2
120	59	4.119880884069569e1	7.171258467931889e-2
120	61	4.119880884069569e1	7.171258467931889e-2
120	67	8.295778001437593e0	1.444002142657284e-2
120	71	4.496237677514503e0	7.826362806601430e-3
120	73	1.499312583129783e-1	2.609774010559653e-4
120	77	1.290108799146183e1	2.245624063114121e-2
120	79	2.513408018778421e1	4.374956229372456e-2
120	83	6.774762266786818e0	1.179246988954937e-2
120	89	2.301429286981257e1	4.005976077227794e-2
120	91	7.984344077196401e0	1.389792488804141e-2
120	97	1.865217704693210e1	3.246685677500717e-2
120	101	2.832380441788315e1	4.930174633475188e-2
120	103	2.316751025652042e1	4.032645816299903e-2
120	107	3.926315229151403e1	6.834328983562545e-2
120	109	5.095523106134941e1	8.869507214324537e-2
120	113	6.076062579667004e1	1.057628034698911e-1
120	119	1.350340328458476e2	2.350465896354361e-1
121	1	1.364762843088712e2	2.351860794133218e-1
121	2	1.100966048034662e2	1.897266544995027e-1
121	3	9.460494623815794e1	1.630302767366168e-1
121	4	8.353527730116875e1	1.439542002528676e-1
121	5	7.486889634237674e1	1.290196482849396e-1
121	6	6.771021321798733e1	1.166832733146400e-1
121	7	6.281839516230257e1	1.082533287601998e-1
121	8	5.620579552305432e1	9.685800544992372e-2
121	9	5.490720845050172e1	9.462018366339800e-2
121	10	4.702933777949365e1	8.104445124496236e-2
121	12	3.930103644614810e1	6.772646782887852e-2
121	13	4.105716511299003e1	7.075275930648912e-2
121	14	4.037239941253503e1	6.957272014274513e-2
121	15	2.946110707287111e1	5.076956998597197e-2
121	16	3.378103235918802e1	5.821398640302492e-2
121	17	2.709130377288644e1	4.668574875705595e-2
121	18	3.227313626545851e1	5.561546775018485e-2
121	19	2.752923280258813e1	4.744042061875262e-2
121	20	1.591903476646108e1	2.743286420588009e-2
121	21	2.739953562433424e1	4.721691679888405e-2
121	23	1.879789940071429e1	3.239393777203425e-2
121	24	6.656618516522866e0	1.147117991216715e-2
121	25	2.546119467238121e1	4.387662356504717e-2
121	26	2.309339543430702e1	3.979625588460672e-2
121	27	2.363777541006752e1	4.073437193061860e-2
121	28	1.783375555107130e1	3.073245341131690e-2
121	29	8.647493116940913e0	1.490200303463875e-2
121	30	5.648321600590248e0	9.733607705071808e-3
121	31	2.527914640839361e1	4.356290446221502e-2
121	32	1.742328515153232e1	3.002510030252100e-2
121	34	8.809503597275954e0	1.518119153897724e-2
121	35	1.323146979022041e1	2.280145243253425e-2
121	36	6.482889823829619e0	1.117179771310569e-2
121	37	4.459996608605458e0	7.685797733184968e-3
121	38	5.725225026784043e-1	9.866133406453280e-4
121	39	6.640836683253380e0	1.144398348378106e-2
121	40	2.362733180510681e1	4.071637473412333e-2
121	41	3.035552883271670e1	5.231090405808060e-2
121	42	1.881735303560186e1	3.242746172194771e-2
121	43	1.274780633056377e1	2.196796760102543e-2
121	45	4.244410819953532e0	7.314284274513089e-3
121	46	5.609400330747889e0	9.666535679288223e-3
121	47	2.126730554263245e-1	3.664940202311627e-4
121	48	7.676080466747352e0	1.322799253641567e-2
121	49	8.692048164271560e0	1.497878360463181e-2
121	50	1.621014254564991e0	2.793452277330702e-3
121	51	8.502132766219939e-1	1.465150727150059e-3
121	52	5.766989129960976e0	9.938104413988675e-3
121	53	2.919352289928077e0	5.030844904456842e-3
121	54	4.260529076290892e0	7.342060452141016e-3
121	56	1.251018914082537e1	2.155848799408282e-2
121	57	1.651993073664621e1	2.846837281515074e-2
121	58	2.460279549017502e1	4.239736627681549e-2
121	59	3.424083471799808e1	5.900635201160784e-2
121	60	5.489077013654668e1	9.459185593868870e-2
121	61	5.489077013654668e1	9.459185593868870e-2
121	62	3.424083471799808e1	5.900635201160784e-2
121	63	2.460279549017502e1	4.239736627681549e-2
121	64	1.651993073664621e1	2.846837281515074e-2
121	65	1.251018914082537e1	2.155848799408282e-2
121	67	4.260529076290892e0	7.342060452141016e-3
121	68	2.919352289928077e0	5.030844904456842e-3
121	69	5.766989129960976e0	9.938104413988675e-3
121	70	8.502132766219939e-1	1.465150727150059e-3
121	71	1.621014254564991e0	2.793452277330702e-3
121	72	8.692048164271560e0	1.497878360463181e-2
121	73	7.676080466747352e0	1.322799253641567e-2
121	74	2.126730554263245e-1	3.664940202311627e-4
121	75	5.609400330747889e0	9.666535679288223e-3
121	76	4.244410819953532e0	7.314284274513089e-3
121	78	1.274780633056377e1	2.196796760102543e-2
121	79	1.881735303560186e1	3.242746172194771e-2
121	80	3.035552883271670e1	5.231090405808060e-2
121	81	2.362733180510681e1	4.071637473412333e-2
121	82	6.640836683253380e0	1.144398348378106e-2
121	83	5.725225026784043e-1	9.866133406453280e-4
121	84	4.459996608605458e0	7.685797733184968e-3
121	85	6.482889823829619e0	1.117179771310569e-2
121	86	1.323146979022041e1	2.280145243253425e-2
121	87	8.809503597275954e0	1.518119153897724e-2
121	89	1.742328515153232e1	3.002510030252100e-2
121	90	2.527914640839361e1	4.356290446221502e-2
121	91	5.648321600590248e0	9.733607705071808e-3
121	92	8.647493116940913e0	1.490200303463875e-2
121	93	1.783375555107130e1	3.073245341131690e-2
121	94	2.363777541006752e1	4.073437193061860e-2
121	95	2.309339543430702e1	3.979625588460672e-2
121	96	2.546119467238121e1	4.387662356504717e-2
121	97	6.656618516522866e0	1.147117991216715e-2
121	98	1.879789940071429e1	3.239393777203425e-2
121	100	2.739953562433424e1	4.721691679888405e-2
121	101	1.591903476646108e1	2.743286420588009e-2
121	102	2.752923280258813e1	4.744042061875262e-2
121	103	3.227313626545851e1	5.561546775018485e-2
121	104	2.709130377288644e1	4.668574875705595e-2
121	105	3.378103235918802e1	5.821398640302492e-2
121	106	2.946110707287111e1	5.076956998597197e-2
121	107	4.037239941253503e1	6.957272014274513e-2
121	108	4.105716511299003e1	7.075275930648912e-2
121	109	3.930103644614810e1	6.772646782887852e-2
121	111	4.702933777949365e1	8.104445124496236e-2
121	112	5.490720845050172e1	9.462018366339800e-2
121	113	5.620579552305432e1	9.685800544992372e-2
121	114	6.281839516230257e1	1.082533287601998e-1
121	115	6.771021321798733e1	1.166832733146400e-1
121	116	7.486889634237674e1	1.290196482849396e-1
121	117	8.353527730116875e1	1.439542002528676e-1
121	118	9.460494623815794e1	1.630302767366168e-1
121	119	1.100966048034662e2	1.897266544995027e-1
121	120	1.364762843088712e2	2.351860794133218e-1
122	1	1.379211665605816e2	2.353239827061249e-1
122	3	9.608501986665770e1	1.639422730918328e-1
122	5	7.660824160917294e1	1.307105861496973e-1
122	7	6.442930587670499e1	1.099306309538615e-1
122	9	5.459830750943922e1	9.315677566061899e-2
122	11	4.370071875084918e1	7.456308150535336e-2
122	13	4.173828990812191e1	7.121474431705742e-2
122	15	3.299852504042719e1	5.630277447320028e-2
122	17	2.928814511077681e1	4.997204653511637e-2
122	19	2.956568074506207e1	5.044558364643562e-2
122	21	2.946154606840405e1	5.026790688035188e-2
122	23	2.202372089544816e1	3.757733380864690e-2
122	25	2.821639153500321e1	4.814339813965930e-2
122	27	1.216784858215468e1	2.076103806778619e-2
122	29	9.878981792887805e0	1.685572561889915e-2
122	31	2.962010472402375e1	5.053844297907728e-2
122	33	1.401535310075328e1	2.391328896752909e-2
122	35	1.959602713291131e1	3.343515187067693e-2
122	37	6.992057207920103e0	1.192999443456772e-2
122	39	4.404347123842125e0	7.514789297751026e-3
122	41	3.958083434421932e1	6.753364845287735e-2
122	43	1.317991955328826e1	2.248785475334400e-2
122	45	9.002991726838394e0	1.536109302337799e-2
122	47	6.376905597897744e0	1.088040987515232e-2
122	49	1.704746580249250e1	2.908674315719973e-2
122	51	1.212189142212676e0	2.068262499891991e-3
122	53	3.784737628677112e0	6.457598601348990e-3
122	55	8.945235536019593e0	1.526254820108311e-2
122	57	1.383953319720117e1	2.361330136609944e-2
122	59	2.955834952951802e1	5.043307497294534e-2
122	63	2.955834952951802e1	5.043307497294534e-2
122	65	1.383953319720117e1	2.361330136609944e-2
122	67	8.945235536019593e0	1.526254820108311e-2
122	69	3.784737628677112e0	6.457598601348990e-3
122	71	1.212189142212676e0	2.068262499891991e-3
122	73	1.704746580249250e1	2.908674315719973e-2
122	75	6.376905597897744e0	1.088040987515232e-2
122	77	9.002991726838394e0	1.536109302337799e-2
122	79	1.317991955328826e1	2.248785475334400e-2
122	81	3.958083434421932e1	6.753364845287735e-2
122	83	4.404347123842125e0	7.514789297751026e-3
122	85	6.992057207920103e0	1.192999443456772e-2
122	87	1.959602713291131e1	3.343515187067693e-2
122	89	1.401535310075328e1	2.391328896752909e-2
122	91	2.962010472402375e1	5.053844297907728e-2
122	93	9.878981792887805e0	1.685572561889915e-2
122	95	1.216784858215468e1	2.076103806778619e-2
122	97	2.821639153500321e1	4.814339813965930e-2
122	99	2.202372089544816e1	3.757733380864690e-2
122	101	2.946154606840405e1	5.026790688035188e-2
122	103	2.956568074506207e1	5.044558364643562e-2
122	105	2.928814511077681e1	4.997204653511637e-2
122	107	3.299852504042719e1	5.630277447320028e-2
122	109	4.173828990812191e1	7.121474431705742e-2
122	111	4.370071875084918e1	7.456308150535336e-2
122	113	5.459830750943922e1	9.315677566061899e-2
122	115	6.442930587670499e1	1.099306309538615e-1
122	117	7.660824160917294e1	1.307105861496973e-1
122	119	9.608501986665770e1	1.639422730918328e-1
122	121	1.379211665605816e2	2.353239827061249e-1
123	1	1.393686580350568e2	2.354603308880357e-1
123	2	1.125477249178038e2	1.901469449693328e-1
123	4	8.654506092787048e1	1.462160070284649e-1
123	5	7.770405639862093e1	1.312793212542782e-1
123	7	6.490702806607338e1	1.096590188990150e-1
123	8	5.975603946560357e1	1.009565351600811e-1
123	10	5.149850374270616e1	8.700560730409125e-2
123	11	4.648005469178469e1	7.852704626508430e-2
123	13	4.417294268554743e1	7.462923047175335e-2
123	14	4.255037483808925e1	7.188793721660346e-2
123	16	3.575274246019399e1	6.040348446000280e-2
123	17	3.174022900549499e1	5.362442983569502e-2
123	19	3.292436308310292e1	5.562499872729781e-2
123	20	2.295825115735413e1	3.878746836151258e-2
123	22	2.568485682372956e1	4.339400961302165e-2
123	23	2.004250779631439e1	3.386138306906240e-2
123	25	3.181926895839324e1	5.375796612516777e-2
123	26	2.290591548639086e1	3.869904837831120e-2
123	28	1.781469173440025e1	3.009753605717517e-2
123	29	1.451318758001280e1	2.451971625478636e-2
123	31	3.665073546564622e1	6.192062420418932e-2
123	32	2.111518332511628e1	3.567364515515970e-2
123	34	1.272952020553347e1	2.150624883599659e-2
123	35	1.740081428860203e0	2.939829907155225e-3
123	37	1.193381110824144e1	2.016191554054451e-2
123	38	4.940604961214302e0	8.347045134509148e-3
123	40	9.906522244036612e0	1.673685488844849e-2
123	43	1.581150785696492e1	2.671320025843440e-2
123	44	1.522227022491716e1	2.571769603410049e-2
123	46	8.813172814449877e-1	1.488966469449555e-3
123	47	4.079157929807112e0	6.891649022374441e-3
123	49	1.329857244170499e1	2.246765027094345e-2
123	50	7.074612520882378e0	1.195240471248989e-2
123	52	4.164235089628271e0	7.035385042258234e-3
123	53	2.114241750654937e0	3.571965671516257e-3
123	55	6.188056248340205e0	1.045458708098816e-2
123	56	6.507320642626837e0	1.099397736413625e-2
123	58	1.835148145538563e1	3.100443067108988e-2
123	59	2.613378138003476e1	4.415245793319417e-2
123	61	5.611630381015482e1	9.480728055822242e-2
123	62	5.611630381015482e1	9.480728055822242e-2
123	64	2.613378138003476e1	4.415245793319417e-2
123	65	1.835148145538563e1	3.100443067108988e-2
123	67	6.507320642626837e0	1.099397736413625e-2
123	68	6.188056248340205e0	1.045458708098816e-2
123	70	2.114241750654937e0	3.571965671516257e-3
123	71	4.164235089628271e0	7.035385042258234e-3
123	73	7.074612520882378e0	1.195240471248989e-2
123	74	1.329857244170499e1	2.246765027094345e-2
123	76	4.079157929807112e0	6.891649022374441e-3
123	77	8.813172814449877e-1	1.488966469449555e-3
123	79	1.522227022491716e1	2.571769603410049e-2
123	80	1.581150785696492e1	2.671320025843440e-2
123	83	9.906522244036612e0	1.673685488844849e-2
123	85	4.940604961214302e0	8.347045134509148e-3
123	86	1.193381110824144e1	2.016191554054451e-2
123	88	1.740081428860203e0	2.939829907155225e-3
123	89	1.272952020553347e1	2.150624883599659e-2
123	91	2.111518332511628e1	3.567364515515970e-2
123	92	3.665073546564622e1	6.192062420418932e-2
123	94	1.451318758001280e1	2.451971625478636e-2
123	95	1.781469173440025e1	3.009753605717517e-2
123	97	2.290591548639086e1	3.869904837831120e-2
123	98	3.181926895839324e1	5.375796612516777e-2
123	100	2.004250779631439e1	3.386138306906240e-2
123	101	2.568485682372956e1	4.339400961302165e-2
123	103	2.295825115735413e1	3.878746836151258e-2
123	104	3.292436308310292e1	5.562499872729781e-2
123	106	3.174022900549499e1	5.362442983569502e-2
123	107	3.575274246019399e1	6.040348446000280e-2
123	109	4.255037483808925e1	7.188793721660346e-2
123	110	4.417294268554743e1	7.462923047175335e-2
123	112	4.648005469178469e1	7.852704626508430e-2
123	113	5.149850374270616e1	8.700560730409125e-2
123	115	5.975603946560357e1	1.009565351600811e-1
123	116	6.490702806607338e1	1.096590188990150e-1
123	118	7.770405639862093e1	1.312793212542782e-1
123	119	8.654506092787048e1	1.462160070284649e-1
123	121	1.125477249178038e2	1.901469449693328e-1
123	122	1.393686580350568e2	2.354603308880357e-1
124	1	1.408187375170904e2	2.355951544573292e-1
124	3	9.789834789732737e1	1.637876947390541e-1
124	5	7.945593932268996e1	1.329328371162924e-1
124	7	6.652838722949049e1	1.113045461242442e-1
124	9	5.796218200250712e1	9.697295588882258e-2
124	11	4.807318028694012e1	8.042827634058386e-2
124	13	4.193238765425613e1	7.015449449665823e-2
124	15	3.631168556595133e1	6.075084410182288e-2
124	17	3.276451557922584e1	5.481629252407158e-2
124	19	2.710900950142273e1	4.535441371854203e-2
124	21	3.501501285702574e1	5.858146087536942e-2
124	23	2.406993525515489e1	4.026992582239207e-2
124	25	3.755424988596849e1	6.282970191619634e-2
124	27	2.011210537704949e1	3.364832447949615e-2
124	29	1.357071261041532e1	2.270432323083991e-2
124	33	1.467964144593582e1	2.455960374885286e-2
124	35	8.017702365202521e0	1.341392388845648e-2
124	37	4.776115153252601e0	7.990624025442454e-3
124	39	6.373857918673593e-1	1.066370901568926e-3
124	41	2.453262044196503e1	4.104401590424942e-2
124	43	1.975565947436293e1	3.305197679892608e-2
124	45	5.720632222008668e0	9.570837345237079e-3
124	47	6.533965202427376e0	1.093157464856456e-2
124	49	5.107598541779395e0	8.545208461413063e-3
124	51	6.341765952695141e-1	1.061001792446913e-3
124	53	1.225233745459479e1	2.049863097748799e-2
124	55	1.327962970980031e1	2.221733036228107e-2
124	57	1.325935109630531e1	2.218340346332734e-2
124	59	2.351234605040817e1	3.933705767478423e-2
124	61	4.320865393347390e1	7.228973698272653e-2
124	63	4.320865393347390e1	7.228973698272653e-2
124	65	2.351234605040817e1	3.933705767478423e-2
124	67	1.325935109630531e1	2.218340346332734e-2
124	69	1.327962970980031e1	2.221733036228107e-2
124	71	1.225233745459479e1	2.049863097748799e-2
124	73	6.341765952695141e-1	1.061001792446913e-3
124	75	5.107598541779395e0	8.545208461413063e-3
124	77	6.533965202427376e0	1.093157464856456e-2
124	79	5.720632222008668e0	9.570837345237079e-3
124	81	1.975565947436293e1	3.305197679892608e-2
124	83	2.453262044196503e1	4.104401590424942e-2
124	85	6.373857918673593e-1	1.066370901568926e-3
124	87	4.776115153252601e0	7.990624025442454e-3
124	89	8.017702365202521e0	1.341392388845648e-2
124	91	1.467964144593582e1	2.455960374885286e-2
124	95	1.357071261041532e1	2.270432323083991e-2
124	97	2.011210537704949e1	3.364832447949615e-2
124	99	3.755424988596849e1	6.282970191619634e-2
124	101	2.406993525515489e1	4.026992582239207e-2
124	103	3.501501285702574e1	5.858146087536942e-2
124	105	2.710900950142273e1	4.535441371854203e-2
124	107	3.276451557922584e1	5.481629252407158e-2
124	109	3.631168556595133e1	6.075084410182288e-2
124	111	4.193238765425613e1	7.015449449665823e-2
124	113	4.807318028694012e1	8.042827634058386e-2
124	115	5.796218200250712e1	9.697295588882258e-2
124	117	6.652838722949049e1	1.113045461242442e-1
124	119	7.945593932268996e1	1.329328371162924e-1
124	121	9.789834789732737e1	1.637876947390541e-1
124	123	1.408187375170904e2	2.355951544573292e-1
125	1	1.422713841337046e2	2.357284830677887e-1
125	2	1.150091968418362e2	1.905579514492688e-1
125	3	9.938618635012077e1	1.646722922452844e-1
125	4	8.756535890159151e1	1.450864441141581e-1
125	6	7.391797543099558e1	1.224741878058577e-1
125	7	6.861561290577103e1	1.136887396121997e-1
125	8	6.216322464797560e1	1.029978216497716e-1
125	9	6.041393797219911e1	1.000994405238527e-1
125	11	4.914372272802824e1	8.142589798729369e-2
125	12	4.687637004758164e1	7.766913684241676e-2
125	13	4.436748319176517e1	7.351217937474688e-2
125	14	4.792046674709608e1	7.939909352099464e-2
125	16	3.957821244395306e1	6.557686943693329e-2
125	17	3.252137941252584e1	5.388445106418679e-2
125	18	4.244012054170181e1	7.031874538528086e-2
125	19	3.045038718298860e1	5.045303820708549e-2
125	21	3.989963322730714e1	6.610942933397705e-2
125	22	2.547722229118004e1	4.221303532013609e-2
125	23	2.499993614107391e1	4.142222316322302e-2
125	24	1.829211895026824e1	3.030808674912413e-2
125	26	2.447106964211085e1	4.054594787915905e-2
125	27	2.065504360397403e1	3.422320044266969e-2
125	28	2.152296986329682e1	3.566126152410673e-2
125	29	1.641088410127216e1	2.719108159767817e-2
125	31	6.155738830433835e0	1.019940155566311e-2
125	32	2.682161436822626e1	4.444054935537335e-2
125	33	1.910883378327456e1	3.166129596864371e-2
125	34	1.014166285302060e1	1.680365180028586e-2
125	36	1.631285166953110e1	2.702865233218335e-2
125	37	7.456057290409201e0	1.235389031629098e-2
125	38	5.016312290132132e0	8.311493516052863e-3
125	39	4.276931736289954e-1	7.086418934623053e-4
125	41	1.574591729200954e1	2.608930264056482e-2
125	42	4.087361203255362e1	6.772320815323110e-2
125	43	2.329898654077612e1	3.860393140698242e-2
125	44	1.506942443496586e1	2.496842625373473e-2
125	46	6.603986460303450e0	1.094209998705388e-2
125	47	1.391921245669093e1	2.306264789573172e-2
125	48	4.020142907340667e-1	6.660947280674135e-4
125	49	9.840504023060044e-1	1.630466379520429e-3
125	51	5.159303645013153e0	8.548414913726435e-3
125	52	3.644271496689281e0	6.038168511767714e-3
125	53	5.136393327768579e0	8.510454965817378e-3
125	54	1.658593373040231e-1	2.748112013063887e-4
125	56	7.759647053930993e0	1.285690611855973e-2
125	57	9.045264332447845e0	1.498703659220232e-2
125	58	1.540524560087401e1	2.552484604611679e-2
125	59	1.974550507877293e1	3.271619228257563e-2
125	61	3.561300251387820e1	5.900694023048480e-2
125	62	5.734701423281653e1	9.501787556142982e-2
125	63	5.734701423281653e1	9.501787556142982e-2
125	64	3.561300251387820e1	5.900694023048480e-2
125	66	1.974550507877293e1	3.271619228257563e-2
125	67	1.540524560087401e1	2.552484604611679e-2
125	68	9.045264332447845e0	1.498703659220232e-2
125	69	7.759647053930993e0	1.285690611855973e-2
125	71	1.658593373040231e-1	2.748112013063887e-4
125	72	5.136393327768579e0	8.510454965817378e-3
125	73	3.644271496689281e0	6.038168511767714e-3
125	74	5.159303645013153e0	8.548414913726435e-3
125	76	9.840504023060044e-1	1.630466379520429e-3
125	77	4.020142907340667e-1	6.660947280674135e-4
125	78	1.391921245669093e1	2.306264789573172e-2
125	79	6.603986460303450e0	1.094209998705388e-2
125	81	1.506942443496586e1	2.496842625373473e-2
125	82	2.329898654077612e1	3.860393140698242e-2
125	83	4.087361203255362e1	6.772320815323110e-2
125	84	1.574591729200954e1	2.608930264056482e-2
125	86	4.276931736289954e-1	7.086418934623053e-4
125	87	5.016312290132132e0	8.311493516052863e-3
125	88	7.456057290409201e0	1.235389031629098e-2
125	89	1.631285166953110e1	2.702865233218335e-2
125	91	1.014166285302060e1	1.680365180028586e-2
125	92	1.910883378327456e1	3.166129596864371e-2
125	93	2.682161436822626e1	4.444054935537335e-2
125	94	6.155738830433835e0	1.019940155566311e-2
125	96	1.641088410127216e1	2.719108159767817e-2
125	97	2.152296986329682e1	3.566126152410673e-2
125	98	2.065504360397403e1	3.422320044266969e-2
125	99	2.447106964211085e1	4.054594787915905e-2
125	101	1.829211895026824e1	3.030808674912413e-2
125	102	2.499993614107391e1	4.142222316322302e-2
125	103	2.547722229118004e1	4.221303532013609e-2
125	104	3.989963322730714e1	6.610942933397705e-2
125	106	3.045038718298860e1	5.045303820708549e-2
125	107	4.244012054170181e1	7.031874538528086e-2
125	108	3.252137941252584e1	5.388445106418679e-2
125	109	3.957821244395306e1	6.557686943693329e-2
125	111	4.792046674709608e1	7.939909352099464e-2
125	112	4.436748319176517e1	7.351217937474688e-2
125	113	4.687637004758164e1	7.766913684241676e-2
125	114	4.914372272802824e1	8.142589798729369e-2
125	116	6.041393797219911e1	1.000994405238527e-1
125	117	6.216322464797560e1	1.029978216497716e-1
125	118	6.861561290577103e1	1.136887396121997e-1
125	119	7.391797543099558e1	1.224741878058577e-1
125	121	8.756535890159151e1	1.450864441141581e-1
125	122	9.938618635012077e1	1.646722922452844e-1
125	123	1.150091968418362e2	1.905579514492688e-1
125	124	1.422713841337046e2	2.357284830677887e-1
126	1	1.437265773459358e2	2.358603455587573e-1
126	5	7.955774609514812e1	1.305570468064035e-1
126	11	5.166834745952322e1	8.478956718576369e-2
126	13	4.507213300318945e1	7.396494831721630e-2
126	17	3.481277165265482e1	5.712897714171762e-2
126	19	3.250443341888275e1	5.334091328089427e-2
126	23	2.938899770418458e1	4.822837419589126e-2
126	25	6.609810326570057e0	1.084693016762178e-2
126	29	1.239071502610961e1	2.033359717976293e-2
126	31	5.903985128808326e-1	9.688646305845342e-4
126	37	7.713076314775860e0	1.265742828165624e-2
126	41	1.085208614549751e1	1.780865331642730e-2
126	43	2.663320580178626e1	4.370602319866930e-2
126	47	2.421134787345511e0	3.973166954453941e-3
126	53	3.526176171356886e0	5.786578555165244e-3
126	55	5.293990797932036e0	8.687624251844326e-3
126	59	1.694089330529117e1	2.780059904608172e-2
126	61	3.013766421134014e1	4.945696214633669e-2
126	65	3.013766421134014e1	4.945696214633669e-2
126	67	1.694089330529117e1	2.780059904608172e-2
126	71	5.293990797932036e0	8.687624251844326e-3
126	73	3.526176171356886e0	5.786578555165244e-3
126	79	2.421134787345511e0	3.973166954453941e-3
126	83	2.663320580178626e1	4.370602319866930e-2
126	85	1.085208614549751e1	1.780865331642730e-2
126	89	7.713076314775860e0	1.265742828165624e-2
126	95	5.903985128808326e-1	9.688646305845342e-4
126	97	1.239071502610961e1	2.033359717976293e-2
126	101	6.609810326570057e0	1.084693016762178e-2
126	103	2.938899770418458e1	4.822837419589126e-2
126	107	3.250443341888275e1	5.334091328089427e-2
126	109	3.481277165265482e1	5.712897714171762e-2
126	113	4.507213300318945e1	7.396494831721630e-2
126	115	5.166834745952322e1	8.478956718576369e-2
126	121	7.955774609514812e1	1.305570468064035e-1
126	125	1.437265773459358e2	2.358603455587573e-1
127	1	1.451842969408799e2	2.359907699838878e-1
127	2	1.174808549382122e2	1.909600280430032e-1
127	3	1.012148536174878e2	1.645203492546023e-1
127	4	9.059568458911438e1	1.472593511411812e-1
127	5	8.131007689417983e1	1.321659990647631e-1
127	6	7.299620874858948e1	1.186521674275764e-1
127	7	6.657491500064397e1	1.082146332878653e-1
127	8	6.576984356656443e1	1.069060246323588e-1
127	9	5.590667198204115e1	9.087386753438642e-2
127	10	5.552085926472387e1	9.024674571647825e-2
127	11	5.045778535634658e1	8.201693894467679e-2
127	12	4.820334072647896e1	7.835243709910084e-2
127	13	4.690332913252875e1	7.623932470672401e-2
127	14	3.622091299664731e1	5.887552116658275e-2
127	15	4.210171104007829e1	6.843450300987497e-2
127	16	4.597131673851317e1	7.472437903330985e-2
127	17	3.824702295234471e1	6.216887491483111e-2
127	18	2.419475973309347e1	3.932753127780025e-2
127	19	3.174823865805372e1	5.160538325709735e-2
127	20	2.731502869391891e1	4.439939297453644e-2
127	21	1.638538337302877e1	2.663372913020230e-2
127	22	2.990315100416130e1	4.860627339945796e-2
127	23	2.086350122725462e1	3.391271523796082e-2
127	24	2.181990432107420e1	3.546730693472928e-2
127	25	1.214454640764801e1	1.974043280323195e-2
127	26	3.008236769389325e1	4.889758234605174e-2
127	27	2.181902908338886e1	3.546588427387934e-2
127	28	1.557537879301241e1	2.531710186019957e-2
127	29	1.623502435525748e1	2.638932707622317e-2
127	30	1.341298213101988e1	2.180221998918011e-2
127	31	4.730090120889665e0	7.688556085211348e-3
127	32	3.816329021253396e1	6.203277098240070e-2
127	33	2.227569308123715e1	3.620817177154187e-2
127	34	1.789110908591415e1	2.908122088967994e-2
127	35	1.350776467324101e1	2.195628489558594e-2
127	36	5.578338372274065e0	9.067346782274166e-3
127	37	1.061845039404761e1	1.725983000453152e-2
127	38	2.015890837166197e0	3.276743014845720e-3
127	39	9.421186645825301e-1	1.531372977351390e-3
127	40	4.514655681565584e-1	7.338376759427653e-4
127	41	6.577603391048507e0	1.069160867675833e-2
127	42	2.544561334836928e1	4.136073951054923e-2
127	43	3.250249270788913e1	5.283139046128282e-2
127	44	2.136225743180776e1	3.472342178974905e-2
127	45	1.483912239870837e1	2.412034906352402e-2
127	46	8.301941505119295e0	1.349444540102083e-2
127	47	6.030198854582105e0	9.801826374020840e-3
127	48	8.926530782852351e0	1.450968814890510e-2
127	49	4.617131836862120e0	7.504947299788954e-3
127	50	3.458944253772241e0	5.622363678294012e-3
127	51	1.806798131633459e1	2.936871901947207e-2
127	52	5.242701900590387e0	8.521784272717364e-3
127	53	3.716180562656376e0	6.040490127782554e-3
127	54	6.227213133231609e0	1.012206452853179e-2
127	55	2.052356362135740e0	3.336016142151860e-3
127	56	8.064883767695902e0	1.310911834317817e-2
127	57	8.224932361316336e0	1.336927038192589e-2
127	58	1.041127185504056e1	1.692307028619697e-2
127	59	1.488705641667835e1	2.419826372817789e-2
127	60	2.001140644118541e1	3.252767216580535e-2
127	61	2.579484207407409e1	4.192839563876763e-2
127	62	3.688397197755945e1	5.995329474642042e-2
127	63	5.858281854597664e1	9.522382756119319e-2
127	64	5.858281854597664e1	9.522382756119319e-2
127	65	3.688397197755945e1	5.995329474642042e-2
127	66	2.579484207407409e1	4.192839563876763e-2
127	67	2.001140644118541e1	3.252767216580535e-2
127	68	1.488705641667835e1	2.419826372817789e-2
127	69	1.041127185504056e1	1.692307028619697e-2
127	70	8.224932361316336e0	1.336927038192589e-2
127	71	8.064883767695902e0	1.310911834317817e-2
127	72	2.052356362135740e0	3.336016142151860e-3
127	73	6.227213133231609e0	1.012206452853179e-2
127	74	3.716180562656376e0	6.040490127782554e-3
127	75	5.242701900590387e0	8.521784272717364e-3
127	76	1.806798131633459e1	2.936871901947207e-2
127	77	3.458944253772241e0	5.622363678294012e-3
127	78	4.617131836862120e0	7.504947299788954e-3
127	79	8.926530782852351e0	1.450968814890510e-2
127	80	6.030198854582105e0	9.801826374020840e-3
127	81	8.301941505119295e0	1.349444540102083e-2
127	82	1.483912239870837e1	2.412034906352402e-2
127	83	2.136225743180776e1	3.472342178974905e-2
127	84	3.250249270788913e1	5.283139046128282e-2
127	85	2.544561334836928e1	4.136073951054923e-2
127	86	6.577603391048507e0	1.069160867675833e-2
127	87	4.514655681565584e-1	7.338376759427653e-4
127	88	9.421186645825301e-1	1.531372977351390e-3
127	89	2.015890837166197e0	3.276743014845720e-3
127	90	1.061845039404761e1	1.725983000453152e-2
127	91	5.578338372274065e0	9.067346782274166e-3
127	92	1.350776467324101e1	2.195628489558594e-2
127	93	1.789110908591415e1	2.908122088967994e-2
127	94	2.227569308123715e1	3.620817177154187e-2
127	95	3.816329021253396e1	6.203277098240070e-2
127	96	4.730090120889665e0	7.688556085211348e-3
127	97	1.341298213101988e1	2.180221998918011e-2
127	98	1.623502435525748e1	2.638932707622317e-2
127	99	1.557537879301241e1	2.531710186019957e-2
127	100	2.181902908338886e1	3.546588427387934e-2
127	101	3.008236769389325e1	4.889758234605174e-2
127	102	1.214454640764801e1	1.974043280323195e-2
127	103	2.181990432107420e1	3.546730693472928e-2
127	104	2.086350122725462e1	3.391271523796082e-2
127	105	2.990315100416130e1	4.860627339945796e-2
127	106	1.638538337302877e1	2.663372913020230e-2
127	107	2.731502869391891e1	4.439939297453644e-2
127	108	3.174823865805372e1	5.160538325709735e-2
127	109	2.419475973309347e1	3.932753127780025e-2
127	110	3.824702295234471e1	6.216887491483111e-2
127	111	4.597131673851317e1	7.472437903330985e-2
127	112	4.210171104007829e1	6.843450300987497e-2
127	113	3.622091299664731e1	5.887552116658275e-2
127	114	4.690332913252875e1	7.623932470672401e-2
127	115	4.820334072647896e1	7.835243709910084e-2
127	116	5.045778535634658e1	8.201693894467679e-2
127	117	5.552085926472387e1	9.024674571647825e-2
127	118	5.590667198204115e1	9.087386753438642e-2
127	119	6.576984356656443e1	1.069060246323588e-1
127	120	6.657491500064397e1	1.082146332878653e-1
127	121	7.299620874858948e1	1.186521674275764e-1
127	122	8.131007689417983e1	1.321659990647631e-1
127	123	9.059568458911438e1	1.472593511411812e-1
127	124	1.012148536174878e2	1.645203492546023e-1
127	125	1.174808549382122e2	1.909600280430032e-1
127	126	1.451842969408799e2	2.359907699838878e-1
128	1	1.466445230239888e2	2.361197836386564e-1
128	3	1.027102719641278e2	1.653790178694240e-1
128	5	8.241862827672195e1	1.327064132719840e-1
128	7	6.865119292598290e1	1.105387673944498e-1
128	9	5.833311022813069e1	9.392509915820693e-2
128	11	5.298762274151896e1	8.531805865813022e-2
128	13	4.912491241626829e1	7.909851286501667e-2
128	15	3.875696454034458e1	6.240455417663451e-2
128	17	3.370766142444104e1	5.427441515290771e-2
128	19	3.528577896740376e1	5.681542224350167e-2
128	21	2.112159390857880e1	3.400894953970666e-2
128	23	2.522138712222518e1	4.061023451515070e-2
128	25	1.561373512640774e1	2.514046678194449e-2
128	27	2.541046288130343e1	4.091467498387225e-2
128	29	1.799012761753910e1	2.896681685132058e-2
128	31	6.847713233390877e0	1.102585036076200e-2
128	33	2.415348557510222e1	3.889075207520433e-2
128	35	1.921232183117955e1	3.093473373862222e-2
128	37	1.471213855047504e1	2.368876041031439e-2
128	39	6.769887030719279e0	1.090053844486296e-2
128	41	3.423254523397323e0	5.511955719426372e-3
128	43	4.217403230529596e1	6.790654828252390e-2
128	45	1.653045123171753e1	2.661651787461578e-2
128	47	8.880313121073687e0	1.429864252378817e-2
128	49	3.565406279150442e0	5.740841470630261e-3
128	51	1.416098788960168e1	2.280132477948327e-2
128	53	1.335312849011113e0	2.150054938954962e-3
128	55	6.424762637305196e0	1.034483615594744e-2
128	57	1.144398781429459e0	1.842654516481756e-3
128	59	1.739938119113913e1	2.801562607030484e-2
128	61	2.215012823007082e1	3.566504481314487e-2
128	63	4.523903724849513e1	7.284166818414624e-2
128	65	4.523903724849513e1	7.284166818414624e-2
128	67	2.215012823007082e1	3.566504481314487e-2
128	69	1.739938119113913e1	2.801562607030484e-2
128	71	1.144398781429459e0	1.842654516481756e-3
128	73	6.424762637305196e0	1.034483615594744e-2
128	75	1.335312849011113e0	2.150054938954962e-3
128	77	1.416098788960168e1	2.280132477948327e-2
128	79	3.565406279150442e0	5.740841470630261e-3
128	81	8.880313121073687e0	1.429864252378817e-2
128	83	1.653045123171753e1	2.661651787461578e-2
128	85	4.217403230529596e1	6.790654828252390e-2
128	87	3.423254523397323e0	5.511955719426372e-3
128	89	6.769887030719279e0	1.090053844486296e-2
128	91	1.471213855047504e1	2.368876041031439e-2
128	93	1.921232183117955e1	3.093473373862222e-2
128	95	2.415348557510222e1	3.889075207520433e-2
128	97	6.847713233390877e0	1.102585036076200e-2
128	99	1.799012761753910e1	2.896681685132058e-2
128	101	2.541046288130343e1	4.091467498387225e-2
128	103	1.561373512640774e1	2.514046678194449e-2
128	105	2.522138712222518e1	4.061023451515070e-2
128	107	2.112159390857880e1	3.400894953970666e-2
128	109	3.528577896740376e1	5.681542224350167e-2
128	111	3.370766142444104e1	5.427441515290771e-2
128	113	3.875696454034458e1	6.240455417663451e-2
128	115	4.912491241626829e1	7.909851286501667e-2
128	117	5.298762274151896e1	8.531805865813022e-2
128	119	5.833311022813069e1	9.392509915820693e-2
128	121	6.865119292598290e1	1.105387673944498e-1
128	123	8.241862827672195e1	1.327064132719840e-1
128	125	1.027102719641278e2	1.653790178694240e-1
128	127	1.466445230239888e2	2.361197836386564e-1
129	1	1.481072360116081e2	2.362474130867033e-1
129	2	1.199625387868925e2	1.913535099223337e-1
129	4	9.163618850502012e1	1.461698500520241e-1
129	5	8.418300501980831e1	1.342811985245334e-1
129	7	7.028008521527741e1	1.121045046193491e-1
129	8	6.254108388534534e1	9.975994203546763e-2
129	10	6.008175623805939e1	9.583704258605533e-2
129	11	5.408047590327302e1	8.626433707563541e-2
129	13	5.236469133078748e1	8.352747102115030e-2
129	14	4.148701145780282e1	6.617636921423715e-2
129	16	3.108371040287650e1	4.958195405955905e-2
129	17	3.713174168493526e1	5.922923249868847e-2
129	19	3.646966122881337e1	5.817314098536226e-2
129	20	3.250078154883784e1	5.184233917920938e-2
129	22	3.377474895763861e1	5.387445801952290e-2
129	23	2.616172946351223e1	4.173085038967667e-2
129	25	1.827865361220994e1	2.915647301833431e-2
129	26	3.939033178722905e1	6.283193337448040e-2
129	28	1.927755008335718e1	3.074982330698244e-2
129	29	2.034019796306890e1	3.244486413931752e-2
129	31	1.042560857046176e1	1.662999810781097e-2
129	32	6.673349438386114e0	1.064473002060993e-2
129	34	2.128800325500237e1	3.395671834954408e-2
129	35	1.291965639884040e1	2.060828008400545e-2
129	37	2.104449340094979e1	3.356829321495759e-2
129	38	1.160141390604008e1	1.850553759058242e-2
129	40	2.682526798700134e0	4.278926768162713e-3
129	41	3.410130785705214e0	5.439535556163112e-3
129	44	2.797125559905365e1	4.461724459934874e-2
129	46	1.040615299743997e1	1.659896431823868e-2
129	47	1.484661792127848e1	2.368199671698571e-2
129	49	6.462028712691648e0	1.030765010391355e-2
129	50	1.943763169055849e0	3.100517116575356e-3
129	52	1.284592207413474e1	2.049066568557024e-2
129	53	2.238558379012665e0	3.570748062868829e-3
129	55	8.948430877670168e0	1.427373640183971e-2
129	56	2.852301375998865e0	4.549735985691898e-3
129	58	1.045442333219242e1	1.667596083793068e-2
129	59	1.126377272729332e1	1.796696258791195e-2
129	61	2.142574917323995e1	3.417643831544995e-2
129	62	2.732673480554048e1	4.358916268891365e-2
129	64	5.982363650220877e1	9.542531307503703e-2
129	65	5.982363650220877e1	9.542531307503703e-2
129	67	2.732673480554048e1	4.358916268891365e-2
129	68	2.142574917323995e1	3.417643831544995e-2
129	70	1.126377272729332e1	1.796696258791195e-2
129	71	1.045442333219242e1	1.667596083793068e-2
129	73	2.852301375998865e0	4.549735985691898e-3
129	74	8.948430877670168e0	1.427373640183971e-2
129	76	2.238558379012665e0	3.570748062868829e-3
129	77	1.284592207413474e1	2.049066568557024e-2
129	79	1.943763169055849e0	3.100517116575356e-3
129	80	6.462028712691648e0	1.030765010391355e-2
129	82	1.484661792127848e1	2.368199671698571e-2
129	83	1.040615299743997e1	1.659896431823868e-2
129	85	2.797125559905365e1	4.461724459934874e-2
129	88	3.410130785705214e0	5.439535556163112e-3
129	89	2.682526798700134e0	4.278926768162713e-3
129	91	1.160141390604008e1	1.850553759058242e-2
129	92	2.104449340094979e1	3.356829321495759e-2
129	94	1.291965639884040e1	2.060828008400545e-2
129	95	2.128800325500237e1	3.395671834954408e-2
129	97	6.673349438386114e0	1.064473002060993e-2
129	98	1.042560857046176e1	1.662999810781097e-2
129	100	2.034019796306890e1	3.244486413931752e-2
129	101	1.927755008335718e1	3.074982330698244e-2
129	103	3.939033178722905e1	6.283193337448040e-2
129	104	1.827865361220994e1	2.915647301833431e-2
129	106	2.616172946351223e1	4.173085038967667e-2
129	107	3.377474895763861e1	5.387445801952290e-2
129	109	3.250078154883784e1	5.184233917920938e-2
129	110	3.646966122881337e1	5.817314098536226e-2
129	112	3.713174168493526e1	5.922923249868847e-2
129	113	3.108371040287650e1	4.958195405955905e-2
129	115	4.148701145780282e1	6.617636921423715e-2
129	116	5.236469133078748e1	8.352747102115030e-2
129	118	5.408047590327302e1	8.626433707563541e-2
129	119	6.008175623805939e1	9.583704258605533e-2
129	121	6.254108388534534e1	9.975994203546763e-2
129	122	7.028008521527741e1	1.121045046193491e-1
129	124	8.418300501980831e1	1.342811985245334e-1
129	125	9.163618850502012e1	1.461698500520241e-1
129	127	1.199625387868925e2	1.913535099223337e-1
129	128	1.481072360116081e2	2.362474130867033e-1
130	1	1.495724166237449e2	2.363736841850593e-1
130	3	1.045539175903307e2	1.652296275922053e-1
130	7	7.077550161214370e1	1.118486044669026e-1
130	9	6.170982146592025e1	9.752184379687409e-2
130	11	5.571452049293036e1	8.804729353705755e-2
130	17	3.944510688878409e1	6.233626124949022e-2
130	19	3.775950034912611e1	5.967244771448758e-2
130	21	2.652535462943491e1	4.191879719271307e-2
130	23	3.022915041489245e1	4.777201448397337e-2
130	27	2.658969618632269e1	4.202047804531323e-2
130	29	2.572225966465628e1	4.064964262624832e-2
130	31	1.267920122241789e1	2.003731418611604e-2
130	33	3.220920225602228e1	5.090114857921649e-2
130	37	1.515047788583632e0	2.394274529940891e-3
130	41	2.024236705912616e0	3.198960735138877e-3
130	43	2.636612838669815e1	4.166716728350789e-2
130	47	9.725167615425979e0	1.536896809227947e-2
130	49	1.112324425147393e1	1.757838967344584e-2
130	51	1.499262788653674e0	2.369329030813930e-3
130	53	6.502582631468625e0	1.027622236782132e-2
130	57	4.742822929719434e0	7.495222412266526e-3
130	59	1.584055550522218e1	2.503329523468351e-2
130	61	1.892654509040911e1	2.991017523751391e-2
130	63	3.273656505524048e1	5.173455550388312e-2
130	67	3.273656505524048e1	5.173455550388312e-2
130	69	1.892654509040911e1	2.991017523751391e-2
130	71	1.584055550522218e1	2.503329523468351e-2
130	73	4.742822929719434e0	7.495222412266526e-3
130	77	6.502582631468625e0	1.027622236782132e-2
130	79	1.499262788653674e0	2.369329030813930e-3
130	81	1.112324425147393e1	1.757838967344584e-2
130	83	9.725167615425979e0	1.536896809227947e-2
130	87	2.636612838669815e1	4.166716728350789e-2
130	89	2.024236705912616e0	3.198960735138877e-3
130	93	1.515047788583632e0	2.394274529940891e-3
130	97	3.220920225602228e1	5.090114857921649e-2
130	99	1.267920122241789e1	2.003731418611604e-2
130	101	2.572225966465628e1	4.064964262624832e-2
130	103	2.658969618632269e1	4.202047804531323e-2
130	107	3.022915041489245e1	4.777201448397337e-2
130	109	2.652535462943491e1	4.191879719271307e-2
130	111	3.775950034912611e1	5.967244771448758e-2
130	113	3.944510688878409e1	6.233626124949022e-2
130	119	5.571452049293036e1	8.804729353705755e-2
130	121	6.170982146592025e1	9.752184379687409e-2
130	123	7.077550161214370e1	1.118486044669026e-1
130	127	1.045539175903307e2	1.652296275922053e-1
130	129	1.495724166237449e2	2.363736841850593e-1
131	1	1.510400458770601e2	2.364986221083127e-1
131	2	1.224540929424607e2	1.917387146186884e-1
131	3	1.060567395054018e2	1.660637257667655e-1
131	4	9.468641395991344e1	1.482600611239480e-1
131	5	8.430976726094178e1	1.320122995971204e-1
131	6	7.926464731043328e1	1.241126468279627e-1
131	7	7.241427752011354e1	1.133863324460026e-1
131	8	6.613289704267126e1	1.035509419757010e-1
131	9	6.142367787449251e1	9.617724291454702e-2
131	10	5.426240060561559e1	8.496410935920161e-2
131	11	5.856338666961506e1	9.169859670615904e-2
131	12	5.595454377310194e1	8.761366845590801e-2
131	13	4.222171717382925e1	6.611079781308567e-2
131	14	4.366359783103938e1	6.836849567523003e-2
131	15	4.459795588457733e1	6.983151424712183e-2
131	16	3.733888724760928e1	5.846525889104243e-2
131	17	3.923225385374710e1	6.142989380556012e-2
131	18	3.413439447727953e1	5.344766160193740e-2
131	19	4.066334019178930e1	6.367068991429869e-2
131	20	3.067735654755616e1	4.803462890449484e-2
131	21	2.855792043679013e1	4.471601418260342e-2
131	22	4.213770628597035e1	6.597925349909028e-2
131	23	2.828543516607652e1	4.428935653234666e-2
131	24	2.809142701667911e1	4.398557842009941e-2
131	25	2.251936136245175e1	3.526083365542657e-2
131	26	6.550356558068970e0	1.025655342797235e-2
131	27	2.924705392503802e1	4.579505993813754e-2
131	28	1.935998882460386e1	3.031388566167367e-2
131	29	1.273923012519579e1	1.994709650566318e-2
131	30	1.606640471645205e1	2.515678908604265e-2
131	31	1.273247503940146e1	1.993651938703675e-2
131	32	4.172438396991152e0	6.533207309294757e-3
131	33	3.968587758227051e1	6.214017819489847e-2
131	34	2.411001501698376e1	3.775148039327631e-2
131	35	2.046032573926741e1	3.203679406428801e-2
131	36	1.543211207882759e1	2.416361317735858e-2
131	37	7.755382854386018e0	1.214338454635821e-2
131	38	1.282767410793779e1	2.008558216309790e-2
131	39	6.295191501203640e0	9.857015782122064e-3
131	40	4.778481791126391e0	7.482150530402439e-3
131	41	3.881178760170224e0	6.077152741885633e-3
131	42	4.633820047282686e0	7.255639058612572e-3
131	43	1.714329335049218e1	2.684298215249533e-2
131	44	4.348191589695428e1	6.808401796057101e-2
131	45	2.402571240967206e1	3.761947930473331e-2
131	46	1.686822787712814e1	2.641228441890807e-2
131	47	1.295558347622937e1	2.028586275213008e-2
131	48	9.448422800929929e0	1.479434782041518e-2
131	49	1.263779468155438e0	1.978826880857903e-3
131	50	5.474898331937128e0	8.572600095342565e-3
131	51	3.003818417081786e0	4.703381229648518e-3
131	52	8.962460060957824e0	1.403342698162697e-2
131	53	9.657608277916172e0	1.512189060408584e-2
131	54	4.430665069089948e0	6.937538834675047e-3
131	55	1.527862288866675e0	2.392327968321290e-3
131	56	1.326802351818035e1	2.077508161447744e-2
131	57	2.394376702499825e0	3.749116915724258e-3
131	58	1.109595366886868e1	1.737405294355567e-2
131	59	8.009161028802147e0	1.254075061058352e-2
131	60	1.357841061764750e1	2.126108597787605e-2
131	61	1.784746806557568e1	2.794557947278689e-2
131	62	2.331459773181581e1	3.650601538529775e-2
131	63	2.822074618641647e1	4.418806647733935e-2
131	64	3.828644729282770e1	5.994894915184552e-2
131	65	6.106939034368210e1	9.562249922137429e-2
131	66	6.106939034368210e1	9.562249922137429e-2
131	67	3.828644729282770e1	5.994894915184552e-2
131	68	2.822074618641647e1	4.418806647733935e-2
131	69	2.331459773181581e1	3.650601538529775e-2
131	70	1.784746806557568e1	2.794557947278689e-2
131	71	1.357841061764750e1	2.126108597787605e-2
131	72	8.009161028802147e0	1.254075061058352e-2
131	73	1.109595366886868e1	1.737405294355567e-2
131	74	2.394376702499825e0	3.749116915724258e-3
131	75	1.326802351818035e1	2.077508161447744e-2
131	76	1.527862288866675e0	2.392327968321290e-3
131	77	4.430665069089948e0	6.937538834675047e-3
131	78	9.657608277916172e0	1.512189060408584e-2
131	79	8.962460060957824e0	1.403342698162697e-2
131	80	3.003818417081786e0	4.703381229648518e-3
131	81	5.474898331937128e0	8.572600095342565e-3
131	82	1.263779468155438e0	1.978826880857903e-3
131	83	9.448422800929929e0	1.479434782041518e-2
131	84	1.295558347622937e1	2.028586275213008e-2
131	85	1.686822787712814e1	2.641228441890807e-2
131	86	2.402571240967206e1	3.761947930473331e-2
131	87	4.348191589695428e1	6.808401796057101e-2
131	88	1.714329335049218e1	2.684298215249533e-2
131	89	4.633820047282686e0	7.255639058612572e-3
131	90	3.881178760170224e0	6.077152741885633e-3
131	91	4.778481791126391e0	7.482150530402439e-3
131	92	6.295191501203640e0	9.857015782122064e-3
131	93	1.282767410793779e1	2.008558216309790e-2
131	94	7.755382854386018e0	1.214338454635821e-2
131	95	1.543211207882759e1	2.416361317735858e-2
131	96	2.046032573926741e1	3.203679406428801e-2
131	97	2.411001501698376e1	3.775148039327631e-2
131	98	3.968587758227051e1	6.214017819489847e-2
131	99	4.172438396991152e0	6.533207309294757e-3
131	100	1.273247503940146e1	1.993651938703675e-2
131	101	1.606640471645205e1	2.515678908604265e-2
131	102	1.273923012519579e1	1.994709650566318e-2
131	103	1.935998882460386e1	3.031388566167367e-2
131	104	2.924705392503802e1	4.579505993813754e-2
131	105	6.550356558068970e0	1.025655342797235e-2
131	106	2.251936136245175e1	3.526083365542657e-2
131	107	2.809142701667911e1	4.398557842009941e-2
131	108	2.828543516607652e1	4.428935653234666e-2
131	109	4.213770628597035e1	6.597925349909028e-2
131	110	2.855792043679013e1	4.471601418260342e-2
131	111	3.067735654755616e1	4.803462890449484e-2
131	112	4.066334019178930e1	6.367068991429869e-2
131	113	3.413439447727953e1	5.344766160193740e-2
131	114	3.923225385374710e1	6.142989380556012e-2
131	115	3.733888724760928e1	5.846525889104243e-2
131	116	4.459795588457733e1	6.983151424712183e-2
131	117	4.366359783103938e1	6.836849567523003e-2
131	118	4.222171717382925e1	6.611079781308567e-2
131	119	5.595454377310194e1	8.761366845590801e-2
131	120	5.856338666961506e1	9.169859670615904e-2
131	121	5.426240060561559e1	8.496410935920161e-2
131	122	6.142367787449251e1	9.617724291454702e-2
131	123	6.613289704267126e1	1.035509419757010e-1
131	124	7.241427752011354e1	1.133863324460026e-1
131	125	7.926464731043328e1	1.241126468279627e-1
131	126	8.430976726094178e1	1.320122995971204e-1
131	127	9.468641395991344e1	1.482600611239480e-1
131	128	1.060567395054018e2	1.660637257667655e-1
131	129	1.224540929424607e2	1.917387146186884e-1
131	130	1.510400458770601e2	2.364986221083127e-1
132	1	1.525101050780725e2	2.366222513717695e-1
132	5	8.607457451896380e1	1.335462958216314e-1
132	7	7.451841912438175e1	1.156167067936243e-1
132	13	4.540285560348283e1	7.044337098911431e-2
132	17	4.030681249215033e1	6.253676576138986e-2
132	19	4.514074889897773e1	7.003670758482460e-2
132	23	3.157164679932053e1	4.898399447921986e-2
132	25	2.272875958098774e1	3.526409125603736e-2
132	29	1.806690899401167e1	2.803114376784051e-2
132	31	1.178689526963726e1	1.828758621572696e-2
132	35	1.832519980548104e1	2.843188674344358e-2
132	37	1.182374385653586e1	1.834475748045956e-2
132	41	3.511399691774303e0	5.448001626570475e-3
132	43	1.161170216087521e1	1.801577086422042e-2
132	47	1.265146133086402e1	1.962897646499846e-2
132	49	5.366684567111817e0	8.326510456615692e-3
132	53	1.910104261553400e1	2.963562122602985e-2
132	59	5.920377358340382e0	9.185575072443952e-3
132	61	1.114127844826066e1	1.728589976538053e-2
132	65	4.728931684091744e1	7.337025052210555e-2
132	67	4.728931684091744e1	7.337025052210555e-2
132	71	1.114127844826066e1	1.728589976538053e-2
132	73	5.920377358340382e0	9.185575072443952e-3
132	79	1.910104261553400e1	2.963562122602985e-2
132	83	5.366684567111817e0	8.326510456615692e-3
132	85	1.265146133086402e1	1.962897646499846e-2
132	89	1.161170216087521e1	1.801577086422042e-2
132	91	3.511399691774303e0	5.448001626570475e-3
132	95	1.182374385653586e1	1.834475748045956e-2
132	97	1.832519980548104e1	2.843188674344358e-2
132	101	1.178689526963726e1	1.828758621572696e-2
132	103	1.806690899401167e1	2.803114376784051e-2
132	107	2.272875958098774e1	3.526409125603736e-2
132	109	3.157164679932053e1	4.898399447921986e-2
132	113	4.514074889897773e1	7.003670758482460e-2
132	115	4.030681249215033e1	6.253676576138986e-2
132	119	4.540285560348283e1	7.044337098911431e-2
132	125	7.451841912438175e1	1.156167067936243e-1
132	127	8.607457451896380e1	1.335462958216314e-1
132	131	1.525101050780725e2	2.366222513717695e-1
133	1	1.539825758165710e2	2.367445958536569e-1
133	2	1.249553667062567e2	1.921159432081321e-1
133	3	1.079150192016440e2	1.659168089113328e-1
133	4	9.574650234396934e1	1.472079998767293e-1
133	5	8.719537232108632e1	1.340608381889609e-1
133	6	7.837247188771202e1	1.204958358743843e-1
133	8	6.857990420309200e1	1.054399929222140e-1
133	9	6.483192926823139e1	9.967756943684376e-2
133	10	5.878410598259440e1	9.037918309696297e-2
133	11	5.136407573591514e1	7.897106076457273e-2
133	12	4.731266836385682e1	7.274211702954235e-2
133	13	4.759901619843180e1	7.318237010370042e-2
133	15	4.804217174472290e1	7.386371135384272e-2
133	16	4.114331394151647e1	6.325687941970522e-2
133	17	4.282874582903953e1	6.584819138428642e-2
133	18	3.679664662048452e1	5.657398044382468e-2
133	20	3.589436060923907e1	5.518673688107788e-2
133	22	1.683666968878098e1	2.588598443592872e-2
133	23	3.179370132995019e1	4.888206949478052e-2
133	24	2.432311314168147e1	3.739621551395337e-2
133	25	2.606499916360645e1	4.007432438501814e-2
133	26	1.551436803501297e1	2.385297668191605e-2
133	27	3.505795055827683e1	5.390077606094667e-2
133	29	2.041328190657177e1	3.138494176623600e-2
133	30	1.949226443282171e1	2.996889901957578e-2
133	31	1.494521923004794e1	2.297792375402798e-2
133	32	9.613985430159412e0	1.478127692783469e-2
133	33	7.200836909026796e0	1.107111772091934e-2
133	34	2.878322130115097e1	4.425352711611174e-2
133	36	1.455301759884477e1	2.237492295228177e-2
133	37	1.474291385735770e1	2.266688399227191e-2
133	39	9.733251925777427e0	1.496464636528068e-2
133	40	1.323125464388468e1	2.034274343504131e-2
133	41	7.839057473839064e0	1.205236685823708e-2
133	43	8.543061954830778e0	1.313475722252147e-2
133	44	2.729399183551297e1	4.196387176967946e-2
133	45	3.467953971949687e1	5.331897827883706e-2
133	46	2.117581527354265e1	3.255731891885293e-2
133	47	1.818373922575286e1	2.795707222898575e-2
133	48	1.064356709092804e1	1.636423456368673e-2
133	50	1.513508773981237e1	2.326984213096864e-2
133	51	2.473926069709989e0	3.803603261209297e-3
133	52	1.526520765222764e0	2.346989844197596e-3
133	53	1.503585089407466e1	2.311726781005358e-2
133	54	7.253321302218581e0	1.115181124347487e-2
133	55	6.154883488111588e-1	9.462988888139596e-4
133	58	4.474711075968234e0	6.879763243497953e-3
133	59	1.456961073994624e1	2.240043451723111e-2
133	60	1.023949861522658e1	1.574298876707724e-2
133	61	1.216046815834687e1	1.869643434831589e-2
133	62	2.011194900601384e1	3.092164950487666e-2
133	64	2.977627020893800e1	4.578031650179532e-2
133	65	3.957222997330472e1	6.084137469695318e-2
133	66	6.232000468805622e1	9.581554435774102e-2
133	67	6.232000468805622e1	9.581554435774102e-2
133	68	3.957222997330472e1	6.084137469695318e-2
133	69	2.977627020893800e1	4.578031650179532e-2
133	71	2.011194900601384e1	3.092164950487666e-2
133	72	1.216046815834687e1	1.869643434831589e-2
133	73	1.023949861522658e1	1.574298876707724e-2
133	74	1.456961073994624e1	2.240043451723111e-2
133	75	4.474711075968234e0	6.879763243497953e-3
133	78	6.154883488111588e-1	9.462988888139596e-4
133	79	7.253321302218581e0	1.115181124347487e-2
133	80	1.503585089407466e1	2.311726781005358e-2
133	81	1.526520765222764e0	2.346989844197596e-3
133	82	2.473926069709989e0	3.803603261209297e-3
133	83	1.513508773981237e1	2.326984213096864e-2
133	85	1.064356709092804e1	1.636423456368673e-2
133	86	1.818373922575286e1	2.795707222898575e-2
133	87	2.117581527354265e1	3.255731891885293e-2
133	88	3.467953971949687e1	5.331897827883706e-2
133	89	2.729399183551297e1	4.196387176967946e-2
133	90	8.543061954830778e0	1.313475722252147e-2
133	92	7.839057473839064e0	1.205236685823708e-2
133	93	1.323125464388468e1	2.034274343504131e-2
133	94	9.733251925777427e0	1.496464636528068e-2
133	96	1.474291385735770e1	2.266688399227191e-2
133	97	1.455301759884477e1	2.237492295228177e-2
133	99	2.878322130115097e1	4.425352711611174e-2
133	100	7.200836909026796e0	1.107111772091934e-2
133	101	9.613985430159412e0	1.478127692783469e-2
133	102	1.494521923004794e1	2.297792375402798e-2
133	103	1.949226443282171e1	2.996889901957578e-2
133	104	2.041328190657177e1	3.138494176623600e-2
133	106	3.505795055827683e1	5.390077606094667e-2
133	107	1.551436803501297e1	2.385297668191605e-2
133	108	2.606499916360645e1	4.007432438501814e-2
133	109	2.432311314168147e1	3.739621551395337e-2
133	110	3.179370132995019e1	4.888206949478052e-2
133	111	1.683666968878098e1	2.588598443592872e-2
133	113	3.589436060923907e1	5.518673688107788e-2
133	115	3.679664662048452e1	5.657398044382468e-2
133	116	4.282874582903953e1	6.584819138428642e-2
133	117	4.114331394151647e1	6.325687941970522e-2
133	118	4.804217174472290e1	7.386371135384272e-2
133	120	4.759901619843180e1	7.318237010370042e-2
133	121	4.731266836385682e1	7.274211702954235e-2
133	122	5.136407573591514e1	7.897106076457273e-2
133	123	5.878410598259440e1	9.037918309696297e-2
133	124	6.483192926823139e1	9.967756943684376e-2
133	125	6.857990420309200e1	1.054399929222140e-1
133	127	7.837247188771202e1	1.204958358743843e-1
133	128	8.719537232108632e1	1.340608381889609e-1
133	129	9.574650234396934e1	1.472079998767293e-1
133	130	1.079150192016440e2	1.659168089113328e-1
133	131	1.249553667062567e2	1.921159432081321e-1
133	132	1.539825758165710e2	2.367445958536569e-1
134	1	1.554574399592233e2	2.368656788164152e-1
134	3	1.094250763777384e2	1.667275943985035e-1
134	5	8.897177092469241e1	1.355635273622394e-1
134	7	7.251210083615358e1	1.104844386442042e-1
134	9	6.730477994683135e1	1.025502053415862e-1
134	11	5.417287126393902e1	8.254152344675789e-2
134	13	4.942675247002948e1	7.531000946995751e-2
134	15	5.169682355032134e1	7.876884635506179e-2
134	17	4.512478901564277e1	6.875524120583326e-2
134	19	2.520442639675541e1	3.840320263354265e-2
134	21	3.097876194454608e1	4.720137858189195e-2
134	23	3.405342458184371e1	5.188614666314944e-2
134	25	2.345373920131797e1	3.573573486196951e-2
134	27	4.123876454415543e1	6.283422626709832e-2
134	29	2.219194441235641e1	3.381317728419909e-2
134	31	2.008006166514322e1	3.059536705504222e-2
134	33	1.859619972203014e-2	2.833445264324233e-5
134	35	2.347050790865083e1	3.576128482115007e-2
134	37	1.502960790580226e1	2.290014733219720e-2
134	39	1.235251640151870e1	1.882114605324836e-2
134	41	4.207583613370023e0	6.410964628126729e-3
134	43	5.212246862564108e0	7.941738855237907e-3
134	45	4.479709176212411e1	6.825593906615225e-2
134	47	1.835891559998401e1	2.797291018727781e-2
134	49	1.115554211127650e1	1.699735345857818e-2
134	51	4.593676779818781e0	6.999242808838135e-3
134	53	5.766800085611646e0	8.786694398384896e-3
134	55	3.431764657807181e0	5.228873352236449e-3
134	57	7.285109775623419e0	1.110009577352984e-2
134	59	6.329933127712762e0	9.644722745669023e-3
134	61	6.761064375080389e0	1.030162405314898e-2
134	63	2.213718060281684e1	3.372973536643327e-2
134	65	3.335563632786787e1	5.082294834667477e-2
134	69	3.335563632786787e1	5.082294834667477e-2
134	71	2.213718060281684e1	3.372973536643327e-2
134	73	6.761064375080389e0	1.030162405314898e-2
134	75	6.329933127712762e0	9.644722745669023e-3
134	77	7.285109775623419e0	1.110009577352984e-2
134	79	3.431764657807181e0	5.228873352236449e-3
134	81	5.766800085611646e0	8.786694398384896e-3
134	83	4.593676779818781e0	6.999242808838135e-3
134	85	1.115554211127650e1	1.699735345857818e-2
134	87	1.835891559998401e1	2.797291018727781e-2
134	89	4.479709176212411e1	6.825593906615225e-2
134	91	5.212246862564108e0	7.941738855237907e-3
134	93	4.207583613370023e0	6.410964628126729e-3
134	95	1.235251640151870e1	1.882114605324836e-2
134	97	1.502960790580226e1	2.290014733219720e-2
134	99	2.347050790865083e1	3.576128482115007e-2
134	101	1.859619972203014e-2	2.833445264324233e-5
134	103	2.008006166514322e1	3.059536705504222e-2
134	105	2.219194441235641e1	3.381317728419909e-2
134	107	4.123876454415543e1	6.283422626709832e-2
134	109	2.345373920131797e1	3.573573486196951e-2
134	111	3.405342458184371e1	5.188614666314944e-2
134	113	3.097876194454608e1	4.720137858189195e-2
134	115	2.520442639675541e1	3.840320263354265e-2
134	117	4.512478901564277e1	6.875524120583326e-2
134	119	5.169682355032134e1	7.876884635506179e-2
134	121	4.942675247002948e1	7.531000946995751e-2
134	123	5.417287126393902e1	8.254152344675789e-2
134	125	6.730477994683135e1	1.025502053415862e-1
134	127	7.251210083615358e1	1.104844386442042e-1
134	129	8.897177092469241e1	1.355635273622394e-1
134	131	1.094250763777384e2	1.667275943985035e-1
134	133	1.554574399592233e2	2.368656788164152e-1
135	1	1.569346796433768e2	2.369855229271229e-1
135	2	1.274662139122174e2	1.924854814001095e-1
135	4	9.881602423040191e1	1.492211105221405e-1
135	7	7.460587063916265e1	1.126615946649458e-1
135	8	7.222467466034432e1	1.090657739354896e-1
135	11	5.579424729346795e1	8.425434646577012e-2
135	13	5.014092071140607e1	7.571731335510112e-2
135	14	4.907406282974173e1	7.410626171533811e-2
135	16	4.315587768555746e1	6.516926828366845e-2
135	17	4.919210091367420e1	7.428450986998193e-2
135	19	2.956370339790278e1	4.464385899493589e-2
135	22	2.494840383450677e1	3.767434032014573e-2
135	23	3.605753824080698e1	5.445013539952133e-2
135	26	2.096771154821890e1	3.166313588004600e-2
135	28	2.808834513087357e1	4.241593492352413e-2
135	29	2.609656877976878e1	3.940817296043807e-2
135	31	1.532996867181611e1	2.314963557068742e-2
135	32	1.317052991585036e1	1.988868825187575e-2
135	34	4.121819082022776e1	6.224318632337335e-2
135	37	1.777912727179945e1	2.684808598883252e-2
135	38	1.022947024912825e1	1.544742284985074e-2
135	41	6.580543340738695e0	9.937214058061587e-3
135	43	1.435647639005882e0	2.167957440904982e-3
135	44	1.257950109889081e1	1.899618142310822e-2
135	46	2.951529397485109e1	4.457075639924081e-2
135	47	2.144819801275016e1	3.238871378491128e-2
135	49	5.899962367458701e0	8.909475394985171e-3
135	52	7.386615887393265e0	1.115445631719913e-2
135	53	2.693532433512645e0	4.067476951096573e-3
135	56	1.153951655969339e-1	1.742571095464395e-4
135	58	7.099981001359837e0	1.072161178270777e-2
135	59	7.712428406420750e0	1.164646261162298e-2
135	61	1.074949635820202e1	1.623270918474278e-2
135	62	1.448510174146119e1	2.187381029262281e-2
135	64	2.086807523550947e1	3.151267605992446e-2
135	67	6.357540642124533e1	9.600459866665961e-2
135	68	6.357540642124533e1	9.600459866665961e-2
135	71	2.086807523550947e1	3.151267605992446e-2
135	73	1.448510174146119e1	2.187381029262281e-2
135	74	1.074949635820202e1	1.623270918474278e-2
135	76	7.712428406420750e0	1.164646261162298e-2
135	77	7.099981001359837e0	1.072161178270777e-2
135	79	1.153951655969339e-1	1.742571095464395e-4
135	82	2.693532433512645e0	4.067476951096573e-3
135	83	7.386615887393265e0	1.115445631719913e-2
135	86	5.899962367458701e0	8.909475394985171e-3
135	88	2.144819801275016e1	3.238871378491128e-2
135	89	2.951529397485109e1	4.457075639924081e-2
135	91	1.257950109889081e1	1.899618142310822e-2
135	92	1.435647639005882e0	2.167957440904982e-3
135	94	6.580543340738695e0	9.937214058061587e-3
135	97	1.022947024912825e1	1.544742284985074e-2
135	98	1.777912727179945e1	2.684808598883252e-2
135	101	4.121819082022776e1	6.224318632337335e-2
135	103	1.317052991585036e1	1.988868825187575e-2
135	104	1.532996867181611e1	2.314963557068742e-2
135	106	2.609656877976878e1	3.940817296043807e-2
135	107	2.808834513087357e1	4.241593492352413e-2
135	109	2.096771154821890e1	3.166313588004600e-2
135	112	3.605753824080698e1	5.445013539952133e-2
135	113	2.494840383450677e1	3.767434032014573e-2
135	116	2.956370339790278e1	4.464385899493589e-2
135	118	4.919210091367420e1	7.428450986998193e-2
135	119	4.315587768555746e1	6.516926828366845e-2
135	121	4.907406282974173e1	7.410626171533811e-2
135	122	5.014092071140607e1	7.571731335510112e-2
135	124	5.579424729346795e1	8.425434646577012e-2
135	127	7.222467466034432e1	1.090657739354896e-1
135	128	7.460587063916265e1	1.126615946649458e-1
135	131	9.881602423040191e1	1.492211105221405e-1
135	133	1.274662139122174e2	1.924854814001095e-1
135	134	1.569346796433768e2	2.369855229271229e-1
136	1	1.584142772710419e2	2.371041502770964e-1
136	3	1.112976613261865e2	1.665830749044325e-1
136	5	8.912254763246273e1	1.333928121312581e-1
136	7	7.625178251522495e1	1.141286909983038e-1
136	9	6.284134489732855e1	9.405682329161338e-2
136	11	5.689226504522520e1	8.515262887452717e-2
136	13	5.260749775407638e1	7.873946886645099e-2
136	15	3.846177149528209e1	5.756706911547891e-2
136	19	3.239691912924167e1	4.848959395618076e-2
136	21	3.673429992089447e1	5.498150241764764e-2
136	23	3.906015811163466e1	5.846269514522565e-2
136	25	2.792542215897804e1	4.179694915253733e-2
136	27	6.478740892661084e0	9.696956490806709e-3
136	29	2.211863614123067e1	3.310573085897891e-2
136	31	1.852025330240859e1	2.771990629778224e-2
136	33	7.668898684129730e0	1.147830698965738e-2
136	35	2.733003879718101e1	4.090581819818229e-2
136	37	1.070604950919711e1	1.602411610513804e-2
136	39	2.251026872195636e1	3.369190094335150e-2
136	41	1.064684690489584e1	1.593550551126445e-2
136	43	1.063538270270195e0	1.591834664170664e-3
136	45	2.822903781918412e1	4.225138125527522e-2
136	47	2.278374423204083e1	3.410122123668107e-2
136	49	1.303163983701483e1	1.950490791297753e-2
136	53	1.540485550221085e0	2.305698221722623e-3
136	55	1.073536344365779e1	1.606799128887345e-2
136	57	1.216346346287517e0	1.820547818336524e-3
136	59	2.527379650963722e0	3.782816895626624e-3
136	61	7.655001559621080e0	1.145750668077941e-2
136	63	1.520299979080553e1	2.275485776382580e-2
136	65	2.756432437773209e1	4.125648156297293e-2
136	67	4.935888968255519e1	7.387716434661619e-2
136	69	4.935888968255519e1	7.387716434661619e-2
136	71	2.756432437773209e1	4.125648156297293e-2
136	73	1.520299979080553e1	2.275485776382580e-2
136	75	7.655001559621080e0	1.145750668077941e-2
136	77	2.527379650963722e0	3.782816895626624e-3
136	79	1.216346346287517e0	1.820547818336524e-3
136	81	1.073536344365779e1	1.606799128887345e-2
136	83	1.540485550221085e0	2.305698221722623e-3
136	87	1.303163983701483e1	1.950490791297753e-2
136	89	2.278374423204083e1	3.410122123668107e-2
136	91	2.822903781918412e1	4.225138125527522e-2
136	93	1.063538270270195e0	1.591834664170664e-3
136	95	1.064684690489584e1	1.593550551126445e-2
136	97	2.251026872195636e1	3.369190094335150e-2
136	99	1.070604950919711e1	1.602411610513804e-2
136	101	2.733003879718101e1	4.090581819818229e-2
136	103	7.668898684129730e0	1.147830698965738e-2
136	105	1.852025330240859e1	2.771990629778224e-2
136	107	2.211863614123067e1	3.310573085897891e-2
136	109	6.478740892661084e0	9.696956490806709e-3
136	111	2.792542215897804e1	4.179694915253733e-2
136	113	3.906015811163466e1	5.846269514522565e-2
136	115	3.673429992089447e1	5.498150241764764e-2
136	117	3.239691912924167e1	4.848959395618076e-2
136	121	3.846177149528209e1	5.756706911547891e-2
136	123	5.260749775407638e1	7.873946886645099e-2
136	125	5.689226504522520e1	8.515262887452717e-2
136	127	6.284134489732855e1	9.405682329161338e-2
136	129	7.625178251522495e1	1.141286909983038e-1
136	131	8.912254763246273e1	1.333928121312581e-1
136	133	1.112976613261865e2	1.665830749044325e-1
136	135	1.584142772710419e2	2.371041502770964e-1
137	1	1.598962155030531e2	2.372215824007037e-1
137	2	1.299864927254106e2	1.928476005390552e-1
137	3	1.128147929390937e2	1.673717143024473e-1
137	4	9.989511269033444e1	1.482041124734767e-1
137	5	9.089936069098403e1	1.348580397258734e-1
137	6	8.469882488824462e1	1.256589419846891e-1
137	7	7.676396084281431e1	1.138867996668149e-1
137	8	6.903444989957062e1	1.024193186425075e-1
137	9	6.529056530350076e1	9.686490182650503e-2
137	10	6.290454360665677e1	9.332500664645346e-2
137	11	5.944366876321176e1	8.819046231549564e-2
137	12	5.501188463178889e1	8.161547965435575e-2
137	13	5.039882825962506e1	7.477156199898474e-2
137	14	5.131906077996561e1	7.613681641707699e-2
137	15	4.204120023069393e1	6.237220820626373e-2
137	16	4.308608845223542e1	6.392240147735585e-2
137	17	3.268651918774662e1	4.849362932382950e-2
137	18	3.938514256042455e1	5.843168840404992e-2
137	19	3.364682545112281e1	4.991833703608337e-2
137	20	4.050711323472977e1	6.009624098854049e-2
137	21	2.962103385441315e1	4.394568377482663e-2
137	22	2.872215834697933e1	4.261211456192293e-2
137	23	4.439038031566791e1	6.585744527299786e-2
137	24	3.069075013690129e1	4.553271188836438e-2
137	25	3.228271875315763e1	4.789455211761844e-2
137	26	2.247547453943071e1	3.334455176863568e-2
137	27	1.244952551439745e1	1.847008156742087e-2
137	28	3.269844255573710e1	4.851131879955191e-2
137	29	2.501947121948751e1	3.711881819618403e-2
137	30	2.023344454890709e1	3.001828228521759e-2
137	31	1.973855711685227e1	2.928406866188125e-2
137	32	1.616284670617895e1	2.397915460148312e-2
137	33	9.428907639195771e0	1.398870125501748e-2
137	34	7.737903803551195e0	1.147993264861099e-2
137	35	3.035536440328586e1	4.503513454300591e-2
137	36	1.940446183230765e1	2.878840582318964e-2
137	37	1.568986107634951e1	2.327743443125939e-2
137	38	1.147274789948711e1	1.702093700365732e-2
137	39	1.272838796709885e0	1.888380112978728e-3
137	40	1.312634368084875e1	1.947420712435162e-2
137	41	1.847645382936003e0	2.741161572063997e-3
137	42	3.078365043068204e0	4.567053850687955e-3
137	43	1.387779892336308e0	2.058906404058144e-3
137	44	6.457596795126292e0	9.580472717419141e-3
137	45	1.856983358955562e1	2.755015367420006e-2
137	46	4.611939652257433e1	6.842260892811244e-2
137	47	2.678029527904479e1	3.973117189338227e-2
137	48	2.033209303945093e1	3.016463691252772e-2
137	49	1.728593057029621e1	2.564535871129524e-2
137	50	1.327373049218193e1	1.969286978937751e-2
137	51	4.550902636090226e0	6.751706544700826e-3
137	52	8.011302767585171e0	1.188554659432451e-2
137	53	2.448511100886773e0	3.632604286791006e-3
137	54	3.335810975886058e0	4.948999923479844e-3
137	55	2.014617348619268e1	2.988880717831921e-2
137	56	3.492529207863166e0	5.181506658324610e-3
137	57	4.323160764665677e0	6.413829335110473e-3
137	58	3.410224912267492e0	5.059400233365426e-3
137	59	3.016615882966157e0	4.475442967808477e-3
137	60	2.972396302369842e0	4.409838920525989e-3
137	61	8.989380938393459e-1	1.333662065921567e-3
137	62	1.239178723484625e1	1.838442121581631e-2
137	63	1.538037797218511e1	2.281828615520304e-2
137	64	1.520909171770951e1	2.256416634253357e-2
137	65	2.273619321051404e1	3.373135326685259e-2
137	66	2.948622597966529e1	4.374568318527451e-2
137	67	4.100363584706437e1	6.083288056081040e-2
137	68	6.483552459654213e1	9.618980469414420e-2
137	69	6.483552459654213e1	9.618980469414420e-2
137	70	4.100363584706437e1	6.083288056081040e-2
137	71	2.948622597966529e1	4.374568318527451e-2
137	72	2.273619321051404e1	3.373135326685259e-2
137	73	1.520909171770951e1	2.256416634253357e-2
137	74	1.538037797218511e1	2.281828615520304e-2
137	75	1.239178723484625e1	1.838442121581631e-2
137	76	8.989380938393459e-1	1.333662065921567e-3
137	77	2.972396302369842e0	4.409838920525989e-3
137	78	3.016615882966157e0	4.475442967808477e-3
137	79	3.410224912267492e0	5.059400233365426e-3
137	80	4.323160764665677e0	6.413829335110473e-3
137	81	3.492529207863166e0	5.181506658324610e-3
137	82	2.014617348619268e1	2.988880717831921e-2
137	83	3.335810975886058e0	4.948999923479844e-3
137	84	2.448511100886773e0	3.632604286791006e-3
137	85	8.011302767585171e0	1.188554659432451e-2
137	86	4.550902636090226e0	6.751706544700826e-3
137	87	1.327373049218193e1	1.969286978937751e-2
137	88	1.728593057029621e1	2.564535871129524e-2
137	89	2.033209303945093e1	3.016463691252772e-2
137	90	2.678029527904479e1	3.973117189338227e-2
137	91	4.611939652257433e1	6.842260892811244e-2
137	92	1.856983358955562e1	2.755015367420006e-2
137	93	6.457596795126292e0	9.580472717419141e-3
137	94	1.387779892336308e0	2.058906404058144e-3
137	95	3.078365043068204e0	4.567053850687955e-3
137	96	1.847645382936003e0	2.741161572063997e-3
137	97	1.312634368084875e1	1.947420712435162e-2
137	98	1.272838796709885e0	1.888380112978728e-3
137	99	1.147274789948711e1	1.702093700365732e-2
137	100	1.568986107634951e1	2.327743443125939e-2
137	101	1.940446183230765e1	2.878840582318964e-2
137	102	3.035536440328586e1	4.503513454300591e-2
137	103	7.737903803551195e0	1.147993264861099e-2
137	104	9.428907639195771e0	1.398870125501748e-2
137	105	1.616284670617895e1	2.397915460148312e-2
137	106	1.973855711685227e1	2.928406866188125e-2
137	107	2.023344454890709e1	3.001828228521759e-2
137	108	2.501947121948751e1	3.711881819618403e-2
137	109	3.269844255573710e1	4.851131879955191e-2
137	110	1.244952551439745e1	1.847008156742087e-2
137	111	2.247547453943071e1	3.334455176863568e-2
137	112	3.228271875315763e1	4.789455211761844e-2
137	113	3.069075013690129e1	4.553271188836438e-2
137	114	4.439038031566791e1	6.585744527299786e-2
137	115	2.872215834697933e1	4.261211456192293e-2
137	116	2.962103385441315e1	4.394568377482663e-2
137	117	4.050711323472977e1	6.009624098854049e-2
137	118	3.364682545112281e1	4.991833703608337e-2
137	119	3.938514256042455e1	5.843168840404992e-2
137	120	3.268651918774662e1	4.849362932382950e-2
137	121	4.308608845223542e1	6.392240147735585e-2
137	122	4.204120023069393e1	6.237220820626373e-2
137	123	5.131906077996561e1	7.613681641707699e-2
137	124	5.039882825962506e1	7.477156199898474e-2
137	125	5.501188463178889e1	8.161547965435575e-2
137	126	5.944366876321176e1	8.819046231549564e-2
137	127	6.290454360665677e1	9.332500664645346e-2
137	128	6.529056530350076e1	9.686490182650503e-2
137	129	6.903444989957062e1	1.024193186425075e-1
137	130	7.676396084281431e1	1.138867996668149e-1
137	131	8.469882488824462e1	1.256589419846891e-1
137	132	9.089936069098403e1	1.348580397258734e-1
137	133	9.989511269033444e1	1.482041124734767e-1
137	134	1.128147929390937e2	1.673717143024473e-1
137	135	1.299864927254106e2	1.928476005390552e-1
137	136	1.598962155030531e2	2.372215824007037e-1
138	1	1.613804772534008e2	2.373378402934289e-1
138	5	9.203195108030609e1	1.353488654832321e-1
138	7	7.841924944554076e1	1.153290386643970e-1
138	11	5.825966472595570e1	8.568089051171894e-2
138	13	5.286580571699219e1	7.774829005209502e-2
138	17	3.665928701325801e1	5.391380763338428e-2
138	19	3.481400871529847e1	5.120000746726894e-2
138	25	2.234262518267260e1	3.285868586827063e-2
138	29	2.416966320942606e1	3.554566056795969e-2
138	31	2.247897303543772e1	3.305920891451933e-2
138	35	3.483749103916972e1	5.123454227672996e-2
138	37	1.831376930367404e1	2.693355806192780e-2
138	41	7.345630429326634e0	1.080301713913377e-2
138	43	1.158623526180202e0	1.703955832185218e-3
138	47	3.087507226395024e1	4.540712169615965e-2
138	49	1.572524256071940e1	2.312668279937685e-2
138	53	1.138504833607816e-1	1.674367822991516e-4
138	55	1.592269253715092e1	2.341706706251583e-2
138	59	1.430075328582169e1	2.103172550479337e-2
138	61	9.797599463193897e0	1.440906072550046e-2
138	65	1.850707778444264e1	2.721785154102059e-2
138	67	3.599315959744366e1	5.293415231868735e-2
138	71	3.599315959744366e1	5.293415231868735e-2
138	73	1.850707778444264e1	2.721785154102059e-2
138	77	9.797599463193897e0	1.440906072550046e-2
138	79	1.430075328582169e1	2.103172550479337e-2
138	83	1.592269253715092e1	2.341706706251583e-2
138	85	1.138504833607816e-1	1.674367822991516e-4
138	89	1.572524256071940e1	2.312668279937685e-2
138	91	3.087507226395024e1	4.540712169615965e-2
138	95	1.158623526180202e0	1.703955832185218e-3
138	97	7.345630429326634e0	1.080301713913377e-2
138	101	1.831376930367404e1	2.693355806192780e-2
138	103	3.483749103916972e1	5.123454227672996e-2
138	107	2.247897303543772e1	3.305920891451933e-2
138	109	2.416966320942606e1	3.554566056795969e-2
138	113	2.234262518267260e1	3.285868586827063e-2
138	119	3.481400871529847e1	5.120000746726894e-2
138	121	3.665928701325801e1	5.391380763338428e-2
138	125	5.286580571699219e1	7.774829005209502e-2
138	127	5.825966472595570e1	8.568089051171894e-2
138	131	7.841924944554076e1	1.153290386643970e-1
138	133	9.203195108030609e1	1.353488654832321e-1
138	137	1.613804772534008e2	2.373378402934289e-1
139	1	1.628670456837268e2	2.374529444292223e-1
139	2	1.325160654523339e2	1.932025585270149e-1
139	3	1.147013687730431e2	1.672295192123234e-1
139	4	1.029833631891981e2	1.501451856871400e-1
139	5	9.381993395121300e1	1.367853114136559e-1
139	6	8.383492713402913e1	1.222276133911205e-1
139	7	8.053945369930462e1	1.174229589745162e-1
139	8	7.266528445926717e1	1.059427687179078e-1
139	9	6.871079439168425e1	1.001772972173862e-1
139	10	6.751118123560772e1	9.842831432836420e-2
139	11	6.081586395371613e1	8.866683805304508e-2
139	12	5.639682233990388e1	8.222407095826609e-2
139	13	5.360125800361111e1	7.814826188217398e-2
139	14	5.675083235357555e1	8.274020189040694e-2
139	15	4.543248859418290e1	6.623855761702259e-2
139	16	4.513526769755445e1	6.580522270415524e-2
139	17	3.890222945319678e1	5.671772880599239e-2
139	18	4.210965375686561e1	6.139401148640027e-2
139	19	3.835572698339580e1	5.592095239215553e-2
139	20	4.785829131954153e1	6.977527062930013e-2
139	21	3.536674464118853e1	5.156314842374359e-2
139	22	3.314396504599126e1	4.832243414983372e-2
139	23	1.727357524134182e1	2.518410820714085e-2
139	24	3.436829859840123e1	5.010745828263338e-2
139	25	2.666385821671807e1	3.887472518963751e-2
139	26	2.231685955501554e1	3.253699353055402e-2
139	27	1.801667813855303e1	2.626751934299053e-2
139	28	4.309908636811792e1	6.283656044324937e-2
139	29	2.890566203195285e1	4.214317593438723e-2
139	30	2.370172375133724e1	3.455606423740391e-2
139	31	2.782885647618046e1	4.057324109138389e-2
139	32	1.333922383340465e1	1.944799798108497e-2
139	33	1.245150557164849e1	1.815374404412262e-2
139	34	4.181935837839537e0	6.097077367249767e-3
139	35	4.275994138511576e1	6.234210206792742e-2
139	36	2.438049663779374e1	3.554568506469397e-2
139	37	1.612355358303408e1	2.350742752704282e-2
139	38	2.119126855980271e1	3.089593167599487e-2
139	39	1.130270100957559e1	1.647883783646866e-2
139	40	1.880122964279493e1	2.741136071345648e-2
139	41	1.089072766548390e1	1.587819893391933e-2
139	42	9.016056598078928e0	1.314501148692642e-2
139	43	4.438456310992668e0	6.471072864011422e-3
139	44	4.781695588468843e-1	6.971500539471002e-4
139	45	8.538489880926965e0	1.244874034948992e-2
139	46	2.917110778793599e1	4.253018409849943e-2
139	47	3.688531217490374e1	5.377715267906440e-2
139	48	2.375887960168205e1	3.463939493760022e-2
139	49	1.468272594953627e1	2.140676460562269e-2
139	50	1.168965353839088e1	1.704299749771746e-2
139	51	1.080390773626423e1	1.575161931959772e-2
139	52	1.665732366682470e0	2.428564068558714e-3
139	53	7.397819966679484e0	1.078569409834179e-2
139	54	5.789686091742086e-1	8.441106081550531e-4
139	55	6.690994725232225e0	9.755174179017695e-3
139	56	1.449279253746097e1	2.112985009689912e-2
139	57	3.510922829780888e0	5.118770099226696e-3
139	58	4.396215669615829e0	6.409487878372356e-3
139	59	5.312038586582148e0	7.744717158773923e-3
139	60	4.365492335567923e-1	6.364694617085326e-4
139	61	6.191049513132435e0	9.026276186375781e-3
139	62	4.222176068980482e0	6.155745843299153e-3
139	63	1.443405035825878e1	2.104420659943655e-2
139	64	1.682486920091604e1	2.452991465905389e-2
139	65	1.742632821828895e1	2.540681528698107e-2
139	66	2.416484349379431e1	3.523127232513016e-2
139	67	3.104258771641218e1	4.525871900616776e-2
139	68	4.230357270571972e1	6.167673673135526e-2
139	69	6.610029033963708e1	9.637129784531710e-2
139	70	6.610029033963708e1	9.637129784531710e-2
139	71	4.230357270571972e1	6.167673673135526e-2
139	72	3.104258771641218e1	4.525871900616776e-2
139	73	2.416484349379431e1	3.523127232513016e-2
139	74	1.742632821828895e1	2.540681528698107e-2
139	75	1.682486920091604e1	2.452991465905389e-2
139	76	1.443405035825878e1	2.104420659943655e-2
139	77	4.222176068980482e0	6.155745843299153e-3
139	78	6.191049513132435e0	9.026276186375781e-3
139	79	4.365492335567923e-1	6.364694617085326e-4
139	80	5.312038586582148e0	7.744717158773923e-3
139	81	4.396215669615829e0	6.409487878372356e-3
139	82	3.510922829780888e0	5.118770099226696e-3
139	83	1.449279253746097e1	2.112985009689912e-2
139	84	6.690994725232225e0	9.755174179017695e-3
139	85	5.789686091742086e-1	8.441106081550531e-4
139	86	7.397819966679484e0	1.078569409834179e-2
139	87	1.665732366682470e0	2.428564068558714e-3
139	88	1.080390773626423e1	1.575161931959772e-2
139	89	1.168965353839088e1	1.704299749771746e-2
139	90	1.468272594953627e1	2.140676460562269e-2
139	91	2.375887960168205e1	3.463939493760022e-2
139	92	3.688531217490374e1	5.377715267906440e-2
139	93	2.917110778793599e1	4.253018409849943e-2
139	94	8.538489880926965e0	1.244874034948992e-2
139	95	4.781695588468843e-1	6.971500539471002e-4
139	96	4.438456310992668e0	6.471072864011422e-3
139	97	9.016056598078928e0	1.314501148692642e-2
139	98	1.089072766548390e1	1.587819893391933e-2
139	99	1.880122964279493e1	2.741136071345648e-2
139	100	1.130270100957559e1	1.647883783646866e-2
139	101	2.119126855980271e1	3.089593167599487e-2
139	102	1.612355358303408e1	2.350742752704282e-2
139	103	2.438049663779374e1	3.554568506469397e-2
139	104	4.275994138511576e1	6.234210206792742e-2
139	105	4.181935837839537e0	6.097077367249767e-3
139	106	1.245150557164849e1	1.815374404412262e-2
139	107	1.333922383340465e1	1.944799798108497e-2
139	108	2.782885647618046e1	4.057324109138389e-2
139	109	2.370172375133724e1	3.455606423740391e-2
139	110	2.890566203195285e1	4.214317593438723e-2
139	111	4.309908636811792e1	6.283656044324937e-2
139	112	1.801667813855303e1	2.626751934299053e-2
139	113	2.231685955501554e1	3.253699353055402e-2
139	114	2.666385821671807e1	3.887472518963751e-2
139	115	3.436829859840123e1	5.010745828263338e-2
139	116	1.727357524134182e1	2.518410820714085e-2
139	117	3.314396504599126e1	4.832243414983372e-2
139	118	3.536674464118853e1	5.156314842374359e-2
139	119	4.785829131954153e1	6.977527062930013e-2
139	120	3.835572698339580e1	5.592095239215553e-2
139	121	4.210965375686561e1	6.139401148640027e-2
139	122	3.890222945319678e1	5.671772880599239e-2
139	123	4.513526769755445e1	6.580522270415524e-2
139	124	4.543248859418290e1	6.623855761702259e-2
139	125	5.675083235357555e1	8.274020189040694e-2
139	126	5.360125800361111e1	7.814826188217398e-2
139	127	5.639682233990388e1	8.222407095826609e-2
139	128	6.081586395371613e1	8.866683805304508e-2
139	129	6.751118123560772e1	9.842831432836420e-2
139	130	6.871079439168425e1	1.001772972173862e-1
139	131	7.266528445926717e1	1.059427687179078e-1
139	132	8.053945369930462e1	1.174229589745162e-1
139	133	8.383492713402913e1	1.222276133911205e-1
139	134	9.381993395121300e1	1.367853114136559e-1
139	135	1.029833631891981e2	1.501451856871400e-1
139	136	1.147013687730431e2	1.672295192123234e-1
139	137	1.325160654523339e2	1.932025585270149e-1
139	138	1.628670456837268e2	2.374529444292223e-1
140	1	1.643559041979783e2	2.375669147771703e-1
140	3	1.162254209934739e2	1.679970964160652e-1
140	9	6.844588847515026e1	9.893455689086060e-2
140	11	6.193440720615152e1	8.952258886175958e-2
140	13	5.546263460343602e1	8.016801740374530e-2
140	17	4.139854082588968e1	5.983918660102697e-2
140	19	3.760946503374866e1	5.436229758880446e-2
140	23	2.244575563456969e1	3.244403626366711e-2
140	27	2.060530334431473e1	2.978376935981575e-2
140	29	3.026498031058286e1	4.374627144222431e-2
140	31	1.328866905527206e1	1.920799939838529e-2
140	33	1.685272094126469e1	2.435962942222132e-2
140	37	2.090654872760083e1	3.021920206694831e-2
140	39	1.392865988877744e1	2.013306898163797e-2
140	41	1.135857288493666e1	1.641815747182155e-2
140	43	7.087317855818929e-1	1.024430637443911e-3
140	47	4.744867396285018e1	6.858430269741914e-2
140	51	1.644043408381873e1	2.376369271277017e-2
140	53	9.094970541393472e0	1.314625173979405e-2
140	57	5.792999429573698e0	8.373444255047694e-3
140	59	6.482616844134936e-1	9.370246179221814e-4
140	61	4.759152598472003e0	6.879078699909912e-3
140	67	2.625983919163701e1	3.795707254779937e-2
140	69	5.144718822682623e1	7.436392285783065e-2
140	71	5.144718822682623e1	7.436392285783065e-2
140	73	2.625983919163701e1	3.795707254779937e-2
140	79	4.759152598472003e0	6.879078699909912e-3
140	81	6.482616844134936e-1	9.370246179221814e-4
140	83	5.792999429573698e0	8.373444255047694e-3
140	87	9.094970541393472e0	1.314625173979405e-2
140	89	1.644043408381873e1	2.376369271277017e-2
140	93	4.744867396285018e1	6.858430269741914e-2
140	97	7.087317855818929e-1	1.024430637443911e-3
140	99	1.135857288493666e1	1.641815747182155e-2
140	101	1.392865988877744e1	2.013306898163797e-2
140	103	2.090654872760083e1	3.021920206694831e-2
140	107	1.685272094126469e1	2.435962942222132e-2
140	109	1.328866905527206e1	1.920799939838529e-2
140	111	3.026498031058286e1	4.374627144222431e-2
140	113	2.060530334431473e1	2.978376935981575e-2
140	117	2.244575563456969e1	3.244403626366711e-2
140	121	3.760946503374866e1	5.436229758880446e-2
140	123	4.139854082588968e1	5.983918660102697e-2
140	127	5.546263460343602e1	8.016801740374530e-2
140	129	6.193440720615152e1	8.952258886175958e-2
140	131	6.844588847515026e1	9.893455689086060e-2
140	137	1.162254209934739e2	1.679970964160652e-1
140	139	1.643559041979783e2	2.375669147771703e-1
141	1	1.658470364372154e2	2.376797708175154e-1
141	2	1.350547983621333e2	1.935506006745535e-1
141	4	1.040809011923428e2	1.491610900821946e-1
141	5	9.399385248639041e1	1.347050740076265e-1
141	7	7.856575503242367e1	1.125946598224607e-1
141	8	7.514976755454043e1	1.076991178923753e-1
141	10	6.173888812944414e1	8.847963217413092e-2
141	11	6.359342717808519e1	9.113742109530953e-2
141	13	5.771335584021077e1	8.271053546623945e-2
141	14	4.511799787214473e1	6.465979510014427e-2
141	16	4.903451302448135e1	7.027265646811387e-2
141	17	4.246582180729524e1	6.085889149159672e-2
141	19	3.969279650546935e1	5.688479564781202e-2
141	20	2.619743243947634e1	3.754423275799252e-2
141	22	3.297634804895160e1	4.725927586677494e-2
141	23	2.534572389573806e1	3.632362673555285e-2
141	25	3.117110100934025e1	4.467212862639446e-2
141	26	2.824797393920673e1	4.048291797165460e-2
141	28	6.395411340069818e0	9.165433005292087e-3
141	29	3.108507888184385e1	4.454884804214163e-2
141	31	1.857941287109819e1	2.662664759040392e-2
141	32	1.820175905849801e1	2.608542193117333e-2
141	34	8.571753272171129e0	1.228440614315827e-2
141	35	8.284270084566966e0	1.187240638958104e-2
141	37	2.154227440466232e1	3.087280275476315e-2
141	38	1.830344437853067e1	2.623114985058670e-2
141	40	5.532312926258707e0	7.928503859046860e-3
141	41	1.347746448269372e1	1.931491052395455e-2
141	43	6.281983118330645e0	9.002876023109225e-3
141	44	8.150634711958912e-1	1.168089000546633e-3
141	46	1.338201343139323e1	1.917811709981652e-2
141	49	2.027162385466754e1	2.905179987162608e-2
141	50	1.530257913033003e1	2.193053055844405e-2
141	52	1.074045210628188e1	1.539242575530728e-2
141	53	1.637015911119971e1	2.346050764234891e-2
141	55	4.906705636237157e-1	7.031929518567886e-4
141	56	1.029746464145662e1	1.475756871247696e-2
141	58	3.875675911248160e-1	5.554333572292408e-4
141	59	2.455970756939633e-1	3.519716596593607e-4
141	61	5.745912439523626e-1	8.234618966378055e-4
141	62	8.312610758870269e0	1.191302215889431e-2
141	64	1.750867413886652e1	2.509214361644475e-2
141	65	1.949625689338998e1	2.794060098851736e-2
141	67	2.446432142384841e1	3.506046555994734e-2
141	68	3.196020427496358e1	4.580301337027535e-2
141	70	6.736963675910818e1	9.654920684112372e-2
141	71	6.736963675910818e1	9.654920684112372e-2
141	73	3.196020427496358e1	4.580301337027535e-2
141	74	2.446432142384841e1	3.506046555994734e-2
141	76	1.949625689338998e1	2.794060098851736e-2
141	77	1.750867413886652e1	2.509214361644475e-2
141	79	8.312610758870269e0	1.191302215889431e-2
141	80	5.745912439523626e-1	8.234618966378055e-4
141	82	2.455970756939633e-1	3.519716596593607e-4
141	83	3.875675911248160e-1	5.554333572292408e-4
141	85	1.029746464145662e1	1.475756871247696e-2
141	86	4.906705636237157e-1	7.031929518567886e-4
141	88	1.637015911119971e1	2.346050764234891e-2
141	89	1.074045210628188e1	1.539242575530728e-2
141	91	1.530257913033003e1	2.193053055844405e-2
141	92	2.027162385466754e1	2.905179987162608e-2
141	95	1.338201343139323e1	1.917811709981652e-2
141	97	8.150634711958912e-1	1.168089000546633e-3
141	98	6.281983118330645e0	9.002876023109225e-3
141	100	1.347746448269372e1	1.931491052395455e-2
141	101	5.532312926258707e0	7.928503859046860e-3
141	103	1.830344437853067e1	2.623114985058670e-2
141	104	2.154227440466232e1	3.087280275476315e-2
141	106	8.284270084566966e0	1.187240638958104e-2
141	107	8.571753272171129e0	1.228440614315827e-2
141	109	1.820175905849801e1	2.608542193117333e-2
141	110	1.857941287109819e1	2.662664759040392e-2
141	112	3.108507888184385e1	4.454884804214163e-2
141	113	6.395411340069818e0	9.165433005292087e-3
141	115	2.824797393920673e1	4.048291797165460e-2
141	116	3.117110100934025e1	4.467212862639446e-2
141	118	2.534572389573806e1	3.632362673555285e-2
141	119	3.297634804895160e1	4.725927586677494e-2
141	121	2.619743243947634e1	3.754423275799252e-2
141	122	3.969279650546935e1	5.688479564781202e-2
141	124	4.246582180729524e1	6.085889149159672e-2
141	125	4.903451302448135e1	7.027265646811387e-2
141	127	4.511799787214473e1	6.465979510014427e-2
141	128	5.771335584021077e1	8.271053546623945e-2
141	130	6.359342717808519e1	9.113742109530953e-2
141	131	6.173888812944414e1	8.847963217413092e-2
141	133	7.514976755454043e1	1.076991178923753e-1
141	134	7.856575503242367e1	1.125946598224607e-1
141	136	9.399385248639041e1	1.347050740076265e-1
141	137	1.040809011923428e2	1.491610900821946e-1
141	139	1.350547983621333e2	1.935506006745535e-1
141	140	1.658470364372154e2	2.376797708175154e-1
142	1	1.673404262745648e2	2.377915315570569e-1
142	3	1.181256868652176e2	1.678571557468233e-1
142	5	9.578223491100771e1	1.361070055963413e-1
142	7	8.067610587405757e1	1.146411252973326e-1
142	9	7.189562249353034e1	1.021640171809646e-1
142	11	6.646618563208847e1	9.444876190453624e-2
142	13	6.098072007137594e1	8.665388958333679e-2
142	15	5.133166048942210e1	7.294253060595829e-2
142	17	4.226443522871271e1	6.005796093132826e-2
142	19	4.309598760028943e1	6.123960075626031e-2
142	21	3.792012801823695e1	5.388467998462843e-2
142	23	2.728323732989015e1	3.876960836626816e-2
142	25	2.860866399825839e1	4.065304588614591e-2
142	27	2.172336783021641e1	3.086900769840827e-2
142	29	3.460070872848254e1	4.916776958608766e-2
142	31	2.131130850579751e1	3.028346946340241e-2
142	33	1.749516634725571e1	2.486071353573309e-2
142	35	6.656114346125345e-1	9.458369742569612e-4
142	37	2.272747916428746e1	3.229585461937160e-2
142	39	1.745245229177686e1	2.480001666231492e-2
142	41	1.657334910951576e1	2.355080691210453e-2
142	43	7.733592634347528e0	1.098947144990865e-2
142	45	1.588571422973721e0	2.257367451884585e-3
142	47	3.012005004285811e1	4.280073255290299e-2
142	49	2.540032727804273e1	3.609398434055699e-2
142	51	1.409213022459631e1	2.002498322497454e-2
142	53	2.062598989052027e0	2.930962849287713e-3
142	55	3.307540094649102e0	4.700030006512116e-3
142	57	2.120293257766782e1	3.012946676060307e-2
142	59	2.019099215716720e0	2.869149467105838e-3
142	61	7.791736097597568e0	1.107209358422528e-2
142	63	1.588120223791456e1	2.256726295727781e-2
142	65	1.355280703317739e1	1.925860243733795e-2
142	67	2.168989101796947e1	3.082143699100020e-2
142	69	3.664965229563429e1	5.207932801673002e-2
142	73	3.664965229563429e1	5.207932801673002e-2
142	75	2.168989101796947e1	3.082143699100020e-2
142	77	1.355280703317739e1	1.925860243733795e-2
142	79	1.588120223791456e1	2.256726295727781e-2
142	81	7.791736097597568e0	1.107209358422528e-2
142	83	2.019099215716720e0	2.869149467105838e-3
142	85	2.120293257766782e1	3.012946676060307e-2
142	87	3.307540094649102e0	4.700030006512116e-3
142	89	2.062598989052027e0	2.930962849287713e-3
142	91	1.409213022459631e1	2.002498322497454e-2
142	93	2.540032727804273e1	3.609398434055699e-2
142	95	3.012005004285811e1	4.280073255290299e-2
142	97	1.588571422973721e0	2.257367451884585e-3
142	99	7.733592634347528e0	1.098947144990865e-2
142	101	1.657334910951576e1	2.355080691210453e-2
142	103	1.745245229177686e1	2.480001666231492e-2
142	105	2.272747916428746e1	3.229585461937160e-2
142	107	6.656114346125345e-1	9.458369742569612e-4
142	109	1.749516634725571e1	2.486071353573309e-2
142	111	2.131130850579751e1	3.028346946340241e-2
142	113	3.460070872848254e1	4.916776958608766e-2
142	115	2.172336783021641e1	3.086900769840827e-2
142	117	2.860866399825839e1	4.065304588614591e-2
142	119	2.728323732989015e1	3.876960836626816e-2
142	121	3.792012801823695e1	5.388467998462843e-2
142	123	4.309598760028943e1	6.123960075626031e-2
142	125	4.226443522871271e1	6.005796093132826e-2
142	127	5.133166048942210e1	7.294253060595829e-2
142	129	6.098072007137594e1	8.665388958333679e-2
142	131	6.646618563208847e1	9.444876190453624e-2
142	133	7.189562249353034e1	1.021640171809646e-1
142	135	8.067610587405757e1	1.146411252973326e-1
142	137	9.578223491100771e1	1.361070055963413e-1
142	139	1.181256868652176e2	1.678571557468233e-1
142	141	1.673404262745648e2	2.377915315570569e-1
143	1	1.688360578103168e2	2.379022155439604e-1
143	2	1.376025615179659e2	1.938919604864634e-1
143	3	1.196565124121082e2	1.686046794523325e-1
143	4	1.071873449540745e2	1.510347207437039e-1
143	5	9.692619649826132e1	1.365760204913798e-1
143	6	9.021667330476672e1	1.271218170843727e-1
143	7	8.233817309699779e1	1.160204405247664e-1
143	8	7.883053248832927e1	1.110779212373774e-1
143	9	7.438825956299091e1	1.048184374239360e-1
143	10	6.630913197558642e1	9.343436237721092e-2
143	12	6.425660333606761e1	9.054220108689252e-2
143	14	5.045617210214604e1	7.109639544210215e-2
143	15	4.802235541838515e1	6.766697172299901e-2
143	16	5.549462850312992e1	7.819594488824227e-2
143	17	4.459707983987203e1	6.284051071967241e-2
143	18	5.243179534981384e1	7.388019147356578e-2
143	19	3.732626005768255e1	5.259539982667193e-2
143	20	3.335047669661916e1	4.699323354544764e-2
143	21	4.002897513225080e1	5.640372082494010e-2
143	23	2.950217976062549e1	4.157070485686329e-2
143	24	4.665701406245488e1	6.574310701209389e-2
143	25	3.198636555545721e1	4.507110229611923e-2
143	27	2.530679984095353e1	3.565911114351131e-2
143	28	1.643331463459855e1	2.315572876437469e-2
143	29	3.834452510904871e1	5.403020892416433e-2
143	30	2.662261238406882e1	3.751318617527583e-2
143	31	2.254917633156450e1	3.177342018964639e-2
143	32	2.529332940930640e1	3.564013033114961e-2
143	34	1.124259076811620e1	1.584162344748542e-2
143	35	3.595933266014308e0	5.066930026843819e-3
143	36	4.431085737271766e1	6.243720256407105e-2
143	37	2.621656451503984e1	3.694103536275553e-2
143	38	1.859841033604257e1	2.620650518570596e-2
143	40	1.113522979348885e1	1.569034406997532e-2
143	41	2.399245871870304e1	3.380710945015727e-2
143	42	8.420359971121142e0	1.186489615303604e-2
143	43	1.455272829567822e1	2.050584661032979e-2
143	45	1.132723713309176e-2	1.596089629729367e-5
143	46	5.548332600702897e0	7.818001885384850e-3
143	47	2.002426025083616e1	2.821563083198028e-2
143	48	4.878477456918445e1	6.874127544402095e-2
143	49	2.756393721316651e1	3.883958093533636e-2
143	50	1.804646158473783e1	2.542876947862351e-2
143	51	1.120493325765034e1	1.578856129187785e-2
143	53	8.022289247543878e0	1.130398571535800e-2
143	54	1.030565104521652e1	1.452140761918528e-2
143	56	5.171766358173543e-1	7.287392816690264e-4
143	57	1.682107797973839e1	2.370211536041300e-2
143	58	9.476375917811030e0	1.335289899215424e-2
143	59	3.214859461662180e0	4.529969477557663e-3
143	60	5.042749267891637e-1	7.105598406069851e-4
143	61	1.058017199971265e1	1.490822749720710e-2
143	62	1.513658435890100e0	2.132854202741615e-3
143	63	7.911493846489972e0	1.114786698263789e-2
143	64	7.147602132069698e0	1.007148831297937e-2
143	67	2.041082786972776e1	2.876033256326085e-2
143	68	2.591125828180343e1	3.651083680062181e-2
143	69	3.353850888521469e1	4.725818449751686e-2
143	70	4.376265183304909e1	6.166474131289004e-2
143	71	6.864349886199318e1	9.672365413971196e-2
143	72	6.864349886199318e1	9.672365413971196e-2
143	73	4.376265183304909e1	6.166474131289004e-2
143	74	3.353850888521469e1	4.725818449751686e-2
143	75	2.591125828180343e1	3.651083680062181e-2
143	76	2.041082786972776e1	2.876033256326085e-2
143	79	7.147602132069698e0	1.007148831297937e-2
143	80	7.911493846489972e0	1.114786698263789e-2
143	81	1.513658435890100e0	2.132854202741615e-3
143	82	1.058017199971265e1	1.490822749720710e-2
143	83	5.042749267891637e-1	7.105598406069851e-4
143	84	3.214859461662180e0	4.529969477557663e-3
143	85	9.476375917811030e0	1.335289899215424e-2
143	86	1.682107797973839e1	2.370211536041300e-2
143	87	5.171766358173543e-1	7.287392816690264e-4
143	89	1.030565104521652e1	1.452140761918528e-2
143	90	8.022289247543878e0	1.130398571535800e-2
143	92	1.120493325765034e1	1.578856129187785e-2
143	93	1.804646158473783e1	2.542876947862351e-2
143	94	2.756393721316651e1	3.883958093533636e-2
143	95	4.878477456918445e1	6.874127544402095e-2
143	96	2.002426025083616e1	2.821563083198028e-2
143	97	5.548332600702897e0	7.818001885384850e-3
143	98	1.132723713309176e-2	1.596089629729367e-5
143	100	1.455272829567822e1	2.050584661032979e-2
143	101	8.420359971121142e0	1.186489615303604e-2
143	102	2.399245871870304e1	3.380710945015727e-2
143	103	1.113522979348885e1	1.569034406997532e-2
143	105	1.859841033604257e1	2.620650518570596e-2
143	106	2.621656451503984e1	3.694103536275553e-2
143	107	4.431085737271766e1	6.243720256407105e-2
143	108	3.595933266014308e0	5.066930026843819e-3
143	109	1.124259076811620e1	1.584162344748542e-2
143	111	2.529332940930640e1	3.564013033114961e-2
143	112	2.254917633156450e1	3.177342018964639e-2
143	113	2.662261238406882e1	3.751318617527583e-2
143	114	3.834452510904871e1	5.403020892416433e-2
143	115	1.643331463459855e1	2.315572876437469e-2
143	116	2.530679984095353e1	3.565911114351131e-2
143	118	3.198636555545721e1	4.507110229611923e-2
143	119	4.665701406245488e1	6.574310701209389e-2
143	120	2.950217976062549e1	4.157070485686329e-2
143	122	4.002897513225080e1	5.640372082494010e-2
143	123	3.335047669661916e1	4.699323354544764e-2
143	124	3.732626005768255e1	5.259539982667193e-2
143	125	5.243179534981384e1	7.388019147356578e-2
143	126	4.459707983987203e1	6.284051071967241e-2
143	127	5.549462850312992e1	7.819594488824227e-2
143	128	4.802235541838515e1	6.766697172299901e-2
143	129	5.045617210214604e1	7.109639544210215e-2
143	131	6.425660333606761e1	9.054220108689252e-2
143	133	6.630913197558642e1	9.343436237721092e-2
143	134	7.438825956299091e1	1.048184374239360e-1
143	135	7.883053248832927e1	1.110779212373774e-1
143	136	8.233817309699779e1	1.160204405247664e-1
143	137	9.021667330476672e1	1.271218170843727e-1
143	138	9.692619649826132e1	1.365760204913798e-1
143	139	1.071873449540745e2	1.510347207437039e-1
143	140	1.196565124121082e2	1.686046794523325e-1
143	141	1.376025615179659e2	1.938919604864634e-1
143	142	1.688360578103168e2	2.379022155439604e-1
144	1	1.703339153671588e2	2.380118408820011e-1
144	5	9.872535678630874e1	1.379514106735093e-1
144	7	8.286627444552002e1	1.157911182003749e-1
144	11	5.931768218642502e1	8.288608116364934e-2
144	13	5.089816234643122e1	7.112127547512923e-2
144	17	4.807065262132727e1	6.717032540547853e-2
144	19	4.071445342426714e1	5.689132425052384e-2
144	23	2.970746714077534e1	4.151098697447524e-2
144	25	3.226931255369821e1	4.509071765506549e-2
144	29	4.497086878837585e1	6.283891991393729e-2
144	31	2.578564212883718e1	3.603092277999921e-2
144	35	6.454785798191589e0	9.019433663665940e-3
144	37	2.854616239059432e1	3.988826679675960e-2
144	41	1.014335393649463e0	1.417356219364084e-3
144	43	4.870283852093065e0	6.805369457726036e-3
144	47	1.437059406411471e1	2.008039056928391e-2
144	49	3.246106511039037e1	4.535865829926284e-2
144	53	7.272734189675998e0	1.016237341224176e-2
144	55	5.527369633899394e0	7.723531857785953e-3
144	59	4.751055753269100e0	6.638769052722815e-3
144	61	4.731844482246949e0	6.611924663149494e-3
144	65	1.224567363079813e1	1.711118609246972e-2
144	67	1.848569549815245e1	2.583052474321090e-2
144	71	5.355367736644550e1	7.483189304087365e-2
144	73	5.355367736644550e1	7.483189304087365e-2
144	77	1.848569549815245e1	2.583052474321090e-2
144	79	1.224567363079813e1	1.711118609246972e-2
144	83	4.731844482246949e0	6.611924663149494e-3
144	85	4.751055753269100e0	6.638769052722815e-3
144	89	5.527369633899394e0	7.723531857785953e-3
144	91	7.272734189675998e0	1.016237341224176e-2
144	95	3.246106511039037e1	4.535865829926284e-2
144	97	1.437059406411471e1	2.008039056928391e-2
144	101	4.870283852093065e0	6.805369457726036e-3
144	103	1.014335393649463e0	1.417356219364084e-3
144	107	2.854616239059432e1	3.988826679675960e-2
144	109	6.454785798191589e0	9.019433663665940e-3
144	113	2.578564212883718e1	3.603092277999921e-2
144	115	4.497086878837585e1	6.283891991393729e-2
144	119	3.226931255369821e1	4.509071765506549e-2
144	121	2.970746714077534e1	4.151098697447524e-2
144	125	4.071445342426714e1	5.689132425052384e-2
144	127	4.807065262132727e1	6.717032540547853e-2
144	131	5.089816234643122e1	7.112127547512923e-2
144	133	5.931768218642502e1	8.288608116364934e-2
144	137	8.286627444552002e1	1.157911182003749e-1
144	139	9.872535678630874e1	1.379514106735093e-1
144	143	1.703339153671588e2	2.380118408820011e-1
145	1	1.718339834855412e2	2.381204252442707e-1
145	2	1.401592286177986e2	1.942268603881108e-1
145	3	1.215701801392813e2	1.684669260677652e-1
145	4	1.083028129679662e2	1.500815575357526e-1
145	6	8.937985123421865e1	1.238589000408796e-1
145	7	8.453726096139259e1	1.171482387871577e-1
145	8	7.567664569317333e1	1.048695647274843e-1
145	9	6.996583629424727e1	9.695576132854450e-2
145	11	6.215345186847426e1	8.612968220320479e-2
145	12	5.566992608071780e1	7.714508040124127e-2
145	13	5.411221635687475e1	7.498647071109314e-2
145	14	5.269990807608676e1	7.302935232522077e-2
145	16	4.068149925169956e1	5.637473859880745e-2
145	17	4.357118345406349e1	6.037914341519493e-2
145	18	3.427069513172069e1	4.749091147542855e-2
145	19	4.281303540972650e1	5.932853322125256e-2
145	21	4.566927834927351e1	6.328659651915142e-2
145	22	3.651861349888561e1	5.060598374836318e-2
145	23	3.299153499483305e1	4.571830427880360e-2
145	24	1.769672247552076e1	2.452338586246780e-2
145	26	2.852368128907561e1	3.952693745622352e-2
145	27	2.650498298749817e1	3.672950886694826e-2
145	28	2.086502777143625e1	2.891389226326105e-2
145	31	2.109857635591679e1	2.923753422932410e-2
145	32	1.711238521925011e1	2.371363546777393e-2
145	33	2.133854646023120e1	2.957007487190349e-2
145	34	1.457505215495909e1	2.019750428115004e-2
145	36	8.839671631563887e0	1.224965123447088e-2
145	37	3.237350963541639e1	4.486187030450525e-2
145	38	2.325672389887072e1	3.222820580804187e-2
145	39	1.718940248530741e1	2.382036280873823e-2
145	41	8.332171823552871e0	1.154637899667668e-2
145	42	1.590059992658210e1	2.203439354285435e-2
145	43	9.895524987525597e0	1.371280913267760e-2
145	44	7.553049688704787e0	1.046670377583853e-2
145	46	1.574204916857903e0	2.181468046193361e-3
145	47	1.056024249514034e1	1.463394715421368e-2
145	48	3.107571930112313e1	4.306344615107916e-2
145	49	3.911856966034912e1	5.420889543222256e-2
145	51	1.798573327849136e1	2.492388507634617e-2
145	52	1.507215415900879e1	2.088636767238984e-2
145	53	1.279535223418365e1	1.773126976021255e-2
145	54	4.100332675347800e0	5.682071383620995e-3
145	56	4.121255544008650e0	5.711065429395828e-3
145	57	1.685541768515725e0	2.335754049022071e-3
145	59	7.138527051402177e0	9.892275454585191e-3
145	61	4.392862436070565e0	6.087447023566925e-3
145	62	1.534965895274305e1	2.127092233469204e-2
145	63	4.836544640623996e0	6.702283466734574e-3
145	64	8.805810050548844e0	1.220272725641259e-2
145	66	6.988551821932908e0	9.684445986322097e-3
145	67	1.190905847839594e1	1.650308054095215e-2
145	68	1.993521619384851e1	2.762539784695797e-2
145	69	2.783093927005851e1	3.856696422620871e-2
145	71	4.507614000023960e1	6.246464993422269e-2
145	72	6.992181347408847e1	9.689475632566887e-2
145	73	6.992181347408847e1	9.689475632566887e-2
145	74	4.507614000023960e1	6.246464993422269e-2
145	76	2.783093927005851e1	3.856696422620871e-2
145	77	1.993521619384851e1	2.762539784695797e-2
145	78	1.190905847839594e1	1.650308054095215e-2
145	79	6.988551821932908e0	9.684445986322097e-3
145	81	8.805810050548844e0	1.220272725641259e-2
145	82	4.836544640623996e0	6.702283466734574e-3
145	83	1.534965895274305e1	2.127092233469204e-2
145	84	4.392862436070565e0	6.087447023566925e-3
145	86	7.138527051402177e0	9.892275454585191e-3
145	88	1.685541768515725e0	2.335754049022071e-3
145	89	4.121255544008650e0	5.711065429395828e-3
145	91	4.100332675347800e0	5.682071383620995e-3
145	92	1.279535223418365e1	1.773126976021255e-2
145	93	1.507215415900879e1	2.088636767238984e-2
145	94	1.798573327849136e1	2.492388507634617e-2
145	96	3.911856966034912e1	5.420889543222256e-2
145	97	3.107571930112313e1	4.306344615107916e-2
145	98	1.056024249514034e1	1.463394715421368e-2
145	99	1.574204916857903e0	2.181468046193361e-3
145	101	7.553049688704787e0	1.046670377583853e-2
145	102	9.895524987525597e0	1.371280913267760e-2
145	103	1.590059992658210e1	2.203439354285435e-2
145	104	8.332171823552871e0	1.154637899667668e-2
145	106	1.718940248530741e1	2.382036280873823e-2
145	107	2.325672389887072e1	3.222820580804187e-2
145	108	3.237350963541639e1	4.486187030450525e-2
145	109	8.839671631563887e0	1.224965123447088e-2
145	111	1.457505215495909e1	2.019750428115004e-2
145	112	2.133854646023120e1	2.957007487190349e-2
145	113	1.711238521925011e1	2.371363546777393e-2
145	114	2.109857635591679e1	2.923753422932410e-2
145	117	2.086502777143625e1	2.891389226326105e-2
145	118	2.650498298749817e1	3.672950886694826e-2
145	119	2.852368128907561e1	3.952693745622352e-2
145	121	1.769672247552076e1	2.452338586246780e-2
145	122	3.299153499483305e1	4.571830427880360e-2
145	123	3.651861349888561e1	5.060598374836318e-2
145	124	4.566927834927351e1	6.328659651915142e-2
145	126	4.281303540972650e1	5.932853322125256e-2
145	127	3.427069513172069e1	4.749091147542855e-2
145	128	4.357118345406349e1	6.037914341519493e-2
145	129	4.068149925169956e1	5.637473859880745e-2
145	131	5.269990807608676e1	7.302935232522077e-2
145	132	5.411221635687475e1	7.498647071109314e-2
145	133	5.566992608071780e1	7.714508040124127e-2
145	134	6.215345186847426e1	8.612968220320479e-2
145	136	6.996583629424727e1	9.695576132854450e-2
145	137	7.567664569317333e1	1.048695647274843e-1
145	138	8.453726096139259e1	1.171482387871577e-1
145	139	8.937985123421865e1	1.238589000408796e-1
145	141	1.083028129679662e2	1.500815575357526e-1
145	142	1.215701801392813e2	1.684669260677652e-1
145	143	1.401592286177986e2	1.942268603881108e-1
145	144	1.718339834855412e2	2.381204252442707e-1
146	1	1.733362469191715e2	2.382279858863654e-1
146	3	1.231076378703441e2	1.691953364535227e-1
146	5	9.892160568619782e1	1.359548005804992e-1
146	7	8.667275650617186e1	1.191203604593621e-1
146	9	7.243631967865430e1	9.955424124368824e-2
146	11	6.380077651991931e1	8.768581735483176e-2
146	13	5.633982419630732e1	7.743171484344472e-2
146	15	5.396712595795389e1	7.417075164338971e-2
146	17	4.703578151666578e1	6.464452585345028e-2
146	19	4.210003116401846e1	5.786098296355840e-2
146	21	5.059189284202226e1	6.953193546156537e-2
146	23	3.106666368934396e1	4.269706336939805e-2
146	25	3.670722059549512e1	5.044927062502428e-2
146	27	2.708714621843736e1	3.722773742780339e-2
146	29	6.300784047391439e0	8.659603053566441e-3
146	31	2.627470502129067e1	3.611114333114215e-2
146	33	2.218635837492061e1	3.049224593096835e-2
146	35	1.009444012786447e1	1.387348683875122e-2
146	37	3.750269755456509e1	5.154254959665574e-2
146	39	2.313438931222285e1	3.179519038007017e-2
146	41	1.139226242480605e1	1.565717373248546e-2
146	43	1.346338478591871e1	1.850366035822948e-2
146	45	8.934679345711292e0	1.227954742819514e-2
146	47	6.794912781818424e0	9.338718329588377e-3
146	49	5.012755510716482e1	6.889376401553360e-2
146	51	1.999012344964784e1	2.747380845998169e-2
146	53	6.053232576595002e0	8.319375955430744e-3
146	55	1.315736410518807e1	1.808307498323846e-2
146	57	5.561405778167613e-1	7.643424389172749e-4
146	59	1.177235264815647e1	1.617955799990353e-2
146	61	2.137220104618184e0	2.937329323603373e-3
146	63	1.172240576923377e0	1.611091255165742e-3
146	65	6.325018600064314e-1	8.692910274501069e-4
146	67	1.452286632966392e1	1.995977907971013e-2
146	69	2.375066120276134e1	3.264217543859533e-2
146	71	3.932358686708190e1	5.404512364653215e-2
146	75	3.932358686708190e1	5.404512364653215e-2
146	77	2.375066120276134e1	3.264217543859533e-2
146	79	1.452286632966392e1	1.995977907971013e-2
146	81	6.325018600064314e-1	8.692910274501069e-4
146	83	1.172240576923377e0	1.611091255165742e-3
146	85	2.137220104618184e0	2.937329323603373e-3
146	87	1.177235264815647e1	1.617955799990353e-2
146	89	5.561405778167613e-1	7.643424389172749e-4
146	91	1.315736410518807e1	1.808307498323846e-2
146	93	6.053232576595002e0	8.319375955430744e-3
146	95	1.999012344964784e1	2.747380845998169e-2
146	97	5.012755510716482e1	6.889376401553360e-2
146	99	6.794912781818424e0	9.338718329588377e-3
146	101	8.934679345711292e0	1.227954742819514e-2
146	103	1.346338478591871e1	1.850366035822948e-2
146	105	1.139226242480605e1	1.565717373248546e-2
146	107	2.313438931222285e1	3.179519038007017e-2
146	109	3.750269755456509e1	5.154254959665574e-2
146	111	1.009444012786447e1	1.387348683875122e-2
146	113	2.218635837492061e1	3.049224593096835e-2
146	115	2.627470502129067e1	3.611114333114215e-2
146	117	6.300784047391439e0	8.659603053566441e-3
146	119	2.708714621843736e1	3.722773742780339e-2
146	121	3.670722059549512e1	5.044927062502428e-2
146	123	3.106666368934396e1	4.269706336939805e-2
146	125	5.059189284202226e1	6.953193546156537e-2
146	127	4.210003116401846e1	5.786098296355840e-2
146	129	4.703578151666578e1	6.464452585345028e-2
146	131	5.396712595795389e1	7.417075164338971e-2
146	133	5.633982419630732e1	7.743171484344472e-2
146	135	6.380077651991931e1	8.768581735483176e-2
146	137	7.243631967865430e1	9.955424124368824e-2
146	139	8.667275650617186e1	1.191203604593621e-1
146	141	9.892160568619782e1	1.359548005804992e-1
146	143	1.231076378703441e2	1.691953364535227e-1
146	145	1.733362469191715e2	2.382279858863654e-1
147	1	1.748406906306316e2	2.383345396590842e-1
147	2	1.427246768439900e2	1.945555123976636e-1
147	4	1.114269444043300e2	1.518919274708680e-1
147	5	1.007211516641615e2	1.372982984065442e-1
147	8	7.934424810431099e1	1.081583170275127e-1
147	10	7.052062783813926e1	9.613037623936205e-2
147	11	6.492408470738116e1	8.850143399519457e-2
147	13	5.819805177958128e1	7.933282481276105e-2
147	16	4.701900865406820e1	6.409408326159137e-2
147	17	4.938781289556527e1	6.732312489030694e-2
147	19	4.568038511493889e1	6.226933512187369e-2
147	20	3.790786442249392e1	5.167420343632068e-2
147	22	3.641233759467502e1	4.963557217279500e-2
147	23	3.515066128185894e1	4.791571484365043e-2
147	25	3.951241796618604e1	5.386145474958685e-2
147	26	3.451520844523206e1	4.704949566580194e-2
147	29	1.270801151502191e1	1.732295876600969e-2
147	31	2.951709888748497e1	4.023630969453454e-2
147	32	2.418065348137683e1	3.296192033646716e-2
147	34	2.235745749280265e1	3.047662600894070e-2
147	37	4.587068211651181e1	6.252873897177155e-2
147	38	2.742444496391932e1	3.738370308597076e-2
147	40	1.124456965011814e1	1.532806420266961e-2
147	41	1.351236132398201e1	1.841941028854670e-2
147	43	1.187838600079744e1	1.619205260046587e-2
147	44	1.656076858886169e0	2.257485453638141e-3
147	46	4.687330711961514e0	6.389546983804425e-3
147	47	5.646492491328234e0	7.697030844222814e-3
147	50	3.384118200871720e1	4.613069478549542e-2
147	52	1.846493861617132e1	2.517052883424967e-2
147	53	1.292120941972796e1	1.761358004124672e-2
147	55	2.086048726830915e0	2.843602717550468e-3
147	58	5.255829558877899e0	7.164497657402364e-3
147	59	2.227090970605484e1	3.035864816957933e-2
147	61	8.520022737373742e-1	1.161409103151382e-3
147	62	2.269540952694164e0	3.093730619839115e-3
147	64	3.874115282247378e0	5.281010267405602e-3
147	65	1.115522819391531e1	1.520627816556480e-2
147	67	9.956574851083957e0	1.357233076096399e-2
147	68	1.450648524928283e1	1.977455288862484e-2
147	71	3.329387692314187e1	4.538463444248728e-2
147	73	7.120451916464820e1	9.706262446997956e-2
147	74	7.120451916464820e1	9.706262446997956e-2
147	76	3.329387692314187e1	4.538463444248728e-2
147	79	1.450648524928283e1	1.977455288862484e-2
147	80	9.956574851083957e0	1.357233076096399e-2
147	82	1.115522819391531e1	1.520627816556480e-2
147	83	3.874115282247378e0	5.281010267405602e-3
147	85	2.269540952694164e0	3.093730619839115e-3
147	86	8.520022737373742e-1	1.161409103151382e-3
147	88	2.227090970605484e1	3.035864816957933e-2
147	89	5.255829558877899e0	7.164497657402364e-3
147	92	2.086048726830915e0	2.843602717550468e-3
147	94	1.292120941972796e1	1.761358004124672e-2
147	95	1.846493861617132e1	2.517052883424967e-2
147	97	3.384118200871720e1	4.613069478549542e-2
147	100	5.646492491328234e0	7.697030844222814e-3
147	101	4.687330711961514e0	6.389546983804425e-3
147	103	1.656076858886169e0	2.257485453638141e-3
147	104	1.187838600079744e1	1.619205260046587e-2
147	106	1.351236132398201e1	1.841941028854670e-2
147	107	1.124456965011814e1	1.532806420266961e-2
147	109	2.742444496391932e1	3.738370308597076e-2
147	110	4.587068211651181e1	6.252873897177155e-2
147	113	2.235745749280265e1	3.047662600894070e-2
147	115	2.418065348137683e1	3.296192033646716e-2
147	116	2.951709888748497e1	4.023630969453454e-2
147	118	1.270801151502191e1	1.732295876600969e-2
147	121	3.451520844523206e1	4.704949566580194e-2
147	122	3.951241796618604e1	5.386145474958685e-2
147	124	3.515066128185894e1	4.791571484365043e-2
147	125	3.641233759467502e1	4.963557217279500e-2
147	127	3.790786442249392e1	5.167420343632068e-2
147	128	4.568038511493889e1	6.226933512187369e-2
147	130	4.938781289556527e1	6.732312489030694e-2
147	131	4.701900865406820e1	6.409408326159137e-2
147	134	5.819805177958128e1	7.933282481276105e-2
147	136	6.492408470738116e1	8.850143399519457e-2
147	137	7.052062783813926e1	9.613037623936205e-2
147	139	7.934424810431099e1	1.081583170275127e-1
147	142	1.007211516641615e2	1.372982984065442e-1
147	143	1.114269444043300e2	1.518919274708680e-1
147	145	1.427246768439900e2	1.945555123976636e-1
147	146	1.748406906306316e2	2.383345396590842e-1
148	1	1.763472997871148e2	2.384401030206551e-1
148	3	1.250344311526541e2	1.690597059391222e-1
148	5	1.018760921435375e2	1.377471950824944e-1
148	7	8.473008875576399e1	1.145639945508811e-1
148	9	7.589728027887422e1	1.026211081798747e-1
148	11	6.750018652675583e1	9.126735395882193e-2
148	13	5.894215192010073e1	7.969599076965747e-2
148	15	5.747565993013563e1	7.771313930786382e-2
148	17	4.921314561324453e1	6.654135064250029e-2
148	19	4.690567523215769e1	6.342140791557652e-2
148	21	2.717460797833563e1	3.674292905943152e-2
148	23	3.613485981612730e1	4.885813226284436e-2
148	25	4.316151916924708e1	5.835891499142318e-2
148	27	3.520211575925152e1	4.759696416284029e-2
148	29	1.629924501290925e1	2.203829412034438e-2
148	31	2.865993163309773e1	3.875124291333249e-2
148	33	2.995612520200114e1	4.050383299255196e-2
148	35	1.512415124945916e1	2.044944371915190e-2
148	39	2.475812205510747e1	3.347558584987825e-2
148	41	1.400719502028879e1	1.893920138102449e-2
148	43	1.528984938613708e1	2.067348503323784e-2
148	45	5.601342407596748e0	7.573604258946073e-3
148	47	2.711372060315688e0	3.666060292215693e-3
148	49	3.203797629724408e1	4.331871470734225e-2
148	51	2.528311828277014e1	3.418543598515368e-2
148	53	1.660851527645647e1	2.245646005535129e-2
148	55	6.416674219585704e0	8.676018650781681e-3
148	57	8.427182519785715e0	1.139443740061388e-2
148	59	1.773060287373497e1	2.397364054303821e-2
148	61	5.338566007087206e0	7.218302918440544e-3
148	63	8.298234482938648e0	1.122008608802082e-2
148	65	6.543847406888222e0	8.847970180056491e-3
148	67	1.411036679692595e1	1.907870047786287e-2
148	69	2.271133681461159e1	3.070811686002613e-2
148	71	3.178503169654160e1	4.297670699459118e-2
148	73	5.567785172928941e1	7.528231347078755e-2
148	75	5.567785172928941e1	7.528231347078755e-2
148	77	3.178503169654160e1	4.297670699459118e-2
148	79	2.271133681461159e1	3.070811686002613e-2
148	81	1.411036679692595e1	1.907870047786287e-2
148	83	6.543847406888222e0	8.847970180056491e-3
148	85	8.298234482938648e0	1.122008608802082e-2
148	87	5.338566007087206e0	7.218302918440544e-3
148	89	1.773060287373497e1	2.397364054303821e-2
148	91	8.427182519785715e0	1.139443740061388e-2
148	93	6.416674219585704e0	8.676018650781681e-3
148	95	1.660851527645647e1	2.245646005535129e-2
148	97	2.528311828277014e1	3.418543598515368e-2
148	99	3.203797629724408e1	4.331871470734225e-2
148	101	2.711372060315688e0	3.666060292215693e-3
148	103	5.601342407596748e0	7.573604258946073e-3
148	105	1.528984938613708e1	2.067348503323784e-2
148	107	1.400719502028879e1	1.893920138102449e-2
148	109	2.475812205510747e1	3.347558584987825e-2
148	113	1.512415124945916e1	2.044944371915190e-2
148	115	2.995612520200114e1	4.050383299255196e-2
148	117	2.865993163309773e1	3.875124291333249e-2
148	119	1.629924501290925e1	2.203829412034438e-2
148	121	3.520211575925152e1	4.759696416284029e-2
148	123	4.316151916924708e1	5.835891499142318e-2
148	125	3.613485981612730e1	4.885813226284436e-2
148	127	2.717460797833563e1	3.674292905943152e-2
148	129	4.690567523215769e1	6.342140791557652e-2
148	131	4.921314561324453e1	6.654135064250029e-2
148	133	5.747565993013563e1	7.771313930786382e-2
148	135	5.894215192010073e1	7.969599076965747e-2
148	137	6.750018652675583e1	9.126735395882193e-2
148	139	7.589728027887422e1	1.026211081798747e-1
148	141	8.473008875576399e1	1.145639945508811e-1
148	143	1.018760921435375e2	1.377471950824944e-1
148	145	1.250344311526541e2	1.690597059391222e-1
148	147	1.763472997871148e2	2.384401030206551e-1
149	1	1.778560597562774e2	2.385446920485108e-1
149	2	1.452987867210606e2	1.948781187489134e-1
149	3	1.265783856883704e2	1.697698806293511e-1
149	4	1.125598513503948e2	1.509678956916080e-1
149	5	1.036860506112697e2	1.390661473479465e-1
149	6	9.581467979371821e1	1.285088813754207e-1
149	7	8.685619993383291e1	1.164935594216591e-1
149	8	8.186412230973434e1	1.097980685783632e-1
149	9	7.565228275056008e1	1.014666046027834e-1
149	10	7.516994365737402e1	1.008196801707191e-1
149	11	6.634069322408266e1	8.897768373542853e-2
149	12	6.348204287330848e1	8.514359526785398e-2
149	13	6.143773785582711e1	8.240172573854711e-2
149	14	5.823798220266883e1	7.811013889040103e-2
149	15	6.115995835549380e1	8.202916139941129e-2
149	16	5.089953376331585e1	6.826764083057574e-2
149	17	5.032477970509988e1	6.749676729380313e-2
149	18	4.439388243014064e1	5.954210965680592e-2
149	19	4.823538799135646e1	6.469442643678297e-2
149	20	4.318712375501600e1	5.792357679979250e-2
149	21	3.197001227253966e1	4.287892547934913e-2
149	22	4.093616659268617e1	5.490454059805630e-2
149	23	4.057486323039348e1	5.441995210884594e-2
149	24	2.960051860353928e1	3.970090535252778e-2
149	25	4.893702029612141e1	6.563547203455904e-2
149	26	3.444660405517687e1	4.620058809196200e-2
149	27	2.379626093955055e1	3.191609971293510e-2
149	28	2.953259030071333e1	3.960979832979716e-2
149	29	1.970573180258925e1	2.642978670999872e-2
149	30	4.685371316884677e1	6.284129196670415e-2
149	31	2.883087285834125e1	3.866863854347839e-2
149	32	2.913300739250337e1	3.907386842154770e-2
149	33	1.381758460474567e1	1.853246647266380e-2
149	34	1.980017794172619e1	2.655646007275322e-2
149	35	1.297206058760813e1	1.739842995704502e-2
149	36	1.025609809351428e1	1.375571776800443e-2
149	37	9.403858920664941e0	1.261267472905705e-2
149	38	3.397279264390511e1	4.556510118560764e-2
149	39	2.385065924080448e1	3.198905998225830e-2
149	40	1.982146854963710e1	2.658501553223317e-2
149	41	1.759937145951764e1	2.360468713189184e-2
149	42	9.590141581003031e0	1.286252137417682e-2
149	43	1.810383714620524e1	2.428128826679180e-2
149	44	1.055207303016579e1	1.415268625035112e-2
149	45	1.038564229851251e1	1.392946547460671e-2
149	46	6.675945893405927e0	8.953934206443758e-3
149	47	2.654670148451145e0	3.560505466726456e-3
149	48	7.407524973618396e0	9.935145117320564e-3
149	49	2.150540285910907e1	2.884354746998872e-2
149	50	5.147687823416818e1	6.904198868914241e-2
149	51	3.037319906114209e1	4.073724238857448e-2
149	52	2.150126927129802e1	2.883800340568868e-2
149	53	1.542633755074218e1	2.069016341372250e-2
149	54	9.060084291411107e0	1.215159618508265e-2
149	55	9.755315630878831e0	1.308405665903594e-2
149	56	1.762333226037698e1	2.363682391637957e-2
149	57	5.348745817177459e0	7.173862535540200e-3
149	58	3.750278077957055e0	5.029960353492942e-3
149	59	7.420059791540484e0	9.951957107225243e-3
149	60	1.618548644528496e1	2.170835160205766e-2
149	61	6.487958705802827e0	8.701801409634375e-3
149	62	5.030084789523140e0	6.746466939270792e-3
149	63	5.384612790797735e0	7.221968156392733e-3
149	64	8.499209826134861e0	1.139933828180661e-2
149	65	5.749470993855227e0	7.711324480877766e-3
149	66	1.329011398431249e1	1.782501058452429e-2
149	67	1.241069401103676e1	1.664551202263195e-2
149	68	1.195266440605697e1	1.603119204265078e-2
149	69	1.592762957350792e1	2.136250795661238e-2
149	70	2.297689574873178e1	3.081714802477237e-2
149	71	2.544787395016302e1	3.413128157145460e-2
149	72	3.487296001841275e1	4.677242664552335e-2
149	73	4.656173978766319e1	6.244969046380209e-2
149	74	7.249155617518440e1	9.722736446328112e-2
149	75	7.249155617518440e1	9.722736446328112e-2
149	76	4.656173978766319e1	6.244969046380209e-2
149	77	3.487296001841275e1	4.677242664552335e-2
149	78	2.544787395016302e1	3.413128157145460e-2
149	79	2.297689574873178e1	3.081714802477237e-2
149	80	1.592762957350792e1	2.136250795661238e-2
149	81	1.195266440605697e1	1.603119204265078e-2
149	82	1.241069401103676e1	1.664551202263195e-2
149	83	1.329011398431249e1	1.782501058452429e-2
149	84	5.749470993855227e0	7.711324480877766e-3
149	85	8.499209826134861e0	1.139933828180661e-2
149	86	5.384612790797735e0	7.221968156392733e-3
149	87	5.030084789523140e0	6.746466939270792e-3
149	88	6.487958705802827e0	8.701801409634375e-3
149	89	1.618548644528496e1	2.170835160205766e-2
149	90	7.420059791540484e0	9.951957107225243e-3
149	91	3.750278077957055e0	5.029960353492942e-3
149	92	5.348745817177459e0	7.173862535540200e-3
149	93	1.762333226037698e1	2.363682391637957e-2
149	94	9.755315630878831e0	1.308405665903594e-2
149	95	9.060084291411107e0	1.215159618508265e-2
149	96	1.542633755074218e1	2.069016341372250e-2
149	97	2.150126927129802e1	2.883800340568868e-2
149	98	3.037319906114209e1	4.073724238857448e-2
149	99	5.147687823416818e1	6.904198868914241e-2
149	100	2.150540285910907e1	2.884354746998872e-2
149	101	7.407524973618396e0	9.935145117320564e-3
149	102	2.654670148451145e0	3.560505466726456e-3
149	103	6.675945893405927e0	8.953934206443758e-3
149	104	1.038564229851251e1	1.392946547460671e-2
149	105	1.055207303016579e1	1.415268625035112e-2
149	106	1.810383714620524e1	2.428128826679180e-2
149	107	9.590141581003031e0	1.286252137417682e-2
149	108	1.759937145951764e1	2.360468713189184e-2
149	109	1.982146854963710e1	2.658501553223317e-2
149	110	2.385065924080448e1	3.198905998225830e-2
149	111	3.397279264390511e1	4.556510118560764e-2
149	112	9.403858920664941e0	1.261267472905705e-2
149	113	1.025609809351428e1	1.375571776800443e-2
149	114	1.297206058760813e1	1.739842995704502e-2
149	115	1.980017794172619e1	2.655646007275322e-2
149	116	1.381758460474567e1	1.853246647266380e-2
149	117	2.913300739250337e1	3.907386842154770e-2
149	118	2.883087285834125e1	3.866863854347839e-2
149	119	4.685371316884677e1	6.284129196670415e-2
149	120	1.970573180258925e1	2.642978670999872e-2
149	121	2.953259030071333e1	3.960979832979716e-2
149	122	2.379626093955055e1	3.191609971293510e-2
149	123	3.444660405517687e1	4.620058809196200e-2
149	124	4.893702029612141e1	6.563547203455904e-2
149	125	2.960051860353928e1	3.970090535252778e-2
149	126	4.057486323039348e1	5.441995210884594e-2
149	127	4.093616659268617e1	5.490454059805630e-2
149	128	3.197001227253966e1	4.287892547934913e-2
149	129	4.318712375501600e1	5.792357679979250e-2
149	130	4.823538799135646e1	6.469442643678297e-2
149	131	4.439388243014064e1	5.954210965680592e-2
149	132	5.032477970509988e1	6.749676729380313e-2
149	133	5.089953376331585e1	6.826764083057574e-2
149	134	6.115995835549380e1	8.202916139941129e-2
149	135	5.823798220266883e1	7.811013889040103e-2
149	136	6.143773785582711e1	8.240172573854711e-2
149	137	6.348204287330848e1	8.514359526785398e-2
149	138	6.634069322408266e1	8.897768373542853e-2
149	139	7.516994365737402e1	1.008196801707191e-1
149	140	7.565228275056008e1	1.014666046027834e-1
149	141	8.186412230973434e1	1.097980685783632e-1
149	142	8.685619993383291e1	1.164935594216591e-1
149	143	9.581467979371821e1	1.285088813754207e-1
149	144	1.036860506112697e2	1.390661473479465e-1
149	145	1.125598513503948e2	1.509678956916080e-1
149	146	1.265783856883704e2	1.697698806293511e-1
149	147	1.452987867210606e2	1.948781187489134e-1
149	148	1.778560597562774e2	2.385446920485108e-1
150	1	1.793669561022019e2	2.386483224506345e-1
150	7	8.853364182815105e1	1.177943003654183e-1
150	11	6.892123523448893e1	9.169992916958704e-2
150	13	5.925804660591091e1	7.884302505609921e-2
150	17	5.288271324083361e1	7.036062313713963e-2
150	19	5.117710320001623e1	6.809130339262606e-2
150	23	3.210265818598408e1	4.271269184010631e-2
150	29	2.044868853027495e1	2.720704705099101e-2
150	31	3.122136970532775e1	4.154013463071785e-2
150	37	1.348503801547731e0	1.794188723781987e-3
150	41	2.319551846643330e1	3.086171327584382e-2
150	43	2.549025704891721e1	3.391487047421036e-2
150	47	2.780051674817488e0	3.698867856926997e-3
150	49	1.521329597863464e1	2.024134011716984e-2
150	53	2.084073619941839e1	2.772866775858920e-2
150	59	2.881967292441573e0	3.834466919909644e-3
150	61	7.860957111459503e0	1.045902917835804e-2
150	67	6.470980578078911e0	8.609660849065450e-3
150	71	2.703059569017205e1	3.596429608040675e-2
150	73	4.001542475880843e1	5.324065367646602e-2
150	77	4.001542475880843e1	5.324065367646602e-2
150	79	2.703059569017205e1	3.596429608040675e-2
150	83	6.470980578078911e0	8.609660849065450e-3
150	89	7.860957111459503e0	1.045902917835804e-2
150	91	2.881967292441573e0	3.834466919909644e-3
150	97	2.084073619941839e1	2.772866775858920e-2
150	101	1.521329597863464e1	2.024134011716984e-2
150	103	2.780051674817488e0	3.698867856926997e-3
150	107	2.549025704891721e1	3.391487047421036e-2
150	109	2.319551846643330e1	3.086171327584382e-2
150	113	1.348503801547731e0	1.794188723781987e-3
150	119	3.122136970532775e1	4.154013463071785e-2
150	121	2.044868853027495e1	2.720704705099101e-2
150	127	3.210265818598408e1	4.271269184010631e-2
150	131	5.117710320001623e1	6.809130339262606e-2
150	133	5.288271324083361e1	7.036062313713963e-2
150	137	5.925804660591091e1	7.884302505609921e-2
150	139	6.892123523448893e1	9.169992916958704e-2
150	143	8.853364182815105e1	1.177943003654183e-1
150	149	1.793669561022019e2	2.386483224506345e-1
151	1	1.808799745814685e2	2.387510095764921e-1
151	2	1.478814419810988e2	1.951948724689396e-1
151	3	1.285180393876084e2	1.696363111703273e-1
151	4	1.157011922193586e2	1.527188209501538e-1
151	5	1.039038733762652e2	1.371470486154793e-1
151	6	9.500382939121820e1	1.253995099970011e-1
151	7	8.907690729199535e1	1.175763187446531e-1
151	8	8.557895552292023e1	1.129592265637803e-1
151	9	7.914095981167843e1	1.044614479718456e-1
151	10	6.944147912360607e1	9.165869956366318e-2
151	11	7.006354825143985e1	9.247979450598799e-2
151	12	6.492010347483540e1	8.569074759265953e-2
151	13	6.175399801583212e1	8.151167317321786e-2
151	14	6.054361148982710e1	7.991403360183830e-2
151	15	4.799162198598108e1	6.334614004053636e-2
151	16	5.298499502313767e1	6.993710101657417e-2
151	17	5.521316609956072e1	7.287815679257185e-2
151	18	4.713974703307120e1	6.222171482148837e-2
151	19	5.568933724953147e1	7.350667491930075e-2
151	20	4.145497277182195e1	5.471814458255952e-2
151	21	3.748198184786238e1	4.947402844240406e-2
151	22	4.489848617658740e1	5.926338129978187e-2
151	23	3.651628172318883e1	4.819936063991546e-2
151	24	3.324720286636659e1	4.388436734528772e-2
151	25	1.810668212599145e1	2.389976362869295e-2
151	26	3.612271463371278e1	4.767987505193974e-2
151	27	3.187313441020111e1	4.207067717922148e-2
151	28	2.965159770210737e1	3.913837838221049e-2
151	29	2.175696335147726e1	2.871792180147798e-2
151	30	6.195246584221328e0	8.177363912067331e-3
151	31	3.496512385332559e1	4.615192278340709e-2
151	32	2.640689379195257e1	3.485555859456543e-2
151	33	2.151167722228872e1	2.839415842681819e-2
151	34	2.385441357276039e1	3.148643367807732e-2
151	35	2.051450139052968e1	2.707794452802355e-2
151	36	1.506344332837010e1	1.988286603129088e-2
151	37	3.551294296191058e0	4.687501203384843e-3
151	38	4.743917294103296e1	6.261693954431712e-2
151	39	2.930290073740307e1	3.867811874013544e-2
151	40	2.215209021099206e1	2.923946619487051e-2
151	41	1.444366710758907e1	1.906479759245257e-2
151	42	1.707174099153087e1	2.253370173446477e-2
151	43	7.403324162117516e-1	9.771955806702573e-4
151	44	1.228665530444392e1	1.621766790404496e-2
151	45	6.997066460392493e0	9.235719351232550e-3
151	46	8.324011094424128e0	1.098720882241484e-2
151	47	2.399379643944409e0	3.167041092716418e-3
151	48	4.328573891780611e0	5.713464904450211e-3
151	49	1.060938974740450e1	1.400377526060766e-2
151	50	3.300668741671165e1	4.356690098917654e-2
151	51	4.137817447157615e1	5.461677530848776e-2
151	52	2.692575145870065e1	3.554042043208637e-2
151	53	2.019014453957586e1	2.664981241551379e-2
151	54	1.938236322266508e1	2.558358822250555e-2
151	55	1.805937108217226e1	2.383731581211133e-2
151	56	7.320410256541485e0	9.662514290525826e-3
151	57	1.159797498715568e1	1.530865007933286e-2
151	58	2.044902397954672e-1	2.699151816704684e-4
151	59	5.383078901198125e-1	7.105349971796377e-4
151	60	1.167764203163395e1	1.541380592836021e-2
151	61	1.288406771395564e1	1.700621741724828e-2
151	62	3.128531973357774e0	4.129479611326909e-3
151	63	5.103877812400101e0	6.736820829863306e-3
151	64	5.441478147067428e0	7.182433567932786e-3
151	65	3.984113876565216e0	5.258797788415382e-3
151	66	8.958287003370792e0	1.182441600337260e-2
151	67	1.721302637982370e1	2.272019020103698e-2
151	68	8.896693865776779e0	1.174311665656773e-2
151	69	1.358876281032336e1	1.793637381565942e-2
151	70	1.683251794568783e1	2.221794127595550e-2
151	71	2.527830513347848e1	3.336588743427948e-2
151	72	2.734879584660656e1	3.609881433357774e-2
151	73	3.581255050334600e1	4.727047650226154e-2
151	74	4.788822567252237e1	6.320966294138886e-2
151	75	7.378286635209219e1	9.738907732472762e-2
151	76	7.378286635209219e1	9.738907732472762e-2
151	77	4.788822567252237e1	6.320966294138886e-2
151	78	3.581255050334600e1	4.727047650226154e-2
151	79	2.734879584660656e1	3.609881433357774e-2
151	80	2.527830513347848e1	3.336588743427948e-2
151	81	1.683251794568783e1	2.221794127595550e-2
151	82	1.358876281032336e1	1.793637381565942e-2
151	83	8.896693865776779e0	1.174311665656773e-2
151	84	1.721302637982370e1	2.272019020103698e-2
151	85	8.958287003370792e0	1.182441600337260e-2
151	86	3.984113876565216e0	5.258797788415382e-3
151	87	5.441478147067428e0	7.182433567932786e-3
151	88	5.103877812400101e0	6.736820829863306e-3
151	89	3.128531973357774e0	4.129479611326909e-3
151	90	1.288406771395564e1	1.700621741724828e-2
151	91	1.167764203163395e1	1.541380592836021e-2
151	92	5.383078901198125e-1	7.105349971796377e-4
151	93	2.044902397954672e-1	2.699151816704684e-4
151	94	1.159797498715568e1	1.530865007933286e-2
151	95	7.320410256541485e0	9.662514290525826e-3
151	96	1.805937108217226e1	2.383731581211133e-2
151	97	1.938236322266508e1	2.558358822250555e-2
151	98	2.019014453957586e1	2.664981241551379e-2
151	99	2.692575145870065e1	3.554042043208637e-2
151	100	4.137817447157615e1	5.461677530848776e-2
151	101	3.300668741671165e1	4.356690098917654e-2
151	102	1.060938974740450e1	1.400377526060766e-2
151	103	4.328573891780611e0	5.713464904450211e-3
151	104	2.399379643944409e0	3.167041092716418e-3
151	105	8.324011094424128e0	1.098720882241484e-2
151	106	6.997066460392493e0	9.235719351232550e-3
151	107	1.228665530444392e1	1.621766790404496e-2
151	108	7.403324162117516e-1	9.771955806702573e-4
151	109	1.707174099153087e1	2.253370173446477e-2
151	110	1.444366710758907e1	1.906479759245257e-2
151	111	2.215209021099206e1	2.923946619487051e-2
151	112	2.930290073740307e1	3.867811874013544e-2
151	113	4.743917294103296e1	6.261693954431712e-2
151	114	3.551294296191058e0	4.687501203384843e-3
151	115	1.506344332837010e1	1.988286603129088e-2
151	116	2.051450139052968e1	2.707794452802355e-2
151	117	2.385441357276039e1	3.148643367807732e-2
151	118	2.151167722228872e1	2.839415842681819e-2
151	119	2.640689379195257e1	3.485555859456543e-2
151	120	3.496512385332559e1	4.615192278340709e-2
151	121	6.195246584221328e0	8.177363912067331e-3
151	122	2.175696335147726e1	2.871792180147798e-2
151	123	2.965159770210737e1	3.913837838221049e-2
151	124	3.187313441020111e1	4.207067717922148e-2
151	125	3.612271463371278e1	4.767987505193974e-2
151	126	1.810668212599145e1	2.389976362869295e-2
151	127	3.324720286636659e1	4.388436734528772e-2
151	128	3.651628172318883e1	4.819936063991546e-2
151	129	4.489848617658740e1	5.926338129978187e-2
151	130	3.748198184786238e1	4.947402844240406e-2
151	131	4.145497277182195e1	5.471814458255952e-2
151	132	5.568933724953147e1	7.350667491930075e-2
151	133	4.713974703307120e1	6.222171482148837e-2
151	134	5.521316609956072e1	7.287815679257185e-2
151	135	5.298499502313767e1	6.993710101657417e-2
151	136	4.799162198598108e1	6.334614004053636e-2
151	137	6.054361148982710e1	7.991403360183830e-2
151	138	6.175399801583212e1	8.151167317321786e-2
151	139	6.492010347483540e1	8.569074759265953e-2
151	140	7.006354825143985e1	9.247979450598799e-2
151	141	6.944147912360607e1	9.165869956366318e-2
151	142	7.914095981167843e1	1.044614479718456e-1
151	143	8.557895552292023e1	1.129592265637803e-1
151	144	8.907690729199535e1	1.175763187446531e-1
151	145	9.500382939121820e1	1.253995099970011e-1
151	146	1.039038733762652e2	1.371470486154793e-1
151	147	1.157011922193586e2	1.527188209501538e-1
151	148	1.285180393876084e2	1.696363111703273e-1
151	149	1.478814419810988e2	1.951948724689396e-1
151	150	1.808799745814685e2	2.387510095764921e-1
152	1	1.823951011393295e2	2.388527684275717e-1
152	3	1.300683607653181e2	1.703290705702699e-1
152	5	1.057142046025548e2	1.384364507254538e-1
152	7	9.076285360170287e1	1.188571333206631e-1
152	9	8.165222744868346e1	1.069264495184977e-1
152	11	7.174572728970536e1	9.395354085143548e-2
152	13	6.251753107694397e1	8.186889494130688e-2
152	15	5.160821887758293e1	6.758276881082717e-2
152	17	5.931252380735860e1	7.767182575255613e-2
152	21	3.956557503726015e1	5.181250523203140e-2
152	23	3.750922910155929e1	4.911964826098951e-2
152	25	2.371531013083514e1	3.105602860759614e-2
152	27	3.247788084622677e1	4.253092163290205e-2
152	29	2.646530204614081e1	3.465723926523571e-2
152	31	3.728514861223221e1	4.882620701781987e-2
152	33	2.237707465484878e1	2.930356241606636e-2
152	35	1.425777555988997e1	1.867105609101453e-2
152	37	7.203411713492704e0	9.433119744685565e-3
152	39	3.179573693925987e1	4.163763031297465e-2
152	41	1.856813754620245e1	2.431562596665636e-2
152	43	8.021128923020450e0	1.050394904912710e-2
152	45	8.726045529427603e0	1.142706201597318e-2
152	47	5.581638207050027e0	7.309350578975243e-3
152	49	8.685350141697288e0	1.137376998147827e-2
152	51	5.283261214305537e1	6.918615464342565e-2
152	53	2.188699585007828e1	2.866178706938261e-2
152	55	1.110914555772735e1	1.454781490705222e-2
152	59	9.910767972247120e-1	1.297849751790344e-3
152	61	2.334972266282533e1	3.057727902336325e-2
152	63	1.767382295144773e-1	2.314448970549563e-4
152	65	1.641395694262283e1	2.149465107399778e-2
152	67	8.892430302779299e0	1.164494869983147e-2
152	69	1.920173388648920e1	2.514534254894253e-2
152	71	1.654349806408084e1	2.166428970624274e-2
152	73	3.053348891670293e1	3.998467235112869e-2
152	75	5.781923326671129e1	7.571630952721708e-2
152	77	5.781923326671129e1	7.571630952721708e-2
152	79	3.053348891670293e1	3.998467235112869e-2
152	81	1.654349806408084e1	2.166428970624274e-2
152	83	1.920173388648920e1	2.514534254894253e-2
152	85	8.892430302779299e0	1.164494869983147e-2
152	87	1.641395694262283e1	2.149465107399778e-2
152	89	1.767382295144773e-1	2.314448970549563e-4
152	91	2.334972266282533e1	3.057727902336325e-2
152	93	9.910767972247120e-1	1.297849751790344e-3
152	97	1.110914555772735e1	1.454781490705222e-2
152	99	2.188699585007828e1	2.866178706938261e-2
152	101	5.283261214305537e1	6.918615464342565e-2
152	103	8.685350141697288e0	1.137376998147827e-2
152	105	5.581638207050027e0	7.309350578975243e-3
152	107	8.726045529427603e0	1.142706201597318e-2
152	109	8.021128923020450e0	1.050394904912710e-2
152	111	1.856813754620245e1	2.431562596665636e-2
152	113	3.179573693925987e1	4.163763031297465e-2
152	115	7.203411713492704e0	9.433119744685565e-3
152	117	1.425777555988997e1	1.867105609101453e-2
152	119	2.237707465484878e1	2.930356241606636e-2
152	121	3.728514861223221e1	4.882620701781987e-2
152	123	2.646530204614081e1	3.465723926523571e-2
152	125	3.247788084622677e1	4.253092163290205e-2
152	127	2.371531013083514e1	3.105602860759614e-2
152	129	3.750922910155929e1	4.911964826098951e-2
152	131	3.956557503726015e1	5.181250523203140e-2
152	135	5.931252380735860e1	7.767182575255613e-2
152	137	5.160821887758293e1	6.758276881082717e-2
152	139	6.251753107694397e1	8.186889494130688e-2
152	141	7.174572728970536e1	9.395354085143548e-2
152	143	8.165222744868346e1	1.069264495184977e-1
152	145	9.076285360170287e1	1.188571333206631e-1
152	147	1.057142046025548e2	1.384364507254538e-1
152	149	1.300683607653181e2	1.703290705702699e-1
152	151	1.823951011393295e2	2.388527684275717e-1
153	1	1.839123219059858e2	2.389536136675430e-1
153	2	1.504725294362988e2	1.955059579144440e-1
153	4	1.168510731980001e2	1.518222700481490e-1
153	5	1.068797578405521e2	1.388667387765746e-1
153	7	9.291293974590307e1	1.207199304465723e-1
153	8	8.245944649395194e1	1.071379150486051e-1
153	10	7.405682621792047e1	9.622055802529336e-2
153	11	7.464071834386132e1	9.697919742497922e-2
153	13	6.440647256911592e1	8.368204590357481e-2
153	14	6.603166032584139e1	8.579361995871787e-2
153	16	5.298610121869829e1	6.884378506642125e-2
153	19	3.583727086435714e1	4.656265163896001e-2
153	20	4.676131347430774e1	6.075604243764882e-2
153	22	5.334078091252929e1	6.930461332228295e-2
153	23	4.162706238391512e1	5.408521234420358e-2
153	25	2.725299753536634e1	3.540927642508589e-2
153	26	4.183601056980559e1	5.435669455687082e-2
153	28	3.348778456995447e1	4.351001093228200e-2
153	29	2.559601940257275e1	3.325639776804013e-2
153	31	4.167564006153288e1	5.414832835236465e-2
153	32	2.958084822335485e1	3.843380641964318e-2
153	35	1.996508886678975e1	2.594024197221430e-2
153	37	9.397329860481234e0	1.220976335743175e-2
153	38	9.976595846534646e0	1.296239210578127e-2
153	40	2.559995360717920e1	3.326150940165921e-2
153	41	2.103736232707523e1	2.733342550401701e-2
153	43	1.079565757719795e1	1.402658268491407e-2
153	44	2.135379250138540e1	2.774455692164718e-2
153	46	1.589653942074382e1	2.065405678112780e-2
153	47	4.456044618914575e-1	5.789649944704392e-4
153	49	3.752885940399390e0	4.876049890767882e-3
153	50	1.622138346475947e1	2.107612017194073e-2
153	52	3.546653650468259e1	4.608096387580816e-2
153	53	2.607533581478936e1	3.387916402753996e-2
153	55	1.404300739451958e1	1.824579956853487e-2
153	56	1.278352892369014e1	1.660938429835514e-2
153	58	7.720300458467170e0	1.003083248599819e-2
153	59	6.251717896766956e0	8.122732438918192e-3
153	61	1.865089026110521e1	2.423272992163132e-2
153	62	9.746945841944152e0	1.266401243275578e-2
153	64	9.919048162310929e-1	1.288762154684892e-3
153	65	7.545463577435155e0	9.803670411744576e-3
153	67	2.987900126750945e0	3.882119072640616e-3
153	70	1.411620684142802e1	1.834090615071471e-2
153	71	1.919712262250880e1	2.494243873997937e-2
153	73	2.880866983443632e1	3.743053043184728e-2
153	74	3.741211326137763e1	4.860881297184379e-2
153	76	7.507839308284707e1	9.754785948855267e-2
153	77	7.507839308284707e1	9.754785948855267e-2
153	79	3.741211326137763e1	4.860881297184379e-2
153	80	2.880866983443632e1	3.743053043184728e-2
153	82	1.919712262250880e1	2.494243873997937e-2
153	83	1.411620684142802e1	1.834090615071471e-2
153	86	2.987900126750945e0	3.882119072640616e-3
153	88	7.545463577435155e0	9.803670411744576e-3
153	89	9.919048162310929e-1	1.288762154684892e-3
153	91	9.746945841944152e0	1.266401243275578e-2
153	92	1.865089026110521e1	2.423272992163132e-2
153	94	6.251717896766956e0	8.122732438918192e-3
153	95	7.720300458467170e0	1.003083248599819e-2
153	97	1.278352892369014e1	1.660938429835514e-2
153	98	1.404300739451958e1	1.824579956853487e-2
153	100	2.607533581478936e1	3.387916402753996e-2
153	101	3.546653650468259e1	4.608096387580816e-2
153	103	1.622138346475947e1	2.107612017194073e-2
153	104	3.752885940399390e0	4.876049890767882e-3
153	106	4.456044618914575e-1	5.789649944704392e-4
153	107	1.589653942074382e1	2.065405678112780e-2
153	109	2.135379250138540e1	2.774455692164718e-2
153	110	1.079565757719795e1	1.402658268491407e-2
153	112	2.103736232707523e1	2.733342550401701e-2
153	113	2.559995360717920e1	3.326150940165921e-2
153	115	9.976595846534646e0	1.296239210578127e-2
153	116	9.397329860481234e0	1.220976335743175e-2
153	118	1.996508886678975e1	2.594024197221430e-2
153	121	2.958084822335485e1	3.843380641964318e-2
153	122	4.167564006153288e1	5.414832835236465e-2
153	124	2.559601940257275e1	3.325639776804013e-2
153	125	3.348778456995447e1	4.351001093228200e-2
153	127	4.183601056980559e1	5.435669455687082e-2
153	128	2.725299753536634e1	3.540927642508589e-2
153	130	4.162706238391512e1	5.408521234420358e-2
153	131	5.334078091252929e1	6.930461332228295e-2
153	133	4.676131347430774e1	6.075604243764882e-2
153	134	3.583727086435714e1	4.656265163896001e-2
153	137	5.298610121869829e1	6.884378506642125e-2
153	139	6.603166032584139e1	8.579361995871787e-2
153	140	6.440647256911592e1	8.368204590357481e-2
153	142	7.464071834386132e1	9.697919742497922e-2
153	143	7.405682621792047e1	9.622055802529336e-2
153	145	8.245944649395194e1	1.071379150486051e-1
153	146	9.291293974590307e1	1.207199304465723e-1
153	148	1.068797578405521e2	1.388667387765746e-1
153	149	1.168510731980001e2	1.518222700481490e-1
153	151	1.504725294362988e2	1.955059579144440e-1
153	152	1.839123219059858e2	2.389536136675430e-1
154	1	1.854316231929591e2	2.390535596320565e-1
154	3	1.320206202423846e2	1.701975028333372e-1
154	5	1.087001601439695e2	1.401333805288998e-1
154	9	7.726833708348434e1	9.961230295350147e-2
154	13	6.668389328968040e1	8.596711707815971e-2
154	15	5.506911209001705e1	7.099364738449401e-2
154	17	4.288141530460687e1	5.528159002286107e-2
154	19	4.024613844467539e1	5.188426057529935e-2
154	23	3.973391785013246e1	5.122391928974140e-2
154	25	2.998295014121002e1	3.865322880805631e-2
154	27	3.376121841045043e1	4.352407264501552e-2
154	29	2.850621333555092e1	3.674945865303195e-2
154	31	4.874724769443699e1	6.284366648451579e-2
154	37	1.278494415374239e1	1.648201292219081e-2
154	39	4.020279767369792e1	5.182838679605416e-2
154	41	1.753282785633286e1	2.260285941147710e-2
154	43	1.420318259190321e1	1.831036852417222e-2
154	45	1.356624571615639e1	1.748924629708717e-2
154	47	6.371192734687704e0	8.213573694191897e-3
154	51	3.398172435878906e1	4.380834309987500e-2
154	53	2.793388810948117e1	3.601163206119531e-2
154	57	6.971903437830936e0	8.987994094675765e-3
154	59	4.022325277718927e0	5.185475697616719e-3
154	61	8.377502903675008e0	1.080005586677862e-2
154	65	3.490061253686076e0	4.499294951214415e-3
154	67	2.477406758894666e0	3.193807475621414e-3
154	69	9.901547326049926e0	1.276481375398639e-2
154	71	2.162265953335233e1	2.787536257923543e-2
154	73	2.347093107552977e1	3.025810552089850e-2
154	75	4.272379916520386e1	5.507839545156325e-2
154	79	4.272379916520386e1	5.507839545156325e-2
154	81	2.347093107552977e1	3.025810552089850e-2
154	83	2.162265953335233e1	2.787536257923543e-2
154	85	9.901547326049926e0	1.276481375398639e-2
154	87	2.477406758894666e0	3.193807475621414e-3
154	89	3.490061253686076e0	4.499294951214415e-3
154	93	8.377502903675008e0	1.080005586677862e-2
154	95	4.022325277718927e0	5.185475697616719e-3
154	97	6.971903437830936e0	8.987994094675765e-3
154	101	2.793388810948117e1	3.601163206119531e-2
154	103	3.398172435878906e1	4.380834309987500e-2
154	107	6.371192734687704e0	8.213573694191897e-3
154	109	1.356624571615639e1	1.748924629708717e-2
154	111	1.420318259190321e1	1.831036852417222e-2
154	113	1.753282785633286e1	2.260285941147710e-2
154	115	4.020279767369792e1	5.182838679605416e-2
154	117	1.278494415374239e1	1.648201292219081e-2
154	123	4.874724769443699e1	6.284366648451579e-2
154	125	2.850621333555092e1	3.674945865303195e-2
154	127	3.376121841045043e1	4.352407264501552e-2
154	129	2.998295014121002e1	3.865322880805631e-2
154	131	3.973391785013246e1	5.122391928974140e-2
154	135	4.024613844467539e1	5.188426057529935e-2
154	137	4.288141530460687e1	5.528159002286107e-2
154	139	5.506911209001705e1	7.099364738449401e-2
154	141	6.668389328968040e1	8.596711707815971e-2
154	145	7.726833708348434e1	9.961230295350147e-2
154	149	1.087001601439695e2	1.401333805288998e-1
154	151	1.320206202423846e2	1.701975028333372e-1
154	153	1.854316231929591e2	2.390535596320565e-1
155	1	1.869529914895600e2	2.391526203381958e-1
155	2	1.530719388581645e2	1.958115512702155e-1
155	3	1.335771835975197e2	1.708736149136562e-1
155	4	1.200091704430939e2	1.535172416734598e-1
155	6	1.014896147292038e2	1.298267928542798e-1
155	7	9.099986166893156e1	1.164081686799520e-1
155	8	8.616180927407382e1	1.102192711483053e-1
155	9	7.975875395574765e1	1.020284021745203e-1
155	11	6.753927503045334e1	8.639709089745688e-2
155	12	7.287993151830241e1	9.322892591233878e-2
155	13	6.997666633859855e1	8.951503254411419e-2
155	14	5.445923921350432e1	6.966494441069956e-2
155	16	5.510432254397697e1	7.049014312824797e-2
155	17	4.689673290393406e1	5.999089113213053e-2
155	18	4.988791089602308e1	6.381724367672717e-2
155	19	4.312605423814154e1	5.516739151229176e-2
155	21	4.213260632437993e1	5.389656043410133e-2
155	22	2.813670421006286e1	3.599282624954971e-2
155	23	4.306907325796796e1	5.509450072509774e-2
155	24	3.973989018643535e1	5.083576782759795e-2
155	26	5.122985925164926e1	6.553388090755990e-2
155	27	3.741002443330291e1	4.785537422459448e-2
155	28	2.766838192715603e1	3.539374248936186e-2
155	29	2.455422163585176e1	3.141006943933652e-2
155	32	3.340007562918470e1	4.272579723154359e-2
155	33	2.635932808595799e1	3.371918433550758e-2
155	34	2.117019911613040e1	2.708118522931830e-2
155	36	1.982440847221881e1	2.535963289493879e-2
155	37	1.389196950517201e1	1.777078228248475e-2
155	38	2.939263386126846e0	3.759942727076433e-3
155	39	4.901610004767721e1	6.270201226395342e-2
155	41	2.197453841250656e1	2.811010618338649e-2
155	42	1.669876201005023e1	2.136126659053992e-2
155	43	1.264691116820731e1	1.617808798331034e-2
155	44	5.423014850615796e0	6.937188869374907e-3
155	46	9.419620943186899e0	1.204969769783809e-2
155	47	9.227348514867952e0	1.180374038693926e-2
155	48	4.996115718092935e0	6.391094124650556e-3
155	49	1.546165891533264e0	1.977874873739969e-3
155	51	2.301218525298511e1	2.943747708507089e-2
155	52	5.419463023403600e1	6.932645327289716e-2
155	53	3.120909274669731e1	3.992306434512036e-2
155	54	2.342366133294480e1	2.996384246678957e-2
155	56	1.280724073836294e1	1.638318358790545e-2
155	57	9.439192410273442e0	1.207473376492809e-2
155	58	2.523724817323299e0	3.228380558484435e-3
155	59	4.977899300648168e0	6.367791454121565e-3
155	61	3.454395275450324e0	4.418905925097017e-3
155	63	9.258584798453864e0	1.184369823414822e-2
155	64	2.356869557836776e0	3.014937209942779e-3
155	66	9.403806060759974e0	1.202946710113779e-2
155	67	1.027587597807275e0	1.314502991819552e-3
155	68	6.168600510534924e0	7.890951432014615e-3
155	69	3.463903602740704e-1	4.431069097070943e-4
155	71	1.640407853375841e1	2.098430377778121e-2
155	72	1.782835385816754e1	2.280625470352770e-2
155	73	2.045458365288433e1	2.616576091956937e-2
155	74	2.913851502548276e1	3.727435525682529e-2
155	76	4.939928568226200e1	6.319218815178898e-2
155	77	7.637808123554021e1	9.770380307021220e-2
155	78	7.637808123554021e1	9.770380307021220e-2
155	79	4.939928568226200e1	6.319218815178898e-2
155	81	2.913851502548276e1	3.727435525682529e-2
155	82	2.045458365288433e1	2.616576091956937e-2
155	83	1.782835385816754e1	2.280625470352770e-2
155	84	1.640407853375841e1	2.098430377778121e-2
155	86	3.463903602740704e-1	4.431069097070943e-4
155	87	6.168600510534924e0	7.890951432014615e-3
155	88	1.027587597807275e0	1.314502991819552e-3
155	89	9.403806060759974e0	1.202946710113779e-2
155	91	2.356869557836776e0	3.014937209942779e-3
155	92	9.258584798453864e0	1.184369823414822e-2
155	94	3.454395275450324e0	4.418905925097017e-3
155	96	4.977899300648168e0	6.367791454121565e-3
155	97	2.523724817323299e0	3.228380558484435e-3
155	98	9.439192410273442e0	1.207473376492809e-2
155	99	1.280724073836294e1	1.638318358790545e-2
155	101	2.342366133294480e1	2.996384246678957e-2
155	102	3.120909274669731e1	3.992306434512036e-2
155	103	5.419463023403600e1	6.932645327289716e-2
155	104	2.301218525298511e1	2.943747708507089e-2
155	106	1.546165891533264e0	1.977874873739969e-3
155	107	4.996115718092935e0	6.391094124650556e-3
155	108	9.227348514867952e0	1.180374038693926e-2
155	109	9.419620943186899e0	1.204969769783809e-2
155	111	5.423014850615796e0	6.937188869374907e-3
155	112	1.264691116820731e1	1.617808798331034e-2
155	113	1.669876201005023e1	2.136126659053992e-2
155	114	2.197453841250656e1	2.811010618338649e-2
155	116	4.901610004767721e1	6.270201226395342e-2
155	117	2.939263386126846e0	3.759942727076433e-3
155	118	1.389196950517201e1	1.777078228248475e-2
155	119	1.982440847221881e1	2.535963289493879e-2
155	121	2.117019911613040e1	2.708118522931830e-2
155	122	2.635932808595799e1	3.371918433550758e-2
155	123	3.340007562918470e1	4.272579723154359e-2
155	126	2.455422163585176e1	3.141006943933652e-2
155	127	2.766838192715603e1	3.539374248936186e-2
155	128	3.741002443330291e1	4.785537422459448e-2
155	129	5.122985925164926e1	6.553388090755990e-2
155	131	3.973989018643535e1	5.083576782759795e-2
155	132	4.306907325796796e1	5.509450072509774e-2
155	133	2.813670421006286e1	3.599282624954971e-2
155	134	4.213260632437993e1	5.389656043410133e-2
155	136	4.312605423814154e1	5.516739151229176e-2
155	137	4.988791089602308e1	6.381724367672717e-2
155	138	4.689673290393406e1	5.999089113213053e-2
155	139	5.510432254397697e1	7.049014312824797e-2
155	141	5.445923921350432e1	6.966494441069956e-2
155	142	6.997666633859855e1	8.951503254411419e-2
155	143	7.287993151830241e1	9.322892591233878e-2
155	144	6.753927503045334e1	8.639709089745688e-2
155	146	7.975875395574765e1	1.020284021745203e-1
155	147	8.616180927407382e1	1.102192711483053e-1
155	148	9.099986166893156e1	1.164081686799520e-1
155	149	1.014896147292038e2	1.298267928542798e-1
155	151	1.200091704430939e2	1.535172416734598e-1
155	152	1.335771835975197e2	1.708736149136562e-1
155	153	1.530719388581645e2	1.958115512702155e-1
155	154	1.869529914895600e2	2.391526203381958e-1
156	1	1.884764134594462e2	2.392508094935964e-1
156	5	1.089388498377576e2	1.382863114306495e-1
156	7	9.314098987229464e1	1.182326043612674e-1
156	11	7.039991901349107e1	8.936522773914875e-2
156	17	4.917998259602283e1	6.242876989757220e-2
156	19	4.442081943909651e1	5.638751721821920e-2
156	23	4.333893162578348e1	5.501417542777765e-2
156	25	3.434656815062428e1	4.359932408800826e-2
156	29	2.846849988579735e1	3.613774009027870e-2
156	31	6.079160790841109e0	7.716849623538782e-3
156	35	2.566742719355192e1	3.258207550196499e-2
156	37	1.447154451719508e1	1.837009033019677e-2
156	41	2.176163308108659e1	2.762408428189268e-2
156	43	1.625076575017793e1	2.062862290966425e-2
156	47	1.288535814950884e1	1.635659503117732e-2
156	49	3.931581589440949e-1	4.990725686035301e-4
156	53	3.686576940121464e1	4.679718278776916e-2
156	55	1.614618251388431e1	2.049586558749621e-2
156	59	9.736711414022709e0	1.235972207265981e-2
156	61	2.127664454281950e0	2.700844278996412e-3
156	67	9.221661337634766e0	1.170592064762331e-2
156	71	7.191791940994751e0	9.129216818224003e-3
156	73	2.070125037870391e1	2.627804094807972e-2
156	77	5.997736909581025e1	7.613490645372650e-2
156	79	5.997736909581025e1	7.613490645372650e-2
156	83	2.070125037870391e1	2.627804094807972e-2
156	85	7.191791940994751e0	9.129216818224003e-3
156	89	9.221661337634766e0	1.170592064762331e-2
156	95	2.127664454281950e0	2.700844278996412e-3
156	97	9.736711414022709e0	1.235972207265981e-2
156	101	1.614618251388431e1	2.049586558749621e-2
156	103	3.686576940121464e1	4.679718278776916e-2
156	107	3.931581589440949e-1	4.990725686035301e-4
156	109	1.288535814950884e1	1.635659503117732e-2
156	113	1.625076575017793e1	2.062862290966425e-2
156	115	2.176163308108659e1	2.762408428189268e-2
156	119	1.447154451719508e1	1.837009033019677e-2
156	121	2.566742719355192e1	3.258207550196499e-2
156	125	6.079160790841109e0	7.716849623538782e-3
156	127	2.846849988579735e1	3.613774009027870e-2
156	131	3.434656815062428e1	4.359932408800826e-2
156	133	4.333893162578348e1	5.501417542777765e-2
156	137	4.442081943909651e1	5.638751721821920e-2
156	139	4.917998259602283e1	6.242876989757220e-2
156	145	7.039991901349107e1	8.936522773914875e-2
156	149	9.314098987229464e1	1.182326043612674e-1
156	151	1.089388498377576e2	1.382863114306495e-1
156	155	1.884764134594462e2	2.392508094935964e-1
157	1	1.900018759372694e2	2.393481405052476e-1
157	2	1.556795628629472e2	1.961118210128538e-1
157	3	1.355418041009326e2	1.707439919329830e-1
157	4	1.211755846949596e2	1.526466553464469e-1
157	5	1.107596128095678e2	1.395255033050504e-1
157	6	1.007037184450333e2	1.268579461801767e-1
157	7	9.483309776158043e1	1.194626394903627e-1
157	8	8.871520963218141e1	1.117558463844134e-1
157	9	8.325799525638733e1	1.048813136633993e-1
157	10	7.835329622014007e1	9.870279259210608e-2
157	11	7.207123717931402e1	9.078919098923392e-2
157	12	6.434405924283415e1	8.105515198921764e-2
157	13	5.994930404564207e1	7.551901462617928e-2
157	14	5.986219737578193e1	7.540928508085884e-2
157	15	6.106621106566582e1	7.692599872589524e-2
157	16	5.906967810374430e1	7.441093696907805e-2
157	17	5.171513607744581e1	6.514631287219062e-2
157	18	5.268870688461460e1	6.637273424932996e-2
157	19	4.563148746070575e1	5.748265178084014e-2
157	20	5.154050093514702e1	6.492632243067581e-2
157	21	4.797884647115862e1	6.043965423925601e-2
157	22	3.636365881413840e1	4.580783256058396e-2
157	23	4.564462742985428e1	5.749920439205244e-2
157	24	3.607818871061145e1	4.544822169825977e-2
157	25	3.461529797398300e1	4.360539685325680e-2
157	26	1.850397941098939e1	2.330973334931668e-2
157	27	3.869987523263779e1	4.875079853303716e-2
157	28	3.149956735895688e1	3.968046545274796e-2
157	29	3.029005009193632e1	3.815681887114295e-2
157	30	2.575992409163781e1	3.245015292862401e-2
157	31	1.292317023091157e1	1.627950644667676e-2
157	32	3.921998110164892e1	4.940598349897287e-2
157	33	2.716349767087287e1	3.421825508337917e-2
157	34	2.524832031131893e1	3.180567816809478e-2
157	35	3.210280189407907e1	4.044036881453221e-2
157	36	1.898830825475524e1	2.391984947357371e-2
157	37	1.923131708109627e1	2.422597124434134e-2
157	38	9.168174862067799e0	1.154928389121472e-2
157	39	1.055765866780379e1	1.329963695233325e-2
157	40	3.604286801110746e1	4.540372769678783e-2
157	41	2.783608921927611e1	3.506552848863235e-2
157	42	2.281595785632793e1	2.874159562804087e-2
157	43	2.135397727029329e1	2.689991731304522e-2
157	44	1.440165044454434e1	1.814196958374410e-2
157	45	2.700293299794176e1	3.401598941780447e-2
157	46	1.200065828468700e1	1.511740466303107e-2
157	47	1.442782769853439e0	1.817494545324615e-3
157	48	6.132310363140445e0	7.724961004613012e-3
157	49	1.238888989618332e0	1.560646569907937e-3
157	50	1.333318264690221e0	1.679600508053144e-3
157	51	1.268285460310723e1	1.597677733747413e-2
157	52	3.496296382561982e1	4.404335660863270e-2
157	53	4.366307936211660e1	5.500301932548306e-2
157	54	2.960674131878580e1	3.729604482121465e-2
157	55	2.363497368532671e1	2.977332183994387e-2
157	56	1.197233560396407e1	1.508172616811244e-2
157	57	6.182422891325244e0	7.788088488896422e-3
157	58	9.163784560584382e0	1.154375336426003e-2
157	59	1.889363115519950e1	2.380058334730358e-2
157	60	4.862385211478953e0	6.125217727702548e-3
157	61	9.869830387037687e-1	1.243316961259687e-3
157	62	5.221991630295647e0	6.578219190098340e-3
157	63	2.443901444511658e1	3.078618373826359e-2
157	64	8.193109642616351e0	1.032097998107808e-2
157	65	1.979188134215322e0	2.493212223814509e-3
157	66	3.140237544652291e0	3.955803137993440e-3
157	67	1.227429909016974e1	1.546211398569205e-2
157	68	2.879154034988161e0	3.626912424433722e-3
157	69	8.072570022213638e0	1.016913445924690e-2
157	70	4.101243614601769e0	5.166396531990269e-3
157	71	1.424647090775643e1	1.794648765288719e-2
157	72	1.401701869131401e1	1.765744334177506e-2
157	73	2.020152478007878e1	2.544815606493758e-2
157	74	2.271430257064085e1	2.861353897869618e-2
157	75	3.061501275299510e1	3.856617908547965e-2
157	76	3.720987337929538e1	4.687382141800794e-2
157	77	5.073825916560157e1	6.391572674666404e-2
157	78	7.768187710153647e1	9.785699611380973e-2
157	79	7.768187710153647e1	9.785699611380973e-2
157	80	5.073825916560157e1	6.391572674666404e-2
157	81	3.720987337929538e1	4.687382141800794e-2
157	82	3.061501275299510e1	3.856617908547965e-2
157	83	2.271430257064085e1	2.861353897869618e-2
157	84	2.020152478007878e1	2.544815606493758e-2
157	85	1.401701869131401e1	1.765744334177506e-2
157	86	1.424647090775643e1	1.794648765288719e-2
157	87	4.101243614601769e0	5.166396531990269e-3
157	88	8.072570022213638e0	1.016913445924690e-2
157	89	2.879154034988161e0	3.626912424433722e-3
157	90	1.227429909016974e1	1.546211398569205e-2
157	91	3.140237544652291e0	3.955803137993440e-3
157	92	1.979188134215322e0	2.493212223814509e-3
157	93	8.193109642616351e0	1.032097998107808e-2
157	94	2.443901444511658e1	3.078618373826359e-2
157	95	5.221991630295647e0	6.578219190098340e-3
157	96	9.869830387037687e-1	1.243316961259687e-3
157	97	4.862385211478953e0	6.125217727702548e-3
157	98	1.889363115519950e1	2.380058334730358e-2
157	99	9.163784560584382e0	1.154375336426003e-2
157	100	6.182422891325244e0	7.788088488896422e-3
157	101	1.197233560396407e1	1.508172616811244e-2
157	102	2.363497368532671e1	2.977332183994387e-2
157	103	2.960674131878580e1	3.729604482121465e-2
157	104	4.366307936211660e1	5.500301932548306e-2
157	105	3.496296382561982e1	4.404335660863270e-2
157	106	1.268285460310723e1	1.597677733747413e-2
157	107	1.333318264690221e0	1.679600508053144e-3
157	108	1.238888989618332e0	1.560646569907937e-3
157	109	6.132310363140445e0	7.724961004613012e-3
157	110	1.442782769853439e0	1.817494545324615e-3
157	111	1.200065828468700e1	1.511740466303107e-2
157	112	2.700293299794176e1	3.401598941780447e-2
157	113	1.440165044454434e1	1.814196958374410e-2
157	114	2.135397727029329e1	2.689991731304522e-2
157	115	2.281595785632793e1	2.874159562804087e-2
157	116	2.783608921927611e1	3.506552848863235e-2
157	117	3.604286801110746e1	4.540372769678783e-2
157	118	1.055765866780379e1	1.329963695233325e-2
157	119	9.168174862067799e0	1.154928389121472e-2
157	120	1.923131708109627e1	2.422597124434134e-2
157	121	1.898830825475524e1	2.391984947357371e-2
157	122	3.210280189407907e1	4.044036881453221e-2
157	123	2.524832031131893e1	3.180567816809478e-2
157	124	2.716349767087287e1	3.421825508337917e-2
157	125	3.921998110164892e1	4.940598349897287e-2
157	126	1.292317023091157e1	1.627950644667676e-2
157	127	2.575992409163781e1	3.245015292862401e-2
157	128	3.029005009193632e1	3.815681887114295e-2
157	129	3.149956735895688e1	3.968046545274796e-2
157	130	3.869987523263779e1	4.875079853303716e-2
157	131	1.850397941098939e1	2.330973334931668e-2
157	132	3.461529797398300e1	4.360539685325680e-2
157	133	3.607818871061145e1	4.544822169825977e-2
157	134	4.564462742985428e1	5.749920439205244e-2
157	135	3.636365881413840e1	4.580783256058396e-2
157	136	4.797884647115862e1	6.043965423925601e-2
157	137	5.154050093514702e1	6.492632243067581e-2
157	138	4.563148746070575e1	5.748265178084014e-2
157	139	5.268870688461460e1	6.637273424932996e-2
157	140	5.171513607744581e1	6.514631287219062e-2
157	141	5.906967810374430e1	7.441093696907805e-2
157	142	6.106621106566582e1	7.692599872589524e-2
157	143	5.986219737578193e1	7.540928508085884e-2
157	144	5.994930404564207e1	7.551901462617928e-2
157	145	6.434405924283415e1	8.105515198921764e-2
157	146	7.207123717931402e1	9.078919098923392e-2
157	147	7.835329622014007e1	9.870279259210608e-2
157	148	8.325799525638733e1	1.048813136633993e-1
157	149	8.871520963218141e1	1.117558463844134e-1
157	150	9.483309776158043e1	1.194626394903627e-1
157	151	1.007037184450333e2	1.268579461801767e-1
157	152	1.107596128095678e2	1.395255033050504e-1
157	153	1.211755846949596e2	1.526466553464469e-1
157	154	1.355418041009326e2	1.707439919329830e-1
157	155	1.556795628629472e2	1.961118210128538e-1
157	156	1.900018759372694e2	2.393481405052476e-1
158	1	1.915293659254073e2	2.394446264879878e-1
158	3	1.371044893727832e2	1.714041765296601e-1
158	5	1.119354363099059e2	1.399385342738186e-1
158	7	9.539083751133866e1	1.192549421751564e-1
158	9	8.303173352768428e1	1.038039379764329e-1
158	11	7.321797302622878e1	9.153505061098965e-2
158	13	6.319320891185471e1	7.900237246318370e-2
158	15	5.778879068368375e1	7.224592079439235e-2
158	17	5.282029336967328e1	6.603444519214377e-2
158	19	4.921547980096130e1	6.152780865445883e-2
158	21	4.091120524953541e1	5.114603816922535e-2
158	23	4.769276994631614e1	5.962415962062300e-2
158	25	3.800822303886486e1	4.751681145625228e-2
158	27	4.140913067347950e1	5.176853053001351e-2
158	29	3.270400941628022e1	4.088563276709548e-2
158	31	1.715263889887425e1	2.144374673084765e-2
158	33	3.166072163560935e1	3.958134372632504e-2
158	35	1.432722312562062e1	1.791149139636559e-2
158	37	1.701222565776325e1	2.126820604595400e-2
158	39	2.065358744615748e0	2.582053413996158e-3
158	41	2.941914161335668e1	3.677898342727690e-2
158	43	1.175917502450995e1	1.470098988709254e-2
158	45	4.515506512860835e-1	5.645159243085086e-4
158	47	8.811014919354028e0	1.101528304106887e-2
158	49	2.944337061221298e0	3.680927384020285e-3
158	51	7.840651834483023e0	9.802162403969496e-3
158	53	5.556281081197269e1	6.946306336479476e-2
158	55	2.543930000765224e1	3.180349738546340e-2
158	57	1.340189755052612e1	1.675467538730213e-2
158	59	1.632240123285914e0	2.040580695135362e-3
158	61	5.217836787127427e0	6.523192798829562e-3
158	63	1.958158787995922e1	2.448035043244805e-2
158	65	1.021786627077293e-1	1.277408903270888e-4
158	67	6.836090589199476e0	8.546288188550719e-3
158	69	7.342190951747462e0	9.179000627660099e-3
158	71	1.156195384010369e1	1.445442950922303e-2
158	73	1.264813563230231e1	1.581234343680499e-2
158	75	2.672596015992916e1	3.341204372033151e-2
158	77	4.344912417038363e1	5.431887302472198e-2
158	81	4.344912417038363e1	5.431887302472198e-2
158	83	2.672596015992916e1	3.341204372033151e-2
158	85	1.264813563230231e1	1.581234343680499e-2
158	87	1.156195384010369e1	1.445442950922303e-2
158	89	7.342190951747462e0	9.179000627660099e-3
158	91	6.836090589199476e0	8.546288188550719e-3
158	93	1.021786627077293e-1	1.277408903270888e-4
158	95	1.958158787995922e1	2.448035043244805e-2
158	97	5.217836787127427e0	6.523192798829562e-3
158	99	1.632240123285914e0	2.040580695135362e-3
158	101	1.340189755052612e1	1.675467538730213e-2
158	103	2.543930000765224e1	3.180349738546340e-2
158	105	5.556281081197269e1	6.946306336479476e-2
158	107	7.840651834483023e0	9.802162403969496e-3
158	109	2.944337061221298e0	3.680927384020285e-3
158	111	8.811014919354028e0	1.101528304106887e-2
158	113	4.515506512860835e-1	5.645159243085086e-4
158	115	1.175917502450995e1	1.470098988709254e-2
158	117	2.941914161335668e1	3.677898342727690e-2
158	119	2.065358744615748e0	2.582053413996158e-3
158	121	1.701222565776325e1	2.126820604595400e-2
158	123	1.432722312562062e1	1.791149139636559e-2
158	125	3.166072163560935e1	3.958134372632504e-2
158	127	1.715263889887425e1	2.144374673084765e-2
158	129	3.270400941628022e1	4.088563276709548e-2
158	131	4.140913067347950e1	5.176853053001351e-2
158	133	3.800822303886486e1	4.751681145625228e-2
158	135	4.769276994631614e1	5.962415962062300e-2
158	137	4.091120524953541e1	5.114603816922535e-2
158	139	4.921547980096130e1	6.152780865445883e-2
158	141	5.282029336967328e1	6.603444519214377e-2
158	143	5.778879068368375e1	7.224592079439235e-2
158	145	6.319320891185471e1	7.900237246318370e-2
158	147	7.321797302622878e1	9.153505061098965e-2
158	149	8.303173352768428e1	1.038039379764329e-1
158	151	9.539083751133866e1	1.192549421751564e-1
158	153	1.119354363099059e2	1.399385342738186e-1
158	155	1.371044893727832e2	1.714041765296601e-1
158	157	1.915293659254073e2	2.394446264879878e-1
159	1	1.930588705907787e2	2.395402802727073e-1
159	2	1.582952968029227e2	1.964069283425851e-1
159	4	1.243500085064515e2	1.542888746753689e-1
159	5	1.137659506249688e2	1.411565685368598e-1
159	7	9.709107181980144e1	1.204669978878642e-1
159	8	9.246238061149836e1	1.147238896538844e-1
159	10	8.304261167872906e1	1.030361900244664e-1
159	11	7.581699248412400e1	9.407090994319872e-2
159	13	6.544944105335864e1	8.120723697200784e-2
159	14	6.216667145640891e1	7.713409831270801e-2
159	16	6.559051640960699e1	8.138227803731549e-2
159	17	5.265580676884031e1	6.533337045221470e-2
159	19	4.851114911947102e1	6.019083309080656e-2
159	20	5.896377714625464e1	7.316006594428880e-2
159	22	4.024209040767000e1	4.993089198913672e-2
159	23	5.073674034510468e1	6.295226406949907e-2
159	25	3.545422501244756e1	4.399028633258234e-2
159	26	2.761119263910146e1	3.425894289754530e-2
159	28	3.170160452866768e1	3.933417413379550e-2
159	29	3.814526466203271e1	4.732922843824171e-2
159	31	1.935486104648386e1	2.401479313292686e-2
159	32	5.065112475033245e1	6.284603541756147e-2
159	34	2.280622460354159e1	2.829711691971123e-2
159	35	2.069497961896218e1	2.567756251237982e-2
159	37	1.963590385114930e1	2.436350061263074e-2
159	38	1.314685940883351e1	1.631213514230657e-2
159	40	5.060124551580891e1	6.278414711488470e-2
159	41	2.966075384274641e1	3.680196235919871e-2
159	43	1.861157303188820e1	2.309254895531022e-2
159	44	1.617243439584546e1	2.006615627667423e-2
159	46	1.704069356111236e1	2.114346001910747e-2
159	47	1.130721517822226e1	1.402957286866331e-2
159	49	1.005880525513474e1	1.248059217714414e-2
159	50	1.161968987335865e0	1.441727987130996e-3
159	52	1.710188941108068e1	2.121938955815470e-2
159	55	2.497636754728490e1	3.098974972847759e-2
159	56	1.845947206529146e1	2.290382772195358e-2
159	58	1.608221331763310e1	1.995421331183993e-2
159	59	7.227062360689115e0	8.967070708174400e-3
159	61	2.270485330342543e0	2.817133917343555e-3
159	62	1.292522650743978e0	1.603714126528322e-3
159	64	1.792092553832557e1	2.223561918217222e-2
159	65	3.717274048839379e0	4.612255654374355e-3
159	67	4.025360966933140e-1	4.994518466141054e-4
159	68	1.749293619503149e1	2.170458589200186e-2
159	70	7.172530694250513e0	8.899409840675963e-3
159	71	6.141779629971224e0	7.620492181656749e-3
159	73	1.630559400475194e1	2.023137577651309e-2
159	74	2.114307363745519e1	2.623354093725031e-2
159	76	3.256280672511939e1	4.040272185127793e-2
159	77	3.881016329068498e1	4.815420997559828e-2
159	79	7.898972834105609e1	9.800752282234339e-2
159	80	7.898972834105609e1	9.800752282234339e-2
159	82	3.881016329068498e1	4.815420997559828e-2
159	83	3.256280672511939e1	4.040272185127793e-2
159	85	2.114307363745519e1	2.623354093725031e-2
159	86	1.630559400475194e1	2.023137577651309e-2
159	88	6.141779629971224e0	7.620492181656749e-3
159	89	7.172530694250513e0	8.899409840675963e-3
159	91	1.749293619503149e1	2.170458589200186e-2
159	92	4.025360966933140e-1	4.994518466141054e-4
159	94	3.717274048839379e0	4.612255654374355e-3
159	95	1.792092553832557e1	2.223561918217222e-2
159	97	1.292522650743978e0	1.603714126528322e-3
159	98	2.270485330342543e0	2.817133917343555e-3
159	100	7.227062360689115e0	8.967070708174400e-3
159	101	1.608221331763310e1	1.995421331183993e-2
159	103	1.845947206529146e1	2.290382772195358e-2
159	104	2.497636754728490e1	3.098974972847759e-2
159	107	1.710188941108068e1	2.121938955815470e-2
159	109	1.161968987335865e0	1.441727987130996e-3
159	110	1.005880525513474e1	1.248059217714414e-2
159	112	1.130721517822226e1	1.402957286866331e-2
159	113	1.704069356111236e1	2.114346001910747e-2
159	115	1.617243439584546e1	2.006615627667423e-2
159	116	1.861157303188820e1	2.309254895531022e-2
159	118	2.966075384274641e1	3.680196235919871e-2
159	119	5.060124551580891e1	6.278414711488470e-2
159	121	1.314685940883351e1	1.631213514230657e-2
159	122	1.963590385114930e1	2.436350061263074e-2
159	124	2.069497961896218e1	2.567756251237982e-2
159	125	2.280622460354159e1	2.829711691971123e-2
159	127	5.065112475033245e1	6.284603541756147e-2
159	128	1.935486104648386e1	2.401479313292686e-2
159	130	3.814526466203271e1	4.732922843824171e-2
159	131	3.170160452866768e1	3.933417413379550e-2
159	133	2.761119263910146e1	3.425894289754530e-2
159	134	3.545422501244756e1	4.399028633258234e-2
159	136	5.073674034510468e1	6.295226406949907e-2
159	137	4.024209040767000e1	4.993089198913672e-2
159	139	5.896377714625464e1	7.316006594428880e-2
159	140	4.851114911947102e1	6.019083309080656e-2
159	142	5.265580676884031e1	6.533337045221470e-2
159	143	6.559051640960699e1	8.138227803731549e-2
159	145	6.216667145640891e1	7.713409831270801e-2
159	146	6.544944105335864e1	8.120723697200784e-2
159	148	7.581699248412400e1	9.407090994319872e-2
159	149	8.304261167872906e1	1.030361900244664e-1
159	151	9.246238061149836e1	1.147238896538844e-1
159	152	9.709107181980144e1	1.204669978878642e-1
159	154	1.137659506249688e2	1.411565685368598e-1
159	155	1.243500085064515e2	1.542888746753689e-1
159	157	1.582952968029227e2	1.964069283425851e-1
159	158	1.930588705907787e2	2.395402802727073e-1
160	1	1.945903772617387e2	2.396351144142704e-1
160	3	1.390812354737659e2	1.712764435972304e-1
160	7	9.925510925580555e1	1.222311698934796e-1
160	9	8.655710726220987e1	1.065937719738742e-1
160	11	7.468025590516160e1	9.196760867701544e-2
160	13	6.733549337373263e1	8.292264440729100e-2
160	17	5.502495955476988e1	6.776240770021137e-2
160	19	5.063532531540997e1	6.235663934728346e-2
160	21	4.674892716942392e1	5.757059865257796e-2
160	23	5.610425400120014e1	6.909154253101092e-2
160	27	4.731453170918082e1	5.826713211176113e-2
160	29	2.522630545772196e1	3.106581465988633e-2
160	31	2.301349846454722e1	2.834077622557117e-2
160	33	3.495394263976774e1	4.304525311878077e-2
160	37	2.466316127021237e1	3.037231108738400e-2
160	39	5.920251010795583e0	7.290699819266710e-3
160	41	3.308051759349721e1	4.073815843287170e-2
160	43	2.014560843083616e1	2.480901290804854e-2
160	47	9.089417181297160e0	1.119348015482499e-2
160	49	4.757563268779623e0	5.858867402850258e-3
160	51	2.923679824834697e0	3.600467603763237e-3
160	53	3.595028723513013e1	4.427223645919825e-2
160	57	1.464319558427109e1	1.803287448539884e-2
160	59	1.252136787779325e1	1.541987567032760e-2
160	61	8.850701546172008e0	1.089950545093330e-2
160	63	4.701210218695523e0	5.789469471695973e-3
160	67	3.244220488647813e-1	3.995208596242855e-4
160	69	1.536519828340546e0	1.892200991875973e-3
160	71	1.856387091788051e1	2.286112701962852e-2
160	73	1.211303997541191e1	1.491702601772595e-2
160	77	3.616075844992979e1	4.453142858549537e-2
160	79	6.215182956308166e1	7.653904061438802e-2
160	81	6.215182956308166e1	7.653904061438802e-2
160	83	3.616075844992979e1	4.453142858549537e-2
160	87	1.211303997541191e1	1.491702601772595e-2
160	89	1.856387091788051e1	2.286112701962852e-2
160	91	1.536519828340546e0	1.892200991875973e-3
160	93	3.244220488647813e-1	3.995208596242855e-4
160	97	4.701210218695523e0	5.789469471695973e-3
160	99	8.850701546172008e0	1.089950545093330e-2
160	101	1.252136787779325e1	1.541987567032760e-2
160	103	1.464319558427109e1	1.803287448539884e-2
160	107	3.595028723513013e1	4.427223645919825e-2
160	109	2.923679824834697e0	3.600467603763237e-3
160	111	4.757563268779623e0	5.858867402850258e-3
160	113	9.089417181297160e0	1.119348015482499e-2
160	117	2.014560843083616e1	2.480901290804854e-2
160	119	3.308051759349721e1	4.073815843287170e-2
160	121	5.920251010795583e0	7.290699819266710e-3
160	123	2.466316127021237e1	3.037231108738400e-2
160	127	3.495394263976774e1	4.304525311878077e-2
160	129	2.301349846454722e1	2.834077622557117e-2
160	131	2.522630545772196e1	3.106581465988633e-2
160	133	4.731453170918082e1	5.826713211176113e-2
160	137	5.610425400120014e1	6.909154253101092e-2
160	139	4.674892716942392e1	5.757059865257796e-2
160	141	5.063532531540997e1	6.235663934728346e-2
160	143	5.502495955476988e1	6.776240770021137e-2
160	147	6.733549337373263e1	8.292264440729100e-2
160	149	7.468025590516160e1	9.196760867701544e-2
160	151	8.655710726220987e1	1.065937719738742e-1
160	153	9.925510925580555e1	1.222311698934796e-1
160	157	1.390812354737659e2	1.712764435972304e-1
160	159	1.945903772617387e2	2.396351144142704e-1
161	1	1.961238734250512e2	2.397291411991669e-1
161	2	1.609190386631379e2	1.966970275857406e-1
161	3	1.406499271334628e2	1.719213762842378e-1
161	4	1.255325375800092e2	1.534428568080883e-1
161	5	1.140248451594478e2	1.393765976985383e-1
161	6	1.072384987116917e2	1.310814066165495e-1
161	8	8.937548962377895e1	1.092468193575195e-1
161	9	8.908597699569107e1	1.088929378412830e-1
161	10	7.735515698748686e1	9.455394199637643e-2
161	11	7.728340926263712e1	9.446624221683991e-2
161	12	7.225988262384313e1	8.832580808264748e-2
161	13	6.810694996458587e1	8.324953173507586e-2
161	15	6.382714399638996e1	7.801817365848374e-2
161	16	5.084409971120728e1	6.214853982817391e-2
161	17	5.853351974196996e1	7.154758966388326e-2
161	18	6.314931374326034e1	7.718963778661969e-2
161	19	5.407754984835801e1	6.610090019589680e-2
161	20	3.738717035906242e1	4.569965953415721e-2
161	22	4.476233276151966e1	5.471458116541449e-2
161	24	4.265219197510621e1	5.213528151309783e-2
161	25	4.003549328579473e1	4.893679823510287e-2
161	26	3.319282830427821e1	4.057276701908957e-2
161	27	5.353503309206504e1	6.543776279298408e-2
161	29	3.062306505507894e1	3.743165458816899e-2
161	30	2.869583693094808e1	3.507593554680848e-2
161	31	2.534481704920049e1	3.097986552553349e-2
161	32	5.952865259823230e0	7.276397572053541e-3
161	33	3.689001722381771e1	4.509197168833139e-2
161	34	3.070180842485113e1	3.752790539170939e-2
161	36	2.914395081291480e1	3.562368098038192e-2
161	37	1.759605880798535e1	2.150828449826831e-2
161	38	1.771161787326295e1	2.164953642743421e-2
161	39	8.269755903200855e0	1.010841488075492e-2
161	40	1.114683506022931e1	1.362517040587987e-2
161	41	3.766715539506698e1	4.604189513789998e-2
161	43	2.584140422611010e1	3.158686158048624e-2
161	44	2.522320112073202e1	3.083121007844929e-2
161	45	1.372726323134196e1	1.677931894773687e-2
161	47	1.576327779180941e1	1.926801149457455e-2
161	48	6.740860773543055e0	8.239592335005439e-3
161	50	4.623770347297621e0	5.651797892332715e-3
161	51	1.059907647368672e0	1.295562572861493e-3
161	52	9.119582280528363e0	1.114718769330075e-2
161	53	2.454361462539335e1	3.000052748967027e-2
161	54	5.693703680670568e1	6.959615215489337e-2
161	55	3.406870120627723e1	4.164337741918495e-2
161	57	1.909046309688229e1	2.333494767050329e-2
161	58	1.576532412188002e1	1.927051279613396e-2
161	59	1.127061195027044e1	1.377646727265933e-2
161	60	4.298815338773752e0	5.254593902010929e-3
161	61	9.273259167331146e0	1.133503238274123e-2
161	62	9.495863708014713e0	1.160712977931595e-2
161	64	1.309999794801985e1	1.601259042535570e-2
161	65	1.398528839784986e1	1.709471222696633e-2
161	66	4.815396594799433e0	5.886029426426822e-3
161	67	5.762763826907097e0	7.044029872712078e-3
161	68	3.601999957232537e0	4.402851836784575e-3
161	71	1.056792971904998e1	1.291755394974472e-2
161	72	8.445750126259421e0	1.032353883896069e-2
161	73	1.739495130282229e1	2.126246368788201e-2
161	74	1.687029314963607e1	2.062115548664184e-2
161	75	2.263147231553512e1	2.766324837220433e-2
161	76	2.577720167210406e1	3.150838452990656e-2
161	78	3.977030751445962e1	4.861265229554851e-2
161	79	5.227380048973654e1	6.389611361316536e-2
161	80	8.030158393149586e1	9.815546377217028e-2
161	81	8.030158393149586e1	9.815546377217028e-2
161	82	5.227380048973654e1	6.389611361316536e-2
161	83	3.977030751445962e1	4.861265229554851e-2
161	85	2.577720167210406e1	3.150838452990656e-2
161	86	2.263147231553512e1	2.766324837220433e-2
161	87	1.687029314963607e1	2.062115548664184e-2
161	88	1.739495130282229e1	2.126246368788201e-2
161	89	8.445750126259421e0	1.032353883896069e-2
161	90	1.056792971904998e1	1.291755394974472e-2
161	93	3.601999957232537e0	4.402851836784575e-3
161	94	5.762763826907097e0	7.044029872712078e-3
161	95	4.815396594799433e0	5.886029426426822e-3
161	96	1.398528839784986e1	1.709471222696633e-2
161	97	1.309999794801985e1	1.601259042535570e-2
161	99	9.495863708014713e0	1.160712977931595e-2
161	100	9.273259167331146e0	1.133503238274123e-2
161	101	4.298815338773752e0	5.254593902010929e-3
161	102	1.127061195027044e1	1.377646727265933e-2
161	103	1.576532412188002e1	1.927051279613396e-2
161	104	1.909046309688229e1	2.333494767050329e-2
161	106	3.406870120627723e1	4.164337741918495e-2
161	107	5.693703680670568e1	6.959615215489337e-2
161	108	2.454361462539335e1	3.000052748967027e-2
161	109	9.119582280528363e0	1.114718769330075e-2
161	110	1.059907647368672e0	1.295562572861493e-3
161	111	4.623770347297621e0	5.651797892332715e-3
161	113	6.740860773543055e0	8.239592335005439e-3
161	114	1.576327779180941e1	1.926801149457455e-2
161	116	1.372726323134196e1	1.677931894773687e-2
161	117	2.522320112073202e1	3.083121007844929e-2
161	118	2.584140422611010e1	3.158686158048624e-2
161	120	3.766715539506698e1	4.604189513789998e-2
161	121	1.114683506022931e1	1.362517040587987e-2
161	122	8.269755903200855e0	1.010841488075492e-2
161	123	1.771161787326295e1	2.164953642743421e-2
161	124	1.759605880798535e1	2.150828449826831e-2
161	125	2.914395081291480e1	3.562368098038192e-2
161	127	3.070180842485113e1	3.752790539170939e-2
161	128	3.689001722381771e1	4.509197168833139e-2
161	129	5.952865259823230e0	7.276397572053541e-3
161	130	2.534481704920049e1	3.097986552553349e-2
161	131	2.869583693094808e1	3.507593554680848e-2
161	132	3.062306505507894e1	3.743165458816899e-2
161	134	5.353503309206504e1	6.543776279298408e-2
161	135	3.319282830427821e1	4.057276701908957e-2
161	136	4.003549328579473e1	4.893679823510287e-2
161	137	4.265219197510621e1	5.213528151309783e-2
161	139	4.476233276151966e1	5.471458116541449e-2
161	141	3.738717035906242e1	4.569965953415721e-2
161	142	5.407754984835801e1	6.610090019589680e-2
161	143	6.314931374326034e1	7.718963778661969e-2
161	144	5.853351974196996e1	7.154758966388326e-2
161	145	5.084409971120728e1	6.214853982817391e-2
161	146	6.382714399638996e1	7.801817365848374e-2
161	148	6.810694996458587e1	8.324953173507586e-2
161	149	7.225988262384313e1	8.832580808264748e-2
161	150	7.728340926263712e1	9.446624221683991e-2
161	151	7.735515698748686e1	9.455394199637643e-2
161	152	8.908597699569107e1	1.088929378412830e-1
161	153	8.937548962377895e1	1.092468193575195e-1
161	155	1.072384987116917e2	1.310814066165495e-1
161	156	1.140248451594478e2	1.393765976985383e-1
161	157	1.255325375800092e2	1.534428568080883e-1
161	158	1.406499271334628e2	1.719213762842378e-1
161	159	1.609190386631379e2	1.966970275857406e-1
161	160	1.961238734250512e2	2.397291411991669e-1
162	1	1.976593467229370e2	2.398223726529062e-1
162	5	1.158557088142473e2	1.405690721631469e-1
162	7	9.737030746346737e1	1.181405207949214e-1
162	11	7.844783906463498e1	9.518167091964247e-2
162	13	7.062911809636805e1	8.569512629218716e-2
162	17	5.406949111980987e1	6.560313925687636e-2
162	19	4.834771367675291e1	5.866084047396450e-2
162	23	2.908440417030212e1	3.528844413866781e-2
162	25	4.444335034028401e1	5.392363125732424e-2
162	29	3.303399699925047e1	4.008053082191991e-2
162	31	2.547383291452747e1	3.090769625323640e-2
162	35	2.642355218080221e1	3.206000162896673e-2
162	37	2.036486245727100e1	2.470892327747472e-2
162	41	4.293597774648282e1	5.209471864625460e-2
162	43	2.221805816784200e1	2.695742707791631e-2
162	47	1.552113669520811e1	1.883197475974935e-2
162	49	1.055231760782343e1	1.280324906285641e-2
162	53	1.812835640137638e1	2.199534459946223e-2
162	55	3.852819443438183e1	4.674670414770584e-2
162	59	1.970158446039136e1	2.390416040854188e-2
162	61	1.526133437867325e1	1.851675360271777e-2
162	65	2.553845084021448e1	3.098609793021801e-2
162	67	4.088684409433999e-1	4.960848107394970e-4
162	71	5.208554732136873e0	6.319599728843152e-3
162	73	1.115353818112654e1	1.353271694164790e-2
162	77	2.885390188791458e1	3.500877305212123e-2
162	79	4.619016961444355e1	5.604306729650121e-2
162	83	4.619016961444355e1	5.604306729650121e-2
162	85	2.885390188791458e1	3.500877305212123e-2
162	89	1.115353818112654e1	1.353271694164790e-2
162	91	5.208554732136873e0	6.319599728843152e-3
162	95	4.088684409433999e-1	4.960848107394970e-4
162	97	2.553845084021448e1	3.098609793021801e-2
162	101	1.526133437867325e1	1.851675360271777e-2
162	103	1.970158446039136e1	2.390416040854188e-2
162	107	3.852819443438183e1	4.674670414770584e-2
162	109	1.812835640137638e1	2.199534459946223e-2
162	113	1.055231760782343e1	1.280324906285641e-2
162	115	1.552113669520811e1	1.883197475974935e-2
162	119	2.221805816784200e1	2.695742707791631e-2
162	121	4.293597774648282e1	5.209471864625460e-2
162	125	2.036486245727100e1	2.470892327747472e-2
162	127	2.642355218080221e1	3.206000162896673e-2
162	131	2.547383291452747e1	3.090769625323640e-2
162	133	3.303399699925047e1	4.008053082191991e-2
162	137	4.444335034028401e1	5.392363125732424e-2
162	139	2.908440417030212e1	3.528844413866781e-2
162	143	4.834771367675291e1	5.866084047396450e-2
162	145	5.406949111980987e1	6.560313925687636e-2
162	149	7.062911809636805e1	8.569512629218716e-2
162	151	7.844783906463498e1	9.518167091964247e-2
162	155	9.737030746346737e1	1.181405207949214e-1
162	157	1.158557088142473e2	1.405690721631469e-1
162	161	1.976593467229370e2	2.398223726529062e-1
163	1	1.991967849501946e2	2.399148205471605e-1
163	2	1.635506889632898e2	1.969822665702306e-1
163	3	1.426385722032601e2	1.717954808447570e-1
163	4	1.287228796501413e2	1.550352661530104e-1
163	5	1.170414815000051e2	1.409660604596023e-1
163	6	1.064766156910593e2	1.282416187207870e-1
163	7	9.952577632062464e1	1.198699505704857e-1
163	8	9.311081314440068e1	1.121436976612070e-1
163	9	8.473842290593731e1	1.020598978543277e-1
163	10	8.201262585013779e1	9.877691760113924e-2
163	11	8.015160703540336e1	9.653548586777297e-2
163	12	7.374697000993584e1	8.882166988917206e-2
163	13	6.847598423656329e1	8.247323607162076e-2
163	14	6.782070883995594e1	8.168401510490020e-2
163	15	6.739410706724910e1	8.117021119099840e-2
163	16	5.725459003875375e1	6.895806424829262e-2
163	17	5.757002112444697e1	6.933797295182922e-2
163	18	4.506268331862328e1	5.427399636226139e-2
163	19	5.177670470821533e1	6.236043830577229e-2
163	20	4.463707538266572e1	5.376138943638036e-2
163	21	4.943081489873307e1	5.953502256020154e-2
163	22	4.469027851252047e1	5.382546787697789e-2
163	23	3.431645194201390e1	4.133111591907487e-2
163	24	4.642556313434004e1	5.591546395169456e-2
163	25	3.455654688804116e1	4.162028893913548e-2
163	26	3.482104669720891e1	4.193885544746092e-2
163	27	1.888909927386367e1	2.275024099269267e-2
163	28	4.065686592342635e1	4.896758095000202e-2
163	29	3.487481844385965e1	4.200361873644395e-2
163	30	3.225415926105871e1	3.884726770540618e-2
163	31	2.460101704837146e1	2.962973821045051e-2
163	32	1.698728641420139e1	2.045967645845964e-2
163	33	4.504838171514605e1	5.425677135216581e-2
163	34	3.423380576266376e1	4.123157594260057e-2
163	35	3.219954403684653e1	3.878148852267849e-2
163	36	1.857024039186652e1	2.236620381321036e-2
163	37	2.070601540052438e1	2.493855495863361e-2
163	38	1.797495492861407e1	2.164923538861329e-2
163	39	1.352386691660859e1	1.628829554258657e-2
163	40	2.844727889321837e0	3.426221870211387e-3
163	41	5.219440240462459e1	6.286351805127142e-2
163	42	3.154071049454038e1	3.798798208575306e-2
163	43	2.563594319628404e1	3.087621475934708e-2
163	44	1.942592224335248e1	2.339679654037734e-2
163	45	1.862300634874025e1	2.242975571781328e-2
163	46	1.088559626672626e1	1.311073306496114e-2
163	47	2.005671650017776e1	2.415653215039864e-2
163	48	1.536278116565613e1	1.850310429149367e-2
163	49	1.726121880841552e1	2.078960367699566e-2
163	50	2.976929031738885e0	3.585446394678716e-3
163	51	5.528424053373303e0	6.658495341705895e-3
163	52	4.079423518169978e0	4.913303001061616e-3
163	53	1.278154626038930e1	1.539423629825776e-2
163	54	3.694358045549170e1	4.449525868384362e-2
163	55	4.597231716593429e1	5.536956947251923e-2
163	56	2.955199225446618e1	3.559274774597412e-2
163	57	2.023626694018584e1	2.437278469485850e-2
163	58	1.614711423219957e1	1.944776374950662e-2
163	59	1.119141902777804e1	1.347906939556668e-2
163	60	7.898954784489801e0	9.513588887013581e-3
163	61	2.977861142589830e0	3.586569039341834e-3
163	62	6.826558867361378e0	8.221983331845097e-3
163	63	4.678606161928516e0	5.634965233151584e-3
163	64	3.592250377512490e0	4.326546258750430e-3
163	65	2.052236581293537e1	2.471736535529240e-2
163	66	1.205646837970610e1	1.452094444432386e-2
163	67	2.121852895292621e0	2.555583197434055e-3
163	68	5.836950732553607e0	7.030088301341570e-3
163	69	3.718739472040613e0	4.478891129288754e-3
163	70	9.958416570057802e0	1.199402753883128e-2
163	71	4.790301501052767e0	5.769492340346859e-3
163	72	1.161609935535914e1	1.399055909961488e-2
163	73	9.327288470680118e0	1.123388984513143e-2
163	74	2.091791572687591e1	2.519377006556028e-2
163	75	1.856529003119126e1	2.236024154382260e-2
163	76	2.534322406315436e1	3.052366058377098e-2
163	77	2.533913176150334e1	3.051873177020365e-2
163	78	3.023746215705063e1	3.641833531110549e-2
163	79	4.138979683922850e1	4.985033108666764e-2
163	80	5.362478999520059e1	6.458629275464695e-2
163	81	8.161739411831981e1	9.830089611295426e-2
163	82	8.161739411831981e1	9.830089611295426e-2
163	83	5.362478999520059e1	6.458629275464695e-2
163	84	4.138979683922850e1	4.985033108666764e-2
163	85	3.023746215705063e1	3.641833531110549e-2
163	86	2.533913176150334e1	3.051873177020365e-2
163	87	2.534322406315436e1	3.052366058377098e-2
163	88	1.856529003119126e1	2.236024154382260e-2
163	89	2.091791572687591e1	2.519377006556028e-2
163	90	9.327288470680118e0	1.123388984513143e-2
163	91	1.161609935535914e1	1.399055909961488e-2
163	92	4.790301501052767e0	5.769492340346859e-3
163	93	9.958416570057802e0	1.199402753883128e-2
163	94	3.718739472040613e0	4.478891129288754e-3
163	95	5.836950732553607e0	7.030088301341570e-3
163	96	2.121852895292621e0	2.555583197434055e-3
163	97	1.205646837970610e1	1.452094444432386e-2
163	98	2.052236581293537e1	2.471736535529240e-2
163	99	3.592250377512490e0	4.326546258750430e-3
163	100	4.678606161928516e0	5.634965233151584e-3
163	101	6.826558867361378e0	8.221983331845097e-3
163	102	2.977861142589830e0	3.586569039341834e-3
163	103	7.898954784489801e0	9.513588887013581e-3
163	104	1.119141902777804e1	1.347906939556668e-2
163	105	1.614711423219957e1	1.944776374950662e-2
163	106	2.023626694018584e1	2.437278469485850e-2
163	107	2.955199225446618e1	3.559274774597412e-2
163	108	4.597231716593429e1	5.536956947251923e-2
163	109	3.694358045549170e1	4.449525868384362e-2
163	110	1.278154626038930e1	1.539423629825776e-2
163	111	4.079423518169978e0	4.913303001061616e-3
163	112	5.528424053373303e0	6.658495341705895e-3
163	113	2.976929031738885e0	3.585446394678716e-3
163	114	1.726121880841552e1	2.078960367699566e-2
163	115	1.536278116565613e1	1.850310429149367e-2
163	116	2.005671650017776e1	2.415653215039864e-2
163	117	1.088559626672626e1	1.311073306496114e-2
163	118	1.862300634874025e1	2.242975571781328e-2
163	119	1.942592224335248e1	2.339679654037734e-2
163	120	2.563594319628404e1	3.087621475934708e-2
163	121	3.154071049454038e1	3.798798208575306e-2
163	122	5.219440240462459e1	6.286351805127142e-2
163	123	2.844727889321837e0	3.426221870211387e-3
163	124	1.352386691660859e1	1.628829554258657e-2
163	125	1.797495492861407e1	2.164923538861329e-2
163	126	2.070601540052438e1	2.493855495863361e-2
163	127	1.857024039186652e1	2.236620381321036e-2
163	128	3.219954403684653e1	3.878148852267849e-2
163	129	3.423380576266376e1	4.123157594260057e-2
163	130	4.504838171514605e1	5.425677135216581e-2
163	131	1.698728641420139e1	2.045967645845964e-2
163	132	2.460101704837146e1	2.962973821045051e-2
163	133	3.225415926105871e1	3.884726770540618e-2
163	134	3.487481844385965e1	4.200361873644395e-2
163	135	4.065686592342635e1	4.896758095000202e-2
163	136	1.888909927386367e1	2.275024099269267e-2
163	137	3.482104669720891e1	4.193885544746092e-2
163	138	3.455654688804116e1	4.162028893913548e-2
163	139	4.642556313434004e1	5.591546395169456e-2
163	140	3.431645194201390e1	4.133111591907487e-2
163	141	4.469027851252047e1	5.382546787697789e-2
163	142	4.943081489873307e1	5.953502256020154e-2
163	143	4.463707538266572e1	5.376138943638036e-2
163	144	5.177670470821533e1	6.236043830577229e-2
163	145	4.506268331862328e1	5.427399636226139e-2
163	146	5.757002112444697e1	6.933797295182922e-2
163	147	5.725459003875375e1	6.895806424829262e-2
163	148	6.739410706724910e1	8.117021119099840e-2
163	149	6.782070883995594e1	8.168401510490020e-2
163	150	6.847598423656329e1	8.247323607162076e-2
163	151	7.374697000993584e1	8.882166988917206e-2
163	152	8.015160703540336e1	9.653548586777297e-2
163	153	8.201262585013779e1	9.877691760113924e-2
163	154	8.473842290593731e1	1.020598978543277e-1
163	155	9.311081314440068e1	1.121436976612070e-1
163	156	9.952577632062464e1	1.198699505704857e-1
163	157	1.064766156910593e2	1.282416187207870e-1
163	158	1.170414815000051e2	1.409660604596023e-1
163	159	1.287228796501413e2	1.550352661530104e-1
163	160	1.426385722032601e2	1.717954808447570e-1
163	161	1.635506889632898e2	1.969822665702306e-1
163	162	1.991967849501946e2	2.399148205471605e-1
164	1	2.007361760513919e2	2.400064964066722e-1
164	3	1.442131590019159e2	1.724257964290746e-1
164	5	1.188817964416230e2	1.421388212714601e-1
164	7	1.012319040029997e2	1.210360538008668e-1
164	9	8.724760006242320e1	1.043159794252121e-1
164	11	8.306738550620132e1	9.931798320150138e-2
164	13	7.099848851832773e1	8.488802972460045e-2
164	15	7.110557042526800e1	8.501606022622114e-2
164	17	5.995651924967229e1	7.168590338280117e-2
164	19	5.391433644933982e1	6.446167926394986e-2
164	21	5.158050401570649e1	6.167127567743742e-2
164	23	3.727243126612812e1	4.456409311319989e-2
164	25	3.893388823341084e1	4.655058340853108e-2
164	27	2.493457411427714e1	2.981256239048827e-2
164	29	3.883843246812410e1	4.643645348816026e-2
164	31	2.783168654620282e1	3.327644128945007e-2
164	33	5.256501863217990e1	6.284839237064596e-2
164	35	2.598212098559155e1	3.106504243345559e-2
164	37	2.369368470903397e1	2.832891592257746e-2
164	39	1.255872537193811e1	1.501560772524015e-2
164	43	2.556367975382291e1	3.056474091349852e-2
164	45	2.041707174912049e1	2.441129423595034e-2
164	47	2.852982130136916e1	3.411115319790201e-2
164	49	4.875860337006102e0	5.829732235974694e-3
164	51	2.559578838474074e0	3.060313100422651e-3
164	53	9.763058141934456e0	1.167301990579130e-2
164	55	5.831719551424959e1	6.972587627680325e-2
164	57	2.324194090918614e1	2.778879680300651e-2
164	59	1.345423779407406e1	1.608631059082864e-2
164	61	5.405152762135931e0	6.462570935151062e-3
164	63	5.503809537190887e-1	6.580528083650588e-4
164	65	9.169530364764432e0	1.096337939594046e-2
164	67	5.409555202096206e0	6.467834631069209e-3
164	69	5.301775268328115e0	6.338969546581399e-3
164	71	1.862463136115645e0	2.226819603613743e-3
164	73	4.175171426979526e-2	4.991966499501592e-5
164	75	1.397565022538928e1	1.670972772113610e-2
164	77	2.415444492083994e1	2.887981534835328e-2
164	79	3.495810053128495e1	4.179700637217429e-2
164	81	6.434220650176579e1	7.692956923524266e-2
164	83	6.434220650176579e1	7.692956923524266e-2
164	85	3.495810053128495e1	4.179700637217429e-2
164	87	2.415444492083994e1	2.887981534835328e-2
164	89	1.397565022538928e1	1.670972772113610e-2
164	91	4.175171426979526e-2	4.991966499501592e-5
164	93	1.862463136115645e0	2.226819603613743e-3
164	95	5.301775268328115e0	6.338969546581399e-3
164	97	5.409555202096206e0	6.467834631069209e-3
164	99	9.169530364764432e0	1.096337939594046e-2
164	101	5.503809537190887e-1	6.580528083650588e-4
164	103	5.405152762135931e0	6.462570935151062e-3
164	105	1.345423779407406e1	1.608631059082864e-2
164	107	2.324194090918614e1	2.778879680300651e-2
164	109	5.831719551424959e1	6.972587627680325e-2
164	111	9.763058141934456e0	1.167301990579130e-2
164	113	2.559578838474074e0	3.060313100422651e-3
164	115	4.875860337006102e0	5.829732235974694e-3
164	117	2.852982130136916e1	3.411115319790201e-2
164	119	2.041707174912049e1	2.441129423595034e-2
164	121	2.556367975382291e1	3.056474091349852e-2
164	125	1.255872537193811e1	1.501560772524015e-2
164	127	2.369368470903397e1	2.832891592257746e-2
164	129	2.598212098559155e1	3.106504243345559e-2
164	131	5.256501863217990e1	6.284839237064596e-2
164	133	2.783168654620282e1	3.327644128945007e-2
164	135	3.883843246812410e1	4.643645348816026e-2
164	137	2.493457411427714e1	2.981256239048827e-2
164	139	3.893388823341084e1	4.655058340853108e-2
164	141	3.727243126612812e1	4.456409311319989e-2
164	143	5.158050401570649e1	6.167127567743742e-2
164	145	5.391433644933982e1	6.446167926394986e-2
164	147	5.995651924967229e1	7.168590338280117e-2
164	149	7.110557042526800e1	8.501606022622114e-2
164	151	7.099848851832773e1	8.488802972460045e-2
164	153	8.306738550620132e1	9.931798320150138e-2
164	155	8.724760006242320e1	1.043159794252121e-1
164	157	1.012319040029997e2	1.210360538008668e-1
164	159	1.188817964416230e2	1.421388212714601e-1
164	161	1.442131590019159e2	1.724257964290746e-1
164	163	2.007361760513919e2	2.400064964066722e-1
165	1	2.022775081181258e2	2.400974115159294e-1
165	2	1.661901506644191e2	1.972627869761354e-1
165	4	1.299211257501143e2	1.542125285408476e-1
165	7	1.018034882617318e2	1.208377255698645e-1
165	8	9.569606150855344e1	1.135883908904747e-1
165	13	7.178782315668981e1	8.521002002960715e-2
165	14	7.018169223597316e1	8.330359019364848e-2
165	16	6.120308770231654e1	7.264625252120081e-2
165	17	5.981593868868346e1	7.099974772361510e-2
165	19	5.323934948182285e1	6.319353110634929e-2
165	23	3.926348015509537e1	4.660458812276973e-2
165	26	3.477636841699874e1	4.127851937927602e-2
165	28	4.536716137040766e1	5.384947695963969e-2
165	29	3.492099526001832e1	4.145018715869341e-2
165	31	3.303464599338108e1	3.921114644503144e-2
165	32	2.259523941331275e1	2.681988000638696e-2
165	34	3.718143617188668e1	4.413326357620277e-2
165	37	2.786516930651130e1	3.307513071616179e-2
165	38	1.514896045324371e1	1.798136740866380e-2
165	41	1.174392326416840e1	1.393968910830116e-2
165	43	2.607237978358925e1	3.094714264743844e-2
165	46	1.590475819797208e1	1.887847694806394e-2
165	47	1.486467370421943e-1	1.764392745696563e-4
165	49	9.543082925912959e0	1.132735680654871e-2
165	52	1.303365917214544e0	1.547056743444505e-3
165	53	8.117256478403061e0	9.634943040416280e-3
165	56	3.994545948422958e1	4.741407738905469e-2
165	58	2.165388898787973e1	2.570252493029072e-2
165	59	2.150849030714252e1	2.552994100236113e-2
165	61	9.677113293434665e0	1.148644688337375e-2
165	62	2.018017981592639e1	2.395327578833150e-2
165	64	2.205222230134948e0	2.617533477639975e-3
165	67	8.656087730691572e0	1.027451977893734e-2
165	68	6.283377036730915e0	7.458182455049426e-3
165	71	5.010686720939514e0	5.947536742010189e-3
165	73	1.277718745289923e1	1.516614309932770e-2
165	74	8.946798142830213e0	1.061958442851002e-2
165	76	2.065694058827749e1	2.451917670543685e-2
165	79	3.216812630989072e1	3.818261324344512e-2
165	82	8.293711036836135e1	9.844389375424650e-2
165	83	8.293711036836135e1	9.844389375424650e-2
165	86	3.216812630989072e1	3.818261324344512e-2
165	89	2.065694058827749e1	2.451917670543685e-2
165	91	8.946798142830213e0	1.061958442851002e-2
165	92	1.277718745289923e1	1.516614309932770e-2
165	94	5.010686720939514e0	5.947536742010189e-3
165	97	6.283377036730915e0	7.458182455049426e-3
165	98	8.656087730691572e0	1.027451977893734e-2
165	101	2.205222230134948e0	2.617533477639975e-3
165	103	2.018017981592639e1	2.395327578833150e-2
165	104	9.677113293434665e0	1.148644688337375e-2
165	106	2.150849030714252e1	2.552994100236113e-2
165	107	2.165388898787973e1	2.570252493029072e-2
165	109	3.994545948422958e1	4.741407738905469e-2
165	112	8.117256478403061e0	9.634943040416280e-3
165	113	1.303365917214544e0	1.547056743444505e-3
165	116	9.543082925912959e0	1.132735680654871e-2
165	118	1.486467370421943e-1	1.764392745696563e-4
165	119	1.590475819797208e1	1.887847694806394e-2
165	122	2.607237978358925e1	3.094714264743844e-2
165	124	1.174392326416840e1	1.393968910830116e-2
165	127	1.514896045324371e1	1.798136740866380e-2
165	128	2.786516930651130e1	3.307513071616179e-2
165	131	3.718143617188668e1	4.413326357620277e-2
165	133	2.259523941331275e1	2.681988000638696e-2
165	134	3.303464599338108e1	3.921114644503144e-2
165	136	3.492099526001832e1	4.145018715869341e-2
165	137	4.536716137040766e1	5.384947695963969e-2
165	139	3.477636841699874e1	4.127851937927602e-2
165	142	3.926348015509537e1	4.660458812276973e-2
165	146	5.323934948182285e1	6.319353110634929e-2
165	148	5.981593868868346e1	7.099974772361510e-2
165	149	6.120308770231654e1	7.264625252120081e-2
165	151	7.018169223597316e1	8.330359019364848e-2
165	152	7.178782315668981e1	8.521002002960715e-2
165	157	9.569606150855344e1	1.135883908904747e-1
165	158	1.018034882617318e2	1.208377255698645e-1
165	161	1.299211257501143e2	1.542125285408476e-1
165	163	1.661901506644191e2	1.972627869761354e-1
165	164	2.022775081181258e2	2.400974115159294e-1
166	1	2.038207693863490e2	2.401875769256223e-1
166	3	1.462134847274642e2	1.723016879794645e-1
166	5	1.191602744413725e2	1.404214971321874e-1
166	7	1.035173965396166e2	1.219875320820203e-1
166	9	9.078294958695264e1	1.069809360110848e-1
166	11	7.600976883382536e1	8.957184419349926e-2
166	13	7.370213144236419e1	8.685246561816184e-2
166	15	5.799764477349690e1	6.834589923038624e-2
166	17	6.096077746161119e1	7.183773012971038e-2
166	19	5.685742919710268e1	6.700224020441201e-2
166	21	5.729740074967643e1	6.752071386853886e-2
166	23	4.153420850709416e1	4.894496734006863e-2
166	25	4.354524073756635e1	5.131481885231004e-2
166	27	3.063683865672521e1	3.610322963540392e-2
166	29	3.788080706395858e1	4.463970618927799e-2
166	31	2.835475052857911e1	3.341395896156428e-2
166	33	5.816677508230227e0	6.854520668653484e-3
166	35	3.366537303771661e1	3.967213155249669e-2
166	37	3.426776860017384e1	4.038200979961040e-2
166	39	1.412056818372840e1	1.664003657269048e-2
166	41	2.814455743709391e0	3.316626207825678e-3
166	43	2.877719377235285e1	3.391177682093210e-2
166	45	1.716250227067572e1	2.022472904397828e-2
166	47	8.508092594322056e0	1.002615263715079e-2
166	49	1.249122268719126e1	1.471997441236119e-2
166	51	1.552910312471142e-1	1.829988996009725e-4
166	53	4.108615727017628e0	4.841697237047923e-3
166	55	3.794273355915792e1	4.471268194574388e-2
166	57	3.122591464068946e1	3.679741175256222e-2
166	59	1.714067038471093e1	2.019900179446692e-2
166	61	1.123246402638296e1	1.323662120167541e-2
166	63	1.004754576434530e1	1.184028339434298e-2
166	65	9.365795506801523e-1	1.103689155689255e-3
166	67	1.512768188877795e1	1.782684496926716e-2
166	69	3.040143376630732e0	3.582582252720711e-3
166	71	1.858594853107326e1	2.190215430931348e-2
166	73	1.012415934331255e1	1.193056678374998e-2
166	75	1.287621215901638e1	1.517365579457731e-2
166	77	1.966015942485798e1	2.316803173908704e-2
166	79	3.219633209603611e1	3.794097635546206e-2
166	81	4.694730915607350e1	5.532390277656660e-2
166	85	4.694730915607350e1	5.532390277656660e-2
166	87	3.219633209603611e1	3.794097635546206e-2
166	89	1.966015942485798e1	2.316803173908704e-2
166	91	1.287621215901638e1	1.517365579457731e-2
166	93	1.012415934331255e1	1.193056678374998e-2
166	95	1.858594853107326e1	2.190215430931348e-2
166	97	3.040143376630732e0	3.582582252720711e-3
166	99	1.512768188877795e1	1.782684496926716e-2
166	101	9.365795506801523e-1	1.103689155689255e-3
166	103	1.004754576434530e1	1.184028339434298e-2
166	105	1.123246402638296e1	1.323662120167541e-2
166	107	1.714067038471093e1	2.019900179446692e-2
166	109	3.122591464068946e1	3.679741175256222e-2
166	111	3.794273355915792e1	4.471268194574388e-2
166	113	4.108615727017628e0	4.841697237047923e-3
166	115	1.552910312471142e-1	1.829988996009725e-4
166	117	1.249122268719126e1	1.471997441236119e-2
166	119	8.508092594322056e0	1.002615263715079e-2
166	121	1.716250227067572e1	2.022472904397828e-2
166	123	2.877719377235285e1	3.391177682093210e-2
166	125	2.814455743709391e0	3.316626207825678e-3
166	127	1.412056818372840e1	1.664003657269048e-2
166	129	3.426776860017384e1	4.038200979961040e-2
166	131	3.366537303771661e1	3.967213155249669e-2
166	133	5.816677508230227e0	6.854520668653484e-3
166	135	2.835475052857911e1	3.341395896156428e-2
166	137	3.788080706395858e1	4.463970618927799e-2
166	139	3.063683865672521e1	3.610322963540392e-2
166	141	4.354524073756635e1	5.131481885231004e-2
166	143	4.153420850709416e1	4.894496734006863e-2
166	145	5.729740074967643e1	6.752071386853886e-2
166	147	5.685742919710268e1	6.700224020441201e-2
166	149	6.096077746161119e1	7.183773012971038e-2
166	151	5.799764477349690e1	6.834589923038624e-2
166	153	7.370213144236419e1	8.685246561816184e-2
166	155	7.600976883382536e1	8.957184419349926e-2
166	157	9.078294958695264e1	1.069809360110848e-1
166	159	1.035173965396166e2	1.219875320820203e-1
166	161	1.191602744413725e2	1.404214971321874e-1
166	163	1.462134847274642e2	1.723016879794645e-1
166	165	2.038207693863490e2	2.401875769256223e-1
167	1	2.053659482337611e2	2.402770034588882e-1
167	2	1.688373290801295e2	1.975387246633452e-1
167	3	1.477938594626396e2	1.729179836614666e-1
167	4	1.331269976987074e2	1.557578379552661e-1
167	5	1.210009280856715e2	1.415704047638702e-1
167	6	1.130585745661366e2	1.322778958523501e-1
167	7	1.056947996181129e2	1.236623206127647e-1
167	8	9.947400704633607e1	1.163840283197091e-1
167	9	9.057438158745884e1	1.059715166275009e-1
167	10	8.638874871398131e1	1.010743497258419e-1
167	11	7.889348977147199e1	9.230493895281235e-2
167	12	8.179955702787522e1	9.570502128498046e-2
167	13	7.600418905756105e1	8.892447338098383e-2
167	14	7.572147864818426e1	8.859370379334815e-2
167	15	6.164756076434225e1	7.212729908925958e-2
167	16	6.335394203358612e1	7.412375556930659e-2
167	17	6.355106048086050e1	7.435438304306696e-2
167	18	5.534642762464107e1	6.475500878395764e-2
167	19	5.811936168365781e1	6.799932602457066e-2
167	20	4.936776933264485e1	5.776001223530718e-2
167	21	6.225426166392349e1	7.283713572673980e-2
167	22	4.841516877903257e1	5.664547494962874e-2
167	23	4.178967577812715e1	4.889368543249163e-2
167	24	5.888167222573703e1	6.889122506786984e-2
167	25	4.103254990416711e1	4.800785242170818e-2
167	26	4.081905441423309e1	4.775806390021999e-2
167	27	3.328879919201716e1	3.894770767692258e-2
167	28	5.585208120112412e1	6.534662062219346e-2
167	29	3.708730754924821e1	4.339194107363999e-2
167	30	3.325187679686573e1	3.890450868242612e-2
167	31	3.161364592332590e1	3.698778778174432e-2
167	32	2.630608488043958e1	3.077797123704509e-2
167	33	1.309776366549531e1	1.532430976325096e-2
167	34	4.196616342063677e1	4.910017498080499e-2
167	35	3.159948400009344e1	3.697121841127771e-2
167	36	2.874436715521637e1	3.363074777380288e-2
167	37	1.481868793156415e1	1.733778146772280e-2
167	38	2.491150173905345e1	2.914631681152598e-2
167	39	2.004311854868774e1	2.345033588220855e-2
167	40	1.274694472656477e1	1.491385357941026e-2
167	41	2.208638939240235e0	2.584095126808463e-3
167	42	5.379537394337660e1	6.294028470753045e-2
167	43	3.278980429020374e1	3.836388645056954e-2
167	44	2.826959096301241e1	3.307526230136935e-2
167	45	2.201684174129275e1	2.575958090775986e-2
167	46	1.855667099001573e1	2.171120060555622e-2
167	47	1.299642598181129e1	1.520574524375553e-2
167	48	2.396465667802707e1	2.803851341977623e-2
167	49	1.151674001730950e1	1.347452099422234e-2
167	50	1.209155223398234e0	1.414704805219643e-3
167	51	5.747237195352495e0	6.724235168212493e-3
167	52	1.920943768361637e0	2.247493396274159e-3
167	53	2.560070912311998e0	2.995268557143718e-3
167	54	1.107034807007326e1	1.295224492863033e-2
167	55	2.609877219900862e1	3.053541656670334e-2
167	56	5.970317835695055e1	6.985238261725288e-2
167	57	3.495288804983619e1	4.089468227366028e-2
167	58	2.523190320843147e1	2.952118472720568e-2
167	59	2.353414198305595e1	2.753481364996369e-2
167	60	1.581868422741654e1	1.850777150503854e-2
167	61	1.499719331580906e1	1.754663176250889e-2
167	62	6.445777962205005e0	7.541523933447052e-3
167	63	1.308072280616267e1	1.530437205375226e-2
167	64	3.636122379143901e0	4.254242716402155e-3
167	65	4.535595817914595e0	5.306621576760635e-3
167	66	7.226180420392934e0	8.454590416756672e-3
167	67	2.664771830932899e1	3.117768042584154e-2
167	68	6.571235224649381e0	7.688308224326558e-3
167	69	2.585520095261523e0	3.025043957944968e-3
167	70	1.835188393648008e0	2.147160090563561e-3
167	71	7.842263573332853e0	9.175404237855239e-3
167	72	2.316109678255140e0	2.709835286518975e-3
167	73	1.023814626043778e1	1.197857349569798e-2
167	74	1.556129421528022e1	1.820662663964944e-2
167	75	1.110296100033623e1	1.299040187346463e-2
167	76	7.372507120526798e0	8.625791832261896e-3
167	77	2.377606993721862e1	2.781786799455727e-2
167	78	1.784627233641835e1	2.088003817957645e-2
167	79	2.845285385707301e1	3.328967885586047e-2
167	80	3.365643085654035e1	3.937783465507034e-2
167	81	4.122730512898583e1	4.823571493849766e-2
167	82	5.518390620271268e1	6.456485963511052e-2
167	83	8.426068532539087e1	9.858452753974581e-2
167	84	8.426068532539087e1	9.858452753974581e-2
167	85	5.518390620271268e1	6.456485963511052e-2
167	86	4.122730512898583e1	4.823571493849766e-2
167	87	3.365643085654035e1	3.937783465507034e-2
167	88	2.845285385707301e1	3.328967885586047e-2
167	89	1.784627233641835e1	2.088003817957645e-2
167	90	2.377606993721862e1	2.781786799455727e-2
167	91	7.372507120526798e0	8.625791832261896e-3
167	92	1.110296100033623e1	1.299040187346463e-2
167	93	1.556129421528022e1	1.820662663964944e-2
167	94	1.023814626043778e1	1.197857349569798e-2
167	95	2.316109678255140e0	2.709835286518975e-3
167	96	7.842263573332853e0	9.175404237855239e-3
167	97	1.835188393648008e0	2.147160090563561e-3
167	98	2.585520095261523e0	3.025043957944968e-3
167	99	6.571235224649381e0	7.688308224326558e-3
167	100	2.664771830932899e1	3.117768042584154e-2
167	101	7.226180420392934e0	8.454590416756672e-3
167	102	4.535595817914595e0	5.306621576760635e-3
167	103	3.636122379143901e0	4.254242716402155e-3
167	104	1.308072280616267e1	1.530437205375226e-2
167	105	6.445777962205005e0	7.541523933447052e-3
167	106	1.499719331580906e1	1.754663176250889e-2
167	107	1.581868422741654e1	1.850777150503854e-2
167	108	2.353414198305595e1	2.753481364996369e-2
167	109	2.523190320843147e1	2.952118472720568e-2
167	110	3.495288804983619e1	4.089468227366028e-2
167	111	5.970317835695055e1	6.985238261725288e-2
167	112	2.609877219900862e1	3.053541656670334e-2
167	113	1.107034807007326e1	1.295224492863033e-2
167	114	2.560070912311998e0	2.995268557143718e-3
167	115	1.920943768361637e0	2.247493396274159e-3
167	116	5.747237195352495e0	6.724235168212493e-3
167	117	1.209155223398234e0	1.414704805219643e-3
167	118	1.151674001730950e1	1.347452099422234e-2
167	119	2.396465667802707e1	2.803851341977623e-2
167	120	1.299642598181129e1	1.520574524375553e-2
167	121	1.855667099001573e1	2.171120060555622e-2
167	122	2.201684174129275e1	2.575958090775986e-2
167	123	2.826959096301241e1	3.307526230136935e-2
167	124	3.278980429020374e1	3.836388645056954e-2
167	125	5.379537394337660e1	6.294028470753045e-2
167	126	2.208638939240235e0	2.584095126808463e-3
167	127	1.274694472656477e1	1.491385357941026e-2
167	128	2.004311854868774e1	2.345033588220855e-2
167	129	2.491150173905345e1	2.914631681152598e-2
167	130	1.481868793156415e1	1.733778146772280e-2
167	131	2.874436715521637e1	3.363074777380288e-2
167	132	3.159948400009344e1	3.697121841127771e-2
167	133	4.196616342063677e1	4.910017498080499e-2
167	134	1.309776366549531e1	1.532430976325096e-2
167	135	2.630608488043958e1	3.077797123704509e-2
167	136	3.161364592332590e1	3.698778778174432e-2
167	137	3.325187679686573e1	3.890450868242612e-2
167	138	3.708730754924821e1	4.339194107363999e-2
167	139	5.585208120112412e1	6.534662062219346e-2
167	140	3.328879919201716e1	3.894770767692258e-2
167	141	4.081905441423309e1	4.775806390021999e-2
167	142	4.103254990416711e1	4.800785242170818e-2
167	143	5.888167222573703e1	6.889122506786984e-2
167	144	4.178967577812715e1	4.889368543249163e-2
167	145	4.841516877903257e1	5.664547494962874e-2
167	146	6.225426166392349e1	7.283713572673980e-2
167	147	4.936776933264485e1	5.776001223530718e-2
167	148	5.811936168365781e1	6.799932602457066e-2
167	149	5.534642762464107e1	6.475500878395764e-2
167	150	6.355106048086050e1	7.435438304306696e-2
167	151	6.335394203358612e1	7.412375556930659e-2
167	152	6.164756076434225e1	7.212729908925958e-2
167	153	7.572147864818426e1	8.859370379334815e-2
167	154	7.600418905756105e1	8.892447338098383e-2
167	155	8.179955702787522e1	9.570502128498046e-2
167	156	7.889348977147199e1	9.230493895281235e-2
167	157	8.638874871398131e1	1.010743497258419e-1
167	158	9.057438158745884e1	1.059715166275009e-1
167	159	9.947400704633607e1	1.163840283197091e-1
167	160	1.056947996181129e2	1.236623206127647e-1
167	161	1.130585745661366e2	1.322778958523501e-1
167	162	1.210009280856715e2	1.415704047638702e-1
167	163	1.331269976987074e2	1.557578379552661e-1
167	164	1.477938594626396e2	1.729179836614666e-1
167	165	1.688373290801295e2	1.975387246633452e-1
167	166	2.053659482337611e2	2.402770034588882e-1
168	1	2.069130331772613e2	2.403657017173517e-1
168	5	1.221963483505280e2	1.419524452740004e-1
168	11	8.058712022623125e1	9.361604440820390e-2
168	13	7.932050916144600e1	9.214465397563870e-2
168	17	6.591259603705413e1	7.656901624406678e-2
168	19	5.948453150509697e1	6.910169425771016e-2
168	23	4.512296697468469e1	5.241822351106926e-2
168	25	4.446055291333555e1	5.164871364386229e-2
168	29	4.187888446049534e1	4.864965389523412e-2
168	31	3.289801775648555e1	3.821680539752750e-2
168	37	2.114971538829685e1	2.456909602245836e-2
168	41	6.603724892175985e0	7.671382238625753e-3
168	43	3.639557775516261e1	4.227983347493398e-2
168	47	1.274445377075149e1	1.480491357442280e-2
168	53	3.326169663936804e0	3.863928207065684e-3
168	55	1.904454806684020e1	2.212357573461419e-2
168	59	2.128771378896734e1	2.472940531715908e-2
168	61	6.289232749791601e0	7.306044573191910e-3
168	65	2.661067041037036e0	3.091295105068692e-3
168	67	2.147291442515731e1	2.494454826969685e-2
168	71	4.879483612862464e0	5.668374217970220e-3
168	73	5.939763443211137e0	6.900074809881125e-3
168	79	2.845559294898237e1	3.305615147551336e-2
168	83	6.654811165926368e1	7.730727886647915e-2
168	85	6.654811165926368e1	7.730727886647915e-2
168	89	2.845559294898237e1	3.305615147551336e-2
168	95	5.939763443211137e0	6.900074809881125e-3
168	97	4.879483612862464e0	5.668374217970220e-3
168	101	2.147291442515731e1	2.494454826969685e-2
168	103	2.661067041037036e0	3.091295105068692e-3
168	107	6.289232749791601e0	7.306044573191910e-3
168	109	2.128771378896734e1	2.472940531715908e-2
168	113	1.904454806684020e1	2.212357573461419e-2
168	115	3.326169663936804e0	3.863928207065684e-3
168	121	1.274445377075149e1	1.480491357442280e-2
168	125	3.639557775516261e1	4.227983347493398e-2
168	127	6.603724892175985e0	7.671382238625753e-3
168	131	2.114971538829685e1	2.456909602245836e-2
168	137	3.289801775648555e1	3.821680539752750e-2
168	139	4.187888446049534e1	4.864965389523412e-2
168	143	4.446055291333555e1	5.164871364386229e-2
168	145	4.512296697468469e1	5.241822351106926e-2
168	149	5.948453150509697e1	6.910169425771016e-2
168	151	6.591259603705413e1	7.656901624406678e-2
168	155	7.932050916144600e1	9.214465397563870e-2
168	157	8.058712022623125e1	9.361604440820390e-2
168	163	1.221963483505280e2	1.419524452740004e-1
168	167	2.069130331772613e2	2.403657017173517e-1
169	1	2.084620128704630e2	2.404536820869698e-1
169	2	1.714921317920591e2	1.978102099780080e-1
169	3	1.498056553971376e2	1.727956136549295e-1
169	4	1.343405821935962e2	1.549571895491104e-1
169	5	1.240461711403205e2	1.430829444116276e-1
169	6	1.123198322964038e2	1.295570203663133e-1
169	7	1.038370722949284e2	1.197724517126359e-1
169	8	9.641814561530582e1	1.112149777983980e-1
169	9	9.413445079923491e1	1.085808152489440e-1
169	10	9.111570131426981e1	1.050987927021836e-1
169	11	8.175567668332759e1	9.430232980736677e-2
169	12	7.331074289453257e1	8.456139237452025e-2
169	14	6.420425063825377e1	7.405737025669021e-2
169	15	6.517121000964516e1	7.517272426329304e-2
169	16	6.341882676104865e1	7.315141112930544e-2
169	17	7.004115069619706e1	8.079003148153524e-2
169	18	5.816618032751224e1	6.709266614141332e-2
169	19	6.246015723988415e1	7.204561917664021e-2
169	20	5.472851857646845e1	6.312744286439517e-2
169	21	3.892122525369846e1	4.489427975255914e-2
169	22	4.839627287996883e1	5.582341767229054e-2
169	23	4.324593865425998e1	4.988268625797871e-2
169	24	3.001833161971114e1	3.462510156491910e-2
169	25	4.479150006314531e1	5.166543759257766e-2
169	27	3.452761131562551e1	3.982639887329913e-2
169	28	1.926249084884086e1	2.221861329549991e-2
169	29	4.329167193340319e1	4.993543800498756e-2
169	30	3.684489666154068e1	4.249930693073845e-2
169	31	3.570187195138097e1	4.118086767895457e-2
169	32	2.944442853516895e1	3.396312431573563e-2
169	33	2.096152620013164e1	2.417839148524455e-2
169	34	5.448862353650100e1	6.285073227870962e-2
169	35	3.687427797979795e1	4.253319725954343e-2
169	36	2.801243719865165e1	3.231137210994555e-2
169	37	2.530149764334652e1	2.918439761223028e-2
169	38	2.630112950096505e1	3.033743819543320e-2
169	40	1.608065299315085e1	1.854847398489185e-2
169	41	9.872314653320718e0	1.138737161953434e-2
169	42	1.234873131490411e1	1.424383211542942e-2
169	43	3.978524685462877e1	4.589089862083933e-2
169	44	2.827431450906051e1	3.261343848009987e-2
169	45	1.891088649288766e1	2.181304989878025e-2
169	46	1.225154257789355e1	1.413172828725572e-2
169	47	1.943890093977911e1	2.242209620031940e-2
169	48	5.256168976788719e0	6.062808119028889e-3
169	49	1.733637282716372e1	1.999690314280110e-2
169	50	1.088520188162543e1	1.255570181183693e-2
169	51	1.203772205868907e1	1.388509375446719e-2
169	53	1.985535452840172e0	2.290246093163793e-3
169	54	5.287706119313725e0	6.099185116152828e-3
169	55	1.490283231471151e1	1.718989879380944e-2
169	56	3.894764059470206e1	4.492474892975088e-2
169	57	4.830499194914124e1	5.571812829309099e-2
169	58	3.226394692298192e1	3.721534072066322e-2
169	59	2.364567538189080e1	2.727446421877309e-2
169	60	1.959911192162397e1	2.260689399616197e-2
169	61	1.318030933708766e1	1.520302844392734e-2
169	62	1.347645020065751e1	1.554461663105682e-2
169	63	3.798002248953666e0	4.380863509664876e-3
169	64	1.021508383674700e1	1.178274395200821e-2
169	66	1.051347325005751e-1	1.212692576306493e-4
169	67	1.015707042994593e1	1.171582750481649e-2
169	68	1.969641925378296e1	2.271913461971494e-2
169	69	6.680956156618522e0	7.706250580621506e-3
169	70	9.669834524899832e-1	1.115381783312579e-3
169	71	2.254318626661701e0	2.600278136596902e-3
169	72	1.050498509509842e1	1.211713497151526e-2
169	73	5.718260903241094e-1	6.595815085853002e-4
169	74	2.969854771155513e0	3.425624194810223e-3
169	75	1.993266096379583e1	2.299163121635107e-2
169	76	1.441024684303362e1	1.662171858305279e-2
169	77	1.077239162092741e1	1.242557909936516e-2
169	79	2.049391983738413e1	2.363902380793155e-2
169	80	3.078737960437007e1	3.551217166976219e-2
169	81	3.401399477057328e1	3.923396005081046e-2
169	82	4.284747668077195e1	4.942307422901700e-2
169	83	5.654647448614930e1	6.522439178249931e-2
169	84	8.558807276781292e1	9.872286541019051e-2
169	85	8.558807276781292e1	9.872286541019051e-2
169	86	5.654647448614930e1	6.522439178249931e-2
169	87	4.284747668077195e1	4.942307422901700e-2
169	88	3.401399477057328e1	3.923396005081046e-2
169	89	3.078737960437007e1	3.551217166976219e-2
169	90	2.049391983738413e1	2.363902380793155e-2
169	92	1.077239162092741e1	1.242557909936516e-2
169	93	1.441024684303362e1	1.662171858305279e-2
169	94	1.993266096379583e1	2.299163121635107e-2
169	95	2.969854771155513e0	3.425624194810223e-3
169	96	5.718260903241094e-1	6.595815085853002e-4
169	97	1.050498509509842e1	1.211713497151526e-2
169	98	2.254318626661701e0	2.600278136596902e-3
169	99	9.669834524899832e-1	1.115381783312579e-3
169	100	6.680956156618522e0	7.706250580621506e-3
169	101	1.969641925378296e1	2.271913461971494e-2
169	102	1.015707042994593e1	1.171582750481649e-2
169	103	1.051347325005751e-1	1.212692576306493e-4
169	105	1.021508383674700e1	1.178274395200821e-2
169	106	3.798002248953666e0	4.380863509664876e-3
169	107	1.347645020065751e1	1.554461663105682e-2
169	108	1.318030933708766e1	1.520302844392734e-2
169	109	1.959911192162397e1	2.260689399616197e-2
169	110	2.364567538189080e1	2.727446421877309e-2
169	111	3.226394692298192e1	3.721534072066322e-2
169	112	4.830499194914124e1	5.571812829309099e-2
169	113	3.894764059470206e1	4.492474892975088e-2
169	114	1.490283231471151e1	1.718989879380944e-2
169	115	5.287706119313725e0	6.099185116152828e-3
169	116	1.985535452840172e0	2.290246093163793e-3
169	118	1.203772205868907e1	1.388509375446719e-2
169	119	1.088520188162543e1	1.255570181183693e-2
169	120	1.733637282716372e1	1.999690314280110e-2
169	121	5.256168976788719e0	6.062808119028889e-3
169	122	1.943890093977911e1	2.242209620031940e-2
169	123	1.225154257789355e1	1.413172828725572e-2
169	124	1.891088649288766e1	2.181304989878025e-2
169	125	2.827431450906051e1	3.261343848009987e-2
169	126	3.978524685462877e1	4.589089862083933e-2
169	127	1.234873131490411e1	1.424383211542942e-2
169	128	9.872314653320718e0	1.138737161953434e-2
169	129	1.608065299315085e1	1.854847398489185e-2
169	131	2.630112950096505e1	3.033743819543320e-2
169	132	2.530149764334652e1	2.918439761223028e-2
169	133	2.801243719865165e1	3.231137210994555e-2
169	134	3.687427797979795e1	4.253319725954343e-2
169	135	5.448862353650100e1	6.285073227870962e-2
169	136	2.096152620013164e1	2.417839148524455e-2
169	137	2.944442853516895e1	3.396312431573563e-2
169	138	3.570187195138097e1	4.118086767895457e-2
169	139	3.684489666154068e1	4.249930693073845e-2
169	140	4.329167193340319e1	4.993543800498756e-2
169	141	1.926249084884086e1	2.221861329549991e-2
169	142	3.452761131562551e1	3.982639887329913e-2
169	144	4.479150006314531e1	5.166543759257766e-2
169	145	3.001833161971114e1	3.462510156491910e-2
169	146	4.324593865425998e1	4.988268625797871e-2
169	147	4.839627287996883e1	5.582341767229054e-2
169	148	3.892122525369846e1	4.489427975255914e-2
169	149	5.472851857646845e1	6.312744286439517e-2
169	150	6.246015723988415e1	7.204561917664021e-2
169	151	5.816618032751224e1	6.709266614141332e-2
169	152	7.004115069619706e1	8.079003148153524e-2
169	153	6.341882676104865e1	7.315141112930544e-2
169	154	6.517121000964516e1	7.517272426329304e-2
169	155	6.420425063825377e1	7.405737025669021e-2
169	157	7.331074289453257e1	8.456139237452025e-2
169	158	8.175567668332759e1	9.430232980736677e-2
169	159	9.111570131426981e1	1.050987927021836e-1
169	160	9.413445079923491e1	1.085808152489440e-1
169	161	9.641814561530582e1	1.112149777983980e-1
169	162	1.038370722949284e2	1.197724517126359e-1
169	163	1.123198322964038e2	1.295570203663133e-1
169	164	1.240461711403205e2	1.430829444116276e-1
169	165	1.343405821935962e2	1.549571895491104e-1
169	166	1.498056553971376e2	1.727956136549295e-1
169	167	1.714921317920591e2	1.978102099780080e-1
169	168	2.084620128704630e2	2.404536820869698e-1
170	1	2.100128761012666e2	2.405409547436888e-1
170	3	1.513917146959955e2	1.733984518915851e-1
170	7	1.060062637230707e2	1.214156405936908e-1
170	9	9.668000159662904e1	1.107336860500920e-1
170	11	8.437607300055630e1	9.664122283288229e-2
170	13	6.934394973010369e1	7.942398667848591e-2
170	19	6.700393722399403e1	7.674382319146057e-2
170	21	4.376677623975292e1	5.012884132726790e-2
170	23	4.737794250849294e1	5.426493716170654e-2
170	27	3.816970199489082e1	4.371816019369182e-2
170	29	4.416292445140316e1	5.058257478789821e-2
170	31	4.111051056323021e1	4.708645319495371e-2
170	33	2.280334769945480e1	2.611810822653687e-2
170	37	2.829988899478965e1	3.241364265048537e-2
170	39	1.983525244932250e1	2.271856207255357e-2
170	41	9.994712400431558e0	1.144757268134901e-2
170	43	4.570060338620637e1	5.234377517681375e-2
170	47	1.724530701073750e1	1.975213467964030e-2
170	49	2.163025101155780e1	2.477448681364150e-2
170	53	7.291566042110299e-1	8.351489155837022e-4
170	57	6.109488066089819e1	6.997580908819120e-2
170	59	2.678632915194522e1	3.068006737444395e-2
170	61	1.646700684692316e1	1.886069855459625e-2
170	63	9.875685236785298e0	1.131124338518671e-2
170	67	3.796845985751662e0	4.348766491760546e-3
170	69	1.005556799377443e1	1.151727441962304e-2
170	71	3.167191091031567e0	3.627583141735966e-3
170	73	1.070885959569984e1	1.226553037692634e-2
170	77	1.646810171543694e1	1.886195257636154e-2
170	79	2.072860901826263e1	2.374177953430476e-2
170	81	2.870011289657438e1	3.287204425534757e-2
170	83	4.971942976642012e1	5.694678977473587e-2
170	87	4.971942976642012e1	5.694678977473587e-2
170	89	2.870011289657438e1	3.287204425534757e-2
170	91	2.072860901826263e1	2.374177953430476e-2
170	93	1.646810171543694e1	1.886195257636154e-2
170	97	1.070885959569984e1	1.226553037692634e-2
170	99	3.167191091031567e0	3.627583141735966e-3
170	101	1.005556799377443e1	1.151727441962304e-2
170	103	3.796845985751662e0	4.348766491760546e-3
170	107	9.875685236785298e0	1.131124338518671e-2
170	109	1.646700684692316e1	1.886069855459625e-2
170	111	2.678632915194522e1	3.068006737444395e-2
170	113	6.109488066089819e1	6.997580908819120e-2
170	117	7.291566042110299e-1	8.351489155837022e-4
170	121	2.163025101155780e1	2.477448681364150e-2
170	123	1.724530701073750e1	1.975213467964030e-2
170	127	4.570060338620637e1	5.234377517681375e-2
170	129	9.994712400431558e0	1.144757268134901e-2
170	131	1.983525244932250e1	2.271856207255357e-2
170	133	2.829988899478965e1	3.241364265048537e-2
170	137	2.280334769945480e1	2.611810822653687e-2
170	139	4.111051056323021e1	4.708645319495371e-2
170	141	4.416292445140316e1	5.058257478789821e-2
170	143	3.816970199489082e1	4.371816019369182e-2
170	147	4.737794250849294e1	5.426493716170654e-2
170	149	4.376677623975292e1	5.012884132726790e-2
170	151	6.700393722399403e1	7.674382319146057e-2
170	157	6.934394973010369e1	7.942398667848591e-2
170	159	8.437607300055630e1	9.664122283288229e-2
170	161	9.668000159662904e1	1.107336860500920e-1
170	163	1.060062637230707e2	1.214156405936908e-1
170	167	1.513917146959955e2	1.733984518915851e-1
170	169	2.100128761012666e2	2.405409547436888e-1
171	1	2.115656117894891e2	2.406275296589202e-1
171	2	1.741544685693543e2	1.980773680393921e-1
171	4	1.375616141437210e2	1.564579002575960e-1
171	5	1.243436483002515e2	1.414242355654587e-1
171	7	1.077258195561418e2	1.225236824691035e-1
171	8	1.001848074105507e2	1.139467917902581e-1
171	10	8.546677792022086e1	9.720700573642102e-2
171	11	8.326057358775672e1	9.469774398091474e-2
171	13	7.261516039717770e1	8.259001316123729e-2
171	14	6.966603574668888e1	7.923577910920497e-2
171	16	6.559932037908629e1	7.461043539452859e-2
171	17	5.367675198473260e1	6.105011169325788e-2
171	20	5.307616499794889e1	6.036702448568818e-2
171	22	5.300492184163234e1	6.028599494329442e-2
171	23	4.840841755580715e1	5.505808733577035e-2
171	25	4.932191369021792e1	5.609706676308367e-2
171	26	4.130808960632601e1	4.698241587006992e-2
171	28	2.944511976660348e1	3.348987753737039e-2
171	29	4.772690615362769e1	5.428295945107422e-2
171	31	2.663439202185303e1	3.029305141783989e-2
171	32	2.675847409683157e1	3.043417814880763e-2
171	34	5.670895887201376e0	6.449884065506678e-3
171	35	4.085205417235338e1	4.646373668120932e-2
171	37	2.866411169713490e1	3.260158552804846e-2
171	40	1.836616014115306e1	2.088904575136320e-2
171	41	1.148572032033719e1	1.306346756289487e-2
171	43	5.540397279934729e1	6.301459388996641e-2
171	44	3.470700668451421e1	3.947456871516582e-2
171	46	1.993372139448350e1	2.267193659448030e-2
171	47	1.979827256182201e1	2.251788170000648e-2
171	49	3.007031371760577e1	3.420095186894498e-2
171	50	1.456843341532636e1	1.656964056719452e-2
171	52	6.136039583814449e0	6.978922682443113e-3
171	53	4.353479490613772e0	4.951499472842073e-3
171	55	6.295445649760262e0	7.160225719060207e-3
171	56	2.008839048979246e1	2.284785196184069e-2
171	58	4.164291590189066e1	4.736323590828452e-2
171	59	3.092764670042542e1	3.517605323823687e-2
171	61	1.271119153798960e1	1.445727683689551e-2
171	62	9.724021048174835e0	1.105977074148447e-2
171	64	3.447646981195917e0	3.921236391889010e-3
171	65	8.276179234002186e0	9.413044715763867e-3
171	67	6.100810438789237e-1	6.938854251341713e-4
171	68	1.456191053000504e1	1.656222165933024e-2
171	70	7.780955904069979e0	8.849794547160750e-3
171	71	1.253641043663501e0	1.425848675804343e-3
171	73	1.402523970438756e1	1.595183051912527e-2
171	74	1.462431711774303e0	1.663320078923145e-3
171	77	9.741532403518619e0	1.107968756133867e-2
171	79	1.336089548596881e1	1.519622800523302e-2
171	80	2.196207194894412e1	2.497891351324252e-2
171	82	3.551753745306874e1	4.039643883810379e-2
171	83	4.382692701636682e1	4.984725585263605e-2
171	85	8.691922756836688e1	9.885897255575034e-2
171	86	8.691922756836688e1	9.885897255575034e-2
171	88	4.382692701636682e1	4.984725585263605e-2
171	89	3.551753745306874e1	4.039643883810379e-2
171	91	2.196207194894412e1	2.497891351324252e-2
171	92	1.336089548596881e1	1.519622800523302e-2
171	94	9.741532403518619e0	1.107968756133867e-2
171	97	1.462431711774303e0	1.663320078923145e-3
171	98	1.402523970438756e1	1.595183051912527e-2
171	100	1.253641043663501e0	1.425848675804343e-3
171	101	7.780955904069979e0	8.849794547160750e-3
171	103	1.456191053000504e1	1.656222165933024e-2
171	104	6.100810438789237e-1	6.938854251341713e-4
171	106	8.276179234002186e0	9.413044715763867e-3
171	107	3.447646981195917e0	3.921236391889010e-3
171	109	9.724021048174835e0	1.105977074148447e-2
171	110	1.271119153798960e1	1.445727683689551e-2
171	112	3.092764670042542e1	3.517605323823687e-2
171	113	4.164291590189066e1	4.736323590828452e-2
171	115	2.008839048979246e1	2.284785196184069e-2
171	116	6.295445649760262e0	7.160225719060207e-3
171	118	4.353479490613772e0	4.951499472842073e-3
171	119	6.136039583814449e0	6.978922682443113e-3
171	121	1.456843341532636e1	1.656964056719452e-2
171	122	3.007031371760577e1	3.420095186894498e-2
171	124	1.979827256182201e1	2.251788170000648e-2
171	125	1.993372139448350e1	2.267193659448030e-2
171	127	3.470700668451421e1	3.947456871516582e-2
171	128	5.540397279934729e1	6.301459388996641e-2
171	130	1.148572032033719e1	1.306346756289487e-2
171	131	1.836616014115306e1	2.088904575136320e-2
171	134	2.866411169713490e1	3.260158552804846e-2
171	136	4.085205417235338e1	4.646373668120932e-2
171	137	5.670895887201376e0	6.449884065506678e-3
171	139	2.675847409683157e1	3.043417814880763e-2
171	140	2.663439202185303e1	3.029305141783989e-2
171	142	4.772690615362769e1	5.428295945107422e-2
171	143	2.944511976660348e1	3.348987753737039e-2
171	145	4.130808960632601e1	4.698241587006992e-2
171	146	4.932191369021792e1	5.609706676308367e-2
171	148	4.840841755580715e1	5.505808733577035e-2
171	149	5.300492184163234e1	6.028599494329442e-2
171	151	5.307616499794889e1	6.036702448568818e-2
171	154	5.367675198473260e1	6.105011169325788e-2
171	155	6.559932037908629e1	7.461043539452859e-2
171	157	6.966603574668888e1	7.923577910920497e-2
171	158	7.261516039717770e1	8.259001316123729e-2
171	160	8.326057358775672e1	9.469774398091474e-2
171	161	8.546677792022086e1	9.720700573642102e-2
171	163	1.001848074105507e2	1.139467917902581e-1
171	164	1.077258195561418e2	1.225236824691035e-1
171	166	1.243436483002515e2	1.414242355654587e-1
171	167	1.375616141437210e2	1.564579002575960e-1
171	169	1.741544685693543e2	1.980773680393921e-1
171	170	2.115656117894891e2	2.406275296589202e-1
172	1	2.131202089845503e2	2.407134166048412e-1
172	3	1.534147778412867e2	1.732777736461674e-1
172	5	1.261937997856821e2	1.425324273352271e-1
172	7	1.083106710822934e2	1.223339251364568e-1
172	9	9.236682384267736e1	1.043257880331760e-1
172	11	8.588483704709478e1	9.700456216076118e-2
172	13	7.489765839149089e1	8.459484594642544e-2
172	15	7.125711172673988e1	8.048294858034739e-2
172	17	5.772966994570098e1	6.520407500682812e-2
172	19	4.722633756531801e1	5.334084985767519e-2
172	21	4.937137299964331e1	5.576360840598499e-2
172	23	5.289231661147716e1	5.974041741211241e-2
172	25	5.217049458215933e1	5.892513927548891e-2
172	27	3.948140817439970e1	4.459316504667565e-2
172	29	5.151531733287233e1	5.818513458560486e-2
172	31	3.199464314335038e1	3.613706978227876e-2
172	33	2.598106615654993e1	2.934489991060826e-2
172	35	4.393053306959269e1	4.961832929330605e-2
172	37	3.148700404746355e1	3.556370538030423e-2
172	39	2.344469766716128e1	2.648014143576151e-2
172	41	1.749257255568011e1	1.975737976773044e-2
172	45	2.828033003705531e1	3.194185524858223e-2
172	47	2.727270442933319e1	3.080376982792226e-2
172	49	1.677786278466812e-1	1.895013473132176e-4
172	51	1.207664988360820e1	1.364024401287316e-2
172	53	1.120908135572971e1	1.266034921322230e-2
172	55	6.943910088118585e0	7.842955531396930e-3
172	57	3.995819937487516e1	4.513168759890294e-2
172	59	3.396538187865628e1	3.836296500109105e-2
172	61	1.832588351917732e1	2.069858159027664e-2
172	63	1.319972881928756e1	1.490873079323243e-2
172	65	1.243717020834589e1	1.404744180766036e-2
172	67	2.655812290977368e0	2.999666964800307e-3
172	69	2.776652212567232e1	3.136152333910779e-2
172	71	3.349407680845966e0	3.783063888218021e-3
172	73	6.230884820802014e0	7.037613095599139e-3
172	75	5.441440612968223e0	6.145957567519444e-3
172	77	9.359790263580710e0	1.057162576832199e-2
172	79	1.879953951834583e1	2.123356301882572e-2
172	81	2.236687582587015e1	2.526277129923299e-2
172	83	4.067985700888090e1	4.594678005554124e-2
172	85	6.876917527436707e1	7.767289275973865e-2
172	87	6.876917527436707e1	7.767289275973865e-2
172	89	4.067985700888090e1	4.594678005554124e-2
172	91	2.236687582587015e1	2.526277129923299e-2
172	93	1.879953951834583e1	2.123356301882572e-2
172	95	9.359790263580710e0	1.057162576832199e-2
172	97	5.441440612968223e0	6.145957567519444e-3
172	99	6.230884820802014e0	7.037613095599139e-3
172	101	3.349407680845966e0	3.783063888218021e-3
172	103	2.776652212567232e1	3.136152333910779e-2
172	105	2.655812290977368e0	2.999666964800307e-3
172	107	1.243717020834589e1	1.404744180766036e-2
172	109	1.319972881928756e1	1.490873079323243e-2
172	111	1.832588351917732e1	2.069858159027664e-2
172	113	3.396538187865628e1	3.836296500109105e-2
172	115	3.995819937487516e1	4.513168759890294e-2
172	117	6.943910088118585e0	7.842955531396930e-3
172	119	1.120908135572971e1	1.266034921322230e-2
172	121	1.207664988360820e1	1.364024401287316e-2
172	123	1.677786278466812e-1	1.895013473132176e-4
172	125	2.727270442933319e1	3.080376982792226e-2
172	127	2.828033003705531e1	3.194185524858223e-2
172	131	1.749257255568011e1	1.975737976773044e-2
172	133	2.344469766716128e1	2.648014143576151e-2
172	135	3.148700404746355e1	3.556370538030423e-2
172	137	4.393053306959269e1	4.961832929330605e-2
172	139	2.598106615654993e1	2.934489991060826e-2
172	141	3.199464314335038e1	3.613706978227876e-2
172	143	5.151531733287233e1	5.818513458560486e-2
172	145	3.948140817439970e1	4.459316504667565e-2
172	147	5.217049458215933e1	5.892513927548891e-2
172	149	5.289231661147716e1	5.974041741211241e-2
172	151	4.937137299964331e1	5.576360840598499e-2
172	153	4.722633756531801e1	5.334084985767519e-2
172	155	5.772966994570098e1	6.520407500682812e-2
172	157	7.125711172673988e1	8.048294858034739e-2
172	159	7.489765839149089e1	8.459484594642544e-2
172	161	8.588483704709478e1	9.700456216076118e-2
172	163	9.236682384267736e1	1.043257880331760e-1
172	165	1.083106710822934e2	1.223339251364568e-1
172	167	1.261937997856821e2	1.425324273352271e-1
172	169	1.534147778412867e2	1.732777736461674e-1
172	171	2.131202089845503e2	2.407134166048412e-1
173	1	2.146766568632111e2	2.407986251595286e-1
173	2	1.768242512919109e2	1.983403190086284e-1
173	3	1.550064219589694e2	1.738676847497246e-1
173	4	1.387901762137098e2	1.556782377098647e-1
173	5	1.273985837746410e2	1.429005103230752e-1
173	6	1.189472833686884e2	1.334208512474253e-1
173	7	1.100376899198497e2	1.234271337908611e-1
173	8	1.028003857018784e2	1.153091905966032e-1
173	9	9.489371836370995e1	1.064404358263169e-1
173	10	9.016375653900803e1	1.011349297639087e-1
173	11	8.706994576437502e1	9.766466247019893e-2
173	12	8.132246333020758e1	9.121782335644324e-2
173	13	7.680929790094069e1	8.615549358866857e-2
173	14	7.202595465755252e1	8.079011062852717e-2
173	15	6.800866895289474e1	7.628399949055185e-2
173	16	6.962456461173650e1	7.809651818138595e-2
173	17	6.004872104071910e1	6.735548093804489e-2
173	18	6.105617542206048e1	6.848552289734615e-2
173	19	5.167823549609852e1	5.796647031847550e-2
173	20	5.846080779385033e1	6.557434957376133e-2
173	21	5.149895603914011e1	5.776537604308606e-2
173	22	5.704672973275778e1	6.398820575190974e-2
173	23	4.446573542816993e1	4.987634945625780e-2
173	24	4.214448604580881e1	4.727264923056853e-2
173	25	5.586030010707934e1	6.265741074659185e-2
173	26	4.740188654053932e1	5.316977297724022e-2
173	27	4.011874186578596e1	4.500041143535619e-2
173	28	3.400673507752305e1	3.814469245275063e-2
173	29	5.818057615585082e1	6.526001920294937e-2
173	30	3.999957371615258e1	4.486674284272104e-2
173	31	3.479152429858915e1	3.902497523819175e-2
173	32	3.175799609148797e1	3.562232572647488e-2
173	33	3.045582639123993e1	3.416170733355889e-2
173	34	1.778124138218816e1	1.994487216739574e-2
173	35	4.846019431132667e1	5.435685619310946e-2
173	36	3.313843958780257e1	3.717074231205072e-2
173	37	2.448568953180545e1	2.746512108719272e-2
173	38	2.402478604902674e1	2.694813462668961e-2
173	39	2.614543299281997e1	2.932682300378476e-2
173	40	2.699485024829564e1	3.027959779678730e-2
173	41	1.722263460978631e1	1.931829382970122e-2
173	42	8.972492638642809e0	1.006427025280098e-2
173	43	1.296107634599261e1	1.453818691936948e-2
173	44	4.143271505419978e1	4.647426957107392e-2
173	45	3.004738340661680e1	3.370356479216476e-2
173	46	2.180821098933915e1	2.446184555020297e-2
173	47	1.587472515283745e1	1.780637004247909e-2
173	48	1.378375029000933e1	1.546096426073651e-2
173	49	8.154822666304549e0	9.147105769012974e-3
173	50	2.023200518766966e1	2.269384619919608e-2
173	51	1.425656164174197e1	1.599130754593860e-2
173	52	1.864547907138686e1	2.091427075227634e-2
173	53	4.419177995544485e0	4.956905893780539e-3
173	54	1.695396018680324e0	1.901692696189558e-3
173	55	5.294105578733949e0	5.938295124564094e-3
173	56	1.028428378820889e1	1.153568083803859e-2
173	57	2.767680524266898e1	3.104453343285140e-2
173	58	6.249220144906778e1	7.009628532512605e-2
173	59	3.785914782095623e1	4.246586880103356e-2
173	60	2.721370814176644e1	3.052508643361966e-2
173	61	1.757465497557656e1	1.971314821838522e-2
173	62	1.824997999056042e1	2.047064713568748e-2
173	63	2.136548290507803e1	2.396524608024980e-2
173	64	9.021874087421292e0	1.011966046218840e-2
173	65	2.148218765676223e1	2.409615152738021e-2
173	66	7.953429472764010e0	8.921206945966046e-3
173	67	4.370603950119294e0	4.902421333010267e-3
173	68	1.671941551497625e0	1.875384277128226e-3
173	69	2.243294254849775e1	2.516259477341738e-2
173	70	1.240735518866819e1	1.391708868095960e-2
173	71	4.775876023302317e0	5.357007124795752e-3
173	72	6.519262351989076e0	7.312529617104655e-3
173	73	3.182238565927912e0	3.569455025067458e-3
173	74	1.969240065534513e1	2.208858230412625e-2
173	75	1.490835250833406e0	1.672240866731910e-3
173	76	8.401746779239611e0	9.424075737626681e-3
173	77	2.803928335413390e-1	3.145111807119328e-4
173	78	1.303356430245502e1	1.461949524842501e-2
173	79	1.383435996491515e1	1.551773214745117e-2
173	80	1.638981788890452e1	1.838413953305599e-2
173	81	2.291192765515381e1	2.569986303928273e-2
173	82	2.603408384356414e1	2.920192483159751e-2
173	83	3.749116531159173e1	4.205310998676627e-2
173	84	4.546516839331857e1	5.099739394923335e-2
173	85	5.812832386224650e1	6.520140882283072e-2
173	86	8.825410565571397e1	9.899291155871145e-2
173	87	8.825410565571397e1	9.899291155871145e-2
173	88	5.812832386224650e1	6.520140882283072e-2
173	89	4.546516839331857e1	5.099739394923335e-2
173	90	3.749116531159173e1	4.205310998676627e-2
173	91	2.603408384356414e1	2.920192483159751e-2
173	92	2.291192765515381e1	2.569986303928273e-2
173	93	1.638981788890452e1	1.838413953305599e-2
173	94	1.383435996491515e1	1.551773214745117e-2
173	95	1.303356430245502e1	1.461949524842501e-2
173	96	2.803928335413390e-1	3.145111807119328e-4
173	97	8.401746779239611e0	9.424075737626681e-3
173	98	1.490835250833406e0	1.672240866731910e-3
173	99	1.969240065534513e1	2.208858230412625e-2
173	100	3.182238565927912e0	3.569455025067458e-3
173	101	6.519262351989076e0	7.312529617104655e-3
173	102	4.775876023302317e0	5.357007124795752e-3
173	103	1.240735518866819e1	1.391708868095960e-2
173	104	2.243294254849775e1	2.516259477341738e-2
173	105	1.671941551497625e0	1.875384277128226e-3
173	106	4.370603950119294e0	4.902421333010267e-3
173	107	7.953429472764010e0	8.921206945966046e-3
173	108	2.148218765676223e1	2.409615152738021e-2
173	109	9.021874087421292e0	1.011966046218840e-2
173	110	2.136548290507803e1	2.396524608024980e-2
173	111	1.824997999056042e1	2.047064713568748e-2
173	112	1.757465497557656e1	1.971314821838522e-2
173	113	2.721370814176644e1	3.052508643361966e-2
173	114	3.785914782095623e1	4.246586880103356e-2
173	115	6.249220144906778e1	7.009628532512605e-2
173	116	2.767680524266898e1	3.104453343285140e-2
173	117	1.028428378820889e1	1.153568083803859e-2
173	118	5.294105578733949e0	5.938295124564094e-3
173	119	1.695396018680324e0	1.901692696189558e-3
173	120	4.419177995544485e0	4.956905893780539e-3
173	121	1.864547907138686e1	2.091427075227634e-2
173	122	1.425656164174197e1	1.599130754593860e-2
173	123	2.023200518766966e1	2.269384619919608e-2
173	124	8.154822666304549e0	9.147105769012974e-3
173	125	1.378375029000933e1	1.546096426073651e-2
173	126	1.587472515283745e1	1.780637004247909e-2
173	127	2.180821098933915e1	2.446184555020297e-2
173	128	3.004738340661680e1	3.370356479216476e-2
173	129	4.143271505419978e1	4.647426957107392e-2
173	130	1.296107634599261e1	1.453818691936948e-2
173	131	8.972492638642809e0	1.006427025280098e-2
173	132	1.722263460978631e1	1.931829382970122e-2
173	133	2.699485024829564e1	3.027959779678730e-2
173	134	2.614543299281997e1	2.932682300378476e-2
173	135	2.402478604902674e1	2.694813462668961e-2
173	136	2.448568953180545e1	2.746512108719272e-2
173	137	3.313843958780257e1	3.717074231205072e-2
173	138	4.846019431132667e1	5.435685619310946e-2
173	139	1.778124138218816e1	1.994487216739574e-2
173	140	3.045582639123993e1	3.416170733355889e-2
173	141	3.175799609148797e1	3.562232572647488e-2
173	142	3.479152429858915e1	3.902497523819175e-2
173	143	3.999957371615258e1	4.486674284272104e-2
173	144	5.818057615585082e1	6.526001920294937e-2
173	145	3.400673507752305e1	3.814469245275063e-2
173	146	4.011874186578596e1	4.500041143535619e-2
173	147	4.740188654053932e1	5.316977297724022e-2
173	148	5.586030010707934e1	6.265741074659185e-2
173	149	4.214448604580881e1	4.727264923056853e-2
173	150	4.446573542816993e1	4.987634945625780e-2
173	151	5.704672973275778e1	6.398820575190974e-2
173	152	5.149895603914011e1	5.776537604308606e-2
173	153	5.846080779385033e1	6.557434957376133e-2
173	154	5.167823549609852e1	5.796647031847550e-2
173	155	6.105617542206048e1	6.848552289734615e-2
173	156	6.004872104071910e1	6.735548093804489e-2
173	157	6.962456461173650e1	7.809651818138595e-2
173	158	6.800866895289474e1	7.628399949055185e-2
173	159	7.202595465755252e1	8.079011062852717e-2
173	160	7.680929790094069e1	8.615549358866857e-2
173	161	8.132246333020758e1	9.121782335644324e-2
173	162	8.706994576437502e1	9.766466247019893e-2
173	163	9.016375653900803e1	1.011349297639087e-1
173	164	9.489371836370995e1	1.064404358263169e-1
173	165	1.028003857018784e2	1.153091905966032e-1
173	166	1.100376899198497e2	1.234271337908611e-1
173	167	1.189472833686884e2	1.334208512474253e-1
173	168	1.273985837746410e2	1.429005103230752e-1
173	169	1.387901762137098e2	1.556782377098647e-1
173	170	1.550064219589694e2	1.738676847497246e-1
173	171	1.768242512919109e2	1.983403190086284e-1
173	172	2.146766568632111e2	2.407986251595286e-1
174	1	2.162349447273661e2	2.408831647119313e-1
174	5	1.292576386213708e2	1.439914769260072e-1
174	7	1.122279201680851e2	1.250205724759759e-1
174	11	8.879393185643612e1	9.891538733372443e-2
174	13	7.760594393088309e1	8.645210143114285e-2
174	17	6.261849880874394e1	6.975626525850605e-2
174	19	5.459892639560740e1	6.082255667154078e-2
174	23	4.892677167057636e1	5.450384355778433e-2
174	25	6.167244955778812e1	6.870237760944491e-2
174	31	3.609189915147093e1	4.020594774369930e-2
174	35	5.642165178971701e1	6.285305115006971e-2
174	37	2.954565399494959e1	3.291350825261159e-2
174	41	2.164467072930962e1	2.411190656994655e-2
174	43	3.594240232917760e0	4.003941005612157e-3
174	47	1.958300948175423e1	2.181524038353880e-2
174	49	1.239707892485466e1	1.381019894063703e-2
174	53	9.927434279744608e0	1.105904408646653e-2
174	55	2.068234880660190e0	2.303989135748507e-3
174	59	4.307724565404457e1	4.798754092823701e-2
174	61	2.455632708702535e1	2.735545723140177e-2
174	65	1.137347450043904e0	1.266991574784759e-3
174	67	1.059036718477755e1	1.179754348283999e-2
174	71	6.833166318129862e0	7.612066263338724e-3
174	73	2.726946647461707e-1	3.037786234178619e-4
174	77	1.419032799544556e1	1.580785714424189e-2
174	79	2.265564872587958e1	2.523812407181678e-2
174	83	3.202000188227285e1	3.566990246284525e-2
174	85	5.050687032416869e1	5.626405472399650e-2
174	89	5.050687032416869e1	5.626405472399650e-2
174	91	3.202000188227285e1	3.566990246284525e-2
174	95	2.265564872587958e1	2.523812407181678e-2
174	97	1.419032799544556e1	1.580785714424189e-2
174	101	2.726946647461707e-1	3.037786234178619e-4
174	103	6.833166318129862e0	7.612066263338724e-3
174	107	1.059036718477755e1	1.179754348283999e-2
174	109	1.137347450043904e0	1.266991574784759e-3
174	113	2.455632708702535e1	2.735545723140177e-2
174	115	4.307724565404457e1	4.798754092823701e-2
174	119	2.068234880660190e0	2.303989135748507e-3
174	121	9.927434279744608e0	1.105904408646653e-2
174	125	1.239707892485466e1	1.381019894063703e-2
174	127	1.958300948175423e1	2.181524038353880e-2
174	131	3.594240232917760e0	4.003941005612157e-3
174	133	2.164467072930962e1	2.411190656994655e-2
174	137	2.954565399494959e1	3.291350825261159e-2
174	139	5.642165178971701e1	6.285305115006971e-2
174	143	3.609189915147093e1	4.020594774369930e-2
174	149	6.167244955778812e1	6.870237760944491e-2
174	151	4.892677167057636e1	5.450384355778433e-2
174	155	5.459892639560740e1	6.082255667154078e-2
174	157	6.261849880874394e1	6.975626525850605e-2
174	161	7.760594393088309e1	8.645210143114285e-2
174	163	8.879393185643612e1	9.891538733372443e-2
174	167	1.122279201680851e2	1.250205724759759e-1
174	169	1.292576386213708e2	1.439914769260072e-1
174	173	2.162349447273661e2	2.408831647119313e-1
175	1	2.177950620018849e2	2.409670444666857e-1
175	2	1.795013938771647e2	1.985991783406754e-1
175	3	1.570405563769714e2	1.737486533612743e-1
175	4	1.420260154999579e2	1.571366626857149e-1
175	6	1.182308704965942e2	1.308098685361435e-1
175	8	1.066076867521084e2	1.179500534032469e-1
175	9	9.846323708339393e1	1.089390870964864e-1
175	11	9.172922820212703e1	1.014886233319900e-1
175	12	8.285506841777732e1	9.167031048456023e-2
175	13	8.015264272163348e1	8.868036421624231e-2
175	16	7.620089942431748e1	8.430818105427039e-2
175	17	6.375750346015032e1	7.054088843958248e-2
175	18	6.392507533166683e1	7.072628887173155e-2
175	19	5.593302784567711e1	6.188393935179762e-2
175	22	6.556001961004796e1	7.253518062073645e-2
175	23	4.996482816962329e1	5.528076192662131e-2
175	24	4.589136139311651e1	5.077390469649926e-2
175	26	4.743336003048346e1	5.247996199092383e-2
175	27	4.833749886573030e1	5.348029533601639e-2
175	29	1.962457128952807e1	2.171249843360741e-2
175	31	3.938856983949527e1	4.357925828415095e-2
175	32	3.897587441368402e1	4.312265474085392e-2
175	33	3.124231744933906e1	3.456629745807571e-2
175	34	2.233921724106303e1	2.471596511325680e-2
175	36	3.823820725206723e1	4.230650457610231e-2
175	37	3.224071558319930e1	3.567091867999889e-2
175	38	2.542763519523671e1	2.813297071317549e-2
175	39	3.645002940060895e1	4.032807619537548e-2
175	41	1.810916982314875e1	2.003586807671371e-2
175	43	2.067831278923426e0	2.287835119666912e-3
175	44	5.702002041445719e1	6.308658088209053e-2
175	46	2.407962120394749e1	2.664153677342026e-2
175	47	2.252595900528559e1	2.492257499040275e-2
175	48	2.250688171194049e1	2.490146799673843e-2
175	51	1.390334102269818e1	1.538256636150462e-2
175	52	8.970945359344793e0	9.925395780069322e-3
175	53	9.188841922604947e0	1.016647512487005e-2
175	54	8.522723944192565e0	9.429486512507631e-3
175	57	1.504749492278812e1	1.664845081813807e-2
175	58	4.097431127946740e1	4.533371233175982e-2
175	59	5.066027141912696e1	5.605019582878093e-2
175	61	2.594604008818905e1	2.870653052552198e-2
175	62	2.079593561287841e1	2.300848832611015e-2
175	64	1.422278766428299e1	1.573600005453681e-2
175	66	1.442137157754783e1	1.595571200860142e-2
175	67	4.526500493507180e0	5.008090797246724e-3
175	68	1.431837106122904e0	1.584175290517755e-3
175	69	5.045450975448088e0	5.582254245712698e-3
175	71	1.082798471232873e1	1.198001207960229e-2
175	72	2.177441195387775e-1	2.409106820558026e-4
175	73	6.593548592672618e0	7.295059411907352e-3
175	74	6.661764695759979e0	7.370533266065965e-3
175	76	4.602623080485659e0	5.092312333918679e-3
175	78	3.907226692320189e0	4.322930278839802e-3
175	79	1.522269756092404e1	1.684229388099876e-2
175	81	1.844238144266601e1	2.040453125208146e-2
175	82	2.531969241755470e1	2.801354352382382e-2
175	83	2.833130496159496e1	3.134557211595920e-2
175	86	5.950206439303542e1	6.583269824699733e-2
175	87	8.959266397780148e1	9.912474252717851e-2
175	88	8.959266397780148e1	9.912474252717851e-2
175	89	5.950206439303542e1	6.583269824699733e-2
175	92	2.833130496159496e1	3.134557211595920e-2
175	93	2.531969241755470e1	2.801354352382382e-2
175	94	1.844238144266601e1	2.040453125208146e-2
175	96	1.522269756092404e1	1.684229388099876e-2
175	97	3.907226692320189e0	4.322930278839802e-3
175	99	4.602623080485659e0	5.092312333918679e-3
175	101	6.661764695759979e0	7.370533266065965e-3
175	102	6.593548592672618e0	7.295059411907352e-3
175	103	2.177441195387775e-1	2.409106820558026e-4
175	104	1.082798471232873e1	1.198001207960229e-2
175	106	5.045450975448088e0	5.582254245712698e-3
175	107	1.431837106122904e0	1.584175290517755e-3
175	108	4.526500493507180e0	5.008090797246724e-3
175	109	1.442137157754783e1	1.595571200860142e-2
175	111	1.422278766428299e1	1.573600005453681e-2
175	113	2.079593561287841e1	2.300848832611015e-2
175	114	2.594604008818905e1	2.870653052552198e-2
175	116	5.066027141912696e1	5.605019582878093e-2
175	117	4.097431127946740e1	4.533371233175982e-2
175	118	1.504749492278812e1	1.664845081813807e-2
175	121	8.522723944192565e0	9.429486512507631e-3
175	122	9.188841922604947e0	1.016647512487005e-2
175	123	8.970945359344793e0	9.925395780069322e-3
175	124	1.390334102269818e1	1.538256636150462e-2
175	127	2.250688171194049e1	2.490146799673843e-2
175	128	2.252595900528559e1	2.492257499040275e-2
175	129	2.407962120394749e1	2.664153677342026e-2
175	131	5.702002041445719e1	6.308658088209053e-2
175	132	2.067831278923426e0	2.287835119666912e-3
175	134	1.810916982314875e1	2.003586807671371e-2
175	136	3.645002940060895e1	4.032807619537548e-2
175	137	2.542763519523671e1	2.813297071317549e-2
175	138	3.224071558319930e1	3.567091867999889e-2
175	139	3.823820725206723e1	4.230650457610231e-2
175	141	2.233921724106303e1	2.471596511325680e-2
175	142	3.124231744933906e1	3.456629745807571e-2
175	143	3.897587441368402e1	4.312265474085392e-2
175	144	3.938856983949527e1	4.357925828415095e-2
175	146	1.962457128952807e1	2.171249843360741e-2
175	148	4.833749886573030e1	5.348029533601639e-2
175	149	4.743336003048346e1	5.247996199092383e-2
175	151	4.589136139311651e1	5.077390469649926e-2
175	152	4.996482816962329e1	5.528076192662131e-2
175	153	6.556001961004796e1	7.253518062073645e-2
175	156	5.593302784567711e1	6.188393935179762e-2
175	157	6.392507533166683e1	7.072628887173155e-2
175	158	6.375750346015032e1	7.054088843958248e-2
175	159	7.620089942431748e1	8.430818105427039e-2
175	162	8.015264272163348e1	8.868036421624231e-2
175	163	8.285506841777732e1	9.167031048456023e-2
175	164	9.172922820212703e1	1.014886233319900e-1
175	166	9.846323708339393e1	1.089390870964864e-1
175	167	1.066076867521084e2	1.179500534032469e-1
175	169	1.182308704965942e2	1.308098685361435e-1
175	171	1.420260154999579e2	1.571366626857149e-1
175	172	1.570405563769714e2	1.737486533612743e-1
175	173	1.795013938771647e2	1.985991783406754e-1
175	174	2.177950620018849e2	2.409670444666857e-1
176	1	2.193569982325046e2	2.410502734487832e-1
176	3	1.586376890088890e2	1.743261378620075e-1
176	5	1.295735644861826e2	1.423877213984396e-1
176	7	1.103961634412452e2	1.213137743478907e-1
176	9	9.827143060801387e1	1.079899680025558e-1
176	13	7.802401906514390e1	8.574019193721380e-2
176	15	7.413223659105994e1	8.146353225851606e-2
176	17	6.362607796669811e1	6.991836875926720e-2
176	19	5.718195653281009e1	6.283695696802172e-2
176	21	5.419273494381999e1	5.955211678862918e-2
176	23	5.412615359309667e1	5.947895088588723e-2
176	25	3.093905844799306e1	3.399877167917726e-2
176	27	3.698493304657196e1	4.064255207810388e-2
176	29	2.610723147271466e1	2.868910194886146e-2
176	31	3.476023197734425e1	3.819783955285892e-2
176	35	5.515801267471867e0	6.061285550616269e-3
176	37	3.011840385506502e1	3.309695858168662e-2
176	39	1.529296263250109e1	1.680535772329948e-2
176	41	2.057429436754705e1	2.260898591462436e-2
176	43	5.258290349460570e0	5.778308131601459e-3
176	45	3.774234521114546e1	4.147486839741438e-2
176	47	2.857826028794560e1	3.140450276310810e-2
176	49	1.821594208438709e1	2.001740476004585e-2
176	51	1.853395602542825e1	2.036686863886518e-2
176	53	1.520562258463080e1	1.670938019538014e-2
176	57	1.159257744152559e1	1.273902353137627e-2
176	59	6.389504324882692e1	7.021393331990483e-2
176	61	2.879052743380076e1	3.163776203436392e-2
176	63	2.043683303544196e1	2.245793036609134e-2
176	65	1.101055462882067e1	1.209944166580367e-2
176	67	5.318424112189935e0	5.844388813167194e-3
176	69	1.734398938075583e0	1.905922043340796e-3
176	71	1.628725294708769e1	1.789797821933917e-2
176	73	1.954915260983811e-1	2.148246292693474e-4
176	75	1.165199499628419e1	1.280431717569865e-2
176	79	1.174683171936695e1	1.290853276132522e-2
176	81	2.077050992613417e1	2.282460617945949e-2
176	83	2.660810916794309e1	2.923951386355787e-2
176	85	3.952260318193014e1	4.343118469516099e-2
176	87	7.100504478687616e1	7.802707732159035e-2
176	89	7.100504478687616e1	7.802707732159035e-2
176	91	3.952260318193014e1	4.343118469516099e-2
176	93	2.660810916794309e1	2.923951386355787e-2
176	95	2.077050992613417e1	2.282460617945949e-2
176	97	1.174683171936695e1	1.290853276132522e-2
176	101	1.165199499628419e1	1.280431717569865e-2
176	103	1.954915260983811e-1	2.148246292693474e-4
176	105	1.628725294708769e1	1.789797821933917e-2
176	107	1.734398938075583e0	1.905922043340796e-3
176	109	5.318424112189935e0	5.844388813167194e-3
176	111	1.101055462882067e1	1.209944166580367e-2
176	113	2.043683303544196e1	2.245793036609134e-2
176	115	2.879052743380076e1	3.163776203436392e-2
176	117	6.389504324882692e1	7.021393331990483e-2
176	119	1.159257744152559e1	1.273902353137627e-2
176	123	1.520562258463080e1	1.670938019538014e-2
176	125	1.853395602542825e1	2.036686863886518e-2
176	127	1.821594208438709e1	2.001740476004585e-2
176	129	2.857826028794560e1	3.140450276310810e-2
176	131	3.774234521114546e1	4.147486839741438e-2
176	133	5.258290349460570e0	5.778308131601459e-3
176	135	2.057429436754705e1	2.260898591462436e-2
176	137	1.529296263250109e1	1.680535772329948e-2
176	139	3.011840385506502e1	3.309695858168662e-2
176	141	5.515801267471867e0	6.061285550616269e-3
176	145	3.476023197734425e1	3.819783955285892e-2
176	147	2.610723147271466e1	2.868910194886146e-2
176	149	3.698493304657196e1	4.064255207810388e-2
176	151	3.093905844799306e1	3.399877167917726e-2
176	153	5.412615359309667e1	5.947895088588723e-2
176	155	5.419273494381999e1	5.955211678862918e-2
176	157	5.718195653281009e1	6.283695696802172e-2
176	159	6.362607796669811e1	6.991836875926720e-2
176	161	7.413223659105994e1	8.146353225851606e-2
176	163	7.802401906514390e1	8.574019193721380e-2
176	167	9.827143060801387e1	1.079899680025558e-1
176	169	1.103961634412452e2	1.213137743478907e-1
176	171	1.295735644861826e2	1.423877213984396e-1
176	173	1.586376890088890e2	1.743261378620075e-1
176	175	2.193569982325046e2	2.410502734487832e-1
177	1	2.209207430837689e2	2.411328605080919e-1
177	2	1.821858122102297e2	1.988540570207342e-1
177	4	1.432692109090789e2	1.563769620136748e-1
177	5	1.314329385970486e2	1.434577849345430e-1
177	7	1.125785104241349e2	1.228783584166124e-1
177	8	1.035814138159121e2	1.130581142370706e-1
177	10	9.461483869546367e1	1.032711839670843e-1
177	11	8.471261979160613e1	9.246300753089023e-2
177	13	8.057102904307806e1	8.794250117052667e-2
177	14	7.778626030292709e1	8.490295294706492e-2
177	16	6.151489112598676e1	6.714291041212252e-2
177	17	6.602797516280989e1	7.206889811396509e-2
177	19	6.080325981808658e1	6.636617170254820e-2
177	20	6.338718066905679e1	6.918649639195364e-2
177	22	4.044018805367215e1	4.414007525390935e-2
177	23	5.227662062306891e1	5.705942725241112e-2
177	25	3.660817254517598e1	3.995746728248550e-2
177	26	4.920398102693109e1	5.370567076587694e-2
177	28	4.291115778654974e1	4.683711488722147e-2
177	29	2.976848538965305e1	3.249201471442888e-2
177	31	3.999696495948093e1	4.365630152105959e-2
177	32	3.092310709140958e1	3.375227316668161e-2
177	34	2.516581801049394e1	2.746824765837166e-2
177	35	1.323422266298538e1	1.444502640531423e-2
177	37	3.496995702873146e1	3.816937084529753e-2
177	38	3.529356497630156e1	3.852258579918324e-2
177	40	2.723777255585408e1	2.972976606262575e-2
177	41	2.472807029852759e1	2.699045025241557e-2
177	43	8.704637673655965e0	9.501028072946845e-3
177	44	1.358078395716975e1	1.482329471566649e-2
177	46	3.069699421825397e1	3.350547314627320e-2
177	47	2.354654149584818e1	2.570082295899859e-2
177	49	1.726793715995565e1	1.884778687746503e-2
177	50	1.013097264009495e1	1.105785893318767e-2
177	52	9.724379255159450e0	1.061406617473226e-2
177	53	9.564182423125906e-1	1.043921287751184e-3
177	55	3.906489349433635e0	4.263895450578608e-3
177	56	1.013682620794052e-1	1.106424804603909e-4
177	58	2.103837428932699e1	2.296318264193830e-2
177	61	2.989788236404136e1	3.263325026406450e-2
177	62	2.697887813884052e1	2.944718530324283e-2
177	64	1.289322678291618e1	1.407283269079562e-2
177	65	1.193135275065056e1	1.302295646092654e-2
177	67	1.184262017348460e1	1.292610570869017e-2
177	68	9.216173028278869e-1	1.005936397925181e-3
177	70	7.270689037896232e0	7.935886966068935e-3
177	71	2.889458472973315e1	3.153816057205670e-2
177	73	4.679406421653062e0	5.107526980865195e-3
177	74	1.409497350286527e0	1.538452764593010e-3
177	76	1.147242540280819e1	1.252204168666896e-2
177	77	2.512129282236998e0	2.741964884493693e-3
177	79	6.581509466546511e0	7.183654110414067e-3
177	80	1.488764261992637e1	1.624971834267191e-2
177	82	2.013210469418134e1	2.197399811893442e-2
177	83	2.399349706422132e1	2.618867065142180e-2
177	85	3.521875400366243e1	3.844093034402742e-2
177	86	4.534009109144674e1	4.948827216479364e-2
177	88	9.093486046690246e1	9.925452322045629e-2
177	89	9.093486046690246e1	9.925452322045629e-2
177	91	4.534009109144674e1	4.948827216479364e-2
177	92	3.521875400366243e1	3.844093034402742e-2
177	94	2.399349706422132e1	2.618867065142180e-2
177	95	2.013210469418134e1	2.197399811893442e-2
177	97	1.488764261992637e1	1.624971834267191e-2
177	98	6.581509466546511e0	7.183654110414067e-3
177	100	2.512129282236998e0	2.741964884493693e-3
177	101	1.147242540280819e1	1.252204168666896e-2
177	103	1.409497350286527e0	1.538452764593010e-3
177	104	4.679406421653062e0	5.107526980865195e-3
177	106	2.889458472973315e1	3.153816057205670e-2
177	107	7.270689037896232e0	7.935886966068935e-3
177	109	9.216173028278869e-1	1.005936397925181e-3
177	110	1.184262017348460e1	1.292610570869017e-2
177	112	1.193135275065056e1	1.302295646092654e-2
177	113	1.289322678291618e1	1.407283269079562e-2
177	115	2.697887813884052e1	2.944718530324283e-2
177	116	2.989788236404136e1	3.263325026406450e-2
177	119	2.103837428932699e1	2.296318264193830e-2
177	121	1.013682620794052e-1	1.106424804603909e-4
177	122	3.906489349433635e0	4.263895450578608e-3
177	124	9.564182423125906e-1	1.043921287751184e-3
177	125	9.724379255159450e0	1.061406617473226e-2
177	127	1.013097264009495e1	1.105785893318767e-2
177	128	1.726793715995565e1	1.884778687746503e-2
177	130	2.354654149584818e1	2.570082295899859e-2
177	131	3.069699421825397e1	3.350547314627320e-2
177	133	1.358078395716975e1	1.482329471566649e-2
177	134	8.704637673655965e0	9.501028072946845e-3
177	136	2.472807029852759e1	2.699045025241557e-2
177	137	2.723777255585408e1	2.972976606262575e-2
177	139	3.529356497630156e1	3.852258579918324e-2
177	140	3.496995702873146e1	3.816937084529753e-2
177	142	1.323422266298538e1	1.444502640531423e-2
177	143	2.516581801049394e1	2.746824765837166e-2
177	145	3.092310709140958e1	3.375227316668161e-2
177	146	3.999696495948093e1	4.365630152105959e-2
177	148	2.976848538965305e1	3.249201471442888e-2
177	149	4.291115778654974e1	4.683711488722147e-2
177	151	4.920398102693109e1	5.370567076587694e-2
177	152	3.660817254517598e1	3.995746728248550e-2
177	154	5.227662062306891e1	5.705942725241112e-2
177	155	4.044018805367215e1	4.414007525390935e-2
177	157	6.338718066905679e1	6.918649639195364e-2
177	158	6.080325981808658e1	6.636617170254820e-2
177	160	6.602797516280989e1	7.206889811396509e-2
177	161	6.151489112598676e1	6.714291041212252e-2
177	163	7.778626030292709e1	8.490295294706492e-2
177	164	8.057102904307806e1	8.794250117052667e-2
177	166	8.471261979160613e1	9.246300753089023e-2
177	167	9.461483869546367e1	1.032711839670843e-1
177	169	1.035814138159121e2	1.130581142370706e-1
177	170	1.125785104241349e2	1.228783584166124e-1
177	172	1.314329385970486e2	1.434577849345430e-1
177	173	1.432692109090789e2	1.563769620136748e-1
177	175	1.821858122102297e2	1.988540570207342e-1
177	176	2.209207430837689e2	2.411328605080919e-1
178	1	2.224862863370143e2	2.412148143237405e-1
178	3	1.606827054595873e2	1.742087101213952e-1
178	5	1.326468186838259e2	1.438128087184078e-1
178	7	1.143109506931699e2	1.239334576552548e-1
178	9	1.018644011913674e2	1.104391781808751e-1
178	11	8.761786199528105e1	9.499338885373237e-2
178	13	8.138422864643023e1	8.823501854893229e-2
178	15	7.775272571792802e1	8.429782170396410e-2
178	17	6.956805099072048e1	7.542417458113411e-2
178	19	6.013597193515184e1	6.519811869457261e-2
178	21	6.011832703862299e1	6.517898847980728e-2
178	23	5.565418128974558e1	6.033905831755694e-2
178	25	4.020247714636700e1	4.358665524906113e-2
178	27	4.517145324724260e1	4.897391154824816e-2
178	29	3.324150503768086e1	3.603972000934914e-2
178	31	4.329638800533829e1	4.694100641230765e-2
178	33	3.529150129409221e1	3.826228156357272e-2
178	35	1.758741097352248e1	1.906789017093571e-2
178	37	3.567059476281433e1	3.867328649414464e-2
178	39	2.549808516049697e1	2.764447184076604e-2
178	41	1.601495469240209e1	1.736306711812020e-2
178	43	1.259151940456055e1	1.365145270402921e-2
178	45	4.849519413754015e1	5.257743945512736e-2
178	47	2.686192341841788e1	2.912311574987279e-2
178	49	2.026428855376318e1	2.197010288308038e-2
178	51	3.162385198934327e1	3.428589560012726e-2
178	53	8.205868479571141e0	8.896624930250750e-3
178	55	6.800639541295570e0	7.373106141703750e-3
178	57	4.029498013360231e0	4.368694498492627e-3
178	59	4.199588107170200e1	4.553102495372629e-2
178	61	3.396752405681501e1	3.682685410996814e-2
178	63	2.183917368975949e1	2.367755924776227e-2
178	65	1.670510655326520e1	1.811131482234548e-2
178	67	1.742824184290671e1	1.889532244588772e-2
178	69	2.333683447305062e0	2.530129064132014e-3
178	71	2.340217587641822e1	2.537213237606462e-2
178	73	4.151137297667889e0	4.500573176777991e-3
178	75	1.183820156772410e-1	1.283472181633748e-4
178	77	3.814848288680964e-1	4.135975914639230e-4
178	79	2.131843685064263e1	2.311298764190231e-2
178	81	7.532190584198043e0	8.166237942711754e-3
178	83	2.800458183400793e1	3.036196126295985e-2
178	85	3.420869175173577e1	3.708832290298434e-2
178	87	5.330861896367782e1	5.779605043027455e-2
178	91	5.330861896367782e1	5.779605043027455e-2
178	93	3.420869175173577e1	3.708832290298434e-2
178	95	2.800458183400793e1	3.036196126295985e-2
178	97	7.532190584198043e0	8.166237942711754e-3
178	99	2.131843685064263e1	2.311298764190231e-2
178	101	3.814848288680964e-1	4.135975914639230e-4
178	103	1.183820156772410e-1	1.283472181633748e-4
178	105	4.151137297667889e0	4.500573176777991e-3
178	107	2.340217587641822e1	2.537213237606462e-2
178	109	2.333683447305062e0	2.530129064132014e-3
178	111	1.742824184290671e1	1.889532244588772e-2
178	113	1.670510655326520e1	1.811131482234548e-2
178	115	2.183917368975949e1	2.367755924776227e-2
178	117	3.396752405681501e1	3.682685410996814e-2
178	119	4.199588107170200e1	4.553102495372629e-2
178	121	4.029498013360231e0	4.368694498492627e-3
178	123	6.800639541295570e0	7.373106141703750e-3
178	125	8.205868479571141e0	8.896624930250750e-3
178	127	3.162385198934327e1	3.428589560012726e-2
178	129	2.026428855376318e1	2.197010288308038e-2
178	131	2.686192341841788e1	2.912311574987279e-2
178	133	4.849519413754015e1	5.257743945512736e-2
178	135	1.259151940456055e1	1.365145270402921e-2
178	137	1.601495469240209e1	1.736306711812020e-2
178	139	2.549808516049697e1	2.764447184076604e-2
178	141	3.567059476281433e1	3.867328649414464e-2
178	143	1.758741097352248e1	1.906789017093571e-2
178	145	3.529150129409221e1	3.826228156357272e-2
178	147	4.329638800533829e1	4.694100641230765e-2
178	149	3.324150503768086e1	3.603972000934914e-2
178	151	4.517145324724260e1	4.897391154824816e-2
178	153	4.020247714636700e1	4.358665524906113e-2
178	155	5.565418128974558e1	6.033905831755694e-2
178	157	6.011832703862299e1	6.517898847980728e-2
178	159	6.013597193515184e1	6.519811869457261e-2
178	161	6.956805099072048e1	7.542417458113411e-2
178	163	7.775272571792802e1	8.429782170396410e-2
178	165	8.138422864643023e1	8.823501854893229e-2
178	167	8.761786199528105e1	9.499338885373237e-2
178	169	1.018644011913674e2	1.104391781808751e-1
178	171	1.143109506931699e2	1.239334576552548e-1
178	173	1.326468186838259e2	1.438128087184078e-1
178	175	1.606827054595873e2	1.742087101213952e-1
178	177	2.224862863370143e2	2.412148143237405e-1
179	1	2.240536178884015e2	2.412961434083671e-1
179	2	1.848774240771937e2	1.991050617862367e-1
179	3	1.622852335664363e2	1.747742409194736e-1
179	4	1.465195209033525e2	1.577952441081773e-1
179	5	1.345148453465145e2	1.448667230602534e-1
179	6	1.249022438025468e2	1.345143631986240e-1
179	7	1.149085384682023e2	1.237515708890704e-1
179	8	1.073779436498914e2	1.156414430350558e-1
179	9	1.044258034841078e2	1.124621146068073e-1
179	10	9.937732922023460e1	1.070251242049128e-1
179	11	8.933234362768044e1	9.620710525516656e-2
179	12	9.099411601556531e1	9.799676289246860e-2
179	13	8.332203048196079e1	8.973425560245028e-2
179	14	8.019816638856726e1	8.636998786434492e-2
179	15	8.148924820619469e1	8.776042764547505e-2
179	16	6.799090790665680e1	7.322329368893007e-2
179	17	6.513590641423467e1	7.014857944847659e-2
179	18	7.451066712965084e1	8.024479493174055e-2
179	19	6.229633558972203e1	6.709048337599496e-2
179	20	7.087544622686382e1	7.632981782694370e-2
179	21	5.309057638989295e1	5.717627528152330e-2
179	22	4.876505192236433e1	5.251787082427835e-2
179	23	5.596560042264080e1	6.027255293973084e-2
179	24	5.257234459936166e1	5.661816185481176e-2
179	25	4.298655591965399e1	4.629467829877685e-2
179	26	5.500545700936698e1	5.923851963589321e-2
179	27	4.582789323713704e1	4.935467680847477e-2
179	28	4.314353168102170e1	4.646373446570510e-2
179	29	3.404845717018714e1	3.666872903727579e-2
179	30	6.052012026037759e1	6.517757559582642e-2
179	31	4.249587797644535e1	4.576623918465923e-2
179	32	3.812191592153608e1	4.105566952186612e-2
179	33	3.620519631185181e1	3.899144465385988e-2
179	34	2.864611650050130e1	3.085063968322367e-2
179	35	2.053269704905902e1	2.211283467950096e-2
179	36	5.836383228137063e1	6.285534586208759e-2
179	37	3.691832500972264e1	3.975945369639082e-2
179	38	3.255512049503047e1	3.506046944333762e-2
179	39	2.820402046208304e1	3.037452119831897e-2
179	40	3.306583622182908e1	3.561048839155156e-2
179	41	2.160521682347057e1	2.326789250777321e-2
179	42	1.729331157593304e1	1.862415536673164e-2
179	43	1.519694164199335e1	1.636645479941094e-2
179	44	1.409376939623376e0	1.517838557327810e-3
179	45	5.864334640264477e1	6.315637059057569e-2
179	46	3.514172889238095e1	3.784613582387000e-2
179	47	2.663872314251284e1	2.868876307461900e-2
179	48	2.340913992879038e1	2.521064037509721e-2
179	49	2.501821270190719e1	2.694354278602762e-2
179	50	1.575816861379154e1	1.697087219355055e-2
179	51	4.971738199538667e-1	5.354348949554907e-4
179	52	1.883287684686609e1	2.028220117693872e-2
179	53	9.938193361059710e0	1.070300829359866e-2
179	54	1.346791053717400e1	1.450436240671490e-2
179	55	1.600599645115900e-1	1.723777215236215e-4
179	56	6.400978949418961e0	6.893579979155926e-3
179	57	1.185751807748878e0	1.277003874991277e-3
179	58	1.226418455167329e1	1.320800111266774e-2
179	59	2.927692019605711e1	3.152998822675479e-2
179	60	6.530331191258085e1	7.032886799510657e-2
179	61	3.878822620827516e1	4.177325714227020e-2
179	62	3.084364126403372e1	3.321727966646586e-2
179	63	2.192854508926102e1	2.361610319200779e-2
179	64	2.366176508320799e1	2.548270683875625e-2
179	65	6.375136852258701e0	6.865749148120380e-3
179	66	1.434046707843314e1	1.544406840341273e-2
179	67	3.932347842534196e0	4.234970083885593e-3
179	68	8.618115162406347e0	9.281340652903935e-3
179	69	7.994809300930651e0	8.610066955315937e-3
179	70	2.776476801739573e0	2.990146514198455e-3
179	71	1.100639883938215e1	1.185341980989596e-2
179	72	2.150959579569831e1	2.316491275923069e-2
179	73	8.141903976144439e0	8.768481615965034e-3
179	74	1.631757608385775e0	1.757333006230963e-3
179	75	8.055963041402581e-1	8.675926912722306e-4
179	76	7.628138795168195e0	8.215178536303016e-3
179	77	6.091314405110820e0	6.560084537323421e-3
179	78	6.429691100499029e0	6.924501735251065e-3
179	79	1.052843783561607e1	1.133867629450319e-2
179	80	7.680548403425482e0	8.271621438092380e-3
179	81	1.584463317960579e1	1.706399082501514e-2
179	82	1.927988948275007e1	2.076361462658603e-2
179	83	2.071151779418263e1	2.230541695764668e-2
179	84	2.640875644407017e1	2.844109879689146e-2
179	85	3.146399128734491e1	3.388537005303947e-2
179	86	3.717662104560305e1	4.003762745632829e-2
179	87	4.697897503797877e1	5.059434257200202e-2
179	88	6.110586324814429e1	6.580839568839461e-2
179	89	9.228065400623645e1	9.938230916671764e-2
179	90	9.228065400623645e1	9.938230916671764e-2
179	91	6.110586324814429e1	6.580839568839461e-2
179	92	4.697897503797877e1	5.059434257200202e-2
179	93	3.717662104560305e1	4.003762745632829e-2
179	94	3.146399128734491e1	3.388537005303947e-2
179	95	2.640875644407017e1	2.844109879689146e-2
179	96	2.071151779418263e1	2.230541695764668e-2
179	97	1.927988948275007e1	2.076361462658603e-2
179	98	1.584463317960579e1	1.706399082501514e-2
179	99	7.680548403425482e0	8.271621438092380e-3
179	100	1.052843783561607e1	1.133867629450319e-2
179	101	6.429691100499029e0	6.924501735251065e-3
179	102	6.091314405110820e0	6.560084537323421e-3
179	103	7.628138795168195e0	8.215178536303016e-3
179	104	8.055963041402581e-1	8.675926912722306e-4
179	105	1.631757608385775e0	1.757333006230963e-3
179	106	8.141903976144439e0	8.768481615965034e-3
179	107	2.150959579569831e1	2.316491275923069e-2
179	108	1.100639883938215e1	1.185341980989596e-2
179	109	2.776476801739573e0	2.990146514198455e-3
179	110	7.994809300930651e0	8.610066955315937e-3
179	111	8.618115162406347e0	9.281340652903935e-3
179	112	3.932347842534196e0	4.234970083885593e-3
179	113	1.434046707843314e1	1.544406840341273e-2
179	114	6.375136852258701e0	6.865749148120380e-3
179	115	2.366176508320799e1	2.548270683875625e-2
179	116	2.192854508926102e1	2.361610319200779e-2
179	117	3.084364126403372e1	3.321727966646586e-2
179	118	3.878822620827516e1	4.177325714227020e-2
179	119	6.530331191258085e1	7.032886799510657e-2
179	120	2.927692019605711e1	3.152998822675479e-2
179	121	1.226418455167329e1	1.320800111266774e-2
179	122	1.185751807748878e0	1.277003874991277e-3
179	123	6.400978949418961e0	6.893579979155926e-3
179	124	1.600599645115900e-1	1.723777215236215e-4
179	125	1.346791053717400e1	1.450436240671490e-2
179	126	9.938193361059710e0	1.070300829359866e-2
179	127	1.883287684686609e1	2.028220117693872e-2
179	128	4.971738199538667e-1	5.354348949554907e-4
179	129	1.575816861379154e1	1.697087219355055e-2
179	130	2.501821270190719e1	2.694354278602762e-2
179	131	2.340913992879038e1	2.521064037509721e-2
179	132	2.663872314251284e1	2.868876307461900e-2
179	133	3.514172889238095e1	3.784613582387000e-2
179	134	5.864334640264477e1	6.315637059057569e-2
179	135	1.409376939623376e0	1.517838557327810e-3
179	136	1.519694164199335e1	1.636645479941094e-2
179	137	1.729331157593304e1	1.862415536673164e-2
179	138	2.160521682347057e1	2.326789250777321e-2
179	139	3.306583622182908e1	3.561048839155156e-2
179	140	2.820402046208304e1	3.037452119831897e-2
179	141	3.255512049503047e1	3.506046944333762e-2
179	142	3.691832500972264e1	3.975945369639082e-2
179	143	5.836383228137063e1	6.285534586208759e-2
179	144	2.053269704905902e1	2.211283467950096e-2
179	145	2.864611650050130e1	3.085063968322367e-2
179	146	3.620519631185181e1	3.899144465385988e-2
179	147	3.812191592153608e1	4.105566952186612e-2
179	148	4.249587797644535e1	4.576623918465923e-2
179	149	6.052012026037759e1	6.517757559582642e-2
179	150	3.404845717018714e1	3.666872903727579e-2
179	151	4.314353168102170e1	4.646373446570510e-2
179	152	4.582789323713704e1	4.935467680847477e-2
179	153	5.500545700936698e1	5.923851963589321e-2
179	154	4.298655591965399e1	4.629467829877685e-2
179	155	5.257234459936166e1	5.661816185481176e-2
179	156	5.596560042264080e1	6.027255293973084e-2
179	157	4.876505192236433e1	5.251787082427835e-2
179	158	5.309057638989295e1	5.717627528152330e-2
179	159	7.087544622686382e1	7.632981782694370e-2
179	160	6.229633558972203e1	6.709048337599496e-2
179	161	7.451066712965084e1	8.024479493174055e-2
179	162	6.513590641423467e1	7.014857944847659e-2
179	163	6.799090790665680e1	7.322329368893007e-2
179	164	8.148924820619469e1	8.776042764547505e-2
179	165	8.019816638856726e1	8.636998786434492e-2
179	166	8.332203048196079e1	8.973425560245028e-2
179	167	9.099411601556531e1	9.799676289246860e-2
179	168	8.933234362768044e1	9.620710525516656e-2
179	169	9.937732922023460e1	1.070251242049128e-1
179	170	1.044258034841078e2	1.124621146068073e-1
179	171	1.073779436498914e2	1.156414430350558e-1
179	172	1.149085384682023e2	1.237515708890704e-1
179	173	1.249022438025468e2	1.345143631986240e-1
179	174	1.345148453465145e2	1.448667230602534e-1
179	175	1.465195209033525e2	1.577952441081773e-1
179	176	1.622852335664363e2	1.747742409194736e-1
179	177	1.848774240771937e2	1.991050617862367e-1
179	178	2.240536178884015e2	2.412961434083671e-1
180	1	2.256227277469912e2	2.413768561122396e-1
180	7	1.166481490615373e2	1.247931171338356e-1
180	11	9.052132007172187e1	9.684197983167669e-2
180	13	8.564695774050278e1	9.162726468834698e-2
180	17	6.866871672624903e1	7.346351638488686e-2
180	19	6.577332049490283e1	7.036594883705860e-2
180	23	5.831149598213630e1	6.238310171993412e-2
180	29	3.541868512524438e1	3.789179817357671e-2
180	31	4.272110464087969e1	4.570410982452571e-2
180	37	4.046743251929693e1	4.329307483329265e-2
180	41	2.523650581290715e1	2.699864722497586e-2
180	43	1.562462548360979e1	1.671561643999851e-2
180	47	3.224902613657812e1	3.450081744538469e-2
180	49	1.272312883088070e1	1.361152250828566e-2
180	53	1.729563526905646e1	1.850330464220926e-2
180	59	2.209869216559953e1	2.364173544212337e-2
180	61	4.480790687849397e1	4.793662322631460e-2
180	67	6.325701556513537e0	6.767394267689861e-3
180	71	5.666336325685130e0	6.061988797078071e-3
180	73	1.227200529141853e1	1.312889922489148e-2
180	77	2.081174746059548e1	2.226492970102572e-2
180	79	8.362777446253482e0	8.946709174647537e-3
180	83	2.595436667445185e1	2.776663278926702e-2
180	89	7.325538366455616e1	7.837044777720664e-2
180	91	7.325538366455616e1	7.837044777720664e-2
180	97	2.595436667445185e1	2.776663278926702e-2
180	101	8.362777446253482e0	8.946709174647537e-3
180	103	2.081174746059548e1	2.226492970102572e-2
180	107	1.227200529141853e1	1.312889922489148e-2
180	109	5.666336325685130e0	6.061988797078071e-3
180	113	6.325701556513537e0	6.767394267689861e-3
180	119	4.480790687849397e1	4.793662322631460e-2
180	121	2.209869216559953e1	2.364173544212337e-2
180	127	1.729563526905646e1	1.850330464220926e-2
180	131	1.272312883088070e1	1.361152250828566e-2
180	133	3.224902613657812e1	3.450081744538469e-2
180	137	1.562462548360979e1	1.671561643999851e-2
180	139	2.523650581290715e1	2.699864722497586e-2
180	143	4.046743251929693e1	4.329307483329265e-2
180	149	4.272110464087969e1	4.570410982452571e-2
180	151	3.541868512524438e1	3.789179817357671e-2
180	157	5.831149598213630e1	6.238310171993412e-2
180	161	6.577332049490283e1	7.036594883705860e-2
180	163	6.866871672624903e1	7.346351638488686e-2
180	167	8.564695774050278e1	9.162726468834698e-2
180	169	9.052132007172187e1	9.684197983167669e-2
180	173	1.166481490615373e2	1.247931171338356e-1
180	179	2.256227277469912e2	2.413768561122396e-1
181	1	2.271936060328615e2	2.414569606272512e-1
181	2	1.875761491013951e2	1.993522953354415e-1
181	3	1.643409491702101e2	1.746583752339270e-1
181	4	1.477770208819579e2	1.570545533202476e-1
181	5	1.348487004526301e2	1.433145849673127e-1
181	6	1.242074039235747e2	1.320052212844836e-1
181	7	1.188507097048862e2	1.263122305016927e-1
181	8	1.100224719884373e2	1.169297505810197e-1
181	9	1.001452425501702e2	1.064324225917935e-1
181	10	9.376474075549946e1	9.965134896248073e-2
181	11	9.316174676673232e1	9.901049863950484e-2
181	12	8.254912691772871e1	8.773161197637309e-2
181	13	8.898521498506472e1	9.457176161880403e-2
181	14	8.578582372980807e1	9.117151060892333e-2
181	15	6.843651364027441e1	7.273300014048795e-2
181	16	7.200082025543126e1	7.652107612144181e-2
181	17	7.108630685286984e1	7.554914900390036e-2
181	18	5.649074404306553e1	6.003726776640750e-2
181	19	6.007892417449156e1	6.385071605769393e-2
181	20	4.937330340723832e1	5.247298982135321e-2
181	21	5.900865161832273e1	6.271325113089531e-2
181	22	5.273344522625989e1	5.604408341445423e-2
181	23	6.039839103552361e1	6.419023924513244e-2
181	24	4.900190937552972e1	5.207827944346304e-2
181	25	4.745326471367142e1	5.043240991538381e-2
181	26	6.447604729134213e1	6.852389327353950e-2
181	27	4.721164532222710e1	5.017562150964711e-2
181	28	4.708609557962652e1	5.004218967683626e-2
181	29	4.018717739899513e1	4.271015316137904e-2
181	30	1.997572907000028e1	2.122981765102162e-2
181	31	4.516434780439614e1	4.799979339200335e-2
181	32	4.319490704630046e1	4.590670992945014e-2
181	33	4.409641478661572e1	4.686481488125489e-2
181	34	3.656777670992292e1	3.886352426659779e-2
181	35	2.433451285126877e1	2.586224856417073e-2
181	36	5.351658532770572e0	5.687638953407750e-3
181	37	4.285341781004855e1	4.554378178850420e-2
181	38	3.298884570485085e1	3.505990576751758e-2
181	39	3.188011475088949e1	3.388156800101309e-2
181	40	1.995770815451775e1	2.121066537135974e-2
181	41	2.578816461653215e1	2.740716148306759e-2
181	42	2.341373650193036e1	2.488366530819410e-2
181	43	1.549530721308157e1	1.646811214887373e-2
181	44	7.769699744671579e0	8.257486282705402e-3
181	45	1.420768763950519e1	1.509965502497500e-2
181	46	4.359545691882949e1	4.633240656981467e-2
181	47	3.249932826674586e1	3.453965612298412e-2
181	48	2.477947851430773e1	2.633514944574455e-2
181	49	1.945723417002297e1	2.067877132170219e-2
181	50	1.949640366765998e1	2.072039990453899e-2
181	51	1.241632049464744e1	1.319582474683634e-2
181	52	2.662892741214980e1	2.830070788511266e-2
181	53	1.503051718489771e1	1.597414231629448e-2
181	54	7.320815807692269e0	7.780421135538621e-3
181	55	8.093598543033746e0	8.601719647230792e-3
181	56	5.433642792825896e0	5.774770235831998e-3
181	57	2.943192124467142e-1	3.127967539777984e-4
181	58	5.662075047467170e0	6.017543608190613e-3
181	59	1.721325644363372e1	1.829391529080303e-2
181	60	4.302281672702031e1	4.572381567387523e-2
181	61	5.303738037537710e1	5.636709979953250e-2
181	62	3.566993297367130e1	3.790931334728972e-2
181	63	2.947744870040211e1	3.132806109523752e-2
181	64	2.343426569698193e1	2.490548333876208e-2
181	65	1.830709859907614e1	1.945642953084236e-2
181	66	1.897895270879802e1	2.017046305560146e-2
181	67	7.856552443787057e0	8.349791647794168e-3
181	68	2.279893756153599e1	2.423026891145304e-2
181	69	1.034588086626273e1	1.099540164267698e-2
181	70	4.031669683028016e0	4.284780390237627e-3
181	71	1.738746909811004e0	1.847906512308561e-3
181	72	1.606106490276363e1	1.706938845496117e-2
181	73	1.745762278536688e1	1.855362310206052e-2
181	74	3.897366625740321e0	4.142045704249395e-3
181	75	5.489611415702726e-1	5.834252603343598e-4
181	76	2.459503062136901e0	2.613912180042146e-3
181	77	1.018805124544054e1	1.082766338099735e-2
181	78	2.762005431811784e0	2.935405834901754e-3
181	79	7.255676650401911e0	7.711192501811687e-3
181	80	1.250414150361533e1	1.328915921286677e-2
181	81	8.702854707860157e0	9.249225289538008e-3
181	82	1.825347103307051e1	1.939943519319502e-2
181	83	1.582408664322881e1	1.681753255425534e-2
181	84	2.304867401203606e1	2.449568397021514e-2
181	85	2.739068774243422e1	2.911029199836577e-2
181	86	3.105949467780879e1	3.300942889403875e-2
181	87	3.869102221874374e1	4.112006843690857e-2
181	88	4.797662674988507e1	5.098862894275186e-2
181	89	6.249039708195761e1	6.641358272035650e-2
181	90	9.363000439808251e1	9.950815377351410e-2
181	91	9.363000439808251e1	9.950815377351410e-2
181	92	6.249039708195761e1	6.641358272035650e-2
181	93	4.797662674988507e1	5.098862894275186e-2
181	94	3.869102221874374e1	4.112006843690857e-2
181	95	3.105949467780879e1	3.300942889403875e-2
181	96	2.739068774243422e1	2.911029199836577e-2
181	97	2.304867401203606e1	2.449568397021514e-2
181	98	1.582408664322881e1	1.681753255425534e-2
181	99	1.825347103307051e1	1.939943519319502e-2
181	100	8.702854707860157e0	9.249225289538008e-3
181	101	1.250414150361533e1	1.328915921286677e-2
181	102	7.255676650401911e0	7.711192501811687e-3
181	103	2.762005431811784e0	2.935405834901754e-3
181	104	1.018805124544054e1	1.082766338099735e-2
181	105	2.459503062136901e0	2.613912180042146e-3
181	106	5.489611415702726e-1	5.834252603343598e-4
181	107	3.897366625740321e0	4.142045704249395e-3
181	108	1.745762278536688e1	1.855362310206052e-2
181	109	1.606106490276363e1	1.706938845496117e-2
181	110	1.738746909811004e0	1.847906512308561e-3
181	111	4.031669683028016e0	4.284780390237627e-3
181	112	1.034588086626273e1	1.099540164267698e-2
181	113	2.279893756153599e1	2.423026891145304e-2
181	114	7.856552443787057e0	8.349791647794168e-3
181	115	1.897895270879802e1	2.017046305560146e-2
181	116	1.830709859907614e1	1.945642953084236e-2
181	117	2.343426569698193e1	2.490548333876208e-2
181	118	2.947744870040211e1	3.132806109523752e-2
181	119	3.566993297367130e1	3.790931334728972e-2
181	120	5.303738037537710e1	5.636709979953250e-2
181	121	4.302281672702031e1	4.572381567387523e-2
181	122	1.721325644363372e1	1.829391529080303e-2
181	123	5.662075047467170e0	6.017543608190613e-3
181	124	2.943192124467142e-1	3.127967539777984e-4
181	125	5.433642792825896e0	5.774770235831998e-3
181	126	8.093598543033746e0	8.601719647230792e-3
181	127	7.320815807692269e0	7.780421135538621e-3
181	128	1.503051718489771e1	1.597414231629448e-2
181	129	2.662892741214980e1	2.830070788511266e-2
181	130	1.241632049464744e1	1.319582474683634e-2
181	131	1.949640366765998e1	2.072039990453899e-2
181	132	1.945723417002297e1	2.067877132170219e-2
181	133	2.477947851430773e1	2.633514944574455e-2
181	134	3.249932826674586e1	3.453965612298412e-2
181	135	4.359545691882949e1	4.633240656981467e-2
181	136	1.420768763950519e1	1.509965502497500e-2
181	137	7.769699744671579e0	8.257486282705402e-3
181	138	1.549530721308157e1	1.646811214887373e-2
181	139	2.341373650193036e1	2.488366530819410e-2
181	140	2.578816461653215e1	2.740716148306759e-2
181	141	1.995770815451775e1	2.121066537135974e-2
181	142	3.188011475088949e1	3.388156800101309e-2
181	143	3.298884570485085e1	3.505990576751758e-2
181	144	4.285341781004855e1	4.554378178850420e-2
181	145	5.351658532770572e0	5.687638953407750e-3
181	146	2.433451285126877e1	2.586224856417073e-2
181	147	3.656777670992292e1	3.886352426659779e-2
181	148	4.409641478661572e1	4.686481488125489e-2
181	149	4.319490704630046e1	4.590670992945014e-2
181	150	4.516434780439614e1	4.799979339200335e-2
181	151	1.997572907000028e1	2.122981765102162e-2
181	152	4.018717739899513e1	4.271015316137904e-2
181	153	4.708609557962652e1	5.004218967683626e-2
181	154	4.721164532222710e1	5.017562150964711e-2
181	155	6.447604729134213e1	6.852389327353950e-2
181	156	4.745326471367142e1	5.043240991538381e-2
181	157	4.900190937552972e1	5.207827944346304e-2
181	158	6.039839103552361e1	6.419023924513244e-2
181	159	5.273344522625989e1	5.604408341445423e-2
181	160	5.900865161832273e1	6.271325113089531e-2
181	161	4.937330340723832e1	5.247298982135321e-2
181	162	6.007892417449156e1	6.385071605769393e-2
181	163	5.649074404306553e1	6.003726776640750e-2
181	164	7.108630685286984e1	7.554914900390036e-2
181	165	7.200082025543126e1	7.652107612144181e-2
181	166	6.843651364027441e1	7.273300014048795e-2
181	167	8.578582372980807e1	9.117151060892333e-2
181	168	8.898521498506472e1	9.457176161880403e-2
181	169	8.254912691772871e1	8.773161197637309e-2
181	170	9.316174676673232e1	9.901049863950484e-2
181	171	9.376474075549946e1	9.965134896248073e-2
181	172	1.001452425501702e2	1.064324225917935e-1
181	173	1.100224719884373e2	1.169297505810197e-1
181	174	1.188507097048862e2	1.263122305016927e-1
181	175	1.242074039235747e2	1.320052212844836e-1
181	176	1.348487004526301e2	1.433145849673127e-1
181	177	1.477770208819579e2	1.570545533202476e-1
181	178	1.643409491702101e2	1.746583752339270e-1
181	179	1.875761491013951e2	1.993522953354415e-1
181	180	2.271936060328615e2	2.414569606272512e-1
182	1	2.287662429752684e2	2.415364649907957e-1
182	3	1.659487828146622e2	1.752123995624306e-1
182	5	1.367170374751366e2	1.443488755433581e-1
182	9	1.026889212580657e2	1.084212369439175e-1
182	11	9.206615532308481e1	9.720548544583776e-2
182	15	7.211661734727672e1	7.614232150080917e-2
182	17	7.097651017311472e1	7.493857110050424e-2
182	19	6.354406844542644e1	6.709123454504057e-2
182	23	6.347911604560240e1	6.702265636304078e-2
182	25	4.777200547646905e1	5.043874121565523e-2
182	27	5.090903880051812e1	5.375089046370252e-2
182	29	3.937741172831745e1	4.157554325169001e-2
182	31	4.895855530721927e1	5.169152680118333e-2
182	33	2.802194179083692e1	2.958618664322913e-2
182	37	4.673300395884704e1	4.934174040634604e-2
182	41	2.798789266337044e1	2.955023682048731e-2
182	43	1.887257602584091e1	1.992608367067714e-2
182	45	4.403300689444021e0	4.649102371868835e-3
182	47	3.565887392849194e1	3.764942870164426e-2
182	51	1.703117543782990e1	1.798189215502492e-2
182	53	1.604325399096587e1	1.693882281550733e-2
182	55	1.145894392714637e1	1.209860673801379e-2
182	57	4.066553085580614e0	4.293556794980198e-3
182	59	1.359844017367162e1	1.435753425077034e-2
182	61	6.671691645045405e1	7.044119772632304e-2
182	67	8.487708569873307e0	8.961510654615741e-3
182	69	8.844720861239491e0	9.338452137298456e-3
182	71	2.879287979248318e-1	3.040016005653923e-4
182	73	3.003164427095660e1	3.170807502334221e-2
182	75	7.261234021762144e0	7.666571668429828e-3
182	79	3.675201338014936e0	3.880358954050480e-3
182	81	6.191289465469809e-1	6.536900513709092e-4
182	83	1.351914977104805e1	1.427381768792298e-2
182	85	1.912029023684621e1	2.018762581988607e-2
182	87	3.760803092166955e1	3.970739181596223e-2
182	89	5.412498442445282e1	5.714635706535397e-2
182	93	5.412498442445282e1	5.714635706535397e-2
182	95	3.760803092166955e1	3.970739181596223e-2
182	97	1.912029023684621e1	2.018762581988607e-2
182	99	1.351914977104805e1	1.427381768792298e-2
182	101	6.191289465469809e-1	6.536900513709092e-4
182	103	3.675201338014936e0	3.880358954050480e-3
182	107	7.261234021762144e0	7.666571668429828e-3
182	109	3.003164427095660e1	3.170807502334221e-2
182	111	2.879287979248318e-1	3.040016005653923e-4
182	113	8.844720861239491e0	9.338452137298456e-3
182	115	8.487708569873307e0	8.961510654615741e-3
182	121	6.671691645045405e1	7.044119772632304e-2
182	123	1.359844017367162e1	1.435753425077034e-2
182	125	4.066553085580614e0	4.293556794980198e-3
182	127	1.145894392714637e1	1.209860673801379e-2
182	129	1.604325399096587e1	1.693882281550733e-2
182	131	1.703117543782990e1	1.798189215502492e-2
182	135	3.565887392849194e1	3.764942870164426e-2
182	137	4.403300689444021e0	4.649102371868835e-3
182	139	1.887257602584091e1	1.992608367067714e-2
182	141	2.798789266337044e1	2.955023682048731e-2
182	145	4.673300395884704e1	4.934174040634604e-2
182	149	2.802194179083692e1	2.958618664322913e-2
182	151	4.895855530721927e1	5.169152680118333e-2
182	153	3.937741172831745e1	4.157554325169001e-2
182	155	5.090903880051812e1	5.375089046370252e-2
182	157	4.777200547646905e1	5.043874121565523e-2
182	159	6.347911604560240e1	6.702265636304078e-2
182	163	6.354406844542644e1	6.709123454504057e-2
182	165	7.097651017311472e1	7.493857110050424e-2
182	167	7.211661734727672e1	7.614232150080917e-2
182	171	9.206615532308481e1	9.720548544583776e-2
182	173	1.026889212580657e2	1.084212369439175e-1
182	177	1.367170374751366e2	1.443488755433581e-1
182	179	1.659487828146622e2	1.752123995624306e-1
182	181	2.287662429752684e2	2.415364649907957e-1
183	1	2.303406289108455e2	2.416153770895273e-1
183	2	1.902819086825166e2	1.995958565235841e-1
183	4	1.510414799237085e2	1.584346812826158e-1
183	5	1.379397609088704e2	1.446916573303960e-1
183	7	1.170439061459394e2	1.227729890866460e-1
183	8	1.138578346034536e2	1.194309652291445e-1
183	10	9.849892195429604e1	1.033202621848820e-1
183	11	9.471021474595845e1	9.934610475919128e-2
183	13	7.905571201507790e1	8.292534304487503e-2
183	14	7.431939676854138e1	7.795719391843615e-2
183	16	7.421096625159232e1	7.784345592803238e-2
183	17	7.215141521871006e1	7.568309367757774e-2
183	19	6.571647077611064e1	6.893317059453101e-2
183	20	5.670745875147136e1	5.948318407747667e-2
183	22	5.733892551299037e1	6.014555997019411e-2
183	23	6.888035063257531e1	7.225191652398470e-2
183	25	5.121302110088747e1	5.371980385611523e-2
183	26	3.184711089279805e1	3.340596812624700e-2
183	28	4.137329648059561e1	4.339844289678087e-2
183	29	4.234496112907870e1	4.441766873443660e-2
183	31	5.132617844538373e1	5.383850004354074e-2
183	32	4.058871726713375e1	4.257545998050793e-2
183	34	3.414987838501021e1	3.582145183231823e-2
183	35	2.951671654910123e1	3.096150528535780e-2
183	37	5.190881787028327e1	5.444965859173077e-2
183	38	3.777906015476506e1	3.962827534396694e-2
183	40	2.572978979723610e1	2.698921546619413e-2
183	41	3.116037889067317e1	3.268562186151108e-2
183	43	1.523623190367755e1	1.598201730297179e-2
183	44	1.396719312662645e1	1.465086142262073e-2
183	46	6.027378800121232e1	6.322407855439108e-2
183	47	3.706024877757484e1	3.887427947803015e-2
183	49	2.543087133251852e1	2.667566549494821e-2
183	50	2.934262443160048e1	3.077889168038004e-2
183	52	5.036549451302051e0	5.283079240776959e-3
183	53	2.041158156700381e1	2.141069076968671e-2
183	55	2.004818278641699e1	2.102950429025175e-2
183	56	5.398028194938154e0	5.662251701000163e-3
183	58	2.392576280292142e0	2.509688468385638e-3
183	59	1.079675882114452e1	1.132524021598122e-2
183	62	4.625843247045631e1	4.852269726694960e-2
183	64	2.238659189457359e1	2.348237420351193e-2
183	65	2.005484389245593e1	2.103649144512339e-2
183	67	1.452903120100762e1	1.524020043261971e-2
183	68	8.276493557088095e0	8.681612624010366e-3
183	70	6.911073103993296e0	7.249357362660250e-3
183	71	1.711565668639174e0	1.795343645613671e-3
183	73	2.438035553970224e1	2.557372889513954e-2
183	74	1.479296514211541e1	1.551705345246697e-2
183	76	2.063261510312846e0	2.164254348899511e-3
183	77	6.247922031760391e0	6.553746270763411e-3
183	79	2.281783273286080e-1	2.393472348401814e-4
183	80	1.154870345283273e1	1.211399114800248e-2
183	82	1.210493965128465e1	1.269745408059620e-2
183	83	2.044300816427091e1	2.144365564082227e-2
183	85	2.071078357622572e1	2.172453816441652e-2
183	86	2.891767754119261e1	3.033314442487237e-2
183	88	3.907408175958105e1	4.098668586349281e-2
183	89	4.963257647545047e1	5.206199938649264e-2
183	91	9.498287233330238e1	9.963210843163903e-2
183	92	9.498287233330238e1	9.963210843163903e-2
183	94	4.963257647545047e1	5.206199938649264e-2
183	95	3.907408175958105e1	4.098668586349281e-2
183	97	2.891767754119261e1	3.033314442487237e-2
183	98	2.071078357622572e1	2.172453816441652e-2
183	100	2.044300816427091e1	2.144365564082227e-2
183	101	1.210493965128465e1	1.269745408059620e-2
183	103	1.154870345283273e1	1.211399114800248e-2
183	104	2.281783273286080e-1	2.393472348401814e-4
183	106	6.247922031760391e0	6.553746270763411e-3
183	107	2.063261510312846e0	2.164254348899511e-3
183	109	1.479296514211541e1	1.551705345246697e-2
183	110	2.438035553970224e1	2.557372889513954e-2
183	112	1.711565668639174e0	1.795343645613671e-3
183	113	6.911073103993296e0	7.249357362660250e-3
183	115	8.276493557088095e0	8.681612624010366e-3
183	116	1.452903120100762e1	1.524020043261971e-2
183	118	2.005484389245593e1	2.103649144512339e-2
183	119	2.238659189457359e1	2.348237420351193e-2
183	121	4.625843247045631e1	4.852269726694960e-2
183	124	1.079675882114452e1	1.132524021598122e-2
183	125	2.392576280292142e0	2.509688468385638e-3
183	127	5.398028194938154e0	5.662251701000163e-3
183	128	2.004818278641699e1	2.102950429025175e-2
183	130	2.041158156700381e1	2.141069076968671e-2
183	131	5.036549451302051e0	5.283079240776959e-3
183	133	2.934262443160048e1	3.077889168038004e-2
183	134	2.543087133251852e1	2.667566549494821e-2
183	136	3.706024877757484e1	3.887427947803015e-2
183	137	6.027378800121232e1	6.322407855439108e-2
183	139	1.396719312662645e1	1.465086142262073e-2
183	140	1.523623190367755e1	1.598201730297179e-2
183	142	3.116037889067317e1	3.268562186151108e-2
183	143	2.572978979723610e1	2.698921546619413e-2
183	145	3.777906015476506e1	3.962827534396694e-2
183	146	5.190881787028327e1	5.444965859173077e-2
183	148	2.951671654910123e1	3.096150528535780e-2
183	149	3.414987838501021e1	3.582145183231823e-2
183	151	4.058871726713375e1	4.257545998050793e-2
183	152	5.132617844538373e1	5.383850004354074e-2
183	154	4.234496112907870e1	4.441766873443660e-2
183	155	4.137329648059561e1	4.339844289678087e-2
183	157	3.184711089279805e1	3.340596812624700e-2
183	158	5.121302110088747e1	5.371980385611523e-2
183	160	6.888035063257531e1	7.225191652398470e-2
183	161	5.733892551299037e1	6.014555997019411e-2
183	163	5.670745875147136e1	5.948318407747667e-2
183	164	6.571647077611064e1	6.893317059453101e-2
183	166	7.215141521871006e1	7.568309367757774e-2
183	167	7.421096625159232e1	7.784345592803238e-2
183	169	7.431939676854138e1	7.795719391843615e-2
183	170	7.905571201507790e1	8.292534304487503e-2
183	172	9.471021474595845e1	9.934610475919128e-2
183	173	9.849892195429604e1	1.033202621848820e-1
183	175	1.138578346034536e2	1.194309652291445e-1
183	176	1.170439061459394e2	1.227729890866460e-1
183	178	1.379397609088704e2	1.446916573303960e-1
183	179	1.510414799237085e2	1.584346812826158e-1
183	181	1.902819086825166e2	1.995958565235841e-1
183	182	2.303406289108455e2	2.416153770895273e-1
184	1	2.319167542818439e2	2.416937046630084e-1
184	3	1.680150207369331e2	1.750980558808236e-1
184	5	1.398165134175412e2	1.457107797390225e-1
184	7	1.192388866573794e2	1.242656587936337e-1
184	9	1.062908678677971e2	1.107717883788329e-1
184	11	9.591474016728424e1	9.995823266243269e-2
184	13	8.235208167120732e1	8.582381108022842e-2
184	15	7.569739931478451e1	7.888858625328583e-2
184	17	7.477106808684148e1	7.792320353688884e-2
184	19	6.507543696769896e1	6.781883220119977e-2
184	21	6.180376667361460e1	6.440923759790436e-2
184	25	4.870753537479079e1	5.076090645624968e-2
184	27	5.229316080067368e1	5.449769164625937e-2
184	29	3.844906918849701e1	4.006997252867162e-2
184	31	5.576053967532215e1	5.811124534693588e-2
184	33	3.585124282553208e1	3.736262919903371e-2
184	35	2.743716578703095e1	2.859383861703091e-2
184	37	6.031490907292326e1	6.285761399769887e-2
184	39	3.183679087080099e1	3.317893937405685e-2
184	41	3.864869142629545e1	4.027801027193872e-2
184	43	2.090492971271314e1	2.178622205899417e-2
184	45	5.882649904332871e0	6.130645683691392e-3
184	47	4.111676846964384e1	4.285013441988043e-2
184	49	2.026053293835849e1	2.111465935043111e-2
184	51	1.671227532728378e1	1.741681729596208e-2
184	53	2.366328159819418e1	2.466085821036040e-2
184	55	4.803684140726594e0	5.006193793968786e-3
184	57	5.172461018008068e0	5.390517254946063e-3
184	59	6.857492280301619e0	7.146584640063815e-3
184	61	4.405502927322954e1	4.591226393736107e-2
184	63	3.673529028625381e1	3.828394558491282e-2
184	65	2.626019203771371e1	2.736724700382694e-2
184	67	2.304967934250229e1	2.402138822973312e-2
184	71	6.340121115520272e0	6.607402579289308e-3
184	73	1.202143107016163e1	1.252822039397531e-2
184	75	9.939554876911128e0	1.035857822493678e-2
184	77	2.559459540748766e-2	2.667359071379865e-5
184	79	1.224859382600244e1	1.276495968515175e-2
184	81	7.964182476628967e0	8.299929745693938e-3
184	83	1.381736010308063e1	1.439986068413967e-2
184	85	1.404935602253211e1	1.464163689135058e-2
184	87	3.021160020821421e1	3.148523529803753e-2
184	89	4.533230879605399e1	4.724338993003718e-2
184	91	7.551987033439106e1	7.870357315628382e-2
184	93	7.551987033439106e1	7.870357315628382e-2
184	95	4.533230879605399e1	4.724338993003718e-2
184	97	3.021160020821421e1	3.148523529803753e-2
184	99	1.404935602253211e1	1.464163689135058e-2
184	101	1.381736010308063e1	1.439986068413967e-2
184	103	7.964182476628967e0	8.299929745693938e-3
184	105	1.224859382600244e1	1.276495968515175e-2
184	107	2.559459540748766e-2	2.667359071379865e-5
184	109	9.939554876911128e0	1.035857822493678e-2
184	111	1.202143107016163e1	1.252822039397531e-2
184	113	6.340121115520272e0	6.607402579289308e-3
184	117	2.304967934250229e1	2.402138822973312e-2
184	119	2.626019203771371e1	2.736724700382694e-2
184	121	3.673529028625381e1	3.828394558491282e-2
184	123	4.405502927322954e1	4.591226393736107e-2
184	125	6.857492280301619e0	7.146584640063815e-3
184	127	5.172461018008068e0	5.390517254946063e-3
184	129	4.803684140726594e0	5.006193793968786e-3
184	131	2.366328159819418e1	2.466085821036040e-2
184	133	1.671227532728378e1	1.741681729596208e-2
184	135	2.026053293835849e1	2.111465935043111e-2
184	137	4.111676846964384e1	4.285013441988043e-2
184	139	5.882649904332871e0	6.130645683691392e-3
184	141	2.090492971271314e1	2.178622205899417e-2
184	143	3.864869142629545e1	4.027801027193872e-2
184	145	3.183679087080099e1	3.317893937405685e-2
184	147	6.031490907292326e1	6.285761399769887e-2
184	149	2.743716578703095e1	2.859383861703091e-2
184	151	3.585124282553208e1	3.736262919903371e-2
184	153	5.576053967532215e1	5.811124534693588e-2
184	155	3.844906918849701e1	4.006997252867162e-2
184	157	5.229316080067368e1	5.449769164625937e-2
184	159	4.870753537479079e1	5.076090645624968e-2
184	163	6.180376667361460e1	6.440923759790436e-2
184	165	6.507543696769896e1	6.781883220119977e-2
184	167	7.477106808684148e1	7.792320353688884e-2
184	169	7.569739931478451e1	7.888858625328583e-2
184	171	8.235208167120732e1	8.582381108022842e-2
184	173	9.591474016728424e1	9.995823266243269e-2
184	175	1.062908678677971e2	1.107717883788329e-1
184	177	1.192388866573794e2	1.242656587936337e-1
184	179	1.398165134175412e2	1.457107797390225e-1
184	181	1.680150207369331e2	1.750980558808236e-1
184	183	2.319167542818439e2	2.416937046630084e-1
185	1	2.334946096344098e2	2.417714553072496e-1
185	2	1.929946259383420e2	1.998358405474508e-1
185	3	1.696280729310363e2	1.756409970993057e-1
185	4	1.523129701491345e2	1.577121138375910e-1
185	6	1.309212342843738e2	1.355620902474562e-1
185	7	1.209837099767193e2	1.252723036105199e-1
185	8	1.108598369236548e2	1.147895625947097e-1
185	9	1.061149840647808e2	1.098765156395577e-1
185	11	9.765773721248138e1	1.011194788815162e-1
185	12	9.065002852471493e1	9.386336307454607e-2
185	13	8.465884573759352e1	8.765980666816031e-2
185	14	7.983505181475449e1	8.266502037029629e-2
185	16	7.433381306670091e1	7.696877538977173e-2
185	17	7.716094073349636e1	7.989611821541868e-2
185	18	6.691715034486992e1	6.928920907092746e-2
185	19	6.872723764334631e1	7.116345979162296e-2
185	21	6.398966108059142e1	6.625794706051462e-2
185	22	5.734992868049430e1	5.938285145237342e-2
185	23	4.194474292893524e1	4.343158737709320e-2
185	24	5.575336012588031e1	5.772968822281880e-2
185	26	4.107200936740041e1	4.252791742257850e-2
185	27	5.504714297823519e1	5.699843730522188e-2
185	28	4.531162599491110e1	4.691781868660758e-2
185	29	4.242066882485155e1	4.392438374894201e-2
185	31	6.287034254651787e1	6.509895126459858e-2
185	32	4.387560369362592e1	4.543089270498004e-2
185	33	3.677932221610339e1	3.808306440703006e-2
185	34	3.833482338034829e1	3.969370450189325e-2
185	36	2.480956502311589e1	2.568900691356522e-2
185	38	4.206831879469395e1	4.355954372243289e-2
185	39	3.785042401791031e1	3.919213429866714e-2
185	41	1.575092964678140e1	1.630926379459872e-2
185	42	2.316674435355618e1	2.398795203820784e-2
185	43	2.244699000782837e1	2.324268406006139e-2
185	44	1.383361853894106e1	1.432398842766365e-2
185	46	1.484162825146437e1	1.536772976088836e-2
185	47	4.526453056395771e1	4.686905383118865e-2
185	48	3.478381751555809e1	3.601682366477613e-2
185	49	2.748160150491789e1	2.845576092921821e-2
185	51	1.893310290549526e1	1.960423775996637e-2
185	52	1.271310234711975e1	1.316375251979346e-2
185	53	3.318992191883964e1	3.436642814331289e-2
185	54	1.844842518627315e1	1.910237933284977e-2
185	56	1.086732714009895e1	1.125254883646143e-2
185	57	1.238351433827082e1	1.282248137577865e-2
185	58	2.903185440868790e0	3.006096672487068e-3
185	59	3.887564224425968e0	4.025369414786494e-3
185	61	3.089837671676558e1	3.199365294616700e-2
185	62	6.813576887401489e1	7.055102481783943e-2
185	63	4.173794799640211e1	4.321746204089387e-2
185	64	2.872385891602442e1	2.974205350196624e-2
185	66	1.342386165149633e1	1.389970660310764e-2
185	67	1.244266539301499e1	1.288372919906181e-2
185	68	1.178211192297466e1	1.219976063117942e-2
185	69	3.904105193766761e0	4.042496723361102e-3
185	71	1.962657719214683e0	2.032229411152164e-3
185	72	5.355509246412036e0	5.545349703977298e-3
185	73	6.958225651663419e0	7.204878711302726e-3
185	76	3.559560343760590e0	3.685738552647708e-3
185	77	7.297916333507872e0	7.556610644782625e-3
185	78	2.149770417387335e0	2.225974823153321e-3
185	79	1.582833589988884e1	1.638941392094625e-2
185	81	2.921479470419451e0	3.025039183214927e-3
185	82	1.790117188840765e1	1.853572716707260e-2
185	83	1.122054163189128e1	1.161828396777752e-2
185	84	2.441356239282065e1	2.527896690286910e-2
185	86	2.304854192018500e1	2.386555960104728e-2
185	87	3.166532785895575e1	3.278779073841498e-2
185	88	3.423791938959943e1	3.545157470862603e-2
185	89	4.060254869437112e1	4.204181545086478e-2
185	91	6.411541395225221e1	6.638815758159732e-2
185	92	9.633921936219654e1	9.975422261281225e-2
185	93	9.633921936219654e1	9.975422261281225e-2
185	94	6.411541395225221e1	6.638815758159732e-2
185	96	4.060254869437112e1	4.204181545086478e-2
185	97	3.423791938959943e1	3.545157470862603e-2
185	98	3.166532785895575e1	3.278779073841498e-2
185	99	2.304854192018500e1	2.386555960104728e-2
185	101	2.441356239282065e1	2.527896690286910e-2
185	102	1.122054163189128e1	1.161828396777752e-2
185	103	1.790117188840765e1	1.853572716707260e-2
185	104	2.921479470419451e0	3.025039183214927e-3
185	106	1.582833589988884e1	1.638941392094625e-2
185	107	2.149770417387335e0	2.225974823153321e-3
185	108	7.297916333507872e0	7.556610644782625e-3
185	109	3.559560343760590e0	3.685738552647708e-3
185	112	6.958225651663419e0	7.204878711302726e-3
185	113	5.355509246412036e0	5.545349703977298e-3
185	114	1.962657719214683e0	2.032229411152164e-3
185	116	3.904105193766761e0	4.042496723361102e-3
185	117	1.178211192297466e1	1.219976063117942e-2
185	118	1.244266539301499e1	1.288372919906181e-2
185	119	1.342386165149633e1	1.389970660310764e-2
185	121	2.872385891602442e1	2.974205350196624e-2
185	122	4.173794799640211e1	4.321746204089387e-2
185	123	6.813576887401489e1	7.055102481783943e-2
185	124	3.089837671676558e1	3.199365294616700e-2
185	126	3.887564224425968e0	4.025369414786494e-3
185	127	2.903185440868790e0	3.006096672487068e-3
185	128	1.238351433827082e1	1.282248137577865e-2
185	129	1.086732714009895e1	1.125254883646143e-2
185	131	1.844842518627315e1	1.910237933284977e-2
185	132	3.318992191883964e1	3.436642814331289e-2
185	133	1.271310234711975e1	1.316375251979346e-2
185	134	1.893310290549526e1	1.960423775996637e-2
185	136	2.748160150491789e1	2.845576092921821e-2
185	137	3.478381751555809e1	3.601682366477613e-2
185	138	4.526453056395771e1	4.686905383118865e-2
185	139	1.484162825146437e1	1.536772976088836e-2
185	141	1.383361853894106e1	1.432398842766365e-2
185	142	2.244699000782837e1	2.324268406006139e-2
185	143	2.316674435355618e1	2.398795203820784e-2
185	144	1.575092964678140e1	1.630926379459872e-2
185	146	3.785042401791031e1	3.919213429866714e-2
185	147	4.206831879469395e1	4.355954372243289e-2
185	149	2.480956502311589e1	2.568900691356522e-2
185	151	3.833482338034829e1	3.969370450189325e-2
185	152	3.677932221610339e1	3.808306440703006e-2
185	153	4.387560369362592e1	4.543089270498004e-2
185	154	6.287034254651787e1	6.509895126459858e-2
185	156	4.242066882485155e1	4.392438374894201e-2
185	157	4.531162599491110e1	4.691781868660758e-2
185	158	5.504714297823519e1	5.699843730522188e-2
185	159	4.107200936740041e1	4.252791742257850e-2
185	161	5.575336012588031e1	5.772968822281880e-2
185	162	4.194474292893524e1	4.343158737709320e-2
185	163	5.734992868049430e1	5.938285145237342e-2
185	164	6.398966108059142e1	6.625794706051462e-2
185	166	6.872723764334631e1	7.116345979162296e-2
185	167	6.691715034486992e1	6.928920907092746e-2
185	168	7.716094073349636e1	7.989611821541868e-2
185	169	7.433381306670091e1	7.696877538977173e-2
185	171	7.983505181475449e1	8.266502037029629e-2
185	172	8.465884573759352e1	8.765980666816031e-2
185	173	9.065002852471493e1	9.386336307454607e-2
185	174	9.765773721248138e1	1.011194788815162e-1
185	176	1.061149840647808e2	1.098765156395577e-1
185	177	1.108598369236548e2	1.147895625947097e-1
185	178	1.209837099767193e2	1.252723036105199e-1
185	179	1.309212342843738e2	1.355620902474562e-1
185	181	1.523129701491345e2	1.577121138375910e-1
185	182	1.696280729310363e2	1.756409970993057e-1
185	183	1.929946259383420e2	1.998358405474508e-1
185	184	2.334946096344098e2	2.417714553072496e-1
186	1	2.350741856168999e2	2.418486364781453e-1
186	5	1.401678067479287e2	1.442072120814002e-1
186	7	1.215935438653464e2	1.250976695344359e-1
186	11	1.006114274820241e2	1.035108831145856e-1
186	13	8.659416806197329e1	8.908966936453781e-2
186	17	8.131629311877450e1	8.365969475815964e-2
186	19	7.002203059234371e1	7.203995018741793e-2
186	23	4.722744402936340e1	4.858846118247841e-2
186	25	5.338222433803276e1	5.492061212269296e-2
186	29	4.429712433974452e1	4.557369450565433e-2
186	35	3.512159253195130e1	3.613373898330238e-2
186	37	5.178717907725571e0	5.327960028454698e-3
186	41	2.316047342267295e1	2.382792012131122e-2
186	43	2.935055533984411e1	3.019639000424269e-2
186	47	5.131840270373268e1	5.279731454801580e-2
186	49	3.181761237045706e1	3.273454355522395e-2
186	53	8.390305069374713e-1	8.632099842604170e-4
186	55	1.247406554789184e1	1.283354757214041e-2
186	59	1.674251132540327e0	1.722500292681046e-3
186	61	2.308076529146976e1	2.374591493304640e-2
186	65	2.475599937026049e1	2.546942649886987e-2
186	67	1.854929915006209e1	1.908385940078834e-2
186	71	7.424392305433120e0	7.638351063668417e-3
186	73	2.898935653944031e0	2.982478204930728e-3
186	77	2.683321766198794e0	2.760650680057711e-3
186	79	8.405921319494981e0	8.648166127332870e-3
186	83	6.200815769646671e0	6.379513067356622e-3
186	85	1.708056210674992e1	1.757279577490438e-2
186	89	3.416952364562770e1	3.515423303973664e-2
186	91	5.695504281231179e1	5.859639334095273e-2
186	95	5.695504281231179e1	5.859639334095273e-2
186	97	3.416952364562770e1	3.515423303973664e-2
186	101	1.708056210674992e1	1.757279577490438e-2
186	103	6.200815769646671e0	6.379513067356622e-3
186	107	8.405921319494981e0	8.648166127332870e-3
186	109	2.683321766198794e0	2.760650680057711e-3
186	113	2.898935653944031e0	2.982478204930728e-3
186	115	7.424392305433120e0	7.638351063668417e-3
186	119	1.854929915006209e1	1.908385940078834e-2
186	121	2.475599937026049e1	2.546942649886987e-2
186	125	2.308076529146976e1	2.374591493304640e-2
186	127	1.674251132540327e0	1.722500292681046e-3
186	131	1.247406554789184e1	1.283354757214041e-2
186	133	8.390305069374713e-1	8.632099842604170e-4
186	137	3.181761237045706e1	3.273454355522395e-2
186	139	5.131840270373268e1	5.279731454801580e-2
186	143	2.935055533984411e1	3.019639000424269e-2
186	145	2.316047342267295e1	2.382792012131122e-2
186	149	5.178717907725571e0	5.327960028454698e-3
186	151	3.512159253195130e1	3.613373898330238e-2
186	157	4.429712433974452e1	4.557369450565433e-2
186	161	5.338222433803276e1	5.492061212269296e-2
186	163	4.722744402936340e1	4.858846118247841e-2
186	167	7.002203059234371e1	7.203995018741793e-2
186	169	8.131629311877450e1	8.365969475815964e-2
186	173	8.659416806197329e1	8.908966936453781e-2
186	175	1.006114274820241e2	1.035108831145856e-1
186	179	1.215935438653464e2	1.250976695344359e-1
186	181	1.401678067479287e2	1.442072120814002e-1
186	185	2.350741856168999e2	2.418486364781453e-1
187	1	2.366554729782320e2	2.419252554948098e-1
187	2	1.957142256490309e2	2.000723391191795e-1
187	3	1.717046620874237e2	1.755281368412336e-1
187	4	1.555912705686882e2	1.590559365113619e-1
187	5	1.420448611962051e2	1.452078792184857e-1
187	6	1.302472605452290e2	1.331475726648500e-1
187	7	1.233452669192975e2	1.260918872401119e-1
187	8	1.146848963264944e2	1.172386697675696e-1
187	9	1.097392384247127e2	1.121828832420303e-1
187	10	1.030207925830742e2	1.053148327959038e-1
187	12	9.222511140216699e1	9.427875619449040e-2
187	13	8.741415487273576e1	8.936067053642438e-2
187	14	8.224597131510703e1	8.407740321161414e-2
187	15	8.186453702797455e1	8.368747524498944e-2
187	16	7.657102049091691e1	7.827608405856434e-2
187	18	6.980309579256303e1	7.135745297341085e-2
187	19	7.141911760820906e1	7.300945994250940e-2
187	20	6.159069629440904e1	6.296218189933304e-2
187	21	6.977503094603878e1	7.132876318618407e-2
187	23	5.023117458860943e1	5.134970931887772e-2
187	24	5.961001137348747e1	6.093739160178205e-2
187	25	5.783369792764105e1	5.912152367015476e-2
187	26	4.676061741892490e1	4.780187068485423e-2
187	27	6.103541169946544e1	6.239453237146256e-2
187	28	4.561424719575025e1	4.662997338772863e-2
187	29	4.676422774298727e1	4.780556140267375e-2
187	30	3.994084134061752e1	4.083023360670534e-2
187	31	2.031632684633609e1	2.076872552813522e-2
187	32	4.780121104365744e1	4.886563597775682e-2
187	35	2.893275583176664e1	2.957702291302143e-2
187	36	2.977429931386700e1	3.043730566649001e-2
187	37	1.333470311655195e1	1.363163681710416e-2
187	38	4.872439809548529e1	4.980938031872752e-2
187	39	3.960955258686612e1	4.049156780115586e-2
187	40	2.613927422473010e1	2.672133678416301e-2
187	41	2.630511717200200e1	2.689087267904788e-2
187	42	3.080855488970964e1	3.149459177647859e-2
187	43	1.975906606742729e1	2.019905581114900e-2
187	45	1.316842872143433e1	1.346165986700517e-2
187	46	1.225430859284764e0	1.252718434916399e-3
187	47	6.191118957022712e1	6.328981183605457e-2
187	48	3.834581885614178e1	3.919969357642152e-2
187	49	3.033857964471406e1	3.101415124497121e-2
187	50	2.786291678186474e1	2.848336096542875e-2
187	52	2.184024044850575e1	2.232657324201768e-2
187	53	8.563048780113728e0	8.753728523041951e-3
187	54	2.147884454600971e1	2.195712986956640e-2
187	56	6.856565371727745e-1	7.009245585985994e-4
187	57	9.056931070654285e0	9.258608455966114e-3
187	58	3.146289047822942e0	3.216349793968639e-3
187	59	4.034000092579472e0	4.123828157370113e-3
187	60	6.924985794133118e0	7.079189576560871e-3
187	61	1.740079688994025e1	1.778827330901957e-2
187	62	4.509243264108589e1	4.609653920228853e-2
187	63	5.543559502920127e1	5.667002044013542e-2
187	64	3.846294962986081e1	3.931943258774320e-2
187	65	2.616698220111463e1	2.674966175455864e-2
187	67	2.045213527682077e1	2.090755810542523e-2
187	69	1.294881229340590e1	1.323715307748113e-2
187	70	4.431295183413030e0	4.529970111947192e-3
187	71	1.012633118532114e1	1.035182169422811e-2
187	72	1.170874764400611e1	1.196947499101778e-2
187	73	1.057304426523441e0	1.080848206481178e-3
187	74	9.349182289150324e0	9.557367448579089e-3
187	75	3.117745331013634e1	3.187170473097835e-2
187	76	1.151032435751137e1	1.176663326639062e-2
187	78	7.372046988483304e0	7.536205813303183e-3
187	79	4.934420459334700e0	5.044298850646773e-3
187	80	2.194348637996931e1	2.243211822702810e-2
187	81	3.768396279820809e0	3.852309947994303e-3
187	82	7.171642101568240e0	7.331338362492972e-3
187	83	2.272033651738283e1	2.322626706123752e-2
187	84	1.317039396701722e1	1.346366887416552e-2
187	86	2.134183697935040e1	2.181707145404932e-2
187	87	2.365988526188258e1	2.418673743279676e-2
187	89	3.660245795963565e1	3.741751197293203e-2
187	90	4.260007284380015e1	4.354868018531659e-2
187	91	4.954283845692114e1	5.064604549724991e-2
187	92	6.551038701454218e1	6.696915527288384e-2
187	93	9.769900786662099e1	9.987454396161707e-2
187	94	9.769900786662099e1	9.987454396161707e-2
187	95	6.551038701454218e1	6.696915527288384e-2
187	96	4.954283845692114e1	5.064604549724991e-2
187	97	4.260007284380015e1	4.354868018531659e-2
187	98	3.660245795963565e1	3.741751197293203e-2
187	100	2.365988526188258e1	2.418673743279676e-2
187	101	2.134183697935040e1	2.181707145404932e-2
187	103	1.317039396701722e1	1.346366887416552e-2
187	104	2.272033651738283e1	2.322626706123752e-2
187	105	7.171642101568240e0	7.331338362492972e-3
187	106	3.768396279820809e0	3.852309947994303e-3
187	107	2.194348637996931e1	2.243211822702810e-2
187	108	4.934420459334700e0	5.044298850646773e-3
187	109	7.372046988483304e0	7.536205813303183e-3
187	111	1.151032435751137e1	1.176663326639062e-2
187	112	3.117745331013634e1	3.187170473097835e-2
187	113	9.349182289150324e0	9.557367448579089e-3
187	114	1.057304426523441e0	1.080848206481178e-3
187	115	1.170874764400611e1	1.196947499101778e-2
187	116	1.012633118532114e1	1.035182169422811e-2
187	117	4.431295183413030e0	4.529970111947192e-3
187	118	1.294881229340590e1	1.323715307748113e-2
187	120	2.045213527682077e1	2.090755810542523e-2
187	122	2.616698220111463e1	2.674966175455864e-2
187	123	3.846294962986081e1	3.931943258774320e-2
187	124	5.543559502920127e1	5.667002044013542e-2
187	125	4.509243264108589e1	4.609653920228853e-2
187	126	1.740079688994025e1	1.778827330901957e-2
187	127	6.924985794133118e0	7.079189576560871e-3
187	128	4.034000092579472e0	4.123828157370113e-3
187	129	3.146289047822942e0	3.216349793968639e-3
187	130	9.056931070654285e0	9.258608455966114e-3
187	131	6.856565371727745e-1	7.009245585985994e-4
187	133	2.147884454600971e1	2.195712986956640e-2
187	134	8.563048780113728e0	8.753728523041951e-3
187	135	2.184024044850575e1	2.232657324201768e-2
187	137	2.786291678186474e1	2.848336096542875e-2
187	138	3.033857964471406e1	3.101415124497121e-2
187	139	3.834581885614178e1	3.919969357642152e-2
187	140	6.191118957022712e1	6.328981183605457e-2
187	141	1.225430859284764e0	1.252718434916399e-3
187	142	1.316842872143433e1	1.346165986700517e-2
187	144	1.975906606742729e1	2.019905581114900e-2
187	145	3.080855488970964e1	3.149459177647859e-2
187	146	2.630511717200200e1	2.689087267904788e-2
187	147	2.613927422473010e1	2.672133678416301e-2
187	148	3.960955258686612e1	4.049156780115586e-2
187	149	4.872439809548529e1	4.980938031872752e-2
187	150	1.333470311655195e1	1.363163681710416e-2
187	151	2.977429931386700e1	3.043730566649001e-2
187	152	2.893275583176664e1	2.957702291302143e-2
187	155	4.780121104365744e1	4.886563597775682e-2
187	156	2.031632684633609e1	2.076872552813522e-2
187	157	3.994084134061752e1	4.083023360670534e-2
187	158	4.676422774298727e1	4.780556140267375e-2
187	159	4.561424719575025e1	4.662997338772863e-2
187	160	6.103541169946544e1	6.239453237146256e-2
187	161	4.676061741892490e1	4.780187068485423e-2
187	162	5.783369792764105e1	5.912152367015476e-2
187	163	5.961001137348747e1	6.093739160178205e-2
187	164	5.023117458860943e1	5.134970931887772e-2
187	166	6.977503094603878e1	7.132876318618407e-2
187	167	6.159069629440904e1	6.296218189933304e-2
187	168	7.141911760820906e1	7.300945994250940e-2
187	169	6.980309579256303e1	7.135745297341085e-2
187	171	7.657102049091691e1	7.827608405856434e-2
187	172	8.186453702797455e1	8.368747524498944e-2
187	173	8.224597131510703e1	8.407740321161414e-2
187	174	8.741415487273576e1	8.936067053642438e-2
187	175	9.222511140216699e1	9.427875619449040e-2
187	177	1.030207925830742e2	1.053148327959038e-1
187	178	1.097392384247127e2	1.121828832420303e-1
187	179	1.146848963264944e2	1.172386697675696e-1
187	180	1.233452669192975e2	1.260918872401119e-1
187	181	1.302472605452290e2	1.331475726648500e-1
187	182	1.420448611962051e2	1.452078792184857e-1
187	183	1.555912705686882e2	1.590559365113619e-1
187	184	1.717046620874237e2	1.755281368412336e-1
187	185	1.957142256490309e2	2.000723391191795e-1
187	186	2.366554729782320e2	2.419252554948098e-1
188	1	2.382384625662726e2	2.420013195428150e-1
188	3	1.733228486498521e2	1.760603960769594e-1
188	5	1.432761888945835e2	1.455391644072148e-1
188	7	1.255596982192901e2	1.275428506512178e-1
188	9	1.123157411464140e2	1.140897119217280e-1
188	11	9.363334905868138e1	9.511224082513776e-2
188	13	8.998362709799765e1	9.140487333738732e-2
188	15	7.864265115437713e1	7.988477236924066e-2
188	17	6.501230076401683e1	6.603913743369565e-2
188	19	7.442542811185702e1	7.560094040481832e-2
188	21	7.476298860577674e1	7.594383249736351e-2
188	23	5.226810833401115e1	5.309365687884612e-2
188	25	4.799251751191519e1	4.875053524505644e-2
188	27	6.729196852737691e1	6.835481140552080e-2
188	29	5.225538685161011e1	5.308073446701375e-2
188	31	2.723646298423503e1	2.766664925077064e-2
188	33	4.094210801768339e1	4.158876807051107e-2
188	35	3.471084333485620e1	3.525908368864836e-2
188	37	1.832699855700519e1	1.861646430336898e-2
188	39	3.876683703235972e1	3.937913977144879e-2
188	41	2.850577830694247e1	2.895601277210240e-2
188	43	2.487416985320877e1	2.526704488505553e-2
188	45	1.484981352573312e1	1.508435887925728e-2
188	49	2.937228674690100e1	2.983620727808657e-2
188	51	1.917797230406372e1	1.948087875377357e-2
188	53	1.175634511215023e1	1.194203068427563e-2
188	55	1.484650424576922e1	1.508099733087684e-2
188	57	1.153266266666637e1	1.171481528680135e-2
188	59	2.252770604336577e0	2.288351985670917e-3
188	61	1.286607436897683e1	1.306928755789065e-2
188	63	6.955978405014685e1	7.065844593656272e-2
188	65	3.075425267352020e1	3.124000066309477e-2
188	67	1.652316914002185e1	1.678414430584263e-2
188	69	1.380695628858434e1	1.402503023531686e-2
188	71	1.320214269971435e1	1.341066391928488e-2
188	73	5.253723758347901e-1	5.336703688976973e-4
188	75	2.536723683828498e1	2.576789961575733e-2
188	77	6.922579228502537e0	7.031917893909648e-3
188	79	3.243204601787937e0	3.294429391147033e-3
188	81	3.580153920026177e0	3.636700654797514e-3
188	83	1.220742643912580e1	1.240023661447402e-2
188	85	1.629781963601879e1	1.655523551949631e-2
188	87	1.908924591308248e1	1.939075097396657e-2
188	89	3.458027553892781e1	3.512645363989762e-2
188	91	4.421744040445842e1	4.491583268888848e-2
188	93	7.779819720679441e1	7.902698069527320e-2
188	95	7.779819720679441e1	7.902698069527320e-2
188	97	4.421744040445842e1	4.491583268888848e-2
188	99	3.458027553892781e1	3.512645363989762e-2
188	101	1.908924591308248e1	1.939075097396657e-2
188	103	1.629781963601879e1	1.655523551949631e-2
188	105	1.220742643912580e1	1.240023661447402e-2
188	107	3.580153920026177e0	3.636700654797514e-3
188	109	3.243204601787937e0	3.294429391147033e-3
188	111	6.922579228502537e0	7.031917893909648e-3
188	113	2.536723683828498e1	2.576789961575733e-2
188	115	5.253723758347901e-1	5.336703688976973e-4
188	117	1.320214269971435e1	1.341066391928488e-2
188	119	1.380695628858434e1	1.402503023531686e-2
188	121	1.652316914002185e1	1.678414430584263e-2
188	123	3.075425267352020e1	3.124000066309477e-2
188	125	6.955978405014685e1	7.065844593656272e-2
188	127	1.286607436897683e1	1.306928755789065e-2
188	129	2.252770604336577e0	2.288351985670917e-3
188	131	1.153266266666637e1	1.171481528680135e-2
188	133	1.484650424576922e1	1.508099733087684e-2
188	135	1.175634511215023e1	1.194203068427563e-2
188	137	1.917797230406372e1	1.948087875377357e-2
188	139	2.937228674690100e1	2.983620727808657e-2
188	143	1.484981352573312e1	1.508435887925728e-2
188	145	2.487416985320877e1	2.526704488505553e-2
188	147	2.850577830694247e1	2.895601277210240e-2
188	149	3.876683703235972e1	3.937913977144879e-2
188	151	1.832699855700519e1	1.861646430336898e-2
188	153	3.471084333485620e1	3.525908368864836e-2
188	155	4.094210801768339e1	4.158876807051107e-2
188	157	2.723646298423503e1	2.766664925077064e-2
188	159	5.225538685161011e1	5.308073446701375e-2
188	161	6.729196852737691e1	6.835481140552080e-2
188	163	4.799251751191519e1	4.875053524505644e-2
188	165	5.226810833401115e1	5.309365687884612e-2
188	167	7.476298860577674e1	7.594383249736351e-2
188	169	7.442542811185702e1	7.560094040481832e-2
188	171	6.501230076401683e1	6.603913743369565e-2
188	173	7.864265115437713e1	7.988477236924066e-2
188	175	8.998362709799765e1	9.140487333738732e-2
188	177	9.363334905868138e1	9.511224082513776e-2
188	179	1.123157411464140e2	1.140897119217280e-1
188	181	1.255596982192901e2	1.275428506512178e-1
188	183	1.432761888945835e2	1.455391644072148e-1
188	185	1.733228486498521e2	1.760603960769594e-1
188	187	2.382384625662726e2	2.420013195428150e-1
189	1	2.398231453262568e2	2.420768356773353e-1
189	2	1.984406342037785e2	2.003054406300245e-1
189	4	1.568764502335610e2	1.583506655004897e-1
189	5	1.451614344075932e2	1.465255601412793e-1
189	8	1.173571149740663e2	1.184599551410887e-1
189	10	1.078169434422702e2	1.088301317431244e-1
189	11	9.655875291725617e1	9.746614460985424e-2
189	13	8.787775974003038e1	8.870357352431325e-2
189	16	8.065100251096698e1	8.140890428027493e-2
189	17	6.909889211065314e1	6.974823521808397e-2
189	19	7.899800598859551e1	7.974037405156428e-2
189	20	6.702366276514148e1	6.765350431718285e-2
189	22	6.123446506848497e1	6.180990378558858e-2
189	23	5.458340029696782e1	5.509633695456598e-2
189	25	5.241754394209996e1	5.291012739499743e-2
189	26	4.849015376540727e1	4.894583034956156e-2
189	29	3.938971568558781e1	3.975987271130593e-2
189	31	3.153663430152609e1	3.183299355548445e-2
189	32	5.371837857175623e1	5.422318635958692e-2
189	34	3.590710429657787e1	3.624453417382460e-2
189	37	2.206638795036846e1	2.227375244614824e-2
189	38	6.227464015819168e1	6.285985371399952e-2
189	40	3.486445886776419e1	3.519209069178585e-2
189	41	2.907841861314379e1	2.935167727366177e-2
189	43	2.852691546221534e1	2.879499148146595e-2
189	44	2.258174039379337e1	2.279394781175053e-2
189	46	9.299750699356837e0	9.387143258528151e-3
189	47	1.548245354036318e1	1.562794682086981e-2
189	50	2.645350007098461e1	2.670209158112066e-2
189	52	2.266839022249630e1	2.288141191499983e-2
189	53	1.610322822516596e1	1.625455511241405e-2
189	55	1.777164130999886e1	1.793864677766832e-2
189	58	2.773681861762487e0	2.799746985878474e-3
189	59	2.181523014109444e0	2.202023443127108e-3
189	61	9.039490219247742e0	9.124437032275617e-3
189	62	2.415674733539744e1	2.438375556810643e-2
189	64	4.802065291413815e1	4.847191745734081e-2
189	65	3.598134759066308e1	3.631947515451251e-2
189	67	2.131427492358247e1	2.151457158665127e-2
189	68	1.516948240403833e1	1.531203460048428e-2
189	71	2.412977608363837e1	2.435653085936862e-2
189	73	5.025759820830011e0	5.072988400038384e-3
189	74	1.400697553868436e0	1.413860330787394e-3
189	76	2.335834863649857e1	2.357785407609068e-2
189	79	2.226097966401020e0	2.247017279675008e-3
189	80	3.975543699693467e0	4.012903081600084e-3
189	82	3.861059802176183e0	3.897343344405869e-3
189	83	8.011855398927548e0	8.087145217940782e-3
189	85	1.644784965923473e1	1.660241505792708e-2
189	86	7.672149386857076e0	7.744246886127506e-3
189	88	2.540008349720717e1	2.563877573442375e-2
189	89	2.424748619560215e1	2.447534712871849e-2
189	92	5.119939548236574e1	5.168053162718063e-2
189	94	9.906220103329750e1	9.999311838208640e-2
189	95	9.906220103329750e1	9.999311838208640e-2
189	97	5.119939548236574e1	5.168053162718063e-2
189	100	2.424748619560215e1	2.447534712871849e-2
189	101	2.540008349720717e1	2.563877573442375e-2
189	103	7.672149386857076e0	7.744246886127506e-3
189	104	1.644784965923473e1	1.660241505792708e-2
189	106	8.011855398927548e0	8.087145217940782e-3
189	107	3.861059802176183e0	3.897343344405869e-3
189	109	3.975543699693467e0	4.012903081600084e-3
189	110	2.226097966401020e0	2.247017279675008e-3
189	113	2.335834863649857e1	2.357785407609068e-2
189	115	1.400697553868436e0	1.413860330787394e-3
189	116	5.025759820830011e0	5.072988400038384e-3
189	118	2.412977608363837e1	2.435653085936862e-2
189	121	1.516948240403833e1	1.531203460048428e-2
189	122	2.131427492358247e1	2.151457158665127e-2
189	124	3.598134759066308e1	3.631947515451251e-2
189	125	4.802065291413815e1	4.847191745734081e-2
189	127	2.415674733539744e1	2.438375556810643e-2
189	128	9.039490219247742e0	9.124437032275617e-3
189	130	2.181523014109444e0	2.202023443127108e-3
189	131	2.773681861762487e0	2.799746985878474e-3
189	134	1.777164130999886e1	1.793864677766832e-2
189	136	1.610322822516596e1	1.625455511241405e-2
189	137	2.266839022249630e1	2.288141191499983e-2
189	139	2.645350007098461e1	2.670209158112066e-2
189	142	1.548245354036318e1	1.562794682086981e-2
189	143	9.299750699356837e0	9.387143258528151e-3
189	145	2.258174039379337e1	2.279394781175053e-2
189	146	2.852691546221534e1	2.879499148146595e-2
189	148	2.907841861314379e1	2.935167727366177e-2
189	149	3.486445886776419e1	3.519209069178585e-2
189	151	6.227464015819168e1	6.285985371399952e-2
189	152	2.206638795036846e1	2.227375244614824e-2
189	155	3.590710429657787e1	3.624453417382460e-2
189	157	5.371837857175623e1	5.422318635958692e-2
189	158	3.153663430152609e1	3.183299355548445e-2
189	160	3.938971568558781e1	3.975987271130593e-2
189	163	4.849015376540727e1	4.894583034956156e-2
189	164	5.241754394209996e1	5.291012739499743e-2
189	166	5.458340029696782e1	5.509633695456598e-2
189	167	6.123446506848497e1	6.180990378558858e-2
189	169	6.702366276514148e1	6.765350431718285e-2
189	170	7.899800598859551e1	7.974037405156428e-2
189	172	6.909889211065314e1	6.974823521808397e-2
189	173	8.065100251096698e1	8.140890428027493e-2
189	176	8.787775974003038e1	8.870357352431325e-2
189	178	9.655875291725617e1	9.746614460985424e-2
189	179	1.078169434422702e2	1.088301317431244e-1
189	181	1.173571149740663e2	1.184599551410887e-1
189	184	1.451614344075932e2	1.465255601412793e-1
189	185	1.568764502335610e2	1.583506655004897e-1
189	187	1.984406342037785e2	2.003054406300245e-1
189	188	2.398231453262568e2	2.420768356773353e-1
190	1	2.414095122992435e2	2.421518108262020e-1
190	3	1.754096234301964e2	1.759489820654319e-1
190	7	1.237769070770832e2	1.241575027500528e-1
190	9	1.080662087182074e2	1.083984963185654e-1
190	11	9.829280416869719e1	9.859503999631695e-2
190	13	9.044752164449690e1	9.072563438928608e-2
190	17	7.145014143619191e1	7.166984004803999e-2
190	21	5.150441366797419e1	5.166278211846925e-2
190	23	5.488221628957194e1	5.505097098328703e-2
190	27	3.274297480172360e1	3.284365460399018e-2
190	29	4.484322433653675e1	4.498111061554890e-2
190	31	3.380608032824023e1	3.391002902268433e-2
190	33	4.186086255216037e1	4.198957851001030e-2
190	37	2.434380842585129e1	2.441866203440616e-2
190	39	4.433964134369451e1	4.447597917952301e-2
190	41	3.274630743512062e1	3.284699748474174e-2
190	43	2.702593647893284e1	2.710903723435427e-2
190	47	5.240349755156463e0	5.256463055195685e-3
190	49	3.510423825910029e1	3.521217859708263e-2
190	51	2.562042641766147e1	2.569920543762943e-2
190	53	1.711936009050691e1	1.717199958949196e-2
190	59	5.794830971932631e0	5.812649219662270e-3
190	61	8.141105656473671e0	8.166138351660608e-3
190	63	4.613494352447508e1	4.627680164884378e-2
190	67	1.897163131171381e1	1.902996627060817e-2
190	69	6.441427084980253e0	6.461233520075340e-3
190	71	5.838657717460697e-1	5.856610725947428e-4
190	73	1.316322784434608e0	1.320370282209578e-3
190	77	1.176126338100476e1	1.179742752548996e-2
190	79	4.153424391450327e0	4.166195556837486e-3
190	81	1.283054683388998e1	1.286999886676209e-2
190	83	9.519882297454007e0	9.549154526782979e-3
190	87	1.886294129114984e1	1.892094204431474e-2
190	89	2.632012718782779e1	2.640105768412351e-2
190	91	3.754827637979116e1	3.766373177333009e-2
190	93	5.779907657778276e1	5.797680018525216e-2
190	97	5.779907657778276e1	5.797680018525216e-2
190	99	3.754827637979116e1	3.766373177333009e-2
190	101	2.632012718782779e1	2.640105768412351e-2
190	103	1.886294129114984e1	1.892094204431474e-2
190	107	9.519882297454007e0	9.549154526782979e-3
190	109	1.283054683388998e1	1.286999886676209e-2
190	111	4.153424391450327e0	4.166195556837486e-3
190	113	1.176126338100476e1	1.179742752548996e-2
190	117	1.316322784434608e0	1.320370282209578e-3
190	119	5.838657717460697e-1	5.856610725947428e-4
190	121	6.441427084980253e0	6.461233520075340e-3
190	123	1.897163131171381e1	1.902996627060817e-2
190	127	4.613494352447508e1	4.627680164884378e-2
190	129	8.141105656473671e0	8.166138351660608e-3
190	131	5.794830971932631e0	5.812649219662270e-3
190	137	1.711936009050691e1	1.717199958949196e-2
190	139	2.562042641766147e1	2.569920543762943e-2
190	141	3.510423825910029e1	3.521217859708263e-2
190	143	5.240349755156463e0	5.256463055195685e-3
190	147	2.702593647893284e1	2.710903723435427e-2
190	149	3.274630743512062e1	3.284699748474174e-2
190	151	4.433964134369451e1	4.447597917952301e-2
190	153	2.434380842585129e1	2.441866203440616e-2
190	157	4.186086255216037e1	4.198957851001030e-2
190	159	3.380608032824023e1	3.391002902268433e-2
190	161	4.484322433653675e1	4.498111061554890e-2
190	163	3.274297480172360e1	3.284365460399018e-2
190	167	5.488221628957194e1	5.505097098328703e-2
190	169	5.150441366797419e1	5.166278211846925e-2
190	173	7.145014143619191e1	7.166984004803999e-2
190	177	9.044752164449690e1	9.072563438928608e-2
190	179	9.829280416869719e1	9.859503999631695e-2
190	181	1.080662087182074e2	1.083984963185654e-1
190	183	1.237769070770832e2	1.241575027500528e-1
190	187	1.754096234301964e2	1.759489820654319e-1
190	189	2.414095122992435e2	2.421518108262020e-1
191	1	2.429975546206015e2	2.422262517928700e-1
191	2	2.011737795497324e2	2.005352303047641e-1
191	3	1.770328628525668e2	1.764709397174440e-1
191	4	1.601682974586195e2	1.596599044382220e-1
191	5	1.455297011178059e2	1.450677727244674e-1
191	6	1.370021774115078e2	1.365673163817009e-1
191	7	1.259840389315286e2	1.255841507695731e-1
191	8	1.212193544605324e2	1.208345899676668e-1
191	9	1.106258317350580e2	1.102746923296816e-1
191	10	1.022387301741107e2	1.019142124158555e-1
191	11	9.950096901378734e1	9.918514123156055e-2
191	12	1.004451220946313e2	1.001262974594435e-1
191	13	9.128292027305199e1	9.099317754440552e-2
191	14	8.810434819745659e1	8.782469463054626e-2
191	15	8.484444074851574e1	8.457513451138590e-2
191	16	8.727842571571561e1	8.700139372393451e-2
191	17	7.405115101306667e1	7.381610394741893e-2
191	18	7.282067734839313e1	7.258953595092585e-2
191	19	5.928711147421264e1	5.909892720709321e-2
191	20	6.544219917009011e1	6.523447793046007e-2
191	21	5.639342855719259e1	5.621442918010195e-2
191	22	6.129237034467314e1	6.109782114997436e-2
191	23	5.825813062379395e1	5.807321246295633e-2
191	24	7.221461587505260e1	7.198539818800659e-2
191	25	5.711830326284130e1	5.693700304815132e-2
191	26	4.854206924136007e1	4.838799100247304e-2
191	27	3.884950780792996e1	3.872619489939054e-2
191	28	5.476203481271281e1	5.458821367130535e-2
191	29	4.730776503604448e1	4.715760462392458e-2
191	30	4.310781996642731e1	4.297099067409407e-2
191	31	3.752934339436643e1	3.741022084299683e-2
191	32	6.523089616501566e1	6.502384562598415e-2
191	33	4.641413426888357e1	4.626681034595689e-2
191	34	4.011158523078554e1	3.998426634001892e-2
191	35	4.060836529196571e1	4.047946956283729e-2
191	36	3.482755838302477e1	3.471701161515399e-2
191	37	2.781170671600844e1	2.772342908676402e-2
191	38	4.997216142594788e0	4.981354390621248e-3
191	39	4.688805819982387e1	4.673922998658186e-2
191	40	3.733231758058026e1	3.721382041232427e-2
191	41	3.841287598119558e1	3.829094899344521e-2
191	42	2.481990443648567e1	2.474112313967066e-2
191	43	3.051764361047564e1	3.042077701916689e-2
191	44	1.685761265876705e1	1.680410461284120e-2
191	45	2.408933700343509e1	2.401287461360596e-2
191	46	1.349425969044013e1	1.345142732254396e-2
191	47	5.460810176044130e-1	5.443476922065241e-4
191	48	6.355540213482783e1	6.335366981097486e-2
191	49	4.029755530310118e1	4.016964612144511e-2
191	50	3.022857704820142e1	3.013262798817084e-2
191	51	3.134238649614084e1	3.124290207387959e-2
191	52	1.317521076446967e1	1.313339109540156e-2
191	53	1.488721256193539e1	1.483995879774016e-2
191	54	1.132216418412654e1	1.128622630292073e-2
191	55	2.527471651052211e1	2.519449158667416e-2
191	56	1.432714117803986e1	1.428166514631113e-2
191	57	7.008329084373718e0	6.986083823309712e-3
191	58	9.659388660004129e0	9.628728623942239e-3
191	59	8.020132273301709e0	7.994675429874471e-3
191	60	1.397330832211420e-1	1.392895539749963e-4
191	61	5.474885093048808e0	5.457507163627392e-3
191	62	1.420124949514574e1	1.415617305843004e-2
191	63	3.254048250006753e1	3.243719518013035e-2
191	64	7.098887956425601e1	7.076355250847190e-2
191	65	4.270896356935812e1	4.257340029415578e-2
191	66	3.234676574208129e1	3.224409330192530e-2
191	67	2.581906429892934e1	2.573711155115688e-2
191	68	1.865563589938747e1	1.859642071615325e-2
191	69	1.612399841645241e1	1.607281894844350e-2
191	70	1.303198706521583e1	1.299062200501983e-2
191	71	7.492314679815902e0	7.468533191529656e-3
191	72	1.599327231339891e1	1.594250778542140e-2
191	73	5.574305187308768e0	5.556611686811109e-3
191	74	3.645243480846553e0	3.633673049164899e-3
191	75	4.546820300676703e0	4.532388158095785e-3
191	76	1.759540222697142e1	1.753955235015301e-2
191	77	1.867064895060408e1	1.861138611417896e-2
191	78	6.809527421059198e0	6.787913179864144e-3
191	79	1.439377217443033e-1	1.434808464807973e-4
191	80	3.733574213114950e-1	3.721723409296709e-4
191	81	8.604395885664806e0	8.577084520791622e-3
191	82	1.303688440548591e1	1.299550380055571e-2
191	83	7.087150549463005e0	7.064655099795232e-3
191	84	1.198443354301591e1	1.194639354094708e-2
191	85	9.736332163872070e-1	9.705427900076278e-4
191	86	1.054877479111910e1	1.051529173883820e-2
191	87	1.150519308041738e1	1.146867424396086e-2
191	88	2.458958250538371e1	2.451153227747607e-2
191	89	2.753452948974001e1	2.744713165362248e-2
191	90	2.693857112362209e1	2.685306492947484e-2
191	91	3.191259852423086e1	3.181130418190535e-2
191	92	4.037653920729039e1	4.024837932142974e-2
191	93	5.221426349418685e1	5.204852927869706e-2
191	94	6.715593761032351e1	6.694277676325788e-2
191	95	1.004287628282540e2	1.001099901193024e-1
191	96	1.004287628282540e2	1.001099901193024e-1
191	97	6.715593761032351e1	6.694277676325788e-2
191	98	5.221426349418685e1	5.204852927869706e-2
191	99	4.037653920729039e1	4.024837932142974e-2
191	100	3.191259852423086e1	3.181130418190535e-2
191	101	2.693857112362209e1	2.685306492947484e-2
191	102	2.753452948974001e1	2.744713165362248e-2
191	103	2.458958250538371e1	2.451153227747607e-2
191	104	1.150519308041738e1	1.146867424396086e-2
191	105	1.054877479111910e1	1.051529173883820e-2
191	106	9.736332163872070e-1	9.705427900076278e-4
191	107	1.198443354301591e1	1.194639354094708e-2
191	108	7.087150549463005e0	7.064655099795232e-3
191	109	1.303688440548591e1	1.299550380055571e-2
191	110	8.604395885664806e0	8.577084520791622e-3
191	111	3.733574213114950e-1	3.721723409296709e-4
191	112	1.439377217443033e-1	1.434808464807973e-4
191	113	6.809527421059198e0	6.787913179864144e-3
191	114	1.867064895060408e1	1.861138611417896e-2
191	115	1.759540222697142e1	1.753955235015301e-2
191	116	4.546820300676703e0	4.532388158095785e-3
191	117	3.645243480846553e0	3.633673049164899e-3
191	118	5.574305187308768e0	5.556611686811109e-3
191	119	1.599327231339891e1	1.594250778542140e-2
191	120	7.492314679815902e0	7.468533191529656e-3
191	121	1.303198706521583e1	1.299062200501983e-2
191	122	1.612399841645241e1	1.607281894844350e-2
191	123	1.865563589938747e1	1.859642071615325e-2
191	124	2.581906429892934e1	2.573711155115688e-2
191	125	3.234676574208129e1	3.224409330192530e-2
191	126	4.270896356935812e1	4.257340029415578e-2
191	127	7.098887956425601e1	7.076355250847190e-2
191	128	3.254048250006753e1	3.243719518013035e-2
191	129	1.420124949514574e1	1.415617305843004e-2
191	130	5.474885093048808e0	5.457507163627392e-3
191	131	1.397330832211420e-1	1.392895539749963e-4
191	132	8.020132273301709e0	7.994675429874471e-3
191	133	9.659388660004129e0	9.628728623942239e-3
191	134	7.008329084373718e0	6.986083823309712e-3
191	135	1.432714117803986e1	1.428166514631113e-2
191	136	2.527471651052211e1	2.519449158667416e-2
191	137	1.132216418412654e1	1.128622630292073e-2
191	138	1.488721256193539e1	1.483995879774016e-2
191	139	1.317521076446967e1	1.313339109540156e-2
191	140	3.134238649614084e1	3.124290207387959e-2
191	141	3.022857704820142e1	3.013262798817084e-2
191	142	4.029755530310118e1	4.016964612144511e-2
191	143	6.355540213482783e1	6.335366981097486e-2
191	144	5.460810176044130e-1	5.443476922065241e-4
191	145	1.349425969044013e1	1.345142732254396e-2
191	146	2.408933700343509e1	2.401287461360596e-2
191	147	1.685761265876705e1	1.680410461284120e-2
191	148	3.051764361047564e1	3.042077701916689e-2
191	149	2.481990443648567e1	2.474112313967066e-2
191	150	3.841287598119558e1	3.829094899344521e-2
191	151	3.733231758058026e1	3.721382041232427e-2
191	152	4.688805819982387e1	4.673922998658186e-2
191	153	4.997216142594788e0	4.981354390621248e-3
191	154	2.781170671600844e1	2.772342908676402e-2
191	155	3.482755838302477e1	3.471701161515399e-2
191	156	4.060836529196571e1	4.047946956283729e-2
191	157	4.011158523078554e1	3.998426634001892e-2
191	158	4.641413426888357e1	4.626681034595689e-2
191	159	6.523089616501566e1	6.502384562598415e-2
191	160	3.752934339436643e1	3.741022084299683e-2
191	161	4.310781996642731e1	4.297099067409407e-2
191	162	4.730776503604448e1	4.715760462392458e-2
191	163	5.476203481271281e1	5.458821367130535e-2
191	164	3.884950780792996e1	3.872619489939054e-2
191	165	4.854206924136007e1	4.838799100247304e-2
191	166	5.711830326284130e1	5.693700304815132e-2
191	167	7.221461587505260e1	7.198539818800659e-2
191	168	5.825813062379395e1	5.807321246295633e-2
191	169	6.129237034467314e1	6.109782114997436e-2
191	170	5.639342855719259e1	5.621442918010195e-2
191	171	6.544219917009011e1	6.523447793046007e-2
191	172	5.928711147421264e1	5.909892720709321e-2
191	173	7.282067734839313e1	7.258953595092585e-2
191	174	7.405115101306667e1	7.381610394741893e-2
191	175	8.727842571571561e1	8.700139372393451e-2
191	176	8.484444074851574e1	8.457513451138590e-2
191	177	8.810434819745659e1	8.782469463054626e-2
191	178	9.128292027305199e1	9.099317754440552e-2
191	179	1.004451220946313e2	1.001262974594435e-1
191	180	9.950096901378734e1	9.918514123156055e-2
191	181	1.022387301741107e2	1.019142124158555e-1
191	182	1.106258317350580e2	1.102746923296816e-1
191	183	1.212193544605324e2	1.208345899676668e-1
191	184	1.259840389315286e2	1.255841507695731e-1
191	185	1.370021774115078e2	1.365673163817009e-1
191	186	1.455297011178059e2	1.450677727244674e-1
191	187	1.601682974586195e2	1.596599044382220e-1
191	188	1.770328628525668e2	1.764709397174440e-1
191	189	2.011737795497324e2	2.005352303047641e-1
191	190	2.429975546206015e2	2.422262517928700e-1
192	1	2.445872635185287e2	2.423001652593001e-1
192	5	1.474152405958138e2	1.460367831270956e-1
192	7	1.277407814855105e2	1.265462968882131e-1
192	11	1.021602393033787e2	1.012049544610204e-1
192	13	9.324260017456460e1	9.237070281786092e-2
192	17	7.522074894792125e1	7.451737117795153e-2
192	19	6.377699502183000e1	6.318062605234681e-2
192	23	5.642267905569919e1	5.589507917501478e-2
192	25	5.464861463813299e1	5.413760376369038e-2
192	29	4.920052479074631e1	4.874045817491648e-2
192	31	3.992325056314586e1	3.954993432601971e-2
192	35	4.710171499918575e1	4.666127403414279e-2
192	37	2.899685014785178e1	2.872570501730724e-2
192	41	2.973658836346453e1	2.945852605350159e-2
192	43	3.340781607213330e1	3.309542467086388e-2
192	47	4.480502491865977e0	4.438605995285567e-3
192	49	4.252003178007082e1	4.212243343718255e-2
192	53	2.227434141269064e1	2.206605743772982e-2
192	55	3.476804834486697e1	3.444293761873017e-2
192	59	4.986158746880510e-1	4.939533935652905e-4
192	61	4.235146344884521e0	4.195544136275527e-3
192	65	4.948658972407340e1	4.902384815860953e-2
192	67	2.805176457720066e1	2.778945679792439e-2
192	71	1.050909765016078e1	1.041082867819559e-2
192	73	8.553703572213324e0	8.473719192534108e-3
192	77	3.233177766096234e1	3.202944813103344e-2
192	79	5.687981677702804e-1	5.634794227111728e-4
192	83	1.615490920826326e0	1.600384711207437e-3
192	85	1.591340744450116e1	1.576460359453308e-2
192	89	2.105838091193357e1	2.086146719846784e-2
192	91	2.856197419309219e1	2.829489552138448e-2
192	95	8.009006978288559e1	7.934115973521233e-2
192	97	8.009006978288559e1	7.934115973521233e-2
192	101	2.856197419309219e1	2.829489552138448e-2
192	103	2.105838091193357e1	2.086146719846784e-2
192	107	1.591340744450116e1	1.576460359453308e-2
192	109	1.615490920826326e0	1.600384711207437e-3
192	113	5.687981677702804e-1	5.634794227111728e-4
192	115	3.233177766096234e1	3.202944813103344e-2
192	119	8.553703572213324e0	8.473719192534108e-3
192	121	1.050909765016078e1	1.041082867819559e-2
192	125	2.805176457720066e1	2.778945679792439e-2
192	127	4.948658972407340e1	4.902384815860953e-2
192	131	4.235146344884521e0	4.195544136275527e-3
192	133	4.986158746880510e-1	4.939533935652905e-4
192	137	3.476804834486697e1	3.444293761873017e-2
192	139	2.227434141269064e1	2.206605743772982e-2
192	143	4.252003178007082e1	4.212243343718255e-2
192	145	4.480502491865977e0	4.438605995285567e-3
192	149	3.340781607213330e1	3.309542467086388e-2
192	151	2.973658836346453e1	2.945852605350159e-2
192	155	2.899685014785178e1	2.872570501730724e-2
192	157	4.710171499918575e1	4.666127403414279e-2
192	161	3.992325056314586e1	3.954993432601971e-2
192	163	4.920052479074631e1	4.874045817491648e-2
192	167	5.464861463813299e1	5.413760376369038e-2
192	169	5.642267905569919e1	5.589507917501478e-2
192	173	6.377699502183000e1	6.318062605234681e-2
192	175	7.522074894792125e1	7.451737117795153e-2
192	179	9.324260017456460e1	9.237070281786092e-2
192	181	1.021602393033787e2	1.012049544610204e-1
192	185	1.277407814855105e2	1.265462968882131e-1
192	187	1.474152405958138e2	1.460367831270956e-1
192	191	2.445872635185287e2	2.423001652593001e-1
193	1	2.461786303126013e2	2.423735577887597e-1
193	2	2.039135911430497e2	2.007617903473794e-1
193	3	1.791296628623340e2	1.763609361150247e-1
193	4	1.614668784175809e2	1.589711573966416e-1
193	5	1.486549460653372e2	1.463572533286115e-1
193	6	1.363484077968940e2	1.342409316950134e-1
193	7	1.283624076881213e2	1.263783676032122e-1
193	8	1.182484303474864e2	1.164207174678946e-1
193	9	1.142586338669480e2	1.124925894796398e-1
193	10	1.070080612183376e2	1.053540856760478e-1
193	11	1.010833833100412e2	9.952098285326075e-2
193	12	9.204113994465051e1	9.061850138247422e-2
193	13	9.558886606012996e1	9.411139188875810e-2
193	14	9.056340295513303e1	8.916360510991556e-2
193	15	8.851431079707180e1	8.714618484904360e-2
193	16	7.264760674046700e1	7.152472531091325e-2
193	17	7.511926998224985e1	7.395818516405284e-2
193	18	7.575108804650647e1	7.458023750025533e-2
193	19	6.673386287224851e1	6.570238752565745e-2
193	20	7.089654296904052e1	6.980072694575574e-2
193	21	6.207897132567131e1	6.111944454708898e-2
193	22	6.597584896457664e1	6.495608989851370e-2
193	23	6.059638217820950e1	5.965977111421210e-2
193	24	4.343551462977600e1	4.276415138810547e-2
193	25	5.812002828565186e1	5.722169311158005e-2
193	26	5.467962434771707e1	5.383446595214358e-2
193	27	4.466365101583952e1	4.397330502163597e-2
193	28	5.955923612309480e1	5.863865575986341e-2
193	29	5.321386380965316e1	5.239136101640729e-2
193	30	4.677565477903268e1	4.605266449121449e-2
193	31	4.011351251721478e1	3.949349597020495e-2
193	32	2.064670394945593e1	2.032757711945364e-2
193	33	4.981310043898486e1	4.904316171779262e-2
193	34	3.778790741768751e1	3.720383670421441e-2
193	35	2.939020270103896e1	2.893593153775459e-2
193	36	3.412974353056046e1	3.360221541331897e-2
193	37	2.965251143796471e1	2.919418588634301e-2
193	38	1.810703277445412e1	1.782716050117481e-2
193	39	5.539223963877567e1	5.453606666870141e-2
193	40	4.090981822960526e1	4.027749354283956e-2
193	41	3.393558630742633e1	3.341105919118203e-2
193	42	3.246275940117533e1	3.196099710893802e-2
193	43	4.086294962566382e1	4.023134936585940e-2
193	44	2.593320990336088e1	2.553237192512942e-2
193	45	2.094465965564557e1	2.062092745811197e-2
193	46	1.996098288297882e1	1.965245493552681e-2
193	47	8.363570789171838e0	8.234298831769724e-3
193	48	1.613001770440201e1	1.588070326513422e-2
193	49	4.746899786156744e1	4.673529088112000e-2
193	50	3.312112360630321e1	3.260918527423486e-2
193	51	2.916974382560683e1	2.871888019614649e-2
193	52	2.578066698245872e1	2.538218679164485e-2
193	53	2.406868880447105e1	2.369666989146267e-2
193	54	1.430555084506869e1	1.408443637063251e-2
193	55	1.192878738868309e0	1.174440947952912e-3
193	56	1.815205999136802e1	1.787149175261971e-2
193	57	1.332236044535432e1	1.311644270335145e-2
193	58	2.146831768176151e1	2.113649153730598e-2
193	59	7.880439728432307e0	7.758635310849957e-3
193	60	3.767782653323726e0	3.709545729055507e-3
193	61	2.625360148662440e0	2.584781135958620e-3
193	62	9.832062766417502e0	9.680092988059101e-3
193	63	1.960812620414896e1	1.930505220390498e-2
193	64	4.718248124943175e1	4.645320282757641e-2
193	65	5.785423805287912e1	5.696001107906233e-2
193	66	3.851732438170421e1	3.792197939781747e-2
193	67	2.966756115969865e1	2.920900299128731e-2
193	68	2.171272815390486e1	2.137712426655219e-2
193	69	2.584004486238973e1	2.544064689435384e-2
193	70	1.030591678066371e1	1.014662285362664e-2
193	71	1.105029416403073e1	1.087949473009722e-2
193	72	3.359930039388343e0	3.307997109797045e-3
193	73	1.170354027871772e1	1.152264391297844e-2
193	74	3.939370139299189e0	3.878481064324423e-3
193	75	1.909680744980955e0	1.880163667390551e-3
193	76	6.011173186235834e0	5.918261182062463e-3
193	77	2.636258810835457e1	2.595511342405286e-2
193	78	1.521519506818905e1	1.498002063153978e-2
193	79	9.115394419945890e0	8.974501862345453e-3
193	80	5.688807701437759e-1	5.600878355780615e-4
193	81	1.485526939012833e0	1.462565816303333e-3
193	82	9.862139320314434e0	9.709704662170570e-3
193	83	7.221763771732055e0	7.110140212584787e-3
193	84	4.364330380116993e0	4.296872885560041e-3
193	85	9.945510378495197e0	9.791787091349034e-3
193	86	3.647659699799150e0	3.591279462073376e-3
193	87	1.380373592408020e1	1.359037777750027e-2
193	88	1.361751453975626e1	1.340703473347720e-2
193	89	2.815573844366042e1	2.772054783997398e-2
193	90	3.069290020706926e1	3.021849383350779e-2
193	91	2.844768888688349e1	2.800798573631830e-2
193	92	3.424338355269845e1	3.371409895267332e-2
193	93	4.235946900153023e1	4.170473771385684e-2
193	94	5.388698796591348e1	5.305408099490096e-2
193	95	6.856101832523407e1	6.750130145742683e-2
193	96	1.017986579723358e2	1.002252018363478e-1
193	97	1.017986579723358e2	1.002252018363478e-1
193	98	6.856101832523407e1	6.750130145742683e-2
193	99	5.388698796591348e1	5.305408099490096e-2
193	100	4.235946900153023e1	4.170473771385684e-2
193	101	3.424338355269845e1	3.371409895267332e-2
193	102	2.844768888688349e1	2.800798573631830e-2
193	103	3.069290020706926e1	3.021849383350779e-2
193	104	2.815573844366042e1	2.772054783997398e-2
193	105	1.361751453975626e1	1.340703473347720e-2
193	106	1.380373592408020e1	1.359037777750027e-2
193	107	3.647659699799150e0	3.591279462073376e-3
193	108	9.945510378495197e0	9.791787091349034e-3
193	109	4.364330380116993e0	4.296872885560041e-3
193	110	7.221763771732055e0	7.110140212584787e-3
193	111	9.862139320314434e0	9.709704662170570e-3
193	112	1.485526939012833e0	1.462565816303333e-3
193	113	5.688807701437759e-1	5.600878355780615e-4
193	114	9.115394419945890e0	8.974501862345453e-3
193	115	1.521519506818905e1	1.498002063153978e-2
193	116	2.636258810835457e1	2.595511342405286e-2
193	117	6.011173186235834e0	5.918261182062463e-3
193	118	1.909680744980955e0	1.880163667390551e-3
193	119	3.939370139299189e0	3.878481064324423e-3
193	120	1.170354027871772e1	1.152264391297844e-2
193	121	3.359930039388343e0	3.307997109797045e-3
193	122	1.105029416403073e1	1.087949473009722e-2
193	123	1.030591678066371e1	1.014662285362664e-2
193	124	2.584004486238973e1	2.544064689435384e-2
193	125	2.171272815390486e1	2.137712426655219e-2
193	126	2.966756115969865e1	2.920900299128731e-2
193	127	3.851732438170421e1	3.792197939781747e-2
193	128	5.785423805287912e1	5.696001107906233e-2
193	129	4.718248124943175e1	4.645320282757641e-2
193	130	1.960812620414896e1	1.930505220390498e-2
193	131	9.832062766417502e0	9.680092988059101e-3
193	132	2.625360148662440e0	2.584781135958620e-3
193	133	3.767782653323726e0	3.709545729055507e-3
193	134	7.880439728432307e0	7.758635310849957e-3
193	135	2.146831768176151e1	2.113649153730598e-2
193	136	1.332236044535432e1	1.311644270335145e-2
193	137	1.815205999136802e1	1.787149175261971e-2
193	138	1.192878738868309e0	1.174440947952912e-3
193	139	1.430555084506869e1	1.408443637063251e-2
193	140	2.406868880447105e1	2.369666989146267e-2
193	141	2.578066698245872e1	2.538218679164485e-2
193	142	2.916974382560683e1	2.871888019614649e-2
193	143	3.312112360630321e1	3.260918527423486e-2
193	144	4.746899786156744e1	4.673529088112000e-2
193	145	1.613001770440201e1	1.588070326513422e-2
193	146	8.363570789171838e0	8.234298831769724e-3
193	147	1.996098288297882e1	1.965245493552681e-2
193	148	2.094465965564557e1	2.062092745811197e-2
193	149	2.593320990336088e1	2.553237192512942e-2
193	150	4.086294962566382e1	4.023134936585940e-2
193	151	3.246275940117533e1	3.196099710893802e-2
193	152	3.393558630742633e1	3.341105919118203e-2
193	153	4.090981822960526e1	4.027749354283956e-2
193	154	5.539223963877567e1	5.453606666870141e-2
193	155	1.810703277445412e1	1.782716050117481e-2
193	156	2.965251143796471e1	2.919418588634301e-2
193	157	3.412974353056046e1	3.360221541331897e-2
193	158	2.939020270103896e1	2.893593153775459e-2
193	159	3.778790741768751e1	3.720383670421441e-2
193	160	4.981310043898486e1	4.904316171779262e-2
193	161	2.064670394945593e1	2.032757711945364e-2
193	162	4.011351251721478e1	3.949349597020495e-2
193	163	4.677565477903268e1	4.605266449121449e-2
193	164	5.321386380965316e1	5.239136101640729e-2
193	165	5.955923612309480e1	5.863865575986341e-2
193	166	4.466365101583952e1	4.397330502163597e-2
193	167	5.467962434771707e1	5.383446595214358e-2
193	168	5.812002828565186e1	5.722169311158005e-2
193	169	4.343551462977600e1	4.276415138810547e-2
193	170	6.059638217820950e1	5.965977111421210e-2
193	171	6.597584896457664e1	6.495608989851370e-2
193	172	6.207897132567131e1	6.111944454708898e-2
193	173	7.089654296904052e1	6.980072694575574e-2
193	174	6.673386287224851e1	6.570238752565745e-2
193	175	7.575108804650647e1	7.458023750025533e-2
193	176	7.511926998224985e1	7.395818516405284e-2
193	177	7.264760674046700e1	7.152472531091325e-2
193	178	8.851431079707180e1	8.714618484904360e-2
193	179	9.056340295513303e1	8.916360510991556e-2
193	180	9.558886606012996e1	9.411139188875810e-2
193	181	9.204113994465051e1	9.061850138247422e-2
193	182	1.010833833100412e2	9.952098285326075e-2
193	183	1.070080612183376e2	1.053540856760478e-1
193	184	1.142586338669480e2	1.124925894796398e-1
193	185	1.182484303474864e2	1.164207174678946e-1
193	186	1.283624076881213e2	1.263783676032122e-1
193	187	1.363484077968940e2	1.342409316950134e-1
193	188	1.486549460653372e2	1.463572533286115e-1
193	189	1.614668784175809e2	1.589711573966416e-1
193	190	1.791296628623340e2	1.763609361150247e-1
193	191	2.039135911430497e2	2.007617903473794e-1
193	192	2.461786303126013e2	2.423735577887597e-1
194	1	2.477716464123531e2	2.424464358285446e-1
194	3	1.807578761838794e2	1.768729532344666e-1
194	5	1.505484638455376e2	1.473128140661753e-1
194	7	1.301257990674537e2	1.273290816364878e-1
194	9	1.140979138781820e2	1.116456743771239e-1
194	11	1.037460787100414e2	1.015163251269543e-1
194	13	9.894765498829013e1	9.682103111014970e-2
194	15	9.227408489881228e1	9.029089214601188e-2
194	17	7.755085240862151e1	7.588409745094378e-2
194	19	6.810298585942830e1	6.663928835271669e-2
194	21	6.424521046722454e1	6.286442586296155e-2
194	23	6.166723945107223e1	6.034186166489656e-2
194	25	5.849268189666333e1	5.723553301291628e-2
194	27	4.736851407999462e1	4.635045040656578e-2
194	29	4.934720902078972e1	4.828661841825732e-2
194	31	3.929992237977368e1	3.845527221245255e-2
194	33	5.179882572511767e1	5.068554396356701e-2
194	35	3.582822800547985e1	3.505819292787311e-2
194	37	3.448539995119197e1	3.374422548887544e-2
194	39	6.424279635530151e1	6.286206363612928e-2
194	41	3.647552485836962e1	3.569157780939010e-2
194	43	1.619338507737278e1	1.584535015549879e-2
194	45	2.581788907478339e1	2.526300033693394e-2
194	47	9.624547835497864e0	9.417693077336120e-3
194	49	5.416899775126731e1	5.300477527336813e-2
194	51	2.636275677197467e1	2.579615751248212e-2
194	53	3.143172734218505e1	3.075618367311073e-2
194	55	8.172514517309255e0	7.996867459084216e-3
194	57	1.032856651263148e1	1.010658069421746e-2
194	59	6.627363711296078e0	6.484925672524653e-3
194	61	1.759115799590059e0	1.721308156101539e-3
194	63	1.489870049243487e1	1.457849146651885e-2
194	65	7.242297559208050e1	7.086643108136596e-2
194	67	3.281096535106119e1	3.210577852891101e-2
194	69	2.043137539899081e1	1.999225583833132e-2
194	71	1.655356422545028e1	1.619778818452905e-2
194	73	1.965241953704608e1	1.923004161757278e-2
194	75	4.808744180061464e0	4.705392663561171e-3
194	77	1.292333239629933e1	1.264557879756707e-2
194	79	7.297031664439340e0	7.140200845366569e-3
194	81	4.287219483951036e0	4.195076791671182e-3
194	83	2.308715258947423e1	2.259095396828550e-2
194	85	5.548020798210679e0	5.428780443224087e-3
194	87	1.018139197551200e1	9.962569293050316e-3
194	89	1.857097590724118e1	1.817184082102429e-2
194	91	2.747375145082815e1	2.688327423472494e-2
194	93	3.979241405380943e1	3.893717905197238e-2
194	95	6.065623880434325e1	5.935258986173041e-2
194	99	6.065623880434325e1	5.935258986173041e-2
194	101	3.979241405380943e1	3.893717905197238e-2
194	103	2.747375145082815e1	2.688327423472494e-2
194	105	1.857097590724118e1	1.817184082102429e-2
194	107	1.018139197551200e1	9.962569293050316e-3
194	109	5.548020798210679e0	5.428780443224087e-3
194	111	2.308715258947423e1	2.259095396828550e-2
194	113	4.287219483951036e0	4.195076791671182e-3
194	115	7.297031664439340e0	7.140200845366569e-3
194	117	1.292333239629933e1	1.264557879756707e-2
194	119	4.808744180061464e0	4.705392663561171e-3
194	121	1.965241953704608e1	1.923004161757278e-2
194	123	1.655356422545028e1	1.619778818452905e-2
194	125	2.043137539899081e1	1.999225583833132e-2
194	127	3.281096535106119e1	3.210577852891101e-2
194	129	7.242297559208050e1	7.086643108136596e-2
194	131	1.489870049243487e1	1.457849146651885e-2
194	133	1.759115799590059e0	1.721308156101539e-3
194	135	6.627363711296078e0	6.484925672524653e-3
194	137	1.032856651263148e1	1.010658069421746e-2
194	139	8.172514517309255e0	7.996867459084216e-3
194	141	3.143172734218505e1	3.075618367311073e-2
194	143	2.636275677197467e1	2.579615751248212e-2
194	145	5.416899775126731e1	5.300477527336813e-2
194	147	9.624547835497864e0	9.417693077336120e-3
194	149	2.581788907478339e1	2.526300033693394e-2
194	151	1.619338507737278e1	1.584535015549879e-2
194	153	3.647552485836962e1	3.569157780939010e-2
194	155	6.424279635530151e1	6.286206363612928e-2
194	157	3.448539995119197e1	3.374422548887544e-2
194	159	3.582822800547985e1	3.505819292787311e-2
194	161	5.179882572511767e1	5.068554396356701e-2
194	163	3.929992237977368e1	3.845527221245255e-2
194	165	4.934720902078972e1	4.828661841825732e-2
194	167	4.736851407999462e1	4.635045040656578e-2
194	169	5.849268189666333e1	5.723553301291628e-2
194	171	6.166723945107223e1	6.034186166489656e-2
194	173	6.424521046722454e1	6.286442586296155e-2
194	175	6.810298585942830e1	6.663928835271669e-2
194	177	7.755085240862151e1	7.588409745094378e-2
194	179	9.227408489881228e1	9.029089214601188e-2
194	181	9.894765498829013e1	9.682103111014970e-2
194	183	1.037460787100414e2	1.015163251269543e-1
194	185	1.140979138781820e2	1.116456743771239e-1
194	187	1.301257990674537e2	1.273290816364878e-1
194	189	1.505484638455376e2	1.473128140661753e-1
194	191	1.807578761838794e2	1.768729532344666e-1
194	193	2.477716464123531e2	2.424464358285446e-1
195	1	2.493663033158846e2	2.425188057126243e-1
195	2	2.066599999019830e2	2.009852000785841e-1
195	4	1.647719901542279e2	1.602474180983304e-1
195	7	1.323516743296614e2	1.287173510040603e-1
195	8	1.221007956618315e2	1.187479573090431e-1
195	11	1.049689039285683e2	1.020865003780082e-1
195	14	9.619559926436798e1	9.355410710344621e-2
195	16	7.918307057247125e1	7.700873555304823e-2
195	17	8.111959996373257e1	7.889208863223779e-2
195	19	6.938607128162960e1	6.748075789131659e-2
195	22	7.008837026767375e1	6.816377203189540e-2
195	23	6.618970388332508e1	6.437216144605581e-2
195	28	7.011975348433128e1	6.819429347814536e-2
195	29	5.235673500559061e1	5.091904028622361e-2
195	31	4.258953081757591e1	4.142003956587335e-2
195	32	3.182861399308744e1	3.095461315522491e-2
195	34	4.580213884256290e1	4.454443067679138e-2
195	37	3.233991122310399e1	3.145187037057012e-2
195	38	2.450753098903163e1	2.383456412270790e-2
195	41	3.303865883541081e1	3.213143065669481e-2
195	43	2.356636643747265e1	2.291924356821419e-2
195	44	2.783336815728240e1	2.706907515051547e-2
195	46	2.214532861955767e1	2.153722687273206e-2
195	47	1.266839936093616e1	1.232053024988281e-2
195	49	6.520628296593431e1	6.341574486840656e-2
195	53	1.722469381492506e1	1.675171070515347e-2
195	56	2.934246865019363e1	2.853673635563648e-2
195	58	1.121669658240558e1	1.090869064117291e-2
195	59	1.193813182960711e1	1.161031556893500e-2
195	61	7.302149387566828e0	7.101635325461679e-3
195	62	6.300588276411877e0	6.127576676415510e-3
195	64	2.516937031601017e1	2.447822961005788e-2
195	67	3.501402178426108e1	3.405255093972392e-2
195	68	2.773352980445766e1	2.697197831838774e-2
195	71	2.475295389828207e1	2.407324781835758e-2
195	73	4.943877896921135e0	4.808121013974943e-3
195	74	1.214063164185578e1	1.180725481842681e-2
195	76	1.859434889068963e0	1.808375560775559e-3
195	77	6.143059553151791e0	5.974373628038617e-3
195	79	1.320686212785846e1	1.284420704750246e-2
195	82	4.602512008614460e0	4.476128894581439e-3
195	83	1.058674398816733e1	1.029603628980812e-2
195	86	1.314039482577246e1	1.277956491058785e-2
195	88	1.577647161608897e1	1.534325610083057e-2
195	89	1.598912737886371e1	1.555007242256393e-2
195	92	2.943693580350130e1	2.862860947920854e-2
195	94	4.389798734114441e1	4.269256640371460e-2
195	97	1.031718519177328e2	1.003387946869181e-1
195	98	1.031718519177328e2	1.003387946869181e-1
195	101	4.389798734114441e1	4.269256640371460e-2
195	103	2.943693580350130e1	2.862860947920854e-2
195	106	1.598912737886371e1	1.555007242256393e-2
195	107	1.577647161608897e1	1.534325610083057e-2
195	109	1.314039482577246e1	1.277956491058785e-2
195	112	1.058674398816733e1	1.029603628980812e-2
195	113	4.602512008614460e0	4.476128894581439e-3
195	116	1.320686212785846e1	1.284420704750246e-2
195	118	6.143059553151791e0	5.974373628038617e-3
195	119	1.859434889068963e0	1.808375560775559e-3
195	121	1.214063164185578e1	1.180725481842681e-2
195	122	4.943877896921135e0	4.808121013974943e-3
195	124	2.475295389828207e1	2.407324781835758e-2
195	127	2.773352980445766e1	2.697197831838774e-2
195	128	3.501402178426108e1	3.405255093972392e-2
195	131	2.516937031601017e1	2.447822961005788e-2
195	133	6.300588276411877e0	6.127576676415510e-3
195	134	7.302149387566828e0	7.101635325461679e-3
195	136	1.193813182960711e1	1.161031556893500e-2
195	137	1.121669658240558e1	1.090869064117291e-2
195	139	2.934246865019363e1	2.853673635563648e-2
195	142	1.722469381492506e1	1.675171070515347e-2
195	146	6.520628296593431e1	6.341574486840656e-2
195	148	1.266839936093616e1	1.232053024988281e-2
195	149	2.214532861955767e1	2.153722687273206e-2
195	151	2.783336815728240e1	2.706907515051547e-2
195	152	2.356636643747265e1	2.291924356821419e-2
195	154	3.303865883541081e1	3.213143065669481e-2
195	157	2.450753098903163e1	2.383456412270790e-2
195	158	3.233991122310399e1	3.145187037057012e-2
195	161	4.580213884256290e1	4.454443067679138e-2
195	163	3.182861399308744e1	3.095461315522491e-2
195	164	4.258953081757591e1	4.142003956587335e-2
195	166	5.235673500559061e1	5.091904028622361e-2
195	167	7.011975348433128e1	6.819429347814536e-2
195	172	6.618970388332508e1	6.437216144605581e-2
195	173	7.008837026767375e1	6.816377203189540e-2
195	176	6.938607128162960e1	6.748075789131659e-2
195	178	8.111959996373257e1	7.889208863223779e-2
195	179	7.918307057247125e1	7.700873555304823e-2
195	181	9.619559926436798e1	9.355410710344621e-2
195	184	1.049689039285683e2	1.020865003780082e-1
195	187	1.221007956618315e2	1.187479573090431e-1
195	188	1.323516743296614e2	1.287173510040603e-1
195	191	1.647719901542279e2	1.602474180983304e-1
195	193	2.066599999019830e2	2.009852000785841e-1
195	194	2.493663033158846e2	2.425188057126243e-1
196	1	2.509625926085003e2	2.425906736642142e-1
196	3	1.828645460016011e2	1.767643254826917e-1
196	5	1.509332632257897e2	1.458982457254162e-1
196	9	1.177519860915712e2	1.138238704595129e-1
196	11	1.067298407564343e2	1.031694154099233e-1
196	13	8.906197569785637e1	8.609093673220625e-2
196	15	7.927214981221019e1	7.662769190368661e-2
196	17	7.671643251242344e1	7.415723136609670e-2
196	19	7.304076637790001e1	7.060418262496501e-2
196	23	5.780301261545447e1	5.587474860079693e-2
196	25	6.310391094714723e1	6.099881304380706e-2
196	27	4.870885524191639e1	4.708396531821993e-2
196	29	5.161107636112101e1	4.988937057448724e-2
196	31	4.784854471861261e1	4.625235409186378e-2
196	33	6.004729814941326e1	5.804416649658365e-2
196	37	3.503467147507072e1	3.386594179794891e-2
196	39	4.807377573620700e0	4.647007157605289e-3
196	41	3.754932102762535e1	3.629670457674792e-2
196	43	2.642584600446199e1	2.554430011953934e-2
196	45	2.260626807735159e1	2.185214037246439e-2
196	47	1.282974420369849e1	1.240175381105520e-2
196	51	3.329997005508064e1	3.218910868227361e-2
196	53	2.328482298719608e1	2.250805921274401e-2
196	55	1.558847920933157e1	1.506845954007034e-2
196	57	1.838579580562204e1	1.777245980757159e-2
196	59	1.759832382490597e1	1.701125728608021e-2
196	61	3.460345138687737e0	3.344910688002328e-3
196	65	4.823496765130980e1	4.662588625292394e-2
196	67	4.024587825316231e1	3.890330672855785e-2
196	69	2.328106102230231e1	2.250442274410383e-2
196	71	1.246401691156218e1	1.204822689991454e-2
196	73	5.194591665210572e0	5.021304085106356e-3
196	75	6.240198488773841e0	6.032030269752574e-3
196	79	1.986673122510453e1	1.920399236121355e-2
196	81	2.279783305759994e0	2.203731489240337e-3
196	83	5.705048833623111e0	5.514732795237281e-3
196	85	2.885291930850196e0	2.789040812607395e-3
196	87	2.413758131554046e1	2.333237017955232e-2
196	89	2.619045052964855e1	2.531675725660127e-2
196	93	3.287703372734791e1	3.178028118493496e-2
196	95	5.010940470135132e1	4.843779352557510e-2
196	97	8.239520583617606e1	7.964656518225069e-2
196	99	8.239520583617606e1	7.964656518225069e-2
196	101	5.010940470135132e1	4.843779352557510e-2
196	103	3.287703372734791e1	3.178028118493496e-2
196	107	2.619045052964855e1	2.531675725660127e-2
196	109	2.413758131554046e1	2.333237017955232e-2
196	111	2.885291930850196e0	2.789040812607395e-3
196	113	5.705048833623111e0	5.514732795237281e-3
196	115	2.279783305759994e0	2.203731489240337e-3
196	117	1.986673122510453e1	1.920399236121355e-2
196	121	6.240198488773841e0	6.032030269752574e-3
196	123	5.194591665210572e0	5.021304085106356e-3
196	125	1.246401691156218e1	1.204822689991454e-2
196	127	2.328106102230231e1	2.250442274410383e-2
196	129	4.024587825316231e1	3.890330672855785e-2
196	131	4.823496765130980e1	4.662588625292394e-2
196	135	3.460345138687737e0	3.344910688002328e-3
196	137	1.759832382490597e1	1.701125728608021e-2
196	139	1.838579580562204e1	1.777245980757159e-2
196	141	1.558847920933157e1	1.506845954007034e-2
196	143	2.328482298719608e1	2.250805921274401e-2
196	145	3.329997005508064e1	3.218910868227361e-2
196	149	1.282974420369849e1	1.240175381105520e-2
196	151	2.260626807735159e1	2.185214037246439e-2
196	153	2.642584600446199e1	2.554430011953934e-2
196	155	3.754932102762535e1	3.629670457674792e-2
196	157	4.807377573620700e0	4.647007157605289e-3
196	159	3.503467147507072e1	3.386594179794891e-2
196	163	6.004729814941326e1	5.804416649658365e-2
196	165	4.784854471861261e1	4.625235409186378e-2
196	167	5.161107636112101e1	4.988937057448724e-2
196	169	4.870885524191639e1	4.708396531821993e-2
196	171	6.310391094714723e1	6.099881304380706e-2
196	173	5.780301261545447e1	5.587474860079693e-2
196	177	7.304076637790001e1	7.060418262496501e-2
196	179	7.671643251242344e1	7.415723136609670e-2
196	181	7.927214981221019e1	7.662769190368661e-2
196	183	8.906197569785637e1	8.609093673220625e-2
196	185	1.067298407564343e2	1.031694154099233e-1
196	187	1.177519860915712e2	1.138238704595129e-1
196	191	1.509332632257897e2	1.458982457254162e-1
196	193	1.828645460016011e2	1.767643254826917e-1
196	195	2.509625926085003e2	2.425906736642142e-1
197	1	2.525605059613735e2	2.426620457982754e-1
197	2	2.094129381618904e2	2.012055360657375e-1
197	3	1.844976566915600e2	1.772667450413209e-1
197	4	1.660836961410025e2	1.595744723661529e-1
197	5	1.528270674074681e2	1.468374031374444e-1
197	6	1.431431263650923e2	1.375329992846418e-1
197	7	1.305920231806558e2	1.254738043437415e-1
197	8	1.247995499804772e2	1.199083522488601e-1
197	9	1.203429060517031e2	1.156263750290481e-1
197	10	1.115969894675325e2	1.072232321757452e-1
197	11	1.097009229941858e2	1.054014771565253e-1
197	12	1.002253858189368e2	9.629730931670008e-2
197	13	9.238166935203948e1	8.876100716496926e-2
197	14	8.477622732594362e1	8.145364089949758e-2
197	15	8.297984477935385e1	7.972766295162928e-2
197	16	8.324899381782093e1	7.998626338502028e-2
197	17	8.027854625843825e1	7.713223488617599e-2
197	18	8.645055875754684e1	8.306235121226252e-2
197	19	7.240665482643131e1	6.956886201470705e-2
197	20	7.595484489643083e1	7.297798989077683e-2
197	21	6.705086454162382e1	6.442297817023661e-2
197	22	7.866579422461875e1	7.558269052490588e-2
197	23	6.230530382790648e1	5.986340751659413e-2
197	24	5.575139528174189e1	5.356636257786435e-2
197	25	6.599076330688074e1	6.340442487982081e-2
197	26	5.535125669262769e1	5.318190639273089e-2
197	27	5.240046834185973e1	5.034676661032728e-2
197	28	3.362710011480978e1	3.230917231917151e-2
197	29	5.644997813063365e1	5.423756626676410e-2
197	30	4.798667174763332e1	4.610595743386701e-2
197	31	4.322613137663088e1	4.153199421212161e-2
197	32	3.756913397557771e1	3.609670829047781e-2
197	33	6.760145610582805e1	6.495199071263903e-2
197	34	4.944560713929909e1	4.750771360109322e-2
197	35	4.174720375358849e1	4.011102935766438e-2
197	36	4.454412386249093e1	4.279833136863043e-2
197	37	4.012920321075576e1	3.855644218920758e-2
197	38	2.864548933504423e1	2.752280297536948e-2
197	39	1.340113013359478e1	1.287590726764056e-2
197	40	5.157858833536767e1	4.955709807914939e-2
197	41	3.740123348252426e1	3.593538822588656e-2
197	42	3.238892657741015e1	3.111952581250577e-2
197	43	2.991448469776107e1	2.874206332509529e-2
197	44	3.705180385595864e1	3.559965359579396e-2
197	45	2.442357302246455e1	2.346635382588772e-2
197	46	2.398191544226886e1	2.304200587985933e-2
197	47	1.836675432102271e1	1.764691657251955e-2
197	48	8.061220995074690e0	7.745282148729962e-3
197	49	1.678418099106607e1	1.612636813834829e-2
197	50	4.915830228406947e1	4.723166892153251e-2
197	51	3.537646045200569e1	3.398997097233562e-2
197	52	3.046309492472865e1	2.926917218368370e-2
197	53	2.262883185601350e1	2.174195292848057e-2
197	54	2.559491883512225e1	2.459179174879176e-2
197	55	1.851402217382493e1	1.778841264018570e-2
197	56	4.768198531155956e0	4.581321239986731e-3
197	57	2.077063341347976e1	1.995658179989498e-2
197	58	1.925874465417576e1	1.850394763622952e-2
197	59	3.978380542928781e-1	3.822458138640250e-4
197	60	1.157346372177960e1	1.111987154527114e-2
197	61	6.694481157652320e0	6.432108167863619e-3
197	62	3.642033965477916e-1	3.499293801164787e-4
197	63	8.288300851859209e0	7.963462193932035e-3
197	64	1.625781390647543e1	1.562063065931753e-2
197	65	3.420258874994730e1	3.286210615577653e-2
197	66	7.386199477943637e1	7.096716365725360e-2
197	67	4.569936670430268e1	4.390829743525973e-2
197	68	3.442342796103021e1	3.307429014135207e-2
197	69	3.035908050109220e1	2.916923433815211e-2
197	70	2.110035194372159e1	2.027337785944326e-2
197	71	1.804598200823645e1	1.733871610641793e-2
197	72	1.773216350223937e1	1.703719691051381e-2
197	73	1.178056115526071e1	1.131885232691316e-2
197	74	2.547410531680113e1	2.447571320593211e-2
197	75	5.620579066711075e0	5.400294910351760e-3
197	76	7.510263511227624e0	7.215918027964989e-3
197	77	1.422255058177151e0	1.366513425171061e-3
197	78	9.463474027325187e0	9.092577475992182e-3
197	79	3.349439535254924e1	3.218166857912817e-2
197	80	9.995425438936426e0	9.603680418692993e-3
197	81	1.871746138894864e0	1.798387857794029e-3
197	82	8.097279700286833e0	7.779927625631857e-3
197	83	2.000275212026482e-1	1.921879564115858e-4
197	84	1.401420606973939e1	1.346495526755744e-2
197	85	1.929588541177284e0	1.853963275725308e-3
197	86	8.625048456405693e0	8.287011841276407e-3
197	87	1.327384583030379e1	1.275361154560346e-2
197	88	8.845146568139640e0	8.498483772987951e-3
197	89	1.494197280808990e1	1.435636057217842e-2
197	90	1.693559990415136e1	1.627185257615444e-2
197	91	1.471524678579873e1	1.413852049383580e-2
197	92	2.036794591157292e1	1.956967660005722e-2
197	93	3.188269101647876e1	3.063313085378552e-2
197	94	3.743895209969671e1	3.597162855876405e-2
197	95	4.430464986933422e1	4.256824294338877e-2
197	96	5.383073203646926e1	5.172097479400122e-2
197	97	7.022646111039207e1	6.747411539010399e-2
197	98	1.045483108254694e2	1.004508083838826e-1
197	99	1.045483108254694e2	1.004508083838826e-1
197	100	7.022646111039207e1	6.747411539010399e-2
197	101	5.383073203646926e1	5.172097479400122e-2
197	102	4.430464986933422e1	4.256824294338877e-2
197	103	3.743895209969671e1	3.597162855876405e-2
197	104	3.188269101647876e1	3.063313085378552e-2
197	105	2.036794591157292e1	1.956967660005722e-2
197	106	1.471524678579873e1	1.413852049383580e-2
197	107	1.693559990415136e1	1.627185257615444e-2
197	108	1.494197280808990e1	1.435636057217842e-2
197	109	8.845146568139640e0	8.498483772987951e-3
197	110	1.327384583030379e1	1.275361154560346e-2
197	111	8.625048456405693e0	8.287011841276407e-3
197	112	1.929588541177284e0	1.853963275725308e-3
197	113	1.401420606973939e1	1.346495526755744e-2
197	114	2.000275212026482e-1	1.921879564115858e-4
197	115	8.097279700286833e0	7.779927625631857e-3
197	116	1.871746138894864e0	1.798387857794029e-3
197	117	9.995425438936426e0	9.603680418692993e-3
197	118	3.349439535254924e1	3.218166857912817e-2
197	119	9.463474027325187e0	9.092577475992182e-3
197	120	1.422255058177151e0	1.366513425171061e-3
197	121	7.510263511227624e0	7.215918027964989e-3
197	122	5.620579066711075e0	5.400294910351760e-3
197	123	2.547410531680113e1	2.447571320593211e-2
197	124	1.178056115526071e1	1.131885232691316e-2
197	125	1.773216350223937e1	1.703719691051381e-2
197	126	1.804598200823645e1	1.733871610641793e-2
197	127	2.110035194372159e1	2.027337785944326e-2
197	128	3.035908050109220e1	2.916923433815211e-2
197	129	3.442342796103021e1	3.307429014135207e-2
197	130	4.569936670430268e1	4.390829743525973e-2
197	131	7.386199477943637e1	7.096716365725360e-2
197	132	3.420258874994730e1	3.286210615577653e-2
197	133	1.625781390647543e1	1.562063065931753e-2
197	134	8.288300851859209e0	7.963462193932035e-3
197	135	3.642033965477916e-1	3.499293801164787e-4
197	136	6.694481157652320e0	6.432108167863619e-3
197	137	1.157346372177960e1	1.111987154527114e-2
197	138	3.978380542928781e-1	3.822458138640250e-4
197	139	1.925874465417576e1	1.850394763622952e-2
197	140	2.077063341347976e1	1.995658179989498e-2
197	141	4.768198531155956e0	4.581321239986731e-3
197	142	1.851402217382493e1	1.778841264018570e-2
197	143	2.559491883512225e1	2.459179174879176e-2
197	144	2.262883185601350e1	2.174195292848057e-2
197	145	3.046309492472865e1	2.926917218368370e-2
197	146	3.537646045200569e1	3.398997097233562e-2
197	147	4.915830228406947e1	4.723166892153251e-2
197	148	1.678418099106607e1	1.612636813834829e-2
197	149	8.061220995074690e0	7.745282148729962e-3
197	150	1.836675432102271e1	1.764691657251955e-2
197	151	2.398191544226886e1	2.304200587985933e-2
197	152	2.442357302246455e1	2.346635382588772e-2
197	153	3.705180385595864e1	3.559965359579396e-2
197	154	2.991448469776107e1	2.874206332509529e-2
197	155	3.238892657741015e1	3.111952581250577e-2
197	156	3.740123348252426e1	3.593538822588656e-2
197	157	5.157858833536767e1	4.955709807914939e-2
197	158	1.340113013359478e1	1.287590726764056e-2
197	159	2.864548933504423e1	2.752280297536948e-2
197	160	4.012920321075576e1	3.855644218920758e-2
197	161	4.454412386249093e1	4.279833136863043e-2
197	162	4.174720375358849e1	4.011102935766438e-2
197	163	4.944560713929909e1	4.750771360109322e-2
197	164	6.760145610582805e1	6.495199071263903e-2
197	165	3.756913397557771e1	3.609670829047781e-2
197	166	4.322613137663088e1	4.153199421212161e-2
197	167	4.798667174763332e1	4.610595743386701e-2
197	168	5.644997813063365e1	5.423756626676410e-2
197	169	3.362710011480978e1	3.230917231917151e-2
197	170	5.240046834185973e1	5.034676661032728e-2
197	171	5.535125669262769e1	5.318190639273089e-2
197	172	6.599076330688074e1	6.340442487982081e-2
197	173	5.575139528174189e1	5.356636257786435e-2
197	174	6.230530382790648e1	5.986340751659413e-2
197	175	7.866579422461875e1	7.558269052490588e-2
197	176	6.705086454162382e1	6.442297817023661e-2
197	177	7.595484489643083e1	7.297798989077683e-2
197	178	7.240665482643131e1	6.956886201470705e-2
197	179	8.645055875754684e1	8.306235121226252e-2
197	180	8.027854625843825e1	7.713223488617599e-2
197	181	8.324899381782093e1	7.998626338502028e-2
197	182	8.297984477935385e1	7.972766295162928e-2
197	183	8.477622732594362e1	8.145364089949758e-2
197	184	9.238166935203948e1	8.876100716496926e-2
197	185	1.002253858189368e2	9.629730931670008e-2
197	186	1.097009229941858e2	1.054014771565253e-1
197	187	1.115969894675325e2	1.072232321757452e-1
197	188	1.203429060517031e2	1.156263750290481e-1
197	189	1.247995499804772e2	1.199083522488601e-1
197	190	1.305920231806558e2	1.254738043437415e-1
197	191	1.431431263650923e2	1.375329992846418e-1
197	192	1.528270674074681e2	1.468374031374444e-1
197	193	1.660836961410025e2	1.595744723661529e-1
197	194	1.844976566915600e2	1.772667450413209e-1
197	195	2.094129381618904e2	2.012055360657375e-1
197	196	2.525605059613735e2	2.426620457982754e-1
198	1	2.541600351302390e2	2.427329281239466e-1
198	5	1.540749357745335e2	1.471476831197996e-1
198	7	1.328108596406655e2	1.268396458582395e-1
198	13	9.471098240761630e1	9.045274987279500e-2
198	17	8.272445668937195e1	7.900514173829219e-2
198	19	7.459950397793648e1	7.124548919691322e-2
198	23	6.338285009819811e1	6.053313924548771e-2
198	25	6.971684090507330e1	6.658235203566981e-2
198	29	5.790860332652266e1	5.530501615571500e-2
198	31	4.654141693499741e1	4.444890167677375e-2
198	35	4.758146762801656e1	4.544219139671149e-2
198	37	3.313256401092563e1	3.164291456957397e-2
198	41	4.353936609639300e1	4.158182389226688e-2
198	43	2.843583901655439e1	2.715735565826652e-2
198	47	1.808599407276628e1	1.727284266806662e-2
198	49	6.104208540769272e0	5.829761599697869e-3
198	53	2.824129338169127e1	2.697155685012637e-2
198	59	9.521478577420519e0	9.093390209764482e-3
198	61	1.358039422985167e1	1.296981586739343e-2
198	65	2.626028143318052e1	2.507961175866408e-2
198	67	5.127887916520389e1	4.897336626628076e-2
198	71	2.092961185633390e1	1.998861059246511e-2
198	73	1.619362725775413e1	1.546555719984929e-2
198	79	2.736618970714892e1	2.613579808409991e-2
198	83	2.514602294139213e0	2.401545064356125e-3
198	85	1.383685200377621e1	1.321474322732613e-2
198	89	1.519453840360542e1	1.451138766293038e-2
198	91	2.040523642484073e1	1.948781122856286e-2
198	95	4.324399237138509e1	4.129973025340934e-2
198	97	6.152678887463554e1	5.876052705906826e-2
198	101	6.152678887463554e1	5.876052705906826e-2
198	103	4.324399237138509e1	4.129973025340934e-2
198	107	2.040523642484073e1	1.948781122856286e-2
198	109	1.519453840360542e1	1.451138766293038e-2
198	113	1.383685200377621e1	1.321474322732613e-2
198	115	2.514602294139213e0	2.401545064356125e-3
198	119	2.736618970714892e1	2.613579808409991e-2
198	125	1.619362725775413e1	1.546555719984929e-2
198	127	2.092961185633390e1	1.998861059246511e-2
198	131	5.127887916520389e1	4.897336626628076e-2
198	133	2.626028143318052e1	2.507961175866408e-2
198	137	1.358039422985167e1	1.296981586739343e-2
198	139	9.521478577420519e0	9.093390209764482e-3
198	145	2.824129338169127e1	2.697155685012637e-2
198	149	6.104208540769272e0	5.829761599697869e-3
198	151	1.808599407276628e1	1.727284266806662e-2
198	155	2.843583901655439e1	2.715735565826652e-2
198	157	4.353936609639300e1	4.158182389226688e-2
198	161	3.313256401092563e1	3.164291456957397e-2
198	163	4.758146762801656e1	4.544219139671149e-2
198	167	4.654141693499741e1	4.444890167677375e-2
198	169	5.790860332652266e1	5.530501615571500e-2
198	173	6.971684090507330e1	6.658235203566981e-2
198	175	6.338285009819811e1	6.053313924548771e-2
198	179	7.459950397793648e1	7.124548919691322e-2
198	181	8.272445668937195e1	7.900514173829219e-2
198	185	9.471098240761630e1	9.045274987279500e-2
198	191	1.328108596406655e2	1.268396458582395e-1
198	193	1.540749357745335e2	1.471476831197996e-1
198	197	2.541600351302390e2	2.427329281239466e-1
199	1	2.557611719541116e2	2.428033265469086e-1
199	2	2.121723396320737e2	2.014228722456393e-1
199	3	1.866140456410832e2	1.771594598032308e-1
199	4	1.694018016216072e2	1.608192543164662e-1
199	5	1.559765162692070e2	1.480741455945328e-1
199	6	1.425089395637044e2	1.352888881622265e-1
199	7	1.345790911123532e2	1.277607963557565e-1
199	8	1.286875776225696e2	1.221677696160600e-1
199	9	1.161229612074041e2	1.102397250302484e-1
199	10	1.164251113847766e2	1.105265671166459e-1
199	11	1.027591784023557e2	9.755300289989188e-2
199	12	1.018402874828580e2	9.668066653122760e-2
199	13	9.666834707339159e1	9.177075652993100e-2
199	14	9.034156355700381e1	8.576451221855164e-2
199	15	8.661306004024765e1	8.222490904112849e-2
199	16	8.551337283643541e1	8.118093622380583e-2
199	17	8.264272545540240e1	7.845572688834407e-2
199	18	6.849104021256376e1	6.502102049036700e-2
199	19	7.810782097291832e1	7.415057812198958e-2
199	20	8.350222040306087e1	7.927167651372027e-2
199	21	7.304698996195755e1	6.934614828940538e-2
199	22	5.362042187316275e1	5.090380491370453e-2
199	23	6.758242360436446e1	6.415843789684439e-2
199	24	5.958483954087229e1	5.656604222506179e-2
199	25	7.556223020809823e1	7.173395678340616e-2
199	26	6.153310383293822e1	5.841559994913665e-2
199	27	5.380846954218343e1	5.108232536400887e-2
199	28	4.392850728514374e1	4.170292002332038e-2
199	29	5.882405638626420e1	5.584380327335399e-2
199	30	5.168386147868032e1	4.906535812271277e-2
199	31	4.788043366254442e1	4.545462659930338e-2
199	32	4.140437826101724e1	3.930667309103984e-2
199	33	2.096717856682974e1	1.990490059704101e-2
199	34	5.249849417323784e1	4.983871838940691e-2
199	35	4.142478659906494e1	3.932604746412945e-2
199	36	3.409858131190802e1	3.237101593570650e-2
199	37	3.597073651180519e1	3.414832054716911e-2
199	38	3.336073030865808e1	3.167054730430219e-2
199	39	2.156813326122052e1	2.047540861351288e-2
199	40	6.621916031315797e1	6.286424277123083e-2
199	41	4.518344941311724e1	4.289428195276326e-2
199	42	3.864886052767280e1	3.669076049217566e-2
199	43	3.211656698984686e1	3.048941808806132e-2
199	44	2.128180320975714e1	2.020358514455360e-2
199	45	2.943160391487452e1	2.794048557700813e-2
199	46	3.172858581119408e1	3.012109352927572e-2
199	47	2.136505782075047e1	2.028262175650335e-2
199	48	1.136222312179389e1	1.078656916474693e-2
199	49	3.217329037367906e-1	3.054326764693779e-4
199	50	6.686369519541478e1	6.347612303550937e-2
199	51	4.080089081051741e1	3.873376063763209e-2
199	52	3.401560358742901e1	3.229224218213451e-2
199	53	2.158410644939727e1	2.049057253849509e-2
199	54	1.958184156782560e1	1.858975010262950e-2
199	55	2.094102559341471e1	1.988007263392313e-2
199	56	1.582601007227965e1	1.502420348700864e-2
199	57	3.635779085593369e1	3.451576522843486e-2
199	58	1.547577954280648e1	1.469171698421130e-2
199	59	1.430863467442244e1	1.358370416725157e-2
199	60	1.522938686101612e1	1.445780750405672e-2
199	61	4.820954668329880e0	4.576706548765584e-3
199	62	2.020205181933737e0	1.917853811558313e-3
199	63	1.033956657329298e0	9.815724333243141e-4
199	64	6.989423412652194e0	6.635312319968891e-3
199	65	1.983584104351383e1	1.883088098722420e-2
199	66	4.929232695947968e1	4.679498794737646e-2
199	67	6.029267424477229e1	5.723801529837529e-2
199	68	4.133639758066525e1	3.924213657361511e-2
199	69	3.205126581781035e1	3.042742532474726e-2
199	70	2.433536456315668e1	2.310244132649788e-2
199	71	1.411234450255234e1	1.339735881101792e-2
199	72	1.489065242628962e1	1.413623465959721e-2
199	73	1.620679330797534e1	1.538569477833255e-2
199	74	7.325423240419501e0	6.954289103183381e-3
199	75	1.737584883993481e1	1.649552145729677e-2
199	76	7.987230218324863e0	7.582566392263871e-3
199	77	2.813429531236746e0	2.670890362170199e-3
199	78	1.219528827059993e0	1.157742802661003e-3
199	79	1.396366761738253e1	1.325621446911468e-2
199	80	2.524079435914321e1	2.396199856398059e-2
199	81	9.058276125703559e0	8.599348991471925e-3
199	82	8.269009627270258e0	7.850069771770746e-3
199	83	8.171031965360859e0	7.757056035334010e-3
199	84	4.855564333838127e0	4.609562755405057e-3
199	85	1.767963605768372e1	1.678391764530414e-2
199	86	5.322385645105256e-1	5.052733102227621e-4
199	87	1.288724377655303e1	1.223432640326435e-2
199	88	1.544931394366126e1	1.466659223418604e-2
199	89	1.078166220576955e1	1.023542169933290e-2
199	90	1.840203944594690e1	1.746972129735547e-2
199	91	1.661732552576375e1	1.577542785381123e-2
199	92	1.817725342696943e1	1.725632380331068e-2
199	93	2.344813384493878e1	2.226016113145499e-2
199	94	3.059403461935572e1	2.904402306775337e-2
199	95	3.706482033427953e1	3.518697387202012e-2
199	96	4.585622911868665e1	4.353297604888982e-2
199	97	5.550403223203208e1	5.269198432169436e-2
199	98	7.164133832186947e1	6.801171237181919e-2
199	99	1.059280015438092e2	1.005612812640596e-1
199	100	1.059280015438092e2	1.005612812640596e-1
199	101	7.164133832186947e1	6.801171237181919e-2
199	102	5.550403223203208e1	5.269198432169436e-2
199	103	4.585622911868665e1	4.353297604888982e-2
199	104	3.706482033427953e1	3.518697387202012e-2
199	105	3.059403461935572e1	2.904402306775337e-2
199	106	2.344813384493878e1	2.226016113145499e-2
199	107	1.817725342696943e1	1.725632380331068e-2
199	108	1.661732552576375e1	1.577542785381123e-2
199	109	1.840203944594690e1	1.746972129735547e-2
199	110	1.078166220576955e1	1.023542169933290e-2
199	111	1.544931394366126e1	1.466659223418604e-2
199	112	1.288724377655303e1	1.223432640326435e-2
199	113	5.322385645105256e-1	5.052733102227621e-4
199	114	1.767963605768372e1	1.678391764530414e-2
199	115	4.855564333838127e0	4.609562755405057e-3
199	116	8.171031965360859e0	7.757056035334010e-3
199	117	8.269009627270258e0	7.850069771770746e-3
199	118	9.058276125703559e0	8.599348991471925e-3
199	119	2.524079435914321e1	2.396199856398059e-2
199	120	1.396366761738253e1	1.325621446911468e-2
199	121	1.219528827059993e0	1.157742802661003e-3
199	122	2.813429531236746e0	2.670890362170199e-3
199	123	7.987230218324863e0	7.582566392263871e-3
199	124	1.737584883993481e1	1.649552145729677e-2
199	125	7.325423240419501e0	6.954289103183381e-3
199	126	1.620679330797534e1	1.538569477833255e-2
199	127	1.489065242628962e1	1.413623465959721e-2
199	128	1.411234450255234e1	1.339735881101792e-2
199	129	2.433536456315668e1	2.310244132649788e-2
199	130	3.205126581781035e1	3.042742532474726e-2
199	131	4.133639758066525e1	3.924213657361511e-2
199	132	6.029267424477229e1	5.723801529837529e-2
199	133	4.929232695947968e1	4.679498794737646e-2
199	134	1.983584104351383e1	1.883088098722420e-2
199	135	6.989423412652194e0	6.635312319968891e-3
199	136	1.033956657329298e0	9.815724333243141e-4
199	137	2.020205181933737e0	1.917853811558313e-3
199	138	4.820954668329880e0	4.576706548765584e-3
199	139	1.522938686101612e1	1.445780750405672e-2
199	140	1.430863467442244e1	1.358370416725157e-2
199	141	1.547577954280648e1	1.469171698421130e-2
199	142	3.635779085593369e1	3.451576522843486e-2
199	143	1.582601007227965e1	1.502420348700864e-2
199	144	2.094102559341471e1	1.988007263392313e-2
199	145	1.958184156782560e1	1.858975010262950e-2
199	146	2.158410644939727e1	2.049057253849509e-2
199	147	3.401560358742901e1	3.229224218213451e-2
199	148	4.080089081051741e1	3.873376063763209e-2
199	149	6.686369519541478e1	6.347612303550937e-2
199	150	3.217329037367906e-1	3.054326764693779e-4
199	151	1.136222312179389e1	1.078656916474693e-2
199	152	2.136505782075047e1	2.028262175650335e-2
199	153	3.172858581119408e1	3.012109352927572e-2
199	154	2.943160391487452e1	2.794048557700813e-2
199	155	2.128180320975714e1	2.020358514455360e-2
199	156	3.211656698984686e1	3.048941808806132e-2
199	157	3.864886052767280e1	3.669076049217566e-2
199	158	4.518344941311724e1	4.289428195276326e-2
199	159	6.621916031315797e1	6.286424277123083e-2
199	160	2.156813326122052e1	2.047540861351288e-2
199	161	3.336073030865808e1	3.167054730430219e-2
199	162	3.597073651180519e1	3.414832054716911e-2
199	163	3.409858131190802e1	3.237101593570650e-2
199	164	4.142478659906494e1	3.932604746412945e-2
199	165	5.249849417323784e1	4.983871838940691e-2
199	166	2.096717856682974e1	1.990490059704101e-2
199	167	4.140437826101724e1	3.930667309103984e-2
199	168	4.788043366254442e1	4.545462659930338e-2
199	169	5.168386147868032e1	4.906535812271277e-2
199	170	5.882405638626420e1	5.584380327335399e-2
199	171	4.392850728514374e1	4.170292002332038e-2
199	172	5.380846954218343e1	5.108232536400887e-2
199	173	6.153310383293822e1	5.841559994913665e-2
199	174	7.556223020809823e1	7.173395678340616e-2
199	175	5.958483954087229e1	5.656604222506179e-2
199	176	6.758242360436446e1	6.415843789684439e-2
199	177	5.362042187316275e1	5.090380491370453e-2
199	178	7.304698996195755e1	6.934614828940538e-2
199	179	8.350222040306087e1	7.927167651372027e-2
199	180	7.810782097291832e1	7.415057812198958e-2
199	181	6.849104021256376e1	6.502102049036700e-2
199	182	8.264272545540240e1	7.845572688834407e-2
199	183	8.551337283643541e1	8.118093622380583e-2
199	184	8.661306004024765e1	8.222490904112849e-2
199	185	9.034156355700381e1	8.576451221855164e-2
199	186	9.666834707339159e1	9.177075652993100e-2
199	187	1.018402874828580e2	9.668066653122760e-2
199	188	1.027591784023557e2	9.755300289989188e-2
199	189	1.164251113847766e2	1.105265671166459e-1
199	190	1.161229612074041e2	1.102397250302484e-1
199	191	1.286875776225696e2	1.221677696160600e-1
199	192	1.345790911123532e2	1.277607963557565e-1
199	193	1.425089395637044e2	1.352888881622265e-1
199	194	1.559765162692070e2	1.480741455945328e-1
199	195	1.694018016216072e2	1.608192543164662e-1
199	196	1.866140456410832e2	1.771594598032308e-1
199	197	2.121723396320737e2	2.014228722456393e-1
199	198	2.557611719541116e2	2.428033265469086e-1
200	1	2.573639083540305e2	2.428732468716841e-1
200	3	1.882519794882183e2	1.776526078607371e-1
200	7	1.352120882679318e2	1.275990837408305e-1
200	9	1.186977686390652e2	1.120145891868302e-1
200	11	1.057035455700537e2	9.975199507435489e-2
200	13	9.751007896677564e1	9.201985481506318e-2
200	17	8.384510071041473e1	7.912427182994659e-2
200	19	7.244530819291661e1	6.836633517870620e-2
200	21	6.605467860480690e1	6.233552469115575e-2
200	23	6.577123194054855e1	6.206803725632603e-2
200	27	5.449278973761136e1	5.142461839079540e-2
200	29	6.243025291819469e1	5.891516928785760e-2
200	31	5.073712138649592e1	4.788040983240704e-2
200	33	2.832504283549784e1	2.673022478262018e-2
200	37	3.637829042984949e1	3.433004094802903e-2
200	39	2.400186596693712e1	2.265046080334636e-2
200	41	4.548319145008163e1	4.292229806508823e-2
200	43	3.729228334289515e1	3.519257224788692e-2
200	47	1.632214252292691e1	1.540313782067865e-2
200	49	5.050762874684146e0	4.766383858555856e-3
200	51	4.594874465484982e1	4.336163868264688e-2
200	53	2.854216622983792e1	2.693512322425651e-2
200	57	1.558282755299333e0	1.470544936716943e-3
200	59	1.532067705139957e1	1.445805903222187e-2
200	61	8.561330915054391e0	8.079292275985608e-3
200	63	1.058616821674083e0	9.990122792170463e-4
200	67	7.530586212929479e1	7.106582799734977e-2
200	69	3.651007673607630e1	3.445440713554629e-2
200	71	2.353280112977619e1	2.220780627294538e-2
200	73	1.902823669494757e1	1.795686760393598e-2
200	77	1.284933326710298e1	1.212586221073672e-2
200	79	7.436481906003086e0	7.017776957789251e-3
200	81	1.402245580731515e1	1.323293305894496e-2
200	83	1.507404885248812e0	1.422531702957346e-3
200	87	2.504985395109182e0	2.363944269292830e-3
200	89	1.343160221496896e0	1.267534698824574e-3
200	91	7.793537264515053e0	7.354728610370790e-3
200	93	2.607919344352747e1	2.461082607865617e-2
200	97	4.903427900817086e1	4.627344458238608e-2
200	99	8.471333466107134e1	7.994362058785451e-2
200	101	8.471333466107134e1	7.994362058785451e-2
200	103	4.903427900817086e1	4.627344458238608e-2
200	107	2.607919344352747e1	2.461082607865617e-2
200	109	7.793537264515053e0	7.354728610370790e-3
200	111	1.343160221496896e0	1.267534698824574e-3
200	113	2.504985395109182e0	2.363944269292830e-3
200	117	1.507404885248812e0	1.422531702957346e-3
200	119	1.402245580731515e1	1.323293305894496e-2
200	121	7.436481906003086e0	7.017776957789251e-3
200	123	1.284933326710298e1	1.212586221073672e-2
200	127	1.902823669494757e1	1.795686760393598e-2
200	129	2.353280112977619e1	2.220780627294538e-2
200	131	3.651007673607630e1	3.445440713554629e-2
200	133	7.530586212929479e1	7.106582799734977e-2
200	137	1.058616821674083e0	9.990122792170463e-4
200	139	8.561330915054391e0	8.079292275985608e-3
200	141	1.532067705139957e1	1.445805903222187e-2
200	143	1.558282755299333e0	1.470544936716943e-3
200	147	2.854216622983792e1	2.693512322425651e-2
200	149	4.594874465484982e1	4.336163868264688e-2
200	151	5.050762874684146e0	4.766383858555856e-3
200	153	1.632214252292691e1	1.540313782067865e-2
200	157	3.729228334289515e1	3.519257224788692e-2
200	159	4.548319145008163e1	4.292229806508823e-2
200	161	2.400186596693712e1	2.265046080334636e-2
200	163	3.637829042984949e1	3.433004094802903e-2
200	167	2.832504283549784e1	2.673022478262018e-2
200	169	5.073712138649592e1	4.788040983240704e-2
200	171	6.243025291819469e1	5.891516928785760e-2
200	173	5.449278973761136e1	5.142461839079540e-2
200	177	6.577123194054855e1	6.206803725632603e-2
200	179	6.605467860480690e1	6.233552469115575e-2
200	181	7.244530819291661e1	6.836633517870620e-2
200	183	8.384510071041473e1	7.912427182994659e-2
200	187	9.751007896677564e1	9.201985481506318e-2
200	189	1.057035455700537e2	9.975199507435489e-2
200	191	1.186977686390652e2	1.120145891868302e-1
200	193	1.352120882679318e2	1.275990837408305e-1
200	197	1.882519794882183e2	1.776526078607371e-1
200	199	2.573639083540305e2	2.428732468716841e-1
