# j	a_star(j)
# # d2 = 5.016430327692845e-02
# # N = 20000
2	2.296337461549266e+00
3	9.566931417970225e-01
4	-1.270401140536685e+00
5	8.385452981449006e-01
6	-2.120925794399484e+00
7	7.928375072384026e-01
8	-1.649100757636647e-02
9	-7.401961948614441e-02
10	-1.944559691238475e+00
11	7.510230656081130e-01
12	1.114101727381794e+00
13	7.537981103545076e-01
14	-1.879616731776037e+00
15	-7.788823929420350e-01
16	-3.910199614592797e-02
17	7.477643073081133e-01
18	1.914481297531231e-02
19	7.451752182797182e-01
20	9.910096260852554e-01
21	-6.712690831886485e-01
22	-1.884251786845263e+00
23	8.407262217478710e-01
24	-7.495954055912922e-02
25	5.404793640138732e-03
26	-1.722043211859591e+00
27	-1.869634762791082e-02
28	9.755311340444480e-01
29	7.959686746433772e-01
30	1.633314117110251e+00
31	6.399257267314570e-01
32	1.293219574823655e-01
33	-8.126593688157883e-01
34	-1.727552930764366e+00
35	-5.878002435092793e-01
36	6.144518459924120e-02
37	6.870300880489391e-01
38	-1.705805906784796e+00
39	-7.710960260002614e-01
40	8.112356071083579e-02
41	6.987937725501158e-01
42	1.468834482399015e+00
43	7.406548676276077e-01
44	1.111193623008736e+00
45	1.525196602204108e-02
46	-1.936320979025743e+00
47	7.697504949650891e-01
48	1.302020286813901e-01
49	3.870288550997179e-02
50	-5.124004011935329e-02
51	-7.417987800160433e-01
52	8.429010392144678e-01
53	7.383063420114980e-01
54	1.729150781541518e-02
55	-5.150052307970087e-01
56	4.878945363350690e-02
57	-7.114514014309079e-01
58	-1.813521191922049e+00
59	6.078373181955643e-01
60	-7.654466317572918e-01
61	8.196982854042122e-01
62	-1.658176392409958e+00
63	1.009773175181550e-01
64	-1.379146311338716e-01
65	-7.876789306964626e-01
66	1.845758945758285e+00
67	6.779523936194473e-01
68	9.019559877645623e-01
69	-8.218612744431819e-01
70	1.491825003632196e+00
71	5.764073635097480e-01
72	5.368660845425310e-02
73	6.136639631116836e-01
74	-1.729082182861109e+00
75	1.098617179927563e-02
76	9.631694185914628e-01
77	-5.220008988648863e-01
78	1.501439880649164e+00
79	6.941267366051781e-01
80	6.561175983873994e-02
81	9.330792152881351e-02
82	-1.704194462016991e+00
83	6.709584410085543e-01
84	-7.280129143455595e-01
85	-6.902971942704316e-01
86	-1.698815320672430e+00
87	-6.473217333855958e-01
88	-5.544069984886998e-02
89	7.527579479980716e-01
90	1.155175724925753e-01
91	-5.220340809156461e-01
92	1.071219273657950e+00
93	-6.506309877037305e-01
94	-1.839425579022929e+00
95	-6.237761194558977e-01
96	-5.429608094070581e-02
97	6.480610823149602e-01
98	1.865145574414981e-02
99	1.961173626371493e-01
100	-5.339457066503284e-02
101	7.464431564907593e-01
102	1.699322230782995e+00
103	4.931834503436777e-01
104	-2.817942568617285e-02
105	3.603119938898469e-01
106	-1.721742949553534e+00
107	7.000919728893514e-01
108	-1.185733486327526e-01
109	6.602819786241563e-01
110	1.324833376810599e+00
111	-5.479585477231423e-01
112	7.113995253093688e-02
113	6.126061662080291e-01
114	1.468369274586368e+00
115	-8.380424376850434e-01
116	1.053956486953072e+00
117	3.045915373622429e-01
118	-1.676825863341731e+00
119	-6.582837642798204e-01
120	1.734452845932184e-01
121	2.017167748445334e-01
122	-1.639932780457249e+00
123	-7.275458012431822e-01
124	8.793919629654791e-01
125	3.291235863147175e-02
126	7.933534958686224e-02
127	6.914572213977995e-01
128	-7.728482628950392e-02
129	-7.522318382137888e-01
130	1.519815005594892e+00
131	6.532113748101411e-01
132	-1.113747447294725e+00
133	-6.511329305072066e-01
134	-1.540063604101888e+00
135	1.318463086143821e-01
136	5.254308883829545e-02
137	6.495575883616770e-01
138	1.698472592211352e+00
139	6.724566515103009e-01
140	-6.114711933958330e-01
141	-6.906932147940508e-01
142	-1.542381294798504e+00
143	-6.688239523873034e-01
144	2.877310802720702e-03
145	-6.394486710552020e-01
146	-1.482050921365698e+00
147	-1.187052136591724e-01
148	9.516892866796782e-01
149	5.478895154081370e-01
150	8.166294506573715e-02
151	6.070569769763806e-01
152	-1.540026795086118e-02
153	5.572474940056008e-02
154	1.498271059857130e+00
155	-4.802434053393601e-01
156	-4.216076912040982e-01
157	6.637878762965503e-01
158	-1.725580197957128e+00
159	-7.517794311778569e-01
160	-1.985844886913658e-01
161	-8.590529516559833e-01
162	-1.528802436347370e-01
163	6.955279052974839e-01
164	9.871737445718739e-01
165	5.561622512343564e-01
166	-1.541939996659992e+00
167	6.672852785354756e-01
168	4.608167770696762e-02
169	1.796968027984579e-03
170	1.356292742349735e+00
171	-3.390492839560898e-02
172	1.023007301744655e+00
173	7.935485280701332e-01
174	1.520984205682142e+00
175	-1.429264087355658e-01
176	1.134269328778485e-01
177	-5.385731047675157e-01
178	-1.679543874069293e+00
179	5.276546052340457e-01
180	-2.139770386026014e-01
181	5.402705177595637e-01
182	1.264480391563943e+00
183	-7.715970810305685e-01
184	-2.026406111455279e-02
185	-5.387780587826156e-01
186	1.520311940179308e+00
187	-6.717186442925636e-01
188	8.837418867903825e-01
189	-2.104155404675241e-01
190	1.388482238996565e+00
191	6.387583030197227e-01
192	2.012900026772449e-01
193	6.941717346141343e-01
194	-1.451107981333919e+00
195	6.512493778410412e-01
196	-6.116328033987921e-02
197	6.432895525964001e-01
198	-1.319223865587086e-01
199	5.715149233676535e-01
200	1.281940881381455e-01
201	-6.480940971852807e-01
202	-1.671254157806438e+00
203	-6.699745570749774e-01
204	-8.620154780222155e-01
205	-5.761828362994875e-01
206	-1.291356573195289e+00
207	4.930046038345098e-02
208	2.310325017781936e-01
209	-6.241997247796875e-01
210	-9.033026427258037e-01
211	6.786575224592208e-01
212	9.653309150799910e-01
213	-6.630240288725170e-01
214	-1.420573686019808e+00
215	-6.186959466231362e-01
216	3.367149257065553e-01
217	-4.060915433931059e-01
218	-1.522023242663679e+00
219	-5.278132478921105e-01
220	-5.923151342812890e-01
221	-5.986763650943042e-01
222	1.424324928941548e+00
223	5.714556728366510e-01
224	-9.596568722360088e-02
225	4.411329353913208e-02
226	-1.532685668829998e+00
227	4.286322767457169e-01
228	-7.254567972216325e-01
229	6.069787751241565e-01
230	1.723635772745446e+00
231	4.558757092459810e-01
232	-2.578764742227104e-01
233	5.500943540485733e-01
234	-1.766520771664466e-01
235	-6.128333856046766e-01
236	9.706957389841612e-01
237	-6.467061754517159e-01
238	1.436062968829083e+00
239	6.176914678393796e-01
240	-3.364670830174346e-01
241	4.843457430187296e-01
242	-1.364734220397970e-01
243	-2.260703180964665e-01
244	6.458221336790804e-01
245	-1.444609815107140e-01
246	1.545267706000424e+00
247	-3.311048200039140e-01
248	1.390194799709465e-01
249	-6.001386257255444e-01
250	9.269307873093348e-02
251	6.639458278925064e-01
252	-1.436639152301049e-01
253	-7.471990913151845e-01
254	-1.637825248645356e+00
255	6.168842591014337e-01
256	1.358970016552570e-01
257	6.143319842422889e-01
258	1.644071042976259e+00
259	-4.841715152979169e-01
260	-5.883596827985075e-01
261	-1.323218619907501e-01
262	-1.574282963021499e+00
263	5.946576054949445e-01
264	2.786942355189420e-01
265	-5.470588844750158e-01
266	1.337667704709937e+00
267	-7.541738539133485e-01
268	6.902706019545430e-01
269	5.542185070496717e-01
270	-3.637621992363401e-02
271	5.422123813394208e-01
272	8.168075376353331e-03
273	4.581697812683731e-01
274	-1.412856720927018e+00
275	-1.074551029355025e-01
276	-7.631358020220085e-01
277	5.236821485144711e-01
278	-1.567741949725412e+00
279	-1.321390773438078e-02
280	-1.656239847835951e-01
281	5.672212633746753e-01
282	1.540441057837618e+00
283	4.449361152997285e-01
284	9.411524190631126e-01
285	5.775236566715672e-01
286	1.464186158295285e+00
287	-5.402739057564783e-01
288	-1.001309374274838e-01
289	-2.748568650057858e-02
290	1.349023554530261e+00
291	-6.689984536664307e-01
292	8.484673979296241e-01
293	6.106085776975420e-01
294	3.031646289516516e-01
295	-4.001783965508885e-01
296	1.909203620091801e-01
297	-3.372573353078569e-02
298	-1.396177807943474e+00
299	-5.282892352453881e-01
300	-1.034640667194052e-03
301	-6.071337289768255e-01
302	-1.496550006793601e+00
303	-8.334675107332249e-01
304	7.512849314536711e-02
305	-6.454218835106649e-01
306	-2.868887385889557e-01
307	4.288080699770300e-01
308	-8.191192945177800e-01
309	-4.212719514787430e-01
310	1.330441767259784e+00
311	6.425931986685004e-01
312	3.222085256769741e-02
313	4.812524165953769e-01
314	-1.564305731110609e+00
315	-1.215122342959442e-01
316	9.453704397214047e-01
317	5.382245386379444e-01
318	1.550642467267397e+00
319	-5.517240824811867e-01
320	1.846013741102286e-01
321	-5.533282327185176e-01
322	1.786091165995302e+00
323	-4.640809038476403e-01
324	1.049169259296102e-01
325	3.869160140631576e-02
326	-1.583010199339268e+00
327	-6.879499935314847e-01
328	8.304855501947704e-03
329	-3.927579799985803e-01
330	-1.014893141445755e+00
331	6.113157954901672e-01
332	8.947300262534996e-01
333	-9.055446486962664e-02
334	-1.405914859020912e+00
335	-4.627292034679229e-01
336	-7.927817100893653e-02
337	4.867552258037480e-01
338	2.118711521200965e-02
339	-4.632958253013825e-01
340	-6.825058307043677e-01
341	-5.833987981969876e-01
342	2.226534837239889e-01
343	8.153008110639318e-02
344	-1.604408389176736e-01
345	5.304310553323661e-01
346	-1.610904441146861e+00
347	4.053944341327127e-01
348	-9.463196352723587e-01
349	4.818619811229077e-01
350	1.705642920197281e-01
351	-2.262578121301812e-01
352	-2.235151121637021e-01
353	5.069952978177713e-01
354	1.467287546127738e+00
355	-3.336337074642610e-01
356	8.151029533471524e-01
357	4.550318352636807e-01
358	-1.268438745536456e+00
359	6.090774479030249e-01
360	5.876686032439969e-02
361	-5.055372929047045e-04
362	-1.230523814046689e+00
363	-1.703799290410629e-01
364	-5.214036484511526e-01
365	-3.761415320090897e-01
366	1.629701269870946e+00
367	5.863183427731590e-01
368	-1.654599577967221e-02
369	5.791812585202080e-03
370	1.295701456355193e+00
371	-6.821026159334466e-01
372	-7.757618219257023e-01
373	4.471183525776389e-01
374	1.564745260108936e+00
375	1.634175941480915e-02
376	1.440127197171178e-01
377	-5.972233393648693e-01
378	2.250859343607969e-01
379	4.957594133292497e-01
380	-6.628818001678299e-01
381	-6.771168199989152e-01
382	-1.274649826394678e+00
383	4.523368241053520e-01
384	-3.364308875250597e-03
385	1.696162096541927e-01
386	-1.650802801874333e+00
387	-5.530462936571535e-02
388	7.961045602875564e-01
389	5.833077852829398e-01
390	-9.921395500491986e-01
391	-5.572965198721354e-01
392	-8.890750093509529e-02
393	-6.706441560903128e-01
394	-1.440712683785913e+00
395	-6.118595685403533e-01
396	-2.199252739943796e-02
397	4.620411789923348e-01
398	-1.234310746850054e+00
399	4.849793895031687e-01
400	-2.049899082058977e-02
401	4.447261222985552e-01
402	1.312399754722509e+00
403	-3.214131515031888e-01
404	8.728882531431562e-01
405	-1.020462900706379e-01
406	1.439289341019297e+00
407	-3.325056191706424e-01
408	5.394510766058769e-02
409	5.123366707603813e-01
410	1.283468707186811e+00
411	-5.944123325073984e-01
412	6.383412643089670e-01
413	-4.202639031450335e-01
414	1.732533025547952e-02
415	-5.129322559705410e-01
416	-2.489551882404550e-01
417	-5.381198408650771e-01
418	1.422870824459499e+00
419	6.362582228693664e-01
420	3.434648720343954e-01
421	3.858723958322419e-01
422	-1.291615897986726e+00
423	-1.399138713993711e-01
424	-1.685437469917426e-01
425	1.604798478136177e-01
426	1.422265819399545e+00
427	-5.347220612326276e-01
428	6.109113161730311e-01
429	8.133133461492790e-01
430	1.490688558796096e+00
431	4.927700875160960e-01
432	-1.995191626316893e-01
433	5.499095887415645e-01
434	1.191851885933267e+00
435	4.258582758117734e-01
436	5.860349880142385e-01
437	-7.535151126736863e-01
438	1.059505762954565e+00
439	4.957647136093453e-01
440	-1.765157465567637e-01
441	2.013826567852236e-02
442	1.300319496842167e+00
443	5.509217882302908e-01
444	-9.012049898764208e-01
445	-7.988855155993748e-01
446	-1.487473485170802e+00
447	-5.991039136553313e-01
448	1.487377694814181e-01
449	5.179897267392433e-01
450	-1.713056795396797e-01
451	-4.212744834854528e-01
452	8.805807728682163e-01
453	-4.257295195758605e-01
454	-9.860974563257010e-01
455	4.919484066424042e-01
456	1.512127192149824e-01
457	4.218164581223109e-01
458	-1.264288179194684e+00
459	-8.165373217084668e-02
460	-7.612539909113657e-01
461	3.382069774339005e-01
462	-1.021726079976695e+00
463	5.665805968366863e-01
464	3.120908343990589e-01
465	4.612938065799616e-01
466	-1.251864076104839e+00
467	4.272762342765546e-01
468	-1.880534861197156e-01
469	-4.403073448587720e-01
470	1.425846085246772e+00
471	-4.699455800060957e-01
472	7.529752893218028e-02
473	-2.774856996933822e-01
474	1.474767736481174e+00
475	-4.624465800362308e-02
476	-7.033638394520813e-01
477	-1.334778762787428e-01
478	-1.345920283559222e+00
479	2.508293374737698e-01
480	1.211519778436336e-01
481	-5.340279828381708e-01
482	-1.121346985541129e+00
483	7.461407015096897e-01
484	7.368738401571448e-02
485	-4.256959256399855e-01
486	2.727649663777181e-01
487	4.180499412874174e-01
488	1.305533524470791e-01
489	-7.701588576038376e-01
490	-2.252624749297600e-03
491	4.939957598548994e-01
492	-8.939771314927073e-01
493	-6.307885361494114e-01
494	8.020405664687869e-01
495	-1.530829930657718e-01
496	-1.356850518228966e-02
497	-3.937991299681211e-01
498	1.405386142402566e+00
499	5.575575989116430e-01
500	7.120061592043857e-02
501	-6.524410930773822e-01
502	-1.261786076955777e+00
503	3.236123852282315e-01
504	-5.785484896108581e-02
505	-5.351596997923759e-01
506	1.483794502692634e+00
507	1.851528674304795e-01
508	1.041587024798862e+00
509	4.907110530334204e-01
510	-1.115103149820786e+00
511	-3.717328173003918e-01
512	-3.251032835912335e-02
513	-2.603012362974770e-02
514	-1.284959948512496e+00
515	-4.467435214592969e-01
516	-1.045925072466176e+00
517	-5.108600277980776e-01
518	1.090428638724658e+00
519	-6.248807749209383e-01
520	1.134000546066594e-01
521	5.925717551874171e-01
522	4.454041996624621e-01
523	4.862900498105133e-01
524	8.951979516026931e-01
525	8.772908470144758e-02
526	-1.309402670654507e+00
527	-4.092245902300208e-01
528	-2.477796511472853e-01
529	6.315149708744908e-02
530	1.290909453376103e+00
531	5.879314080213991e-03
532	-7.187837360487099e-01
533	-3.826998561865906e-01
534	1.327072862026422e+00
535	-6.350173675634339e-01
536	7.398698775318460e-02
537	-4.807060795845566e-01
538	-1.055773415532682e+00
539	-1.114329391869676e-01
540	1.458009810131512e-01
541	3.531725981139731e-01
542	-1.081738185663621e+00
543	-4.927676222677149e-01
544	-1.485657097093401e-01
545	-4.046787083261882e-01
546	-8.407180734323061e-01
547	3.447830246856251e-01
548	6.567123264463495e-01
549	-1.072939000435633e-01
550	1.440182604783916e-01
551	-3.442138361663918e-01
552	-9.343741511689088e-03
553	-4.865448090755816e-01
554	-1.253556362409019e+00
555	2.623443169176266e-01
556	7.770636458128373e-01
557	3.899440708746820e-01
558	6.499114171973779e-02
559	-3.572544714373624e-01
560	-3.257592732897954e-02
561	7.554695817956029e-01
562	-1.081163479769508e+00
563	3.281972232181493e-01
564	-6.243934114022531e-01
565	-5.089672440325073e-01
566	-1.256404781822938e+00
567	-7.417542292551998e-02
568	-1.901992593957296e-02
569	5.403932943549408e-01
570	-8.345066532827807e-01
571	5.207727894290087e-01
572	-7.180356446408274e-01
573	-6.076932455278994e-01
574	1.112403881789046e+00
575	1.707315483105706e-01
576	-6.075974828196885e-02
577	4.539184031741182e-01
578	1.104782724374713e-01
579	-5.922229814884102e-01
580	-7.586623158649118e-01
581	-4.310205023816925e-01
582	1.099399078991549e+00
583	-4.750878174630209e-01
584	-1.616137280565198e-01
585	-1.824106886703435e-01
586	-1.104557269314101e+00
587	4.188155489920259e-01
588	-5.483693826225585e-02
589	-2.970611790994522e-01
590	1.043512264641131e+00
591	-7.023834284232870e-01
592	-1.422825307017544e-01
593	4.478605435413785e-01
594	1.098570419959092e-01
595	6.113281753125883e-01
596	8.793679618472116e-01
597	-3.494764981825372e-01
598	1.203130701305576e+00
599	5.302946810631193e-01
600	2.242096121068426e-02
601	4.520563394294759e-01
602	1.203168469282503e+00
603	5.992043621504928e-02
604	6.195160368154908e-01
605	-3.067706182422471e-01
606	1.410199650223367e+00
607	2.790259496196716e-01
608	-2.794492141161765e-01
609	2.576366443210588e-01
610	1.069315802558050e+00
611	-4.471445497247371e-01
612	2.378330233017714e-01
613	2.048696867226931e-01
614	-1.023597129217446e+00
615	5.209073912933498e-01
616	3.152418643624452e-02
617	4.653811016015419e-01
618	1.190624039819082e+00
619	4.246074287687137e-01
620	-5.841060309359443e-01
621	-2.308673189637913e-02
622	-1.202602537040949e+00
623	-5.057571234322993e-01
624	-4.716869319217137e-01
625	-1.060058272445862e-01
626	-1.077593636294395e+00
627	2.727876292495778e-01
628	7.486867119826308e-01
629	-2.826610616165017e-01
630	5.273347479619292e-02
631	6.478044949424532e-01
632	1.767401664219391e-01
633	-6.346218740656769e-01
634	-1.307770393937483e+00
635	-7.696350363447811e-01
636	-9.473463676358099e-01
637	7.924422494646581e-02
638	1.344851742637399e+00
639	1.383835659004116e-01
640	1.567178037960092e-01
641	4.831934632844632e-01
642	1.245845002733481e+00
643	4.745672049416340e-01
644	-5.863433618305222e-01
645	6.584423569569211e-01
646	1.184046883888517e+00
647	3.855390493759295e-01
648	-3.870015963920549e-01
649	-3.402748184843769e-01
650	-3.839245998628365e-02
651	3.112538687740715e-01
652	9.139402931772412e-01
653	4.055722601639034e-01
654	1.313229702103908e+00
655	-5.320743677693635e-01
656	-1.085639265870916e-01
657	1.031057617098162e-01
658	1.249973967867623e+00
659	5.389888781090612e-01
660	5.918950479632432e-01
661	1.380304745639770e-01
662	-1.199779550532708e+00
663	4.018646728690120e-01
664	2.152772740098271e-02
665	4.241764184287952e-01
666	1.108924153214082e-01
667	-5.696811923056385e-01
668	5.282512799491242e-01
669	-5.957647808089342e-01
670	8.471041758176382e-01
671	-5.301722778372363e-01
672	-3.313986768943741e-02
673	1.710080184671253e-01
674	-1.000698660278649e+00
675	-1.125126359654583e-01
676	4.806520934071015e-02
677	2.810609576444266e-01
678	1.146727893941302e+00
679	-3.562101089207897e-01
680	2.944685737438094e-02
681	-8.894851045636644e-02
682	1.517752051750742e+00
683	6.689616415828582e-01
684	-4.328800403185694e-02
685	-5.278377012339349e-01
686	-3.687131646999928e-01
687	-6.052972497241829e-01
688	-1.031423291089032e-01
689	-6.161283910281201e-01
690	-1.228538486956165e+00
691	4.527462705159738e-01
692	8.082581065755239e-01
693	-8.988204268182691e-02
694	-1.017656173086331e+00
695	-6.028137017793155e-01
696	2.326601561924240e-01
697	-4.969030403685918e-01
698	-1.063016630574714e+00
699	-5.286726366155838e-01
700	8.549136121805051e-02
701	4.656036804238091e-01
702	3.008789113301955e-01
703	-3.182696631427891e-01
704	1.806623927547666e-01
705	4.475251824015823e-01
706	-1.108024201160374e+00
707	-6.701617256980303e-01
708	-8.186070220175782e-01
709	4.201741322511520e-01
710	1.012536947895420e+00
711	1.196643632469714e-01
712	7.257412216119789e-02
713	-4.566155362610907e-01
714	-1.023196051222744e+00
715	5.189382238989633e-01
716	6.663145476660670e-01
717	-5.800719248737273e-01
718	-1.214835376314463e+00
719	1.857231146537023e-01
720	1.066034877115400e-01
721	-2.819539891470323e-01
722	-5.575684488987161e-02
723	-4.685026046736947e-01
724	4.913646281505439e-01
725	-6.682536056396350e-03
726	1.836482681171295e-01
727	4.356168105342905e-01
728	-2.542794437656541e-02
729	5.750199481459996e-02
730	9.070689988219851e-01
731	-4.202927670904836e-01
732	-7.445832870329251e-01
733	2.394447796650493e-01
734	-9.467635582734580e-01
735	2.198761899363592e-01
736	-1.064724969330711e-01
737	-3.495152330996983e-01
738	8.849537714508143e-02
739	4.200400996046912e-01
740	-4.442419003745003e-01
741	4.817407071509149e-01
742	1.401086469209859e+00
743	5.264552764448074e-01
744	-2.884493545874722e-02
745	-4.652364527065423e-01
746	-1.035501017180996e+00
747	-4.936372038521711e-03
748	-8.807923391228339e-01
749	-5.661054415271426e-01
750	-2.594649302746194e-01
751	3.492334371968026e-01
752	6.745274977927250e-02
753	-3.054232029915981e-01
754	1.232541685873463e+00
755	-2.348553862043868e-01
756	8.742779531575100e-02
757	3.811443357482752e-01
758	-8.484173663923583e-01
759	5.879808200736119e-01
760	5.373073360281079e-02
761	4.359024547363277e-01
762	1.334931672896123e+00
763	-4.258125626177811e-01
764	5.231308276185267e-01
765	-1.389586558528325e-01
766	-1.023901481398842e+00
767	-5.098765241660456e-01
768	-2.051977000660765e-01
769	3.068561992321044e-01
770	-9.157214161113802e-01
771	-5.349929357748261e-01
772	9.137542211282946e-01
773	3.714057286082826e-01
774	3.183412757408585e-02
775	-2.762384695640284e-02
776	-4.912538159046480e-02
777	2.738053969162826e-01
778	-1.103824591379795e+00
779	-5.304803215084019e-01
780	-3.183657076356917e-02
781	-2.772928691462228e-01
782	1.171070168449098e+00
783	2.481774177742722e-01
784	1.765829596226981e-01
785	-3.142646494539787e-01
786	1.390859060323714e+00
787	2.993078558507344e-01
788	7.931528809313193e-01
789	-2.928113930591641e-01
790	1.141791413275646e+00
791	-3.933526960323588e-01
792	-2.635033500564218e-01
793	-5.527780357790061e-01
794	-9.147276228287161e-01
795	3.856464550079420e-01
796	7.680900675973827e-01
797	3.916577956444864e-01
798	-9.914572121127834e-01
799	-4.774624463607101e-01
800	-1.180370976632029e-01
801	-1.099997744530184e-01
802	-1.026553947039070e+00
803	-2.945987354746146e-01
804	-4.228447298225681e-01
805	8.079214262205842e-01
806	1.010861845833588e+00
807	-3.714709770035655e-01
808	4.907078345632707e-02
809	3.946445944690839e-01
810	3.198653492357202e-01
811	3.486571906887914e-01
812	-6.582450454623934e-01
813	-2.639366232438058e-01
814	8.529867602218461e-01
815	-5.332849479380125e-01
816	-3.993144027547684e-01
817	-6.816817711436882e-01
818	-1.269112369219771e+00
819	-4.682571613016531e-01
820	-7.021526324670181e-01
821	2.405117824314086e-01
822	1.214169863944510e+00
823	3.830496325814374e-01
824	2.721459678403772e-01
825	6.383023304715665e-02
826	1.222078581783682e+00
827	4.900457123980269e-01
828	1.289969201187242e-01
829	4.654309943288275e-01
830	1.075147513170625e+00
831	-9.667131977665158e-02
832	2.837264053819779e-01
833	6.711515350739171e-02
834	1.031821515042975e+00
835	-3.841473725760927e-01
836	-8.824937169891237e-01
837	-9.390526172145160e-02
838	-1.154744492563365e+00
839	5.844555375364820e-02
840	8.372817422074773e-02
841	-1.237779092492476e-01
842	-8.167970331226027e-01
843	-4.939784044390102e-01
844	4.987876670313097e-01
845	1.581722355654603e-03
846	5.578046398254664e-02
847	-5.654242639452906e-02
848	7.014356343450066e-02
849	-2.624427022736893e-01
850	-1.451312201902041e-01
851	-4.319970733460937e-01
852	-6.637844903934428e-01
853	3.265342093476207e-01
854	1.096778718590005e+00
855	1.727073205408822e-01
856	2.348702728007416e-01
857	3.691846403562616e-01
858	-1.175060398413859e+00
859	3.768332320257419e-01
860	-7.950513125133080e-01
861	3.375438740113905e-01
862	-8.915591063233095e-01
863	1.929620449687427e-01
864	-1.084515594194531e-01
865	-7.981051811072326e-01
866	-1.149654228765222e+00
867	-8.327076669296896e-02
868	-7.450553090455306e-01
869	-4.896008658042687e-01
870	-1.180511218555786e+00
871	-3.714339010173245e-01
872	1.729208992977510e-01
873	2.881324779850483e-01
874	1.294576484627226e+00
875	1.615320991894046e-01
876	-4.244060385495279e-01
877	2.017087631456720e-01
878	-9.526612533441826e-01
879	-6.217260906044859e-01
880	-3.248568144132054e-02
881	3.231747961545380e-01
882	-3.790379211988967e-02
883	2.713825064844095e-01
884	-6.226835502430543e-01
885	1.463147050003832e-01
886	-8.356946064148212e-01
887	2.102156669978447e-01
888	2.641946289797057e-02
889	-3.484376847058426e-01
890	1.260693885105925e+00
891	9.552029624084493e-02
892	8.011375981937600e-01
893	-2.570692590916835e-01
894	1.116630450662413e+00
895	-2.251880418608812e-01
896	-3.743617368550715e-02
897	2.789328818232803e-01
898	-1.061819692620157e+00
899	-5.516480473613540e-01
900	1.230792085489561e-01
901	-9.258427537660922e-02
902	1.097082115668479e+00
903	6.882579868276797e-01
904	2.143516956602437e-02
905	-2.442556762328222e-01
906	1.081707657125633e+00
907	2.975807610128109e-01
908	5.482727686835377e-01
909	2.115409144507172e-01
910	-8.036635664971756e-01
911	3.192723585053617e-01
912	-2.198214977483610e-01
913	-5.470586074209773e-01
914	-1.070588577163786e+00
915	2.500572920983811e-01
916	5.732853920723414e-01
917	-1.805779208310337e-01
918	3.680957435217774e-01
919	4.233508934986718e-01
920	-3.087530304698993e-02
921	-3.562932969214238e-01
922	-9.451974813923576e-01
923	-4.753101672046360e-01
924	1.730580914599628e-01
925	-1.456668704101814e-01
926	-1.068880739873892e+00
927	-1.240048233118025e-01
928	-8.890709474000533e-02
929	3.191516538439115e-01
930	-9.678153704933988e-01
931	1.297418795648858e-01
932	6.406686697399291e-01
933	-6.680176420044376e-01
934	-8.579663147600702e-01
935	3.367575976877910e-01
936	1.077608675444863e-01
937	3.199825915923865e-01
938	9.486996558778642e-01
939	-1.836537935057372e-01
940	-5.466308147144995e-01
941	4.687701229895702e-01
942	1.036064214137737e+00
943	-3.890502430799130e-01
944	-1.263553381340471e-01
945	2.737060612609344e-01
946	9.816777480902892e-01
947	4.642103463712884e-01
948	-6.196653059911175e-01
949	-2.509066745383097e-01
950	1.957287184524093e-02
951	-4.423481797955121e-01
952	-8.232985696333037e-02
953	2.972708811931944e-01
954	2.009904695723853e-01
955	-3.356820259579876e-01
956	5.676899763826544e-01
957	3.881345870720052e-01
958	-7.122799726026007e-01
959	-4.850731478723370e-01
960	-1.859811067078134e-01
961	1.321615439632228e-01
962	1.121779875072340e+00
963	1.601167028695903e-01
964	3.795195096002552e-01
965	-3.159386647226922e-01
966	-1.155051744830751e+00
967	3.814954553611425e-01
968	1.574063672365096e-01
969	4.919420330623308e-01
970	1.067231005395630e+00
971	4.447249668884228e-01
972	2.592385911030554e-02
973	-4.773610189682956e-01
974	-9.131149526479038e-01
975	-1.353103092134813e-01
976	7.186249653041384e-03
977	3.923868398859833e-01
978	1.296270504818023e+00
979	-3.252885262928664e-01
980	-1.780167885902081e-01
981	-2.189662293869214e-01
982	-1.051668550538607e+00
983	-3.569077277652582e-02
984	-2.152480632718477e-02
985	-2.567022477030100e-01
986	1.057946225415758e+00
987	2.815557896508138e-01
988	-5.448111388771930e-01
989	-4.824704629707264e-01
990	1.814638340349966e-03
991	2.092401006488701e-01
992	-1.292081443027488e-01
993	-3.480348586090665e-01
994	9.175042027353493e-01
995	-2.244737989222433e-01
996	-7.635483916324092e-01
997	1.563408879471780e-01
998	-8.600458655227411e-01
999	-5.052955160917215e-03
1000	-1.548841185429551e-01
1001	3.090266209346418e-01
1002	9.870258569282412e-01
1003	-3.673489256137542e-01
1004	3.023019630484853e-01
1005	1.116199163619770e-01
1006	-8.209048819681358e-01
1007	-4.152350540474453e-01
1008	-4.907333502008453e-02
1009	3.420388862447936e-01
1010	1.056558565807757e+00
1011	-2.391921783382535e-01
1012	-5.883894258784944e-01
1013	4.403853615857605e-01
1014	5.972988312858877e-02
1015	3.666850478705976e-01
1016	-3.011619850543369e-01
1017	-3.207627958551391e-01
1018	-9.728623311501517e-01
1019	1.852842875620839e-01
1020	7.042396859489800e-01
1021	4.799139175787542e-01
1022	1.091962607043264e+00
1023	6.531321241809467e-01
1024	7.225126300446547e-02
1025	2.617327935623117e-02
1026	-2.122990747397449e-01
1027	-3.011992395948395e-01
1028	4.136434316399421e-01
1029	-3.499070332072197e-02
1030	9.864846079063651e-01
1031	4.440126080057062e-01
1032	6.404440988218277e-01
1033	6.268428375266712e-01
1034	1.337587363027028e+00
1035	3.190071472330058e-01
1036	-4.266398174527281e-01
1037	-2.743534911903197e-01
1038	1.152174925720633e+00
1039	3.798475126855435e-01
1040	-1.511567173721682e-01
1041	-4.332909743923223e-01
1042	-1.096783987718978e+00
1043	-5.091705771798007e-01
1044	-3.696780674134295e-01
1045	1.281761098488199e-01
1046	-8.797647210420780e-01
1047	-4.772392747292454e-01
1048	1.239398000479990e-02
1049	3.400059913444956e-01
1050	4.397964277424457e-03
1051	3.882418257398300e-01
1052	6.662014082046884e-01
1053	-3.762867153898107e-02
1054	7.077424041520597e-01
1055	-3.101911327151078e-01
1056	5.519758845477662e-02
1057	-4.761074026238585e-01
1058	-1.700452903939787e-01
1059	-4.094986767587602e-01
1060	-5.765249986749731e-01
1061	5.050225223969149e-01
1062	2.602866413322075e-01
1063	3.771258302027548e-01
1064	3.616790979295449e-01
1065	5.324931931440456e-01
1066	8.876728961451699e-01
1067	-1.926835718971658e-01
1068	-4.386357245245230e-01
1069	3.365717730422858e-01
1070	1.085271519368993e+00
1071	3.622875394105699e-02
1072	-1.398730718147067e-01
1073	-3.980057404100739e-01
1074	7.841276732652952e-01
1075	-3.604117322498451e-02
1076	4.132136539859194e-01
1077	-5.245514332584137e-01
1078	-2.297977957519878e-01
1079	-5.772278891225853e-01
1080	-8.754884298297539e-01
1081	-8.448846657353716e-01
1082	-1.066800702111251e+00
1083	-2.598080637585083e-01
1084	4.982264467799585e-01
1085	2.288824656775725e-01
1086	9.685573259324765e-01
1087	3.211526883066769e-01
1088	2.440029270203858e-01
1089	1.844719099733541e-01
1090	1.002015333573716e+00
1091	3.328550956270317e-01
1092	1.662457153227166e-01
1093	1.024904782257760e-01
1094	-6.796021537147251e-01
1095	1.387583859312856e-01
1096	-1.905243020964379e-02
1097	2.006422235699749e-01
1098	-1.828860482559641e-01
1099	-4.046582062938582e-01
1100	-1.245267693465611e-01
1101	-2.807664574777292e-01
1102	9.163524040631160e-01
1103	5.274161195738828e-01
1104	1.862385175259013e-01
1105	7.245874993478713e-01
1106	1.208563754706987e+00
1107	2.002398676878665e-01
1108	6.410154975327976e-01
1109	1.861527092345830e-01
1110	-7.408107227537616e-01
1111	-3.061054505187737e-01
1112	6.751566606937709e-02
1113	4.045293795938898e-01
1114	-7.109683199117431e-01
1115	-3.286048107013223e-01
1116	-5.114847716423246e-02
1117	3.723208073365664e-01
1118	8.625056985056656e-01
1119	-3.001252945336801e-01
1120	-8.225999586058538e-02
1121	-4.206852875578040e-01
1122	-1.490075287028029e+00
1123	1.145662704767416e-01
1124	5.222977898429650e-01
1125	4.567139584479320e-02
1126	-6.577023958702414e-01
1127	3.204482348292637e-02
1128	-1.377983759202847e-01
1129	3.940356420211784e-01
1130	1.199677533213642e+00
1131	6.240163762437733e-01
1132	7.568201146733787e-01
1133	-1.670069441394458e-01
1134	-2.202181602429681e-02
1135	-8.513409010071669e-02
1136	1.933700237545539e-02
1137	-4.224721573423027e-01
1138	-9.872568135206130e-01
1139	-5.027126692164648e-01
1140	-1.149430887866449e-01
1141	-4.705143706751009e-01
1142	-9.824068068415995e-01
1143	-1.314471264298190e-01
1144	-1.395328217761790e-02
1145	-2.043156364701307e-01
1146	8.402176413602519e-01
1147	-2.114948194641198e-01
1148	-5.195943176560437e-01
1149	-2.011564445915348e-01
1150	-3.243286724722909e-02
1151	3.185767714004856e-01
1152	1.176455249596830e-01
1153	1.658576661950719e-01
1154	-8.120573626816373e-01
1155	-3.439228452457989e-01
1156	-2.184150513238328e-01
1157	-2.950286571094453e-01
1158	1.051647955201676e+00
1159	-2.390566330540459e-01
1160	2.394282276160864e-01
1161	2.725700589161712e-01
1162	1.034408224645248e+00
1163	3.908805647336326e-01
1164	-3.307500170919986e-01
1165	-2.189615044397101e-01
1166	8.456643013681016e-01
1167	-3.821022659809946e-01
1168	2.704137387118050e-03
1169	-2.948374460951728e-01
1170	1.499971720929145e-02
1171	2.438668133174906e-01
1172	5.416478072567619e-01
1173	2.548503481838976e-01
1174	-8.803090358409895e-01
1175	-2.128352439525659e-01
1176	-1.039838329697801e-01
1177	-1.663283215384772e-01
1178	7.279650802231075e-01
1179	3.274834996133172e-01
1180	-3.541467468079149e-01
1181	3.603548124094225e-01
1182	1.251131382947700e+00
1183	1.345610853798506e-01
1184	1.120936150443337e-02
1185	2.916531421178944e-01
1186	-6.567899336088804e-01
1187	1.839542582542169e-01
1188	-4.568478632608433e-02
1189	-4.327764957840507e-01
1190	-1.058263500414166e+00
1191	-3.205992968608972e-01
1192	2.011667906094989e-03
1193	2.789109550898087e-01
1194	7.714063731480744e-01
1195	-1.798088634181203e-01
1196	-6.660784657579416e-01
1197	-8.587902804464109e-02
1198	-9.709332768836033e-01
1199	-4.750509797133670e-01
1200	-2.375752777431228e-01
1201	7.872897532018319e-02
1202	-7.078387476287354e-01
1203	-4.282448754967251e-01
1204	-6.654686408358065e-01
1205	-2.252978881236303e-01
1206	-1.158943882424351e-01
1207	-2.566684168078676e-01
1208	6.600735189651050e-02
1209	2.162403659310816e-01
1210	1.240477702778283e-01
1211	-2.880348583051111e-01
1212	-5.225884733850042e-01
1213	2.021131844612032e-01
1214	-6.129954015477487e-01
1215	4.686000544732637e-02
1216	2.165491185773839e-01
1217	2.590303246027292e-01
1218	-6.945170186973451e-01
1219	-2.015926438601609e-01
1220	-3.157651396545533e-01
1221	3.872674543754207e-01
1222	1.030083281626475e+00
1223	3.654351122699832e-01
1224	-2.915342236349562e-03
1225	8.740023214447980e-02
1226	-6.084368016985562e-01
1227	-4.445287008594821e-01
1228	6.198317614783474e-01
1229	3.309089427240327e-01
1230	-7.588274809462774e-01
1231	1.627380630510261e-01
1232	-1.118491721590478e-01
1233	2.848095800469438e-02
1234	-7.640888435475273e-01
1235	2.075320091109988e-01
1236	-4.808982171506498e-01
1237	1.317669859679745e-01
1238	-6.600656039081516e-01
1239	8.950861600503825e-02
1240	-2.979861076582654e-01
1241	-2.881424142608385e-01
1242	-2.291676645464845e-01
1243	-2.551042307263813e-01
1244	4.592705061894753e-01
1245	3.294251669912630e-01
1246	8.567070286140408e-01
1247	-2.433443212707000e-01
1248	2.098452470427808e-01
1249	1.996395540858981e-01
1250	2.147805716050999e-02
1251	2.462227522118422e-02
1252	3.670617702492843e-01
1253	-3.502259295918731e-01
1254	-1.000944433190438e+00
1255	-4.109465423378001e-01
1256	-1.317883024674510e-01
1257	-3.072176973146595e-01
1258	7.076466004951022e-01
1259	3.406779170304470e-01
1260	1.481301727244730e-01
1261	-3.285565810474124e-01
1262	-1.011000815114752e+00
1263	-4.457789687503112e-01
1264	-6.593439952187179e-02
1265	5.786888899070239e-01
1266	1.060517389026579e+00
1267	-2.249639873057244e-01
1268	6.874247221717965e-01
1269	3.463190099678852e-01
1270	1.191878881533037e+00
1271	-1.033152475403799e-01
1272	1.661032590363106e-01
1273	-2.812509045091330e-01
1274	-2.589091725808426e-01
1275	-3.125774697253317e-01
1276	-8.132393914432572e-01
1277	2.995916391175996e-01
1278	1.214374003819165e-01
1279	4.214798031787691e-01
1280	-1.359265842773958e-01
1281	1.506040484175457e-01
1282	-7.920397435559212e-01
1283	-1.182292852015885e-02
1284	-6.739129243025765e-01
1285	-4.828637615336515e-01
1286	-9.144527076376791e-01
1287	-5.495165912276443e-01
1288	-3.116753252530191e-01
1289	9.164787960709833e-02
1290	-1.107091031360903e+00
1291	4.996390617524127e-02
1292	-6.888620632896232e-01
1293	-4.841544333157444e-01
1294	-7.533087053736689e-01
1295	2.016821929030171e-01
1296	4.712530710553928e-01
1297	4.395963389716763e-01
1298	9.638639311184362e-01
1299	-1.167497383627278e-01
1300	9.216278159272252e-02
1301	2.797143230213762e-01
1302	-5.281800674906848e-01
1303	3.131900799981115e-01
1304	9.878558825460419e-02
1305	1.224557716440910e-01
1306	-5.351349844144035e-01
1307	2.072133930884302e-01
1308	-1.973060932492424e-01
1309	6.823651225688330e-01
1310	1.244556165112243e+00
1311	7.337923933294387e-01
1312	1.458615989665560e-02
1313	-2.480487769606892e-01
1314	-1.508885448473598e-01
1315	-3.356881998082699e-01
1316	-8.016192485179019e-01
1317	-4.931802884487960e-01
1318	-8.618955701504351e-01
1319	-5.163970254421067e-02
1320	-2.315865532145008e-01
1321	1.602911005907280e-01
1322	-3.672045975628306e-01
1323	-1.491608265456674e-03
1324	4.833218401678659e-01
1325	-7.705249064998887e-02
1326	-8.578072973948653e-01
1327	1.360271025640159e-01
1328	-1.926870447613457e-01
1329	-5.588813748476910e-01
1330	-8.885867481291675e-01
1331	-1.368816326404528e-01
1332	-3.375557469315655e-03
1333	-1.235655903040066e-01
1334	1.074028529198730e+00
1335	7.897998184645576e-01
1336	9.998486360320176e-02
1337	-2.240238651882205e-01
1338	1.118543571007200e+00
1339	-2.298019413903663e-02
1340	-1.797175919594314e-01
1341	2.988454413805193e-01
1342	9.411339573209709e-01
1343	-1.503268518720623e-01
1344	-2.336225695015825e-01
1345	-4.356687383194875e-01
1346	-6.724955346484304e-01
1347	-4.659965475518643e-01
1348	2.939891855210611e-01
1349	-2.763401161956830e-01
1350	-9.562396503583573e-02
1351	-3.957014704625394e-01
1352	-1.350909682673943e-01
1353	2.169348121579859e-01
1354	-6.454396468760798e-01
1355	-4.547571370267835e-01
1356	-7.507302886698841e-01
1357	-2.196445718936575e-01
1358	6.997618377147978e-01
1359	7.297360105677286e-02
1360	6.913287991366361e-02
1361	3.194442157335750e-01
1362	4.482224632627169e-01
1363	-3.403376102831783e-01
1364	-9.373166699638319e-01
1365	-4.368323153101520e-01
1366	-9.995757682145229e-01
1367	-6.269406091104013e-02
1368	-2.693547506900555e-01
1369	3.029101909331671e-02
1370	9.070393137824670e-01
1371	1.815967570529499e-02
1372	4.832158079982317e-01
1373	4.088397401080320e-01
1374	1.058186705779515e+00
1375	1.334907475749613e-01
1376	1.940590634010614e-01
1377	2.623471936292763e-01
1378	9.908047744445428e-01
1379	-1.274980180423311e-01
1380	4.271695645815337e-01
1381	7.315232758053897e-02
1382	-6.799788012992284e-01
1383	-3.440786637793027e-01
1384	-1.540094498729035e-01
1385	-3.038429607191517e-01
1386	-3.837778769731344e-01
1387	-4.141859160582065e-01
1388	3.179865361464282e-01
1389	-3.436635893184756e-01
1390	8.232088120165062e-01
1391	-3.650444112424103e-01
1392	-4.213973409165136e-01
1393	-2.582547450690538e-01
1394	6.819628742261659e-01
1395	3.902094960743514e-02
1396	3.849914036517198e-01
1397	-2.102802537552832e-01
1398	8.872404596546901e-01
1399	2.058575941378815e-01
1400	-2.409546695434250e-01
1401	-5.341518392892526e-01
1402	-9.991477539169623e-01
1403	-5.845113417375621e-01
1404	-3.376027059606414e-01
1405	-1.940703819949325e-01
1406	7.484105986658608e-01
1407	4.252250518602613e-01
1408	1.143369113323149e-01
1409	2.373549249363749e-01
1410	-8.625192392149827e-01
1411	-1.991569707633150e-01
1412	4.851625237194275e-01
1413	1.837203802802717e-01
1414	1.029934530577442e+00
1415	-4.150824307667329e-02
1416	-1.336097403533398e-01
1417	-3.994220533891000e-01
1418	-6.493058176670632e-01
1419	9.392929951079643e-02
1420	-5.351192296583255e-01
1421	1.514226929905675e-01
1422	1.200825320099944e-02
1423	3.272851721954588e-01
1424	2.596936136626766e-01
1425	3.877464882349863e-01
1426	1.086466100188969e+00
1427	4.600706429469001e-01
1428	6.804722203029421e-01
1429	2.446223588416039e-01
1430	-7.295852686603782e-01
1431	1.762472582208764e-01
1432	1.076989613714731e-01
1433	3.178258650500465e-01
1434	1.097571356450504e+00
1435	4.047792358683034e-01
1436	6.171418427636962e-01
1437	-1.779356661016321e-01
1438	-4.676813700672326e-01
1439	1.093204111901942e-01
1440	-1.004229573144087e-01
1441	-1.890165735632055e-01
1442	5.782116872875235e-01
1443	3.414028561371066e-01
1444	1.157654877643638e-01
1445	6.824574268712240e-02
1446	8.567563622245168e-01
1447	3.384499173873889e-01
1448	2.921759252456210e-01
1449	1.186310212006642e-01
1450	1.351351134541457e-01
1451	2.936660484055934e-01
1452	5.098110482144399e-03
1453	5.632510597851670e-02
1454	-6.347686649582327e-01
1455	1.864461729154729e-01
1456	-3.515143370833633e-01
1457	-3.180363238340218e-01
1458	-1.314355843707140e-01
1459	1.614361670867915e-01
1460	-3.547770495644083e-01
1461	-6.208224115795610e-02
1462	8.024401073811311e-01
1463	4.473839331622903e-01
1464	2.733367458133881e-02
1465	-4.397382369659799e-01
1466	-6.352715860996412e-01
1467	4.944971748666652e-02
1468	1.813160423011627e-01
1469	-2.280838421818163e-01
1470	-2.620691362922282e-01
1471	1.980786529927339e-01
1472	1.583714751929487e-01
1473	-1.168290422920629e-01
1474	7.330351081938888e-01
1475	-1.030290809499769e-02
1476	-1.887647150157939e-01
1477	-4.797788118738351e-01
1478	-7.453942092842060e-01
1479	1.831400091117760e-01
1480	-3.107601880995557e-01
1481	1.830968114917077e-01
1482	-4.783948815644677e-01
1483	2.568501657667137e-01
1484	-5.725559502538068e-01
1485	-8.834505950104941e-02
1486	-6.867812593963311e-01
1487	3.566243153870613e-02
1488	8.711265872828913e-02
1489	3.251014233983480e-01
1490	1.010691854886609e+00
1491	4.676976330098395e-01
1492	6.608999986370253e-01
1493	2.923849792899414e-01
1494	1.417092726618493e-01
1495	4.591058265385388e-01
1496	1.176318924168710e-01
1497	-1.616390309815400e-01
1498	9.354515563552106e-01
1499	3.463489990117348e-01
1500	1.543607018488798e-01
1501	-3.639152616191682e-01
1502	-7.432263620628625e-01
1503	-1.596010825116010e-01
1504	-1.254755449498279e-01
1505	3.702072678838976e-01
1506	5.767196417285274e-01
1507	-3.537049492079701e-01
1508	-7.653568979582857e-01
1509	-1.430871667423967e-01
1510	7.086040891408580e-01
1511	1.259633203736612e-01
1512	-3.176303528348045e-01
1513	-4.559636312802187e-01
1514	-7.819409850102973e-01
1515	2.281686570876128e-01
1516	2.846731360294389e-01
1517	-3.527569738138720e-01
1518	-1.160771566417773e+00
1519	-2.047892997111686e-01
1520	-3.433304107792232e-01
1521	-5.551949459184762e-01
1522	-7.524476697935806e-01
1523	4.921341350407714e-04
1524	-6.827521784077984e-01
1525	5.284398336696974e-02
1526	6.253863425499177e-01
1527	-1.749791994285200e-01
1528	-2.523278078140577e-02
1529	-1.700309575655692e-01
1530	2.518940683942780e-01
1531	2.325575980262036e-01
1532	6.032788279293146e-01
1533	3.768560877099271e-01
1534	8.881269070430035e-01
1535	-7.884118628292688e-02
1536	-7.461138655633677e-02
1537	-4.862154486623110e-01
1538	-7.752650408739248e-01
1539	-2.404910084262775e-01
1540	2.183561065336249e-01
1541	-2.390217681026922e-01
1542	8.508883126610111e-01
1543	2.634862224434607e-01
1544	2.505016986194615e-02
1545	2.239194134737994e-01
1546	-5.557410743296926e-01
1547	2.766429222509447e-01
1548	2.809978332649827e-01
1549	2.550151454478960e-01
1550	9.816657112109059e-02
1551	4.096802136422958e-01
1552	1.055278016109806e-01
1553	1.123338623021210e-01
1554	-7.324948792415589e-01
1555	-4.413862552411434e-01
1556	3.744203565341749e-01
1557	1.674071994915594e-01
1558	8.632420640626085e-01
1559	3.109602024144381e-01
1560	-3.048763654870002e-02
1561	-9.958442930117170e-02
1562	5.152524266549043e-01
1563	-3.805112346537400e-01
1564	-6.740654786131339e-01
1565	-3.094452954524999e-01
1566	-3.805134228885004e-01
1567	1.429832578442309e-01
1568	-1.460555274860772e-02
1569	-1.751657259057794e-01
1570	7.831722708308115e-01
1571	2.331657468955761e-01
1572	-6.160989403246742e-01
1573	-1.535210640134219e-01
1574	-6.242683725856029e-01
1575	-4.602611297332847e-02
1576	-1.867544769050941e-01
1577	-1.899812931577790e-01
1578	7.328533566664386e-01
1579	2.808358195826558e-01
1580	-2.065322839336188e-01
1581	6.360037456910009e-01
1582	9.557029993699693e-01
1583	4.246161105561921e-01
1584	3.733582523614034e-01
1585	-9.442140747204410e-02
1586	7.152980261486179e-01
1587	-4.518030131911308e-02
1588	2.126533516288117e-01
1589	-3.254486588522535e-01
1590	-9.783950199893255e-01
1591	-3.573239361154235e-01
1592	-3.416405848949874e-01
1593	-1.260223114798009e-01
1594	-6.126789819885109e-01
1595	1.873539504154664e-01
1596	6.455888779924305e-01
1597	3.988192462212878e-01
1598	8.965823080543369e-01
1599	4.734821968739487e-01
1600	2.383288127306443e-01
1601	3.243621103588522e-01
1602	2.024003319926718e-01
1603	-9.525376993073319e-02
1604	5.495961711245265e-01
1605	6.468807398735539e-01
1606	8.576788854622991e-01
1607	4.707548006112974e-01
1608	2.225549138438563e-01
1609	1.900206415335089e-01
1610	-1.153568383408005e+00
1611	-3.171132918223889e-02
1612	-4.120567775361103e-01
1613	3.641991047441543e-01
1614	8.394941195890318e-01
1615	2.963615531923126e-01
1616	-1.933172003033133e-02
1617	6.668676556725663e-02
1618	-5.635990324730973e-01
1619	5.345018856588784e-02
1620	-1.534808545720649e-01
1621	7.110343680571599e-02
1622	-5.004290938175828e-01
1623	-2.834234690372501e-01
1624	-1.424207475943248e-02
1625	1.378575316627605e-01
1626	6.623664198439523e-01
1627	2.240872831313810e-01
1628	-1.994955008818289e-01
1629	2.618700234367072e-01
1630	8.782783817014154e-01
1631	-1.422594463529483e-01
1632	2.342275544288453e-01
1633	4.125172659120410e-02
1634	9.553345055382235e-01
1635	6.797420195624875e-01
1636	8.739857302324905e-01
1637	2.895717241643198e-01
1638	2.927079125750546e-01
1639	-1.734522625454102e-01
1640	-8.073619253992653e-02
1641	-3.611768923955778e-01
1642	-6.315802054307439e-01
1643	-4.502098455791094e-01
1644	-7.274136524610537e-01
1645	-1.007528002033331e-01
1646	-7.250877766079117e-01
1647	-1.705040224388132e-01
1648	-3.856271897569881e-01
1649	-3.359672228642695e-01
1650	-4.321887382852511e-01
1651	-5.331719829333895e-01
1652	-9.049534876154399e-01
1653	-1.479474741822483e-01
1654	-8.855811504513573e-01
1655	-5.230769272948128e-01
1656	-3.644148331748716e-01
1657	-5.015418654130618e-02
1658	-6.493718047788474e-01
1659	2.016633649576360e-01
1660	-4.718813675896358e-01
1661	-1.110482402058800e-01
1662	6.278339829420505e-01
1663	2.920685119069156e-01
1664	7.571969363935785e-02
1665	2.715283094394330e-01
1666	1.225915641138970e-01
1667	4.094979749855718e-01
1668	-1.736499595917888e-01
1669	3.081784363623275e-01
1670	7.428187926957985e-01
1671	-1.606629457832766e-01
1672	6.317315687752507e-02
1673	-1.602817466195920e-01
1674	-6.405512106765809e-02
1675	-4.781063443528796e-02
1676	3.265597435161933e-01
1677	1.043770581035497e-02
1678	-5.171615603326717e-01
1679	-3.771211677146253e-01
1680	-2.530900521965313e-01
1681	-1.752139790836481e-01
1682	-2.872969985862454e-02
1683	-1.725008842400065e-01
1684	3.072470316112935e-01
1685	-2.583375754746438e-01
1686	6.495436648910364e-01
1687	-1.997630314104371e-01
1688	-9.454929652729434e-02
1689	-1.371302968244427e-01
1690	-1.540796770601522e-01
1691	-1.770335569094618e-01
1692	1.481209866716097e-02
1693	1.068242806207539e-01
1694	1.045203710367505e-01
1695	5.306860213114970e-01
1696	2.514735709783021e-01
1697	4.228107205473222e-01
1698	1.048709249323234e+00
1699	5.069786190955000e-01
1700	4.392306550611429e-01
1701	3.924662866863366e-01
1702	8.567617086583502e-01
1703	3.483604481078334e-02
1704	-1.199676722884979e-02
1705	3.818342638435977e-02
1706	-4.864401209402100e-01
1707	-2.615501208844143e-01
1708	-3.631860823768204e-01
1709	3.226264899724871e-02
1710	-5.572965017542966e-01
1711	-4.122679381416816e-01
1712	-4.325562659621989e-01
1713	-6.599908037851863e-01
1714	-8.175573820565873e-01
1715	-2.971994747162983e-01
1716	4.854592446227345e-02
1717	-5.183558426731624e-01
1718	-8.238131598374515e-01
1719	-9.290372340106015e-02
1720	1.026956111655812e-01
1721	2.281715252525379e-01
1722	-4.816602253493423e-01
1723	1.652513787428644e-01
1724	3.978309852420444e-01
1725	-1.274819163735984e-01
1726	-5.537089690263098e-01
1727	-4.359554358470543e-01
1728	1.458266125572667e-02
1729	2.409021079543631e-01
1730	1.001970971953076e+00
1731	-1.384925142225616e-01
1732	5.791800540119063e-01
1733	1.928288034206782e-01
1734	-5.380373420538594e-02
1735	-2.012233403481707e-01
1736	-5.854320229044053e-03
1737	1.916801731396916e-01
1738	7.892223616112987e-01
1739	1.821212756440955e-02
1740	8.643136127419225e-01
1741	4.404623443425921e-01
1742	8.349852179874671e-01
1743	4.376693582298488e-01
1744	1.274284204608201e-01
1745	-3.087335398955710e-03
1746	-3.055450632456874e-02
1747	2.789517734645223e-01
1748	-3.793403310685590e-01
1749	3.168017085378693e-01
1750	-2.625407249797788e-01
1751	-1.224792595513817e-01
1752	3.549485391204283e-02
1753	2.682657407719076e-02
1754	-4.417490200815036e-01
1755	-7.207457767026886e-02
1756	3.047674357790784e-01
1757	-1.493981631914281e-01
1758	8.816478729155353e-01
1759	1.837308008746683e-01
1760	1.662837547842800e-01
1761	-3.555131555050893e-01
1762	-6.935296909198709e-01
1763	-4.367708102779911e-01
1764	-2.384130694036306e-01
1765	-3.888040147044970e-01
1766	-5.979125145429103e-01
1767	2.504098609372488e-02
1768	-7.938492874484808e-02
1769	-2.766813844519698e-01
1770	-6.164969845066745e-01
1771	2.280065695527343e-01
1772	1.858625951537759e-01
1773	3.562516062736261e-02
1774	-4.523807230019584e-01
1775	-6.611215434677867e-02
1776	1.455047851321053e-01
1777	3.069459119521250e-01
1778	8.161704418939921e-01
1779	-6.232326377522585e-02
1780	-4.476121542088093e-01
1781	-1.608658363276576e-01
1782	-8.780871485334467e-02
1783	2.412722239647634e-01
1784	1.317289142714027e-01
1785	-3.616974229478355e-02
1786	7.188083716443300e-01
1787	3.513003707228212e-01
1788	-2.887913482227178e-01
1789	2.810926138874558e-01
1790	6.408127781533776e-01
1791	4.222821612643737e-02
1792	-1.348953224594980e-01
1793	-3.088201944047623e-01
1794	-7.646648185915369e-01
1795	-3.138476244854981e-01
1796	4.197798072474419e-01
1797	-1.828000772113212e-01
1798	7.007138467826439e-01
1799	-1.300074917456241e-01
1800	-1.353998057718782e-01
1801	1.932486200986941e-01
1802	4.422787742483418e-01
1803	-2.063950546385478e-01
1804	-6.297316172862374e-01
1805	-1.554943434657099e-01
1806	-1.020958690138616e+00
1807	-2.980579133632041e-01
1808	-9.710703330168917e-02
1809	8.440084645083602e-02
1810	6.626755312091072e-01
1811	3.084219530993875e-01
1812	-3.180316596051153e-01
1813	-5.868728240339693e-02
1814	-5.501534692244971e-01
1815	-7.131246082454819e-02
1816	-2.393412660334053e-01
1817	-3.396352846879245e-01
1818	-4.594613265527652e-01
1819	-4.885515161531033e-01
1820	-2.434150093071468e-01
1821	-4.553280984771168e-01
1822	-5.607858604229395e-01
1823	1.364289829759431e-02
1824	1.824680121081687e-01
1825	8.758589114672222e-02
1826	8.293133080489091e-01
1827	3.290658194235078e-01
1828	6.387191529635805e-01
1829	4.220618063206502e-02
1830	-4.458235939483848e-01
1831	3.204287429083019e-01
1832	2.508922035799267e-01
1833	4.513513086527385e-01
1834	5.859540042425712e-01
1835	-1.897077099364838e-01
1836	-3.986216032549350e-01
1837	-4.247252878335890e-01
1838	-7.719849136914086e-01
1839	-3.512223492355861e-01
1840	-1.569456045984084e-01
1841	-3.279402761554862e-01
1842	4.024149055994040e-01
1843	-1.662937230203095e-01
1844	5.182886768684588e-01
1845	2.727543381334927e-01
1846	1.001999026601882e+00
1847	4.997825384044131e-01
1848	4.348760195004504e-01
1849	1.478271432175096e-01
1850	6.207903160951838e-02
1851	-2.431264032817127e-01
1852	3.003264780278877e-01
1853	-1.643284263880306e-01
1854	-1.209112158606224e-01
1855	2.756462235301109e-01
1856	-1.492119507819148e-02
1857	-2.822524952920847e-01
1858	-5.035715908958357e-01
1859	-8.795221535833296e-02
1860	3.554117405360356e-01
1861	1.063225088337928e-01
1862	-3.951823557692469e-02
1863	6.408853006065157e-02
1864	6.040570792495222e-02
1865	-8.997645594749342e-04
1866	9.591483397640682e-01
1867	2.940977730693965e-01
1868	4.164758993686643e-01
1869	2.461752778093203e-01
1870	-6.491206301570784e-01
1871	2.679285677944005e-02
1872	7.755856092694331e-02
1873	4.520097948068766e-02
1874	-4.421929024220670e-01
1875	-2.031002767816524e-02
1876	-3.155231954627679e-01
1877	1.253321183280144e-01
1878	6.228817899534108e-01
1879	1.348329725412074e-01
1880	-9.502555034528758e-02
1881	-1.119191704727044e-01
1882	-6.597775094644394e-01
1883	-2.472221967263091e-01
1884	-2.659461632181209e-01
1885	4.816867884089123e-01
1886	8.555775055209665e-01
1887	5.346410504246620e-01
1888	2.368576162263606e-01
1889	1.412612373004325e-01
1890	-3.835822531135949e-01
1891	-3.004289881066247e-01
1892	-7.652129066247666e-01
1893	-6.927447927302569e-01
1894	-8.314460885684883e-01
1895	-4.492624530725674e-01
1896	-3.747915477651870e-01
1897	-2.198275861547769e-01
1898	4.131191797427194e-01
1899	1.254319378248847e-01
1900	6.470549763747818e-02
1901	1.852256397897887e-01
1902	8.187514900461329e-01
1903	-1.443572790567725e-01
1904	3.314162318999716e-02
1905	3.477976387872118e-01
1906	-4.003423097645858e-01
1907	-2.540762888196793e-02
1908	-7.174270227803338e-02
1909	-2.237249720652990e-01
1910	4.526495573773723e-01
1911	5.254497191321721e-02
1912	1.334249190525068e-01
1913	2.157623571181173e-02
1914	-8.907998381876024e-01
1915	-2.608682574643683e-01
1916	3.429380764089625e-01
1917	6.729481080421586e-02
1918	5.769131959007383e-01
1919	-2.443983608422894e-01
1920	-2.794269040689208e-01
1921	-2.759610893443882e-01
1922	-2.377885284438724e-01
1923	-3.078855185667535e-01
1924	-4.689956372227349e-01
1925	6.307627548589755e-02
1926	-2.661313455359545e-01
1927	-2.058105066463633e-01
1928	7.097368267445585e-02
1929	-1.307349411314851e-01
1930	7.042889723223624e-01
1931	1.930376579790812e-01
1932	2.662205934872855e-01
1933	-5.691123633895477e-02
1934	-6.069991712708072e-01
1935	-3.659964439645216e-01
1936	-3.295477441677467e-01
1937	-3.912165113431927e-01
1938	-1.067708742657659e+00
1939	-4.188023676648523e-01
1940	-7.238608468074039e-01
1941	-4.309625438010855e-01
1942	-7.703817904299515e-01
1943	-3.767074004916301e-01
1944	-1.388847119189227e-01
1945	-2.297382058548353e-01
1946	7.474660142513773e-01
1947	4.585985990304557e-01
1948	6.469129081165080e-01
1949	2.933132503289157e-01
1950	1.773623930773650e-01
1951	3.612095364153892e-02
1952	-7.688919304582238e-02
1953	-4.332191284874812e-02
1954	-3.880798188916679e-01
1955	3.332735781006308e-01
1956	-3.434730354875284e-01
1957	1.660694352460535e-01
1958	6.730738903364192e-01
1959	-2.797097791008959e-02
1960	2.162006394792124e-01
1961	4.071339501760420e-03
1962	3.681733114774056e-02
1963	-1.370087712005556e-01
1964	4.134821149737703e-01
1965	3.890565624222954e-01
1966	-1.606943433185732e-01
1967	-1.914931072642372e-01
1968	1.452185747918955e-01
1969	-2.028593935484715e-02
1970	5.843729185401251e-01
1971	9.707937444469361e-02
1972	-2.980109940428798e-01
1973	1.431312327622710e-01
1974	-6.086737421029812e-01
1975	1.408950690388390e-01
1976	1.924775892087017e-01
1977	-4.533227923106758e-02
1978	7.613931118902219e-01
1979	3.022282631955802e-01
1980	1.464814910221978e-02
1981	-2.040692729532507e-01
1982	-4.152981453705480e-01
1983	-1.917025565865401e-01
1984	1.029299009824059e-01
1985	-4.703123441054483e-02
1986	6.988774157673384e-01
1987	1.776546512543418e-01
1988	-4.030042631684505e-01
1989	-6.804359215454532e-03
1990	4.323082430845946e-01
1991	-1.495094505306430e-01
1992	-2.405011676395220e-02
1993	-9.179646675079776e-03
1994	-3.763151544401818e-01
1995	-3.217716397748991e-01
1996	3.001625875257199e-01
1997	1.650289913537370e-01
1998	1.057519117611838e-01
1999	2.134244603753398e-01
2000	1.393427686883166e-01
2001	2.913409926093326e-01
2002	-4.784171865556218e-01
2003	1.882824942091963e-01
2004	-1.661939795625903e-01
2005	-2.221693184825388e-02
2006	5.868696524050548e-01
2007	3.220702609015085e-01
2008	2.498080295456123e-01
2009	1.793805219501947e-01
2010	-1.842421074019812e-01
2011	3.348522457386467e-01
2012	6.645837250670394e-01
2013	6.128646740764453e-01
2014	7.980178103357243e-01
2015	3.111931324980487e-01
2016	1.181997211747312e-01
2017	-1.857483808165180e-02
2018	-5.125665120664923e-01
2019	-2.564145423222203e-01
2020	-5.967803436294925e-01
2021	-1.861695657652457e-01
2022	3.377897256696700e-01
2023	-5.187489593801967e-02
2024	-1.767911802436103e-01
2025	-1.452799445883654e-01
2026	-5.349918653674074e-01
2027	-1.400602235332817e-02
2028	-1.356234854662633e-01
2029	6.049831512850173e-02
2030	-6.973974653184651e-01
2031	-2.189932125861244e-01
2032	1.521783780014042e-02
2033	-1.205875544732894e-01
2034	1.227864405701056e-01
2035	1.878165415040376e-01
2036	4.100438497019082e-01
2037	1.140014791966796e-01
2038	-3.888532853711344e-01
2039	-1.007860345008572e-01
2040	-4.421653021818773e-01
2041	-4.483777508602670e-01
2042	-8.125658431361416e-01
2043	-4.266268689755710e-01
2044	-8.982132792125959e-01
2045	-6.135901874762490e-01
2046	-1.458713123904841e+00
2047	-4.725494735344882e-01
2048	-2.761521489087549e-01
2049	-3.724122919393976e-01
2050	-1.698378877218373e-01
2051	-1.486591462771025e-01
2052	1.859438243329398e-01
2053	2.963234977918350e-01
2054	7.669849785089763e-01
2055	5.500702252102323e-01
2056	2.778651301820919e-01
2057	1.238853209667635e-01
2058	9.662104001053415e-02
2059	-2.075669584723640e-01
2060	-5.402045259522261e-01
2061	-9.712458818941622e-02
2062	-6.038850631385382e-01
2063	-7.155637828346709e-02
2064	-2.621248865003242e-01
2065	1.023912468639691e-01
2066	-5.308175005330864e-01
2067	3.051704270154890e-01
2068	-5.545279930098648e-01
2069	4.312932142275726e-02
2070	-3.109618991673602e-01
2071	-2.815450276262025e-01
2072	-3.023281004482917e-01
2073	-2.582248997441852e-01
2074	4.039737034908974e-01
2075	4.507412121018561e-02
2076	-6.462741710884999e-01
2077	-3.089357563895973e-01
2078	-6.101063752535394e-01
2079	-8.643637989519103e-02
2080	1.373730590685045e-01
2081	2.665352288855810e-01
2082	9.835440639156423e-01
2083	4.689203240083545e-01
2084	7.774063564740989e-01
2085	6.966715734838750e-01
2086	9.350940769539671e-01
2087	3.823979742024943e-01
2088	3.300423836193817e-01
2089	1.831204888425169e-01
2090	-3.118859384160133e-01
2091	3.236549099762367e-01
2092	4.413920132624182e-01
2093	3.098372536848654e-01
2094	6.364230641453641e-01
2095	-2.680183826461547e-01
2096	-2.205665925667112e-01
2097	-1.220608749988929e-01
2098	-5.530937263520633e-01
2099	-7.728143294337481e-02
2100	-2.375004748820679e-01
2101	-3.454388926432231e-01
2102	-6.774888357506242e-01
2103	-4.355770236386426e-01
2104	-2.328675463673386e-01
2105	-1.885689015110544e-01
2106	-5.938917454307035e-02
2107	8.704495577603796e-02
2108	-1.332169128561016e-01
2109	2.955748165213690e-01
2110	6.760631648442911e-01
2111	2.845975651418476e-01
2112	1.651623218667971e-01
2113	2.944871105425442e-01
2114	8.386493625709236e-01
2115	2.100796423374176e-01
2116	4.111523240341090e-02
2117	-6.480260571636533e-02
2118	5.650171608123680e-01
2119	-2.077779587857454e-01
2120	-8.368588842655332e-02
2121	1.407284722204070e-01
2122	-7.962425650341595e-01
2123	-5.668039349747480e-01
2124	-5.171785304218163e-01
2125	-4.275340914132869e-01
2126	-7.111543235571113e-01
2127	-4.905545838378517e-01
2128	-3.727467278726804e-01
2129	4.915025505157748e-02
2130	-6.175850564506795e-01
2131	2.480335154672440e-01
2132	-1.684618022781329e-01
2133	1.734644484123244e-01
2134	4.804707039205071e-01
2135	4.038123784458381e-01
2136	9.126215257636353e-02
2137	1.984965092523227e-01
2138	-2.908671526181176e-01
2139	2.401338439256663e-01
2140	-2.101272584052520e-01
2141	2.945512568398004e-01
2142	2.959741811335196e-01
2143	2.198709402985093e-01
2144	2.092644844815963e-01
2145	-1.084839031101221e-01
2146	6.370961520044531e-01
2147	-5.050107987886584e-03
2148	-3.005734368417607e-01
2149	-3.167087495814938e-02
2150	-6.621525249963546e-02
2151	1.612452725119598e-01
2152	5.929252176541412e-02
2153	1.526412689524340e-01
2154	7.567914500594370e-01
2155	-1.195696436060137e-01
2156	2.434947731184428e-01
2157	3.601767006969567e-02
2158	7.263602842548983e-01
2159	1.180989616708342e-01
2160	6.078574539668254e-01
2161	3.647339787285063e-01
2162	1.047306159704362e+00
2163	3.585597052521349e-01
2164	5.762710225805242e-01
2165	-1.901806382481490e-01
2166	1.065078770659016e-01
2167	-2.154470380419479e-01
2168	-1.712296851302308e-01
2169	-9.412369780316780e-02
2170	-7.393688265160943e-01
2171	-3.237682383484605e-01
2172	-5.923471492180399e-01
2173	-3.817444306539693e-01
2174	-6.370508450344317e-01
2175	-2.603949178064464e-01
2176	-2.334480148657742e-01
2177	-2.728357661167308e-01
2178	-2.664756093749504e-01
2179	8.308061296903009e-02
2180	-4.411088313458192e-01
2181	-3.999440300048691e-01
2182	-6.242747600057902e-01
2183	-2.807401260468673e-01
2184	-3.954294726725684e-02
2185	2.390867045424214e-01
2186	-2.596588760236075e-01
2187	4.726093086358260e-02
2188	3.068392248845644e-01
2189	-4.990909749463464e-02
2190	-3.291044399652763e-01
2191	-9.838556337947250e-02
2192	4.847739901495707e-02
2193	1.784058155841127e-01
2194	-2.956702870798608e-01
2195	-1.236183962356336e-01
2196	3.136320320040122e-01
2197	2.218528898080216e-01
2198	7.726583188144468e-01
2199	5.305272970106472e-02
2200	3.078672608427364e-02
2201	-1.205028379980031e-01
2202	3.958946522026671e-01
2203	4.475018445049962e-02
2204	-5.068983198214863e-01
2205	-1.551630216792494e-01
2206	-5.649696955662346e-01
2207	1.441484039766662e-02
2208	-7.047539933915725e-02
2209	-1.303282931570015e-02
2210	-7.512177418730113e-01
2211	1.900202767439007e-01
2212	-4.417539163240116e-01
2213	1.844045181807003e-01
2214	-9.033731319778063e-02
2215	-1.126383257424585e-01
2216	-8.144256298639857e-02
2217	-2.781885958080256e-01
2218	-3.960890425524799e-01
2219	-2.763204824853220e-01
2220	3.605412246136317e-01
2221	2.229480073920778e-01
2222	6.291758882660072e-01
2223	-2.633775500615161e-02
2224	-4.332293074797201e-02
2225	-1.725860588528275e-02
2226	-8.712017258820889e-01
2227	-2.887904154528556e-01
2228	2.160356562051542e-02
2229	-3.891828271918702e-01
2230	4.269510470724845e-01
2231	-2.202757451002592e-01
2232	-8.935608803757082e-02
2233	5.033304401140173e-02
2234	-4.581859306128935e-01
2235	2.494115682195221e-01
2236	-3.854876551405258e-01
2237	1.260701243955432e-01
2238	6.706698035798788e-01
2239	2.829947529733179e-01
2240	1.481293564897837e-01
2241	1.992438675701013e-01
2242	6.775150547012715e-01
2243	3.037773979755300e-01
2244	6.758365345235023e-01
2245	-2.618478192648126e-01
2246	-3.937188062528969e-01
2247	1.124374957798701e-01
2248	-1.232080694154776e-01
2249	-1.995589355656548e-01
2250	3.283326418759298e-02
2251	9.570454248981204e-02
2252	3.211298334673194e-01
2253	-8.341208545968823e-02
2254	-1.285582789645118e-01
2255	1.277914546609433e-01
2256	-1.952561762058464e-01
2257	-4.117649979526993e-01
2258	-7.068268663485548e-01
2259	-2.995593039240718e-01
2260	-6.621678710540135e-01
2261	-6.186038740890285e-03
2262	-9.547710920048558e-01
2263	-2.276747515896545e-01
2264	-1.128246289132019e-01
2265	1.921591723423985e-01
2266	4.873163966508630e-01
2267	3.332848123449264e-01
2268	2.805436494613666e-01
2269	3.023711108197846e-01
2270	4.007458502671907e-01
2271	-1.301238358420861e-01
2272	-3.351272970420301e-03
2273	1.655502333510738e-01
2274	6.378782712999043e-01
2275	8.144619477310473e-02
2276	4.759134730761986e-01
2277	7.057355051784110e-02
2278	5.896615106893419e-01
2279	1.013796414983890e-02
2280	1.685893086537567e-01
2281	1.149454588811061e-01
2282	6.269309941487038e-01
2283	-1.571929705255044e-01
2284	3.363033714362900e-01
2285	-1.131441974134157e-01
2286	2.520451263493636e-02
2287	1.313996007774501e-01
2288	2.818682840031492e-02
2289	2.590281800162502e-01
2290	4.336856985713350e-01
2291	-5.730642100388594e-02
2292	-1.481709286287723e-01
2293	3.543681992654927e-01
2294	7.016192148851910e-01
2295	3.411967885709155e-01
2296	2.341398323154213e-01
2297	1.907672724413503e-01
2298	5.557463458189736e-01
2299	8.215405643626983e-02
2300	-1.066299295277699e-01
2301	6.711880679180292e-02
2302	-5.504674263460484e-01
2303	-2.105014766248498e-01
2304	-1.844635339695393e-01
2305	-2.907391000212862e-01
2306	-3.993760764856563e-01
2307	-2.829148800989545e-01
2308	3.267324266265195e-01
2309	1.272256336937117e-01
2310	6.646345653047927e-01
2311	1.930808578784926e-01
2312	2.090798061860895e-01
2313	1.960400796133371e-01
2314	4.541580385878664e-01
2315	-5.274884967014540e-02
2316	-4.641112370427404e-01
2317	-1.801418604872423e-01
2318	2.469096085667276e-01
2319	-2.464554765187648e-01
2320	-3.450334740280018e-01
2321	-3.756528072547105e-01
2322	-5.143525375627209e-01
2323	-3.819765886781807e-01
2324	-7.710567924632795e-01
2325	-3.699007571889357e-01
2326	-6.965919890016842e-01
2327	-3.697402193980422e-01
2328	-2.952230027544521e-01
2329	-2.185199290047569e-01
2330	3.595238635212892e-01
2331	4.561801745677130e-02
2332	-2.979695350737170e-01
2333	1.526235560940953e-01
2334	6.281015689841496e-01
2335	2.683859898028200e-02
2336	1.566539687860517e-01
2337	4.698228999588103e-01
2338	7.184664114217524e-01
2339	3.365247532612791e-01
2340	4.064579386994329e-01
2341	1.324140947878926e-01
2342	-2.793157112077209e-01
2343	1.423209658722143e-01
2344	-8.093486341976248e-02
2345	9.682695752077598e-02
2346	-5.715802448385792e-01
2347	2.953170166618918e-02
2348	3.222133619218394e-01
2349	-5.411696787033293e-02
2350	9.645856081925612e-02
2351	1.356016155038975e-01
2352	-1.159216708248197e-01
2353	-1.863534710649987e-01
2354	2.096081382098940e-01
2355	1.266266565277428e-01
2356	-2.597077052358240e-01
2357	1.461370423261223e-01
2358	-3.571500466538483e-01
2359	-2.045056706023640e-01
2360	-2.704852749750754e-01
2361	-4.128046934205444e-01
2362	-6.437540179631538e-01
2363	-3.514906421480621e-01
2364	-7.327843453452875e-01
2365	-6.870692778731394e-02
2366	-2.047808565407228e-01
2367	-3.487223602593421e-02
2368	-8.443701376970476e-02
2369	-1.921178059486523e-01
2370	-7.037813870941882e-01
2371	-2.711076714776699e-02
2372	1.206417683564363e-01
2373	6.612069182058392e-02
2374	-3.257222883938209e-01
2375	1.342966627432361e-02
2376	1.998564829317367e-01
2377	3.640438490828338e-01
2378	8.248514335378011e-01
2379	6.423117289755266e-01
2380	6.101751149874690e-01
2381	2.290714342894716e-01
2382	6.589810634197087e-01
2383	2.228851524904877e-01
2384	1.877989171930920e-02
2385	8.096464747936943e-02
2386	-2.804729302306188e-01
2387	1.663258465819637e-01
2388	-2.916313033657232e-01
2389	1.230169202273256e-01
2390	4.623893685482167e-01
2391	-4.376734555957140e-02
2392	2.065999552750483e-01
2393	1.304415166219164e-01
2394	8.887537868703005e-02
2395	-5.040335218009453e-02
2396	4.857655564362574e-01
2397	4.356815608240966e-01
2398	7.672822899525183e-01
2399	3.382503417858493e-01
2400	3.495016576887671e-01
2401	1.759829145649961e-02
2402	-1.713348997226506e-01
2403	9.213263510624684e-02
2404	3.460873730484994e-01
2405	2.834009355046348e-01
2406	6.078603985640877e-01
2407	-5.347336392835147e-02
2408	1.077955754337133e-01
2409	2.346144489734873e-01
2410	4.989912179820407e-01
2411	1.702258054851135e-01
2412	8.434619278899783e-02
2413	3.959387712107294e-02
2414	5.376450158250113e-01
2415	-1.376372865975943e-01
2416	1.602871126957613e-01
2417	1.315445573186131e-01
2418	-4.674245007240689e-01
2419	-1.809850150726359e-02
2420	2.206723013417532e-02
2421	1.542425351767078e-01
2422	6.408516092836265e-01
2423	2.315352861624082e-01
2424	1.032778032955096e-02
2425	-1.075306409311758e-01
2426	-3.730517365956978e-01
2427	-2.465689079834257e-01
2428	2.359780579425258e-01
2429	-1.178113554603109e-01
2430	-1.454262321536289e-01
2431	2.745064499533507e-01
2432	7.890149700952588e-02
2433	-1.484003235853463e-01
2434	-3.574237764862068e-01
2435	-1.200042091597825e-01
2436	4.703106782838749e-01
2437	2.970820976483129e-01
2438	5.228738864159195e-01
2439	1.289923661602806e-01
2440	2.532072357194732e-02
2441	1.177693531823063e-01
2442	-5.252254529247726e-01
2443	-8.088617503284115e-02
2444	-3.735835318082048e-01
2445	2.931329485783042e-01
2446	-3.823742322610377e-01
2447	-1.623488842212190e-02
2448	6.072969374316300e-02
2449	-1.183150297951310e-01
2450	-1.513190220290565e-02
2451	4.072077843445769e-01
2452	3.538441436201175e-01
2453	-1.727323562209564e-02
2454	6.522527448916263e-01
2455	-9.405643522050589e-02
2456	-9.525678187426342e-02
2457	1.009001331189857e-01
2458	-3.769138303839406e-01
2459	-2.677962208058282e-02
2460	2.183482487421136e-01
2461	-2.523890898245173e-01
2462	-3.825920458977717e-01
2463	-2.023265811305027e-01
2464	1.370405376965209e-01
2465	3.326968420760022e-01
2466	5.790630893189741e-02
2467	2.485989468050362e-01
2468	3.871978054920685e-01
2469	-2.349887227170423e-01
2470	-5.184179538533318e-01
2471	-2.383157316269190e-01
2472	-2.600376325849424e-01
2473	-8.521378927848643e-02
2474	-2.934362640151003e-01
2475	-1.683235027434324e-03
2476	3.116191022130186e-01
2477	1.301977578235340e-01
2478	-5.404943979980883e-01
2479	-1.972511009267112e-01
2480	-3.608337628477830e-02
2481	-2.718985717941230e-01
2482	3.201470944284584e-01
2483	-6.903067864154912e-02
2484	6.618493520602128e-02
2485	1.929250984268029e-01
2486	4.214123010480385e-01
2487	-2.634374713452584e-01
2488	-2.256069595798558e-01
2489	-3.772736246773585e-01
2490	-9.546569950936180e-01
2491	-3.353872724989857e-01
2492	-5.200690378050682e-01
2493	-1.371344842743454e-01
2494	2.681166397741875e-01
2495	-2.003279238952250e-01
2496	-2.551165751079946e-01
2497	-2.805366183351680e-01
2498	-4.324959659692698e-01
2499	-1.920833445452876e-01
2500	-1.215181179195288e-01
2501	-1.321257336740184e-01
2502	-1.187531909804770e-04
2503	1.999020038252919e-01
2504	2.222022926374700e-01
2505	3.949882396050632e-01
2506	5.117370925064781e-01
2507	-9.082984011206515e-03
2508	5.990320726098469e-01
2509	-1.621262398791471e-02
2510	5.781159677728799e-01
2511	1.366199807533771e-01
2512	1.304011880081484e-01
2513	-1.044325629765666e-01
2514	4.366060597621861e-01
2515	-1.920584879222389e-01
2516	-4.179184877314128e-01
2517	-2.090654311296338e-01
2518	-5.896361228323733e-01
2519	-3.448244595509268e-01
2520	-1.861941182692936e-01
2521	1.817709083617583e-01
2522	5.113746393696411e-01
2523	1.266045215308635e-01
2524	3.544896385310212e-01
2525	1.087896693067408e-01
2526	5.271098733283495e-01
2527	6.329697122323277e-02
2528	-1.123630855367497e-01
2529	-1.712636784943154e-02
2530	-7.636129706833074e-01
2531	-1.107812423213184e-03
2532	-3.504717572137169e-01
2533	-1.734946501799432e-03
2534	4.042015813413150e-01
2535	1.644722040805095e-02
2536	-3.171195975792367e-02
2537	8.654712305055757e-03
2538	-1.147476295474601e-01
2539	2.618607531581078e-01
2540	-1.934494368121416e-01
2541	3.757786536712986e-01
2542	5.560275477134484e-01
2543	3.554337483724762e-01
2544	2.072262113403356e-01
2545	4.926747020428747e-02
2546	4.497677509574139e-01
2547	1.581613465697061e-01
2548	3.190166499520469e-01
2549	1.966576694256336e-01
2550	3.975445652538357e-01
2551	2.039649632820483e-01
2552	2.642672268936053e-01
2553	1.606937233189736e-01
2554	-4.439690281994691e-01
2555	-1.358232032157524e-01
2556	-3.118827032001094e-01
2557	-1.706518683858190e-01
2558	-6.136648336666389e-01
2559	-4.184038924191410e-01
2560	-2.221385173702952e-01
2561	-2.849541464250518e-01
2562	-7.034994753435415e-01
2563	-2.764873034087859e-01
2564	7.123275748433885e-02
2565	-3.657541828404964e-01
2566	-3.861190856196353e-01
2567	-3.467760488451756e-01
2568	-2.479540260999687e-01
2569	-3.167938838108610e-01
2570	3.785329160866076e-01
2571	-3.064738718962674e-01
2572	1.593868847132827e-01
2573	-2.688333893588409e-01
2574	1.161647563890964e-01
2575	-1.196457173297705e-01
2576	-7.707979266189226e-02
2577	-3.705169134017494e-01
2578	-3.573706822323895e-01
2579	-1.276594199887206e-01
2580	3.313295952237825e-01
2581	-2.756850592374436e-01
2582	-3.265207206302610e-01
2583	-1.163224316422719e-01
2584	8.338681894514592e-02
2585	2.717281166820594e-01
2586	5.755933618848050e-01
2587	-7.697839994483964e-02
2588	2.385881509180271e-01
2589	-1.390551504287940e-01
2590	-4.526090358198330e-01
2591	1.042118229755177e-01
2592	2.022399077827288e-02
2593	9.587523541663186e-02
2594	-3.616459403994002e-01
2595	3.719288604635811e-01
2596	-4.626781481139116e-01
2597	6.627790337864038e-02
2598	3.420108399862075e-01
2599	-1.282681720586009e-01
2600	-2.306419319085169e-01
2601	-1.381596821100051e-01
2602	-4.857799039735805e-01
2603	-3.252314505336956e-01
2604	-2.885710266457366e-02
2605	-4.204118176677262e-01
2606	-4.621252412847318e-01
2607	1.518815207535507e-01
2608	-9.904964678801385e-02
2609	5.977395649335007e-02
2610	-5.202565865510739e-02
2611	-1.692908653012230e-01
2612	5.683390668141775e-02
2613	9.284775966236578e-02
2614	-3.557265126491364e-01
2615	-2.539269931941894e-01
2616	-2.712854024242266e-01
2617	-3.814211993989301e-02
2618	-8.872936692316105e-01
2619	-2.416475657170532e-01
2620	-6.840739052746594e-01
2621	-8.786259261050124e-02
2622	-8.880179716588722e-01
2623	-1.613493625810521e-01
2624	6.944014083023803e-03
2625	2.334796114806782e-02
2626	4.182678518730159e-01
2627	6.368896068252165e-04
2628	-2.491248411174317e-02
2629	-1.080909161687722e-01
2630	4.602305063010765e-01
2631	-7.461007201109517e-02
2632	1.894113450461190e-01
2633	2.423496591204609e-01
2634	7.542439889759857e-01
2635	3.160971659535641e-01
2636	3.778739937317545e-01
2637	6.804793922085139e-02
2638	-1.960102191616706e-01
2639	-1.564518212265208e-02
2640	-8.040074010278900e-02
2641	-3.921252618326839e-01
2642	-5.779588592319314e-01
2643	-4.489801314515009e-01
2644	-1.517914863848753e-02
2645	-9.182408372187464e-02
2646	-7.987792947487989e-02
2647	7.365168053226372e-02
2648	5.418917833621870e-02
2649	-1.359304099135879e-02
2650	-4.296424777481817e-02
2651	-1.225977408224505e-01
2652	1.389933533890433e-01
2653	-3.105778324472843e-01
2654	-3.662818996623219e-01
2655	-7.542561943239885e-02
2656	1.048416358961915e-01
2657	1.818586322600017e-01
2658	6.824686937001924e-01
2659	1.487086109867853e-01
2660	3.556792137162273e-01
2661	-6.873455393011337e-02
2662	1.455773615676358e-01
2663	1.417202523079465e-01
2664	4.958154789797841e-02
2665	3.124466380637850e-01
2666	4.115639412458109e-01
2667	2.953433716325339e-01
2668	-4.787444524235992e-01
2669	-1.482436590396869e-01
2670	-8.141069814026949e-01
2671	1.401255662034472e-01
2672	1.758932332136917e-01
2673	2.481226247692383e-01
2674	5.115890102760252e-01
2675	1.749063006938794e-01
2676	-3.626716725355870e-01
2677	2.175199022546302e-01
2678	3.350334989569772e-01
2679	2.690067228648187e-01
2680	-3.396645802684883e-02
2681	-5.162748029390683e-02
2682	-1.330231864031568e-01
2683	1.933110419005012e-01
2684	-1.606464167848373e-01
2685	3.995160171988726e-01
2686	5.150171502391075e-01
2687	3.152257174597125e-01
2688	3.737500473953832e-01
2689	2.835877442396984e-01
2690	6.484396863185131e-01
2691	1.730798561594581e-01
2692	5.420949779695255e-01
2693	2.950968160715119e-01
2694	8.340242645043056e-01
2695	3.716160607269484e-01
2696	3.756688016459006e-01
2697	6.197762524163887e-01
2698	6.680583975378317e-01
2699	3.270173703869023e-01
2700	2.409860559783528e-01
2701	6.114294071255460e-02
2702	6.128569164837144e-01
2703	1.610789870365257e-01
2704	-2.140080226284408e-02
2705	-2.176836783192767e-01
2706	-5.867544896901783e-01
2707	1.011364125474871e-01
2708	3.843679194355383e-01
2709	5.624984063777758e-02
2710	6.895402821224624e-01
2711	2.971961015085697e-01
2712	3.398069583929439e-01
2713	3.363635743165363e-01
2714	6.025223419346164e-01
2715	4.236282752083103e-01
2716	-4.779764738146858e-02
2717	3.206994552001209e-01
2718	2.493673023448672e-03
2719	1.801793145173222e-01
2720	3.756172006110593e-02
2721	-2.367003243091838e-01
2722	-4.293380686263760e-01
2723	-2.407443134131196e-01
2724	-2.900482165560953e-01
2725	1.485565291118393e-01
2726	5.570625479100704e-01
2727	1.834408881654919e-01
2728	1.826957422379686e-01
2729	3.542447480275714e-02
2730	4.525584395934403e-01
2731	6.642293447495018e-02
2732	3.255388628108136e-01
2733	-2.640896775803733e-01
2734	-1.763918971476691e-01
2735	-1.445367831535217e-01
2736	2.196273489086655e-01
2737	2.766695021086442e-01
2738	1.676110547319873e-01
2739	3.996970971588207e-01
2740	-1.876881217577074e-01
2741	1.584288965177963e-01
2742	3.715061680788703e-01
2743	-7.935944011334568e-02
2744	-1.201188856879977e-01
2745	5.596587361767483e-02
2746	-4.844239652358013e-01
2747	-1.948904160279676e-01
2748	-4.776743529400426e-01
2749	1.992585394808339e-02
2750	-4.866537043769695e-02
2751	2.037004219296248e-01
2752	6.709456050881214e-02
2753	1.428368134949038e-01
2754	-1.538528329144896e-01
2755	1.693470271736278e-01
2756	-2.898234169466419e-01
2757	-1.603740191445831e-01
2758	2.127455495004159e-01
2759	-2.176520136019225e-01
2760	-1.911725166445905e-01
2761	-3.666279360177873e-01
2762	-4.107911601997273e-01
2763	-1.716387533887634e-01
2764	1.406562700927900e-01
2765	2.232328355369893e-01
2766	6.546499899920544e-01
2767	2.195728041741847e-01
2768	2.141383614685898e-01
2769	4.079743126482280e-01
2770	5.740212377226328e-01
2771	4.153673602578673e-02
2772	4.984464850165060e-01
2773	1.187760011606580e-01
2774	5.908182746244686e-01
2775	3.530853989367984e-01
2776	3.252896689706427e-01
2777	2.313359264367368e-01
2778	6.123281841082079e-01
2779	-1.404406347104170e-03
2780	-1.586559516755543e-01
2781	2.391505929572227e-01
2782	5.036376937731250e-01
2783	1.394011714082543e-01
2784	2.057381770802317e-01
2785	-3.855934040576368e-02
2786	4.356323868524868e-01
2787	8.312358748565717e-03
2788	-8.292541628242751e-02
2789	2.027626591135305e-01
2790	2.083515967107876e-01
2791	2.516127809520644e-01
2792	3.004635991672723e-01
2793	1.902704831394381e-01
2794	5.538836505601260e-01
2795	3.224983144772450e-01
2796	-1.906791265562709e-01
2797	8.335518048758435e-02
2798	-2.251827918986859e-01
2799	1.234497835874292e-01
2800	1.451939238354270e-01
2801	2.282495413581380e-01
2802	7.852211202649181e-01
2803	2.331335098818705e-01
2804	5.396158981452498e-01
2805	-1.355259521629760e-01
2806	6.144153853675571e-01
2807	-3.458619368133032e-02
2808	-2.678066913076258e-02
2809	-1.062610055011120e-01
2810	2.083521528362925e-01
2811	-2.969676039722121e-01
2812	-5.242795690335845e-01
2813	-2.834770096262316e-01
2814	-8.187015845381004e-01
2815	-2.690999006288861e-01
2816	-3.179025946377999e-01
2817	-2.943388029074225e-01
2818	-4.239653076743176e-01
2819	-9.179250231597816e-02
2820	2.309504846891939e-01
2821	1.138843972439755e-01
2822	3.369476425671823e-01
2823	-1.223704362355215e-01
2824	3.328593447254041e-02
2825	6.555104234408228e-02
2826	-2.549544757376703e-01
2827	-1.137650420902326e-01
2828	-3.278404193556674e-01
2829	3.142619106909879e-01
2830	4.340319325891395e-01
2831	8.883824207588936e-02
2832	2.737409122279832e-01
2833	2.618393333620348e-01
2834	6.287338130778567e-01
2835	1.249713041694817e-01
2836	2.692185758048474e-01
2837	7.681212739997629e-03
2838	-5.341052406429845e-01
2839	-1.766041196537256e-01
2840	-1.457863743270699e-01
2841	-2.941044305775172e-01
2842	-2.789321622941392e-01
2843	-7.969325427168104e-02
2844	-2.701465796018746e-01
2845	-4.122905165781680e-01
2846	-5.522902135044478e-01
2847	-1.150331468106839e-01
2848	-3.609046556781484e-01
2849	-9.551098062046827e-02
2850	-3.749225411107746e-01
2851	-1.283174073505946e-01
2852	-6.118117458254481e-01
2853	-1.120141140634180e-01
2854	-5.833900996715282e-01
2855	-3.367601802079948e-01
2856	-2.197315200635485e-01
2857	-3.210741222267891e-02
2858	-3.072414668650569e-01
2859	-2.497058251219570e-01
2860	1.626558820099464e-01
2861	4.702339703393771e-02
2862	-1.649694296857122e-01
2863	-1.132431980111791e-01
2864	-1.632732446939647e-01
2865	4.869263613015525e-02
2866	-4.924847279448495e-01
2867	-3.522120155913057e-01
2868	-6.691891207088354e-01
2869	-2.602462750358356e-01
2870	-7.058581943139801e-01
2871	-2.029541442155844e-01
2872	-1.442662836348114e-01
2873	3.259112805932993e-02
2874	3.482146315192130e-01
2875	-1.614807703368258e-02
2876	1.333360681189034e-01
2877	1.219946482282621e-01
2878	-2.001723932907077e-01
2879	1.698361227991606e-02
2880	1.406313586965641e-01
2881	7.841102569151991e-02
2882	4.363933898080875e-01
2883	5.195395365923480e-02
2884	-2.154995922939429e-01
2885	-1.970651110709015e-01
2886	-5.831912701132989e-01
2887	5.305063928355428e-02
2888	-3.838742262084097e-02
2889	-2.694684711308478e-02
2890	-4.958393526469849e-02
2891	1.284566404991797e-03
2892	-3.658058624958668e-01
2893	-2.515717275530300e-01
2894	-5.190839772697279e-01
2895	-2.744418973856623e-02
2896	-2.372025914620778e-01
2897	-1.171400542828090e-01
2898	-2.730021970109552e-01
2899	-2.731050570839116e-01
2900	-2.231159734008862e-01
2901	-4.165872042339022e-01
2902	-5.292811934569772e-01
2903	-1.816179459614082e-01
2904	-2.717902455231538e-01
2905	1.773081744849104e-02
2906	-1.563975690367308e-01
2907	-3.097015851409908e-02
2908	3.137938881452370e-01
2909	1.487291938950653e-01
2910	-3.061123911754385e-01
2911	1.117771459681958e-01
2912	3.900190839719780e-01
2913	5.609875776226462e-02
2914	5.533479026164307e-01
2915	3.562850780651599e-01
2916	1.347862999264975e-01
2917	3.082600199839274e-03
2918	-2.752311051838510e-01
2919	5.915436327528366e-02
2920	-1.843353787307677e-01
2921	-2.551183434655651e-01
2922	5.953514939788421e-02
2923	-2.986528342050164e-01
2924	-5.450570891235701e-01
2925	-1.247645721646792e-01
2926	-6.868391321713563e-01
2927	-7.111893075714631e-02
2928	-1.550704972826375e-01
2929	-1.218978008778885e-01
2930	4.038713659442352e-01
2931	-1.742321452695452e-01
2932	2.383937735855611e-01
2933	-1.121766254572102e-01
2934	-1.249778395019630e-01
2935	-6.999096364534106e-02
2936	2.076150027409539e-01
2937	3.737683512369934e-01
2938	4.728074929691249e-01
2939	1.836232352081601e-01
2940	1.615724735907412e-01
2941	-2.025939401861479e-01
2942	-3.628823546999057e-01
2943	2.482545157077435e-02
2944	-7.738707562222649e-02
2945	1.417963091343786e-01
2946	4.359621981113456e-01
2947	1.031651012012312e-03
2948	-2.393236877233134e-01
2949	1.218684818802406e-01
2950	3.353948782891328e-02
2951	9.258142044700496e-02
2952	2.940961067139717e-01
2953	2.732947592178712e-01
2954	6.887909758308048e-01
2955	3.617697366233227e-01
2956	3.798536266295672e-01
2957	9.277806136720278e-02
2958	-4.579119897225100e-01
2959	-1.837319285008547e-01
2960	-3.601395793207438e-03
2961	-1.811180219307237e-01
2962	-3.321821831862828e-01
2963	-8.847398185247796e-02
2964	-9.545441211716565e-04
2965	-2.588519339336604e-01
2966	-2.975119878168475e-01
2967	1.884721812687470e-01
2968	1.342813926662121e-01
2969	1.483193151309075e-01
2970	9.870996954887128e-02
2971	7.571931516146668e-02
2972	2.470440684473451e-01
2973	-1.227188966670113e-01
2974	-2.271203791844600e-01
2975	-2.591726651635589e-01
2976	-2.150250013090988e-01
2977	-3.677157231910499e-01
2978	-5.723507172517115e-01
2979	-2.820008622473955e-01
2980	-7.466568088813198e-01
2981	-3.647224006834314e-01
2982	-9.360453202366286e-01
2983	-3.457088389864338e-01
2984	-4.242391833691713e-01
2985	-2.324143096143454e-01
2986	-5.939456467473749e-01
2987	-4.342541922003545e-01
2988	-4.020146759010910e-01
2989	-2.678870392623129e-01
2990	-7.968652650234367e-01
2991	-2.598439483412580e-01
2992	-1.656901800571797e-01
2993	-1.944102577068717e-01
2994	1.434220464112394e-01
2995	-3.063604353897871e-01
2996	-5.321059019417314e-01
2997	-1.723352757609820e-01
2998	-4.118248030567921e-01
2999	-2.415662947259998e-02
3000	8.806153446452959e-03
3001	1.777490955076798e-01
3002	5.501780478297238e-01
3003	-2.786248878079796e-02
3004	3.619450626293593e-01
3005	-8.486388738730222e-02
3006	2.651808166054423e-02
3007	-3.412035237687485e-02
3008	-1.347475790347314e-03
3009	1.079785480225656e-01
3010	-5.635098301743152e-01
3011	7.080935977067432e-02
3012	-7.678247915014083e-02
3013	6.115752078580361e-02
3014	5.524177839241305e-01
3015	2.539264628995768e-01
3016	3.720660134219786e-01
3017	1.419614281286369e-01
3018	5.602590205004392e-01
3019	2.489172579987219e-01
3020	-5.551698058905493e-02
3021	3.655343966967101e-01
3022	-3.685480890492165e-02
3023	1.238110440900244e-01
3024	2.836451416682279e-01
3025	2.224398167642817e-01
3026	5.482713199598772e-01
3027	1.513488948465865e-02
3028	3.521039252211498e-01
3029	-8.813344113394159e-02
3030	-5.100780677854948e-01
3031	-1.512460946541937e-01
3032	-1.905195084324790e-02
3033	5.271204950863211e-02
3034	4.388210499834249e-01
3035	7.738581489911942e-02
3036	5.421146874786291e-01
3037	1.872799239130468e-01
3038	1.623804139568067e-01
3039	1.478968785022951e-03
3040	3.576073327988829e-01
3041	1.410597596988024e-01
3042	2.895044001394079e-01
3043	-1.195198885935878e-02
3044	3.056166862243751e-01
3045	-1.150163813027756e-01
3046	-1.070209416877941e-01
3047	-8.543158380526190e-02
3048	2.168451962545078e-01
3049	2.496943498490927e-01
3050	1.955794601529531e-01
3051	4.526719635587581e-01
3052	6.201183132765573e-02
3053	1.688976419696151e-01
3054	5.680418259964021e-01
3055	3.694429762558881e-01
3056	2.227537397139873e-01
3057	2.064183643739087e-01
3058	5.565564043135629e-01
3059	4.374862683427664e-01
3060	-1.543296723430099e-02
3061	7.908258986789159e-02
3062	-2.168010465651228e-01
3063	-2.068469704408638e-01
3064	-1.068717774494848e-01
3065	-3.076794886399463e-03
3066	-4.930753132016822e-01
3067	1.350228560004900e-01
3068	-2.372921867988592e-01
3069	-5.195675793077440e-02
3070	3.455400593593917e-01
3071	4.228208425339099e-02
3072	1.533557496077431e-01
3073	6.754653268086919e-02
3074	5.885914041742927e-01
3075	1.952242389903216e-01
3076	5.027763838647209e-01
3077	1.123773040562186e-01
3078	3.593184488112917e-01
3079	2.193279262342724e-01
3080	3.598257108723250e-01
3081	3.892474388305787e-01
3082	5.370226431680629e-01
3083	2.792140676056917e-01
3084	-1.232654969202946e-01
3085	-1.340528676712650e-01
3086	-3.161191348737069e-01
3087	-8.077496113882246e-02
3088	-7.398511749039575e-02
3089	2.669410215930378e-02
3090	-5.559565453483555e-01
3091	-1.611052122362639e-01
3092	6.961199284047766e-02
3093	-4.069743199410162e-01
3094	-7.466668564428348e-01
3095	-5.188358687693380e-01
3096	-7.810786540066051e-01
3097	-5.375889414859233e-01
3098	-6.790717530494289e-01
3099	-6.974839089481245e-01
3100	-4.497361940408867e-01
3101	-4.819997329615254e-01
3102	-1.009404110144024e+00
3103	-3.807813613623150e-01
3104	-3.164296769136344e-01
3105	-3.248137370820947e-01
3106	-2.735279405895355e-01
3107	-1.400682724036550e-01
3108	3.608443166066208e-01
3109	1.003202628696509e-01
3110	5.767330720067240e-01
3111	2.761376581478606e-01
3112	1.100378612765782e-01
3113	1.003005261969623e-02
3114	-6.851097387710481e-02
3115	2.938396499121662e-01
3116	-3.374564243143344e-01
3117	-2.212780452137069e-01
3118	-2.652684896371484e-01
3119	1.060311828235947e-01
3120	4.816569773620464e-01
3121	3.603488105983752e-01
3122	5.941536670745865e-01
3123	3.597083097233157e-01
3124	-4.919518425324581e-02
3125	1.130981537915800e-01
3126	5.084257333563152e-01
3127	-9.881724480086028e-02
3128	2.185317354745584e-02
3129	2.144911890878225e-01
3130	3.435755399345520e-01
3131	-1.184888351863837e-01
3132	1.097640725715526e-01
3133	-1.880951242677041e-01
3134	-2.609996511692403e-01
3135	-1.435532588637718e-01
3136	-7.285072890152197e-02
3137	2.172735736772864e-02
3138	2.679419332768434e-01
3139	-1.634305032576291e-01
3140	-4.980714044325149e-01
3141	-1.172319044313927e-01
3142	-4.229570491726873e-01
3143	-2.801615193618055e-01
3144	-1.370768187661862e-01
3145	6.015335261692292e-02
3146	8.386614245422013e-03
3147	-1.849510931868632e-01
3148	1.521294871695074e-01
3149	-2.206647464104172e-01
3150	-2.190823650394973e-01
3151	-2.020898596401677e-01
3152	-1.727491288777492e-02
3153	-1.899226153874276e-01
3154	2.225980685524931e-01
3155	-1.991615674075353e-01
3156	-4.329857976359021e-01
3157	-2.435615988582089e-02
3158	-3.819662964372751e-01
3159	-1.302890500786925e-01
3160	-3.962666199074141e-01
3161	-2.807193398658684e-01
3162	-7.670471439779285e-01
3163	-8.909920689013968e-02
3164	-4.354727166338195e-01
3165	1.804090334332016e-01
3166	-3.259487012849673e-01
3167	2.032166269336008e-03
3168	1.785960920875002e-03
3169	1.528540495760460e-01
3170	4.330912879543609e-01
3171	3.205233079942088e-01
3172	-1.375822329861226e-01
3173	-6.229525328773019e-02
3174	4.296819817299037e-02
3175	1.170814755382960e-01
3176	1.158853042745303e-01
3177	1.797843859105714e-01
3178	4.595170008805826e-01
3179	2.032677604431225e-01
3180	6.921213816351667e-01
3181	3.182020063322524e-01
3182	6.030374559497127e-01
3183	7.367989630377765e-02
3184	3.432194518164201e-01
3185	1.411188486945044e-01
3186	4.309400049040575e-02
3187	1.418046163809419e-01
3188	2.064504562564886e-01
3189	-2.097210527536251e-01
3190	-4.681674218039970e-01
3191	-4.462847316519010e-02
3192	-3.731870685578415e-01
3193	-2.010984231028319e-01
3194	-4.572713197268437e-01
3195	-2.675428507226483e-01
3196	-4.134087670424814e-01
3197	-1.483104057788195e-01
3198	-6.711925143153945e-01
3199	-2.022299340501943e-01
3200	-2.056907798567782e-01
3201	6.364865606207996e-02
3202	-3.025516736866316e-01
3203	-4.477128111645187e-03
3204	-1.343991991194505e-01
3205	-5.723144261161006e-02
3206	3.389707509370893e-01
3207	-1.106016567914657e-02
3208	9.737778260865576e-03
3209	6.500991699669173e-02
3210	-7.536924144007431e-01
3211	-9.500543449108836e-02
3212	-5.005019782336161e-01
3213	-1.570673872673285e-01
3214	-5.556920863240716e-01
3215	-3.959017144065073e-01
3216	-3.329800764748344e-01
3217	-1.361575667559864e-01
3218	-3.328914851111235e-01
3219	-2.507041657426609e-03
3220	2.178867863725838e-01
3221	-2.123556470160884e-02
3222	-5.981432481314563e-02
3223	-1.897684962093975e-01
3224	-2.206885698437289e-01
3225	-2.733106403932464e-01
3226	-4.692033483873164e-01
3227	-2.318813570412950e-01
3228	-4.757028624308882e-01
3229	-8.446316511846100e-02
3230	-5.685849951948230e-01
3231	-6.798365982302305e-02
3232	-2.782155017769901e-01
3233	-3.644968328971867e-01
3234	-2.946763063688396e-01
3235	-3.808177466837842e-01
3236	-2.853384326268008e-02
3237	2.263313589775331e-04
3238	-3.298608820439823e-01
3239	-2.529662735507179e-01
3240	9.222581182480180e-02
3241	-3.731041634480169e-01
3242	-3.255560036711680e-01
3243	1.900805902478818e-01
3244	1.155703224825214e-01
3245	1.450086503380684e-01
3246	5.071405668269388e-01
3247	-7.457066074377650e-02
3248	-2.485542381875394e-02
3249	1.076720902344560e-01
3250	-3.387727094038114e-02
3251	8.350111855675413e-02
3252	-2.546637381420423e-01
3253	5.091630226684237e-02
3254	-1.573166300149323e-01
3255	-1.074569450604574e-01
3256	-9.268564156912992e-02
3257	1.010679725165906e-01
3258	-1.470688720176415e-01
3259	1.209241276863584e-01
3260	-2.945956151059118e-01
3261	-4.631763520147050e-02
3262	2.833904327034115e-01
3263	-1.011871931446309e-01
3264	-1.608980846223490e-01
3265	-1.616668840707464e-01
3266	4.180194644735553e-02
3267	-1.541405360774648e-01
3268	-4.928180100842353e-01
3269	-2.569891313392015e-01
3270	-8.783502900710083e-01
3271	-8.668201050754175e-02
3272	-2.685075376928462e-01
3273	-2.640882827050174e-01
3274	-3.900044878223018e-01
3275	-8.597129473437287e-02
3276	-7.427422770308553e-02
3277	-1.053488259235383e-01
3278	1.728457415022113e-01
3279	-1.303455615824393e-01
3280	-8.731395802747569e-03
3281	-1.500557451450754e-01
3282	3.203398398965862e-01
3283	5.181060491350467e-02
3284	3.283611617456595e-01
3285	1.632983435028096e-01
3286	4.961748519103563e-01
3287	1.892624759071709e-02
3288	1.729251793932103e-01
3289	1.753379218622598e-01
3290	-2.864362276601634e-01
3291	-1.219743301441392e-01
3292	1.887446718599819e-01
3293	-1.052454246024219e-01
3294	6.027029190828488e-02
3295	-1.408490540240986e-01
3296	1.825731575985498e-01
3297	3.185413008429541e-01
3298	5.084478486401052e-01
3299	3.542822191347153e-01
3300	5.449339302276465e-01
3301	3.733691240353761e-01
3302	7.543131197563336e-01
3303	2.670291716923934e-01
3304	3.194933604554384e-01
3305	3.688249939372045e-02
3306	-1.500720453810825e-01
3307	1.041925213266492e-01
3308	3.976844498279099e-01
3309	-8.117132157007725e-02
3310	6.215722166678138e-01
3311	1.552080878741569e-01
3312	3.513624325698635e-02
3313	-6.289077110273381e-02
3314	-1.655014778799443e-01
3315	-4.684364992982178e-01
3316	9.071860597912271e-02
3317	-1.640626713567465e-01
3318	-6.408470610717834e-01
3319	-4.186765084035845e-03
3320	3.058565034768865e-02
3321	7.356171971905243e-02
3322	3.806217946079835e-01
3323	1.906446064069553e-01
3324	-2.520114029278168e-01
3325	-6.873088321759384e-02
3326	-2.850761255237185e-01
3327	-1.174237527399678e-01
3328	-6.161328199407799e-02
3329	1.182724365495909e-01
3330	1.017862972073480e-02
3331	1.973810257465026e-01
3332	5.455634488390239e-02
3333	2.245046213799957e-01
3334	-3.109740098961859e-01
3335	1.064947540731528e-01
3336	-2.146969087764882e-01
3337	-1.662403124767974e-01
3338	-3.697320207138936e-01
3339	-1.388515294562572e-01
3340	-3.793758338932952e-01
3341	-1.444980007841278e-01
3342	2.502345986708760e-01
3343	8.208877493255951e-02
3344	1.680026620998507e-01
3345	4.181983043831244e-01
3346	5.188047819816656e-01
3347	2.232552941004707e-01
3348	2.356126241257094e-01
3349	8.209438352892116e-02
3350	1.018960102913478e-01
3351	-6.970513147407030e-03
3352	1.767439907137252e-01
3353	7.519860371269142e-02
3354	-2.433467146110100e-01
3355	2.196877525051129e-01
3356	4.100139356713972e-01
3357	2.924749025583006e-01
3358	6.343588323501680e-01
3359	3.753286912521022e-01
3360	5.119675598565049e-01
3361	3.152891984068668e-01
3362	3.446378640962570e-01
3363	3.797659816414254e-01
3364	1.869529605405838e-01
3365	6.802065481716553e-02
3366	3.580841300238829e-01
3367	1.599494972682489e-01
3368	1.127104084272763e-01
3369	1.194126131708331e-01
3370	4.477799245823321e-01
3371	1.352316934953398e-01
3372	-1.612126988356579e-01
3373	8.511811287059165e-02
3374	3.124550075245284e-01
3375	1.735980322821468e-02
3376	4.947706406395090e-02
3377	-5.435257470699308e-02
3378	2.147928015591734e-01
3379	-5.181386893819877e-02
3380	1.125947434408343e-01
3381	4.086902564858174e-02
3382	2.144811881193658e-01
3383	-1.122792706415834e-01
3384	-1.230885042738250e-01
3385	-2.797139334834056e-01
3386	-3.435734020050638e-01
3387	-3.610552378432317e-01
3388	-1.504690647005958e-01
3389	-2.835172755285089e-02
3390	-7.621252271567807e-01
3391	-3.315790679071377e-02
3392	-2.177254249956545e-01
3393	-3.346060533244055e-01
3394	-5.716790421623797e-01
3395	-2.046336799950604e-01
3396	-8.677980784125096e-01
3397	-3.557214071914062e-01
3398	-6.833790463748124e-01
3399	-2.773223313586023e-01
3400	-5.444197138498060e-01
3401	-3.172475578830596e-01
3402	-4.590010953248709e-01
3403	-1.832782987909679e-01
3404	-4.412411534869569e-01
3405	-5.741254242073435e-02
3406	8.202750569502434e-02
3407	3.730271290020480e-02
3408	-6.934270467452307e-02
3409	-1.838372953035130e-01
3410	-4.663040276369476e-01
3411	-3.696259490902241e-02
3412	1.456076040919105e-01
3413	6.658990063589235e-02
3414	4.320401467043901e-01
3415	-1.463557655277377e-01
3416	-7.884946232355668e-02
3417	1.382008657679477e-01
3418	-1.747961506206226e-01
3419	-1.155644008496529e-01
3420	3.991732233020017e-01
3421	6.025356848948445e-02
3422	5.376316090299671e-01
3423	5.044419058192702e-01
3424	3.613241677887257e-01
3425	2.046612106933626e-01
3426	7.326374816276868e-01
3427	8.436528741602042e-02
3428	4.059426401439224e-01
3429	1.802379317622042e-01
3430	2.802534400395179e-01
3431	1.317248657720651e-02
3432	2.895816913317992e-01
3433	2.685281143455457e-01
3434	6.591400144922623e-01
3435	3.286524333394477e-01
3436	4.069381949096729e-01
3437	2.741169045885541e-03
3438	5.442776420880695e-02
3439	-1.037595722910437e-01
3440	-1.088384897472630e-01
3441	-4.391545056094873e-02
3442	-3.433117998442184e-01
3443	-2.066807626614438e-01
3444	1.306637999298598e-01
3445	7.655472995128242e-02
3446	-2.531079153999967e-01
3447	-9.763473368184143e-02
3448	-4.066852240520540e-02
3449	5.174665742856450e-02
3450	2.076509109032353e-01
3451	2.835034596947046e-01
3452	4.209467091117990e-01
3453	7.338758920772273e-02
3454	5.855061885025681e-01
3455	7.913682026162026e-02
3456	1.183090706532581e-01
3457	1.219481658574931e-01
3458	-1.948378313337416e-01
3459	2.720138623692563e-02
3460	-1.606742317271892e-01
3461	2.558030740679522e-01
3462	5.317770507434387e-01
3463	2.469242331654225e-01
3464	1.347792834695821e-01
3465	2.733173452055078e-01
3466	-8.148912148330424e-02
3467	9.240327236375499e-02
3468	2.432514340763588e-01
3469	1.718086680817742e-01
3470	4.535888620339539e-01
3471	2.659543221223874e-01
3472	7.811573346791235e-02
3473	-4.099152146247092e-02
3474	-1.095428468148876e-01
3475	1.969856572071529e-01
3476	-1.349883628650477e-01
3477	3.264740869127007e-01
3478	2.747093910690658e-01
3479	1.276623869336221e-01
3480	-2.546683796307800e-01
3481	-7.580380573715592e-02
3482	-4.275454198941014e-01
3483	-1.856858003504696e-01
3484	-3.522409287962367e-01
3485	7.761550954129344e-02
3486	-6.690407975269979e-01
3487	-1.232413146271653e-01
3488	-1.732629697977377e-01
3489	-2.032767041747797e-01
3490	1.434575159195615e-01
3491	-5.299105788867469e-02
3492	-2.752120259392284e-01
3493	-3.376085867675536e-01
3494	-4.586206735769861e-01
3495	-7.309720836421253e-02
3496	-2.225398533081265e-01
3497	-1.819533083816899e-01
3498	-4.872919654521082e-01
3499	1.542487044516194e-02
3500	2.363080757023226e-02
3501	2.705224591296998e-02
3502	1.239506895176947e-01
3503	-1.045574612627544e-01
3504	-1.329925825086876e-01
3505	-2.523695655222840e-01
3506	-2.577642312412127e-01
3507	3.591230021282081e-02
3508	7.593485524450666e-02
3509	-6.639535933630994e-02
3510	3.023532155131562e-02
3511	6.837541153733796e-02
3512	7.216661843909077e-02
3513	-6.045532165716506e-02
3514	2.649179892080012e-01
3515	8.633740203907994e-02
3516	-3.343949372433295e-01
3517	-1.669995367155197e-02
3518	-2.304783275004837e-01
3519	-6.785871563533839e-02
3520	-1.402787239229938e-01
3521	-8.916186604263901e-02
3522	4.059106632302174e-01
3523	-2.616952055820712e-02
3524	3.611749681338532e-01
3525	2.684934248299006e-01
3526	5.706832218754415e-01
3527	2.975036671593672e-01
3528	4.402531170994521e-01
3529	3.005181906616903e-01
3530	6.349833169297945e-01
3531	2.559291167609886e-01
3532	4.049752311867928e-01
3533	1.794218898976632e-01
3534	-1.206090141987723e-01
3535	2.976222082782965e-01
3536	1.626953441584868e-01
3537	1.118966824894947e-01
3538	4.196953872477026e-01
3539	1.588637232153760e-01
3540	3.461433498009078e-01
3541	3.008722996091951e-02
3542	-4.734769358278884e-01
3543	-1.802430515068585e-01
3544	5.178507860491408e-02
3545	-8.870988514223979e-02
3546	-1.375531329085655e-01
3547	4.418293776969432e-02
3548	1.537875958067797e-01
3549	-1.159563098115175e-01
3550	-1.103486110504566e-01
3551	-7.696826708913607e-02
3552	-1.129695786801400e-01
3553	-3.990559883512592e-02
3554	-3.424062658303300e-01
3555	-1.138426494251557e-01
3556	-3.632986388263120e-01
3557	8.706309953784526e-02
3558	3.142604940702272e-01
3559	1.566053493440630e-01
3560	1.065300369079895e-01
3561	5.976348927527342e-02
3562	2.926398303650193e-01
3563	-1.412321694140791e-02
3564	3.965601975275802e-02
3565	7.007616221165408e-02
3566	-2.434806810524941e-01
3567	1.155783981662535e-01
3568	-1.673586948572569e-01
3569	-1.616762225543554e-01
3570	2.225548708889681e-01
3571	-6.440645148424930e-02
3572	-3.981322305057455e-01
3573	-6.075813829149900e-02
3574	-3.779830982817437e-01
3575	-1.734731250998811e-01
3576	-2.126450700079261e-01
3577	-8.438662245906416e-02
3578	-3.423343703411507e-01
3579	-1.854612370080068e-01
3580	-2.623903612789050e-01
3581	1.418126801035391e-01
3582	6.963468617552018e-02
3583	1.721406345956430e-01
3584	2.113009598901564e-01
3585	2.237144562023234e-01
3586	3.754549304490091e-01
3587	-5.372099786119286e-02
3588	3.071742664566285e-01
3589	1.011013381617718e-02
3590	4.816184116112109e-01
3591	1.974145763423327e-01
3592	1.884431348770680e-01
3593	2.191970345394953e-01
3594	4.880876480306163e-01
3595	6.312995701445906e-02
3596	-6.632991482234354e-02
3597	3.414609601892135e-01
3598	2.807837280143631e-01
3599	-1.177248402843383e-01
3600	-7.738053309835000e-02
3601	-2.617281393678966e-01
3602	-4.002478496257502e-01
3603	-2.525663205773617e-01
3604	-3.830685602612731e-01
3605	-3.182621775087046e-03
3606	2.627950976371836e-01
3607	9.426138308281480e-02
3608	1.611126147108865e-01
3609	1.584181166956640e-01
3610	1.138685483813211e-01
3611	-1.396387308033150e-02
3612	5.039522689344694e-01
3613	1.821465785782041e-01
3614	4.827307281704847e-01
3615	3.368599947329943e-01
3616	1.877145635747534e-01
3617	1.910034670537420e-01
3618	1.256946454657427e-01
3619	2.700786797677465e-01
3620	-1.358610773017248e-01
3621	1.525873510469782e-01
3622	-2.145283745559903e-01
3623	3.102202745619160e-02
3624	-6.182941369605848e-02
3625	3.501005462654277e-02
3626	1.579110241870113e-02
3627	9.715017645780411e-03
3628	2.029595492512152e-01
3629	-6.437166058785222e-02
3630	5.104843569260911e-02
3631	6.083063387348123e-02
3632	1.331395021139684e-01
3633	2.377147054548283e-01
3634	4.137171688896941e-01
3635	5.592722103494095e-02
3636	3.492379698830860e-01
3637	2.623565192464499e-01
3638	5.471469710265210e-01
3639	4.838833816962723e-02
3640	2.590488379117493e-01
3641	-1.187543780257778e-01
3642	4.004090234653186e-01
3643	3.083072577366456e-02
3644	1.460301591565233e-01
3645	-1.080434932424027e-01
3646	-2.255700071481139e-01
3647	-3.060903098757637e-01
3648	-2.796784999706785e-01
3649	-2.017259824118117e-01
3650	-2.801614001280033e-01
3651	-2.774763398311183e-01
3652	-5.212578993370546e-01
3653	-2.916129735627512e-01
3654	-4.416975091998352e-01
3655	-2.493506559421687e-02
3656	-1.187098531908187e-01
3657	2.173364756343681e-01
3658	2.441274442489139e-01
3659	1.345629262616201e-01
3660	1.331713961073694e-01
3661	-2.289136264186845e-01
3662	-4.508506877555972e-01
3663	-3.121494000592028e-01
3664	-3.731663192891208e-01
3665	-2.502264172464101e-01
3666	-7.564058114839306e-01
3667	-1.830702818706502e-01
3668	-4.230191519801024e-01
3669	-2.479328557484930e-01
3670	2.210836454037140e-01
3671	7.622719795417217e-02
3672	1.907942062746346e-01
3673	1.942424621706574e-01
3674	5.788182257468691e-01
3675	1.789815340921631e-01
3676	4.943515328714476e-01
3677	2.079731539052209e-01
3678	4.745519694423380e-01
3679	2.266077054632576e-02
3680	1.458549584665687e-01
3681	1.234788304653653e-01
3682	3.827884474018719e-01
3683	-3.707108997957005e-03
3684	-1.371653921720465e-01
3685	1.736521945479201e-01
3686	2.355617369119609e-01
3687	-9.047467546549368e-02
3688	-4.692137988968022e-02
3689	7.153742024757920e-02
3690	-2.153082459440423e-01
3691	-4.257975814867588e-02
3692	-5.146833969893893e-01
3693	-2.354085271352006e-01
3694	-4.857069087009042e-01
3695	-2.006542358442088e-01
3696	-1.221582749760199e-01
3697	4.671145500222484e-02
3698	-1.031189207606583e-02
3699	1.284175241904831e-01
3700	1.145053978590249e-01
3701	1.663463328432332e-01
3702	4.386003725626895e-01
3703	1.600585453423385e-01
3704	2.489818706911424e-01
3705	4.292459244733305e-02
3706	3.737194332040397e-01
3707	6.493009056787657e-02
3708	1.126995281888096e-01
3709	-1.115224279191760e-02
3710	-5.227921706600549e-01
3711	-1.482838665139888e-01
3712	-1.037845744944046e-01
3713	-1.419911380896040e-01
3714	1.977311551749064e-01
3715	-1.943315324789035e-01
3716	1.081078673970612e-01
3717	3.735639168794106e-02
3718	-4.531708613570531e-03
3719	5.504254859983837e-02
3720	8.763533267235092e-02
3721	-6.948171691444578e-02
3722	-2.039110214386173e-01
3723	3.553062806070468e-02
3724	-5.167770526107891e-02
3725	7.245240469613881e-02
3726	7.623350279122307e-02
3727	4.858438847735069e-02
3728	-2.354604768540531e-02
3729	1.900184116599791e-01
3730	2.752453927914992e-01
3731	1.825516777432524e-01
3732	-2.183946514787637e-01
3733	3.271628519902973e-02
3734	-2.780070777084885e-01
3735	-1.273489755630484e-01
3736	-1.293091165717997e-01
3737	-7.922537173558709e-02
3738	-4.199885534865698e-01
3739	2.833859817638279e-02
3740	2.223704172345976e-01
3741	-2.838702531693859e-02
3742	-2.630440530371718e-01
3743	-2.623174080878324e-01
3744	-2.169343180876076e-01
3745	-2.235485479771917e-02
3746	-2.903612128343946e-01
3747	-2.911670000805308e-01
3748	-5.040445662187077e-02
3749	-1.849335915672119e-01
3750	-1.491160084642217e-02
3751	-2.359648356023482e-02
3752	-7.779735256561583e-02
3753	-7.769951584567797e-02
3754	-2.426714174089568e-01
3755	-1.937769669227361e-01
3756	-3.866600484642813e-01
3757	-1.156408576260750e-01
3758	-2.135665285953417e-01
3759	8.434265891192655e-02
3760	-7.414058390977581e-02
3761	-5.903007159702307e-02
3762	1.023685762811274e-01
3763	-9.695744861945232e-02
3764	1.197529506886454e-01
3765	1.014444330176393e-01
3766	2.674074172763133e-01
3767	4.209543068498258e-02
3768	-3.990952992224066e-02
3769	5.544462244921029e-03
3770	-5.542146039500107e-01
3771	-9.299189292916818e-02
3772	-5.276806162635262e-01
3773	-2.028595598178100e-01
3774	-7.477653915423659e-01
3775	-2.348228025522313e-01
3776	-3.556467939845238e-01
3777	-3.611593569136884e-01
3778	-3.074278191354688e-01
3779	-8.799082573595510e-02
3780	3.814722092678254e-03
3781	4.143537913179302e-02
3782	3.684186520243845e-01
3783	3.128484546324257e-01
3784	2.677666826702230e-01
3785	-6.069599181844852e-02
3786	5.624733237434461e-01
3787	-6.510566508525328e-02
3788	2.692741276644324e-01
3789	1.006457376802512e-01
3790	3.662146255847744e-01
3791	-1.258906684981949e-02
3792	2.061636647909534e-01
3793	1.241094264498671e-01
3794	3.787609150508280e-01
3795	-1.701794414519336e-01
3796	-9.133802449134661e-02
3797	7.662137682448876e-02
3798	-1.756250399992794e-01
3799	-8.581329293762854e-02
3800	-1.359068088596987e-01
3801	2.912532715671125e-02
3802	-1.970528988768723e-01
3803	3.040027749840115e-02
3804	-2.743895457422774e-01
3805	-4.054382753253790e-02
3806	2.615075433784111e-01
3807	-6.323381296835513e-02
3808	8.683427129504363e-03
3809	-9.742364095993246e-02
3810	-5.784042264853149e-01
3811	-4.881145246877516e-02
3812	1.248357438442053e-01
3813	3.963787391015845e-02
3814	-1.109071521394552e-02
3815	1.976777394148324e-01
3816	2.073884152048267e-01
3817	1.935597412540488e-01
3818	4.285248733774643e-01
3819	3.513713057589285e-01
3820	6.169884060493720e-02
3821	1.649110744050798e-01
3822	1.639337541403873e-01
3823	9.341377622459177e-02
3824	-2.474889060333910e-02
3825	9.035066431391114e-02
3826	-1.306610954731890e-01
3827	-1.371941709246637e-01
3828	4.058157121362009e-01
3829	-5.852401554532098e-02
3830	3.796552206795808e-01
3831	2.423611741513687e-02
3832	1.558698383335344e-01
3833	1.945652266163750e-01
3834	1.341383835334304e-02
3835	3.416895825733248e-01
3836	3.730673510771002e-02
3837	2.699682728455919e-02
3838	3.958373840038015e-01
3839	1.301515769701490e-01
3840	3.914809705775715e-01
3841	1.174992075796780e-01
3842	4.235157107009231e-01
3843	2.539380094925445e-01
3844	2.191154237221119e-01
3845	7.150417260126890e-02
3846	4.988795317284423e-01
3847	1.761697466670964e-01
3848	1.139814353368495e-01
3849	1.220452461338756e-01
3850	2.120145352632020e-01
3851	2.222345758937890e-01
3852	3.980517091974548e-01
3853	2.758635988995011e-01
3854	4.740602034475634e-01
3855	5.045191829140976e-01
3856	1.731509265204463e-01
3857	2.096430953559642e-01
3858	3.864466301109672e-01
3859	8.094547027813764e-03
3860	-3.386365352339892e-01
3861	8.953105585962197e-02
3862	-2.208161759764452e-01
3863	-6.223917936406226e-02
3864	2.396284412244963e-02
3865	-2.298008719586231e-01
3866	-1.764633681369011e-01
3867	-2.145220599146940e-01
3868	2.142228748813536e-02
3869	-1.961053442248497e-01
3870	9.144204223677493e-02
3871	-5.018472718210445e-02
3872	1.357643600027995e-01
3873	8.216058328053000e-02
3874	4.444258874545161e-01
3875	1.401888050059056e-01
3876	6.291685756497482e-01
3877	2.226418641270105e-01
3878	6.250618314352832e-01
3879	2.844592679352477e-01
3880	2.895389676313499e-01
3881	1.255094110858570e-01
3882	4.830419758242609e-01
3883	5.056776406179820e-03
3884	3.187742377756577e-01
3885	-4.139719725156562e-03
3886	3.906033766758044e-01
3887	1.132253225126373e-01
3888	1.002955971626652e-02
3889	8.299395233500688e-02
3890	2.806079249789561e-01
3891	-2.041717318128534e-01
3892	-3.425513889448053e-01
3893	-1.761362433719412e-01
3894	-7.495651049509814e-01
3895	-1.870392811462279e-02
3896	-2.811033856656491e-01
3897	-2.558720655782745e-01
3898	-4.914374360530455e-01
3899	-3.847646249656775e-01
3900	-3.423169175877316e-01
3901	-3.361343379931276e-01
3902	-3.326957518922838e-01
3903	-3.195066164158469e-01
3904	-1.076281185453497e-01
3905	-3.105519273891360e-02
3906	-9.116449937460928e-02
3907	-7.386121629856005e-02
3908	1.041317345186451e-02
3909	-1.762112644489524e-01
3910	-4.446551261176590e-01
3911	2.920735503540638e-02
3912	-1.270556804301871e-01
3913	1.230738373525956e-01
3914	1.131669674204661e-01
3915	6.472745964474222e-02
3916	-1.265380660874794e-01
3917	1.559367635463740e-01
3918	2.763752920600717e-01
3919	1.653403730751849e-01
3920	8.080689949204629e-02
3921	8.610241013431677e-02
3922	2.796822480484229e-01
3923	2.131045486746207e-01
3924	8.235481428301282e-02
3925	1.662620891519877e-01
3926	3.452874679689991e-01
3927	-1.850612047272086e-01
3928	1.349670468408158e-01
3929	1.070084313634864e-01
3930	-5.927401915217823e-01
3931	9.302923839326718e-02
3932	2.118669189581187e-01
3933	8.138966699637170e-03
3934	3.812306336606320e-01
3935	4.402942920272479e-02
3936	1.623773315928998e-02
3937	4.721795296007527e-02
3938	2.252966210923210e-01
3939	2.553250056478479e-01
3940	-1.664486624233276e-01
3941	5.899735363750253e-02
3942	5.958610578465178e-02
3943	1.106365615181719e-01
3944	2.485906885302609e-02
3945	9.950957010164389e-02
3946	-1.868211257922779e-01
3947	-6.317786794331832e-02
3948	2.429016255685559e-01
3949	-1.273150700147384e-01
3950	-2.317997393915453e-01
3951	-2.127054584795287e-02
3952	-2.229463015672863e-01
3953	-1.685824474179986e-01
3954	9.231766775069795e-02
3955	-1.085802530941413e-03
3956	-4.008491291280796e-01
3957	-1.765824279303791e-01
3958	-4.648019981479961e-01
3959	-2.637764415869105e-01
3960	-3.800536637365064e-02
3961	-1.048615873019865e-01
3962	2.450931662670085e-01
3963	-2.081520216562997e-02
3964	2.122039266616482e-01
3965	2.642946397712727e-01
3966	3.439363887586838e-01
3967	1.657440692601704e-01
3968	9.638800568970386e-02
3969	8.815711055970173e-02
3970	2.009002071079683e-01
3971	-4.782794923992654e-03
3972	-3.907895671732588e-01
3973	-2.304830831660503e-01
3974	-3.398171737773989e-01
3975	-1.290784861077999e-01
3976	-1.409902818775721e-01
3977	-1.776833572641665e-01
3978	-3.964829727208731e-02
3979	-1.760364344707480e-01
3980	-3.313987059199093e-01
3981	-1.042473665968916e-01
3982	1.493945789137345e-01
3983	-1.335617022218817e-01
3984	3.537163574106603e-02
3985	-1.850248568675897e-01
3986	-1.501934081676736e-01
3987	2.090843847286334e-02
3988	1.304981341774589e-01
3989	-1.536282231008239e-03
3990	4.460244500551161e-01
3991	-9.685989948727818e-02
3992	-1.414895034976304e-02
3993	2.016012713399171e-02
3994	-2.126104477889996e-01
3995	3.591791744227580e-02
3996	-1.278759057778475e-01
3997	-1.905387572483624e-01
3998	-2.936711536605012e-01
3999	-2.341519642642901e-02
4000	-3.500890818578093e-02
4001	7.380659707538000e-02
4002	-4.146663856650970e-01
4003	6.256952188023688e-03
4004	1.887064608537485e-01
4005	-1.343691175733800e-01
4006	-1.565316173417386e-01
4007	2.279327271738916e-02
4008	-4.535779719084786e-02
4009	5.212679525207695e-02
4010	3.288715843729316e-01
4011	3.302120985875997e-01
4012	3.213050863577396e-02
4013	2.416225211684242e-01
4014	-6.212753880513025e-02
4015	2.140157791888097e-01
4016	1.381343799637623e-02
4017	7.709277316073063e-02
4018	-8.667806057362214e-02
4019	8.384749010489208e-02
4020	-1.617282565499903e-05
4021	-1.255272687543455e-02
4022	-2.935168911093526e-01
4023	-1.489874568098148e-01
4024	-2.589385273553124e-01
4025	-2.513588120914876e-01
4026	-7.462446284356434e-01
4027	-1.307336278460016e-01
4028	-4.593084366406230e-01
4029	-1.266221972295381e-01
4030	-6.402233403505114e-01
4031	-2.738043889911707e-01
4032	-1.803502325887892e-01
4033	-2.305194715526316e-01
4034	-2.316975039872652e-01
4035	-1.539105425488401e-03
4036	2.761579910686154e-02
4037	-1.476679711746964e-01
4038	2.677125995037604e-01
4039	-1.101537089827515e-01
4040	2.582884970794376e-02
4041	6.390640088303585e-02
4042	1.550467155787162e-01
4043	-3.877106073236319e-02
4044	-8.612695900954455e-02
4045	-1.008623376004085e-01
4046	2.129184920898001e-02
4047	2.256189207373340e-01
4048	2.053668450542415e-01
4049	1.557979327713977e-01
4050	2.173211528674515e-01
4051	1.217532488942810e-01
4052	1.812211655314472e-01
4053	1.384783315481674e-01
4054	-1.350364047456543e-01
4055	-2.091979723060028e-01
4056	-1.415494805415337e-01
4057	-1.559569196894916e-01
4058	-2.298631957136478e-01
4059	-2.096899008046384e-01
4060	8.697563523234281e-02
4061	-1.959838234562441e-01
4062	1.429817735853689e-01
4063	-1.539018101520331e-01
4064	-6.839106633815903e-02
4065	1.279832708231232e-01
4066	1.187872861024644e-01
4067	2.746448764230148e-02
4068	8.533385677443789e-02
4069	-5.128675111891264e-02
4070	-3.292024228621193e-01
4071	1.106829180435071e-01
4072	2.952482896417996e-02
4073	1.003274164835980e-01
4074	-2.268882822062332e-01
4075	8.598064782698712e-02
4076	1.266385189532834e-01
4077	-1.985148809393915e-02
4078	3.453921228676590e-02
4079	1.344304946043545e-01
4080	4.138830284119175e-01
4081	3.760802900504098e-01
4082	6.376606058841293e-01
4083	1.934741174688075e-01
4084	5.686446889847601e-01
4085	4.681941423292845e-01
4086	4.664800507407024e-01
4087	2.390710800612140e-01
4088	5.090828564573978e-01
4089	4.728474912947813e-01
4090	9.401322096346532e-01
4091	4.292880485778800e-01
4092	1.072874503442768e+00
4093	4.173682472364388e-01
4094	7.160230708925406e-01
4095	5.386485919627481e-01
4096	3.699760113982584e-01
4097	1.461030794759034e-01
4098	5.397082017372579e-01
4099	1.305957802314337e-01
4100	2.050685467404163e-01
4101	1.012031083196091e-01
4102	2.451326049369574e-01
4103	-5.368673285125667e-02
4104	-5.283415855006977e-02
4105	-1.841140393947117e-01
4106	-3.881681547015121e-01
4107	-1.516104645101963e-01
4108	-4.330236349852258e-01
4109	-1.462117613585408e-01
4110	-6.441823744908703e-01
4111	-1.697761838769540e-02
4112	-1.480857715933037e-01
4113	-1.222477714727483e-01
4114	-2.531271265541061e-01
4115	-1.920348636580964e-01
4116	-2.797987206955721e-01
4117	-8.944090668107109e-02
4118	1.460450665338515e-01
4119	-1.785242750279595e-01
4120	-7.887570162478608e-02
4121	-1.200826177683394e-01
4122	-1.078279359845029e-01
4123	1.555739530076737e-02
4124	1.300288505753208e-01
4125	-1.621419677801291e-01
4126	-1.364644335324804e-01
4127	-7.577876717360287e-02
4128	-1.100140511391438e-01
4129	-6.841948282725784e-02
4130	-4.433493278095692e-01
4131	-1.527107788891829e-01
4132	3.621955825690081e-02
4133	-4.880061120707971e-02
4134	-4.979058029484677e-01
4135	-2.073339457434694e-01
4136	-1.138781579732859e-01
4137	1.791975053959625e-04
4138	-1.517310484115979e-01
4139	-1.990629317584320e-02
4140	7.414906111370671e-02
4141	-2.555084583428856e-04
4142	2.858994407540276e-01
4143	3.777109784447605e-02
4144	2.105122573107497e-01
4145	1.764480750417064e-02
4146	4.334342979100569e-01
4147	2.415991559473608e-01
4148	2.512089796128047e-02
4149	2.217247078802605e-01
4150	4.407470833923671e-02
4151	9.520549979828456e-02
4152	2.954108780167608e-01
4153	2.033760883334650e-01
4154	4.072344539588634e-01
4155	2.241246493635541e-01
4156	2.648258633465085e-01
4157	5.678433417521051e-02
4158	1.877161404665962e-01
4159	-2.647621836514787e-02
4160	-1.868592977862800e-01
4161	5.868414789283365e-02
4162	-3.307815838704511e-01
4163	-2.334313397352223e-01
4164	-5.585490562920075e-01
4165	-2.959317741759342e-01
4166	-5.407089715164868e-01
4167	-2.256748478587993e-01
4168	-3.979828981093632e-01
4169	-2.450042751053217e-01
4170	-8.269639423644705e-01
4171	-2.710172777198684e-01
4172	-5.933976525634357e-01
4173	-8.842024540067715e-02
4174	-4.678650755541705e-01
4175	-1.685279584753169e-01
4176	-1.896193891829686e-01
4177	-1.412172018268061e-01
4178	-3.386283124606943e-01
4179	-1.454399770473107e-01
4180	-6.520695732145890e-02
4181	-2.874153012376380e-01
4182	-6.166293355910083e-01
4183	-2.689285486923966e-01
4184	-2.911663282013821e-01
4185	-2.746037172963576e-01
4186	-6.023752794533437e-01
4187	-1.911979971600310e-01
4188	-2.622982483798504e-01
4189	-2.777861243969596e-02
4190	3.387500794142517e-01
4191	1.235401010417368e-01
4192	1.071577400936058e-01
4193	-5.874508336035891e-02
4194	2.136054670386401e-03
4195	3.016902586666024e-03
4196	1.641895371713158e-01
4197	-1.451203108131554e-01
4198	-6.747384835009716e-02
4199	1.929613365040991e-02
4200	1.749940415100891e-01
4201	1.650588209569588e-01
4202	4.880277459096929e-01
4203	3.104738610415723e-01
4204	3.955566344582138e-01
4205	1.866074293152930e-01
4206	6.090838263049310e-01
4207	5.537412724756993e-02
4208	2.125089087998612e-01
4209	3.583233905735372e-01
4210	3.591656730667864e-01
4211	1.011544107530004e-01
4212	2.021773156053198e-01
4213	3.056864325534287e-02
4214	-7.344893567493460e-02
4215	1.399718191200263e-01
4216	-6.325890159717569e-02
4217	4.170076887983164e-02
4218	-3.034794826924420e-01
4219	4.980254102117159e-02
4220	-2.829102245240115e-01
4221	-1.770906070507870e-01
4222	-3.236417067442767e-01
4223	-1.771978654771219e-01
4224	-2.779273054775889e-01
4225	-1.217386670562682e-01
4226	-3.114193256031710e-01
4227	-1.459857618940578e-01
4228	-2.583675682098728e-01
4229	1.369386391641512e-01
4230	8.933753554016594e-02
4231	2.124562533815537e-01
4232	2.256854983767798e-01
4233	3.215364744306701e-01
4234	3.119121499382629e-01
4235	2.127732629348247e-01
4236	-7.731240354564521e-02
4237	7.270753520309547e-02
4238	3.336510826266850e-01
4239	9.658424144453466e-02
4240	1.551901659727566e-01
4241	1.540928388039826e-01
4242	-1.763653130754487e-01
4243	1.815905460108772e-01
4244	4.308066626587234e-01
4245	2.237243138389965e-01
4246	6.302617407118396e-01
4247	1.676321079426052e-01
4248	3.739554708530378e-01
4249	6.407763155653483e-02
4250	2.968487127904386e-01
4251	3.173800222707474e-01
4252	3.995106025467344e-01
4253	1.741671825696269e-01
4254	5.623415900576660e-01
4255	2.842789146964890e-01
4256	2.644463159776033e-01
4257	1.076948910675924e-01
4258	-6.176077426746485e-02
4259	-2.818560584486539e-03
4260	1.369023054804602e-01
4261	-1.009658476558572e-01
4262	-3.188842230652703e-01
4263	-1.993962892362085e-01
4264	-2.568139940593610e-01
4265	-2.479071271040023e-01
4266	-3.607290266009257e-01
4267	-2.094024111894260e-01
4268	-3.796124404241201e-01
4269	-2.571384678661254e-01
4270	-5.984462836843828e-01
4271	-1.115582933216803e-01
4272	-2.932154984501378e-01
4273	-1.525664289968660e-01
4274	-3.512676667762287e-01
4275	-4.124557238614221e-01
4276	-1.758743904179584e-01
4277	-1.691164197266382e-01
4278	-6.593607814982186e-01
4279	-2.858953755179129e-01
4280	-3.984917821084648e-01
4281	-4.142302136996198e-01
4282	-4.221616887324788e-01
4283	-1.789109709323987e-01
4284	-4.285409128304469e-01
4285	-2.730750858622351e-01
4286	-3.175264253334134e-01
4287	-1.911510398298620e-01
4288	-1.707246582840469e-01
4289	-1.268793500914716e-01
4290	1.253542024018525e-01
4291	-1.641570817335322e-01
4292	-2.539410532074950e-01
4293	3.225194817137116e-02
4294	1.580355700588881e-01
4295	3.035084748024955e-02
4296	1.218812958401569e-01
4297	2.108320929957169e-01
4298	3.551217317398246e-01
4299	8.528171151779840e-02
4300	2.601507924415726e-01
4301	2.278539003749813e-01
4302	-9.400066349522833e-02
4303	3.890943605977464e-03
4304	-1.295061650574286e-02
4305	-2.414824532544441e-01
4306	-2.206185881150427e-01
4307	-1.584656854415758e-01
4308	-3.759240272529362e-01
4309	-9.942322055082126e-02
4310	1.543994512889020e-01
4311	3.886980525208497e-02
4312	-5.125499960957464e-02
4313	-4.190160628982523e-02
4314	1.149209695181687e-01
4315	-9.814937950204242e-02
4316	-3.074484173022000e-01
4317	-1.036047474739283e-01
4318	-1.879528618339041e-02
4319	-1.570252025121517e-01
4320	-1.857622017909549e-01
4321	-1.595419413129484e-01
4322	-3.296137793410985e-01
4323	3.572084981496129e-02
4324	-2.916783851364347e-01
4325	1.266306993217797e-01
4326	-3.556152365661486e-01
4327	9.630272602574014e-02
4328	1.019622985365852e-01
4329	1.235961454261975e-01
4330	4.302887455956502e-01
4331	9.511007872840826e-02
4332	9.987719778882265e-02
4333	6.719313896841210e-02
4334	4.228727556593433e-01
4335	2.177605265305047e-01
4336	3.485322763186914e-01
4337	2.776386386562252e-01
4338	2.061591047557090e-01
4339	1.654933346977011e-01
4340	4.811157728656658e-01
4341	-4.116404370434595e-02
4342	3.067050497140776e-01
4343	4.412208504694475e-02
4344	1.481583564084658e-01
4345	3.486527442286381e-01
4346	5.014508871959500e-01
4347	1.685578434950999e-01
4348	4.233327970450855e-01
4349	1.844663516243677e-01
4350	3.027075170859350e-01
4351	3.306104471197480e-02
4352	8.019404823405832e-02
4353	-6.548253912450064e-02
4354	3.507080538723908e-01
4355	1.967432371457706e-01
4356	1.183808030565692e-01
4357	2.563446147488265e-02
4358	-1.097338205844280e-01
4359	-2.900756556425126e-02
4360	-1.440205057963513e-02
4361	7.745858474579512e-02
4362	3.956088339931460e-01
4363	8.982059053715567e-02
4364	3.120799037698148e-01
4365	9.081890196968492e-02
4366	3.590800936971109e-01
4367	7.686105577630799e-02
4368	2.922727402471479e-01
4369	1.409194226669483e-03
4370	-3.303713256459232e-01
4371	2.044896660575649e-01
4372	2.020403302336418e-01
4373	9.050497408180977e-02
4374	2.652746263472975e-02
4375	-3.659844254113198e-02
4376	-5.931466500999562e-02
4377	-1.071217396326721e-01
4378	4.835630076376700e-02
4379	-1.340770041199900e-01
4380	-3.448479500580757e-02
4381	-1.273365203378797e-01
4382	1.268787073070280e-01
4383	-9.058222981851205e-02
4384	-7.535901251441010e-02
4385	-1.245769472997563e-01
4386	-4.034822849387847e-01
4387	-7.147144649774781e-02
4388	8.302202691797320e-02
4389	-1.427271043334215e-01
4390	2.515350452957132e-01
4391	4.641236127996277e-02
4392	-9.471728241767706e-02
4393	-3.761456799444323e-02
4394	-1.240620500030044e-01
4395	2.348745452938692e-01
4396	-2.777248893590623e-01
4397	2.401412127256635e-02
4398	1.266585762152558e-01
4399	-4.284459100256207e-02
4400	9.777470445783113e-03
4401	7.257484170743053e-02
4402	2.148520428939569e-01
4403	1.356561685563968e-01
4404	-5.243668250820401e-02
4405	-7.902874304883947e-02
4406	-7.232599521849788e-02
4407	9.101179819542338e-02
4408	8.472560452711951e-02
4409	1.072964465436878e-02
4410	7.396021077281741e-02
4411	-1.432764196498754e-01
4412	1.237301180969723e-02
4413	-2.311479274862827e-01
4414	-2.189964863549256e-01
4415	-2.371691235507319e-01
4416	-2.069641579388406e-01
4417	-2.556238999635946e-01
4418	-1.234764311909235e-01
4419	-1.447917580907452e-01
4420	1.405224228263253e-01
4421	-4.065286568888217e-02
4422	-3.880031108915077e-01
4423	-9.091959623184617e-02
4424	-2.054616330231550e-01
4425	-1.738632417526116e-01
4426	-3.510835705213587e-01
4427	-2.457197023508408e-01
4428	-1.168113361616577e-01
4429	-1.169324043591975e-01
4430	1.329841902810354e-01
4431	2.659495169584508e-01
4432	9.153051416883748e-02
4433	1.452088872074413e-01
4434	3.898448445576477e-01
4435	7.092556107533116e-03
4436	1.943710123685265e-01
4437	1.039748420615759e-01
4438	3.421324938684919e-01
4439	-4.185969174112610e-02
4440	-3.127327494889384e-02
4441	-7.800687966383731e-02
4442	-2.355208567769055e-01
4443	-1.281993695096665e-01
4444	-2.586016675281204e-01
4445	1.802312187382328e-01
4446	5.055577323739574e-02
4447	7.925079824452572e-02
4448	7.917854879973081e-02
4449	3.863452124164567e-02
4450	7.837818256977007e-02
4451	1.923179248008499e-01
4452	5.557114506523959e-01
4453	1.576362691664269e-01
4454	4.519847436658874e-01
4455	2.782661327253726e-01
4456	3.813849552536596e-01
4457	2.548725525908393e-01
4458	5.166575615836718e-01
4459	1.361079146769779e-01
4460	-2.516610051515612e-02
4461	1.596158735580327e-01
4462	3.330896166962841e-01
4463	1.204313212890289e-01
4464	3.699057915135712e-02
4465	1.684870039136323e-02
4466	-3.963833547531115e-01
4467	-2.841986300534606e-01
4468	-1.144830746055656e-01
4469	-2.775389699687481e-01
4470	-7.275257403188572e-01
4471	-2.800378880197729e-01
4472	-2.434078447641008e-01
4473	-3.530675646910756e-01
4474	-3.413313449685563e-01
4475	-2.172312437771075e-01
4476	-5.847715094374446e-01
4477	-2.756153313234472e-01
4478	-4.457174601221454e-01
4479	-3.068338318997312e-01
4480	-2.106078460588625e-01
4481	-6.188252484575436e-02
4482	-2.405249884288838e-01
4483	3.104362051483789e-02
4484	-2.261602675494495e-01
4485	-2.227688119322200e-01
4486	-2.767317705348156e-01
4487	-1.532758141293759e-01
4488	-1.438952683672658e-01
4489	-4.661973440124053e-02
4490	2.886562816048972e-01
4491	-5.329236774242593e-03
4492	2.061981541943521e-01
4493	6.166451359085983e-02
4494	-3.312360233981205e-01
4495	1.283637707007629e-01
4496	1.901948285454623e-02
4497	-1.583076032393782e-01
4498	1.698435899886163e-01
4499	-6.817080313459573e-02
4500	-1.759331125264864e-01
4501	-1.868935699006177e-01
4502	-2.206893443466124e-01
4503	4.181131001040596e-02
4504	-6.113968111664628e-02
4505	5.398295492731071e-02
4506	2.572345702846470e-01
4507	3.870896820656627e-02
4508	1.643436043857795e-02
4509	8.868278505542775e-02
4510	-2.843763539440969e-01
4511	3.987272541350845e-02
4512	2.721369323582248e-01
4513	2.101884980922378e-01
4514	4.917284796715321e-01
4515	-4.504180819925595e-02
4516	4.692011218461205e-01
4517	2.527973663450316e-01
4518	3.703010198626600e-01
4519	1.910135244280203e-01
4520	2.023218748241790e-01
4521	2.758165484506691e-01
4522	-5.773843908050692e-02
4523	1.123171381774104e-01
4524	5.084170733287686e-01
4525	8.585491915563453e-02
4526	2.570391002006630e-01
4527	3.549496368472004e-02
4528	9.507682436374773e-03
4529	-7.147603221563538e-02
4530	-4.395124163268033e-01
4531	-1.107784276076398e-01
4532	-2.992625665994049e-01
4533	-2.057469981151694e-01
4534	-4.030359493552687e-01
4535	-2.890507155307249e-01
4536	-2.223885802255806e-01
4537	-2.469291397986530e-01
4538	-3.681921576187543e-01
4539	3.285417700024894e-02
4540	-3.103704106247930e-01
4541	-1.319982301981510e-01
4542	2.135607132886592e-01
4543	5.756408795168717e-02
4544	8.221592601720439e-03
4545	-1.948590766898674e-02
4546	-1.306232130513948e-01
4547	2.113894329456964e-02
4548	-1.783841921738317e-01
4549	2.194323120270799e-02
4550	-2.188477378057936e-02
4551	7.034219295808827e-02
4552	-1.219190274747970e-01
4553	-1.105791253529610e-01
4554	2.322299193051475e-02
4555	-5.357938798466052e-02
4556	-8.859481768625874e-02
4557	1.610660137772577e-01
4558	1.352204394054558e-01
4559	5.116645698887176e-02
4560	2.153998791303792e-01
4561	5.742497459406021e-02
4562	-5.106944791834674e-02
4563	2.391804879326227e-01
4564	-1.331580402376301e-01
4565	2.855611889633066e-01
4566	4.191292387127115e-01
4567	1.526459661226221e-01
4568	1.269143083871864e-01
4569	8.534523880837983e-02
4570	2.999738298099613e-01
4571	-2.314862633966270e-02
4572	1.204791074999825e-02
4573	-1.111156886346580e-01
4574	-1.934999911873434e-01
4575	-6.368886629171243e-02
4576	-2.650824224615580e-02
4577	-7.516948454080007e-02
4578	-3.454443579852086e-01
4579	-4.370062456626026e-02
4580	-1.511592269213074e-01
4581	9.115013002383301e-02
4582	2.210528390188811e-01
4583	1.460526677016753e-01
4584	4.272328769399724e-02
4585	6.915716732151593e-02
4586	-3.082018462639485e-01
4587	-7.763185578808143e-02
4588	-4.913758406161071e-01
4589	-2.635039953036363e-01
4590	-5.046081218344727e-01
4591	-1.701351427262188e-01
4592	-2.510311173580881e-01
4593	-2.705597224729240e-01
4594	-2.980765318418714e-01
4595	-2.040359834378281e-01
4596	-3.845691619980242e-01
4597	-4.617064699644079e-02
4598	-1.743292214938602e-01
4599	-1.553071918610037e-01
4600	-3.079031650816653e-02
4601	-1.147011122881423e-01
4602	-3.445805443144672e-01
4603	2.771595908550407e-02
4604	2.078497348192777e-01
4605	1.049710493670461e-01
4606	9.335677370962031e-03
4607	-3.866382396584260e-02
4608	9.073477542166992e-02
4609	-3.581123936207237e-02
4610	3.371656805348036e-01
4611	1.956650211163091e-01
4612	1.558302793353114e-01
4613	-3.578828102070452e-02
4614	4.274294235335434e-01
4615	2.145581821666025e-01
4616	6.137011271291469e-02
4617	1.556818419296909e-01
4618	-9.157098826636552e-02
4619	1.168313762566343e-03
4620	-1.267376473601098e-01
4621	3.781301630202445e-02
4622	-1.159726124668229e-01
4623	1.462071119152073e-01
4624	-2.272433649502582e-03
4625	1.012816993581380e-01
4626	-4.134096377997886e-02
4627	1.040537895022230e-01
4628	-4.512792307856926e-02
4629	-2.980478137481631e-03
4630	2.498421248130885e-01
4631	4.165996041347035e-03
4632	3.228927316011240e-02
4633	5.648900382363297e-02
4634	3.620410021480281e-01
4635	2.305654766655204e-01
4636	1.664875411634880e-01
4637	2.457208078769778e-01
4638	5.148321425781058e-01
4639	2.833974741921659e-01
4640	4.385791652943589e-01
4641	1.837610174053389e-01
4642	5.770046616809172e-01
4643	2.782015623007355e-01
4644	3.358414900290486e-01
4645	1.398383817387291e-01
4646	4.395764309574860e-01
4647	5.386577615312838e-02
4648	2.704182285662473e-01
4649	1.744186308516848e-01
4650	3.805501384164143e-01
4651	1.890026492039708e-01
4652	4.196596836066765e-01
4653	1.364181183478880e-01
4654	4.934177586682715e-01
4655	1.817094706100284e-01
4656	3.229625161965292e-01
4657	2.319767073672722e-01
4658	3.978744362999920e-01
4659	1.633048453943480e-01
4660	-1.364259032975734e-03
4661	7.922293004345013e-02
4662	1.202447788907342e-01
4663	8.895751471678018e-02
4664	8.846783809705090e-02
4665	2.781942540402766e-01
4666	-7.098928677241718e-02
4667	-1.862806601772198e-02
4668	-1.095762613229934e-01
4669	2.335878742457485e-01
4670	2.412996078346583e-01
4671	5.909416562136448e-02
4672	-2.654969146776607e-03
4673	7.309324732965379e-02
4674	-4.277277731652415e-01
4675	-6.523222646750731e-02
4676	-3.747524511108151e-01
4677	-2.750458040334390e-01
4678	-4.185635883142605e-01
4679	-2.425709405707971e-01
4680	-4.233935694582127e-01
4681	-2.951499720180026e-01
4682	-3.438582276895657e-01
4683	-9.622227919111367e-02
4684	-5.821439636424602e-02
4685	-1.919681760813512e-01
4686	-3.718468665198455e-01
4687	-1.375784646584746e-01
4688	-8.185712492935569e-02
4689	-1.432946402646177e-02
4690	-3.330450262258082e-01
4691	-7.828148386596727e-02
4692	1.750937826997749e-01
4693	-1.495198990268092e-01
4694	-1.857473116776877e-01
4695	-1.807051638868020e-02
4696	-8.779953092244340e-02
4697	-2.803077989495088e-02
4698	-8.274028704478034e-02
4699	-1.774823433311384e-01
4700	-1.760916707512036e-01
4701	-2.198025255449150e-01
4702	-2.343490195926118e-01
4703	-9.677722086436570e-02
4704	-1.476737169952196e-02
4705	-1.376483690841580e-01
4706	1.524566992326710e-01
4707	-3.426987815659931e-02
4708	-9.030523055288778e-02
4709	-7.298493247461521e-02
4710	-3.884491264222050e-01
4711	-9.665277177229667e-02
4712	-1.479045609095235e-01
4713	-2.198000567851950e-01
4714	-2.196287243326457e-01
4715	4.915159249139709e-02
4716	9.723837533997982e-02
4717	3.985699142165328e-02
4718	3.403103443339772e-01
4719	1.836615721996025e-01
4720	2.857314716436787e-01
4721	2.194840063958141e-01
4722	5.748636777490959e-01
4723	2.082238919477398e-01
4724	4.202362090504447e-01
4725	1.900992518678300e-01
4726	4.469968488196750e-01
4727	1.366480209248889e-01
4728	2.877216726745175e-01
4729	1.140248296509570e-01
4730	-1.652556611649166e-01
4731	1.512208161877672e-01
4732	1.264228278572725e-01
4733	9.173406257737061e-02
4734	2.995865271313714e-02
4735	-3.468486477561623e-02
4736	8.240103730322075e-02
4737	-2.994587635184519e-02
4738	1.922056974213293e-01
4739	-2.206954407050094e-02
4740	1.649375555480733e-01
4741	-1.161442106559246e-01
4742	-1.351271699319626e-01
4743	-2.752216080926190e-01
4744	-6.242501211731821e-02
4745	-4.504568281604157e-02
4746	-4.979600089983785e-01
4747	-1.712705513801805e-01
4748	-2.382159685038560e-02
4749	-2.548319059374167e-01
4750	-1.307827697364408e-01
4751	-1.225661566124990e-01
4752	-3.951026184393641e-01
4753	-2.185861488785332e-01
4754	-5.054951916028164e-01
4755	-1.977462426328710e-01
4756	-5.870702253454626e-01
4757	-2.711763648446072e-01
4758	-7.579460343028882e-01
4759	-1.915596116093894e-01
4760	-2.629364912398325e-01
4761	-2.357179125568127e-01
4762	-4.236141263919483e-01
4763	-3.265271654780214e-01
4764	-4.827276472161647e-01
4765	-3.488268817575929e-01
4766	-4.881661356961032e-01
4767	-2.249586889721597e-01
4768	-3.815767020754406e-01
4769	-3.518906580594049e-01
4770	-3.171210805060891e-01
4771	-3.334566279641519e-01
4772	-2.059035761824523e-01
4773	-1.182985870611174e-01
4774	-5.843728171858743e-01
4775	-2.017945804995981e-01
4776	-1.936786266689554e-01
4777	-2.621564860705402e-01
4778	-3.089837182011327e-01
4779	-8.977395360058775e-02
4780	-2.706955248172689e-01
4781	-1.708040203924737e-01
4782	9.453842500573965e-02
4783	-2.241393207966306e-02
4784	-1.029674615781169e-01
4785	-1.700659181337117e-01
4786	-1.543479467472975e-01
4787	-3.172231177387499e-02
4788	-1.424344813342004e-01
4789	1.048501464956793e-02
4790	1.633888183801211e-01
4791	-1.181683407186975e-01
4792	-5.561635429655912e-02
4793	2.597852941860697e-02
4794	-4.489356034535400e-01
4795	1.602794475098870e-01
4796	-2.276448623978430e-01
4797	-1.119470494500215e-01
4798	-2.194023038035226e-01
4799	3.907901863763947e-02
4800	-8.339966518627349e-02
4801	1.024569625957222e-01
4802	9.433222743113964e-02
4803	-5.854464177904888e-02
4804	9.294787654646307e-02
4805	3.419234906529213e-02
4806	-5.506832553385694e-02
4807	1.789837922181232e-01
4808	-3.376300119542164e-02
4809	7.718394242386946e-02
4810	-3.775806848117014e-01
4811	1.099107797540348e-02
4812	-1.246282783673459e-01
4813	1.692162188505463e-01
4814	2.556306414248289e-01
4815	1.582191861433371e-02
4816	1.080971263834778e-01
4817	5.528867776368842e-02
4818	-3.948645833749851e-01
4819	-8.823110306299847e-02
4820	-2.478146571841245e-01
4821	-2.408303109585476e-01
4822	-1.900152353957998e-01
4823	5.100428154280273e-02
4824	-1.790508792903627e-01
4825	-1.860873822021048e-02
4826	2.296873279279159e-02
4827	-9.008091383175396e-02
4828	-3.079596775818910e-01
4829	-1.867513515199688e-01
4830	3.173112245762475e-01
4831	-5.912037548631228e-02
4832	-1.374940527560637e-01
4833	-3.530821140818913e-02
4834	-2.262722504686551e-01
4835	-2.454959234234803e-01
4836	2.096863227427028e-02
4837	-1.810058827280716e-01
4838	-3.185042332351382e-02
4839	-2.395041983685806e-01
4840	-1.697479187693810e-01
4841	-1.952332458586727e-01
4842	-4.153966549363322e-01
4843	-2.571224195093990e-01
4844	-5.108802300809299e-01
4845	-4.733736978312984e-01
4846	-4.180173574556817e-01
4847	-2.744855572502248e-01
4848	-2.187734914925378e-01
4849	-1.956922531418665e-01
4850	-1.839337694009341e-01
4851	-1.334150776365257e-01
4852	-2.681252185356055e-03
4853	-1.812437100116092e-01
4854	9.946610959360359e-02
4855	-2.376977716697196e-01
4856	-1.239525234568636e-01
4857	-1.383351742209309e-01
4858	6.452315269322742e-02
4859	-1.203775046261647e-01
4860	-8.012764341080031e-02
4861	-1.036704171222702e-01
4862	-4.737584683944477e-01
4863	-1.613694149453146e-01
4864	-1.483343885325966e-01
4865	7.912218514906044e-02
4866	1.266174911868242e-01
4867	-5.162822055020908e-02
4868	9.787129945919829e-02
4869	2.972619305517399e-02
4870	1.945113602704412e-01
4871	-1.245847378862647e-02
4872	-1.017611717050124e-01
4873	-8.056450865788575e-02
4874	-1.745518206144200e-01
4875	1.310381909464002e-02
4876	-1.010838578862815e-01
4877	1.332583523858834e-01
4878	-1.372764420393686e-02
4879	1.306967176127116e-01
4880	-6.230176421867908e-02
4881	-1.884914791650801e-01
4882	-1.989467327442365e-01
4883	-1.195251172603848e-01
4884	7.685220277528214e-02
4885	-1.113272065123615e-01
4886	1.520250128576961e-01
4887	-6.511739362065461e-02
4888	-4.197392223073638e-02
4889	1.764148061590842e-02
4890	-4.325334376551580e-01
4891	-6.298251918430610e-02
4892	4.034947579570010e-02
4893	7.230123813872426e-02
4894	-4.843592118662628e-02
4895	8.552540575672228e-02
4896	-9.719473448292036e-03
4897	2.766715677070836e-02
4898	2.093509689135124e-01
4899	1.088790323396609e-01
4900	7.948962307768744e-02
4901	8.325863662691432e-02
4902	-3.330611970261715e-01
4903	1.375062755486156e-01
4904	1.036546296257307e-01
4905	5.730478917876863e-02
4906	3.105766832115281e-01
4907	1.462099973087865e-01
4908	-8.836295626183691e-02
4909	2.195193760855100e-01
4910	4.087984682759355e-01
4911	5.747872292514930e-02
4912	1.053104613699941e-01
4913	5.593175668791437e-02
4914	-1.661120563151398e-02
4915	3.149606424152617e-02
4916	1.109172801741892e-01
4917	1.052266981104532e-01
4918	1.000103143850958e-03
4919	7.039941671712283e-02
4920	1.980112293989834e-01
4921	1.802029373612112e-01
4922	2.923042530603454e-01
4923	1.796251497810936e-01
4924	2.355599557890053e-01
4925	9.374209941887299e-02
4926	3.228775522383171e-01
4927	1.059210712495638e-02
4928	-3.955331266162259e-02
4929	1.932639624230808e-01
4930	-3.241918163774902e-01
4931	7.202909636757443e-02
4932	1.004967855790235e-01
4933	5.528452693263444e-02
4934	-1.194627400831281e-01
4935	3.258586207919332e-02
4936	2.591566078245073e-02
4937	1.148270820935968e-01
4938	3.958522008437877e-01
4939	8.392094944631016e-02
4940	3.907321030330274e-01
4941	2.216408012009848e-01
4942	4.099026854777196e-01
4943	1.844861021715162e-01
4944	3.111304724466299e-01
4945	2.176766569168761e-01
4946	8.394062105672599e-02
4947	1.934469029475252e-01
4948	1.591968355031941e-01
4949	1.212391931851660e-01
4950	1.868420597589754e-01
4951	2.559319007208261e-02
4952	-5.626938469918369e-02
4953	2.221337777670824e-01
4954	-8.579339842890119e-02
4955	5.393942044916542e-03
4956	5.132598250503982e-01
4957	1.859112890259103e-01
4958	3.691638722952877e-01
4959	3.299844353139357e-01
4960	3.222584378142027e-01
4961	2.025434614963844e-01
4962	5.168901615429845e-01
4963	8.253101588545401e-02
4964	7.680694440729927e-02
4965	3.887700260658578e-01
4966	3.130311609462245e-01
4967	1.814911668230925e-01
4968	2.644717694355615e-01
4969	1.234966649179345e-01
4970	-2.143403949026677e-01
4971	1.099177421163074e-01
4972	-4.755099247826660e-02
4973	1.128928968235183e-01
4974	3.733869803787870e-01
4975	1.093885373544100e-01
4976	2.034786742536883e-01
4977	9.029062703045947e-02
4978	3.908678545376901e-01
4979	9.582053646871576e-02
4980	5.529064076903371e-01
4981	1.012164926871251e-01
4982	3.872273310934894e-01
4983	2.037460116577766e-01
4984	2.167759307731324e-01
4985	8.677853418505302e-02
4986	9.928084309063194e-02
4987	8.812541497038252e-02
4988	-1.921987941819775e-02
4989	-4.751189823049893e-02
4990	2.749489309521477e-01
4991	1.279276172202514e-01
4992	1.038278116452718e-01
4993	8.361112388649979e-02
4994	2.926339306826027e-01
4995	-5.057976492769851e-02
4996	1.252383091208560e-01
4997	-1.102446670716920e-01
4998	-2.113523125847401e-02
4999	-6.879429516396515e-02
5000	3.143338724496478e-02
5001	-1.425134329786042e-01
5002	1.366452601256906e-01
5003	5.121594681244505e-02
5004	-8.278256297872839e-02
5005	-1.804326953624069e-01
5006	-1.834260925559123e-01
5007	-1.240339302007041e-01
5008	-4.932923639329558e-02
5009	1.059200749828981e-01
5010	-3.060071281870328e-01
5011	1.414566031721901e-01
5012	-1.661646412611083e-02
5013	1.959273865239808e-01
5014	2.372589606081258e-01
5015	2.021375950083221e-01
5016	-2.915966995466515e-03
5017	3.822661610065057e-02
5018	2.223816027529650e-01
5019	2.285685400956876e-01
5020	2.047669415877298e-02
5021	1.821988418851949e-01
5022	1.161107667698731e-01
5023	1.757572583074594e-01
5024	1.117627539402613e-01
5025	1.632950138316223e-01
5026	2.615097765093078e-01
5027	1.644764295414305e-03
5028	-8.879079156523942e-02
5029	8.511186581159359e-03
5030	2.615500333668109e-01
5031	7.408386617733946e-02
5032	7.463617830446465e-02
5033	2.666012389977000e-02
5034	3.645093517247021e-01
5035	2.081481918761459e-01
5036	3.450480275675158e-01
5037	3.087062955516646e-01
5038	4.495755870764763e-01
5039	1.522682625817767e-01
5040	2.626022737208812e-01
5041	2.885599118343047e-02
5042	-1.272878254045990e-01
5043	3.576811501544382e-02
5044	-2.148098639065998e-01
5045	-1.075292361942139e-01
5046	-4.634951570375180e-02
5047	2.811777977787035e-02
5048	1.301167047205864e-02
5049	3.140639083752728e-02
5050	-6.682180686364099e-02
5051	4.739838419573474e-02
5052	-1.249700072506020e-01
5053	-2.828413885190080e-02
5054	-7.071337738116905e-02
5055	5.908667908175390e-02
5056	-6.314598323160212e-03
5057	-6.949417411506678e-02
5058	-5.575297367029560e-02
5059	-6.402849057665551e-02
5060	1.456782178367540e-01
5061	-3.356402530889972e-02
5062	-1.493534830070454e-01
5063	-1.271559600944404e-01
5064	-4.511584094824823e-02
5065	-1.005903822620319e-01
5066	7.219463384836529e-02
5067	2.851912631463086e-03
5068	-1.634756014221559e-01
5069	-6.596095354923499e-02
5070	-4.407568667871906e-02
5071	-3.073502444930495e-02
5072	4.990751408567463e-02
5073	2.231767713847815e-01
5074	2.244963460518180e-01
5075	1.664866708067792e-01
5076	1.148505242280496e-01
5077	1.125102364480836e-01
5078	-1.312192094033779e-01
5079	-3.629952528826676e-02
5080	-8.166860624211608e-02
5081	2.681182676405626e-03
5082	-1.856820315189300e-01
5083	8.370003666304648e-02
5084	-2.253434274076370e-01
5085	-3.983232611496013e-02
5086	-2.222674728732456e-01
5087	-8.823589179201088e-03
5088	-2.120772539198335e-01
5089	-8.758983706690343e-02
5090	1.113000480407047e-01
5091	-1.421199193174623e-01
5092	-1.805628825313831e-01
5093	-1.172095274503553e-01
5094	-3.515459540649211e-01
5095	-1.664045241065300e-01
5096	-2.654037112800119e-01
5097	-3.750973325810361e-01
5098	-3.329631246722492e-01
5099	-1.562501701546718e-01
5100	-4.511639868448527e-01
5101	-1.449217215397934e-01
5102	-2.987094002652334e-01
5103	-2.706410467306726e-01
5104	-2.176604155172908e-01
5105	-1.854574788505824e-01
5106	-3.470406513655045e-01
5107	1.494020155225272e-02
5108	1.327069713477146e-01
5109	-2.270032250227709e-02
5110	-2.346043876283204e-01
5111	-1.071583747386571e-01
5112	1.593920173322733e-02
5113	-6.205526794137413e-02
5114	-6.394619353328680e-03
5115	-1.631864476049923e-01
5116	2.024646487727726e-01
5117	1.476275844490657e-01
5118	4.033667611695260e-01
5119	1.196181838749234e-01
5120	1.852005981522180e-01
5121	7.384538795142837e-02
5122	2.840322368417582e-01
5123	2.179832332123254e-02
5124	3.330381785902544e-01
5125	6.943300471735490e-02
5126	3.106455008814440e-01
5127	4.765263184689403e-02
5128	1.317648911369131e-01
5129	-6.017272570397128e-03
5130	3.804734070158828e-01
5131	1.483307267159026e-02
5132	2.605129759310646e-01
5133	2.851874087851510e-01
5134	4.215945210345389e-01
5135	2.580965023219287e-01
5136	3.919381282793882e-01
5137	6.701661579632225e-02
5138	3.438438984231152e-01
5139	2.457302338835224e-01
5140	2.946862001301551e-02
5141	6.961918219558376e-02
5142	4.378390536676012e-01
5143	1.091085645884587e-01
5144	2.496410298748666e-01
5145	2.925606518055090e-01
5146	4.116994243297067e-01
5147	2.680484663700340e-01
5148	4.753320032282154e-01
5149	2.275822088725366e-01
5150	2.140457383718741e-01
5151	4.389906393236366e-01
5152	2.957933111545130e-01
5153	1.649099894185461e-01
5154	4.938179890447151e-01
5155	-5.254130418473089e-02
5156	1.167313448165234e-01
5157	2.742450961719219e-03
5158	-5.238205993987056e-02
5159	-3.750746121180686e-02
5160	-1.583978721405227e-01
5161	-1.143951814187678e-01
5162	1.334244620230004e-01
5163	-1.204449617828246e-01
5164	9.235036826078959e-02
5165	-1.592857263441504e-01
5166	-4.486756455024528e-02
5167	-4.702138862784612e-02
5168	-6.946454699778722e-02
5169	-1.365418544617468e-01
5170	-4.682361782305380e-01
5171	-2.208032199114043e-02
5172	-2.057929009877450e-01
5173	-4.080213109813852e-02
5174	1.435042106533977e-01
5175	-2.799762715338435e-02
5176	5.317461608320205e-03
5177	-5.079943132409047e-02
5178	1.864034979598825e-01
5179	-5.396548187126710e-02
5180	4.813193757149591e-02
5181	1.608742624595761e-02
5182	-2.494191286848731e-01
5183	-1.801468257080196e-01
5184	-2.141065491890174e-01
5185	-5.905724593463055e-02
5186	-1.987474156598373e-01
5187	-2.603956486269133e-01
5188	-1.140754709442166e-02
5189	-4.926026718371663e-02
5190	-5.225024028052546e-01
5191	-1.107221061414724e-01
5192	-1.028408156472581e-01
5193	-1.110693056212087e-01
5194	-2.180735225310406e-01
5195	-1.203787903466091e-01
5196	-1.851658632389885e-01
5197	5.426486541095493e-02
5198	1.595586177287398e-01
5199	-4.327686215034699e-02
5200	5.157913749668365e-02
5201	-1.167419883289255e-01
5202	3.470324947796170e-02
5203	-6.232005674060098e-02
5204	1.041808749543715e-01
5205	1.029816524036004e-01
5206	2.069571838068557e-01
5207	-1.536927139557742e-02
5208	1.225006041955526e-01
5209	6.888155261636922e-03
5210	3.526838922938252e-01
5211	-4.884026206646939e-02
5212	9.900193836912521e-02
5213	-8.668291040655299e-02
5214	-3.817532753593806e-01
5215	7.153219710880762e-02
5216	-1.154831228951433e-01
5217	-1.313757454229365e-01
5218	-2.189502040612222e-01
5219	-1.649806548551082e-01
5220	-1.269889420934991e-01
5221	-2.856067748954106e-02
5222	2.330693332350347e-01
5223	-6.597169498497793e-02
5224	1.542334951864165e-01
5225	1.250807079401438e-01
5226	-1.783934483286291e-01
5227	1.458258872860506e-01
5228	2.299757354022039e-01
5229	2.589004328643870e-02
5230	3.443908512456085e-01
5231	7.925298570339330e-02
5232	1.035003784404159e-02
5233	-7.328808331373123e-03
5234	-6.752084280385298e-02
5235	-4.790146069425154e-03
5236	2.364209929510207e-01
5237	-4.338978137327298e-02
5238	-5.706835339321792e-03
5239	-6.985465180050016e-02
5240	-5.315642220135319e-02
5241	-2.203399620112701e-01
5242	-1.118135341048858e-01
5243	-5.937502012170330e-02
5244	1.169057033568315e-01
5245	-1.018031637486731e-01
5246	1.470846145237778e-01
5247	2.098644248608120e-02
5248	9.620989607228604e-03
5249	-6.434566432192911e-02
5250	1.063054594399477e-02
5251	-6.338143706968848e-02
5252	-1.288072791784806e-01
5253	1.286412981484596e-01
5254	1.599707160459289e-01
5255	6.725210542810527e-03
5256	9.936995878341910e-02
5257	2.441333035736636e-02
5258	2.203184781113111e-01
5259	4.172036015334887e-02
5260	-1.171410467644780e-01
5261	6.632431147995964e-02
5262	1.941560979174455e-01
5263	-1.892161705983500e-02
5264	-7.925622263452206e-02
5265	-5.932813957791469e-03
5266	-2.378011183618293e-01
5267	-1.240707546301173e-01
5268	-3.011520215885835e-01
5269	-8.424758781749725e-02
5270	-3.701159578353258e-01
5271	1.192369172331818e-02
5272	-4.055533336972700e-02
5273	5.026952874459541e-02
5274	-5.969297628534352e-02
5275	1.026292148025360e-01
5276	1.829996619279038e-01
5277	1.206854978835835e-02
5278	-7.943398343891420e-02
5279	1.484121662495674e-01
5280	2.165573010512254e-01
5281	2.109072535733139e-01
5282	4.647426507152406e-01
5283	2.225035346804393e-01
5284	3.575908500176285e-01
5285	2.097702669800731e-01
5286	4.872174395895432e-01
5287	4.599661631288236e-02
5288	1.643941835982462e-01
5289	2.426551475899754e-01
5290	1.078481845865140e-01
5291	9.589532716006535e-02
5292	1.028188424095798e-01
5293	-1.812552161453625e-02
5294	-7.807670582209601e-02
5295	1.803905190305852e-01
5296	-1.740623804915640e-02
5297	5.692770252301085e-02
5298	2.091927634029611e-01
5299	2.097502505090887e-02
5300	1.432396825905614e-01
5301	1.675943877194019e-01
5302	2.868050421895527e-01
5303	1.368838371481193e-01
5304	2.142210803638170e-01
5305	-4.733592607035635e-02
5306	2.817968924911614e-01
5307	1.535249533980227e-01
5308	1.491971359249864e-01
5309	-2.920361862379590e-02
5310	-4.883860637981215e-02
5311	-9.574679317102269e-02
5312	-1.144543403021289e-01
5313	-3.082629882576122e-01
5314	-3.160063297064601e-01
5315	-2.751250451222820e-01
5316	-3.705177555084020e-01
5317	-2.335287878503034e-01
5318	-3.021645931277783e-01
5319	-1.147898571008425e-01
5320	-1.651851458957837e-01
5321	-9.737903150222964e-02
5322	1.126159463621901e-01
5323	-2.372551146507490e-02
5324	-1.099681471229992e-01
5325	-1.484423964775863e-01
5326	-2.203137438068647e-01
5327	-1.902236452790297e-01
5328	-1.668827483557787e-01
5329	-9.966562346266768e-02
5330	-4.285697901550381e-01
5331	-1.756026700090567e-01
5332	-2.225784563796157e-01
5333	-7.832761932040662e-03
5334	-4.189354332963730e-01
5335	5.500922932852007e-02
5336	5.843419055649109e-02
5337	-1.832272401918888e-02
5338	1.476833219893582e-01
5339	-8.326918057087365e-02
5340	1.028409293229583e-01
5341	-7.670673850720071e-02
5342	-2.017663065534361e-01
5343	-6.305593089300825e-03
5344	-1.591245874005612e-01
5345	-1.291639937730131e-01
5346	-1.573746869659718e-01
5347	-5.313574748271835e-03
5348	-1.969868380389053e-01
5349	-7.058125399665485e-02
5350	-2.049910804415712e-01
5351	-2.498442695792134e-02
5352	-1.508592650733376e-01
5353	-1.255533254367182e-01
5354	-2.545514513719417e-01
5355	-2.128452292090882e-01
5356	-2.775345032964863e-01
5357	-1.780660052453762e-01
5358	-5.113593319922838e-01
5359	-2.027300873225323e-01
5360	-1.697570685861590e-01
5361	-2.636850505771646e-01
5362	1.317514469796468e-02
5363	-1.581562674223962e-01
5364	-2.413769140961933e-01
5365	-6.848617224648799e-02
5366	-3.008486907763938e-01
5367	-2.840331414324519e-01
5368	-2.630824268350915e-01
5369	-6.354298095610883e-02
5370	-5.631715884353594e-01
5371	-1.957966873170621e-01
5372	-4.498464581938317e-01
5373	-2.468886169245490e-01
5374	-3.945167169725118e-01
5375	-1.464788347440557e-01
5376	-2.010641452350077e-01
5377	-1.484948964881185e-01
5378	-2.485874852367239e-01
5379	1.021465666552564e-01
5380	-2.178598477232287e-01
5381	-9.550613050272475e-03
5382	-5.688256247809705e-02
5383	-9.284593407073992e-02
5384	-1.525786088483061e-01
5385	1.308621591746763e-01
5386	-2.085650374701167e-01
5387	-4.012832972027554e-02
5388	-3.367836082622062e-01
5389	-5.897305056430956e-02
5390	-8.308403350376418e-02
5391	-3.922329764774567e-02
5392	-1.599263825432273e-01
5393	3.349932955728693e-02
5394	-4.372025991398414e-01
5395	1.710755890489697e-01
5396	-2.557787114815597e-01
5397	8.337162862260071e-02
5398	-1.796579715084258e-01
5399	5.159849738810326e-02
5400	1.500964749443284e-01
5401	5.017703148156858e-02
5402	1.226352823620852e-01
5403	4.724578912913607e-02
5404	-1.155780616971187e-01
5405	3.226299884060086e-01
5406	-1.073017756623588e-01
5407	1.486509555202328e-01
5408	1.886989760378954e-01
5409	1.664334868803052e-01
5410	4.520090289134563e-01
5411	9.971076935346659e-02
5412	4.763185426976967e-01
5413	1.314333703504068e-01
5414	2.443242878273867e-02
5415	1.704712242354142e-01
5416	4.248423811729113e-02
5417	1.174378713370948e-01
5418	1.765422942951088e-01
5419	1.115793149938330e-01
5420	-1.585393208416894e-01
5421	1.512047807308958e-01
5422	-1.766388571140999e-01
5423	4.004032677514875e-02
5424	-1.370737067526566e-01
5425	-1.177842518985506e-01
5426	-3.363168111403402e-01
5427	-1.746468069093471e-01
5428	-3.837689047993230e-01
5429	-1.543291047469671e-01
5430	-5.959299113221178e-01
5431	-1.223265971354650e-01
5432	-2.375167974429894e-01
5433	-2.252168175374347e-01
5434	-4.167139719136576e-01
5435	-1.364591470683752e-01
5436	-1.185787065607584e-01
5437	-5.373277626778564e-02
5438	-1.850671934967051e-01
5439	-3.473582165106814e-02
5440	-6.107502775056818e-02
5441	6.535481105698640e-02
5442	3.249954898604388e-01
5443	9.908269176319889e-02
5444	2.196837728605301e-01
5445	1.172690428277137e-01
5446	3.045040999703066e-01
5447	1.283049862635781e-02
5448	1.777333180413366e-01
5449	1.306263157559195e-01
5450	-4.257091922231702e-02
5451	2.532737320336266e-01
5452	-6.999409385573814e-02
5453	2.197877893185477e-01
5454	9.067615511313878e-02
5455	2.632187330651655e-02
5456	2.078148755876585e-02
5457	1.683269573152531e-01
5458	-9.620354547044546e-02
5459	-8.902660417425649e-02
5460	5.990089363713242e-02
5461	-1.207591452692060e-01
5462	-1.541732961952877e-01
5463	3.101120806308221e-02
5464	-5.029230219716980e-02
5465	-5.107619126163554e-02
5466	2.713180477660329e-01
5467	8.912959284663888e-02
5468	1.426489556185775e-01
5469	4.238457621015317e-02
5470	2.358432213998778e-01
5471	4.523103301822878e-02
5472	-5.157124321057234e-02
5473	-6.691897275316738e-02
5474	-3.936843692195911e-01
5475	-6.304084115585630e-02
5476	-1.285428213325244e-01
5477	-2.007979384546009e-02
5478	-4.515155681614103e-01
5479	-2.527137549273489e-02
5480	-1.194548191560467e-01
5481	-1.822446317698981e-01
5482	-1.460929160461382e-01
5483	-3.054529207287992e-02
5484	-2.776548641187799e-01
5485	-6.230308398715837e-02
5486	7.153038828190222e-02
5487	-8.427162912374399e-02
5488	-1.885142143385729e-01
5489	-2.134875871681757e-01
5490	-1.500778163732392e-01
5491	-1.034630239426840e-01
5492	5.370231433692216e-02
5493	-1.499022573422231e-01
5494	1.211975039818984e-01
5495	4.063596727713627e-02
5496	-1.243606227320202e-01
5497	-1.489965316973584e-01
5498	-1.544002862074190e-01
5499	-1.869612009243976e-01
5500	-9.742752359666199e-02
5501	-5.837011777383192e-02
5502	-3.985549009412424e-01
5503	-4.638970742085020e-02
5504	-1.251780890613286e-01
5505	-1.804587756952433e-04
5506	-1.738520543334457e-01
5507	-5.322821515752286e-02
5508	1.908837911829134e-02
5509	-7.707201331511429e-02
5510	-3.085532353047230e-01
5511	1.709900241704738e-01
5512	-2.840939889754123e-02
5513	1.655935790460093e-03
5514	2.978906865618656e-01
5515	-1.547541292889407e-02
5516	5.770171033111494e-02
5517	3.241779053447703e-01
5518	4.365614556486396e-01
5519	3.142669520784425e-01
5520	4.637094328847488e-01
5521	3.224622734814726e-01
5522	5.693976664191258e-01
5523	3.919656996293878e-01
5524	4.435792787141244e-01
5525	1.434106823604861e-01
5526	3.690511348325147e-01
5527	2.344548776295279e-01
5528	2.333051128121736e-01
5529	2.253545412432428e-01
5530	-2.646859598214303e-01
5531	6.264205410271882e-02
5532	-2.612019383782159e-01
5533	-6.165232348422812e-02
5534	-2.058035906750351e-01
5535	-2.706496026819596e-01
5536	-1.994797538419819e-01
5537	-7.147581972817423e-02
5538	-6.015162196539429e-01
5539	-1.167995139175265e-01
5540	-3.168688493660229e-01
5541	-2.274156695132134e-01
5542	2.333047756676852e-02
5543	-3.812532650246766e-02
5544	-2.097820100627295e-01
5545	-2.533388008288485e-02
5546	1.004423053749444e-02
5547	-6.818507056441140e-03
5548	-2.050545284643344e-01
5549	-5.610295580658969e-02
5550	-1.993425988130891e-01
5551	1.737618087167134e-03
5552	-2.624261730906877e-01
5553	-1.133494006664493e-01
5554	-2.690569287340034e-01
5555	1.293617401174884e-02
5556	-1.696336054731512e-01
5557	7.356763284302299e-02
5558	2.041851227243979e-01
5559	1.905586518321383e-01
5560	4.594608436603535e-02
5561	9.368832560316272e-02
5562	-3.574182640255413e-03
5563	1.119423587980524e-01
5564	-1.781630046537917e-02
5565	9.853718878217769e-04
5566	-2.173209621332186e-02
5567	5.443296287889552e-02
5568	7.843019359191859e-02
5569	7.847768453470440e-02
5570	1.927057861228418e-01
5571	6.756202744608082e-02
5572	-1.907329355589181e-01
5573	-1.627823604419349e-02
5574	7.349290605157933e-02
5575	-2.936968279967748e-02
5576	-1.501267726035561e-01
5577	-1.566315478892121e-01
5578	-2.798752253887027e-01
5579	-2.367946986341033e-01
5580	-2.574568786981148e-01
5581	-1.646934982943425e-01
5582	-3.325964325625193e-01
5583	-2.358109876873173e-01
5584	-3.297924962831814e-01
5585	-2.644440292337228e-01
5586	-2.456514837915710e-01
5587	-1.689503534985469e-01
5588	-3.508344040190898e-01
5589	-9.843841258434551e-02
5590	-4.687146035612906e-01
5591	-1.096740257093389e-01
5592	-2.408809224073978e-01
5593	-1.045733045901442e-01
5594	-2.690271577593654e-01
5595	-1.949347254257174e-01
5596	-1.525755052669357e-01
5597	-2.320275881331408e-01
5598	-3.646797436167553e-01
5599	-2.483898455651242e-01
5600	-2.086650988813144e-01
5601	-3.459242896222288e-01
5602	-3.954262757085020e-01
5603	-2.902665362552148e-01
5604	-4.779054575847355e-01
5605	-8.660050330354119e-02
5606	-2.942363177841985e-01
5607	-1.381983040791688e-01
5608	-2.057635468042344e-01
5609	-1.568262076305922e-01
5610	2.365444792001220e-01
5611	-1.382480827881996e-01
5612	-2.504415066479305e-01
5613	-8.444373581823732e-02
5614	9.978605857300225e-02
5615	-4.788106235519517e-02
5616	6.866323769968086e-02
5617	-3.296667249868880e-02
5618	3.911702564070350e-02
5619	-3.730334640230083e-02
5620	-7.821947878824496e-02
5621	5.931243317765895e-02
5622	2.498806019199425e-01
5623	1.148522033006649e-02
5624	8.146410261922578e-02
5625	-5.016389778852625e-03
5626	1.674047175476914e-01
5627	-7.493231927339308e-02
5628	1.856258734218103e-01
5629	-1.108373378092295e-01
5630	1.700313037828383e-01
5631	-1.283106977415001e-01
5632	2.602022987724208e-02
5633	-6.879642095334122e-02
5634	7.190706413309422e-02
5635	-3.846572541413101e-02
5636	1.709391803946118e-01
5637	-5.707373518397683e-02
5638	7.743676993526201e-03
5639	1.128674257263542e-02
5640	1.055992008211918e-01
5641	6.934298128435765e-02
5642	-1.631338847895762e-01
5643	1.330116834182907e-01
5644	-3.019512996548056e-02
5645	3.289864531709353e-02
5646	3.355274554656401e-01
5647	1.907716834920191e-01
5648	1.774298377458756e-01
5649	2.994047964037216e-01
5650	4.369585638858869e-02
5651	2.282130741278385e-01
5652	2.434841774015745e-01
5653	2.531435458931584e-01
5654	3.725838352268014e-01
5655	-6.348685142744945e-02
5656	1.272429645113767e-01
5657	1.372173443474210e-01
5658	-3.112219493725211e-01
5659	9.026488859329454e-02
5660	-2.005633094833199e-01
5661	-1.025490450205253e-01
5662	1.240819395944633e-02
5663	-8.473702891764062e-02
5664	-2.243649612499524e-01
5665	-4.183844255246266e-02
5666	-2.873876846800590e-01
5667	-1.618731038653175e-01
5668	-3.164711058939446e-01
5669	-9.803948863823217e-02
5670	-1.356929935855059e-01
5671	-1.213665976565129e-01
5672	-1.316041353190075e-01
5673	2.307441458079774e-02
5674	-1.332240633795151e-01
5675	-1.085986220355829e-01
5676	2.907995975972008e-01
5677	-6.157111677225989e-02
5678	1.579246257736247e-01
5679	1.793692818699716e-01
5680	9.985000473773757e-02
5681	1.257046268872500e-01
5682	3.952815556816608e-01
5683	4.839896110150309e-02
5684	1.163247765937483e-01
5685	1.636375052894571e-01
5686	-2.059455653106955e-02
5687	-1.121482624595718e-02
5688	1.936941022848380e-01
5689	5.144764363390505e-02
5690	4.010287918520961e-01
5691	1.220844879694493e-01
5692	2.456685007852004e-01
5693	9.213540881374431e-02
5694	3.215519286600916e-03
5695	1.851958050864365e-01
5696	1.130277009829848e-01
5697	-1.732081198919427e-02
5698	-1.542203644972158e-01
5699	-3.968267367993426e-02
5700	1.053854880557005e-01
5701	-4.177547864014450e-02
5702	-2.548122410486364e-02
5703	-1.063988466810129e-01
5704	6.038270674555575e-02
5705	1.591370221752814e-01
5706	-1.841439044399518e-02
5707	-1.342729109157121e-02
5708	1.630027228663898e-01
5709	9.373113995831366e-02
5710	3.337165072235475e-01
5711	6.159475098682500e-02
5712	1.034945154591901e-01
5713	-2.418352881542378e-02
5714	-2.874536176376816e-02
5715	8.075659805916674e-02
5716	1.523082724274246e-01
5717	7.845325080520794e-02
5718	2.502123668563533e-01
5719	1.615940723661679e-01
5720	4.504471931751844e-02
5721	-7.069531564736375e-02
5722	-1.421992060177816e-01
5723	-7.529884536160027e-02
5724	3.009707255342190e-02
5725	2.585453177365112e-02
5726	2.156647856915810e-01
5727	1.398127651407136e-01
5728	7.909045935111927e-02
5729	1.994349331742135e-02
5730	-9.594212323789822e-02
5731	2.690195760404408e-02
5732	2.656880484958042e-01
5733	1.872070432110679e-01
5734	4.230307668590412e-01
5735	2.968577918417365e-01
5736	3.572285315010059e-01
5737	2.930157214661289e-01
5738	4.531101507753764e-01
5739	2.217189103779369e-01
5740	4.882976732371337e-01
5741	1.971732598925726e-01
5742	3.254315781119546e-01
5743	1.439932140337559e-01
5744	1.536996099895271e-01
5745	2.140881308985694e-01
5746	2.027396122513004e-02
5747	4.627888328549736e-02
5748	-7.733677830721755e-02
5749	4.395670365506972e-02
5750	-1.562808938582717e-02
5751	-2.278012769384710e-02
5752	1.366852084935454e-02
5753	-7.746772716188755e-02
5754	-2.779030424992391e-01
5755	-1.296724935317397e-01
5756	6.133752620572175e-03
5757	4.007077218485629e-02
5758	-1.233341169852990e-01
5759	-1.266838754653569e-01
5760	-4.204421584240334e-02
5761	-1.131670195765550e-01
5762	-3.748019838261183e-02
5763	7.936023604738887e-02
5764	-2.373905311945819e-01
5765	-1.243460618194930e-01
5766	-9.746256352196835e-02
5767	-1.629930295613385e-01
5768	-2.252438170920215e-01
5769	-1.506044532632261e-01
5770	1.138028468304832e-02
5771	-2.253481752544892e-01
5772	2.611252640235617e-02
5773	-2.300061650491014e-01
5774	-2.314052734481268e-01
5775	-1.409213115966532e-01
5776	-1.202014638531374e-01
5777	-1.006971193003984e-01
5778	-1.890981133857476e-02
5779	2.172156951699859e-02
5780	9.644468300274833e-02
5781	1.897613473144019e-01
5782	5.578830860160762e-02
5783	1.954939211117301e-01
5784	2.160912437603416e-01
5785	3.043942920709194e-01
5786	4.050840677019055e-01
5787	1.302034128224664e-01
5788	2.837262558986223e-01
5789	5.552940825022912e-02
5790	-1.004517910613286e-01
5791	1.080994886170129e-01
5792	1.177866944261893e-01
5793	-3.759913163652576e-02
5794	6.157183688284563e-02
5795	1.048618690485180e-01
5796	1.867816952437727e-01
5797	1.912944105727678e-01
5798	3.986803178280641e-01
5799	1.772614835558886e-01
5800	2.127355726983256e-01
5801	1.414615051049380e-01
5802	4.480684563291787e-01
5803	2.241136476161474e-02
5804	2.544354392635066e-01
5805	7.579737989285376e-02
5806	1.094072481162241e-01
5807	3.725637992560706e-02
5808	1.985747930316078e-01
5809	-2.372996175958180e-02
5810	-2.464853929307412e-01
5811	1.410038048357817e-01
5812	3.168510505354823e-02
5813	-5.389028115889995e-02
5814	3.727982289946333e-02
5815	-1.931442429505331e-01
5816	-2.001588810798628e-01
5817	-2.929984987805717e-02
5818	-2.323736148629566e-01
5819	-6.357748757574333e-02
5820	1.379976510445673e-01
5821	3.279851172269350e-02
5822	2.787681623677865e-02
5823	1.446521201216077e-01
5824	-1.076153184179145e-01
5825	5.681935814858267e-02
5826	1.694459264293393e-01
5827	5.926765758654053e-02
5828	-1.353102341807642e-01
5829	1.796068625576399e-01
5830	-3.193693467711399e-01
5831	2.400642928061120e-02
5832	5.024022659631686e-03
5833	-4.443275243805601e-02
5834	-6.617605380522339e-02
5835	7.552737150225518e-02
5836	1.038121308955719e-01
5837	1.824401574076778e-02
5838	-1.318454429770581e-01
5839	1.622900880468782e-01
5840	2.639501175003949e-01
5841	9.494290200714425e-02
5842	4.313755005207721e-01
5843	2.688206209594315e-01
5844	1.356335591059011e-01
5845	3.680604587996027e-01
5846	4.755943468343449e-01
5847	1.498988060978256e-01
5848	3.455591355652416e-01
5849	1.943383370362309e-01
5850	2.143985008576608e-01
5851	8.460713799839586e-02
5852	3.194616409009549e-01
5853	-1.258154001859155e-02
5854	1.166598789114492e-02
5855	-1.055680882970684e-02
5856	2.199817101979775e-01
5857	2.185904649220934e-01
5858	3.810860448650478e-01
5859	3.152105097674809e-01
5860	1.437309610848914e-01
5861	2.504637796689154e-01
5862	3.770563999682170e-01
5863	2.698265920682107e-01
5864	2.367479830335966e-01
5865	9.840005109421247e-02
5866	4.134297132363884e-01
5867	2.148444573557523e-01
5868	1.577824675980189e-01
5869	1.447070288184062e-01
5870	2.740094393956626e-01
5871	1.204751285919530e-02
5872	-2.350498025602868e-02
5873	2.183982813010759e-02
5874	-3.773135727392001e-01
5875	5.528013933679526e-02
5876	-1.886829220160310e-01
5877	-6.551739251550703e-02
5878	-1.236488339303221e-01
5879	1.560616167115057e-02
5880	-2.622502335037941e-02
5881	8.392482335314111e-02
5882	2.789754077929643e-01
5883	1.155895644899716e-01
5884	2.101046524134866e-01
5885	1.217895456297461e-01
5886	2.042786914724088e-02
5887	4.379029861839677e-02
5888	1.667138033612421e-03
5889	1.750585109632038e-02
5890	-3.229245171465636e-01
5891	-1.012513445456715e-01
5892	-2.811411768980886e-01
5893	-9.406817678450058e-02
5894	2.160229060705521e-02
5895	-1.567168906885079e-01
5896	-8.492999389168925e-02
5897	-2.656845230761438e-02
5898	-4.468178630625928e-02
5899	-7.040116999066381e-02
5900	-8.050334174847371e-02
5901	6.887338266189286e-02
5902	-3.958327150720413e-02
5903	-7.816761260679665e-02
5904	-2.702578199376334e-01
5905	-2.422018014633502e-01
5906	-3.489079830708702e-01
5907	-1.611569700908366e-01
5908	-4.084414067801233e-01
5909	-2.179000088961310e-01
5910	-6.191777613323106e-01
5911	-2.092293516798125e-01
5912	-2.579880904421387e-01
5913	-2.358276834412601e-01
5914	-2.719907129786193e-01
5915	-2.250642533696986e-01
5916	2.194381774061867e-02
5917	-1.386329578625284e-01
5918	5.159674011324769e-02
5919	-1.101685094251668e-01
5920	6.244356949080153e-04
5921	-6.607320652617758e-02
5922	4.219090881648557e-02
5923	-5.366215559580099e-02
5924	2.859199091952878e-02
5925	-1.605293001464401e-01
5926	-1.365866324983200e-01
5927	-1.689845600117372e-01
5928	-1.912270865108002e-01
5929	-2.152012725890764e-01
5930	-5.084537810791440e-03
5931	-2.562487411956829e-01
5932	-1.425081768761106e-01
5933	-2.268833566354267e-01
5934	-4.880448171918992e-01
5935	-2.267916874499509e-01
5936	-2.969494994871761e-01
5937	-3.420079905975350e-01
5938	-3.562778207217979e-01
5939	-2.334482332401016e-01
5940	-2.820815408211683e-01
5941	-2.363692013429724e-01
5942	-2.364668511134465e-01
5943	-4.773766325743983e-02
5944	-9.302272325444366e-02
5945	6.341465290823260e-02
5946	1.295959653298928e-01
5947	-5.887344554564371e-02
5948	5.917812296028456e-02
5949	2.723726655513927e-02
5950	1.738890912529536e-01
5951	-1.157020182563412e-02
5952	9.643972036562660e-02
5953	3.667375797022607e-02
5954	2.701908601902133e-01
5955	6.704758730820265e-02
5956	2.012928177496488e-01
5957	9.617461010376141e-02
5958	9.327492153850210e-02
5959	-4.262760821394707e-03
5960	1.515726691059409e-01
5961	-2.299035495443329e-02
5962	2.951999804190463e-01
5963	4.624317107153380e-02
5964	4.337164893632958e-01
5965	4.621261416830066e-02
5966	3.722131824615039e-01
5967	1.462497732669534e-01
5968	2.718812247895031e-01
5969	8.276835565881036e-02
5970	6.116056716800661e-02
5971	5.318071508033141e-02
5972	3.158800707874969e-01
5973	2.193101803692601e-01
5974	3.938449473799223e-01
5975	1.084029026819690e-01
5976	2.848594408585707e-01
5977	6.220142354925481e-02
5978	1.123074336728204e-01
5979	4.577043124050151e-02
5980	3.736634918216966e-01
5981	7.425604004000613e-02
5982	3.364216956636621e-01
5983	1.005588737559434e-01
5984	2.719935468156683e-01
5985	2.324619482374472e-01
5986	3.380352687455214e-01
5987	1.720916751003221e-01
5988	9.802738453098744e-02
5989	7.492389464542118e-02
5990	3.628782466244946e-01
5991	1.429062576458272e-02
5992	1.330031214756948e-01
5993	1.110342013655683e-02
5994	3.329660846724035e-02
5995	5.024937888910522e-02
5996	3.702833135852968e-02
5997	-1.975252486296230e-01
5998	-1.826375513224232e-01
5999	-2.459465315916677e-01
6000	-1.899255890378133e-01
6001	-2.354532172762107e-01
6002	-3.050959922079515e-01
6003	-2.124401521443336e-01
6004	-3.582747720302403e-01
6005	-1.796239430854532e-01
6006	6.030771336723927e-02
6007	-1.085682165014909e-01
6008	-8.693248263830314e-02
6009	-5.637764577119361e-02
6010	2.100653876873194e-01
6011	1.061460248315112e-01
6012	9.392522073472329e-02
6013	3.753092064043397e-02
6014	1.421673820849454e-01
6015	1.166053352280999e-01
6016	2.946276718528141e-02
6017	-6.136272513749330e-02
6018	-2.840376615092973e-01
6019	-1.368779272231672e-01
6020	1.316146527297596e-01
6021	-1.877714819973522e-01
6022	-1.718626002331764e-01
6023	-1.296253590984447e-01
6024	-1.793006611031535e-01
6025	-3.254151767956284e-02
6026	1.972744368595206e-02
6027	-5.779181436313482e-02
6028	-1.873594381221786e-01
6029	-2.765394261512271e-02
6030	-2.290356838445184e-01
6031	-7.794008458324710e-02
6032	-1.838207512768679e-01
6033	-1.911966121820778e-01
6034	-3.787884059049402e-02
6035	-6.450477084792106e-03
6036	-4.011429940628313e-01
6037	-6.315576480407144e-02
6038	-2.100377773369865e-01
6039	-1.925793540612722e-01
6040	-1.676747040741329e-01
6041	-3.986623227162316e-02
6042	-3.901854308269619e-01
6043	2.673460235708551e-02
6044	1.725243098973945e-02
6045	-1.331670059736716e-01
6046	-5.768530598324388e-02
6047	5.296934106816619e-02
6048	1.351341896500786e-02
6049	5.993108727640360e-02
6050	-1.924452563782432e-02
6051	8.895753529827390e-02
6052	-6.800166947225099e-02
6053	9.867185686897717e-02
6054	2.011069984289535e-01
6055	2.159787450495121e-01
6056	6.183964743186668e-02
6057	1.610962445569039e-01
6058	2.293697344718895e-01
6059	9.521603782029220e-02
6060	3.984514111672111e-01
6061	2.061423363847141e-01
6062	3.617920859897603e-01
6063	2.213617011261198e-01
6064	1.677601284267758e-01
6065	1.115230172462928e-01
6066	1.454787834578926e-01
6067	1.558038816718896e-01
6068	-5.680206476796197e-03
6069	1.092328841215754e-01
6070	1.495004270886989e-01
6071	2.602407492260882e-02
6072	4.120440081863568e-02
6073	1.514463611085685e-02
6074	-1.158900015675516e-01
6075	4.849534917317961e-02
6076	-9.224997991477172e-03
6077	-2.005919594942593e-02
6078	8.366791454310726e-02
6079	-3.133716895104994e-03
6080	-1.352855126344975e-01
6081	-4.272222427301735e-02
6082	-1.302821312144904e-01
6083	6.039102431723697e-02
6084	-1.299269943248999e-04
6085	-2.172841333492635e-02
6086	1.027264775184059e-01
6087	1.262610974378570e-02
6088	8.182619118664301e-03
6089	3.746764464902536e-02
6090	3.647604880659691e-01
6091	3.791115832126723e-02
6092	9.804716972545811e-02
6093	1.070875246383759e-01
6094	1.944381957290403e-01
6095	1.232934526448576e-01
6096	-8.654536062378190e-03
6097	7.911333661654704e-02
6098	-1.413728771217543e-01
6099	6.437335372311097e-02
6100	-8.952030758367292e-02
6101	5.336590657441037e-02
6102	-2.245486192251397e-01
6103	-5.441293443439170e-04
6104	-1.567677659481450e-01
6105	-1.463368929486841e-01
6106	-8.913569162380207e-02
6107	-1.006752954793981e-01
6108	-3.799520924392096e-01
6109	-1.414817835513220e-01
6110	-5.370398694013190e-01
6111	-1.269213601189765e-01
6112	-2.011069135114430e-01
6113	-7.409598200729685e-02
6114	-1.250307165639595e-01
6115	-2.109557552892724e-01
6116	-4.030870222234072e-01
6117	-1.285292540898179e-01
6118	-5.734091097294735e-01
6119	-1.665536153328671e-01
6120	-8.455664639514529e-02
6121	-9.286473905147884e-02
6122	-1.453541615466089e-01
6123	8.373895911212850e-02
6124	-1.080474223068761e-02
6125	-7.144612672534302e-02
6126	2.770007008939790e-01
6127	-1.343691449019731e-02
6128	3.928555899959611e-02
6129	2.009917202090002e-01
6130	1.825956871249917e-01
6131	8.376633434223424e-02
6132	3.396836533820888e-01
6133	3.096612315866321e-02
6134	-7.054945843132923e-02
6135	2.710352635472145e-01
6136	-1.495418287662493e-02
6137	4.755007134426408e-02
6138	2.741725653045308e-01
6139	1.852218856043229e-02
6140	-1.103152825020624e-01
6141	3.077795339705133e-01
6142	1.722380692425241e-01
6143	1.376717662535928e-01
6144	1.392332452665077e-01
6145	1.089630321648680e-03
6146	1.126602444002115e-01
6147	5.133359318936784e-02
6148	-1.775192298893377e-01
6149	1.626313251711340e-02
6150	-6.755059408935790e-02
6151	-1.790443022571167e-02
6152	-9.561167827112692e-02
6153	7.273985213590080e-02
6154	-6.297472916226365e-02
6155	-1.471821360781852e-01
6156	-3.183245790023941e-01
6157	-2.300364259509633e-01
6158	-3.741577005481439e-01
6159	-3.522521413210121e-01
6160	-3.063473981961845e-01
6161	-2.061335178955272e-01
6162	-6.074630590370027e-01
6163	-1.349876851967586e-01
6164	-3.551241439143581e-01
6165	-2.793620467054445e-01
6166	-3.378557651478306e-01
6167	-2.040757017778417e-01
6168	-3.026268807287384e-01
6169	-1.363636995620470e-01
6170	7.006988768778691e-02
6171	-1.654670660778016e-01
6172	5.509092656739137e-02
6173	-2.093495863979778e-03
6174	2.749502334755043e-02
6175	-6.016547798087036e-02
6176	-6.823225977788702e-02
6177	-1.578078027576874e-02
6178	-1.441409353399427e-01
6179	-1.109926255971529e-01
6180	2.091086498680683e-01
6181	-6.231551923742867e-02
6182	1.331921173676221e-01
6183	4.770007545301549e-02
6184	1.053370116106139e-02
6185	-8.175423903704530e-02
6186	2.767965099810500e-01
6187	-5.716604933977674e-02
6188	3.046109885496161e-01
6189	2.445110288780144e-02
6190	3.940220352164797e-01
6191	7.137654629803247e-02
6192	4.327420401768230e-01
6193	1.257414114434214e-01
6194	5.338920002596054e-01
6195	2.105710904819223e-01
6196	5.005936928092383e-01
6197	2.394108633507379e-01
6198	6.470417250211054e-01
6199	2.532367600476705e-01
6200	5.186440611616695e-01
6201	2.789510232152967e-01
6202	6.112124989329777e-01
6203	2.777158756448632e-01
6204	6.453372733419045e-01
6205	3.111447825891032e-01
6206	4.585818093623736e-01
6207	1.814798791645659e-01
6208	2.827313572798598e-01
6209	1.043559831141912e-01
6210	4.086749253245489e-01
6211	1.298280119622575e-01
6212	2.388497131261925e-01
6213	2.438535286720671e-01
6214	2.502558385518254e-01
6215	1.409383474978955e-01
6216	9.880529521564881e-02
6217	2.027489738055678e-02
6218	-1.013742524683046e-01
6219	-1.180282349439812e-02
6220	-2.191419980691200e-01
6221	-6.460072071549624e-03
6222	-2.769172023109542e-01
6223	5.785692771775412e-02
6224	-1.213051379573852e-02
6225	3.881653220185751e-02
6226	1.502763350893367e-01
6227	4.464754886352833e-02
6228	7.744178899378518e-02
6229	3.550579647809513e-02
6230	-3.147223124545799e-01
6231	1.431013004979655e-01
6232	-4.159871678682448e-03
6233	-7.086243685945910e-02
6234	1.722539338963524e-01
6235	-2.557422550671252e-03
6236	-4.055546047281940e-02
6237	-1.200163793056055e-01
6238	-2.406379826239557e-01
6239	-2.135457938978595e-01
6240	-4.136774528620954e-01
6241	-2.012606883960691e-01
6242	-4.127147758813937e-01
6243	-2.867461355133149e-01
6244	-4.544707664386414e-01
6245	-1.289858488902137e-01
6246	-4.116567830253464e-01
6247	-4.005093705807784e-02
6248	-1.205937479710211e-01
6249	-1.712317040002638e-01
6250	-4.742113175106652e-02
6251	9.238849376560540e-02
6252	-1.979762722777883e-01
6253	1.697930410185392e-01
6254	2.545059949812113e-01
6255	1.374638947196021e-02
6256	2.057175501699129e-01
6257	1.571730663337745e-01
6258	-2.603176109595722e-01
6259	6.801366964931015e-02
6260	1.488151941859797e-02
6261	-2.096472216702523e-02
6262	2.566353477646351e-01
6263	1.856984122995960e-01
6264	1.014589767507518e-01
6265	2.353121049192473e-01
6266	2.873311731668838e-01
6267	2.723106818014932e-02
6268	1.552598656684842e-01
6269	4.917993141250814e-02
6270	3.180142483974563e-01
6271	5.035354143147874e-02
6272	5.573702250171670e-02
6273	-3.115324987056250e-02
6274	-1.719265043455214e-02
6275	7.682816228191389e-02
6276	-4.086770738929577e-02
6277	1.367614883553542e-01
6278	2.650829092087013e-01
6279	-2.202959876816650e-02
6280	2.158168050535209e-01
6281	6.162947147771241e-02
6282	1.099500212447484e-01
6283	5.016309428481567e-02
6284	2.069665539843118e-01
6285	1.740319477825838e-01
6286	3.200683083868173e-01
6287	6.454060880235710e-02
6288	1.743594166998868e-01
6289	-8.871954364707557e-03
6290	-1.675085183151271e-01
6291	8.551186385584322e-02
6292	5.892707252007409e-02
6293	1.226054281578118e-01
6294	2.868107489970619e-01
6295	4.228059491151447e-02
6296	2.018040392754614e-01
6297	2.243255188299368e-01
6298	3.984890487870937e-01
6299	2.640318685464489e-01
6300	4.314037134230950e-01
6301	2.931006630144748e-01
6302	4.576762542484455e-01
6303	4.445951012432071e-01
6304	3.013129482511327e-01
6305	3.219834934859072e-01
6306	4.582515700596724e-01
6307	2.010296190723829e-01
6308	7.801754208587329e-02
6309	2.200683503171032e-01
6310	3.496990896021591e-01
6311	9.382586949932867e-02
6312	1.990600502458177e-01
6313	3.993946783081785e-02
6314	-1.408321200410602e-01
6315	1.553370932989804e-01
6316	1.340860853676501e-01
6317	1.895507684066589e-02
6318	7.320012548086526e-02
6319	-4.892072074616167e-03
6320	1.412426035275325e-01
6321	-5.753480668049318e-02
6322	2.381090738874724e-01
6323	5.928459190232498e-02
6324	2.183198732677759e-01
6325	-8.172565116293454e-02
6326	-2.042737352085499e-02
6327	-1.316730127065522e-01
6328	-9.348840063667628e-02
6329	-1.007808420129664e-01
6330	-4.769104431828451e-01
6331	-1.964684508260580e-01
6332	-1.314003714019598e-01
6333	-3.012819349304854e-01
6334	-2.351460968629161e-01
6335	-1.548582253000667e-01
6336	-2.869309461484048e-01
6337	-1.527815167834403e-01
6338	-2.419836857956545e-01
6339	-2.268797570958259e-01
6340	-3.065127014626461e-01
6341	-8.553513724443725e-02
6342	-4.295808697464659e-01
6343	4.209027003805542e-02
6344	2.414590784253445e-02
6345	-7.477914905909394e-02
6346	1.711030480556376e-01
6347	2.870392838597367e-02
6348	6.163219730127833e-02
6349	3.430310791711820e-02
6350	-7.029718325118219e-02
6351	1.283682475583533e-01
6352	1.002357922939592e-01
6353	1.345490129401842e-01
6354	6.484631283620122e-03
6355	1.261601916935825e-01
6356	-6.191183391428109e-02
6357	1.887060986620434e-01
6358	-6.743910244110161e-02
6359	7.644442357494584e-02
6360	-6.369526841047840e-02
6361	2.437046462842201e-02
6362	-1.763480340945367e-01
6363	1.862897130250448e-02
6364	-2.226879812379598e-01
6365	4.818095515731946e-02
6366	1.254400070628294e-01
6367	-9.942211077243296e-03
6368	-1.317011130149974e-01
6369	2.211695968473627e-01
6370	1.862455435906615e-02
6371	-2.895462468014014e-03
6372	1.747453139827121e-01
6373	3.864925404125930e-02
6374	-6.363068318514531e-02
6375	1.950257536202500e-01
6376	3.246895957109982e-02
6377	-2.353564439236855e-03
6378	3.003254069792520e-01
6379	3.733392893643466e-02
6380	2.691574881892207e-01
6381	7.754678337613763e-02
6382	-6.573640944251241e-02
6383	-1.112936570610614e-01
6384	1.489175461498116e-01
6385	-7.410755712795802e-02
6386	1.338007076522380e-01
6387	-1.508893607018930e-02
6388	1.119107904808754e-01
6389	-1.424325503485049e-02
6390	2.144059816021617e-02
6391	6.553612679436951e-02
6392	3.266254479631326e-02
6393	-4.858530815572705e-02
6394	1.807133312769391e-01
6395	-4.360315257518755e-02
6396	1.838246194801083e-01
6397	2.179144314974724e-02
6398	2.103475908942205e-01
6399	-8.995897184604287e-02
6400	-1.315192100926239e-02
6401	-9.692870171241513e-02
6402	-2.808944783423444e-01
6403	-1.003859160035884e-01
6404	7.289131438723385e-03
6405	-1.639043053908355e-01
6406	-6.589139867016508e-02
6407	-7.303371375555881e-02
6408	-8.154167860754524e-02
6409	2.565498561323435e-02
6410	1.121774042018941e-01
6411	-8.566266034755778e-02
6412	-1.899760453646853e-01
6413	-3.879865686269663e-02
6414	-7.136689530570832e-03
6415	-4.639558357089152e-02
6416	-9.072218989267065e-02
6417	-7.703978369253067e-02
6418	-1.262730437592456e-01
6419	-7.545671585473820e-02
6420	1.031644132820962e-01
6421	-5.924438183496700e-02
6422	-5.885803675460742e-02
6423	-1.810364762779095e-01
6424	-2.413644770310940e-02
6425	-4.188056153881969e-02
6426	-1.354516860194981e-01
6427	-8.017680512287584e-02
6428	7.040058810949393e-02
6429	-1.713841344075597e-01
6430	2.137510998429052e-01
6431	-1.533736260543906e-01
6432	-1.619897239828989e-01
6433	-2.735178323295573e-01
6434	-1.740636815323912e-01
6435	-1.673494191059006e-01
6436	-1.036951531076297e-01
6437	-2.312109586522798e-01
6438	-4.045939287827279e-01
6439	-2.388334106600226e-01
6440	-1.002197112101757e-01
6441	-2.297867704015715e-01
6442	-2.321669077101670e-01
6443	-1.880961452250464e-01
6444	-8.861349890105126e-02
6445	-7.937277297031753e-02
6446	1.274448404964673e-01
6447	3.914464357387858e-02
6448	8.836233086711508e-02
6449	2.326209429458177e-02
6450	2.301445598636676e-01
6451	2.757101256587534e-02
6452	1.533217520726597e-01
6453	-2.045446608139386e-03
6454	2.276357598762780e-01
6455	-2.177277980284664e-02
6456	-3.370065909033704e-03
6457	-1.093302667445384e-01
6458	-6.196021187553825e-02
6459	-1.071867165944311e-01
6460	2.448030293811291e-01
6461	1.011365842078567e-01
6462	3.794693845177154e-02
6463	5.778750255192364e-02
6464	2.312638428824457e-01
6465	2.420071613883061e-01
6466	3.901468971368040e-01
6467	1.816468762548701e-01
6468	3.686042390917691e-01
6469	2.275824891725319e-01
6470	5.201607614656227e-01
6471	1.835682975719325e-01
6472	3.286119442771235e-01
6473	2.398888679844331e-01
6474	7.594070784246969e-02
6475	2.754919734250276e-01
6476	4.427936313583904e-01
6477	2.909667374568753e-01
6478	4.687518361608313e-01
6479	3.317842067854788e-01
6480	9.528684027080518e-02
6481	2.326184162988910e-01
6482	4.980193177192003e-01
6483	4.109004064071282e-02
6484	2.757019592469727e-01
6485	3.165638678920852e-02
6486	-2.221642235567554e-01
6487	3.108789090778262e-02
6488	7.320045493422447e-02
6489	-2.472762573281354e-02
6490	-2.465372322988656e-01
6491	4.117803950244462e-02
6492	-1.723159243711977e-01
6493	2.281970072979791e-03
6494	7.518750614057872e-02
6495	7.414904760654844e-03
6496	-7.919186751778919e-02
6497	-1.148546686968014e-01
6498	-1.707205383703297e-01
6499	-1.650023527667328e-01
6500	-2.097218150255778e-01
6501	-5.961401612039421e-02
6502	-2.677185571700795e-01
6503	-2.475526935049460e-01
6504	-1.636728058707623e-01
6505	-2.722802029301556e-01
6506	-2.940062152198089e-01
6507	-1.738996732757875e-01
6508	-2.453806735390462e-01
6509	-2.904045517062182e-01
6510	5.659630957439974e-03
6511	-2.892259559143559e-01
6512	-2.474125656989026e-01
6513	-8.212313714831505e-02
6514	-2.743500113192807e-01
6515	-2.351220574267292e-01
6516	-9.950645980990527e-02
6517	-1.693231258392359e-01
6518	-1.936967077995238e-01
6519	6.460127069846694e-02
6520	-1.054971954030553e-01
6521	-1.607234625379601e-02
6522	1.680739152187019e-01
6523	-3.462395725798970e-02
6524	-1.209577911365975e-01
6525	7.515893676088886e-02
6526	1.315508300090297e-01
6527	-9.388316100224611e-03
6528	1.213914032807317e-01
6529	-1.704327419190795e-03
6530	1.167164937242003e-01
6531	1.040902337782434e-01
6532	-1.167405964864770e-01
6533	-1.154058480082141e-01
6534	-7.554280117341530e-03
6535	-1.451055877927883e-01
6536	2.354247310539234e-03
6537	-1.033189068460581e-01
6538	1.271998495522759e-01
6539	-1.338907055885726e-01
6540	7.408341977457064e-02
6541	-1.770503219546141e-01
6542	-1.257448252959397e-01
6543	-4.077555087754609e-02
6544	-4.306358874319056e-02
6545	-2.248360764293323e-01
6546	3.036765018149005e-01
6547	6.459061818109958e-02
6548	2.046436071320063e-01
6549	2.286100250654544e-01
6550	6.318666502184575e-02
6551	1.967991842761374e-01
6552	2.777353377373017e-01
6553	2.301997962354217e-01
6554	3.168570569677449e-01
6555	7.544756813142094e-03
6556	1.128008654662668e-01
6557	1.615645301019910e-01
6558	2.770370665815215e-01
6559	1.126297930496159e-01
6560	2.213536258527017e-01
6561	1.933102732920714e-01
6562	3.771601852565818e-01
6563	2.500680961267162e-01
6564	1.440489928322465e-01
6565	3.045817561374445e-01
6566	1.199149579517109e-01
6567	2.346306866729395e-01
6568	1.562899398690783e-01
6569	1.856893071074973e-01
6570	8.339082857464579e-02
6571	1.494601610627792e-01
6572	-1.658214461575615e-02
6573	1.582488475837670e-01
6574	1.674960463871483e-01
6575	1.606197398812702e-01
6576	8.847134104343667e-02
6577	1.079139737493189e-01
6578	-1.605230186246894e-01
6579	9.262008840757902e-02
6580	2.895251649590486e-01
6581	7.585740925293281e-02
6582	2.126569745342058e-01
6583	7.101182520415229e-02
6584	1.474087899663284e-01
6585	2.282745276851456e-01
6586	2.121544839688099e-01
6587	1.564593990718055e-02
6588	3.885280116562720e-03
6589	-5.455373396436730e-02
6590	1.498073190935802e-01
6591	-1.477414888837276e-01
6592	-1.046293021007632e-01
6593	-8.516699018497548e-02
6594	-4.660619563019192e-01
6595	-6.377972135661210e-02
6596	-2.765815999128343e-01
6597	-1.512534445447057e-01
6598	-2.941592264798781e-01
6599	-8.566160898241422e-02
6600	-2.399305154917543e-01
6601	-1.266302733799994e-02
6602	-2.872999384739038e-01
6603	-1.025907230150507e-02
6604	-3.177961362823455e-01
6605	-5.477447049942188e-02
6606	-1.617503335518025e-01
6607	-2.300800939712147e-03
6608	-9.740979107521658e-02
6609	-6.493796756177629e-02
6610	-3.177624133780876e-02
6611	-1.415011393239382e-01
6612	3.249799226624502e-02
6613	-1.876838822262394e-01
6614	-2.258764361206767e-01
6615	-1.465008690545986e-01
6616	-1.526909551074433e-01
6617	-1.234406295097324e-01
6618	7.557866512655752e-02
6619	-5.813172388592690e-02
6620	-2.555862049242780e-01
6621	-1.001274503048258e-01
6622	-3.888914563084048e-01
6623	-1.578826148910815e-01
6624	-7.572899831320633e-02
6625	-1.362905447973807e-01
6626	-1.626474606885883e-01
6627	-1.676398732489432e-01
6628	-6.365011647764557e-02
6629	-2.106339669304491e-01
6630	3.374784147335722e-01
6631	-1.233098931649591e-01
6632	-4.315977228606878e-03
6633	-4.858569636572228e-02
6634	1.263508846523112e-01
6635	-1.155228505329612e-02
6636	2.543818539647368e-01
6637	-1.060335879859738e-02
6638	-4.908630126412457e-02
6639	-1.316356248548966e-01
6640	-6.642041326797042e-02
6641	-1.363656873911650e-01
6642	-2.022144530559681e-01
6643	-7.604369104693449e-02
6644	-3.113885908589161e-01
6645	-5.270028802747995e-02
6646	-2.801291193107615e-01
6647	-1.527256967854958e-01
6648	-1.915564794080294e-01
6649	-1.860745153692074e-01
6650	-6.397057523551324e-02
6651	-9.201919427655551e-02
6652	-3.072811453543817e-02
6653	-5.599128825651619e-02
6654	1.110732784465244e-01
6655	-1.901950064443262e-02
6656	-9.104608641312395e-02
6657	4.584570975129970e-02
6658	-1.597923818688170e-01
6659	-7.552203792362415e-02
6660	-1.858304086306369e-01
6661	-1.001409790755207e-01
6662	-2.341069726003713e-01
6663	-1.977023481287601e-01
6664	-1.399546816882803e-01
6665	-5.912065317938392e-02
6666	-3.915250120118964e-01
6667	8.729281443069743e-03
6668	6.560625028618178e-02
6669	4.303583738703201e-02
6670	-1.755069153073729e-01
6671	5.265756032422634e-02
6672	1.377429202629964e-01
6673	1.347698658000630e-01
6674	2.469418234062749e-01
6675	7.586081916525303e-02
6676	2.059452520830038e-01
6677	7.807498252356952e-02
6678	2.395302399933249e-01
6679	1.239025645560604e-01
6680	1.578211061604846e-01
6681	2.388665709402306e-01
6682	2.478351901929463e-01
6683	8.779548090258832e-02
6684	6.125491940872293e-02
6685	9.827470033488156e-02
6686	-3.890509558425564e-02
6687	9.877702738325460e-02
6688	3.627865356117811e-02
6689	9.929894761034398e-02
6690	-2.641554374093748e-01
6691	8.997224280135063e-02
6692	-1.130874582435994e-01
6693	1.240010530999649e-01
6694	-5.873508379387224e-02
6695	8.797859457482125e-02
6696	5.155801951628938e-02
6697	1.042095550008047e-01
6698	1.927505823051154e-01
6699	1.365829051424452e-01
6700	1.715717529417707e-01
6701	2.142022918140732e-01
6702	2.965530025291602e-01
6703	1.913748253719494e-01
6704	1.222600961886762e-01
6705	8.866578794564527e-02
6706	1.561166840299442e-01
6707	5.086798520393968e-02
6708	1.863714598708639e-01
6709	3.792854196195075e-02
6710	-2.312861864654311e-01
6711	-4.543597888399743e-02
6712	-7.578483046965359e-02
6713	3.819703463706198e-02
6714	-2.396991534245752e-01
6715	4.317542572116934e-02
6716	-2.362309114710833e-01
6717	-1.693857439809828e-01
6718	-2.732946779830531e-01
6719	-8.251231846270277e-02
6720	-2.456249802798535e-01
6721	-5.570689666658697e-02
6722	-2.879455466868957e-01
6723	-1.831230854065907e-01
6724	-2.411929700163338e-01
6725	-5.668357322712320e-02
6726	-5.178496836043662e-01
6727	-1.462374687065737e-01
6728	-1.920744093468366e-01
6729	-2.224643119840862e-01
6730	-4.034181938077804e-02
6731	-1.211607419047630e-01
6732	-2.516208863913340e-01
6733	-8.198702499666688e-02
6734	-2.898757826958813e-01
6735	6.637020788935843e-02
6736	-1.137977469573031e-01
6737	-4.463323407381525e-02
6738	-1.618233929403374e-02
6739	-8.212539647200891e-02
6740	-2.051257289237118e-01
6741	-8.343397596694696e-02
6742	-1.766376428782507e-01
6743	-9.123046458986415e-02
6744	-5.229882720930562e-02
6745	-8.761274765436103e-03
6746	-1.092330015993124e-01
6747	3.593749577881532e-02
6748	-9.150670334919339e-02
6749	-4.284196301972261e-02
6750	-4.764596810889545e-04
6751	-3.946287095281440e-02
6752	-3.256725009134123e-02
6753	-3.358266122513856e-02
6754	1.060742167031573e-01
6755	1.239034531808106e-01
6756	-8.815451456203850e-02
6757	1.783345822434221e-02
6758	7.600722877547002e-02
6759	-6.172714222079081e-03
6760	-1.598614362197051e-02
6761	-6.490328718067652e-03
6762	5.236067230015111e-02
6763	3.918585203713364e-02
6764	-1.478054232626221e-02
6765	-2.625331279388347e-02
6766	1.514256895199228e-01
6767	2.585304590458644e-03
6768	1.228591160488193e-01
6769	-3.587678228072751e-02
6770	2.291968493970879e-01
6771	1.392499824667471e-01
6772	1.033390572845262e-01
6773	-6.318572532727554e-02
6774	3.137325719224063e-01
6775	6.897616487318821e-03
6776	-5.289973246509067e-02
6777	2.117397673494369e-02
6778	-7.589388296906069e-02
6779	-4.340839669269519e-02
6780	3.073542981013025e-01
6781	-1.924653722970583e-02
6782	-3.131901050381290e-02
6783	-8.984481926253576e-02
6784	-5.926746445572545e-03
6785	1.624788340965981e-02
6786	1.977425343878866e-01
6787	-5.913208275344430e-02
6788	1.490930491433015e-01
6789	1.175355926813964e-01
6790	-4.962904874325915e-02
6791	7.730361163320981e-02
6792	2.764683744280950e-01
6793	1.015909831983391e-01
6794	2.627041694065497e-01
6795	1.033714414194524e-02
6796	1.990134629635602e-01
6797	-6.467238680187153e-02
6798	-7.134321592599664e-02
6799	-2.183181049715313e-02
6800	1.420995840098977e-01
6801	-5.926005739601599e-02
6802	2.653492620794876e-01
6803	9.318520205319565e-02
6804	5.908183471607410e-02
6805	-3.859693315455231e-02
6806	1.098330421251927e-01
6807	-1.439041688761389e-01
6808	-4.870837411377315e-02
6809	-1.317618116262308e-01
6810	-2.660319810107905e-01
6811	-7.648435295552000e-02
6812	-1.960081103363578e-01
6813	-1.434754277565132e-01
6814	-1.800397881458252e-01
6815	-8.161605513998144e-02
6816	-9.579526110697720e-02
6817	-1.313322571166650e-01
6818	9.846164647005166e-02
6819	-1.226608728379547e-01
6820	1.782615348191046e-01
6821	-6.307044085568274e-02
6822	-5.592367380221230e-02
6823	2.598105779414061e-02
6824	5.297381446055310e-02
6825	6.042966381077723e-02
6826	2.818812037185015e-02
6827	8.600623920647027e-02
6828	-7.049190497197309e-02
6829	1.279555527656164e-01
6830	3.158000522403150e-01
6831	7.866732205174173e-02
6832	1.494909595318213e-01
6833	1.421305168817245e-01
6834	-7.422349538337195e-02
6835	1.466629677463565e-01
6836	1.990241541178110e-01
6837	1.343800630715583e-01
6838	2.189967997884461e-01
6839	4.532914400514752e-02
6840	7.177761191470944e-02
6841	1.010348432294818e-01
6842	1.022704162764857e-01
6843	1.915409535955803e-02
6844	-1.197211543606921e-01
6845	4.008707337098512e-02
6846	-4.290822547522763e-01
6847	-6.364843266565587e-03
6848	-1.041579972303573e-01
6849	2.549642754336656e-02
6850	-1.065606962221339e-01
6851	1.140298876620500e-01
6852	-7.957520881374518e-02
6853	1.828464028734251e-01
6854	1.093356328980712e-01
6855	1.194904098730242e-01
6856	4.605876185778970e-02
6857	1.135342086642551e-01
6858	-3.245029932797262e-02
6859	1.055948245490315e-01
6860	2.356596308276323e-02
6861	7.319755744875442e-02
6862	1.379850133831982e-01
6863	9.505182394643556e-02
6864	2.931281502073465e-02
6865	-6.271361390836468e-02
6866	-1.538371279591464e-01
6867	5.045971453361008e-03
6868	-1.687591466258153e-01
6869	4.237917122698739e-02
6870	-2.744499232510553e-01
6871	8.543039762081750e-02
6872	3.570690216004822e-02
6873	9.643396059207858e-02
6874	1.418479360239257e-01
6875	2.924447134008264e-02
6876	-1.976001617083910e-02
6877	3.187137997287056e-02
6878	9.794736138953042e-02
6879	-1.016444005812950e-01
6880	2.638618778660418e-02
6881	2.562433812505648e-03
6882	-2.294849278046853e-01
6883	-1.764078603866360e-02
6884	5.665366444319419e-02
6885	-1.843378781582710e-01
6886	1.061807598270279e-01
6887	-6.355338135234648e-02
6888	-1.206458798015398e-01
6889	-7.462474112072846e-02
6890	-2.722440391437770e-01
6891	-1.372816084891727e-01
6892	-4.293814878552285e-04
6893	-6.668830601292700e-02
6894	-5.432173054473490e-02
6895	-4.597207096407228e-03
6896	-2.600910352963537e-02
6897	-3.185593339309068e-02
6898	-3.989366585502412e-02
6899	1.429928814117391e-02
6900	-1.904460793231315e-02
6901	7.471546814136921e-03
6902	-2.497961915782741e-01
6903	8.217601563123260e-02
6904	-2.025791684660771e-02
6905	5.157773859458165e-02
6906	1.760767576329278e-01
6907	9.608952406346506e-02
6908	-7.149534025277533e-02
6909	1.497296647892816e-01
6910	1.288188348952323e-01
6911	8.406361563202265e-02
6912	6.307894902562061e-02
6913	4.046143123000601e-03
6914	-6.040485566949134e-02
6915	1.249222674415237e-01
6916	9.073178304018507e-02
6917	2.616827506174128e-02
6918	1.009789253931497e-01
6919	4.814142148621537e-03
6920	-1.157904271329829e-01
6921	-3.041676354437035e-02
6922	-2.434687788463973e-01
6923	-3.619161955155661e-02
6924	-3.663971333144325e-01
6925	-1.287325876302089e-01
6926	-3.093887179642571e-01
6927	-2.396961406339943e-01
6928	-2.780850104678525e-01
6929	-1.787150118791406e-01
6930	-2.684370436141103e-01
6931	-2.043574263650830e-01
6932	-1.789230776034043e-01
6933	-2.327211354517058e-01
6934	-2.032544398027102e-01
6935	-3.896394855428389e-02
6936	-2.332611665370948e-01
6937	-1.528005119458214e-01
6938	-2.070736438484726e-01
6939	-1.183202156223349e-01
6940	-1.934850062833047e-01
6941	-9.409468660344000e-02
6942	-2.877529136843621e-01
6943	-3.287589699957439e-02
6944	2.533698430115055e-02
6945	9.887791054067960e-02
6946	1.571175934875865e-01
6947	1.041186480407821e-01
6948	1.252109642172766e-01
6949	1.055031791269325e-01
6950	-1.733630134927393e-02
6951	1.438898830371979e-01
6952	-9.434689800999627e-03
6953	4.025521907094692e-02
6954	-1.564788711783278e-01
6955	1.794173565824681e-01
6956	-3.258590039056135e-02
6957	1.484116650999014e-01
6958	3.843676566689288e-02
6959	1.801230583913378e-01
6960	4.115506366307873e-01
6961	2.022469643769806e-01
6962	2.537086126627124e-01
6963	3.384306404434873e-01
6964	2.925295127633686e-01
6965	2.788467909825836e-01
6966	4.057191423309908e-01
6967	2.068187724211289e-01
6968	2.209299791149803e-01
6969	3.483207771072447e-01
6970	8.943001763251285e-02
6971	1.834217642242404e-01
6972	5.327296507910022e-01
6973	1.319744682458848e-01
6974	3.270680512585775e-01
6975	2.937217226314253e-01
6976	2.220219654650364e-01
6977	1.661451209661584e-01
6978	4.453283598433394e-01
6979	1.586117710082427e-01
6980	1.374601513504346e-01
6981	3.017395392400158e-01
6982	1.647965127909971e-01
6983	1.451819865684813e-01
6984	3.347146702119764e-01
6985	2.305003852896143e-01
6986	3.961926371141137e-01
6987	2.548151307381074e-01
6988	3.076381473303204e-01
6989	1.369185770760158e-01
6990	4.201025675323511e-02
6991	1.412917590546079e-01
6992	2.172414573211222e-01
6993	1.292809400006473e-01
6994	2.420262530192167e-01
6995	5.552520239851901e-02
6996	2.629801777081945e-01
6997	5.587740381979212e-02
6998	7.825404059130545e-03
6999	-9.068787314916817e-03
7000	1.235672540227708e-01
7001	8.123433550522238e-02
7002	1.423246853465022e-02
7003	8.611666838023585e-02
7004	9.060172287023083e-02
7005	1.939251839690073e-01
7006	2.224373653469192e-01
7007	9.346876411358537e-02
7008	1.261670497474962e-01
7009	9.242341387987141e-02
7010	3.755978322959433e-01
7011	7.941839623387702e-02
7012	3.009385209674117e-01
7013	1.957247626576466e-01
7014	-3.985021473843450e-02
7015	3.031862894179964e-01
7016	2.119008659831362e-01
7017	2.095100716328777e-02
7018	8.044714613942350e-02
7019	9.883594485717670e-02
7020	5.021609588914897e-02
7021	1.222272167214653e-01
7022	2.007053502723420e-03
7023	2.143494732591162e-03
7024	3.919518582474428e-02
7025	7.643258735000510e-02
7026	1.528601819975428e-01
7027	6.800667532137360e-02
7028	5.286060110839154e-03
7029	3.104960372742262e-02
7030	-1.570292535251573e-01
7031	-8.849948189671678e-03
7032	3.778720150433743e-02
7033	-2.426500322030484e-02
7034	-7.299863177470010e-03
7035	-6.849730903524220e-02
7036	6.601741328318761e-02
7037	-1.646494462777551e-02
7038	9.375273072862048e-02
7039	1.685426733105039e-02
7040	6.997531656372546e-02
7041	5.079262926288004e-02
7042	2.058104120798411e-01
7043	8.911713230234362e-02
7044	-9.386929508793352e-03
7045	3.227982558111452e-02
7046	1.315214024528961e-01
7047	6.430630189390578e-02
7048	2.454146834382979e-03
7049	7.744894675331296e-02
7050	-1.101655422965985e-01
7051	-6.891854919539045e-02
7052	-1.971053977750909e-01
7053	-9.585891798737664e-02
7054	-2.096502431610976e-01
7055	-2.426748862601621e-02
7056	-1.514291791703852e-01
7057	-6.775625588849475e-02
7058	-2.354380504820097e-01
7059	-8.091012012416661e-03
7060	-2.939414432114805e-01
7061	-9.018524076415543e-02
7062	-2.609453102549100e-01
7063	-1.197164750938268e-01
7064	-1.674267483305996e-01
7065	-1.517711359303758e-01
7066	-2.321157051901356e-01
7067	-1.569436129505079e-01
7068	-7.309509840906336e-02
7069	-1.023706163979835e-01
7070	-4.357777939544015e-01
7071	-1.699150813756235e-01
7072	-1.477887801265076e-01
7073	-1.513777015101744e-01
7074	-1.743559330893925e-01
7075	-1.371347009816465e-01
7076	-2.554852906615579e-01
7077	-5.863382411580841e-02
7078	-2.421003836642209e-01
7079	-1.433146688235587e-01
7080	-1.313165073705166e-01
7081	-1.992641011645214e-01
7082	-2.591056243740891e-01
7083	-1.233711444324976e-01
7084	-8.809959391025587e-02
7085	-1.235099056964131e-01
7086	4.659495407079628e-02
7087	-1.687791210680394e-01
7088	-1.457808436253166e-01
7089	2.219030295991889e-02
7090	-2.791980286203289e-02
7091	-1.904139686223155e-01
7092	-4.527800021226828e-02
7093	-1.754123826615924e-01
7094	-2.082515435266305e-01
7095	-1.545458796237880e-01
7096	-1.357878695265335e-01
7097	-1.471347169558933e-01
7098	-7.481863525882451e-02
7099	-1.322856269102924e-01
7100	-8.435391341338442e-03
7101	-1.725571410975368e-02
7102	6.117403946426925e-02
7103	3.674738429933812e-02
7104	7.378661489902535e-02
7105	-1.371234003552879e-02
7106	-9.709641662308587e-02
7107	9.872367793904067e-02
7108	9.679394483507117e-02
7109	7.053032341958850e-03
7110	7.703449013685831e-02
7111	-6.206661697796370e-02
7112	-1.408915760672869e-02
7113	-5.735366416407003e-02
7114	-1.390111494094495e-01
7115	-1.485961843456730e-01
7116	-2.254182458993161e-01
7117	-1.442820993250052e-01
7118	-2.049643450596279e-01
7119	-4.080533070101711e-02
7120	-1.801940349465053e-01
7121	-6.554469059285231e-02
7122	-3.048470243836138e-02
7123	-1.010104469085848e-01
7124	-1.612825822140359e-01
7125	-1.164773816572640e-01
7126	7.207209685526590e-02
7127	-3.439678947385284e-03
7128	-3.671865252525781e-02
7129	-2.321538201891640e-02
7130	-2.709855904135750e-01
7131	-1.977747642725886e-01
7132	-2.045597611453362e-02
7133	-1.166659484843365e-01
7134	-3.966244500798808e-01
7135	-1.604906130087721e-01
7136	-8.360841086584506e-02
7137	-2.523207066213623e-01
7138	-3.987747126477034e-02
7139	-1.621778022466615e-01
7140	-4.503480492262279e-01
7141	-2.225394110207675e-01
7142	-1.874602926975152e-01
7143	-2.676456973988489e-01
7144	-1.400780757886665e-01
7145	-2.036037018652325e-01
7146	-2.305557712474587e-01
7147	-2.070544473421450e-01
7148	-6.982370072606048e-02
7149	-2.462447460016518e-01
7150	-5.389715683458454e-02
7151	-1.461413766196837e-01
7152	-1.537176898771413e-01
7153	-1.938720824490016e-01
7154	-2.176914474686754e-01
7155	-2.248623890935112e-01
7156	-5.959076665728421e-02
7157	-1.543579015889903e-01
7158	-1.505867058222778e-02
7159	-1.235282886738227e-01
7160	-1.790671752952701e-01
7161	-2.912962562388804e-01
7162	-2.506242817433247e-01
7163	-1.449339356379051e-01
7164	-2.726903413245398e-01
7165	-2.683692685439718e-01
7166	-2.950746965105874e-01
7167	-2.392624758925297e-01
7168	-2.754870707979957e-01
7169	-1.888510855133817e-01
7170	-4.627311194686610e-01
7171	-1.134853987664123e-01
7172	-1.803795453330566e-01
7173	-4.839035352536467e-02
7174	9.159017209171716e-02
7175	-1.621268861898768e-02
7176	6.509844124346991e-03
7177	3.317411611169772e-02
7178	4.202960931705344e-02
7179	-4.348929375614216e-02
7180	-1.998326982001291e-01
7181	-7.987878894603784e-02
7182	-1.746545396146824e-01
7183	-1.531016557493047e-01
7184	-2.062331370035937e-01
7185	-5.697374758096697e-02
7186	-2.050200204530992e-01
7187	-5.877383315068549e-02
7188	-2.828044486365152e-01
7189	1.655876926588390e-02
7190	3.611204252084971e-02
7191	-7.863492391182728e-02
7192	-5.454383672831324e-02
7193	3.383209010228669e-02
7194	-3.285292187983700e-01
7195	5.797946273352201e-02
7196	2.440107103580301e-02
7197	4.718413011034781e-03
7198	2.188283132847789e-01
7199	1.159957258384618e-01
7200	1.589739832041846e-01
7201	1.270894311670398e-01
7202	3.343449135771466e-01
7203	1.361119488702808e-01
7204	2.902154216875022e-01
7205	2.109991461016919e-01
7206	3.207358364936470e-01
7207	1.662008833528563e-01
7208	2.604826474304927e-01
7209	1.377253620749638e-01
7210	8.807446650727935e-03
7211	1.273438224674484e-01
7212	1.736672951660830e-02
7213	9.168937255871169e-02
7214	3.402323227684141e-02
7215	-8.407512324588985e-02
7216	5.489540267416966e-02
7217	4.170594581672508e-03
7218	-5.539260656180317e-02
7219	3.975001569283763e-02
7220	8.186768330985143e-03
7221	4.780862580720607e-02
7222	7.746633013172639e-02
7223	-4.265340887996753e-02
7224	-1.657838967198429e-01
7225	-1.064876194325661e-01
7226	-1.662525897436924e-01
7227	-1.337853501724611e-01
7228	-2.266359539855023e-01
7229	-1.030454610310322e-01
7230	-4.961754560263747e-01
7231	-2.354146316953872e-01
7232	-2.528615687586215e-01
7233	-2.355182531664189e-01
7234	-2.935697918613935e-01
7235	-2.651089741053994e-01
7236	-2.955264957066321e-01
7237	-1.638660966586107e-01
7238	-5.098546801850725e-01
7239	-1.820115875372085e-01
7240	-3.562603087853675e-01
7241	-2.219808856226666e-01
7242	-4.418701820587750e-01
7243	-1.600913624312912e-01
7244	-1.708526106826079e-01
7245	-3.413662149260726e-01
7246	-2.284272734055977e-01
7247	-1.714790850907090e-01
7248	-2.352232894339971e-01
7249	-1.902091193114284e-01
7250	-1.990359091136096e-01
7251	-1.298350700953614e-01
7252	-8.003921718291453e-02
7253	-6.131093187935658e-02
7254	-7.924669266865275e-02
7255	-1.188080297741024e-01
7256	-4.945705896174202e-02
7257	-9.670291227545296e-03
7258	1.890927060695047e-02
7259	-2.777662873418425e-02
7260	-1.908617486835546e-01
7261	-1.560699468146088e-01
7262	-1.915553933944635e-01
7263	-1.607567518376800e-01
7264	-1.361808474526291e-01
7265	-1.046594709560595e-01
7266	-4.201330913894802e-01
7267	-8.336724666497543e-02
7268	-2.364302772393988e-01
7269	-2.058014332026921e-01
7270	-9.527097826215128e-02
7271	-1.333703121857363e-01
7272	-2.351178813204161e-01
7273	-2.000592132659477e-01
7274	-2.894737554740501e-01
7275	-1.026908707211262e-01
7276	-2.514377581019198e-01
7277	-1.295466068156350e-01
7278	-2.768112359157788e-02
7279	-8.041093051624558e-02
7280	2.147641822948829e-02
7281	5.145186830999468e-02
7282	1.209858280743715e-01
7283	2.542289058518511e-02
7284	-8.129405182597205e-02
7285	5.268896998269715e-02
7286	-7.376243375088101e-02
7287	2.340683978501040e-02
7288	-4.602885302299422e-02
7289	-7.956700066184975e-02
7290	-1.613640265198081e-02
7291	-6.382721306134281e-02
7292	6.525171672509000e-02
7293	-1.481275562543646e-01
7294	2.886522248719298e-01
7295	6.530786724060424e-02
7296	1.644242152741441e-01
7297	1.312510183363476e-01
7298	2.469945037419048e-01
7299	1.228318935183860e-01
7300	2.087792150727266e-01
7301	1.529730344597927e-01
7302	3.098192241113741e-01
7303	8.282643270834442e-02
7304	1.982723961122756e-01
7305	1.343080933258545e-01
7306	3.065283094081792e-01
7307	1.125182452372647e-01
7308	2.294475358667314e-01
7309	8.960762118553800e-02
7310	-4.639830759183567e-02
7311	-3.645871389893660e-02
7312	6.110796683103800e-02
7313	3.243598537171383e-02
7314	-2.453434626205102e-01
7315	-1.184064387082703e-01
7316	-1.833959484700135e-01
7317	-1.075008327255627e-01
7318	-1.782085752168567e-01
7319	-1.045407352265005e-01
7320	-6.323551414052045e-02
7321	-2.347663977862306e-02
7322	1.542555298489399e-01
7323	-7.545840464562399e-02
7324	6.275141509089170e-02
7325	-6.235547078568205e-03
7326	9.894420893578876e-02
7327	-3.029276410445466e-02
7328	1.232250672511779e-01
7329	1.444452047818388e-01
7330	2.967966614768203e-01
7331	1.084021414014497e-01
7332	3.423066051134084e-01
7333	1.471843049767967e-01
7334	2.921207074813930e-01
7335	1.257379527837569e-01
7336	1.872207785121921e-01
7337	1.837364817599130e-01
7338	2.653847869398975e-01
7339	4.777081754734045e-02
7340	-7.685531339044057e-04
7341	9.839021490861976e-03
7342	-4.134666878258413e-02
7343	-2.962356978433181e-02
7344	-3.410895410308636e-03
7345	9.493763020954984e-02
7346	-5.631319911813534e-02
7347	1.068802719750220e-01
7348	-9.163364178292192e-02
7349	6.479405467416023e-02
7350	-2.599572458844321e-02
7351	3.025253994558869e-02
7352	-7.522386080478942e-02
7353	-1.554346440058343e-02
7354	-7.973297513446359e-02
7355	4.017639087321279e-03
7356	-1.236948450432610e-01
7357	-5.541014351857798e-03
7358	1.082521836813062e-01
7359	6.878409745083298e-02
7360	-1.164492806800262e-02
7361	-1.046499129557717e-02
7362	-4.250454543015733e-02
7363	2.221949565515672e-02
7364	-4.658800821901381e-02
7365	8.740476150624936e-02
7366	1.200299433956954e-01
7367	7.033931464055189e-02
7368	1.203346978104906e-01
7369	7.479944676844251e-02
7370	-1.581529337155912e-01
7371	4.321876802286975e-02
7372	-8.740975016872055e-02
7373	-4.651149483296478e-02
7374	8.239229949225341e-02
7375	-2.327311660770159e-02
7376	-6.879328606768498e-02
7377	-7.789113424366288e-02
7378	-2.519690329441274e-01
7379	-1.576181150659789e-01
7380	-5.818827057484166e-02
7381	-1.339019561187521e-01
7382	-1.299455496245830e-01
7383	-1.326599670366282e-02
7384	-2.769257278258551e-02
7385	4.389597885969059e-02
7386	1.402841148910798e-01
7387	-7.023713020526702e-02
7388	2.297546109070145e-02
7389	-2.746844572437523e-02
7390	1.103547850851961e-01
7391	-8.706015527173902e-02
7392	-1.208785244621006e-01
7393	-6.542074602426931e-02
7394	-1.187755707165614e-01
7395	-2.141071983845398e-01
7396	-1.180861472878774e-01
7397	-1.297156858422029e-01
7398	-2.365550106389120e-01
7399	-6.759750862698952e-02
7400	-1.220590333014657e-01
7401	-2.314817514370554e-01
7402	-2.332145337926227e-01
7403	-1.507370226094719e-01
7404	-3.067449826250218e-01
7405	-1.541114458672540e-01
7406	-2.167303298941340e-01
7407	-1.095105712326231e-01
7408	-2.392203494893147e-01
7409	-1.874358107284500e-01
7410	-1.037989544796018e-02
7411	-1.435801734010055e-01
7412	-2.606370411153240e-01
7413	-2.283995474978548e-02
7414	-6.883655876220210e-02
7415	-1.406144626083656e-01
7416	-4.524632619249529e-02
7417	-7.957980189147659e-02
7418	-9.013018939230863e-02
7419	-6.362371523727758e-02
7420	7.807846325771624e-02
7421	-7.987990311091676e-02
7422	9.751382253625984e-02
7423	-3.389817421262840e-02
7424	7.111605066878561e-02
7425	5.352984397961977e-02
7426	1.484641249795098e-01
7427	-2.864661032424967e-02
7428	-2.583302364802774e-02
7429	9.788860908615245e-02
7430	1.802768873407844e-01
7431	-3.921841451964254e-02
7432	-8.619022709033749e-03
7433	-6.247413878297831e-02
7434	-1.320057860597941e-01
7435	-1.291501942990709e-01
7436	-1.227237758553328e-01
7437	-8.695681736079858e-02
7438	-2.239373843660595e-01
7439	-1.934776053566086e-01
7440	-1.695307541775263e-01
7441	-2.048781101315487e-01
7442	-1.399437569302141e-01
7443	-1.024331787505888e-01
7444	-7.469731204430209e-02
7445	-1.464585489785401e-01
7446	-1.890675540884866e-01
7447	-8.673927530233611e-02
7448	-7.233759255139666e-02
7449	2.291779912051833e-02
7450	-1.470229719563643e-01
7451	-2.133994534611364e-02
7452	-9.338166944309649e-02
7453	-7.144428068941788e-02
7454	-8.033555353889330e-02
7455	-1.571815123488411e-01
7456	-9.725116473497704e-03
7457	2.771406299236284e-02
7458	-1.986052095661870e-01
7459	2.577989141969549e-02
7460	-1.523759280611661e-01
7461	3.520682621423697e-02
7462	-2.374169189967028e-01
7463	-5.202116063434975e-02
7464	-2.141915944089349e-02
7465	-9.159636714226363e-02
7466	-8.555387914751256e-02
7467	1.148550871024603e-01
7468	3.436738472150553e-02
7469	5.901903986586800e-02
7470	1.964354121001095e-01
7471	3.986207887650350e-02
7472	1.027531673712716e-01
7473	2.334366688650706e-01
7474	1.638810696999331e-01
7475	2.267819308525805e-02
7476	2.558764288912252e-01
7477	3.945636507318931e-02
7478	-1.472643621514926e-02
7479	7.110736515554812e-02
7480	8.599382347992707e-02
7481	8.349412901833872e-02
7482	9.766174148014698e-03
7483	6.339536925268882e-02
7484	2.071065929583109e-01
7485	1.858175919233787e-01
7486	2.764358787051263e-01
7487	1.345727281867085e-01
7488	2.514374629988009e-01
7489	1.346342500854432e-01
7490	-5.471500193272528e-02
7491	2.235952988773492e-01
7492	2.146678737374398e-01
7493	9.611181773455919e-02
7494	3.387385775035077e-01
7495	4.660701179152797e-02
7496	1.961185636630584e-01
7497	1.986612003855353e-01
7498	2.814630790777144e-01
7499	1.598223335115854e-01
7500	1.691421030652260e-01
7501	8.136544402698598e-02
7502	3.925735089339179e-02
7503	1.640865440718513e-01
7504	1.524177892037276e-01
7505	2.220186306382687e-01
7506	1.437897619634234e-01
7507	1.552966455903806e-01
7508	2.140285313865087e-01
7509	6.680108340899692e-02
7510	3.177382899310785e-01
7511	2.001296033730852e-01
7512	8.941166758707308e-02
7513	2.460326032165853e-02
7514	7.719220058769242e-02
7515	2.837404500488000e-02
7516	1.240846693391498e-01
7517	6.488091469094037e-02
7518	-1.101548751880600e-01
7519	3.803468366753768e-02
7520	1.080322205008251e-01
7521	8.046238489748392e-02
7522	9.983287352679242e-02
7523	1.026243669975363e-01
7524	8.978710821201533e-02
7525	1.021343912117060e-01
7526	2.305613042366637e-01
7527	1.854359936638586e-01
7528	2.135413039224803e-01
7529	1.558471551327930e-01
7530	-6.655848598999736e-02
7531	8.142878200519070e-02
7532	3.067732528951726e-02
7533	2.646860342932217e-02
7534	1.552358548752676e-02
7535	1.143728063948633e-01
7536	2.724527531921949e-02
7537	5.172199066626077e-02
7538	5.824344045485321e-02
7539	1.371224685551004e-01
7540	2.972875631026626e-01
7541	8.463842169101897e-02
7542	1.589119782281300e-01
7543	7.348999693013755e-02
7544	2.129099089820514e-01
7545	1.961843207254148e-01
7546	3.312328552160533e-01
7547	1.666306063980274e-01
7548	4.876871261221289e-01
7549	2.005545388050947e-01
7550	2.779982534280368e-01
7551	2.695205455524126e-01
7552	3.062618677877829e-01
7553	2.632084439446992e-01
7554	4.780464506739104e-01
7555	1.397137209990715e-01
7556	2.590383494035403e-01
7557	3.019070442472767e-01
7558	1.762502140635449e-01
7559	1.641082935511617e-01
7560	4.581737953030148e-01
7561	2.113169063356814e-01
7562	2.318887302368148e-01
7563	1.494678798497288e-01
7564	1.093983944366273e-01
7565	3.209881435500743e-01
7566	-7.405354913712546e-02
7567	3.029923899600116e-01
7568	1.403073415873043e-01
7569	1.527645026880756e-01
7570	3.475246180586153e-01
7571	2.120550788182055e-01
7572	1.598759482691615e-01
7573	2.737006565501611e-01
7574	4.430018064278424e-01
7575	2.704780594235185e-01
7576	3.233663733522336e-01
7577	2.915240438452148e-01
7578	2.373127615863159e-01
7579	3.579617057130209e-01
7580	2.447717280960788e-01
7581	2.789920350241714e-01
7582	3.202319254366829e-01
7583	1.990977945372530e-01
7584	1.875060174886454e-01
7585	1.914130509093008e-01
7586	2.816313099662527e-02
7587	1.136058337032059e-01
7588	-6.371330230520519e-02
7589	5.530007290064548e-02
7590	4.533033739975137e-01
7591	6.801260577848335e-02
7592	5.213529389893912e-02
7593	5.481897964748284e-02
7594	4.061527221919368e-03
7595	6.777479163937832e-02
7596	1.218264633317760e-01
7597	7.100058159831037e-02
7598	1.700885867030235e-01
7599	1.104486407757087e-01
7600	1.983465418118349e-01
7601	4.710684065276097e-02
7602	-7.306271998508321e-02
7603	8.800981121653605e-02
7604	1.233551755747276e-01
7605	1.463764209974640e-01
7606	1.702356753497208e-02
7607	3.154350016900559e-02
7608	5.662709170384335e-03
7609	-2.097426420706760e-02
7610	1.275763841069581e-01
7611	6.272969262111548e-03
7612	-1.134752475867424e-01
7613	-6.478077716980270e-02
7614	-4.670072988790579e-02
7615	-4.522769367710027e-02
7616	-4.497905223930165e-02
7617	-1.148163283717881e-01
7618	5.834279196386304e-02
7619	-5.627100611390438e-02
7620	1.054878927822596e-01
7621	-3.035637587046067e-02
7622	-1.620986355854861e-03
7623	-2.167909466837063e-01
7624	-1.087207671334858e-01
7625	-1.294557570200323e-01
7626	-3.745719398863793e-01
7627	-2.041709616201050e-01
7628	-1.907939977337260e-01
7629	-3.231405640093025e-01
7630	-4.319268667891036e-01
7631	-2.315516089094466e-01
7632	-3.700182110146372e-01
7633	-2.094455674162284e-01
7634	-1.971119201297396e-01
7635	-1.639779350077887e-01
7636	-2.805613267094421e-01
7637	-1.633068359768622e-01
7638	-3.922993314798124e-01
7639	-7.703224753109869e-02
7640	-1.617979141990855e-01
7641	-1.316887740478270e-01
7642	-1.693089923431817e-01
7643	-8.506646410119080e-02
7644	-2.253295135890767e-01
7645	-4.827222802968140e-02
7646	-1.508428967846932e-01
7647	-1.525744490471632e-01
7648	-6.651949405843996e-02
7649	-2.392909149670893e-02
7650	-1.058153251485166e-01
7651	-2.438647912560005e-03
7652	8.667224388507772e-02
7653	-2.554886202734961e-02
7654	1.450009631608010e-01
7655	3.552109373652498e-03
7656	-4.243074491094381e-02
7657	4.959350236232139e-02
7658	1.039924903665264e-01
7659	-1.263382094468384e-02
7660	-1.828208980787896e-01
7661	-7.257103897886349e-02
7662	2.543150504417364e-03
7663	-9.160995162537658e-02
7664	-1.620180787292166e-01
7665	-6.676852956346614e-02
7666	-1.595957683938651e-01
7667	2.741308098386348e-02
7668	4.179415231787383e-02
7669	1.833767520018685e-02
7670	-2.741693025415246e-01
7671	1.216372651829765e-01
7672	-2.238491659763581e-02
7673	9.980770194881229e-02
7674	2.194334347668966e-01
7675	1.054053650387161e-01
7676	-1.843861081327294e-02
7677	2.334878614252465e-01
7678	1.356822077799940e-01
7679	1.433106687396769e-01
7680	1.704479889089601e-01
7681	1.945740254813213e-01
7682	1.534013836134323e-01
7683	2.995285810765170e-01
7684	-1.375077430664406e-03
7685	2.325592869304319e-01
7686	1.000646927692577e-01
7687	1.252614915218167e-01
7688	4.032484142674494e-02
7689	2.560307726555426e-01
7690	1.737055425130427e-01
7691	1.042413459838704e-01
7692	-5.293711882677121e-02
7693	6.025505237015123e-02
7694	-1.120829926836353e-01
7695	1.101583538947681e-01
7696	-9.201115239748371e-02
7697	-5.182080326742467e-02
7698	3.808750420094454e-03
7699	-6.514522508709104e-02
7700	-1.889057987557301e-01
7701	-1.401132507414571e-03
7702	-2.484809231727422e-01
7703	-1.328099840216064e-01
7704	-2.090519111392456e-01
7705	-9.735387775017547e-02
7706	-2.955747716222710e-01
7707	-5.303585020849817e-02
7708	-2.900497480525526e-01
7709	-1.386949812644491e-01
7710	-4.106720733871058e-01
7711	-9.265213804138782e-02
7712	-1.215331062910100e-01
7713	3.165629776177153e-02
7714	-2.447287966783378e-01
7715	-5.626456679631704e-02
7716	-9.573895332368584e-02
7717	1.062320701192699e-02
7718	2.917409912034409e-02
7719	7.840211308637782e-02
7720	-3.304073048937962e-02
7721	-1.077796315799532e-01
7722	-2.659049148654753e-02
7723	-2.791449506885401e-02
7724	4.229636174217781e-03
7725	-3.127500349743375e-02
7726	-3.321139482353739e-02
7727	-3.308092942307121e-02
7728	-1.245776880387199e-03
7729	-4.126333859028203e-02
7730	1.476003144986966e-01
7731	7.367384656846886e-02
7732	1.097499748492574e-01
7733	8.623778895550843e-02
7734	2.664555437233849e-01
7735	-8.814463725666616e-02
7736	1.894881993792384e-01
7737	1.526276877107182e-01
7738	2.388602516580761e-01
7739	1.101873739936933e-01
7740	1.477690930013911e-01
7741	1.001669086059123e-01
7742	1.464298829029130e-02
7743	1.439370944680962e-01
7744	-1.509922580119997e-02
7745	-6.440607888481598e-02
7746	2.460545255293193e-02
7747	-4.919705729546905e-02
7748	-1.657447010492514e-01
7749	-4.120887664346649e-02
7750	-1.754831256214084e-01
7751	-8.924106778164430e-02
7752	-1.732997816620693e-01
7753	-7.252725886443070e-02
7754	-1.822731748642744e-01
7755	-2.275889050446107e-01
7756	-2.017900697556292e-01
7757	2.731762478945398e-02
7758	-1.351951266650231e-01
7759	4.350306478143415e-02
7760	-7.227675761303740e-02
7761	3.980138735749877e-02
7762	-7.741291803917799e-02
7763	-3.054335048932513e-02
7764	-9.120616714870144e-02
7765	-2.063981138342787e-02
7766	8.182336926713007e-02
7767	2.625570950296708e-02
7768	-2.637408041189648e-02
7769	-7.538236696734031e-02
7770	1.875559867047171e-01
7771	-6.391734339929167e-02
7772	-1.021117661690924e-01
7773	-5.390008569669969e-02
7774	-9.047758685886628e-02
7775	3.019172702291888e-02
7776	-2.769979962957875e-02
7777	5.125305061089817e-02
7778	-6.990146202048278e-02
7779	-7.542229861158968e-02
7780	-9.549021491274300e-02
7781	-6.137091052759253e-02
7782	1.042809776110279e-01
7783	-5.966622928332167e-02
7784	1.149835681681103e-02
7785	-6.499539807117821e-02
7786	1.273790091683894e-01
7787	-5.101820424273260e-02
7788	2.946352484525779e-01
7789	1.300776692187334e-02
7790	-8.950736576533007e-02
7791	-1.040407739147249e-03
7792	9.920985062565942e-02
7793	2.491850728756449e-02
7794	1.368994621203526e-01
7795	-3.965328806004000e-02
7796	1.662424618643465e-01
7797	6.010347455285622e-02
7798	2.635400011976384e-01
7799	-3.237167367370612e-02
7800	2.259161499957610e-01
7801	-1.339299686267607e-02
7802	2.161736037452282e-01
7803	8.948060429822967e-02
7804	2.123450047253137e-01
7805	8.646281387984174e-02
7806	2.752975405154338e-01
7807	-1.584416195268368e-02
7808	6.331532146644543e-02
7809	8.484026800352722e-02
7810	-1.328798464372830e-01
7811	-1.005578269518579e-01
7812	4.600722043991406e-02
7813	-1.590815839084048e-01
7814	-7.450726354488518e-02
7815	6.204871366575886e-02
7816	-1.392290357923385e-02
7817	-5.568313435279108e-02
7818	1.462151188125929e-01
7819	-9.549762710823038e-02
7820	1.509328646373740e-01
7821	-7.001541443449015e-02
7822	-5.100669206090545e-02
7823	-3.805248096354754e-02
7824	1.128931263876193e-02
7825	6.422923949439079e-03
7826	-2.200255528331466e-01
7827	-9.045214899750632e-02
7828	-1.469429446432247e-01
7829	-6.706850545859878e-02
7830	-2.943845998913735e-02
7831	-1.075108956981521e-01
7832	-1.751157807883350e-01
7833	-6.059323747441340e-02
7834	-2.201931707113205e-01
7835	-1.579096677677760e-01
7836	-2.055342396723691e-01
7837	-1.319616360019967e-01
7838	-1.811266602076828e-01
7839	-7.928284225032418e-02
7840	-8.393629457921423e-02
7841	-8.340569662616150e-03
7842	6.379740923348834e-02
7843	7.710801048277265e-02
7844	-9.998751708101856e-02
7845	9.984079841678362e-02
7846	-7.144875738609617e-02
7847	9.569280192360007e-02
7848	4.684567925770889e-02
7849	2.133104499014933e-02
7850	-1.061766611842039e-01
7851	1.745449021675714e-02
7852	-1.214398674808954e-01
7853	-2.124828160582952e-02
7854	3.471371603702988e-01
7855	-1.000686107507957e-01
7856	-1.514843630260693e-01
7857	-3.138702848219140e-02
7858	-1.721265913044739e-01
7859	-1.179967939029496e-01
7860	1.679963021588887e-01
7861	-9.417947992209881e-02
7862	-1.114577553311162e-01
7863	2.536517883044734e-03
7864	-5.382046345532140e-02
7865	3.362487003161475e-02
7866	8.075162420330850e-02
7867	5.063937710236840e-02
7868	-9.484413625270385e-02
7869	1.415584339254699e-01
7870	1.218491001237601e-01
7871	6.303475589489144e-02
7872	8.056840971495906e-02
7873	1.405084030845979e-01
7874	1.412867919700035e-01
7875	9.969568609631775e-02
7876	1.511952454615919e-02
7877	1.459881633413463e-01
7878	-1.265316228034747e-01
7879	1.208716792257525e-01
7880	4.782605249439072e-02
7881	8.776810235738944e-02
7882	7.550361481438980e-02
7883	3.679117642715599e-02
7884	-4.139293444250307e-02
7885	1.219518803335343e-02
7886	-1.291199254614890e-01
7887	6.992290891630108e-03
7888	-8.948807981047172e-02
7889	-4.766610785231856e-02
7890	-2.637454081272259e-01
7891	-8.982076449988609e-02
7892	-5.390495683865805e-02
7893	-9.962407411631767e-02
7894	-1.111917210311454e-01
7895	-1.532925689363440e-01
7896	-9.863550999068273e-02
7897	-5.710118397676824e-02
7898	8.408079579764617e-02
7899	-9.336864066751255e-02
7900	2.678091114521194e-02
7901	2.931180335688504e-02
7902	-3.312010108825992e-02
7903	2.158507394775445e-02
7904	1.722489130144731e-01
7905	-1.091871739332121e-01
7906	2.098921871148122e-01
7907	1.113904424337377e-01
7908	6.590540064942767e-03
7909	2.653618552757354e-02
7910	-1.906447918399403e-01
7911	6.089831142665974e-02
7912	1.090937846131588e-01
7913	7.905885023142425e-02
7914	2.538811504764547e-01
7915	6.696094311303903e-02
7916	2.908120450503822e-01
7917	1.401311162122241e-01
7918	3.318653192257185e-01
7919	2.088524462134767e-01
7920	2.284955699322451e-01
7921	1.868998446352462e-01
7922	2.515008631023596e-01
7923	2.954114855602952e-01
7924	3.787612862295944e-02
7925	1.140064401241228e-01
7926	2.479722585678023e-01
7927	8.623038718166395e-02
7928	2.307315172235997e-02
7929	1.817342992894721e-01
7930	-1.645964145692821e-01
7931	1.234488952741972e-01
7932	5.798747376520507e-03
7933	8.280830282829528e-02
7934	-2.746574352706101e-02
7935	9.568818699550100e-02
7936	-1.624269584785707e-03
7937	6.394474368829246e-02
7938	4.344545367573673e-02
7939	4.507198719736511e-02
7940	2.107635100601959e-02
7941	5.123421410666433e-02
7942	4.368449239020768e-02
7943	1.132782339985390e-01
7944	1.129719957384499e-01
7945	1.914592704158445e-01
7946	2.328470754336555e-01
7947	9.091740694830559e-02
7948	2.248907325401948e-01
7949	1.522518678220088e-01
7950	3.038959584751907e-01
7951	1.910660112733476e-01
7952	2.464504597692966e-01
7953	2.738126724148607e-01
7954	2.788325936485704e-01
7955	2.579312509420683e-01
7956	2.272712006106057e-01
7957	1.341800783804432e-01
7958	2.453230030119795e-01
7959	2.705429258830255e-01
7960	2.434189898799128e-01
7961	8.967893311033502e-02
7962	2.522284904084889e-01
7963	1.297262380300946e-01
7964	9.445195525390759e-02
7965	1.794450607302911e-01
7966	2.479969468892836e-01
7967	8.171053317383326e-02
7968	6.513243111115317e-02
7969	6.879212707195968e-02
7970	2.261944853212092e-01
7971	4.447908171666125e-03
7972	1.235264442293381e-01
7973	1.278909277744025e-01
7974	-6.533199539099577e-02
7975	1.276623068761282e-02
7976	-1.650905710657153e-02
7977	-1.198873286705032e-01
7978	-1.170584113693440e-01
7979	-1.288158670975697e-01
7980	-2.721594958230305e-01
7981	-1.346064407319360e-01
7982	-2.873363051091588e-02
7983	-1.247728868236769e-01
7984	-1.464486068402647e-01
7985	-2.104002469166967e-01
7986	-1.892736635008559e-01
7987	-9.614152858071554e-02
7988	-8.401280225530450e-02
7989	-1.662111486196826e-01
7990	-3.216125969454494e-01
7991	-1.349875788318183e-01
7992	-1.187423016586088e-01
7993	-8.419582521819101e-02
7994	4.999462348806278e-02
7995	-2.965930899078974e-01
7996	-6.474395076439986e-02
7997	-1.649390599652156e-01
7998	-3.213280366065875e-01
7999	-1.766529161350546e-01
8000	-2.584565838977894e-01
8001	-2.171147003235033e-01
8002	-2.673703576856842e-01
8003	-2.323505907573996e-01
8004	-5.922803657685685e-02
8005	-2.893086472799271e-01
8006	-2.283730953411398e-01
8007	-1.141704694532791e-01
8008	-1.796605478326865e-01
8009	-1.254344724743810e-01
8010	-5.477946420957824e-02
8011	-8.795238234075768e-02
8012	-6.755618611247023e-02
8013	-1.540071602156303e-01
8014	-1.468682579360331e-01
8015	-1.045166858711701e-01
8016	-1.895966304077686e-01
8017	-9.066555840015594e-02
8018	-9.450286641894437e-02
8019	-2.055791183876716e-01
8020	-3.111469665522648e-01
8021	-1.758664667873342e-01
8022	-4.876183497427480e-01
8023	-1.892238039020055e-01
8024	-3.212752157921204e-01
8025	-3.592349453916642e-01
8026	-3.612344664369761e-01
8027	-2.409661024518262e-01
8028	-2.810173227485149e-01
8029	-1.489536748054167e-01
8030	-4.381196264697155e-01
8031	-2.214455573443841e-01
8032	-1.994376503485209e-01
8033	-1.597581831575328e-01
8034	-3.111023866620591e-01
8035	-2.030562445245554e-01
8036	-1.062451578660499e-01
8037	-1.552265800158402e-01
8038	-1.535662030261810e-01
8039	-1.200063165563016e-01
8040	-1.837321436574828e-01
8041	-1.291515954242378e-01
8042	-1.961134842106974e-01
8043	-1.623549888938464e-01
8044	-1.218944398010415e-01
8045	-2.120415020918811e-01
8046	-1.584150320221594e-01
8047	-2.117141397805574e-01
8048	-1.504609047145512e-01
8049	-2.577549483611310e-01
8050	-1.029297547293604e-02
8051	-1.718037463583798e-01
8052	4.624659655452599e-02
8053	-9.802903186674540e-02
8054	-1.048516067511900e-02
8055	-1.275481575803528e-01
8056	7.004596007777869e-02
8057	-6.118533912372515e-02
8058	-9.784529084053552e-02
8059	2.652091920258137e-02
8060	2.967149587840069e-01
8061	-3.963943309046383e-02
8062	2.503392818521235e-01
8063	5.384049092970476e-02
8064	4.829205492727225e-02
8065	1.242525863349969e-03
8066	2.121245813142203e-01
8067	-8.080949532067925e-03
8068	2.141743319884393e-01
8069	9.698723414735222e-02
8070	-1.141515653218285e-01
8071	5.424728465936487e-02
8072	1.466150931505683e-01
8073	3.396398295523603e-02
8074	2.145569361305329e-01
8075	7.281144303666187e-02
8076	-6.664405091124515e-02
8077	7.312018483107643e-02
8078	2.063662683844342e-01
8079	-1.826675114793616e-02
8080	1.275336056364176e-01
8081	1.076476667162891e-01
8082	-8.189219147842207e-03
8083	1.222980168170226e-01
8084	1.211667767001792e-01
8085	5.145449138563892e-02
8086	2.386581323704060e-01
8087	1.490327542983186e-01
8088	4.428836335966854e-02
8089	1.392718321704512e-01
8090	2.758341807555976e-01
8091	-1.444245342740422e-02
8092	1.375601799343434e-01
8093	7.994488794792984e-02
8094	-2.594819171100797e-01
8095	1.030791279531131e-02
8096	-4.729869138010315e-02
8097	-1.598995366550638e-01
8098	-1.447405419988585e-01
8099	-3.286873393780018e-02
8100	-2.108737830449386e-01
8101	-8.639757800268526e-02
8102	-1.626114451529799e-01
8103	-1.186868718449066e-01
8104	-1.099433485334252e-01
8105	-7.538183765432499e-02
8106	-2.837300427957696e-01
8107	-9.765728248563499e-03
8108	5.647043564507327e-02
8109	-1.395530457544866e-02
8110	1.924774718802614e-01
8111	3.396013505970796e-02
8112	1.510059133259591e-01
8113	4.868196429241323e-02
8114	7.166312058235251e-02
8115	1.252394179472946e-01
8116	1.254308023688689e-01
8117	2.984795658953226e-02
8118	1.823248068690517e-01
8119	2.546896010297723e-02
8120	1.707595978977121e-01
8121	5.095681942528434e-02
8122	2.358630581250208e-01
8123	1.151899665234940e-01
8124	6.260365801320499e-02
8125	9.439142136101814e-02
8126	2.267919234309025e-01
8127	-9.732609098359150e-03
8128	1.040336820136434e-01
8129	-7.222604742805925e-03
8130	-2.539477439255674e-01
8131	-4.600524945318211e-02
8132	-6.523760442851703e-02
8133	-1.686372607313745e-01
8134	-1.523067572291202e-01
8135	-1.276153960274513e-01
8136	-1.872552333726918e-01
8137	-9.108315836844168e-02
8138	2.109413016328077e-04
8139	-2.147011430925349e-01
8140	-6.141348712893436e-02
8141	-1.846378051921991e-01
8142	-3.820340346513765e-01
8143	-1.557035806147313e-01
8144	-1.702947275458910e-01
8145	-2.820518317560948e-01
8146	-1.926479516162959e-01
8147	-1.203803383479404e-01
8148	-9.531342689069520e-02
8149	-1.149716997458469e-01
8150	-1.876997739070943e-01
8151	-2.432859147228483e-01
8152	-9.446867394252770e-02
8153	-1.212293754313282e-01
8154	-1.675526872576073e-01
8155	-7.869031854250927e-02
8156	-1.409714510200311e-01
8157	-2.150981805130380e-01
8158	-2.278608691476399e-01
8159	-1.586363093722704e-01
8160	-2.778258498645700e-01
8161	-1.030204704129923e-01
8162	-3.989405540244507e-01
8163	-2.516299231131550e-02
8164	-2.542034841200067e-01
8165	-4.561496065038854e-02
8166	-3.098353355329138e-02
8167	-3.410326628816779e-02
8168	-1.742368547057300e-01
8169	5.770926455442335e-02
8170	-4.055090695065376e-01
8171	-3.182213976472312e-02
8172	-1.407707415584669e-01
8173	-8.870936107077687e-02
8174	-1.422659913229795e-01
8175	-2.183863890717050e-01
8176	-2.007688023863047e-01
8177	-5.065970260724713e-02
8178	-4.567467002783763e-01
8179	-1.041565938110850e-01
8180	-4.947304259460970e-01
8181	-2.180827773908967e-01
8182	-3.866146119382590e-01
8183	-1.827161598285912e-01
8184	-4.619909474684138e-01
8185	-2.783335685283733e-01
8186	-4.056727395386095e-01
8187	-2.000311123243733e-01
8188	-3.932209783103042e-01
8189	-1.775327572739778e-01
8190	-3.654867405513706e-01
8191	-1.258862990658509e-01
8192	-2.262932900233061e-01
8193	-1.324983019755370e-01
8194	-1.340606363548001e-01
8195	-5.779461122211253e-02
8196	-2.963275058449320e-01
8197	-1.786928390973169e-01
8198	-2.168940375800822e-01
8199	-8.901401518643978e-02
8200	-1.839906660368703e-01
8201	-1.388695107287437e-01
8202	-9.475903290279082e-02
8203	-1.403942627662731e-01
8204	-1.973565913134794e-01
8205	2.204917819750563e-02
8206	2.555423997244855e-02
8207	-3.762462250069650e-02
8208	-2.729924545948779e-02
8209	3.345627954477173e-02
8210	1.979513151973905e-01
8211	-1.009703976710224e-01
8212	1.219276663403305e-01
8213	4.944034715070334e-03
8214	-8.133033676809565e-03
8215	8.709426576027844e-02
8216	3.552068751925667e-02
8217	-6.981042984900032e-02
8218	1.512051340546690e-01
8219	1.749429803799375e-02
8220	1.783535692600729e-01
8221	1.029624871529144e-02
8222	8.512277912741267e-03
8223	-1.151332606851181e-02
8224	7.859985296124238e-02
8225	1.465633472974474e-01
8226	1.299333790308429e-01
8227	9.060982206102848e-02
8228	2.210633659759093e-01
8229	1.940511026143008e-01
8230	3.418846124175720e-01
8231	1.849272831980251e-01
8232	3.096165546391730e-01
8233	2.276509148435607e-01
8234	3.181302043109854e-01
8235	2.659432031437544e-01
8236	2.196434464224462e-01
8237	2.367122472788614e-01
8238	3.975224169333745e-01
8239	2.689613556339810e-01
8240	3.088158522888804e-01
8241	2.966712240750847e-01
8242	3.186002255437511e-01
8243	1.967502962046561e-01
8244	2.702367577048953e-01
8245	2.051652308326223e-01
8246	-4.247928217950552e-02
8247	5.014621756801488e-02
8248	1.397532833205307e-02
8249	-4.926840889383041e-02
8250	6.151210870349064e-02
8251	-1.262016933666145e-01
8252	-7.448469058774385e-02
8253	-2.181805280692571e-01
8254	-1.174719948795777e-01
8255	2.326381200146332e-02
8256	-1.289006991580819e-01
8257	-1.596272668804410e-01
8258	-1.430555008118501e-01
8259	-1.943371109316637e-01
8260	7.667091628490651e-02
8261	-1.370772224190102e-01
8262	-3.696225619078523e-02
8263	-4.758071770193102e-02
8264	-8.627337147449107e-03
8265	-9.396724312071640e-02
8266	-3.776507159660872e-02
8267	-8.194070167152560e-02
8268	1.613682304021464e-01
8269	2.204165493430304e-02
8270	2.250813617839735e-01
8271	2.534525910742486e-02
8272	6.869343327804633e-02
8273	3.086911042775929e-02
8274	-8.240888679990815e-02
8275	8.195345088471601e-02
8276	7.769514728026931e-02
8277	1.010216607205457e-01
8278	1.225572132495997e-02
8279	7.260150075260338e-03
8280	1.923028446086557e-01
8281	5.644218102333909e-02
8282	1.296653563612743e-01
8283	2.514294480603498e-01
8284	5.845808638217849e-02
8285	1.372044008326607e-01
8286	2.486066527966715e-01
8287	1.360679000879752e-01
8288	9.593791330459708e-02
8289	1.948933005992038e-01
8290	1.648533489387927e-01
8291	9.284043003876120e-02
8292	-2.283388128170740e-02
8293	8.085447361580302e-02
8294	-1.671160737413775e-01
8295	-1.184029595474068e-03
8296	-4.669496139464754e-03
8297	5.585095181234747e-02
8298	-1.388870678229199e-01
8299	-9.333011727304281e-03
8300	-6.087588664067738e-02
8301	-1.087708380085544e-01
8302	-3.814412911510712e-02
8303	-4.143532493649348e-02
8304	-2.195144998631939e-01
8305	-6.603034162553487e-02
8306	-1.699022615213860e-01
8307	-1.302216731255204e-01
8308	-1.503783123200399e-01
8309	-4.713897478290668e-02
8310	-3.136055965469046e-01
8311	-1.177692205985693e-02
8312	-5.788642372865357e-02
8313	-3.222833516554060e-02
8314	-8.771090446726940e-02
8315	-1.101595075086108e-01
8316	-2.025253732261056e-01
8317	-5.056097913584325e-02
8318	-6.351051774343026e-02
8319	-9.860987824322733e-02
8320	-4.764899998175556e-02
8321	-5.189565375827562e-02
8322	-2.092361061191767e-01
8323	6.702553096530851e-02
8324	8.259628690611924e-02
8325	-1.423864149998363e-01
8326	1.527744989060228e-01
8327	-2.225526368196259e-02
8328	-1.954573887230997e-02
8329	-1.262996073829574e-02
8330	1.387301112720655e-01
8331	-1.461380457238807e-01
8332	5.498844680228786e-02
8333	-1.186594938329305e-01
8334	-5.471450053929106e-02
8335	-1.785656262515834e-01
8336	-7.271274145158858e-03
8337	-6.442341226702282e-02
8338	6.367377503770130e-02
8339	-1.094763018936415e-01
8340	5.097094034335006e-02
8341	-1.143007778778714e-01
8342	7.060714522858352e-02
8343	-1.234844450941259e-01
8344	3.545666890369759e-02
8345	-1.199518366986842e-01
8346	-1.630477477451137e-01
8347	-8.943699548952960e-02
8348	6.481692325334720e-02
8349	-1.310941668659223e-01
8350	-4.920408658911766e-02
8351	-1.110390461082642e-01
8352	-3.670176393294931e-02
8353	-6.319986557236397e-02
8354	-1.385517993205374e-02
8355	-5.992300734635311e-02
8356	4.826582777514916e-02
8357	-7.187635483484810e-02
8358	-1.182277853281880e-01
8359	-6.986195012743894e-02
8360	9.867613774807381e-02
8361	-8.971798995440410e-03
8362	2.269931898401447e-01
8363	9.992850470790894e-02
8364	3.138847878699342e-01
8365	1.326206609022939e-01
8366	2.682301203873438e-01
8367	5.531100114749526e-02
8368	2.150887790479799e-01
8369	1.074164738032100e-01
8370	2.084626120499367e-01
8371	7.297036742613977e-02
8372	3.457847798091261e-01
8373	5.898807091918092e-02
8374	2.671795171019893e-01
8375	1.770302256670694e-01
8376	1.121369572596708e-01
8377	1.811743702098333e-01
8378	1.942213110870691e-01
8379	6.935614887729817e-02
8380	6.751924274673012e-02
8381	1.628766351384001e-01
8382	-1.208820223228807e-01
8383	1.182527552771052e-01
8384	1.148089077058659e-01
8385	3.968258715639743e-02
8386	2.590741259059071e-01
8387	1.647253610618810e-01
8388	1.385139861809043e-01
8389	1.639631237682163e-01
8390	2.368232616673712e-01
8391	1.217628593662358e-01
8392	1.384542755202819e-01
8393	1.936509906932229e-01
8394	2.259491854098747e-01
8395	1.611833263008891e-01
8396	1.195952191897837e-01
8397	4.288050000757816e-02
8398	-9.903044557117620e-02
8399	-4.537789488948564e-02
8400	-8.801605990032345e-03
8401	-9.447278335851335e-02
8402	-1.530506401737952e-01
8403	-1.518372960019202e-01
8404	-2.036383931468385e-01
8405	-1.920549353042302e-02
8406	-2.886700874228277e-01
8407	-7.320445374663095e-02
8408	-1.473548823535751e-01
8409	-1.403053277852239e-01
8410	-1.256520479083458e-01
8411	-5.489565028184440e-02
8412	-2.577484520647821e-01
8413	-2.107172884993041e-02
8414	5.691449551284183e-02
8415	4.507838700388307e-02
8416	-4.629645798542167e-03
8417	3.728109792088304e-02
8418	-2.432821951795461e-01
8419	6.360016869810019e-02
8420	-5.363862643416530e-02
8421	8.660487790440105e-02
8422	-1.929460829988542e-02
8423	3.335123404445974e-02
8424	4.434853647917913e-02
8425	8.838602668031006e-02
8426	1.315480758019164e-01
8427	1.382180639560940e-01
8428	1.595196928421686e-01
8429	1.345908965762212e-01
8430	1.700237692822079e-02
8431	1.146412728664162e-01
8432	9.582905676017313e-02
8433	1.129935982685838e-01
8434	9.990092172783634e-03
8435	6.672691739887819e-02
8436	2.048093201536757e-01
8437	7.964632208579334e-02
8438	6.469821482275199e-04
8439	1.363743481831310e-01
8440	7.619775506127242e-02
8441	4.005357295336113e-02
8442	2.541075825761008e-01
8443	1.052939047866222e-01
8444	2.047156493160120e-01
8445	2.285994683908657e-01
8446	2.318145689558749e-01
8447	1.162278632393494e-01
8448	2.828506008915118e-01
8449	1.184257503350592e-01
8450	1.436013249727466e-01
8451	1.472039366182999e-01
8452	1.081261969154657e-01
8453	-3.265394873923453e-04
8454	1.627087275760630e-01
8455	1.011518339086694e-02
8456	-8.301684696604450e-02
8457	-5.716766150228231e-02
8458	-1.686307979189595e-01
8459	-1.285192806166953e-01
8460	-1.863196573524565e-01
8461	-9.971375950524856e-02
8462	-2.119656227057653e-01
8463	-1.766168307427584e-01
8464	-2.134548262558910e-01
8465	-1.312841813903453e-01
8466	-3.732092431619821e-01
8467	-9.590726265673037e-02
8468	-2.379157560020648e-01
8469	-1.144592553255872e-01
8470	-1.722734947546553e-01
8471	-9.976011321416768e-02
8472	-1.384774430879580e-01
8473	-9.272074229485033e-02
8474	-7.648390464014838e-02
8475	-1.979900717796031e-01
8476	-2.584904622066680e-01
8477	-1.307470032132644e-01
8478	-1.683887546820030e-01
8479	-1.611729424774166e-01
8480	-2.536950788860136e-01
8481	-1.249061473699399e-01
8482	-2.540402162511149e-01
8483	-2.036235834716349e-01
8484	-1.312787134947835e-01
8485	-2.356813983848471e-01
8486	-2.434833613612636e-01
8487	-1.967536665779892e-01
8488	-2.045851538779444e-01
8489	-1.383800584505970e-01
8490	-4.382836247825431e-01
8491	-1.111273521677024e-01
8492	-2.558433149560528e-01
8493	-9.024276440013930e-02
8494	-1.404201845028437e-01
8495	-1.794896049774651e-01
8496	-2.563007678248415e-01
8497	-1.107742618010711e-01
8498	-7.038602023030828e-02
8499	-1.864556316157082e-01
8500	-2.121813855783303e-01
8501	-1.005876910970842e-01
8502	-4.624904243999716e-01
8503	-1.748763335487183e-01
8504	-2.435626140449983e-01
8505	-3.069452761438488e-01
8506	-2.807889248818859e-01
8507	-1.955955536648039e-01
8508	-3.719383793839188e-01
8509	-1.753119804654606e-01
8510	-4.576612662013833e-01
8511	-1.569789163540992e-01
8512	-2.214225309374755e-01
8513	-1.143843338801070e-01
8514	-1.294283530009873e-01
8515	-9.244297478367879e-02
8516	-1.000006199313066e-01
8517	-3.038345632626073e-02
8518	-1.231080376352839e-01
8519	-1.383802585917522e-01
8520	-4.683524226595250e-02
8521	-9.581097720343958e-02
8522	-4.669256959741497e-02
8523	-1.390937804175340e-02
8524	5.898409187671317e-02
8525	3.422756625122024e-02
8526	2.007950524601412e-01
8527	4.489669171788951e-02
8528	1.351400113853689e-01
8529	8.948170290937234e-02
8530	2.334320093540971e-01
8531	6.526013800912994e-02
8532	2.905799810169767e-01
8533	1.636325023155467e-01
8534	2.657013351721153e-01
8535	2.890401110135541e-01
8536	2.250031546921885e-01
8537	1.412019973410030e-01
8538	3.621164344097427e-01
8539	1.145967160142310e-01
8540	2.460576155290086e-01
8541	1.365898386115438e-01
8542	9.302751270794776e-02
8543	4.648098422888032e-02
8544	1.848927171736159e-01
8545	-1.232246011229016e-02
8546	3.198491352731777e-02
8547	-4.147517004641535e-02
8548	8.327316477750436e-02
8549	-2.630273848406522e-02
8550	3.073637939807062e-01
8551	-2.529886247473528e-02
8552	9.335164237601215e-02
8553	2.918518087008708e-02
8554	-6.410194432099138e-02
8555	1.080172288606659e-01
8556	3.506671584902539e-01
8557	3.756713332945655e-02
8558	2.495810704884914e-01
8559	1.169736889830377e-01
8560	2.416024786292997e-01
8561	7.855835938855762e-03
8562	3.403407565141294e-01
8563	4.821692805059572e-02
8564	1.694369152146609e-01
8565	2.026402279870370e-01
8566	8.256007990983244e-02
8567	-2.506298339628471e-02
8568	1.629920833461515e-01
8569	9.823643950485884e-02
8570	2.732406553045507e-01
8571	5.141924762607859e-02
8572	1.510861692084380e-01
8573	7.743442852741209e-02
8574	1.901871284057531e-01
8575	8.660895378880808e-02
8576	7.059142942229180e-02
8577	7.785357110890150e-02
8578	6.234532975980493e-02
8579	2.575159019624736e-02
8580	8.309966584163461e-02
8581	9.243652090382805e-02
8582	2.169513232565687e-01
8583	8.116136899754786e-02
8584	1.018955009198535e-01
8585	1.983774212913849e-01
8586	2.872814170891702e-02
8587	3.279074421125407e-02
8588	-7.039502178524001e-02
8589	7.341661740351510e-02
8590	7.237525420288253e-02
8591	-3.931633634999368e-03
8592	-8.360727196829094e-02
8593	-7.494634033559408e-02
8594	-1.987059522635792e-01
8595	-1.730674512494932e-02
8596	-2.644945228281515e-01
8597	-6.500914403127230e-02
8598	-3.296981993003453e-03
8599	-6.595317823433525e-02
8600	-1.793615164544266e-01
8601	4.534441584404455e-02
8602	-3.324183927071175e-01
8603	-1.340076243708405e-01
8604	1.580154936214188e-03
8605	-1.132354268705406e-01
8606	-2.859145539333154e-02
8607	3.579742571163901e-02
8608	-6.818262541893734e-02
8609	-4.227914586511552e-02
8610	2.571179293088095e-01
8611	-3.576289220838954e-02
8612	6.380477583694935e-02
8613	6.909319634020329e-02
8614	1.548183295302416e-01
8615	5.113033080977315e-02
8616	1.844049819578614e-01
8617	9.827285087910544e-02
8618	1.946349337975383e-01
8619	1.028765631685665e-01
8620	7.744788617645278e-02
8621	1.167718232353433e-01
8622	8.727402588557795e-02
8623	1.214013532795549e-01
8624	1.508871369318491e-01
8625	1.319449166431498e-01
8626	1.877624811119097e-01
8627	1.217474792171758e-01
8628	9.723260655043146e-02
8629	1.123577646505498e-01
8630	2.503507541017219e-01
8631	1.090582689275117e-01
8632	1.269878943093379e-01
8633	3.984132947185866e-02
8634	1.526483964396309e-01
8635	1.219656446907833e-01
8636	2.336598757409806e-03
8637	2.197637248660194e-02
8638	1.805601533834714e-01
8639	2.259303638358189e-02
8640	1.024482479355293e-01
8641	6.598575061740095e-02
8642	1.847611870296642e-01
8643	5.349899070264393e-02
8644	1.361485810071800e-01
8645	-4.519771528989454e-02
8646	-1.368760091234881e-01
8647	2.400655945714977e-02
8648	-1.079188625285789e-03
8649	-4.961971753852632e-02
8650	-1.517770772675566e-01
8651	-7.348572887972898e-02
8652	9.819607390636973e-03
8653	-1.329790331205210e-01
8654	-1.565327277538563e-01
8655	-2.404423737715020e-02
8656	-1.431965200414823e-01
8657	-6.418431692408257e-02
8658	-7.808833431875199e-02
8659	-3.321715223504349e-02
8660	-1.740682220574649e-01
8661	1.038294146779782e-02
8662	1.151107667079970e-02
8663	5.621412001416846e-02
8664	-1.181651487911425e-03
8665	-5.340068595149204e-03
8666	2.687174651119924e-02
8667	-1.100786051022319e-03
8668	-1.760916206208180e-01
8669	-2.325157246880345e-02
8670	-1.094874301747043e-01
8671	3.366681133306270e-02
8672	-1.682723400415293e-01
8673	-3.104642220214253e-02
8674	-1.879132368939182e-01
8675	8.907024847618809e-04
8676	-5.047838913382396e-02
8677	1.748089398445243e-02
8678	-7.754737810315811e-02
8679	1.308987697823105e-01
8680	1.899674134328982e-02
8681	8.097145701172088e-02
8682	2.117049400226681e-01
8683	6.672323277239547e-02
8684	2.187248659016065e-02
8685	1.317978192778064e-01
8686	9.853376647357193e-02
8687	1.486459921921015e-01
8688	1.016629875005554e-01
8689	8.056638327003759e-02
8690	-2.448455553388607e-01
8691	9.063484176735613e-02
8692	-1.109764164076016e-01
8693	3.817989997034420e-02
8694	5.252455597691998e-02
8695	1.469678874266030e-02
8696	-1.003271756835810e-01
8697	1.045309348772227e-01
8698	-9.747097607833839e-02
8699	1.993088996236975e-02
8700	-3.409438413679994e-02
8701	1.068338078692521e-01
8702	7.207582853404565e-02
8703	1.540497793391819e-01
8704	4.372217258422666e-02
8705	-4.523478166335455e-02
8706	1.900911372784758e-01
8707	3.758074479598797e-02
8708	-8.289786446200519e-02
8709	6.951997457424186e-02
8710	-2.672404961495773e-01
8711	-2.803426389092720e-02
8712	1.568773194783280e-02
8713	-2.846581037268988e-02
8714	-5.936799017662368e-02
8715	-8.932394142647890e-02
8716	1.729441866497821e-02
8717	-2.639912692945228e-03
8718	6.090907078069181e-02
8719	3.884313717170793e-02
8720	5.053315983735225e-03
8721	3.414792161884107e-02
8722	-4.419193398738532e-02
8723	1.040777467747818e-01
8724	-1.145259472692469e-01
8725	6.469358800177539e-03
8726	-4.711766639986458e-02
8727	-4.453714169310830e-02
8728	-2.032250895205441e-02
8729	8.306466166855672e-02
8730	-7.797007060879201e-02
8731	5.064271354513196e-02
8732	-5.291672895222975e-02
8733	1.519079117060637e-02
8734	6.021729065285540e-02
8735	-5.170884717147592e-03
8736	-1.378886401500985e-01
8737	4.050938015724005e-02
8738	8.477200382791349e-02
8739	-4.993455740158653e-02
8740	1.007735449785272e-01
8741	1.404193441159614e-02
8742	-2.450469820686796e-01
8743	3.421874718253687e-03
8744	-3.186721820571364e-02
8745	-1.527169035730530e-01
8746	-3.663055558888767e-02
8747	1.684059435806878e-02
8748	-4.069952011398346e-02
8749	3.383402354745635e-02
8750	1.268187732545574e-01
8751	7.863041303869292e-02
8752	1.238142811185115e-01
8753	1.260471347978259e-01
8754	2.708057997156944e-01
8755	1.948647739518442e-01
8756	1.463682525834341e-01
8757	2.043532407610649e-01
8758	2.731512140750991e-01
8759	1.426817285497401e-01
8760	2.854407976662642e-01
8761	1.449724235104910e-01
8762	2.588817400584636e-01
8763	2.303874600182048e-01
8764	1.047177331775908e-01
8765	9.536067806002491e-02
8766	2.143679925012863e-01
8767	5.576184612239705e-02
8768	1.203384085990811e-01
8769	1.992602864350882e-01
8770	2.102252750548396e-01
8771	1.013693324378206e-01
8772	3.316218749772614e-01
8773	4.504781764688549e-02
8774	1.123593395276123e-01
8775	1.235525545407900e-01
8776	3.197774527788333e-02
8777	-6.847991691764799e-03
8778	3.308049268168761e-01
8779	-1.665610515322875e-03
8780	-7.095263000210973e-02
8781	1.306982735979888e-02
8782	-3.556367769136033e-02
8783	8.010739290055588e-03
8784	4.927401805889732e-02
8785	8.856703124943967e-02
8786	8.143505505691147e-02
8787	9.646047161081800e-02
8788	3.260096046038816e-02
8789	7.998820728026827e-02
8790	-2.160314098417911e-01
8791	1.463666300331770e-02
8792	2.772466734179911e-02
8793	2.999670182380111e-02
8794	-1.945628277890770e-03
8795	-1.199146007828108e-02
8796	-3.115737515181636e-02
8797	3.700066484803182e-02
8798	1.315692015073319e-01
8799	1.586039266550397e-01
8800	8.883792727601103e-02
8801	1.007553024145403e-01
8802	8.377051884889344e-02
8803	1.393852520800030e-01
8804	5.772251248669158e-02
8805	1.760933264888472e-01
8806	-3.699797799268795e-02
8807	1.145925788725338e-01
8808	2.505655014173974e-02
8809	6.338065439004677e-02
8810	1.803042406101655e-01
8811	-3.076741583412303e-02
8812	2.794305299445030e-02
8813	-4.288928719149555e-02
8814	-2.255311574270057e-01
8815	5.948682625101007e-02
8816	-4.645583566268480e-02
8817	-6.553819578494242e-02
8818	-1.254835150221894e-02
8819	3.463477334437236e-02
8820	7.463572733015987e-02
8821	7.799119808230542e-02
8822	1.934470857222746e-01
8823	1.528429549715193e-01
8824	1.065855645059516e-01
8825	1.035291012384503e-01
8826	2.422228341506978e-01
8827	9.528011407942658e-02
8828	1.372459142702158e-01
8829	8.700819760780908e-02
8830	2.387178343590835e-01
8831	6.058001223904892e-02
8832	1.458893833512094e-01
8833	6.662457932539056e-02
8834	2.433266854786203e-01
8835	-4.932238053338767e-03
8836	1.005071276080212e-01
8837	4.708988097854400e-02
8838	3.938911468424827e-02
8839	2.126556826304495e-03
8840	5.895360622374530e-03
8841	-2.195954133556737e-02
8842	-9.790214846318029e-02
8843	-1.271900480639100e-01
8844	4.814982300742804e-04
8845	-4.848346101419073e-02
8846	-6.914005013007131e-02
8847	-1.122796189157515e-01
8848	7.538189392326573e-03
8849	-4.362887530790588e-02
8850	5.790614738439246e-02
8851	-1.895936387499395e-02
8852	1.273536872099255e-01
8853	1.486493446223939e-02
8854	2.089055401944553e-01
8855	-5.188320269429540e-02
8856	4.587370176437052e-02
8857	4.396654034918529e-02
8858	1.373624282094753e-01
8859	-2.543479758784889e-02
8860	4.931860378036160e-02
8861	6.176018201898104e-02
8862	-2.755956087480570e-01
8863	5.668033824427527e-02
8864	-2.835179081458358e-03
8865	-3.035007467109445e-02
8866	-1.859400340408906e-01
8867	1.652843968257473e-02
8868	-1.647702443509305e-01
8869	2.993516440808622e-02
8870	4.966958909181726e-02
8871	-5.384560170256840e-02
8872	-6.084523539211462e-02
8873	-7.340901784290293e-02
8874	-1.067768496123994e-01
8875	-4.717852417850564e-02
8876	-1.674460205737645e-01
8877	2.147955733385975e-02
8878	2.489497046979311e-02
8879	-1.056564081142796e-01
8880	-3.941329399786836e-02
8881	-1.036092816307120e-01
8882	-6.624143154771071e-02
8883	-9.418026568996435e-02
8884	-2.747559197742252e-02
8885	-1.344270739144129e-01
8886	6.591189914347084e-02
8887	-6.157090296699372e-02
8888	-5.291255993698441e-02
8889	-3.921352534042911e-02
8890	-3.381830085075023e-01
8891	-1.183226176808031e-01
8892	-6.579222970155334e-02
8893	-9.112160367483658e-02
8894	-1.208556942848093e-01
8895	-2.109687227767127e-03
8896	-8.252824763120073e-02
8897	-2.060692176814443e-02
8898	2.528249093079230e-04
8899	-7.493712454416195e-02
8900	-5.910052987008079e-02
8901	-5.394715839991424e-02
8902	-1.377210987849115e-01
8903	-5.093536990151255e-02
8904	-1.716861187635965e-01
8905	4.221304074953759e-02
8906	-6.672442373988233e-02
8907	-1.007953383571934e-01
8908	-2.281340821020620e-01
8909	-1.306236793895193e-01
8910	-2.972137386682092e-01
8911	-1.194003698522407e-01
8912	-2.766325917674680e-01
8913	-1.877950070156806e-01
8914	-2.773056431091206e-01
8915	-1.898818325477782e-01
8916	-2.875303397571085e-01
8917	-1.097886085373424e-01
8918	-9.404706253168478e-02
8919	-5.697498180297485e-02
8920	-1.446087209871420e-01
8921	-1.000463738073841e-01
8922	-6.009193824820868e-02
8923	-4.912748393842332e-02
8924	-1.456907373180605e-01
8925	3.377280450164538e-02
8926	-8.276462270105638e-02
8927	-2.128972160197735e-02
8928	8.072791732321993e-02
8929	1.893152106164611e-02
8930	-1.143220874653699e-01
8931	1.656146560830189e-01
8932	2.534854009437473e-01
8933	4.961350043164768e-02
8934	3.361084915890384e-01
8935	9.067664226200410e-03
8936	2.039320474371280e-01
8937	2.033725673818988e-01
8938	2.858330311998119e-01
8939	8.230867892316286e-02
8940	5.074102488595222e-01
8941	1.345897555140907e-01
8942	3.112665364477172e-01
8943	2.332466378442335e-01
8944	2.152145551181696e-01
8945	2.412044028659592e-02
8946	3.239272297426869e-01
8947	3.659090127133298e-02
8948	1.985057876797992e-01
8949	2.165472995819399e-01
8950	1.646003006514985e-01
8951	1.137268611167146e-01
8952	3.617110464404578e-01
8953	3.287819291511025e-02
8954	2.044807429880013e-01
8955	2.291741046682527e-01
8956	2.599120616849384e-01
8957	1.465394336169037e-01
8958	4.124656946642493e-01
8959	1.111464538274484e-01
8960	1.972682673824386e-01
8961	2.284983702129015e-01
8962	9.009685965567937e-02
8963	7.075603023398749e-02
8964	2.577846576280202e-01
8965	1.345987562760529e-01
8966	1.457165992416186e-02
8967	1.234440056557985e-01
8968	2.088749027162855e-02
8969	2.675641949178216e-02
8970	4.323069981408475e-01
8971	2.756020761912644e-02
8972	8.974395734213796e-02
8973	1.114866126042898e-01
8974	1.740515882681837e-01
8975	7.170627640755757e-02
8976	1.680573516097667e-01
8977	1.559383654660438e-02
8978	5.326584116728583e-02
8979	1.043174820085547e-01
8980	-4.116135174378470e-02
8981	2.877562875520744e-02
8982	7.487919551842839e-02
8983	-1.287854839258995e-02
8984	-2.751940146631127e-02
8985	1.031029938153720e-01
8986	-4.651811683597331e-02
8987	7.300830614782816e-02
8988	2.392454053053405e-01
8989	2.698480247359690e-02
8990	-1.262916776679227e-01
8991	1.038208297774417e-01
8992	3.912270403922693e-02
8993	5.663646192388271e-02
8994	2.108013780078970e-01
8995	1.364297855621452e-01
8996	5.146498444243548e-02
8997	1.266586162053118e-01
8998	2.318797817623805e-01
8999	1.374480601355491e-01
9000	2.146616850804358e-01
9001	1.314572811618284e-01
9002	2.908467947761922e-01
9003	5.239168539916134e-02
9004	1.693626118635411e-01
9005	5.237756822894228e-02
9006	-8.545573251277751e-02
9007	1.001206757898806e-01
9008	1.020738563553992e-01
9009	1.449744531465971e-01
9010	-5.118813729528712e-02
9011	7.590483911512187e-02
9012	-7.755971828963815e-02
9013	2.977240724277820e-02
9014	-1.025974240514922e-02
9015	3.098247179904030e-02
9016	6.206272386084904e-02
9017	-1.375598005168802e-02
9018	-5.881229007088166e-02
9019	-2.555032795263227e-02
9020	1.311554678414983e-01
9021	3.001966000373754e-02
9022	2.425560775180434e-02
9023	-1.685384496524529e-02
9024	-8.646258914086706e-02
9025	-1.007749937540024e-02
9026	-1.461891353091696e-01
9027	-2.037914725931288e-02
9028	-1.735661548664918e-01
9029	-5.103018545234390e-02
9030	1.931907876520198e-01
9031	-7.653671910496304e-02
9032	-1.514671849449415e-01
9033	-6.949350591130049e-02
9034	-1.651474257904224e-01
9035	3.581552857318061e-02
9036	-1.409244755301588e-01
9037	-5.109876697306680e-02
9038	-1.325600633633658e-01
9039	-4.611615399797459e-02
9040	-5.932443484969143e-02
9041	-3.405848184678227e-02
9042	-3.282065488344044e-01
9043	-5.863700231244609e-02
9044	-2.239867248891277e-02
9045	-1.755576509476877e-01
9046	-1.417900454692681e-01
9047	-8.452571741745415e-02
9048	-2.123664151074908e-01
9049	-3.199083247912610e-02
9050	-1.025057247416834e-01
9051	-3.323500076574809e-02
9052	-7.122543873971901e-02
9053	-4.541379076512662e-02
9054	-1.123560344265397e-01
9055	-7.277379962716900e-02
9056	-4.728164851785242e-03
9057	-7.263397378298828e-02
9058	1.280647791867543e-01
9059	6.019495708201458e-02
9060	1.557477853901342e-01
9061	1.341249395738583e-01
9062	1.915751761975323e-01
9063	4.343803811623326e-02
9064	1.183770718782980e-01
9065	7.809548033258006e-02
9066	1.630048986775380e-01
9067	6.641333385762950e-02
9068	1.553376708022543e-01
9069	-5.220582430712950e-03
9070	2.066874116879690e-01
9071	-2.186103933855943e-02
9072	-5.961789859014466e-02
9073	-4.306631965516141e-02
9074	1.241888482723148e-01
9075	-8.693957400189060e-02
9076	2.681060759120750e-02
9077	-8.833127545234831e-02
9078	-2.420943950928098e-01
9079	-1.283168123366622e-01
9080	1.933315557651251e-02
9081	-7.509255116018104e-02
9082	5.747507404590808e-02
9083	-3.979027783371701e-02
9084	-1.236776655107459e-01
9085	4.732447654147973e-02
9086	-2.179781225411936e-01
9087	3.684561740325619e-02
9088	-5.117191064628227e-02
9089	-3.856747285892347e-02
9090	6.341248935516217e-02
9091	-1.101782141182780e-02
9092	-1.420310513449771e-03
9093	2.343417968884268e-02
9094	-6.662696681469193e-02
9095	5.646599755241311e-02
9096	-5.488303639037925e-02
9097	-1.008629512834740e-01
9098	-7.944515938271270e-02
9099	-5.039169933754509e-02
9100	6.897183188382715e-02
9101	-1.181351926679211e-02
9102	-1.134402303753982e-01
9103	4.273274709209833e-02
9104	9.971474608602392e-02
9105	1.064863553152126e-01
9106	1.625156335756006e-01
9107	2.928405274351973e-02
9108	-1.779452505069605e-03
9109	4.427858966316682e-02
9110	1.459233598584258e-01
9111	-3.156833898534098e-02
9112	-1.721091458990611e-02
9113	-3.764519604892565e-02
9114	-1.199569110700260e-01
9115	-4.663066422433365e-02
9116	-1.089699993396818e-01
9117	-1.021861623720810e-01
9118	-6.283415537956452e-02
9119	-1.245507110607436e-01
9120	-2.763974683414772e-01
9121	-1.701588566163379e-01
9122	-1.821568904356282e-01
9123	-2.071099132592307e-01
9124	-1.615758460611159e-01
9125	-1.558842557598816e-01
9126	-2.839232344640190e-01
9127	-1.212240229953427e-01
9128	-1.743626936765159e-01
9129	-8.630840990005878e-02
9130	-3.684195705272203e-01
9131	-1.067990369544082e-01
9132	-2.584504662205868e-01
9133	-6.331822731811892e-02
9134	-1.391605938513479e-01
9135	-1.388510404085264e-01
9136	-8.599896153954407e-02
9137	-3.354824720489560e-02
9138	-5.522947218343765e-02
9139	-3.232166789693275e-02
9140	-2.267493565521456e-01
9141	-6.423703591762263e-02
9142	-2.748474286278930e-02
9143	-8.923087948333451e-02
9144	-1.044061088970333e-01
9145	-6.600448401302904e-02
9146	1.438915355781200e-02
9147	-1.622363209566907e-01
9148	-1.456903788600708e-02
9149	-9.509835678717929e-02
9150	-1.008395529339954e-01
9151	-4.219556111268287e-02
9152	-3.701244751909302e-02
9153	-1.295604758522438e-01
9154	5.915259862486010e-02
9155	-7.112490363199785e-02
9156	-2.777180175198918e-02
9157	-8.097835415082752e-03
9158	4.499450012149692e-02
9159	-7.218771925077387e-02
9160	-8.555974672052442e-02
9161	-3.778671612173966e-02
9162	-1.756078874568972e-01
9163	-1.313674704827501e-01
9164	-1.771874657292489e-01
9165	-3.027789431732417e-01
9166	-2.073714571681148e-01
9167	-1.425633251854756e-01
9168	-2.664450853234175e-01
9169	-1.454671406891836e-01
9170	-3.542505916543556e-01
9171	-2.142769159654927e-01
9172	-5.802008830982172e-02
9173	-9.218127314605734e-02
9174	-2.409820042669868e-01
9175	-6.277745981301301e-02
9176	6.515048336996075e-03
9177	-3.099108704224574e-01
9178	1.199500302962829e-01
9179	-5.090271301888927e-02
9180	9.641982534239482e-02
9181	-5.227201017410578e-02
9182	-4.106725540208628e-03
9183	-1.048360346715611e-01
9184	-1.167738623803419e-02
9185	1.229207158508208e-02
9186	8.534751944683124e-02
9187	-6.596584957602478e-02
9188	1.953576349319410e-02
9189	-5.075146610794385e-02
9190	1.165600676700574e-01
9191	-1.598679188301727e-02
9192	-1.422585215629756e-02
9193	-1.113064713740561e-01
9194	-8.054094953156006e-02
9195	-4.727979357013298e-02
9196	1.840273206710758e-03
9197	-8.525856856394312e-02
9198	1.185903529212511e-02
9199	-4.320286118652690e-02
9200	8.077528099417371e-04
9201	-8.037976760326582e-02
9202	4.155312490491197e-02
9203	-3.227878360745230e-02
9204	1.105304193258907e-01
9205	1.270677426880788e-02
9206	-6.594079221009201e-02
9207	-6.491107600783248e-02
9208	-3.376110319662114e-02
9209	-2.152110978907643e-02
9210	-1.542326640660591e-01
9211	-2.521069178539398e-02
9212	6.835309930838650e-02
9213	-2.232904743405227e-02
9214	4.306059103735359e-02
9215	6.531384056946186e-03
9216	-6.222556061832282e-02
9217	-5.436464800173970e-02
9218	6.772763446411194e-02
9219	1.297395063515653e-02
9220	-1.161676277462250e-01
9221	-4.927192642551577e-03
9222	-2.273352844270362e-01
9223	-2.245798741996382e-02
9224	-1.463424852199152e-03
9225	-1.153982081182967e-01
9226	1.149218440050743e-01
9227	2.370744748562521e-02
9228	-1.698152987007182e-01
9229	3.215460434565379e-02
9230	-2.333667083883043e-01
9231	7.418124223365160e-03
9232	-1.052518730756165e-02
9233	4.197670403000568e-02
9234	-1.251426325716926e-01
9235	-8.115519179410034e-02
9236	1.816227451334386e-02
9237	-5.293225634860115e-02
9238	4.054878327939491e-02
9239	4.750394718409110e-03
9240	-1.923416528994948e-01
9241	-2.650487298787027e-02
9242	-7.944812263301246e-02
9243	-1.581915173594878e-01
9244	-5.812231175519317e-02
9245	-8.335792533299588e-02
9246	-3.200162965852404e-01
9247	-1.033067433660576e-01
9248	-1.194024421358122e-01
9249	-1.880433100327031e-01
9250	-1.557100245191450e-01
9251	-6.837634148549872e-02
9252	-1.551068338324737e-01
9253	-9.617404565202908e-02
9254	-1.033901264331132e-01
9255	3.405601310155895e-03
9256	-1.261225474299904e-01
9257	-4.259192309835971e-02
9258	1.967400655538786e-02
9259	-3.384128229393739e-02
9260	-9.993501647375309e-02
9261	2.180916487440485e-02
9262	3.677369117345817e-02
9263	-1.532913222749734e-02
9264	1.204112730118370e-02
9265	3.020237091978286e-02
9266	8.902623233353895e-03
9267	-8.771149818695900e-03
9268	-1.311585385912520e-01
9269	1.532617917466627e-02
9270	-8.335656401202081e-02
9271	-6.228890132111123e-02
9272	-1.772635851780290e-01
9273	-5.375323602972374e-04
9274	-2.054217097254641e-01
9275	-9.987647960916915e-02
9276	-2.303993215144382e-01
9277	-9.504910755297968e-02
9278	-2.358774335284087e-01
9279	-2.998144464071048e-02
9280	-2.487230016713161e-01
9281	-1.022607919611892e-01
9282	1.146688574854029e-01
9283	-8.238851229624401e-02
9284	-2.445273694449535e-01
9285	1.043801510451208e-01
9286	-2.088195074259800e-01
9287	-9.906931185305878e-02
9288	4.944773690513705e-02
9289	-6.406074956754236e-02
9290	1.983490063108849e-03
9291	1.957260096052319e-01
9292	-9.461428466779200e-02
9293	1.927282022888093e-02
9294	1.954679612668732e-01
9295	4.383568775334642e-03
9296	-2.162563254558966e-02
9297	1.293471956358924e-01
9298	-1.169282101074336e-01
9299	-6.502622341793336e-02
9300	1.738180185558616e-02
9301	-7.157632998209439e-02
9302	-1.546334907994802e-01
9303	1.319085919159275e-01
9304	-1.486598660335881e-01
9305	-8.614414125794422e-02
9306	7.946637489922907e-03
9307	-8.533008085035149e-02
9308	-2.210126620578862e-01
9309	6.037815919925307e-02
9310	-7.648650124840044e-02
9311	-5.885882437145251e-02
9312	-4.895880170669475e-02
9313	-6.138348011225488e-02
9314	-1.460593992644524e-01
9315	4.459723160266428e-02
9316	-1.301216943379025e-01
9317	1.644746681283184e-02
9318	2.797395614752056e-02
9319	4.532435030972845e-02
9320	-7.521637069567834e-03
9321	1.176693519063478e-01
9322	4.492634627804919e-02
9323	3.723974912570984e-02
9324	-5.431528324537249e-02
9325	-1.833864414603543e-02
9326	-7.328772958141037e-02
9327	-7.915527700297677e-02
9328	-7.273252874050450e-02
9329	-6.187339970720951e-02
9330	-3.258775984252948e-01
9331	1.086648094092589e-02
9332	4.440756552713074e-03
9333	-4.684334278728225e-02
9334	7.704894685274370e-02
9335	-2.818999581695480e-02
9336	-5.396211108621818e-02
9337	2.257621394715851e-02
9338	-2.331324980170817e-01
9339	3.186649514621424e-02
9340	-5.947428307229671e-02
9341	6.418589353927327e-02
9342	-1.503692596964138e-03
9343	5.826769871069640e-02
9344	2.585590971563984e-02
9345	-1.447441154336141e-01
9346	-3.260411620009069e-02
9347	-2.530383589069886e-02
9348	1.352056861513906e-01
9349	3.364277897301369e-03
9350	6.881364355410062e-02
9351	2.816886129118133e-02
9352	2.836144213979098e-02
9353	-2.328101081169119e-02
9354	1.603381046225525e-01
9355	-1.047190817294081e-02
9356	1.140268340067940e-01
9357	-4.905734218336556e-02
9358	1.125118791667302e-01
9359	2.404291961464997e-02
9360	3.342362047895518e-02
9361	1.198524028144497e-01
9362	2.589711303991651e-01
9363	-3.623067887741115e-02
9364	2.175039880385310e-01
9365	8.821569995764053e-02
9366	-1.052766264256824e-01
9367	1.397525230194480e-01
9368	1.425971923157552e-01
9369	-1.143414674183090e-02
9370	2.120635779501943e-01
9371	6.597721417439595e-02
9372	1.602577726112710e-01
9373	6.453611763490276e-02
9374	1.395396056144592e-01
9375	3.084688628461840e-02
9376	9.434715961359474e-02
9377	5.857687165990095e-02
9378	1.042447411059443e-02
9379	1.326614547808726e-03
9380	7.923186149462993e-02
9381	5.797956941883080e-03
9382	-1.673028306918555e-02
9383	-4.673135623178150e-02
9384	3.577611418930095e-02
9385	-5.994762773886903e-03
9386	8.281931881365780e-02
9387	4.477240846057997e-03
9388	1.406507291559823e-01
9389	6.392116465188882e-02
9390	-1.625897712103119e-02
9391	1.095097219522097e-01
9392	1.691439371346359e-01
9393	1.973747586246703e-01
9394	4.108060504379091e-02
9395	1.377018585610770e-01
9396	2.511112875222348e-01
9397	1.789278332189373e-01
9398	2.859339159496333e-01
9399	2.516252238676268e-01
9400	2.423283902103156e-01
9401	1.869652502394656e-01
9402	2.907682463779359e-01
9403	1.119279269618798e-01
9404	1.782068897886299e-01
9405	1.181879548477160e-01
9406	1.175979177083709e-01
9407	6.872225897618069e-02
9408	1.948062750239154e-01
9409	9.864762965749758e-02
9410	2.450724657854602e-01
9411	1.100670877501429e-01
9412	1.046010078299525e-01
9413	1.270030193690126e-01
9414	1.474280795983441e-01
9415	2.003869067171358e-01
9416	1.242963027595432e-01
9417	1.968833121372381e-01
9418	2.162499253155309e-01
9419	1.442137532824292e-01
9420	3.139282547224648e-01
9421	1.395616849192742e-01
9422	2.499399151662347e-01
9423	1.917907766511362e-01
9424	1.562365426394785e-01
9425	3.284312146794550e-02
9426	3.022949836409717e-01
9427	6.737103890452112e-02
9428	1.395640097591895e-01
9429	2.089598544550670e-01
9430	-1.099515957915481e-01
9431	7.815709504047753e-02
9432	9.751706275453739e-02
9433	7.163871031930011e-02
9434	5.215320020849103e-02
9435	-7.768868850250957e-02
9436	-8.937611233686320e-02
9437	1.753630738692525e-03
9438	-7.082959954840153e-02
9439	-4.709162030670371e-02
9440	-1.974856728120375e-01
9441	-6.027188294638738e-02
9442	-2.215666806315725e-01
9443	-5.761568449641947e-02
9444	-2.608998047941222e-01
9445	-1.317497820623644e-01
9446	-2.346864194965549e-01
9447	-1.388726563211974e-02
9448	-2.068384263149379e-01
9449	-1.238612090548905e-01
9450	-4.904714934377566e-02
9451	-1.003031426207431e-01
9452	-2.153274519944120e-01
9453	5.786511916737738e-02
9454	-6.073776806667461e-02
9455	6.563509909231718e-02
9456	-6.524722058506031e-02
9457	2.472758447233874e-02
9458	-8.925288565975797e-02
9459	2.030876941834714e-02
9460	1.501055710241009e-01
9461	3.588855344150834e-02
9462	-1.202704790670718e-01
9463	4.958174294006921e-02
9464	1.232933976524439e-02
9465	1.792049714451781e-01
9466	-3.261840724940324e-02
9467	5.442418489307025e-02
9468	8.904025469136824e-02
9469	7.126689328737379e-02
9470	2.203002148192699e-01
9471	1.131825550118223e-01
9472	1.020774447942988e-01
9473	1.297460267992135e-01
9474	2.291210172381609e-01
9475	1.891345738967700e-01
9476	9.486447141279244e-02
9477	2.045781504629370e-01
9478	2.450169461539091e-01
9479	1.614394890382312e-01
9480	3.444418775827822e-01
9481	1.179685184321289e-01
9482	2.442226984813768e-01
9483	2.537454685999712e-01
9484	1.985100375554032e-01
9485	2.090514434876495e-01
9486	3.177495248977114e-01
9487	1.046017896903891e-01
9488	1.511287220200264e-01
9489	1.437468874887959e-01
9490	4.597867880042605e-02
9491	1.359931850932811e-01
9492	3.983024586004412e-01
9493	1.189136634766003e-01
9494	2.156577522280607e-01
9495	7.341070547980766e-02
9496	1.344565716527535e-01
9497	7.706145086222889e-02
9498	2.147900773141223e-01
9499	9.684337888754550e-02
9500	6.729926913186836e-02
9501	3.139854654572071e-02
9502	7.996301408769527e-02
9503	9.563190268021841e-02
9504	1.781727864547386e-01
9505	3.930948708764406e-02
9506	1.220597281501621e-01
9507	2.579060562830256e-02
9508	2.128394897126696e-01
9509	7.143594248634391e-02
9510	-8.205268315921167e-04
9511	1.122365411089895e-01
9512	2.252595012636901e-01
9513	6.621634550674085e-02
9514	2.285978769405012e-01
9515	1.594709559300228e-01
9516	2.309959435062766e-01
9517	3.347609656128295e-02
9518	8.920823746644903e-02
9519	8.811796871518950e-02
9520	6.677553080525431e-02
9521	4.657312703234964e-02
9522	1.382952765803248e-01
9523	4.820671878080113e-02
9524	1.767330053405284e-01
9525	3.864649619984845e-02
9526	2.780591512020110e-01
9527	3.372823445198809e-02
9528	1.562608198238833e-01
9529	7.680433753702071e-02
9530	2.837242536431236e-01
9531	8.735486526860918e-02
9532	2.770807430678766e-01
9533	1.445760144353097e-01
9534	1.195586290882912e-01
9535	1.785218857021476e-01
9536	3.069532401143998e-01
9537	1.059914665394849e-01
9538	3.810684970895640e-01
9539	2.012565013156778e-01
9540	2.258436647810855e-01
9541	2.250006910382794e-01
9542	3.468328246768532e-01
9543	4.368321248350338e-02
9544	2.391734871405459e-01
9545	1.722945641594288e-01
9546	-2.686154592005032e-02
9547	8.219776340957871e-02
9548	3.242813252226387e-01
9549	-2.810627232227870e-02
9550	1.068150002383296e-01
9551	3.543488144625192e-02
9552	1.408148006215759e-02
9553	1.617063134268280e-02
9554	1.655766927444060e-01
9555	-6.854199034698262e-02
9556	8.776602286591545e-02
9557	-3.718821377654785e-02
9558	-5.127373353050884e-02
9559	-1.974988315890767e-02
9560	-8.750451227313807e-02
9561	-1.168979149455781e-01
9562	6.137586759343483e-02
9563	-9.863760172331408e-02
9564	-1.600435222130179e-01
9565	-1.405554882255454e-01
9566	-1.316914772558376e-01
9567	-9.061148992895943e-02
9568	-7.877173122335451e-02
9569	-1.050556394470212e-01
9570	1.933235994671721e-01
9571	-1.294925753473526e-01
9572	-8.071074091496401e-02
9573	-1.218589657429906e-01
9574	-1.282128366086180e-01
9575	-1.126567577447715e-01
9576	-5.645858840439665e-03
9577	-1.521134801801265e-01
9578	-1.495752458699092e-01
9579	-5.733363424466735e-02
9580	-1.786486478446150e-01
9581	-4.712844733032543e-02
9582	5.559698766030245e-02
9583	-7.451173339181137e-02
9584	-8.403528691169931e-02
9585	-7.001110286100203e-02
9586	-1.138236807527103e-01
9587	-9.153007500482352e-02
9588	4.631847669067853e-02
9589	-1.160314045129869e-01
9590	-2.839525152044839e-01
9591	-6.595941536787174e-02
9592	-1.530748821739416e-01
9593	-1.504157419076253e-01
9594	-4.392970542526789e-02
9595	-8.263434152078346e-02
9596	-1.367488968684386e-01
9597	-1.357972682240550e-01
9598	-2.133045064860490e-01
9599	-2.049967861909405e-01
9600	-1.124100057824833e-01
9601	-1.773251731446073e-01
9602	-2.221167158708395e-01
9603	-1.679048322040781e-01
9604	-2.297846943529671e-01
9605	-6.672445109819521e-02
9606	-4.531363907410556e-02
9607	-1.393400321388088e-01
9608	-1.193416959581638e-01
9609	-8.975629531637887e-02
9610	-7.470754635743519e-02
9611	-1.312468456638009e-01
9612	-5.524298921510743e-02
9613	-6.440862593514432e-02
9614	-2.589397610012744e-01
9615	1.388043633328531e-02
9616	-3.741734062369396e-02
9617	-2.629581993359617e-02
9618	-1.795225238273416e-01
9619	1.643829032202277e-02
9620	1.368790900425950e-01
9621	-2.073752782978756e-02
9622	6.177318052838116e-02
9623	7.648387141487563e-03
9624	-6.454930959083496e-02
9625	-6.401920321424057e-02
9626	-1.267017478694748e-01
9627	-7.303188245664224e-02
9628	-1.527470271158526e-01
9629	-3.990342245206338e-02
9630	2.653075963542848e-03
9631	-5.063132801462326e-02
9632	-1.319307930787622e-01
9633	-6.778418710355974e-02
9634	-1.008744403646178e-01
9635	-8.805884097803286e-03
9636	1.491458760496767e-01
9637	-4.743712631117896e-02
9638	4.520317863761487e-02
9639	5.983892176542239e-03
9640	4.063567186047462e-03
9641	-8.679379484537050e-03
9642	2.259421270178301e-01
9643	9.763424799159690e-03
9644	5.321324714421707e-02
9645	1.180043854812642e-01
9646	-1.453219924192766e-01
9647	3.213385088655217e-03
9648	1.774667516686211e-01
9649	4.268780518048944e-02
9650	-1.304526803605052e-03
9651	7.922601597235757e-02
9652	6.722117984440395e-04
9653	3.200833273686143e-02
9654	1.423011311187459e-01
9655	-1.354918735559434e-02
9656	8.070507798692830e-02
9657	7.570181780933061e-02
9658	1.736604603947318e-01
9659	-3.051613592908014e-03
9660	-3.232168669702960e-02
9661	2.666105579289876e-02
9662	5.447126343360244e-02
9663	3.792878397875502e-02
9664	7.316588951176861e-02
9665	5.821373346127787e-02
9666	7.562290748706947e-02
9667	4.526785765816702e-02
9668	1.454426001360975e-01
9669	1.578226438114320e-01
9670	2.520705126021237e-01
9671	5.095842145365032e-02
9672	2.281119553379249e-01
9673	8.267615084429206e-02
9674	2.683077997462965e-01
9675	2.954702307659529e-01
9676	1.950722011414868e-01
9677	1.896969076514768e-01
9678	3.957000631632722e-01
9679	1.945109761706123e-01
9680	3.182346839719907e-01
9681	2.887686793814627e-01
9682	2.932239126197643e-01
9683	1.780411655654804e-01
9684	3.827560510683352e-01
9685	2.927524279406231e-01
9686	3.199724677904249e-01
9687	1.991709440262944e-01
9688	2.620893243560701e-01
9689	1.301100978865788e-01
9690	5.909851619456090e-01
9691	9.351426936218363e-02
9692	2.371001828159938e-01
9693	1.829707106614303e-01
9694	2.738982799301297e-01
9695	2.543534935147340e-01
9696	3.164089104611091e-01
9697	1.484310830627725e-01
9698	2.678407153544474e-01
9699	2.748080369088206e-01
9700	2.773456026625171e-01
9701	1.215844568316701e-01
9702	3.511645269358142e-01
9703	1.134749485611066e-01
9704	1.833516985357078e-01
9705	3.301304637376046e-01
9706	2.564876689766032e-01
9707	1.444165992530044e-01
9708	2.471385592423026e-01
9709	2.547621525462617e-01
9710	4.017493996710065e-01
9711	2.687862169149143e-01
9712	2.688448646895492e-01
9713	1.933680959728792e-01
9714	3.924407750022127e-01
9715	3.158013123701531e-01
9716	2.691441580307935e-01
9717	3.449839608995960e-01
9718	3.218793194064244e-01
9719	2.379561499064398e-01
9720	3.647896310805812e-01
9721	1.900452069090660e-01
9722	2.016103854464962e-01
9723	2.993445397587785e-01
9724	3.262424857466632e-01
9725	1.517300911998255e-01
9726	2.947654912642934e-01
9727	1.192895222799053e-01
9728	1.686506173135125e-01
9729	1.662622612701824e-01
9730	-2.063910842228793e-02
9731	1.330947457562046e-01
9732	1.387282380648142e-01
9733	1.814295695021791e-01
9734	2.398999305770372e-01
9735	7.774501679666281e-02
9736	2.064052860270140e-01
9737	2.908838303968946e-01
9738	1.417094972109688e-01
9739	1.749506748664487e-01
9740	1.764632531886835e-02
9741	1.754201238998825e-01
9742	1.138356756976737e-01
9743	1.056264842150243e-01
9744	1.741716465649451e-01
9745	9.475889972659864e-03
9746	1.390896779681773e-01
9747	3.834743089577546e-02
9748	4.123947968234778e-02
9749	-7.830172177517786e-04
9750	-4.631022160092874e-02
9751	-2.180560398247320e-02
9752	-1.045399835952621e-01
9753	-1.122248420102835e-01
9754	-1.513184762559165e-01
9755	-7.901449424334239e-02
9756	-9.987468514422687e-02
9757	-7.219617950215020e-02
9758	-2.026561477892751e-01
9759	-7.281020264621785e-02
9760	-9.785109596260229e-03
9761	-2.689029247338358e-02
9762	8.981476524247711e-02
9763	-1.801526441653297e-02
9764	8.533513531166305e-02
9765	-1.039713701653277e-03
9766	1.170977997883869e-01
9767	2.233410317674201e-02
9768	4.984719085479616e-02
9769	1.414421014016075e-02
9770	8.782296549833635e-02
9771	-3.013107096674844e-02
9772	-3.736765682193156e-02
9773	-1.623029411405152e-02
9774	-1.141442648070143e-02
9775	-7.208746771465768e-02
9776	-7.741437368925483e-03
9777	-6.434437929443697e-02
9778	-1.480020296531570e-02
9779	3.625651865027828e-02
9780	1.186887102475492e-01
9781	3.398095218290903e-02
9782	1.011650974992488e-01
9783	2.361114547821257e-02
9784	8.130056592536151e-02
9785	3.901607671180150e-02
9786	-8.547158320203092e-02
9787	6.044587897373128e-02
9788	8.405938975382857e-02
9789	8.747630874319724e-02
9790	-1.122446254721869e-01
9791	5.562853963131169e-02
9792	8.521466797779964e-02
9793	2.345653188826028e-02
9794	6.237696023892780e-02
9795	7.856739924097626e-02
9796	-3.259235333581822e-02
9797	1.291821611506084e-02
9798	-7.794565664100241e-02
9799	-1.475874908489876e-02
9800	-2.931173312760216e-02
9801	7.242112580315646e-03
9802	-8.228439292179270e-02
9803	-1.810153918480317e-02
9804	1.352204824152393e-01
9805	-3.818031103173451e-02
9806	-1.113859750415313e-01
9807	7.833519650165370e-02
9808	-9.712801789815828e-02
9809	-5.767741054825489e-02
9810	2.700767882930389e-02
9811	-2.473590940928079e-02
9812	-1.649192566246324e-01
9813	8.509188167648099e-03
9814	-4.556395990037398e-03
9815	1.533512087586504e-02
9816	-5.083139146015796e-02
9817	-4.056343414951034e-02
9818	-1.666220348667733e-01
9819	-3.944441380192321e-03
9820	-2.010320112357070e-01
9821	5.443396384126683e-02
9822	3.440271541586362e-02
9823	2.899847542645002e-02
9824	-5.561548306667289e-02
9825	1.500815548479082e-03
9826	-3.296290841161626e-02
9827	-6.718341772810527e-03
9828	5.125048165665361e-02
9829	1.598452960722684e-02
9830	2.786776821684549e-02
9831	4.492905662348122e-02
9832	-7.128471748712777e-03
9833	4.796575973122742e-04
9834	-1.396682914012931e-01
9835	1.065526902288844e-02
9836	-4.762034186315705e-02
9837	-2.737251998749351e-02
9838	-9.908529799246214e-02
9839	-3.811718208197331e-02
9840	-8.381411536218286e-02
9841	-4.096218483864789e-02
9842	-2.058756905022076e-01
9843	6.028255986382767e-02
9844	-9.506381725954874e-02
9845	6.176139776152548e-03
9846	-1.029910332752373e-01
9847	-2.505114070494914e-02
9848	-6.661535207342270e-02
9849	-5.096625093312934e-02
9850	-8.129243681292130e-02
9851	-1.434036530166198e-03
9852	-1.663361184620819e-01
9853	-3.566496148928065e-02
9854	-1.275033378306150e-02
9855	-9.700978951552616e-02
9856	-5.942109012275361e-02
9857	-2.309969118123569e-02
9858	-2.508559963213086e-01
9859	-3.689015709544626e-02
9860	-5.315424518201811e-03
9861	-8.205312696305674e-02
9862	-1.642505586056117e-01
9863	-1.557295450629772e-01
9864	-2.297190653516789e-01
9865	-1.528081485540762e-01
9866	-1.726420143750413e-01
9867	-2.247016530140077e-01
9868	-1.375297438000907e-01
9869	-1.259930199857755e-01
9870	2.958978583068061e-03
9871	-1.076473665498165e-01
9872	-1.573830606602551e-01
9873	-7.907708185812172e-02
9874	-1.747806530192187e-01
9875	-9.447473424557275e-02
9876	-2.012355020285394e-01
9877	-3.232760140292607e-02
9878	-5.678458800561971e-02
9879	-7.658985928614143e-03
9880	-1.861142147188097e-01
9881	-8.323806504087267e-02
9882	-1.819158201135297e-01
9883	-7.753781653093474e-02
9884	-2.521915219644050e-01
9885	-6.748859040872425e-02
9886	-2.143864070718641e-01
9887	-9.660758951950894e-02
9888	-2.138781106639606e-01
9889	-1.698076782034682e-02
9890	-3.075949845485248e-01
9891	-1.458135361155151e-01
9892	-1.108128421019103e-01
9893	-1.095926772317490e-01
9894	-3.405576922129588e-01
9895	-1.332679051106417e-01
9896	-1.465579057510349e-01
9897	-2.243706360070449e-01
9898	-2.517253611957375e-01
9899	-1.376825109113806e-01
9900	-3.433753524781521e-01
9901	-1.292364409027260e-01
9902	-1.665984885771370e-01
9903	-2.630609235738225e-01
9904	-1.370681599527725e-01
9905	-8.397064838733907e-02
9906	-4.279102219214266e-01
9907	-9.242982366611374e-02
9908	-1.028349632197567e-01
9909	-1.905952071960318e-01
9910	-7.990058584780506e-02
9911	-1.196333871203542e-01
9912	-3.284470193732117e-01
9913	-1.863777318692396e-01
9914	-2.870284411329028e-01
9915	-1.717293990175522e-01
9916	-3.264384198208320e-01
9917	-1.883564656155596e-01
9918	-3.781591751589418e-01
9919	-7.978975415045507e-02
9920	-2.756633237109857e-01
9921	-1.513065823876517e-01
9922	-2.727263444551745e-01
9923	-8.901766125731796e-02
9924	-3.100338308651540e-01
9925	-8.974011916712431e-02
9926	-8.073489559831498e-02
9927	-9.482755038865033e-02
9928	-1.370948546566934e-01
9929	-4.664248527854910e-02
9930	-4.201442820434614e-01
9931	-7.001847926138617e-02
9932	-2.298626934592965e-01
9933	-2.091192339509849e-01
9934	-2.250783778780638e-01
9935	-1.723658370248698e-01
9936	-2.608669743647017e-01
9937	-1.792970075216860e-01
9938	-2.336314406637700e-01
9939	-1.331435837585505e-01
9940	-8.169486055455706e-02
9941	-1.235763839300286e-01
9942	-9.692283161496275e-02
9943	-1.126533152458082e-01
9944	-1.544134041458788e-01
9945	-3.262796667006549e-02
9946	-1.418147843671654e-01
9947	-7.944968692329431e-02
9948	-1.348961006834807e-01
9949	-5.723351280762527e-02
9950	-1.352977817116541e-01
9951	1.721559693237443e-02
9952	-1.012367185250630e-01
9953	-7.351875470114126e-02
9954	-6.098402871843914e-02
9955	-2.334326781960562e-02
9956	-1.418489228820430e-01
9957	-2.532922417146789e-02
9958	-2.747762005376074e-02
9959	-5.069218150870792e-02
9960	-1.016323743814284e-01
9961	-5.336731658126134e-02
9962	-3.827408575089393e-02
9963	-6.341686868481866e-02
9964	-1.465491989810879e-01
9965	-5.200540525430341e-02
9966	-2.996450603689404e-01
9967	-6.845080787139031e-02
9968	-1.478296048805193e-01
9969	-1.352966717420834e-01
9970	-5.341325233061315e-02
9971	-3.889404788009556e-02
9972	-9.056280842226365e-02
9973	-6.915119156672056e-02
9974	-1.159309367095121e-01
9975	-9.295292939443726e-02
9976	-9.590300356604001e-02
9977	-1.079941648744828e-01
9978	-1.834220701416307e-02
9979	-1.246088413331976e-01
9980	-2.000829563734400e-01
9981	-1.099103664296062e-01
9982	-3.371597685828373e-01
9983	-1.568824496675051e-01
9984	-1.364099673353946e-01
9985	-2.077774705049161e-01
9986	-2.180993724307732e-01
9987	-2.211734829678761e-01
9988	-2.522087926133645e-01
9989	-2.228286725029019e-01
9990	-2.055759287812549e-01
9991	-1.687361308256586e-01
9992	-1.282823552780614e-01
9993	-2.042017767884783e-01
9994	-3.465443832063882e-02
9995	-1.701432277519123e-01
9996	-1.349185175054135e-01
9997	-1.601514792999016e-01
9998	-9.629076915451991e-02
9999	-1.697008703281474e-01
10000	-8.341829314434916e-02
10001	3.465002192147815e-02
10002	1.462515741039891e-01
10003	2.953473623690629e-02
10004	2.508806954704050e-02
10005	2.830583034818073e-02
10006	1.352333366777461e-02
10007	2.326235180613474e-02
10008	6.700131451099446e-02
10009	1.277948537185645e-02
10010	2.446171131134877e-01
10011	1.973283852844683e-02
10012	4.511658054745604e-02
10013	-8.797867872772144e-03
10014	1.059412322993030e-01
10015	-2.441540702784256e-02
10016	-2.173782069783272e-02
10017	-1.787620215883214e-02
10018	-7.472482367754964e-02
10019	-4.108769847231086e-02
10020	1.214641644926407e-02
10021	-5.368977771672313e-02
10022	-1.060774127153092e-01
10023	-2.226551389444907e-02
10024	-9.868886846354492e-02
10025	-3.467016304440208e-02
10026	-1.000859440680345e-01
10027	-1.154920689024280e-02
10028	-1.042339976150165e-01
10029	-2.714342800421085e-02
10030	-1.731064838603983e-01
10031	-2.397760480848243e-02
10032	-4.953585939495763e-02
10033	-1.200008461822728e-03
10034	1.338440752457317e-02
10035	-1.157920405383731e-01
10036	-1.260499210802343e-01
10037	-3.385495684137098e-02
10038	-2.898002617724144e-01
10039	-6.156258334437028e-02
10040	-1.856059465171891e-01
10041	-1.459083116853004e-01
10042	-1.781297579737041e-01
10043	-8.561979123251308e-02
10044	-2.121383128898130e-01
10045	-1.230946496702505e-01
10046	-1.653877753527524e-01
10047	-1.126838822793006e-01
10048	-1.368450119513039e-01
10049	-7.810844061276842e-02
10050	-1.732443831665397e-01
10051	-4.493357479441555e-02
10052	-1.234650683474954e-01
10053	-5.819131846882387e-02
10054	5.834089599481507e-02
10055	-2.641226987666037e-02
10056	-3.693291023297089e-02
10057	2.197955355670950e-02
10058	5.414112770070605e-02
10059	-5.790052432934656e-03
10060	-6.562720312388691e-02
10061	9.012687250853368e-03
10062	-1.629623096789990e-02
10063	-1.120904855802993e-03
10064	2.308329959907231e-02
10065	-6.365636686823675e-02
10066	5.463122479341163e-02
10067	5.858420225138475e-03
10068	-1.470486615019377e-01
10069	-1.299134766286496e-03
10070	-1.834906358081376e-01
10071	-6.784570390704768e-02
10072	-6.568288105376313e-02
10073	-1.225919734117321e-02
10074	-2.653264395113238e-01
10075	-1.564476894034636e-02
10076	-1.326709855604979e-01
10077	-1.031729113269198e-01
10078	-8.697595454399192e-02
10079	-2.753116296598242e-02
10080	-1.708578215739448e-01
10081	-3.369686330457775e-02
10082	-1.005104434983450e-02
10083	-7.356008751033784e-02
10084	3.759670553441689e-02
10085	1.468579870449613e-02
10086	-5.939222550620401e-02
10087	5.217147872013625e-03
10088	4.648368809586443e-02
10089	-2.917718338804040e-02
10090	1.191218526274091e-01
10091	-1.387208525809122e-03
10092	-9.447320087662850e-03
10093	-8.076745567253650e-03
10094	-2.990810924904227e-02
10095	-7.755854313622339e-03
10096	-7.684152670345263e-03
10097	-2.414696619676405e-02
10098	-2.705236947861345e-02
10099	-7.448642687492101e-03
10100	5.229775148178746e-02
10101	-7.758115842715001e-03
10102	1.391555220989513e-02
10103	3.587446095465808e-02
10104	4.232853212523006e-02
10105	7.124600420090151e-02
10106	1.154145442771478e-01
10107	3.688622942438079e-02
10108	9.425503217878979e-02
10109	5.404103479973069e-02
10110	-2.514503603483409e-02
10111	5.422596587907386e-02
10112	8.465651336455779e-02
10113	1.463178432119575e-02
10114	1.073550196243385e-01
10115	-6.240817247765695e-03
10116	3.713044263877802e-02
10117	-1.119702849170227e-02
10118	2.086048561372903e-02
10119	-2.940872886445503e-02
10120	8.379499538100492e-02
10121	-8.899382769128810e-03
10122	-6.573283157305319e-02
10123	2.538215688861846e-03
10124	9.023618813898958e-02
10125	3.198957799900087e-02
10126	1.126236475061813e-01
10127	4.515047834348749e-02
10128	6.447037328218463e-02
10129	3.323866158921746e-02
10130	1.544517130510889e-01
10131	8.556585516252896e-02
10132	2.323988955832567e-02
10133	6.900917884799010e-02
10134	7.749916922064383e-02
10135	8.418983657206972e-02
10136	5.858749092029751e-02
10137	8.271081978453156e-02
10138	1.192519849527350e-01
10139	5.857961874807441e-02
10140	9.165232781971921e-02
10141	4.251101352479139e-02
10142	8.916059602973581e-02
10143	-6.769742305933138e-03
10144	-2.458368011930021e-02
10145	-4.686130714675985e-03
10146	-1.889355082731831e-01
10147	-3.429219849097027e-02
10148	-1.550232262654742e-01
10149	-3.040615630129136e-02
10150	-1.221841507747344e-01
10151	-6.157687821452508e-02
10152	-1.058614864818478e-01
10153	-5.585197160966845e-02
10154	-1.328154133847039e-01
10155	1.126374639143436e-02
10156	-6.746855341399099e-02
10157	-6.155071597075185e-02
10158	4.311860106344284e-02
10159	-3.773370865330121e-02
10160	-3.979974534619600e-02
10161	1.632044455131147e-02
10162	-5.231396156190062e-02
10163	-4.159106903612238e-02
10164	-4.389887658059770e-03
10165	-1.844842308421162e-02
10166	-1.441482448458968e-01
10167	-5.966584755425022e-03
10168	-5.089776723878308e-02
10169	-3.331029754701177e-02
10170	1.910844082204640e-02
10171	-2.866249903455658e-02
10172	-1.890758249865918e-02
10173	-2.166848668396242e-02
10174	-4.686572600515939e-02
10175	-3.288628524838957e-02
10176	5.927999373249185e-02
10177	-8.979161076033585e-03
10178	6.037352701450274e-02
10179	4.722444362041071e-02
10180	-7.184564260365506e-02
10181	-1.067652674270548e-02
10182	1.542722874838937e-01
10183	-1.382607729231752e-02
10184	9.688308826154370e-03
10185	8.880959399682350e-02
10186	1.132507939732796e-01
10187	1.879397256894864e-02
10188	2.258987101929292e-01
10189	1.963590028901005e-02
10190	1.556923035914850e-01
10191	1.079302369040133e-01
10192	1.146085849186550e-01
10193	2.867967847517240e-02
10194	3.152028091507153e-01
10195	4.980849605814180e-02
10196	1.312273981852692e-01
10197	1.002550269966200e-01
10198	8.000394433094797e-02
10199	1.522122769645549e-02
10200	2.889353534440580e-01
10201	1.120318323406020e-02
10202	7.543817702595239e-02
10203	8.468999297405344e-02
10204	1.152986806620722e-01
10205	5.865661170768605e-02
10206	2.072687608840686e-01
10207	9.858698114716445e-03
10208	7.388930465058972e-02
10209	3.789355396412157e-02
10210	1.440259453169042e-01
10211	6.968606841267299e-04
10212	1.632398139473262e-01
10213	-2.952471776009570e-02
10214	-4.464383612042258e-02
10215	3.370733599235125e-02
10216	-2.538963091336187e-02
10217	-3.071336970452457e-02
10218	-4.954563793184815e-02
10219	-2.260495655009124e-02
10220	1.765134712553161e-01
10221	8.838637654717643e-03
10222	8.791140345497010e-02
10223	7.849088443365178e-03
10224	7.278708238437893e-02
10225	3.198101389874813e-02
10226	1.812482656816642e-02
10227	1.227816255090657e-02
10228	1.959057386089039e-02
10229	-4.168825648385753e-02
10230	2.593400624922089e-01
10231	-3.881800837739402e-02
10232	-2.937351938443418e-02
10233	-2.344663003066880e-03
10234	-1.442297762470031e-01
10235	2.840718219532239e-02
10236	-8.809497564000174e-02
10237	-1.333167504451658e-02
10238	-6.061770940093264e-02
10239	-2.193499676817590e-02
10240	-2.695439524500215e-03
10241	-1.187340267356095e-02
10242	-1.119748949216604e-02
10243	3.779883947343859e-02
10244	-7.186593837056505e-03
10245	9.417446823161063e-02
10246	8.978975422349440e-02
10247	7.129274697249878e-02
10248	9.848589013074238e-02
10249	6.816780883432970e-02
10250	6.828293485046646e-02
10251	8.319380633312330e-02
10252	5.383782512924088e-04
10253	7.476966802416998e-02
10254	9.934663780170314e-02
10255	9.829662670548306e-02
10256	5.876626302593405e-02
10257	8.132407460043481e-02
10258	1.113818686020203e-01
10259	7.636466609687940e-02
10260	-2.824942537152705e-02
10261	6.265066452253387e-02
10262	1.104556202270185e-01
10263	5.347754945481370e-02
10264	3.392592621497701e-02
10265	5.986701176348865e-02
10266	-1.514862728908767e-01
10267	1.004984091852056e-01
10268	-6.402095829353372e-03
10269	4.120278903272087e-02
10270	-9.696741895384473e-02
10271	1.085076158088564e-01
10272	-6.811247266308340e-02
10273	9.301650521792341e-02
10274	8.050184277073848e-02
10275	-1.107612287619500e-03
10276	-9.988926595576861e-03
10277	7.543730087384019e-02
10278	-9.215143895466779e-02
10279	8.861986002408745e-02
10280	1.531271874104775e-02
10281	5.640405176961569e-02
10282	6.832009114952441e-02
10283	1.032349059840436e-01
10284	-8.940216502323992e-02
10285	9.104926604185967e-02
10286	4.889913243846437e-02
10287	4.335312694865197e-02
10288	-1.878850970596453e-02
10289	4.208590969224602e-02
10290	-1.298958418305305e-01
10291	1.000414963561344e-02
10292	-1.282741176468472e-01
10293	-1.934657174923086e-02
10294	-1.296340570754188e-01
10295	1.905364884086123e-02
10296	-2.096549049832556e-01
10297	6.017034023872500e-03
10298	-6.861022601423293e-02
10299	-4.631758109860282e-02
10300	-3.451598392388992e-02
10301	2.111433301447066e-02
10302	-3.125719223408624e-01
10303	7.600239062052885e-03
10304	-1.118779816892252e-01
10305	-5.165210014760317e-02
10306	-1.015473724493407e-01
10307	-1.554194913580876e-02
10308	-1.829399265918762e-01
10309	2.777564297555362e-02
10310	1.100240473327371e-01
10311	2.130253322660833e-02
10312	7.238879065600298e-02
10313	7.327060210979225e-02
10314	5.362127280019012e-02
10315	1.064618586006481e-01
10316	1.334412082424711e-01
10317	1.110627658914337e-01
10318	2.563027837136045e-02
10319	1.010011403529667e-01
10320	2.216185547968818e-01
10321	1.092250246374835e-01
10322	1.907413370346704e-01
10323	1.373716329781539e-01
10324	8.210956555729795e-02
10325	9.429729863637343e-02
10326	1.902120039902022e-01
10327	5.930271026011996e-02
10328	6.419731538904389e-02
10329	9.729432094605708e-02
10330	1.263118034299248e-01
10331	3.879707023355531e-02
10332	1.156203582703333e-01
10333	2.642921973820945e-02
10334	3.684825013393427e-02
10335	9.427842985946492e-03
10336	5.656581436733148e-02
10337	1.509844178918192e-02
10338	1.218607388725224e-01
10339	1.319296342205609e-02
10340	1.343371317005142e-01
10341	2.412208747886660e-02
10342	5.872614562252999e-03
10343	8.654784091197517e-03
10344	4.075885645352542e-02
10345	1.167634515485813e-02
10346	7.803416067129723e-02
10347	8.919037345199020e-03
10348	-4.584009411552840e-02
10349	1.235039222873532e-02
10350	1.503842085235675e-02
10351	-1.685209830702389e-03
10352	3.038506059067988e-02
10353	-7.017624706805924e-03
10354	7.158990540724532e-02
10355	4.473703296758558e-02
10356	-9.397383114794765e-02
10357	8.545434141805714e-03
10358	1.287492813172693e-03
10359	-5.944519374905863e-02
10360	1.035301687965242e-01
10361	-2.549346333824338e-02
10362	-1.600196023946638e-01
10363	-7.338937393824236e-03
10364	7.611495133501080e-02
10365	-2.656893358642701e-02
10366	8.151975787850041e-02
10367	-1.329881348546322e-03
10368	1.650240046124156e-02
10369	3.351971775023476e-03
10370	-5.293087933258554e-02
10371	-3.197010003291596e-02
10372	4.019546867897181e-02
10373	-2.425950164250886e-02
10374	1.306612031138336e-01
10375	-5.890880036304746e-02
10376	-2.993460027388959e-02
10377	-7.765589057757520e-02
10378	-4.664310966171659e-02
10379	-4.791598772858453e-02
10380	1.175411720492020e-01
10381	-2.921772873851968e-02
10382	5.936236077298558e-02
10383	-4.753536170218533e-02
10384	5.645991710702219e-02
10385	3.879095308217775e-02
10386	1.515612722117467e-02
10387	1.839113182837514e-02
10388	7.681310382032221e-02
10389	-4.313994350882199e-02
10390	1.020139004932926e-01
10391	-3.744343061265514e-03
10392	-2.958604865149130e-02
10393	-2.535480040758279e-02
10394	-6.344364481195856e-02
10395	-3.994305789738552e-02
10396	-8.281581455305913e-02
10397	-1.517334968112167e-02
10398	1.560770940873016e-02
10399	-1.249173997713547e-02
10400	-3.336675653624204e-03
10401	-1.722570610018155e-02
10402	6.478195153323613e-02
10403	-4.915614167855429e-03
10404	-3.882897581260594e-02
10405	-3.409254087498927e-02
10406	-4.535926060067463e-02
10407	-5.632191861653346e-02
10408	-1.164526194701729e-02
10409	-7.819486108709684e-03
10410	-2.019012931381827e-01
10411	-5.932605279103727e-03
10412	-4.879372217396569e-02
10413	-2.868168047557751e-02
10414	-5.069404310715472e-03
10415	-6.320044155793911e-02
10416	-6.677292053894414e-02
10417	-5.426307244151560e-02
10418	-7.211700152678986e-02
10419	-5.152868685291594e-02
10420	-1.633396133505275e-01
10421	-2.107375057457437e-02
10422	-2.006166897243182e-02
10423	-4.032765467901081e-03
10424	2.081713911337456e-02
10425	-7.924164376187512e-02
10426	8.711954370277369e-02
10427	2.401067755131697e-02
10428	1.510465651088748e-01
10429	3.347422987041040e-02
10430	-1.121608076047820e-01
10431	-1.394608923379266e-02
10432	7.403234973936036e-02
10433	2.903531607094452e-02
10434	-7.735178649235187e-03
10435	-1.906709795923063e-02
10436	1.035197400135063e-01
10437	-1.743235148523764e-02
10438	1.156459982253472e-01
10439	1.852738335147585e-02
10440	1.927676338519260e-02
10441	-3.673030643101169e-03
10442	1.888353224107067e-02
10443	-1.178812811939313e-02
10444	-1.115268785830686e-01
10445	-5.221613259231900e-02
10446	2.993186528194032e-02
10447	-4.545795585948881e-02
10448	-9.040316214313743e-02
10449	-1.778292489211295e-02
10450	-8.474524176978492e-02
10451	-4.876751300280561e-02
10452	9.699708687760223e-03
10453	-5.832539359037560e-02
10454	-1.297026120401119e-01
10455	-1.034649708676996e-01
10456	-1.085130871387879e-01
10457	-5.749411796449641e-02
10458	-4.266489156743128e-02
10459	-5.297346283547253e-02
10460	-1.562940788642738e-01
10461	-3.277108813904446e-02
10462	-9.745655788958051e-02
10463	-6.858277148199023e-02
10464	-4.974296902649255e-02
10465	-1.453662159828911e-01
10466	-9.473746669234762e-02
10467	-8.174979207712645e-02
10468	-3.997460187144709e-02
10469	-6.537273485566017e-02
10470	-1.277293482708723e-01
10471	-5.870226561917598e-02
10472	-2.472212425050655e-02
10473	-5.322474229936901e-02
10474	-3.622349412073705e-02
10475	-3.495465472106888e-02
10476	6.193991929846927e-02
10477	-2.486568675422350e-02
10478	-1.547851404476583e-02
10479	5.226829240030405e-02
10480	7.819697159959300e-02
10481	2.390204458264838e-03
10482	1.784540083784746e-01
10483	-7.751373912742640e-04
10484	7.933071516063567e-02
10485	6.331102925157255e-02
10486	-1.775784589272113e-03
10487	5.729577827260980e-03
10488	1.122613901401273e-01
10489	-4.840072601678778e-03
10490	1.100385079208097e-01
10491	3.874798044203295e-02
10492	-1.553160358019824e-02
10493	-1.136738048926858e-02
10494	3.548939543107112e-02
10495	4.102386035217132e-02
10496	5.339855108887703e-02
10497	5.143396669097369e-02
10498	1.210488902858582e-01
10499	5.163242678027577e-02
10500	7.522648691935317e-02
10501	4.887266805717384e-02
10502	1.123195044015099e-01
10503	4.901192890154077e-02
10504	5.104280908183801e-02
10505	6.667381526358056e-02
10506	-6.099773755475033e-02
10507	5.314527996569142e-02
10508	-3.328888736446949e-02
10509	4.410367324140969e-02
10510	8.540640298478240e-02
10511	2.006200288201269e-02
10512	2.866688952060045e-02
10513	2.662677056880158e-02
10514	6.730629101059422e-02
10515	7.998677046337463e-02
10516	-5.758339220690928e-02
10517	-7.205140416063844e-03
10518	1.510074222409945e-02
10519	-2.080973155527526e-02
10520	-2.414205512672950e-02
10521	-9.050843792050067e-04
10522	-6.776241225283695e-02
10523	-4.062525865928688e-02
10524	-1.086981116815349e-01
10525	-2.573118593857923e-02
10526	4.592695118849768e-03
10527	-1.785401389059771e-02
10528	-9.646710356123233e-03
10529	-2.259376920003540e-02
10530	-4.416303480966093e-02
10531	-1.226438860912399e-02
10532	4.331335304945610e-02
10533	-2.100203059278990e-02
10534	6.906307115736782e-02
10535	-4.216236280815777e-02
10536	-2.009727517335355e-02
10537	-3.098234061512928e-02
10538	2.560206878954320e-02
10539	-6.442858513725974e-02
10540	2.484439075294561e-02
10541	-5.536626181599363e-02
10542	-1.542646588240774e-01
10543	-7.906729899205187e-02
10544	-7.919012322707632e-02
10545	-1.269974118438298e-01
10546	-1.120704546654621e-01
10547	-7.881781721910593e-02
10548	-5.874607944255447e-02
10549	-2.239284949610854e-02
10550	-1.336163632619144e-01
10551	-4.187824875785709e-02
10552	-7.980852629687801e-02
10553	-4.788507911766238e-02
10554	-1.821331741147889e-02
10555	-7.457564474865565e-02
10556	8.943424400171452e-03
10557	-5.327816321603325e-02
10558	-1.379638981351565e-01
10559	-7.142845701950522e-02
10560	-1.119507911349367e-01
10561	-6.604273481118082e-02
10562	-1.566917874226831e-01
10563	-4.800926247659469e-02
10564	-1.623635831396881e-01
10565	-4.238576146388946e-02
10566	-1.208607414087542e-01
10567	-4.582296033835500e-03
10568	-4.975243386886127e-02
10569	-1.512255549994788e-02
10570	-2.108809199667816e-01
10571	2.435361858931943e-03
10572	-1.362109681435498e-01
10573	1.667845396094976e-02
10574	3.744077701762080e-02
10575	-6.728943930001766e-02
10576	-8.554298498559508e-03
10577	8.134925566176758e-03
10578	-1.919063533932084e-01
10579	9.198034457405156e-03
10580	-2.570198176073245e-02
10581	-5.965499198969245e-02
10582	-1.183761416262310e-01
10583	-7.318579075670690e-03
10584	-6.646989899884029e-02
10585	-2.030979864793953e-03
10586	3.987735139632333e-02
10587	-4.629071442526669e-02
10588	3.058890745315988e-02
10589	1.107071201445794e-02
10590	-1.878024725613448e-01
10591	3.992062492486623e-02
10592	-6.543945371774751e-03
10593	-5.375748253569103e-02
10594	-2.599763117491508e-02
10595	2.265758957773340e-02
10596	-1.220089453620695e-01
10597	1.077144728589651e-02
10598	5.997988861204064e-02
10599	-1.443977498388281e-02
10600	-1.355706616796227e-02
10601	6.711547983035753e-03
10602	-9.071335393602721e-02
10603	2.328623493279116e-03
10604	-9.980549115808793e-02
10605	-3.448082254476634e-02
10606	-7.406682413101526e-02
10607	-5.874282474972111e-03
10608	-3.303648097085577e-02
10609	8.033468297764914e-03
10610	1.127426114722832e-01
10611	-7.532128468896066e-03
10612	-3.527638550730542e-02
10613	3.921238691423488e-02
10614	-1.066386657362609e-01
10615	1.104564343458426e-01
10616	5.083835131135642e-02
10617	2.893443473164324e-02
10618	7.163668637115167e-02
10619	9.495563954167657e-02
10620	1.748289745108970e-01
10621	1.133550633170542e-01
10622	1.636440436126441e-01
10623	1.218677999087005e-01
10624	1.398332138063412e-01
10625	1.447937571160703e-01
10626	4.322829771124954e-01
10627	9.018647844822160e-02
10628	1.954055283678384e-01
10629	1.314196422126984e-01
10630	2.967376770229784e-01
10631	1.166151666027544e-01
10632	2.098783422680044e-01
10633	1.395726740966876e-01
10634	2.657281787466627e-01
10635	1.843306705963068e-01
10636	2.061049108102948e-01
10637	1.045561495286297e-01
10638	1.426563501538836e-01
10639	9.575361591978156e-02
10640	1.945685950537603e-01
10641	8.255437779471229e-02
10642	1.284518878439626e-01
10643	5.538765108084048e-02
10644	2.388161846455816e-03
10645	2.881448529935019e-02
10646	1.158194771016136e-02
10647	9.562807719791441e-02
10648	2.852521236115639e-02
10649	3.294375244433656e-03
10650	1.003114696888799e-01
10651	2.102796234375497e-02
10652	9.198863748676467e-02
10653	4.999011829521968e-02
10654	1.673476633343308e-01
10655	2.010437337343195e-02
10656	1.120961818436038e-01
10657	3.653919606244319e-02
10658	7.444731108226717e-02
10659	3.644946055252743e-02
10660	1.282416503815804e-01
10661	5.532248431084800e-03
10662	1.251472401102062e-01
10663	-3.835075018117376e-03
10664	9.712145397463909e-03
10665	-6.759836320375411e-03
10666	-3.300079215813336e-02
10667	-2.762976586613030e-02
10668	1.255097862863181e-01
10669	-1.762931148298545e-02
10670	-1.168099282621049e-01
10671	-2.029897357270226e-02
10672	-1.677762363077131e-02
10673	4.381983436910051e-03
10674	-4.971176039895163e-03
10675	-1.367715023094873e-02
10676	-9.293192107815991e-03
10677	-4.614351180390237e-03
10678	9.353696060294910e-02
10679	2.438865756772546e-02
10680	6.112959130455160e-02
10681	9.781048508805004e-03
10682	4.188363417697751e-02
10683	-2.004110377200221e-03
10684	8.592145121904605e-02
10685	1.016847600738937e-02
10686	-5.590663890755796e-02
10687	2.041627770925742e-02
10688	4.439271728116392e-02
10689	-1.517927278063486e-03
10690	1.127618835314929e-01
10691	8.712661473972960e-03
10692	9.824571147075337e-03
10693	-1.202995970022076e-02
10694	-1.347580532295213e-02
10695	5.262004117458709e-03
10696	-6.975332858740907e-03
10697	-6.353632307350555e-03
10698	5.985044433851691e-02
10699	-7.898113961455067e-03
10700	4.129652754336205e-02
10701	-1.631736911724539e-03
10702	-6.145428598089450e-03
10703	2.247124437093706e-02
10704	8.220802488271869e-02
10705	-2.540124626522458e-04
10706	8.341034276531910e-02
10707	5.476574767748917e-02
10708	7.026926837163451e-02
10709	2.886324633366718e-04
10710	1.154630423087025e-01
10711	-1.907803908820480e-03
10712	4.842749531054986e-02
10713	4.078094054532801e-02
10714	1.366786324870158e-01
10715	1.332310633661768e-02
10716	2.627911554182382e-01
10717	3.938782317643069e-02
10718	1.639403316324273e-01
10719	9.317109693511186e-02
10720	1.022279724256764e-01
10721	4.575360230436029e-02
10722	2.274962615677820e-01
10723	4.259034118097655e-02
10724	2.312491942337243e-02
10725	8.824240592903168e-02
10726	1.151794484626320e-01
10727	2.122292061036102e-02
10728	1.657301274969464e-01
10729	3.358666959742392e-02
10730	-1.584623669998319e-02
10731	6.378501329918121e-02
10732	1.205396970426651e-01
10733	2.867320395120719e-02
10734	2.068521511206017e-01
10735	8.920388861376643e-03
10736	8.375453910006413e-02
10737	5.348978703507766e-02
10738	-4.882976684505876e-02
10739	3.183411101317159e-02
10740	2.089408401611050e-01
10741	3.057302215642162e-02
10742	1.342307399670453e-01
10743	1.497937468758982e-02
10744	1.277456768550724e-01
10745	-6.054686406657883e-03
10746	1.073944304660660e-01
10747	-3.051707411968754e-03
10748	1.176045004962176e-01
10749	-1.120489806017381e-02
10750	4.303511039646754e-02
10751	3.966079976034068e-04
10752	1.980834221011970e-02
10753	9.443842286780642e-03
10754	9.332611094265950e-02
10755	-3.534620534606688e-02
10756	3.372698405540880e-02
10757	-1.625151301413163e-02
10758	-1.630572319860706e-01
10759	2.218084217542957e-03
10760	-5.140083448718001e-02
10761	-3.244925869917482e-02
10762	-4.829232237166558e-02
10763	-3.572727816679847e-02
10764	-2.528625828735761e-02
10765	-1.501988428763636e-02
10766	8.514077814685822e-02
10767	1.074796800986549e-02
10768	2.689465317827302e-02
10769	1.135364471372075e-02
10770	-1.540368725287311e-01
10771	1.688256438348560e-02
10772	3.998327076803535e-02
10773	-2.211715599978319e-02
10774	5.451363922705933e-03
10775	-7.903569549987121e-03
10776	-8.111637536154750e-03
10777	4.277921841588399e-03
10778	8.115645435091788e-02
10779	-1.883066044453438e-02
10780	-2.220888545723216e-02
10781	1.477293124170378e-02
10782	-1.007243100472445e-02
10783	-1.440462126072748e-02
10784	-1.740982122330212e-02
10785	-8.447892592482539e-02
10786	-5.371344657008100e-02
10787	-3.532294422505310e-02
10788	9.060923471000888e-03
10789	-3.923249585177307e-02
10790	-2.031669605420028e-01
10791	-7.295979881383066e-02
10792	-5.080292814855888e-02
10793	-4.848242869077966e-02
10794	-1.742360657284251e-01
10795	-6.195225001775000e-02
10796	-3.385845524095205e-02
10797	-2.868583339679591e-02
10798	-6.719055502650975e-02
10799	-3.270223780121863e-02
10800	-1.278161350915002e-01
10801	-3.934524067885010e-02
10802	3.334908219153548e-03
10803	7.238653866818320e-03
10804	-1.116548734211793e-01
10805	-8.754806962842723e-02
10806	-4.566406685325942e-03
10807	-5.037944433699166e-02
10808	-1.086174517196683e-01
10809	-2.052398881104847e-02
10810	-3.421327308145625e-01
10811	-9.012651734569160e-02
10812	-2.996328099683068e-02
10813	-9.485123801921981e-02
10814	-1.866204514759773e-01
10815	-1.518344906664476e-01
10816	-1.985445686591380e-01
10817	-1.142092147847289e-01
10818	-2.043964495914188e-01
10819	-1.041852012841274e-01
10820	-2.838443342985723e-01
10821	-1.345200570043650e-01
10822	-1.260544521800173e-01
10823	-1.143017743113659e-01
10824	-2.637201014327404e-01
10825	-1.198945139467615e-01
10826	-1.949064977121777e-01
10827	-1.474499486066015e-01
10828	-1.536932170699927e-01
10829	-1.304167011447488e-01
10830	-1.969775412213119e-01
10831	-1.192036128210570e-01
10832	-1.810181321070723e-01
10833	-1.371252292858587e-01
10834	-2.049994982557065e-01
10835	-1.249073487532010e-01
10836	-2.624913271335949e-01
10837	-1.170540112460420e-01
10838	-1.831243056603239e-01
10839	-1.384784550010606e-01
10840	-1.405185393649024e-01
10841	-9.570905135150143e-02
10842	-2.846553693840965e-01
10843	-9.755558854871876e-02
10844	-9.343103535499307e-02
10845	-1.098253551556604e-01
10846	-2.011516486936625e-01
10847	-6.758983932663171e-02
10848	-7.808168488448076e-02
10849	-4.712385724027287e-02
10850	4.615814790783442e-02
10851	-3.460469678863892e-02
10852	7.541583770572326e-02
10853	2.460693449255453e-02
10854	8.419688574111685e-02
10855	9.666567994418838e-02
10856	1.189561044825960e-01
10857	4.384226349072002e-02
10858	1.497136703617849e-01
10859	7.404313882279545e-02
10860	2.764423676369674e-01
10861	5.961452868289211e-02
10862	1.018497139154629e-01
10863	6.341152026968373e-02
10864	1.017601175298458e-01
10865	8.723854186321833e-02
10866	1.881086113684622e-01
10867	3.862483925163249e-02
10868	1.885347806021020e-01
10869	5.837304153861984e-02
10870	1.466518794862329e-01
10871	1.652828159122894e-02
10872	7.097818324352982e-02
10873	6.624275340208991e-03
10874	1.593660409286000e-02
10875	3.392116666145523e-02
10876	3.547865242670301e-02
10877	-7.770002094704563e-03
10878	3.127674525550760e-02
10879	1.185601674859078e-02
10880	2.650769595024037e-02
10881	-3.978233604649940e-04
10882	-4.502534581738172e-02
10883	-1.229706682432229e-02
10884	-1.100185777526156e-01
10885	3.526319430428613e-02
10886	-5.715346517933757e-02
10887	9.040890580000408e-03
10888	-4.548546438669710e-02
10889	-9.731796537403142e-03
10890	-2.066961959571616e-02
10891	-3.673080606134780e-03
10892	-8.349715899111493e-02
10893	-7.287187027701945e-03
10894	3.576616163644302e-02
10895	-1.698712186836418e-02
10896	-1.009590227292365e-01
10897	-3.906280990484604e-02
10898	-9.564223752601048e-02
10899	-7.834105088431052e-02
10900	-3.248108798265475e-02
10901	-2.065552745659838e-02
10902	-2.070508629143243e-01
10903	-3.446214173054513e-03
10904	-6.152996740079762e-02
10905	1.020239640917833e-02
10906	-1.873125732607144e-01
10907	-6.317375831072161e-03
10908	-1.492231731050212e-01
10909	-2.088508627111807e-02
10910	1.206411441816310e-02
10911	-8.744265410979725e-02
10912	-4.404576000709211e-02
10913	-4.257469338961126e-02
10914	-2.036113815766871e-01
10915	1.468082913777174e-02
10916	3.784468896168795e-02
10917	-6.890713175716335e-03
10918	7.074779961023496e-02
10919	3.888470720442692e-02
10920	-4.426516114223944e-02
10921	5.847102372371000e-02
10922	1.265109780583232e-01
10923	9.745651462511987e-02
10924	1.225095135185725e-01
10925	6.019935657819031e-02
10926	3.830208152466650e-02
10927	6.439511462592054e-02
10928	8.368288768146509e-02
10929	6.400728122897431e-02
10930	9.006176381840614e-02
10931	5.685317619960335e-02
10932	-1.264607444886686e-02
10933	6.128610636779773e-02
10934	-7.218207020993110e-02
10935	6.031407286171087e-02
10936	1.061368157027598e-02
10937	3.823035806713639e-02
10938	4.391468825243257e-02
10939	1.944441217574096e-02
10940	-9.855838039824072e-02
10941	5.888968483732216e-02
10942	-5.184897670930003e-02
10943	-1.776553973097489e-02
10944	5.413029117924881e-03
10945	-2.398834024562720e-02
10946	2.342247332873839e-02
10947	-6.817796476863496e-03
10948	1.025670585117244e-01
10949	-4.283273871987200e-02
10950	9.010819433065004e-03
10951	-5.299884137193649e-02
10952	-4.701881777256404e-02
10953	-2.957506725155781e-02
10954	-6.193356797453416e-02
10955	-4.327680963597465e-02
10956	1.209877888888340e-01
10957	-7.186168692966419e-02
10958	-6.633929093356451e-02
10959	-7.361446856753305e-03
10960	-4.518536407340511e-02
10961	-7.200001700040054e-02
10962	8.504921347319501e-02
10963	-9.500098852609201e-02
10964	-5.367264688995815e-02
10965	-7.625355628935247e-02
10966	-6.036213195031302e-02
10967	-6.323634955945651e-02
10968	1.218496360075979e-03
10969	-2.944958849808766e-02
10970	4.663862948784837e-02
10971	-3.318650345123930e-02
10972	2.408232572660838e-02
10973	3.125615514048345e-02
10974	6.265196202350818e-03
10975	3.080153109909388e-02
10976	1.264626870213798e-01
10977	1.473423758802299e-02
10978	1.872780091609591e-01
10979	3.714035733778893e-02
10980	8.880324551517328e-02
10981	2.989114237820179e-02
10982	6.436996354068375e-02
10983	7.708095919183514e-02
10984	7.383349926470781e-02
10985	4.601916484541078e-03
10986	1.930429159110948e-01
10987	4.058396948963408e-02
10988	4.114924223904778e-02
10989	1.180156651676057e-01
10990	-6.848022713872021e-02
10991	4.853556971058896e-02
10992	1.978246976655807e-01
10993	5.725007486894874e-02
10994	1.445385662589101e-01
10995	8.065002171142335e-02
10996	1.035808288799007e-01
10997	3.116781130949388e-02
10998	1.572966760325653e-01
10999	2.128982304469321e-02
11000	6.573476940769842e-02
11001	3.167543155992141e-02
11002	7.713353717273916e-03
11003	-1.690730711774401e-02
11004	1.484493279839436e-01
11005	-2.459913276721887e-02
11006	-2.229229928113547e-02
11007	-7.077345585583753e-03
11008	-8.834760850165073e-03
11009	-2.175057383598570e-02
11010	-8.216674864150433e-02
11011	-3.951612544467295e-02
11012	-6.523604932840051e-03
11013	-7.171235663454129e-02
11014	-4.259784559972764e-02
11015	-5.613215353131890e-02
11016	-8.214402914205883e-02
11017	-4.775945035351731e-02
11018	2.814452143264897e-02
11019	-9.324505721298321e-02
11020	9.576726889848322e-02
11021	-3.035616925471036e-02
11022	-2.287148838504007e-01
11023	-1.444789206845889e-02
11024	-1.101012447142587e-02
11025	-3.087483667949408e-02
11026	1.901195368369691e-02
11027	1.093911399894686e-03
11028	-1.706571782580241e-01
11029	-1.729790869591218e-02
11030	3.542791956886552e-02
11031	-8.786186404716426e-02
11032	-1.038641413034130e-01
11033	-4.565531203066792e-02
11034	-2.540080380746741e-01
11035	-6.088977019771855e-02
11036	-2.481373018269216e-01
11037	-1.316562434873984e-01
11038	-2.632461605567321e-01
11039	-1.066686369544474e-01
11040	-2.786405348158398e-01
11041	-1.226396420573829e-01
11042	-2.717884890169981e-01
11043	-1.363805848796338e-01
11044	-2.800491846701987e-01
11045	-8.466867512778115e-02
11046	-3.600297533684536e-01
11047	-9.103476387670398e-02
11048	-2.023027724525953e-01
11049	-1.069202716497995e-01
11050	-1.404580326225394e-01
11051	-9.290556074046698e-02
11052	-2.339024515585942e-01
11053	-1.032962306848356e-01
11054	-1.859877400601829e-01
11055	-1.161284571556874e-01
11056	-1.365948849268482e-01
11057	-5.762469249095839e-02
11058	-2.027670300227222e-01
11059	-4.935078970725965e-02
11060	2.412293441754532e-02
11061	-5.048427801805359e-02
11062	-5.879393165738707e-02
11063	-1.339394508116657e-02
11064	1.061677643964973e-02
11065	-8.408459460828757e-03
11066	6.399346997608106e-02
11067	-2.308618803858077e-02
11068	5.972981980249462e-02
11069	4.826197820035324e-03
11070	1.821048337975737e-01
11071	8.108193108218224e-03
11072	7.237927327272138e-02
11073	5.281901780686159e-02
11074	2.233153454178817e-02
11075	4.872079116303765e-02
11076	3.020737760582378e-01
11077	6.699810964320831e-02
11078	1.391153126574465e-01
11079	1.123066751765544e-01
11080	1.148402779685786e-01
11081	2.237745759197857e-02
11082	2.340229061549517e-01
11083	5.262793858470227e-02
11084	2.137520081241419e-02
11085	1.188623878024197e-01
11086	1.008126893920604e-01
11087	5.532049523335607e-02
11088	8.881925562295902e-02
11089	4.231286128662188e-02
11090	9.591547827849511e-02
11091	3.450008819631076e-02
11092	-3.237467530317755e-03
11093	1.901490059639984e-02
11094	-5.660700558823436e-04
11095	2.614005792178534e-02
11096	3.264034528629045e-03
11097	-2.354288107660948e-02
11098	2.249360570446117e-02
11099	-3.995464476828198e-02
11100	-5.198672549129319e-02
11101	-5.022525832200157e-02
11102	-1.180765824966804e-01
11103	-7.415447395283394e-02
11104	6.075658398690128e-05
11105	-6.989217091035302e-02
11106	-3.406717766314905e-02
11107	-5.940127385794664e-02
11108	5.733885904815002e-03
11109	-8.818681365934647e-02
11110	-1.589236134343910e-01
11111	-6.107657913840295e-02
11112	-1.300379102229657e-01
11113	-6.374544274812854e-02
11114	-1.195820136291001e-01
11115	-1.046186688852939e-01
11116	-1.538103837424186e-01
11117	-5.541156920952950e-02
11118	-2.556733582814303e-01
11119	-5.223032257136863e-02
11120	-1.253234092711580e-01
11121	-5.835281989115440e-02
11122	-9.097217067072605e-02
11123	-2.083504295527406e-02
11124	-1.158214395537016e-01
11125	-5.289139187326996e-02
11126	-1.377410026141138e-01
11127	-6.574221735450987e-02
11128	-1.519763610872927e-01
11129	-7.020078110986261e-02
11130	8.099821011322716e-02
11131	-4.977712314895255e-02
11132	-7.112159985261900e-02
11133	1.665803139554268e-03
11134	-2.773182281114865e-02
11135	2.032588668592706e-02
11136	-1.954706664910016e-02
11137	2.843003400722986e-02
11138	-4.176825571219001e-02
11139	3.854642075582441e-02
11140	-5.226080119113278e-02
11141	2.138362994676031e-02
11142	-3.850583305376512e-03
11143	8.711274484129393e-03
11144	5.769513703581599e-02
11145	7.833240839944051e-02
11146	2.561079456878583e-02
11147	3.283151465317966e-02
11148	2.300390047112948e-02
11149	5.170814277331823e-02
11150	6.242727035832563e-02
11151	7.297515126632965e-02
11152	9.679653512218539e-02
11153	3.875574889983922e-02
11154	1.436123093191656e-01
11155	5.245963245647037e-02
11156	1.319350084751992e-01
11157	4.788672208675222e-02
11158	2.148075068073997e-01
11159	6.239071668805852e-02
11160	1.725809526051462e-01
11161	6.204555388381803e-02
11162	1.438499732495502e-01
11163	9.873664269519256e-02
11164	1.805438028118202e-01
11165	8.314600973265157e-02
11166	2.358759337082436e-01
11167	6.686792621722955e-02
11168	1.733601635766680e-01
11169	9.657951348452908e-02
11170	2.588320669876581e-01
11171	8.027494931627073e-02
11172	1.745405196024262e-01
11173	8.164972265525429e-02
11174	1.871928490290115e-01
11175	7.818265551900193e-02
11176	1.549754212931745e-01
11177	6.559550297433772e-02
11178	9.809937934322248e-02
11179	1.982010860549430e-02
11180	2.129540715685312e-01
11181	1.849713221239223e-02
11182	7.736482452144612e-02
11183	2.316056086047978e-02
11184	1.269383026632051e-01
11185	4.106271044850641e-02
11186	2.698684270806965e-02
11187	5.207744866282712e-02
11188	1.804889735426470e-01
11189	7.034391659433777e-02
11190	9.428508841243098e-02
11191	8.727670500054681e-02
11192	1.920974451345421e-01
11193	5.255347614735140e-02
11194	2.282124010801391e-01
11195	8.817965926171703e-02
11196	2.358602502215568e-01
11197	1.032770366639615e-01
11198	2.514111701441099e-01
11199	9.445819750405955e-02
11200	1.676143680640677e-01
11201	7.762332416351042e-02
11202	2.716975054804762e-01
11203	6.320244926347815e-02
11204	2.025571910875213e-01
11205	8.413099682658232e-02
11206	2.339524395293920e-01
11207	6.177389587146875e-02
11208	2.003995095791749e-01
11209	8.379985337622398e-02
11210	5.450753370148018e-02
11211	1.077252694443414e-01
11212	1.803715605563460e-01
11213	9.735424336259685e-02
11214	1.586543304777576e-01
11215	7.305614271293256e-02
11216	1.655898576455182e-01
11217	1.061727421526554e-01
11218	1.878602694465420e-01
11219	1.000809962089343e-01
11220	1.372755408726607e-02
11221	9.982467262854045e-02
11222	1.949642896279146e-01
11223	1.418519654022933e-01
11224	1.681807739829295e-01
11225	1.378806335931354e-01
11226	2.111762273896825e-01
11227	1.008235285512628e-01
11228	5.121609342694534e-02
11229	1.496053728017900e-01
11230	1.640395990431049e-01
11231	7.582307582928306e-02
11232	1.514296804796683e-01
11233	9.503535680189976e-02
11234	1.370692253691511e-01
11235	1.076217419961101e-01
11236	1.214241580047085e-01
11237	1.079833249439619e-01
11238	1.899824216070365e-01
11239	9.857615287046517e-02
11240	1.283922032601688e-01
11241	1.378247289055530e-01
11242	-1.865911584901546e-02
11243	7.769271882271975e-02
11244	7.592740218094075e-02
11245	1.103499428900951e-01
11246	6.781086988797209e-02
11247	9.969778441857068e-02
11248	9.111696889558832e-02
11249	4.401446123140481e-02
11250	1.023015282501806e-01
11251	8.078373218303819e-02
11252	7.401495365224411e-02
11253	9.042123295023048e-02
11254	1.668537275565218e-01
11255	9.264379468426842e-02
11256	1.498246539338741e-01
11257	1.000131684841776e-01
11258	1.941593361104928e-01
11259	1.047124606008909e-01
11260	6.353758841764361e-02
11261	7.976045159166610e-02
11262	1.794027012904976e-01
11263	6.923597399513444e-02
11264	1.079537681148600e-01
11265	8.067980886447267e-02
11266	9.818558159281476e-02
11267	3.420297697710617e-02
11268	9.673039887872446e-02
11269	3.003426198433046e-02
11270	1.247453856493901e-01
11271	7.410517600608697e-02
11272	2.223220710241584e-02
11273	2.985836845381049e-02
11274	9.095635417761197e-02
11275	1.391744218707843e-02
11276	2.540772226120063e-02
11277	1.537804365777559e-02
11278	-3.344818433029913e-02
11279	-3.753848683732252e-02
11280	-3.145667334434588e-02
11281	-6.217827214063430e-02
11282	-9.799303229022208e-02
11283	-4.725158053103727e-02
11284	1.126777188119459e-02
11285	-2.053396067174717e-02
11286	-1.117632101587658e-01
11287	-5.800180522394834e-02
11288	-1.123928655063640e-01
11289	-4.828731732156572e-02
11290	-3.610775319606744e-02
11291	-9.721269762677727e-02
11292	-2.088274942969395e-01
11293	-8.002471570811105e-02
11294	-1.715686102383126e-01
11295	-2.797009277875208e-02
11296	-1.618650421208329e-01
11297	-5.024774524410834e-02
11298	-2.798101278112405e-01
11299	-6.071903295050894e-02
11300	-1.048143089759023e-01
11301	-9.011710651875982e-02
11302	-2.125763716192846e-01
11303	-9.711881208566643e-02
11304	-1.868710714325368e-01
11305	-1.023746273530555e-01
11306	-2.336471345752438e-01
11307	-1.014763855110137e-01
11308	-2.602820684881440e-01
11309	-1.056504930171943e-01
11310	6.699669683685931e-02
11311	-1.046373856030196e-01
11312	-1.765015213401711e-01
11313	-8.049257597334324e-02
11314	-1.819080323936185e-01
11315	-8.508730499294664e-02
11316	2.936142223293297e-02
11317	-9.871030396843994e-02
11318	-1.456171885975354e-01
11319	-3.761053961069266e-02
11320	-9.966149220234390e-02
11321	-6.774826382005471e-02
11322	3.277663486871121e-02
11323	-5.428186601459955e-02
11324	-1.023189203612085e-01
11325	4.801063408856179e-05
11326	3.031765474301763e-02
11327	-3.080936337084476e-02
11328	7.175987023297219e-02
11329	-2.307616168878283e-02
11330	-9.882839191082819e-02
11331	3.356329996632109e-02
11332	4.910784018753230e-02
11333	-3.613577331231285e-03
11334	1.073202496645935e-01
11335	-3.887613695263683e-02
11336	2.354577114519802e-02
11337	3.626960696119302e-03
11338	1.938393209670598e-02
11339	4.528584479388288e-03
11340	-4.136942566671037e-02
11341	-1.598784833114917e-02
11342	5.281849213027946e-02
11343	-2.896409802007945e-02
11344	2.342098529052601e-02
11345	-3.327089398370996e-02
11346	-1.336430064031131e-01
11347	1.499823044669188e-03
11348	3.571598619346179e-02
11349	-8.818240319469481e-02
11350	1.222219959709563e-02
11351	-1.949786775803981e-02
11352	-1.205673533784596e-01
11353	-2.354809516027324e-02
11354	2.987843544763949e-02
11355	-2.715705389624822e-02
11356	-6.880071148090328e-02
11357	-2.865944814229164e-02
11358	-1.441416230126251e-01
11359	-3.970606159525582e-02
11360	-5.800548163906288e-02
11361	-6.458400551924554e-02
11362	-1.736151083835611e-01
11363	-7.947072441808668e-02
11364	-2.075337568038294e-01
11365	-8.445139556434274e-02
11366	-8.380607436637598e-02
11367	-7.764756391343350e-02
11368	-3.344002585610236e-02
11369	-3.430871750986694e-02
11370	-2.044347658681362e-01
11371	-3.398223806379214e-02
11372	7.291340685766965e-04
11373	-6.261252655212012e-02
11374	-7.826107293207764e-02
11375	-9.491164200791179e-02
11376	-1.140672752070495e-01
11377	-7.234268396762718e-02
11378	-8.540567921569053e-02
11379	-9.866882826134782e-02
11380	-1.516305441390141e-01
11381	-5.747860071063409e-02
11382	-1.810918944460794e-01
11383	-4.801522093005574e-02
11384	-6.264953187545565e-02
11385	-1.078850604879962e-01
11386	-8.379331265896882e-02
11387	-4.790609895809152e-02
11388	-1.666420566258766e-02
11389	-3.953930884789948e-02
11390	-1.737556632283455e-01
11391	-3.553391366503652e-02
11392	-1.239400687332548e-02
11393	-1.050252922909953e-02
11394	-7.944723696698306e-03
11395	-3.972909145035223e-02
11396	6.955532702758456e-02
11397	-1.174941569194715e-02
11398	2.074189076509124e-02
11399	-2.222130341325690e-02
11400	-3.654566690159445e-02
11401	-3.126204346122227e-02
11402	-1.302303545878198e-02
11403	-2.477469483956547e-02
11404	2.327531818682701e-02
11405	-2.329912374140098e-02
11406	7.429976630229607e-02
11407	1.542981778868944e-02
11408	1.232505038101872e-02
11409	2.345078455832567e-03
11410	-1.532146486692696e-01
11411	1.114013863020469e-03
11412	-1.781700784568414e-04
11413	-9.332819844900935e-03
11414	1.421161805710585e-02
11415	-3.689767279170229e-02
11416	-3.833019321603592e-02
11417	-2.430238975848609e-02
11418	-1.432382830877886e-01
11419	-3.936095175933105e-02
11420	-1.206561464710594e-01
11421	-2.239853553121485e-02
11422	-5.258340350970329e-02
11423	-9.842311139405872e-03
11424	-3.357738035261585e-02
11425	-2.958316962686921e-03
11426	3.683054415110716e-02
11427	4.829052791736342e-02
11428	1.903289540493154e-02
11429	4.343618677979845e-03
11430	-2.535554802860644e-03
11431	-6.674536741272758e-03
11432	-3.713786549216608e-02
11433	1.041538174381805e-02
11434	-4.723244861144752e-02
11435	-1.532990794819674e-02
11436	-5.759306025973460e-02
11437	2.709814166889989e-03
11438	-1.396115281479398e-01
11439	2.096223437607246e-02
11440	-5.125145618947206e-03
11441	6.369905104002657e-03
11442	7.026717442064176e-02
11443	1.367067650165565e-02
11444	6.631755829721683e-02
11445	-2.761651013432917e-02
11446	7.114290290472861e-02
11447	3.032323150191018e-02
11448	3.540141520634879e-03
11449	2.572104438521122e-02
11450	-2.861592844710155e-03
11451	-1.107193223419808e-02
11452	-9.139502456883458e-02
11453	1.374009580317677e-02
11454	-1.405452697782070e-01
11455	-4.984742804656953e-03
11456	-2.902700182173172e-02
11457	-5.683562763583690e-02
11458	1.553574779271340e-03
11459	-3.944152769206170e-02
11460	-5.124273075456277e-02
11461	-3.239114458645347e-02
11462	-9.212291597650774e-03
11463	-7.471010414984985e-02
11464	-9.604019758075796e-02
11465	-9.563063669428203e-02
11466	-1.521543258252925e-01
11467	-4.956432173782616e-02
11468	-1.678699579752881e-01
11469	-6.526501006582335e-02
11470	-2.877909697164559e-01
11471	-6.524662409406576e-02
11472	-1.820609570100542e-01
11473	-5.456491266800927e-02
11474	-2.204948921241950e-01
11475	-1.047667665535388e-01
11476	-2.294526855614895e-01
11477	-7.734039650373543e-02
11478	-1.494652571446292e-01
11479	-7.559326151216660e-02
11480	-1.734640578841009e-01
11481	-4.039306260456694e-02
11482	-1.637855068122760e-01
11483	-5.663428284870950e-02
11484	-1.521247584275094e-01
11485	-5.750321110143627e-02
11486	-1.193099630830720e-01
11487	-1.841550986630673e-02
11488	-8.488492513521322e-02
11489	-1.774153762814930e-02
11490	-1.908634939978643e-01
11491	-2.054422672008753e-03
11492	-3.879102697782408e-03
11493	-1.622841087212849e-02
11494	3.450888213544918e-02
11495	3.202451957796788e-02
11496	-3.192371358191826e-02
11497	1.590226441600565e-02
11498	-3.461473889923192e-03
11499	-1.960189476855200e-02
11500	6.104604470288073e-02
11501	6.215649736343622e-02
11502	1.924139475539012e-02
11503	4.915336425003424e-02
11504	6.978747743901592e-02
11505	3.086617972717708e-02
11506	1.491233543115750e-01
11507	7.057049861711590e-02
11508	1.532274459824933e-01
11509	6.902277186338027e-02
11510	1.860820300954601e-01
11511	2.389872424305934e-02
11512	1.100964782939965e-01
11513	8.217411420305157e-02
11514	-1.753158836832383e-02
11515	1.573450974448964e-01
11516	1.617252898691066e-01
11517	7.862918166015150e-02
11518	1.989377843032891e-01
11519	1.180424198779235e-01
11520	8.123438443798667e-02
11521	1.130468824690215e-01
11522	2.149457932412735e-01
11523	7.703291463849254e-02
11524	1.214292068394248e-01
11525	1.495037819811369e-01
11526	-1.413495533831212e-02
11527	1.199918101819692e-01
11528	1.541269359436807e-01
11529	7.365205249772455e-02
11530	2.208843664589814e-01
11531	1.091506399068861e-01
11532	1.051484755049058e-01
11533	1.116720274120729e-01
11534	1.982350292075593e-01
11535	1.087447462649033e-01
11536	2.275149462129696e-01
11537	1.156878922615301e-01
11538	1.377216317770321e-01
11539	1.050683682330231e-01
11540	1.533969607949791e-01
11541	7.682321317359282e-02
11542	2.309787192708423e-01
11543	1.271122314308655e-01
11544	1.693836825125949e-01
11545	8.795622922965775e-02
11546	2.187043238734369e-01
11547	6.325951070667399e-02
11548	1.669663742919147e-01
11549	6.025689683119578e-02
11550	9.190811219902183e-02
11551	4.069916031981054e-02
11552	9.463860956326263e-02
11553	-7.846385672693213e-03
11554	8.428963488923662e-02
11555	-1.327463292600716e-03
11556	-2.337332453904535e-02
11557	2.406187355096014e-02
11558	-2.779694691736722e-02
11559	-8.194617629075243e-02
11560	-8.307779508481798e-02
11561	-5.926223606125725e-02
11562	-2.325560516833157e-01
11563	-5.294074641050171e-02
11564	-5.013430618469968e-02
11565	-1.511536329978092e-01
11566	-1.555725090615677e-01
11567	-6.973994756758563e-02
11568	-1.866477033011490e-01
11569	-5.414232017031074e-02
11570	-2.414012563757433e-01
11571	-5.166258981070670e-02
11572	-1.490333278884221e-01
11573	-2.653454948857195e-02
11574	-9.458632018003914e-02
11575	-3.188660894166521e-02
11576	-4.796322222229713e-02
11577	-1.157674219303807e-02
11578	3.761574906827864e-02
11579	1.235929857459171e-03
11580	9.422186453419247e-02
11581	-1.761317919122802e-03
11582	-3.775980492014809e-02
11583	1.919203086066234e-02
11584	-5.332127000361493e-03
11585	4.053686822270796e-02
11586	9.143406690044935e-02
11587	1.974589517763239e-02
11588	2.984296242229076e-02
11589	2.614008498925932e-02
11590	-8.685248526165579e-02
11591	-1.632389417591151e-02
11592	2.270589840734782e-02
11593	-2.250476271489031e-02
11594	-1.530949959977802e-01
11595	3.105698231421922e-02
11596	-1.255225905758003e-01
11597	-4.963139474355708e-03
11598	-2.338225474222739e-02
11599	8.709255230359548e-03
11600	-4.345518678939461e-02
11601	1.682902005426340e-02
11602	-7.784230595115929e-02
11603	-2.457477571339421e-02
11604	-9.176327290008487e-02
11605	3.553669411641779e-04
11606	2.377378588140389e-02
11607	4.995803590381362e-03
11608	-4.782275212134736e-02
11609	-3.773970039510572e-02
11610	-1.211729044779780e-02
11611	-5.357860832224856e-02
11612	-3.706404245145330e-02
11613	-8.255380948921210e-03
11614	-2.151640355079366e-02
11615	3.783778894142173e-02
11616	-2.156109693041030e-02
11617	2.359231596932674e-02
11618	6.330190995160714e-02
11619	-3.444354087389030e-03
11620	1.564008916625671e-01
11621	1.217166244417903e-02
11622	-1.365491115684323e-01
11623	9.625080894099981e-04
11624	1.501978403080102e-02
11625	-1.422126221868691e-02
11626	8.428498648202163e-03
11627	-2.367826693571504e-02
11628	-7.229688620138304e-02
11629	-2.460744273678095e-02
11630	1.277098829571397e-01
11631	-6.323724287466444e-02
11632	5.456956286062581e-02
11633	-9.011308334611631e-03
11634	-1.202781111380124e-01
11635	1.479889478114029e-02
11636	6.205564169945674e-02
11637	-6.756667017660377e-02
11638	-6.651456812027654e-04
11639	-3.315958241710712e-02
11640	-9.383215575616755e-02
11641	-7.443739248887396e-02
11642	-7.391003786805266e-02
11643	-9.829740974031716e-02
11644	-1.039397234938119e-01
11645	-5.694977607222686e-02
11646	-1.513198399678354e-01
11647	-6.176591568467599e-02
11648	-8.621077053349385e-02
11649	-9.055648724344059e-02
11650	-1.426602992551242e-01
11651	-1.067952353815087e-01
11652	-2.332088714809446e-01
11653	-1.282616279318738e-01
11654	-1.555841689687862e-01
11655	-2.012598028755194e-01
11656	-1.508975312945624e-01
11657	-1.159760364057431e-01
11658	-2.796018290043827e-01
11659	-1.210331121681031e-01
11660	-6.782451108288622e-02
11661	-1.489478242047066e-01
11662	-1.386239654548795e-01
11663	-1.037599684858798e-01
11664	-1.376772350609526e-01
11665	-1.030208018358178e-01
11666	-3.045035335104524e-02
11667	-8.773902345729923e-02
11668	-4.035719272774470e-02
11669	-1.075446973935567e-01
11670	-1.869626860348887e-01
11671	-9.974896297480670e-02
11672	-7.950350060482776e-02
11673	-5.609682747348612e-02
11674	-4.998430453554193e-02
11675	-1.048320260443117e-01
11676	-1.765382785692880e-02
11677	-8.265789739793918e-02
11678	-1.675442342282833e-01
11679	-4.644373942546786e-02
11680	-2.133565317530809e-01
11681	-9.657095790305602e-02
11682	-9.867936414031959e-02
11683	-1.101778217842363e-01
11684	-2.381616946830288e-01
11685	-1.217822289671561e-01
11686	-1.922044145419558e-01
11687	-4.515137333067477e-02
11688	-8.125994230984400e-02
11689	-4.054969687959905e-02
11690	-3.263610583426364e-01
11691	7.055463979647300e-03
11692	-2.132330956919742e-01
11693	-5.615838053840874e-02
11694	-4.305106080026869e-02
11695	-8.962785848043509e-02
11696	-1.630376636535524e-01
11697	1.023330488015712e-02
11698	-1.737981028858387e-01
11699	-7.514072561977374e-02
11700	-1.188407710080844e-01
11701	-8.528411735355199e-02
11702	-1.376658879587661e-01
11703	-1.797578470398142e-02
11704	-1.334302222455243e-01
11705	-8.122966362576890e-02
11706	-1.959424281573565e-03
11707	-7.227470365031050e-02
11708	-5.489322538770047e-02
11709	-1.859721757412031e-02
11710	-4.375468829339930e-02
11711	-9.214640444360903e-02
11712	-1.328776237173291e-01
11713	-9.576144737781633e-02
11714	-2.149063634589081e-01
11715	-1.087493547280358e-01
11716	-2.695719458322263e-01
11717	-1.147525626028335e-01
11718	-2.494422528606564e-01
11719	-1.265523672418611e-01
11720	-2.465839169353055e-01
11721	-1.152051720049464e-01
11722	-2.696011618717223e-01
11723	-1.522521551600554e-01
11724	-2.598407015346407e-01
11725	-1.462125250911329e-01
11726	-3.518403276408963e-01
11727	-1.325754760225979e-01
11728	-2.545562874617673e-01
11729	-1.549085386202330e-01
11730	-7.352674121142551e-02
11731	-1.555686369218381e-01
11732	-3.120174483929622e-01
11733	-1.594944711598610e-01
11734	-2.470801147558200e-01
11735	-1.493678224979407e-01
11736	-1.808215750448334e-01
11737	-1.362200775689660e-01
11738	-1.872091587547199e-01
11739	-1.388209644619309e-01
11740	-1.932847478030198e-01
11741	-8.308927525370106e-02
11742	-1.225115847145840e-01
11743	-5.223859125987366e-02
11744	-5.178199865307138e-02
11745	-6.381899161108726e-02
11746	-7.026157840824082e-04
11747	-4.166148640865584e-02
11748	5.632184428756346e-02
11749	-4.226378011287528e-02
11750	-6.856078608506176e-02
11751	-7.016778826821916e-02
11752	-4.678119301979403e-02
11753	-5.060145623135136e-02
11754	-4.329004834583425e-02
11755	-8.067363339680464e-02
11756	-5.153270458316123e-02
11757	-1.150297497938448e-01
11758	-8.792077147983354e-02
11759	-1.066041702109008e-01
11760	-7.104644743947228e-02
11761	-9.500149275987951e-02
11762	-1.190941432830779e-01
11763	-1.091335094293289e-01
11764	-1.382514949733598e-01
11765	-3.296426659251548e-02
11766	-1.759981742962148e-01
11767	-3.002593099718796e-02
11768	-6.581178169306015e-02
11769	-8.250952014653751e-02
11770	-1.253480871477755e-01
11771	-3.570476794871996e-02
11772	-7.270322150703604e-02
11773	-3.163715224487618e-02
11774	-4.240255076228813e-02
11775	-3.522514164560882e-02
11776	1.186194391089548e-02
11777	1.076118447635247e-02
11778	-6.290822592971705e-02
11779	3.159880153449313e-02
11780	1.907086449273895e-01
11781	5.216700758277647e-02
11782	1.422284051127101e-01
11783	7.696840996789478e-02
11784	1.194611691192592e-01
11785	7.184742422933477e-02
11786	1.381974504479560e-01
11787	5.771792007696615e-02
11788	5.004083042698333e-02
11789	4.817929814878063e-02
11790	1.629437778790536e-01
11791	3.690619067655187e-02
11792	7.888718728375579e-02
11793	2.580913351445601e-02
11794	4.897499315266792e-02
11795	6.702006992551067e-02
11796	1.950814379608391e-02
11797	5.738918625908686e-02
11798	1.296167630106471e-01
11799	5.117479776899333e-02
11800	1.392978158225727e-01
11801	8.518266638737686e-02
11802	-2.685632281128885e-02
11803	9.936604661164107e-02
11804	8.077784904963090e-02
11805	9.079691140407045e-02
11806	1.051564159697539e-01
11807	6.770283420557067e-02
11808	1.401228051865844e-01
11809	9.158201823082780e-02
11810	2.630872963504277e-01
11811	7.913448545345857e-02
11812	2.045740289592780e-01
11813	1.160055548292204e-01
11814	1.322937865606843e-01
11815	1.706588576913004e-01
11816	2.319864717314001e-01
11817	8.690862582935152e-02
11818	2.597830158324069e-01
11819	1.283122192953340e-01
11820	3.472721110739052e-01
11821	1.323905573811448e-01
11822	2.517182317897144e-01
11823	1.086827073813598e-01
11824	2.102962438122091e-01
11825	1.544275547856197e-01
11826	2.013250376226011e-01
11827	1.120251914912976e-01
11828	1.968214482467305e-01
11829	8.323164797357442e-02
11830	2.458262617754693e-01
11831	9.511659626691632e-02
11832	1.582119494929547e-01
11833	9.885452044571269e-02
11834	1.691525101649158e-01
11835	1.319381719286036e-01
11836	1.182205102403376e-01
11837	1.225995067127607e-01
11838	1.928811019408924e-01
11839	1.048936197964621e-01
11840	1.172313494411640e-01
11841	1.326176129269688e-01
11842	1.321574048620599e-01
11843	9.057361364363822e-02
11844	1.318427158620308e-01
11845	1.024517376111102e-01
11846	8.539466627471937e-02
11847	1.117074260447195e-01
11848	9.277658723925257e-02
11849	6.491301135912945e-02
11850	1.838346420666723e-01
11851	4.603529971358036e-02
11852	1.072011643078150e-01
11853	4.832705563662863e-02
11854	9.371679413233013e-02
11855	3.570047656247827e-02
11856	1.890467555016668e-01
11857	3.351440690679593e-02
11858	1.569866458255486e-01
11859	7.876690111173464e-02
11860	1.378683016287574e-01
11861	6.069932621944697e-02
11862	2.126509183593619e-01
11863	7.259064656968708e-02
11864	1.794827602054710e-01
11865	1.082547610711427e-01
11866	2.210870214846025e-01
11867	9.028798454081000e-02
11868	3.148403021392005e-01
11869	1.282299403168762e-01
11870	2.455206059438568e-01
11871	1.275627433357511e-01
11872	1.828972886125367e-01
11873	8.741872876447189e-02
11874	3.153992166485947e-01
11875	1.073990979307446e-01
11876	2.215582830383813e-01
11877	1.318077346994824e-01
11878	1.907591049719165e-01
11879	6.879782305456746e-02
11880	2.528801008187486e-01
11881	9.979294722361975e-02
11882	2.500552243883026e-01
11883	1.155798135870872e-01
11884	1.830116476505376e-01
11885	6.734975808233522e-02
11886	3.523315083564428e-02
11887	1.040328485619378e-01
11888	1.344465460629930e-01
11889	9.558555546110171e-02
11890	-9.504632269635481e-03
11891	1.314327089717920e-01
11892	3.161734441093498e-02
11893	7.224884973880405e-02
11894	1.377923085024280e-01
11895	-1.562632637594134e-02
11896	8.855848758862601e-02
11897	6.612183522116175e-02
11898	-2.446733115806481e-03
11899	4.587972088681961e-02
11900	-1.529843311338199e-02
11901	-6.442566478135966e-03
11902	8.998160408699359e-02
11903	4.240728101897071e-02
11904	4.340507450823789e-03
11905	2.577471566688315e-02
11906	2.199906902331344e-02
11907	1.046161462757445e-02
11908	1.435401122796355e-02
11909	6.941854535669800e-02
11910	-2.143644983896497e-02
11911	9.086552744848195e-02
11912	1.086282348032376e-01
11913	1.339907023697016e-01
11914	7.666428418861038e-04
11915	1.093387083339143e-01
11916	1.670975189837431e-01
11917	1.135101702634401e-01
11918	1.315086705072763e-01
11919	1.605355698119267e-01
11920	1.271401796175602e-01
11921	1.023988426969067e-01
11922	1.853705222399755e-01
11923	1.280515097492683e-01
11924	8.141016545269188e-02
11925	1.721990682455803e-01
11926	1.325441789272930e-01
11927	1.316157152665680e-01
11928	1.192786909937171e-01
11929	1.175157989556527e-01
11930	1.318821889122919e-01
11931	1.351779024450365e-01
11932	1.543111408588495e-02
11933	1.040603139280763e-01
11934	4.907450661808310e-02
11935	1.431452079871350e-01
11936	4.178633274137821e-02
11937	1.221906159959732e-01
11938	7.450829566994507e-02
11939	9.126676354603160e-02
11940	1.628227678755567e-01
11941	8.374964518747730e-02
11942	8.238228440243674e-02
11943	7.242891552379761e-02
11944	2.638436659833194e-02
11945	7.645759428610581e-02
11946	-8.228126184434173e-02
11947	5.762552759244651e-02
11948	-1.057818008730153e-02
11949	8.288159025023370e-02
11950	2.693984276829750e-02
11951	7.714035449769999e-02
11952	3.718790501839621e-02
11953	7.474785756300108e-02
11954	6.507622789606882e-02
11955	8.653112030200678e-02
11956	6.415300072149618e-02
11957	3.450166521358330e-02
11958	5.209644950055175e-02
11959	2.310975945823709e-02
11960	-1.915925650122109e-02
11961	2.434129043074706e-02
11962	-2.594006811672884e-02
11963	9.248137779985779e-03
11964	-7.796773606033271e-02
11965	8.706061053038608e-03
11966	-1.371541490088050e-02
11967	1.338889564856847e-02
11968	-9.400425243943789e-02
11969	-3.549066433965295e-03
11970	-6.938642601520321e-02
11971	-1.319567082887023e-02
11972	-1.347992633208190e-01
11973	2.007505169453528e-02
11974	-9.967380622453632e-02
11975	1.305938131219462e-02
11976	-4.213663138880522e-02
11977	4.519148308472758e-02
11978	-3.918329063727440e-03
11979	3.340436371469710e-02
11980	-8.560806164648252e-02
11981	2.619366936018757e-02
11982	4.863566632518646e-02
11983	2.536272042026324e-02
11984	2.126255353374219e-02
11985	1.301885899267790e-02
11986	6.081959772391932e-02
11987	4.763094605259894e-02
11988	9.490135065070915e-02
11989	4.667064027593471e-02
11990	-6.792637070576665e-02
11991	1.209182521533303e-01
11992	8.111079437815485e-02
11993	5.009860951899989e-02
11994	2.023540801115583e-01
11995	2.583508848779305e-02
11996	1.706547321842556e-01
11997	1.198608629734495e-01
11998	2.552396209585863e-01
11999	9.396636831622185e-02
12000	1.475612436763116e-01
12001	7.935850287735993e-02
12002	2.140326618218108e-01
12003	7.695997410945617e-02
12004	1.609271175505413e-01
12005	5.137064544377259e-02
12006	1.598134648281799e-01
12007	3.817300896028180e-02
12008	1.131930845715136e-01
12009	5.473364453806753e-02
12010	1.160095071535902e-01
12011	1.778322377138853e-02
12012	3.612620355248770e-02
12013	4.352429852057759e-03
12014	5.443739431292133e-02
12015	5.520050134345084e-03
12016	3.528380192778469e-02
12017	9.333553894056741e-03
12018	8.013407430023935e-02
12019	4.663442478421522e-02
12020	-8.240825711588039e-02
12021	1.299550469074177e-02
12022	-5.892408177086336e-02
12023	-7.516800210663540e-03
12024	-3.347137762768518e-02
12025	-1.808027781873314e-02
12026	3.048796310012304e-02
12027	4.011134838576985e-03
12028	-6.051803592498242e-02
12029	-2.138918818978444e-03
12030	-1.354241722308127e-01
12031	8.072468620413855e-03
12032	5.841570960105272e-03
12033	-4.508481879384316e-03
12034	7.309319272375878e-02
12035	2.250248176276119e-02
12036	1.238042901836967e-01
12037	2.471124295678649e-02
12038	1.160735313838222e-01
12039	-1.920935596508375e-02
12040	5.516163246396118e-02
12041	2.483560502770079e-02
12042	8.451204107018530e-02
12043	3.536745557301153e-02
12044	1.016309551711522e-01
12045	1.005087173754858e-02
12046	1.193358732353444e-01
12047	2.261528277744233e-02
12048	7.944503634570296e-02
12049	1.957022506015865e-02
12050	1.588213012279600e-02
12051	4.930258731474089e-03
12052	-3.069566824476946e-02
12053	-1.910699786583414e-02
12054	2.328999055315738e-02
12055	-2.517712501287816e-02
12056	-1.677582657337317e-02
12057	-3.031580709004294e-02
12058	-1.391324293295317e-02
12059	-2.871665381594221e-02
12060	6.160199876691057e-02
12061	-1.966825965365456e-02
12062	3.393826404998817e-02
12063	9.986607723176491e-03
12064	7.692242282130332e-03
12065	-1.064704373178333e-02
12066	1.182090511195966e-01
12067	-2.724728538197800e-02
12068	-4.561208332031093e-02
12069	1.791182931085591e-02
12070	-8.692236262036676e-02
12071	-2.497405654645462e-02
12072	8.755156009779752e-02
12073	-4.308479408681216e-02
12074	-3.611018588090531e-02
12075	-1.179487149263829e-02
12076	-2.874310378333435e-02
12077	-8.385029891195453e-02
12078	6.285948272832328e-02
12079	-9.662773484386331e-02
12080	-1.002637747698360e-01
12081	-7.246091778380598e-02
12082	-7.160084872052037e-02
12083	-1.157886861724292e-01
12084	3.034559779940319e-02
12085	-1.356039466258306e-01
12086	-1.592606670693399e-01
12087	-9.346544591706098e-02
12088	-1.455408413329143e-01
12089	-8.789195781561154e-02
12090	9.935662727002266e-02
12091	-1.004882237605606e-01
12092	-1.025027088341591e-01
12093	-3.163306924705546e-02
12094	-1.223015269190240e-01
12095	-6.995588675646583e-02
12096	-5.520816803861940e-02
12097	-3.552691345781583e-02
12098	-4.232449570663017e-02
12099	2.816841462419993e-02
12100	-6.511554336154231e-02
12101	-1.430510293014414e-02
12102	-2.183667223617963e-02
12103	-4.540641584635968e-02
12104	-8.068044011804933e-02
12105	3.362023589764674e-03
12106	-8.623015025743194e-02
12107	-2.377244116084532e-02
12108	-1.105330554649475e-01
12109	-2.168715003579452e-02
12110	-2.215590070401635e-01
12111	-2.862978965844330e-04
12112	-6.778899004650382e-02
12113	-1.433578884739384e-02
12114	-1.049582116712211e-01
12115	-2.646893075402962e-02
12116	-1.184324878309914e-01
12117	-1.335715111323223e-02
12118	-5.648703479458578e-02
12119	-1.137958065833913e-02
12120	-1.031645935157675e-01
12121	-1.952897723812113e-02
12122	-2.151817433750530e-01
12123	-4.705646801564848e-02
12124	-2.031680598594714e-01
12125	-2.580716174021065e-02
12126	-2.366702186532866e-01
12127	-7.587839576286515e-02
12128	-1.693952957353225e-01
12129	-1.008837817126628e-01
12130	-1.287932154292273e-01
12131	-1.381694821742053e-01
12132	-2.327779511400143e-01
12133	-1.646740319639909e-01
12134	-2.294242842611304e-01
12135	-1.218581862956182e-01
12136	-1.991980747278932e-01
12137	-1.223156691558513e-01
12138	-1.784385872926291e-01
12139	-1.071739166626949e-01
12140	-1.903746604098685e-01
12141	-1.275418019550934e-01
12142	-8.257049449621932e-02
12143	-7.845764827735760e-02
12144	-1.759969190013569e-01
12145	-6.851873098121894e-02
12146	-9.701183119861083e-02
12147	-9.353033049435945e-02
12148	-5.754080030109818e-02
12149	-4.955775256117011e-02
12150	-1.031014541670439e-01
12151	-4.962912848738771e-02
12152	-7.235051916604937e-02
12153	-5.817849392807045e-02
12154	-4.005011378360136e-02
12155	-9.834434471042386e-02
12156	-1.013382827553268e-01
12157	-3.919105561186376e-02
12158	-5.970750532987836e-02
12159	-4.205989324382797e-02
12160	-5.840804363011759e-02
12161	-2.347985865436060e-02
12162	1.358522343281219e-02
12163	-2.139989049177345e-02
12164	-1.398696105150588e-02
12165	3.956955361916473e-03
12166	-1.922702831745076e-01
12167	-5.027342101942420e-02
12168	-3.123742905570254e-02
12169	-5.590612162261895e-02
12170	-4.161659642496358e-02
12171	-1.799207016286992e-02
12172	-1.203561879988464e-01
12173	-7.091083259803052e-02
12174	-3.087513039547916e-02
12175	-6.984573160441497e-02
12176	-8.917932490107308e-02
12177	-4.491281007696844e-02
12178	-1.045644194578147e-01
12179	-9.151344755140539e-02
12180	-2.660011431636243e-01
12181	-8.764952226397006e-02
12182	-9.895924640121806e-02
12183	-3.825142339043819e-02
12184	-8.899767498435182e-02
12185	-9.772760639937984e-02
12186	-9.414169561240625e-02
12187	-8.447606582110558e-02
12188	-1.273629519307209e-01
12189	-2.845160250755860e-02
12190	-1.999061627265359e-01
12191	-6.630615492926782e-02
12192	-9.629249168286129e-02
12193	-7.635323724183465e-02
12194	-2.111820604903138e-01
12195	-9.376987806481733e-02
12196	-7.636442195976713e-02
12197	-8.198970085266914e-02
12198	-1.586036201426735e-01
12199	-9.437856930816708e-02
12200	-1.129121225524419e-01
12201	-1.260122992653465e-01
12202	-1.237328146894835e-01
12203	-8.953514741109117e-02
12204	-8.194454264310953e-02
12205	-7.679813952915086e-02
12206	-3.731707507730206e-02
12207	-5.695637146064658e-02
12208	-7.489321295347369e-02
12209	-6.205439704780628e-02
12210	1.172110579985912e-01
12211	-4.952818488835932e-02
12212	-4.661932950779828e-02
12213	-3.305432694237641e-02
12214	3.292492427127329e-02
12215	-3.653235226262359e-02
12216	3.335709831385798e-02
12217	-2.957744825487306e-02
12218	4.757951026482879e-02
12219	-4.564005214208845e-02
12220	1.134027731628118e-01
12221	-3.434817654798535e-02
12222	3.864011936143283e-03
12223	-3.551189547647647e-02
12224	1.991893810692478e-03
12225	-4.723508653924658e-02
12226	-6.960319970338220e-03
12227	-2.294507611466249e-02
12228	-9.687647184003336e-03
12229	-2.096164237733050e-02
12230	1.100329947453640e-01
12231	1.206910670316769e-02
12232	6.142553440107002e-02
12233	-1.701489227744350e-02
12234	5.832566890295331e-02
12235	-7.935388370844506e-03
12236	1.424783348919212e-01
12237	-3.379913556278027e-02
12238	7.170440281967772e-02
12239	-1.609065926072854e-02
12240	-7.929951380805850e-02
12241	-2.641152286592010e-02
12242	1.646474073901970e-03
12243	-1.154050432538328e-01
12244	5.191442618359100e-03
12245	-2.866435948590347e-02
12246	-2.136286584452501e-01
12247	-4.031377593821887e-02
12248	-1.939465531753896e-02
12249	-1.111603340383424e-01
12250	4.320089074547380e-03
12251	-3.766815976217503e-02
12252	-2.070404698517364e-01
12253	-4.199713333555383e-02
12254	-1.095553003803865e-02
12255	-1.782913043738638e-01
12256	-7.446286032095764e-02
12257	-4.820576397152308e-02
12258	-2.279339650074170e-01
12259	-4.836860129483149e-02
12260	-1.643443373661686e-01
12261	-1.170657059987537e-01
12262	-1.196301385912173e-01
12263	-7.397001222108004e-02
12264	-2.486266044220907e-01
12265	-9.857154156811496e-02
12266	-1.097513300805529e-01
12267	-1.645890349415955e-01
12268	-7.782275048230387e-02
12269	-6.884380328130141e-02
12270	-3.741443653343852e-01
12271	-6.138115538702251e-02
12272	-7.837480936347270e-02
12273	-1.524416357836288e-01
12274	-1.073712554410896e-01
12275	-7.866893781185934e-02
12276	-2.596103024735991e-01
12277	-5.721149711934829e-02
12278	-3.806309334923647e-02
12279	-1.433162024488803e-01
12280	-8.709720421591131e-02
12281	-5.386812906060751e-02
12282	-3.423349866561977e-01
12283	-6.262289964139105e-02
12284	-1.614893859738046e-01
12285	-1.786359919606759e-01
12286	-1.483707577830872e-01
12287	-8.518696617056395e-02
12288	-2.135066288309221e-01
12289	-6.029036745268854e-02
12290	-3.004393786499540e-02
12291	-8.170272299871326e-02
12292	-1.033577440586598e-01
12293	-3.674347396247420e-02
12294	-9.834681994385737e-02
12295	-2.151058142452512e-02
12296	-2.847238337762339e-02
12297	-4.871806805362366e-02
12298	-1.104366976852877e-01
12299	-2.292952315440581e-02
12300	-4.578089511913203e-02
12301	-1.289032607070043e-02
12302	-6.741884975370757e-05
12303	-1.118968083544693e-02
12304	1.740116356973903e-02
12305	5.367472609334222e-02
12306	-7.376533232479819e-02
12307	3.880180721031424e-02
12308	5.554888122994029e-02
12309	7.173396434700220e-02
12310	1.681644217451238e-01
12311	6.724584919318323e-02
12312	2.010786756577807e-01
12313	6.923329625781971e-02
12314	2.029041677477319e-01
12315	1.331409690872934e-01
12316	2.036183514138178e-01
12317	7.737078063450581e-02
12318	3.005951757476187e-01
12319	7.384388266415856e-02
12320	1.413745610784617e-01
12321	1.077976662819416e-01
12322	1.779093907016736e-01
12323	6.478533669675920e-02
12324	3.043028622722322e-01
12325	2.942408664752439e-02
12326	1.066227356837489e-01
12327	8.323851059187508e-02
12328	1.133347186399205e-01
12329	4.423605539370117e-02
12330	1.992293298449928e-01
12331	5.109107730849846e-02
12332	1.396935790883235e-01
12333	5.293623872549077e-02
12334	1.821617999514932e-01
12335	2.059075693131884e-02
12336	1.582217224345190e-01
12337	5.580032161745450e-02
12338	1.304803508025384e-01
12339	5.496472624432365e-02
12340	2.866162719549099e-02
12341	5.694734207760613e-02
12342	1.769557106743565e-01
12343	1.091540143929752e-02
12344	2.102038301621837e-02
12345	3.837360208842115e-02
12346	-2.181877734521463e-03
12347	-6.807545844066615e-04
12348	3.977081181576343e-02
12349	1.178062377631354e-02
12350	8.372406746676740e-02
12351	3.508409265289992e-02
12352	6.785505005512663e-02
12353	4.121158795064112e-02
12354	-5.587595468218494e-03
12355	8.156221366832184e-02
12356	1.041175417859309e-01
12357	3.626224055794466e-02
12358	1.046281351219637e-01
12359	3.517823337180524e-02
12360	7.097510893964962e-02
12361	4.569434218281064e-02
12362	1.189063248727574e-01
12363	7.219354104235666e-02
12364	2.867046770885455e-02
12365	7.903095380590258e-02
12366	3.662735223107438e-02
12367	7.718685699112091e-02
12368	1.036192766355131e-01
12369	7.876247988944421e-02
12370	1.535583997492868e-01
12371	9.001860328834292e-02
12372	6.987662332462145e-02
12373	9.534675031122278e-02
12374	1.428104842926952e-01
12375	1.179330286828814e-01
12376	1.180544772424938e-01
12377	8.927493047742252e-02
12378	1.404116555177371e-01
12379	9.044193470361332e-02
12380	2.114549857045874e-02
12381	1.390812405964104e-01
12382	9.042813552926551e-02
12383	1.232351736405949e-01
12384	7.803946584001395e-02
12385	7.192216431472644e-02
12386	4.436232327234268e-02
12387	9.714733542991029e-02
12388	-9.201527740624024e-02
12389	2.982588434888434e-02
12390	7.920139070851531e-02
12391	1.579694618617899e-02
12392	-9.617866663742049e-02
12393	3.427405134883594e-02
12394	-1.194408904590734e-01
12395	1.616734686012775e-02
12396	-1.281704995730313e-01
12397	3.192910637011164e-03
12398	-1.412369337350615e-01
12399	3.284230275165722e-03
12400	-1.518045063591122e-01
12401	-1.727024727394611e-02
12402	-1.307530086371390e-01
12403	-1.681285912500047e-02
12404	-1.812244173612724e-01
12405	2.966994869286512e-02
12406	-1.605004949360081e-01
12407	-2.576049739862645e-02
12408	-8.595319992043091e-02
12409	2.951685318884771e-04
12410	-1.928473841657051e-01
12411	3.122536908375395e-02
12412	-1.266249293959137e-01
12413	-1.863775356203639e-03
12414	-5.097730728165805e-02
12415	5.092624847246971e-03
12416	-6.959532255539917e-02
12417	8.843747464773665e-03
12418	-4.073841064239960e-03
12419	-3.362896449343658e-03
12420	-1.061496140858304e-01
12421	9.092046651419279e-04
12422	-5.902547504846119e-02
12423	-8.848631273595645e-03
12424	-5.060842979682739e-02
12425	1.224416096191184e-02
12426	-1.746557614352994e-01
12427	1.717185466420695e-02
12428	-6.855789191250175e-02
12429	-2.508608447655238e-02
12430	-1.332898817031964e-01
12431	-1.033929900318851e-02
12432	-1.023612433951823e-01
12433	-2.059417342717523e-02
12434	-2.987588551131435e-02
12435	-3.535654894343133e-02
12436	2.564193722383379e-03
12437	-2.030156800107503e-02
12438	-5.820686375040889e-02
12439	-3.627924764194401e-02
12440	2.765968513762253e-02
12441	-1.001201711858000e-01
12442	-2.542274024710558e-02
12443	-2.416302783624046e-02
12444	1.420615609441815e-02
12445	2.773418924621380e-02
12446	-7.028120515928782e-02
12447	-5.756942211834676e-02
12448	-2.919270104659020e-02
12449	-2.478733444839334e-02
12450	9.841167924489079e-04
12451	-2.477861551909566e-02
12452	-9.529970924895009e-02
12453	-6.366738495645516e-02
12454	-1.315206720734595e-02
12455	-5.551116219041918e-04
12456	-1.034619643376092e-01
12457	-4.303187180604122e-02
12458	-5.789930310081789e-02
12459	-8.950291942664994e-02
12460	6.013243617986633e-02
12461	-4.096521805509342e-02
12462	-1.838067550752235e-01
12463	-2.552253564755147e-02
12464	-1.204936566881134e-02
12465	-3.575114932637889e-02
12466	3.478380243634600e-02
12467	5.374514428552383e-03
12468	-6.076021919180932e-02
12469	-8.334813385853134e-03
12470	-5.175142885925248e-02
12471	-8.790303954351174e-03
12472	3.452798643388803e-02
12473	8.547990372010821e-04
12474	7.399255672259782e-02
12475	7.387188090598656e-03
12476	8.726825246094240e-02
12477	3.810015252864916e-02
12478	1.467062948615375e-01
12479	3.476048230864236e-02
12480	2.160179861804125e-01
12481	2.911021348040320e-02
12482	1.409678940396514e-01
12483	7.185544276095805e-02
12484	1.543035319237309e-01
12485	7.289498992879519e-02
12486	2.330475731602066e-01
12487	4.159631014202070e-02
12488	1.038485900460428e-01
12489	8.836082619620458e-02
12490	1.311925545553304e-01
12491	1.994825872637699e-02
12492	1.753583401732291e-01
12493	-7.254331369169767e-03
12494	1.401945759468501e-02
12495	8.186092922100717e-02
12496	1.459826480762294e-02
12497	3.903136731043128e-03
12498	1.793573893786666e-01
12499	-2.362651882554466e-03
12500	9.943699763007007e-03
12501	7.984359391574300e-02
12502	-1.042428059182390e-01
12503	1.015960536682208e-02
12504	9.762762996910819e-02
12505	2.584312191701423e-02
12506	-8.952341665776518e-02
12507	8.801384628500108e-02
12508	-8.535328708476872e-02
12509	-1.377200900251185e-02
12510	6.799053073319970e-02
12511	1.814784312049117e-03
12512	-6.589201452566650e-02
12513	7.441938142321655e-02
12514	-7.638204123812488e-02
12515	-2.841289505190692e-02
12516	1.457999245042894e-01
12517	1.127682460807617e-02
12518	1.969441724511592e-02
12519	5.372485500191723e-02
12520	-8.495736795189554e-02
12521	-1.887978925041185e-02
12522	7.353126253733190e-02
12523	-2.922964655066765e-02
12524	-1.127416200198341e-01
12525	-6.400757143106453e-04
12526	-1.070062607443948e-01
12527	-1.271325482692867e-02
12528	-1.290799858533931e-02
12529	9.051877111574205e-03
12530	-2.037311756473633e-01
12531	3.036841102313044e-02
12532	-9.958009915995968e-02
12533	-1.987089516329238e-02
12534	3.333743833461632e-02
12535	-4.691468084039131e-02
12536	-5.238087852431426e-02
12537	3.678457712132549e-02
12538	-4.977612605829281e-02
12539	-2.250418383474272e-02
12540	-8.755766220061970e-02
12541	-1.898123992257916e-02
12542	-4.142384840651009e-02
12543	5.309891791337076e-02
12544	4.147288412408044e-05
12545	-9.031230727917661e-03
12546	8.838006734473060e-02
12547	1.414432890576783e-02
12548	2.743244527033124e-02
12549	7.226744265039561e-02
12550	-5.701389246240216e-02
12551	3.330135293580615e-02
12552	3.535861954376916e-02
12553	-9.721382324680982e-03
12554	-7.782372264066645e-02
12555	2.524883314823833e-03
12556	-1.035494034748047e-01
12557	-2.872340767759402e-02
12558	1.718416578054730e-01
12559	-7.441586784221705e-03
12560	-6.230569419309773e-02
12561	5.187307063162572e-02
12562	4.654494634601951e-02
12563	3.613903127139217e-02
12564	4.025738303961290e-02
12565	6.770623315853007e-02
12566	5.760950940901512e-02
12567	4.443652428305640e-02
12568	4.349956062647756e-02
12569	5.101182561637494e-02
12570	-8.928260917826580e-02
12571	4.313304819155851e-02
12572	-2.660459222736806e-02
12573	1.665916857030060e-02
12574	9.568643245355597e-03
12575	3.067764198251556e-02
12576	-2.666467938069728e-02
12577	2.025523144293366e-02
12578	6.618222062570139e-02
12579	2.836960249093778e-03
12580	1.089424174437468e-01
12581	2.434997918634763e-02
12582	-2.074258253615845e-02
12583	3.245210233796891e-02
12584	4.038426137947403e-02
12585	1.354047336415369e-02
12586	-9.004356883519990e-02
12587	9.158328750671602e-03
12588	-8.683872331958155e-02
12589	1.049254662573653e-03
12590	1.541797396343111e-02
12591	-1.580100799591977e-02
12592	-9.914696286017993e-02
12593	-4.270110489365363e-02
12594	-1.351977050474380e-01
12595	-3.753416063543002e-02
12596	-2.035265992179237e-01
12597	-9.918718586161891e-02
12598	-2.281161282089889e-01
12599	-1.109602931730418e-01
12600	-2.498179801473910e-01
12601	-1.130806003368253e-01
12602	-2.590012896527156e-01
12603	-1.499435005785633e-01
12604	-2.761742248577769e-01
12605	-1.358427722649679e-01
12606	-4.172638767467564e-01
12607	-1.119784761570581e-01
12608	-2.193870600833312e-01
12609	-1.313029483039590e-01
12610	-2.999582216557246e-01
12611	-6.567283883931249e-02
12612	-2.641447680371792e-01
12613	-5.251624522450982e-02
12614	-1.979654756599698e-01
12615	-9.827830877762875e-02
12616	-9.220266800358660e-02
12617	-3.586178868047298e-02
12618	-1.687750390929259e-01
12619	-3.707343384486956e-02
12620	-1.562004087046898e-01
12621	-7.836070246486264e-02
12622	-9.118723407084763e-02
12623	-6.718968442564345e-02
12624	-1.324864475439868e-01
12625	-6.079373801839941e-02
12626	-2.906795711680343e-02
12627	-7.862428460846259e-02
12628	5.490485891426924e-02
12629	-4.406025647111408e-02
12630	-2.114307322888520e-01
12631	-6.117410745769252e-02
12632	-5.237443506994517e-02
12633	-8.725115151651927e-02
12634	-6.175517941242874e-02
12635	-5.806943978202314e-02
12636	-6.931507998451000e-02
12637	-3.325945866249454e-02
12638	-1.110097583301689e-02
12639	-5.970287595388919e-02
12640	-2.706507960696532e-02
12641	-4.891166879891938e-02
12642	-7.138592882581195e-03
12643	-6.174679476045437e-02
12644	-1.089721718424850e-01
12645	-8.327618344543961e-02
12646	-1.033274543785411e-01
12647	-7.354972549226721e-02
12648	-6.799344986523610e-02
12649	-4.612130145224230e-02
12650	-6.557282725990606e-03
12651	-7.791387842867530e-02
12652	-3.432197874049959e-02
12653	-6.008679072648961e-02
12654	-1.207348254145825e-02
12655	-3.839806187332843e-02
12656	1.886467745116120e-02
12657	-4.970814386079138e-02
12658	1.411582691672778e-02
12659	-2.096959574729071e-02
12660	1.805219917795012e-01
12661	-7.111276941258059e-03
12662	1.418024731619570e-01
12663	4.234804180490148e-02
12664	1.222935890256269e-01
12665	2.835333909978697e-02
12666	2.149284395674207e-01
12667	2.965714926701367e-02
12668	1.395270426816594e-01
12669	5.771266693191780e-02
12670	2.403240574724778e-02
12671	1.708672862581961e-02
12672	1.450858942726727e-01
12673	4.314709501585992e-03
12674	5.400209684268844e-02
12675	-3.311554759082411e-03
12676	5.760074643333264e-02
12677	-4.102279360073310e-02
12678	1.255649882486371e-01
12679	-2.161089418749687e-02
12680	2.164952684618755e-02
12681	-3.361491105867835e-03
12682	4.793819355942133e-02
12683	-2.392621319623807e-02
12684	1.083354554812890e-01
12685	-4.868895425948228e-02
12686	-5.342406366990006e-02
12687	-5.511098137530140e-02
12688	-5.418272133372760e-02
12689	-3.338392311821306e-02
12690	-3.492616613945870e-02
12691	-2.266516313125891e-02
12692	-8.097111659161163e-02
12693	-5.146410992846139e-02
12694	1.541685360543837e-02
12695	-4.051000537883646e-02
12696	-7.583833006453326e-02
12697	-9.948311995063209e-03
12698	7.396973388870414e-03
12699	-7.039779090899691e-02
12700	-4.949805266180776e-02
12701	-3.966932013438776e-02
12702	-1.573418116030735e-01
12703	-1.820133938703689e-02
12704	-7.253868740068073e-02
12705	-9.497961488732658e-02
12706	-9.026606239314652e-02
12707	-3.081867443238120e-02
12708	-8.946614344934289e-02
12709	-3.307342956678258e-02
12710	-1.656577177508635e-01
12711	-4.847110953330313e-02
12712	-5.000035657413416e-02
12713	-3.817742163789643e-02
12714	-2.068576471534423e-01
12715	-8.948386865816807e-02
12716	-5.859941696893518e-02
12717	-8.753479022173022e-02
12718	-1.037148819084258e-01
12719	-6.182669156546886e-02
12720	-1.243853703195681e-01
12721	-7.731070935390572e-02
12722	-7.915557002580942e-02
12723	-8.712730012166814e-02
12724	-4.288400448073349e-02
12725	-6.719186677659932e-02
12726	-4.578885976148687e-02
12727	-2.870104458202025e-02
12728	-7.022422927274347e-03
12729	-4.090097738682013e-02
12730	-6.683191585794306e-02
12731	-4.318758241048768e-03
12732	-9.981683574157998e-02
12733	4.260850862745943e-02
12734	7.965890811711526e-03
12735	-4.482979639931666e-02
12736	1.396440766611584e-02
12737	5.476219437718207e-03
12738	-1.956130585719503e-01
12739	1.937376221125974e-02
12740	2.156359063271641e-02
12741	-1.917721540275360e-02
12742	4.238054460148279e-02
12743	1.372253449957428e-02
12744	-1.033599243318359e-01
12745	-8.516525116185373e-03
12746	-3.418911280293054e-02
12747	6.600895433856066e-03
12748	-1.847171634585597e-02
12749	-2.222398841000174e-03
12750	-1.289906145410555e-01
12751	-6.677962227516899e-03
12752	-2.884372043901303e-02
12753	-1.631027097067581e-02
12754	2.103473220247290e-02
12755	-2.398447021063988e-02
12756	-1.408263387840069e-01
12757	-9.074677531246619e-03
12758	-3.763472274832264e-02
12759	-3.307841892306440e-02
12760	-4.590091594568616e-02
12761	2.452045412360600e-02
12762	-5.091896190771442e-02
12763	3.567697636111734e-02
12764	7.451385623890708e-02
12765	1.042387684813597e-02
12766	1.368109140883920e-01
12767	5.171771532911099e-02
12768	1.290554449063266e-02
12769	5.456729315474612e-02
12770	1.257102570636745e-01
12771	2.788228722384299e-02
12772	9.107711764805610e-03
12773	3.475191044210219e-02
12774	5.421895602196686e-02
12775	7.366673935974716e-02
12776	2.281123329751735e-02
12777	3.752485907606251e-02
12778	2.274012135955442e-02
12779	2.319435403971680e-02
12780	1.455273552700500e-01
12781	2.166615049351818e-02
12782	-6.991501001685192e-02
12783	6.307159125722113e-02
12784	2.269048988944595e-02
12785	5.116481238744298e-02
12786	1.025645360562468e-01
12787	2.141489866236923e-02
12788	-3.846630912264948e-02
12789	4.406725841976469e-02
12790	9.768708844322500e-02
12791	1.492772750084015e-02
12792	6.516820137373586e-02
12793	2.113781819578578e-03
12794	-5.887194321162961e-04
12795	1.085309482162357e-01
12796	-3.589748395649211e-02
12797	4.220748582064075e-02
12798	1.432797092527705e-01
12799	6.816992008565721e-02
12800	1.314410059691839e-01
12801	1.194125345727808e-01
12802	1.368714465300677e-01
12803	5.947560821653808e-02
12804	2.358780024698840e-01
12805	8.136807015620653e-02
12806	1.284918511145669e-01
12807	9.302889160105146e-02
12808	7.681586717070421e-02
12809	4.834550472391693e-02
12810	2.787960941565815e-01
12811	4.091577234233613e-02
12812	7.299402529714694e-02
12813	7.714540926023596e-02
12814	9.354631265969435e-02
12815	7.633801321416095e-02
12816	1.443819826443974e-01
12817	3.325878985547877e-02
12818	-3.370964736704146e-02
12819	9.759236616678608e-02
12820	3.992252002075390e-02
12821	4.980798310458175e-02
12822	1.638572613683808e-01
12823	4.287797153926565e-02
12824	4.745154452225456e-02
12825	1.481469580951872e-01
12826	3.415296159919272e-02
12827	3.703971231175615e-02
12828	1.116757135977002e-01
12829	3.670811286036556e-02
12830	1.144479024711832e-01
12831	7.979764176149112e-02
12832	6.024115194842745e-02
12833	2.788118166283940e-02
12834	1.306464768172458e-01
12835	5.772850234092245e-02
12836	8.189749094130579e-02
12837	9.538809194570019e-02
12838	4.467710032452753e-02
12839	1.374644262454540e-02
12840	1.641088032394811e-01
12841	4.350255847962424e-04
12842	2.511300717888105e-02
12843	5.912018459531190e-02
12844	5.921583852625859e-02
12845	4.084002297061242e-02
12846	1.618721309110471e-01
12847	8.431467782088999e-03
12848	6.138795202410009e-02
12849	7.807958012925180e-02
12850	7.063813759454778e-02
12851	5.131452768133646e-02
12852	2.292578116792681e-01
12853	6.445247341699355e-02
12854	1.064294265546263e-01
12855	1.502465926481636e-01
12856	1.287863033429774e-01
12857	1.138887106077994e-01
12858	2.394044469176862e-01
12859	1.373272169654923e-01
12860	1.260343487907923e-01
12861	1.496553718217732e-01
12862	2.047625331079989e-01
12863	1.166794982622664e-01
12864	2.492569467215153e-01
12865	1.321351718941683e-01
12866	2.780070124573359e-01
12867	1.361421893346575e-01
12868	2.040849262381335e-01
12869	9.038848545198926e-02
12870	2.118617389630916e-01
12871	9.306313641219727e-02
12872	1.909792940913913e-01
12873	1.486286421151265e-01
12874	2.304467953793338e-01
12875	1.293402494660071e-01
12876	3.166224314833389e-01
12877	1.217813138727162e-01
12878	2.369245961137603e-01
12879	9.797287341903881e-02
12880	2.078924121186718e-01
12881	9.277374777436943e-02
12882	1.431914242504987e-01
12883	9.445990660492624e-02
12884	1.992884682386767e-01
12885	1.032264245070591e-01
12886	1.936176189328182e-01
12887	1.022275953601004e-01
12888	1.046264710279090e-01
12889	8.331673761309888e-02
12890	1.484405182387366e-01
12891	3.703327231263515e-02
12892	4.773678351102682e-02
12893	6.934775367781731e-02
12894	-3.523859924481539e-02
12895	7.132117810898700e-02
12896	5.460419869800757e-02
12897	8.754165238638730e-03
12898	2.284658311590015e-02
12899	3.769466371136358e-02
12900	-3.404444738838519e-02
12901	4.917630197682499e-02
12902	2.451541482056567e-02
12903	-2.701909030256890e-03
12904	3.873101329177132e-02
12905	8.673778173268042e-02
12906	4.533595038981596e-02
12907	6.616544308537591e-02
12908	7.609296282344445e-03
12909	8.231933128666941e-02
12910	1.312941155056253e-01
12911	7.682566555143758e-02
12912	1.125819165490239e-01
12913	7.300641845005117e-02
12914	1.597364620627737e-01
12915	9.766251642307854e-02
12916	1.147529267153398e-01
12917	6.447486228757229e-02
12918	1.487754666197647e-01
12919	5.188168712414590e-02
12920	4.957917919647446e-02
12921	7.200641565113526e-02
12922	-9.317522992225365e-02
12923	4.289376231016916e-02
12924	5.169077880053212e-02
12925	4.075851876676985e-02
12926	2.221215287419745e-02
12927	3.538711312382788e-02
12928	-3.313972584974115e-02
12929	-2.030683884641420e-02
12930	-1.588708631444717e-01
12931	5.901190191695412e-03
12932	-1.009225062629239e-01
12933	-1.846764310577478e-02
12934	-8.865661195557575e-02
12935	-2.800750379889214e-02
12936	-2.049352035405462e-01
12937	-7.692701130379065e-02
12938	-1.966555612515959e-01
12939	-9.489357285630227e-02
12940	-2.375028066588421e-01
12941	-8.981014838167790e-02
12942	-1.996843183256132e-01
12943	-1.237190611278398e-01
12944	-2.257853212724492e-01
12945	-1.236300027931043e-01
12946	-2.546774553068602e-01
12947	-1.422525397878148e-01
12948	-1.385473386623798e-01
12949	-1.342839822597347e-01
12950	-2.317099500273574e-01
12951	-1.052088884081052e-01
12952	-2.388081288718412e-01
12953	-9.442205310321988e-02
12954	-2.596365622878536e-01
12955	-8.769756860116720e-02
12956	-2.397320727375167e-01
12957	-3.530615624332467e-02
12958	-2.902232541962374e-01
12959	-6.897433820804470e-02
12960	-1.120278485618336e-01
12961	-7.213446205199324e-02
12962	-1.716892295677672e-01
12963	-3.143717025098235e-02
12964	-1.889749140380520e-01
12965	-5.854822006674541e-02
12966	-2.174764643208697e-02
12967	-4.287526757279766e-02
12968	-9.602020902970115e-02
12969	-4.818537680107814e-02
12970	-2.090397084487537e-02
12971	-2.809718173378408e-02
12972	4.942496654131266e-02
12973	-2.267000219653667e-02
12974	-2.216406520356654e-03
12975	-5.041557252032214e-02
12976	-4.691300918330955e-02
12977	-4.403747788702576e-02
12978	3.817819105494698e-04
12979	-4.147163304496766e-02
12980	4.688653961912301e-02
12981	-5.445022273170247e-02
12982	-4.521370072537429e-02
12983	-1.313590244694812e-02
12984	-2.414407984584282e-02
12985	1.007037328232113e-02
12986	4.042564159075772e-02
12987	-7.800884178590393e-03
12988	1.102100246473622e-02
12989	2.503517999376699e-02
12990	-5.469599169398830e-02
12991	3.142501852550358e-02
12992	9.824557184479964e-02
12993	2.435211127309680e-02
12994	1.301773654672548e-01
12995	7.533136722187316e-02
12996	9.661911414726040e-02
12997	7.191829165692018e-02
12998	1.644317528701110e-01
12999	7.030945299956433e-02
13000	1.877444755676767e-01
13001	8.123454255141156e-02
13002	1.398875229812906e-02
13003	8.832945075084332e-02
13004	1.931420311090759e-01
13005	6.279341280083171e-02
13006	2.540727328538466e-01
13007	1.023730475019255e-01
13008	1.052405704740118e-01
13009	9.655884581746606e-02
13010	2.625648839417354e-01
13011	2.920954415868929e-02
13012	2.066814256202423e-01
13013	9.736185223113300e-02
13014	1.192999882052004e-01
13015	1.335935750386459e-01
13016	2.135220284386304e-01
13017	5.832587103236644e-02
13018	2.550694043111396e-01
13019	8.727948149770030e-02
13020	9.998617419157900e-02
13021	7.474671361760871e-02
13022	2.383066615553101e-01
13023	4.834341369335116e-02
13024	1.811363310191607e-01
13025	9.598476162567474e-02
13026	2.225289452414316e-02
13027	5.247165390863360e-02
13028	1.479077942312319e-01
13029	2.719550911221531e-02
13030	1.960963205335147e-01
13031	3.977816961464947e-02
13032	5.471458083355721e-02
13033	4.601077491833130e-02
13034	1.375625663432512e-01
13035	-7.874334219965752e-03
13036	1.115309115381865e-01
13037	4.440964765712299e-02
13038	-8.899545906108840e-02
13039	4.345074255754122e-02
13040	6.688418270809686e-02
13041	-5.495990103847736e-02
13042	7.428199651394423e-03
13043	-4.573300750140588e-03
13044	-1.194615058354521e-01
13045	2.804139115258487e-03
13046	4.946637497159535e-02
13047	-3.733981616934351e-02
13048	7.305219245006639e-03
13049	1.032562484281964e-02
13050	-3.931778731413860e-02
13051	1.787507356271338e-02
13052	-6.260275309151095e-03
13053	2.240774387132307e-02
13054	4.483771628809772e-02
13055	3.141814372430426e-02
13056	5.108901074287340e-03
13057	1.242741558746170e-02
13058	1.932146595690242e-02
13059	2.115199630086125e-02
13060	4.596231495902370e-02
13061	5.316492677220228e-02
13062	-6.502929925581512e-02
13063	7.797399020398212e-02
13064	1.299715837737885e-01
13065	7.250455589217919e-02
13066	1.674628106691670e-01
13067	8.206846314120238e-02
13068	1.204596578669056e-01
13069	5.294821989767166e-02
13070	1.815421489749515e-01
13071	7.366143479766445e-02
13072	1.251119053502391e-01
13073	6.559900666025420e-02
13074	1.500119132630766e-01
13075	8.662692005340657e-02
13076	8.946181658810100e-02
13077	8.552221279686313e-02
13078	1.815322613807957e-01
13079	9.426063859647708e-02
13080	2.158886922803233e-01
13081	7.840875178131589e-02
13082	1.927501685432060e-01
13083	5.769007484378909e-02
13084	1.601122548966907e-01
13085	7.083036218611524e-02
13086	6.530375224688591e-02
13087	3.427767149723177e-02
13088	8.873630237534130e-02
13089	8.654240419572252e-03
13090	2.966516608603576e-01
13091	2.794062047462721e-02
13092	-8.198871477296232e-02
13093	6.002556986956711e-03
13094	-2.109329660892666e-02
13095	1.122966708327241e-02
13096	-2.735504113713979e-02
13097	1.152360500091706e-02
13098	-1.728099893521868e-01
13099	-6.228791528549883e-04
13100	2.025489098680577e-02
13101	-3.872860895031208e-02
13102	-1.077736508021466e-01
13103	-2.289718343728514e-02
13104	-1.634921766091930e-01
13105	-2.051007683062926e-03
13106	-1.283204947807139e-01
13107	-2.559653378196377e-02
13108	-1.406437288809667e-01
13109	-1.476744608352245e-02
13110	1.225918875108852e-01
13111	-2.381728401117146e-03
13112	-7.137538965882924e-02
13113	-1.154892300928810e-02
13114	-4.753233476184318e-02
13115	2.721829325170287e-02
13116	-1.193529903654880e-01
13117	-7.861319960758281e-03
13118	-2.112614049684869e-02
13119	-3.127412697620569e-02
13120	-1.020730294702203e-01
13121	-2.221817150662337e-02
13122	-1.228160563234484e-01
13123	-3.891911694662882e-02
13124	-1.909002644732428e-01
13125	-5.786958815199803e-02
13126	-1.676932424930276e-01
13127	-5.078952928057474e-02
13128	-1.571477784075009e-01
13129	-6.485956349371694e-02
13130	-2.670370964200485e-01
13131	-6.993557396970490e-02
13132	-1.484242827079293e-01
13133	-7.638606557603392e-02
13134	-2.340122206183562e-01
13135	-9.824427605594437e-02
13136	-1.744625854025243e-01
13137	-8.421250157115877e-02
13138	-1.818249890787237e-01
13139	-9.593625018620645e-02
13140	-1.371732060448224e-01
13141	-8.642342895653272e-02
13142	-1.405503493028069e-01
13143	-5.157075048653598e-02
13144	-1.086566605465097e-01
13145	-4.924366947136911e-02
13146	-1.714058303619702e-01
13147	-3.834929479643943e-02
13148	-1.206905401784605e-01
13149	-3.467472162599538e-02
13150	-1.217493356412083e-01
13151	-4.015502924425254e-02
13152	-9.337131791137757e-02
13153	-6.045161985503484e-02
13154	-1.082961463364324e-01
13155	-4.402492947562121e-02
13156	-7.065535329924678e-03
13157	-5.102140488857063e-02
13158	-7.458302098233108e-02
13159	-4.506004676511420e-02
13160	-9.837308422502460e-02
13161	-4.084959678296498e-02
13162	-7.933955237286881e-02
13163	-3.366396518467774e-02
13164	-9.960620407107412e-02
13165	-4.551975879481515e-02
13166	-3.196861390504973e-02
13167	-9.906626989875107e-03
13168	-5.601538042128434e-02
13169	-2.010883231081586e-02
13170	-1.947019945708487e-01
13171	1.579393645338872e-03
13172	-7.326585346931259e-02
13173	-5.049105264069904e-03
13174	4.151761384116891e-02
13175	-7.905398362728629e-03
13176	2.951527459539605e-02
13177	3.068020898670892e-02
13178	9.691258745889259e-02
13179	4.137589799502826e-02
13180	-1.403097789978495e-02
13181	2.739188959890405e-02
13182	8.490226278647792e-02
13183	2.034874859085977e-02
13184	5.718557162384351e-02
13185	9.459022785231141e-03
13186	8.829198488185616e-02
13187	2.288554644298683e-02
13188	1.407932384167020e-01
13189	2.511331370188348e-02
13190	6.041277155707196e-02
13191	7.383707255396940e-03
13192	4.578062167545141e-02
13193	-1.642780566259015e-03
13194	5.018888527533959e-02
13195	-5.899860437456301e-02
13196	1.776167271642651e-02
13197	-2.982796871299096e-02
13198	-1.072436221778223e-02
13199	-3.810671648016582e-02
13200	6.826238931833237e-06
13201	-3.082818167922249e-02
13202	-1.057039480415824e-01
13203	-3.962898094165390e-02
13204	2.754182973240078e-02
13205	2.367126328652525e-02
13206	-7.767690759577078e-02
13207	-8.790012803782136e-03
13208	3.018696923273023e-02
13209	-6.878144155739470e-02
13210	7.850105554018905e-02
13211	5.578449768474247e-03
13212	-8.492659077726705e-03
13213	1.752510107430681e-03
13214	-1.974200033628047e-03
13215	6.199802788432821e-02
13216	2.433328726940570e-02
13217	3.139243283797966e-02
13218	8.081526589828641e-02
13219	4.536294007140190e-02
13220	6.908750279884684e-02
13221	7.329658373670432e-02
13222	1.414758385527319e-01
13223	5.544358940511530e-02
13224	9.226461802788838e-02
13225	5.898279890938572e-02
13226	1.638754185010384e-01
13227	5.126130013150763e-02
13228	1.202270756078859e-01
13229	3.717854139828893e-02
13230	1.591340653567355e-01
13231	4.361662401451184e-02
13232	1.024827564003018e-01
13233	9.382908164408882e-02
13234	1.463973824738401e-01
13235	4.531056189205929e-02
13236	6.705015109834037e-02
13237	7.274255192499124e-02
13238	8.239944067035605e-02
13239	1.044011480361606e-01
13240	8.914922890102830e-02
13241	7.611247001488007e-02
13242	1.823219580447193e-01
13243	9.769525884043571e-02
13244	2.651395596358286e-01
13245	1.171803038504108e-01
13246	1.721235970477045e-01
13247	8.284662723762795e-02
13248	1.919327765180462e-01
13249	8.758086772727322e-02
13250	1.216711298583585e-01
13251	1.844069038351932e-01
13252	1.704007970544338e-01
13253	8.163011794042820e-02
13254	1.889888482796906e-01
13255	7.848665333398985e-02
13256	1.560005505410574e-01
13257	1.215834085711245e-01
13258	2.208794644701217e-01
13259	7.591790820268046e-02
13260	6.167410524276688e-02
13261	6.920885845553680e-02
13262	1.430328360292390e-01
13263	9.690624715920070e-02
13264	9.262352673368444e-02
13265	1.172994197957290e-01
13266	1.245279321357621e-01
13267	6.448946969094399e-02
13268	3.558928454550236e-02
13269	8.927042978686810e-02
13270	7.391191756235130e-02
13271	2.958873384132277e-02
13272	1.101404004957548e-01
13273	1.335209871576728e-02
13274	1.740614190550177e-02
13275	8.386519544276147e-02
13276	4.841264021142013e-02
13277	4.134445408017762e-02
13278	1.566478319172180e-01
13279	3.863656560998197e-02
13280	5.148164401659402e-02
13281	1.064922471131587e-01
13282	1.118047818534071e-01
13283	3.761652781418295e-02
13284	1.477575986362393e-01
13285	2.061012421286325e-02
13286	3.120307318271732e-03
13287	6.686970632382215e-02
13288	1.051473847485219e-01
13289	4.807214443005086e-02
13290	1.226127510392887e-02
13291	5.969339407081106e-02
13292	1.419311023701030e-01
13293	3.894462142766243e-02
13294	1.054925215662728e-01
13295	5.656105350303901e-02
13296	1.036906375533859e-01
13297	5.813163120835381e-02
13298	1.388839313358743e-01
13299	2.310172255472432e-03
13300	7.106846434047581e-02
13301	2.663663266634825e-02
13302	2.269315590472685e-02
13303	1.478429439457396e-02
13304	4.150510202284065e-02
13305	-3.060132296185630e-03
13306	4.606829899458117e-03
13307	-1.453320048450706e-02
13308	-6.140195044878187e-02
13309	-5.188610936284836e-04
13310	-1.742349672408754e-02
13311	-3.495925751975387e-02
13312	-3.538979598353400e-04
13313	-1.628395119929020e-02
13314	-1.548740982406766e-01
13315	-3.790609254157066e-02
13316	-1.891797778557370e-02
13317	-3.337420942476980e-02
13318	-4.755180062859308e-02
13319	-6.136642857531027e-02
13320	-6.300738692514717e-03
13321	-5.709314667940429e-02
13322	-4.452213952788837e-02
13323	-2.495623675259501e-02
13324	-1.634081614587253e-02
13325	-6.037539971566033e-02
13326	6.004998473370998e-02
13327	-3.764845170099355e-02
13328	-3.826440477008598e-02
13329	-1.089232489099001e-02
13330	-9.861268749415125e-02
13331	-2.773516184919279e-02
13332	8.094656484070240e-02
13333	-2.276630205209347e-02
13334	-1.249524739000460e-02
13335	-4.547218166246585e-02
13336	-3.806723479582019e-02
13337	-2.800909664960072e-02
13338	-4.943096962728331e-02
13339	-3.547525838453005e-02
13340	4.480467765279460e-02
13341	-5.906144590570096e-02
13342	-5.569243266952489e-02
13343	-5.997243607989824e-02
13344	-1.223837201442200e-01
13345	-3.387409379452272e-02
13346	-1.316933570114572e-01
13347	-8.934287232372810e-02
13348	-1.580300911819707e-01
13349	-5.506836975009353e-02
13350	-8.829345277425484e-02
13351	-5.655086861818148e-02
13352	-1.019577097795997e-01
13353	-8.492305501147060e-02
13354	-4.780927727667646e-02
13355	-3.798217961293100e-02
13356	-1.723302526575458e-01
13357	-3.790138188090456e-02
13358	-1.042539561306128e-01
13359	-7.756677746105846e-02
13360	-1.083203804964683e-01
13361	-3.815733961586868e-02
13362	-2.514950990354241e-01
13363	-3.108456808692234e-02
13364	-1.313892996663426e-01
13365	-1.066653305005079e-01
13366	-6.582277745584858e-02
13367	-3.449752071298913e-02
13368	-1.617878739112496e-01
13369	-3.941544369014125e-02
13370	-1.617058112739727e-01
13371	-1.062922669393550e-01
13372	-6.793577020213530e-02
13373	-7.696077403708260e-02
13374	-1.750072146193130e-01
13375	-8.695606400045537e-02
13376	-1.467156287857715e-01
13377	-1.478092807621137e-01
13378	-1.527474073876018e-01
13379	-1.006280380905986e-01
13380	-8.853102275886313e-02
13381	-1.043560852116607e-01
13382	-1.488533301619702e-01
13383	-1.323821435372675e-01
13384	-1.404125209429248e-01
13385	-9.063706378158193e-02
13386	-2.080817342902795e-01
13387	-7.468202871174751e-02
13388	-7.861237142082772e-02
13389	-9.357131389611600e-02
13390	-1.646627786743524e-01
13391	-6.641745254713124e-02
13392	-1.277821904956192e-01
13393	-6.648449969330295e-02
13394	-1.011234550884692e-01
13395	-7.081721752152266e-02
13396	-1.752678844086022e-01
13397	-6.347198322975135e-02
13398	-3.804684883940169e-03
13399	-7.205931366785587e-02
13400	-1.636211458494864e-01
13401	-4.831894997084184e-02
13402	-1.993780387966497e-01
13403	-9.469037067646925e-02
13404	-1.742257544657073e-01
13405	-5.303045549657209e-02
13406	-1.691794821220751e-01
13407	-5.487224837036353e-03
13408	-1.375802181848655e-01
13409	-4.781944039745441e-02
13410	-1.127441926913234e-02
13411	-2.996495172002871e-02
13412	-1.320364782368112e-01
13413	2.156397664520042e-02
13414	-3.380656198450990e-02
13415	-4.318496400155405e-02
13416	-3.230374690869608e-02
13417	-4.557892044785587e-02
13418	-6.875362388880210e-02
13419	3.449557361153025e-03
13420	2.247929358108902e-02
13421	-2.829636698919684e-02
13422	5.925761705159151e-02
13423	-2.496250365949277e-02
13424	-1.759204625323003e-02
13425	1.356052026811991e-04
13426	-7.060836738402872e-02
13427	-3.625509535936827e-02
13428	6.046209107840557e-02
13429	-5.986622857716652e-02
13430	-1.309711039247425e-01
13431	1.492280652306990e-02
13432	-2.081174380966571e-02
13433	-1.702139593150483e-02
13434	1.063053314304118e-01
13435	-7.180714203115413e-02
13436	1.097984109061374e-02
13437	3.055642460793965e-03
13438	3.278730058379640e-03
13439	-3.387820531672293e-02
13440	1.853437944603540e-02
13441	-2.306603812624702e-02
13442	-7.329723785799504e-02
13443	4.096561620175578e-04
13444	6.724931842959952e-02
13445	-3.529440008100174e-02
13446	9.380701251613982e-02
13447	1.758822591352685e-02
13448	5.902211448643669e-02
13449	-1.337000365404478e-02
13450	-1.555585899789678e-02
13451	-5.584937991015051e-03
13452	1.683702562474283e-01
13453	-2.108202734047332e-02
13454	6.318086344194004e-02
13455	-3.899789179655686e-02
13456	4.582423255600266e-02
13457	-5.621078706678666e-03
13458	1.398139828738287e-01
13459	-3.074744971403056e-05
13460	-2.857133491706467e-02
13461	4.537018801803566e-02
13462	8.294130000166332e-02
13463	1.020636605855338e-02
13464	7.622125201727895e-02
13465	-4.050244717055777e-02
13466	3.208657667723899e-02
13467	-1.778620478458458e-03
13468	1.195001639882586e-01
13469	3.795197572501512e-03
13470	-1.252839629051656e-01
13471	2.941058448455537e-03
13472	3.717182210696240e-02
13473	2.678833946724547e-03
13474	3.849720977094240e-02
13475	-4.098813584882202e-02
13476	-4.212577755736792e-03
13477	4.260920205231614e-02
13478	1.030229893078372e-01
13479	2.643316944811490e-02
13480	2.493456555163113e-02
13481	5.759951858082373e-02
13482	8.309719189040707e-02
13483	4.534132216193994e-02
13484	1.007830452099099e-01
13485	-4.391723509441155e-02
13486	1.119813835282329e-01
13487	4.198956995487006e-02
13488	4.931638931181006e-02
13489	3.780570672856416e-02
13490	-5.054719802798140e-02
13491	3.395071617718803e-02
13492	7.284022518423591e-02
13493	3.541165676421525e-02
13494	-3.431520100947726e-02
13495	2.018838844125986e-03
13496	3.011081941745083e-02
13497	5.011691900077941e-02
13498	9.222456262440046e-02
13499	4.275009750485962e-02
13500	2.018800312438750e-02
13501	3.852875477291268e-02
13502	7.326347590858275e-02
13503	4.847483305155221e-02
13504	4.435188812895455e-02
13505	1.916379779838784e-02
13506	7.744389924233526e-02
13507	1.978946371783844e-02
13508	-3.494547284212620e-02
13509	3.586211677179714e-02
13510	-1.210521813897381e-01
13511	2.729723443688320e-02
13512	2.789240444182528e-02
13513	2.938728466423807e-02
13514	3.258177327516714e-02
13515	-1.156153348770861e-02
13516	-2.591391105012447e-02
13517	-1.688711110652786e-02
13518	-3.235557706791540e-02
13519	-4.273434168860804e-02
13520	-4.320730223757609e-02
13521	-5.458840952413692e-02
13522	-5.143738327767186e-02
13523	-5.672779225565472e-02
13524	-8.108054976637806e-02
13525	-4.670229071073884e-02
13526	-7.798711867794300e-02
13527	-4.953513259948712e-02
13528	-7.596492763978578e-02
13529	-4.077433229832857e-02
13530	6.291948321903092e-02
13531	-1.242201389067830e-02
13532	-6.380451136980281e-02
13533	-1.309244211869365e-02
13534	2.177607902814489e-02
13535	1.564770420343197e-03
13536	-4.001987530086202e-02
13537	1.967914943031136e-02
13538	7.627298024251021e-02
13539	-3.355258434608871e-02
13540	-5.630236885545720e-02
13541	1.687582143355740e-02
13542	-1.427618530754408e-01
13543	8.646044646826462e-03
13544	2.346971156210411e-02
13545	-2.540894467044927e-02
13546	6.977482349611193e-02
13547	9.161449334978932e-03
13548	-1.240107410260153e-01
13549	-1.476052625385955e-02
13550	-5.904510609118187e-02
13551	-7.846610911881569e-02
13552	5.002127926880758e-02
13553	-2.900022502312849e-02
13554	-1.148829441691782e-01
13555	-8.583528066471786e-02
13556	-2.474364506742995e-02
13557	-1.216486329640903e-01
13558	-6.612551537021802e-02
13559	-6.143968383616500e-02
13560	-1.768803444777257e-01
13561	-9.787606865028818e-02
13562	-8.735176054792608e-02
13563	-1.264384715536368e-01
13564	-6.829285126931725e-02
13565	-1.225735338230198e-01
13566	4.483812473610030e-02
13567	-8.560498678082755e-02
13568	-6.561269727394518e-02
13569	-1.035052324806140e-01
13570	-1.611012287089775e-01
13571	-7.920315873010990e-02
13572	-1.072498578800577e-01
13573	-5.528056685236547e-02
13574	-2.168449716560120e-02
13575	-1.208251041922195e-01
13576	-7.085572988631327e-02
13577	-6.936851694909019e-02
13578	-1.771886326237691e-01
13579	-7.450033042098492e-02
13580	-6.608351431034644e-03
13581	-8.057079839954279e-02
13582	-1.100632414986382e-01
13583	-5.585305450735192e-02
13584	-1.024492160528047e-01
13585	-7.713858974385739e-02
13586	-8.828189475306340e-02
13587	1.302194376492661e-03
13588	-7.529613576811127e-02
13589	-5.515330630669173e-03
13590	1.122671374883227e-02
13591	1.423288023076518e-02
13592	1.333097838696584e-02
13593	4.542657749997652e-02
13594	1.087886921590392e-01
13595	2.156466325794267e-02
13596	1.469716631414590e-01
13597	3.709727277654318e-02
13598	7.705128259545881e-02
13599	6.554231714531239e-02
13600	4.021219700796191e-02
13601	6.068359960628206e-02
13602	1.182797994113039e-01
13603	3.078802980014720e-02
13604	-4.465108647448535e-02
13605	1.048454799117761e-01
13606	-2.535976447188638e-02
13607	2.642605987777516e-02
13608	1.132447444845989e-01
13609	3.914395403150771e-02
13610	1.007812715509608e-01
13611	1.229702465484713e-01
13612	3.243328181759478e-02
13613	5.517723672181638e-02
13614	1.886370358047636e-01
13615	9.188340059763458e-02
13616	1.077620814437811e-01
13617	1.086779463616958e-01
13618	1.578608786428873e-01
13619	6.683625822498555e-02
13620	2.501116720018356e-01
13621	6.313273200781025e-02
13622	7.108872656278920e-02
13623	1.001744156024367e-01
13624	1.392345437132740e-01
13625	4.998763952683253e-02
13626	1.450374292886367e-01
13627	6.525079272797527e-02
13628	1.416972997360565e-01
13629	3.676714740664998e-02
13630	2.737948292706426e-02
13631	5.655298301738961e-02
13632	1.200674454172529e-01
13633	5.939630966740477e-02
13634	1.488942037792536e-01
13635	2.241783698066604e-02
13636	1.247481428375976e-02
13637	3.352669104029580e-02
13638	1.060988298315777e-01
13639	2.094730763513684e-02
13640	6.415135163298519e-02
13641	1.877693557533881e-02
13642	7.338741830360905e-02
13643	-1.178434186463997e-02
13644	3.241103754368720e-02
13645	1.127684731402670e-03
13646	-3.379489053009723e-02
13647	-2.753934732567510e-02
13648	-5.407342041554838e-02
13649	-4.327159807948665e-02
13650	-9.008020598734003e-02
13651	-6.254650070602055e-02
13652	-9.731332195126308e-02
13653	-7.624434705294671e-02
13654	-1.302941184343357e-01
13655	-9.034046832990526e-02
13656	-1.202675119787004e-01
13657	-8.470314772639549e-02
13658	-1.713897017828133e-01
13659	-1.013401691313289e-01
13660	-2.305105094154328e-01
13661	-1.109187529091386e-01
13662	-1.375052844871622e-01
13663	-1.183518455237883e-01
13664	-1.614524141699725e-01
13665	-8.802994729511639e-02
13666	-1.692302275003206e-01
13667	-8.858412873331571e-02
13668	-1.101354223780862e-01
13669	-7.028243133490449e-02
13670	-1.131997892924186e-01
13671	-9.898038836341824e-02
13672	-1.238357984201258e-01
13673	-5.403490784374340e-02
13674	-1.749322754757378e-01
13675	-4.012187614627134e-02
13676	-1.346753492689060e-01
13677	-5.450138778557127e-02
13678	-4.280911207019551e-02
13679	-3.836214169370344e-02
13680	-1.594136658530469e-01
13681	-4.544379467255841e-02
13682	-1.016584825742989e-01
13683	-5.202420888032107e-02
13684	-1.152074576244701e-01
13685	-1.014825969795424e-01
13686	-3.706519911152822e-02
13687	-2.596995264009594e-02
13688	-3.968119702426223e-02
13689	-1.541674610946533e-02
13690	-5.544551102166654e-02
13691	-1.763178831060338e-03
13692	6.675433066618269e-02
13693	7.967222829356505e-03
13694	2.825572607536859e-02
13695	-5.479229860677719e-02
13696	6.462291237238915e-03
13697	8.824917775067775e-03
13698	-4.555032152204715e-02
13699	-2.749174355229827e-02
13700	-2.074704511240726e-02
13701	-4.547541547183909e-02
13702	-1.274891545986032e-01
13703	-1.340703037247385e-02
13704	-9.569365237597020e-02
13705	-2.412839249117190e-02
13706	-1.749585683284164e-01
13707	-2.802029627292991e-02
13708	-1.080952201575156e-01
13709	-2.094591708904408e-02
13710	-1.463443766409781e-01
13711	-2.318555631078565e-02
13712	-7.826545688198315e-02
13713	-3.585383170517304e-02
13714	-9.598466660850025e-02
13715	-3.433901342256794e-02
13716	-4.981902064427596e-02
13717	-1.946150983638418e-02
13718	-8.435931002490178e-02
13719	-1.173743561943160e-03
13720	-8.973410908689851e-02
13721	-3.001733841338082e-02
13722	-2.148613609389891e-02
13723	-2.293540937771448e-02
13724	-9.625673984361852e-02
13725	-1.637450151663891e-03
13726	-7.439006832926438e-02
13727	-3.604990082160296e-02
13728	-4.005201465488040e-02
13729	-2.602422682612476e-02
13730	3.414444877101305e-02
13731	-1.365717438081945e-02
13732	-2.475898852914508e-02
13733	-4.481631290381619e-02
13734	-2.861538705496757e-02
13735	-3.133894674838543e-02
13736	-5.538581097585991e-02
13737	-3.337764429971057e-02
13738	-7.316759566989071e-02
13739	-4.493937257084427e-02
13740	2.600262186483846e-02
13741	-3.424691062232015e-02
13742	-8.068580680857877e-02
13743	-3.802083740483948e-02
13744	-5.287208952608623e-02
13745	-3.613293912193854e-03
13746	-1.051466528196239e-01
13747	4.704325215472627e-03
13748	-6.350526981620971e-02
13749	-3.179833914995127e-03
13750	1.749841625307121e-02
13751	3.334533031965279e-02
13752	3.585733111826361e-02
13753	3.725742039258242e-02
13754	2.157384638694599e-02
13755	5.358464980241524e-02
13756	1.037703229123210e-02
13757	4.093872992126407e-02
13758	1.357119573166614e-01
13759	3.146749388634204e-02
13760	2.099925575899497e-02
13761	7.120261482089726e-02
13762	3.965738879499260e-02
13763	2.680097182494190e-02
13764	2.094764712348577e-01
13765	8.700778628292582e-03
13766	1.103600641047085e-02
13767	7.651703832504647e-02
13768	2.002058749445202e-02
13769	4.064398148238387e-03
13770	1.665633278590208e-01
13771	4.706159910394232e-03
13772	-2.587314919152906e-03
13773	6.992739293273049e-02
13774	6.117389137199693e-02
13775	1.880851836168726e-02
13776	1.340172841493598e-01
13777	1.526443221862323e-02
13778	6.294917748187576e-02
13779	8.179052720631097e-02
13780	1.401072716444511e-01
13781	3.099327801988695e-02
13782	1.598197032639778e-01
13783	3.047133991727306e-02
13784	6.635672679614256e-02
13785	7.628216780752098e-02
13786	6.754260587796886e-02
13787	1.468610612852587e-02
13788	1.001068553787123e-01
13789	1.605657359272880e-02
13790	-3.732414790862401e-02
13791	2.777032672873554e-02
13792	9.006364732585835e-03
13793	-3.063404033821554e-02
13794	5.113423891282989e-02
13795	-1.736117662296916e-02
13796	-2.561513829788978e-02
13797	-2.052748029668722e-02
13798	-4.725199805490873e-02
13799	-3.529309285603376e-02
13800	-2.924083930220642e-02
13801	-3.669985963705324e-02
13802	-3.195761633980097e-02
13803	-1.146607756604781e-02
13804	1.414389025686406e-02
13805	-2.185124674932702e-02
13806	-8.408147457933356e-02
13807	-5.534765910186536e-02
13808	-9.332472671049233e-02
13809	-6.936535947765600e-02
13810	-7.346551883504646e-02
13811	-8.950992139620362e-02
13812	-1.999220072357412e-01
13813	-1.047661125704245e-01
13814	-1.509333070899221e-01
13815	-1.091265928895757e-01
13816	-1.438415224892169e-01
13817	-1.064093785948998e-01
13818	-1.620002599942350e-01
13819	-1.104873504062466e-01
13820	-1.920725979369968e-01
13821	-1.065549311786561e-01
13822	-1.463105187627051e-01
13823	-9.931819936426163e-02
13824	-1.311454486188644e-01
13825	-8.587422517160041e-02
13826	-4.585433478001733e-02
13827	-5.364304548456666e-02
13828	-5.781799862263258e-02
13829	-6.133119605876141e-02
13830	-2.130434769295593e-01
13831	-6.819431046677320e-02
13832	-9.524373870179219e-02
13833	-8.599536147790561e-02
13834	-8.748569188757044e-02
13835	-9.053403908810491e-02
13836	-1.221336630055639e-01
13837	-5.973915234770621e-02
13838	-1.129021638077532e-01
13839	-5.542255842450697e-02
13840	-3.186828051160366e-02
13841	-3.639911914397814e-02
13842	-5.016475077426544e-02
13843	-2.784694946053350e-02
13844	3.591643772677976e-02
13845	-1.006675097779332e-01
13846	-6.651278555371735e-02
13847	-2.170321937585746e-02
13848	2.885830399144323e-02
13849	-1.266331437482029e-02
13850	3.844085081168476e-02
13851	-1.563009159891122e-02
13852	1.004637179500828e-01
13853	-3.443011470895428e-03
13854	1.305262143623389e-01
13855	9.768041610740382e-03
13856	1.096331521619822e-01
13857	2.038975333752185e-02
13858	8.967421932783989e-02
13859	2.806744699376191e-02
13860	6.518384897816458e-02
13861	3.394512224548252e-02
13862	1.571616662496638e-01
13863	3.499233587326858e-02
13864	1.228569397418853e-01
13865	1.691710613681843e-02
13866	1.695382687345243e-01
13867	5.619268788048064e-02
13868	1.282908596603194e-01
13869	5.084138389332637e-02
13870	7.674670100111921e-03
13871	6.117979906981749e-02
13872	1.512717689088338e-01
13873	5.975156240471097e-02
13874	1.638727782310692e-01
13875	1.738185824689274e-02
13876	1.357742866159538e-01
13877	7.381211515002344e-02
13878	1.211500789420572e-01
13879	7.894714566589370e-02
13880	7.385680958324088e-02
13881	6.275086745101488e-02
13882	1.513291791069005e-01
13883	6.190640622990490e-02
13884	1.292402514419462e-01
13885	3.863945452324462e-02
13886	7.754743311592743e-02
13887	3.099584919827028e-02
13888	1.721578646216719e-02
13889	4.725312351807842e-02
13890	-1.000688145090350e-01
13891	1.149208734664018e-02
13892	-6.555091146838148e-02
13893	-3.761509194661974e-03
13894	-7.830788271955344e-02
13895	-5.063085902736609e-02
13896	-9.782273766940934e-02
13897	-4.996328401987599e-02
13898	-9.331851084620012e-02
13899	-5.223528966065959e-02
13900	-7.368852975549753e-02
13901	-1.794420238281355e-02
13902	-1.799151467115619e-01
13903	-1.618077299551425e-02
13904	-4.432326429283499e-02
13905	-1.092541387662181e-01
13906	-1.257049832671140e-02
13907	-2.038536935927563e-02
13908	-6.693468768860740e-02
13909	-3.472811976531732e-02
13910	-1.972893833583660e-01
13911	-9.194711541770714e-02
13912	-9.263894595425883e-02
13913	-5.280726093525320e-02
13914	-1.979045960416446e-01
13915	-1.016787438394276e-01
13916	-1.248698761092635e-01
13917	-1.504409080257195e-01
13918	-1.868523030138208e-01
13919	-9.608750940228038e-02
13920	-3.422822293458721e-01
13921	-9.574465616298336e-02
13922	-2.036110065488188e-01
13923	-1.702925322940293e-01
13924	-2.051600727207357e-01
13925	-1.104258312328398e-01
13926	-3.921440634174600e-01
13927	-1.081339770098947e-01
13928	-2.033210627765814e-01
13929	-1.802373323364821e-01
13930	-3.130072091557539e-01
13931	-1.253782535507130e-01
13932	-3.353016858878060e-01
13933	-1.381627159465131e-01
13934	-2.509299715111007e-01
13935	-2.092283879263457e-01
13936	-2.319991079063535e-01
13937	-1.313151762837362e-01
13938	-4.047732578609056e-01
13939	-1.409703147589757e-01
13940	-2.059368045988438e-01
13941	-1.827099589059887e-01
13942	-2.403231051870985e-01
13943	-1.434251096638713e-01
13944	-3.098090212117279e-01
13945	-1.495979771955749e-01
13946	-1.628010905566742e-01
13947	-1.524801866333429e-01
13948	-2.431175823679560e-01
13949	-8.509842585996853e-02
13950	-3.160352598256789e-01
13951	-8.706063917782411e-02
13952	-1.762848538397584e-01
13953	-1.398566793594432e-01
13954	-1.806074978552352e-01
13955	-1.197019078337465e-01
13956	-2.952689432154691e-01
13957	-8.632060060036675e-02
13958	-1.423886818772275e-01
13959	-1.599313279419361e-01
13960	-2.163315679596428e-01
13961	-8.261210569083793e-02
13962	-3.200578671332718e-01
13963	-8.458211584741625e-02
13964	-1.533495378616314e-01
13965	-1.712597077570346e-01
13966	-1.655076946114054e-01
13967	-8.574437115643226e-02
13968	-2.481107732426722e-01
13969	-7.862785874467468e-02
13970	-2.853325212526862e-01
13971	-1.180410429107507e-01
13972	-1.796571068251193e-01
13973	-5.458150915112001e-02
13974	-2.701208881430309e-01
13975	-6.751287553279875e-02
13976	-1.179518599166068e-01
13977	-8.528289715001136e-02
13978	-8.417981769946199e-02
13979	-4.339214133202372e-02
13980	-9.745267817851827e-02
13981	-5.152904572459292e-02
13982	-1.222115100260891e-01
13983	-7.817404509872197e-02
13984	-1.200546760912226e-01
13985	-6.942821202030010e-02
13986	-1.532722908483394e-01
13987	-6.745796623987466e-02
13988	-1.468369986963067e-01
13989	-8.025838387717740e-02
13990	-7.048829285244597e-02
13991	-6.782848226201039e-02
13992	-1.367752422733895e-01
13993	-7.519472475464405e-02
13994	-1.007935987753544e-01
13995	-7.770468804173811e-02
13996	-7.255283337200857e-02
13997	-5.662862008397267e-02
13998	-4.245119656181997e-02
13999	-4.661172197597021e-02
14000	-9.249918666204555e-02
14001	-3.498435721036909e-02
14002	-8.942717162458678e-02
14003	-3.561099816680411e-02
14004	-7.914549084165506e-02
14005	-5.038419465636351e-02
14006	-6.968081936232529e-02
14007	-8.553868892209010e-02
14008	-1.003359601375555e-01
14009	-3.767489764591810e-02
14010	-2.270988857027092e-01
14011	-3.812705183748041e-02
14012	-1.359170608721296e-01
14013	-6.643815509926521e-02
14014	-6.004450220669891e-02
14015	-6.498634010161310e-02
14016	-9.728791794907080e-02
14017	-4.606734751295286e-02
14018	-7.804487600307596e-02
14019	-6.104886417034577e-02
14020	-1.939362120231037e-01
14021	-6.073169470743958e-02
14022	-9.433494711632637e-02
14023	-4.549557503753624e-02
14024	-1.341446114006555e-01
14025	-2.198184940149163e-02
14026	-1.431277654063954e-01
14027	-2.294465963617819e-02
14028	-9.112713153884703e-03
14029	-3.218752516610238e-02
14030	-2.483112718759267e-01
14031	8.481287663781123e-03
14032	-1.187782032011866e-01
14033	-4.150478258593994e-02
14034	4.787114994314637e-03
14035	-7.143092918425037e-02
14036	-6.723159223506492e-02
14037	3.016459294087922e-03
14038	-1.098383399763028e-01
14039	-5.568552131032035e-02
14040	3.952441185293203e-02
14041	-4.603502295526512e-02
14042	-1.658923929500286e-01
14043	3.067480260798245e-02
14044	-3.874626790759540e-02
14045	-8.512311975307227e-03
14046	4.941494596747428e-02
14047	-1.602437520663540e-02
14048	-2.480297944302483e-02
14049	1.736644550058225e-02
14050	-2.184400580514974e-02
14051	2.248582167827061e-02
14052	-8.127796157454320e-03
14053	4.512135938434803e-02
14054	-2.132232485426969e-02
14055	6.892342331475614e-02
14056	-3.824939544958397e-02
14057	1.245582271812203e-02
14058	2.087068456018373e-02
14059	1.162139685953906e-02
14060	1.250696693295067e-01
14061	6.184515586474496e-02
14062	5.521331949307601e-02
14063	3.613846002976001e-02
14064	6.931965259065789e-02
14065	8.914035682658990e-02
14066	9.961185012123788e-02
14067	6.712200888007325e-02
14068	5.170901135548835e-02
14069	1.435341836677946e-02
14070	1.901489859447618e-01
14071	2.940519413504505e-02
14072	3.296517712573350e-02
14073	6.025770559788346e-02
14074	5.346813856249417e-02
14075	4.982948846913516e-02
14076	2.874475280044301e-02
14077	-9.846775733791372e-03
14078	-7.425704103067057e-03
14079	3.805759947856070e-02
14080	2.770196547327993e-02
14081	5.337900344948117e-03
14082	2.395504642166854e-02
14083	1.176860728880466e-02
14084	-8.238231454600138e-02
14085	7.660104339950584e-02
14086	-3.605263556178017e-02
14087	1.173248053865862e-02
14088	-2.183948215978670e-02
14089	1.274224283665784e-02
14090	3.593572439465578e-02
14091	-9.564024628577816e-04
14092	-4.803791043166913e-02
14093	-5.667770418639042e-04
14094	-1.275077408297292e-02
14095	2.452299389457452e-02
14096	-1.592549812017093e-02
14097	2.864104634590676e-02
14098	-1.105212102592570e-01
14099	3.911671468494431e-03
14100	4.158560139225511e-02
14101	-3.576142141626149e-04
14102	6.707284521264220e-02
14103	3.043735292276072e-02
14104	1.746788524432246e-02
14105	-1.100395140625277e-02
14106	8.176232232202441e-02
14107	2.602816444084183e-04
14108	4.412399892848531e-02
14109	2.094822897079663e-02
14110	-3.331128795951947e-02
14111	-6.001087490487880e-04
14112	1.054762384080187e-02
14113	-3.631118114427095e-03
14114	1.970096650791804e-02
14115	-3.038432967796001e-03
14116	4.196357159065905e-02
14117	-1.443823931802939e-02
14118	-3.899284606470675e-02
14119	1.324704093860050e-02
14120	4.097714227436054e-02
14121	1.212045448530212e-02
14122	8.032624100990514e-02
14123	1.607625988610368e-02
14124	1.066508965250716e-01
14125	1.271498303346388e-02
14126	1.096801797837588e-01
14127	7.619581217019356e-03
14128	5.944859073509211e-02
14129	1.438912405185511e-02
14130	1.204763807919541e-01
14131	1.701797285748879e-02
14132	1.051219619192950e-01
14133	5.201663865311397e-02
14134	1.193145044802778e-01
14135	4.120265672074312e-02
14136	1.069341436821705e-01
14137	2.705412896537637e-03
14138	5.173432530397045e-02
14139	3.926243339552086e-02
14140	1.727969944306677e-01
14141	1.467541776998877e-02
14142	1.412485181944907e-01
14143	2.852547744654578e-02
14144	7.224897307199356e-02
14145	1.721349997325300e-02
14146	1.601712932006267e-01
14147	5.312512509827463e-02
14148	1.153183078052712e-01
14149	5.787771013772716e-02
14150	1.057107956588897e-01
14151	5.469119107183180e-02
14152	1.209023868082926e-01
14153	6.649012368886854e-02
14154	3.639692089034791e-02
14155	5.581037883556045e-02
14156	1.376262317477556e-01
14157	4.972821846589676e-02
14158	1.203116170178039e-01
14159	5.229278397813518e-02
14160	5.487406134629152e-02
14161	6.013036451897317e-02
14162	1.724473291970394e-01
14163	2.564387862662046e-02
14164	1.776834394809260e-01
14165	4.432330613569677e-02
14166	8.594294722658170e-02
14167	6.772097682820154e-02
14168	2.148473028135902e-01
14169	3.877102787093606e-02
14170	7.547302373952577e-02
14171	8.516476401442778e-02
14172	6.284988509104972e-02
14173	9.710475896688854e-02
14174	2.071824099090455e-01
14175	6.974297338129770e-02
14176	1.648734905779243e-01
14177	1.049612064731388e-01
14178	8.507323206259921e-03
14179	1.038151969666233e-01
14180	1.216209078397652e-01
14181	5.999692199239710e-02
14182	2.151418384725729e-01
14183	8.601585463901962e-02
14184	9.635322914994132e-02
14185	1.006610713553984e-01
14186	1.866459985945021e-01
14187	5.732363658663771e-02
14188	1.641083097696668e-01
14189	8.567003477164277e-02
14190	2.661764240134365e-01
14191	8.162275327307157e-02
14192	1.588540472597974e-01
14193	8.781354926340899e-02
14194	1.933686344695019e-01
14195	1.316017374162258e-01
14196	1.590763791138926e-01
14197	1.006125797408027e-01
14198	1.769665053789335e-01
14199	7.338794329531345e-02
14200	1.465147433305336e-01
14201	8.122176824664375e-02
14202	5.393226882229290e-02
14203	5.781918741060238e-02
14204	2.072360088215287e-02
14205	4.313413077995638e-02
14206	-2.443746701190540e-03
14207	7.720273790985583e-03
14208	-5.386631605887023e-02
14209	-1.469840932475288e-02
14210	4.240531866257359e-02
14211	-5.218652656821993e-02
14212	5.315137410717564e-02
14213	-3.357752744458366e-02
14214	-1.368836868244352e-01
14215	-1.153980678463718e-02
14216	-2.868957134678432e-02
14217	-1.773134627628931e-02
14218	-1.421565212679584e-02
14219	9.934242658412159e-04
14220	1.983905274563539e-02
14221	2.101293158925532e-02
14222	8.207963017914978e-02
14223	5.651884829151012e-02
14224	6.586983932388153e-02
14225	7.497585601679478e-02
14226	9.378884386361018e-02
14227	4.195786454462365e-02
14228	9.226440308227633e-02
14229	6.358119250030754e-02
14230	1.687953189790218e-01
14231	6.966770018840372e-02
14232	1.070326617696102e-01
14233	4.792875348365265e-02
14234	1.543580149726835e-01
14235	8.612651489949061e-02
14236	1.134911862037272e-01
14237	4.597301811950177e-02
14238	9.809754294987395e-02
14239	4.934012169968486e-02
14240	1.470923105374579e-01
14241	8.589046537205633e-02
14242	8.328339921941057e-02
14243	5.427666625585886e-02
14244	8.406126217070561e-02
14245	9.598868574959653e-02
14246	1.505565164609962e-01
14247	9.331850007380579e-02
14248	1.006201392244607e-01
14249	6.369228570009028e-02
14250	1.802540134481423e-01
14251	4.954450847669319e-02
14252	8.829772266935910e-03
14253	6.198502576330100e-02
14254	2.412984938004288e-02
14255	4.362965183063307e-02
14256	5.998328307922086e-02
14257	2.217535597772241e-02
14258	3.957564353967136e-02
14259	1.035391188984199e-01
14260	1.948052684991351e-01
14261	4.877150315661273e-02
14262	2.357530108798575e-01
14263	7.458537652402457e-02
14264	1.114324509857937e-01
14265	1.592975293760102e-01
14266	1.821179695947510e-01
14267	7.928971228128900e-02
14268	3.492325814438926e-01
14269	1.103339673600968e-01
14270	2.466782951841268e-01
14271	1.916562706826386e-01
14272	1.897247994508334e-01
14273	1.614915969748618e-01
14274	3.440794616983943e-01
14275	1.766913620444763e-01
14276	2.042179863199306e-01
14277	2.129987852595271e-01
14278	2.181882160917882e-01
14279	1.723737938166841e-01
14280	4.259248074469612e-01
14281	1.855288755851583e-01
14282	3.187427283809505e-01
14283	2.573582201128556e-01
14284	2.946132708079982e-01
14285	1.843267446661307e-01
14286	3.926863952396574e-01
14287	2.060264886730803e-01
14288	2.554426506434305e-01
14289	2.306800655163485e-01
14290	2.706791817833912e-01
14291	1.495723997316103e-01
14292	3.315739129338363e-01
14293	1.416919633605178e-01
14294	2.846745199793724e-01
14295	2.278454727292472e-01
14296	2.058162568563976e-01
14297	1.308209710701246e-01
14298	3.236619324964305e-01
14299	1.107763505128318e-01
14300	1.911080505220049e-01
14301	2.007285937034053e-01
14302	1.693856888958185e-01
14303	9.912437151543371e-02
14304	2.752523826718008e-01
14305	1.005282952798984e-01
14306	2.244541483173766e-01
14307	1.776041497430373e-01
14308	2.534361492493648e-01
14309	9.981107186084977e-02
14310	2.836690387691274e-01
14311	9.026997859475616e-02
14312	1.575448953067033e-01
14313	1.516326204241424e-01
14314	1.791851347572262e-01
14315	1.156206261503320e-01
14316	1.814731734834804e-01
14317	6.866805960972075e-02
14318	1.205834819055258e-01
14319	1.112431783941752e-01
14320	1.488396566089032e-01
14321	4.800524102242339e-02
14322	3.872184371337970e-01
14323	4.535721060614469e-02
14324	1.342756067386083e-01
14325	1.230158091222266e-01
14326	6.618180127138630e-02
14327	5.126532501259874e-02
14328	2.330730481414369e-01
14329	8.568379672408541e-02
14330	2.433863362753857e-01
14331	1.395998194351464e-01
14332	1.716617140642143e-01
14333	6.263127657200179e-02
14334	2.547299650737312e-01
14335	1.120341335957375e-01
14336	1.862005462197379e-01
14337	1.201698958524627e-01
14338	1.871518547511101e-01
14339	6.598699946705952e-02
14340	3.232241779288957e-01
14341	8.161523104059458e-02
14342	1.441779999527999e-01
14343	1.193936057123164e-01
14344	9.450027870379696e-02
14345	6.580458520635216e-02
14346	8.809295873547102e-02
14347	3.315818502453391e-02
14348	-3.570715999387666e-03
14349	3.418833169925494e-02
14350	4.485879423380419e-02
14351	-1.508267049951111e-03
14352	1.793860478110579e-02
14353	-1.549302272661745e-02
14354	-3.488758460295425e-02
14355	1.313907921698246e-02
14356	-4.315929847436312e-02
14357	-1.324402651763091e-02
14358	3.914405560472110e-02
14359	-1.923160399612837e-02
14360	5.423077248930892e-03
14361	1.052768830951455e-02
14362	4.061112698866465e-02
14363	-1.464282163366424e-02
14364	4.284368271680283e-02
14365	-4.772157661794981e-02
14366	8.154802175265856e-02
14367	-4.492069096355830e-03
14368	3.538485827785263e-02
14369	-2.160373708356183e-02
14370	-4.315124750665657e-02
14371	-4.736407309481561e-02
14372	7.103809165759584e-03
14373	-3.680174655973682e-02
14374	-1.579979310451630e-02
14375	-4.490575635997568e-02
14376	1.472960318840687e-02
14377	-4.626131485400173e-02
14378	-1.369129524473774e-01
14379	-3.557336873650925e-02
14380	-7.216139837814874e-02
14381	-4.167674779655354e-02
14382	5.482061375982681e-03
14383	-5.114302977622158e-02
14384	-6.152100584834344e-02
14385	-8.636834394038609e-02
14386	-7.601796236254420e-02
14387	-5.526955884500949e-02
14388	2.863205828820155e-02
14389	-4.926769560299195e-02
14390	-5.817187115444217e-02
14391	-3.066483474470398e-02
14392	-1.165739458484011e-01
14393	-3.865127687368623e-02
14394	-1.754654214248379e-03
14395	-2.599391450365982e-02
14396	-1.050960530147635e-01
14397	-7.872440827011249e-03
14398	-6.267307356032462e-02
14399	-6.015809577985985e-02
14400	-8.827240840663279e-02
14401	-2.662627603726769e-02
14402	-7.205599104141307e-02
14403	-2.812355874253353e-02
14404	-1.340881316864883e-01
14405	-4.296480984188761e-02
14406	-9.850554438130989e-02
14407	-2.499058813136547e-02
14408	-9.393307740863954e-02
14409	-1.582071720028319e-02
14410	-2.104342561859660e-01
14411	-1.870429649920144e-02
14412	-1.162783883446525e-01
14413	-9.112509795652623e-03
14414	-1.154006772436607e-01
14415	-4.081803681449088e-02
14416	-1.103915527373720e-01
14417	-2.307001999751845e-02
14418	-1.040527370415908e-01
14419	-2.209642656844197e-02
14420	1.241347899050079e-02
14421	-8.236802783046948e-02
14422	-1.051832962953218e-01
14423	-4.559707903257945e-02
14424	-9.091809516307582e-02
14425	-3.229494973673786e-02
14426	-1.090802027814332e-01
14427	-4.593407532703327e-02
14428	-8.594306189906427e-02
14429	-5.648007981552300e-02
14430	9.370690960214510e-02
14431	-5.200107595235622e-02
14432	-8.464572339931443e-02
14433	-5.822563588452463e-02
14434	-7.087294421740200e-03
14435	-4.008130301229354e-02
14436	-6.501779529735632e-02
14437	-4.346770970634133e-02
14438	-6.657505478269135e-02
14439	-7.842975069248261e-02
14440	-3.626894138950867e-02
14441	-1.911270240640128e-02
14442	-1.176078401664773e-01
14443	-1.551875360198060e-02
14444	-4.160785043983637e-02
14445	-2.554481644855354e-02
14446	3.862656976739905e-02
14447	4.983708924549528e-03
14448	5.110239178888023e-02
14449	6.166520551405016e-03
14450	5.197800388772374e-02
14451	4.904257519987530e-03
14452	5.538308304339540e-02
14453	4.583451907918106e-03
14454	8.676669231912014e-02
14455	1.227474933238406e-03
14456	3.609916273126484e-02
14457	2.158194244536703e-02
14458	4.447020809299763e-02
14459	-8.637498721581606e-03
14460	2.001999943315518e-01
14461	1.011365310875531e-02
14462	1.483042854208487e-01
14463	3.748657602501711e-02
14464	1.040834828030910e-01
14465	3.685588486568336e-02
14466	1.539066555030909e-01
14467	6.684140340388828e-03
14468	1.022761785415053e-01
14469	-2.022208977568093e-02
14470	1.578992214629975e-01
14471	-2.732241867859907e-02
14472	8.474494976259911e-02
14473	-3.387927146336437e-02
14474	4.350341779975599e-02
14475	-1.847265091311144e-02
14476	1.674402504954911e-01
14477	-3.170706638263702e-02
14478	2.624628309162742e-02
14479	-2.401280936848828e-02
14480	1.157682298587227e-01
14481	-2.337639068848005e-02
14482	1.097145800729666e-01
14483	-3.753679789238686e-02
14484	1.682210519395331e-01
14485	-2.328415565801611e-02
14486	4.092798270351045e-02
14487	8.268701256329735e-03
14488	5.574973666569955e-02
14489	-3.569531455463441e-02
14490	1.883936792807868e-01
14491	-4.020921805686678e-02
14492	6.514414018065751e-02
14493	-2.087303117157360e-02
14494	6.088276013987486e-02
14495	8.228225974667587e-03
14496	1.000773962284341e-01
14497	6.187396800650387e-03
14498	1.196230135366155e-01
14499	-1.239152924296950e-03
14500	8.715206587724283e-02
14501	-2.080918310185009e-02
14502	7.971703031513473e-02
14503	-2.059194133918013e-02
14504	3.589278085279807e-02
14505	4.823566484122630e-02
14506	3.569964734095658e-03
14507	-2.049629639857473e-02
14508	5.261928792889121e-02
14509	5.320675795297145e-03
14510	1.100132105507903e-01
14511	3.403907269956030e-02
14512	3.448204514329078e-02
14513	1.731188996011996e-02
14514	7.715344694366815e-03
14515	5.909124553000834e-02
14516	3.220424575843997e-02
14517	4.954686623920088e-02
14518	2.245740501157080e-03
14519	5.162537383912665e-02
14520	1.946475623075708e-01
14521	5.105200013789363e-02
14522	1.551285516460049e-01
14523	9.454651963528381e-02
14524	1.523185629926537e-01
14525	9.280373767342093e-02
14526	1.945222644210935e-01
14527	8.786532052168372e-02
14528	1.465125507892737e-01
14529	1.432962649624565e-01
14530	1.718449589193377e-01
14531	1.021203187894036e-01
14532	3.204603158183716e-01
14533	9.766174746996274e-02
14534	1.162070824951516e-01
14535	1.685332255425333e-01
14536	1.611488927963440e-01
14537	1.079678023208084e-01
14538	2.771227639032308e-01
14539	1.279406411499623e-01
14540	1.359605888624965e-01
14541	1.632998506281208e-01
14542	1.998151535089144e-01
14543	1.162741709874263e-01
14544	2.243107388558181e-01
14545	1.038047690122950e-01
14546	2.540451359669638e-01
14547	1.447015528279774e-01
14548	2.025659392168943e-01
14549	1.210210214948084e-01
14550	1.995428194549118e-01
14551	1.230456965492438e-01
14552	1.771268525680177e-01
14553	1.422939121385617e-01
14554	1.968982587071575e-01
14555	8.271428135643902e-02
14556	1.209765913854921e-01
14557	9.866438871052970e-02
14558	1.524516593804574e-01
14559	1.166319933198052e-01
14560	4.535284102682873e-02
14561	7.359292841163240e-02
14562	5.646755332639758e-02
14563	5.929576735658408e-02
14564	1.883188877174897e-03
14565	3.773613720785134e-02
14566	1.241976990655947e-02
14567	1.628705945249869e-02
14568	2.669347776594685e-02
14569	2.759872944537886e-02
14570	-6.963927406065330e-02
14571	3.431777609544715e-02
14572	5.569573685730027e-02
14573	5.050047591639865e-02
14574	-3.796707684837760e-02
14575	1.918270747444871e-02
14576	6.699851227097495e-02
14577	4.618463938224923e-02
14578	9.758671547683501e-02
14579	3.596036468364068e-02
14580	5.325707666989948e-02
14581	2.377142031155350e-03
14582	8.110959496193663e-02
14583	3.607438249750520e-02
14584	3.127978015654485e-02
14585	2.290013928629984e-02
14586	2.369086590852187e-01
14587	9.696771072821242e-03
14588	-9.381011999521807e-02
14589	4.512972233670164e-02
14590	1.943762771377966e-02
14591	3.625658228096307e-02
14592	2.255975009281591e-02
14593	3.932842299202599e-02
14594	-2.898378446394611e-02
14595	-5.028098641639426e-03
14596	-3.866406605497343e-02
14597	5.073424254970489e-02
14598	-8.487025640162855e-03
14599	5.955676382002015e-02
14600	2.302048481955046e-02
14601	5.596550060941512e-02
14602	-5.389514453884153e-02
14603	6.265933667137001e-02
14604	-3.910103069315655e-02
14605	8.083020874715501e-02
14606	2.197675718445248e-02
14607	3.090016604739506e-02
14608	-2.504801610477109e-04
14609	-4.318167229005038e-04
14610	-8.412952475778479e-02
14611	9.773220311959395e-03
14612	-8.590243793373976e-02
14613	-1.397091562939527e-02
14614	-7.413241075370719e-02
14615	-4.616447415497274e-03
14616	-9.782720803127211e-02
14617	-3.254326469732553e-02
14618	-7.901529420551651e-02
14619	9.722322670109794e-04
14620	3.874605033791770e-02
14621	-1.834719797007675e-02
14622	9.171262614981576e-03
14623	-2.156047856210800e-02
14624	-3.797877078947729e-02
14625	-1.646865769847855e-02
14626	-1.472166987707093e-02
14627	-5.801884074147413e-03
14628	5.579940368049759e-02
14629	-9.255197811897310e-03
14630	1.607220996265394e-01
14631	-2.982292943878127e-02
14632	2.371739315933521e-02
14633	5.418666023314638e-03
14634	4.201223018287618e-02
14635	2.739103246656241e-02
14636	6.963286570692973e-02
14637	-5.188046444441902e-03
14638	8.908691390326047e-02
14639	1.174557354054908e-02
14640	7.394073002325914e-02
14641	9.480444968381262e-03
14642	1.139075842030110e-02
14643	3.902957886601377e-02
14644	-1.958308631683766e-02
14645	1.564205436968950e-02
14646	9.479552626222693e-02
14647	1.952314630629678e-02
14648	5.226861497462060e-02
14649	5.215793096221152e-02
14650	3.759088905888582e-03
14651	2.927153177105786e-03
14652	5.213057426134254e-02
14653	8.319009640319465e-03
14654	4.023873717740956e-02
14655	2.129173106457306e-02
14656	-2.256930229682911e-02
14657	-1.437183357100446e-02
14658	-1.366560357061010e-01
14659	-3.672507240269084e-02
14660	-1.499502937108310e-01
14661	-5.123360525857351e-02
14662	-1.231205018565415e-01
14663	-6.768250535085638e-02
14664	-9.786097913716962e-02
14665	-7.044094813487566e-02
14666	-1.439608615061411e-01
14667	-6.679604914770916e-02
14668	-1.780191303326968e-01
14669	-5.465889798158646e-02
14670	-1.008321641593920e-01
14671	-4.656260885742219e-02
14672	-9.243400808673602e-02
14673	-3.414481753487567e-02
14674	-2.137949586145862e-01
14675	-5.730404704223484e-02
14676	-1.132130753511386e-01
14677	-4.941124175023328e-02
14678	-4.954390935869598e-02
14679	-2.244138636714013e-02
14680	-8.593170231993016e-02
14681	-3.820264430135396e-02
14682	-3.627843878485067e-02
14683	-4.547611216623127e-02
14684	-4.789167446129045e-02
14685	-1.279545723699636e-01
14686	-1.551333538930136e-02
14687	-6.770946239331022e-02
14688	-8.614629574227853e-02
14689	-6.766994709056122e-02
14690	-1.900285166028130e-01
14691	-7.915906444520915e-02
14692	-7.944498201886076e-02
14693	-6.170201573216724e-02
14694	-1.767028109469194e-01
14695	-8.477776223807588e-02
14696	-1.201714355846311e-01
14697	-1.126677292710105e-01
14698	-1.248536037169412e-01
14699	-9.662313062415295e-02
14700	-1.485394847602122e-01
14701	-1.057587960342753e-01
14702	-1.231534218714515e-01
14703	-1.272090509824797e-01
14704	-1.092241185769771e-01
14705	-5.896654282135508e-02
14706	-9.456052427732092e-02
14707	-7.940901739407860e-02
14708	-8.759098615252610e-02
14709	-1.018156651447183e-01
14710	-4.333029731893700e-02
14711	-6.746005357997949e-02
14712	-9.594907033076250e-02
14713	-5.566186964110194e-02
14714	-1.558373907883887e-02
14715	-8.628680775660437e-02
14716	-9.977119006494886e-02
14717	-3.312511372235769e-02
14718	-1.539125095942085e-01
14719	-1.834031498075574e-02
14720	-6.386380139346450e-03
14721	-1.817026219052978e-02
14722	3.976815626662187e-02
14723	1.122670345653657e-02
14724	-3.028326856309714e-02
14725	1.011026282627535e-02
14726	1.540382726409804e-02
14727	-2.578045542702979e-02
14728	5.982910215370187e-03
14729	1.635410162652057e-02
14730	-1.167815812038879e-01
14731	1.900975321356674e-02
14732	-4.065439785181324e-02
14733	-6.913198739434775e-03
14734	-1.046944814625016e-03
14735	2.553099310347838e-02
14736	-4.611705798509933e-02
14737	1.402026264843076e-02
14738	-3.262098184664894e-02
14739	-2.560572718962393e-03
14740	4.769879649885103e-02
14741	1.121571680577132e-02
14742	-7.108461032430461e-03
14743	1.608528112780452e-02
14744	3.650672943086845e-02
14745	1.299417026918798e-02
14746	6.750168732696117e-02
14747	3.626411303006453e-02
14748	2.369185215031467e-02
14749	3.249535469757872e-02
14750	3.509102272871253e-02
14751	3.325324690719825e-02
14752	7.234278726971008e-02
14753	4.449731801352595e-02
14754	9.581523372906774e-02
14755	2.340227455546971e-02
14756	1.583470119479881e-01
14757	3.684868173567153e-02
14758	1.356478606996372e-01
14759	3.896641941337746e-02
14760	3.560102185697507e-02
14761	2.841257372760463e-02
14762	7.157684122293821e-02
14763	-6.348441124254804e-03
14764	1.132942491458593e-01
14765	1.364794300387663e-02
14766	-7.697525877734228e-03
14767	4.527763726711338e-02
14768	7.592567388749984e-02
14769	2.238228352823123e-02
14770	-5.769740268215841e-02
14771	4.713162011158479e-02
14772	3.306030761965583e-03
14773	6.173575584812553e-02
14774	9.938496299810150e-02
14775	1.999560055181342e-02
14776	9.159202006673539e-02
14777	4.437360615200922e-02
14778	5.873938652308624e-02
14779	5.973230353123760e-02
14780	3.449287435279311e-02
14781	6.690965100192596e-02
14782	1.241819433113800e-01
14783	5.499737562691711e-02
14784	1.140746381466664e-01
14785	4.709423795616755e-02
14786	7.799001964697150e-02
14787	4.897906350662190e-02
14788	9.261345025413432e-02
14789	4.200210518029131e-02
14790	2.514623155291987e-01
14791	2.993508975042994e-02
14792	9.311064112898225e-02
14793	5.027283360860232e-02
14794	1.519137621182500e-01
14795	1.012840241149889e-01
14796	1.592616641183108e-01
14797	7.383012688375182e-02
14798	7.173899981430761e-02
14799	8.753068377261229e-02
14800	1.481433916221966e-01
14801	9.343295746889026e-02
14802	2.223584321007984e-01
14803	9.091935186806924e-02
14804	1.754867688737105e-01
14805	1.000979298600988e-01
14806	1.979781774177246e-01
14807	1.077193350676801e-01
14808	1.647293671774584e-01
14809	8.499322228406093e-02
14810	2.012128490079730e-01
14811	7.005482271976761e-02
14812	1.573928568284233e-01
14813	8.482875956563991e-02
14814	1.200144183814515e-01
14815	1.120030604959342e-01
14816	1.629823602195444e-01
14817	7.265996285680890e-02
14818	1.908593270334749e-01
14819	6.781067965896093e-02
14820	1.123982282305921e-01
14821	6.550502245532892e-02
14822	1.301696633304607e-01
14823	3.024584080191593e-02
14824	1.204724478092465e-01
14825	9.732114198249110e-02
14826	-2.444464503977859e-03
14827	6.284143337314388e-02
14828	8.043101957833375e-02
14829	3.410392947979542e-02
14830	1.721765521135944e-01
14831	6.498156608489428e-02
14832	6.115292431104358e-02
14833	8.255164415941556e-02
14834	1.045831158610561e-01
14835	4.544104493559892e-02
14836	1.254099463525774e-01
14837	7.628692862005615e-02
14838	1.085713554725650e-01
14839	8.913220449756680e-02
14840	1.514439336984741e-01
14841	7.707766834642561e-02
14842	1.490508942489022e-01
14843	9.731110722762355e-02
14844	8.074164094852694e-02
14845	9.179737958294357e-02
14846	1.384143517012696e-01
14847	8.649096944943210e-02
14848	6.677926849724039e-02
14849	7.228517864243555e-02
14850	5.386136559661389e-02
14851	6.330421488398869e-02
14852	1.068470172954020e-02
14853	6.390058367676270e-02
14854	1.123316978337069e-01
14855	5.437692107052933e-02
14856	5.881590980071136e-02
14857	4.656044577502812e-02
14858	-6.304326859858210e-02
14859	6.675802736671180e-02
14860	4.996025707824371e-03
14861	9.969580619203286e-02
14862	8.809509372574609e-02
14863	5.065231334687976e-02
14864	6.055841895642475e-02
14865	6.106367851172109e-02
14866	7.680552136794803e-02
14867	5.394870601840467e-02
14868	1.266996091478939e-01
14869	6.228888563530797e-02
14870	1.611785447273863e-01
14871	4.271212683733059e-02
14872	1.510696626313294e-01
14873	7.597953684570123e-02
14874	6.431826063053984e-02
14875	1.456492659230953e-01
14876	1.883411688792170e-01
14877	6.372099044354698e-02
14878	2.156715590490330e-01
14879	1.048395955884216e-01
14880	1.557468188545836e-01
14881	1.023502378086671e-01
14882	2.473297267752209e-01
14883	7.665702082921780e-02
14884	1.750155126884023e-01
14885	1.344717563870876e-01
14886	1.073675518617818e-01
14887	8.267107564791470e-02
14888	1.391186429138724e-01
14889	8.036969754676669e-02
14890	1.916105801111962e-01
14891	6.593025394361464e-02
14892	1.106730199706646e-01
14893	5.657020149969217e-02
14894	1.247470412084089e-01
14895	4.021357513892299e-02
14896	9.664621398662546e-02
14897	4.353899495327065e-02
14898	-4.593062451267663e-02
14899	3.352042291788752e-02
14900	1.101092897369916e-01
14901	-1.301859276365013e-03
14902	3.766824988731893e-02
14903	2.988043655227215e-02
14904	4.413434347287341e-02
14905	7.910813641368357e-02
14906	8.810779544396666e-02
14907	1.426951218523342e-02
14908	4.672500888365382e-02
14909	6.597776256121792e-03
14910	1.768928061400834e-01
14911	-1.370017519551243e-02
14912	-2.061922355242625e-02
14913	-3.280080191311239e-02
14914	-3.216799153954035e-02
14915	9.229713742465917e-03
14916	3.888035267632130e-02
14917	-2.612070187646529e-02
14918	-2.347174109291622e-02
14919	-2.595245823380452e-02
14920	3.132683454017066e-02
14921	3.262101496335306e-04
14922	-3.787614011192884e-02
14923	4.017650382968111e-03
14924	7.222729962136371e-02
14925	1.682143987060936e-02
14926	6.135795179822254e-02
14927	1.375267721965987e-02
14928	-2.331266844972962e-02
14929	1.527317355792721e-02
14930	1.077046608959014e-01
14931	-1.085030592606260e-02
14932	4.746953912284806e-02
14933	1.978427566321302e-02
14934	-1.084044492184362e-01
14935	6.522774956600270e-02
14936	2.991065088780813e-02
14937	-5.105589548774976e-03
14938	-5.901330882257095e-02
14939	2.800385938009251e-02
14940	-3.654933767925658e-02
14941	2.999009492258159e-02
14942	2.442791023973979e-02
14943	4.988095425950678e-03
14944	-1.678553298178231e-02
14945	3.968035135185279e-02
14946	-1.743838948962942e-01
14947	3.758360279305284e-03
14948	-8.234545438119688e-02
14949	-5.590480150577103e-02
14950	-3.876825171621498e-03
14951	-3.770737830711775e-02
14952	-1.351827486722409e-01
14953	-5.152250907737430e-02
14954	-7.853464875123312e-02
14955	-6.619464865895117e-02
14956	-6.421659848966714e-02
14957	-5.730472276509346e-02
14958	-1.213345098260900e-01
14959	-6.730887244835708e-02
14960	-1.080896562826036e-01
14961	-8.615230475617422e-02
14962	-1.111763351261761e-01
14963	-7.235767906362842e-02
14964	-7.112690601067446e-02
14965	-4.759292406087599e-02
14966	-5.927904792558059e-02
14967	-5.857371920245025e-02
14968	-1.089899417613512e-01
14969	-5.187358244583966e-02
14970	-1.841211839984665e-01
14971	-7.603481863134520e-02
14972	-1.568643004284589e-01
14973	-8.334760851070447e-02
14974	-1.442632529437954e-01
14975	-5.982594938357508e-02
14976	-1.813358744579593e-01
14977	-7.811700163259666e-02
14978	-1.454380569493083e-01
14979	-7.953435238404929e-02
14980	-1.531523803575385e-02
14981	-4.538172009993058e-02
14982	-1.922965002695354e-01
14983	-2.671307652966035e-02
14984	-7.873805052605257e-02
14985	-1.334240891425837e-03
14986	-5.789202785808278e-02
14987	-3.545696411767719e-02
14988	-1.228431189877110e-01
14989	-3.301666240533857e-02
14990	-2.819000240147103e-02
14991	-1.879888047919032e-02
14992	-1.074804133868905e-01
14993	-5.550960150062523e-02
14994	-1.505843478287551e-01
14995	-6.014841421354370e-02
14996	-1.893426071418209e-01
14997	-6.170620624256482e-02
14998	-1.629086035527763e-01
14999	-7.999217805325984e-02
15000	-1.607555854593540e-01
15001	-8.673324788666456e-02
15002	-8.690215965384161e-02
15003	-7.034729058476452e-02
15004	-7.874926471028477e-02
15005	-8.359202094883841e-02
15006	-1.943026441962376e-01
15007	-6.837663712736099e-02
15008	-1.455082770389974e-01
15009	-8.591298581256220e-02
15010	-2.453195790566232e-01
15011	-7.463006965154685e-02
15012	-1.382562491562119e-01
15013	-7.864946063751781e-02
15014	-1.616587690326016e-01
15015	-7.367400208710391e-02
15016	-1.463236544828994e-01
15017	-7.329534016964991e-02
15018	-8.491156152561441e-02
15019	-7.815834553780598e-02
15020	-1.962016779494277e-01
15021	-5.711901338779069e-02
15022	-2.214571974118466e-01
15023	-5.978059628863363e-02
15024	-8.726990277221004e-02
15025	-6.206421856854497e-02
15026	-3.262227321187294e-02
15027	-8.307907290401501e-02
15028	-6.726073775398420e-02
15029	-6.310392521151138e-02
15030	-1.009830063174341e-01
15031	-6.804585447581056e-02
15032	-1.030041245668735e-01
15033	-1.053347855152534e-01
15034	-1.117003892506605e-01
15035	-8.061964313416170e-02
15036	-7.654886094932886e-02
15037	-6.116982517272421e-02
15038	-7.864497597615770e-02
15039	-1.141372320119759e-01
15040	-9.348398804468523e-02
15041	-6.682262572349996e-02
15042	-1.927556144003953e-01
15043	-9.021496523869101e-02
15044	-1.135969004907912e-01
15045	-1.179089794826975e-01
15046	-1.496367741137378e-01
15047	-1.014026216583548e-01
15048	-1.493822767654776e-01
15049	-9.263855089346409e-02
15050	-1.261090536435131e-01
15051	-9.473944309605056e-02
15052	-1.676860701810030e-01
15053	-7.186940498508948e-02
15054	-2.336058019328822e-01
15055	-7.121640810296002e-02
15056	-1.528164667347967e-01
15057	-1.234892435560931e-01
15058	-1.593033450407679e-01
15059	-7.894023580311950e-02
15060	-9.726622306876596e-02
15061	-6.207595246752106e-02
15062	-8.139459465817966e-02
15063	-8.830346281770125e-02
15064	-9.733043783775608e-02
15065	-5.854646050808270e-02
15066	-9.715676400753462e-02
15067	-4.482192895154522e-02
15068	-6.063112814220337e-02
15069	-8.689762297354958e-02
15070	-1.901109093232585e-01
15071	-7.165546533823391e-02
15072	-1.065126321596075e-01
15073	-7.626130139236582e-02
15074	-1.128918182867148e-01
15075	-1.391457535801046e-01
15076	-1.115406468515200e-01
15077	-9.170161026461061e-02
15078	-2.333349107382976e-01
15079	-1.012592685072856e-01
15080	-2.026555019195262e-01
15081	-1.296537210612869e-01
15082	-1.519625912116511e-01
15083	-1.040529445401200e-01
15084	-1.549438995589064e-01
15085	-1.248711784133505e-01
15086	-1.137300340247183e-01
15087	-1.106833045751138e-01
15088	-1.485388179469113e-01
15089	-1.061551335103919e-01
15090	-2.858373367069911e-01
15091	-1.168220907718851e-01
15092	-2.630043346283260e-01
15093	-1.433352702455296e-01
15094	-2.160776417742988e-01
15095	-1.558944277553762e-01
15096	-2.451058691022097e-01
15097	-1.208948474818747e-01
15098	-2.156188278164318e-01
15099	-1.385601903717560e-01
15100	-1.987113313907701e-01
15101	-8.412547986763924e-02
15102	-2.416764336106733e-01
15103	-8.426054305336945e-02
15104	-1.551109096445757e-01
15105	-1.328519622173812e-01
15106	-2.564672946323437e-01
15107	-5.295345697310031e-02
15108	-2.395917523590054e-01
15109	-6.004641815534376e-02
15110	-1.342678886176160e-01
15111	-1.104525932617590e-01
15112	-1.404972963413586e-01
15113	-9.011789617328682e-02
15114	-3.162981992897564e-01
15115	-9.371656402280147e-02
15116	-1.518558372199886e-01
15117	-1.301845649911966e-01
15118	-1.850358613206744e-01
15119	-1.096918433923137e-01
15120	-3.677610403460975e-01
15121	-1.013272541679471e-01
15122	-2.075440251943315e-01
15123	-1.029012961813653e-01
15124	-2.260324801014328e-01
15125	-1.271721714519649e-01
15126	-1.533773661045932e-01
15127	-1.179198084342698e-01
15128	-1.858502695444200e-01
15129	-7.086977751883576e-02
15130	-3.042533707886885e-01
15131	-7.307363503395591e-02
15132	-9.308233337201689e-02
15133	-7.594056801515894e-02
15134	-3.154769556909623e-01
15135	-8.110581265300336e-02
15136	-1.697063663505040e-01
15137	-7.462959192831854e-02
15138	-1.597278530422132e-01
15139	-8.301454027557770e-02
15140	-2.549225178395643e-01
15141	-1.127544830147481e-01
15142	-1.885487039032523e-01
15143	-1.026161827587646e-01
15144	-2.300473149659284e-01
15145	-1.034910425697026e-01
15146	-2.507899482919544e-01
15147	-1.386871358005302e-01
15148	-3.238366314838706e-01
15149	-1.049166078587864e-01
15150	-2.435303155458337e-01
15151	-1.024373380754383e-01
15152	-2.466887449032150e-01
15153	-1.197765167357439e-01
15154	-2.498008111750556e-01
15155	-9.218920368517705e-02
15156	-2.446673265929728e-01
15157	-1.000411792012044e-01
15158	-3.354380486014401e-01
15159	-9.335027962964444e-02
15160	-2.364073384898881e-01
15161	-8.829739448206606e-02
15162	-2.173559339088075e-01
15163	-9.619128770182706e-02
15164	-2.603426139459702e-01
15165	-1.208258264695920e-01
15166	-2.118195813599068e-01
15167	-1.121955757696873e-01
15168	-1.919557909118850e-01
15169	-8.081594620061396e-02
15170	-2.450024516212414e-01
15171	-7.483357165614112e-02
15172	-1.165181819449300e-01
15173	-7.743776418215798e-02
15174	-1.312681785455780e-01
15175	-1.034423869772626e-01
15176	-9.718889745258520e-02
15177	-6.919669112538351e-02
15178	-1.215892112775222e-01
15179	-9.347479967037692e-02
15180	-2.611522112841427e-01
15181	-8.267534207719401e-02
15182	-1.162399059235470e-01
15183	-3.038805534756921e-02
15184	-1.029300070502080e-01
15185	-8.482270931533441e-02
15186	-4.231011267827475e-02
15187	-4.269678888096789e-02
15188	-5.372656147803687e-02
15189	-7.712107670326374e-03
15190	-3.862605411472712e-02
15191	-2.294736836908793e-02
15192	-4.434603648107444e-02
15193	-1.357274280811283e-02
15194	-3.985202770141531e-02
15195	-1.910825251592430e-02
15196	-7.616087127396652e-02
15197	1.893398338405687e-02
15198	-1.109202159171882e-01
15199	-4.661059534937318e-03
15200	-9.310973339998557e-02
15201	-2.336102853445768e-02
15202	-1.593683689895326e-02
15203	-1.784300724368985e-02
15204	2.048141090397167e-02
15205	-3.898326316975144e-02
15206	-8.154671757446844e-02
15207	-3.493813264773711e-02
15208	-7.567831845050085e-02
15209	-3.876392251500745e-02
15210	-1.063827813540297e-01
15211	-1.064013586572735e-02
15212	-4.768099665935664e-02
15213	-3.227696068131321e-02
15214	-4.236069304091081e-02
15215	-1.867613865552089e-02
15216	-3.279126159603892e-02
15217	1.832968930421589e-03
15218	5.442476159073992e-02
15219	-2.053447266988108e-02
15220	-3.563911805166413e-02
15221	1.533027203139878e-02
15222	-4.588252190491711e-02
15223	2.413142706290642e-02
15224	5.750021341243158e-02
15225	2.602373200261690e-02
15226	1.026146628005238e-01
15227	5.135295641872895e-02
15228	6.971068751959814e-02
15229	5.326276895666456e-02
15230	9.273292763923570e-02
15231	3.604797671811238e-02
15232	8.845873189717710e-02
15233	4.315546522844326e-02
15234	1.053219740249474e-01
15235	4.181357415167046e-02
15236	8.353115335083202e-03
15237	3.063331737958735e-02
15238	6.456284945899260e-02
15239	2.235603701562440e-02
15240	4.626538132358340e-02
15241	3.970673029007591e-03
15242	1.760271605326330e-02
15243	1.414144516617693e-02
15244	1.554410929366454e-02
15245	-1.397821294645879e-02
15246	1.679217168509319e-01
15247	2.195932273716550e-02
15248	8.585209718290582e-02
15249	3.745305013512962e-02
15250	7.336670229187334e-02
15251	4.754889307371846e-02
15252	2.445527867916669e-01
15253	5.210170682584978e-02
15254	1.764795016070480e-01
15255	5.855956628721186e-03
15256	1.592928035070205e-01
15257	7.229559858666054e-02
15258	2.389746949436414e-01
15259	5.225003707816988e-02
15260	2.033780151494558e-01
15261	5.759275858637221e-02
15262	1.939641672356208e-01
15263	4.360703370134011e-02
15264	1.933555108326519e-01
15265	1.281466548963621e-02
15266	1.572981719065011e-01
15267	7.000691146823607e-02
15268	7.924428961267775e-02
15269	2.404333975030818e-02
15270	5.164557555958161e-02
15271	2.095670908141969e-02
15272	9.047042408005548e-02
15273	2.659371068302221e-02
15274	1.399470168790057e-01
15275	9.795330134198421e-03
15276	1.395219939210351e-01
15277	1.378738218866896e-02
15278	4.973591849958881e-02
15279	4.271922829358014e-02
15280	4.320791318395346e-02
15281	3.265058807043375e-02
15282	1.067537761295231e-01
15283	2.511081337011100e-02
15284	6.337825734890221e-02
15285	1.237117716210994e-02
15286	4.025383192355879e-02
15287	-2.167643457958789e-03
15288	1.062173575620654e-01
15289	-5.408612066195014e-03
15290	-5.414029510789951e-02
15291	3.267048036560609e-02
15292	3.515720784419159e-02
15293	-2.596920423605525e-02
15294	1.043090631295933e-01
15295	-8.280089750914654e-02
15296	-3.144993167888139e-03
15297	1.188226063454507e-02
15298	-1.670911658709510e-02
15299	-2.333679778279298e-02
15300	5.300370832946352e-02
15301	1.213734895968861e-03
15302	2.350030676153964e-03
15303	2.918967814050241e-02
15304	-1.784777981246280e-02
15305	-4.370484358626991e-03
15306	5.562798279711621e-02
15307	-4.526194562861193e-03
15308	-4.997680954071959e-02
15309	1.711720784434087e-02
15310	1.037596992691745e-02
15311	-8.590867692034425e-03
15312	6.557550799310323e-02
15313	2.118948008706147e-04
15314	-7.766387673483811e-02
15315	5.183588052390489e-02
15316	-4.693756864563115e-02
15317	-1.210214756405449e-05
15318	2.254844799531593e-02
15319	1.150078947007959e-02
15320	5.271734123958585e-02
15321	1.845500595671014e-02
15322	6.408585470060509e-02
15323	1.997728053267013e-02
15324	1.188758824721137e-02
15325	5.198201845099795e-03
15326	5.899847846172842e-02
15327	-3.384370869483487e-03
15328	2.348305787035198e-02
15329	-1.926393438479142e-02
15330	8.139969813516958e-02
15331	-3.029365299830307e-02
15332	-3.427417639876638e-03
15333	-1.928052296805293e-02
15334	-1.200798237179441e-01
15335	-7.038300715857691e-02
15336	-7.587372307820144e-02
15337	-7.237798246683882e-02
15338	-8.850250401350232e-02
15339	-6.253207091349035e-02
15340	-3.975989472832917e-02
15341	-7.992640125169596e-02
15342	-1.194892259717316e-01
15343	-8.574511308697370e-02
15344	-1.372286595613424e-01
15345	-8.005775424386410e-02
15346	-1.437159797140014e-01
15347	-9.044266740947005e-02
15348	-2.039596199940363e-01
15349	-8.439603911551487e-02
15350	-1.564507884703646e-01
15351	-1.185576100325959e-01
15352	-1.360561880409293e-01
15353	-7.882332893915306e-02
15354	-2.186906875031460e-01
15355	-8.886188501976820e-02
15356	-1.899986180607591e-01
15357	-1.085727678421191e-01
15358	-1.368433281344073e-01
15359	-8.334814957145743e-02
15360	-2.703048851860450e-01
15361	-9.186356107929143e-02
15362	-1.948576030469590e-01
15363	-1.175184200660059e-01
15364	-2.092993148070118e-01
15365	-1.163159038706413e-01
15366	-3.117240222073886e-01
15367	-9.549153032362673e-02
15368	-1.732871061718980e-01
15369	-1.197229027345496e-01
15370	-2.839086917992254e-01
15371	-1.120507540597254e-01
15372	-2.801289700834590e-01
15373	-1.160422164435514e-01
15374	-1.815924275142075e-01
15375	-1.789068460904030e-01
15376	-1.674990562599741e-01
15377	-9.829712434014140e-02
15378	-3.088706755225180e-01
15379	-1.161635297304049e-01
15380	-2.342831249492388e-01
15381	-1.176746872960423e-01
15382	-1.368489028028884e-01
15383	-7.494658618869324e-02
15384	-1.549128600214309e-01
15385	-8.176928268651837e-02
15386	-1.203504541105670e-01
15387	-5.893540140776819e-02
15388	-3.141358245072229e-02
15389	-3.901846566830796e-02
15390	-1.357588201054848e-01
15391	-2.585267439719953e-02
15392	-7.607508534953584e-03
15393	-5.459261099235214e-02
15394	1.770254280492124e-02
15395	-3.479539168047976e-02
15396	-8.528844426689274e-02
15397	-1.875570185772814e-02
15398	1.381985614127959e-02
15399	-6.534318106067442e-02
15400	2.345027103398806e-02
15401	3.047796012642267e-03
15402	-9.929993075632859e-02
15403	9.872156520735184e-03
15404	8.396936680285517e-02
15405	-7.682432527018400e-02
15406	7.765515670314325e-02
15407	2.048498302865305e-02
15408	-4.957229893222463e-04
15409	1.920808656950093e-02
15410	1.462270631693042e-02
15411	5.764616425227517e-03
15412	1.204105934544612e-01
15413	3.625787113102406e-02
15414	-5.970468250174404e-03
15415	1.588761499175162e-02
15416	9.883256228335099e-02
15417	-2.134586548871600e-03
15418	1.278954613195346e-01
15419	3.082404873856819e-02
15420	7.987269476863718e-02
15421	2.773307735910640e-02
15422	1.086713976306936e-01
15423	-8.874443480759031e-03
15424	4.198876821142303e-02
15425	3.383537581836613e-02
15426	-4.106966389062568e-02
15427	1.277561576477293e-02
15428	1.073306002880453e-01
15429	-3.764314481358826e-02
15430	6.473505611269205e-02
15431	4.411409621838534e-03
15432	-7.774043461380975e-02
15433	2.566019075175781e-02
15434	-6.325765967954844e-03
15435	-3.042977967923241e-02
15436	-2.110927337589368e-02
15437	-6.633575977848539e-03
15438	-1.382554936153009e-01
15439	-8.290964888993498e-03
15440	2.304915340203623e-02
15441	-7.959916528897050e-02
15442	7.770587246091851e-02
15443	-1.293194274421748e-02
15444	-8.810724768682980e-02
15445	-1.593149674077080e-02
15446	-8.381040096156218e-03
15447	-8.637413431222932e-02
15448	4.478498447892405e-03
15449	-1.452157378072547e-03
15450	-2.951679240831562e-02
15451	-6.043414349176429e-03
15452	2.205016613869255e-02
15453	-7.689632019239785e-02
15454	9.911058053721878e-03
15455	1.632009769661253e-02
15456	-3.589679228606855e-02
15457	6.721478485148702e-03
15458	3.377435491562738e-02
15459	-3.265068493485164e-02
15460	7.925138140604207e-03
15461	1.219291630809394e-02
15462	-5.506604730776711e-02
15463	2.639702004288315e-02
15464	1.316610440084284e-03
15465	5.256803118098364e-02
15466	-8.696050966614902e-02
15467	1.120941355314502e-02
15468	-7.680114456388461e-02
15469	6.855392674108046e-03
15470	2.059274616711099e-01
15471	2.183775061462189e-02
15472	-3.260177686746619e-02
15473	2.229176573533585e-02
15474	-3.655014383862436e-02
15475	8.598599640476015e-02
15476	-4.380352269654886e-02
15477	4.298914470065134e-02
15478	-1.314345684827590e-02
15479	3.336224966511836e-02
15480	6.893258022308421e-02
15481	2.168035027911144e-02
15482	-3.199227569102761e-02
15483	3.461062538803057e-02
15484	3.522029527121350e-02
15485	8.841272965026015e-02
15486	-7.017403716259246e-02
15487	3.570714973026125e-02
15488	4.421605736273651e-02
15489	4.586464070456960e-02
15490	1.399487454192901e-01
15491	4.850073938388572e-02
15492	2.819418598705190e-02
15493	5.941203948590614e-02
15494	9.431719508283815e-02
15495	1.439844846389738e-01
15496	7.671741896295659e-02
15497	4.568591946892861e-02
15498	7.651692109992679e-02
15499	2.731643524265467e-02
15500	1.176528302844759e-01
15501	3.227319543685980e-02
15502	8.254262344662555e-02
15503	1.008839990730286e-02
15504	7.712583319707038e-02
15505	4.196641545650062e-02
15506	2.639539499724564e-02
15507	8.923832445222600e-03
15508	3.074102364946919e-02
15509	-1.531612742259629e-02
15510	2.554829694435837e-01
15511	-9.019312010451619e-03
15512	-6.559101194340410e-04
15513	-5.875021857944803e-03
15514	-2.813911774052039e-02
15515	2.643246589656286e-02
15516	-8.634671306596137e-03
15517	-1.052044151886654e-02
15518	-3.098224530841272e-02
15519	8.482150434652981e-03
15520	4.097199038030717e-02
15521	2.333125385195333e-02
15522	-4.438146501035265e-02
15523	3.423510764943997e-02
15524	3.937179797274225e-02
15525	5.795157373033395e-02
15526	6.906892646800784e-02
15527	2.886710134605909e-02
15528	2.158214157990851e-02
15529	3.353776029335010e-02
15530	7.045086190277189e-02
15531	5.510923862653287e-02
15532	6.313447333669635e-03
15533	7.052794531192659e-02
15534	5.059475233317403e-02
15535	6.245117298969450e-02
15536	7.626265370376067e-02
15537	8.533334794229173e-02
15538	1.341695482250148e-01
15539	7.109935664283153e-02
15540	2.732434764588030e-02
15541	7.712087366808217e-02
15542	1.364295802950528e-01
15543	1.183234518139989e-01
15544	9.569667793951878e-02
15545	7.470585052941221e-02
15546	1.601033186238057e-01
15547	6.706369473156697e-02
15548	1.153589029475959e-01
15549	1.256500142727613e-01
15550	4.448366854872544e-02
15551	7.822392533420655e-02
15552	1.526702667042348e-01
15553	7.576239475085686e-02
15554	-2.527934541991327e-02
15555	7.812608314798902e-02
15556	8.964010925803106e-02
15557	6.236243628962888e-02
15558	1.435166169237090e-01
15559	6.001669109596608e-02
15560	6.298863156176454e-02
15561	1.032208010909351e-01
15562	1.003128492847824e-01
15563	4.901280918006301e-02
15564	8.064966402463708e-02
15565	2.098155979027238e-02
15566	8.022369335047053e-02
15567	6.245301808399797e-02
15568	5.431638849034232e-02
15569	3.691251859258671e-02
15570	8.749040356268341e-02
15571	3.247356525380023e-02
15572	9.581051988982689e-03
15573	6.228851891366476e-02
15574	8.271179350149953e-02
15575	1.195128917154397e-02
15576	4.972312352978959e-02
15577	1.704135044477666e-02
15578	4.341537934791591e-03
15579	3.840129922794403e-02
15580	9.422160202177816e-02
15581	1.475528350556661e-02
15582	7.589378312199346e-02
15583	1.940326525841469e-02
15584	4.652572617578930e-03
15585	6.457532843515099e-02
15586	1.169197143381406e-02
15587	5.398284553736481e-02
15588	3.652252284540765e-02
15589	5.182880144775633e-02
15590	8.805658819508963e-02
15591	4.176618983893267e-02
15592	5.316046716319928e-02
15593	5.741311918101247e-02
15594	-4.216212824063518e-03
15595	6.586566211294784e-02
15596	4.368250821815649e-02
15597	6.983929215839417e-02
15598	1.101846992541362e-01
15599	7.291557692567428e-02
15600	2.841059337133632e-02
15601	7.975764403555280e-02
15602	1.023773557001778e-01
15603	1.267545958855538e-01
15604	5.704063373499792e-02
15605	4.701918277136696e-02
15606	5.368255259099601e-02
15607	8.927821196443632e-02
15608	6.281499800282686e-02
15609	1.293243689989890e-01
15610	-2.868407131448229e-02
15611	8.914780451526508e-02
15612	4.646352848978830e-02
15613	9.338242967960697e-02
15614	1.105639521559834e-01
15615	6.002427376193330e-02
15616	9.804458034335062e-02
15617	1.066604572311914e-01
15618	1.698522867162341e-02
15619	9.068946459343379e-02
15620	1.670712971290344e-01
15621	9.799765954686969e-02
15622	1.482194777743203e-01
15623	8.464684042221621e-02
15624	1.250514897909366e-01
15625	7.521936574254906e-02
15626	1.896177805149220e-01
15627	9.882287433111139e-02
15628	1.530884147455712e-01
15629	8.286487382624809e-02
15630	2.676583160651524e-03
15631	8.120751017466503e-02
15632	1.032338669171601e-01
15633	6.501180531660700e-02
15634	7.687053895130790e-02
15635	4.892358514300032e-02
15636	3.124060458607116e-02
15637	3.770843244858602e-02
15638	1.118912671888005e-01
15639	5.393014337861128e-02
15640	4.351564875619646e-02
15641	2.826997832622408e-02
15642	8.012821696812515e-02
15643	2.539206605746670e-02
15644	5.778677930580058e-02
15645	9.228817486471285e-03
15646	4.170146753808011e-02
15647	2.438640348092145e-02
15648	6.906598612313453e-02
15649	2.400096608144000e-02
15650	5.175615743830839e-03
15651	5.120269196619570e-02
15652	1.307802764898668e-01
15653	5.177734843863818e-03
15654	9.996087252803544e-02
15655	7.250623604854426e-03
15656	4.073070027695243e-02
15657	5.552427893773859e-02
15658	4.606132154878355e-02
15659	1.975973415867430e-02
15660	4.061852377437777e-02
15661	3.182779859748504e-02
15662	9.823889731669205e-02
15663	3.597893802019525e-02
15664	7.690400586387215e-02
15665	2.568768833885897e-02
15666	1.449719831274255e-03
15667	1.713534406023191e-02
15668	9.207188563535966e-02
15669	-3.170589031948687e-03
15670	1.011427779595772e-01
15671	2.662499292580894e-03
15672	2.483333614552952e-02
15673	-1.905236568192426e-02
15674	8.162515872685017e-02
15675	-4.677799752200210e-02
15676	4.222293616186953e-02
15677	-2.401753552191841e-02
15678	-7.313498828185071e-03
15679	-3.114054410431256e-02
15680	-2.481215853865642e-02
15681	-6.817515309037242e-02
15682	-4.231166425496918e-02
15683	-4.443631178830282e-02
15684	-1.072200682279027e-01
15685	-5.431738729343345e-02
15686	-1.573504490329401e-01
15687	-7.907035225416956e-02
15688	-5.539032872152594e-02
15689	-4.418089674304278e-02
15690	-1.533716169590079e-01
15691	-3.867225329608702e-02
15692	-4.994993032515290e-02
15693	-5.356330341573477e-02
15694	-1.554067152374947e-01
15695	-3.388321171549000e-02
15696	-5.434138838408590e-02
15697	-4.200118499270241e-02
15698	-2.799491724594923e-02
15699	-1.121780384139025e-02
15700	-1.404688866926736e-03
15701	-5.115571572159498e-02
15702	-5.563761295760516e-03
15703	-3.131153263466459e-02
15704	-3.422524396291639e-02
15705	-7.250116667024638e-03
15706	-3.279127927344418e-02
15707	-4.130920732359335e-02
15708	-1.575850637949862e-01
15709	-4.369692796901107e-02
15710	5.229561606685974e-02
15711	-3.907888916859440e-03
15712	2.063549662709700e-02
15713	-1.730673997933865e-02
15714	2.510449417136890e-02
15715	2.817898649559305e-02
15716	5.326272125117517e-02
15717	1.845542862858069e-02
15718	6.597578172504592e-02
15719	-1.792632777529459e-02
15720	4.695845317331048e-02
15721	-1.448264940611934e-02
15722	6.013030085928669e-02
15723	1.510436872303104e-02
15724	1.400259232555434e-02
15725	-2.198320954413013e-02
15726	7.127955642253076e-03
15727	-3.482189311165523e-02
15728	-4.415188041960025e-02
15729	-2.063823347774818e-02
15730	-4.532160257144734e-02
15731	-5.931505770890581e-02
15732	-8.479003536813078e-02
15733	-7.133931692826999e-02
15734	-1.023757544259506e-01
15735	-5.062896517555973e-02
15736	-9.271879894830458e-02
15737	-7.230013020343751e-02
15738	-1.789260803673692e-01
15739	-6.566246676017497e-02
15740	-1.344542793193441e-01
15741	-9.321569735679623e-02
15742	-7.285063841379898e-02
15743	-5.990571011080076e-02
15744	-1.440904228404550e-01
15745	-6.607170785581976e-02
15746	-1.659940195629317e-01
15747	-9.833820321798988e-02
15748	-2.040571456718202e-01
15749	-1.131652964523149e-01
15750	-1.475022150495838e-01
15751	-1.290901955592142e-01
15752	-1.984592619494891e-01
15753	-1.183810361569425e-01
15754	-1.922693925630128e-01
15755	-9.851598157070432e-02
15756	-1.150946050992321e-01
15757	-9.332971109593385e-02
15758	-1.416983395707994e-01
15759	-9.649000560481337e-02
15760	-1.179495388639519e-01
15761	-5.617171266685182e-02
15762	-1.580559476645937e-01
15763	-6.017439520592640e-02
15764	-1.199334036439804e-01
15765	-6.401020791989347e-02
15766	-6.428237556481423e-02
15767	-3.948751221556028e-02
15768	-6.745329113422502e-02
15769	-3.424761191192004e-02
15770	-7.597877831824923e-02
15771	-5.273677987263630e-02
15772	6.674307017601642e-03
15773	-2.489559496835808e-02
15774	-9.784142424552769e-02
15775	-2.156491938447211e-02
15776	-3.027783756073053e-03
15777	-3.768931582168307e-02
15778	4.265329298731644e-03
15779	-2.309917222195267e-02
15780	8.803993323282523e-02
15781	-1.357291791462779e-02
15782	6.477465651906206e-02
15783	-7.537044042918901e-03
15784	5.235498885728358e-02
15785	1.517987364481021e-02
15786	5.984431179396625e-02
15787	1.838877259198302e-02
15788	7.804861888727849e-02
15789	1.492448378956631e-02
15790	1.238013323061573e-01
15791	1.812290680493563e-02
15792	9.743374702186210e-02
15793	1.836396800652270e-02
15794	6.927093336511050e-02
15795	7.461214255755823e-02
15796	9.837002807833988e-03
15797	3.531653864122023e-02
15798	1.102839261751244e-01
15799	5.672697493838157e-02
15800	6.867234523818597e-02
15801	5.354491105115720e-02
15802	-2.329076974629760e-03
15803	1.436613537201819e-02
15804	5.525698310721874e-02
15805	3.788417809371124e-02
15806	4.214750449715227e-02
15807	3.473147055507745e-02
15808	-5.541832346663341e-02
15809	-1.803819297514539e-03
15810	1.668798961996059e-01
15811	-7.079252502523613e-03
15812	-8.226127191470078e-02
15813	3.396620378065177e-02
15814	-7.080291440527246e-02
15815	2.582002303903028e-03
15816	-2.279540552330342e-02
15817	-6.197459306793320e-03
15818	5.203408754487510e-03
15819	-1.474611734750162e-03
15820	1.108807556703158e-01
15821	-2.230823181661345e-03
15822	-3.218064130576056e-02
15823	9.662466154741759e-03
15824	-2.009678718069203e-02
15825	2.513655819621621e-03
15826	-1.721513626427980e-02
15827	7.434606455207657e-03
15828	-1.067532558838121e-01
15829	-3.270613485537424e-03
15830	-1.699478345654861e-02
15831	-2.379173179190894e-02
15832	-9.810427013581344e-02
15833	-1.926997223441131e-02
15834	-1.799156668937909e-02
15835	-1.474428895495425e-02
15836	-1.485198091779345e-01
15837	-6.163135213421903e-02
15838	-1.446413850114325e-01
15839	-4.015378981250310e-02
15840	-1.918398306171056e-01
15841	-2.051331514990525e-02
15842	-1.267441871414423e-01
15843	-8.046871737055042e-02
15844	-1.569774959721279e-01
15845	-4.487317489690478e-02
15846	-2.602316040743918e-01
15847	-2.861492755593636e-02
15848	-8.822324859542773e-02
15849	-7.631782641791679e-02
15850	-1.200615985482643e-01
15851	-4.606392245105793e-02
15852	-2.086938756996541e-01
15853	-5.619886684532549e-02
15854	-1.030865784110552e-01
15855	-1.174842204878921e-01
15856	-8.736402782880399e-02
15857	-4.923818470458507e-02
15858	-1.695097554233643e-01
15859	-4.586623147722992e-02
15860	-4.618557947708383e-02
15861	-5.570882573994065e-02
15862	-1.608996758101638e-01
15863	-4.992128389097697e-02
15864	-1.467768010147985e-01
15865	-5.581982612803262e-02
15866	-9.961792755783279e-02
15867	-8.398344736779560e-02
15868	-8.473423649740142e-02
15869	-8.016898514642357e-02
15870	-1.056990403100673e-01
15871	-5.397202329907330e-02
15872	-8.211764378757200e-02
15873	-8.040378490871664e-02
15874	-8.481459423586414e-02
15875	-5.427922028894770e-02
15876	-1.075645690747733e-01
15877	-3.187106613441670e-02
15878	-3.135039966718999e-02
15879	-2.456954063086910e-02
15880	-9.765209073579485e-02
15881	-2.443767881540191e-02
15882	-4.558710176936463e-02
15883	-4.707380790098056e-02
15884	-6.246975425175706e-02
15885	-7.399516122203774e-02
15886	-1.215746904890071e-01
15887	-3.993814025728939e-02
15888	-8.904563724626878e-02
15889	-4.779767821081598e-02
15890	-2.082291493670219e-01
15891	-6.691570230434345e-02
15892	-1.300480091542175e-01
15893	-6.151862176882417e-02
15894	-1.215030644615134e-01
15895	-1.016455531012773e-01
15896	-1.192089484792947e-01
15897	-6.275510048308182e-02
15898	-1.292358859516959e-01
15899	-5.607555553250748e-02
15900	-2.513039109039301e-01
15901	-3.784483848959549e-02
15902	-1.338305166462837e-01
15903	-6.397527402879392e-02
15904	-1.285614807497816e-01
15905	-7.422467262701767e-02
15906	-2.477084757337139e-01
15907	-2.163212995940633e-02
15908	-1.353621318291486e-01
15909	-5.508789165836022e-02
15910	-2.300525406462874e-01
15911	-3.058844688387986e-02
15912	-1.576560993918929e-01
15913	-1.447253436620691e-02
15914	-7.149817758402152e-02
15915	-4.887276163276705e-02
15916	-1.104226990524930e-01
15917	-1.982156911691842e-02
15918	-2.040545870207232e-01
15919	-3.161681496709424e-03
15920	-1.192692076438665e-01
15921	-8.496827158055069e-03
15922	-8.340297100141815e-03
15923	9.407189015874385e-03
15924	-1.168579702485874e-01
15925	-5.227386582761056e-02
15926	-7.602427321909695e-02
15927	-1.277916466944985e-02
15928	-9.384588195526392e-02
15929	-1.407285857427810e-02
15930	-9.896884750921014e-02
15931	-6.573039188395501e-03
15932	-1.159025266949570e-01
15933	6.714732628318056e-03
15934	-1.838401785073581e-02
15935	-9.807775649313165e-03
15936	-1.826617796668017e-02
15937	9.942492490588583e-03
15938	-9.157995272502264e-03
15939	1.933934595813956e-02
15940	-7.168710262456129e-02
15941	6.913111982880570e-03
15942	3.953314595265812e-02
15943	-1.559622811322061e-04
15944	-2.771007229701367e-02
15945	6.580571327972527e-02
15946	-1.154292945975279e-01
15947	1.436564501446806e-02
15948	7.574521133146972e-02
15949	2.892004732064544e-02
15950	4.085211454852657e-02
15951	8.936902786010104e-02
15952	6.377058645025402e-02
15953	5.022161358313297e-02
15954	1.657902550920561e-01
15955	9.023015525305818e-02
15956	1.365956580756742e-01
15957	1.120764920355863e-01
15958	1.669198182481616e-01
15959	9.692517646824568e-02
15960	2.000270106207025e-01
15961	9.766229578554679e-02
15962	1.928425717224149e-01
15963	1.217499562887276e-01
15964	1.308771438008874e-01
15965	1.429447359510010e-01
15966	1.773220807983721e-01
15967	9.760510346476481e-02
15968	1.707573185691111e-01
15969	1.045110922939626e-01
15970	2.374910939189511e-01
15971	8.811970402747624e-02
15972	1.877900531100993e-01
15973	8.167942705105884e-02
15974	9.951098002430947e-02
15975	1.443772059673981e-01
15976	1.299706526171893e-01
15977	5.455423874767615e-02
15978	1.832247407041835e-01
15979	6.259326466459683e-02
15980	2.179545088677682e-01
15981	8.073422072578369e-02
15982	1.234408973740603e-01
15983	4.200668288686952e-02
15984	1.207948140200981e-01
15985	5.083407114572217e-02
15986	6.449784566405235e-02
15987	4.383646616006927e-02
15988	1.827527161532291e-02
15989	1.821256199140672e-02
15990	2.878727364329766e-01
15991	1.876138503205034e-02
15992	8.004263058741612e-02
15993	4.374543810242706e-02
15994	1.290683973917807e-01
15995	5.200434341710608e-02
15996	1.979425228933665e-01
15997	2.104143520250016e-02
15998	1.412624746347654e-01
15999	4.667892816965581e-02
16000	1.697776123805764e-01
16001	4.015165091585469e-02
16002	1.607830294319797e-01
16003	4.041374112468452e-02
16004	1.459811293528363e-01
16005	4.681593741436232e-02
16006	1.615091069872796e-01
16007	3.049364601119329e-02
16008	1.198667369621949e-01
16009	9.120877198697934e-03
16010	1.791970495075105e-01
16011	-4.040217654067316e-03
16012	9.824439615608921e-02
16013	-1.716739932093370e-02
16014	-4.192796420940044e-03
16015	-2.077237517903111e-02
16016	6.244467932977638e-02
16017	-1.839429972031602e-02
16018	1.587700434471794e-02
16019	-4.945411929731038e-02
16020	5.058634268340632e-02
16021	-5.179540389835383e-02
16022	-3.939649282809815e-03
16023	-2.731405909984263e-02
16024	1.224197526490384e-02
16025	-3.156435036609728e-02
16026	8.766852844386559e-02
16027	-1.001291837800696e-02
16028	5.723574708364015e-02
16029	9.957630225568948e-03
16030	-1.025632628724664e-03
16031	1.132373557473412e-02
16032	9.570345280815304e-02
16033	-8.358829936206565e-03
16034	3.285196942898744e-02
16035	3.419847124970536e-03
16036	2.763796926413821e-02
16037	-6.239062833045367e-03
16038	1.171798990268365e-01
16039	-2.350229389902507e-04
16040	7.814684508861622e-02
16041	9.488653226179861e-03
16042	1.203259416753664e-01
16043	1.272623760000789e-02
16044	1.694481650887755e-01
16045	2.043332085397738e-02
16046	1.264519640458360e-01
16047	2.587828530978870e-02
16048	1.248894509109944e-01
16049	1.562159861104682e-02
16050	2.475470014950934e-01
16051	-7.426483990369680e-03
16052	1.442122427062156e-01
16053	3.995841067663092e-02
16054	1.792326062143873e-01
16055	6.875085298443762e-02
16056	1.810809822692509e-01
16057	4.586126163185651e-02
16058	6.117339564673362e-02
16059	7.963007863226398e-02
16060	2.399981903803521e-01
16061	4.314779669113706e-02
16062	1.946649269361555e-01
16063	4.226335632414729e-02
16064	1.157297207662112e-01
16065	8.725129154286146e-02
16066	1.357923243870306e-01
16067	3.960213617945374e-02
16068	2.111423656755189e-01
16069	3.699422477830847e-02
16070	1.822951165391453e-01
16071	6.737979315550714e-02
16072	8.105046252682206e-02
16073	3.172942384634310e-02
16074	1.438857448328633e-01
16075	7.499305706942067e-02
16076	8.967194517174454e-02
16077	7.788743223666944e-02
16078	8.775985758120547e-02
16079	2.654579285862065e-02
16080	2.189539237680506e-01
16081	3.646504151278324e-02
16082	4.831457046589452e-02
16083	7.417829697732191e-02
16084	1.468765679122938e-01
16085	7.839366457218735e-02
16086	1.264097440072118e-01
16087	5.669326594927580e-02
16088	1.477161413110033e-01
16089	9.419631329958340e-02
16090	2.071136208413015e-01
16091	6.161293529383067e-02
16092	2.153786822279212e-01
16093	5.090857040515149e-02
16094	1.956283855504130e-01
16095	1.221103252796964e-01
16096	1.676000304507765e-01
16097	7.068578660145075e-02
16098	2.484309615804894e-01
16099	5.976315638999782e-02
16100	1.698961117437426e-01
16101	1.069010674591860e-01
16102	1.529801000781948e-01
16103	5.823407850004132e-02
16104	1.943310667686028e-01
16105	6.580843315169278e-02
16106	9.969378373474501e-02
16107	9.979122144115576e-02
16108	9.977210440571485e-02
16109	5.306396447006961e-02
16110	1.609218807512302e-01
16111	4.691292934865966e-02
16112	5.092175996887535e-02
16113	8.034060809703872e-02
16114	9.408752509030831e-02
16115	5.269422958214005e-02
16116	1.737393837481238e-01
16117	1.309511584371114e-02
16118	-4.554514313103005e-03
16119	7.146846776396450e-02
16120	2.322435620283851e-02
16121	4.290947182588309e-02
16122	1.147756504774384e-01
16123	3.865471838688272e-02
16124	-1.324862304841717e-02
16125	1.139388606127204e-01
16126	5.710124544961712e-02
16127	5.576652493771247e-02
16128	1.148541611621758e-01
16129	5.006179444857137e-02
16130	7.372044634514659e-02
16131	7.491987425601303e-02
16132	-1.201794566105733e-02
16133	5.699911677356768e-02
16134	8.010665311177004e-02
16135	7.046185725585433e-02
16136	-7.288958935518721e-03
16137	4.880838951497284e-02
16138	-1.436910830744990e-02
16139	3.345568255522636e-02
16140	1.113660362427677e-01
16141	3.213043014421370e-02
16142	3.196696909082876e-02
16143	4.020883644381030e-02
16144	-1.161667701814531e-02
16145	3.403800178170660e-02
16146	3.506802386035406e-02
16147	2.672371792859529e-02
16148	-4.088493243523561e-02
16149	5.664618043253492e-02
16150	3.067465905754731e-03
16151	2.439108847057860e-02
16152	3.408341088854059e-02
16153	2.778460291884229e-02
16154	7.342969377969650e-03
16155	3.358792871170606e-02
16156	-5.151218124622647e-02
16157	2.447009019972147e-02
16158	4.791864472507921e-02
16159	2.300459463731355e-02
16160	-1.107150720222154e-02
16161	2.134893248037133e-02
16162	-5.102597145928715e-02
16163	-2.790740262824431e-03
16164	7.705352761732098e-03
16165	3.454286155969948e-02
16166	-4.628320984201696e-02
16167	1.567428987389593e-02
16168	-7.876816196677650e-02
16169	-8.492636867540444e-03
16170	-5.056556210668074e-02
16171	-3.081610407875243e-02
16172	-1.390161628487625e-01
16173	-3.760662165278246e-02
16174	-1.291250262936758e-01
16175	-3.243553691619362e-02
16176	-6.642388717551763e-02
16177	-6.652847599973395e-02
16178	-1.273918361365216e-01
16179	-5.378632226658485e-02
16180	-1.405800585726035e-01
16181	-4.764371132148870e-02
16182	-4.496162601607030e-02
16183	-4.007631325440027e-02
16184	-9.593830776222233e-02
16185	-5.029303851314398e-02
16186	-7.663190317106998e-02
16187	-3.381519044010656e-02
16188	6.711776441454240e-02
16189	-2.570694101313770e-02
16190	-1.202064823295227e-02
16191	-2.704407736561264e-02
16192	-1.920368754518217e-02
16193	-1.523284109241031e-02
16194	7.581603334895154e-02
16195	-9.977481741690214e-03
16196	2.702369216884373e-02
16197	-2.124925368311615e-02
16198	-4.720671539689508e-02
16199	-1.707550038152768e-02
16200	1.386082284145793e-02
16201	-2.424026148057069e-02
16202	1.978148876367220e-02
16203	-4.179805915348458e-02
16204	4.192871453350584e-02
16205	4.073330056701994e-03
16206	6.704620087822796e-03
16207	-8.569753064121700e-03
16208	4.303943908501957e-02
16209	-2.269374879397925e-02
16210	6.462889922402992e-02
16211	1.155916433257535e-02
16212	9.912040807655786e-02
16213	4.366012910547114e-03
16214	-1.024799347868090e-02
16215	-4.239101965601726e-02
16216	1.792792686872352e-02
16217	1.299682893784721e-02
16218	-7.743544651591497e-03
16219	5.942235239861748e-03
16220	-4.151348347309982e-02
16221	-1.705809840929959e-02
16222	-1.927358681907711e-02
16223	1.658603611570643e-03
16224	-3.703539600368677e-02
16225	-3.836886568059597e-03
16226	-5.906426773736679e-02
16227	-1.401457137653914e-03
16228	2.613280373917390e-02
16229	2.467074163449700e-02
16230	-1.255314946689980e-01
16231	2.189652626406512e-02
16232	4.047777582868096e-03
16233	-2.803080650325987e-03
16234	-9.775300948766755e-03
16235	1.386524731156717e-02
16236	-3.841980539976923e-02
16237	9.447014234887200e-03
16238	1.317609090448072e-02
16239	-5.381878669686641e-03
16240	-8.568435634832651e-03
16241	9.464778171376656e-03
16242	-1.211790089835425e-02
16243	1.224714074978565e-02
16244	-5.535436531863299e-02
16245	5.250658407016921e-03
16246	-4.098761723941935e-02
16247	4.913356377583333e-02
16248	-1.143354720356733e-02
16249	3.605853825743662e-02
16250	1.201217856750557e-03
16251	4.300647978176997e-02
16252	-2.113403736160829e-02
16253	6.026554994716755e-02
16254	9.002878551598795e-02
16255	7.660518144196143e-02
16256	5.534021384687859e-02
16257	8.101186767092347e-02
16258	1.256425802789966e-01
16259	9.878453832216864e-02
16260	2.181573666207860e-01
16261	1.362686085077736e-01
16262	1.481152222333784e-01
16263	1.191264750456792e-01
16264	1.358703476263959e-01
16265	1.227993158789939e-01
16266	2.256308957346697e-01
16267	1.134141018513673e-01
16268	2.162981223537521e-01
16269	1.320438356900263e-01
16270	1.932730346989752e-01
16271	1.044936916168170e-01
16272	2.172715474875665e-01
16273	1.073042415442437e-01
16274	1.607003937256053e-01
16275	1.678224980064658e-01
16276	1.100025905329733e-01
16277	8.675301227339302e-02
16278	2.370681696018739e-01
16279	7.605812697263718e-02
16280	2.049350510524539e-01
16281	1.141609058845495e-01
16282	2.067331295929003e-01
16283	7.612844291120666e-02
16284	2.833357671950668e-01
16285	7.724934019873887e-02
16286	1.719872024361346e-01
16287	1.035535099823699e-01
16288	1.442027429515034e-01
16289	8.986091414880085e-02
16290	2.421601403907823e-01
16291	5.739171335430632e-02
16292	1.266104399781289e-01
16293	6.995585728930145e-02
16294	1.005195942801092e-01
16295	3.290667669370671e-02
16296	1.724786723925228e-01
16297	4.067700478549541e-02
16298	1.147009210778156e-01
16299	6.694993740044122e-02
16300	1.110318487259417e-01
16301	4.176465576172337e-02
16302	2.740416268789337e-01
16303	6.190618237218289e-02
16304	9.721899497038534e-02
16305	6.202018010269100e-02
16306	1.280888944544358e-01
16307	4.545812460637207e-02
16308	1.490659367968509e-01
16309	4.740053135911713e-02
16310	4.378320610049166e-02
16311	6.009456878584030e-02
16312	1.095446188537724e-01
16313	2.566821191022913e-02
16314	1.627019241893091e-01
16315	3.827761952198936e-02
16316	1.056728476539535e-01
16317	2.481775117894320e-02
16318	1.075097971312783e-01
16319	9.451015703621168e-03
16320	9.419860225862803e-02
16321	-1.090806416359624e-02
16322	3.665582229545548e-02
16323	-3.040217035811174e-02
16324	9.606204013141505e-02
16325	-8.360504246035332e-03
16326	-2.745985833889813e-02
16327	-1.877488179207876e-02
16328	1.380646027580511e-02
16329	-4.345469534289658e-02
16330	-2.438718673468563e-02
16331	-3.950900146313579e-02
16332	-8.028812962956393e-02
16333	-3.778616938227031e-02
16334	-2.561908397057725e-02
16335	-3.715440603316115e-02
16336	-2.021563030322784e-02
16337	-4.338646593255856e-02
16338	-1.378268158234524e-01
16339	-3.803017880864794e-02
16340	1.029128185430098e-01
16341	-4.241623788335432e-02
16342	-2.240016114362387e-02
16343	-3.432698903677136e-02
16344	-3.550811605198049e-02
16345	-1.412541315484495e-02
16346	4.022705353407688e-02
16347	-4.975907952618574e-02
16348	-2.284077469435996e-03
16349	-1.959442726610994e-02
16350	1.172035891629602e-01
16351	-2.307563522797347e-02
16352	-8.425055812439638e-04
16353	-5.383226716122261e-02
16354	-4.424133593105890e-02
16355	9.777149205175124e-03
16356	8.862519938814474e-02
16357	-8.297386793491297e-03
16358	4.280120837548452e-02
16359	-7.712245934715564e-02
16360	1.321578688307154e-01
16361	1.232273750554359e-02
16362	9.492151873316783e-02
16363	1.646219600357050e-02
16364	1.136489258294027e-01
16365	2.847625866759360e-02
16366	6.890272021929361e-02
16367	1.670341095393904e-02
16368	1.400454107075249e-01
16369	3.342411480488940e-02
16370	2.080990799865336e-01
16371	4.186305786424818e-02
16372	1.544266310931623e-01
16373	2.666273090097785e-02
16374	1.754052421314533e-01
16375	7.176583296933318e-02
16376	1.440467004130261e-01
16377	8.621879877646255e-02
16378	1.785983928567183e-01
16379	7.160420738718150e-02
16380	1.126485641462919e-01
16381	7.719668738368081e-02
16382	1.395475426508238e-01
16383	1.049178895572172e-01
16384	1.455519320198729e-01
16385	8.915234586386112e-02
16386	1.847939161556610e-01
16387	9.871218051782052e-02
16388	1.398073705211634e-01
16389	1.149904280617487e-01
16390	9.612763172924747e-02
16391	1.048416165054461e-01
16392	1.734475360184527e-01
16393	1.057012177076280e-01
16394	2.121677135600519e-01
16395	1.132486594503726e-01
16396	1.832840244762229e-01
16397	1.052043077334847e-01
16398	1.435079562319115e-01
16399	1.138701757125122e-01
16400	1.818891596957794e-01
16401	9.900846455253950e-02
16402	1.924964591387405e-01
16403	1.067637790493389e-01
16404	1.108140167424934e-01
16405	1.039076411927321e-01
16406	1.969742012518128e-01
16407	7.945053913429440e-02
16408	1.536912518152301e-01
16409	8.603494941143329e-02
16410	2.455224182660639e-02
16411	7.895808361729181e-02
16412	6.368409161571484e-02
16413	6.209590454396138e-02
16414	9.853180484543680e-02
16415	5.691349919115396e-02
16416	6.698045043620657e-02
16417	4.238055490056995e-02
16418	1.734391581229593e-02
16419	6.214693835181943e-02
16420	-5.310130797080032e-02
16421	2.626950711034174e-02
16422	1.911600547380686e-01
16423	2.323462918245203e-02
16424	1.620692549668862e-02
16425	2.759600140441638e-02
16426	4.670906659537908e-02
16427	3.899007509073537e-02
16428	9.646801855125012e-02
16429	3.776455258295221e-02
16430	-7.724484804085942e-02
16431	3.371290918286403e-02
16432	1.494639729399082e-02
16433	6.056792419761772e-03
16434	5.279751382770131e-02
16435	-8.910071044880852e-04
16436	-5.929185990996138e-02
16437	-2.367728330943971e-03
16438	-3.910833418570912e-02
16439	-3.572229950386471e-02
16440	-1.602947831530067e-02
16441	-3.993925197404681e-02
16442	-4.719058173323902e-02
16443	-6.749777508520433e-03
16444	-4.023584732343610e-02
16445	-7.501121352798751e-02
16446	2.864627264508603e-03
16447	-3.275725812757137e-02
16448	-6.823346670199977e-02
16449	-1.362373705497582e-02
16450	-1.013620928199246e-01
16451	-3.570514789660478e-02
16452	-5.873742725059927e-02
16453	-3.588567672975021e-02
16454	-6.176675059958592e-02
16455	-2.450430881958203e-02
16456	-1.181438896117899e-01
16457	-5.897875224037295e-02
16458	-1.930234326810632e-01
16459	-6.513060754825706e-02
16460	-1.917440328439310e-01
16461	-6.237619404052098e-02
16462	-1.762669370100488e-01
16463	-8.495036228457856e-02
16464	-1.314506313511518e-01
16465	-8.152353911991293e-02
16466	-2.064312271147471e-01
16467	-4.940549046714934e-02
16468	-2.329175842040249e-01
16469	-8.154864673794256e-02
16470	-1.752452271674449e-01
16471	-5.221320376418087e-02
16472	-1.972645134149472e-01
16473	-5.064252913645567e-02
16474	-1.938019449744720e-01
16475	-5.677672906788581e-02
16476	-2.022623711383016e-01
16477	-5.205298892342715e-02
16478	-2.162926695212748e-01
16479	-3.365247689300492e-02
16480	-1.569479893784864e-01
16481	-2.652139518675443e-02
16482	-2.001161789759117e-01
16483	-1.954165599831819e-02
16484	-1.632626456126083e-01
16485	-2.518689468685479e-02
16486	-1.157045781060067e-01
16487	-1.019454664646289e-02
16488	-9.177394682000524e-02
16489	-1.416261197268956e-02
16490	-1.556614620866505e-01
16491	4.371965209557328e-02
16492	4.918400367857519e-02
16493	2.592302988492361e-02
16494	3.711653459911809e-02
16495	-1.178428817150242e-03
16496	3.306553016800485e-02
16497	4.575124372553086e-02
16498	6.993523904547720e-02
16499	3.067794895872713e-02
16500	1.756956913156499e-02
16501	2.937019305382032e-02
16502	1.101763431931149e-01
16503	4.836815372175845e-02
16504	9.485142387427019e-02
16505	-8.417370570418048e-03
16506	1.808444744362320e-01
16507	2.581822390225224e-02
16508	1.051885236073261e-01
16509	6.409448112608121e-02
16510	-4.935372289995678e-02
16511	7.323913663140137e-02
16512	1.632664165962380e-01
16513	6.886953243389958e-02
16514	1.586926010764526e-01
16515	5.210017291042669e-02
16516	1.300708355966324e-01
16517	4.418487727025667e-02
16518	1.743646616999072e-01
16519	3.633957929540393e-02
16520	8.445505008111470e-02
16521	4.859516953823015e-02
16522	1.165926581092601e-01
16523	1.542092194040566e-03
16524	7.771454036170129e-02
16525	-7.881177111047642e-04
16526	1.207773532931072e-02
16527	3.212878295329394e-02
16528	-2.129266677711095e-03
16529	-2.613290245610556e-02
16530	1.123219501754626e-01
16531	-3.331293536345835e-02
16532	-7.062754313964015e-04
16533	-1.878115567197685e-02
16534	4.688545288389815e-02
16535	-3.243366474342709e-02
16536	-3.044760651438590e-02
16537	-3.758256164872720e-02
16538	-4.740639163043325e-02
16539	-3.298094167343690e-02
16540	-9.045341086693506e-02
16541	9.203778749303337e-03
16542	-4.246055957816997e-02
16543	-1.520403428487680e-02
16544	-1.957195529472939e-02
16545	-2.366567260639400e-02
16546	-3.384998237227439e-02
16547	-1.522139871071419e-02
16548	1.580376004104020e-02
16549	-3.537062957440388e-03
16550	-7.014165417352128e-02
16551	-5.528156764945037e-02
16552	-1.451062707252035e-02
16553	-6.136005534120455e-03
16554	-1.444376296241744e-01
16555	-3.588110775808370e-03
16556	-1.406317382152505e-02
16557	-7.474271465280638e-02
16558	3.185388129564296e-03
16559	-1.942935576186432e-02
16560	-1.616157999018815e-01
16561	-2.661973416018018e-02
16562	-4.792652842289928e-02
16563	-9.956042489269709e-02
16564	-1.119991846216951e-01
16565	-2.042322442794519e-02
16566	-2.710431991695308e-01
16567	-4.819826457452365e-02
16568	-1.208212808780330e-01
16569	-1.125580473537450e-01
16570	-9.007398229147062e-02
16571	-6.105101200582818e-02
16572	-2.476477409625441e-01
16573	-6.552863710234327e-02
16574	-1.360003892501364e-01
16575	-4.624661839195804e-02
16576	-1.266625192897758e-01
16577	-5.866812813911441e-02
16578	-2.194976205992432e-01
16579	-7.253247230437616e-02
16580	-1.438406692409589e-01
16581	-1.303852083429834e-01
16582	-1.338579543573186e-01
16583	-7.711163451931834e-02
16584	-1.830912714036703e-01
16585	-6.780006220602425e-02
16586	-1.266291939665442e-01
16587	-1.194576105037558e-01
16588	-1.405158483943972e-02
16589	-7.224148335349717e-02
16590	2.803175765581452e-02
16591	-6.403677691560905e-02
16592	-8.996795213432641e-02
16593	-6.582376583551391e-02
16594	-7.704334838492316e-02
16595	-3.608792118278652e-02
16596	-1.443960555034053e-02
16597	-1.854034755691679e-02
16598	-4.215246854934095e-03
16599	-1.600538606512492e-02
16600	-9.417921794950410e-03
16601	-2.930299798407310e-02
16602	5.912941016639592e-02
16603	-2.060780144902893e-02
16604	-9.398582986140632e-03
16605	1.606991513331848e-03
16606	-2.539535061431079e-02
16607	-2.064227422989318e-02
16608	7.401709334299675e-02
16609	-3.066278719039514e-02
16610	-4.575683352563840e-02
16611	1.588689899107197e-02
16612	2.541678556974618e-02
16613	-1.723628002506209e-02
16614	6.443375244909591e-02
16615	-2.689543867280028e-02
16616	2.210289588372020e-03
16617	1.131463555642844e-02
16618	3.845536505812348e-02
16619	-1.434544954601066e-02
16620	1.032588617253012e-01
16621	-3.139717769495844e-02
16622	-2.427885071876223e-02
16623	-2.108339243174624e-02
16624	-1.309431592721434e-02
16625	-8.544250217544042e-03
16626	-5.330490162874783e-02
16627	-3.882944450702207e-02
16628	7.612477602242770e-03
16629	-2.184111199969958e-02
16630	6.336920648905614e-02
16631	-1.763773143926626e-02
16632	3.693074144688683e-02
16633	-1.962559235388898e-02
16634	1.457585927307960e-03
16635	-1.384379596869790e-02
16636	1.529076209218259e-02
16637	-1.895859625202469e-02
16638	-5.353368937812492e-03
16639	-3.341484334346222e-02
16640	5.099857713460321e-02
16641	-5.353088668790781e-03
16642	4.791812592208683e-02
16643	2.852136317547714e-02
16644	1.054436214882308e-01
16645	1.470711404135443e-02
16646	-8.304084396850027e-02
16647	3.860772133748269e-02
16648	1.882727092180730e-02
16649	1.877080024049861e-02
16650	1.117571601979610e-01
16651	2.224089647318803e-02
16652	-4.716497176160362e-03
16653	1.910503780519749e-02
16654	6.888900373118692e-02
16655	1.337049393995930e-02
16656	1.140613860182569e-01
16657	2.054280453798984e-02
16658	2.211430651020505e-02
16659	6.609615829200292e-02
16660	1.002671108308890e-02
16661	2.595128636203638e-02
16662	1.536428652993535e-01
16663	3.423054223713617e-02
16664	8.124778320901856e-02
16665	5.656714485234037e-02
16666	1.314126768912748e-01
16667	4.224986134506941e-02
16668	1.375965982146601e-01
16669	5.160369984299963e-02
16670	1.605085751700677e-01
16671	6.050465512046457e-02
16672	1.247197436343404e-01
16673	8.187946121542385e-02
16674	6.815402966970990e-02
16675	8.884681810330355e-02
16676	1.168054024106691e-01
16677	9.648203553470273e-02
16678	1.725010805344413e-01
16679	1.116086640068165e-01
16680	1.908936739622739e-01
16681	9.848521217257010e-02
16682	1.803778577795303e-01
16683	8.739405050552221e-02
16684	1.241450803178866e-01
16685	1.150793994418531e-01
16686	1.429205789003829e-01
16687	1.050804610313174e-01
16688	1.377966956883975e-01
16689	7.392673679907756e-02
16690	1.751437486365513e-01
16691	8.899025527006689e-02
16692	1.822634864475214e-01
16693	9.174023551037717e-02
16694	1.633557319945395e-01
16695	9.013018201601518e-02
16696	1.247040649807336e-01
16697	9.005940284234307e-02
16698	1.764069482445792e-01
16699	8.941550702319126e-02
16700	1.665651956921129e-01
16701	7.764733553611147e-02
16702	1.590388222569734e-01
16703	7.515417224886360e-02
16704	9.143276995195151e-02
16705	9.497169801792102e-02
16706	9.749615924554600e-02
16707	4.804429430290376e-02
16708	1.085643134382689e-01
16709	8.978443656441662e-02
16710	5.119446686727614e-02
16711	7.084757370809106e-02
16712	1.019105932205468e-01
16713	5.579355152431625e-02
16714	1.021456660195783e-01
16715	4.366521367513201e-02
16716	1.549184269862360e-01
16717	4.116569812300730e-02
16718	1.050063609952253e-01
16719	3.322812723910554e-02
16720	1.757632012500310e-02
16721	1.271271878735911e-02
16722	1.994426244930261e-02
16723	1.012707585893373e-02
16724	-5.149646619160846e-02
16725	-3.867918122251555e-02
16726	-5.895964574529781e-02
16727	-7.350484045085463e-03
16728	-2.652347128675311e-02
16729	-7.105116956401408e-04
16730	-1.345148931329593e-01
16731	8.231037673136404e-02
16732	-8.754129692120172e-02
16733	-1.931150461711792e-02
16734	-6.917244387444788e-03
16735	-5.151172517570811e-02
16736	-8.422759464467347e-02
16737	3.113482807016332e-03
16738	-9.404165212986487e-02
16739	-3.748096336245650e-02
16740	-5.948817010627647e-02
16741	-3.352889688302350e-02
16742	-4.218926153230908e-02
16743	-4.242101719487975e-04
16744	-8.673329268451951e-02
16745	-5.697387006304809e-02
16746	-1.933378903973952e-02
16747	-3.234578234608407e-02
16748	-1.278165575849586e-01
16749	7.100719255075171e-03
16750	-1.505117476827693e-01
16751	-4.198825836943332e-02
16752	-4.122367569257690e-02
16753	-3.789349558834156e-02
16754	-1.335326997955613e-01
16755	-2.005991144209652e-02
16756	-1.391660490261571e-01
16757	-3.385466946025695e-02
16758	-3.506525231645272e-02
16759	-3.641611464007188e-02
16760	-1.437753190493093e-01
16761	-7.464682274472198e-03
16762	-1.347316346679061e-01
16763	-2.743636948632576e-02
16764	2.753989514823818e-02
16765	-5.048668069714756e-02
16766	-8.242694126601115e-02
16767	-2.245383710868024e-02
16768	-1.046453576871869e-01
16769	-4.433593279430493e-02
16770	2.694737002029054e-02
16771	-5.133176691848637e-02
16772	-1.805692968897737e-01
16773	-3.437998313534299e-02
16774	-1.448450409725103e-01
16775	-8.068295017060312e-02
16776	-8.837876943756719e-02
16777	-6.585063469038528e-02
16778	-1.454818590510142e-01
16779	-5.363502680761766e-02
16780	-1.962919241844686e-01
16781	-4.760599889851231e-02
16782	-5.057137936620254e-02
16783	-2.840209823241381e-02
16784	-8.746784940627857e-02
16785	-6.243345228277120e-03
16786	-1.727396095976977e-01
16787	-8.963399019887758e-05
16788	-2.998314807388797e-02
16789	7.068973438364195e-03
16790	-1.446455661178300e-01
16791	5.559791174281165e-02
16792	-1.663532148819884e-02
16793	-1.420183654475731e-02
16794	3.435098367194143e-02
16795	-1.733660966052252e-02
16796	1.071986256000391e-01
16797	6.650077711040726e-02
16798	6.300406275206485e-02
16799	2.880065536842870e-02
16800	-3.587088830598201e-03
16801	3.326440631277505e-02
16802	9.495987132882912e-02
16803	8.845151808538952e-02
16804	8.370452254131289e-02
16805	2.010814902797863e-03
16806	1.751196387058536e-01
16807	2.858874429520738e-02
16808	7.240385700399297e-02
16809	1.056355897615180e-01
16810	1.589451599116235e-02
16811	4.226644628387987e-02
16812	1.575298896823818e-01
16813	5.629418137600058e-02
16814	8.145883586646878e-02
16815	3.459306394485374e-02
16816	7.232015707714616e-02
16817	2.745450964537766e-02
16818	1.329029669245916e-01
16819	3.095894753612870e-02
16820	4.710026617216886e-02
16821	4.175298832127126e-02
16822	8.295305174826305e-02
16823	2.888696396704840e-02
16824	7.941631203115301e-02
16825	1.759094747411653e-02
16826	4.123331793354226e-02
16827	3.724414978888591e-02
16828	-4.240644198431708e-02
16829	5.214213717344173e-04
16830	-3.467149639766695e-02
16831	-5.898998342513293e-03
16832	-3.179828015081641e-02
16833	6.002437671638165e-03
16834	-1.397446849365262e-02
16835	-4.187577508996752e-02
16836	3.052042020716937e-02
16837	-2.076496915301719e-02
16838	-5.570848023136042e-02
16839	-2.298395992009915e-02
16840	-6.651628835303584e-02
16841	-2.870538495266500e-02
16842	-1.133716463955895e-01
16843	-1.879809663914069e-02
16844	-2.968857566733010e-02
16845	-5.685563236603876e-02
16846	-4.119072506258946e-02
16847	-2.166368432725445e-02
16848	-1.045936490645961e-01
16849	-1.781188539299893e-02
16850	-8.417341646715278e-02
16851	-2.595419910633836e-02
16852	-9.892125557287415e-02
16853	-2.646901744238440e-02
16854	-1.211073260027029e-01
16855	-4.993782187622756e-02
16856	-1.081330557739457e-01
16857	-5.764029394776262e-02
16858	-1.174967840359429e-01
16859	-5.222378219971047e-02
16860	-1.134968969827163e-01
16861	-7.412628871961473e-02
16862	-1.197323760969885e-01
16863	-9.697036339614643e-02
16864	-9.865950477272104e-02
16865	-7.250862276128428e-02
16866	-1.424590611438404e-01
16867	-6.948206628192094e-02
16868	-7.938965150400637e-02
16869	-8.392750845954985e-02
16870	-1.452822693164703e-01
16871	-6.908111070111496e-02
16872	-1.285935951558415e-01
16873	-6.848302193503800e-02
16874	-1.703232674840748e-01
16875	-7.242525061694823e-02
16876	-5.764807908562793e-02
16877	-4.893066471446326e-02
16878	-1.460536199969682e-01
16879	-3.794468567067003e-02
16880	-7.163734951092401e-02
16881	-3.511421351711749e-02
16882	-3.540526000247759e-02
16883	-3.196882593841950e-02
16884	-1.066491216455816e-01
16885	-4.600344369952121e-02
16886	-8.990639823985075e-02
16887	-2.873514648861134e-02
16888	-9.373606314040672e-02
16889	-2.946268168249293e-02
16890	-1.724181014713778e-01
16891	-2.831569942514052e-02
16892	-1.113540678546984e-01
16893	-2.299498942515852e-02
16894	-9.304648574092057e-02
16895	-3.627742352841224e-02
16896	-1.038785547862906e-01
16897	-2.245920342541017e-02
16898	-1.214321022293801e-01
16899	-2.490313364031103e-04
16900	-4.320796755286491e-02
16901	7.677173362359794e-03
16902	-7.120207038570125e-02
16903	1.339257720490472e-02
16904	-3.091859328702636e-04
16905	-1.142684168137478e-02
16906	2.497529534643023e-02
16907	3.553543675376191e-02
16908	-4.238666024263683e-02
16909	7.552013527265061e-03
16910	-4.106380672016011e-02
16911	-4.199537903055067e-03
16912	2.100578641327696e-02
16913	-6.461176486403750e-03
16914	2.894321641633963e-02
16915	7.901824522636353e-03
16916	4.517062010683284e-02
16917	-8.243222231439190e-03
16918	8.050649346544964e-02
16919	-1.226141428915094e-02
16920	5.410352553623101e-02
16921	-1.441080245440835e-02
16922	3.447591038180385e-02
16923	-1.785921442604098e-02
16924	5.252969958877428e-02
16925	3.611530187823059e-02
16926	1.628969060733799e-01
16927	1.109489402672937e-02
16928	7.406780982933045e-02
16929	9.269372627083539e-03
16930	1.367917442292713e-01
16931	2.882431280643359e-02
16932	1.415809839943592e-01
16933	3.162758141468013e-02
16934	7.692123236259342e-02
16935	6.566027306257624e-02
16936	9.436065221399594e-02
16937	4.343942965381359e-02
16938	8.120207245449576e-02
16939	4.572394587149917e-02
16940	1.313676981420276e-01
16941	1.849739810616664e-02
16942	1.190227687878093e-01
16943	5.927558212831488e-02
16944	6.894243073020552e-02
16945	7.706050749238359e-02
16946	1.212919285057512e-01
16947	1.791423439892211e-02
16948	7.170686869073774e-02
16949	5.691787819782695e-02
16950	1.685895299044420e-01
16951	6.349366077813627e-02
16952	1.254402093279423e-01
16953	1.339912299775732e-02
16954	9.935460620384276e-02
16955	6.748402835979703e-02
16956	7.502487508131098e-02
16957	4.662768597187836e-02
16958	1.349720549956184e-01
16959	-7.352758821431149e-03
16960	1.615198398866656e-01
16961	2.735243434626485e-02
16962	1.209179487565623e-02
16963	3.170118650740599e-02
16964	1.247467399811496e-01
16965	4.106987723138920e-02
16966	1.488383310972114e-01
16967	2.418220784633643e-02
16968	1.037285995098659e-01
16969	1.784826778333900e-02
16970	1.909203235593102e-01
16971	1.665386278430821e-03
16972	9.711334560552906e-02
16973	7.024926341785484e-03
16974	1.103068355714887e-01
16975	8.378636457749282e-02
16976	8.263425749070680e-02
16977	1.547172540677256e-02
16978	1.106225135522692e-01
16979	2.598971873404718e-02
16980	2.507154730207059e-01
16981	3.490123498202671e-02
16982	1.304900684180763e-01
16983	5.056675922591636e-02
16984	8.875993383805210e-02
16985	9.854147517002769e-02
16986	7.805677247982383e-02
16987	5.636586792816786e-02
16988	8.384835363308950e-02
16989	9.929204813509218e-02
16990	2.095758595258447e-01
16991	5.951361362089071e-02
16992	1.738072036314237e-01
16993	6.686212611053087e-02
16994	1.360971886420214e-01
16995	1.422685524752743e-01
16996	8.507630858339353e-02
16997	5.711420031491452e-02
16998	1.917422935328021e-01
16999	5.108413822055759e-02
17000	1.764763056564851e-01
17001	7.616463904075055e-02
17002	8.862209872436649e-02
17003	4.748961248003561e-02
17004	2.163400894476692e-01
17005	8.200380032111028e-02
17006	1.672931035110607e-01
17007	9.133982824580411e-02
17008	1.504639821825516e-01
17009	7.040287616693089e-02
17010	3.145733367317437e-01
17011	7.896089089417482e-02
17012	1.808325081968925e-01
17013	1.171650712708509e-01
17014	1.964795745118270e-01
17015	1.125110704592100e-01
17016	2.177722113514634e-01
17017	4.905507493213059e-02
17018	1.832664315595375e-01
17019	1.146734528691537e-01
17020	2.614491197435567e-01
17021	7.010487000183240e-02
17022	1.723935592086354e-01
17023	4.960172393020823e-02
17024	9.591914862817300e-02
17025	8.681739056094068e-02
17026	8.563411259544973e-02
17027	2.943483924944995e-02
17028	8.143407108426408e-02
17029	2.947115715513893e-02
17030	3.470754024083714e-02
17031	3.886686440546362e-02
17032	7.738207323084427e-02
17033	2.327394066106601e-02
17034	-3.689966177711753e-04
17035	2.015228126044024e-02
17036	7.217536663905644e-02
17037	5.299436819163078e-03
17038	8.518835807557419e-02
17039	-9.881666615942860e-03
17040	3.164654660684103e-02
17041	-1.900360775841627e-02
17042	2.313257666788945e-02
17043	-6.570562763818825e-02
17044	1.991105526369588e-02
17045	1.158896529411111e-03
17046	-2.698743175730277e-02
17047	-2.644657278935729e-02
17048	-1.790931281003327e-02
17049	-3.712456749902683e-02
17050	-3.109294282620866e-02
17051	-3.874816335156682e-02
17052	-1.162979419058501e-01
17053	-5.539306947697901e-02
17054	-8.589284334288623e-02
17055	-4.756774010393582e-02
17056	-1.005974541358212e-01
17057	-6.946714383053020e-02
17058	-9.738430872396664e-02
17059	-9.905696126808015e-02
17060	-1.338606658272372e-01
17061	-5.771428301582206e-02
17062	-8.080386027402917e-02
17063	-7.083885241846452e-02
17064	-1.500889453161641e-01
17065	-8.490560922767770e-02
17066	-2.320617204930515e-01
17067	-8.605459193049100e-02
17068	-1.757642083439060e-01
17069	-9.194664074455400e-02
17070	-2.996357654988999e-01
17071	-1.019440076447559e-01
17072	-1.872512408185757e-01
17073	-1.309716134157335e-01
17074	-1.897522198069738e-01
17075	-1.223591452846678e-01
17076	-2.508424291569977e-01
17077	-1.127546359845483e-01
17078	-1.706122387172586e-01
17079	-1.246659369780855e-01
17080	-1.433871476768624e-01
17081	-9.215880750295578e-02
17082	-1.760781140741150e-01
17083	-9.378874088820750e-02
17084	-1.082841494495518e-01
17085	-1.209338940765048e-01
17086	-1.024764814606942e-01
17087	-7.737494722670137e-02
17088	-1.197712696329360e-01
17089	-7.660075227936029e-02
17090	-4.802559862849470e-02
17091	-5.856608621904949e-02
17092	-4.238491242740917e-02
17093	-5.239809240663885e-02
17094	5.800799197536769e-02
17095	-3.362625937948779e-02
17096	-2.598147532701063e-02
17097	-2.207329211677158e-02
17098	-7.683354358579949e-03
17099	-2.347874201569544e-02
17100	-1.067954724598713e-01
17101	-1.836215287436282e-02
17102	1.312168293624323e-02
17103	3.559302668589888e-03
17104	-6.000087119064066e-03
17105	-1.383258482806449e-02
17106	4.680129421959335e-03
17107	9.418336439602819e-04
17108	8.640315709560219e-02
17109	1.966222942897568e-02
17110	-1.086270717509159e-01
17111	1.690884742230374e-02
17112	-1.821759946019192e-02
17113	2.319817595542089e-02
17114	1.836606474112432e-02
17115	-5.594962416732126e-02
17116	-3.613889677862547e-02
17117	2.727443895395979e-02
17118	-4.218056118031868e-02
17119	2.001190941005996e-02
17120	-6.350738610109115e-02
17121	3.116129258475693e-02
17122	3.050671697202016e-02
17123	1.210297923315735e-02
17124	-6.308691383334106e-02
17125	-2.637620568684423e-02
17126	-2.903299092810077e-02
17127	-1.773660724639605e-02
17128	-2.454502940962972e-02
17129	4.006128243256237e-03
17130	-1.799841435290332e-01
17131	2.035474408855706e-03
17132	3.263238673636685e-03
17133	-2.747633679339666e-03
17134	5.189506838810981e-02
17135	-1.190829907270677e-02
17136	-3.072026454822782e-02
17137	9.581071407613787e-03
17138	-1.034205502081193e-01
17139	1.668419659700650e-02
17140	-9.705601409103778e-02
17141	3.474832087457271e-03
17142	-2.180951287251203e-02
17143	6.582148017750160e-03
17144	-3.454541053460886e-02
17145	-5.117540251907333e-02
17146	-3.972468766192337e-02
17147	1.236270715567456e-02
17148	-7.504169732242699e-02
17149	-3.812292323700778e-03
17150	-6.096512081003255e-02
17151	-1.254346672583390e-02
17152	-1.833910715905911e-02
17153	-1.316071494310410e-03
17154	-5.185986286330832e-02
17155	-4.720509283294854e-03
17156	-3.982114080853718e-03
17157	-5.398599629344895e-02
17158	1.453495780795194e-02
17159	7.973366521685163e-03
17160	-7.327467172266196e-02
17161	4.659952738871147e-04
17162	-4.756315035330708e-02
17163	1.920740452016597e-02
17164	-8.950783417938994e-02
17165	-2.948877719310441e-02
17166	-7.855942671193231e-03
17167	1.140485679504743e-02
17168	-3.946818537255475e-02
17169	2.826741925278432e-02
17170	-1.612661438064325e-01
17171	-8.753013145342974e-03
17172	-2.684818807203726e-02
17173	3.291226667263478e-03
17174	-1.950479377482774e-03
17175	-3.898060948631202e-02
17176	-1.919030843270718e-02
17177	-3.932023549553436e-03
17178	-9.849047384484949e-02
17179	-2.489639162951483e-03
17180	-7.009938682835619e-02
17181	-1.836945538333476e-02
17182	-1.578462755293314e-02
17183	-6.134449246723099e-05
17184	-1.766406455970817e-03
17185	-2.681101105351014e-02
17186	4.677634778898010e-02
17187	-9.610787557863704e-03
17188	3.501655192714731e-02
17189	-1.036332807414317e-02
17190	-2.459326731764443e-02
17191	-1.977560848312048e-02
17192	1.540229111799890e-02
17193	-3.239184450262321e-02
17194	-1.098412601116183e-02
17195	-4.682192510886161e-02
17196	-8.930017363093808e-02
17197	-5.216236645901778e-02
17198	-1.144815597389556e-02
17199	-7.894677400227430e-02
17200	1.192461500207087e-02
17201	-2.660349174392356e-02
17202	-1.166866403511440e-01
17203	-1.361429456259371e-02
17204	1.272844514235810e-01
17205	-4.947601819090732e-02
17206	8.296982223063025e-02
17207	-5.249901045467090e-03
17208	-6.161076105086895e-02
17209	-4.012573777802050e-03
17210	8.297103114315565e-02
17211	-6.672631033577191e-02
17212	-3.253784682777130e-03
17213	1.539701184196169e-03
17214	-1.147817441102644e-01
17215	3.376340034284381e-02
17216	1.990747982693925e-02
17217	-4.975996354828422e-02
17218	1.431390092072307e-02
17219	-1.018136219650238e-03
17220	-9.545741243573648e-02
17221	6.928387323222819e-04
17222	4.604857163545977e-02
17223	-1.481144978210766e-02
17224	2.483124510486269e-02
17225	4.448649201065007e-02
17226	-2.313217207931071e-02
17227	5.270753118332719e-02
17228	-2.409396537513028e-02
17229	-7.881243723442845e-03
17230	1.912334039780470e-02
17231	1.341307088257034e-02
17232	-7.592172381799620e-02
17233	5.764901419416160e-03
17234	-2.138209871292800e-02
17235	-3.048670129274666e-03
17236	-8.163062057722259e-02
17237	-6.623116054587703e-04
17238	-5.168748849918178e-02
17239	-5.194187974055145e-03
17240	-6.153839024936932e-02
17241	-2.267819339179131e-02
17242	-6.116991129522181e-02
17243	-2.205707437052457e-02
17244	-9.721985667313540e-02
17245	-3.859759512674604e-02
17246	-9.759173175634964e-02
17247	-4.804219759112984e-02
17248	-1.009159136787307e-01
17249	-2.896231016120756e-02
17250	-9.441915853077658e-02
17251	-2.165718960295304e-02
17252	-9.995666702352508e-02
17253	-2.611267947463224e-02
17254	-8.582543701267178e-02
17255	-7.560394293088415e-02
17256	-9.269252830042074e-02
17257	-1.769109834161534e-02
17258	-7.708017465331424e-02
17259	-1.864345639599357e-02
17260	-1.378325501697503e-01
17261	-1.430888297742034e-02
17262	-7.001200767117044e-02
17263	-7.897388084127361e-03
17264	-2.785032655993809e-02
17265	-1.303600817675806e-02
17266	-1.039630323074771e-02
17267	1.809686121795204e-03
17268	-3.297812708822911e-02
17269	-1.469135100054511e-02
17270	-1.280888434456453e-01
17271	2.579843466328136e-03
17272	1.031284316350560e-02
17273	-1.607371991655760e-05
17274	2.754528699484234e-03
17275	-2.314810945583282e-02
17276	-5.830610278275136e-02
17277	2.774739148420105e-02
17278	-2.449559491655403e-03
17279	-6.017036172966343e-03
17280	-4.599735527759372e-02
17281	-1.337371637599233e-02
17282	-4.689261867784327e-02
17283	3.328940785043806e-04
17284	-6.862672037756912e-02
17285	-2.223271790859361e-02
17286	-7.031001052793198e-02
17287	-7.844820031229919e-03
17288	-3.126941690376529e-02
17289	-7.590144419946609e-03
17290	9.536741095708270e-02
17291	1.980379389411853e-03
17292	7.296043123132429e-02
17293	3.425677121349307e-03
17294	-8.170769066216232e-03
17295	1.018255397024761e-02
17296	1.958794579283093e-02
17297	3.896783328038041e-02
17298	7.125470242360316e-02
17299	4.063911057885766e-02
17300	7.742195063937721e-02
17301	6.789796753781269e-02
17302	9.486164605592479e-02
17303	5.897165040681936e-02
17304	1.379773091246573e-01
17305	1.413798445264958e-02
17306	1.294281964765648e-01
17307	7.024862974797533e-02
17308	9.259923191219006e-02
17309	2.980225424441540e-02
17310	2.003237693164225e-02
17311	3.789188671754065e-02
17312	6.624861730933136e-02
17313	6.810395552155790e-02
17314	8.637733095259391e-02
17315	6.822917801247008e-03
17316	7.386676701269956e-02
17317	2.157387481882617e-02
17318	5.276552078671404e-02
17319	5.657485136734454e-02
17320	5.866982494324700e-03
17321	6.742855529105397e-03
17322	4.082924921461576e-02
17323	-6.938496803133559e-04
17324	-3.639226403228280e-02
17325	-2.307159827256875e-04
17326	-3.720050682930410e-02
17327	-1.018491626966200e-02
17328	-5.798141561651832e-03
17329	-1.367893439852936e-02
17330	-2.305941762490056e-03
17331	4.264022222417673e-03
17332	-6.641914051935521e-02
17333	-1.988907408134486e-02
17334	-1.101813842239052e-02
17335	-2.354988221975829e-02
17336	-7.582800029782942e-03
17337	-2.686458774332728e-02
17338	-1.727742735828376e-02
17339	-4.122160275824573e-02
17340	-6.486702629959350e-02
17341	-2.618042204323981e-02
17342	-1.045925475195111e-01
17343	-4.665194155480373e-02
17344	-1.586444037325745e-02
17345	-4.816441117821322e-02
17346	-2.568095887634958e-02
17347	-2.060016261519831e-02
17348	-1.585024771543283e-02
17349	-7.976790842491310e-02
17350	-6.965202964618618e-02
17351	-4.830960794434724e-02
17352	-1.136958868767642e-01
17353	-4.874737692638086e-02
17354	-7.984147983567776e-02
17355	-1.746068187891373e-01
17356	-8.192626041963386e-02
17357	-8.476679272737399e-02
17358	-2.299738699246377e-01
17359	-8.366895831997305e-02
17360	-1.334159890220300e-01
17361	-1.265700482645766e-01
17362	-1.345017065742343e-01
17363	-8.909840668753070e-02
17364	-2.124557009829360e-01
17365	-8.067085698251311e-02
17366	-8.334746636701962e-02
17367	-8.777985606687433e-02
17368	-1.291098164322705e-01
17369	-8.031690379358079e-02
17370	-1.753692789392115e-01
17371	-7.878580342031825e-02
17372	-1.422493781423801e-01
17373	-1.028083731148215e-01
17374	-1.955981411450801e-01
17375	-1.029385724322898e-01
17376	-1.681733986703882e-01
17377	-8.820803145289087e-02
17378	-1.341273759998296e-01
17379	-1.064605563006151e-01
17380	-8.892749309916537e-02
17381	-9.964336825563935e-02
17382	-1.382058781870577e-01
17383	-8.427176878231275e-02
17384	-1.046999142505310e-01
17385	-1.450065552444629e-01
17386	-1.074350377391503e-01
17387	-8.776998190174103e-02
17388	-1.769865678182915e-01
17389	-8.796347295811234e-02
17390	-1.605429872061863e-01
17391	-1.567580947717116e-01
17392	-8.009379524454974e-02
17393	-8.290415426280581e-02
17394	-2.296432685739837e-01
17395	-1.166079430292049e-01
17396	-8.253535483015778e-02
17397	-1.348159293430360e-01
17398	-1.060896949429641e-01
17399	-9.665258710799501e-02
17400	-1.692615345465546e-01
17401	-9.519392619862509e-02
17402	-2.124596559954079e-01
17403	-1.301405153114965e-01
17404	-1.492293933293890e-01
17405	-9.504705674444579e-02
17406	-2.022001550573282e-01
17407	-1.016132212490411e-01
17408	-1.233027117059938e-01
17409	-9.733267906084914e-02
17410	-4.403798847128965e-02
17411	-9.137721280773324e-02
17412	-1.802451627162255e-01
17413	-1.024450061729901e-01
17414	-9.585606976939742e-02
17415	-6.049769042680521e-02
17416	-5.215958819869282e-02
17417	-5.142548913878921e-02
17418	-8.266675413516582e-02
17419	-3.973848148648190e-02
17420	3.892673854108039e-02
17421	-4.143245585992656e-02
17422	-3.037867674824998e-03
17423	-7.506038027191673e-03
17424	-8.241285571584750e-02
17425	-4.839755300687993e-02
17426	-3.963044644426510e-02
17427	-5.942147196188413e-02
17428	-4.134143919761116e-02
17429	-6.464636831412097e-02
17430	9.432606766378564e-02
17431	-5.654489305556881e-02
17432	-5.568796285609239e-02
17433	-6.964401740300791e-02
17434	-3.856403360696033e-02
17435	-4.917256862613718e-02
17436	-8.028059074496657e-02
17437	-3.714164855488250e-02
17438	-7.834369672719561e-02
17439	-4.027068411055188e-02
17440	-4.993186772905323e-02
17441	-5.260735729561820e-02
17442	-3.750984836206636e-02
17443	-4.605934945740548e-02
17444	-3.265164111705068e-02
17445	1.048752009306654e-02
17446	-1.495676599966578e-01
17447	-4.001472202828312e-02
17448	4.803450413525329e-03
17449	-3.193852793108240e-02
17450	-3.726014511352888e-02
17451	1.892273769638011e-02
17452	-3.156758047856956e-02
17453	-3.415168515854494e-02
17454	2.860560947256499e-02
17455	-2.758647840386737e-02
17456	-4.568452413083669e-02
17457	-1.269106432880700e-02
17458	-1.170223585643818e-01
17459	-4.401834255885891e-02
17460	5.866264526696930e-03
17461	-5.738569578018213e-02
17462	-7.746759208424370e-02
17463	-4.727224258760212e-02
17464	-7.462519754576015e-02
17465	-8.734193625034739e-03
17466	-8.211632486772237e-02
17467	-4.413641390919284e-02
17468	-8.309198031677448e-02
17469	-4.881451111497173e-02
17470	-6.907031872938506e-03
17471	-4.557647815321597e-02
17472	-2.697859980516125e-03
17473	-5.223235660157025e-02
17474	-7.147185705958101e-02
17475	-1.973014024803410e-02
17476	-8.422318189639132e-02
17477	-3.650187540387100e-02
17478	-1.292416073887643e-03
17479	-7.425351208078035e-03
17480	-1.372270644279677e-02
17481	-3.113638028100082e-02
17482	-4.698888802301465e-02
17483	-3.816591506165774e-02
17484	4.488161431851795e-02
17485	-6.738150223811831e-03
17486	-7.317024856193139e-03
17487	-3.552872136280456e-02
17488	-4.592423526555710e-02
17489	-3.728532619445592e-02
17490	1.308251617101585e-01
17491	-3.848389819776373e-02
17492	-3.977166890868610e-02
17493	-5.896578209786972e-03
17494	-4.405844622163624e-02
17495	-3.217358320281234e-02
17496	-6.083812668969855e-05
17497	-1.735446258307195e-02
17498	-9.926820257150278e-03
17499	1.102395155962461e-02
17500	-5.753464974691339e-02
17501	-9.463047018911253e-03
17502	-3.219801397559748e-02
17503	-2.752257076765526e-02
17504	-7.291409705289599e-02
17505	-1.320636312469021e-02
17506	-9.184894082656195e-02
17507	-1.867647314739478e-02
17508	-1.137779616045223e-01
17509	-1.649844350372993e-02
17510	-1.479599468867259e-01
17511	-4.255743488933492e-03
17512	-7.318757126599874e-02
17513	-1.130037234450510e-02
17514	-1.305511231876847e-01
17515	-4.557896751694419e-03
17516	-1.053679613654002e-01
17517	-3.070457473684099e-02
17518	-5.553594889213957e-02
17519	-6.109613056890111e-03
17520	-1.168658223590780e-01
17521	-2.976240689134634e-02
17522	-8.555881865000606e-02
17523	-4.084882780601466e-02
17524	-1.010365775331433e-01
17525	1.403215548397973e-02
17526	-1.983555677241199e-01
17527	-6.635792663785996e-03
17528	-8.730560852531499e-02
17529	-6.071174092270300e-02
17530	-2.564417622523782e-02
17531	-2.953570591550407e-03
17532	-1.398194851285268e-01
17533	6.313161911336063e-03
17534	9.529464365587987e-03
17535	-7.251202320241258e-02
17536	-1.955239438952881e-02
17537	2.561702571105012e-02
17538	-1.610999816639254e-01
17539	2.831152552259856e-02
17540	-3.550365309617465e-02
17541	-2.580525560167804e-02
17542	-4.991809543345220e-02
17543	2.693625977972420e-02
17544	-1.007186967922057e-01
17545	4.733196550207704e-02
17546	2.337479704115252e-02
17547	-7.401508305152481e-03
17548	-8.457229872747007e-03
17549	2.417695474453578e-02
17550	-5.678316053593543e-02
17551	2.848009363884797e-02
17552	1.612156374238050e-02
17553	1.753360116562807e-02
17554	3.292955298470989e-02
17555	6.020652031227916e-03
17556	-1.399767370333451e-01
17557	5.376223583575877e-03
17558	2.387290717176007e-04
17559	1.219753113926383e-02
17560	-1.831482116175831e-02
17561	-1.843573773677517e-02
17562	1.416692998110322e-03
17563	-1.356562480046372e-02
17564	-3.978397969793411e-03
17565	-6.286675639518851e-03
17566	-1.428183074927017e-02
17567	-1.824634296974606e-02
17568	-3.656815362614044e-02
17569	1.039856544790001e-02
17570	-8.618214228333396e-02
17571	-2.074064970824986e-02
17572	-2.162211460324607e-02
17573	2.122900774228638e-02
17574	-1.038015144253938e-01
17575	2.272709690141384e-02
17576	1.679568175210491e-02
17577	-5.357484142752011e-02
17578	-9.370982204232231e-02
17579	1.266880705069573e-02
17580	2.099326391326443e-02
17581	9.045716770421231e-03
17582	8.625218385687741e-03
17583	-3.697087772852071e-02
17584	-3.228409662836758e-02
17585	-5.765319251060891e-03
17586	-6.428440242506421e-02
17587	-1.988818925553469e-02
17588	-3.122994140978880e-02
17589	-7.496140844230698e-02
17590	-8.405009681077880e-03
17591	-4.074715125698740e-02
17592	-9.486316424796970e-02
17593	-4.069794295604984e-02
17594	-3.772939978910622e-02
17595	-8.104429605449764e-02
17596	-1.075485347871214e-01
17597	-5.352670996534788e-02
17598	-2.080977494210832e-01
17599	-6.396992305125858e-02
17600	-1.133762783266346e-01
17601	-1.041086358716242e-01
17602	-1.072627356245688e-01
17603	-8.211291663780493e-02
17604	-1.641438710129083e-01
17605	-7.840302008310986e-02
17606	-1.616438044297364e-01
17607	-1.070982355329737e-01
17608	-1.525356651168735e-01
17609	-8.618872649112756e-02
17610	-2.316636952560363e-01
17611	-1.002757244107586e-01
17612	-8.395883684570707e-02
17613	-8.633264849166085e-02
17614	-1.404834636757612e-01
17615	-7.316545138209932e-02
17616	-1.080097450974306e-01
17617	-7.006252987680395e-02
17618	-7.981880259913486e-02
17619	-6.424124406128003e-02
17620	-1.559750790526849e-01
17621	-6.350830953657588e-02
17622	-4.974334442779212e-02
17623	-6.050897918173572e-02
17624	-6.564407263815868e-02
17625	-1.001130670554375e-01
17626	-1.023451775951600e-02
17627	-6.192575008831170e-02
17628	3.758191407630472e-02
17629	-6.919568828456160e-02
17630	-1.712973766112809e-01
17631	-6.217724161572278e-02
17632	-6.904898844076941e-02
17633	-7.109351121097346e-02
17634	-3.171294577595534e-02
17635	-1.274448636463733e-01
17636	-9.338274877427029e-02
17637	-8.421121005301797e-02
17638	-1.120505230326014e-01
17639	-9.386324435963192e-02
17640	-1.656790631265408e-01
17641	-7.370321146024128e-02
17642	-1.162524902845301e-01
17643	-7.766386858976573e-02
17644	-1.449321176095390e-01
17645	-9.418809962085008e-02
17646	-1.811099200161746e-01
17647	-6.647667931456967e-02
17648	-7.072014258139327e-02
17649	-5.788134665576512e-02
17650	-1.228984571346450e-01
17651	-3.738334976380515e-02
17652	-1.142901934155704e-01
17653	-2.672280408342672e-02
17654	-1.313822110514766e-01
17655	-8.325681495270806e-02
17656	-4.424709239641982e-02
17657	-1.955022748825433e-02
17658	-7.452760601074071e-02
17659	-2.773409465904383e-02
17660	-1.223773997449766e-01
17661	-6.038344700489640e-02
17662	-7.989098426149792e-02
17663	-5.643072988752872e-02
17664	-7.776472673428839e-02
17665	-7.474487368942251e-02
17666	-1.224998562381920e-01
17667	-6.128815309043466e-02
17668	-1.495597587586643e-01
17669	-7.186168153625934e-02
17670	-7.504698839234688e-03
17671	-7.986065688616015e-02
17672	-1.056914683289586e-01
17673	-6.608097070003736e-02
17674	-1.028986334049050e-01
17675	-1.044204189346891e-01
17676	-5.721796372874365e-02
17677	-8.556890897578219e-02
17678	-6.854228816532311e-02
17679	-5.105732721815315e-02
17680	-6.942907335568403e-02
17681	-4.413291135472246e-02
17682	-6.067779983485004e-02
17683	-2.877519190703343e-02
17684	2.619174263443045e-02
17685	-2.839964861794773e-02
17686	5.620217398053632e-02
17687	-2.148816014114224e-02
17688	4.838699600874073e-02
17689	-3.617705651497982e-02
17690	-4.294290639048319e-02
17691	-1.083634710499844e-02
17692	3.967661057743259e-02
17693	-2.604834729214984e-02
17694	4.643157057195565e-02
17695	-2.738642350018857e-02
17696	2.808782724096729e-02
17697	-1.189821270524345e-02
17698	3.963540415804055e-03
17699	-1.790130396451255e-02
17700	-1.778704638241063e-02
17701	-1.867196598462698e-02
17702	-1.149205168469403e-04
17703	-2.437086142172204e-02
17704	-3.414858453414218e-02
17705	-2.606081335056592e-02
17706	-6.737121496759087e-02
17707	-3.403328771879820e-02
17708	-9.835788902820999e-02
17709	-2.648862867144945e-02
17710	1.175559482086051e-01
17711	-3.213077178889568e-02
17712	-7.594988665020859e-03
17713	-2.156684429663085e-02
17714	-1.714017559310577e-02
17715	3.370731135029816e-02
17716	-6.080369300313615e-02
17717	-3.053090993548097e-03
17718	3.958625097725159e-02
17719	-6.556442506506153e-03
17720	-5.798161137413983e-02
17721	2.521149595718684e-02
17722	-3.979347194314829e-02
17723	-4.726870509663568e-03
17724	8.759269589918049e-02
17725	-4.126389417929554e-03
17726	-3.168385285548646e-02
17727	4.297233539054979e-02
17728	-1.259882183554229e-02
17729	1.880819203656678e-02
17730	8.012874379007576e-02
17731	2.380156200522891e-02
17732	1.071427967649189e-01
17733	6.001367895210693e-02
17734	2.033103021406694e-02
17735	3.266285719264923e-02
17736	8.650825488741280e-02
17737	4.605497804420124e-02
17738	1.579676031972864e-02
17739	8.652350450109073e-02
17740	3.093702323534490e-02
17741	5.426147780679559e-02
17742	1.251660052564702e-01
17743	4.665566798606539e-02
17744	8.372975181485239e-02
17745	1.159306201417865e-01
17746	1.237322656761254e-01
17747	6.899568477521997e-02
17748	1.225698181428785e-01
17749	6.719418846292509e-02
17750	9.421700170830573e-02
17751	8.440457769153081e-02
17752	9.481305115398667e-02
17753	6.252468953640695e-02
17754	2.805062404913246e-02
17755	7.651339335266152e-02
17756	6.356691918929354e-02
17757	7.947414472718933e-02
17758	1.633117012143901e-01
17759	7.353391772903595e-02
17760	1.151788835431611e-01
17761	8.587124383349246e-02
17762	1.438080102064861e-01
17763	8.821295294938765e-02
17764	1.328562676976697e-01
17765	8.445766733923003e-02
17766	1.083926521930472e-01
17767	6.506254155671932e-02
17768	1.083819500598865e-01
17769	6.424499630874542e-02
17770	1.529441295471301e-01
17771	6.140886476324330e-02
17772	6.046712302251733e-02
17773	2.016573867576913e-02
17774	6.579687411177008e-02
17775	6.823803756348608e-02
17776	6.937316564528935e-02
17777	2.548130065173504e-02
17778	7.763463957017724e-02
17779	1.083492523095528e-02
17780	1.252529640221023e-01
17781	5.150934162917500e-02
17782	9.190621880179180e-02
17783	1.047806095499980e-02
17784	9.694587709321384e-02
17785	8.367240599022857e-04
17786	5.088441188657834e-02
17787	2.634605957455197e-02
17788	5.264307493121097e-02
17789	9.047285047678542e-03
17790	1.695623663924459e-02
17791	9.708004629948972e-03
17792	3.380296471580087e-02
17793	5.217208892014514e-02
17794	-4.649251604076692e-02
17795	-1.532019961057905e-02
17796	4.151635982821282e-02
17797	-2.638569469986774e-05
17798	6.432073988486470e-02
17799	5.019719521166804e-02
17800	9.386917954590678e-04
17801	-2.148377869527205e-02
17802	6.613972168946954e-02
17803	2.067860853591581e-03
17804	3.364023291844299e-02
17805	2.634146719322255e-02
17806	4.650868780692261e-02
17807	5.446479108690512e-03
17808	7.864357631862323e-02
17809	5.776109253723629e-03
17810	-6.984480626558766e-02
17811	5.119309928793936e-02
17812	-3.543930381488021e-04
17813	2.940046585399481e-03
17814	1.092597762555564e-01
17815	-8.356776372250437e-03
17816	4.813626109703061e-02
17817	5.271757782759168e-02
17818	8.282100294989812e-02
17819	5.000210441700658e-03
17820	1.361863896774201e-01
17821	6.841820989412374e-03
17822	2.814399853991180e-02
17823	4.378941450293404e-02
17824	9.583097583120626e-02
17825	2.592719992415978e-02
17826	1.516352659949091e-01
17827	2.664540859201100e-02
17828	1.126886171325795e-01
17829	4.853042278590102e-02
17830	1.514277065577159e-01
17831	4.742227975595959e-02
17832	1.179570917200255e-01
17833	4.772030393397547e-02
17834	1.250783690311651e-01
17835	4.292318550186090e-02
17836	6.347193650935830e-02
17837	5.884880157886799e-02
17838	7.793030289739719e-02
17839	5.241176549225178e-02
17840	1.115638651082344e-01
17841	3.969451517444762e-02
17842	1.065223283365178e-01
17843	2.642086013963453e-02
17844	2.212474608130722e-02
17845	4.249161542800427e-02
17846	3.672463895933530e-02
17847	8.663256670479168e-03
17848	3.102887846183219e-02
17849	-8.075234472129310e-03
17850	-1.148975227297893e-02
17851	6.264342213424566e-04
17852	1.846343669959774e-02
17853	-6.614083766297078e-03
17854	1.567571248030572e-02
17855	5.778781368805894e-03
17856	-5.894953049012892e-02
17857	-3.106522796261097e-02
17858	-3.444875677488418e-02
17859	-4.061092598457018e-02
17860	5.847903297208059e-02
17861	-2.483024944796112e-02
17862	-1.631817642890546e-01
17863	-2.079394483050538e-02
17864	-6.209554688810523e-02
17865	-2.665326369385802e-02
17866	-4.991067031629802e-02
17867	-3.037343283556332e-02
17868	-1.326060611718667e-01
17869	-1.409489408829278e-02
17870	1.705286815036595e-02
17871	-4.431271129799318e-02
17872	-4.507836530128077e-02
17873	-5.025165427200161e-03
17874	-1.305257859963729e-01
17875	5.230239960491116e-03
17876	-7.507199952421630e-02
17877	-1.502800928689631e-02
17878	-1.078100683029068e-02
17879	-1.250328685413238e-02
17880	-1.052115655233465e-01
17881	-5.608249838824415e-03
17882	-7.266275136931262e-02
17883	-2.549245170626018e-02
17884	-8.748621012614345e-02
17885	5.803911232473574e-02
17886	-1.811146574699361e-01
17887	2.100460789141913e-03
17888	-4.651722818925903e-02
17889	-3.274262649612947e-02
17890	2.445224002841188e-02
17891	2.326813790244604e-03
17892	-8.617345247308597e-02
17893	-4.620868995500089e-03
17894	1.112630153407526e-04
17895	-1.994965586359952e-02
17896	-3.657032219269538e-02
17897	-7.574518390908788e-03
17898	-1.955708198848423e-01
17899	1.736806380456270e-02
17900	-3.248312373128492e-02
17901	-6.987013059412367e-02
17902	-7.022262640024193e-02
17903	-1.050532078325535e-02
17904	-1.599787490832673e-01
17905	-2.133670089499004e-02
17906	8.855427930239529e-03
17907	-4.998486601825124e-02
17908	-5.350628446738861e-02
17909	-1.314077075856213e-02
17910	-1.678598805255304e-01
17911	-7.734041529231162e-03
17912	-6.443072607237714e-02
17913	-1.650980242716834e-02
17914	-1.062006366713858e-01
17915	-1.856734688079868e-02
17916	-1.712364659705564e-01
17917	3.693017215907280e-03
17918	-7.504358313805104e-02
17919	-6.551975657089050e-02
17920	-6.684110898023415e-02
17921	-1.163286182558959e-02
17922	-2.042472435689865e-01
17923	-1.670770976422694e-02
17924	-5.119145948844690e-02
17925	-7.495526657630157e-02
17926	-6.741192821716348e-02
17927	-1.908542440744689e-02
17928	-1.649393046035912e-01
17929	-3.322778325518243e-02
17930	-1.482540645140973e-01
17931	-6.543595796084237e-02
17932	-5.186291282463271e-02
17933	-4.241044012769443e-02
17934	-9.892479567674702e-02
17935	-4.383084502051220e-02
17936	-6.573516501429591e-02
17937	-6.928442153489969e-02
17938	-6.819205357124566e-02
17939	-5.111945768303330e-02
17940	-2.076300467313446e-01
17941	-3.556015355038615e-02
17942	-6.211212139307029e-02
17943	-6.155827744112086e-02
17944	-5.042183276110659e-02
17945	-2.955807562080309e-02
17946	-1.002434824800882e-01
17947	-9.097906937163423e-03
17948	-3.841170520434056e-02
17949	-1.733840992737527e-02
17950	-3.910056922376120e-02
17951	2.157837507003310e-02
17952	-7.409523243004532e-02
17953	3.833161763999375e-02
17954	4.664822598088960e-02
17955	-4.132003986356600e-03
17956	3.361951674037625e-02
17957	5.341147042228050e-02
17958	-6.307501286887124e-02
17959	6.165536314838573e-02
17960	2.909462943487917e-02
17961	2.478445782959524e-02
17962	8.511951513621219e-02
17963	6.534154467741020e-02
17964	-9.453307113151523e-04
17965	4.270223497571361e-02
17966	9.093942571260476e-02
17967	4.315016565124116e-02
17968	6.436421863142616e-02
17969	9.078100206491914e-02
17970	-5.830456670160080e-02
17971	6.508970431004485e-02
17972	6.993182112717011e-02
17973	4.774776003102287e-02
17974	-2.560613871547782e-02
17975	5.879832749865770e-02
17976	1.983448866609648e-02
17977	6.979665031439619e-02
17978	6.525440265922880e-02
17979	5.588724599604493e-02
17980	9.142615836559483e-02
17981	6.107435692862223e-02
17982	-4.763305763695512e-04
17983	7.671579703135493e-02
17984	3.232031777572811e-02
17985	-1.254146936173135e-03
17986	6.621855555959066e-03
17987	4.312514673960314e-02
17988	-1.419473551209405e-02
17989	3.828757471081250e-02
17990	-6.663741547270649e-02
17991	5.705378129720159e-02
17992	-2.180613609719039e-02
17993	1.576827218122383e-02
17994	-7.063694503127976e-03
17995	2.610033048011812e-02
17996	-1.110904820326653e-01
17997	5.961687390345010e-02
17998	-6.209776987006742e-02
17999	5.500968328911216e-03
18000	-1.580011649576008e-02
18001	4.302069731386328e-03
18002	-6.262198805985840e-02
18003	5.488316707566349e-02
18004	-9.060678949711186e-02
18005	3.525872960978087e-02
18006	2.403207257090607e-02
18007	-1.371518668112598e-02
18008	-5.350138679559912e-02
18009	2.888805805848052e-02
18010	-1.075288681882392e-03
18011	-4.227142761949753e-03
18012	6.047139081099247e-02
18013	-2.113561541902727e-02
18014	-7.771669051229629e-02
18015	3.622411575756830e-02
18016	-8.092536516707596e-02
18017	-3.724308935641311e-02
18018	-6.632286645361379e-02
18019	-3.882331811717481e-02
18020	-5.733300853617642e-03
18021	-1.506809359156663e-02
18022	-8.077737430604640e-02
18023	-3.896873324084631e-02
18024	-3.561978276135305e-02
18025	-1.683128590892909e-02
18026	-4.280455337887590e-02
18027	-2.587508311581843e-02
18028	-1.714506191262695e-02
18029	-6.178014179329163e-03
18030	-6.185692105467235e-02
18031	1.452367164567287e-02
18032	-1.190794966919057e-02
18033	-1.964157568862148e-02
18034	2.547658120703390e-02
18035	2.978729984873040e-03
18036	-7.301762269865651e-04
18037	1.941973477106842e-03
18038	4.697516794724862e-02
18039	1.727888839745208e-02
18040	1.768177078806535e-02
18041	2.558186519851685e-02
18042	-3.044875397854589e-02
18043	2.784506312416433e-02
18044	6.262300494223215e-03
18045	-2.321252509050957e-03
18046	5.657389516613454e-02
18047	2.219092524060387e-02
18048	2.342686829766930e-02
18049	1.765711585331042e-02
18050	2.312428444649204e-02
18051	3.519703871035117e-02
18052	3.952695025495052e-02
18053	2.664342168301548e-02
18054	3.852850365005298e-02
18055	2.363115948879885e-02
18056	3.148481971189969e-02
18057	4.566960766981745e-02
18058	3.469760184309642e-02
18059	1.147425909550985e-02
18060	-4.402749309483538e-02
18061	1.537365706341191e-02
18062	7.904176793143892e-02
18063	4.487597999970324e-02
18064	4.223821963633208e-02
18065	1.848928568918503e-03
18066	8.092781528100478e-02
18067	3.898559426014574e-02
18068	3.813585033391480e-02
18069	4.155294577057221e-02
18070	-6.027038160157021e-02
18071	4.573757466583649e-03
18072	4.398756441054892e-02
18073	1.798295128651358e-02
18074	5.110592402243497e-02
18075	-1.061567483913534e-02
18076	2.008450057069891e-02
18077	-1.005380940617823e-02
18078	-1.693101364443887e-02
18079	-1.176085244667173e-02
18080	-3.957743797514454e-03
18081	1.318202821589110e-03
18082	3.656943940513904e-03
18083	-8.505945015141543e-04
18084	1.158059094836357e-01
18085	-2.082240933382054e-02
18086	2.016600054924132e-02
18087	7.100838386489514e-03
18088	3.937405407898579e-02
18089	4.733925319822657e-03
18090	1.069284368792212e-01
18091	1.304785865467478e-02
18092	7.074077073204021e-02
18093	4.765630749970869e-02
18094	7.861424109927333e-02
18095	2.248574040353350e-02
18096	1.454651914959338e-01
18097	2.878745805242792e-02
18098	4.080777776501707e-02
18099	5.008094610498722e-02
18100	6.085424857774396e-02
18101	3.048979264579335e-02
18102	3.506537141088473e-02
18103	3.388873076766444e-02
18104	4.673672979660828e-02
18105	4.838051095336771e-02
18106	8.733157522072436e-02
18107	3.363064793222600e-02
18108	1.114261384982557e-01
18109	4.127472961417671e-02
18110	8.594808557253247e-02
18111	5.415439809999258e-02
18112	3.265744103194554e-02
18113	2.373890408277191e-02
18114	9.816114060304472e-02
18115	3.366748779485606e-02
18116	-1.804390952894242e-02
18117	5.903361902129819e-02
18118	-1.107557608305103e-02
18119	2.020763297204985e-02
18120	7.900028018626219e-02
18121	2.461675749254096e-02
18122	-8.924038003553454e-02
18123	6.351033127651742e-02
18124	-4.725918617149923e-02
18125	3.899769215058872e-02
18126	2.079190620038936e-02
18127	2.726496153463480e-02
18128	-1.853382691336360e-03
18129	4.578282056756507e-02
18130	1.616338401619634e-02
18131	3.328633814711917e-02
18132	1.781382348342293e-02
18133	4.037380818927387e-02
18134	8.611866914679932e-03
18135	6.688034410376080e-02
18136	2.988501538422827e-02
18137	6.155217179807070e-02
18138	8.864769243609849e-02
18139	8.318222688739547e-02
18140	4.162366590208015e-02
18141	8.412423914680979e-02
18142	1.091033010860475e-01
18143	8.660811066769342e-02
18144	1.217442968149971e-01
18145	1.042255313344110e-01
18146	1.235333386898615e-01
18147	7.841389149313552e-02
18148	7.683821157789333e-02
18149	9.156475694790144e-02
18150	1.356666757339515e-01
18151	8.355404077163731e-02
18152	1.129277419327369e-01
18153	6.097169469227112e-02
18154	1.356860495320677e-01
18155	7.084384534139321e-02
18156	1.570839898587712e-01
18157	6.393995998911987e-02
18158	1.478392313699455e-01
18159	4.364311114548722e-02
18160	7.750603723932815e-02
18161	8.230185193076321e-02
18162	8.739605773902322e-02
18163	6.782204903089842e-02
18164	6.590545860402644e-02
18165	3.037588589435224e-02
18166	1.089616811162336e-01
18167	7.360571013134172e-02
18168	8.031136513767335e-02
18169	7.522329489215210e-02
18170	1.017131237682275e-03
18171	5.044267234426760e-02
18172	1.936041291618810e-01
18173	5.687562071848551e-02
18174	-1.453795720325738e-02
18175	5.188297527881808e-02
18176	8.226424830306846e-02
18177	4.672922740661683e-02
18178	9.816035692845908e-02
18179	7.551242320495298e-02
18180	-2.122324209313925e-03
18181	7.170928894761933e-02
18182	7.584919892131589e-02
18183	5.721998657155758e-02
18184	8.130411245028354e-02
18185	4.020103905278394e-02
18186	-5.235361354781374e-03
18187	6.161900412946735e-02
18188	9.263159585182544e-02
18189	4.124424903896150e-02
18190	-2.091046643773526e-02
18191	6.802708534076933e-02
18192	6.708221464069833e-02
18193	7.202381351211995e-02
18194	1.444662173303015e-01
18195	2.681471602956752e-02
18196	8.905927476532363e-02
18197	4.949153990220573e-02
18198	5.626420085443847e-02
18199	4.607855631041014e-02
18200	3.498081668071869e-02
18201	2.880722334917053e-02
18202	6.396761755307107e-02
18203	4.204176189593292e-02
18204	9.198923500484668e-02
18205	6.052613297068878e-02
18206	1.799278271350240e-02
18207	4.723972231137962e-02
18208	1.904165467120030e-02
18209	4.725733680186871e-02
18210	-3.922279862760419e-02
18211	5.221973014776840e-02
18212	2.379172502298612e-03
18213	6.883037757307224e-02
18214	7.270412127812009e-02
18215	5.295362274537743e-02
18216	8.490181382710260e-02
18217	6.254271154498478e-02
18218	4.108904000279743e-02
18219	8.069045980256663e-02
18220	3.205458054336943e-02
18221	1.201438362652214e-01
18222	1.263216234770839e-01
18223	9.633934887889549e-02
18224	1.073374145205843e-01
18225	1.355982969547681e-01
18226	1.597790703770757e-01
18227	1.188077273216333e-01
18228	1.746347059486410e-01
18229	1.119048629252321e-01
18230	1.649932731599784e-01
18231	1.242649751681679e-01
18232	1.364771955561406e-01
18233	1.103215667983006e-01
18234	1.741947521947328e-01
18235	1.751655005682836e-01
18236	1.310729305455758e-01
18237	1.259532563850277e-01
18238	2.046153802078937e-01
18239	1.377251967693747e-01
18240	2.571014285381469e-01
18241	1.204398469034085e-01
18242	2.213063780231578e-01
18243	1.177279493992442e-01
18244	1.782728435130877e-01
18245	1.144846920557172e-01
18246	2.188166113702677e-01
18247	9.049580743527044e-02
18248	1.709786339694931e-01
18249	1.105001654700161e-01
18250	1.785117888373816e-01
18251	8.272246679509207e-02
18252	1.852993028178983e-01
18253	7.149411850812880e-02
18254	1.250933844630546e-01
18255	9.847372354268817e-02
18256	1.349634001740936e-01
18257	5.799989936221826e-02
18258	7.606909327150453e-02
18259	4.824365861833184e-02
18260	1.930335626658815e-01
18261	4.256647656765298e-02
18262	1.038994597315191e-01
18263	2.875146867807682e-02
18264	6.508600811754613e-02
18265	4.378235814878274e-02
18266	3.184023488519492e-02
18267	7.025763685311653e-04
18268	2.646683436360781e-02
18269	-1.317727835900186e-02
18270	9.927028321945248e-02
18271	-2.257398099801100e-02
18272	-1.430226907159508e-03
18273	-1.136468889448673e-02
18274	4.886532419305895e-03
18275	1.486472357992138e-02
18276	4.357046273193539e-03
18277	1.317722704556619e-02
18278	-3.103311563730716e-02
18279	-6.583404447131481e-04
18280	6.733940490318950e-02
18281	1.026336245810716e-02
18282	-1.966366895759254e-03
18283	1.613212158809223e-02
18284	5.407537967849305e-02
18285	-4.744734503275037e-03
18286	8.357833220333766e-02
18287	2.442462952839207e-02
18288	7.854235199507752e-02
18289	2.137629796434570e-02
18290	2.002923030677425e-03
18291	2.519430709048775e-02
18292	3.344432685094054e-02
18293	5.081714566670342e-04
18294	1.045461275106987e-01
18295	-1.391778810688692e-02
18296	3.390373765810636e-02
18297	-1.013468452594411e-03
18298	5.349027882072260e-02
18299	-2.241672074816487e-02
18300	5.918851687129330e-02
18301	-2.692713769739266e-02
18302	-1.081948488099569e-02
18303	-2.878152667538103e-02
18304	-1.117245019604153e-02
18305	9.114881307722556e-03
18306	4.282055690404792e-02
18307	-2.170598272479658e-02
18308	-3.702037019348574e-02
18309	-2.305265244971186e-03
18310	5.986603020893894e-02
18311	-1.664119081639881e-02
18312	8.004241426602696e-02
18313	-1.654160129031781e-02
18314	-1.177913015287225e-02
18315	3.326668516676987e-02
18316	-1.806763855338871e-02
18317	-1.151881282685236e-02
18318	2.060945159501197e-02
18319	-2.771625482374300e-04
18320	5.791073054927277e-02
18321	2.288486044641159e-02
18322	6.771652389038148e-03
18323	-9.090145440174479e-03
18324	9.941545359434679e-02
18325	2.021963516179439e-02
18326	9.966440335770371e-02
18327	4.667809346137395e-02
18328	4.797218805670284e-02
18329	7.601418819953696e-03
18330	3.045754750004476e-01
18331	8.405702087416323e-03
18332	8.772784805652756e-02
18333	9.494686163894901e-02
18334	1.111722426077279e-01
18335	5.175939092659636e-02
18336	1.744981021441772e-01
18337	2.153205555015988e-02
18338	1.278510180044949e-01
18339	7.009299658963987e-02
18340	2.437115802814866e-01
18341	4.543941399101909e-02
18342	1.821206508285167e-01
18343	5.468532909704116e-02
18344	9.326024091524271e-02
18345	1.010721273804578e-01
18346	7.574441449125334e-02
18347	4.953662228860097e-02
18348	2.048033584935767e-01
18349	3.475940765489067e-02
18350	6.818150863687637e-02
18351	7.716869919798237e-02
18352	7.512105563720073e-02
18353	3.373583898244618e-02
18354	3.349834904929404e-01
18355	2.910373470987233e-02
18356	2.705741959709704e-02
18357	8.105506057048960e-02
18358	6.721216541850310e-02
18359	2.062135582853224e-02
18360	1.117223129400883e-01
18361	3.937923328777771e-02
18362	5.180565131450448e-02
18363	5.899760407757344e-02
18364	6.874958297088885e-02
18365	7.670989758792271e-03
18366	1.191160154555211e-01
18367	3.434307278234280e-02
18368	7.132005545638312e-02
18369	5.446288859141428e-02
18370	-4.249035791959657e-02
18371	3.304366260082946e-02
18372	7.104737871875480e-02
18373	2.535804711230774e-02
18374	5.717034166266533e-02
18375	1.018055580210076e-02
18376	6.514578749420571e-02
18377	5.639633364237329e-02
18378	6.795076872652982e-02
18379	3.525872538929127e-02
18380	-6.636910476880055e-03
18381	4.140124034974783e-02
18382	-1.505917243575848e-02
18383	3.133812144077919e-02
18384	7.821510479137354e-02
18385	1.293268785897332e-02
18386	1.103285329394699e-01
18387	2.878122953942138e-02
18388	8.744961852566567e-02
18389	3.027436119535957e-02
18390	1.101482852281312e-02
18391	3.672537537841718e-02
18392	6.364331480600897e-02
18393	2.404155361951079e-02
18394	9.711425128297166e-02
18395	1.625461185066269e-02
18396	6.414009980743314e-02
18397	1.954348707280766e-02
18398	3.692733930003241e-02
18399	2.413941791265723e-02
18400	2.923682193102006e-02
18401	1.523383439877822e-02
18402	6.971359755766507e-02
18403	8.328855817990996e-03
18404	1.427243653080404e-02
18405	1.316154644534395e-03
18406	1.793016643988885e-02
18407	1.055762608482559e-03
18408	4.310585387231929e-02
18409	3.412437857650691e-03
18410	-3.757648292591408e-02
18411	1.415035019611691e-02
18412	3.746129196273128e-02
18413	5.358304686754224e-03
18414	3.599815169796709e-02
18415	8.320638948751045e-03
18416	2.178434332725535e-02
18417	6.868596640744121e-03
18418	1.201156008460658e-02
18419	5.384022092933935e-03
18420	6.534660266443298e-02
18421	2.799547646215585e-02
18422	4.572087316537231e-02
18423	4.399723871557785e-03
18424	1.925305569701384e-02
18425	1.378689291881928e-02
18426	-1.185903306510359e-02
18427	2.688984426093516e-02
18428	1.933308404906578e-02
18429	4.648934816113126e-03
18430	-1.700670662414993e-02
18431	7.560965619775843e-03
18432	4.202780942076645e-02
18433	2.288281039357595e-02
18434	6.999787651979938e-02
18435	2.820139055774809e-02
18436	8.148910766607067e-04
18437	2.325511895740611e-02
18438	-3.478704608083966e-02
18439	2.289008830287824e-02
18440	3.618725274025821e-02
18441	2.242311809134153e-02
18442	1.963730490889740e-02
18443	2.326563226405347e-02
18444	1.167623067437381e-01
18445	1.248663123355784e-02
18446	5.665656122522049e-02
18447	4.974041538715235e-02
18448	2.379823776891762e-02
18449	8.130807278736826e-03
18450	1.014846373461198e-01
18451	1.037599454866036e-02
18452	-4.573722978829272e-02
18453	1.068598743852596e-02
18454	-8.790330426027096e-03
18455	1.913470558312560e-02
18456	2.289714805850916e-02
18457	8.863737988540649e-03
18458	1.258536228722123e-02
18459	9.602101229959513e-04
18460	1.081793729651743e-01
18461	7.644864044837194e-03
18462	-1.343109921284807e-02
18463	5.308649021563033e-03
18464	-3.905357091036630e-03
18465	5.557065536516008e-02
18466	5.803808602113012e-03
18467	1.183793307126703e-02
18468	6.385481913884992e-02
18469	1.718354978313627e-02
18470	8.703654503704936e-02
18471	5.827406001967173e-02
18472	7.925833844247237e-03
18473	1.308149674529777e-02
18474	9.235661103678164e-02
18475	2.478740022515671e-02
18476	-2.284472023460320e-02
18477	5.727650476029073e-02
18478	-8.659970257505977e-04
18479	-2.800784717839981e-03
18480	1.204463181687263e-01
18481	1.089308456374728e-03
18482	1.047538906504168e-02
18483	4.100887976336121e-02
18484	2.520061177223131e-02
18485	-7.738321216598554e-03
18486	1.129476090417697e-01
18487	2.179317318140988e-02
18488	1.822306222218915e-02
18489	1.044267752786377e-02
18490	7.922129069320662e-03
18491	-1.640621817441689e-02
18492	1.234105761826027e-01
18493	-2.410552653451959e-02
18494	6.459999239200184e-02
18495	-2.839305711055037e-03
18496	9.631302597467327e-03
18497	-2.712472773069938e-02
18498	1.094734497668677e-01
18499	-3.104945681742986e-02
18500	1.541216539727347e-02
18501	4.125539011686370e-02
18502	4.092554870601926e-03
18503	-1.868593040281471e-02
18504	7.288591518021439e-02
18505	-3.139606745280776e-02
18506	5.106629849222947e-02
18507	8.342553934225028e-03
18508	6.349815510432164e-03
18509	-2.323572799770437e-02
18510	-4.524223339504841e-02
18511	-2.841760325569592e-02
18512	-2.115786083866148e-03
18513	-1.013317651779032e-02
18514	-6.122841235537102e-03
18515	-3.987847866945356e-02
18516	-1.910284309796996e-02
18517	-9.239463010350767e-03
18518	2.369745671617723e-02
18519	-2.018485974522062e-03
18520	-2.090156524669944e-02
18521	1.271053665627102e-03
18522	-3.505027730067575e-03
18523	7.224508223480592e-03
18524	-1.370740283880403e-02
18525	-2.829061979816046e-03
18526	3.324052528403221e-02
18527	1.422439048217424e-02
18528	2.817857811550576e-02
18529	7.716282147891863e-03
18530	-4.534810788370290e-02
18531	3.392191191246290e-02
18532	4.561854879084735e-04
18533	1.941137849889588e-02
18534	5.541325231415856e-02
18535	2.485843783798381e-02
18536	2.411175856538417e-02
18537	5.918935438618732e-02
18538	-3.018585554983122e-02
18539	3.879249792698135e-02
18540	4.675894006109006e-02
18541	4.241469724439273e-02
18542	8.105018488668193e-02
18543	2.487106795421795e-02
18544	7.526775926154128e-02
18545	4.039230311351120e-02
18546	-9.322699494681628e-03
18547	1.777127078961174e-02
18548	6.421479084999951e-02
18549	5.618016478761107e-03
18550	6.718473675817303e-02
18551	-4.372814620891511e-03
18552	2.749993910221946e-02
18553	1.310988701711731e-03
18554	4.703634966111611e-02
18555	1.736501056028474e-02
18556	6.069824039315624e-02
18557	-8.912973714378503e-04
18558	1.091524072545823e-02
18559	-4.896361387651598e-03
18560	6.076861379233683e-02
18561	-1.842202769993697e-02
18562	3.117025317624032e-02
18563	-3.036920725365223e-02
18564	-1.217574144599556e-01
18565	-7.178986363639510e-03
18566	2.225221700328943e-02
18567	-3.153997300420324e-02
18568	3.709717215684017e-02
18569	-5.515262614691679e-03
18570	-9.344908777418394e-02
18571	2.207353064913016e-02
18572	6.148192605232576e-02
18573	-2.604259624694092e-02
18574	7.766901526288174e-02
18575	1.953268934743662e-02
18576	-8.392926366050096e-02
18577	-6.608586217666875e-05
18578	6.026121024194563e-02
18579	-4.422914971867083e-02
18580	-7.068977716202907e-03
18581	5.840083194497492e-03
18582	-1.916322260831596e-01
18583	4.069413752291165e-03
18584	-3.522459230004757e-04
18585	-7.122089511731328e-02
18586	-1.421615738994972e-02
18587	-4.206563704843692e-03
18588	-1.624241951010551e-01
18589	-7.495721219138041e-03
18590	2.307180587881027e-02
18591	-5.811810541205285e-02
18592	-1.675058264582977e-03
18593	1.178128664153773e-02
18594	-1.105445190467591e-01
18595	1.718500027981534e-02
18596	4.904668462733811e-02
18597	-3.554119332787117e-02
18598	7.848192931816528e-02
18599	2.088849234944102e-02
18600	-8.559996627688078e-02
18601	4.155439624058106e-02
18602	8.758115875341792e-02
18603	-3.243719591864312e-02
18604	8.769592865473810e-02
18605	6.071154149707233e-02
18606	-1.332988128032665e-01
18607	3.873291462026747e-02
18608	7.888431462478895e-02
18609	-3.153096697415717e-02
18610	9.755974606493373e-02
18611	2.865277373509310e-02
18612	-5.642853630807698e-02
18613	2.094888342089514e-02
18614	8.014848390988197e-02
18615	-4.024162756232103e-02
18616	5.937623946940829e-02
18617	1.870278756617178e-02
18618	-1.010927330109884e-01
18619	2.368961868613919e-03
18620	1.981372408999378e-02
18621	-5.720282824312166e-02
18622	1.650426010957099e-02
18623	-1.082919564173635e-02
18624	-7.261746339926876e-02
18625	-2.814130737632322e-02
18626	1.625208633276400e-02
18627	-6.049705581269269e-02
18628	-8.614563660259814e-03
18629	-4.475780952386574e-02
18630	-1.155288637814409e-01
18631	-4.262337600662182e-02
18632	-3.614831496651125e-02
18633	-7.270010154191649e-02
18634	-5.236407184451634e-02
18635	-4.801193424200968e-02
18636	-1.286945278598728e-01
18637	-4.439472718055967e-02
18638	-6.903277263741725e-02
18639	-7.361616987342837e-02
18640	-7.160075381526228e-02
18641	-5.039228887989106e-02
18642	-1.783665187512890e-01
18643	-5.056017162206233e-02
18644	-9.655423093491780e-02
18645	-1.174249029855825e-01
18646	-7.997261553140048e-02
18647	-5.927748609740743e-02
18648	-5.286235350233684e-02
18649	-5.231029331957100e-02
18650	-5.891523401369220e-02
18651	-4.355877693570682e-02
18652	-1.946771331371552e-02
18653	-4.443820177581478e-02
18654	1.302077892364792e-02
18655	-7.878675680238517e-02
18656	-2.402341817849531e-02
18657	-2.157756675788768e-02
18658	1.798464167840044e-02
18659	-3.736793710252051e-02
18660	5.402310402660645e-02
18661	-3.340957005929683e-02
18662	-7.828401793806229e-02
18663	-2.810902867465098e-02
18664	-3.347089251290886e-02
18665	-4.605189872039645e-02
18666	-9.367724244384697e-03
18667	-5.598164533835069e-02
18668	-8.420213363748451e-02
18669	-6.206561998035293e-02
18670	-2.645663881609891e-02
18671	-5.765806522922687e-02
18672	-6.126943469592395e-02
18673	-6.582467269652034e-02
18674	-7.965495363266026e-02
18675	-8.031501474605326e-02
18676	2.158250495940427e-02
18677	-6.018238536316213e-02
18678	-1.368505288426191e-01
18679	-5.806593971369270e-02
18680	-7.959063424509528e-02
18681	-6.952347274247378e-02
18682	-9.233518771982338e-02
18683	-3.787496772628882e-02
18684	-7.147934961059396e-02
18685	-6.160035364881725e-02
18686	-9.189209179198884e-02
18687	-6.325346994444112e-02
18688	-8.050957926002232e-02
18689	-6.865371887885729e-02
18690	9.204714185004398e-02
18691	-4.391003526657809e-02
18692	-3.431368225898015e-02
18693	-3.544435244227957e-02
18694	5.036348893718519e-03
18695	-3.257875776820655e-02
18696	-2.202593161668569e-02
18697	-2.324491641222009e-02
18698	-2.138401103887767e-02
18699	1.241705369557399e-03
18700	-3.297654671123163e-02
18701	-4.842042529444354e-03
18702	4.845253749038330e-03
18703	6.568674002628392e-03
18704	1.194961248178032e-02
18705	3.322410220557215e-02
18706	4.450571955200045e-02
18707	2.422244477062378e-02
18708	3.856548302001205e-02
18709	2.791119623536645e-02
18710	5.901162650668527e-02
18711	4.060456342818074e-02
18712	3.775431602270837e-02
18713	3.218094972023765e-02
18714	1.031539121419565e-01
18715	5.388088994435643e-02
18716	3.708750887841918e-02
18717	7.877080808406071e-02
18718	-3.097270605793940e-05
18719	2.801436308142866e-02
18720	1.215833800748064e-01
18721	2.257088818398007e-02
18722	-9.556908635434372e-02
18723	6.527639413598417e-02
18724	-4.256585120467729e-02
18725	3.082220587527239e-02
18726	7.986859322595222e-02
18727	6.305943308683002e-03
18728	-3.904770881857585e-02
18729	4.625935873625258e-02
18730	-1.724674243444198e-02
18731	-4.393466319239209e-04
18732	1.174321602760551e-01
18733	-7.285857338299169e-03
18734	-1.321671434303315e-01
18735	3.528265209128150e-02
18736	-5.134401458537617e-02
18737	-1.335035871759415e-02
18738	4.871274278157488e-03
18739	-2.561499880441364e-02
18740	-6.809451745470586e-02
18741	-1.332897789522957e-02
18742	-6.012749676940249e-02
18743	-2.478397392309450e-02
18744	-1.019321139084408e-02
18745	-4.108043367723038e-03
18746	-8.533221405584383e-02
18747	-1.621146200937485e-02
18748	-6.374832768109241e-02
18749	-1.804416826160791e-02
18750	-3.993408025696463e-02
18751	-3.013261687386080e-02
18752	-4.428812544526968e-02
18753	-3.127780684060743e-02
18754	-4.062357559847937e-02
18755	9.331070016076488e-03
18756	-3.647163245545076e-02
18757	-3.038143358938502e-03
18758	2.386181047594008e-03
18759	-5.500775547637133e-02
18760	2.178777965884389e-02
18761	-9.799307226153631e-03
18762	-8.346442473753674e-02
18763	-1.052834334087801e-02
18764	1.108049931422487e-02
18765	-5.564484576656904e-02
18766	2.733942782161388e-02
18767	-3.257604197746879e-03
18768	-6.404150575346471e-02
18769	-1.251921297895651e-02
18770	7.223722919170894e-03
18771	-5.242223802965607e-02
18772	-1.830201089387532e-02
18773	-1.428687352699257e-02
18774	-3.830626139198029e-02
18775	-7.872361046387303e-03
18776	-4.523484130862516e-02
18777	-4.236692060910530e-02
18778	-3.712571134610665e-02
18779	-1.957033093950309e-02
18780	-2.523624044076250e-02
18781	-2.697248563825839e-02
18782	-8.121208608013221e-02
18783	-4.721320557311213e-02
18784	-7.918064868106994e-02
18785	-2.061965732589341e-02
18786	-1.690292091317782e-01
18787	-4.156323247200256e-03
18788	-2.110996742364087e-02
18789	-4.204156515701517e-02
18790	-4.237944270464705e-02
18791	2.884119647630747e-02
18792	-1.241412116145539e-01
18793	1.170213807546686e-02
18794	-8.016737392602817e-02
18795	-4.807852529300947e-02
18796	-9.813038462558746e-02
18797	8.569107570841710e-03
18798	-1.886824820196862e-01
18799	3.397263786227359e-03
18800	-6.371361455136519e-02
18801	-2.097156772604030e-02
18802	-1.583192858131850e-01
18803	-6.951619797031606e-03
18804	-1.153180096126129e-01
18805	-4.074756246762032e-03
18806	-7.618963200626126e-02
18807	-3.001742493835033e-02
18808	-6.872547167666097e-02
18809	-4.000302146919280e-02
18810	-7.183207550715844e-02
18811	-2.614220987026770e-02
18812	-5.243182402884792e-02
18813	-2.569178641377192e-02
18814	-3.108729184138099e-02
18815	-1.039082263634605e-02
18816	-1.222713062340196e-01
18817	-2.088677806643047e-02
18818	-7.051554042231291e-02
18819	-3.897792659263330e-02
18820	-1.055322981354427e-01
18821	-1.953447727213805e-02
18822	-8.363327055721574e-02
18823	-5.532374554366334e-02
18824	-1.088677076888721e-01
18825	-4.699635397958796e-02
18826	-1.008404737880097e-01
18827	-3.624492008615440e-02
18828	-1.224673014532664e-01
18829	-3.394763926363002e-02
18830	-1.795818399740775e-01
18831	-6.314880015581396e-02
18832	-8.043983550015611e-02
18833	-3.749014873871232e-02
18834	-1.916267292792400e-01
18835	-4.467872651476293e-02
18836	-1.444903717603637e-01
18837	-9.788182225662102e-02
18838	-1.276966054550001e-01
18839	-5.410785645435845e-02
18840	-1.557159239897248e-01
18841	-5.474199636169593e-02
18842	-1.249335075602489e-01
18843	-6.338167799763053e-02
18844	-1.838811789540091e-01
18845	-4.842454046881838e-02
18846	-1.858918158893748e-01
18847	-6.103939762483301e-02
18848	-1.118032334447549e-01
18849	-9.728965372435812e-02
18850	-8.383963859043450e-02
18851	-1.097345396689945e-01
18852	-2.102625569794414e-01
18853	-8.863149923141266e-02
18854	-9.649784328722402e-02
18855	-1.045595073152543e-01
18856	-1.362101665578584e-01
18857	-9.894557702961898e-02
18858	-2.963906259329657e-01
18859	-1.038812603768698e-01
18860	-2.551515285002063e-02
18861	-1.333477184024210e-01
18862	-1.524983168845905e-01
18863	-1.180718777114082e-01
18864	-1.840806261350423e-01
18865	-1.168602493286900e-01
18866	-1.460069968932538e-01
18867	-1.131067265526962e-01
18868	-1.514986415301522e-01
18869	-1.035084616429213e-01
18870	1.086462891537556e-02
18871	-1.048926023274571e-01
18872	-1.589300753121965e-01
18873	-1.132445941293965e-01
18874	-1.023930051948678e-01
18875	-7.107282434980336e-02
18876	-1.074359811305794e-01
18877	-8.855599632331163e-02
18878	-6.019900044217406e-02
18879	-1.478596935092094e-01
18880	9.923837657297038e-03
18881	-5.847087139516013e-02
18882	-3.870969191344598e-02
18883	-4.085734151123664e-02
18884	1.972111411425984e-02
18885	-1.659146285147045e-02
18886	-5.857503748863818e-02
18887	1.493863822450014e-03
18888	-9.022913844946568e-03
18889	-4.384184849018616e-03
18890	8.807277201899708e-02
18891	-4.466976598790156e-02
18892	6.163604541022966e-02
18893	-2.569353524611334e-02
18894	-6.442738061986213e-02
18895	1.221253509600853e-02
18896	5.355749793826126e-02
18897	-4.530275768165517e-02
18898	9.838275745241983e-02
18899	4.778796559495162e-03
18900	-9.829669398830439e-02
18901	6.187062732250900e-03
18902	7.721130131218377e-02
18903	-4.382306614843864e-02
18904	3.999182896313946e-02
18905	1.102367496361407e-04
18906	-1.004301564385219e-01
18907	5.839099832925588e-03
18908	-6.993750186525764e-03
18909	-3.790302777524696e-02
18910	-7.484307893645080e-02
18911	1.446562472532610e-02
18912	-4.949320392624468e-02
18913	1.140593831545726e-02
18914	-3.120140075330499e-02
18915	-9.656595137380346e-02
18916	6.460800061228130e-03
18917	-1.189853912387913e-02
18918	-7.098544055192890e-02
18919	-2.692264591655108e-02
18920	-9.120497837914170e-02
18921	-9.604064881299940e-02
18922	-7.011621756516953e-02
18923	-5.716416386821026e-02
18924	-6.751176997193002e-02
18925	-7.927624541897570e-02
18926	-9.712572410761684e-02
18927	-1.018194779546889e-01
18928	-9.501011959964549e-02
18929	-7.885687146757388e-02
18930	-2.393319699146584e-01
18931	-8.757458275990440e-02
18932	-9.895759671210845e-02
18933	-1.051036026555711e-01
18934	-1.190835616682477e-01
18935	-9.157051253968361e-02
18936	-1.516332486671517e-01
18937	-8.935074732016760e-02
18938	-9.759604146477580e-02
18939	-9.005855834410680e-02
18940	-1.944152228425961e-01
18941	-7.381715803832280e-02
18942	-6.650359392499998e-02
18943	-6.871962456375987e-02
18944	-1.271412641063846e-01
18945	-9.120488049453705e-02
18946	-1.291009382769910e-01
18947	-5.943828821507083e-02
18948	-1.550800916829563e-01
18949	-6.866192048525739e-02
18950	-1.710099502136466e-01
18951	-5.316382415818880e-02
18952	-1.293616404008656e-01
18953	-6.311769573832743e-02
18954	-1.587122291925642e-01
18955	-7.024116681077726e-02
18956	-1.955362409637240e-01
18957	-5.484212857287032e-02
18958	-1.394202370220730e-01
18959	-5.380274423350390e-02
18960	-1.991686068203326e-01
18961	-4.564669307434734e-02
18962	-8.103603229287115e-02
18963	-4.589227611617957e-02
18964	-1.353277513182128e-01
18965	-4.376196097325011e-02
18966	-1.854763542359953e-01
18967	-2.604410355968120e-02
18968	-8.811936959553461e-02
18969	-1.981550581645085e-02
18970	-1.857226933759639e-01
18971	-1.469012071547157e-02
18972	-1.029231489006830e-01
18973	-9.283797865910607e-03
18974	-5.048614297292478e-02
18975	9.580395070605943e-03
18976	-6.596426705679240e-02
18977	-3.347991137260990e-02
18978	-5.663086266015490e-02
18979	-1.229372674853127e-02
18980	-3.735223365360810e-02
18981	1.862352356901849e-02
18982	-8.732449121211025e-02
18983	-1.987731916973534e-02
18984	-8.518985361351694e-02
18985	-2.696193198405543e-02
18986	-5.411722575170473e-02
18987	1.666359197810620e-02
18988	-9.272293171571662e-02
18989	-2.433718964602423e-02
18990	-3.708501062846218e-03
18991	-3.776847402618030e-02
18992	-6.190808296167691e-02
18993	2.064592673731740e-02
18994	-5.701050670200675e-02
18995	-7.078537165292802e-03
18996	-1.979037081830732e-02
18997	8.137560945216556e-03
18998	-1.157944002522601e-01
18999	3.968285533583021e-02
19000	-1.179461797862090e-02
19001	-8.034784888770172e-03
19002	2.962101215797692e-02
19003	-1.082220734868357e-02
19004	-2.809183373810768e-02
19005	2.301409262521497e-02
19006	-1.156647663456061e-01
19007	-1.844704643455964e-02
19008	7.426848680310589e-03
19009	-1.738209362666284e-02
19010	-2.542685666053927e-02
19011	2.643591352291824e-02
19012	-4.022056881561905e-02
19013	-1.018570051777539e-02
19014	2.354820861797424e-02
19015	-1.720111588267268e-02
19016	-5.067083043974946e-02
19017	2.298000986434974e-02
19018	-3.606340815905222e-02
19019	-5.811138350641228e-02
19020	4.336179931481991e-02
19021	-2.768748961093303e-02
19022	-8.398467291408214e-02
19023	-5.015250492846897e-03
19024	-8.542721298660612e-02
19025	-3.289670498185936e-02
19026	-4.659570953322732e-02
19027	-2.779725651788017e-02
19028	-9.128236411007304e-02
19029	-2.620709199230699e-02
19030	-1.465995540331804e-01
19031	-2.040791212679179e-02
19032	-5.294270984982266e-02
19033	-2.979767623001847e-02
19034	-2.470398717299059e-02
19035	-1.835657516589593e-02
19036	-3.476997966437408e-02
19037	-1.965699388642521e-02
19038	-1.132660514237752e-01
19039	-2.276409168150660e-02
19040	-3.899951652421216e-02
19041	-4.427892499622065e-02
19042	-5.490810811865161e-02
19043	-2.986312882235871e-02
19044	-7.386516851053954e-02
19045	-4.241543029851117e-03
19046	-4.181596085214652e-02
19047	-2.729046599873699e-02
19048	-6.099683519108189e-02
19049	-2.793401439785772e-02
19050	-1.978321091044075e-02
19051	-1.795327014533401e-02
19052	-1.039274848225918e-01
19053	-3.712940494399820e-02
19054	-3.222358618207184e-03
19055	3.712324783668961e-03
19056	-7.144697090361381e-02
19057	4.194927430843632e-03
19058	-2.379512455562129e-02
19059	-4.259190307227322e-02
19060	-8.510891992975905e-02
19061	-1.344560410490964e-02
19062	-1.017050257611695e-01
19063	-4.641881061803690e-02
19064	-1.085493018931715e-01
19065	-6.117104361369162e-02
19066	-1.267915608054428e-01
19067	-6.074823112372426e-02
19068	-8.826607882147559e-02
19069	-5.355292589688884e-02
19070	-1.283406899079179e-01
19071	-7.258930287177037e-02
19072	-1.394023570337188e-01
19073	-4.979837394915652e-02
19074	-7.576266185418873e-02
19075	-6.406507883782542e-02
19076	-1.685661007182792e-01
19077	-6.384356938608352e-02
19078	-1.607502623455425e-01
19079	-5.969778097646925e-02
19080	-1.337263561392171e-01
19081	-5.940510293325778e-02
19082	-2.326062532676345e-01
19083	-5.164038052956361e-02
19084	-1.575815647584426e-01
19085	-7.846029459364648e-02
19086	-6.419513216052473e-02
19087	-5.670390466724328e-02
19088	-1.218411594228438e-01
19089	-6.827103510846201e-02
19090	-1.938880726633284e-01
19091	-5.891428177919670e-02
19092	-1.387380608003594e-02
19093	-6.640300865582939e-02
19094	-1.106399953218076e-01
19095	-1.023679723127195e-01
19096	-1.214377658999563e-01
19097	-6.492343796162182e-02
19098	-4.847399145207359e-02
19099	-6.339910406770795e-02
19100	-9.653856213686185e-02
19101	-5.652102502727521e-02
19102	-7.650730558634734e-02
19103	-4.788864536138127e-02
19104	-1.965242664719933e-02
19105	-5.676168998330463e-02
19106	-3.328424464479802e-02
19107	-5.231350328477850e-02
19108	-6.340486952709386e-02
19109	-2.577124561458738e-02
19110	-8.570833374414203e-03
19111	-2.234117685672695e-02
19112	-5.063982733866777e-03
19113	-1.242650954095960e-02
19114	4.113014782336467e-02
19115	1.643098118588569e-02
19116	5.422955759626226e-02
19117	3.392652524744117e-02
19118	1.909681523840452e-02
19119	3.571506011505188e-02
19120	1.014178384572855e-01
19121	4.886143958522575e-02
19122	1.089462161605017e-01
19123	4.895973883207351e-02
19124	6.080678810856306e-02
19125	4.230029282072575e-02
19126	1.119592694800510e-01
19127	5.010646680677732e-02
19128	9.909366780030231e-02
19129	4.121882951801455e-02
19130	1.396219417728523e-01
19131	6.186531753689976e-02
19132	1.135003635569724e-01
19133	4.621107932629585e-02
19134	7.944690830415722e-02
19135	6.200971477727130e-02
19136	8.195487597736756e-02
19137	3.496907958457532e-02
19138	1.151777946053096e-01
19139	4.266354588655683e-02
19140	-4.553628527663707e-02
19141	4.358720918081676e-02
19142	1.243902154445400e-01
19143	4.491833673924246e-02
19144	1.026558947974017e-01
19145	5.047684502825977e-02
19146	1.128846385627508e-01
19147	3.544948913811907e-02
19148	1.073727586219554e-01
19149	4.746608071854812e-02
19150	8.413148513647037e-02
19151	1.793124313750516e-02
19152	6.637336799743593e-02
19153	4.080074926398677e-02
19154	1.295283888250053e-01
19155	3.525862340221643e-02
19156	1.173165071609396e-01
19157	4.571622602650634e-02
19158	4.080784047314558e-02
19159	3.306709068388418e-02
19160	8.228108951366937e-02
19161	3.377345434260526e-02
19162	-4.040628247106221e-03
19163	3.446475602571539e-02
19164	3.137601955597354e-02
19165	1.967513160836465e-03
19166	3.330205926209175e-02
19167	1.170716207819445e-02
19168	4.637652148395643e-02
19169	-2.044658097813058e-03
19170	2.340463185522457e-02
19171	-1.723786433689451e-02
19172	4.041844313533157e-02
19173	-5.173867923880236e-02
19174	3.203834860657993e-02
19175	-4.199081514586003e-02
19176	4.051797943759662e-02
19177	-5.919718508515567e-03
19178	6.530153925960501e-02
19179	-1.826257178768659e-02
19180	6.122938217716909e-02
19181	-2.549039128796182e-03
19182	-1.246360309911725e-02
19183	2.159072538918041e-03
19184	6.527550771367555e-02
19185	-2.998133177100532e-02
19186	8.747268929513262e-02
19187	-8.348439942846109e-03
19188	5.446429647792640e-02
19189	-1.093434402771634e-03
19190	-2.166600382686852e-02
19191	-7.278800591319912e-03
19192	7.927046855052486e-02
19193	-5.151771005445150e-03
19194	2.802466837204918e-02
19195	-3.657652280620465e-02
19196	1.024750161529030e-01
19197	7.202622779885046e-03
19198	1.260531809696064e-01
19199	5.239765699178873e-03
19200	1.418973044239136e-02
19201	1.394726906192402e-02
19202	8.689962505094288e-02
19203	1.042080919579673e-02
19204	8.736792546163916e-02
19205	-3.227111122420608e-02
19206	9.770218361924868e-02
19207	6.255871054511144e-03
19208	9.898311801075554e-02
19209	2.775943614652834e-02
19210	-2.749128933203584e-02
19211	1.975765011291396e-02
19212	6.950662376176593e-02
19213	2.735264620744821e-02
19214	1.213564144278848e-01
19215	-2.407719700056187e-02
19216	8.114612312842337e-02
19217	1.994211099614372e-02
19218	8.045155440977876e-02
19219	2.126777269846484e-02
19220	2.677307874027491e-02
19221	2.519499576470349e-02
19222	1.012028012241278e-01
19223	8.695368003245512e-03
19224	4.269400629007945e-02
19225	-2.556111802574453e-02
19226	3.227817293361106e-02
19227	-4.933227845253171e-03
19228	1.108700752052667e-01
19229	1.599342561963766e-02
19230	-6.451151318292553e-02
19231	6.125948269175477e-03
19232	2.195778556485728e-02
19233	2.332505604277483e-04
19234	2.279878675219965e-02
19235	-3.096038296187341e-02
19236	7.972616969634433e-02
19237	-1.302362665165157e-02
19238	-2.928629237748250e-02
19239	-2.351017428867744e-02
19240	-3.999277685878150e-02
19241	-3.283524878519151e-02
19242	-1.737310923617493e-02
19243	-3.576316156565155e-02
19244	-7.560044128841566e-02
19245	-6.554645083813636e-02
19246	-5.299604350371505e-02
19247	-5.932187179951330e-02
19248	-1.982293156489999e-02
19249	-4.419482231018189e-02
19250	-1.642038217634788e-02
19251	-2.757393451816591e-02
19252	-1.203028993939773e-02
19253	-4.046804988363197e-02
19254	1.342355312584015e-02
19255	-6.335276872272749e-02
19256	-1.607506000209512e-02
19257	-2.402819563517059e-02
19258	-2.108707549425147e-02
19259	-3.933208401311196e-02
19260	-6.207676548666003e-02
19261	-3.382420670866377e-02
19262	-1.450258791154868e-02
19263	-2.210879785166497e-02
19264	-3.885882748114718e-03
19265	-5.917778509150117e-02
19266	3.085012534394988e-02
19267	-2.612462071959347e-02
19268	1.232412142637913e-02
19269	-1.482258307248967e-03
19270	-7.392511187863766e-02
19271	-1.967474246389802e-02
19272	-5.996513439427852e-04
19273	-1.211956116230672e-02
19274	3.503022119451402e-02
19275	-3.943979858363916e-02
19276	-1.623157172319129e-02
19277	-1.149106978851638e-02
19278	1.546659781426617e-02
19279	-1.222704077566451e-02
19280	-1.288760538515573e-02
19281	1.015961651902569e-02
19282	2.375957452397979e-02
19283	8.151909384849165e-03
19284	-4.373820620953907e-02
19285	-2.032120778086742e-02
19286	-3.652275566263734e-03
19287	9.299235619863053e-03
19288	8.629371349781602e-04
19289	5.302776653328796e-03
19290	-9.490188445384408e-02
19291	8.748910114503405e-03
19292	6.966427609882546e-02
19293	3.084714721817515e-02
19294	3.032405304061316e-02
19295	7.762741627303916e-03
19296	-2.939466110422672e-03
19297	1.627767712738478e-02
19298	-8.744767128273434e-03
19299	6.136144588527158e-02
19300	3.414140174946716e-02
19301	2.697187105610084e-02
19302	3.457525536444432e-02
19303	3.254536571142721e-02
19304	3.595626841729319e-02
19305	7.859403860950104e-02
19306	2.296576591379394e-02
19307	4.594949310284207e-02
19308	4.098042452363987e-02
19309	5.128049096622133e-02
19310	8.069534552768889e-02
19311	9.426980599154168e-02
19312	4.242562946784247e-02
19313	6.894938762916440e-02
19314	5.069879905692266e-02
19315	7.238977489129882e-02
19316	1.985210756788967e-02
19317	9.722618729449559e-02
19318	7.077273635542422e-02
19319	4.694191166473794e-02
19320	4.913559263605360e-02
19321	3.933970050221818e-02
19322	2.245263082460419e-02
19323	9.343459340244413e-02
19324	2.797592150910598e-02
19325	6.506881415192349e-02
19326	6.812586583618933e-02
19327	6.129382927506903e-02
19328	2.165405658199594e-02
19329	8.240974855731824e-02
19330	4.454275750725985e-02
19331	4.875168215448138e-02
19332	3.113582800186175e-02
19333	4.393363171561418e-02
19334	4.249757353985982e-02
19335	6.136629386369404e-02
19336	3.185544659201397e-03
19337	2.975028524701478e-02
19338	-9.294563544443087e-02
19339	2.454503580539650e-02
19340	-2.723053632030466e-02
19341	1.829149026760585e-02
19342	1.484817172890827e-02
19343	2.221110990436017e-02
19344	-5.830260714490093e-02
19345	2.757808475941586e-02
19346	-1.141786604724603e-02
19347	-7.110339845498630e-03
19348	-8.788206740112732e-02
19349	-9.277222178267486e-03
19350	-1.590046576787520e-01
19351	-7.368501442330358e-03
19352	-9.687791523329969e-02
19353	-2.139224445372919e-02
19354	-1.033550599584223e-01
19355	-6.488587351778500e-03
19356	-1.573416609564958e-01
19357	-6.718747524247481e-03
19358	-1.007694876876285e-01
19359	-1.088561622943827e-02
19360	-1.322862352374958e-01
19361	7.883426032868823e-03
19362	-1.930298699166237e-01
19363	2.545510373669551e-02
19364	-9.215015822728352e-02
19365	-1.086459424510523e-02
19366	-5.522692004187642e-02
19367	2.001968541029770e-02
19368	-9.300760577580276e-02
19369	9.741930161062999e-03
19370	-1.752001166496424e-01
19371	3.687620751881487e-02
19372	-9.447852198891490e-02
19373	1.343079071189963e-02
19374	-7.482875108640992e-02
19375	-2.641049174525238e-03
19376	-7.855038129984383e-02
19377	1.218871078817653e-02
19378	-5.921928543049927e-02
19379	9.823129710471879e-03
19380	-1.991694532413516e-01
19381	1.743502948274542e-02
19382	-8.751247133458061e-04
19383	-1.323476843810861e-02
19384	-3.287375905556125e-02
19385	1.613415957171181e-03
19386	-8.762830942899545e-02
19387	3.055614986564648e-02
19388	-5.515475990510857e-02
19389	1.703518912361770e-02
19390	-1.674469151862067e-01
19391	3.278660758076560e-02
19392	-1.152168975767964e-01
19393	4.056706049723986e-02
19394	-5.209731036148499e-02
19395	-5.023151382054108e-02
19396	-7.321123034567381e-02
19397	3.028589050870247e-02
19398	-1.726918295823080e-01
19399	2.817259382521577e-02
19400	-7.130673457514891e-02
19401	-2.045985269158127e-03
19402	-7.648563781181933e-03
19403	4.567643802466065e-02
19404	-1.724687174789028e-01
19405	2.724287550571695e-02
19406	-6.188852887023736e-03
19407	-1.277125178084011e-02
19408	-3.990366712355317e-02
19409	2.075783720162315e-02
19410	-2.275033816336419e-01
19411	1.858433094212767e-03
19412	-8.172362417459089e-02
19413	-2.973429749323698e-02
19414	-4.532581482312169e-02
19415	6.511404309467254e-03
19416	-1.597466331877255e-01
19417	-2.466556705138161e-03
19418	-1.917568405993685e-01
19419	-4.527957070743804e-02
19420	-1.538728850748319e-01
19421	-6.181079566885190e-03
19422	-1.826504363682328e-01
19423	-3.952907749452464e-03
19424	-1.095850581561896e-01
19425	-9.354782569763931e-02
19426	-7.763412551566772e-02
19427	4.721460049605680e-04
19428	-2.197092796513626e-01
19429	2.520149554915068e-03
19430	-1.950251803449332e-01
19431	-5.883928014575358e-02
19432	-1.600797879414725e-01
19433	-9.125228527732884e-03
19434	-2.752689525798409e-01
19435	-3.399452687634616e-02
19436	-1.647650394168192e-01
19437	-9.376487298956765e-02
19438	-1.569267256163206e-01
19439	-5.301236088280158e-02
19440	-2.380758405109957e-01
19441	-4.615497734159180e-02
19442	-1.454576968895636e-01
19443	-9.892661849917364e-02
19444	-1.277339633804494e-01
19445	-5.694884673041128e-02
19446	-2.843296155399609e-01
19447	-4.875951374123776e-02
19448	-1.315041090403863e-01
19449	-8.429808817681574e-02
19450	-1.265436272815381e-01
19451	-5.193074125974188e-02
19452	-1.880522484351205e-01
19453	-5.339403512438647e-02
19454	-9.427661732743844e-02
19455	-3.283530619129051e-02
19456	-1.044456729593724e-01
19457	-3.503322689938109e-02
19458	-1.398505813687421e-01
19459	-2.565309048979354e-02
19460	-3.928888262792456e-02
19461	-4.606268553026393e-02
19462	-8.623656613222727e-02
19463	-3.455819148537519e-02
19464	-1.332348258833735e-01
19465	-1.594525494823573e-02
19466	-1.343166414224505e-01
19467	-6.849858543150394e-02
19468	-1.596155487337813e-01
19469	-4.313466351731296e-02
19470	1.834984823917563e-02
19471	-4.325543754156597e-02
19472	-1.427168794429876e-01
19473	-4.306064206657007e-02
19474	-2.345942200260079e-01
19475	-1.213739038460281e-02
19476	-1.192510594640965e-01
19477	-2.923571658898287e-02
19478	-1.192531227149820e-01
19479	-3.827779805294838e-02
19480	-5.179672501743355e-02
19481	-3.894386871556089e-02
19482	-1.445215909344321e-01
19483	-2.753441169812283e-02
19484	-8.118414346731855e-02
19485	1.343507997180834e-02
19486	-8.608459208319882e-02
19487	-4.254489705198874e-02
19488	-8.643133078184931e-02
19489	-2.146092478487279e-02
19490	2.520564412730893e-02
19491	3.467229370908556e-03
19492	-5.449053532249876e-02
19493	-1.185158802529974e-02
19494	-5.839779253224425e-03
19495	3.152498476767786e-02
19496	-2.418387562812139e-02
19497	1.356062361446905e-02
19498	-1.720257234804191e-02
19499	-1.739319130401806e-02
19500	8.451796604175053e-02
19501	-8.133184765401782e-03
19502	-7.897372950834227e-03
19503	3.100566551244500e-02
19504	2.467333966780390e-02
19505	4.484435062083805e-02
19506	9.706971449572556e-02
19507	2.041290622518076e-03
19508	4.914642057175697e-02
19509	4.077056548009077e-02
19510	9.029597958530598e-02
19511	1.125183360615550e-02
19512	8.959747480534326e-02
19513	1.819671811821855e-02
19514	6.941165877611918e-02
19515	8.928728659783879e-02
19516	7.182330715668889e-02
19517	1.098505833301495e-02
19518	9.470383068442083e-02
19519	6.173736057661764e-03
19520	4.081566454176930e-02
19521	5.229062712663213e-02
19522	2.710684821338278e-02
19523	-1.225451606032732e-02
19524	4.493444528947885e-02
19525	2.112277046396200e-02
19526	1.973169017799569e-02
19527	3.180628588552381e-02
19528	-3.456701276318985e-02
19529	-3.136639708867645e-02
19530	2.678492829662840e-02
19531	-3.558679336384504e-02
19532	-7.477158544594351e-02
19533	1.660477888013190e-02
19534	-5.671183928265289e-02
19535	-2.450554027473305e-02
19536	-1.519407502149049e-03
19537	-6.548536668746727e-02
19538	-5.347096555543401e-02
19539	1.317015128148516e-02
19540	-3.279585117716257e-02
19541	-3.355939983308005e-02
19542	3.192697660741180e-02
19543	-2.816851421387067e-02
19544	-5.255708993232068e-02
19545	4.174739851266236e-02
19546	-2.154899054575535e-03
19547	-3.587346595424305e-02
19548	3.387842557655903e-02
19549	-2.907529193403431e-02
19550	1.949967371455693e-02
19551	-1.282908682487552e-02
19552	-7.647132224811492e-03
19553	-2.105488977825853e-02
19554	3.784152247071518e-02
19555	-1.153374096142985e-02
19556	-9.286862140598293e-03
19557	-5.451970034099669e-03
19558	-1.023499129170493e-01
19559	-2.119196406835117e-02
19560	2.333944761756094e-02
19561	-3.198316447454414e-02
19562	-4.932599295179487e-02
19563	-2.686431288090429e-02
19564	-6.544026682785448e-02
19565	-5.885120119093007e-02
19566	-3.855889521777259e-02
19567	-3.210392360549413e-02
19568	-4.702399563316725e-02
19569	-2.574555814087571e-02
19570	-7.879286703279230e-02
19571	-2.087064298615806e-02
19572	-4.837648177792137e-03
19573	-2.122203667521393e-02
19574	-5.757177186907399e-02
19575	-4.474992654749737e-02
19576	-4.983439419813753e-02
19577	-2.505094118220129e-02
19578	-1.123700906818445e-01
19579	-3.422028147068126e-02
19580	1.489646432566878e-03
19581	-4.255494302857432e-02
19582	-6.816888735365065e-02
19583	-3.665837360850932e-02
19584	-8.569858447740633e-02
19585	-4.232090718228750e-02
19586	-2.775288431334952e-02
19587	-3.501447943743235e-02
19588	-6.832980575053033e-02
19589	-3.692013214535665e-02
19590	-9.686338007116238e-02
19591	-1.574465924250609e-02
19592	-4.255297095104658e-02
19593	-2.904889584571386e-02
19594	-2.560353124270479e-02
19595	-3.934889672248940e-02
19596	9.968028067825921e-04
19597	-3.519269895323643e-02
19598	-1.970045000177328e-02
19599	-3.330809992954754e-02
19600	-5.588417078601574e-02
19601	-5.385534643874657e-02
19602	-3.796250722479794e-02
19603	-5.763438934134116e-02
19604	-2.100372682519342e-02
19605	-6.265065225090841e-02
19606	-6.007196904869869e-02
19607	-7.554721858166838e-02
19608	-8.490016751222842e-02
19609	-6.391903467162147e-02
19610	-9.766946981095943e-02
19611	-5.970397195901869e-02
19612	-3.847845558830445e-02
19613	-7.860655867346253e-02
19614	-1.447255510333498e-01
19615	-1.015046039771838e-01
19616	-5.710762172289768e-02
19617	-6.945539424722745e-02
19618	-3.656239420835354e-02
19619	-8.971697871910597e-02
19620	-9.343769340555746e-02
19621	-1.090975133414805e-01
19622	-8.728710460126561e-02
19623	-6.927767387374972e-02
19624	-9.126705636408791e-02
19625	-1.193404081945405e-01
19626	-7.447475657751160e-02
19627	-1.108375672532910e-01
19628	-1.442490323169153e-01
19629	-7.810771024221971e-02
19630	-1.696703721717126e-01
19631	-1.006775909486685e-01
19632	-8.516115513243380e-02
19633	-1.003327834430293e-01
19634	-8.061510439321386e-02
19635	-8.980925455328746e-02
19636	-6.067641363779814e-02
19637	-8.658210338649451e-02
19638	-9.032188509656602e-02
19639	-7.664990309411530e-02
19640	-7.489903418360316e-02
19641	-9.006818825213524e-02
19642	-1.509400548905415e-01
19643	-7.220569882952689e-02
19644	-1.199202795424819e-01
19645	-7.285228340475312e-02
19646	-1.347899012609827e-01
19647	-9.488729849080171e-02
19648	-5.820587037701444e-02
19649	-6.475571066380913e-02
19650	-7.362734035405739e-02
19651	-5.757040079373148e-02
19652	-4.814536001628810e-02
19653	-9.792582315468966e-02
19654	-2.813626248001651e-02
19655	-5.677881527757751e-02
19656	-1.140517691321474e-01
19657	-5.936852301738588e-02
19658	-5.622113365125925e-02
19659	-9.970032077888448e-02
19660	-8.251269855402718e-02
19661	-3.885655285850161e-02
19662	-1.426915729972470e-01
19663	-3.406524050004114e-02
19664	-4.301523249264597e-02
19665	-1.081302047541672e-01
19666	-4.809921439692665e-02
19667	-4.630277059649594e-02
19668	-4.876479058272879e-02
19669	-2.012181838088942e-02
19670	-8.531024099644277e-02
19671	-7.546689048696174e-02
19672	-4.964345994422183e-03
19673	-2.604055984821027e-02
19674	-5.334085443749501e-02
19675	-4.442518797941521e-02
19676	1.704591249905030e-03
19677	-4.841460638647654e-02
19678	-1.131090815899762e-02
19679	-3.447251977470489e-02
19680	-8.299503575754551e-02
19681	-2.058625174545378e-02
19682	2.782575299107832e-02
19683	-6.394580177937610e-02
19684	7.278565359273086e-02
19685	-2.082101296325260e-02
19686	-1.225090284566973e-01
19687	-1.866778072696532e-03
19688	9.429960560110841e-04
19689	-5.649391180662074e-02
19690	-6.037569268819658e-02
19691	2.690055566743621e-02
19692	-4.270408597161982e-02
19693	2.723531811590597e-03
19694	2.986949080034068e-02
19695	-8.479216317672628e-02
19696	1.315445022787981e-02
19697	5.048170686503021e-03
19698	2.391657921310193e-02
19699	-8.808358281536501e-04
19700	-1.422157420956791e-02
19701	-4.850311192480324e-02
19702	-1.221443092233296e-02
19703	-8.380491570790526e-03
19704	-2.565077187367468e-02
19705	-1.714890676546051e-02
19706	1.665769540568406e-02
19707	-4.476313596250695e-02
19708	-2.241446975591651e-02
19709	-2.105441114216439e-02
19710	-2.618029694609872e-02
19711	-3.386712159054438e-02
19712	1.390071091518042e-02
19713	-6.643721949670722e-02
19714	-3.125491747538939e-02
19715	-5.738069141073272e-02
19716	1.732897775445072e-02
19717	-3.948974233605007e-02
19718	-2.102701256613462e-02
19719	-3.087924481757470e-02
19720	-7.601107798310891e-03
19721	-1.752737889860484e-02
19722	-3.417238381248572e-02
19723	-7.639546735901130e-03
19724	4.294047746034953e-02
19725	-4.661039943025321e-02
19726	9.195119401692584e-02
19727	-9.343676398481389e-03
19728	4.279647184602235e-02
19729	-8.560949932704153e-03
19730	8.501880624417260e-02
19731	-2.722083753761008e-02
19732	5.530084922696343e-02
19733	1.601907787002037e-03
19734	1.831972023477655e-01
19735	1.129384202556289e-03
19736	5.033629436819374e-02
19737	-2.741867974472689e-02
19738	6.504086731717998e-02
19739	-8.437006472289024e-03
19740	-3.273289454059287e-02
19741	-1.765191340053841e-02
19742	3.919923864521235e-02
19743	-2.336269274035796e-02
19744	4.164765160223807e-02
19745	9.463161287259011e-03
19746	1.942613477768238e-02
19747	-2.868222764695640e-03
19748	5.013630894687975e-02
19749	-1.945314512927786e-02
19750	5.276530955296954e-02
19751	3.789948675121621e-03
19752	2.754336964273301e-03
19753	5.069579971364831e-03
19754	-2.004940519750204e-02
19755	-2.383839165415913e-02
19756	-1.596647589576615e-03
19757	4.236901916800497e-04
19758	-4.638628424095698e-02
19759	1.788862890836063e-03
19760	6.341327304932198e-02
19761	-1.925307569005705e-02
19762	4.723175345692051e-02
19763	-9.217510460427080e-03
19764	5.530882126301004e-03
19765	-4.425883665978614e-03
19766	1.708181668203906e-02
19767	-2.269430535088750e-02
19768	1.674970576442410e-02
19769	-2.289520322746458e-02
19770	-2.378780309879454e-03
19771	-2.705817744951150e-02
19772	3.478944032532326e-02
19773	1.688046598966603e-02
19774	2.690195547484980e-02
19775	-1.172913750099432e-02
19776	5.482627443360596e-02
19777	-6.138937517672657e-03
19778	-5.024661434508353e-02
19779	1.554142170499744e-02
19780	1.196835202440389e-01
19781	8.934346629962411e-03
19782	1.196303917173049e-01
19783	1.863903039400510e-02
19784	6.066864318343498e-02
19785	5.388733050344298e-02
19786	1.088798167648424e-01
19787	3.170113694430936e-02
19788	1.776850939849254e-01
19789	3.586119601812471e-02
19790	1.310444718843298e-01
19791	6.786175358700670e-02
19792	8.930192906149276e-02
19793	4.185996697881567e-02
19794	1.929877501609694e-01
19795	6.803203118100463e-02
19796	1.346705584445176e-01
19797	7.985656248165346e-02
19798	1.390306638939144e-01
19799	4.959973106717252e-02
19800	1.914757694852232e-01
19801	4.136819737872783e-02
19802	1.011295212149007e-01
19803	3.719135670414496e-02
19804	1.056530855276074e-01
19805	3.284491086701988e-02
19806	1.903756180910239e-01
19807	2.047307868314532e-02
19808	8.899832032296873e-02
19809	4.031475347048703e-02
19810	1.523435041575287e-02
19811	1.518659612499790e-02
19812	1.962499493381452e-01
19813	2.153602779597628e-02
19814	6.924221824772377e-02
19815	2.006259773064298e-02
19816	8.415513145704609e-02
19817	3.745331937236508e-02
19818	1.411554388147920e-01
19819	4.415475519409250e-02
19820	6.232493012515002e-02
19821	4.565674994873255e-02
19822	6.059251917819967e-02
19823	4.639111395262211e-02
19824	1.347544750384997e-01
19825	1.557967884394834e-02
19826	1.529835306369564e-01
19827	5.054733042824742e-02
19828	1.330884456240783e-01
19829	3.655220196829716e-02
19830	8.694733897144419e-02
19831	1.768291989881702e-02
19832	1.220313462112525e-01
19833	5.625662376080588e-02
19834	1.344475841941074e-01
19835	6.134246651617464e-04
19836	1.548541845165951e-01
19837	2.142907982419854e-02
19838	1.022811201211427e-02
19839	5.411581912782912e-02
19840	6.310002946974369e-02
19841	8.901513557439436e-03
19842	1.225136320207493e-01
19843	7.162893238389251e-03
19844	8.959861226035297e-02
19845	1.467332056962769e-02
19846	4.961821730456022e-02
19847	8.617295897208539e-03
19848	8.873344277941801e-02
19849	1.435505180818368e-02
19850	4.449217366447488e-02
19851	2.920185462612594e-02
19852	3.256426965657892e-02
19853	1.750242817096613e-02
19854	7.308358816885378e-02
19855	1.810683137296195e-02
19856	4.054843646396929e-02
19857	1.614344137266441e-02
19858	3.001622645293929e-02
19859	1.390882867118982e-02
19860	1.328003293821060e-01
19861	5.641891418295906e-03
19862	3.862526406471303e-02
19863	1.812629654734073e-02
19864	5.171720759163440e-02
19865	2.672806230807340e-02
19866	2.177167780821079e-01
19867	8.679666596246478e-03
19868	7.887885326750894e-02
19869	4.351877906828473e-02
19870	1.307956587688016e-01
19871	2.367942392449221e-02
19872	1.288738560555047e-01
19873	4.787179617535532e-02
19874	1.462470805317566e-01
19875	6.559993588720184e-02
19876	1.234213335200120e-01
19877	4.914230526606035e-02
19878	1.387666052223606e-01
19879	3.231177366528994e-02
19880	1.217379602136988e-01
19881	6.488692159581468e-02
19882	9.320182205658345e-02
19883	3.535069772868906e-02
19884	9.157782041071533e-02
19885	5.143481553884739e-02
19886	1.131906121677963e-01
19887	9.638040251268934e-02
19888	1.068047077425160e-01
19889	4.763059414410088e-02
19890	6.928004027144488e-02
19891	4.668863115399063e-02
19892	9.119587173464620e-02
19893	7.418490653508764e-02
19894	9.951729801846664e-02
19895	6.549796345101706e-02
19896	6.020259549521476e-02
19897	3.896030674715175e-02
19898	6.407359899691781e-02
19899	3.075082694896993e-02
19900	8.049686245974387e-02
19901	5.018672812295639e-02
19902	-1.989446645974034e-05
19903	3.618474141007017e-02
19904	6.997998853716572e-02
19905	3.139322866252729e-02
19906	9.023373135573402e-02
19907	3.717875832931714e-02
19908	6.714805181784235e-02
19909	4.189820259985037e-02
19910	1.792380643744479e-02
19911	4.763291297457599e-02
19912	6.986136933828636e-02
19913	5.058350128097086e-02
19914	7.452723938050149e-02
19915	7.663817976320605e-02
19916	3.366323317634502e-02
19917	6.616707916562721e-02
19918	9.839070742326875e-02
19919	5.303441152827689e-02
19920	7.864655548987165e-02
19921	4.256094702640330e-02
19922	1.132113655094346e-01
19923	8.673284612206923e-02
19924	4.135864046275816e-02
19925	6.129824076614759e-02
19926	1.111114137616206e-01
19927	5.274942081893112e-02
19928	7.249339246537419e-02
19929	8.216610387005728e-02
19930	9.223095936620003e-02
19931	4.274266893298722e-02
19932	1.813322001777910e-01
19933	4.422386890936258e-02
19934	7.982690040856436e-02
19935	7.992974087791103e-02
19936	1.246383861662572e-01
19937	5.608898707512633e-02
19938	1.648778631060729e-01
19939	6.083807663991551e-02
19940	7.642255427582949e-02
19941	1.025573634337866e-01
19942	6.091079176801317e-02
19943	9.488847709358168e-02
19944	1.465285720383213e-01
19945	6.441228669581162e-02
19946	9.100654506357189e-02
19947	9.822204718137079e-02
19948	1.016755943534117e-01
19949	6.121258218509593e-02
19950	1.604444803091351e-01
19951	6.675058143878755e-02
19952	1.137089399512451e-01
19953	1.127844838207132e-01
19954	1.611141492736591e-01
19955	9.960637842028154e-02
19956	1.473690609220981e-01
19957	1.167642370278242e-01
19958	1.919978238262383e-01
19959	1.277453297541837e-01
19960	1.845046859741169e-01
19961	1.179637559656336e-01
19962	1.910503366245079e-01
19963	1.222534426705067e-01
19964	2.938474421583486e-01
19965	1.530591307354568e-01
19966	2.118060541690584e-01
19967	1.239392933087284e-01
19968	2.345791796730147e-01
19969	1.185716532957631e-01
19970	2.540425436701015e-01
19971	1.661615574092382e-01
19972	2.269711617769654e-01
19973	1.367639694922809e-01
19974	2.888811159896878e-01
19975	1.697449427960734e-01
19976	2.523133085239342e-01
19977	1.860489808676923e-01
19978	2.961844900951627e-01
19979	1.567649896423475e-01
19980	3.339461349378330e-01
19981	1.829685610022781e-01
19982	2.555924494633056e-01
19983	2.075358701571097e-01
19984	2.444778433951580e-01
19985	2.143757090606169e-01
19986	3.248047418948522e-01
19987	1.926644882649695e-01
19988	2.190344734761642e-01
19989	2.226637022836383e-01
19990	3.015649560977954e-01
19991	1.879999784440208e-01
19992	3.348523958351530e-01
19993	1.969341443839067e-01
19994	3.049255823860660e-01
19995	2.560424206367725e-01
19996	2.769462422671235e-01
19997	2.104957364962133e-01
19998	3.455221572301364e-01
19999	2.177110317839042e-01
20000	2.886638163412741e-01
